doc_id,topic,model,data,loss,gradient,tensor,training,vector,matrix,recipe,oven,flour,sauce,simmer,knife,dough,flavour,orbit,telescope,galaxy,spectrum,comet,nebula,parsec,eclipse,striker,offside,penalty,midfield,keeper,stadium,kickoff,referee,the,of,and,a,to,in,is,for
d00000,machine_learning,11,5,6,7,5,8,4,8,0,0,0,0,0,1,1,0,1,0,1,0,0,0,0,1,0,0,1,0,1,0,0,0,9,12,8,15,10,14,14,7
d00001,astronomy,0,0,1,0,0,1,0,0,0,1,0,0,1,0,0,0,3,7,6,7,4,5,7,12,1,0,1,1,0,0,1,0,13,9,12,14,14,11,9,6
d00002,football,0,0,0,1,0,1,0,0,0,1,1,0,0,0,1,0,1,0,0,0,0,0,1,0,4,9,5,10,7,7,7,6,18,16,16,14,10,12,8,18
d00003,machine_learning,50,49,26,29,36,54,41,48,4,4,2,0,1,1,2,1,0,1,2,2,2,2,3,0,3,1,1,1,3,1,3,2,77,84,75,76,71,62,67,71
d00004,machine_learning,41,39,46,57,49,53,49,44,4,2,0,1,2,3,2,2,2,1,1,2,3,1,2,1,3,3,2,3,1,1,3,3,67,75,87,59,62,62,73,66
d00005,football,0,0,1,2,0,1,0,1,0,0,3,1,0,0,0,0,2,0,0,0,1,0,1,2,8,10,8,15,15,11,8,10,16,15,22,18,12,20,17,13
d00006,astronomy,0,0,0,0,0,0,0,0,0,0,0,1,0,2,1,1,8,18,11,9,12,8,15,6,0,1,0,0,0,1,0,1,17,13,18,22,19,15,17,18
d00007,machine_learning,8,10,4,4,5,8,4,5,0,1,1,0,1,0,1,0,0,0,0,0,1,1,1,1,0,0,3,0,2,0,1,0,21,19,19,15,9,12,13,19
d00008,machine_learning,57,55,51,65,54,51,62,59,1,3,1,4,1,5,3,3,1,4,3,2,3,2,5,1,1,1,2,2,3,2,2,3,100,107,85,118,110,90,100,96
d00009,cooking,2,2,3,3,4,2,2,4,40,43,51,46,45,42,44,48,0,2,1,1,1,0,0,2,3,2,2,2,1,3,2,3,79,69,73,73,67,77,82,83
d00010,astronomy,1,1,2,1,1,3,1,0,0,1,2,1,3,0,4,4,30,24,23,14,31,28,26,16,0,3,2,1,0,1,0,0,29,32,19,27,41,37,34,38
d00011,machine_learning,1,10,9,7,11,4,5,9,0,0,2,0,1,0,1,0,1,1,0,1,0,0,0,0,1,0,0,0,0,0,0,1,14,9,5,10,8,10,10,13
d00012,machine_learning,30,17,22,23,23,27,16,19,1,1,1,3,2,2,0,1,1,2,1,2,1,1,1,1,3,1,2,0,2,1,0,1,38,43,50,43,35,29,44,30
d00013,machine_learning,196,180,204,183,211,179,172,188,9,6,7,3,6,7,9,13,10,6,11,5,13,13,6,6,6,10,9,12,6,10,9,6,300,314,314,294,313,296,323,296
d00014,football,0,0,0,0,0,0,1,2,1,0,1,2,0,0,2,0,0,0,1,0,3,1,1,0,6,11,7,12,6,13,8,14,16,17,16,28,12,20,17,16
d00015,machine_learning,22,33,36,36,26,27,31,31,0,2,0,1,0,1,2,1,1,2,1,0,2,1,1,1,1,0,1,0,3,2,3,1,41,46,49,60,47,37,42,38
d00016,machine_learning,46,38,37,41,46,41,35,55,1,1,2,1,0,3,5,3,1,3,2,2,2,1,2,2,3,2,2,4,5,3,0,1,54,57,62,60,47,61,46,61
d00017,football,0,4,0,0,0,1,1,1,1,1,1,2,2,0,4,1,1,0,2,1,3,3,2,0,17,38,27,21,29,20,38,29,51,47,62,68,46,56,54,56
d00018,astronomy,2,2,3,5,4,4,5,2,5,1,1,1,3,3,2,2,55,66,50,38,66,71,63,61,2,3,6,3,5,1,6,4,115,112,117,114,97,93,96,118
d00019,astronomy,1,2,1,0,0,0,0,0,0,0,0,1,0,0,0,1,15,7,7,12,10,7,9,16,0,0,3,1,0,4,0,0,23,20,14,29,19,22,15,16
d00020,machine_learning,2,6,3,5,5,7,5,4,0,1,0,0,0,0,0,0,1,0,0,0,0,0,0,0,0,0,0,0,0,0,0,0,16,8,2,5,5,5,6,6
d00021,cooking,3,3,5,5,7,2,4,5,71,61,65,63,55,52,81,62,3,5,8,7,3,1,2,5,3,1,5,2,3,5,3,5,117,106,114,121,97,102,106,114
d00022,astronomy,0,1,1,0,1,0,0,1,2,1,0,0,1,1,1,1,12,12,8,13,16,2,11,11,0,0,1,0,2,0,0,1,20,19,15,21,25,14,16,23
d00023,astronomy,0,0,0,0,1,0,0,0,0,0,0,0,0,0,0,1,6,4,10,6,6,9,3,9,0,0,2,0,0,0,1,0,22,16,18,17,14,13,8,20
d00024,cooking,0,0,0,1,0,0,0,0,5,6,9,5,4,2,8,6,0,0,0,0,0,0,0,0,0,0,1,0,1,0,0,0,4,12,15,12,10,8,10,5
d00025,astronomy,0,1,0,1,0,0,0,0,1,1,0,0,1,0,0,0,0,3,4,4,4,4,5,3,0,0,0,0,0,0,0,0,8,6,1,5,13,4,3,6
d00026,astronomy,0,1,0,1,1,1,0,1,1,0,0,0,1,0,1,0,5,3,8,4,7,8,9,4,0,1,1,0,2,0,1,0,9,9,6,10,13,14,14,13
d00027,astronomy,0,4,2,0,0,1,1,0,1,0,0,4,0,2,1,0,9,13,16,8,11,16,18,13,1,1,1,2,2,0,0,1,19,20,23,24,16,21,19,14
d00028,astronomy,1,0,0,0,0,0,1,2,0,0,0,1,0,0,1,0,5,6,8,8,8,6,4,10,1,1,0,1,0,1,1,0,12,15,13,5,13,12,17,10
d00029,astronomy,0,2,0,1,0,0,0,0,0,0,1,1,0,0,0,0,4,10,9,10,7,15,10,16,0,0,1,1,0,0,0,0,13,15,7,13,23,14,17,26
d00030,football,0,0,1,1,0,2,1,2,3,1,1,2,0,1,2,0,1,1,2,1,3,0,2,0,23,23,18,22,24,17,19,17,35,36,40,39,37,29,22,47
d00031,cooking,0,1,2,0,1,0,0,0,21,22,22,20,31,21,29,21,2,2,0,0,2,0,1,0,1,2,0,0,0,1,1,0,33,33,31,24,45,39,29,34
d00032,astronomy,0,0,0,1,1,0,1,0,1,0,1,2,0,0,0,0,12,15,16,15,17,16,7,10,0,1,2,2,1,2,1,1,22,31,24,13,25,27,15,16
d00033,football,1,1,2,1,1,1,2,1,4,1,2,6,3,1,3,1,4,0,2,1,0,2,2,0,38,35,28,28,35,30,43,33,51,49,64,50,70,67,65,72
d00034,football,1,1,0,1,2,3,3,1,2,0,1,3,3,0,0,1,5,2,0,4,1,1,4,2,37,27,31,32,35,33,24,31,56,64,58,58,47,70,44,57
d00035,football,0,0,1,1,0,0,1,0,1,0,0,1,1,0,1,1,0,1,0,0,2,0,0,0,9,9,8,8,20,8,9,13,17,22,19,23,25,18,16,20
d00036,astronomy,0,0,0,0,1,1,0,0,2,0,1,1,0,1,0,0,14,7,21,11,16,16,7,18,0,1,0,1,0,0,1,0,32,21,26,20,18,20,29,20
d00037,cooking,0,1,1,0,1,1,0,2,17,20,28,20,23,21,31,17,1,0,1,0,1,1,0,2,3,1,1,3,1,2,0,1,29,37,34,33,38,32,32,36
d00038,cooking,1,1,0,1,1,1,1,0,12,11,17,18,19,10,12,15,2,2,0,1,1,2,0,1,0,0,0,2,1,1,0,1,18,30,28,26,18,33,23,24
d00039,cooking,1,0,2,1,2,0,0,1,19,18,20,20,13,21,18,27,0,1,3,1,0,2,0,3,0,0,1,2,2,1,0,0,38,29,43,39,33,37,33,35
d00040,football,0,3,2,0,1,1,0,2,3,2,1,1,2,0,0,2,2,0,6,0,2,1,2,1,34,34,41,38,41,41,40,37,72,58,62,54,55,61,46,55
d00041,football,0,2,1,1,5,2,4,3,1,3,3,1,2,1,0,1,2,1,2,3,2,1,0,3,31,21,24,17,27,23,25,26,50,36,49,51,53,55,51,35
d00042,football,1,2,0,0,1,0,1,0,0,0,0,0,0,0,0,2,1,0,1,1,0,0,0,0,15,16,3,7,10,8,7,12,13,15,14,13,13,15,7,16
d00043,football,4,4,2,3,8,1,1,3,1,4,1,3,4,8,2,2,2,3,4,2,4,6,3,3,74,72,56,87,67,76,63,71,108,114,128,126,108,124,133,118
d00044,astronomy,1,1,2,0,3,1,1,1,1,1,2,3,3,2,2,2,40,47,44,48,38,39,41,51,1,1,0,2,2,4,0,4,69,55,64,61,73,72,63,81
d00045,football,1,4,0,2,1,1,2,3,2,2,5,0,1,2,1,0,2,2,4,0,4,0,1,0,29,28,24,29,33,25,23,26,33,45,37,53,47,48,51,54
d00046,cooking,1,0,0,0,2,0,0,0,4,8,6,3,2,2,4,4,0,0,1,0,0,0,3,0,0,1,0,1,0,0,0,0,8,12,10,9,9,7,13,6
d00047,astronomy,0,0,0,0,0,0,0,0,0,0,1,0,0,1,0,1,3,4,8,6,6,14,7,10,0,0,0,0,2,0,0,1,27,13,17,13,15,17,11,11
d00048,football,2,1,2,1,2,0,1,0,1,0,1,2,3,1,1,2,0,1,1,0,1,1,0,1,22,12,21,24,21,13,19,18,42,29,33,28,33,47,39,45
d00049,astronomy,0,2,2,0,2,1,0,0,1,1,1,1,1,0,0,0,28,23,25,16,16,18,28,24,2,1,0,3,0,1,0,1,40,38,50,35,31,35,36,39
d00050,machine_learning,9,5,8,6,3,6,5,5,0,1,1,0,0,0,0,1,1,1,0,0,2,0,0,0,0,0,0,0,0,0,0,0,12,11,9,3,9,7,7,4
d00051,football,1,2,1,1,1,1,0,2,1,0,1,2,1,2,0,3,2,1,1,0,1,2,1,1,30,28,38,23,40,28,25,33,55,57,59,48,44,63,48,58
d00052,football,1,0,0,0,1,0,0,0,1,2,1,1,2,1,1,0,0,2,2,1,1,0,0,1,9,15,11,11,13,16,14,20,20,25,21,25,17,21,17,26
d00053,astronomy,0,0,0,0,0,0,0,2,0,0,1,0,2,2,0,1,2,8,8,6,9,6,15,4,1,0,0,0,0,0,0,0,14,8,14,12,23,13,15,10
d00054,astronomy,1,1,1,0,1,0,1,0,0,0,0,0,0,0,1,0,6,7,6,9,4,8,6,6,0,0,1,0,0,0,0,0,13,23,7,16,12,9,16,14
d00055,football,0,2,0,0,1,0,0,0,0,0,1,0,1,0,0,2,0,0,0,0,0,1,0,0,10,7,11,6,13,13,13,8,14,11,26,19,19,19,19,14
d00056,cooking,0,1,0,0,0,1,0,0,9,4,7,11,4,10,6,11,0,1,0,0,0,0,1,0,0,1,0,0,1,0,1,1,9,10,7,14,14,10,14,8
d00057,cooking,2,1,1,2,1,1,1,1,25,25,35,30,33,36,23,33,0,1,2,1,1,1,0,1,4,2,2,3,2,1,1,2,53,48,37,32,50,45,41,51
d00058,machine_learning,7,4,8,5,7,10,7,6,0,1,0,0,1,1,2,1,1,0,0,0,0,0,0,1,1,1,0,0,0,0,0,0,12,15,16,13,13,18,20,13
d00059,cooking,0,1,0,1,1,2,0,0,18,15,8,17,16,15,16,26,0,1,1,2,0,0,0,0,1,0,3,0,0,0,1,2,21,32,28,30,32,35,29,25
d00060,cooking,1,2,2,2,1,0,4,2,52,44,43,52,38,40,43,47,3,5,4,4,3,2,1,2,4,4,5,2,2,4,0,1,88,57,78,61,77,80,59,66
d00061,cooking,0,0,0,0,0,0,0,0,8,8,3,4,5,3,4,5,0,0,0,0,0,0,0,0,0,2,1,0,0,0,1,0,7,10,7,12,5,10,9,5
d00062,astronomy,0,0,0,0,0,0,0,0,0,0,0,0,0,0,0,0,3,5,2,4,9,7,4,7,0,0,0,0,0,0,0,0,9,6,7,4,6,3,5,7
d00063,astronomy,1,3,3,1,2,1,2,2,2,6,2,2,2,3,1,3,37,54,43,43,47,43,56,40,1,2,3,2,2,2,2,0,72,73,62,66,62,91,85,81
d00064,cooking,1,1,3,1,0,1,2,0,16,13,21,17,21,25,16,26,0,2,1,0,1,0,2,3,2,1,4,1,0,2,1,0,55,37,38,33,28,44,37,27
d00065,machine_learning,11,9,6,4,5,7,6,5,0,0,0,0,0,0,3,0,0,0,0,0,1,0,1,0,0,1,0,1,0,1,0,1,8,13,15,14,7,11,11,11
d00066,cooking,1,1,1,1,1,1,2,2,31,33,29,25,27,28,23,28,3,2,1,0,4,2,2,0,1,1,4,0,0,0,1,2,47,46,39,43,44,43,45,56
d00067,football,0,0,0,1,1,1,3,1,1,1,0,2,1,0,0,1,1,1,0,1,2,1,1,2,20,18,16,27,16,27,21,16,45,27,38,35,30,41,37,30
d00068,football,0,1,0,0,0,0,0,1,0,0,0,0,0,0,1,0,0,0,0,0,1,0,0,0,6,3,5,0,3,2,4,6,5,2,13,7,10,6,9,13
d00069,astronomy,0,0,0,1,1,0,1,0,0,0,0,0,1,1,0,3,12,9,12,9,9,14,11,8,0,0,1,1,0,0,0,0,18,15,15,14,13,12,13,8
d00070,astronomy,2,0,0,0,3,0,0,2,0,2,0,1,0,1,1,0,27,29,25,20,18,24,15,20,1,2,0,0,0,1,1,1,31,31,24,29,42,39,31,31
d00071,football,1,0,0,0,1,0,0,1,0,0,1,0,0,1,0,0,1,0,0,0,0,0,1,3,10,6,4,4,8,8,10,12,8,9,9,9,8,13,7,8
d00072,machine_learning,21,16,27,25,17,30,17,25,1,1,0,0,0,2,3,0,1,0,3,0,1,0,1,0,0,0,0,0,1,0,0,2,31,33,28,36,24,32,40,31
d00073,football,0,0,0,0,0,0,1,0,1,0,0,1,0,0,0,0,0,1,0,0,1,0,0,0,8,4,9,4,6,1,7,7,5,2,5,14,8,7,12,10
d00074,football,0,0,0,1,2,1,0,1,3,1,1,0,0,1,2,1,0,0,1,1,1,0,0,0,16,17,17,22,17,17,13,16,32,35,45,32,31,37,22,27
d00075,astronomy,1,1,1,0,0,0,1,0,0,0,0,0,2,0,0,0,5,4,8,4,6,5,5,2,0,0,0,0,1,0,0,0,3,3,7,10,13,8,6,3
d00076,cooking,1,1,0,0,0,0,1,0,9,8,4,10,9,6,9,12,1,1,0,1,2,0,1,0,1,0,0,1,0,0,0,0,14,13,14,16,10,15,15,17
d00077,football,1,1,0,0,0,0,1,2,0,0,0,1,1,0,0,0,1,0,0,3,2,1,0,1,9,7,10,5,14,16,12,5,19,19,19,19,16,15,21,19
d00078,football,3,0,1,1,1,0,0,0,1,0,1,0,0,2,1,0,0,1,1,1,1,1,1,0,11,11,13,5,12,15,13,17,28,20,20,18,21,27,17,29
d00079,football,0,0,1,0,0,0,0,0,1,0,0,0,1,0,1,0,0,0,2,0,0,0,0,0,11,8,5,3,7,7,7,9,13,7,12,12,8,12,7,12
d00080,cooking,0,1,2,0,0,1,2,0,21,20,17,18,12,21,17,23,1,0,0,0,1,0,1,0,1,1,0,1,1,0,0,0,22,16,31,34,29,25,41,29
d00081,astronomy,0,1,1,0,0,0,2,1,0,1,0,1,1,0,0,0,10,9,11,10,7,8,10,11,1,0,1,2,0,0,1,1,16,23,12,15,21,12,13,17
d00082,machine_learning,23,27,26,16,20,22,30,18,1,2,0,0,1,2,3,0,0,1,0,1,0,2,0,2,0,2,0,0,0,0,2,1,42,47,34,29,41,53,36,28
d00083,football,1,1,0,0,0,1,1,1,0,1,0,0,1,0,3,2,2,1,0,0,2,3,0,1,18,13,16,20,24,18,12,23,29,31,30,27,36,20,39,34
d00084,cooking,0,0,2,1,0,3,1,1,25,28,21,37,20,27,26,26,2,2,0,2,0,3,1,1,0,1,1,0,0,6,0,2,36,35,39,42,44,46,48,42
d00085,football,0,1,0,2,1,0,0,0,2,0,0,0,0,0,0,0,1,1,0,3,0,0,0,0,11,12,12,12,10,6,10,5,24,10,12,8,22,10,12,17
d00086,football,1,2,1,2,1,0,0,0,1,0,0,0,2,1,1,0,0,2,0,0,0,2,1,1,16,10,13,15,12,13,15,10,28,26,21,18,16,15,25,21
d00087,cooking,1,0,3,2,2,4,3,3,43,36,29,46,43,49,54,20,2,5,2,5,3,0,2,3,1,2,1,4,1,2,1,0,65,77,70,75,71,65,55,66
d00088,astronomy,0,0,0,0,1,0,0,0,0,1,0,0,0,0,1,1,0,2,4,0,6,4,2,3,0,0,0,0,0,0,0,0,8,2,9,4,4,4,2,3
d00089,football,0,0,0,1,0,0,0,0,0,0,1,0,0,0,1,0,0,0,1,0,1,0,0,0,4,6,6,1,0,4,4,4,3,5,2,6,3,5,5,3
d00090,cooking,0,1,0,0,0,0,0,0,8,8,7,9,5,5,3,5,0,0,0,0,1,0,1,0,0,0,0,0,0,0,0,0,19,8,13,14,7,12,8,10
d00091,machine_learning,7,8,8,9,11,9,8,8,1,0,0,0,0,0,0,0,1,1,0,0,0,0,1,1,0,0,1,0,0,0,0,1,17,17,19,18,11,13,17,15
d00092,cooking,0,1,1,0,0,1,0,0,8,5,4,6,8,3,7,9,2,0,1,0,0,1,1,1,1,0,0,0,0,1,0,1,13,20,15,7,7,11,11,18
d00093,astronomy,0,1,0,0,0,0,0,0,0,2,0,0,0,1,1,0,18,10,18,11,17,15,18,17,2,1,3,1,0,3,1,0,28,30,33,22,19,32,26,19
d00094,astronomy,0,3,0,1,0,2,0,1,1,0,1,0,0,1,0,0,18,17,14,19,14,17,16,12,0,0,0,0,0,0,0,1,25,15,18,17,34,20,26,20
d00095,astronomy,1,0,0,0,0,0,0,1,0,0,0,0,2,0,0,0,5,7,5,8,4,9,5,10,2,0,0,1,1,0,0,0,13,14,14,13,13,11,17,8
d00096,football,0,0,2,0,1,1,0,0,1,0,1,0,2,1,0,0,1,1,0,1,1,1,0,1,18,19,14,17,19,14,15,14,27,24,19,25,26,26,20,25
d00097,astronomy,1,0,2,1,0,1,1,0,0,1,1,0,0,0,2,0,15,19,21,12,15,15,12,13,1,1,0,0,0,0,0,1,24,29,24,28,18,18,22,22
d00098,astronomy,0,0,0,0,0,0,1,0,0,0,0,0,1,0,0,0,6,8,7,5,7,6,6,9,2,0,0,0,1,1,0,0,9,18,13,15,15,10,17,9
d00099,cooking,1,2,0,1,2,0,0,1,31,29,23,23,30,25,33,22,2,1,3,0,0,1,0,1,1,0,2,0,0,2,0,1,42,38,57,45,33,41,51,42
d00100,cooking,0,0,1,1,2,1,1,0,13,12,13,12,18,14,4,12,1,1,0,0,0,1,0,0,0,1,0,1,1,0,0,0,20,20,17,24,16,23,17,22
d00101,football,4,1,0,1,0,0,1,0,1,2,0,3,1,1,1,0,0,0,2,1,1,0,1,2,19,10,14,16,14,17,15,16,22,20,26,32,20,29,24,19
d00102,astronomy,2,5,2,2,1,5,4,0,1,1,3,0,1,3,2,3,48,62,53,49,60,54,61,50,1,3,3,1,1,3,5,2,90,71,87,84,87,82,87,83
d00103,machine_learning,28,27,17,25,22,28,19,19,2,0,1,0,1,1,2,1,3,1,2,4,1,4,1,1,0,0,0,1,3,0,1,2,37,39,38,47,37,34,41,46
d00104,football,0,0,0,0,0,1,1,0,0,0,0,1,0,1,0,0,0,0,0,1,0,2,0,0,5,9,10,12,11,10,11,2,16,17,21,15,9,23,19,25
d00105,cooking,0,0,2,2,2,1,1,1,26,28,15,26,32,16,22,20,1,1,1,2,2,0,2,3,0,2,1,2,0,0,2,2,32,39,38,35,43,40,45,50
d00106,cooking,2,0,1,1,2,0,0,1,22,30,22,39,23,24,19,28,3,1,1,1,1,0,0,0,1,0,1,0,1,1,1,3,43,44,46,55,39,37,49,45
d00107,football,0,1,1,0,0,0,0,0,0,1,0,0,1,1,0,0,1,0,0,0,0,0,0,2,5,4,8,16,8,7,10,3,6,10,10,14,6,13,8,9
d00108,machine_learning,4,6,4,7,14,4,3,4,0,0,0,0,0,1,0,0,0,0,0,0,0,1,1,0,0,0,1,0,0,0,0,0,5,11,10,8,6,9,7,10
d00109,astronomy,0,1,0,0,0,0,1,1,0,0,0,1,0,1,0,0,11,8,14,10,11,6,6,9,1,1,0,0,0,1,0,0,12,19,19,11,14,11,16,12
d00110,football,0,1,1,2,0,0,2,1,0,0,0,0,1,3,1,3,0,0,1,0,0,0,1,1,16,14,13,16,17,14,17,17,15,13,23,40,21,21,27,24
d00111,cooking,1,2,0,2,1,0,0,0,20,15,26,20,26,15,19,17,3,1,0,0,2,1,1,1,0,2,0,0,1,1,2,3,38,22,30,28,33,33,30,26
d00112,machine_learning,7,8,8,12,9,5,8,8,1,0,0,0,1,0,0,0,0,1,1,0,0,0,0,0,1,0,0,0,0,2,0,0,8,12,10,11,12,9,9,16
d00113,cooking,1,2,0,0,1,1,1,1,17,15,23,16,22,17,16,14,0,0,0,1,1,0,1,1,0,0,1,1,0,1,0,2,28,36,24,41,26,29,24,24
d00114,machine_learning,9,13,7,11,7,9,11,12,0,0,0,0,0,0,3,0,1,1,0,1,1,2,0,0,0,0,0,0,0,0,0,1,18,15,20,19,17,13,15,13
d00115,cooking,1,0,0,1,0,0,2,1,18,7,13,20,21,14,15,16,0,1,1,1,0,0,0,0,0,0,0,1,1,0,0,0,17,21,24,27,26,31,17,23
d00116,astronomy,13,2,3,5,3,5,7,7,6,7,6,4,8,5,2,9,84,102,85,81,79,98,80,94,4,2,4,2,7,5,2,6,120,141,156,158,139,144,150,128
d00117,cooking,0,0,1,0,0,0,2,1,15,11,12,13,13,9,10,13,0,1,1,0,0,0,0,1,0,2,1,1,1,3,0,0,12,15,16,24,14,16,16,20
d00118,astronomy,6,4,3,5,4,6,7,2,2,3,2,3,5,2,6,6,86,94,76,74,73,83,90,91,10,5,1,7,7,1,5,4,124,131,131,142,143,137,145,132
d00119,cooking,0,1,0,1,0,0,1,0,17,16,17,12,26,16,17,13,0,1,2,1,0,0,0,2,0,2,3,0,2,0,1,0,37,27,34,34,32,38,35,29
d00120,astronomy,3,2,1,1,0,4,2,2,1,2,1,1,3,3,2,3,35,49,45,46,52,43,43,44,2,4,2,2,3,1,2,1,76,78,75,88,79,75,85,84
d00121,cooking,0,1,1,1,0,2,1,2,11,14,14,9,14,27,13,22,0,0,1,0,0,2,0,2,0,1,0,0,0,4,0,1,30,24,22,21,23,22,28,32
d00122,football,0,2,2,2,0,0,0,0,1,0,0,1,1,0,2,2,0,2,2,0,0,3,0,1,18,14,16,11,22,17,18,17,28,34,33,21,24,24,25,18
d00123,machine_learning,5,5,8,9,9,11,6,11,0,0,0,0,0,0,0,0,1,0,0,0,0,0,0,2,0,2,0,0,0,0,3,0,6,17,14,12,10,12,13,9
d00124,machine_learning,38,39,45,39,37,31,37,44,4,0,3,0,1,4,3,2,1,2,4,1,1,3,1,3,2,2,2,0,2,2,0,1,60,58,58,62,65,58,57,55
d00125,football,1,2,1,3,0,1,0,2,0,1,0,2,1,0,0,1,0,0,1,3,2,0,0,1,22,20,22,17,14,27,27,15,31,44,44,29,40,36,22,34
d00126,football,1,1,0,2,1,0,0,1,0,0,0,0,0,1,2,0,2,0,0,0,1,2,0,2,8,14,10,10,10,9,15,16,24,10,19,20,29,20,18,18
d00127,football,0,1,1,1,1,2,0,3,0,0,0,1,2,0,4,2,2,0,0,1,2,1,1,1,16,20,12,16,18,11,16,17,31,29,39,29,34,34,33,24
d00128,cooking,0,3,4,0,1,0,1,0,21,31,24,27,26,29,16,28,1,1,2,0,1,0,1,2,2,2,1,0,1,2,0,0,59,46,48,38,42,37,36,32
d00129,football,1,1,0,1,2,0,1,1,1,1,2,0,1,0,1,1,0,2,2,2,0,3,2,0,23,17,24,18,20,14,29,19,35,28,29,37,26,31,24,32
d00130,football,0,0,0,0,1,0,0,0,1,1,0,0,0,0,1,0,0,0,0,1,0,0,3,0,7,4,9,5,10,4,13,9,15,14,10,8,15,20,15,12
d00131,cooking,0,0,0,0,0,0,1,0,4,5,5,11,7,10,3,5,1,0,0,0,0,0,0,1,1,0,0,1,0,1,1,0,9,15,14,9,16,11,10,9
d00132,cooking,0,1,0,0,1,2,0,0,14,36,21,27,29,18,18,32,1,1,1,0,0,1,0,1,1,1,1,1,1,0,2,1,38,39,41,35,34,33,35,44
d00133,machine_learning,8,12,7,5,3,11,8,8,2,0,2,0,0,1,0,0,1,1,1,0,0,2,0,0,0,1,1,0,0,0,0,0,14,16,5,16,15,10,10,11
d00134,football,1,0,0,0,0,0,1,1,0,0,0,3,0,2,3,1,0,2,1,2,1,1,1,0,25,28,17,29,21,25,17,26,48,37,46,57,42,42,44,34
d00135,football,1,4,0,0,0,0,0,0,0,1,0,0,0,1,0,0,0,1,0,0,2,0,0,1,8,5,3,6,7,11,4,9,13,12,6,10,11,12,19,10
d00136,machine_learning,40,37,35,39,33,35,31,27,0,1,2,1,0,2,2,1,1,0,4,3,2,0,1,0,2,1,2,1,2,1,1,1,67,65,69,56,55,78,58,54
d00137,football,0,0,1,1,0,0,2,0,1,1,1,0,1,0,2,0,1,2,2,2,0,1,0,0,13,14,11,10,9,9,13,8,18,24,24,24,12,14,15,20
d00138,football,2,1,2,3,1,1,2,4,1,4,1,1,3,2,2,2,2,5,3,0,2,0,1,1,50,30,37,29,39,32,38,40,55,60,52,62,71,67,72,75
d00139,astronomy,1,2,1,4,3,3,2,6,3,4,2,8,2,7,1,5,68,67,73,70,68,76,63,76,4,5,4,5,6,6,4,5,135,113,127,119,109,119,109,129
d00140,machine_learning,4,11,5,4,8,8,6,11,0,1,0,0,1,1,0,0,0,1,0,0,0,0,0,0,0,0,0,0,2,1,0,0,10,10,11,13,9,13,13,13
d00141,cooking,5,0,1,1,0,1,1,1,45,28,36,30,27,40,30,33,2,3,1,1,1,3,1,2,0,0,4,2,1,1,4,1,48,63,56,54,50,51,51,42
d00142,astronomy,1,0,0,1,1,0,0,2,0,2,1,1,0,0,1,1,22,18,21,20,21,26,21,22,1,1,3,3,2,1,0,2,43,42,46,46,34,40,38,35
d00143,machine_learning,19,14,15,14,10,13,8,20,2,0,2,3,0,1,1,0,0,0,0,1,0,0,1,1,3,0,0,1,1,0,0,1,24,22,23,19,13,29,21,16
d00144,cooking,0,0,1,1,0,2,0,0,12,14,8,19,14,14,12,13,1,1,2,1,0,1,0,0,1,0,1,0,0,0,1,0,27,22,18,20,18,22,35,26
d00145,cooking,0,1,0,0,0,1,1,0,6,10,10,4,5,9,8,3,1,1,0,0,1,0,0,1,1,0,1,0,1,0,1,0,19,11,13,13,22,17,18,18
d00146,cooking,1,1,1,0,2,1,0,0,14,9,7,9,14,12,8,13,1,0,1,0,1,2,0,0,0,1,0,0,2,0,1,0,17,20,18,15,16,19,19,19
d00147,cooking,0,0,1,0,0,2,1,0,16,12,18,10,11,11,13,10,2,0,3,1,1,1,0,2,0,0,0,0,0,1,2,0,28,24,30,36,21,26,21,32
d00148,astronomy,0,0,0,0,0,1,0,0,0,0,0,0,0,0,2,0,6,4,5,4,3,7,7,8,0,1,0,1,1,0,0,1,8,9,6,7,8,5,10,11
d00149,cooking,0,0,0,0,1,0,0,0,5,8,6,7,4,7,4,6,2,0,0,0,2,1,0,0,0,0,0,0,1,0,1,0,11,9,8,7,8,6,3,8
d00150,astronomy,0,0,0,0,0,0,1,1,0,0,0,0,0,0,0,0,5,9,9,19,12,14,9,16,0,1,1,0,1,1,0,2,15,14,13,18,21,5,18,18
d00151,football,2,2,1,1,1,1,5,1,4,2,2,1,2,1,1,1,1,3,2,3,2,1,1,1,31,48,44,40,39,44,34,40,68,79,71,60,77,66,57,64
d00152,machine_learning,60,33,50,47,47,34,36,45,2,1,0,2,1,3,1,2,4,4,4,3,0,2,3,2,1,1,2,3,6,1,0,2,71,69,80,67,52,56,75,72
d00153,football,0,3,0,0,1,3,1,2,0,1,1,1,1,0,0,0,1,1,0,0,0,5,1,0,12,12,14,16,21,13,14,5,18,27,22,24,24,20,31,28
d00154,astronomy,5,0,1,2,1,0,0,0,3,2,1,1,3,2,1,1,22,18,25,17,15,22,23,25,1,1,2,1,0,0,4,3,33,39,36,32,34,39,31,39
d00155,machine_learning,2,2,3,1,2,5,1,3,0,0,0,0,0,0,0,0,0,0,0,0,1,0,0,0,0,0,0,0,0,0,0,0,3,3,1,8,9,6,6,4
d00156,astronomy,0,2,3,0,0,1,0,0,0,1,1,3,0,0,1,1,8,15,9,15,11,21,10,18,0,0,2,2,0,0,1,0,15,20,26,18,13,19,26,21
d00157,football,0,0,0,1,1,0,1,0,0,0,1,2,1,2,1,0,1,0,0,0,0,0,0,0,9,10,11,12,9,12,7,13,22,15,18,17,16,18,23,21
d00158,football,1,1,2,0,1,1,0,0,1,2,0,0,2,2,0,2,1,1,0,1,0,0,1,1,15,16,13,9,7,9,7,11,4,13,12,15,17,15,21,9
d00159,machine_learning,14,9,13,12,16,12,9,12,0,1,1,1,0,0,0,0,0,1,0,1,2,0,0,0,0,0,0,1,0,0,0,0,15,24,18,13,31,15,20,17
d00160,astronomy,0,0,1,0,1,0,0,0,0,0,1,1,0,0,0,3,4,4,5,6,11,2,12,12,0,0,0,1,0,0,0,1,11,9,10,13,16,12,19,11
d00161,astronomy,0,0,0,1,0,0,0,1,3,0,2,0,1,1,1,1,12,18,12,14,15,16,12,17,2,1,0,0,2,1,0,0,18,23,33,26,27,31,25,30
d00162,football,1,2,1,3,0,0,1,0,1,4,2,5,0,0,1,1,2,5,1,0,2,4,2,2,40,45,44,41,35,35,50,43,66,56,63,57,64,60,63,61
d00163,machine_learning,23,31,25,25,20,25,27,24,0,4,1,0,1,5,1,1,1,1,1,1,0,1,3,1,0,0,0,3,0,0,0,3,42,35,49,31,47,37,31,35
d00164,machine_learning,32,23,37,25,31,35,31,21,2,1,2,1,1,3,2,0,2,1,1,2,0,1,3,0,2,1,2,1,5,1,3,2,43,39,40,45,43,49,50,58
d00165,football,1,0,1,0,0,2,0,1,0,1,1,1,1,1,1,3,1,0,1,0,0,0,1,0,13,8,13,12,10,18,14,4,12,12,17,14,25,14,21,22
d00166,cooking,0,1,0,2,1,0,1,1,24,15,17,20,20,26,24,17,0,1,0,0,0,0,2,1,0,0,1,0,1,0,1,0,36,28,30,28,42,36,30,36
d00167,football,0,2,1,0,0,0,2,0,0,1,0,1,0,0,2,1,2,1,0,1,2,0,0,1,22,23,15,28,18,11,20,22,39,46,35,34,31,37,29,38
d00168,machine_learning,16,18,15,20,19,16,21,15,0,0,0,2,1,0,1,1,0,2,1,0,0,0,0,0,1,0,1,1,0,0,0,0,22,31,28,25,24,31,27,28
d00169,astronomy,0,0,0,1,0,1,0,0,1,1,0,1,0,0,0,0,6,15,16,9,12,4,15,5,0,0,1,0,0,4,0,0,10,18,14,21,13,15,17,8
d00170,machine_learning,9,12,6,7,5,8,8,11,0,0,0,0,0,0,0,2,0,0,0,0,1,2,0,0,0,0,0,0,1,2,0,0,17,15,21,13,14,18,17,20
d00171,football,1,0,0,0,1,0,0,2,0,0,0,1,1,0,0,0,0,0,0,0,0,0,0,0,7,7,7,8,8,7,4,4,16,6,6,10,13,11,4,10
d00172,cooking,0,2,2,2,0,2,2,0,26,30,39,36,42,34,27,38,1,0,1,1,2,3,4,1,0,1,0,1,3,2,1,0,56,60,41,53,50,65,52,64
d00173,machine_learning,15,24,19,25,21,29,24,20,0,3,1,1,1,0,2,0,2,1,3,1,0,0,0,2,4,0,1,1,1,3,1,1,32,31,33,38,32,33,48,25
d00174,football,0,0,0,0,0,0,1,0,0,0,1,1,0,0,0,2,3,1,0,0,1,1,0,1,5,9,7,15,11,6,9,13,23,17,14,13,23,17,14,20
d00175,cooking,2,2,3,0,5,3,4,2,60,53,61,49,55,39,56,55,4,3,4,1,1,4,4,0,3,3,2,2,1,3,3,3,80,92,89,93,88,97,96,94
d00176,football,1,0,0,0,1,0,2,4,0,1,2,1,1,0,0,0,1,0,0,0,1,0,0,0,20,5,11,13,8,19,14,14,19,19,22,23,15,22,20,16
d00177,astronomy,1,3,0,2,1,0,2,0,0,0,0,0,0,2,1,1,18,20,15,17,22,29,16,14,2,0,3,1,1,0,0,0,31,27,28,24,21,34,38,24
d00178,machine_learning,9,6,12,12,7,12,8,9,1,0,0,0,1,0,0,1,0,1,0,1,0,0,0,1,0,1,0,0,2,1,0,0,19,10,14,15,13,13,15,28
d00179,football,0,1,1,0,1,0,2,0,0,0,2,0,0,0,2,1,3,0,2,1,0,0,0,0,15,26,18,11,14,17,17,18,31,28,25,17,27,23,27,30
d00180,cooking,1,2,1,1,2,1,0,0,25,31,19,19,17,23,20,25,2,2,0,0,0,0,2,0,1,1,0,0,1,1,0,3,39,40,44,35,34,40,40,38
d00181,football,0,0,0,1,0,0,1,1,0,0,0,1,0,0,0,0,0,0,0,1,0,0,0,0,5,9,4,7,9,11,5,6,9,15,9,13,12,12,9,13
d00182,football,1,1,1,0,1,1,1,0,1,0,0,0,0,0,0,1,2,1,1,0,1,0,2,0,25,20,20,32,19,24,24,17,37,43,44,44,28,48,41,45
d00183,cooking,0,1,3,2,0,0,0,0,17,13,20,26,18,13,16,18,0,1,2,2,0,1,0,0,0,0,1,3,0,0,1,1,23,26,26,23,23,21,26,21
d00184,cooking,2,0,0,2,1,1,1,1,12,14,26,18,26,23,17,23,0,0,0,1,1,0,2,2,2,1,1,3,0,0,0,1,36,30,31,37,35,38,23,31
d00185,cooking,0,3,1,3,1,4,1,0,19,25,10,29,27,28,25,18,1,0,3,3,2,1,2,1,0,1,1,2,0,0,0,0,40,37,43,38,32,40,36,36
d00186,astronomy,0,0,0,2,0,0,1,1,1,0,0,0,2,2,0,0,18,8,22,16,21,15,15,15,0,0,0,1,3,2,0,2,14,33,19,21,36,25,25,18
d00187,machine_learning,11,14,14,12,16,15,12,13,1,0,1,0,0,1,0,1,0,0,1,0,3,1,0,1,0,0,0,1,1,0,0,0,20,20,22,21,13,19,17,20
d00188,football,0,1,1,1,1,0,4,1,2,3,2,2,0,1,4,0,0,2,2,1,1,1,0,1,22,23,21,20,22,27,18,21,40,35,40,33,45,38,44,44
d00189,astronomy,0,0,0,1,0,0,0,0,0,0,0,0,0,1,0,1,8,6,7,5,6,9,7,8,0,1,0,0,1,0,0,0,13,16,18,13,14,20,28,15
d00190,cooking,2,5,3,2,3,6,2,1,36,55,60,59,50,36,68,54,2,1,2,3,1,3,2,4,2,2,5,5,0,3,3,5,93,87,76,91,101,93,101,111
d00191,machine_learning,7,7,10,15,13,12,11,8,1,2,0,0,0,1,0,1,1,0,0,1,0,0,1,0,0,0,0,1,2,0,0,0,15,14,20,14,11,16,15,12
d00192,football,0,2,0,1,2,2,1,0,2,3,1,1,1,1,1,1,0,2,1,3,0,1,1,0,13,21,18,26,14,12,16,22,25,28,25,20,20,25,24,27
d00193,football,1,2,3,1,1,1,2,1,3,2,2,1,1,2,0,1,1,1,2,1,2,3,2,1,27,39,27,32,32,41,33,28,46,53,44,63,57,42,54,44
d00194,astronomy,2,1,0,1,0,1,0,3,2,0,0,1,0,2,1,3,17,25,20,24,17,18,21,22,3,1,2,3,2,2,1,1,39,46,41,31,49,48,56,37
d00195,cooking,1,1,0,0,0,2,0,1,9,8,7,6,9,10,15,5,2,0,2,0,1,0,0,0,0,0,0,1,0,0,0,0,12,19,11,14,19,16,14,18
d00196,astronomy,0,2,2,1,3,2,1,1,0,1,4,1,2,3,1,3,23,22,20,34,27,23,30,21,1,3,1,3,0,2,1,1,41,33,54,28,30,38,50,52
d00197,machine_learning,11,12,14,19,11,11,9,15,1,1,1,1,1,1,0,0,0,0,2,2,0,0,0,1,1,1,1,0,0,0,3,1,25,23,17,23,23,24,26,16
d00198,astronomy,1,1,2,0,3,0,1,0,0,0,0,1,1,1,0,1,10,12,14,9,13,8,14,9,2,0,0,1,0,1,0,0,13,23,28,15,20,15,12,17
d00199,cooking,1,3,2,2,1,2,3,1,41,23,35,31,21,30,27,35,0,3,1,1,1,2,1,0,1,1,0,2,3,2,3,4,56,41,44,44,49,57,50,61
d00200,machine_learning,6,9,7,10,5,6,13,17,0,1,1,0,1,0,1,0,0,1,0,0,0,0,0,0,0,1,0,0,0,0,0,1,10,14,10,19,18,24,22,15
d00201,cooking,0,0,0,2,0,0,0,0,6,11,9,10,7,12,7,12,0,0,3,0,1,0,0,1,1,0,1,0,0,0,0,1,13,18,15,15,12,11,19,15
d00202,astronomy,0,1,0,0,0,2,1,0,0,2,2,1,0,1,1,1,17,31,12,18,12,13,21,16,1,1,0,1,1,0,1,0,30,23,32,24,29,31,25,26
d00203,cooking,1,1,2,1,0,1,1,1,34,40,30,26,33,26,25,34,1,3,1,2,4,1,2,1,1,1,2,0,3,1,4,4,45,48,58,43,49,48,45,60
d00204,machine_learning,58,44,60,61,49,69,54,76,4,2,5,1,3,3,2,3,3,4,5,0,6,2,1,4,2,2,0,2,2,1,3,0,110,98,104,85,96,97,94,69
d00205,machine_learning,16,12,14,14,10,16,12,15,2,2,0,2,0,0,0,0,0,1,0,2,1,1,0,0,1,0,0,1,0,0,2,1,23,31,14,26,19,21,29,20
d00206,cooking,3,1,1,7,0,1,4,1,57,68,43,57,60,47,43,31,2,1,0,1,3,1,1,1,0,4,0,0,2,1,1,3,73,62,87,69,96,76,75,75
d00207,astronomy,2,1,1,3,0,1,1,1,1,2,0,1,1,0,1,1,18,20,18,19,12,19,16,19,0,1,0,1,1,1,0,0,23,39,30,23,30,33,32,45
d00208,football,0,0,0,0,1,1,0,0,0,0,1,3,1,1,0,0,0,0,1,2,0,1,1,0,16,27,18,14,11,21,25,25,44,36,40,33,28,31,39,38
d00209,astronomy,0,0,0,1,0,0,1,0,1,0,1,2,0,1,0,1,13,17,12,21,6,7,11,14,1,1,1,2,3,1,2,1,19,26,23,22,28,21,16,26
d00210,astronomy,0,1,1,2,1,0,0,0,1,0,0,0,2,1,1,1,5,8,8,7,4,7,7,9,0,0,0,0,2,0,0,0,15,8,17,8,7,18,13,12
d00211,machine_learning,3,6,10,9,8,13,7,6,1,0,0,0,1,0,0,0,0,0,2,1,0,1,0,0,0,1,0,0,0,0,0,1,12,17,15,17,10,16,10,17
d00212,football,1,1,0,1,0,0,0,1,1,0,0,2,2,0,0,1,1,1,0,1,0,1,1,3,15,7,16,10,15,11,9,16,25,17,30,14,26,20,29,18
d00213,machine_learning,37,34,39,37,46,37,37,29,2,1,1,3,3,1,3,0,0,2,1,1,3,1,0,0,3,1,1,4,1,3,3,2,59,56,53,54,54,56,52,69
d00214,astronomy,0,0,1,0,2,0,0,0,1,1,0,0,0,1,0,0,6,3,2,6,7,5,8,3,0,0,1,1,1,1,0,0,11,18,16,14,15,9,15,7
d00215,machine_learning,8,1,5,7,9,7,5,2,0,0,1,0,0,0,0,0,0,0,0,1,0,0,0,0,1,0,0,0,0,0,0,0,4,5,6,5,8,8,6,10
d00216,football,0,0,0,3,0,0,1,1,2,0,2,0,0,0,3,1,2,0,1,0,1,0,0,1,17,13,16,15,16,21,15,19,19,30,25,25,33,29,36,27
d00217,football,0,0,1,0,0,0,0,1,0,1,1,0,0,0,1,1,0,0,0,0,0,0,0,0,7,7,5,11,12,5,5,10,9,13,11,11,7,16,5,12
d00218,football,0,0,0,0,0,1,0,1,0,1,0,1,0,0,1,0,0,0,0,0,1,1,1,0,8,9,7,4,8,3,10,7,14,11,13,9,4,12,7,15
d00219,machine_learning,10,9,25,15,13,15,17,17,0,0,1,0,1,1,2,0,2,2,1,0,1,2,0,0,0,0,1,0,1,0,1,0,20,17,25,20,24,28,18,22
d00220,machine_learning,4,13,7,5,5,13,4,4,0,2,0,1,0,0,1,0,0,1,0,0,0,1,0,0,0,0,0,0,0,0,0,0,10,17,10,10,9,13,14,12
d00221,astronomy,0,0,3,0,0,1,2,0,1,0,0,1,2,0,1,1,11,7,15,15,10,11,14,11,1,0,0,0,3,0,0,0,15,14,20,23,19,25,17,17
d00222,football,0,0,0,0,1,2,0,1,1,0,0,1,0,1,2,0,0,0,0,0,0,0,0,0,5,7,8,9,4,3,5,4,6,8,12,8,5,13,12,5
d00223,football,0,0,1,2,0,3,0,0,2,0,0,0,0,0,1,2,1,1,0,1,3,0,0,0,23,15,15,13,15,6,14,11,27,21,24,21,20,23,27,18
d00224,cooking,0,1,1,2,2,1,0,2,28,33,32,33,38,31,32,31,1,1,0,1,2,2,1,2,1,0,0,1,4,1,1,2,38,47,60,50,53,49,50,40
d00225,machine_learning,27,11,16,16,19,21,17,25,2,1,1,1,2,0,0,1,1,0,0,0,1,1,0,2,0,2,0,1,0,2,0,0,30,29,42,44,33,34,35,30
d00226,astronomy,1,0,0,1,1,0,1,1,0,0,0,0,1,0,1,1,5,7,8,6,9,10,6,5,0,0,1,0,0,0,0,0,10,11,12,9,3,10,13,15
d00227,cooking,0,0,0,0,0,1,2,0,7,4,5,3,3,2,10,8,1,2,0,0,0,0,1,0,1,1,0,1,0,0,0,0,6,8,15,8,11,10,5,14
d00228,machine_learning,8,14,18,18,20,13,9,12,0,0,1,0,0,1,0,1,0,0,1,0,0,0,1,0,0,1,0,1,0,0,0,0,18,21,24,10,21,11,22,23
d00229,football,1,1,0,0,0,0,0,1,1,2,1,0,0,1,1,0,0,0,0,1,0,0,2,0,9,16,14,13,7,10,14,5,22,19,17,20,20,19,19,17
d00230,astronomy,0,0,1,1,1,2,0,1,1,1,0,0,0,0,2,0,26,16,24,18,24,26,27,30,1,1,0,1,0,1,0,1,38,27,34,35,32,40,33,40
d00231,cooking,0,2,2,0,2,1,1,1,19,27,22,12,21,27,26,25,2,2,1,0,1,0,3,1,2,1,2,2,1,0,2,0,40,25,37,53,38,53,35,45
d00232,astronomy,1,1,1,1,0,1,2,0,0,1,6,1,0,0,0,2,36,25,36,32,43,32,41,47,3,1,1,2,1,2,2,1,59,56,54,56,52,57,59,69
d00233,football,0,0,1,1,0,0,1,0,0,0,0,2,1,0,1,0,0,0,1,2,0,1,0,0,7,5,8,11,5,12,6,5,11,11,12,12,13,14,13,15
d00234,football,1,0,0,2,2,0,1,2,0,1,0,1,0,1,1,1,2,0,1,1,0,0,0,1,11,10,23,20,17,19,15,20,34,36,32,27,36,29,34,28
d00235,football,0,1,0,1,0,0,1,3,0,0,1,1,1,0,1,0,2,0,0,1,1,1,1,0,13,17,10,9,12,9,9,5,8,12,14,16,18,17,14,15
d00236,machine_learning,5,7,8,13,11,8,9,7,0,1,0,1,0,0,0,0,0,0,1,1,0,0,0,0,1,0,0,0,0,0,0,0,15,15,16,18,21,11,13,17
d00237,football,0,0,1,0,1,2,0,0,0,1,0,1,0,1,0,0,0,0,1,0,0,0,1,2,17,8,12,10,9,7,5,14,19,20,20,18,18,16,19,11
d00238,cooking,8,5,7,6,13,12,11,9,177,165,172,182,166,168,172,163,7,5,7,8,10,8,8,12,6,12,8,10,8,12,6,9,251,271,275,288,284,266,258,294
d00239,cooking,1,2,0,0,0,0,0,1,7,3,6,6,6,9,8,6,0,1,0,0,0,1,1,0,0,0,0,0,1,1,0,1,8,9,10,5,12,6,13,5
d00240,football,1,1,0,1,0,1,0,0,1,2,2,2,1,1,0,0,1,2,1,1,0,3,1,2,15,19,22,14,23,19,17,16,46,33,52,37,32,31,44,38
d00241,machine_learning,28,41,60,30,34,47,49,46,3,0,3,2,3,2,1,1,7,1,1,0,7,2,1,0,1,2,0,3,0,2,3,5,62,68,54,73,70,65,60,67
d00242,cooking,2,1,0,0,0,0,0,0,4,6,2,7,4,4,5,3,0,1,0,0,0,0,0,0,2,0,1,0,0,0,0,0,7,11,6,6,9,10,4,4
d00243,cooking,3,1,0,0,1,1,1,2,34,20,37,33,27,27,33,34,0,3,2,2,1,5,2,1,0,1,3,2,1,0,2,3,58,49,48,50,50,40,49,44
d00244,astronomy,1,1,3,1,3,1,0,1,1,1,1,2,0,0,1,0,26,24,27,27,21,20,18,25,3,0,2,1,1,3,2,1,50,43,41,40,31,36,35,40
d00245,machine_learning,14,15,13,17,18,16,18,13,2,0,0,0,0,1,1,1,3,1,1,2,0,2,2,0,0,1,1,0,0,0,2,1,18,31,26,20,19,26,26,27
d00246,astronomy,1,1,2,2,1,1,3,1,2,0,2,0,2,3,0,0,26,20,18,11,23,14,13,18,1,1,2,0,0,0,0,1,30,30,36,34,25,34,28,29
d00247,machine_learning,30,21,28,21,26,26,26,28,0,1,0,0,1,1,2,1,1,3,0,2,3,1,0,2,1,0,2,1,0,0,2,1,43,40,32,34,44,30,55,37
d00248,machine_learning,23,24,14,20,20,12,15,16,0,1,1,1,0,1,0,1,0,0,0,0,2,1,1,1,0,1,0,0,1,1,1,0,17,23,20,21,20,23,25,28
d00249,cooking,3,0,2,2,3,2,0,2,39,25,36,26,28,24,45,35,2,1,2,2,0,1,0,1,1,2,3,0,2,1,2,2,56,46,41,71,60,41,54,53
d00250,football,1,0,0,1,0,1,0,0,1,1,0,1,3,0,0,0,1,0,0,0,1,0,0,0,11,2,5,7,9,3,8,6,17,10,8,9,9,11,7,12
d00251,machine_learning,20,26,20,24,32,29,32,45,3,1,0,1,0,1,2,0,2,0,1,0,2,3,0,1,2,1,2,2,1,1,2,3,55,60,47,49,58,52,37,52
d00252,football,1,1,2,1,0,1,0,0,1,0,1,2,0,0,1,1,0,0,1,1,1,1,1,0,15,16,15,22,24,17,14,26,24,31,24,30,24,19,23,28
d00253,astronomy,1,1,2,2,0,1,1,0,1,0,1,0,1,1,0,2,27,11,20,17,18,16,17,19,0,2,1,3,0,1,0,2,34,39,33,35,37,32,35,44
d00254,football,7,3,5,5,6,2,3,4,3,5,3,3,3,5,5,4,8,6,2,3,3,4,3,4,99,70,92,67,93,84,79,97,147,137,141,143,129,144,158,137
d00255,football,0,3,1,0,0,0,0,1,0,1,1,0,3,1,1,0,1,2,0,1,3,2,0,0,10,8,14,12,12,15,10,9,18,13,17,22,14,31,24,14
d00256,astronomy,2,0,0,0,1,2,0,0,3,0,0,0,0,0,3,2,10,5,10,4,4,9,5,4,0,0,1,0,0,0,0,0,15,9,11,13,13,10,6,6
d00257,machine_learning,9,7,9,1,7,6,5,7,0,0,0,0,1,0,0,0,0,0,1,2,1,0,0,2,1,1,0,0,0,0,0,0,11,11,9,13,12,14,8,6
d00258,cooking,0,0,1,1,0,1,1,0,11,6,6,15,13,14,6,4,0,0,1,0,1,0,0,0,1,0,0,0,0,1,0,0,17,14,13,6,15,19,9,9
d00259,machine_learning,3,7,7,12,11,6,4,9,2,0,0,0,0,1,1,0,0,0,1,0,1,1,1,0,0,1,0,0,1,0,0,0,6,9,12,11,9,3,9,8
d00260,machine_learning,14,4,7,8,3,5,7,9,1,0,1,1,0,0,0,1,0,0,0,0,0,2,1,0,1,1,0,0,0,0,0,1,10,12,9,12,8,10,7,14
d00261,machine_learning,69,65,46,66,66,57,54,54,1,3,3,1,2,3,2,5,4,2,0,1,8,3,2,2,2,3,3,5,3,4,3,1,90,78,91,111,101,107,91,91
d00262,cooking,2,0,1,1,1,2,0,2,25,41,34,34,36,35,40,28,2,0,1,1,3,0,1,4,2,3,3,7,1,1,2,1,50,46,56,55,57,57,57,51
d00263,machine_learning,13,11,7,8,8,9,16,10,0,0,0,0,0,1,0,2,1,1,0,0,0,1,1,1,0,0,1,0,0,1,0,1,15,16,16,9,9,15,14,10
d00264,astronomy,3,0,0,0,0,0,0,0,1,2,1,1,0,1,1,0,19,12,23,13,19,12,16,13,1,0,0,0,0,1,1,1,27,26,28,34,23,38,18,32
d00265,astronomy,0,0,0,1,0,0,0,1,0,0,0,0,1,1,1,0,7,12,11,10,8,7,10,11,1,0,0,0,1,0,1,1,16,23,17,16,15,8,12,15
d00266,astronomy,2,2,2,2,4,3,1,6,2,2,5,4,0,3,2,2,46,49,45,54,50,56,42,37,5,2,3,3,3,3,1,0,80,88,72,83,80,69,85,80
d00267,cooking,0,1,0,1,0,2,1,1,10,16,22,18,13,18,16,18,0,0,1,1,1,1,3,1,1,0,2,1,2,0,2,2,26,31,35,20,29,29,28,20
d00268,cooking,2,2,0,2,0,0,1,5,21,14,26,15,14,15,17,11,1,1,2,0,0,0,0,0,1,0,0,1,1,2,1,2,27,33,30,35,36,33,30,39
d00269,football,0,0,1,0,1,1,0,0,0,0,0,0,0,0,0,0,0,1,0,0,0,0,1,0,7,9,4,7,6,3,7,10,14,11,19,13,8,9,9,11
d00270,cooking,0,1,2,2,1,1,0,1,32,32,25,26,34,43,34,28,3,2,1,1,0,3,1,1,1,1,0,0,2,1,1,2,49,65,59,48,52,63,46,41
d00271,cooking,1,0,1,0,0,0,1,0,17,10,10,12,15,8,13,13,0,1,0,0,0,0,1,1,0,0,0,0,0,0,0,0,17,20,17,13,25,17,18,17
d00272,cooking,0,0,0,0,1,0,0,2,9,17,14,11,13,8,14,13,3,1,1,0,0,0,0,0,0,0,0,0,0,2,1,0,21,33,18,22,22,18,27,19
d00273,machine_learning,9,11,9,4,1,7,4,5,1,1,0,0,0,0,1,0,0,1,0,0,0,0,0,0,1,1,0,0,0,0,1,0,7,8,11,10,13,6,10,7
d00274,astronomy,5,2,3,4,4,2,1,0,1,3,2,3,3,4,5,4,80,62,70,73,77,70,72,70,5,2,4,2,6,6,5,3,128,114,122,136,108,110,145,124
d00275,football,1,0,1,0,0,0,1,1,0,0,1,1,0,0,0,2,1,1,0,0,0,2,1,0,15,16,18,14,16,9,13,16,24,21,24,16,26,15,19,25
d00276,astronomy,0,0,0,0,2,3,1,1,0,2,0,2,3,2,0,1,37,33,29,20,37,32,27,33,0,2,0,4,5,0,0,0,36,43,35,51,48,48,36,43
d00277,football,1,0,1,3,1,0,0,1,0,1,0,0,0,1,1,0,2,0,0,2,0,1,2,1,14,10,7,10,10,6,13,6,15,14,17,12,10,14,17,15
d00278,machine_learning,9,10,15,9,4,6,12,11,0,0,0,0,1,0,1,0,0,2,0,0,0,0,0,0,1,0,2,1,1,0,0,5,11,18,15,13,18,13,21,10
d00279,astronomy,1,0,0,0,0,1,1,0,1,1,0,1,3,0,0,1,18,10,17,26,15,12,16,21,1,2,1,1,0,0,1,2,25,42,22,29,25,31,24,23
d00280,astronomy,3,1,0,4,1,0,2,1,3,4,2,3,3,3,4,4,51,65,55,57,61,59,46,64,5,2,2,3,1,2,6,3,124,100,96,93,81,91,87,107
d00281,machine_learning,4,6,5,7,10,6,6,6,0,0,0,0,0,1,0,0,0,0,1,0,0,0,1,0,0,2,0,0,1,1,0,1,10,11,13,13,8,12,7,13
d00282,astronomy,0,0,0,1,0,2,0,0,2,2,1,1,1,0,0,1,23,22,30,34,28,28,21,26,0,2,3,2,2,2,1,1,34,35,39,46,40,45,40,45
d00283,football,0,0,0,0,0,0,0,0,1,0,1,0,0,0,0,0,0,0,0,0,0,0,1,0,8,6,5,2,6,6,7,4,6,6,8,5,6,4,9,9
d00284,football,0,0,1,0,1,0,0,1,1,0,0,0,0,1,1,0,1,0,0,1,1,0,0,0,9,7,6,7,2,7,5,9,7,7,13,10,18,10,14,16
d00285,cooking,0,1,0,0,0,0,0,0,3,4,6,4,2,6,8,6,1,0,0,0,0,0,0,0,0,0,1,0,1,1,1,1,13,8,8,10,10,5,16,4
d00286,machine_learning,17,12,8,8,8,6,8,11,1,0,1,1,0,2,0,1,1,1,0,0,1,0,0,1,0,1,0,1,0,1,0,1,16,13,20,17,19,19,19,17
d00287,astronomy,1,2,1,0,0,2,0,0,1,1,1,0,0,1,0,0,8,8,7,7,8,6,10,5,0,0,0,1,1,2,0,0,9,9,11,13,12,15,17,12
d00288,cooking,0,0,2,0,1,0,1,0,8,10,10,9,9,8,8,10,1,0,1,0,2,0,0,1,0,0,0,1,0,0,1,0,10,14,11,12,10,14,15,15
d00289,astronomy,0,0,0,0,0,0,2,1,0,0,0,0,0,0,0,0,3,1,2,4,4,3,4,3,1,0,0,0,0,0,0,0,4,2,10,1,8,10,11,5
d00290,astronomy,2,1,0,0,1,0,0,2,0,0,0,1,1,0,1,0,14,17,15,13,14,14,13,14,0,0,0,1,1,0,0,1,31,23,22,15,17,33,29,19
d00291,football,1,0,0,2,1,0,0,0,0,0,1,3,3,1,0,0,1,0,2,0,0,0,1,0,20,19,8,17,11,13,13,12,21,24,19,27,35,21,14,22
d00292,machine_learning,15,12,20,18,15,17,26,15,1,0,0,1,0,1,0,0,0,0,1,1,1,1,1,0,1,0,1,0,1,2,2,1,27,27,19,28,27,32,28,28
d00293,football,0,1,0,0,2,0,2,1,1,1,0,1,1,1,3,1,1,4,0,1,1,3,2,1,29,24,46,36,40,40,29,39,64,60,53,69,66,54,61,61
d00294,astronomy,0,0,0,0,0,1,0,0,0,0,0,1,0,0,1,1,7,7,3,4,3,8,5,5,0,1,1,0,1,0,0,0,9,10,5,13,7,7,10,14
d00295,machine_learning,5,4,2,3,3,1,2,0,0,1,0,0,0,0,0,0,1,0,0,0,0,0,1,0,0,0,0,0,1,0,0,0,8,6,4,5,7,4,4,3
d00296,cooking,1,1,0,0,2,0,1,0,11,15,10,12,9,17,15,16,1,0,0,0,0,0,0,0,2,1,1,1,1,1,0,0,26,22,17,20,28,18,22,19
d00297,football,0,0,0,1,0,1,0,0,2,1,1,0,0,0,0,0,0,0,0,1,0,1,0,2,11,11,9,10,19,5,5,7,16,18,14,14,10,25,20,19
d00298,machine_learning,17,8,10,6,11,6,4,7,0,0,0,3,0,1,0,0,0,0,0,0,0,2,0,1,2,0,1,0,2,0,0,0,10,14,12,7,14,14,12,9
d00299,machine_learning,8,4,8,6,4,8,5,8,0,0,0,0,0,0,0,1,1,0,1,1,0,0,0,3,1,1,0,0,1,0,0,0,13,11,12,16,6,9,11,8
d00300,cooking,0,1,0,0,1,2,1,0,9,14,10,15,16,17,14,14,0,0,2,1,0,1,0,0,0,1,0,2,0,1,0,0,14,22,16,22,18,19,17,18
d00301,football,0,0,1,1,0,0,1,0,0,2,0,0,0,0,1,0,0,0,2,0,0,0,0,1,6,7,9,9,8,4,4,6,13,11,14,11,18,15,7,7
d00302,machine_learning,4,6,5,4,7,5,1,4,0,0,0,0,0,0,0,0,0,1,0,0,0,0,1,0,1,1,0,0,0,1,0,0,9,9,5,8,8,5,15,5
d00303,football,1,0,0,0,0,1,0,0,0,0,0,0,1,0,0,0,0,0,1,0,0,0,0,0,13,14,11,15,6,7,8,7,11,9,10,22,23,15,23,21
d00304,cooking,0,0,0,0,0,1,0,0,4,6,7,7,4,7,5,8,1,0,0,0,0,0,0,1,0,0,0,0,1,0,0,0,5,6,10,7,4,3,10,10
d00305,cooking,1,0,0,0,0,0,1,0,22,27,16,21,17,24,19,21,0,0,0,2,0,1,1,1,0,1,1,0,3,0,0,0,30,36,25,20,31,39,32,36
d00306,football,1,0,1,1,0,1,2,1,0,1,0,1,2,0,0,0,2,1,1,1,3,1,2,2,22,30,24,24,30,22,22,22,41,34,33,29,34,37,33,26
d00307,machine_learning,33,29,43,28,40,40,28,37,2,3,2,1,2,2,1,3,0,2,4,5,0,0,2,0,5,2,1,2,2,1,7,1,73,62,61,61,57,48,71,62
d00308,football,0,0,1,1,0,0,2,0,1,2,0,0,1,0,0,1,0,0,1,2,0,1,1,1,14,12,24,23,17,20,18,19,24,32,25,28,23,26,24,29
d00309,cooking,1,0,2,1,1,0,1,2,17,15,19,13,20,17,26,13,1,1,0,1,1,0,0,1,0,0,0,0,0,0,0,0,32,19,25,22,31,26,37,24
d00310,cooking,0,1,0,0,0,0,0,0,24,23,15,26,14,18,17,14,1,2,2,2,2,2,2,0,2,1,1,1,0,0,1,0,34,31,27,32,36,31,36,42
d00311,football,2,0,2,1,0,2,3,2,1,2,0,0,2,2,0,3,3,1,0,3,1,0,2,1,19,18,28,24,26,35,24,20,48,39,47,54,47,66,43,53
d00312,astronomy,0,1,0,0,0,3,1,0,1,0,1,1,1,0,0,1,14,8,20,11,14,14,9,17,1,0,2,1,1,0,1,0,14,31,17,17,16,19,23,25
d00313,football,2,0,0,0,1,0,1,0,2,1,0,2,1,0,0,1,0,0,1,0,0,1,2,1,13,8,13,2,11,16,13,11,15,20,21,16,18,23,15,22
d00314,cooking,0,0,1,0,0,0,1,1,7,5,6,7,8,7,10,5,0,0,0,0,0,0,0,0,0,0,1,1,0,0,1,0,16,17,10,13,8,17,11,21
d00315,machine_learning,10,7,17,7,10,17,13,11,1,1,0,0,0,1,3,0,0,0,1,1,0,0,1,0,1,0,0,1,0,0,0,0,32,34,27,28,27,21,17,28
d00316,astronomy,1,1,2,2,2,0,2,1,2,0,3,0,1,1,1,1,30,30,23,27,27,27,30,28,1,3,0,2,2,0,1,3,47,50,36,47,46,38,34,46
d00317,football,0,0,0,0,1,0,0,1,0,0,0,0,0,0,1,0,0,0,0,0,0,0,0,0,4,7,8,5,6,6,5,3,7,4,5,4,7,6,7,8
d00318,machine_learning,29,29,32,33,28,30,30,33,0,1,4,1,1,2,2,1,1,2,2,0,0,2,1,1,2,1,0,3,4,1,1,2,55,61,43,60,61,54,37,53
d00319,astronomy,0,1,0,0,0,0,1,1,1,1,0,1,0,1,2,0,23,14,18,19,19,17,22,15,0,0,1,1,3,0,2,0,27,24,26,39,26,24,25,31
d00320,machine_learning,147,164,140,147,168,155,156,134,9,4,9,5,7,7,10,4,5,11,6,3,5,6,6,4,8,10,9,7,4,8,6,5,303,258,243,254,249,244,218,263
d00321,astronomy,1,1,0,0,0,0,0,0,0,0,0,0,0,0,0,0,5,3,3,5,4,6,3,2,0,0,0,0,0,0,1,0,8,9,8,8,6,5,4,8
d00322,football,1,1,2,0,0,1,0,0,2,2,2,1,0,3,0,2,1,4,1,1,3,1,1,2,27,18,30,15,12,14,17,24,28,45,39,32,27,27,32,35
d00323,football,1,2,0,1,1,2,2,1,1,2,0,1,0,0,0,1,1,0,2,0,2,0,2,1,17,26,17,20,21,15,17,23,30,26,32,32,35,22,29,34
d00324,cooking,4,3,3,1,1,2,1,0,33,44,44,34,35,46,34,49,0,1,1,1,3,1,1,5,2,0,1,3,1,2,0,1,74,76,64,57,68,43,55,79
d00325,cooking,1,1,1,1,1,0,0,0,17,12,11,11,19,14,8,12,2,0,2,2,1,1,0,0,1,1,3,2,1,0,0,1,27,30,27,27,23,16,30,20
d00326,astronomy,0,1,0,0,0,0,0,0,0,0,0,1,0,0,0,0,1,4,3,3,4,9,5,5,0,0,0,0,0,0,0,0,5,5,3,12,7,9,7,6
d00327,astronomy,3,0,0,3,1,1,2,3,1,3,2,2,1,1,2,2,44,35,47,56,40,43,42,33,2,0,3,1,0,2,3,2,54,66,66,52,69,66,56,67
d00328,cooking,1,0,0,1,0,1,0,0,6,7,5,13,5,6,7,5,0,0,1,0,0,0,1,0,0,0,0,0,2,0,0,1,11,18,12,7,14,7,13,10
d00329,football,0,0,0,2,0,0,0,0,0,0,0,1,0,0,0,0,0,0,0,0,0,0,0,0,1,6,2,3,2,1,2,6,7,8,1,3,4,5,9,7
d00330,cooking,1,2,0,1,0,1,0,1,11,12,9,11,11,7,12,8,0,1,0,1,0,1,0,0,2,0,0,0,0,1,0,2,26,14,15,17,24,23,20,24
d00331,football,0,1,1,0,0,0,2,1,0,2,0,0,0,1,2,1,2,0,1,1,1,0,1,1,21,14,15,16,18,14,16,15,33,25,29,23,29,22,23,20
d00332,machine_learning,20,16,17,19,13,10,16,20,0,0,0,0,2,1,0,0,1,2,2,0,0,0,2,0,2,1,1,0,0,0,0,1,21,25,41,30,27,35,25,34
d00333,cooking,1,0,2,0,0,0,1,3,6,16,11,12,5,12,13,12,0,0,0,0,0,1,0,0,0,0,1,0,2,0,2,0,25,17,20,16,16,14,13,23
d00334,football,1,1,0,2,0,0,0,0,0,1,0,0,0,1,0,0,0,0,0,0,0,0,0,0,9,7,9,6,8,10,5,5,15,18,18,13,11,13,22,17
d00335,football,1,2,1,0,2,1,0,1,2,1,1,4,0,2,2,0,1,2,3,2,2,3,1,0,34,27,32,34,29,20,32,33,46,65,48,62,55,49,71,61
d00336,cooking,3,4,5,3,4,5,0,3,73,66,63,60,63,55,68,54,1,2,3,4,5,4,4,0,4,4,2,2,2,4,1,3,121,125,101,104,107,109,94,73
d00337,football,0,3,3,3,4,2,0,2,1,1,2,1,1,0,1,1,1,0,1,2,1,0,1,0,22,27,30,34,23,20,28,23,52,45,42,56,49,51,48,45
d00338,machine_learning,8,6,11,12,9,8,12,10,0,1,0,1,1,0,1,1,0,0,0,0,0,2,0,1,0,0,0,0,1,0,0,0,19,13,18,11,17,18,13,13
d00339,astronomy,1,1,0,0,0,3,0,0,1,0,0,1,0,0,1,1,7,9,7,6,8,7,11,7,0,0,0,0,0,0,0,1,9,8,7,14,9,7,11,5
d00340,astronomy,0,0,0,1,1,0,1,0,1,0,2,1,0,0,0,0,7,8,7,4,10,6,9,7,0,0,1,0,0,0,0,0,15,9,10,7,12,6,10,7
d00341,machine_learning,31,34,28,39,28,36,36,32,2,3,1,2,3,1,2,2,3,0,1,5,0,2,1,0,1,3,3,0,0,1,1,3,59,49,56,62,50,59,45,64
d00342,football,0,0,1,1,1,2,1,0,0,1,0,1,1,2,2,1,3,0,0,3,0,1,2,1,17,26,21,36,23,22,26,27,45,40,35,36,33,33,37,43
d00343,football,1,0,0,0,1,2,1,1,1,0,0,1,3,0,1,2,1,0,1,0,0,1,1,1,14,19,10,14,19,12,15,18,27,29,32,27,25,19,22,27
d00344,football,0,0,0,0,0,0,0,0,1,2,0,0,0,2,0,0,0,1,0,0,0,0,1,0,8,4,8,5,7,5,7,7,14,4,6,14,11,11,9,7
d00345,machine_learning,21,26,17,23,20,20,25,17,0,0,1,2,1,1,1,0,1,1,2,1,2,1,1,1,1,0,1,3,0,0,0,1,46,24,33,37,31,36,39,41
d00346,cooking,0,0,1,1,1,0,0,0,18,10,17,21,19,29,22,15,1,1,1,0,0,0,0,1,1,1,0,4,0,2,1,0,32,18,32,29,35,33,32,29
d00347,machine_learning,14,10,11,12,11,12,9,14,0,1,1,2,1,2,0,0,0,1,0,0,0,2,0,0,0,1,1,2,0,0,0,0,15,14,24,16,17,6,19,22
d00348,astronomy,0,0,0,1,1,0,0,0,0,1,0,0,0,1,0,0,6,5,6,7,7,6,4,6,0,0,0,0,0,0,1,0,12,7,6,2,4,10,5,10
d00349,machine_learning,47,53,46,53,57,33,51,46,1,4,4,2,1,1,2,2,4,0,3,2,5,8,5,2,2,1,6,4,4,3,2,1,70,81,82,83,73,82,76,75
d00350,football,1,1,2,0,2,0,0,0,0,0,2,1,0,0,1,0,0,1,2,1,3,1,0,0,16,21,17,18,13,18,18,20,34,23,35,31,28,24,31,19
d00351,machine_learning,11,10,5,6,8,13,4,14,1,0,1,0,0,0,0,0,0,0,0,1,0,1,0,0,0,0,1,0,1,1,0,0,13,14,11,12,16,16,15,8
d00352,cooking,0,2,2,0,0,1,2,0,11,11,20,15,10,16,14,11,1,2,2,0,0,1,0,1,1,0,0,0,2,1,1,0,30,34,25,28,31,24,30,12
d00353,cooking,2,0,2,2,3,1,1,1,14,13,14,14,13,11,17,17,2,0,0,0,0,0,0,0,1,0,0,1,0,0,3,1,22,18,18,18,31,15,16,36
d00354,football,0,0,1,0,0,0,0,0,0,3,0,0,0,0,1,0,0,0,0,0,0,1,0,0,2,3,3,0,0,4,3,2,5,6,7,5,4,6,7,4
d00355,machine_learning,1,1,4,4,4,3,2,7,0,0,0,0,1,0,0,0,0,0,0,0,0,2,0,0,1,0,0,0,0,0,0,0,5,9,7,6,7,0,6,4
d00356,astronomy,0,2,2,0,1,0,0,0,2,2,0,0,2,1,2,0,22,17,17,19,13,18,17,19,0,3,3,0,0,0,0,0,34,27,27,41,27,37,18,21
d00357,football,2,2,1,1,1,5,3,3,1,0,4,3,1,2,2,0,1,1,3,1,1,2,4,2,36,41,36,32,33,33,39,32,57,56,51,67,64,56,58,65
d00358,machine_learning,27,29,13,24,20,26,11,12,0,0,1,3,1,1,0,1,2,3,1,0,0,1,0,0,2,0,0,3,0,1,1,0,36,20,26,35,33,34,20,25
d00359,astronomy,0,0,0,0,0,0,0,1,0,0,0,1,0,0,0,1,5,3,3,4,3,4,5,3,0,0,0,0,0,0,1,0,10,7,5,7,7,10,8,8
d00360,astronomy,0,0,0,0,2,0,1,2,0,1,1,0,0,0,1,0,10,15,15,14,8,6,16,7,1,0,3,0,0,0,0,1,22,19,17,20,22,21,25,20
d00361,machine_learning,19,21,19,17,22,16,17,16,2,0,0,0,2,4,0,0,2,1,0,1,1,0,0,1,4,0,2,0,0,2,1,1,31,41,37,34,24,37,26,39
d00362,astronomy,0,2,0,1,0,0,0,2,0,1,0,0,1,1,0,1,11,9,8,13,10,11,9,7,0,0,0,0,0,2,0,0,9,15,12,16,17,9,18,9
d00363,astronomy,1,0,0,0,0,1,0,0,0,0,0,2,0,1,0,0,6,5,7,5,10,7,6,6,0,1,1,2,0,0,0,0,12,14,19,7,8,15,18,11
d00364,cooking,0,2,1,2,1,0,2,1,40,51,47,43,36,34,34,43,3,1,1,0,0,4,4,2,1,2,0,1,1,4,0,2,72,62,71,69,67,77,57,83
d00365,football,0,1,1,2,0,1,1,1,1,0,2,1,0,0,0,0,0,1,0,1,0,0,0,0,8,11,9,5,6,7,9,7,12,12,13,11,18,14,16,13
d00366,cooking,0,2,0,1,0,0,0,0,7,5,15,9,12,11,12,9,2,0,0,2,0,0,2,0,1,0,0,0,1,0,1,1,16,20,17,22,14,13,16,21
d00367,football,1,0,1,0,1,0,0,1,1,0,0,1,0,0,2,1,1,0,0,0,0,1,1,0,19,14,13,10,7,18,17,11,21,20,19,20,20,29,21,19
d00368,football,0,1,0,0,0,0,0,0,1,0,0,0,0,0,0,0,0,0,0,1,0,0,0,1,5,7,9,2,7,5,5,3,9,7,19,7,8,8,12,11
d00369,football,0,1,1,0,0,1,0,0,1,2,1,0,0,0,0,1,1,0,0,0,1,1,1,1,13,7,12,10,18,13,11,13,19,15,21,16,20,23,24,14
d00370,cooking,1,0,0,0,3,2,2,1,27,24,25,29,28,25,21,24,1,3,2,0,3,3,0,0,0,0,0,0,0,0,1,2,43,45,39,27,44,36,39,40
d00371,football,0,0,0,0,1,0,0,0,0,0,1,2,0,1,3,0,1,0,0,0,1,0,0,1,13,8,8,13,8,9,12,13,12,26,27,14,21,22,13,26
d00372,cooking,0,0,0,0,1,0,0,1,6,10,13,6,6,4,7,6,0,1,2,2,1,0,0,0,1,0,0,1,0,0,0,0,14,7,9,11,16,13,14,8
d00373,machine_learning,39,32,40,33,34,35,39,39,6,1,2,3,0,2,1,0,2,2,2,4,2,3,3,1,2,1,0,1,0,1,2,0,59,64,62,59,64,59,62,69
d00374,football,1,0,0,2,1,1,1,1,2,0,1,1,1,3,2,1,0,2,1,0,0,0,0,3,24,35,26,30,26,29,33,28,45,48,46,43,41,33,35,49
d00375,football,0,0,0,1,0,0,1,1,0,0,0,0,0,0,0,0,0,0,0,1,1,0,0,1,1,2,1,1,2,3,5,3,10,6,10,5,4,3,4,4
d00376,astronomy,4,5,5,0,3,1,0,2,2,2,3,0,0,2,1,5,49,42,42,47,39,43,41,45,1,2,1,0,1,0,1,1,53,74,76,72,61,59,66,54
d00377,football,1,0,1,1,0,0,1,1,0,0,1,0,0,0,0,0,0,0,0,0,0,0,2,0,9,11,6,17,8,10,10,9,17,16,12,16,16,20,27,13
d00378,cooking,0,0,0,0,0,1,0,0,4,4,9,7,3,6,4,8,2,0,0,0,0,0,1,0,1,0,1,0,0,0,0,0,15,7,7,2,6,17,8,9
d00379,cooking,0,0,1,1,0,0,0,0,3,11,9,12,7,7,6,9,0,0,0,0,1,0,0,1,0,0,1,0,0,0,0,0,14,11,15,25,11,17,12,25
d00380,machine_learning,4,6,4,7,5,5,9,5,0,0,0,0,1,0,1,0,1,0,0,0,0,0,0,0,0,0,0,0,0,0,0,0,13,5,12,7,5,5,12,10
d00381,cooking,2,2,2,5,2,1,4,1,30,23,18,22,30,22,22,24,1,0,1,0,1,1,1,2,0,4,0,0,1,0,0,4,42,38,30,31,39,31,43,42
d00382,astronomy,2,0,0,0,0,0,0,1,2,0,1,2,1,0,2,0,22,17,23,28,28,19,17,26,3,1,3,1,3,1,1,3,41,32,48,38,30,48,35,44
d00383,machine_learning,16,13,23,13,17,9,24,12,0,1,0,1,0,3,3,1,0,0,0,0,0,1,2,1,1,1,0,1,0,1,0,0,29,27,20,33,24,32,21,24
d00384,football,0,1,1,1,1,0,1,1,0,0,1,0,0,1,0,0,0,1,0,0,1,0,0,0,14,10,10,9,7,13,5,8,15,16,15,26,15,22,11,21
d00385,football,4,2,4,3,3,2,1,3,1,5,0,3,2,0,1,3,1,3,1,2,2,3,1,3,42,50,41,46,47,32,49,48,67,89,88,67,91,79,59,71
d00386,machine_learning,26,32,28,18,28,25,30,21,2,0,1,1,3,4,3,3,0,3,2,0,0,0,1,0,0,2,1,2,2,2,2,1,43,44,54,44,49,47,52,32
d00387,machine_learning,36,39,41,36,33,36,37,27,2,0,1,2,0,2,1,0,2,3,0,2,0,6,5,1,4,0,3,4,1,2,1,1,62,64,54,54,58,60,54,69
d00388,cooking,0,0,0,0,0,0,0,1,6,8,10,4,3,2,5,4,0,0,0,1,1,0,0,0,0,0,0,0,0,0,1,1,8,7,9,4,6,8,7,16
d00389,machine_learning,25,33,25,21,26,26,23,27,2,1,2,1,3,1,0,0,2,0,3,0,0,2,1,1,0,0,2,0,0,1,1,1,63,47,47,55,30,35,48,46
d00390,football,1,1,0,0,1,1,0,0,0,1,1,1,0,1,0,2,1,1,1,1,0,2,0,2,15,11,22,14,15,17,22,18,22,29,25,26,35,29,24,30
d00391,astronomy,0,2,0,0,1,0,0,2,0,0,0,1,1,1,0,0,11,9,13,9,8,9,6,18,1,0,1,0,1,0,0,1,25,20,20,27,17,18,21,16
d00392,cooking,2,1,0,1,0,4,1,2,26,21,30,27,34,29,37,30,2,1,2,1,1,1,1,2,3,4,2,0,1,1,2,2,49,50,39,61,44,42,31,31
d00393,football,0,2,1,0,1,0,0,0,2,1,0,1,1,0,0,0,1,1,1,1,1,0,1,0,15,10,15,16,13,14,9,14,30,21,16,18,23,29,22,24
d00394,cooking,0,0,0,0,1,0,2,1,10,11,10,5,15,10,15,7,0,1,0,1,0,2,0,0,0,1,0,1,0,0,0,0,18,25,15,23,16,12,13,19
d00395,astronomy,3,1,4,5,1,3,3,1,2,3,1,2,1,1,2,2,39,36,46,39,43,39,30,45,3,0,4,0,1,3,1,2,73,79,76,68,66,72,61,71
d00396,machine_learning,5,8,3,2,4,6,4,9,0,1,0,0,0,0,0,0,0,2,2,0,0,1,1,1,0,0,1,0,0,0,1,0,7,7,12,9,7,5,6,5
d00397,cooking,0,0,0,0,1,0,0,0,5,9,6,6,9,9,10,3,0,0,0,0,1,0,0,0,0,0,3,0,0,1,0,0,8,16,22,13,10,14,14,15
d00398,astronomy,1,2,0,1,0,0,1,0,0,1,1,2,2,3,1,1,19,31,28,29,22,12,28,24,4,0,2,1,1,1,1,1,34,50,47,45,50,35,52,56
d00399,astronomy,0,0,0,0,0,0,0,2,1,0,0,0,0,0,0,0,7,4,1,6,6,6,5,3,0,0,0,1,0,1,0,0,7,8,12,15,14,10,13,8
d00400,cooking,1,1,0,1,0,1,2,1,23,18,17,15,15,17,19,21,0,1,1,1,1,1,0,0,0,0,0,2,2,0,1,1,25,31,30,29,30,28,29,31
d00401,cooking,1,0,0,0,0,0,0,0,13,14,18,11,5,13,8,9,1,1,2,0,0,0,0,1,0,0,1,0,0,1,0,0,20,15,12,17,19,13,15,14
d00402,machine_learning,15,18,21,12,19,18,18,14,1,1,1,0,0,1,0,0,0,0,0,0,2,1,0,0,1,1,1,4,0,2,1,0,15,26,22,39,26,28,27,31
d00403,cooking,0,2,0,0,0,0,0,2,10,9,12,9,10,10,10,9,0,0,1,0,0,1,2,0,0,0,0,1,0,0,0,1,16,18,15,16,23,15,18,16
d00404,astronomy,2,1,0,1,1,1,0,0,1,0,0,0,1,0,0,1,9,16,17,13,17,12,9,9,2,0,0,1,1,0,1,2,22,23,25,19,22,26,20,18
d00405,football,5,3,1,2,1,4,0,2,3,0,0,1,3,1,4,1,2,3,2,1,0,2,2,1,28,27,23,26,23,22,19,22,45,55,36,44,25,43,45,40
d00406,machine_learning,9,7,9,7,6,9,2,13,0,0,0,1,1,0,0,1,1,1,1,0,0,0,0,0,0,0,0,0,0,1,1,0,14,11,15,13,9,10,13,13
d00407,cooking,6,4,3,0,6,0,2,1,62,61,65,64,70,70,66,57,6,4,4,5,7,4,2,4,5,4,1,2,2,3,0,4,106,108,112,116,129,117,128,121
d00408,cooking,0,2,0,0,0,0,1,0,10,17,12,8,8,11,7,12,0,0,0,0,0,0,1,2,0,0,0,0,0,1,0,1,18,12,10,10,18,18,13,16
d00409,cooking,0,1,0,0,1,0,2,0,18,23,12,13,17,17,21,14,2,0,0,0,1,1,1,1,0,0,0,2,0,1,0,0,26,30,20,37,27,28,41,21
d00410,football,1,0,0,1,0,0,2,0,0,1,0,1,2,0,0,0,0,0,0,0,1,0,1,0,11,15,20,14,11,12,11,14,23,23,17,16,15,16,15,15
d00411,cooking,1,0,0,0,1,2,0,1,18,9,23,14,17,13,12,20,1,0,0,1,0,0,0,1,1,0,1,1,1,0,0,0,23,20,23,22,29,26,28,29
d00412,astronomy,0,0,0,0,0,0,0,0,0,0,1,0,1,0,0,0,6,5,5,3,8,4,0,6,0,0,0,0,0,0,0,0,2,7,12,9,2,9,5,5
d00413,cooking,0,0,0,2,1,0,0,0,8,12,15,9,15,11,11,10,1,1,1,1,1,0,0,0,0,0,2,0,1,0,0,1,21,20,15,24,25,17,20,24
d00414,football,3,2,2,3,2,2,0,1,2,2,0,2,0,2,0,2,0,2,3,0,0,1,0,2,18,12,21,28,21,21,28,22,39,44,38,46,37,44,44,35
d00415,astronomy,1,0,1,1,1,0,1,0,2,1,1,1,3,0,0,0,6,20,22,21,18,11,15,14,2,0,2,1,0,1,0,1,27,27,34,26,23,29,31,25
d00416,machine_learning,49,51,62,65,56,40,43,54,0,2,4,3,3,3,1,1,1,5,3,9,3,1,3,0,5,2,6,2,4,6,1,1,77,78,106,84,89,90,91,79
d00417,astronomy,0,0,1,1,2,1,0,0,1,0,0,5,1,0,3,1,24,28,24,22,27,20,26,21,0,1,1,1,2,0,0,1,44,53,37,25,47,31,42,37
d00418,football,0,0,1,0,0,2,1,2,2,3,1,1,0,0,2,1,1,0,2,1,0,0,0,0,14,16,16,12,12,19,9,11,19,21,23,25,18,23,22,21
d00419,cooking,1,0,1,0,2,0,1,0,14,14,13,8,7,9,9,9,0,1,0,0,0,0,1,0,1,0,0,0,1,1,0,0,17,18,12,8,19,15,19,16
d00420,astronomy,0,3,0,1,0,5,1,2,0,2,0,3,4,3,1,2,60,30,48,46,52,54,37,48,1,2,1,3,3,1,0,3,79,62,83,74,75,68,84,65
d00421,astronomy,1,0,0,1,0,1,0,0,0,0,1,0,0,0,0,1,5,13,10,9,4,4,5,9,0,0,0,1,1,0,0,0,18,10,12,14,19,13,12,12
d00422,astronomy,0,1,0,0,0,1,0,1,0,1,1,0,1,0,1,1,22,12,10,14,14,13,12,10,0,0,2,0,2,1,1,0,24,19,19,17,25,20,17,18
d00423,machine_learning,18,3,14,14,13,9,17,9,0,0,1,2,0,0,0,1,0,0,1,1,0,0,1,0,1,2,2,1,0,0,0,0,24,17,19,16,22,15,21,20
d00424,astronomy,1,1,0,0,1,0,1,1,0,5,0,1,3,1,1,1,25,32,26,32,22,27,26,24,2,1,1,2,2,2,0,2,40,42,46,52,33,35,42,53
d00425,football,2,0,1,0,0,1,0,0,2,0,0,1,0,0,0,0,0,0,2,0,1,0,2,1,14,18,14,14,20,12,8,13,24,23,20,30,29,22,25,25
d00426,cooking,1,1,0,0,0,1,1,1,6,11,13,9,12,7,6,8,0,0,0,0,0,0,0,0,0,1,2,0,1,0,0,0,14,8,10,16,14,12,9,8
d00427,cooking,0,0,0,1,0,1,0,0,15,11,5,4,9,14,10,11,1,0,1,0,1,2,0,0,2,0,4,0,0,0,1,1,17,16,17,17,16,16,13,17
d00428,astronomy,0,0,1,0,0,1,2,1,0,0,0,4,0,2,2,3,17,26,25,20,23,22,18,30,1,2,1,1,1,2,0,2,35,24,40,28,35,40,30,32
d00429,astronomy,2,1,3,3,2,2,1,3,0,2,0,3,0,1,1,1,32,41,24,27,36,35,37,33,1,1,0,2,5,2,2,1,59,53,55,50,64,57,45,50
d00430,cooking,3,3,2,0,1,2,0,0,29,37,36,26,30,32,38,23,0,2,1,0,0,2,0,1,2,0,1,1,2,0,1,3,49,48,63,64,54,59,46,50
d00431,machine_learning,25,28,24,27,27,26,28,38,0,3,2,3,1,0,3,1,0,1,2,1,0,2,1,2,1,4,0,2,1,1,0,2,40,45,48,44,59,49,38,45
d00432,football,0,0,1,0,1,0,1,1,1,0,0,1,0,0,0,1,0,1,0,1,0,0,1,0,13,5,16,9,8,13,14,13,18,24,22,22,22,13,20,17
d00433,machine_learning,9,14,15,16,19,11,18,15,0,0,1,1,0,1,1,1,2,1,0,2,0,0,0,0,0,1,0,0,0,0,0,1,21,21,15,18,30,27,19,23
d00434,astronomy,0,1,0,0,0,1,2,2,2,0,0,0,3,2,1,2,10,15,9,15,11,9,6,9,3,1,1,1,0,0,1,0,20,18,18,18,23,11,17,24
d00435,cooking,0,1,2,0,1,0,2,2,28,27,20,28,30,30,23,44,1,1,1,3,1,0,1,2,2,0,3,3,1,1,2,2,53,56,43,60,41,46,64,54
d00436,cooking,1,0,1,1,3,2,2,4,36,46,54,43,39,42,47,35,2,1,3,1,5,0,2,2,4,4,2,5,2,2,8,2,73,74,62,96,67,70,60,70
d00437,machine_learning,33,39,28,37,40,36,30,29,3,1,0,1,0,0,1,1,2,0,2,1,0,1,2,2,1,2,1,2,1,0,1,1,56,59,40,69,39,42,51,52
d00438,machine_learning,5,8,7,7,5,7,8,10,0,0,0,0,1,0,1,1,0,0,0,0,0,1,0,0,1,0,0,0,0,1,0,0,12,13,8,6,5,14,13,7
d00439,machine_learning,26,27,19,23,14,19,16,15,1,1,1,1,0,1,0,0,1,0,1,0,1,0,1,1,0,0,2,2,2,1,0,1,37,27,33,24,29,31,35,26
d00440,astronomy,0,0,0,0,0,0,0,1,1,1,1,0,1,1,0,1,5,4,8,8,4,4,3,8,0,1,0,0,0,0,0,0,15,7,12,12,7,13,9,5
d00441,machine_learning,8,10,13,9,13,16,11,13,1,1,0,0,2,1,0,0,0,0,0,0,0,0,0,0,1,0,0,0,0,2,0,0,26,29,23,15,18,26,27,20
d00442,machine_learning,7,6,6,6,7,7,5,7,1,0,0,0,0,0,0,0,1,0,2,0,3,0,0,0,0,0,0,0,1,2,0,0,11,13,13,11,12,11,9,12
d00443,machine_learning,200,195,188,217,205,200,204,175,8,10,12,12,11,12,8,10,11,8,8,5,8,11,9,10,21,9,14,11,12,10,9,6,306,346,315,303,343,338,346,319
d00444,machine_learning,41,42,31,33,28,39,33,31,2,2,0,2,1,2,1,0,0,1,0,0,3,5,0,0,2,0,1,2,0,1,2,0,57,52,62,58,43,43,50,54
d00445,astronomy,0,1,0,0,0,0,0,0,2,0,1,0,0,0,1,0,9,6,4,7,15,8,5,8,0,1,0,0,0,0,0,0,16,11,10,19,11,10,6,16
d00446,cooking,2,3,2,1,1,0,2,0,40,40,38,42,54,37,43,32,0,1,1,1,1,0,2,1,1,4,4,4,2,3,2,1,86,70,65,84,68,56,67,77
d00447,football,4,5,1,0,3,1,1,5,2,1,1,1,1,4,2,2,0,2,1,0,1,5,5,1,51,62,39,40,52,56,52,52,91,87,96,84,81,90,90,86
d00448,cooking,3,5,3,5,3,3,4,6,69,90,90,60,67,88,70,78,3,1,3,4,6,7,5,2,5,2,9,4,2,3,5,7,138,127,139,122,118,125,136,144
d00449,football,1,0,0,0,1,0,1,0,1,0,1,0,0,0,1,2,0,0,0,1,0,0,0,0,12,7,11,11,15,11,10,13,11,11,18,19,15,18,16,14
d00450,machine_learning,102,93,110,91,80,94,82,92,4,6,8,4,4,7,5,2,6,0,7,5,3,6,2,4,1,3,3,7,4,4,6,3,162,144,163,191,178,160,165,164
d00451,cooking,1,3,2,2,1,2,2,1,26,12,16,19,22,21,19,12,1,2,0,0,0,2,1,1,0,1,0,1,0,1,1,0,21,34,23,23,29,28,24,16
d00452,football,0,0,3,0,0,1,0,2,0,0,0,0,1,0,1,0,0,0,1,0,0,0,1,1,10,5,10,6,9,5,3,5,5,19,13,8,10,16,9,5
d00453,football,0,1,0,0,1,0,1,0,0,2,0,1,0,1,0,0,0,0,0,0,0,0,0,0,4,5,6,9,5,4,6,6,15,12,13,7,11,7,7,5
d00454,cooking,0,1,4,4,1,0,2,1,21,23,22,14,26,23,21,26,2,4,0,0,0,1,2,0,1,0,1,2,0,0,1,0,40,35,44,34,33,34,38,34
d00455,astronomy,0,0,0,1,1,0,1,0,1,0,1,0,0,0,0,0,7,8,7,8,11,11,10,7,0,0,1,0,0,1,0,0,13,11,15,18,15,24,20,11
d00456,astronomy,0,1,0,0,0,0,1,0,0,1,1,0,1,0,0,1,11,14,5,5,10,13,9,10,0,1,0,0,0,1,0,2,20,13,13,21,14,11,10,11
d00457,machine_learning,35,20,36,28,33,41,47,28,1,3,1,1,0,1,0,1,1,1,4,1,1,1,1,2,0,1,1,1,0,1,2,0,53,48,48,53,46,48,51,45
d00458,football,2,3,5,1,2,4,3,3,1,4,0,1,5,4,1,3,1,6,2,2,4,3,4,4,62,53,45,57,53,49,61,53,83,95,82,70,82,86,68,82
d00459,machine_learning,10,4,8,8,5,4,8,14,0,0,1,0,0,1,1,0,2,0,0,0,0,1,0,0,0,1,0,0,0,0,0,0,11,9,13,13,13,14,12,4
d00460,cooking,0,0,1,1,0,0,1,0,11,10,5,5,9,4,6,4,1,0,0,1,0,1,0,0,1,0,0,1,1,0,0,0,13,16,10,10,21,13,12,9
d00461,football,2,1,1,0,1,1,0,1,4,3,1,0,2,1,3,0,1,3,0,3,0,1,0,2,25,32,19,26,17,27,25,19,53,42,49,54,53,53,45,42
d00462,cooking,0,0,0,4,1,2,2,1,31,28,36,40,32,32,27,30,1,0,4,1,3,2,2,2,2,0,3,0,1,2,1,0,44,42,45,44,51,52,48,44
d00463,cooking,0,0,1,0,0,0,0,0,6,7,7,8,2,8,3,12,1,0,0,1,0,1,0,0,0,0,0,0,0,0,0,0,12,9,9,19,7,10,11,7
d00464,cooking,1,0,1,0,2,1,2,0,8,9,6,8,12,10,9,10,1,0,0,0,1,2,2,0,0,0,1,0,1,0,1,1,13,25,14,19,11,16,21,17
d00465,football,0,0,0,0,0,0,0,1,0,0,0,0,0,1,0,0,0,1,0,0,0,0,1,1,6,7,5,7,4,7,3,12,8,12,12,5,11,8,8,11
d00466,astronomy,0,0,3,1,2,0,0,1,0,0,1,1,1,0,1,0,18,11,15,14,13,19,17,16,0,1,1,0,1,0,2,1,23,29,35,29,16,31,24,24
d00467,cooking,2,2,6,4,2,2,2,6,110,82,92,95,81,89,88,98,4,3,3,3,1,3,5,8,2,6,4,4,2,5,4,4,128,143,157,160,140,146,129,151
d00468,machine_learning,6,7,9,9,12,15,5,12,0,1,0,1,0,0,0,0,0,0,0,0,0,0,0,0,0,0,1,0,1,0,0,1,20,17,17,18,22,14,14,6
d00469,cooking,1,0,0,1,0,0,0,0,10,13,14,8,7,14,11,8,0,0,1,0,1,0,0,1,0,0,1,0,2,0,0,1,15,27,22,23,15,19,19,15
d00470,cooking,1,4,1,2,1,1,2,2,56,53,58,64,67,66,58,57,1,4,6,2,3,1,2,3,2,2,1,4,4,2,4,1,103,98,79,93,90,102,108,91
d00471,football,3,2,6,7,2,2,4,2,5,3,5,2,7,5,0,3,2,4,5,2,4,2,5,3,60,60,63,85,63,51,58,77,117,113,99,98,108,103,96,111
d00472,machine_learning,22,39,44,42,40,41,33,34,0,3,2,1,0,3,1,1,1,1,1,0,4,7,2,2,0,0,1,3,1,2,2,2,51,58,56,44,56,61,69,57
d00473,football,0,0,1,0,1,1,1,2,0,0,1,0,0,4,0,0,0,0,3,3,0,0,2,1,12,15,22,19,12,18,16,23,29,31,17,26,23,24,26,19
d00474,cooking,0,0,0,2,2,2,1,1,32,19,23,24,27,26,33,34,0,0,1,3,2,1,0,1,2,0,1,3,0,2,2,0,44,33,48,35,41,38,46,31
d00475,cooking,2,2,2,0,2,1,3,0,29,28,31,22,33,23,34,25,1,1,3,2,2,0,0,0,1,1,1,1,1,0,1,2,51,41,50,48,38,56,46,53
d00476,cooking,0,0,2,1,2,2,0,0,21,16,22,23,26,25,21,24,0,0,1,1,1,0,0,1,2,2,0,4,2,0,1,0,32,38,37,40,32,29,33,28
d00477,cooking,8,8,10,5,4,8,7,8,177,150,160,146,161,149,163,165,7,7,12,8,9,8,11,5,5,4,5,5,10,6,5,11,230,280,242,241,255,265,236,284
d00478,astronomy,3,0,3,2,4,3,1,3,2,3,2,0,2,2,3,2,42,61,48,41,45,53,47,55,5,2,3,4,2,2,5,1,85,74,85,91,88,75,78,90
d00479,football,0,0,1,0,2,0,0,1,1,2,0,1,1,0,1,1,0,1,0,2,0,1,1,0,22,23,24,20,23,16,18,20,40,39,38,30,38,30,37,47
d00480,astronomy,0,0,0,0,0,0,0,0,0,0,0,0,0,1,0,0,12,8,7,14,7,10,11,9,0,0,0,0,1,0,1,0,13,12,14,10,14,14,16,21
d00481,machine_learning,15,26,24,25,24,19,30,25,2,2,0,0,1,1,0,0,1,2,0,3,0,2,0,1,1,2,1,1,1,0,2,0,42,34,33,31,31,41,41,31
d00482,football,2,2,1,2,1,4,1,0,2,4,2,2,2,1,0,3,0,3,0,1,3,5,1,0,50,46,46,38,40,35,53,46,65,59,60,54,59,81,52,75
d00483,astronomy,0,3,3,3,7,5,2,6,1,2,4,4,5,5,4,4,68,66,67,57,71,61,57,69,1,3,1,3,0,5,0,4,129,89,111,107,102,112,108,114
d00484,machine_learning,22,19,22,14,14,18,10,12,1,1,1,0,0,0,1,0,1,3,2,1,3,0,2,4,1,0,2,1,1,1,2,1,27,29,21,31,28,21,37,21
d00485,cooking,1,0,0,0,0,0,0,0,2,2,4,10,9,12,3,5,0,1,0,0,1,0,0,2,2,0,0,0,0,0,0,0,13,7,12,18,12,16,8,7
d00486,astronomy,0,0,0,1,0,0,1,0,0,0,1,0,0,1,0,0,21,21,24,13,28,19,17,22,2,0,0,0,0,0,2,0,37,25,39,28,33,38,23,37
d00487,football,0,1,3,0,2,4,0,2,1,2,2,1,3,2,5,6,2,3,3,3,4,3,3,0,53,65,52,56,51,49,63,54,88,104,85,79,83,76,82,95
d00488,football,1,2,3,0,3,0,0,0,3,0,0,2,2,0,0,1,0,1,0,0,0,0,0,1,20,25,22,20,23,21,25,17,42,49,40,36,51,42,43,34
d00489,football,1,0,2,2,1,1,0,1,1,1,3,2,1,2,1,0,1,0,1,2,1,3,2,0,19,11,21,17,16,16,13,21,23,47,30,35,20,29,30,35
d00490,cooking,0,0,0,0,1,0,1,1,8,5,3,12,11,11,4,7,0,0,0,1,0,0,0,1,0,0,0,0,0,0,0,0,14,10,11,9,14,9,11,8
d00491,machine_learning,6,5,9,5,12,14,8,5,0,0,0,1,1,0,1,0,0,0,0,0,0,0,0,0,0,1,0,0,0,0,0,0,11,16,12,19,11,19,8,10
d00492,football,1,0,0,2,2,1,0,1,0,1,1,0,1,1,0,1,0,0,3,2,1,1,1,2,26,23,31,18,21,16,17,19,32,32,33,46,46,32,40,44
d00493,football,2,2,3,2,2,1,2,2,1,1,2,2,0,0,0,3,1,2,1,2,1,2,2,1,26,30,33,38,27,30,32,29,59,54,47,48,55,56,66,51
d00494,machine_learning,7,5,5,5,8,3,6,6,0,1,2,0,0,0,0,0,1,0,1,0,0,0,1,1,0,0,0,1,0,0,1,0,18,12,9,12,11,14,5,12
d00495,astronomy,1,0,2,0,1,1,2,0,1,1,0,2,0,1,0,0,16,18,18,16,11,14,14,12,2,0,1,1,0,0,0,2,37,38,35,28,21,24,21,29
d00496,astronomy,0,1,1,2,0,2,1,3,0,1,0,0,0,0,1,0,22,19,20,17,18,19,30,17,3,0,0,0,0,1,0,0,30,20,26,27,31,22,25,27
d00497,astronomy,1,0,0,0,0,0,1,1,0,1,0,1,0,1,0,0,5,7,6,12,13,16,11,7,1,0,0,0,0,0,0,0,13,19,17,20,13,9,8,10
d00498,cooking,1,0,1,0,2,1,2,1,19,23,16,19,17,20,21,19,1,1,1,1,2,0,1,1,0,1,0,0,1,0,1,0,42,39,35,38,36,34,36,46
d00499,football,1,1,0,1,0,2,1,0,0,0,2,1,0,1,0,0,1,0,0,1,0,1,0,1,19,20,13,17,11,21,9,13,29,33,23,21,21,22,21,23
d00500,astronomy,2,0,0,1,0,0,0,0,0,1,1,1,0,1,0,0,15,13,16,16,8,6,11,5,1,1,2,1,0,0,0,0,18,18,16,27,17,24,21,24
d00501,machine_learning,14,10,11,14,9,11,13,9,0,0,0,1,0,0,0,0,1,2,0,0,1,0,0,0,0,0,0,1,0,0,0,1,13,13,16,11,13,18,12,18
d00502,cooking,1,0,0,0,0,0,0,1,6,5,14,8,17,10,6,6,0,0,0,0,0,1,1,0,2,0,1,1,0,0,0,1,16,15,21,9,9,13,11,13
d00503,football,0,1,0,1,0,0,1,1,0,0,0,0,0,2,0,0,0,0,0,0,0,0,0,0,7,4,3,5,5,4,9,8,4,9,9,14,8,6,9,6
d00504,cooking,0,0,0,0,0,0,1,0,4,6,3,4,7,5,4,5,0,1,0,0,0,0,1,0,0,0,0,0,0,0,0,0,5,10,8,8,8,11,10,9
d00505,cooking,0,0,0,0,0,0,0,1,0,6,7,4,3,7,1,3,0,1,0,1,0,0,0,0,0,0,1,0,0,0,0,0,7,6,4,3,7,8,10,8
d00506,cooking,1,2,1,0,0,1,2,1,20,19,16,18,24,16,26,20,2,1,1,1,0,2,1,2,0,0,2,3,2,0,2,0,38,29,29,33,48,31,29,26
d00507,astronomy,1,1,0,1,0,0,0,0,0,1,2,0,0,0,1,0,10,10,15,11,17,16,5,7,0,1,1,0,0,0,1,1,26,16,23,14,19,24,22,19
d00508,football,0,0,0,1,1,0,0,0,1,0,0,1,1,0,1,0,2,0,0,0,1,0,0,1,4,7,4,4,3,6,7,3,10,12,10,13,9,10,14,17
d00509,cooking,1,0,0,0,0,0,1,0,7,8,8,11,8,7,12,5,0,1,1,0,0,0,0,0,0,0,0,1,2,1,0,1,10,20,15,13,11,14,8,10
d00510,astronomy,0,1,0,0,1,1,0,1,0,1,0,0,0,0,0,0,3,6,5,2,2,3,5,3,0,0,0,1,2,0,1,0,10,6,6,15,5,9,12,2
d00511,machine_learning,13,12,6,14,23,13,18,12,1,1,1,0,1,1,0,0,0,1,0,3,0,0,0,0,0,0,1,1,2,0,0,0,14,19,34,26,26,22,23,30
d00512,cooking,0,1,0,0,0,0,1,2,7,8,11,9,13,8,10,11,0,1,0,0,1,0,1,0,0,1,0,1,0,0,0,1,20,11,15,21,20,22,14,21
d00513,cooking,0,0,0,0,0,0,1,1,9,9,11,10,6,11,11,6,0,0,0,0,0,0,0,0,1,0,0,0,0,0,1,0,12,12,10,12,15,9,14,9
d00514,machine_learning,25,13,15,18,20,22,23,19,3,2,0,1,0,3,1,2,1,1,2,2,0,0,0,1,0,1,0,1,2,0,0,0,19,28,43,30,27,32,37,41
d00515,machine_learning,8,13,8,11,6,9,6,14,0,1,1,0,1,0,0,0,0,0,1,0,1,0,0,0,0,0,1,1,0,0,0,0,19,13,12,9,24,16,18,13
d00516,machine_learning,6,9,4,5,7,5,6,7,0,0,1,0,0,1,0,0,1,0,1,1,0,1,0,0,1,0,0,1,1,0,1,0,10,10,11,12,13,14,12,17
d00517,cooking,0,0,0,1,0,0,0,0,3,4,1,3,5,4,5,1,1,0,1,0,0,0,0,0,0,0,0,1,0,0,1,0,6,8,5,10,6,5,7,1
d00518,football,0,1,0,1,0,0,0,0,0,0,0,1,0,1,0,0,0,0,1,0,0,0,0,0,9,7,9,3,10,9,4,9,13,10,7,17,9,13,7,17
d00519,astronomy,4,2,2,6,5,5,2,0,3,3,3,3,3,7,8,4,64,69,52,76,62,66,83,62,2,2,7,5,5,1,2,3,106,104,117,113,134,116,98,103
d00520,astronomy,1,1,0,2,0,0,0,0,0,1,0,3,2,1,0,1,10,10,12,12,14,7,15,12,0,0,1,0,1,0,0,0,13,17,15,27,17,19,16,19
d00521,astronomy,0,3,0,0,2,0,2,0,0,3,0,1,2,3,1,1,17,20,27,23,22,30,25,27,0,2,0,1,1,1,0,0,37,42,47,36,43,33,39,39
d00522,machine_learning,6,6,3,8,6,9,8,5,0,0,0,0,0,0,0,0,0,0,1,0,0,1,1,0,1,0,0,0,0,0,0,1,11,9,9,12,8,8,11,14
d00523,cooking,0,1,0,1,2,1,2,1,24,22,25,27,12,16,20,19,1,0,0,2,0,1,1,0,2,0,2,1,2,0,0,0,32,29,39,33,30,31,27,36
d00524,astronomy,2,2,2,1,2,2,1,1,0,2,1,2,0,5,0,0,32,30,41,31,31,34,32,31,5,1,0,4,3,3,2,0,58,46,51,59,58,53,71,54
d00525,machine_learning,4,9,9,12,12,11,6,7,0,3,0,0,0,1,0,0,0,0,0,1,1,0,0,1,1,2,0,0,0,1,1,0,16,12,14,12,13,18,17,13
d00526,cooking,3,1,1,0,0,0,2,2,6,13,11,10,11,8,11,15,1,0,0,0,0,0,0,0,0,1,2,1,0,0,1,0,27,18,28,17,25,16,18,19
d00527,astronomy,0,0,0,1,0,1,0,0,0,2,0,0,0,0,0,0,6,2,3,5,6,5,6,6,0,0,2,0,1,0,3,0,6,2,6,9,8,6,4,11
d00528,cooking,4,3,2,0,1,4,1,1,27,35,45,36,38,34,36,31,0,1,3,1,1,2,2,2,2,1,1,1,3,3,2,5,64,58,65,58,53,58,76,59
d00529,football,1,1,1,2,0,0,1,1,2,1,1,0,1,1,1,1,2,1,2,3,5,2,1,2,21,35,33,29,24,20,36,31,46,53,48,56,51,42,55,57
d00530,cooking,0,2,0,1,0,0,0,0,8,9,9,5,8,10,8,4,2,0,0,1,0,0,1,0,2,0,0,0,0,0,1,0,12,11,11,14,9,12,10,13
d00531,football,1,4,4,0,2,1,1,0,2,1,2,0,3,1,0,1,1,1,2,0,1,1,0,0,25,34,30,29,39,35,26,44,71,59,58,68,62,47,67,55
d00532,astronomy,0,1,3,3,3,0,3,3,0,3,2,3,1,2,4,1,34,24,30,25,38,37,29,31,1,1,1,3,1,1,0,2,55,54,41,42,53,59,56,57
d00533,astronomy,0,0,0,1,0,0,0,0,1,0,0,1,0,2,0,1,5,3,9,7,9,5,10,5,0,0,1,0,0,1,0,2,10,7,14,16,17,9,13,10
d00534,cooking,0,3,0,0,0,0,1,0,11,5,11,10,5,3,9,10,1,1,1,1,2,0,0,2,0,0,0,0,1,0,1,1,17,17,16,17,19,10,19,24
d00535,cooking,1,0,0,0,1,0,0,0,7,8,8,14,7,7,15,8,1,1,0,0,0,0,0,1,0,1,1,0,0,1,0,0,19,16,15,24,16,9,18,18
d00536,cooking,2,3,3,0,2,2,1,1,35,27,30,34,33,25,41,36,2,2,6,0,1,1,4,2,1,2,4,3,1,4,2,2,61,55,47,55,57,55,43,38
d00537,football,2,2,1,1,3,1,1,4,1,0,1,0,1,0,1,4,2,3,1,2,1,3,3,2,28,38,32,39,36,31,35,35,55,67,57,63,66,55,63,60
d00538,cooking,5,4,9,6,3,4,3,5,109,111,100,105,88,98,95,113,5,7,1,9,5,6,1,7,3,6,3,7,6,3,7,7,172,170,159,169,181,160,173,174
d00539,football,2,0,0,0,0,1,0,0,1,1,2,0,0,3,0,0,0,1,1,1,0,0,0,0,10,18,12,10,13,13,9,16,25,20,25,24,25,23,23,15
d00540,football,1,0,1,1,1,1,1,2,1,0,2,1,3,2,1,0,4,0,1,0,0,2,1,0,26,24,15,32,38,30,26,26,36,52,43,59,43,46,46,42
d00541,football,0,0,0,1,1,1,0,1,1,2,0,1,2,1,0,0,0,0,1,0,2,4,0,1,19,18,14,14,16,30,20,26,28,27,27,24,31,25,17,19
d00542,astronomy,0,0,0,0,1,1,1,0,1,2,0,0,1,1,0,0,16,14,11,23,9,21,16,13,1,0,0,2,0,0,1,0,16,18,27,22,24,28,21,27
d00543,machine_learning,9,14,8,11,17,7,7,12,0,1,1,0,1,0,0,0,1,0,0,0,1,0,2,0,1,1,0,0,1,0,0,3,21,13,23,14,25,21,19,16
d00544,machine_learning,28,19,21,28,21,24,24,28,0,1,0,1,1,0,1,1,0,1,1,0,3,2,0,4,0,0,1,2,1,1,2,1,36,34,42,43,41,37,41,52
d00545,cooking,1,2,0,1,0,0,0,2,15,25,21,19,28,24,20,15,0,1,1,0,0,0,0,1,0,2,0,2,0,1,2,1,31,38,24,32,32,32,34,23
d00546,cooking,1,0,0,1,0,0,1,0,5,10,6,8,13,11,5,12,0,2,1,0,1,0,0,0,1,0,1,1,2,0,0,1,26,14,22,13,13,12,17,10
d00547,astronomy,1,0,3,2,2,1,0,2,5,2,4,3,1,1,0,1,40,41,44,34,44,28,39,42,1,1,1,5,2,0,0,0,58,58,51,63,66,53,59,63
d00548,machine_learning,46,38,34,46,30,30,37,46,2,3,1,0,2,4,0,2,1,1,3,0,1,4,1,5,1,1,1,0,1,3,1,2,65,61,59,60,59,54,61,54
d00549,cooking,1,1,0,0,0,1,1,0,9,7,7,14,8,7,10,6,0,0,1,1,0,0,0,0,0,1,0,1,0,0,0,0,15,10,11,17,19,16,15,13
d00550,machine_learning,11,7,8,8,6,13,10,16,1,0,0,1,0,0,0,0,0,0,1,0,0,0,0,1,0,1,1,0,0,0,0,0,21,22,18,10,14,17,19,24
d00551,astronomy,2,0,1,0,0,2,0,1,1,2,1,1,1,2,1,0,19,16,11,15,21,14,16,14,1,1,1,1,0,1,0,1,25,32,21,33,18,26,27,22
d00552,cooking,5,1,1,5,2,4,1,0,78,68,69,73,67,72,77,70,1,4,4,6,2,1,2,4,5,4,4,5,3,4,6,1,120,124,130,100,141,118,136,111
d00553,cooking,1,0,0,0,0,0,1,0,5,5,8,5,8,3,5,3,0,0,0,0,0,1,0,0,0,0,0,0,1,0,0,0,11,3,6,11,9,10,6,5
d00554,astronomy,0,0,1,1,1,0,1,0,1,1,1,1,0,0,1,0,10,11,8,13,8,11,20,11,0,0,0,1,0,1,0,1,14,20,17,19,14,15,19,21
d00555,cooking,0,0,1,0,0,0,0,1,9,8,5,7,12,7,8,6,0,0,0,0,0,0,1,1,0,0,0,1,0,1,0,0,10,13,11,12,8,8,9,11
d00556,cooking,0,3,2,1,2,2,1,1,26,28,33,19,26,24,29,35,1,0,1,1,0,1,2,3,2,2,2,0,3,0,1,0,58,56,43,48,46,48,39,42
d00557,machine_learning,22,26,16,29,19,26,23,27,1,3,2,2,2,1,2,3,0,2,0,0,0,3,2,1,3,1,2,2,1,2,2,4,46,44,35,42,37,46,37,46
d00558,football,0,2,1,0,3,2,1,1,4,3,1,1,6,4,4,3,4,3,1,2,1,0,1,0,51,49,44,45,39,54,45,48,86,78,85,75,83,70,72,77
d00559,astronomy,2,0,2,0,1,1,0,1,1,0,1,1,0,0,0,2,24,12,23,13,19,15,20,16,0,0,1,1,0,1,0,0,26,29,31,31,25,21,34,28
d00560,astronomy,0,0,0,0,1,0,0,0,1,2,0,2,0,0,0,1,5,4,7,1,7,6,7,6,0,1,0,0,0,0,0,1,12,15,10,8,10,10,10,9
d00561,football,0,0,0,0,1,0,0,0,2,0,0,0,0,0,1,0,0,0,1,0,1,1,0,0,7,9,5,8,6,5,11,7,9,10,17,10,8,10,10,12
d00562,astronomy,2,3,3,0,1,2,1,3,0,2,1,1,2,1,0,1,31,24,38,32,32,28,32,33,2,1,1,1,2,1,5,1,40,35,62,50,44,39,51,39
d00563,astronomy,2,4,1,2,2,3,1,6,2,5,4,5,2,1,2,0,34,46,44,33,43,27,44,45,2,2,3,3,2,2,1,1,59,48,73,74,64,61,73,69
d00564,football,0,1,1,0,0,0,1,2,0,0,1,3,1,0,0,1,0,0,0,0,0,0,0,0,17,11,17,12,17,14,9,7,12,22,21,29,26,18,15,17
d00565,machine_learning,26,15,16,15,22,24,24,18,3,0,3,0,0,0,1,1,0,2,2,2,1,1,0,0,1,1,3,0,0,1,1,1,44,39,37,29,36,27,25,42
d00566,cooking,2,0,2,0,0,0,0,0,9,6,7,3,7,7,7,10,0,0,0,2,1,0,0,1,0,0,0,1,1,0,0,1,18,16,10,7,9,5,13,16
d00567,football,1,0,1,0,0,2,0,0,0,1,1,2,0,0,2,1,0,0,0,0,0,4,2,0,20,23,25,23,22,14,22,26,23,33,40,26,31,25,25,32
d00568,machine_learning,12,12,13,11,11,12,12,19,2,1,0,0,1,1,0,0,1,0,0,2,0,0,0,1,0,1,0,1,0,0,1,0,25,22,20,30,19,20,25,22
d00569,football,0,0,0,0,0,0,0,1,0,1,0,0,0,0,0,1,0,1,0,0,0,0,0,0,2,2,4,2,7,4,5,5,6,3,5,4,8,5,7,3
d00570,machine_learning,9,2,7,8,7,10,6,7,0,1,0,0,0,0,0,0,0,0,1,0,0,0,0,0,0,1,0,0,0,0,0,1,7,6,10,9,12,9,14,8
d00571,astronomy,0,1,0,1,0,1,0,0,0,0,0,0,0,0,0,0,6,9,7,8,5,8,8,7,0,1,0,0,0,0,0,0,10,13,9,12,7,13,13,7
d00572,cooking,0,0,0,0,0,0,0,0,4,5,1,6,8,5,6,3,0,0,0,1,0,1,1,0,0,0,1,0,0,0,0,1,7,6,7,9,6,8,8,10
d00573,astronomy,0,1,2,1,0,0,0,1,0,0,0,0,0,0,0,0,5,6,3,5,5,7,5,5,0,0,1,0,2,1,0,0,12,10,8,7,12,11,8,10
d00574,cooking,0,1,0,0,0,0,2,1,7,8,15,5,6,10,7,10,1,0,0,0,0,4,1,0,0,1,1,0,0,1,2,0,17,20,11,15,22,17,14,13
d00575,astronomy,10,4,2,2,9,2,9,4,4,3,3,0,0,3,4,4,47,60,74,67,60,63,66,71,5,5,1,7,3,2,5,4,110,105,99,113,107,110,114,106
d00576,cooking,0,0,0,0,0,0,0,0,6,3,1,3,5,7,3,6,0,2,0,0,0,0,0,1,0,0,0,0,0,0,0,1,8,11,9,12,9,6,6,10
d00577,machine_learning,4,3,4,6,5,12,3,6,1,0,0,0,0,0,1,0,0,0,0,0,0,1,1,0,0,0,0,0,1,0,0,0,12,6,7,6,5,7,5,8
d00578,football,1,0,0,0,0,0,1,0,0,0,0,2,1,1,0,0,0,0,0,2,0,1,0,0,6,12,6,12,9,4,11,7,15,9,18,12,12,9,13,12
d00579,machine_learning,53,40,44,43,46,57,43,59,2,1,5,4,3,3,4,3,1,1,2,5,1,4,1,3,4,2,0,2,3,1,1,3,70,81,71,91,68,65,82,82
d00580,football,0,1,1,1,0,1,0,1,0,0,0,1,0,1,0,0,1,0,0,3,0,0,0,0,21,17,14,17,17,13,27,9,21,22,12,25,20,26,30,23
d00581,football,0,0,0,0,0,0,0,0,0,0,0,0,1,1,0,1,0,0,0,0,0,0,0,1,6,7,6,7,6,2,4,4,8,7,5,2,2,8,7,6
d00582,astronomy,2,1,0,1,3,2,0,2,0,2,0,2,1,0,1,0,28,17,27,19,23,19,25,20,1,0,3,2,0,0,3,1,49,44,42,40,36,42,39,29
d00583,football,4,5,2,3,2,4,1,4,4,5,0,4,6,3,3,1,2,1,8,0,2,2,4,4,71,67,61,65,65,65,57,68,86,119,116,102,98,99,115,103
d00584,cooking,0,1,0,1,2,0,0,1,15,18,12,20,18,19,17,16,1,3,0,1,0,0,0,0,0,0,1,3,0,0,1,3,32,28,34,27,25,38,28,29
d00585,astronomy,3,0,0,1,0,1,0,2,2,0,0,0,0,0,2,0,24,20,19,26,24,23,25,16,0,1,0,0,1,4,2,1,36,36,38,38,47,30,43,40
d00586,cooking,1,0,0,0,0,0,1,0,18,28,29,20,24,32,30,29,1,1,1,1,1,1,3,3,1,2,0,1,0,2,1,1,40,43,44,38,39,36,45,44
d00587,football,1,1,0,2,0,0,1,1,0,0,2,2,0,0,0,2,0,1,0,0,0,0,0,1,18,11,15,20,13,16,15,14,28,19,30,18,24,25,20,13
d00588,football,3,1,1,2,1,1,2,2,3,0,4,3,2,1,1,3,0,1,0,2,3,2,2,3,30,38,30,30,33,30,35,25,49,53,46,55,64,53,51,61
d00589,machine_learning,7,3,6,8,9,10,12,7,1,0,2,0,0,0,0,1,1,0,0,0,1,0,0,0,0,0,0,0,0,0,0,0,16,9,17,12,18,10,15,14
d00590,cooking,0,2,0,1,0,1,0,0,16,14,15,9,13,9,21,13,0,1,1,3,1,2,0,1,0,0,1,0,1,1,1,1,18,32,35,22,32,36,28,14
d00591,machine_learning,13,14,17,17,17,17,20,19,0,0,0,0,0,0,0,0,0,2,1,1,0,0,0,0,0,1,0,0,0,0,0,0,23,25,30,29,24,25,29,29
d00592,astronomy,2,0,0,1,1,0,1,0,0,2,2,1,2,3,1,0,21,20,23,30,17,33,30,28,2,0,2,2,3,3,0,1,52,43,45,43,38,51,44,49
d00593,machine_learning,19,12,8,8,17,19,16,21,0,1,1,0,0,1,1,0,1,0,0,0,0,1,1,2,0,0,0,0,0,1,1,0,18,22,19,28,21,16,25,27
d00594,astronomy,5,4,5,3,5,6,4,3,5,6,5,4,6,7,5,5,147,144,137,147,136,152,121,141,7,4,8,8,6,4,8,4,239,261,233,206,262,231,256,263
d00595,astronomy,0,0,0,2,0,1,1,0,3,0,1,2,0,2,2,0,21,31,20,25,16,23,18,19,1,1,2,1,0,1,0,2,42,30,32,30,33,28,31,37
d00596,machine_learning,21,23,20,21,18,21,13,14,1,0,3,0,1,0,0,0,1,2,0,0,2,0,1,1,0,1,2,2,1,1,0,1,27,43,40,25,21,25,28,26
d00597,machine_learning,38,47,56,58,63,52,46,53,5,0,4,3,0,3,2,2,2,3,1,2,3,0,2,1,2,7,4,5,1,1,3,2,71,87,95,97,81,80,77,99
d00598,cooking,0,0,0,0,1,1,0,1,3,6,4,0,6,4,7,1,0,0,0,0,1,0,0,0,0,0,0,0,0,0,0,1,8,6,6,8,12,7,5,11
d00599,machine_learning,17,14,17,21,14,19,22,9,0,0,1,0,1,0,0,0,0,0,2,0,1,1,1,0,1,0,2,0,2,3,2,1,20,35,28,24,32,28,43,34
d00600,cooking,1,0,1,0,0,0,0,0,9,19,12,9,8,9,9,5,1,1,1,0,0,0,2,0,2,0,0,0,1,2,1,1,8,20,15,14,11,20,11,13
d00601,cooking,1,1,1,2,0,0,1,1,11,18,23,16,16,16,19,9,1,1,0,0,0,1,1,1,1,1,0,0,0,1,2,0,19,16,25,29,19,22,20,15
d00602,astronomy,1,1,3,2,1,0,0,2,1,1,3,2,1,2,4,0,20,18,29,32,25,18,32,36,0,2,0,1,2,0,0,0,45,35,48,48,42,39,40,51
d00603,cooking,2,2,2,3,2,0,0,1,25,24,25,27,18,28,39,28,1,1,0,1,2,3,1,2,1,1,1,2,3,1,1,1,45,36,51,48,41,44,35,54
d00604,football,0,3,1,0,0,2,0,0,2,2,1,0,1,0,1,0,1,0,0,0,0,0,0,0,14,13,14,21,8,16,21,15,22,25,23,23,25,28,24,13
d00605,machine_learning,9,12,14,15,5,17,10,9,0,1,1,0,0,0,0,0,1,0,1,0,1,0,1,1,0,0,0,0,1,2,0,0,22,19,15,11,24,13,30,23
d00606,machine_learning,5,2,5,3,6,2,2,4,0,0,1,0,0,1,0,0,0,0,1,0,0,0,1,0,0,0,0,0,0,2,1,0,8,5,8,3,6,11,7,7
d00607,astronomy,1,2,1,0,0,3,2,0,0,0,0,2,1,1,1,0,21,20,16,14,16,22,18,14,1,0,2,0,0,0,1,3,25,26,27,25,23,27,20,20
d00608,cooking,0,0,0,1,0,0,0,1,8,10,9,13,12,8,8,8,3,0,0,1,0,0,0,1,0,0,0,0,0,1,0,1,12,21,14,11,12,15,7,19
d00609,astronomy,1,2,1,2,2,4,1,1,0,3,1,1,1,0,1,0,37,35,35,34,34,25,28,31,3,2,2,1,2,2,2,3,53,54,39,50,48,54,52,58
d00610,football,0,0,1,0,1,0,0,0,0,0,0,1,0,0,0,0,0,0,1,0,1,0,1,0,7,9,6,1,5,4,3,3,11,9,16,8,10,10,9,9
d00611,football,0,1,0,1,0,1,1,0,1,0,3,0,0,0,1,0,0,0,1,0,0,0,1,1,11,8,3,12,7,10,5,9,8,21,15,11,11,16,16,9
d00612,cooking,0,0,0,2,0,1,0,1,17,28,25,12,14,26,23,29,4,0,0,1,3,1,1,0,1,3,2,0,2,2,1,1,31,44,26,31,31,37,30,36
d00613,cooking,1,0,0,1,0,0,1,0,6,13,9,9,21,11,14,11,2,1,0,1,1,0,0,0,0,0,0,1,0,0,2,2,20,14,22,24,20,27,23,10
d00614,machine_learning,10,5,8,5,6,10,8,6,0,1,0,0,1,0,0,0,0,0,0,1,1,0,0,0,0,0,2,0,0,0,0,0,9,13,15,18,9,10,13,6
d00615,astronomy,0,1,0,0,0,1,2,2,1,2,1,0,1,0,0,1,15,8,12,9,9,6,8,8,0,0,0,1,1,0,1,0,16,14,11,11,21,18,16,14
d00616,machine_learning,7,15,13,13,14,10,12,9,0,0,0,0,1,1,1,2,0,0,0,0,0,0,0,2,1,1,0,0,0,0,0,0,22,18,14,18,16,14,12,19
d00617,cooking,1,0,1,0,0,0,0,0,18,10,12,13,13,13,13,12,1,0,1,1,0,1,1,0,0,0,2,0,0,0,0,1,28,14,16,20,24,21,19,18
d00618,cooking,1,0,0,1,1,0,0,0,16,12,16,12,13,8,17,9,0,2,0,0,0,1,0,0,1,2,0,1,0,2,0,0,15,26,18,28,23,20,19,25
d00619,astronomy,1,2,0,5,1,4,0,1,1,3,4,1,0,6,1,2,40,37,38,37,28,33,35,48,1,3,0,4,0,2,1,5,70,59,70,62,70,55,66,62
d00620,football,1,2,0,0,0,0,0,0,0,0,0,0,0,0,0,0,0,0,0,0,3,0,0,1,13,16,18,14,16,5,11,17,14,21,14,17,17,21,19,12
d00621,astronomy,0,0,1,0,1,0,0,0,0,1,0,0,0,0,0,0,10,8,5,11,9,2,3,6,1,1,1,1,0,1,0,0,18,14,13,14,10,16,9,12
d00622,machine_learning,16,19,14,22,25,22,17,18,1,3,0,2,2,0,1,1,0,0,0,2,0,0,2,2,0,1,2,0,2,1,1,0,23,36,29,26,30,30,34,29
d00623,astronomy,0,0,1,0,0,1,1,1,1,0,0,0,1,1,1,2,16,16,19,16,18,9,15,14,0,0,0,1,1,0,0,0,27,22,22,23,20,18,28,31
d00624,astronomy,0,1,1,1,0,0,2,0,0,0,0,2,1,0,1,1,5,13,11,19,11,13,11,14,0,1,0,0,0,0,0,1,14,20,18,25,9,17,14,15
d00625,cooking,0,0,0,0,1,0,0,0,13,9,16,17,13,8,9,10,1,2,2,0,0,0,0,0,0,2,1,0,1,0,0,0,20,20,11,20,14,20,17,12
d00626,astronomy,0,1,1,0,0,0,0,0,1,1,1,1,0,0,0,0,11,6,6,6,9,6,9,3,0,0,0,0,0,0,1,0,7,8,13,13,10,6,7,10
d00627,machine_learning,5,6,6,6,9,11,7,7,0,2,0,2,1,0,0,0,1,1,0,1,0,0,0,0,0,0,0,1,0,0,1,1,16,14,9,18,9,11,11,17
d00628,astronomy,1,0,0,1,0,0,0,0,0,2,1,0,0,0,1,1,10,8,6,6,14,10,11,5,1,0,1,1,2,1,1,1,10,12,18,8,14,12,8,10
d00629,football,0,0,2,0,0,0,0,0,1,0,1,1,1,0,0,2,1,1,0,0,0,0,0,0,7,11,11,9,13,9,6,7,12,15,15,13,20,18,15,16
d00630,football,0,0,2,0,1,1,1,2,2,1,1,1,0,1,1,1,0,1,2,0,1,0,0,1,25,14,8,15,25,12,12,19,29,30,21,17,34,20,24,25
d00631,cooking,2,1,0,1,1,0,1,0,8,11,13,16,17,15,13,15,0,0,0,1,0,0,2,1,3,1,2,0,1,0,0,2,15,15,18,26,15,19,13,18
d00632,astronomy,1,2,0,1,0,0,1,1,0,1,1,0,0,0,2,0,12,9,10,15,5,14,10,9,0,0,0,1,0,0,1,1,17,14,17,26,14,10,14,18
d00633,cooking,0,2,0,1,0,1,3,2,12,17,10,13,14,21,14,18,1,0,1,1,2,0,0,0,1,0,1,0,0,1,2,0,22,21,24,17,28,33,23,19
d00634,machine_learning,46,53,57,48,50,52,40,57,2,1,2,0,3,2,2,4,3,3,0,2,6,4,6,1,5,4,3,4,3,3,4,3,84,89,107,98,91,89,100,88
d00635,astronomy,2,0,0,0,0,0,3,1,1,2,0,0,2,2,2,0,18,5,10,7,15,14,10,13,1,0,1,0,1,1,0,1,24,29,20,36,27,29,19,35
d00636,astronomy,1,1,1,0,1,1,1,0,0,1,0,0,0,1,0,0,8,10,11,11,12,8,7,13,0,0,0,0,0,1,0,0,21,12,20,12,22,30,19,23
d00637,machine_learning,14,6,11,8,17,7,6,9,0,0,1,0,1,1,0,0,2,1,1,1,0,1,3,0,0,0,0,1,2,0,0,0,25,12,11,16,18,14,18,17
d00638,cooking,0,0,0,1,1,1,0,0,6,5,10,4,5,2,4,4,0,0,2,1,0,0,1,1,0,0,1,0,0,0,0,0,5,9,10,5,7,10,5,8
d00639,cooking,0,0,0,1,1,1,1,0,13,8,14,13,11,10,6,8,0,0,0,1,1,0,0,0,0,0,1,1,1,0,0,2,25,14,15,15,17,12,24,18
d00640,astronomy,1,2,1,0,1,0,0,0,1,0,0,0,1,1,0,0,7,5,7,11,2,5,5,7,0,0,0,0,0,0,1,0,14,6,13,3,14,8,10,8
d00641,machine_learning,9,6,3,11,10,7,8,7,0,0,0,0,0,0,0,1,0,0,0,0,0,0,0,0,1,1,3,0,0,0,1,0,5,14,9,8,10,8,9,15
d00642,astronomy,0,0,0,0,0,0,0,1,1,0,1,0,0,0,0,0,2,5,11,5,9,6,5,4,0,1,0,0,0,0,0,0,13,9,12,10,12,11,11,5
d00643,football,0,1,0,0,0,0,0,0,0,0,1,1,0,0,0,1,0,1,1,0,0,0,1,0,5,3,5,5,7,8,3,6,5,7,9,7,15,9,8,7
d00644,astronomy,1,0,3,0,1,1,0,2,1,0,1,1,1,1,0,2,18,12,17,20,17,15,16,16,0,1,2,0,0,1,1,1,26,27,30,18,23,19,20,27
d00645,astronomy,2,0,0,2,1,1,0,1,1,3,1,3,0,5,0,2,19,18,22,18,21,16,16,26,2,1,0,0,1,1,1,1,35,47,33,34,25,26,35,40
d00646,astronomy,1,1,0,1,0,0,0,0,0,0,1,0,0,1,1,0,7,2,9,5,11,11,6,9,0,0,0,0,0,0,0,0,9,15,12,13,12,14,13,9
d00647,football,1,1,0,2,0,1,0,1,0,1,1,0,0,0,1,0,0,1,0,0,0,1,1,1,14,19,14,12,15,10,30,10,18,22,25,17,19,29,23,38
d00648,football,0,1,0,1,0,1,0,0,0,0,0,1,1,1,0,0,0,1,1,0,2,2,1,0,6,4,10,9,9,6,10,7,7,11,17,14,11,7,15,16
d00649,astronomy,0,0,0,1,0,0,0,0,0,0,0,0,0,0,0,0,7,7,4,4,0,5,5,8,0,0,0,1,0,1,1,0,16,8,8,10,3,7,13,10
d00650,astronomy,1,2,1,0,0,0,0,1,2,0,1,0,0,0,2,0,8,11,9,10,9,7,7,5,2,0,0,0,0,0,1,0,13,13,4,12,13,2,9,12
d00651,astronomy,1,1,0,0,0,2,0,1,0,2,0,1,0,1,2,1,8,15,8,12,5,6,9,16,3,0,0,1,0,0,1,0,15,22,19,21,30,17,22,21
d00652,cooking,0,1,0,0,0,2,1,0,9,9,10,15,12,13,16,12,2,0,0,0,0,1,0,0,2,0,0,0,1,2,0,1,23,15,13,12,14,29,18,21
d00653,football,0,1,1,0,1,0,0,0,1,0,0,0,0,0,0,0,1,0,0,0,0,0,0,0,5,6,3,8,3,4,4,4,10,8,9,9,5,6,8,15
d00654,football,0,0,4,0,2,1,0,0,1,1,0,0,2,1,1,1,0,1,0,0,2,0,1,2,12,8,10,9,8,12,14,16,25,20,23,21,14,25,16,21
d00655,astronomy,1,1,2,0,0,0,4,0,0,0,0,1,1,1,2,1,21,16,9,10,13,14,12,9,1,1,0,1,0,1,3,3,24,27,20,24,24,17,20,29
d00656,cooking,1,0,1,0,1,5,3,0,27,34,35,45,29,38,33,32,1,0,1,2,3,2,1,4,5,2,0,1,0,0,1,0,59,46,46,57,53,59,54,58
d00657,cooking,3,3,1,4,3,1,2,2,51,43,45,54,41,43,59,44,0,1,1,1,0,1,1,1,1,5,1,2,2,3,3,4,93,90,63,74,70,64,76,75
d00658,astronomy,0,1,0,2,0,1,2,2,0,2,1,1,2,1,1,1,21,21,23,23,27,24,19,38,3,0,0,1,0,0,0,1,32,32,38,35,31,35,35,40
d00659,astronomy,0,2,0,1,0,3,0,0,1,2,2,0,2,1,2,2,23,27,19,16,23,23,18,31,0,1,2,1,1,0,0,1,33,35,35,39,32,52,36,33
d00660,football,3,1,1,1,0,2,1,3,0,1,1,2,1,1,5,3,3,2,1,0,2,3,2,2,43,46,34,35,53,35,40,40,53,60,74,59,71,73,79,74
d00661,machine_learning,24,21,20,18,22,20,15,16,1,1,1,0,0,1,2,2,2,0,0,0,0,0,1,1,1,0,3,0,0,0,2,1,36,31,40,28,28,43,34,28
d00662,cooking,0,1,1,2,1,0,0,1,34,23,28,31,25,29,21,22,4,0,0,2,2,0,0,1,1,0,1,1,2,1,0,0,39,31,43,38,45,47,42,37
d00663,cooking,1,0,0,0,0,0,0,0,9,6,8,11,9,8,9,10,0,0,0,0,0,0,1,0,0,0,0,0,1,1,0,0,5,10,11,9,14,15,10,12
d00664,cooking,0,1,0,0,1,0,3,1,27,20,20,22,9,15,14,15,1,1,0,1,0,0,1,0,1,1,0,0,2,0,0,0,12,19,17,20,27,25,38,25
d00665,football,1,1,3,1,1,1,1,0,1,1,1,0,1,1,1,0,3,1,3,2,1,0,1,0,24,22,23,19,17,28,26,25,43,33,36,46,40,40,50,47
d00666,astronomy,0,3,0,1,3,0,0,0,2,1,2,2,0,0,1,3,9,18,16,19,16,22,16,14,1,1,1,1,2,0,0,1,25,28,28,33,27,33,23,23
d00667,football,0,0,0,0,1,3,1,1,0,0,1,2,0,1,2,1,1,0,1,0,2,1,2,2,23,22,30,31,29,32,30,22,43,34,50,43,46,51,61,34
d00668,astronomy,0,3,0,0,1,0,0,2,2,1,0,1,1,0,0,0,13,16,20,11,17,11,21,11,0,0,0,2,1,0,1,0,19,31,14,25,18,27,14,29
d00669,machine_learning,25,33,27,21,31,33,27,27,1,2,0,1,0,3,1,2,1,0,3,2,0,2,2,1,2,2,1,1,1,3,4,1,45,59,48,55,50,40,53,50
d00670,football,1,1,0,0,1,3,1,0,0,0,1,0,1,1,1,0,1,2,1,1,2,3,1,1,21,20,10,19,22,9,13,29,32,25,25,28,29,26,26,36
d00671,cooking,1,0,0,0,0,0,1,0,9,6,10,8,12,11,8,10,0,1,1,1,1,0,1,1,1,0,0,1,0,0,1,2,12,12,19,18,14,22,11,11
d00672,machine_learning,27,22,25,26,25,25,17,30,1,2,0,1,1,1,0,3,3,2,2,1,2,1,1,2,0,2,0,0,0,2,1,1,46,37,48,47,47,45,40,47
d00673,machine_learning,62,62,55,65,71,68,57,68,6,0,4,2,5,2,0,2,5,3,1,5,2,2,2,4,2,3,5,0,2,2,3,3,123,97,93,106,106,93,116,98
d00674,astronomy,1,0,0,2,0,1,0,0,0,0,0,0,1,0,1,1,7,7,5,7,5,5,5,6,0,0,0,1,0,0,0,0,7,12,13,7,8,11,14,14
d00675,machine_learning,15,11,18,14,17,17,15,12,2,0,1,0,1,0,2,1,0,2,2,1,0,0,2,0,1,0,1,0,1,0,0,0,23,24,20,19,28,22,28,29
d00676,machine_learning,21,25,30,24,24,33,26,23,1,1,0,0,2,2,3,1,1,3,3,0,2,1,1,0,2,0,0,0,0,1,6,1,50,37,50,48,53,48,47,52
d00677,football,2,0,0,1,1,2,1,0,3,1,1,1,5,0,2,3,1,1,2,2,1,1,4,2,36,38,29,29,23,40,34,27,71,65,49,54,46,48,46,55
d00678,football,1,4,2,1,1,2,3,0,0,1,0,2,1,0,0,0,0,0,0,1,0,0,0,2,27,28,15,19,17,14,25,23,37,44,48,34,35,34,28,36
d00679,football,0,2,1,2,0,2,1,0,0,0,0,2,0,0,1,1,1,1,0,2,0,0,0,0,27,13,15,21,16,18,14,16,24,33,20,34,33,27,23,27
d00680,machine_learning,17,16,17,22,16,24,12,14,2,0,0,0,2,0,2,1,0,1,0,1,2,1,1,0,0,1,1,1,0,2,2,1,26,32,27,27,29,33,23,19
d00681,astronomy,0,1,0,0,0,1,0,1,0,0,0,0,0,0,1,2,10,4,5,5,3,12,7,6,1,0,0,0,0,0,0,0,13,14,11,16,15,15,14,10
d00682,machine_learning,4,7,5,6,10,3,9,6,1,0,0,2,0,0,0,0,1,0,0,0,0,0,0,1,0,1,0,1,0,0,0,0,11,11,10,9,8,13,10,14
d00683,astronomy,1,1,0,3,1,1,1,1,1,1,2,0,3,2,3,0,24,29,26,34,31,21,32,29,3,4,2,3,1,2,0,0,49,35,43,56,35,61,47,43
d00684,astronomy,0,0,0,0,0,0,1,0,0,0,0,0,0,0,0,0,12,11,8,6,7,8,8,6,1,1,0,2,1,0,1,1,15,15,13,17,12,18,14,15
d00685,football,0,0,0,1,0,0,0,2,0,0,0,0,0,0,1,1,0,0,3,0,1,1,0,0,9,8,4,12,8,15,5,11,16,13,20,13,11,15,5,13
d00686,football,1,1,0,1,1,0,0,0,1,0,2,0,1,2,0,0,0,1,2,2,1,2,3,0,20,21,30,21,24,26,24,30,47,24,37,31,51,42,40,37
d00687,astronomy,1,1,2,1,1,2,3,0,1,3,2,1,3,2,1,0,19,23,25,30,26,36,20,13,0,0,2,1,1,3,2,3,33,39,40,38,29,48,39,37
d00688,cooking,0,0,2,0,0,0,0,1,14,8,8,7,8,13,8,16,0,0,1,1,0,0,0,1,0,1,0,0,0,0,1,1,16,15,18,23,20,22,16,16
d00689,football,1,1,1,0,1,0,0,0,0,0,0,3,0,1,0,1,1,1,0,1,0,0,1,1,7,14,9,15,7,14,11,7,21,26,26,22,26,15,26,21
d00690,machine_learning,50,70,60,68,62,60,44,82,3,7,3,3,1,3,5,4,4,2,1,4,6,4,2,5,4,4,4,2,1,4,2,4,93,121,94,99,79,76,83,85
d00691,cooking,0,0,1,0,2,2,0,2,13,13,10,18,24,14,24,20,1,0,0,2,0,1,0,1,1,1,1,1,0,1,0,2,33,19,29,31,28,31,26,22
d00692,machine_learning,53,34,46,71,49,51,40,45,1,1,3,1,1,2,1,4,2,1,1,2,1,4,1,2,2,3,3,3,9,2,3,0,63,72,82,69,84,66,80,65
d00693,football,0,5,0,0,0,0,0,0,0,0,0,0,0,0,0,0,0,0,0,0,0,0,0,0,6,7,2,4,10,7,3,7,8,5,10,7,10,13,10,10
d00694,football,1,0,1,1,2,1,0,1,2,1,1,0,1,2,0,0,2,2,0,1,1,0,0,2,12,24,25,14,11,12,27,24,47,34,33,26,32,31,30,29
d00695,machine_learning,17,31,24,22,16,25,22,23,0,1,1,0,0,0,1,1,0,2,0,1,0,0,0,0,3,2,3,0,1,1,0,1,33,35,41,36,39,37,34,35
d00696,football,1,0,2,0,1,0,0,0,1,1,1,0,0,0,1,1,1,3,1,2,1,3,1,2,23,17,18,19,16,22,12,22,29,35,38,22,29,33,34,29
d00697,football,0,0,0,0,0,1,2,0,0,0,0,0,0,1,0,0,1,0,0,0,1,1,1,1,13,9,10,11,11,9,11,15,21,22,15,20,21,14,17,18
d00698,cooking,0,2,3,2,4,1,2,1,56,36,46,53,41,58,52,56,1,0,3,5,1,3,1,5,4,4,2,4,2,1,3,2,80,87,77,83,104,83,70,93
d00699,machine_learning,3,10,9,10,7,13,6,4,0,1,0,1,0,0,0,0,1,1,0,1,0,2,0,1,0,0,0,0,0,1,0,0,18,13,16,12,10,15,10,12
d00700,football,1,0,0,1,0,0,0,0,0,0,0,0,0,0,0,0,0,1,0,0,0,0,1,0,10,3,3,5,4,7,7,3,9,9,8,13,10,9,9,12
d00701,astronomy,1,2,2,0,0,0,0,0,0,0,0,0,3,0,0,0,12,10,7,11,10,7,16,14,2,0,1,0,0,1,0,1,16,16,17,23,21,21,18,20
d00702,football,1,0,0,1,0,0,0,1,0,0,0,0,1,1,1,0,1,0,0,0,0,0,2,0,12,5,12,8,5,5,12,12,16,10,22,13,21,20,12,13
d00703,cooking,1,0,0,0,0,0,1,0,6,10,5,5,6,8,7,4,0,0,0,0,1,0,0,0,1,0,0,0,0,0,0,0,9,5,11,11,15,10,12,8
d00704,machine_learning,1,5,7,9,2,10,5,2,0,0,0,0,0,0,1,1,1,0,0,0,0,0,0,2,0,1,0,1,1,1,0,0,8,16,6,13,9,6,10,5
d00705,football,3,2,5,4,1,3,5,4,9,1,1,7,5,3,3,4,1,3,1,3,3,5,5,5,57,68,58,51,61,63,63,60,115,112,114,113,103,117,93,118
d00706,astronomy,2,1,1,2,1,2,1,2,2,3,4,3,2,1,2,5,50,57,58,54,45,36,48,40,3,1,5,2,1,4,1,2,80,87,86,98,100,71,77,81
d00707,cooking,3,0,2,1,1,1,1,1,28,26,33,38,26,34,41,40,1,0,0,4,3,2,2,3,0,1,2,2,1,1,0,1,64,57,52,54,71,69,49,54
d00708,machine_learning,6,3,4,7,7,6,6,6,0,0,1,0,0,0,0,0,0,0,0,0,1,0,0,1,0,1,0,1,0,0,0,1,6,11,6,7,5,11,12,13
d00709,cooking,0,0,4,3,1,4,1,0,23,19,17,30,26,27,21,30,2,0,0,3,2,0,3,2,1,3,2,1,0,1,2,1,39,37,36,33,30,19,30,34
d00710,football,0,0,0,0,0,0,0,0,1,0,1,0,2,2,2,0,0,0,0,2,0,0,1,1,16,12,19,15,24,14,13,16,19,27,30,23,22,18,21,12
d00711,cooking,0,3,2,0,0,0,1,0,9,5,11,10,7,10,8,9,0,0,1,0,0,0,1,0,2,0,0,0,0,0,0,0,11,14,10,20,13,20,9,13
d00712,machine_learning,100,95,99,110,81,78,102,100,1,3,2,6,2,2,3,5,8,6,2,7,11,2,5,8,2,3,1,6,3,1,4,2,141,156,139,151,155,171,154,135
d00713,football,1,0,0,0,2,1,1,3,2,0,3,1,0,3,0,1,1,1,2,1,1,4,1,0,28,33,22,22,18,17,25,30,31,48,36,35,35,47,36,46
d00714,football,0,0,0,0,0,0,0,0,2,0,0,0,1,0,0,0,0,0,1,1,2,0,1,0,5,4,4,9,4,1,7,7,9,6,8,5,11,14,10,5
d00715,cooking,3,4,1,1,2,1,2,2,38,42,41,39,37,25,41,46,1,1,1,0,4,1,3,0,2,1,1,0,4,1,1,3,49,75,62,56,59,70,54,59
d00716,cooking,0,1,2,1,3,2,0,2,20,27,19,22,21,27,20,21,2,1,2,0,3,0,1,1,2,1,3,1,1,1,1,1,50,28,37,47,45,53,55,34
d00717,astronomy,0,0,0,1,0,0,0,0,0,0,2,0,1,0,0,0,9,8,13,10,9,9,10,9,0,0,0,0,1,0,1,0,18,20,8,15,15,27,19,7
d00718,cooking,0,1,1,1,2,1,1,1,17,12,21,13,8,14,17,19,2,2,1,0,1,2,1,0,0,0,1,0,2,1,1,1,36,31,19,24,19,24,21,20
d00719,astronomy,1,1,0,1,1,0,0,1,1,0,0,0,0,1,0,1,6,4,6,8,5,7,7,5,0,0,0,0,0,0,1,0,26,12,17,11,14,13,3,15
d00720,astronomy,0,0,1,0,0,0,0,1,0,0,2,0,1,1,1,1,4,9,6,10,8,9,4,5,0,0,1,0,0,0,0,1,5,13,9,8,10,15,10,11
d00721,machine_learning,11,10,12,14,12,11,12,14,0,1,0,0,0,2,1,1,0,1,0,1,3,1,2,1,0,0,0,0,0,2,1,0,18,17,18,21,17,20,19,28
d00722,cooking,2,0,3,2,2,4,2,2,38,50,50,55,51,41,46,39,1,3,0,1,4,3,5,0,0,3,3,1,3,2,1,2,86,81,83,73,87,80,82,86
d00723,cooking,3,0,0,0,1,0,0,0,11,12,7,13,13,7,8,11,0,0,1,1,0,0,0,0,2,0,2,1,0,0,0,1,26,19,20,21,17,21,17,17
d00724,astronomy,0,0,0,1,0,0,0,0,0,0,0,0,0,1,0,0,6,9,6,12,3,7,10,9,1,0,0,0,0,2,0,0,8,19,16,12,10,7,21,13
d00725,football,1,0,0,0,0,1,0,0,0,0,1,0,0,0,0,0,0,0,0,0,1,0,0,0,1,5,3,7,5,6,4,5,10,14,7,4,10,10,8,5
d00726,astronomy,1,0,2,0,1,1,0,1,1,0,0,0,1,0,0,0,9,4,1,9,6,8,8,13,0,0,0,0,0,1,0,0,10,13,13,9,10,12,14,9
d00727,machine_learning,36,23,35,33,27,33,23,19,1,4,0,0,1,1,1,0,1,0,1,0,2,2,1,2,1,3,3,5,0,3,1,1,49,36,53,46,50,41,39,42
d00728,football,10,9,4,12,7,10,7,8,16,5,6,11,9,5,8,8,14,9,11,4,7,9,17,8,178,195,196,173,188,188,199,197,325,327,325,351,300,337,328,377
d00729,cooking,0,1,0,0,1,1,0,1,15,13,14,6,4,12,13,19,0,1,1,1,1,0,1,0,1,0,1,0,1,0,0,2,25,21,16,21,15,22,18,28
d00730,football,0,2,0,1,1,2,1,1,0,1,1,0,0,1,0,1,1,0,2,0,1,1,0,1,29,15,17,22,15,25,18,17,27,38,47,44,38,40,33,40
d00731,machine_learning,20,23,17,19,19,17,27,28,0,1,1,2,1,0,2,1,1,0,0,0,0,2,1,2,1,0,1,3,0,2,0,3,36,31,34,34,40,45,29,32
d00732,machine_learning,13,16,10,10,7,6,10,10,1,1,2,2,1,1,0,1,1,1,0,1,1,0,1,0,0,1,2,0,0,1,2,1,20,17,20,22,21,16,18,20
d00733,football,0,1,1,0,0,0,0,0,1,0,0,0,0,0,0,1,0,1,0,1,0,0,0,0,5,5,4,6,3,3,3,3,13,9,6,6,9,6,11,9
d00734,astronomy,1,1,0,1,1,0,1,1,3,2,2,0,3,3,0,1,31,27,30,30,21,28,30,31,1,3,0,0,1,0,1,1,51,38,68,53,57,42,36,55
d00735,football,1,1,0,1,0,2,1,0,1,0,1,1,0,1,2,0,2,0,0,0,0,0,2,1,18,17,17,13,11,10,17,20,24,21,18,31,25,21,35,31
d00736,astronomy,2,2,3,1,1,1,2,1,0,0,3,1,2,0,1,0,23,31,28,29,21,30,22,28,2,1,4,0,1,0,1,1,44,56,35,50,54,46,33,45
d00737,football,0,3,2,1,1,1,0,0,1,4,2,3,0,2,3,1,3,2,1,0,0,1,0,1,30,30,30,37,20,28,29,26,42,48,47,64,45,51,49,49
d00738,astronomy,0,0,2,0,0,2,0,0,0,0,0,0,1,0,0,0,8,2,10,5,4,7,5,8,0,0,0,1,0,0,1,0,6,2,7,12,5,7,9,9
d00739,machine_learning,6,6,7,8,8,6,5,14,2,1,2,1,1,1,0,1,4,0,0,2,0,0,0,1,0,2,0,2,0,0,2,0,12,12,10,15,14,11,15,19
d00740,astronomy,0,0,0,1,0,2,1,2,2,2,2,0,0,1,0,0,23,27,28,33,23,23,24,21,0,3,0,0,0,0,0,2,19,35,34,23,28,29,29,31
d00741,football,0,1,1,0,1,1,2,3,0,2,1,3,0,2,0,2,1,2,1,0,0,1,0,0,23,18,20,34,22,14,21,16,34,37,27,27,31,35,24,29
d00742,astronomy,1,0,0,1,0,0,0,1,0,0,0,1,0,0,1,0,11,11,9,7,16,7,9,7,2,0,0,0,0,0,0,1,23,14,14,16,8,21,13,17
d00743,machine_learning,19,10,11,16,8,12,12,15,1,0,0,0,1,0,1,1,1,2,0,4,0,1,0,1,0,1,1,1,0,1,0,0,16,12,16,26,29,13,17,21
d00744,cooking,0,1,0,0,0,0,1,1,11,16,18,15,11,18,25,17,3,4,2,0,2,0,1,1,2,0,1,1,0,2,0,1,30,20,30,27,35,28,29,24
d00745,cooking,0,0,0,0,1,0,1,0,7,4,4,5,6,4,7,4,0,1,1,0,0,0,0,0,0,0,0,0,0,0,0,1,5,7,11,12,5,8,9,13
d00746,astronomy,0,1,0,0,2,2,3,1,1,0,0,0,1,0,1,3,17,19,29,32,27,15,20,23,0,0,0,0,0,2,0,0,47,40,44,35,42,34,30,39
d00747,machine_learning,7,11,12,14,14,10,14,16,2,1,2,2,1,1,0,1,0,0,0,0,1,0,1,1,0,0,0,0,0,1,0,0,11,19,15,18,20,25,20,23
d00748,astronomy,1,1,0,0,2,0,0,1,0,1,1,0,1,1,3,1,18,19,20,22,16,30,23,25,2,2,1,0,3,1,3,2,33,36,27,25,37,37,38,38
d00749,cooking,0,3,3,1,3,0,1,2,47,36,45,42,28,42,42,33,0,1,1,1,2,2,4,6,1,1,1,0,3,1,0,3,55,79,61,63,58,49,57,57
d00750,football,0,0,1,0,1,0,1,0,2,0,0,1,0,0,1,0,0,1,0,0,0,0,0,0,5,11,8,13,7,13,9,10,11,14,6,18,18,12,14,22
d00751,cooking,0,0,0,0,0,0,0,0,8,8,6,10,12,11,13,7,0,1,1,0,0,1,0,1,1,0,0,1,0,0,0,1,15,15,15,17,22,17,20,11
d00752,cooking,0,3,0,1,0,1,0,0,6,18,15,4,15,8,10,7,2,1,0,2,0,0,1,2,2,1,0,1,1,1,1,0,17,13,12,15,18,18,13,16
d00753,machine_learning,23,39,27,22,26,24,19,16,1,1,0,1,0,1,1,2,0,3,0,1,2,0,0,3,1,0,0,1,3,1,0,1,37,29,33,37,25,30,38,28
d00754,football,0,0,1,0,0,0,0,0,1,0,0,0,0,1,0,0,0,1,0,0,0,1,0,0,8,5,4,6,3,8,5,8,12,5,6,9,5,20,11,9
d00755,cooking,1,1,0,1,0,0,0,0,11,16,11,9,15,10,16,12,0,0,2,0,1,0,0,1,0,2,0,0,2,0,0,1,17,23,22,17,19,20,20,16
d00756,astronomy,1,0,1,0,0,0,1,1,0,0,0,0,0,2,0,0,8,7,7,12,6,12,6,4,0,1,0,0,0,0,0,0,14,15,18,14,17,14,11,9
d00757,cooking,2,1,0,1,0,2,0,1,13,15,15,13,11,13,19,10,2,0,1,0,0,0,0,1,0,0,1,0,1,0,0,2,20,17,17,18,19,24,21,19
d00758,football,0,0,1,0,0,0,0,1,0,0,0,0,0,0,0,0,0,0,0,0,0,0,1,0,3,4,4,4,4,6,2,4,10,5,5,9,12,5,7,2
d00759,machine_learning,20,20,12,16,16,8,15,16,2,1,0,1,0,2,0,0,0,0,1,1,1,0,0,1,2,1,1,0,1,1,0,2,25,24,23,29,27,22,23,19
d00760,football,0,0,2,1,0,0,0,1,0,0,2,0,0,1,1,0,0,0,0,1,1,0,0,0,15,15,10,12,13,10,9,18,21,20,20,21,14,19,18,20
d00761,machine_learning,30,32,24,25,24,28,31,30,2,0,0,1,0,0,1,1,1,2,0,1,1,2,0,2,1,1,2,1,0,3,2,0,45,36,50,37,36,58,53,57
d00762,cooking,0,0,1,1,1,1,1,1,14,11,16,13,14,13,19,14,0,0,0,1,0,1,1,0,1,1,1,0,0,0,0,0,25,32,22,12,19,16,27,26
d00763,cooking,0,1,0,1,1,0,2,1,10,8,3,6,5,11,9,9,0,0,1,0,1,1,1,1,1,0,0,0,0,0,0,0,17,16,17,11,16,18,13,17
d00764,astronomy,0,1,0,0,1,1,0,0,0,0,1,0,0,0,0,0,8,8,5,7,9,17,10,5,1,1,1,3,1,0,0,0,15,8,10,13,12,17,11,13
d00765,astronomy,0,0,0,0,0,0,0,0,0,0,0,0,2,0,0,0,3,5,7,5,7,5,4,5,0,0,0,0,0,1,0,0,5,16,7,9,8,7,7,8
d00766,machine_learning,14,18,13,5,8,10,17,11,1,0,0,0,2,0,0,0,0,0,1,0,1,1,1,2,0,1,0,1,0,1,0,0,31,27,17,26,18,22,26,17
d00767,football,0,0,1,0,0,0,0,0,0,0,0,0,0,0,0,1,0,0,0,0,0,0,0,0,2,1,4,2,4,4,4,5,3,7,7,6,4,11,6,3
d00768,astronomy,1,3,2,0,0,1,0,1,2,0,1,2,1,0,1,1,22,22,21,19,31,20,22,20,0,0,3,1,0,2,1,0,38,30,41,24,37,36,33,36
d00769,football,1,3,0,1,0,1,1,1,2,1,0,3,2,2,1,1,1,3,1,3,0,1,2,1,36,24,31,33,28,23,19,34,28,39,41,38,37,39,39,53
d00770,football,1,0,0,0,1,2,0,0,0,0,0,0,0,0,0,0,2,0,2,0,1,0,0,0,6,4,5,9,7,7,4,6,12,14,10,9,10,8,8,11
d00771,machine_learning,38,24,36,31,31,58,32,32,0,1,2,2,1,2,1,2,3,1,1,4,2,1,1,4,3,1,0,1,0,0,1,4,60,53,60,61,56,60,64,52
d00772,cooking,1,0,4,3,3,3,2,2,56,59,47,62,42,68,56,56,5,2,2,3,4,4,1,1,2,2,6,3,1,0,1,3,103,93,94,89,107,94,112,91
d00773,machine_learning,6,4,6,7,8,5,7,7,0,1,0,0,0,1,0,1,1,0,0,0,1,1,0,0,0,0,0,0,0,0,0,1,12,10,11,14,14,14,13,10
d00774,cooking,0,0,0,0,0,1,0,2,14,16,16,16,13,16,19,15,2,0,1,1,0,0,2,0,0,1,1,0,1,0,0,1,17,30,18,20,25,23,27,24
d00775,astronomy,2,0,2,0,0,0,1,0,0,3,1,0,0,2,0,2,28,30,31,24,33,28,32,23,0,1,1,1,2,1,1,1,56,48,57,47,47,44,45,57
d00776,machine_learning,36,29,40,38,34,25,40,27,0,2,1,1,1,2,1,2,2,0,3,1,2,1,0,3,3,1,0,4,1,3,1,1,57,40,54,54,51,43,63,64
d00777,cooking,2,0,0,0,0,0,1,2,10,13,7,10,10,11,9,21,0,1,0,0,3,1,1,0,1,0,0,1,0,0,1,1,30,19,22,18,18,20,20,18
d00778,football,0,1,0,1,0,0,1,0,0,1,0,0,0,1,0,1,0,0,0,0,0,0,1,2,17,15,16,8,11,20,19,19,24,30,22,19,28,22,25,25
d00779,cooking,2,1,0,0,1,2,1,1,12,11,15,11,17,13,7,7,1,0,0,3,0,0,0,1,0,1,2,1,0,1,1,1,21,23,14,9,14,13,19,13
d00780,machine_learning,14,18,7,15,8,18,22,14,1,0,0,0,0,0,1,1,0,0,0,1,1,0,1,1,0,0,1,0,2,3,0,0,28,30,34,33,40,33,41,21
d00781,machine_learning,3,6,8,8,4,4,2,7,0,1,0,0,0,0,0,0,0,1,0,1,0,0,0,0,1,0,0,0,0,0,1,1,8,7,11,7,5,9,13,4
d00782,machine_learning,23,25,31,28,28,27,25,30,1,1,4,0,3,2,1,0,2,1,1,1,0,0,2,0,1,2,3,0,2,2,2,0,36,45,42,54,48,53,43,48
d00783,football,0,0,1,0,1,0,0,0,1,0,1,0,1,1,0,0,0,0,0,0,0,0,0,1,2,6,4,8,4,9,3,5,9,11,17,5,7,11,8,14
d00784,machine_learning,39,31,28,48,35,38,38,34,3,1,1,0,2,3,3,0,1,2,2,5,3,1,5,2,1,0,3,1,2,1,0,4,43,51,54,69,56,62,64,52
d00785,cooking,0,0,0,0,1,0,0,0,5,4,7,5,9,6,0,8,0,0,0,1,0,0,0,0,0,0,1,0,1,0,1,0,7,9,11,16,11,14,9,9
d00786,cooking,1,2,1,2,1,3,0,1,23,13,20,29,22,24,22,25,1,2,1,1,1,2,0,0,1,0,2,0,1,2,0,0,39,38,32,30,30,34,36,42
d00787,machine_learning,32,30,25,31,37,40,29,28,4,1,3,3,3,1,0,4,2,2,4,0,1,2,1,1,2,0,0,3,1,1,0,2,44,45,44,44,25,46,56,56
d00788,machine_learning,7,7,6,12,6,10,5,6,0,1,0,0,0,0,1,1,0,0,0,0,0,0,0,0,0,0,0,0,0,0,0,0,11,22,9,10,17,8,11,15
d00789,machine_learning,22,24,17,19,19,17,17,18,1,0,0,1,2,1,0,1,0,0,1,0,3,0,1,1,0,1,2,1,0,1,1,0,39,28,38,40,29,33,44,27
d00790,football,0,1,1,0,0,0,0,0,0,0,0,0,0,0,0,0,0,1,2,1,0,2,0,0,7,10,8,16,13,12,18,9,19,15,23,20,20,23,20,27
d00791,astronomy,2,3,1,0,1,1,3,1,2,2,0,1,3,1,3,1,19,16,26,27,27,25,19,29,4,1,2,1,3,0,1,5,39,50,35,46,44,32,41,34
d00792,football,0,0,2,0,0,0,2,0,0,0,0,0,0,0,1,0,0,0,1,0,1,0,1,1,12,9,12,4,12,15,14,5,23,19,16,13,20,19,19,21
d00793,machine_learning,48,43,43,48,57,45,44,48,4,1,2,2,1,1,2,1,2,5,4,2,0,1,2,0,0,6,1,0,5,3,3,3,80,65,64,68,74,100,88,88
d00794,cooking,0,1,0,1,2,0,1,1,5,5,7,7,9,12,7,8,1,1,0,1,1,0,0,0,0,1,0,0,0,0,1,0,10,21,15,13,16,12,21,16
d00795,football,0,0,3,2,0,1,1,1,4,1,2,4,2,2,1,2,0,2,2,0,1,2,1,2,34,26,21,31,20,28,26,18,37,40,34,40,40,45,39,46
d00796,cooking,1,0,0,0,1,0,0,0,7,6,8,10,4,7,6,6,0,0,1,0,0,0,0,0,0,2,0,0,1,0,0,0,10,11,13,9,10,11,15,7
d00797,machine_learning,21,23,25,25,26,19,20,24,1,1,1,0,1,1,0,0,0,0,1,2,2,1,0,2,0,1,4,2,3,1,1,2,27,33,40,43,31,40,48,31
d00798,astronomy,5,1,1,4,1,1,0,1,0,1,1,1,1,1,2,1,27,43,28,29,26,36,37,33,1,2,1,0,2,0,0,2,38,60,52,55,47,58,52,53
d00799,football,0,2,0,1,0,0,0,1,0,1,0,0,1,0,0,1,0,1,0,0,0,1,0,1,16,22,8,7,11,23,16,15,24,20,23,21,19,24,19,29
d00800,football,1,1,0,0,0,0,0,2,1,0,0,0,2,0,0,1,1,0,0,0,0,2,1,2,18,20,13,21,24,25,17,13,27,32,26,29,35,26,32,22
d00801,cooking,0,1,1,1,2,2,1,1,24,18,20,23,20,23,21,26,1,0,2,1,1,2,0,1,1,0,1,4,0,1,1,0,26,22,37,31,39,33,33,44
d00802,machine_learning,18,23,14,19,26,30,18,23,0,2,2,1,2,0,2,0,1,0,1,0,0,0,1,1,1,0,0,2,1,1,2,1,33,33,36,32,33,33,41,35
d00803,machine_learning,7,6,5,5,8,4,6,6,0,0,1,1,0,0,2,0,0,1,0,2,0,0,0,0,0,0,0,0,0,1,0,0,6,10,11,12,4,11,7,11
d00804,cooking,1,2,1,1,0,1,0,0,12,16,13,14,11,12,11,8,0,0,0,0,1,0,1,0,0,1,1,0,0,0,0,2,24,14,20,13,12,15,24,12
d00805,machine_learning,4,6,9,9,10,4,6,9,0,1,0,0,0,0,0,0,0,0,0,1,0,0,2,0,0,0,0,0,0,0,0,0,12,9,7,15,15,7,8,6
d00806,football,0,1,1,1,0,0,0,0,0,0,1,1,0,1,0,3,0,0,0,0,0,0,0,0,11,9,4,3,8,8,14,8,13,13,12,11,17,16,14,13
d00807,cooking,1,2,1,0,0,1,0,1,19,11,10,16,13,9,14,18,0,1,0,1,1,2,2,0,1,1,1,1,0,0,0,1,28,18,22,20,26,25,21,22
d00808,cooking,0,0,0,0,1,0,1,0,9,8,7,4,6,15,8,9,0,1,1,1,0,0,0,0,0,0,1,1,0,0,0,0,14,9,14,13,18,10,14,15
d00809,cooking,1,2,1,0,0,2,1,1,11,8,12,14,13,10,14,11,0,2,2,0,0,0,1,2,0,1,1,0,1,0,1,0,22,19,22,9,21,20,21,16
d00810,machine_learning,9,7,8,9,5,7,7,13,2,0,0,1,0,0,0,0,1,0,0,0,0,1,0,0,0,1,0,0,1,0,0,0,20,15,19,16,15,18,16,18
d00811,machine_learning,16,7,9,10,5,13,10,15,1,0,1,0,0,0,2,1,0,0,0,0,0,0,1,1,0,1,0,0,1,1,0,0,15,19,16,15,18,14,13,19
d00812,machine_learning,14,15,15,28,30,28,35,23,1,2,1,3,1,0,1,1,1,1,2,4,2,2,1,2,0,3,1,0,0,1,4,0,49,37,38,29,37,35,35,24
d00813,cooking,0,2,2,2,2,5,2,4,54,45,39,53,45,36,41,43,3,3,3,3,4,2,1,5,4,2,2,3,1,1,2,3,72,94,64,85,75,79,83,79
d00814,machine_learning,13,18,16,14,19,16,10,24,3,1,1,2,0,1,0,0,1,0,2,2,1,3,1,0,1,0,0,1,1,0,1,2,40,25,28,26,22,36,36,32
d00815,astronomy,2,0,1,2,0,1,1,2,0,2,2,1,2,0,2,1,17,21,20,18,25,19,31,20,3,1,2,2,2,2,0,0,45,38,25,39,39,28,23,43
d00816,astronomy,0,1,0,0,0,0,1,0,1,3,1,0,0,2,0,0,12,16,16,15,16,20,11,18,2,3,0,1,1,0,0,1,28,32,27,34,28,28,23,30
d00817,machine_learning,26,38,33,29,25,30,32,32,0,2,0,2,3,1,1,1,0,1,0,2,1,0,4,2,1,3,1,4,0,0,2,0,63,32,52,52,60,43,45,48
d00818,football,0,0,2,1,0,0,1,2,0,0,0,0,2,1,0,0,3,1,1,2,2,0,1,1,17,21,13,17,19,17,11,18,14,25,25,21,22,16,20,19
d00819,cooking,2,1,0,1,0,1,0,0,13,6,16,12,12,11,8,13,0,0,1,0,0,0,0,0,0,2,0,1,0,2,0,2,15,11,17,25,31,18,22,22
d00820,football,0,1,1,2,3,2,1,2,0,1,0,1,1,1,2,1,2,1,1,0,1,0,0,2,24,26,32,18,25,23,24,29,46,42,39,40,40,42,34,54
d00821,machine_learning,13,13,18,7,11,20,6,12,1,1,0,1,0,1,1,0,2,1,1,2,0,0,3,1,1,1,0,0,1,0,0,0,17,20,23,26,28,23,17,23
d00822,machine_learning,6,4,11,4,9,2,6,5,1,0,0,0,0,0,0,2,0,0,0,0,0,0,0,0,0,0,1,1,0,1,0,0,13,14,12,12,9,10,13,12
d00823,astronomy,3,1,1,1,1,0,3,1,2,1,2,3,4,3,0,2,32,22,33,25,19,31,40,33,2,1,2,0,0,4,0,0,58,60,54,49,43,44,49,50
d00824,astronomy,1,2,1,2,2,0,2,1,1,1,2,3,3,2,4,1,33,25,32,24,37,31,29,29,0,3,1,1,3,2,1,2,40,53,41,49,47,49,46,45
d00825,machine_learning,4,1,2,1,5,3,5,3,1,0,0,0,0,0,1,0,0,0,0,1,0,0,0,0,0,0,0,0,0,0,0,0,10,8,5,3,7,7,2,2
d00826,football,0,0,0,0,0,0,0,1,0,1,1,0,0,1,0,0,0,1,0,1,2,0,0,0,8,3,5,13,7,4,4,7,7,6,9,13,13,8,3,9
d00827,cooking,1,1,0,0,1,0,1,0,10,10,18,15,13,18,20,20,0,2,0,0,1,0,1,1,1,0,0,2,0,2,1,0,29,28,27,33,26,32,29,28
d00828,football,3,1,0,0,2,3,0,1,0,0,2,1,0,2,2,0,0,1,2,0,3,1,1,2,26,19,21,31,23,28,30,23,37,48,48,40,47,50,44,41
d00829,machine_learning,5,2,5,6,5,3,4,10,0,0,0,0,0,0,0,0,0,0,1,0,0,0,0,0,0,0,0,1,0,0,1,0,13,13,17,14,5,18,7,12
d00830,cooking,0,1,0,0,1,0,0,1,8,3,10,10,7,7,6,11,1,0,1,0,0,0,0,0,2,1,0,0,0,0,2,0,14,20,14,14,15,12,11,20
d00831,machine_learning,44,52,34,51,41,50,52,47,0,3,1,2,0,2,0,1,1,4,2,2,0,3,0,0,1,2,2,1,3,3,1,1,61,65,50,59,59,64,73,70
d00832,football,0,0,0,0,0,1,0,0,0,0,0,1,0,0,0,0,0,0,0,0,0,0,0,0,3,9,2,6,9,3,3,3,5,10,6,10,4,6,11,7
d00833,machine_learning,8,14,5,6,8,11,9,6,1,0,1,0,0,0,1,0,0,0,2,1,0,1,0,1,1,1,1,1,0,1,1,0,14,16,11,12,21,15,22,23
d00834,football,0,0,2,1,1,0,1,0,1,1,1,1,0,2,1,1,1,0,0,4,0,0,0,0,10,25,17,9,13,18,16,14,33,25,19,33,28,25,26,21
d00835,cooking,1,2,0,0,3,2,1,0,32,36,27,25,23,25,21,23,1,3,0,2,3,1,0,1,0,3,1,0,2,2,1,0,35,31,36,35,40,40,40,42
d00836,astronomy,0,0,0,1,0,0,0,2,1,1,0,1,0,0,1,1,5,5,7,3,5,8,5,8,0,0,1,0,0,0,0,1,11,5,14,10,6,13,13,13
d00837,machine_learning,9,3,2,3,3,5,6,4,0,0,1,0,0,0,2,0,1,0,0,0,0,0,0,0,0,0,0,1,0,0,0,0,9,3,2,9,10,4,7,8
d00838,astronomy,0,0,0,1,1,0,0,0,0,4,1,0,0,4,1,0,14,18,14,8,16,16,9,8,3,1,0,2,0,0,1,0,14,18,17,16,15,19,16,15
d00839,cooking,3,1,0,2,2,2,1,2,15,14,16,9,14,16,14,3,0,2,1,0,3,0,1,0,0,3,2,1,1,0,0,1,23,23,21,32,16,20,17,19
d00840,astronomy,2,1,2,2,2,0,0,1,1,3,2,1,1,1,3,0,36,30,35,26,27,18,35,34,0,3,1,0,2,1,0,1,44,46,53,52,41,52,53,42
d00841,cooking,3,3,2,2,0,0,4,0,52,37,53,51,54,49,50,58,4,1,3,3,1,2,5,1,5,4,3,3,5,3,3,3,95,73,99,86,91,92,74,91
d00842,football,1,0,0,1,2,0,0,0,1,1,0,0,0,1,0,1,0,1,0,1,1,1,0,0,16,14,17,21,14,18,12,20,30,20,29,32,25,26,25,23
d00843,football,0,0,0,1,0,0,0,0,0,0,0,0,0,0,0,0,0,0,0,0,0,0,0,0,4,7,3,5,5,6,8,4,9,9,10,12,11,9,7,7
d00844,machine_learning,14,10,8,9,8,8,7,9,1,0,2,0,0,1,2,0,2,1,0,1,0,1,0,1,2,0,1,0,0,1,0,0,14,10,12,14,21,14,14,11
d00845,cooking,1,1,2,0,0,1,3,3,19,27,19,28,15,23,24,19,1,0,0,1,0,0,1,1,3,2,2,1,0,1,2,3,40,39,37,40,26,35,49,32
d00846,football,2,0,0,0,0,0,0,0,0,2,1,1,0,0,0,1,0,0,0,1,1,1,0,0,12,11,6,13,8,15,9,10,13,17,19,8,10,16,16,13
d00847,cooking,1,0,0,1,0,1,1,0,9,7,6,6,12,10,5,9,1,0,0,1,0,0,1,0,0,0,1,0,1,0,2,0,20,18,16,18,13,14,12,12
d00848,cooking,0,0,0,0,0,0,0,0,6,8,8,9,4,6,7,7,0,0,0,1,0,0,0,0,0,0,2,0,1,0,0,1,12,7,8,6,11,7,11,9
d00849,football,0,0,0,0,3,2,1,0,0,2,3,0,1,2,4,1,2,0,2,3,0,2,1,0,27,30,24,21,26,25,23,22,34,46,48,36,38,48,36,56
d00850,cooking,2,1,1,1,5,1,0,2,23,23,28,23,30,17,18,28,0,2,0,0,2,1,1,1,1,0,2,2,3,1,0,0,42,44,39,41,47,34,48,38
d00851,cooking,0,1,2,2,0,2,1,3,36,28,21,27,23,30,29,23,1,1,1,2,3,0,2,3,1,3,3,0,0,0,1,1,51,35,44,39,33,50,46,34
d00852,cooking,3,1,1,1,7,0,0,2,69,48,43,61,65,71,71,51,1,2,3,2,1,1,1,4,2,2,3,1,2,1,1,1,81,88,81,95,92,97,94,104
d00853,football,3,2,1,2,0,2,3,3,1,3,5,0,3,1,1,1,1,1,1,3,3,1,4,0,43,31,32,32,22,26,37,36,53,46,61,50,65,54,74,59
d00854,football,1,0,0,0,2,2,3,1,1,0,3,0,0,1,0,1,0,0,1,3,1,1,1,0,12,10,9,15,17,12,11,6,23,12,16,14,20,21,19,15
d00855,cooking,0,0,0,0,0,0,0,0,6,7,7,8,8,9,10,3,0,0,1,2,0,0,0,0,0,0,1,1,0,0,2,0,9,14,10,6,14,16,15,7
d00856,cooking,1,0,1,1,1,0,0,1,11,12,9,15,19,16,13,15,1,2,0,0,1,0,0,2,0,2,0,1,0,1,0,1,19,28,19,20,17,19,25,28
d00857,cooking,0,1,1,1,1,0,1,3,20,18,19,23,17,13,15,24,1,1,0,1,0,1,0,0,1,2,2,0,2,1,1,1,25,32,38,34,27,32,28,29
d00858,astronomy,0,0,0,0,0,0,0,0,0,1,0,0,0,0,1,1,7,13,8,9,14,10,7,12,0,1,0,1,1,1,1,2,15,14,14,20,12,10,18,10
d00859,cooking,0,0,0,1,1,1,0,0,2,1,4,4,1,6,3,3,0,0,0,0,0,0,0,1,0,0,0,0,0,0,0,0,4,2,2,5,9,6,1,5
d00860,astronomy,2,0,0,0,0,0,0,1,0,1,0,2,0,0,0,0,6,5,8,12,6,12,10,13,0,0,1,0,0,0,1,2,15,16,17,20,20,12,17,13
d00861,astronomy,0,0,0,0,0,0,0,0,1,0,0,0,0,0,0,1,2,7,1,5,7,5,4,4,0,0,0,0,0,0,1,1,8,7,7,6,4,5,6,5
d00862,cooking,0,2,0,0,0,0,0,1,9,9,9,22,10,8,18,8,0,0,0,1,0,1,1,0,0,1,0,0,1,0,1,0,21,23,21,17,19,17,35,16
d00863,cooking,1,0,0,1,0,0,1,0,7,6,8,8,9,11,5,6,1,0,0,0,0,0,1,1,1,1,0,1,0,0,0,0,12,13,14,18,13,11,17,12
d00864,machine_learning,8,15,15,25,22,17,8,17,2,1,0,2,0,0,0,1,0,1,0,1,1,0,0,0,2,1,0,1,0,1,1,0,24,17,21,18,26,26,19,30
d00865,football,2,0,5,1,0,4,2,3,2,3,6,4,3,2,0,1,2,1,0,2,0,3,4,4,45,52,53,51,68,45,41,42,99,79,76,84,73,85,92,83
d00866,astronomy,0,2,2,0,1,0,0,0,2,1,1,0,2,1,0,1,16,11,27,12,12,15,16,22,0,1,1,0,1,0,0,1,30,28,34,29,29,25,33,31
d00867,football,1,0,0,0,1,1,0,0,1,1,0,2,0,1,0,0,2,0,0,0,0,0,0,0,10,18,15,14,8,14,7,12,14,16,22,24,20,16,12,19
d00868,machine_learning,6,6,11,16,12,10,18,15,0,0,2,0,0,0,1,2,0,0,0,0,0,2,0,0,1,1,0,0,1,0,0,0,18,13,8,15,18,19,21,16
d00869,astronomy,0,0,0,0,0,0,0,0,0,0,0,0,0,0,0,0,5,5,5,2,5,6,1,3,3,0,0,0,1,0,0,0,10,5,13,17,5,6,13,8
d00870,astronomy,0,0,1,0,2,0,0,0,0,0,1,0,0,1,0,0,9,11,9,12,14,12,15,13,1,0,0,0,1,0,0,1,17,12,21,24,20,23,23,16
d00871,astronomy,0,0,0,0,0,0,1,1,0,0,0,0,1,1,0,0,9,5,3,5,4,6,4,1,1,0,0,0,1,1,1,0,9,10,9,9,7,4,8,8
d00872,machine_learning,18,7,24,23,10,20,21,14,1,0,0,2,2,0,0,2,5,0,0,0,0,0,2,1,1,2,1,0,2,2,2,0,31,22,32,27,22,34,25,30
d00873,football,0,1,0,0,0,0,2,0,0,0,0,0,1,0,1,0,0,0,0,0,0,1,0,1,11,4,8,7,4,7,7,4,9,5,5,5,5,14,4,12
d00874,machine_learning,24,31,26,30,27,35,18,36,3,0,1,2,3,3,1,2,2,2,1,1,2,1,0,3,2,3,1,0,0,0,1,3,51,44,57,37,51,44,54,52
d00875,machine_learning,7,15,11,16,10,5,12,20,1,1,0,0,1,0,1,0,0,1,1,0,1,1,0,0,1,0,1,0,0,1,1,1,21,23,22,19,19,21,13,19
d00876,machine_learning,77,77,79,76,81,87,67,78,4,3,4,4,0,11,3,4,7,1,2,4,4,3,3,4,5,6,7,4,3,6,5,2,112,116,132,133,147,144,129,119
d00877,astronomy,1,1,0,0,0,0,0,0,0,2,1,0,0,1,0,0,17,14,11,9,12,12,14,12,1,2,0,0,0,0,2,0,23,25,16,18,26,17,25,21
d00878,football,0,0,1,0,0,0,1,0,0,0,0,0,1,0,1,0,1,1,2,0,0,1,0,0,8,14,9,8,12,8,14,11,22,13,15,23,16,13,23,19
d00879,cooking,0,0,2,1,0,0,0,0,4,9,7,3,4,5,6,5,0,0,0,0,0,0,1,0,1,0,0,0,2,0,0,0,7,14,6,11,9,9,13,7
d00880,cooking,0,0,0,0,0,0,0,1,7,5,6,6,5,5,8,7,0,1,0,0,0,0,0,0,0,0,1,0,0,0,1,0,13,15,14,13,13,11,10,12
d00881,machine_learning,6,12,14,8,13,10,8,13,1,0,0,0,1,0,0,1,1,1,0,2,0,0,4,0,1,1,2,0,0,0,0,0,18,21,19,15,19,16,16,20
d00882,machine_learning,6,4,3,8,5,8,10,5,0,0,1,0,0,1,0,1,0,0,0,0,0,0,0,1,1,0,1,1,0,0,0,1,9,10,20,12,12,15,12,14
d00883,football,0,0,0,0,0,0,0,0,0,0,0,0,1,0,0,0,1,2,0,0,0,0,0,2,4,6,6,1,5,6,7,9,10,9,11,8,7,6,8,7
d00884,machine_learning,1,5,4,9,4,6,5,6,0,0,1,0,0,0,0,0,0,1,0,0,0,0,1,1,0,0,1,0,0,0,0,1,4,10,7,7,3,11,10,12
d00885,football,0,0,1,0,0,0,1,0,1,0,0,0,0,0,1,0,0,0,0,3,1,1,0,0,5,16,15,11,8,13,8,12,17,12,23,21,18,19,13,16
d00886,football,0,0,0,0,0,0,1,2,0,0,0,0,0,0,0,0,0,1,0,0,0,2,0,0,5,7,6,4,2,9,7,3,10,7,2,7,11,9,7,12
d00887,cooking,1,0,1,0,0,0,1,1,12,14,16,7,14,13,13,10,0,0,0,0,1,0,1,2,0,2,1,1,1,0,0,0,32,22,20,25,21,21,23,22
d00888,machine_learning,20,18,14,19,13,19,11,23,0,0,0,1,1,0,0,1,1,1,1,0,1,1,0,0,0,1,1,0,0,0,0,0,20,25,21,24,32,23,23,25
d00889,astronomy,2,0,1,0,1,2,1,1,4,0,2,0,3,1,2,2,25,29,24,27,24,21,21,29,0,4,2,1,2,3,1,1,39,36,51,43,49,53,37,54
d00890,astronomy,0,0,2,0,0,1,0,0,0,1,0,0,0,0,1,0,8,0,5,5,7,5,5,6,0,0,0,0,0,0,2,0,8,10,10,12,13,4,7,7
d00891,cooking,0,1,2,0,1,0,1,1,21,22,20,22,20,17,17,21,1,1,2,1,1,0,1,1,1,1,0,1,1,0,0,0,27,18,38,26,31,25,27,26
d00892,machine_learning,10,20,24,19,16,20,10,17,2,0,1,2,0,2,0,1,0,1,2,0,2,0,0,0,2,0,1,4,1,0,1,1,28,27,30,28,44,25,39,21
d00893,machine_learning,143,149,172,158,165,150,151,154,9,9,9,7,3,5,13,4,8,9,15,8,6,5,8,7,6,4,7,7,4,6,12,7,278,255,273,303,264,260,264,272
d00894,machine_learning,46,36,40,34,33,36,32,41,0,1,0,3,0,1,2,1,2,1,3,3,3,1,3,2,1,2,3,1,0,2,1,4,63,69,66,59,60,63,55,56
d00895,astronomy,1,1,1,1,1,5,0,3,1,1,1,2,1,0,1,1,22,23,28,21,17,16,23,18,1,1,0,0,2,2,1,1,35,31,44,37,38,35,40,36
d00896,football,0,0,0,0,2,1,0,0,0,0,0,1,1,0,1,1,0,1,0,0,0,0,0,1,25,17,21,13,14,15,8,13,22,19,19,30,29,24,29,24
d00897,cooking,0,3,1,1,0,0,0,0,13,13,7,10,8,12,15,10,0,0,5,1,0,1,0,2,1,2,1,0,1,0,1,0,26,19,24,29,25,18,21,22
d00898,astronomy,1,0,1,1,0,1,1,0,3,0,0,1,1,0,3,1,9,17,18,7,12,12,7,14,0,3,0,1,0,1,1,2,17,12,23,31,28,25,22,19
d00899,cooking,1,1,1,1,1,0,0,3,30,17,22,29,28,21,23,24,2,1,1,2,0,4,0,0,2,0,0,0,0,2,2,2,33,48,32,38,37,46,25,34
d00900,astronomy,0,1,1,0,0,0,1,0,0,2,0,0,0,0,0,0,5,2,5,4,5,5,3,4,0,0,0,0,0,0,0,0,1,5,6,4,12,4,6,5
d00901,cooking,0,0,1,0,0,0,0,0,6,6,7,5,4,4,4,7,0,0,0,0,1,1,0,1,1,0,0,0,0,0,1,0,6,7,11,11,10,16,8,7
d00902,astronomy,0,0,1,0,0,1,0,1,1,0,0,0,0,1,1,1,7,6,5,9,6,6,7,3,0,0,0,0,0,0,0,0,12,13,10,8,8,3,8,6
d00903,machine_learning,18,15,24,20,18,12,25,19,0,1,0,0,1,1,0,0,0,1,0,0,1,1,0,0,0,0,2,1,0,1,0,2,23,32,29,24,32,35,36,21
d00904,football,0,0,0,2,0,0,0,2,1,1,2,1,1,0,2,1,1,2,1,0,0,2,1,1,14,17,19,17,9,17,13,14,25,27,26,19,23,27,28,23
d00905,machine_learning,5,11,10,5,2,7,15,8,0,0,1,2,0,0,1,0,1,0,0,1,0,1,1,2,0,0,0,1,1,0,0,0,10,6,11,11,21,21,10,10
d00906,astronomy,1,0,0,0,1,0,1,0,0,1,0,0,0,0,0,0,13,13,10,8,9,14,13,7,0,0,0,2,3,0,0,0,26,19,11,23,16,20,16,21
d00907,cooking,0,0,0,1,0,0,0,0,7,2,2,2,5,4,5,4,0,1,0,0,1,0,0,0,0,0,0,0,0,0,0,0,4,7,4,7,4,6,4,1
d00908,cooking,0,1,1,1,0,1,3,0,31,22,34,28,34,33,20,33,0,1,1,0,3,2,0,3,1,1,3,1,1,0,1,1,53,58,49,50,45,34,47,46
d00909,football,0,1,1,0,0,0,0,0,1,0,0,0,1,1,0,1,0,2,1,0,0,0,2,0,6,9,13,14,14,12,15,10,22,23,24,13,19,20,9,13
d00910,machine_learning,3,5,6,7,11,4,8,6,0,0,0,0,0,0,0,1,2,0,0,1,1,1,1,0,0,0,0,0,0,0,0,0,10,16,7,7,11,11,11,9
d00911,astronomy,0,0,0,0,1,0,0,0,1,2,0,1,0,2,1,0,8,11,10,15,10,11,6,7,1,0,1,0,1,0,0,1,24,12,25,13,13,16,15,15
d00912,machine_learning,12,6,7,8,10,9,9,9,0,0,0,0,0,1,0,1,0,1,0,0,0,0,2,0,2,0,0,0,0,0,1,0,18,11,15,13,19,17,11,11
d00913,machine_learning,26,13,13,20,19,10,15,16,1,0,1,0,1,0,1,2,1,0,1,1,2,0,0,0,2,1,0,2,1,1,2,1,33,40,30,29,32,35,23,26
d00914,machine_learning,80,63,64,73,58,70,59,78,3,3,3,2,3,6,5,3,3,4,2,8,4,1,1,2,4,3,5,4,1,3,3,3,98,96,136,109,107,90,101,120
d00915,cooking,1,4,0,4,0,2,3,0,36,33,32,34,40,33,36,40,3,0,1,1,2,1,2,1,1,1,2,2,2,4,3,3,58,58,63,67,64,65,71,49
d00916,football,2,0,1,0,0,2,1,1,0,1,0,2,0,1,1,0,1,0,0,1,0,0,0,2,15,21,14,15,18,24,20,17,31,25,28,24,24,28,19,30
d00917,football,0,0,0,0,0,0,1,0,2,0,1,1,0,1,0,0,0,0,0,0,2,0,0,2,10,7,9,11,6,12,8,5,7,15,19,13,9,20,15,11
d00918,football,3,2,0,0,1,2,0,1,0,1,2,2,3,2,1,1,3,1,0,1,1,0,4,0,34,36,29,25,46,30,35,40,38,54,60,47,46,55,56,60
d00919,cooking,2,1,2,1,0,0,2,1,9,23,16,24,24,22,20,17,1,3,0,2,1,3,0,3,1,2,1,1,1,2,0,1,38,27,34,34,31,24,40,33
d00920,cooking,1,2,7,2,1,1,4,2,41,29,44,36,38,27,31,33,2,1,1,2,0,0,1,2,1,2,4,4,0,2,2,1,66,74,67,55,55,63,55,63
d00921,cooking,0,0,0,0,0,0,0,0,11,12,9,10,6,7,9,8,1,1,1,0,0,2,0,1,0,0,1,0,1,0,0,1,16,9,16,17,21,18,16,18
d00922,machine_learning,6,10,10,9,2,12,5,6,0,1,0,0,4,0,0,0,0,2,0,0,0,0,0,0,1,0,0,1,0,0,0,0,8,7,18,11,13,18,8,20
d00923,cooking,1,2,0,0,2,0,0,0,15,15,13,14,9,18,22,11,0,0,1,1,0,0,0,0,4,2,1,0,1,3,0,0,32,40,25,30,31,24,30,32
d00924,football,2,1,2,1,3,1,1,1,0,1,1,2,1,1,1,0,3,2,1,3,2,1,2,0,36,31,20,34,26,29,26,41,51,52,60,54,54,43,44,34
d00925,machine_learning,7,6,6,3,1,2,4,4,0,2,0,0,0,0,0,0,0,0,0,0,1,1,0,0,0,0,1,0,0,0,0,0,3,5,11,8,7,11,8,10
d00926,machine_learning,5,6,11,6,6,9,4,4,1,0,0,0,1,0,1,1,0,1,0,0,0,0,2,0,0,1,1,0,0,0,0,0,7,9,11,6,6,15,13,12
d00927,astronomy,1,1,5,1,2,3,1,2,1,1,1,1,1,0,2,3,35,39,33,31,43,47,40,36,1,0,1,1,2,0,1,0,58,58,50,70,49,58,45,67
d00928,cooking,3,2,0,0,2,1,2,1,47,40,33,40,43,39,35,41,0,3,3,2,0,4,1,1,4,0,1,1,5,0,1,2,55,62,52,55,64,58,66,48
d00929,cooking,0,0,0,2,0,0,0,0,9,4,7,7,3,2,8,7,1,0,0,0,1,0,1,1,1,0,0,0,0,0,1,0,13,11,11,11,8,6,8,12
d00930,football,1,0,3,0,0,0,0,0,0,0,0,0,2,0,1,1,0,0,2,1,1,0,1,1,20,12,10,23,19,13,20,16,28,31,24,21,29,23,29,31
d00931,astronomy,1,0,1,0,1,0,0,0,0,1,0,1,0,1,0,0,9,6,8,16,14,14,12,9,2,0,0,0,0,0,1,0,11,9,15,23,19,19,20,28
d00932,astronomy,1,0,1,0,1,0,0,1,1,0,0,1,1,0,1,1,24,18,19,22,27,18,27,25,0,2,1,1,1,0,4,2,32,35,26,25,36,38,40,27
d00933,cooking,2,1,1,1,1,1,2,3,11,19,4,6,10,9,15,14,1,1,0,0,0,3,2,0,1,2,0,2,0,2,0,0,20,11,19,20,17,17,17,19
d00934,machine_learning,9,8,7,10,9,4,8,8,0,0,0,0,0,0,0,0,0,0,2,0,0,1,1,0,0,1,0,0,0,0,1,1,7,17,13,14,7,18,6,10
d00935,machine_learning,25,33,28,37,35,31,28,26,0,3,1,0,3,2,2,3,1,1,0,1,0,0,1,5,2,2,0,3,2,1,1,1,46,38,44,47,59,55,58,46
d00936,cooking,0,1,1,0,0,0,0,0,3,8,5,6,3,9,7,17,0,0,0,1,0,0,2,0,0,0,0,0,0,0,0,0,12,9,12,10,14,14,14,10
d00937,cooking,1,0,2,1,0,0,0,2,12,17,7,12,12,13,9,16,0,0,1,2,1,1,1,0,0,1,1,0,0,0,1,0,24,29,19,18,13,9,23,25
d00938,football,0,0,0,1,1,0,0,0,0,0,0,0,0,0,0,0,1,1,0,0,0,1,0,0,5,4,3,3,4,0,8,1,7,6,5,2,5,3,5,4
d00939,astronomy,2,3,1,2,2,2,1,1,1,2,0,0,0,1,2,2,11,8,14,11,17,10,19,12,0,0,0,0,0,1,0,1,22,18,27,21,23,23,18,29
d00940,cooking,1,1,0,2,0,0,1,0,23,28,19,24,20,14,26,13,1,0,1,2,1,0,1,0,1,0,0,0,0,2,1,2,27,31,40,36,35,27,42,32
d00941,football,1,0,2,0,0,0,2,0,0,0,0,0,0,0,2,0,0,0,0,0,0,0,0,0,9,12,6,13,8,8,12,7,12,12,13,12,17,15,7,12
d00942,machine_learning,5,10,7,5,9,4,3,9,0,0,0,0,0,1,0,0,0,0,1,0,0,0,0,0,0,0,2,1,0,1,0,0,10,7,9,7,8,14,11,7
d00943,machine_learning,15,10,10,5,7,10,5,10,1,0,1,2,0,0,1,1,1,1,0,1,0,0,3,1,0,0,0,1,0,2,0,0,18,13,21,14,20,17,17,14
d00944,astronomy,2,1,0,5,2,1,0,0,1,1,1,0,1,1,1,1,26,15,15,12,31,20,23,23,2,1,0,1,2,1,0,1,32,30,39,25,23,42,32,25
d00945,astronomy,2,0,0,1,0,2,0,0,1,0,0,1,0,0,0,0,4,3,8,5,9,6,6,3,0,1,0,0,1,1,1,0,8,10,6,11,12,7,5,5
d00946,football,0,1,2,0,0,1,0,0,0,1,0,0,0,0,0,0,0,0,0,0,0,0,0,0,7,12,11,11,7,2,11,9,16,9,8,13,18,10,19,5
d00947,cooking,1,0,1,0,0,1,0,0,6,8,11,11,11,12,7,8,1,0,0,0,0,0,0,0,0,0,0,2,1,0,0,0,15,17,18,12,10,5,13,6
d00948,astronomy,1,0,0,0,0,0,0,0,1,0,0,0,1,0,0,0,3,5,2,3,3,3,4,5,0,0,0,0,0,0,0,0,7,9,8,11,5,8,2,4
d00949,machine_learning,65,56,63,57,69,62,69,61,3,1,5,0,1,6,5,2,1,3,3,2,3,6,3,3,5,0,0,3,1,4,5,6,91,113,97,99,89,102,89,111
d00950,football,1,1,2,1,0,1,0,0,1,0,1,0,0,0,0,0,0,0,0,0,0,0,0,1,4,7,8,4,11,6,8,3,7,9,7,6,13,13,16,10
d00951,astronomy,0,2,1,0,1,0,0,0,0,1,1,0,1,0,0,0,8,6,9,8,11,6,5,6,0,0,0,0,0,1,0,0,9,19,7,12,4,10,17,11
d00952,astronomy,0,1,1,0,0,0,1,1,0,0,1,1,1,1,0,0,9,19,19,11,16,13,10,14,0,0,0,1,1,2,1,2,23,19,18,23,13,18,25,18
d00953,cooking,1,2,2,3,2,0,2,2,39,31,43,37,46,41,41,38,1,2,4,1,4,3,0,2,1,2,2,4,4,1,2,1,82,60,76,61,73,65,83,71
d00954,machine_learning,5,5,5,5,6,1,4,5,0,0,0,0,0,0,0,0,0,0,0,0,0,1,0,1,0,0,0,2,0,1,1,0,8,16,17,16,8,12,7,16
d00955,cooking,0,0,3,2,3,0,2,2,35,27,34,32,32,30,29,24,3,3,0,1,1,1,1,4,1,3,1,4,1,1,0,1,53,43,46,44,58,49,67,43
d00956,cooking,0,0,0,2,0,1,0,2,12,14,6,14,12,16,16,8,1,0,0,0,2,0,0,0,1,0,0,1,0,0,0,0,29,23,23,21,17,22,25,16
d00957,football,1,1,2,0,0,0,0,0,5,0,1,1,2,1,1,1,1,1,0,0,0,2,1,1,25,22,22,24,24,20,15,26,48,25,29,25,36,33,31,36
d00958,football,1,0,0,0,0,0,0,2,0,1,0,1,0,0,0,0,1,0,2,0,0,0,0,1,7,5,8,12,5,6,5,7,6,10,14,10,12,10,11,8
d00959,astronomy,1,0,1,2,2,1,3,0,0,2,1,3,2,2,2,3,35,25,40,29,21,26,37,24,4,1,2,0,2,2,5,1,64,58,44,67,63,56,44,42
d00960,cooking,0,2,1,0,1,0,2,0,10,11,16,6,12,12,9,12,0,1,2,1,0,2,0,0,0,0,0,1,1,2,2,0,23,26,21,18,21,25,15,24
d00961,machine_learning,8,9,12,16,12,13,14,15,0,0,0,0,0,0,0,1,1,0,0,0,2,0,0,2,0,0,0,1,2,0,0,0,16,17,21,22,20,22,29,17
d00962,football,0,1,0,3,1,1,2,0,0,0,1,0,0,2,0,3,1,0,2,0,1,0,1,1,25,10,18,22,19,16,14,23,23,32,28,26,31,27,15,32
d00963,astronomy,1,1,2,1,0,1,0,1,1,1,1,1,0,0,1,2,21,21,15,15,27,10,22,31,0,0,2,2,0,2,3,4,33,35,37,34,35,40,30,40
d00964,astronomy,0,0,1,1,2,0,1,0,0,1,1,3,1,1,1,0,12,15,17,10,8,14,13,17,1,1,2,0,2,1,0,2,36,23,20,34,21,27,27,20
d00965,astronomy,1,0,0,0,0,0,0,1,0,0,0,0,1,0,0,1,4,2,9,5,8,7,5,7,0,1,0,0,1,0,0,4,14,13,19,12,10,13,13,13
d00966,astronomy,2,3,0,2,1,0,0,0,0,0,0,0,2,2,2,1,21,14,17,24,16,20,24,13,1,2,0,2,2,0,1,2,25,31,33,17,33,25,30,15
d00967,astronomy,0,2,1,1,1,3,3,0,2,1,0,1,2,0,1,0,38,37,22,27,19,31,37,20,3,0,6,3,0,3,3,3,35,42,40,40,41,36,43,47
d00968,machine_learning,12,13,7,9,8,17,5,6,1,1,0,1,0,2,0,0,0,0,2,1,0,2,0,1,1,0,0,0,0,0,1,0,21,17,14,16,22,14,13,15
d00969,astronomy,0,0,1,0,1,0,0,0,0,1,1,0,0,1,1,2,16,13,14,15,7,9,7,16,2,0,2,1,0,0,0,1,23,24,20,20,25,19,23,16
d00970,machine_learning,0,3,2,1,2,5,6,2,0,0,0,1,0,1,0,2,0,0,0,0,0,0,0,0,0,0,0,0,0,1,0,0,8,10,3,7,3,3,5,3
d00971,astronomy,2,0,1,0,0,1,0,1,1,0,1,1,1,0,1,1,11,13,5,12,15,11,17,14,1,0,0,1,1,0,0,0,23,16,23,17,26,17,18,20
d00972,machine_learning,7,9,11,12,8,11,9,12,0,0,0,0,0,0,0,0,0,0,0,0,0,0,0,0,1,1,3,1,0,0,2,0,15,10,22,21,16,9,22,23
d00973,football,0,1,2,2,1,1,0,2,1,0,1,1,1,0,0,1,0,1,0,0,1,2,1,1,21,13,16,17,12,19,23,18,26,28,32,37,22,36,35,36
d00974,astronomy,0,1,2,1,1,1,0,1,1,0,0,0,0,1,0,1,9,12,7,10,3,12,8,6,1,1,1,0,3,0,0,0,19,9,10,8,17,13,12,9
d00975,astronomy,0,1,0,0,2,0,0,0,0,0,0,0,0,0,0,0,3,4,8,2,4,3,6,2,0,0,0,0,0,0,0,0,11,8,11,14,15,11,16,5
d00976,cooking,3,2,1,0,1,2,2,0,13,18,15,8,18,17,13,20,1,1,0,1,1,0,0,0,0,0,2,2,1,1,1,0,20,26,28,26,22,22,22,30
d00977,cooking,0,0,1,1,1,0,0,2,11,7,7,9,8,10,10,11,0,1,0,0,0,0,0,1,2,0,0,0,1,0,0,0,14,19,17,21,22,27,25,20
d00978,football,0,1,2,2,2,1,2,1,1,3,1,1,1,2,1,1,1,2,2,3,1,0,1,1,28,34,32,26,27,27,19,40,54,50,54,47,59,42,54,64
d00979,astronomy,1,0,1,1,0,1,1,0,0,0,0,0,0,0,0,0,11,18,19,9,14,14,16,11,0,2,1,0,1,1,1,0,21,28,22,15,16,15,26,17
d00980,machine_learning,5,11,14,11,7,7,9,11,0,0,0,0,1,1,0,0,1,0,1,1,0,0,2,1,0,0,1,0,0,2,0,0,15,13,20,12,21,20,11,19
d00981,astronomy,0,2,0,0,1,0,1,0,0,0,0,1,0,1,0,0,8,15,11,11,15,20,8,16,0,0,1,1,1,1,0,0,28,12,30,20,29,17,12,23
d00982,astronomy,0,2,0,0,0,2,0,1,1,0,0,1,0,0,0,0,11,5,5,8,5,9,3,4,0,1,0,0,0,0,0,0,20,11,13,18,9,13,13,18
d00983,machine_learning,26,15,21,21,16,21,23,15,2,2,1,1,1,1,3,4,3,0,3,2,0,1,0,3,0,2,3,2,0,0,1,1,34,36,41,36,43,35,41,29
d00984,football,0,0,0,1,0,2,0,0,0,0,0,0,0,1,0,0,0,1,2,0,0,0,1,0,4,1,3,5,5,7,6,8,8,6,12,10,19,6,9,11
d00985,machine_learning,32,32,23,27,27,33,27,21,1,4,1,2,0,1,3,2,0,0,2,3,4,0,0,0,0,1,3,1,2,2,0,1,47,37,30,31,52,38,48,42
d00986,cooking,0,0,0,0,1,0,0,0,12,11,6,8,7,8,10,11,1,1,1,0,1,0,1,1,1,0,1,3,0,0,0,0,10,15,8,17,16,11,16,14
d00987,astronomy,0,0,1,0,0,1,1,0,0,0,1,0,0,0,0,1,12,5,5,9,10,9,6,9,0,3,0,1,1,0,0,1,17,15,16,16,12,19,17,19
d00988,cooking,0,2,0,0,1,1,1,0,12,13,16,6,11,10,19,17,1,0,0,0,1,1,1,1,2,0,0,0,0,0,3,0,19,22,25,24,22,22,22,18
d00989,football,0,1,1,0,1,1,0,1,1,1,1,0,0,0,0,0,1,0,0,0,0,1,0,2,7,5,3,7,7,4,8,6,9,9,13,7,11,13,16,8
d00990,football,4,3,2,4,5,4,2,3,4,2,5,0,3,4,2,0,5,6,2,5,6,3,1,2,52,53,62,62,58,66,63,47,83,91,89,119,114,92,116,94
d00991,machine_learning,9,21,21,26,24,21,26,24,1,1,2,1,4,2,0,0,0,0,2,1,1,1,0,1,1,3,0,0,0,1,0,0,24,30,26,31,35,30,30,27
d00992,football,3,4,5,10,6,3,3,6,6,6,7,6,7,7,6,6,6,9,5,3,4,4,2,4,100,104,83,97,89,104,99,93,158,157,147,154,166,177,157,160
d00993,machine_learning,43,43,42,43,32,44,51,45,0,1,3,2,4,3,3,2,2,2,1,3,2,2,4,4,1,4,1,4,3,4,2,1,75,70,84,76,65,75,69,77
d00994,cooking,2,3,6,3,4,4,2,0,59,59,71,67,58,69,64,68,2,6,1,5,3,5,2,5,2,4,3,2,3,3,1,1,105,102,108,108,120,107,108,107
d00995,astronomy,0,0,0,0,0,0,0,1,1,0,0,2,0,0,0,0,7,8,4,10,14,7,3,8,2,1,0,0,0,0,0,1,11,14,6,9,12,17,11,13
d00996,cooking,2,2,2,0,0,2,1,1,11,13,18,11,16,17,23,28,0,1,0,1,1,0,1,1,2,0,0,0,2,0,2,1,28,21,25,24,30,28,25,28
d00997,machine_learning,11,8,12,13,9,10,11,14,0,0,1,1,0,0,0,2,2,0,0,0,0,0,1,0,0,1,2,0,0,0,1,0,18,18,19,25,14,13,20,17
d00998,cooking,1,0,4,1,0,0,1,1,8,9,14,10,3,9,17,11,1,0,2,0,1,0,0,2,1,1,1,0,1,0,0,1,19,13,16,21,13,18,6,25
d00999,cooking,0,0,0,0,1,0,0,0,6,6,4,4,3,6,5,3,0,1,1,1,1,0,0,0,1,1,2,0,0,0,0,0,7,4,8,5,6,16,11,7
d01000,football,1,1,1,1,0,2,0,1,1,1,1,3,3,0,1,1,0,1,3,1,0,0,1,1,29,26,20,28,22,24,28,27,52,47,58,49,61,51,59,43
d01001,football,2,0,0,2,1,1,3,2,2,1,0,1,0,1,3,2,0,2,2,1,1,0,1,1,29,33,34,21,23,25,28,21,41,36,20,32,45,33,38,33
d01002,cooking,1,1,0,1,1,0,0,0,24,30,21,15,17,19,25,12,0,0,0,2,1,2,1,0,0,1,0,1,4,1,1,3,45,33,30,41,35,34,27,33
d01003,cooking,0,0,0,0,0,0,0,0,3,1,2,3,2,2,3,7,0,1,0,0,0,0,1,0,0,0,1,1,0,0,0,0,5,7,9,6,5,7,3,4
d01004,cooking,0,2,0,1,0,0,0,3,16,20,19,16,18,21,14,15,0,0,2,3,2,1,1,0,1,2,1,2,0,0,0,0,30,28,23,32,22,17,28,35
d01005,astronomy,0,1,1,3,0,1,1,0,0,0,1,1,1,0,1,1,14,20,10,11,19,21,22,14,2,1,2,1,1,0,0,2,23,29,29,34,30,26,32,31
d01006,astronomy,0,2,1,0,0,1,1,1,1,0,1,1,1,1,0,1,15,16,15,12,15,24,18,13,2,0,1,1,1,1,0,2,47,34,30,30,40,36,25,23
d01007,machine_learning,14,6,8,4,8,12,8,9,0,0,0,0,0,0,0,0,0,0,0,0,0,0,0,2,1,0,0,1,0,0,1,2,18,17,14,17,14,20,14,15
d01008,machine_learning,13,10,12,19,10,15,9,6,0,2,0,2,0,0,1,0,1,1,0,1,0,1,1,0,2,0,0,1,0,0,0,1,15,17,25,19,13,21,18,20
d01009,cooking,0,2,2,2,1,2,0,1,19,27,16,21,23,19,20,22,0,3,0,0,0,1,1,0,1,3,2,1,2,0,0,0,29,29,25,59,33,37,32,34
d01010,cooking,0,0,1,1,0,0,0,1,13,13,13,13,11,9,20,10,0,1,1,0,1,1,1,1,0,0,0,0,1,1,0,1,19,23,25,27,22,26,23,29
d01011,machine_learning,16,21,31,27,23,25,21,27,1,0,1,2,0,0,2,0,0,3,3,1,1,0,1,1,0,2,0,0,0,0,0,3,46,36,38,44,43,36,48,36
d01012,football,0,0,0,0,0,0,1,0,0,1,0,1,2,0,1,0,0,0,0,1,0,1,0,0,5,9,7,11,6,4,4,6,13,10,7,16,16,20,9,18
d01013,cooking,3,5,4,4,6,8,4,7,125,110,128,129,119,126,114,124,2,10,5,7,6,3,6,3,4,4,5,6,3,8,3,2,200,190,198,191,187,195,203,180
d01014,cooking,0,0,1,1,3,1,0,0,13,15,19,17,14,18,15,17,1,0,1,0,1,1,0,0,3,0,1,0,0,0,2,1,26,23,24,21,24,20,25,26
d01015,cooking,0,0,0,0,1,1,0,0,5,7,3,9,7,10,9,5,0,0,0,0,1,0,0,0,0,0,0,0,0,0,1,0,15,12,11,14,9,11,9,12
d01016,machine_learning,55,56,59,52,58,61,66,59,1,3,3,4,2,3,5,1,3,3,2,7,3,3,2,2,2,3,4,1,3,2,3,0,107,114,113,90,74,103,94,84
d01017,astronomy,1,3,1,1,3,0,1,0,0,0,0,0,0,0,2,1,16,12,17,15,13,18,12,16,1,0,1,2,0,1,1,0,26,32,35,24,36,27,31,28
d01018,astronomy,0,1,1,0,1,0,1,1,1,1,1,0,1,0,1,0,14,20,15,15,20,14,29,16,0,0,1,1,0,1,2,1,31,34,35,33,29,31,23,29
d01019,football,1,0,2,2,0,0,1,0,0,0,1,0,2,2,0,0,0,1,0,0,1,0,1,0,9,11,7,13,16,10,8,8,21,15,23,29,19,36,23,17
d01020,cooking,0,1,0,0,0,0,1,0,5,9,3,7,6,7,6,3,1,0,1,0,0,0,0,1,1,1,0,1,0,0,0,0,7,11,8,6,10,7,9,11
d01021,astronomy,0,0,0,2,0,0,0,0,0,0,0,0,0,0,0,1,4,4,7,4,6,4,5,6,1,0,0,0,1,1,0,0,8,13,12,7,12,10,7,9
d01022,astronomy,2,3,1,3,1,2,0,1,1,1,2,2,2,1,0,1,40,41,41,49,49,33,47,46,0,1,2,1,1,0,1,1,68,72,63,74,65,69,48,68
d01023,astronomy,0,2,1,0,1,0,1,0,1,0,0,0,0,1,0,0,10,6,12,6,14,7,7,11,0,0,2,0,0,0,0,1,20,10,20,11,19,13,18,21
d01024,machine_learning,35,40,47,38,40,35,37,32,2,2,2,1,2,4,0,3,2,2,0,0,2,3,2,1,2,4,2,2,3,3,1,3,81,60,81,69,60,82,74,65
d01025,football,1,0,2,0,0,0,0,0,1,0,0,2,1,0,1,0,0,1,0,0,0,2,0,1,9,18,10,12,12,15,8,13,29,23,31,21,22,22,19,16
d01026,machine_learning,23,17,15,14,15,20,19,20,1,2,0,2,0,0,0,3,1,0,1,0,1,0,1,0,0,2,0,1,2,1,0,0,26,29,30,27,30,27,25,28
d01027,cooking,0,0,1,0,0,0,1,0,9,7,5,12,12,11,12,8,0,0,0,0,1,0,0,0,1,0,0,1,1,0,0,0,18,21,21,11,22,18,9,18
d01028,football,0,0,0,1,0,0,0,0,0,0,1,0,2,1,0,2,0,0,1,0,2,4,1,2,15,14,13,13,17,16,12,13,21,21,23,27,25,17,13,26
d01029,football,0,2,1,0,5,2,1,1,1,1,2,0,0,1,1,0,1,2,2,1,2,0,1,1,28,30,32,33,32,41,35,28,54,52,51,47,45,62,51,51
d01030,astronomy,1,0,1,0,0,0,1,2,0,0,0,0,0,0,0,0,10,18,16,17,10,14,18,15,0,1,0,0,0,0,0,3,20,11,26,23,33,31,21,18
d01031,machine_learning,27,27,28,25,22,23,31,29,0,3,2,2,2,2,1,1,1,0,1,2,2,2,2,2,2,1,0,0,0,1,2,2,48,40,34,44,46,50,31,28
d01032,astronomy,0,0,0,0,1,0,1,1,2,0,0,1,0,3,2,1,11,17,14,15,20,12,11,20,1,0,0,0,0,0,2,1,17,25,22,28,30,21,25,24
d01033,machine_learning,13,11,11,11,10,19,14,11,0,0,1,0,0,0,2,1,0,1,0,1,0,1,0,0,0,0,1,3,0,0,0,0,18,16,13,18,23,12,18,21
d01034,cooking,0,0,0,0,0,0,0,0,6,5,7,8,3,5,4,11,0,0,0,1,0,2,0,0,1,0,0,0,0,0,0,0,10,11,6,9,12,6,10,11
d01035,machine_learning,16,14,14,11,10,19,16,18,0,0,0,1,1,0,1,0,0,0,1,0,2,0,0,1,0,2,2,1,1,1,0,0,16,20,30,21,16,18,15,13
d01036,football,2,2,1,1,0,0,0,2,1,1,2,2,1,0,1,1,1,0,1,0,0,2,1,1,22,18,25,17,21,14,12,16,31,29,34,22,18,28,28,23
d01037,football,1,0,0,1,0,0,0,1,0,0,0,0,0,1,0,0,0,0,0,0,1,0,0,1,3,5,0,5,5,6,8,3,11,6,2,5,10,6,10,12
d01038,football,1,1,0,0,0,0,1,0,1,2,1,1,1,2,0,0,1,0,1,0,0,1,0,2,13,14,11,20,16,12,13,8,23,26,24,24,27,21,26,25
d01039,cooking,1,0,1,0,0,4,0,3,12,12,10,14,9,14,10,16,1,1,0,0,0,0,0,1,1,1,0,2,0,1,1,0,25,27,19,19,22,14,19,19
d01040,machine_learning,24,55,51,35,43,38,45,45,1,2,5,1,4,3,1,5,3,3,2,0,0,3,0,1,4,2,3,2,4,3,2,1,78,71,77,77,50,59,64,79
d01041,astronomy,0,0,0,0,0,0,0,0,0,0,0,0,0,1,0,0,3,3,4,3,5,4,5,1,1,0,0,0,0,0,0,0,9,11,7,4,7,12,8,4
d01042,cooking,0,0,0,0,1,0,0,1,1,8,4,7,5,3,1,8,0,0,0,0,0,0,0,1,0,0,0,0,0,2,1,0,6,6,8,6,14,7,5,4
d01043,cooking,1,0,0,1,3,1,2,1,25,22,28,28,30,32,30,24,1,1,1,1,0,1,2,3,2,0,2,0,4,1,0,5,48,41,45,40,41,41,48,37
d01044,cooking,1,1,1,0,0,0,1,1,15,18,18,22,14,16,15,22,0,1,2,0,0,1,0,0,0,1,1,1,0,1,0,3,30,35,28,46,33,27,32,26
d01045,machine_learning,22,15,16,22,32,16,17,21,0,1,1,0,1,2,2,3,0,0,2,2,1,0,0,3,2,3,0,3,0,0,1,0,32,24,24,33,26,31,27,35
d01046,machine_learning,23,17,15,25,25,19,28,24,0,2,0,1,1,0,0,2,0,1,1,1,1,1,0,0,2,0,2,1,0,2,2,1,23,39,41,28,40,41,45,43
d01047,football,0,0,0,0,1,0,0,0,0,2,0,0,0,0,1,2,1,2,1,1,1,1,0,1,20,16,23,19,10,20,23,22,28,27,16,23,40,27,25,32
d01048,machine_learning,10,10,13,16,14,13,11,13,0,1,1,4,1,1,0,0,0,0,1,0,1,1,3,1,0,1,0,0,1,0,1,0,28,20,31,20,30,33,31,21
d01049,machine_learning,30,31,28,28,21,26,25,31,2,2,1,1,0,0,0,1,1,0,0,1,1,1,0,0,2,2,1,2,1,1,1,1,47,50,45,54,50,54,51,36
d01050,machine_learning,10,5,9,8,4,12,11,6,0,0,0,0,1,0,0,0,0,1,0,0,0,0,1,0,0,0,0,1,1,0,0,0,8,10,11,14,14,17,14,13
d01051,cooking,0,0,1,1,0,1,0,0,10,10,6,14,12,7,11,22,0,0,0,0,0,0,0,0,0,2,2,1,1,0,1,0,23,19,19,19,15,21,10,15
d01052,football,0,0,0,0,0,0,0,0,0,0,2,1,0,0,1,2,1,0,2,0,1,1,0,1,8,9,10,13,8,9,6,11,9,18,19,20,13,19,17,10
d01053,astronomy,0,1,0,0,1,1,1,1,0,2,1,0,2,3,1,2,24,29,32,24,21,32,34,29,1,1,1,1,2,3,2,1,44,56,48,45,36,55,60,46
d01054,machine_learning,6,4,9,6,5,4,6,3,0,0,0,1,0,0,1,0,0,0,0,0,0,0,0,0,0,0,1,1,0,0,0,0,3,11,8,11,11,10,6,6
d01055,machine_learning,9,6,10,7,4,5,9,11,0,0,0,1,0,0,0,1,1,0,1,1,0,0,1,0,0,0,0,0,2,1,0,0,11,12,10,11,15,18,11,9
d01056,cooking,0,0,0,0,0,1,0,0,9,11,8,8,3,8,4,8,0,1,0,0,1,0,0,1,0,0,1,0,1,0,0,0,16,9,13,18,18,15,17,13
d01057,cooking,3,0,0,0,2,1,1,1,18,21,16,16,18,12,23,16,1,2,0,1,1,1,1,1,0,1,0,1,0,1,2,0,30,42,31,31,28,30,34,19
d01058,cooking,1,2,0,0,0,0,0,0,9,9,6,13,9,12,10,14,0,1,0,0,1,1,2,0,1,0,0,1,0,1,1,1,17,11,18,17,17,13,14,15
d01059,astronomy,0,1,0,2,1,0,2,0,1,1,0,0,2,0,2,0,24,17,21,11,18,11,16,25,0,1,3,1,0,2,3,0,22,23,33,28,38,28,29,29
d01060,football,0,0,0,0,0,0,0,0,0,0,0,0,0,0,1,0,0,0,0,0,0,0,0,1,1,8,5,3,1,1,4,5,2,6,9,3,6,5,3,6
d01061,cooking,0,0,1,1,2,1,4,0,23,27,27,26,28,21,23,29,1,0,0,0,0,1,1,0,1,1,3,1,0,0,1,1,40,43,39,23,50,41,38,42
d01062,astronomy,2,3,3,0,2,1,2,3,1,3,3,1,1,4,2,0,41,45,45,28,47,48,44,36,2,2,3,1,0,2,3,5,63,71,76,68,77,82,77,68
d01063,cooking,0,0,1,0,1,0,0,0,10,6,7,13,13,10,7,8,0,0,0,0,1,2,1,0,0,0,1,0,0,0,0,0,11,13,12,12,19,20,16,11
d01064,cooking,1,0,0,0,0,0,0,1,4,7,6,4,5,6,7,9,1,0,0,0,0,0,1,0,0,0,0,0,0,0,0,1,11,10,6,11,9,12,13,10
d01065,cooking,3,1,0,0,1,1,1,1,27,19,24,21,22,27,26,20,1,1,3,2,1,0,1,0,2,1,4,1,0,0,2,0,42,45,45,45,48,38,41,40
d01066,cooking,0,0,1,1,0,1,0,2,9,6,5,7,4,12,5,5,0,0,0,0,0,0,1,0,0,1,0,0,0,0,1,0,11,15,11,15,17,20,12,15
d01067,football,0,0,1,1,0,0,0,0,1,0,0,0,1,0,0,1,1,0,2,0,0,2,0,1,4,10,7,3,9,17,5,7,18,15,15,10,11,13,18,5
d01068,astronomy,0,1,0,2,0,0,0,0,0,1,0,0,2,2,0,0,8,6,8,8,4,7,6,5,1,0,0,1,1,1,0,0,10,12,21,8,16,16,16,7
d01069,cooking,0,2,0,1,0,2,1,1,20,8,19,20,14,12,12,12,3,0,1,1,1,0,1,0,0,1,0,2,2,0,0,0,25,25,32,24,26,28,16,21
d01070,machine_learning,7,7,10,6,7,11,7,7,0,1,1,0,0,1,0,1,1,1,0,0,0,1,0,0,1,0,0,0,0,1,0,0,20,14,11,16,17,18,16,8
d01071,astronomy,0,0,0,0,1,1,0,0,0,0,0,0,0,0,0,0,4,1,4,2,4,4,3,3,0,0,0,3,0,1,0,0,13,7,3,6,4,5,7,5
d01072,astronomy,0,0,0,0,0,2,1,1,0,0,0,0,1,1,1,0,2,6,7,3,15,9,4,2,0,0,1,0,2,0,1,0,8,9,9,11,4,12,17,15
d01073,cooking,2,1,3,0,2,5,2,3,44,35,41,42,33,37,31,30,1,3,2,2,2,1,0,2,1,0,4,2,1,3,2,1,49,57,68,63,52,61,60,56
d01074,cooking,0,0,0,0,0,0,0,1,11,9,16,10,10,14,7,10,1,1,0,0,0,0,1,0,1,1,0,3,0,0,0,1,18,27,22,19,17,21,19,25
d01075,machine_learning,11,2,6,7,5,12,12,13,0,1,1,0,0,1,1,0,1,1,0,1,1,1,0,0,0,1,0,0,0,0,0,0,14,15,14,11,14,18,16,16
d01076,football,3,0,1,1,1,0,0,0,0,0,0,0,0,0,0,0,0,0,0,1,0,1,0,0,2,8,9,5,9,8,7,4,11,18,4,11,9,11,18,11
d01077,machine_learning,5,15,12,9,10,7,9,14,0,0,0,0,3,2,0,0,2,1,0,0,0,0,1,0,0,0,0,0,3,0,0,0,13,17,23,21,23,18,18,21
d01078,astronomy,0,1,1,1,0,1,0,0,1,0,1,0,0,0,0,1,17,9,14,13,15,10,9,11,0,2,2,1,1,0,1,2,23,15,19,23,19,21,22,18
d01079,football,0,0,0,2,0,3,0,3,1,3,2,1,0,0,1,1,3,0,1,3,1,2,3,1,33,49,50,34,31,34,35,41,83,83,56,69,47,47,72,62
d01080,football,1,1,1,1,0,1,0,2,2,1,1,3,2,0,5,1,4,3,0,3,5,1,1,1,30,25,29,28,28,44,25,49,58,58,61,60,51,42,46,68
d01081,cooking,1,1,1,0,2,0,0,0,19,13,14,10,7,10,11,10,0,0,0,1,1,0,1,0,0,0,0,0,0,0,0,1,20,15,20,17,21,19,25,14
d01082,astronomy,0,1,1,0,0,1,1,1,0,1,0,0,0,1,1,0,17,16,12,10,17,17,11,11,0,1,0,0,1,0,0,0,27,20,21,17,19,21,26,25
d01083,machine_learning,16,22,23,16,22,20,20,14,1,0,1,1,0,1,0,1,0,0,0,2,1,0,0,1,1,0,0,1,1,2,2,0,33,26,30,38,17,24,29,29
d01084,astronomy,1,0,1,1,0,0,1,0,0,0,1,0,0,0,0,0,6,5,4,8,7,10,5,9,0,1,0,0,1,0,0,0,10,6,23,15,13,17,19,15
d01085,astronomy,1,1,1,0,0,1,1,1,1,0,0,1,1,0,0,0,14,11,11,15,21,14,25,18,0,0,0,1,4,1,1,1,14,29,31,25,21,25,25,31
d01086,machine_learning,13,18,17,19,13,15,9,12,0,2,0,2,1,0,0,0,0,0,0,2,1,2,1,1,0,0,2,0,1,1,1,0,27,23,32,25,28,31,25,19
d01087,football,0,1,1,0,0,0,0,0,0,0,0,0,1,0,0,0,0,0,0,1,0,0,0,0,2,7,3,8,3,4,3,5,5,7,1,5,5,5,8,7
d01088,cooking,1,4,2,1,3,0,0,0,15,17,17,15,18,22,11,17,1,1,0,0,1,1,1,0,2,1,1,1,2,0,0,0,28,26,23,28,38,33,24,18
d01089,astronomy,0,3,0,0,0,2,1,2,0,0,1,0,0,2,0,1,14,15,12,9,12,18,11,14,3,0,0,0,0,0,1,1,22,20,25,31,23,16,19,23
d01090,machine_learning,11,20,19,14,12,15,10,12,0,1,1,0,1,2,0,1,1,1,0,1,0,2,0,0,0,1,1,1,0,0,1,0,25,22,27,18,23,35,23,24
d01091,machine_learning,17,9,15,18,19,18,19,11,0,0,0,0,0,0,1,3,2,1,0,2,0,0,1,0,0,2,1,1,0,1,0,1,32,26,24,20,19,28,21,32
d01092,football,1,0,0,1,2,0,1,1,0,0,4,1,1,0,3,1,3,0,2,1,0,0,1,0,13,11,7,9,9,8,16,11,28,17,17,20,14,29,27,18
d01093,football,0,0,1,0,0,0,1,0,0,1,0,0,0,0,0,0,1,0,0,0,0,1,0,0,5,5,7,10,6,7,5,3,11,12,12,8,9,7,18,12
d01094,astronomy,0,2,1,0,4,2,0,3,2,2,3,2,2,0,1,3,27,32,36,36,33,34,46,35,2,0,2,0,0,3,0,2,60,70,59,71,57,60,66,65
d01095,machine_learning,39,30,29,23,28,27,29,27,0,0,3,1,0,1,1,0,0,0,0,1,0,0,0,2,0,2,1,1,1,1,2,1,54,41,46,49,37,43,53,40
d01096,football,1,5,1,1,1,0,1,2,1,1,1,1,1,1,0,1,0,2,0,2,1,2,2,3,20,24,30,20,26,25,27,29,47,57,49,51,51,44,43,53
d01097,football,1,2,4,0,2,2,0,1,1,0,0,1,0,0,0,1,0,0,1,1,1,1,0,1,10,13,11,13,7,7,9,10,15,15,24,22,20,27,25,20
d01098,cooking,0,0,1,0,0,0,0,1,9,7,8,5,11,6,5,6,0,0,0,0,1,0,0,1,1,0,0,0,0,0,0,0,13,20,9,14,15,14,19,10
d01099,cooking,6,2,5,4,2,2,2,3,58,69,63,62,76,73,86,60,5,6,3,5,3,3,1,2,6,2,2,0,3,2,1,5,123,147,131,110,101,104,110,119
d01100,astronomy,6,5,2,6,5,6,4,9,4,3,3,5,9,8,3,1,93,102,102,77,89,103,102,101,2,2,8,4,7,6,7,5,146,167,158,148,172,161,159,170
d01101,cooking,0,3,3,0,1,0,2,5,21,20,17,32,23,25,25,25,2,0,2,0,3,2,2,2,2,0,1,0,4,2,2,1,46,44,52,42,32,29,57,49
d01102,cooking,3,1,2,1,1,3,2,3,37,36,34,31,36,28,36,30,0,2,3,2,0,5,0,2,1,1,1,2,1,0,2,0,41,42,44,44,47,34,49,59
d01103,cooking,0,2,1,1,0,0,1,1,9,7,10,8,10,8,6,5,0,0,0,0,0,0,0,0,0,0,1,0,0,0,1,0,12,17,21,16,22,11,12,11
d01104,machine_learning,12,15,11,11,7,17,16,15,0,0,0,0,1,0,1,2,0,2,0,2,2,0,1,0,0,0,0,0,0,2,0,2,18,21,10,24,20,27,22,30
d01105,astronomy,1,1,0,0,0,1,0,0,0,0,0,0,0,1,0,0,6,2,6,6,6,4,6,5,1,3,1,0,1,0,0,0,9,8,5,4,13,9,8,7
d01106,football,0,0,0,0,0,0,0,0,0,0,0,0,0,0,0,0,1,0,1,0,0,0,0,0,3,6,0,1,4,1,6,2,6,8,4,7,6,4,5,9
d01107,cooking,1,7,2,5,4,2,1,5,64,50,40,61,45,42,57,47,3,2,1,3,3,2,8,4,1,3,1,4,1,6,4,1,85,81,74,85,76,103,95,86
d01108,football,2,0,1,1,2,0,0,1,0,0,0,0,0,1,0,1,0,3,0,0,1,0,0,0,13,20,14,10,12,13,13,12,17,27,32,23,20,26,23,23
d01109,cooking,0,2,1,3,1,0,0,1,26,27,25,28,35,28,35,28,1,2,2,1,0,1,0,1,0,2,0,3,2,1,3,2,49,50,48,59,45,42,61,57
d01110,machine_learning,22,25,24,30,16,20,19,25,1,1,2,0,4,0,2,1,2,2,1,1,2,1,1,0,2,2,0,2,0,1,1,3,27,31,37,36,34,47,34,45
d01111,cooking,1,2,0,0,0,0,0,0,9,8,6,6,5,10,10,10,2,1,0,0,1,0,0,1,0,0,0,0,2,0,0,0,11,15,14,8,13,12,12,15
d01112,football,4,2,2,3,3,7,5,2,7,6,4,7,8,3,5,2,3,2,5,9,2,3,3,1,64,77,80,65,82,83,82,66,122,144,120,130,144,114,127,125
d01113,astronomy,0,0,2,0,0,0,1,0,0,2,2,0,1,1,2,0,23,23,16,20,31,19,14,22,0,0,0,1,2,2,0,1,33,35,34,35,38,32,31,36
d01114,machine_learning,7,9,6,8,5,6,6,9,0,1,0,0,0,0,0,0,0,1,0,1,2,1,0,0,1,0,0,1,0,0,1,1,12,16,9,15,15,13,10,12
d01115,football,0,4,1,1,3,0,1,0,1,0,1,1,1,2,1,1,0,0,2,1,3,0,0,1,36,36,22,32,29,27,36,35,65,50,55,73,61,55,71,53
d01116,astronomy,0,0,2,0,0,1,0,1,2,0,0,1,0,0,0,5,25,10,10,16,16,15,19,19,0,2,1,1,0,1,1,1,28,34,29,34,27,34,26,29
d01117,football,1,0,2,1,0,1,0,1,3,1,0,1,2,2,0,0,0,1,0,2,0,1,1,0,23,21,22,14,23,19,22,18,33,25,33,32,40,25,39,34
d01118,football,0,0,1,0,1,0,1,0,1,1,0,2,0,1,0,0,0,1,0,0,1,2,1,0,12,10,9,9,9,11,11,8,18,16,18,13,15,14,18,19
d01119,cooking,1,0,2,1,0,0,0,1,14,12,10,17,9,16,15,13,0,1,0,2,1,0,2,1,2,1,2,1,0,0,1,0,22,19,16,34,24,24,26,16
d01120,cooking,0,1,1,0,1,2,0,0,16,8,12,9,7,12,9,7,0,2,1,1,0,1,0,0,1,0,0,0,0,0,1,1,10,14,17,18,14,6,9,18
d01121,astronomy,0,1,0,1,0,0,0,0,0,0,1,0,0,0,0,0,4,5,4,11,1,8,6,5,0,2,0,0,0,0,0,1,5,11,10,9,5,8,7,4
d01122,football,1,0,0,1,1,1,1,1,0,0,1,0,1,0,0,0,0,1,0,1,3,0,1,0,15,7,13,15,15,9,11,15,18,23,29,25,25,24,21,17
d01123,cooking,1,5,2,0,2,1,1,0,20,27,33,35,30,35,26,32,2,0,0,2,0,1,2,0,0,0,0,3,4,4,1,0,31,68,58,51,46,31,36,54
d01124,football,3,3,4,4,2,3,1,2,1,4,2,0,2,7,0,0,3,4,1,3,3,3,0,0,48,53,52,57,46,67,41,48,91,73,74,89,80,82,62,96
d01125,machine_learning,7,5,3,2,5,1,6,2,0,0,1,2,0,0,0,0,0,0,0,0,0,0,1,0,0,0,0,0,2,0,0,0,7,5,8,8,4,8,4,3
d01126,astronomy,0,0,0,0,1,0,0,0,0,0,0,0,0,0,0,0,3,5,2,2,4,3,5,4,0,0,0,1,1,0,0,1,7,5,9,5,7,7,9,13
d01127,astronomy,1,0,0,2,1,0,2,2,1,1,1,1,0,2,1,0,18,17,19,18,12,15,9,16,1,2,0,1,1,0,1,2,29,30,37,36,29,22,36,25
d01128,astronomy,1,3,2,1,2,2,3,1,0,2,1,2,2,2,2,1,28,32,29,26,32,17,28,21,1,1,3,2,1,3,2,1,43,47,38,45,49,40,48,50
d01129,football,1,1,2,1,0,2,2,1,0,0,1,0,0,0,1,1,2,2,0,1,2,0,1,0,14,17,25,26,15,8,21,14,27,24,31,26,35,31,28,29
d01130,astronomy,0,0,0,0,1,0,0,1,1,2,0,0,0,0,1,1,14,17,15,15,8,13,10,13,0,0,0,1,0,0,0,0,25,19,35,23,17,23,22,28
d01131,machine_learning,16,11,13,8,12,22,15,17,3,0,1,0,1,0,1,0,1,1,2,0,1,0,2,0,0,0,0,1,1,0,1,1,27,24,19,23,25,27,25,25
d01132,football,1,0,2,1,0,2,0,0,0,1,1,0,0,1,1,0,4,0,0,2,0,1,1,1,18,11,14,13,22,7,11,16,12,35,24,23,33,27,20,22
d01133,cooking,1,0,0,2,1,2,1,2,30,29,27,24,32,24,34,27,0,0,1,3,3,0,3,2,0,3,0,1,2,1,3,0,45,40,51,42,47,55,50,45
d01134,football,2,0,1,2,3,2,2,2,1,2,2,1,0,2,2,3,0,2,2,4,1,1,0,1,39,57,42,40,53,43,46,41,71,71,67,52,77,77,77,71
d01135,cooking,0,0,2,2,1,0,0,5,38,16,24,22,23,32,29,27,0,0,2,0,2,0,0,2,0,2,2,0,0,0,0,1,30,31,35,51,43,47,39,51
d01136,cooking,1,0,0,0,2,0,0,0,4,9,11,5,10,6,6,6,0,0,0,0,0,0,0,0,1,1,0,1,0,0,0,0,9,10,9,10,10,11,6,11
d01137,astronomy,0,1,0,1,0,1,0,0,2,2,2,0,0,0,0,2,8,9,18,17,17,16,12,20,1,1,0,1,0,1,1,2,27,29,21,19,21,26,29,37
d01138,machine_learning,14,7,14,8,4,12,12,11,1,0,0,1,1,0,2,1,1,0,2,0,1,1,1,1,2,0,0,1,0,0,1,2,23,18,23,25,21,14,21,14
d01139,cooking,0,0,0,0,0,1,0,0,4,12,11,11,6,15,7,22,1,1,1,0,1,0,0,1,1,1,1,0,0,0,0,0,13,16,15,20,10,18,9,11
d01140,astronomy,1,1,1,1,0,0,2,0,0,0,0,0,1,0,0,1,8,18,12,12,13,12,8,9,0,1,0,0,0,1,2,0,18,15,15,15,12,17,19,19
d01141,machine_learning,12,14,24,23,10,14,15,17,1,0,0,1,0,0,0,0,0,1,1,0,2,0,0,2,2,2,0,0,1,0,0,1,31,20,30,24,22,23,27,20
d01142,cooking,2,1,0,1,1,0,1,2,20,22,27,30,17,19,26,27,0,1,0,0,0,2,1,0,0,0,1,0,4,2,0,1,31,35,31,28,21,40,47,21
d01143,football,1,3,0,1,2,1,1,2,4,2,0,0,1,0,0,1,3,2,2,1,0,0,0,0,19,25,23,28,21,20,23,24,29,45,34,28,52,45,43,38
d01144,cooking,4,1,1,0,2,0,0,1,25,24,27,23,24,29,20,18,2,0,1,0,1,1,2,0,0,3,1,0,1,3,1,1,46,41,48,45,35,42,36,62
d01145,astronomy,2,0,1,2,3,0,2,3,3,1,1,0,2,0,0,2,20,26,23,22,14,18,16,19,0,1,1,0,0,2,2,2,29,22,26,28,30,31,32,31
d01146,cooking,1,0,1,0,0,0,1,0,12,8,7,10,8,13,7,4,0,1,1,1,0,1,0,0,0,0,0,1,1,1,0,0,17,17,15,19,9,8,22,14
d01147,cooking,0,0,0,0,0,1,0,0,2,2,4,6,6,3,3,6,0,0,0,0,0,0,0,0,0,0,0,0,0,0,0,0,7,6,8,6,4,4,6,6
d01148,football,0,0,0,0,0,0,0,0,1,0,0,1,0,1,0,1,1,0,0,0,2,0,0,2,12,9,4,11,9,4,10,7,17,14,15,13,9,11,11,11
d01149,machine_learning,67,57,60,52,76,60,61,70,2,3,1,6,4,5,7,1,4,1,4,2,4,3,1,3,5,2,6,3,4,1,4,1,93,96,101,135,100,132,111,105
d01150,machine_learning,48,54,51,54,49,56,50,44,3,2,3,3,3,5,3,1,3,4,1,5,2,0,4,4,1,1,0,2,3,1,2,1,78,80,99,93,87,83,68,82
d01151,astronomy,0,0,0,0,0,0,1,0,0,0,0,1,0,1,0,0,4,1,1,4,4,3,2,2,0,1,0,0,0,0,0,0,6,5,10,8,5,6,3,3
d01152,astronomy,0,1,1,1,0,1,1,0,0,1,0,0,0,0,0,0,12,10,11,7,12,11,9,16,0,0,0,1,0,2,0,0,18,23,16,14,23,18,22,29
d01153,machine_learning,27,21,31,28,34,31,25,35,1,1,2,1,1,2,1,0,2,1,6,1,1,0,1,1,1,1,2,1,1,0,1,1,42,46,51,37,36,42,46,44
d01154,machine_learning,0,3,5,4,1,1,6,4,1,0,0,0,1,0,1,0,0,0,0,0,0,0,0,1,0,0,0,0,0,0,0,0,7,5,2,3,3,3,5,4
d01155,cooking,0,0,1,2,2,0,2,0,13,11,16,7,16,13,10,12,1,3,0,0,0,0,0,0,1,1,0,2,1,0,0,0,21,18,29,18,22,26,21,23
d01156,machine_learning,29,34,34,29,40,22,34,20,0,1,2,1,2,2,0,2,1,3,2,0,2,1,1,3,1,1,2,2,4,1,2,2,43,55,53,42,55,44,51,52
d01157,machine_learning,11,10,12,9,11,14,11,6,2,1,2,0,0,0,0,0,0,0,0,1,0,0,2,1,1,1,0,0,0,0,1,0,18,19,15,16,13,14,15,16
d01158,astronomy,2,0,3,0,2,2,2,1,3,2,2,8,1,1,1,5,35,59,35,51,50,51,44,53,2,8,5,1,3,2,1,1,82,78,77,71,79,65,75,66
d01159,astronomy,0,0,1,0,0,0,0,0,1,0,0,1,0,0,1,0,6,12,4,3,8,5,6,10,0,0,0,0,0,0,0,0,18,10,8,13,14,17,9,9
d01160,cooking,4,0,1,1,1,2,2,1,33,33,24,33,22,23,20,30,3,4,6,1,0,4,1,1,0,2,0,0,2,0,4,1,46,46,34,40,48,55,46,41
d01161,astronomy,1,4,1,0,0,1,1,0,3,0,1,0,2,0,2,0,21,23,19,24,18,18,22,24,2,1,2,0,1,3,0,1,36,40,28,33,36,34,37,34
d01162,machine_learning,5,7,8,5,12,9,6,8,1,1,0,0,1,0,0,2,1,0,1,1,0,0,0,1,0,0,1,0,1,1,0,0,17,7,10,8,7,7,7,10
d01163,astronomy,1,0,0,0,0,0,1,2,0,0,0,0,0,1,1,0,19,15,19,11,13,13,12,6,2,0,1,0,1,0,1,1,20,23,23,22,26,23,23,22
d01164,astronomy,3,0,2,3,1,1,2,2,3,4,1,4,1,3,1,1,47,58,48,54,45,45,56,61,2,0,5,4,0,4,2,1,87,72,95,84,69,91,90,82
d01165,cooking,0,0,0,0,2,1,0,0,9,6,7,9,11,7,8,8,1,1,0,0,0,0,0,1,1,0,1,0,1,0,1,0,10,13,11,15,15,11,9,16
d01166,football,2,5,2,2,3,5,2,4,3,1,3,1,3,4,2,2,4,2,3,6,2,4,2,2,59,59,62,70,71,61,68,55,99,100,88,93,96,92,101,111
d01167,machine_learning,36,27,41,36,32,29,23,36,2,0,0,0,1,1,0,0,0,0,0,5,1,1,3,1,2,3,1,4,6,0,1,1,49,59,58,48,57,62,52,52
d01168,cooking,2,2,0,0,2,1,0,3,29,24,27,26,23,24,25,27,4,1,3,3,1,2,1,1,1,2,0,1,0,1,1,1,38,46,45,47,53,38,40,38
d01169,astronomy,1,4,4,1,3,2,3,3,5,1,2,2,2,1,1,3,59,59,42,44,51,53,49,36,5,2,4,3,1,4,4,4,84,77,81,78,70,75,77,76
d01170,football,0,0,0,2,0,0,1,0,0,0,0,2,0,0,0,0,1,1,0,0,0,0,0,0,4,9,5,8,9,9,10,8,21,13,15,18,17,14,9,10
d01171,cooking,5,1,1,1,1,1,1,2,46,33,29,46,48,36,36,34,2,2,4,2,0,3,2,2,2,3,1,4,2,2,1,2,63,63,57,63,57,65,60,67
d01172,cooking,0,0,1,0,0,0,0,0,5,8,11,8,7,7,3,9,0,0,0,0,0,0,0,0,0,0,0,0,0,1,0,0,11,9,11,8,8,4,7,10
d01173,astronomy,0,0,3,2,1,0,1,1,0,0,0,0,0,1,0,2,16,17,16,16,19,18,18,15,0,2,0,1,1,0,2,0,25,22,27,15,30,23,27,30
d01174,cooking,1,0,0,2,1,2,1,0,15,8,13,10,11,10,12,11,1,0,1,1,0,0,0,0,0,0,0,0,0,0,0,1,13,18,20,23,22,22,16,16
d01175,astronomy,0,0,0,0,1,0,1,2,0,0,0,2,0,1,0,1,8,5,7,8,7,8,8,6,0,0,1,0,0,0,1,0,14,12,21,10,14,20,11,19
d01176,football,1,7,7,4,2,1,1,0,5,6,2,4,2,5,5,4,4,3,5,1,5,5,2,1,62,53,55,55,70,52,64,62,93,91,91,93,92,101,105,103
d01177,machine_learning,14,13,9,19,13,12,10,13,0,1,0,1,1,0,0,0,0,1,0,3,0,1,1,2,0,1,0,1,1,0,1,2,20,28,24,17,17,15,23,13
d01178,astronomy,0,0,0,0,1,0,2,1,0,0,0,0,2,1,2,0,10,13,13,7,14,12,11,10,0,1,0,0,1,0,2,0,16,14,19,18,13,15,15,13
d01179,football,1,0,2,0,0,0,1,0,0,0,0,0,0,0,0,1,0,0,1,0,1,2,0,0,8,13,13,10,12,9,12,10,19,15,19,12,20,19,16,18
d01180,astronomy,0,1,0,0,0,0,0,0,0,0,0,1,0,0,0,1,8,14,7,5,7,8,8,12,0,1,1,0,1,0,0,0,10,14,9,13,16,7,17,13
d01181,machine_learning,12,6,6,6,9,8,11,5,0,0,0,1,0,0,0,0,0,0,1,0,0,2,0,1,0,1,0,1,0,1,0,0,9,11,8,12,11,10,7,7
d01182,machine_learning,35,39,46,40,37,49,33,34,2,3,1,2,3,1,2,4,1,2,3,4,0,2,1,2,3,2,2,7,3,1,2,1,65,70,62,62,68,57,70,55
d01183,cooking,0,1,0,0,1,0,1,0,23,23,18,23,19,18,13,18,2,0,1,0,2,0,1,0,1,0,0,2,1,1,1,0,25,27,25,34,26,24,27,25
d01184,cooking,3,1,4,2,1,1,1,3,50,58,59,43,58,46,52,52,3,2,2,4,1,5,5,3,1,2,0,2,2,1,2,0,87,86,89,92,82,73,77,95
d01185,cooking,0,0,0,0,0,0,0,0,2,1,1,4,3,2,6,3,0,0,0,1,2,0,0,1,0,0,0,0,0,0,0,0,12,8,6,7,6,4,12,7
d01186,machine_learning,13,12,15,13,21,14,17,16,0,0,0,3,0,0,1,0,2,0,2,1,0,1,0,2,0,1,1,1,2,1,0,0,17,24,20,24,29,22,24,36
d01187,machine_learning,8,6,7,11,7,6,7,5,0,1,1,2,2,0,2,1,2,0,0,0,0,1,1,0,1,0,0,0,0,0,0,0,12,12,13,12,16,16,8,15
d01188,astronomy,2,2,0,1,5,0,0,0,2,2,3,0,3,4,1,3,40,37,35,36,38,34,37,37,3,0,4,1,5,3,2,2,46,54,52,66,44,57,47,47
d01189,astronomy,1,1,1,1,1,3,0,1,1,1,1,4,2,1,2,2,31,34,35,31,30,42,24,31,1,2,1,1,1,2,4,2,46,59,56,56,60,50,56,53
d01190,machine_learning,18,15,13,25,16,16,13,17,1,0,0,0,2,0,0,0,0,2,1,3,1,1,1,2,0,2,1,0,1,0,0,3,29,17,41,20,31,27,28,22
d01191,football,0,0,0,1,2,3,0,0,1,1,1,0,1,0,0,0,0,1,2,0,0,1,0,0,13,10,6,6,12,10,12,11,16,20,23,16,24,21,23,24
d01192,cooking,0,0,1,0,0,0,0,0,10,9,4,2,12,4,8,4,2,0,0,0,0,1,0,1,0,2,0,1,0,0,1,0,14,10,12,16,10,12,13,11
d01193,astronomy,1,3,1,4,2,2,3,3,0,2,2,0,0,1,0,2,21,27,29,14,27,31,27,21,1,0,2,1,2,1,0,2,37,43,44,48,52,44,38,43
d01194,astronomy,0,2,1,1,0,2,2,2,3,2,3,2,0,3,2,2,38,40,42,28,41,36,40,37,0,2,3,1,0,0,4,1,41,56,66,63,57,65,60,63
d01195,football,0,0,0,0,0,2,0,1,0,0,0,0,0,0,0,1,0,1,1,0,2,0,1,0,7,7,7,6,14,9,13,6,12,12,10,7,8,7,15,13
d01196,football,0,0,1,1,1,0,0,0,0,1,0,0,4,1,2,0,3,2,0,1,1,0,0,1,17,24,17,20,29,23,20,28,46,42,42,36,34,39,28,36
d01197,machine_learning,11,18,11,11,11,12,11,6,0,0,0,0,1,1,1,2,1,2,1,1,1,0,1,0,0,1,0,0,1,1,1,0,24,19,20,30,25,19,19,17
d01198,football,1,3,2,3,4,6,2,2,5,2,3,2,1,1,2,2,4,2,4,5,6,3,2,1,59,55,70,72,66,49,62,54,127,113,92,91,111,82,124,119
d01199,cooking,1,1,1,0,1,1,1,2,22,16,26,14,20,22,19,18,3,1,1,1,1,0,1,1,3,0,0,0,0,0,0,0,42,26,47,37,34,37,32,30
d01200,machine_learning,27,36,19,28,22,25,28,14,2,0,0,0,0,0,1,1,5,0,0,0,2,3,2,1,2,1,1,1,1,0,1,1,30,27,32,28,39,28,37,25
d01201,astronomy,0,1,0,0,0,0,0,0,0,0,0,2,0,0,0,0,2,3,3,4,5,5,4,2,0,0,0,0,0,0,1,0,7,3,7,4,8,2,3,5
d01202,cooking,3,0,0,0,1,1,0,1,19,17,16,11,23,29,28,12,0,0,0,0,1,0,1,0,2,2,0,1,0,1,0,1,40,34,32,31,33,34,31,25
d01203,astronomy,0,0,2,0,0,3,1,3,1,3,1,0,3,0,1,0,16,18,16,19,27,22,15,15,1,0,0,1,1,0,1,1,21,22,26,32,34,16,33,26
d01204,machine_learning,22,18,20,28,18,31,23,25,0,0,1,0,1,1,1,2,2,0,0,2,0,1,4,1,1,2,1,1,1,3,0,0,34,42,35,33,31,38,36,34
d01205,football,0,1,0,1,0,0,0,0,0,0,0,0,0,0,1,0,0,1,0,0,0,1,1,0,6,6,4,7,9,6,6,9,9,18,13,12,7,10,18,11
d01206,machine_learning,14,12,11,16,9,12,11,15,0,0,0,0,1,0,1,1,0,0,0,1,1,1,1,1,0,0,0,1,1,1,0,0,19,18,16,13,11,14,17,20
d01207,cooking,0,0,1,0,0,1,0,1,14,22,20,19,12,13,19,11,0,2,1,1,1,1,0,0,0,2,0,0,2,3,0,3,38,41,27,34,35,33,30,23
d01208,cooking,0,0,1,1,0,0,0,0,16,24,15,13,13,19,20,19,2,1,1,0,0,1,1,0,2,1,1,0,1,2,1,0,23,26,27,13,33,26,40,27
d01209,football,0,1,0,1,0,0,0,0,0,0,0,0,2,0,0,0,0,0,0,0,0,1,0,0,9,7,10,7,5,8,7,8,7,6,10,15,5,8,11,15
d01210,machine_learning,29,39,35,26,38,32,40,27,2,3,1,3,1,0,0,0,0,1,2,1,0,4,1,2,1,0,0,1,1,1,1,1,40,48,61,55,48,51,42,47
d01211,machine_learning,12,13,14,8,19,13,16,14,1,1,0,1,0,1,0,2,1,0,0,1,0,0,1,1,2,0,1,3,0,1,0,1,20,20,24,21,18,29,22,24
d01212,astronomy,0,0,0,0,0,1,0,3,1,0,0,0,1,1,1,0,9,7,13,11,16,11,19,7,1,0,0,0,1,0,1,1,25,26,20,24,17,23,24,22
d01213,cooking,0,1,0,0,0,0,0,0,8,7,6,3,11,8,4,14,0,0,3,0,0,1,0,0,0,1,0,0,0,0,0,0,12,12,10,15,12,12,7,7
d01214,football,3,1,1,2,3,2,0,3,0,2,3,1,1,3,3,3,1,0,5,2,0,3,1,1,44,42,51,50,45,45,50,39,70,76,91,66,83,78,72,81
d01215,astronomy,0,0,0,0,0,0,0,0,0,1,1,0,0,0,0,0,9,13,13,8,9,6,7,8,1,0,0,0,1,1,0,0,19,22,16,12,6,20,11,13
d01216,astronomy,0,1,1,1,1,1,1,1,1,0,1,2,0,0,0,2,13,7,14,12,13,11,7,8,0,1,2,0,1,0,0,0,18,17,21,31,27,27,26,23
d01217,astronomy,1,1,0,2,1,0,1,0,0,0,2,1,0,0,2,0,12,23,15,28,25,20,25,22,1,2,0,0,0,1,0,0,19,21,33,26,37,20,37,49
d01218,football,0,1,0,0,1,2,0,1,0,0,0,1,2,0,1,0,0,0,1,0,0,0,0,1,9,8,7,11,11,6,12,14,17,17,9,11,14,25,14,19
d01219,cooking,2,0,0,1,0,2,1,0,11,10,14,16,12,12,17,14,0,0,1,1,0,0,1,0,1,2,0,0,3,0,0,0,11,17,25,24,22,20,15,21
d01220,machine_learning,24,26,26,23,20,25,18,14,1,2,0,0,0,3,0,1,1,1,0,3,1,1,0,0,0,1,2,1,0,2,1,1,35,35,34,29,40,41,31,34
d01221,astronomy,3,4,0,3,1,2,2,3,2,4,3,3,1,2,3,3,49,42,49,60,64,58,42,35,4,1,1,2,1,1,5,0,89,75,81,78,92,92,85,65
d01222,machine_learning,8,10,15,13,20,4,12,12,1,0,0,0,0,2,0,0,2,1,0,0,0,0,0,0,0,4,0,0,3,1,0,1,15,16,20,17,24,23,18,19
d01223,football,2,1,0,0,0,0,1,0,0,0,0,2,1,2,0,2,2,0,2,0,2,0,0,1,14,9,17,17,7,19,12,14,19,25,22,22,19,22,19,20
d01224,machine_learning,9,12,11,10,7,16,13,4,0,0,2,0,1,0,1,0,1,1,1,0,0,0,0,1,0,0,2,0,1,0,0,0,16,19,18,17,20,15,18,27
d01225,cooking,2,2,4,0,2,3,1,0,35,31,31,43,42,29,37,34,1,1,1,0,2,3,2,1,2,0,2,2,1,0,4,1,62,55,48,50,53,42,38,59
d01226,machine_learning,6,8,8,8,9,8,3,5,0,1,2,0,0,0,0,0,0,0,0,1,0,1,0,1,0,1,0,2,1,1,1,0,11,19,13,12,21,12,12,20
d01227,cooking,2,1,0,1,0,0,4,1,18,22,12,10,20,13,20,19,0,1,2,2,0,0,0,0,0,1,2,2,0,3,2,0,38,29,36,27,25,31,39,32
d01228,machine_learning,10,8,13,14,12,9,15,6,0,0,1,0,2,0,1,0,0,0,0,0,0,0,0,1,0,0,2,1,1,0,0,0,14,17,13,16,12,10,13,14
d01229,football,1,0,1,1,2,1,1,3,1,0,0,0,2,1,1,3,0,1,2,2,0,1,1,1,22,13,25,19,21,17,22,31,34,23,40,29,37,44,38,28
d01230,machine_learning,7,9,6,8,17,11,13,13,0,0,0,2,0,0,1,0,0,0,0,0,0,0,2,1,0,0,1,0,0,0,0,0,20,16,19,15,21,20,9,14
d01231,astronomy,0,1,0,0,1,1,2,1,0,0,1,1,1,2,1,1,23,32,24,17,22,23,23,20,0,0,0,0,0,0,0,0,41,39,31,28,33,39,21,34
d01232,astronomy,0,1,0,0,0,0,2,0,0,0,0,0,1,1,1,1,14,11,7,17,13,19,23,16,1,1,3,2,0,2,0,0,26,26,25,24,22,16,40,22
d01233,astronomy,2,2,0,3,0,3,2,4,0,1,2,1,1,4,2,0,35,30,43,30,39,35,34,21,1,0,4,1,1,4,0,1,57,52,58,47,58,61,51,51
d01234,machine_learning,131,111,135,117,105,127,128,116,7,3,11,10,7,7,3,1,10,2,8,6,6,2,5,8,7,5,5,5,6,9,6,7,189,197,183,220,199,208,217,205
d01235,cooking,1,2,1,1,1,1,2,1,18,14,24,14,18,26,17,15,0,0,1,0,3,3,1,1,2,3,1,1,0,0,1,1,31,30,48,27,36,38,30,25
d01236,astronomy,3,4,1,1,1,4,2,1,2,2,2,2,5,2,2,2,68,44,63,55,58,49,54,65,3,0,2,2,5,2,1,6,95,87,112,88,94,93,92,98
d01237,astronomy,1,1,1,0,1,0,1,2,1,0,0,0,0,0,0,1,4,6,8,10,7,9,10,11,0,0,0,1,1,1,0,0,21,13,25,17,20,17,23,16
d01238,cooking,2,3,1,0,1,3,1,4,27,22,29,28,26,26,29,15,1,1,2,1,2,2,2,1,4,1,1,2,0,1,0,1,41,28,36,36,40,26,39,36
d01239,machine_learning,17,10,11,9,18,23,15,19,1,2,0,1,3,0,1,2,0,1,1,2,1,0,1,0,0,1,2,1,1,2,0,0,33,32,30,28,26,24,35,25
d01240,astronomy,0,1,1,1,0,1,1,0,1,1,0,1,1,1,1,1,24,20,21,16,27,19,15,17,1,2,0,1,1,0,3,1,34,38,41,39,29,34,37,40
d01241,astronomy,0,1,1,3,2,1,0,1,0,1,0,0,4,0,0,3,26,25,23,22,20,26,19,23,0,1,1,1,3,1,2,2,41,35,38,30,30,29,25,44
d01242,machine_learning,37,31,38,46,45,35,49,40,5,1,2,0,0,5,2,0,3,0,3,0,0,3,5,2,3,1,1,0,1,4,3,0,58,63,77,67,65,63,63,78
d01243,astronomy,5,1,3,4,1,0,0,1,0,0,0,0,0,2,1,2,27,24,33,34,33,31,35,36,0,3,2,1,1,1,3,0,44,38,45,40,51,43,35,40
d01244,cooking,0,1,1,0,2,0,0,0,5,10,7,10,4,6,6,5,0,0,0,0,0,0,0,0,1,0,1,2,0,0,0,0,9,17,13,10,12,21,12,9
d01245,astronomy,0,1,1,0,1,0,0,0,0,2,0,0,1,0,1,0,10,9,8,5,8,9,8,10,0,0,0,0,0,0,0,0,15,17,16,12,15,14,16,11
d01246,football,0,0,0,1,0,1,0,1,0,1,0,0,2,0,1,1,2,0,1,1,0,1,1,2,8,17,17,17,10,14,23,13,26,33,25,21,33,23,20,24
d01247,astronomy,1,1,2,2,1,2,3,0,0,1,0,1,2,1,1,0,14,20,19,12,13,17,16,19,0,0,0,2,0,5,0,0,33,19,24,23,27,18,20,35
d01248,cooking,0,2,2,0,1,0,0,0,12,7,17,9,9,10,12,11,0,0,0,1,0,0,1,0,1,0,0,0,1,0,0,1,18,25,16,15,20,16,23,17
d01249,astronomy,0,2,0,0,0,0,0,1,1,0,3,0,2,0,2,0,21,14,13,16,20,22,23,14,0,1,0,1,1,4,0,4,26,37,29,17,29,28,34,20
d01250,cooking,1,0,2,3,0,1,2,1,27,26,18,25,23,28,17,33,2,0,2,2,2,0,4,0,2,1,3,0,0,0,4,0,27,41,43,33,42,43,31,36
d01251,cooking,0,1,0,0,1,0,0,0,4,2,2,5,3,3,2,2,0,0,0,0,0,0,0,0,1,0,0,0,1,0,0,0,5,3,2,6,7,6,1,5
d01252,football,0,0,0,0,0,0,1,0,0,0,1,0,0,0,1,0,0,0,1,1,1,0,0,1,5,4,7,6,3,4,3,5,8,4,14,16,11,14,8,10
d01253,cooking,1,0,1,0,0,1,0,2,26,24,23,22,22,15,17,21,0,0,1,0,2,1,2,1,1,1,0,1,0,1,0,4,40,29,39,32,37,35,32,31
d01254,cooking,7,7,7,8,3,5,8,8,106,125,125,154,143,148,149,140,4,7,10,14,6,7,10,9,2,10,7,9,4,7,9,7,223,218,228,224,230,244,236,227
d01255,astronomy,0,1,1,1,0,1,1,1,1,4,1,1,1,0,3,1,14,24,14,19,16,21,19,23,2,1,3,0,3,3,0,0,40,31,28,30,37,32,40,30
d01256,cooking,2,1,4,0,1,1,3,2,19,19,25,19,18,18,32,24,0,2,1,1,1,1,2,1,3,2,2,0,1,0,0,2,49,33,41,37,47,34,47,31
d01257,cooking,2,4,1,3,5,6,6,2,53,43,56,56,49,60,46,59,1,5,2,1,3,3,1,3,5,2,2,8,4,3,5,2,79,84,89,82,81,85,76,85
d01258,football,1,0,1,0,1,0,0,2,1,0,0,2,3,0,2,1,1,3,0,0,3,0,2,1,27,27,15,24,26,17,24,25,37,53,38,47,34,49,42,40
d01259,astronomy,0,2,0,1,2,1,0,0,0,1,0,0,1,0,1,0,9,7,9,9,7,6,6,5,0,0,0,0,0,0,0,0,12,16,13,10,20,12,14,11
d01260,football,0,0,0,0,1,1,0,0,1,0,0,1,0,0,0,0,0,0,0,0,0,1,0,0,9,4,4,11,9,13,6,4,15,14,12,12,11,8,14,14
d01261,football,0,1,0,0,0,0,0,1,0,0,0,0,0,0,0,0,0,0,1,1,0,0,0,1,4,6,2,4,4,3,4,6,6,6,5,4,6,4,5,4
d01262,cooking,1,0,0,0,1,1,0,0,19,22,11,21,15,24,14,18,1,0,1,3,1,1,1,0,2,1,0,0,0,0,0,0,29,29,24,27,32,24,40,28
d01263,cooking,0,0,1,0,0,1,0,1,9,6,6,7,8,7,9,12,0,0,2,0,1,1,0,0,2,0,1,2,0,1,1,0,12,13,13,10,9,12,10,13
d01264,cooking,6,5,8,5,8,5,10,4,101,112,119,105,113,120,93,101,3,2,8,8,5,8,5,7,5,8,5,3,6,8,4,7,182,177,181,175,202,203,198,185
d01265,cooking,1,1,0,0,1,0,0,0,9,6,5,8,9,7,6,5,0,0,0,2,0,0,1,1,0,0,1,0,0,0,0,0,7,9,5,9,11,10,8,11
d01266,astronomy,3,0,1,0,0,0,2,0,1,0,0,1,0,0,0,0,21,17,22,20,17,16,17,16,1,0,0,3,3,0,1,0,28,26,24,27,24,26,24,23
d01267,astronomy,1,0,0,1,0,0,0,1,0,1,0,1,0,1,2,1,9,10,10,10,10,16,6,8,1,1,0,0,0,0,1,1,25,21,20,21,22,20,17,18
d01268,machine_learning,12,11,13,7,7,18,10,6,0,0,0,2,0,2,0,0,1,0,1,0,0,0,1,0,0,1,0,0,0,0,0,3,17,17,11,12,17,14,15,14
d01269,machine_learning,5,7,5,7,3,5,8,6,0,0,0,0,0,0,0,0,0,0,0,1,0,0,1,0,0,1,0,1,0,0,0,0,8,10,5,7,4,7,6,8
d01270,football,0,0,1,0,0,0,0,0,2,0,1,1,0,0,0,1,0,1,0,0,0,0,0,1,7,5,7,4,6,2,3,5,8,9,8,3,10,9,6,6
d01271,machine_learning,10,12,6,8,10,6,8,6,0,0,1,0,0,0,0,0,0,0,0,0,0,0,0,1,0,0,1,0,0,1,0,0,14,10,21,13,18,15,10,14
d01272,astronomy,2,1,1,0,0,3,3,1,1,0,0,0,0,1,1,0,15,19,22,19,16,14,17,21,0,0,0,1,1,0,0,1,39,38,36,21,34,27,26,28
d01273,football,2,0,0,0,0,2,0,0,0,0,0,0,0,1,0,1,1,1,1,0,0,1,1,0,2,5,6,15,10,6,12,10,24,10,11,17,20,15,9,15
d01274,machine_learning,11,4,10,10,6,10,3,8,1,1,1,0,0,2,0,1,1,0,0,1,0,1,0,1,0,0,0,1,0,0,0,0,14,13,15,13,14,18,8,12
d01275,football,0,0,0,0,0,1,0,0,0,0,1,0,0,0,1,0,0,0,0,0,1,0,0,0,3,4,6,5,10,10,7,6,13,8,7,6,6,7,9,6
d01276,cooking,0,1,0,0,1,0,0,1,9,7,7,9,9,10,5,6,1,0,1,0,1,0,0,0,0,0,0,0,1,1,0,1,16,16,14,16,17,10,19,19
d01277,football,0,0,1,0,0,0,0,0,0,1,1,0,1,0,0,0,0,0,0,0,1,1,0,0,11,8,7,9,10,8,3,6,9,18,15,13,12,16,12,6
d01278,astronomy,8,3,3,6,5,3,5,4,8,5,7,5,4,7,6,4,107,87,86,90,91,83,101,84,4,2,5,6,4,4,2,4,156,175,166,161,163,152,156,151
d01279,cooking,0,0,0,1,0,0,0,1,15,17,12,13,19,16,13,13,0,1,1,1,0,0,0,1,1,0,0,2,0,1,1,3,26,20,29,22,17,23,23,26
d01280,astronomy,1,0,0,1,0,0,0,0,2,0,0,0,0,0,0,2,5,12,10,9,7,9,12,9,1,0,0,1,0,1,1,0,20,11,10,10,17,17,13,22
d01281,cooking,0,0,2,1,0,1,2,0,26,28,26,21,27,22,34,21,2,2,1,0,1,1,2,2,1,1,1,0,1,3,0,2,36,39,35,35,40,40,38,32
d01282,machine_learning,16,12,11,9,7,8,12,6,0,1,1,1,0,1,3,1,1,0,0,1,0,2,0,0,0,0,0,0,0,1,1,0,12,24,16,13,8,12,14,12
d01283,astronomy,0,0,0,0,0,0,0,0,1,0,0,0,0,0,1,1,6,7,4,5,5,5,8,2,0,0,0,0,0,0,0,0,8,11,9,8,11,5,10,6
d01284,astronomy,0,0,1,0,1,0,0,1,2,0,0,1,1,0,3,0,13,18,8,10,10,14,10,22,1,0,0,1,0,2,0,0,14,13,20,22,20,35,26,14
d01285,astronomy,2,0,0,0,0,1,1,2,1,1,0,0,1,0,1,1,18,17,18,17,7,17,14,17,0,0,0,1,1,2,1,0,20,25,23,24,26,27,14,27
d01286,cooking,1,0,0,1,0,1,1,1,5,15,9,14,12,11,15,12,2,1,1,2,0,1,0,1,0,1,1,2,0,0,1,0,15,19,20,27,24,29,23,16
d01287,football,0,1,0,1,0,0,1,1,0,0,0,1,0,0,1,1,0,0,0,0,1,0,1,0,11,2,4,8,1,7,9,6,12,10,12,9,18,13,16,20
d01288,astronomy,1,2,1,1,4,4,0,2,2,3,2,1,3,1,0,3,34,27,40,24,33,28,36,25,1,1,1,1,1,2,2,2,57,49,42,50,40,46,50,51
d01289,astronomy,0,0,0,0,0,0,0,0,0,1,1,1,1,0,1,0,5,7,7,5,14,5,11,3,0,1,1,0,1,0,1,1,13,15,15,18,15,18,19,19
d01290,astronomy,0,0,0,0,0,1,0,0,0,0,0,0,0,0,0,0,5,2,7,5,3,2,2,8,2,0,0,0,0,0,0,0,7,6,8,8,5,12,3,3
d01291,football,0,1,2,0,1,2,0,0,0,0,2,1,0,0,0,0,0,0,1,1,0,2,0,0,10,11,9,12,8,10,10,6,18,17,19,18,13,17,17,14
d01292,astronomy,0,1,0,0,0,0,0,2,0,0,0,2,0,0,0,0,6,5,4,5,8,5,5,6,2,0,0,2,1,2,1,0,10,9,13,9,8,8,10,10
d01293,astronomy,2,2,1,2,0,2,1,0,0,3,1,0,1,0,2,0,25,32,35,27,29,25,34,24,2,2,1,2,1,1,1,4,55,47,30,48,41,43,45,62
d01294,machine_learning,31,31,24,29,18,23,24,21,1,3,0,0,0,0,0,1,0,0,0,3,1,0,2,1,1,0,0,2,0,1,2,0,36,33,51,27,38,42,47,31
d01295,machine_learning,5,3,5,3,4,3,7,4,2,0,0,0,0,1,0,0,0,0,0,0,1,0,1,1,1,0,1,0,0,0,0,1,9,8,10,5,5,8,7,9
d01296,cooking,2,5,0,1,1,0,1,1,15,15,17,12,12,11,8,13,0,0,1,1,0,1,2,2,0,0,0,0,2,1,2,0,21,27,34,23,27,34,23,21
d01297,astronomy,5,5,9,3,1,7,5,3,7,3,1,3,2,7,5,6,85,80,86,64,64,75,73,79,4,5,6,2,2,0,5,5,152,147,118,140,115,144,131,138
d01298,astronomy,1,5,2,2,1,0,1,5,1,2,3,2,4,4,2,4,30,25,30,34,29,40,43,31,1,0,0,1,0,1,0,2,58,55,52,59,58,60,61,60
d01299,astronomy,0,0,0,0,2,0,0,0,1,1,0,1,1,1,1,0,14,11,9,12,6,2,8,9,1,1,1,0,0,0,0,0,20,10,16,11,12,13,10,13
d01300,cooking,1,1,0,0,1,1,0,2,11,7,3,11,8,9,5,13,1,1,0,0,0,1,0,0,0,0,1,0,0,1,0,0,11,15,11,8,13,15,9,11
d01301,astronomy,1,1,1,1,1,2,0,2,3,2,2,0,0,3,1,4,25,26,24,16,24,23,26,33,2,2,0,2,1,6,0,0,39,33,43,42,44,49,52,42
d01302,astronomy,1,1,0,0,0,0,0,0,0,0,0,0,0,1,0,0,10,10,8,4,7,5,10,13,1,0,0,0,0,0,0,1,14,6,19,13,14,12,8,12
d01303,machine_learning,5,5,8,4,6,1,3,2,0,0,0,0,0,0,0,1,0,0,0,0,2,1,0,0,0,0,0,0,0,0,0,2,3,10,7,11,9,6,1,9
d01304,machine_learning,12,5,13,7,7,12,8,6,0,1,0,0,0,0,0,0,2,0,3,0,0,2,0,1,1,1,0,0,1,1,0,0,15,20,11,14,9,16,16,21
d01305,astronomy,0,0,0,0,0,0,0,0,0,0,0,0,0,0,0,1,9,3,3,8,9,7,8,4,0,0,0,0,0,0,0,0,15,12,3,9,5,12,7,11
d01306,football,2,2,0,3,1,3,1,0,1,2,0,4,2,2,0,0,0,1,0,1,0,0,1,0,38,34,36,36,36,33,36,33,77,49,54,63,61,54,47,70
d01307,astronomy,0,0,1,0,1,0,1,1,1,0,3,1,1,2,1,0,27,19,14,17,19,19,14,19,1,1,1,0,1,0,0,0,25,42,35,25,40,26,33,29
d01308,astronomy,0,0,1,0,0,0,0,0,1,1,2,2,2,0,1,0,11,5,10,12,12,13,15,12,0,0,1,0,1,2,1,0,18,22,17,16,17,18,23,10
d01309,astronomy,1,1,3,0,0,2,2,0,0,0,2,1,0,0,1,1,15,15,17,18,14,18,19,9,0,1,0,0,1,0,1,0,21,25,31,25,23,27,25,23
d01310,astronomy,0,0,3,3,3,1,2,2,0,3,2,2,0,1,1,2,31,25,22,22,21,20,27,25,1,0,2,0,1,1,2,2,42,38,43,41,43,44,51,42
d01311,astronomy,0,0,0,0,1,1,0,1,0,0,0,0,0,0,0,0,5,3,5,4,8,5,2,3,0,1,0,0,0,0,1,0,7,2,6,11,5,8,7,8
d01312,cooking,1,0,0,0,0,1,1,1,9,11,13,14,11,17,10,7,1,0,0,0,0,0,1,3,1,2,0,0,0,1,1,0,18,19,20,22,22,19,14,17
d01313,football,0,0,1,0,0,0,0,0,0,1,0,0,0,0,2,0,0,0,1,1,0,1,2,1,8,4,8,9,10,4,9,5,16,12,15,18,16,15,15,12
d01314,machine_learning,50,37,44,39,46,37,58,43,4,1,2,1,1,4,3,4,3,3,3,1,4,2,4,0,2,3,3,3,2,1,4,0,59,69,59,79,64,78,77,74
d01315,cooking,2,2,1,2,0,1,1,1,18,15,13,14,17,19,17,23,0,0,0,0,0,2,1,1,0,0,0,1,0,1,0,0,33,39,40,20,18,33,37,35
d01316,football,0,3,1,2,1,1,3,2,1,2,1,1,1,1,2,1,1,1,0,1,1,2,2,2,26,35,17,17,20,28,19,20,36,29,40,29,32,40,30,45
d01317,astronomy,0,0,0,1,0,0,2,1,0,2,0,2,0,0,1,0,9,10,12,2,11,12,9,8,1,0,0,0,1,1,0,0,16,15,15,16,7,18,22,18
d01318,astronomy,0,0,0,0,0,1,0,0,1,1,0,0,0,0,1,0,7,7,6,10,4,4,8,6,0,0,1,0,0,2,0,0,10,10,11,14,12,9,9,15
d01319,astronomy,0,0,0,0,0,0,0,1,0,0,1,0,0,2,0,1,2,6,11,2,3,5,7,4,0,0,0,1,0,1,0,0,7,9,8,8,11,7,9,13
d01320,cooking,3,0,3,5,1,1,5,2,34,27,24,32,34,45,45,35,3,2,6,0,1,4,1,1,2,0,2,0,1,1,2,2,65,68,66,68,65,65,63,62
d01321,machine_learning,18,22,27,31,18,18,19,24,1,1,0,1,0,2,1,2,0,0,2,3,1,0,0,1,0,4,1,3,0,1,0,1,36,31,39,33,28,35,40,25
d01322,machine_learning,34,23,29,33,37,40,38,37,1,4,3,0,3,4,1,3,3,4,1,2,2,1,2,4,2,0,1,0,2,2,2,1,54,45,60,52,57,45,53,48
d01323,cooking,3,0,0,0,0,0,1,1,20,18,9,19,18,25,18,20,0,0,1,0,0,1,1,1,1,2,0,1,1,0,0,0,24,22,30,35,28,24,19,23
d01324,cooking,0,0,0,0,1,2,1,0,10,10,11,8,10,18,9,11,1,0,0,0,0,0,1,1,1,0,1,0,0,0,1,0,19,20,13,12,15,9,18,13
d01325,machine_learning,24,23,27,23,18,18,25,19,2,2,0,1,1,2,2,2,0,2,2,1,0,4,4,1,1,0,2,2,0,1,0,1,34,37,38,45,32,41,53,35
d01326,football,2,0,0,2,1,2,0,1,1,2,1,3,1,1,0,3,2,0,1,1,0,2,2,1,29,28,35,22,45,37,25,37,57,47,52,52,45,54,43,48
d01327,astronomy,0,2,0,2,1,1,1,1,1,1,0,3,2,0,3,0,29,33,26,34,25,23,21,34,4,1,1,0,4,0,1,2,51,56,48,43,40,39,53,49
d01328,football,0,2,0,0,0,2,0,1,0,1,0,0,0,1,1,0,1,0,0,0,0,0,0,2,4,11,2,8,8,6,7,10,13,9,10,8,11,9,8,13
d01329,astronomy,0,1,0,0,1,0,0,0,0,0,0,0,0,1,0,1,3,5,6,5,3,6,7,7,2,0,0,1,1,0,0,0,7,9,9,14,5,16,7,7
d01330,machine_learning,12,12,12,4,10,16,10,4,0,0,0,1,1,0,1,1,0,0,1,0,1,1,1,0,1,0,0,1,0,1,0,0,18,13,13,10,12,25,17,12
d01331,cooking,0,1,0,1,0,1,0,0,4,6,17,5,11,14,8,11,1,0,1,0,0,0,0,0,0,0,1,0,1,1,1,0,11,11,15,14,13,11,7,11
d01332,football,2,0,1,4,4,1,2,1,2,3,2,2,2,2,4,0,2,0,2,1,1,1,2,1,42,41,38,48,41,40,44,37,74,48,59,49,71,60,64,59
d01333,machine_learning,35,25,43,34,36,33,29,29,1,0,3,1,1,2,1,0,1,3,0,1,1,1,3,0,2,0,2,1,1,0,0,0,48,44,46,50,59,56,47,61
d01334,cooking,0,1,0,1,0,1,0,1,13,12,23,18,15,14,13,20,0,0,4,0,0,0,2,1,1,1,1,2,4,1,3,1,34,33,29,24,26,22,31,33
d01335,football,0,0,0,0,0,1,3,0,1,3,0,0,0,0,0,0,0,0,0,2,0,0,0,0,8,13,9,10,9,13,10,9,12,11,21,17,14,15,23,18
d01336,astronomy,2,2,1,1,1,1,2,1,1,0,0,2,0,2,0,0,15,13,18,20,13,23,25,14,0,1,2,0,2,2,2,0,28,32,36,33,26,36,39,30
d01337,football,0,1,1,1,2,0,0,1,1,0,2,1,2,1,1,0,2,0,0,0,1,0,0,2,19,31,24,27,18,14,22,14,26,36,31,28,25,27,30,34
d01338,astronomy,1,1,0,3,1,2,0,1,1,1,3,1,2,1,0,0,18,26,30,20,14,19,27,28,1,1,1,1,0,0,1,2,50,39,42,39,37,43,39,43
d01339,astronomy,3,1,0,0,0,0,1,1,0,0,1,0,0,0,0,0,9,5,9,8,11,14,6,7,0,0,0,1,0,0,1,0,10,14,11,6,7,11,7,9
d01340,cooking,0,1,0,2,2,0,0,1,19,20,13,18,18,15,17,19,3,0,1,0,2,1,1,0,0,1,1,0,3,1,0,0,32,41,27,31,36,38,29,34
d01341,cooking,0,0,0,0,1,0,0,1,9,11,15,11,7,13,4,6,0,1,1,1,1,0,0,1,1,0,0,0,1,0,0,0,17,27,18,19,17,16,10,13
d01342,football,1,0,1,1,0,0,1,1,0,0,0,1,1,0,0,0,0,1,1,0,0,0,0,0,13,9,7,13,14,7,5,6,11,15,15,11,17,17,17,20
d01343,football,1,0,1,1,1,1,0,0,2,1,2,0,2,2,3,3,0,1,1,0,1,1,0,0,13,25,21,12,19,12,18,18,33,22,24,22,27,36,29,31
d01344,cooking,1,0,0,0,0,0,0,1,6,7,6,4,4,8,3,5,0,0,0,0,0,0,1,0,0,1,1,0,0,0,1,0,6,9,4,8,7,3,10,9
d01345,astronomy,1,4,1,0,1,0,0,1,0,0,2,0,1,0,0,0,16,14,18,14,19,11,22,14,1,6,2,0,0,0,0,0,30,26,24,23,29,26,15,38
d01346,cooking,0,0,0,0,1,0,0,1,19,15,16,17,17,20,19,12,0,0,0,1,3,0,0,0,0,0,1,2,1,0,0,1,23,32,23,38,26,27,24,35
d01347,football,0,1,1,0,0,0,0,1,0,0,0,0,0,0,0,0,0,0,0,0,0,1,0,0,7,9,7,6,2,3,5,6,9,16,12,7,19,6,11,11
d01348,football,2,2,1,0,2,3,1,1,3,1,3,1,0,1,5,1,4,1,1,2,1,1,2,0,19,31,33,36,27,26,28,29,49,57,60,57,55,62,49,49
d01349,football,3,1,3,0,3,2,1,1,3,0,1,2,1,2,0,2,2,4,1,1,0,4,0,3,31,25,29,33,36,38,41,33,57,59,45,49,54,64,51,55
d01350,football,0,1,0,2,0,1,0,3,0,3,1,1,5,1,0,2,6,3,2,1,6,1,1,1,40,43,45,45,46,36,59,35,73,72,79,68,70,76,73,77
d01351,machine_learning,5,1,3,2,5,4,7,3,0,1,3,0,0,0,0,0,0,0,0,0,0,0,0,0,0,0,0,0,0,0,0,1,5,6,16,10,8,4,6,4
d01352,astronomy,1,0,2,0,0,0,0,0,1,1,1,1,0,0,2,0,7,14,8,14,8,9,14,8,0,0,1,0,0,3,0,1,24,18,16,11,23,21,22,26
d01353,machine_learning,24,20,16,17,23,10,12,11,2,0,1,2,1,0,2,1,0,0,0,0,0,5,0,1,1,0,1,0,0,1,1,0,24,24,25,30,36,31,26,25
d01354,astronomy,2,0,3,0,0,0,0,0,3,0,0,1,3,0,0,0,15,10,9,14,13,12,18,11,2,1,1,3,1,0,0,0,21,18,21,21,22,32,15,23
d01355,machine_learning,7,9,10,13,10,15,8,7,0,1,0,0,0,1,1,0,1,0,0,2,0,0,0,1,0,0,0,1,0,0,0,0,16,10,16,17,28,15,21,21
d01356,football,4,3,3,6,4,4,0,1,4,2,3,6,3,0,4,2,5,5,3,4,0,3,3,1,59,76,75,61,73,55,85,73,121,99,115,127,120,105,119,113
d01357,cooking,1,6,4,2,2,4,0,2,69,82,73,68,77,67,86,64,2,3,3,1,2,5,7,2,2,4,1,4,3,4,3,4,113,103,112,112,109,109,101,125
d01358,cooking,3,0,1,1,3,3,3,2,27,37,39,26,43,39,46,31,3,1,3,0,0,2,3,6,3,1,1,1,3,1,0,0,61,63,57,45,59,67,60,60
d01359,cooking,2,0,1,0,1,1,2,2,29,17,22,15,26,23,30,15,1,3,1,1,2,3,1,0,3,1,6,2,1,2,3,1,33,53,34,45,50,45,38,55
d01360,astronomy,1,1,1,2,2,0,2,1,2,1,3,1,0,3,2,1,24,29,34,23,20,26,35,37,4,1,1,3,2,0,3,0,63,46,38,45,39,50,46,58
d01361,machine_learning,14,17,14,18,15,16,13,21,1,2,0,1,6,1,1,3,0,0,0,0,0,0,1,0,0,2,0,2,1,0,0,1,24,17,23,30,37,21,25,22
d01362,machine_learning,23,12,18,14,16,14,15,8,0,0,3,0,0,1,1,0,0,1,0,2,2,1,1,0,2,0,2,1,0,0,1,0,23,27,21,25,24,19,20,21
d01363,football,0,0,1,0,1,1,0,0,0,1,0,0,0,0,0,0,0,0,0,1,0,2,0,1,9,8,7,12,10,8,6,9,23,10,17,17,10,8,16,17
d01364,astronomy,2,1,0,0,0,1,2,0,1,2,1,0,0,1,1,1,19,15,21,15,25,27,22,15,1,1,0,2,3,0,1,1,37,22,40,27,42,28,29,30
d01365,machine_learning,18,22,31,19,16,24,20,11,0,0,2,1,3,1,0,1,1,1,0,0,0,1,1,1,1,2,1,1,1,2,1,0,34,25,30,40,29,27,42,19
d01366,cooking,0,0,0,1,1,0,0,0,9,9,4,8,9,2,4,9,0,0,1,0,0,0,0,0,1,0,0,0,0,0,1,0,14,12,10,6,14,26,15,5
d01367,machine_learning,50,35,46,49,47,42,48,30,1,1,2,3,3,3,2,2,5,1,2,2,0,5,1,1,2,3,3,1,2,4,4,1,73,88,82,78,76,86,88,75
d01368,football,0,0,0,0,0,0,0,0,1,0,0,0,0,0,0,0,0,0,0,1,0,0,0,0,8,6,5,6,4,4,8,3,10,11,16,6,10,9,13,9
d01369,machine_learning,9,4,13,7,9,12,11,6,0,0,1,0,0,0,0,0,0,0,0,1,0,1,0,1,1,2,2,1,1,2,1,0,18,19,14,15,18,18,13,18
d01370,machine_learning,8,6,10,9,5,5,8,6,1,0,0,1,0,1,0,0,1,0,0,1,1,0,0,0,0,0,1,0,0,1,0,0,9,8,11,11,10,9,13,11
d01371,cooking,2,1,0,0,0,0,1,0,24,30,21,19,16,17,25,17,1,0,2,1,2,2,1,0,0,0,3,0,0,1,1,2,39,29,40,39,37,44,43,47
d01372,football,0,0,0,0,1,0,0,0,1,0,0,0,0,1,0,1,0,0,0,0,0,1,0,1,11,7,11,5,8,12,14,10,12,16,16,11,17,23,16,11
d01373,football,3,5,7,4,1,4,3,3,2,4,6,4,4,2,4,4,1,0,4,1,4,4,1,10,74,73,77,85,59,75,70,77,129,124,120,136,107,142,120,147
d01374,machine_learning,42,32,49,57,49,39,34,43,4,5,1,1,3,1,1,1,3,0,3,5,0,1,1,0,1,1,2,2,0,1,1,2,77,71,74,77,69,69,80,73
d01375,machine_learning,22,11,17,14,10,15,18,14,1,0,1,0,1,0,3,0,0,0,1,1,1,0,0,1,1,1,0,1,0,1,1,2,21,27,20,20,19,20,29,18
d01376,cooking,3,4,1,6,5,7,2,7,85,79,74,77,82,60,68,78,1,5,5,5,1,2,3,1,3,6,2,4,2,3,5,3,128,116,129,115,141,129,105,116
d01377,machine_learning,12,9,7,15,11,9,7,14,1,0,0,0,0,2,2,0,0,1,1,0,0,1,1,0,0,0,0,1,0,1,1,0,27,11,18,8,16,20,13,20
d01378,football,0,2,2,2,1,1,1,1,1,0,2,2,2,2,0,1,2,1,0,4,1,0,3,4,31,26,28,27,35,28,33,39,51,49,57,49,61,45,44,47
d01379,cooking,2,3,3,0,0,1,1,3,15,13,13,15,21,15,11,14,2,1,3,1,3,1,0,2,1,0,1,1,2,1,0,0,32,38,27,24,23,25,24,22
d01380,football,1,0,0,0,0,0,0,1,0,1,0,0,0,0,0,0,0,0,1,0,0,0,1,0,2,0,6,6,6,6,6,1,8,9,5,9,17,11,4,2
d01381,football,1,2,1,0,2,1,2,0,0,1,1,0,2,0,0,0,1,1,0,0,0,0,0,3,17,17,26,15,12,18,22,18,27,21,23,20,18,26,17,18
d01382,machine_learning,15,18,16,14,22,15,14,9,1,0,2,1,0,1,2,1,1,3,0,0,0,1,4,3,2,1,2,1,1,1,1,0,26,16,19,23,25,26,16,34
d01383,football,2,1,0,1,2,2,0,1,0,0,1,0,0,0,0,1,2,0,0,0,1,0,0,0,9,16,17,9,16,11,13,16,32,19,20,21,21,26,23,23
d01384,cooking,0,0,0,1,1,1,1,4,22,13,17,14,23,24,26,24,0,3,2,2,3,0,2,1,3,1,1,0,0,0,0,0,33,36,18,38,22,33,40,35
d01385,machine_learning,3,9,4,3,3,3,1,1,0,0,0,1,0,0,1,0,0,0,1,1,0,0,0,0,1,0,0,0,0,0,0,0,7,8,6,13,9,8,5,14
d01386,cooking,5,1,4,5,0,1,3,5,52,59,56,54,54,67,51,67,2,0,1,1,3,1,3,6,5,2,5,0,6,5,3,4,86,100,119,84,115,111,96,105
d01387,cooking,1,1,1,0,1,0,0,0,12,9,6,11,8,5,9,12,0,0,0,0,0,0,0,0,0,0,0,1,1,1,1,1,24,20,16,15,17,18,22,16
d01388,machine_learning,15,22,20,23,19,19,14,16,0,0,0,1,0,2,0,0,1,0,0,0,3,1,0,0,2,2,1,1,0,1,1,0,29,34,36,21,35,33,32,39
d01389,astronomy,1,0,1,2,0,0,0,0,0,0,0,2,0,0,0,0,4,9,14,7,7,8,11,4,1,0,2,1,0,0,0,0,9,13,19,8,15,12,18,15
d01390,cooking,2,1,4,2,2,0,2,1,26,28,18,19,27,31,22,19,1,1,0,1,0,1,2,2,2,4,1,1,2,3,1,0,52,57,36,44,42,50,46,45
d01391,football,1,1,1,0,0,1,3,1,1,1,2,0,2,1,1,1,1,0,2,2,3,3,1,1,24,32,20,40,36,31,19,41,49,39,52,50,57,58,52,51
d01392,cooking,2,0,2,2,1,1,0,2,16,20,23,22,27,20,24,22,1,1,1,0,0,1,1,2,2,1,1,1,1,0,0,1,39,42,45,33,30,32,31,34
d01393,astronomy,0,0,0,1,0,3,0,1,0,0,0,0,1,1,2,0,15,21,14,16,15,11,9,10,0,1,3,1,0,0,0,0,25,18,21,29,19,28,28,18
d01394,machine_learning,13,14,15,12,11,14,11,14,0,0,0,1,0,1,1,0,1,1,3,0,0,1,0,0,0,1,2,0,0,0,0,4,17,25,20,20,22,27,22,19
d01395,astronomy,1,0,3,1,2,0,2,0,2,2,1,0,1,1,0,1,17,33,24,17,19,26,19,25,0,1,1,1,1,1,0,5,32,30,41,40,35,35,43,41
d01396,cooking,1,1,2,2,0,2,1,0,28,19,26,28,21,16,21,25,2,0,0,1,0,0,1,1,1,0,0,0,2,1,0,0,44,37,32,40,21,38,32,36
d01397,astronomy,1,1,2,1,2,1,0,0,0,1,2,0,0,1,0,3,11,10,15,10,10,10,15,16,1,0,0,0,0,1,1,0,25,12,14,22,20,19,21,27
d01398,cooking,0,3,0,2,2,0,0,1,66,60,58,62,55,67,69,63,2,1,2,4,1,6,1,2,6,1,3,0,4,5,2,7,105,92,89,115,95,93,110,103
d01399,football,0,0,0,0,0,1,1,1,0,1,1,0,2,2,1,1,0,0,0,0,0,1,0,0,6,13,14,10,6,12,15,11,20,14,19,22,30,31,19,17
d01400,cooking,0,0,0,0,0,1,1,0,7,4,5,7,6,7,10,1,0,0,0,0,0,0,0,0,0,0,0,1,0,0,0,0,6,13,8,6,9,8,9,5
d01401,machine_learning,6,16,19,28,15,15,20,13,0,1,2,1,2,0,0,2,0,1,1,1,1,0,0,2,1,1,1,3,1,1,0,1,32,35,33,24,42,23,27,29
d01402,football,2,2,0,0,0,0,1,0,2,2,0,0,0,1,1,0,1,0,2,0,0,0,2,1,15,20,16,8,18,19,13,15,17,20,18,21,26,27,12,29
d01403,football,2,2,1,1,1,1,2,4,4,0,1,2,3,3,3,1,0,1,1,1,1,3,2,3,34,47,37,36,33,43,45,36,57,52,73,55,62,52,53,72
d01404,machine_learning,12,17,14,13,15,14,12,11,0,1,1,1,0,0,1,0,0,0,2,0,0,0,0,0,1,0,1,1,0,0,0,0,15,21,19,22,21,16,21,33
d01405,cooking,0,0,0,2,0,0,0,0,5,3,10,5,3,3,5,6,1,0,0,0,0,0,0,0,0,0,0,0,0,1,1,0,8,5,8,8,4,9,7,8
d01406,astronomy,1,1,0,3,0,1,0,2,1,0,3,0,0,2,1,0,10,13,19,19,19,19,10,14,0,0,0,1,2,2,0,4,19,23,29,36,22,27,25,29
d01407,astronomy,0,0,1,0,1,1,0,1,1,2,0,0,0,1,0,1,8,11,10,7,12,9,8,11,0,0,0,0,1,0,1,0,17,19,18,17,12,17,11,15
d01408,astronomy,1,4,3,3,4,1,2,2,0,2,1,1,1,0,2,1,37,38,46,30,35,28,25,32,1,1,2,1,2,3,1,1,56,62,41,57,57,41,63,63
d01409,cooking,1,0,0,2,1,1,1,2,35,18,34,28,29,21,16,22,0,2,3,1,1,1,0,1,1,1,0,3,1,1,2,3,42,37,44,37,35,49,42,38
d01410,cooking,1,0,0,2,1,0,2,1,8,10,10,14,14,9,17,15,0,0,0,0,1,0,0,2,0,1,3,0,0,0,0,1,16,11,15,25,22,27,24,20
d01411,football,1,1,0,0,0,4,1,1,1,1,5,3,4,3,2,4,1,2,3,3,0,1,0,1,35,43,35,29,53,38,38,36,52,54,86,66,63,69,51,62
d01412,machine_learning,5,3,8,6,9,5,6,3,0,0,2,0,1,0,0,0,0,0,0,0,0,1,0,0,1,0,0,0,1,0,0,1,8,12,12,9,5,13,16,14
d01413,machine_learning,4,5,4,6,12,6,7,4,0,0,0,1,1,0,0,0,0,0,0,0,1,0,0,0,1,1,2,0,0,1,0,0,14,9,8,13,11,9,15,15
d01414,astronomy,0,2,0,2,0,2,0,2,1,2,0,0,1,2,1,2,11,24,14,12,13,18,14,16,1,0,1,2,0,1,2,1,26,27,36,26,26,24,26,32
d01415,football,0,0,0,1,0,1,0,0,0,0,0,0,0,0,0,0,0,1,2,0,0,2,3,0,8,15,11,18,13,5,12,8,21,22,8,17,13,18,20,10
d01416,football,1,0,1,0,1,1,0,1,1,1,0,1,2,0,1,1,1,1,0,1,0,0,0,0,18,16,15,7,8,16,11,14,14,24,18,16,16,24,19,14
d01417,astronomy,0,0,1,0,1,1,0,0,0,0,0,1,0,1,0,1,3,11,4,3,4,10,8,3,0,1,0,1,0,0,0,3,12,7,9,9,12,5,14,9
d01418,machine_learning,8,5,8,5,4,9,5,10,1,0,0,0,0,0,0,0,1,0,0,0,0,0,0,2,0,0,0,0,0,0,0,0,6,9,12,9,7,7,10,11
d01419,machine_learning,21,17,14,13,24,15,13,11,0,1,1,3,2,0,2,1,3,0,0,0,1,0,0,1,1,0,1,0,1,0,0,0,19,26,24,22,39,25,26,33
d01420,football,1,2,1,0,1,2,0,0,3,2,1,0,2,2,3,0,1,2,0,1,4,1,1,2,26,25,21,25,25,20,24,20,30,37,37,33,30,24,37,38
d01421,machine_learning,66,65,72,61,82,55,60,68,1,5,4,6,2,7,5,1,2,2,0,0,3,3,1,2,4,2,5,2,1,0,2,6,107,103,87,103,112,103,107,99
d01422,football,1,2,1,0,1,0,2,0,0,0,2,0,0,1,0,1,2,0,0,0,0,1,1,0,16,15,15,10,14,9,31,12,25,20,23,35,18,28,20,19
d01423,machine_learning,9,6,7,6,15,11,11,10,1,1,0,1,2,1,1,0,0,1,2,1,1,0,0,0,1,0,0,3,0,0,0,0,15,12,7,15,10,17,18,16
d01424,football,2,0,0,1,2,0,0,0,3,1,1,1,1,2,3,1,1,0,2,0,0,0,0,2,14,29,16,25,18,20,22,14,38,29,35,43,29,28,23,39
d01425,football,1,2,0,0,1,0,0,2,1,1,0,2,0,1,0,0,2,2,1,2,0,2,0,0,5,19,17,13,16,18,15,15,19,28,29,18,23,26,22,19
d01426,machine_learning,15,19,11,8,8,18,14,11,0,1,1,0,0,1,0,0,1,0,0,1,0,1,1,2,0,2,0,0,1,1,0,0,18,22,18,24,16,17,21,16
d01427,football,1,1,1,0,2,2,2,1,2,2,2,0,0,0,0,0,2,2,2,0,0,2,2,1,15,11,21,19,24,16,28,20,32,30,27,22,25,28,33,32
d01428,machine_learning,27,29,37,34,35,40,23,43,2,2,3,0,2,1,1,0,0,1,1,1,2,1,3,0,1,1,2,1,1,0,1,1,58,69,75,66,67,56,60,60
d01429,football,0,1,1,3,0,1,0,0,1,3,2,0,2,2,3,0,0,2,3,3,2,3,3,1,30,35,23,31,26,28,24,30,46,49,49,48,49,39,48,47
d01430,cooking,0,0,2,3,2,3,3,2,62,56,72,50,59,47,52,60,2,3,5,4,5,3,2,3,2,2,0,4,1,3,5,6,80,92,71,93,68,89,81,79
d01431,cooking,3,2,2,4,1,3,1,2,61,61,48,40,45,51,59,47,3,5,4,4,3,6,3,3,5,4,5,2,2,4,0,2,114,67,80,86,81,90,100,83
d01432,football,0,0,0,0,1,1,1,0,1,0,0,0,1,1,0,1,0,0,0,0,0,0,1,0,10,7,7,12,11,13,11,8,15,18,15,15,18,20,19,16
d01433,football,0,0,1,0,1,1,0,3,0,1,0,0,2,2,0,0,2,1,0,2,1,0,0,0,11,11,17,20,27,13,16,19,22,31,29,35,23,33,40,34
d01434,machine_learning,4,3,8,4,3,3,4,6,0,0,0,0,0,0,0,0,0,0,0,0,0,1,0,0,0,0,0,0,0,0,0,0,8,6,6,4,5,8,6,4
d01435,astronomy,3,1,0,3,1,1,1,1,3,3,1,2,0,3,1,1,24,38,37,39,39,30,37,28,4,2,0,0,0,2,5,2,47,59,65,49,54,61,58,48
d01436,machine_learning,16,14,18,15,6,17,20,7,1,1,0,1,0,1,1,0,0,0,0,1,1,0,2,1,0,0,0,0,0,1,2,2,26,20,21,27,24,23,27,24
d01437,astronomy,2,1,2,2,1,1,1,0,0,2,0,1,1,0,0,0,29,19,27,17,21,18,29,23,0,0,1,1,3,5,0,0,32,43,39,26,30,40,29,28
d01438,cooking,2,0,0,0,0,3,0,0,4,1,2,3,6,2,2,5,1,1,0,0,0,1,0,0,0,0,1,0,1,0,0,1,4,12,3,7,13,7,9,8
d01439,astronomy,0,0,0,0,0,0,0,0,0,1,0,0,0,0,1,0,2,7,7,5,8,10,8,5,0,0,0,1,0,0,0,0,5,11,11,15,11,4,9,14
d01440,cooking,0,0,1,0,1,0,2,0,12,11,15,8,15,10,17,19,0,0,1,0,0,0,0,1,1,1,2,1,0,0,0,0,23,12,18,24,17,16,19,16
d01441,cooking,2,0,2,1,0,1,0,1,11,12,11,11,15,13,16,17,2,0,0,0,1,0,0,0,1,1,1,0,0,0,1,1,19,20,25,22,22,21,25,17
d01442,cooking,0,1,0,1,0,0,1,0,6,9,8,7,7,9,10,9,0,2,1,0,0,0,0,1,0,2,1,0,0,1,0,0,21,15,14,18,23,21,31,19
d01443,machine_learning,5,6,6,5,5,10,5,4,0,0,0,1,1,0,0,1,2,0,0,0,0,0,1,0,0,1,0,0,1,0,0,0,7,8,8,14,10,16,13,6
d01444,football,4,6,3,4,4,7,5,6,3,6,4,11,2,6,3,6,2,7,5,4,7,4,4,8,87,102,95,109,95,92,99,97,153,149,147,147,155,127,159,171
d01445,football,3,1,1,0,2,2,0,1,0,1,1,0,1,1,4,0,0,1,0,1,0,2,2,0,27,34,28,43,20,30,27,33,43,35,49,50,42,56,34,46
d01446,football,1,0,2,2,2,0,0,1,0,0,1,0,0,1,0,1,1,1,1,0,0,0,1,0,13,17,17,20,18,12,21,17,20,16,24,24,21,17,23,24
d01447,astronomy,2,1,1,3,5,3,1,1,2,1,1,3,6,3,6,2,50,47,53,64,52,54,52,44,1,3,2,0,1,1,2,3,66,80,70,74,73,89,85,74
d01448,cooking,0,0,1,0,0,0,0,1,9,16,10,5,3,8,7,4,1,0,1,0,1,0,0,2,0,0,0,0,1,0,1,0,4,12,15,14,12,6,13,15
d01449,cooking,0,0,2,1,0,2,0,2,21,22,20,14,23,18,22,25,1,1,1,1,1,1,2,1,1,1,1,0,0,1,1,1,35,29,46,39,40,34,27,21
d01450,football,3,4,4,2,5,5,4,4,3,6,4,3,3,5,6,4,8,6,8,3,4,9,4,4,81,86,74,87,67,80,97,79,154,131,120,130,156,119,169,132
d01451,machine_learning,29,26,21,24,18,24,26,23,0,1,1,1,0,0,1,0,1,1,0,2,2,2,0,2,0,4,2,1,1,1,0,2,39,36,56,49,38,38,24,34
d01452,astronomy,1,2,1,1,0,0,1,0,0,0,1,0,1,0,1,0,9,15,10,14,9,12,12,17,0,1,2,1,1,0,0,3,15,23,22,25,16,22,25,23
d01453,football,0,0,1,0,1,1,0,0,3,0,0,0,0,1,2,2,0,0,1,0,1,0,0,0,22,11,20,14,14,17,10,13,26,34,23,32,21,20,30,26
d01454,cooking,1,0,0,0,1,0,0,1,7,4,5,2,8,11,7,11,0,0,0,1,1,1,2,0,0,0,0,0,0,0,0,1,7,14,10,14,6,14,15,6
d01455,machine_learning,21,18,15,18,11,21,16,10,1,0,0,1,1,1,2,2,1,0,1,3,1,0,1,0,0,1,0,0,2,0,0,1,26,31,35,19,27,36,25,28
d01456,cooking,1,2,1,0,1,0,1,1,19,22,11,14,11,16,20,11,0,1,0,0,2,0,1,0,0,0,0,2,0,1,0,0,29,25,26,23,22,26,31,23
d01457,cooking,0,0,0,1,1,0,0,0,7,5,3,4,2,4,11,4,0,0,0,0,1,1,0,0,0,0,0,0,0,1,0,0,7,11,8,16,10,13,18,16
d01458,machine_learning,15,12,15,11,18,18,23,15,0,1,1,0,0,2,1,0,1,0,0,0,1,1,0,0,1,0,0,0,0,1,1,2,27,19,23,28,26,22,24,33
d01459,cooking,1,0,3,1,1,0,0,2,7,7,5,4,3,5,5,2,0,0,0,1,0,0,1,0,0,0,0,0,0,1,0,0,7,7,6,7,12,11,4,15
d01460,astronomy,0,1,0,0,1,1,0,0,0,0,1,0,0,0,0,0,8,12,5,6,5,10,7,8,0,1,0,1,0,0,0,0,16,13,13,9,17,9,8,20
d01461,cooking,0,0,3,1,0,1,0,1,18,12,13,17,19,15,21,17,1,3,1,3,1,3,1,1,2,1,1,0,1,0,0,2,27,32,32,23,21,33,27,20
d01462,machine_learning,9,18,15,10,17,8,12,7,2,0,1,0,0,0,0,1,1,1,0,0,0,0,0,1,1,0,1,0,1,0,0,0,12,11,16,23,14,18,25,19
d01463,cooking,1,1,0,0,2,4,0,0,19,15,16,20,23,23,18,21,1,0,0,0,0,1,0,1,2,0,0,0,4,0,0,1,30,28,17,30,33,22,28,33
d01464,cooking,0,2,2,2,2,3,1,4,41,42,46,47,31,45,41,30,3,0,2,0,4,1,1,2,0,1,2,1,4,1,0,3,56,63,70,63,70,45,60,74
d01465,football,0,0,1,0,0,1,0,0,1,1,0,0,0,2,0,0,1,0,0,0,0,0,1,1,15,15,13,14,15,15,12,17,26,24,25,21,24,30,21,20
d01466,football,1,1,0,2,4,3,2,2,3,2,1,3,3,3,2,2,0,3,1,3,0,1,0,2,43,45,43,38,48,41,38,40,56,67,69,70,63,65,69,64
d01467,football,1,0,0,0,0,0,0,0,0,0,0,0,1,0,1,0,1,0,0,1,0,0,0,1,8,4,6,8,5,3,2,8,5,4,5,3,5,5,12,6
d01468,astronomy,0,1,1,0,0,0,0,0,0,3,1,0,1,1,2,1,11,9,13,6,7,15,7,9,0,1,0,2,1,0,1,0,18,19,17,26,15,25,21,19
d01469,cooking,1,0,0,0,0,0,0,0,5,13,13,7,11,9,7,7,1,0,0,0,0,0,0,2,0,0,0,0,1,0,1,2,12,16,15,14,20,16,10,13
d01470,cooking,2,3,3,3,2,5,3,1,79,71,62,84,77,67,59,85,5,2,2,5,3,4,2,2,6,3,5,1,3,6,1,3,119,116,118,129,105,104,112,117
d01471,cooking,0,2,0,0,0,1,2,1,13,12,9,11,12,14,5,16,2,0,0,0,0,0,2,0,0,0,0,1,0,0,1,1,19,28,32,13,25,19,27,24
d01472,astronomy,2,0,1,0,1,0,2,0,2,1,1,0,1,1,1,0,26,23,33,25,27,22,31,28,1,1,1,1,0,2,2,1,50,55,43,44,37,36,42,48
d01473,football,0,2,0,1,1,0,1,0,0,1,0,1,0,1,1,2,3,0,2,1,1,0,0,0,16,13,18,12,12,13,10,14,24,21,23,30,20,20,21,20
d01474,cooking,1,5,3,2,0,1,1,2,25,27,40,35,43,30,42,37,2,1,1,3,2,4,4,1,3,0,2,3,1,0,3,1,60,65,57,53,49,46,52,38
d01475,cooking,0,0,0,1,0,1,0,0,7,8,5,3,6,3,3,0,1,1,0,0,0,0,0,0,0,0,0,0,0,1,0,0,5,9,6,7,11,7,5,7
d01476,cooking,4,0,1,3,1,0,1,3,26,30,33,22,26,25,21,40,1,0,2,0,0,0,1,1,1,4,1,4,1,0,2,2,39,31,46,39,48,40,35,42
d01477,football,0,1,0,2,2,0,2,0,0,0,0,0,0,0,0,0,0,0,2,1,0,1,0,0,7,10,12,7,7,15,11,9,17,15,23,15,24,15,24,21
d01478,cooking,0,0,0,0,0,0,0,1,9,7,7,11,6,8,7,8,0,1,0,1,1,0,1,0,0,0,0,0,0,0,2,0,13,6,13,10,8,10,9,13
d01479,football,0,0,2,0,1,1,0,1,0,0,0,0,0,0,0,1,1,1,0,0,0,0,1,0,6,5,4,10,7,7,5,1,11,12,8,13,9,14,16,5
d01480,machine_learning,13,21,18,18,23,29,19,24,1,0,3,2,1,1,0,0,2,1,1,1,3,1,2,2,2,1,0,3,0,1,2,1,37,38,38,39,28,44,47,43
d01481,machine_learning,18,19,19,17,19,23,13,11,0,2,0,0,0,0,1,3,1,1,0,1,1,0,1,1,0,0,0,1,0,0,1,3,24,22,24,22,17,20,27,24
d01482,astronomy,2,0,0,1,1,0,1,1,2,0,2,2,2,0,0,2,22,30,21,25,28,28,17,15,2,0,0,1,1,2,1,0,31,40,39,39,31,35,37,34
d01483,football,0,0,0,0,0,0,0,0,0,1,0,0,0,1,0,0,1,0,0,0,1,0,1,0,9,9,5,10,4,7,6,9,18,15,23,8,14,8,8,10
d01484,astronomy,0,0,1,0,0,1,0,0,0,0,0,1,1,1,1,0,4,6,4,3,9,5,5,3,0,0,0,0,0,0,1,0,14,6,9,14,5,8,10,14
d01485,machine_learning,7,11,9,6,7,6,13,12,0,1,0,0,0,0,1,0,3,0,0,0,0,1,1,1,0,1,0,1,1,0,1,0,14,11,24,13,14,18,17,15
d01486,machine_learning,3,7,6,9,3,8,2,7,0,0,0,0,0,0,0,0,0,1,0,0,0,0,0,0,0,0,1,1,0,0,0,1,6,8,11,16,9,11,6,12
d01487,astronomy,0,2,1,0,0,1,1,0,1,0,1,1,0,0,0,0,14,13,9,15,13,16,16,10,1,0,1,1,2,0,0,0,19,24,13,16,11,12,22,23
d01488,machine_learning,4,7,4,7,8,6,7,8,0,0,0,1,1,0,0,2,0,1,0,0,0,1,0,0,0,0,0,0,1,1,0,0,13,8,12,10,6,10,8,15
d01489,machine_learning,18,17,16,22,10,18,18,12,0,0,0,0,0,1,1,1,0,0,0,0,0,1,1,0,0,0,1,1,0,1,1,0,28,26,32,29,30,24,35,25
d01490,astronomy,0,0,1,1,2,1,0,2,1,1,3,1,2,5,0,2,36,38,42,46,42,29,44,24,2,1,0,2,1,3,1,0,55,52,49,53,54,75,59,65
d01491,cooking,0,2,2,2,0,6,1,3,40,27,32,29,33,32,35,30,2,3,3,0,0,2,2,0,3,1,3,1,1,0,0,2,57,43,48,63,57,46,52,56
d01492,astronomy,4,7,6,5,2,5,7,5,10,3,5,5,2,6,2,6,113,108,103,92,116,105,118,127,2,5,4,4,5,2,4,4,189,176,193,182,186,182,182,179
d01493,cooking,1,1,0,0,2,0,0,1,9,6,6,7,8,9,8,6,0,0,1,1,0,0,0,0,0,0,0,1,0,1,0,0,9,5,9,8,12,12,17,6
d01494,machine_learning,72,54,56,54,54,68,63,53,2,1,1,2,3,1,1,2,3,4,2,4,4,2,6,2,1,1,2,3,5,2,4,2,82,95,81,79,90,75,93,85
d01495,machine_learning,8,22,5,8,10,13,12,12,3,0,0,0,1,0,0,0,2,0,0,0,0,0,1,1,0,1,0,0,2,0,0,0,10,17,13,15,14,16,17,21
d01496,astronomy,3,3,1,3,1,0,3,4,1,1,1,1,3,1,3,1,35,46,31,39,29,33,42,36,2,4,0,3,1,3,0,3,61,47,60,61,49,63,50,64
d01497,machine_learning,8,11,19,14,14,6,20,16,0,0,0,0,1,0,0,1,1,0,0,0,2,2,0,0,0,1,0,0,0,0,0,1,24,24,21,23,18,25,32,25
d01498,cooking,1,0,0,0,1,0,1,0,3,7,3,6,3,4,7,4,3,0,0,0,0,0,0,0,1,1,1,1,0,0,0,0,12,8,14,10,2,7,10,6
d01499,cooking,0,1,0,1,1,0,2,0,10,9,7,12,14,8,11,12,1,1,1,0,0,0,0,0,1,1,0,0,0,2,0,1,24,18,21,14,20,17,26,25
d01500,cooking,1,1,2,3,0,0,2,3,37,32,53,44,57,47,59,57,3,2,2,4,1,4,2,2,4,1,1,2,1,1,0,3,76,60,80,71,49,79,67,87
d01501,machine_learning,38,30,33,32,36,41,27,35,0,0,2,0,0,1,2,2,3,2,1,2,4,0,0,3,1,0,1,0,2,1,3,3,55,55,65,48,74,53,68,61
d01502,cooking,1,2,0,0,1,1,0,0,16,21,18,17,13,20,17,20,1,1,1,0,0,0,1,1,2,0,1,0,1,0,0,0,31,23,37,31,23,25,25,29
d01503,cooking,1,1,0,0,0,0,0,1,14,19,17,18,13,17,17,14,1,1,2,1,0,3,2,0,3,2,0,0,3,1,1,0,35,20,31,20,23,23,26,29
d01504,cooking,2,0,0,5,1,1,2,4,45,29,32,36,37,42,32,37,2,2,2,3,1,0,1,1,2,0,1,0,4,1,1,2,56,58,61,67,55,54,67,60
d01505,machine_learning,18,24,16,20,23,24,12,17,0,1,0,1,0,1,0,0,1,0,0,1,3,0,2,1,0,2,0,1,1,0,2,1,33,29,29,29,34,34,24,23
d01506,astronomy,0,0,0,1,0,0,0,0,0,0,0,0,0,1,0,0,3,4,2,1,4,1,5,4,0,0,0,0,0,0,0,0,0,4,5,4,7,11,3,3
d01507,cooking,0,0,1,0,2,1,0,1,4,13,13,8,7,9,10,6,0,0,1,2,0,0,1,1,1,0,0,0,0,1,0,0,13,20,14,14,19,17,16,11
d01508,machine_learning,11,11,13,11,6,8,15,6,0,0,1,1,0,0,0,0,0,0,0,0,0,1,1,0,0,0,1,0,0,0,0,1,13,16,20,16,18,18,13,20
d01509,football,0,0,0,1,0,0,0,0,0,0,2,0,0,1,0,1,0,0,0,0,2,0,0,2,8,9,6,5,7,3,6,4,9,10,3,9,10,13,6,10
d01510,football,0,1,1,1,0,1,0,0,0,0,1,0,0,0,0,2,0,2,1,1,0,1,0,0,8,14,16,15,11,10,15,9,23,10,17,25,21,15,19,29
d01511,astronomy,0,3,1,1,1,0,1,1,1,1,1,3,1,3,3,1,26,33,26,35,35,28,27,27,3,0,2,0,2,1,1,0,63,55,50,57,48,44,49,53
d01512,football,0,1,1,1,0,1,1,1,0,1,0,0,1,0,1,0,0,1,0,0,1,0,1,1,7,12,8,11,7,10,7,11,22,15,16,11,17,12,21,13
d01513,machine_learning,12,11,11,13,11,3,13,5,2,1,2,0,0,1,0,0,0,0,1,0,0,0,1,0,1,0,1,0,0,1,0,1,16,23,13,22,19,15,17,14
d01514,astronomy,0,2,1,1,0,3,1,0,1,1,2,1,2,3,1,2,17,25,31,25,23,20,21,27,1,1,1,1,1,1,1,3,51,38,33,37,34,35,38,39
d01515,machine_learning,16,18,8,15,13,9,14,16,1,0,1,0,1,1,1,1,0,0,0,1,1,1,1,0,1,2,0,0,0,1,0,2,26,20,14,17,23,27,30,19
d01516,astronomy,1,0,0,0,0,0,0,1,0,0,1,0,1,2,0,1,5,6,6,9,5,6,3,2,0,0,0,0,1,0,0,0,14,11,18,8,15,9,13,10
d01517,football,2,0,0,0,1,1,1,1,1,1,2,1,1,2,0,1,1,0,1,1,2,3,2,3,15,16,13,22,14,15,17,16,20,27,20,22,32,21,26,32
d01518,astronomy,0,0,0,0,0,0,1,0,2,0,2,0,0,0,1,1,11,10,3,7,7,4,7,2,0,0,0,0,0,0,0,1,16,16,9,10,9,15,9,18
d01519,cooking,6,8,8,7,10,10,11,9,199,223,203,177,187,209,205,207,5,7,12,12,11,5,14,14,11,11,13,9,8,6,12,9,303,348,314,343,357,320,328,308
d01520,football,3,0,1,1,1,0,0,1,1,2,1,0,0,1,2,0,1,1,1,1,0,1,1,1,18,13,16,9,13,16,12,10,23,12,24,14,21,14,26,20
d01521,football,0,0,0,0,1,0,1,0,1,1,1,0,0,1,1,0,0,2,1,1,0,0,2,1,10,9,21,17,12,12,16,16,13,24,28,10,20,14,21,14
d01522,cooking,1,0,0,2,1,0,1,0,8,16,17,15,12,10,19,10,0,1,1,2,0,0,0,1,1,2,1,1,0,1,0,1,31,23,28,31,25,22,28,23
d01523,machine_learning,10,4,5,5,8,6,6,5,0,0,1,0,1,0,0,1,1,0,0,0,0,0,0,0,1,0,0,1,1,0,1,0,12,13,9,9,14,8,17,16
d01524,astronomy,1,0,1,0,1,0,1,1,1,4,0,0,1,1,2,1,18,21,17,10,35,16,16,18,1,4,2,1,0,0,1,1,25,27,39,19,33,32,27,17
d01525,football,1,2,1,2,0,4,0,0,0,2,0,0,0,0,0,0,0,2,2,0,1,0,2,0,10,23,10,12,17,21,17,12,22,27,20,16,16,24,24,16
d01526,machine_learning,17,20,18,14,21,13,9,25,1,0,0,1,0,0,1,1,1,1,0,1,0,1,1,0,0,2,0,1,2,1,2,0,26,22,42,30,30,31,45,29
d01527,football,6,4,3,0,0,3,4,3,0,1,2,1,3,3,1,4,2,2,3,4,2,2,3,1,40,47,47,31,38,39,38,39,68,65,75,74,82,82,61,65
d01528,astronomy,2,1,1,4,3,1,2,2,4,1,2,1,2,3,0,1,24,34,32,30,24,30,35,30,0,2,3,1,2,1,0,2,47,62,48,51,42,38,49,47
d01529,machine_learning,14,9,8,9,13,13,7,16,1,1,0,0,0,1,0,1,0,1,0,1,1,1,1,0,0,0,0,0,0,0,1,0,20,22,12,10,11,26,23,11
d01530,football,0,2,0,0,0,0,0,0,1,0,0,0,0,0,0,0,0,0,1,0,2,0,0,0,4,2,7,3,7,3,4,4,7,10,11,5,11,5,5,7
d01531,cooking,2,1,0,0,0,3,0,3,11,18,7,12,15,20,10,12,1,0,1,1,0,0,4,1,0,0,0,2,0,1,1,0,22,19,28,26,24,19,21,37
d01532,football,1,1,0,1,0,0,0,4,1,0,0,0,0,1,0,2,1,0,3,0,1,1,0,0,18,12,12,19,21,17,19,23,29,25,18,22,25,39,34,35
d01533,football,0,0,0,0,2,0,0,0,1,0,0,0,0,1,0,0,0,0,0,0,0,0,0,0,5,6,1,3,6,7,4,7,6,12,10,7,4,7,12,3
d01534,machine_learning,7,16,17,12,14,21,24,20,1,1,0,2,0,1,0,2,2,1,0,0,0,1,0,0,2,1,2,1,0,1,0,2,21,28,19,31,22,37,27,26
d01535,cooking,0,0,0,1,0,0,0,0,10,5,10,6,8,7,7,10,0,0,0,0,0,0,0,0,1,2,1,0,0,1,0,0,19,11,14,17,9,14,17,13
d01536,football,6,2,4,3,3,4,5,12,4,3,8,5,5,10,8,9,5,5,2,6,2,9,6,8,142,112,118,105,114,106,106,137,200,188,192,199,197,169,185,191
d01537,cooking,1,0,4,0,0,1,2,3,23,21,23,15,12,16,17,12,2,0,0,1,2,4,1,0,1,3,0,2,0,3,1,1,18,31,29,21,21,35,41,30
d01538,astronomy,3,0,2,1,1,2,1,3,0,1,1,0,0,3,1,0,37,43,38,42,32,37,33,41,0,1,0,2,0,2,2,0,59,49,69,71,57,52,62,48
d01539,astronomy,4,1,3,2,1,0,2,1,5,2,0,3,1,2,1,3,39,40,27,32,32,37,35,35,1,0,0,2,1,0,4,3,57,45,58,58,44,64,62,53
d01540,football,0,0,1,0,0,0,1,0,0,0,1,1,0,1,1,0,0,0,0,0,1,0,1,0,8,10,9,7,7,7,12,6,10,16,17,21,14,12,13,9
d01541,astronomy,0,0,0,1,0,0,1,0,0,0,0,0,0,0,0,0,6,7,7,5,5,13,12,7,1,0,0,1,0,1,0,0,11,8,19,16,9,10,10,7
d01542,machine_learning,26,24,31,32,29,38,28,25,1,1,0,3,2,0,2,2,2,1,1,0,0,1,1,1,2,0,1,2,0,0,2,2,41,41,41,47,44,47,52,45
d01543,football,0,2,0,2,1,0,0,0,1,0,0,3,1,1,0,0,0,1,1,0,1,0,1,0,11,11,11,16,10,10,11,17,30,22,19,18,22,19,22,13
d01544,football,0,1,0,1,1,0,0,1,0,1,1,1,0,2,0,0,2,1,1,0,0,0,0,2,9,7,12,8,8,10,7,5,10,11,15,14,10,17,21,19
d01545,cooking,0,2,0,2,2,3,0,0,16,25,24,15,23,28,23,19,1,1,0,1,0,0,1,1,1,0,0,1,5,0,3,0,43,41,33,41,30,40,39,33
d01546,machine_learning,3,4,4,4,3,2,6,5,0,0,0,0,0,0,0,0,0,0,0,0,0,1,2,0,1,0,0,0,0,0,0,0,12,7,13,7,8,3,11,8
d01547,machine_learning,37,41,31,40,25,34,38,39,0,2,2,3,1,0,0,6,1,2,0,1,1,2,1,3,3,0,3,0,1,2,2,3,53,65,49,56,63,67,63,61
d01548,astronomy,1,2,1,0,1,1,1,0,0,0,0,1,0,0,0,0,21,22,14,24,21,14,26,17,4,3,1,0,0,1,0,0,23,21,21,19,29,27,35,16
d01549,machine_learning,25,26,32,20,26,31,14,36,0,2,2,6,1,1,1,1,0,2,1,1,0,1,0,0,0,0,0,0,0,1,1,2,43,52,52,39,35,51,43,49
d01550,cooking,0,1,0,0,1,0,1,0,7,8,10,11,6,10,5,9,1,0,0,0,3,0,1,0,0,1,0,0,0,0,0,0,21,16,19,18,18,16,14,24
d01551,astronomy,0,0,0,1,1,0,0,0,0,0,1,0,0,1,0,1,5,8,2,2,5,6,2,4,1,0,0,0,0,0,0,0,6,2,6,3,4,4,7,4
d01552,machine_learning,35,43,40,45,41,38,38,41,1,2,3,0,0,0,5,4,4,1,1,1,2,0,1,3,0,1,1,5,2,1,0,2,53,80,59,55,77,73,61,68
d01553,machine_learning,22,33,31,31,27,28,29,19,1,1,0,2,3,1,2,1,0,1,1,2,0,2,3,1,4,0,2,0,0,0,0,0,44,48,55,50,39,68,50,53
d01554,astronomy,0,1,0,1,0,0,0,0,0,0,1,0,0,0,0,0,6,7,8,6,5,6,4,4,0,0,0,0,1,1,0,0,12,10,15,4,13,9,12,14
d01555,machine_learning,44,44,70,59,44,57,55,53,3,2,3,1,2,5,2,1,1,2,1,4,0,2,2,4,1,4,1,1,4,1,3,5,94,81,97,97,96,88,81,117
d01556,machine_learning,17,24,17,20,17,15,27,14,1,0,0,0,1,2,1,1,0,1,0,0,0,1,4,2,0,1,1,0,0,1,0,2,34,19,30,26,29,27,30,36
d01557,machine_learning,5,6,12,4,14,6,10,9,1,0,0,0,2,1,0,1,0,0,0,1,0,0,0,0,0,1,0,0,0,0,0,1,8,9,14,8,14,17,12,7
d01558,football,3,2,0,1,2,0,1,3,0,2,2,0,0,5,1,1,3,1,0,0,1,0,0,0,34,29,40,37,32,37,35,28,56,50,49,60,57,51,59,60
d01559,football,0,0,0,0,0,0,0,0,1,0,0,0,0,0,1,0,1,0,0,0,0,0,0,0,9,6,2,4,5,5,1,4,8,4,9,6,9,5,9,5
d01560,football,2,2,3,0,0,2,6,2,1,2,2,2,2,0,0,0,3,2,3,2,3,1,2,1,45,44,38,41,50,36,39,50,74,72,84,85,74,77,56,57
d01561,cooking,1,1,0,3,0,0,0,3,20,20,25,23,28,30,24,13,1,0,1,1,2,0,3,0,1,4,2,2,0,0,0,2,40,32,36,35,35,22,28,37
d01562,cooking,0,1,2,0,1,0,2,1,13,17,13,13,17,14,19,11,1,0,1,1,0,2,0,0,3,2,1,0,1,0,0,1,18,24,21,21,16,30,28,26
d01563,astronomy,3,3,2,0,1,1,1,1,1,0,0,2,0,1,1,0,19,11,14,11,20,18,18,15,2,0,0,0,0,0,1,0,37,28,31,25,37,27,22,25
d01564,machine_learning,13,21,18,12,20,10,12,10,1,0,1,0,0,0,2,0,0,0,0,1,1,0,0,3,1,0,1,0,0,0,0,0,16,26,29,23,20,15,20,21
d01565,football,1,0,2,6,1,2,0,1,0,0,3,0,0,3,2,1,0,3,2,1,0,2,0,2,38,29,36,37,42,36,31,35,57,46,55,63,44,52,39,52
d01566,football,0,0,0,1,0,0,2,1,0,0,0,0,0,1,1,0,1,0,1,0,2,0,1,1,12,12,22,10,13,18,24,10,17,18,22,14,11,23,22,21
d01567,astronomy,0,0,0,0,1,2,0,0,0,2,1,1,1,1,0,1,18,23,22,15,21,17,15,15,0,3,2,2,0,1,1,1,29,27,34,28,31,28,32,22
d01568,astronomy,1,1,1,1,1,2,0,3,1,1,0,0,1,0,2,0,20,18,29,34,23,17,22,24,0,2,2,0,2,0,2,1,34,38,40,39,39,37,36,48
d01569,astronomy,2,0,0,1,0,1,0,0,0,0,0,0,0,2,0,1,7,1,5,7,0,3,2,3,0,0,0,0,1,0,0,0,6,7,8,9,8,8,7,6
d01570,football,3,1,2,1,1,2,4,0,3,0,2,2,1,1,3,1,0,3,2,3,2,0,2,3,29,29,17,28,26,26,33,17,50,43,60,51,39,45,58,35
d01571,machine_learning,16,19,7,12,20,17,12,19,1,0,0,0,0,2,1,0,2,1,1,1,0,0,0,1,0,0,0,0,1,1,0,0,25,17,24,22,25,17,30,33
d01572,machine_learning,6,6,10,10,7,7,4,4,1,0,0,1,0,1,1,0,0,0,1,0,0,1,0,0,0,0,0,1,1,1,0,0,5,12,17,12,13,15,13,11
d01573,cooking,1,0,1,1,0,1,0,0,7,5,5,6,12,5,9,3,1,0,0,1,0,0,0,0,1,1,0,3,0,0,0,0,7,12,12,6,4,7,13,10
d01574,cooking,0,0,1,0,0,0,0,1,9,12,5,13,15,11,15,16,0,1,0,0,0,0,1,2,1,1,0,0,0,0,2,0,16,19,20,18,20,17,20,21
d01575,machine_learning,24,24,24,21,22,25,21,28,0,0,1,1,2,1,0,2,2,0,0,0,3,0,0,1,0,0,2,0,0,3,1,0,33,36,31,45,27,22,34,35
d01576,football,2,2,5,1,2,1,2,4,2,2,2,2,4,2,1,2,1,4,5,2,2,5,2,2,58,39,56,47,48,48,64,52,79,73,92,89,91,78,87,74
d01577,machine_learning,23,18,33,24,30,27,25,25,0,1,0,1,2,1,0,0,2,2,1,0,0,0,0,0,4,1,1,2,0,3,1,1,34,37,38,30,37,37,24,44
d01578,cooking,0,0,2,2,2,0,0,2,21,12,25,16,13,18,17,14,0,1,0,1,1,0,1,0,0,0,1,3,0,0,0,1,22,31,37,35,21,27,23,28
d01579,astronomy,0,3,1,0,1,0,0,0,0,0,0,0,1,0,0,0,9,8,7,8,5,8,7,7,0,0,0,1,0,0,0,0,13,12,5,10,12,14,10,14
d01580,machine_learning,5,2,4,6,4,4,5,3,1,0,0,0,1,0,0,0,0,0,0,0,0,0,0,0,0,1,0,0,0,0,1,0,8,5,7,5,2,4,4,8
d01581,machine_learning,6,4,9,10,9,6,15,9,1,1,0,0,0,1,1,0,1,0,1,1,2,0,0,1,1,0,0,0,0,0,0,1,17,13,19,15,14,24,15,14
d01582,machine_learning,8,13,11,6,22,19,5,14,0,1,1,0,2,1,0,1,2,0,0,0,1,0,0,0,1,0,0,0,1,0,1,2,21,31,23,20,23,26,19,26
d01583,football,0,1,0,0,0,1,0,0,0,1,0,0,1,1,0,0,0,0,2,2,0,1,0,1,9,11,11,5,9,10,10,10,15,10,4,16,10,14,15,17
d01584,astronomy,2,0,0,0,0,0,0,0,0,0,0,0,0,0,0,1,4,9,5,16,14,7,4,10,0,0,0,0,0,1,0,0,17,12,10,13,14,9,10,13
d01585,astronomy,0,0,1,1,0,1,0,0,0,0,1,0,0,0,1,0,10,14,5,16,9,14,9,6,1,1,0,1,0,0,0,1,18,14,18,15,19,21,26,15
d01586,machine_learning,22,26,17,25,33,22,19,21,2,1,0,2,0,2,0,2,1,3,2,1,0,1,0,0,1,1,1,1,2,0,3,0,42,35,48,34,45,37,34,40
d01587,astronomy,1,0,2,1,2,0,0,0,1,0,3,1,1,1,0,0,21,20,11,19,16,16,20,10,0,0,4,1,0,1,0,1,29,23,24,36,29,31,27,28
d01588,cooking,0,0,0,1,0,1,1,0,3,6,5,7,8,2,0,7,1,1,0,0,0,0,0,1,0,0,0,0,0,0,0,0,9,2,11,7,5,5,9,4
d01589,astronomy,2,0,0,0,1,0,0,0,0,0,0,2,1,0,0,1,13,10,13,13,20,10,17,17,0,0,1,1,0,0,1,0,13,22,18,15,14,16,18,20
d01590,football,0,0,1,0,0,0,0,0,2,0,0,0,0,0,0,0,0,0,2,0,0,0,0,0,6,6,6,8,1,3,8,5,11,8,7,13,11,8,14,10
d01591,astronomy,1,1,0,1,1,0,0,0,0,0,0,0,1,0,0,0,15,11,11,14,10,7,9,7,0,0,0,1,0,0,0,2,12,15,11,19,15,15,16,13
d01592,machine_learning,14,9,13,17,19,15,16,14,2,0,0,0,1,1,0,0,0,1,0,0,1,0,0,1,0,0,1,1,0,0,1,0,26,20,15,20,16,30,19,20
d01593,football,0,0,0,0,2,0,1,0,0,1,0,0,2,0,0,0,1,0,1,0,0,0,0,0,12,5,7,7,8,19,5,15,10,14,13,17,12,10,16,21
d01594,machine_learning,9,8,6,6,5,6,11,11,0,1,0,1,2,0,2,1,0,0,0,0,1,0,1,1,0,0,0,0,0,1,0,0,16,7,21,9,16,14,13,5
d01595,cooking,0,0,0,0,0,1,0,0,8,3,5,6,10,3,5,7,0,2,0,0,1,1,0,1,1,0,0,0,1,0,1,0,5,7,8,13,8,9,4,5
d01596,football,2,1,1,0,0,0,0,0,0,2,0,0,1,1,0,0,1,0,1,1,0,1,0,0,13,13,7,6,11,13,6,12,23,22,15,13,16,18,18,9
d01597,astronomy,1,0,3,2,0,5,1,0,1,0,3,2,2,2,2,1,31,38,32,36,43,41,22,39,2,2,5,1,3,2,0,1,41,58,49,51,50,44,45,39
d01598,cooking,2,0,1,1,1,2,0,0,12,11,6,19,11,10,15,11,1,1,0,0,0,0,0,1,0,0,0,0,0,2,1,0,26,13,18,14,27,25,26,20
d01599,machine_learning,26,15,15,23,35,25,24,24,0,0,0,0,0,3,1,1,1,0,1,0,3,1,2,2,1,0,2,2,0,0,1,0,25,41,35,32,37,37,34,30
d01600,machine_learning,5,4,10,5,15,18,13,11,0,1,0,0,0,1,1,2,1,1,1,0,0,0,0,0,2,1,0,0,0,0,0,0,26,20,12,19,18,15,19,17
d01601,cooking,0,0,1,0,0,1,1,1,27,12,20,12,14,13,15,23,2,0,1,0,0,0,0,4,1,2,0,0,0,1,0,0,27,20,26,27,21,29,24,18
d01602,cooking,0,0,1,2,1,1,0,2,19,10,22,15,14,15,16,14,0,1,1,0,0,1,0,2,1,2,1,1,1,1,1,2,24,23,28,18,23,32,27,19
d01603,machine_learning,77,72,66,70,70,73,79,79,4,6,3,4,4,3,5,4,4,4,6,4,2,2,4,5,2,5,2,1,2,1,1,6,116,117,120,110,124,115,122,103
d01604,machine_learning,28,33,28,19,22,23,25,16,2,1,1,1,0,1,0,0,0,0,3,0,3,1,1,0,1,1,2,1,1,2,2,1,40,35,51,45,46,40,48,48
d01605,cooking,0,0,0,0,0,0,1,0,15,13,12,12,10,4,13,16,0,0,0,1,0,1,2,0,1,2,0,0,2,0,1,1,18,23,15,27,16,19,25,22
d01606,astronomy,0,0,0,0,0,1,0,0,2,0,1,1,0,2,0,0,4,2,5,2,5,2,9,6,0,0,0,0,0,0,1,0,14,4,11,7,11,8,8,13
d01607,machine_learning,28,19,18,17,21,15,28,28,1,0,0,2,1,1,0,0,0,0,0,2,1,0,1,0,1,1,1,0,1,3,1,2,37,25,29,32,14,32,21,33
d01608,football,1,1,1,0,0,0,0,0,1,1,0,0,3,0,0,0,1,0,0,3,1,1,1,0,11,22,11,18,17,19,19,23,34,24,13,29,34,30,29,31
d01609,astronomy,1,1,3,2,0,0,2,3,1,2,3,1,1,0,0,1,32,30,25,41,27,28,32,35,1,1,0,3,2,1,2,1,49,55,52,47,38,57,36,59
d01610,astronomy,0,0,0,0,0,0,0,1,1,0,1,0,0,0,0,1,5,4,3,7,13,8,7,5,0,2,0,0,1,0,0,0,4,10,10,11,13,4,6,11
d01611,machine_learning,6,5,8,9,7,7,8,16,1,0,0,0,0,1,0,0,0,0,0,0,0,1,0,1,0,0,1,0,0,0,1,0,11,8,13,6,13,12,7,5
d01612,astronomy,1,0,0,0,1,0,2,0,1,0,1,0,1,2,2,0,9,9,19,9,13,18,21,19,1,2,0,1,0,0,1,0,32,27,24,23,26,17,18,20
d01613,cooking,0,0,2,1,0,0,0,1,9,7,12,11,10,7,5,7,0,0,0,2,0,1,2,0,0,0,0,0,0,0,0,1,18,14,16,8,17,16,10,9
d01614,astronomy,1,0,1,0,0,0,0,0,1,0,1,0,2,1,0,2,16,11,12,6,18,16,13,3,0,0,1,1,2,1,0,0,16,22,14,17,23,11,19,9
d01615,football,2,1,1,1,1,1,0,0,0,0,0,0,0,1,0,1,0,1,1,1,0,0,0,0,9,5,8,11,6,13,9,11,8,13,14,10,7,13,16,15
d01616,football,0,0,0,0,0,0,0,0,0,0,0,0,0,1,1,1,0,0,0,0,1,0,0,0,2,14,9,6,8,11,6,4,8,6,15,14,12,9,15,9
d01617,machine_learning,20,23,17,16,15,20,17,13,0,1,0,1,1,1,0,3,1,0,3,1,2,3,1,0,1,0,3,0,3,0,0,1,25,22,21,25,22,29,30,28
d01618,astronomy,0,0,3,0,2,0,2,0,1,1,0,2,0,1,2,1,30,30,25,23,28,28,24,17,2,1,2,1,1,2,1,1,27,46,44,47,26,38,40,32
d01619,machine_learning,2,3,3,2,4,5,5,2,0,1,0,0,0,0,0,0,0,0,1,0,1,0,0,0,0,0,0,0,1,0,0,0,9,9,10,7,3,6,6,5
d01620,machine_learning,20,16,16,14,16,17,11,22,0,0,0,2,0,0,1,0,1,0,0,1,0,1,0,0,2,1,1,0,0,0,0,1,22,36,31,31,27,35,24,20
d01621,football,2,0,1,1,0,0,0,0,0,0,0,0,1,0,1,0,0,0,1,2,1,1,1,0,7,6,10,12,8,13,10,15,16,12,16,12,21,14,12,17
d01622,cooking,0,0,1,1,0,0,1,0,10,10,8,11,17,12,15,9,0,0,0,0,0,0,0,0,1,0,0,0,1,0,0,0,21,21,22,25,21,21,20,27
d01623,astronomy,4,1,1,2,1,5,2,0,0,2,4,1,2,3,1,4,31,42,39,42,40,42,47,42,1,1,0,2,0,0,2,2,56,69,86,68,58,66,62,66
d01624,football,1,1,1,1,1,1,1,1,0,0,0,2,0,3,0,0,0,0,0,2,0,2,1,1,11,23,14,17,9,17,16,17,26,30,22,36,27,24,29,21
d01625,cooking,2,3,0,2,0,2,1,2,29,25,21,35,23,31,21,33,1,1,0,0,1,2,4,0,1,3,1,1,1,0,1,1,39,37,44,42,31,40,40,40
d01626,machine_learning,6,6,8,4,18,7,7,7,0,1,0,0,0,0,1,0,0,1,1,1,0,0,0,0,0,0,0,0,0,1,0,0,8,11,7,13,11,9,10,10
d01627,machine_learning,18,27,35,17,28,11,20,22,1,0,1,0,1,0,1,0,2,1,1,2,2,1,0,1,0,4,0,0,2,0,1,0,30,37,49,30,41,29,42,28
d01628,football,2,0,1,1,1,3,0,0,1,0,2,1,2,0,0,0,3,0,1,2,0,1,5,2,19,32,18,17,27,15,25,22,40,41,29,36,39,37,42,33
d01629,machine_learning,28,32,28,34,29,36,30,32,2,2,1,0,1,0,2,3,1,2,1,1,2,4,1,3,2,0,3,0,1,2,2,1,63,55,57,54,49,55,52,54
d01630,football,4,5,3,0,5,1,4,4,1,1,3,0,3,7,2,2,2,4,5,1,6,4,1,9,63,70,56,59,81,74,58,63,114,117,99,113,110,115,129,123
d01631,machine_learning,7,4,5,10,6,12,17,10,0,0,0,0,0,0,1,0,1,0,2,0,3,0,0,0,1,1,0,3,0,0,0,0,10,16,16,10,10,16,15,19
d01632,football,0,0,0,0,0,0,0,0,0,0,0,0,0,1,0,1,1,0,0,1,0,1,0,0,11,4,8,11,8,4,7,3,9,6,11,8,7,13,11,12
d01633,cooking,1,1,1,2,0,1,1,0,11,24,21,9,27,20,19,22,0,1,2,2,0,0,0,1,1,1,2,2,1,0,2,1,45,44,42,47,34,37,38,34
d01634,cooking,4,3,3,1,1,1,1,3,41,46,43,27,39,37,28,31,3,3,2,2,1,1,0,4,1,1,1,0,4,0,1,2,61,55,47,54,48,57,54,53
d01635,football,3,0,0,0,0,2,0,0,1,1,1,1,1,1,0,0,1,0,2,0,0,2,2,0,19,11,7,16,15,22,15,15,26,27,33,34,44,37,32,17
d01636,cooking,1,0,0,0,1,0,0,1,5,5,5,4,4,6,4,5,0,0,1,0,0,0,0,1,0,0,0,0,0,0,0,1,8,13,10,7,7,9,7,9
d01637,cooking,0,1,1,1,0,0,0,2,14,17,19,16,21,17,16,16,1,2,0,0,1,2,0,0,0,0,0,1,0,0,0,2,21,23,26,32,28,25,18,21
d01638,cooking,1,0,2,1,2,0,1,0,16,11,18,22,15,11,18,13,0,1,0,1,2,0,1,1,0,0,4,1,1,1,0,1,27,25,34,27,33,21,26,29
d01639,football,1,2,1,1,2,3,0,2,3,1,3,0,1,0,0,2,0,1,0,0,0,0,1,1,9,18,12,21,12,15,15,6,13,11,19,29,25,26,35,21
d01640,football,1,0,0,1,0,0,0,1,0,0,0,0,1,0,1,0,0,0,0,0,0,2,0,0,15,8,15,12,17,14,21,12,23,26,21,28,24,27,32,22
d01641,astronomy,4,4,2,4,1,0,2,5,5,1,2,1,0,1,8,4,60,48,66,56,65,55,36,53,0,2,2,2,2,4,1,0,102,93,99,110,102,107,92,83
d01642,football,0,1,0,0,2,0,1,2,0,0,0,0,0,0,2,0,0,0,2,1,0,0,0,0,8,5,7,9,7,9,14,11,19,27,26,17,17,15,12,19
d01643,cooking,1,1,0,0,0,1,0,1,8,10,10,13,13,15,10,10,0,0,0,1,1,1,0,0,2,0,0,1,0,0,0,0,18,18,25,11,16,9,19,16
d01644,astronomy,0,0,0,0,0,0,1,1,0,1,0,0,0,1,1,0,4,6,9,8,7,6,2,6,0,0,0,0,0,0,0,0,6,13,18,17,9,8,17,7
d01645,machine_learning,16,6,9,9,18,9,9,12,2,0,0,0,1,0,0,0,0,0,0,0,0,1,0,0,1,0,1,0,0,0,0,0,17,12,20,23,15,20,16,10
d01646,astronomy,3,8,6,10,12,4,5,8,4,5,9,8,6,10,4,10,142,137,141,118,128,137,129,135,10,4,9,4,6,6,5,6,220,231,225,222,217,210,228,211
d01647,astronomy,0,2,1,1,1,0,2,0,1,0,0,2,1,2,4,0,26,23,28,29,26,21,22,27,2,1,1,0,2,2,1,2,45,44,44,41,46,30,41,40
d01648,football,0,1,0,0,1,1,1,2,1,2,0,0,1,1,0,0,0,1,0,0,0,1,0,0,13,4,5,7,7,9,5,4,3,12,12,10,13,7,16,9
d01649,football,1,1,1,0,2,1,3,0,0,1,0,0,0,1,1,1,0,1,1,1,1,0,0,1,14,19,20,17,16,17,15,17,35,34,35,28,36,41,27,35
d01650,astronomy,1,0,0,1,0,1,0,0,0,1,0,0,1,0,0,0,11,11,6,13,7,13,10,5,0,0,0,1,1,0,0,1,9,15,11,11,14,18,13,7
d01651,machine_learning,19,14,22,20,16,22,22,26,2,1,0,1,2,1,2,0,1,1,0,0,1,2,0,0,1,1,0,1,3,2,0,1,30,24,34,42,31,44,27,46
d01652,astronomy,0,0,0,0,0,2,0,0,0,0,1,0,0,0,0,1,5,5,8,4,7,8,6,5,1,0,0,0,0,0,0,0,16,12,7,9,9,8,18,5
d01653,cooking,3,1,2,1,0,0,1,2,32,25,21,23,20,19,16,21,1,2,0,0,1,0,1,2,0,3,0,1,1,1,1,1,48,37,47,40,48,51,46,51
d01654,astronomy,0,1,1,1,1,1,1,0,0,0,1,0,2,0,0,2,11,23,15,19,14,11,13,10,1,0,1,0,0,0,0,0,37,33,26,31,21,26,28,42
d01655,astronomy,4,3,1,2,1,2,5,2,1,2,1,1,0,2,0,2,23,33,48,30,35,30,34,21,1,2,3,3,1,2,3,1,50,52,56,63,49,65,55,50
d01656,cooking,0,0,1,2,0,1,1,0,22,13,22,26,25,20,15,23,0,1,1,0,2,3,1,0,0,2,1,0,0,1,2,1,37,50,30,29,53,31,37,38
d01657,football,1,0,2,0,0,0,0,0,0,0,2,0,0,1,1,1,1,0,0,0,0,0,1,1,10,16,10,10,12,12,12,18,18,19,16,23,26,20,15,18
d01658,football,0,1,0,1,0,0,0,0,0,0,1,0,0,0,0,0,1,0,0,0,0,1,1,1,6,6,3,1,5,5,8,4,8,8,5,7,6,9,11,8
d01659,cooking,0,1,1,0,1,1,0,1,10,13,8,11,8,11,10,11,0,0,1,0,0,0,0,0,0,1,1,0,0,1,1,0,17,13,20,17,12,21,24,14
d01660,machine_learning,24,24,20,19,26,22,23,29,3,2,0,1,1,0,1,1,3,1,2,1,1,1,0,0,1,1,2,0,0,1,0,2,33,50,36,47,40,37,28,36
d01661,cooking,0,1,2,0,1,1,1,1,15,18,18,10,18,16,13,20,4,0,0,1,0,0,0,1,0,1,0,1,0,1,0,0,29,28,30,35,22,32,33,16
d01662,football,2,2,1,0,0,1,0,0,1,0,0,1,1,0,4,1,1,0,2,0,0,0,1,1,25,15,12,25,11,14,14,15,26,29,24,31,25,21,22,20
d01663,machine_learning,11,13,11,11,10,9,8,5,0,0,0,0,0,1,1,1,0,1,0,0,1,1,0,0,0,2,0,0,2,1,0,0,13,15,11,20,15,16,25,15
d01664,cooking,4,0,0,0,1,0,0,0,8,6,7,6,9,12,7,14,0,0,0,1,0,0,0,0,0,0,1,0,0,0,0,0,7,15,10,8,7,5,13,11
d01665,machine_learning,4,8,13,6,15,9,7,10,1,0,1,1,0,2,0,1,0,0,0,1,0,0,1,0,2,0,0,0,2,1,0,1,17,17,17,16,13,20,20,13
d01666,machine_learning,43,54,53,42,48,51,53,51,2,1,1,1,2,4,0,2,3,2,7,4,4,3,3,1,1,3,4,2,6,3,1,2,67,102,92,88,86,95,78,77
d01667,cooking,0,0,0,0,0,0,1,0,6,7,5,10,2,5,4,4,1,2,0,0,0,0,0,1,0,0,0,0,1,0,0,0,6,13,10,7,5,6,7,10
d01668,machine_learning,34,33,42,31,39,21,22,24,3,1,2,1,1,1,4,2,1,4,1,0,1,3,0,0,1,4,2,0,2,0,2,2,59,38,40,45,58,39,51,46
d01669,machine_learning,47,37,27,38,29,48,40,41,0,4,5,3,3,4,3,4,1,3,2,0,1,2,1,1,3,2,2,0,1,1,0,2,57,61,57,56,67,71,60,61
d01670,football,0,0,0,0,0,0,2,0,0,0,0,0,0,0,0,0,0,0,0,0,0,0,2,0,5,4,13,6,2,6,9,7,11,13,14,14,8,23,17,10
d01671,astronomy,0,1,0,0,0,1,0,0,1,0,0,1,0,0,0,0,5,7,5,5,10,9,3,8,0,0,0,0,0,0,0,0,11,13,14,9,10,13,10,3
d01672,machine_learning,2,7,5,5,4,5,7,0,0,1,0,0,0,1,0,0,0,0,1,3,0,0,0,0,0,2,2,0,0,0,1,0,6,8,7,5,12,7,8,7
d01673,cooking,2,1,1,0,2,0,0,1,20,29,30,26,24,22,24,20,0,0,1,1,1,2,1,1,0,1,2,0,0,1,3,0,31,20,27,35,40,34,27,27
d01674,astronomy,2,0,3,2,4,2,3,3,1,3,1,2,3,2,2,2,26,47,46,49,50,63,51,40,1,3,2,1,2,3,3,2,68,70,62,78,61,65,71,84
d01675,astronomy,0,1,1,0,0,0,0,0,0,1,2,2,0,0,0,0,10,12,13,18,13,10,13,11,2,2,0,0,2,0,0,0,21,19,22,25,14,17,15,25
d01676,football,0,0,1,0,1,1,1,1,2,0,0,0,0,1,1,1,1,2,0,0,1,0,1,0,13,15,13,18,19,8,6,11,22,18,17,10,25,23,16,15
d01677,astronomy,0,2,1,0,1,0,2,0,0,1,0,1,1,2,1,0,17,13,20,14,19,13,21,24,1,2,0,0,1,0,1,1,25,28,27,31,24,37,24,29
d01678,football,1,2,0,0,1,0,0,0,0,1,0,0,0,2,0,0,1,1,0,0,1,1,1,3,9,9,11,9,12,14,18,7,23,24,21,24,18,13,14,19
d01679,cooking,0,1,0,0,0,0,1,1,23,20,19,21,18,25,19,18,1,0,1,0,0,1,2,1,2,0,1,0,2,2,1,1,31,22,26,22,26,24,29,32
d01680,football,1,3,0,0,3,1,0,2,1,2,3,0,1,0,0,0,1,2,0,0,0,0,0,1,6,10,15,14,12,19,9,7,16,19,14,20,13,16,22,15
d01681,football,2,2,3,1,1,0,0,1,1,0,2,2,0,1,0,0,0,0,1,1,0,0,0,0,23,17,22,14,13,23,19,22,32,24,27,25,32,35,26,39
d01682,machine_learning,5,7,1,7,6,7,2,3,0,0,0,0,1,2,0,0,0,0,0,0,0,0,0,1,0,0,1,0,0,0,1,0,15,8,8,8,13,5,12,9
d01683,cooking,1,3,2,1,2,1,0,0,21,20,26,25,18,25,16,18,0,1,0,2,1,1,1,0,1,2,0,0,0,0,0,2,30,39,27,29,21,27,23,33
d01684,astronomy,1,0,0,1,0,2,1,0,0,0,0,0,0,0,0,0,9,14,10,13,7,9,11,11,0,0,0,0,0,0,1,0,13,16,17,18,22,15,11,19
d01685,astronomy,1,0,2,2,1,0,0,1,2,0,1,0,1,0,1,0,11,14,15,8,13,14,14,8,0,0,1,2,0,0,1,0,21,21,33,34,30,26,20,20
d01686,cooking,3,3,2,2,2,1,2,4,52,58,36,50,58,48,56,55,2,2,3,4,2,0,6,3,3,1,2,5,4,2,4,7,78,83,73,91,73,79,69,73
d01687,cooking,0,0,0,1,0,0,0,0,4,5,5,5,5,4,7,6,0,1,2,0,0,0,1,0,0,0,0,0,0,0,0,0,5,6,9,6,2,11,5,9
d01688,football,1,1,0,0,0,0,3,2,2,0,1,1,1,0,1,0,1,1,0,0,2,0,0,2,30,30,18,17,19,27,24,22,43,31,42,50,50,51,36,38
d01689,machine_learning,6,9,8,9,8,6,14,3,0,0,0,2,0,2,0,0,0,0,0,2,0,0,0,0,0,2,1,0,1,2,0,1,11,18,15,7,19,9,18,21
d01690,football,0,0,0,1,1,1,0,0,0,0,0,0,1,1,1,0,0,0,0,0,0,0,1,1,8,5,6,6,10,6,9,8,14,13,15,9,14,21,9,14
d01691,cooking,0,0,0,1,2,0,1,0,15,11,9,9,16,9,15,8,0,1,0,0,0,1,1,0,0,1,0,4,0,1,0,0,20,19,21,32,22,26,26,16
d01692,astronomy,0,1,0,0,0,1,0,0,0,0,0,1,1,0,0,0,3,8,8,8,4,13,11,12,1,1,1,0,0,1,0,1,7,8,8,13,13,14,14,8
d01693,machine_learning,19,18,20,21,22,19,25,17,2,0,2,0,2,1,3,1,0,2,1,0,0,1,0,2,2,1,1,0,1,1,1,2,28,26,27,26,31,33,32,29
d01694,cooking,0,2,1,1,0,1,1,1,14,16,13,24,14,18,19,12,1,3,0,0,0,0,2,1,1,0,0,1,0,1,1,0,39,29,29,34,41,31,25,33
d01695,astronomy,0,0,0,1,1,1,1,1,0,0,0,2,0,0,1,0,3,9,5,2,1,3,5,8,0,0,1,0,0,0,0,0,8,3,4,10,8,10,6,8
d01696,machine_learning,16,18,21,14,11,13,10,13,1,3,0,0,1,0,2,0,1,1,0,0,1,0,0,0,1,1,0,2,1,0,0,0,16,27,25,19,29,10,26,23
d01697,football,1,0,3,1,1,0,0,3,2,1,0,2,1,2,0,0,2,4,0,0,1,0,1,0,19,30,29,25,20,21,15,15,42,32,35,34,37,34,30,36
d01698,football,0,3,4,1,2,3,4,3,2,2,1,5,2,3,2,4,2,0,2,2,1,2,0,0,55,39,51,40,49,45,49,49,73,72,79,56,75,81,80,70
d01699,football,1,1,0,0,1,1,0,0,0,1,0,0,0,0,0,0,1,1,1,0,0,0,0,0,9,10,5,6,2,10,10,7,15,10,7,16,20,7,18,9
d01700,cooking,1,1,1,1,2,1,0,1,26,20,21,24,20,29,27,22,1,0,2,3,0,2,1,1,2,2,5,0,3,2,0,1,45,40,45,46,50,48,35,31
d01701,machine_learning,5,7,3,4,4,6,4,4,1,0,0,0,0,1,0,0,1,0,1,0,0,1,1,0,1,0,0,1,0,0,1,0,5,7,6,11,10,7,11,17
d01702,machine_learning,118,134,110,115,126,113,125,141,6,3,3,8,6,5,4,13,6,12,10,8,5,3,4,4,3,8,5,5,5,6,6,12,193,195,209,208,194,212,203,180
d01703,machine_learning,25,30,26,19,40,27,35,25,1,1,1,0,1,1,5,0,3,2,3,1,0,1,3,2,1,2,1,0,0,0,0,0,46,35,46,65,57,51,48,63
d01704,machine_learning,6,3,6,5,5,7,3,2,0,0,0,0,1,1,0,1,1,0,0,1,0,1,0,0,1,1,0,0,1,0,0,0,6,6,13,7,10,4,8,3
d01705,football,1,1,1,2,2,0,1,0,0,1,0,0,2,0,0,2,0,1,1,2,0,0,0,0,12,14,8,22,12,15,16,15,24,27,27,21,28,14,28,29
d01706,football,3,3,1,2,0,1,0,3,2,1,3,0,1,3,0,4,1,0,3,1,2,0,0,2,40,33,34,30,28,38,29,37,68,46,36,53,64,51,50,51
d01707,cooking,1,2,2,4,4,2,1,2,68,55,57,79,57,55,83,64,5,4,5,2,3,2,3,3,0,2,1,3,6,4,3,0,121,101,113,109,107,122,94,125
d01708,machine_learning,48,39,24,35,46,28,37,38,1,1,2,2,5,1,4,1,2,1,2,0,2,4,2,3,1,2,1,0,0,0,2,0,62,65,75,52,65,60,63,69
d01709,cooking,0,1,0,0,1,0,0,1,17,14,16,12,16,23,16,18,1,0,0,0,1,2,0,0,0,0,1,1,0,2,1,2,36,32,25,30,19,21,24,30
d01710,football,7,0,2,6,5,3,0,2,2,2,1,1,3,1,1,1,1,5,3,3,2,4,2,2,45,44,50,56,59,55,64,40,68,84,67,83,73,94,88,88
d01711,astronomy,0,0,1,0,0,2,0,1,0,0,1,3,0,0,0,2,19,21,24,19,31,27,25,22,1,2,1,0,0,0,1,1,40,42,38,45,48,35,46,48
d01712,football,1,0,1,0,1,0,0,0,0,1,0,0,0,0,0,0,1,0,0,0,0,0,1,0,12,12,7,3,6,4,5,4,10,9,16,6,19,18,14,8
d01713,astronomy,0,0,1,0,1,0,0,1,0,0,1,0,0,1,0,0,12,11,7,5,4,9,6,13,2,1,1,2,2,1,1,0,15,14,14,14,14,18,11,11
d01714,astronomy,0,1,1,0,1,0,0,1,0,0,0,1,0,1,0,0,9,13,5,9,10,9,12,13,1,1,2,1,0,1,0,1,17,17,17,15,19,12,10,18
d01715,machine_learning,2,9,3,6,10,11,7,4,0,0,0,0,0,1,1,0,2,1,0,0,0,1,0,0,0,0,0,0,0,0,0,0,11,15,11,9,8,14,13,14
d01716,cooking,0,1,0,0,1,1,0,0,5,3,4,4,4,6,3,3,0,0,0,1,0,1,0,0,0,0,0,0,0,1,1,0,11,5,3,6,11,8,7,10
d01717,cooking,2,2,2,0,2,2,0,1,22,31,17,32,28,20,24,30,1,2,0,2,2,1,2,1,1,2,2,2,2,0,2,1,31,48,29,45,41,42,47,27
d01718,machine_learning,104,87,91,105,96,89,89,103,2,2,7,5,3,2,7,2,7,4,4,8,3,7,2,7,6,4,5,3,5,5,5,5,152,163,147,137,152,154,147,138
d01719,football,1,0,1,1,3,2,1,0,1,0,3,0,2,0,0,1,0,2,1,2,0,1,0,0,19,24,12,28,18,17,16,19,28,34,21,18,28,23,21,25
d01720,machine_learning,33,36,38,27,28,36,27,25,1,1,3,1,1,0,0,1,0,3,1,1,1,1,1,1,3,3,0,0,2,3,2,2,42,37,45,57,39,39,48,44
d01721,cooking,0,0,0,1,0,0,0,0,4,7,10,6,6,7,7,4,0,0,1,0,1,0,2,0,0,0,0,1,0,0,0,0,15,6,8,8,7,4,14,9
d01722,machine_learning,22,17,25,20,21,10,18,18,0,1,1,0,1,0,0,0,1,0,1,1,1,1,1,1,0,3,0,1,0,0,0,2,31,41,44,39,30,28,28,43
d01723,football,0,0,0,1,1,0,0,0,0,0,0,1,0,0,1,0,0,1,1,0,0,0,0,0,10,10,6,7,3,6,8,5,13,5,11,16,8,9,11,12
d01724,cooking,3,0,0,2,0,0,0,1,14,12,4,24,14,20,18,16,0,0,1,0,1,2,1,1,1,1,0,0,2,0,1,3,26,32,30,24,27,32,26,30
d01725,cooking,0,0,2,0,0,0,3,0,9,15,11,7,8,8,5,9,1,0,0,0,1,0,0,2,0,2,1,0,0,0,0,0,14,18,16,11,16,18,19,14
d01726,astronomy,2,1,1,1,0,2,1,0,0,1,1,1,3,0,2,2,25,21,34,39,30,23,24,23,4,1,1,2,2,0,3,0,56,47,46,65,38,51,50,60
d01727,astronomy,1,0,0,0,0,0,0,0,2,0,1,0,1,1,0,0,9,10,9,7,12,7,3,4,0,0,0,0,0,0,0,0,25,12,10,18,11,14,13,13
d01728,football,0,0,0,1,1,0,1,0,1,0,1,1,1,1,0,0,1,0,0,0,0,0,0,0,10,7,11,11,9,8,10,10,12,14,23,17,18,10,14,14
d01729,football,1,0,0,1,0,0,1,0,1,0,2,0,0,2,4,0,0,2,0,0,0,1,1,0,10,12,10,6,11,7,17,10,16,13,13,16,10,25,10,19
d01730,cooking,1,0,1,0,0,0,0,0,19,8,10,17,14,8,12,14,1,0,0,3,2,3,0,0,0,0,1,0,0,1,2,1,13,16,13,20,19,23,17,21
d01731,astronomy,1,1,0,1,2,1,0,0,2,1,2,2,0,3,0,2,21,20,19,24,24,21,23,17,0,1,1,0,1,0,0,0,43,30,33,35,38,46,44,36
d01732,astronomy,0,1,1,1,0,0,1,0,0,0,0,0,0,4,1,3,21,15,9,20,19,13,13,21,3,1,2,0,1,1,1,1,29,37,35,27,24,28,15,22
d01733,cooking,1,1,0,3,1,1,2,2,33,30,40,40,37,34,32,36,1,1,1,1,1,3,2,0,5,2,1,1,0,2,3,0,62,63,60,56,68,68,53,68
d01734,astronomy,0,0,0,0,3,1,0,0,0,0,1,1,0,1,0,0,8,6,3,6,10,10,8,11,0,0,0,1,1,2,1,0,21,16,10,22,17,18,19,13
d01735,astronomy,2,2,2,3,3,1,3,2,4,3,4,1,5,3,2,3,64,62,62,53,66,59,55,52,3,4,4,3,2,3,4,3,69,109,97,88,106,107,108,92
d01736,cooking,0,0,0,0,1,0,1,1,4,3,3,7,8,3,2,7,0,1,0,0,0,0,0,0,1,0,0,1,1,0,1,0,9,9,10,14,13,11,11,11
d01737,machine_learning,150,136,153,147,134,130,151,148,14,4,5,5,10,5,10,8,4,5,7,1,7,10,5,6,6,6,10,7,2,9,7,7,229,217,240,217,231,236,220,215
d01738,cooking,3,3,0,1,2,0,2,3,29,21,24,26,31,25,28,44,1,2,1,0,0,2,0,1,2,3,1,0,1,1,1,2,51,58,57,50,46,54,64,48
d01739,astronomy,1,1,2,3,1,1,4,1,3,1,1,2,2,3,2,3,53,38,34,44,41,36,44,43,3,2,2,2,1,4,5,5,61,89,65,64,62,62,63,73
d01740,cooking,0,0,0,1,0,0,0,1,5,2,1,7,5,3,6,6,0,0,0,0,0,1,0,0,2,0,0,0,0,0,0,0,3,6,5,10,2,2,10,10
d01741,machine_learning,20,28,25,25,27,33,34,34,1,2,1,1,2,0,2,1,0,1,2,3,4,1,3,1,5,6,1,0,4,1,0,3,34,45,45,51,45,42,34,52
d01742,astronomy,0,2,1,0,1,0,2,0,0,0,2,0,0,0,0,0,17,17,12,10,12,14,10,10,0,0,0,1,0,0,1,1,21,19,20,23,23,24,23,23
d01743,football,2,0,2,1,0,0,0,1,1,1,4,1,1,1,1,0,1,2,0,0,1,1,2,0,27,40,17,24,23,22,32,15,42,32,41,31,24,39,34,36
d01744,machine_learning,4,10,15,14,15,16,14,15,2,1,0,0,0,0,1,1,0,0,1,1,2,0,1,0,0,1,0,0,1,0,0,1,16,16,16,19,27,21,18,21
d01745,machine_learning,10,11,14,6,9,8,5,12,1,1,1,0,1,1,1,0,0,0,0,0,0,0,1,2,0,0,0,0,0,1,0,0,18,13,19,11,16,14,23,16
d01746,machine_learning,63,72,56,52,62,59,80,68,5,7,4,0,4,4,1,5,4,1,2,5,1,5,5,1,6,2,2,2,5,3,4,1,105,96,104,94,106,90,90,117
d01747,football,3,0,0,0,1,0,0,0,0,0,0,1,1,0,0,0,0,0,0,0,0,0,0,0,10,13,14,11,9,9,11,14,25,14,22,20,13,17,21,16
d01748,astronomy,0,0,0,0,1,0,3,1,0,0,0,0,2,2,0,0,8,11,18,7,16,21,11,12,0,0,0,0,1,1,0,1,19,22,24,29,28,18,25,21
d01749,machine_learning,9,5,6,10,7,14,7,10,0,0,2,0,0,1,0,0,2,0,0,0,0,1,1,0,1,1,1,0,0,1,1,0,15,14,17,16,22,15,16,15
d01750,cooking,0,0,0,2,0,0,1,0,7,11,9,8,9,12,11,7,3,0,0,0,0,2,0,1,1,1,0,0,0,0,0,0,15,14,18,11,15,7,17,18
d01751,astronomy,0,1,0,0,0,0,0,0,0,0,0,0,0,0,0,0,3,2,4,0,2,7,2,2,1,0,0,0,1,0,0,0,2,8,8,8,8,9,6,7
d01752,astronomy,0,0,0,0,1,0,2,2,0,0,0,0,1,1,1,1,9,9,10,9,13,6,5,4,0,1,0,0,0,0,0,0,8,11,16,10,17,7,15,17
d01753,machine_learning,18,14,11,19,17,9,14,14,0,0,0,0,0,1,0,0,1,1,0,0,0,0,0,1,0,0,2,1,0,0,1,2,19,25,23,23,21,21,24,29
d01754,astronomy,0,1,1,0,1,1,1,0,2,1,1,0,0,0,0,1,11,13,13,15,11,15,7,15,1,0,0,0,0,0,1,2,18,24,26,22,23,27,23,19
d01755,astronomy,0,1,0,1,2,0,1,1,0,2,2,0,1,1,0,1,14,16,15,12,11,19,14,19,2,0,1,1,0,1,0,1,24,35,27,24,22,28,30,20
d01756,astronomy,1,0,0,1,1,2,2,0,2,1,0,1,0,0,0,0,8,9,8,3,7,12,16,14,1,1,0,2,0,0,1,0,13,14,15,11,19,15,15,16
d01757,astronomy,1,0,1,0,0,0,0,0,0,0,0,0,0,0,0,1,5,6,5,7,4,3,4,3,1,0,0,1,0,0,0,0,9,19,11,2,6,11,10,12
d01758,football,0,1,2,4,1,3,0,2,3,0,0,0,3,2,3,0,1,0,2,2,3,0,5,1,31,34,39,40,41,43,33,48,66,60,57,59,59,71,67,64
d01759,cooking,1,0,2,0,2,0,0,0,7,11,11,10,11,6,4,12,0,2,0,0,0,0,1,1,2,0,0,2,0,0,0,0,14,15,14,17,15,8,15,7
d01760,astronomy,0,1,0,0,0,0,0,1,0,0,1,0,2,2,0,0,12,11,10,10,10,11,10,12,1,2,2,1,0,2,2,0,19,21,21,15,17,23,16,15
d01761,machine_learning,5,9,11,5,10,4,9,10,0,0,0,0,0,0,0,1,1,0,0,0,0,0,0,0,0,2,1,0,0,1,1,0,18,11,19,15,15,18,17,13
d01762,machine_learning,6,11,8,13,8,9,9,5,1,0,0,0,0,0,1,1,0,0,0,0,0,0,0,0,2,0,0,1,2,3,0,0,20,17,20,17,14,13,15,15
d01763,astronomy,0,0,0,1,2,0,1,1,0,1,1,1,0,1,2,1,12,18,16,19,15,13,14,11,1,2,3,1,0,1,1,0,20,24,29,27,18,28,25,16
d01764,astronomy,0,0,1,0,1,0,3,0,1,0,2,1,3,0,1,2,32,29,34,32,24,32,21,40,0,1,2,0,1,2,1,2,57,41,46,40,42,44,45,47
d01765,astronomy,1,0,1,0,1,0,1,1,0,1,1,0,1,2,1,2,24,13,12,14,13,27,17,19,1,1,2,0,2,0,0,0,39,37,26,44,36,28,29,32
d01766,machine_learning,14,15,17,12,11,8,6,9,0,0,0,0,0,0,0,0,1,0,1,0,0,0,1,0,0,0,2,0,2,2,0,1,14,19,14,18,17,19,12,15
d01767,cooking,1,1,2,3,2,5,0,3,38,37,38,38,39,27,34,37,0,1,2,2,1,2,4,2,1,2,2,1,2,2,0,2,62,56,77,58,69,58,53,63
d01768,astronomy,2,3,5,2,3,2,2,7,5,1,6,4,4,2,2,3,64,54,65,58,44,60,52,69,5,3,7,2,0,2,5,2,92,86,105,107,106,99,110,112
d01769,astronomy,1,2,3,1,0,1,1,1,2,2,0,2,3,0,0,1,31,25,29,38,29,24,30,28,1,3,1,4,1,0,3,2,71,47,53,48,55,62,50,54
d01770,cooking,0,2,0,0,2,1,1,1,25,19,23,21,21,22,23,26,4,2,2,3,0,1,1,1,1,2,2,1,1,2,0,1,37,28,41,26,42,44,33,44
d01771,machine_learning,9,9,3,11,11,11,10,7,0,0,0,1,1,0,0,0,0,0,0,0,0,0,3,0,1,0,0,0,0,0,0,0,18,12,12,16,20,17,15,11
d01772,machine_learning,12,6,5,2,3,11,9,15,0,0,2,1,1,0,1,0,0,0,0,0,1,0,1,0,1,0,1,0,0,1,0,0,13,17,17,13,18,17,12,18
d01773,cooking,0,1,0,1,1,1,0,0,19,20,9,7,15,15,13,17,2,1,1,0,0,1,0,1,0,1,0,0,0,1,0,1,15,26,27,29,16,19,21,18
d01774,astronomy,1,1,4,1,6,0,1,4,2,0,2,5,1,3,0,2,37,47,42,45,46,49,47,48,2,2,1,1,0,1,1,3,68,73,71,65,78,75,72,80
d01775,machine_learning,1,6,12,7,10,9,9,4,0,0,0,1,0,0,1,0,0,0,0,0,0,0,0,0,0,0,1,0,0,0,0,1,11,16,13,11,14,8,16,14
d01776,football,0,2,0,0,0,0,1,0,0,0,0,0,0,0,1,0,0,0,0,0,0,0,0,0,3,7,6,9,5,8,4,4,6,11,5,13,9,9,9,9
d01777,cooking,0,0,0,1,2,0,0,0,7,8,6,5,6,3,12,7,0,0,0,0,1,0,0,1,0,0,0,0,0,0,1,0,17,8,11,10,9,8,11,13
d01778,astronomy,0,0,0,0,0,0,1,0,0,0,0,1,0,0,0,0,7,5,4,5,6,5,5,2,0,0,0,0,0,0,0,1,9,14,10,18,13,7,12,6
d01779,machine_learning,8,6,7,7,7,3,6,9,0,0,1,0,0,0,1,0,0,1,0,1,0,1,0,0,0,0,0,0,0,2,0,0,12,12,10,8,11,18,9,10
d01780,astronomy,1,1,0,0,1,1,0,0,0,1,2,0,0,0,0,0,8,8,6,2,5,6,2,7,0,1,0,0,0,0,1,2,11,13,13,10,10,7,15,7
d01781,cooking,0,0,1,0,0,0,2,0,4,3,4,1,2,4,3,7,1,0,2,0,0,0,0,0,0,0,0,0,0,0,0,0,5,6,11,5,8,7,1,4
d01782,cooking,1,0,0,0,0,1,0,0,9,10,5,5,10,9,4,7,0,0,1,1,1,0,0,1,0,2,0,0,2,0,1,0,11,13,19,22,11,12,11,14
d01783,cooking,1,0,1,0,0,1,0,2,29,31,24,26,21,24,26,21,0,1,2,0,1,0,1,1,1,3,1,0,0,0,0,0,41,39,38,49,39,29,40,33
d01784,football,1,1,1,1,2,1,0,0,0,0,1,1,0,5,1,2,2,1,0,1,0,0,0,0,21,21,24,16,20,30,17,15,37,35,38,27,35,34,43,44
d01785,machine_learning,52,62,45,63,43,53,63,62,4,3,0,1,2,4,4,0,2,3,3,3,1,2,1,6,1,4,4,4,2,3,2,2,104,94,92,92,85,85,103,90
d01786,astronomy,0,2,0,0,1,0,1,0,0,0,1,0,1,0,2,0,8,10,8,14,8,5,2,8,0,0,0,0,1,1,1,0,18,9,15,18,8,19,17,19
d01787,cooking,1,0,2,1,0,0,2,1,15,13,18,21,34,21,34,20,1,0,3,1,0,0,3,2,0,2,2,0,1,3,4,0,34,28,36,44,30,33,37,44
d01788,astronomy,9,14,4,7,7,13,12,7,11,11,12,11,13,9,9,10,207,185,170,179,159,182,189,167,3,10,7,7,11,9,10,4,265,299,282,292,310,310,287,270
d01789,machine_learning,20,17,16,11,20,22,14,23,1,0,1,0,0,0,1,1,1,0,2,0,0,3,1,3,1,0,0,1,1,1,0,0,38,31,25,28,35,31,22,24
d01790,football,0,0,0,1,0,0,0,0,1,0,0,1,0,1,0,0,0,0,0,0,0,0,0,1,5,7,6,10,2,9,0,7,11,8,10,8,13,9,9,9
d01791,machine_learning,30,34,36,33,41,39,35,32,1,0,1,2,3,0,1,3,4,2,2,4,2,0,1,3,0,1,2,3,2,0,2,3,60,47,49,62,50,51,50,50
d01792,machine_learning,12,6,12,13,7,12,13,14,0,0,1,3,0,0,0,0,1,1,0,0,0,0,1,0,0,0,0,1,0,0,0,1,15,15,10,15,16,16,22,18
d01793,cooking,0,2,0,0,1,0,0,1,9,5,6,3,9,8,7,6,0,0,0,1,1,0,0,0,1,2,0,0,1,1,0,1,15,12,14,12,16,16,14,10
d01794,machine_learning,14,19,10,5,16,16,12,13,0,2,1,1,0,2,1,0,0,0,0,1,1,2,0,0,3,0,2,0,0,1,0,0,29,15,23,20,32,15,24,17
d01795,astronomy,1,0,1,0,1,0,0,0,1,2,1,1,0,0,0,0,16,19,19,13,6,11,8,14,2,2,0,1,0,0,2,1,14,18,18,20,18,23,22,9
d01796,football,4,2,1,0,0,1,0,0,0,0,0,0,1,2,0,1,1,0,1,0,0,1,1,0,16,15,12,16,16,15,12,14,15,18,24,20,33,23,27,26
d01797,cooking,0,1,0,0,2,1,0,2,9,12,8,17,19,18,16,14,0,0,0,2,0,3,0,0,1,0,0,0,0,1,0,0,25,24,32,23,18,23,28,28
d01798,cooking,0,0,0,0,1,1,0,0,6,9,4,11,10,7,8,6,0,0,0,0,0,0,0,0,1,0,0,1,0,1,1,0,12,14,12,17,15,13,16,10
d01799,astronomy,0,0,0,0,0,0,0,1,0,1,1,1,1,1,0,0,8,7,4,8,7,4,6,8,0,0,0,0,0,0,0,0,9,12,9,7,8,10,12,15
d01800,football,0,1,0,1,1,1,1,1,0,2,1,1,2,1,1,2,0,2,2,1,0,1,0,1,22,30,23,22,25,32,30,23,39,37,49,60,56,44,44,40
d01801,football,1,0,0,1,0,1,0,0,0,0,0,1,1,0,1,0,0,0,1,0,1,0,1,0,2,7,8,9,9,7,10,7,18,11,12,8,11,18,10,12
d01802,astronomy,0,2,5,1,0,3,1,0,2,1,1,1,0,2,1,3,23,22,31,23,21,20,23,28,1,0,0,1,0,0,2,1,41,34,37,32,23,31,42,41
d01803,cooking,1,2,0,0,3,0,1,0,9,13,13,18,15,15,8,16,1,0,0,0,1,1,1,1,1,1,1,2,0,0,0,1,20,25,28,18,40,17,24,21
d01804,cooking,0,0,0,0,1,0,0,0,4,5,5,4,2,5,2,9,0,0,0,0,0,0,0,0,1,1,0,0,0,1,0,0,10,8,8,9,8,5,5,12
d01805,machine_learning,18,14,22,23,18,23,21,16,0,2,0,0,1,0,2,1,0,2,1,0,1,1,0,1,2,0,1,2,0,2,1,1,23,26,26,34,22,36,37,19
d01806,football,2,1,0,1,0,0,1,0,1,0,1,0,1,2,1,0,0,0,0,0,0,1,0,2,6,11,10,12,12,13,9,11,12,17,13,16,17,20,18,16
d01807,machine_learning,10,8,7,5,6,8,8,5,1,1,0,1,0,2,0,2,2,0,0,0,1,1,1,2,2,0,0,0,0,0,0,0,12,7,16,20,16,8,10,9
d01808,cooking,1,0,0,1,0,0,1,0,13,16,12,15,18,18,16,17,0,2,0,1,2,1,1,0,0,1,1,0,2,1,0,0,25,22,22,27,26,19,25,29
d01809,cooking,0,0,2,1,0,1,1,1,18,12,11,18,11,14,16,13,0,4,0,0,4,2,1,0,0,0,1,1,1,0,1,0,15,24,22,23,25,33,18,25
d01810,machine_learning,6,5,7,4,3,13,4,4,0,0,0,0,0,0,0,0,0,0,1,0,1,1,0,0,0,0,0,0,1,0,0,0,8,7,13,9,8,4,9,11
d01811,astronomy,0,0,0,1,2,3,3,2,2,1,1,0,1,0,3,2,19,16,16,13,23,16,21,13,2,0,0,0,2,0,1,0,29,25,40,20,34,27,25,25
d01812,cooking,1,0,0,0,0,1,0,0,4,6,3,7,8,6,6,5,0,0,0,0,0,1,0,0,0,0,0,1,0,0,0,0,8,15,11,10,13,9,11,9
d01813,football,1,0,1,0,1,0,0,3,0,0,1,0,0,0,1,0,0,0,1,1,0,1,0,0,3,5,6,8,9,7,9,8,10,12,14,12,9,11,12,12
d01814,astronomy,1,0,1,0,0,0,0,2,0,0,0,0,0,1,0,2,12,10,13,14,7,10,11,7,1,1,0,0,0,1,1,1,17,16,12,12,12,16,14,10
d01815,machine_learning,19,13,11,15,14,10,10,14,3,0,1,0,0,1,0,0,1,1,1,0,1,0,2,1,0,2,1,2,1,1,0,0,15,20,24,23,18,21,33,32
d01816,cooking,1,1,0,2,0,2,1,3,24,14,13,17,18,11,13,18,2,0,2,2,1,0,1,0,2,1,1,1,4,0,0,1,24,13,28,15,24,16,22,22
d01817,machine_learning,3,1,4,4,2,2,4,5,0,0,0,0,0,0,1,0,0,0,0,0,0,0,0,1,0,0,0,1,2,0,0,0,5,11,5,4,7,5,6,9
d01818,astronomy,0,0,0,0,0,1,0,0,2,0,1,0,0,1,0,1,7,8,10,10,8,4,4,7,1,0,0,2,0,1,0,0,13,20,18,10,11,10,8,11
d01819,cooking,1,0,0,0,1,0,0,0,4,5,7,4,5,4,5,9,0,0,0,0,0,0,0,0,1,1,1,0,0,0,0,0,8,8,8,6,7,7,18,9
d01820,football,0,0,0,1,0,0,0,1,1,0,0,1,0,0,0,0,1,0,0,0,0,0,0,1,6,3,6,5,2,3,10,5,6,6,15,7,6,6,8,5
d01821,cooking,0,2,1,1,1,1,2,2,21,19,18,11,23,10,14,16,1,1,1,0,1,1,1,0,2,1,0,0,0,2,2,1,24,40,25,20,28,28,29,31
d01822,cooking,1,1,1,0,0,1,1,3,16,25,19,17,16,17,16,17,1,2,0,0,0,0,0,1,4,1,1,1,3,0,2,1,31,37,37,37,28,26,34,31
d01823,machine_learning,26,29,34,24,36,31,34,32,1,1,3,0,4,1,2,2,0,2,4,1,1,1,3,1,2,0,1,1,0,3,1,0,47,58,55,51,55,45,43,52
d01824,astronomy,1,3,2,1,1,3,1,0,2,1,3,4,1,5,3,1,45,52,46,39,39,40,44,52,1,2,0,0,3,0,2,1,84,64,84,87,75,77,63,71
d01825,cooking,2,0,2,0,3,1,2,2,34,46,48,47,42,51,44,48,1,3,1,2,2,4,4,4,4,5,3,6,3,1,0,3,99,76,75,72,86,71,83,76
d01826,machine_learning,7,6,3,5,9,8,6,8,0,0,0,0,0,0,0,0,0,1,0,0,0,0,0,0,0,0,0,0,1,0,0,0,12,11,9,11,12,4,15,6
d01827,astronomy,0,0,2,0,1,1,0,4,0,2,3,0,3,2,1,2,29,31,35,32,37,29,32,32,0,1,1,1,0,3,0,1,56,50,54,65,45,61,51,47
d01828,cooking,0,1,0,0,1,0,2,2,16,15,5,10,14,11,18,8,0,0,0,2,0,1,0,0,0,0,1,0,0,1,0,0,23,23,21,21,23,17,15,16
d01829,cooking,0,0,0,0,0,0,0,0,7,5,6,8,11,6,6,4,0,1,0,1,0,0,1,0,0,0,1,1,0,0,0,0,10,12,9,16,9,10,15,9
d01830,machine_learning,29,32,37,28,33,28,32,45,4,1,3,0,2,1,2,0,2,2,2,1,2,1,2,1,2,1,2,2,2,2,0,2,64,58,68,68,51,63,52,63
d01831,machine_learning,20,28,17,10,19,22,27,23,0,2,2,1,1,0,1,1,0,0,2,0,1,1,0,3,2,0,1,1,1,1,0,1,40,46,29,48,30,28,41,36
d01832,machine_learning,5,3,0,6,5,3,1,4,0,0,0,0,0,1,0,1,0,1,0,0,0,0,0,0,1,0,0,0,0,0,0,0,3,6,3,6,4,10,9,7
d01833,cooking,1,1,0,1,0,1,0,0,13,10,9,9,13,8,13,16,0,0,1,1,1,1,0,1,0,0,1,1,1,0,0,1,7,22,20,18,17,16,21,22
d01834,football,3,0,2,1,1,1,2,3,2,0,4,1,3,3,2,2,0,1,0,4,1,3,1,3,42,37,52,37,42,41,39,50,63,72,69,78,74,67,81,73
d01835,machine_learning,21,25,11,22,28,29,17,15,1,0,0,2,0,0,0,1,1,0,2,2,0,0,1,0,1,1,1,1,1,0,0,0,24,30,24,32,27,39,33,23
d01836,astronomy,1,0,1,2,4,2,0,0,0,0,0,0,0,1,1,2,35,28,28,19,28,24,23,33,1,0,0,1,1,0,1,3,59,50,51,39,35,53,47,28
d01837,astronomy,0,0,0,0,0,0,0,0,0,0,0,0,1,0,0,0,4,1,10,11,5,5,3,6,1,0,0,0,0,0,0,0,8,9,9,6,6,8,7,5
d01838,football,0,0,0,0,0,0,1,0,0,1,0,1,1,2,0,1,0,0,0,0,1,1,0,0,19,13,10,11,11,12,16,11,23,15,19,26,11,17,14,15
d01839,football,1,2,1,0,3,2,2,0,2,0,1,3,2,2,0,2,1,2,3,0,0,1,2,3,15,16,17,13,23,23,20,15,33,28,34,28,26,30,42,26
d01840,cooking,1,1,1,0,0,1,0,2,13,10,13,11,13,11,6,10,2,0,0,1,1,2,0,0,1,0,0,1,0,1,0,2,16,17,22,23,21,22,23,18
d01841,machine_learning,8,4,8,6,11,13,5,10,0,0,1,0,0,1,1,0,2,1,0,0,0,0,0,0,0,0,0,0,0,1,2,0,9,17,15,10,20,24,9,13
d01842,astronomy,2,3,5,1,2,3,2,0,3,3,2,0,0,4,5,1,52,58,61,48,58,49,41,60,4,4,3,5,1,2,5,4,96,79,102,84,103,93,97,99
d01843,astronomy,1,3,0,0,0,0,0,1,1,3,0,0,0,0,0,0,12,11,15,11,15,12,11,16,2,0,1,1,0,0,1,0,18,28,18,26,22,23,20,21
d01844,football,0,0,1,0,1,1,0,0,0,0,0,0,0,0,0,0,0,0,0,1,0,0,0,0,9,7,6,6,4,8,6,6,9,8,6,16,8,10,7,10
d01845,football,4,3,7,6,5,3,2,6,3,7,2,5,8,3,3,4,4,5,0,8,6,6,3,3,111,108,92,113,99,86,100,108,168,183,167,185,173,146,176,163
d01846,football,0,0,0,0,1,0,2,0,0,0,0,3,1,0,0,0,0,0,0,2,0,1,1,1,7,7,9,12,11,9,4,6,13,22,18,12,23,20,16,15
d01847,machine_learning,16,15,18,20,11,20,15,12,0,2,0,1,0,1,0,0,0,1,1,1,2,0,0,0,0,0,0,1,1,2,1,1,19,27,31,18,23,29,25,24
d01848,machine_learning,15,15,10,13,12,17,16,11,0,0,0,0,0,0,2,0,0,0,0,2,0,0,0,0,2,0,2,0,1,0,0,1,20,19,20,23,19,24,19,30
d01849,football,1,1,1,2,1,1,1,0,2,2,1,1,0,1,0,1,0,0,2,3,3,1,1,1,26,13,23,21,17,20,20,19,37,27,34,29,28,22,38,32
d01850,cooking,0,0,0,1,2,1,0,1,12,14,21,21,12,17,18,18,1,1,0,2,1,2,1,1,1,1,2,0,0,0,0,0,31,26,24,24,25,28,32,30
d01851,machine_learning,8,13,14,15,8,9,9,7,0,0,0,0,0,0,0,0,0,0,2,1,1,0,0,0,0,0,1,1,1,0,0,0,15,10,16,20,11,13,18,20
d01852,machine_learning,22,19,16,17,19,14,25,17,0,2,0,0,1,3,3,2,1,0,0,0,0,0,1,0,0,1,0,0,1,1,0,0,33,27,33,35,25,39,36,41
d01853,astronomy,0,0,0,0,0,0,0,0,0,0,0,1,0,0,0,0,11,4,9,12,14,4,4,10,0,0,1,0,0,0,1,1,9,9,16,9,13,11,13,15
d01854,astronomy,2,1,1,3,0,1,2,1,2,1,1,1,1,0,1,4,24,28,33,34,28,29,26,26,0,0,0,1,0,0,0,1,36,47,49,31,43,38,30,49
d01855,astronomy,3,3,2,1,1,1,0,2,1,3,0,3,2,2,3,1,33,20,21,35,25,20,25,31,2,0,0,0,1,3,0,0,43,41,45,43,41,35,53,54
d01856,football,6,2,0,9,1,0,2,3,1,3,5,3,4,1,5,3,3,6,3,8,4,4,3,5,69,78,79,55,59,58,56,68,105,117,102,123,101,115,127,124
d01857,machine_learning,8,8,5,14,8,9,10,12,1,0,1,1,0,1,0,0,0,1,1,0,0,0,1,0,0,0,0,1,0,1,0,0,17,15,20,19,18,13,20,15
d01858,astronomy,2,0,0,2,1,2,1,1,0,1,1,3,1,0,2,0,28,28,26,40,36,25,28,23,1,2,1,1,0,1,2,3,59,43,47,42,38,42,56,41
d01859,machine_learning,6,2,4,7,8,10,3,7,0,1,1,0,0,0,1,0,0,1,0,0,0,0,0,0,0,0,0,0,0,0,0,0,11,17,18,11,10,14,9,11
d01860,machine_learning,2,6,5,7,5,4,7,4,0,0,1,1,1,0,0,0,0,0,2,0,0,0,0,0,0,1,0,0,0,1,0,0,11,19,11,11,10,6,6,11
d01861,machine_learning,11,4,13,6,5,11,12,9,0,0,2,0,0,2,1,1,0,0,0,0,0,0,0,0,0,1,0,0,0,2,0,1,23,16,15,17,17,12,19,17
d01862,astronomy,1,0,1,1,2,1,1,0,2,1,1,0,0,1,0,1,18,11,18,10,12,15,12,14,2,0,1,0,0,0,1,1,42,17,25,18,19,22,22,26
d01863,astronomy,0,0,2,0,0,0,0,0,0,0,0,1,0,0,0,1,17,19,8,19,17,14,14,12,1,1,1,2,1,0,0,0,19,24,16,19,21,15,19,17
d01864,football,2,3,1,2,4,2,2,0,1,0,4,3,3,1,1,0,4,0,2,2,3,3,5,4,44,60,61,49,37,53,62,44,80,91,80,69,80,79,80,75
d01865,football,0,0,1,1,1,0,0,3,0,1,1,0,1,0,1,2,1,1,1,1,0,2,1,0,14,12,17,11,14,24,23,17,18,28,21,36,18,30,23,29
d01866,cooking,0,0,0,0,0,2,0,1,16,23,15,20,15,14,18,24,1,1,1,1,3,0,2,2,0,1,1,2,3,1,1,3,22,20,25,25,26,24,26,20
d01867,football,0,0,2,1,0,1,2,0,1,2,0,2,1,2,0,0,1,1,0,1,0,0,1,1,7,7,16,16,13,15,11,10,24,13,14,24,24,16,14,15
d01868,cooking,0,0,1,0,1,0,0,1,24,12,9,12,18,11,21,16,1,1,2,2,0,1,1,1,0,0,4,1,0,2,0,1,22,37,29,36,34,36,22,33
d01869,machine_learning,10,13,17,20,22,13,19,20,2,1,0,2,1,0,0,1,2,2,2,3,2,1,0,0,0,2,0,1,0,0,1,1,27,28,30,26,24,25,37,29
d01870,machine_learning,19,6,14,22,9,11,11,11,1,3,0,1,2,0,1,0,1,1,2,1,0,2,1,0,0,1,0,1,1,3,3,1,21,31,20,21,17,22,26,20
d01871,football,0,0,2,2,1,1,1,0,0,0,0,3,0,0,0,1,0,0,2,1,1,0,0,2,14,13,10,14,22,16,17,18,38,22,27,41,27,21,19,32
d01872,astronomy,1,2,1,0,0,2,0,0,0,1,1,2,0,1,2,1,20,9,10,8,14,18,6,10,0,0,0,0,1,3,0,0,18,21,19,23,26,20,22,15
d01873,cooking,1,0,0,1,0,0,2,0,6,8,3,11,5,7,7,12,0,1,1,0,2,1,1,1,0,0,1,0,0,1,0,0,20,13,15,20,16,17,23,11
d01874,astronomy,0,0,1,1,1,0,0,1,0,0,0,0,0,0,2,0,9,11,13,11,9,8,13,10,0,0,2,1,0,1,3,0,22,11,21,14,17,24,22,19
d01875,astronomy,0,0,0,3,0,1,0,0,0,0,0,0,0,0,1,2,10,10,9,8,8,13,10,5,0,0,0,2,2,0,0,1,17,7,20,14,16,12,12,11
d01876,cooking,0,1,0,0,0,0,1,0,3,2,5,4,1,1,4,3,0,1,0,0,0,0,0,0,0,0,1,0,0,0,1,0,10,10,9,10,5,5,12,2
d01877,machine_learning,30,29,26,23,25,26,20,32,0,2,0,0,2,0,1,5,3,1,0,0,1,3,1,1,2,1,1,1,2,1,1,1,40,23,49,44,43,42,46,39
d01878,astronomy,0,1,2,1,1,0,0,1,1,0,1,0,0,0,2,0,16,22,13,20,19,15,19,18,1,1,5,1,0,1,2,0,37,28,40,39,42,39,36,31
d01879,machine_learning,56,45,32,54,43,49,56,47,3,6,3,2,2,2,1,0,1,5,3,2,4,0,3,1,0,2,4,3,2,2,1,3,75,70,76,77,75,79,75,65
d01880,football,0,1,0,0,0,0,0,0,1,1,0,0,1,0,1,0,0,0,0,0,0,0,0,1,5,9,5,6,6,6,3,7,7,10,8,5,12,16,11,7
d01881,astronomy,0,2,1,0,0,0,0,1,0,1,1,0,0,1,0,0,13,8,10,6,16,10,15,17,0,0,0,1,0,1,1,0,15,20,19,18,22,18,21,26
d01882,astronomy,0,0,0,0,0,1,0,0,0,0,1,1,1,0,1,1,10,13,7,10,17,6,12,11,1,1,1,1,1,1,0,0,15,15,21,17,13,20,10,18
d01883,astronomy,2,4,2,1,4,2,3,1,0,0,2,1,0,3,3,0,45,38,42,39,38,46,34,56,1,2,2,5,3,1,1,5,61,71,74,65,63,51,59,71
d01884,machine_learning,82,72,73,57,52,75,83,76,3,5,3,4,4,2,1,5,6,7,3,1,1,1,6,0,1,2,5,3,4,4,4,4,98,124,142,134,113,110,115,123
d01885,football,0,0,0,1,0,0,0,0,0,2,0,0,0,0,0,1,0,0,1,0,1,0,0,0,2,6,3,4,2,1,4,2,9,6,7,7,9,6,6,3
d01886,cooking,0,1,1,0,0,0,0,2,10,8,15,10,13,13,12,18,1,0,1,0,1,0,1,0,0,0,1,2,1,0,2,0,16,17,25,15,18,13,18,15
d01887,machine_learning,27,29,40,23,26,26,43,31,5,1,2,2,3,1,0,1,1,2,3,4,0,1,0,2,0,1,0,1,1,0,0,1,57,58,50,62,64,48,67,55
d01888,astronomy,0,1,2,0,0,0,1,1,2,1,1,1,2,2,1,1,17,16,18,15,23,17,15,16,1,0,0,0,0,1,2,2,28,22,22,26,21,35,30,42
d01889,astronomy,4,1,1,1,0,3,0,0,3,2,1,2,4,4,3,2,51,52,47,49,43,49,37,44,0,0,2,2,4,4,0,1,78,78,85,85,70,71,74,84
d01890,cooking,1,1,2,1,3,0,0,0,28,37,26,24,34,24,33,25,1,1,2,2,1,0,0,0,4,2,0,1,1,3,1,0,51,48,46,45,41,41,46,40
d01891,cooking,3,1,1,1,2,0,1,1,32,19,43,22,29,32,27,34,4,2,0,1,2,2,2,1,0,1,1,1,0,1,1,2,41,51,46,42,51,49,47,49
d01892,machine_learning,76,73,64,70,73,84,74,72,6,4,2,6,4,3,5,3,4,6,1,0,1,3,3,5,3,5,8,4,0,6,2,3,132,112,104,119,138,119,139,107
d01893,astronomy,0,0,1,2,3,1,1,1,3,2,3,2,1,2,1,0,21,24,19,20,29,21,23,12,0,0,1,2,0,0,0,0,46,45,37,40,43,49,42,24
d01894,astronomy,0,0,2,0,0,0,1,0,3,1,2,1,0,0,0,0,10,8,8,16,9,8,13,8,0,0,1,0,1,0,1,0,19,14,13,10,19,19,21,18
d01895,machine_learning,20,13,15,17,10,17,17,14,1,1,0,0,1,0,0,0,3,2,1,0,0,0,2,0,0,0,1,2,1,0,3,2,27,12,26,19,22,26,24,17
d01896,football,0,2,2,1,0,2,0,2,2,0,0,1,0,2,1,1,1,2,1,0,0,1,0,0,22,24,22,19,16,18,17,18,29,27,38,34,36,31,17,28
d01897,cooking,4,0,7,2,5,0,2,3,87,74,84,75,76,77,76,73,3,3,3,2,6,2,7,5,7,1,3,1,4,4,2,4,145,165,113,148,126,133,135,136
d01898,astronomy,1,1,0,2,3,2,1,1,2,2,0,1,0,2,1,1,15,15,20,13,11,13,19,17,1,0,0,0,0,0,1,1,29,15,23,25,19,34,21,25
d01899,cooking,2,1,2,1,1,2,0,0,19,24,17,21,24,27,28,21,1,1,2,1,1,0,1,1,2,1,0,0,2,1,0,0,38,34,42,29,42,35,39,43
d01900,machine_learning,8,12,8,8,9,7,12,6,1,2,0,0,0,2,0,1,0,1,0,0,0,0,0,1,0,1,0,0,0,0,1,0,10,17,15,12,14,13,17,20
d01901,cooking,0,0,1,0,0,1,1,0,8,8,7,8,7,7,7,9,1,0,0,0,0,0,1,0,0,1,1,1,0,0,1,1,11,12,7,13,11,12,13,11
d01902,football,0,2,1,1,1,2,3,0,1,0,3,0,2,3,1,1,1,2,1,0,0,2,1,2,18,24,19,24,20,37,27,21,41,40,44,39,36,42,39,27
d01903,football,0,3,3,1,0,1,3,0,2,1,3,3,2,1,2,1,3,1,2,2,3,1,1,0,61,48,44,41,49,44,55,40,67,64,77,71,74,71,65,82
d01904,football,0,0,0,0,0,0,0,1,1,1,0,0,0,1,1,1,0,0,0,0,0,0,0,1,3,5,6,5,9,5,5,5,10,7,10,7,10,12,17,10
d01905,football,0,0,1,0,0,0,0,0,0,0,0,0,0,0,0,1,0,0,1,1,0,1,0,3,3,3,2,0,7,0,2,2,6,3,4,1,5,5,4,7
d01906,cooking,2,3,3,2,5,1,4,2,63,62,69,57,66,73,63,75,3,6,6,5,4,3,3,1,5,6,3,3,5,3,2,4,108,125,102,99,88,105,100,105
d01907,astronomy,2,0,0,0,3,2,0,2,0,2,1,3,1,2,0,2,22,23,22,19,16,22,17,19,1,1,2,1,1,0,1,0,38,27,34,39,42,23,29,29
d01908,cooking,1,2,1,1,0,1,2,2,9,19,20,10,12,14,22,11,1,1,3,1,1,1,2,0,1,0,1,0,1,0,0,1,29,13,21,18,25,24,23,29
d01909,cooking,1,1,2,5,1,2,2,0,34,29,30,27,24,41,38,39,2,2,0,1,1,4,1,2,2,0,2,2,3,4,1,2,46,63,58,60,51,48,49,45
d01910,football,4,4,3,0,3,0,1,4,3,2,2,7,0,4,1,3,1,8,4,2,2,2,0,4,65,59,63,44,53,53,51,66,95,89,103,69,101,70,90,93
d01911,astronomy,1,3,0,1,0,2,1,1,0,0,1,1,1,2,3,0,35,25,35,34,40,38,36,39,1,0,2,3,2,5,2,0,51,50,43,65,57,52,55,42
d01912,machine_learning,32,16,23,27,27,19,31,24,0,3,1,1,0,1,2,2,0,0,1,0,1,3,3,1,1,0,1,3,0,1,0,0,41,42,43,44,44,40,36,39
d01913,football,1,1,0,0,2,1,1,3,0,1,1,0,1,1,2,1,0,4,2,2,1,1,0,1,18,17,27,20,16,21,18,20,36,32,42,25,27,27,30,37
d01914,football,1,0,2,2,2,0,0,0,1,0,2,1,1,2,1,0,1,1,0,0,1,4,0,1,13,27,20,27,21,29,26,36,53,53,31,34,38,43,36,40
d01915,cooking,0,0,0,0,0,2,0,1,16,12,12,12,15,13,16,10,0,3,0,0,1,1,0,1,2,0,0,1,0,1,0,0,14,27,23,23,27,26,23,35
d01916,cooking,0,0,1,0,0,0,0,0,8,8,7,7,11,4,6,6,0,2,0,1,0,0,0,0,1,1,0,0,1,0,0,0,14,9,7,16,9,12,12,12
d01917,football,2,0,1,0,1,1,1,0,1,2,0,0,0,1,0,0,0,0,0,0,0,0,0,0,13,10,9,10,9,8,13,9,14,13,21,18,17,17,16,14
d01918,astronomy,0,0,0,0,0,1,0,0,0,1,1,2,3,1,0,1,11,6,8,7,10,16,9,9,1,1,1,0,0,2,0,0,15,9,17,7,13,19,13,9
d01919,astronomy,0,0,0,0,0,2,1,0,0,0,1,2,2,0,0,1,13,15,17,12,16,17,17,17,0,0,0,0,0,0,1,0,20,25,25,26,18,24,26,14
d01920,cooking,1,0,2,0,1,2,0,0,13,13,18,20,13,9,9,19,0,0,2,0,0,0,0,1,1,0,0,1,2,0,0,0,34,17,27,23,27,34,23,23
d01921,machine_learning,3,5,6,8,10,10,9,7,0,0,1,0,0,1,0,0,0,0,0,0,0,0,0,1,1,0,1,0,0,1,0,1,6,8,6,9,11,14,8,8
d01922,cooking,1,0,2,1,2,0,1,0,12,17,20,11,6,16,18,11,0,0,2,0,0,1,1,1,1,0,1,0,0,0,0,1,21,20,20,19,25,19,20,24
d01923,astronomy,0,3,2,0,1,0,0,1,0,0,3,2,2,0,2,1,10,19,24,16,12,18,18,23,2,0,0,2,0,0,2,1,18,32,28,28,32,28,15,37
d01924,cooking,1,0,2,1,1,1,0,1,16,17,6,10,9,16,12,10,0,0,1,0,0,0,2,1,0,1,1,0,0,0,0,1,20,15,19,19,8,16,12,25
d01925,cooking,0,0,1,0,0,0,0,0,8,4,2,2,3,4,2,2,0,0,0,1,0,0,0,0,0,0,0,1,0,0,0,0,2,5,6,6,14,5,2,11
d01926,machine_learning,13,14,14,11,17,15,10,10,3,1,0,2,0,2,3,1,0,0,3,0,0,1,1,0,3,2,2,0,1,0,1,1,26,23,31,31,22,24,25,24
d01927,football,1,4,0,3,0,0,1,1,1,1,3,0,2,1,2,1,0,1,2,2,4,1,1,0,28,23,32,22,20,25,20,26,48,47,40,44,35,35,43,42
d01928,football,0,4,3,3,3,5,4,4,0,0,4,8,2,2,2,2,3,1,2,4,3,3,4,2,55,50,65,41,66,59,61,65,78,106,103,94,96,100,125,96
d01929,cooking,2,4,1,2,0,1,2,2,36,41,51,46,36,33,39,53,2,0,1,2,3,3,3,3,3,1,3,3,3,0,0,2,73,70,84,78,68,74,68,62
d01930,astronomy,0,2,0,0,2,0,0,0,1,0,0,1,0,0,0,1,18,13,9,12,15,13,16,17,0,3,0,0,0,3,3,0,23,27,27,18,20,19,24,16
d01931,machine_learning,5,6,9,6,6,6,0,2,0,0,0,0,1,0,1,0,0,1,0,0,0,0,0,1,0,0,0,0,0,0,0,0,12,2,11,5,10,6,6,10
d01932,machine_learning,9,8,8,11,10,13,7,9,0,0,0,0,1,1,0,0,0,2,0,2,1,1,0,0,0,0,0,1,0,0,0,1,16,19,19,10,20,17,21,21
d01933,football,0,0,3,1,0,0,0,0,0,1,0,1,0,1,0,0,0,0,0,1,0,2,0,0,13,8,5,9,11,11,11,11,17,9,13,11,16,10,15,12
d01934,machine_learning,5,2,8,10,1,5,12,14,0,1,0,0,1,0,0,0,0,1,0,0,0,0,0,0,1,1,0,0,0,1,1,0,12,6,8,8,11,7,6,13
d01935,football,0,0,0,1,0,0,0,0,0,0,0,0,1,0,0,2,1,0,0,0,0,0,0,0,13,14,15,11,14,15,6,10,29,11,31,14,14,24,16,13
d01936,football,0,0,2,2,1,0,0,1,0,0,3,2,0,3,1,1,0,1,1,1,2,1,1,1,18,23,19,19,20,21,26,16,29,26,31,23,32,35,38,37
d01937,machine_learning,25,32,27,23,27,21,17,23,1,1,3,3,0,1,2,2,1,2,1,1,2,3,1,0,5,1,0,0,1,3,2,3,34,27,33,45,38,36,44,44
d01938,machine_learning,18,19,13,17,13,15,9,20,1,1,0,1,0,1,0,1,1,0,0,0,0,0,0,1,0,0,0,0,0,1,1,1,33,26,24,18,26,27,21,19
d01939,astronomy,6,1,3,1,1,2,3,2,5,2,3,0,2,2,1,2,44,39,36,32,42,30,49,40,0,1,0,2,3,1,1,2,73,65,77,68,58,62,73,82
d01940,cooking,0,0,0,1,0,1,0,0,5,6,4,5,4,3,3,5,0,0,0,0,2,1,0,0,0,0,0,0,0,0,0,0,5,7,14,4,12,7,7,5
d01941,football,2,0,0,2,2,1,5,1,3,1,5,1,1,1,1,2,4,2,0,3,1,2,2,3,35,35,32,32,36,28,28,32,54,59,65,66,60,56,48,59
d01942,astronomy,0,0,0,0,1,1,0,0,0,1,0,0,0,0,0,0,11,17,17,13,13,15,12,11,0,0,4,0,1,0,1,0,31,31,25,22,20,22,22,20
d01943,astronomy,0,1,2,0,0,0,1,0,2,1,0,2,1,2,0,0,22,20,17,25,24,15,20,24,0,0,0,0,3,0,4,0,26,40,42,29,25,37,38,39
d01944,astronomy,3,2,3,2,6,3,0,2,3,1,4,3,2,3,0,2,47,56,59,55,56,64,55,62,4,3,2,2,2,1,4,2,94,77,83,87,112,109,102,94
d01945,cooking,0,0,1,0,1,0,2,0,14,19,17,18,20,19,20,24,0,3,2,1,1,0,1,1,1,2,1,0,3,2,1,1,30,29,31,32,24,39,44,42
d01946,cooking,1,1,1,1,0,0,2,0,20,19,20,20,21,30,17,20,1,1,0,2,0,0,0,1,0,2,0,1,0,3,1,0,41,38,35,34,28,29,23,40
d01947,football,0,1,0,0,0,1,1,0,0,2,0,1,0,0,0,0,0,0,0,1,0,1,1,3,17,13,16,13,9,12,15,18,27,21,39,25,24,29,23,20
d01948,astronomy,2,5,6,1,3,3,4,6,2,4,3,4,7,3,3,3,87,79,77,86,90,90,65,84,6,4,4,5,4,4,4,3,134,141,129,143,122,148,135,135
d01949,cooking,0,0,1,2,0,0,0,0,14,4,12,17,7,8,13,8,0,0,1,0,2,0,0,1,0,1,1,0,3,1,1,1,15,15,16,19,19,13,15,14
d01950,cooking,1,1,2,0,2,1,1,0,23,23,15,19,19,30,18,24,1,1,1,0,2,0,1,0,1,2,1,2,1,0,0,1,13,39,30,19,25,26,30,30
d01951,football,2,2,2,3,0,2,3,6,3,2,3,3,3,3,2,0,2,2,2,1,3,2,2,0,47,47,41,54,43,51,47,51,85,86,87,86,80,90,89,91
d01952,cooking,0,0,1,2,0,0,0,3,13,19,12,13,14,16,17,14,2,2,1,1,0,0,0,2,0,0,2,0,0,2,2,0,17,34,27,21,27,27,34,21
d01953,cooking,3,6,2,1,0,4,1,2,36,43,32,39,23,36,31,32,2,0,1,3,5,0,5,0,3,0,4,3,1,3,3,1,56,53,54,51,49,49,64,61
d01954,astronomy,0,1,0,1,1,0,1,0,1,0,0,1,1,0,1,0,13,14,4,11,11,6,14,7,0,0,0,1,0,0,0,0,14,16,18,15,16,16,7,15
d01955,machine_learning,6,11,9,4,3,8,7,3,0,1,0,0,0,0,0,1,0,0,0,1,0,0,0,0,0,0,0,1,0,0,0,0,14,8,9,8,13,15,14,20
d01956,cooking,2,1,1,0,2,0,1,0,20,25,24,27,24,23,29,19,3,0,3,1,2,0,1,4,1,1,0,2,2,1,2,2,44,49,51,39,41,51,47,38
d01957,machine_learning,21,32,22,25,36,33,30,26,1,0,2,3,2,1,1,1,2,1,0,2,1,0,0,1,0,1,2,0,2,3,3,2,35,40,42,44,41,40,37,53
d01958,astronomy,0,1,0,0,1,0,2,2,1,1,0,1,0,0,0,0,14,11,15,10,11,17,12,16,0,0,0,0,0,0,0,1,25,25,20,18,25,15,22,26
d01959,cooking,1,0,0,0,1,1,0,0,11,3,7,8,11,12,10,9,0,0,2,0,0,0,0,0,0,0,0,0,0,0,1,1,11,19,14,16,9,13,8,15
d01960,cooking,2,0,0,0,2,0,1,0,19,17,15,27,14,11,22,14,2,0,3,0,0,0,0,2,2,0,0,0,1,0,2,0,26,27,27,29,26,27,33,35
d01961,machine_learning,4,2,5,5,4,7,4,5,0,1,0,0,0,0,1,1,1,0,0,0,0,1,0,0,0,0,0,0,0,1,0,0,9,6,8,10,6,9,11,10
d01962,machine_learning,20,13,11,12,15,13,14,14,0,0,1,0,0,0,1,0,0,2,1,2,0,1,1,1,0,0,0,0,2,1,0,2,13,14,18,19,18,19,16,30
d01963,machine_learning,5,1,3,4,7,9,3,3,0,0,0,0,0,0,2,0,0,0,1,0,0,1,0,0,0,3,0,1,0,0,0,0,8,13,11,10,9,11,6,7
d01964,cooking,2,1,0,1,3,0,0,2,34,20,24,33,26,33,30,20,0,2,1,2,2,2,0,1,2,0,2,2,0,1,2,1,42,37,40,56,56,41,56,56
d01965,cooking,0,0,0,1,1,0,0,0,3,1,1,6,3,4,5,6,0,0,0,0,1,0,0,0,1,1,0,0,0,0,1,0,9,5,5,5,5,7,7,6
d01966,machine_learning,14,6,10,10,13,12,14,8,0,1,0,2,0,0,0,0,0,1,0,1,1,0,2,1,0,0,0,1,0,1,0,0,15,10,10,22,8,23,19,14
d01967,astronomy,0,1,0,0,1,1,0,1,0,0,0,3,0,0,0,0,16,15,11,14,11,8,14,15,1,1,2,0,2,0,0,2,23,27,16,12,15,25,19,20
d01968,astronomy,1,1,2,1,0,1,0,2,2,1,0,1,1,0,0,0,17,31,18,28,38,25,26,25,2,2,1,0,2,2,1,1,43,46,45,41,37,32,48,27
d01969,cooking,3,1,0,2,1,1,0,2,13,22,16,16,15,20,14,21,0,1,0,3,0,1,0,1,0,2,2,0,1,2,1,1,19,32,25,21,21,32,28,23
d01970,astronomy,0,0,0,0,0,0,0,1,0,1,2,0,0,1,0,1,6,9,8,9,10,14,11,8,0,0,1,0,1,0,0,0,12,16,14,21,11,14,20,25
d01971,football,0,0,0,0,1,0,0,0,0,0,0,0,0,0,0,0,1,0,1,0,0,1,0,0,4,8,3,4,2,11,7,3,12,10,9,8,11,7,8,10
d01972,cooking,0,1,0,0,0,0,0,1,11,4,9,10,5,11,4,7,1,1,1,0,0,1,0,0,1,0,2,0,0,0,2,0,15,10,11,15,20,10,14,17
d01973,astronomy,0,0,0,0,2,2,0,1,1,0,0,0,0,1,0,0,7,10,8,8,7,9,8,8,0,0,0,0,0,0,1,1,14,9,13,14,8,9,15,10
d01974,cooking,0,0,0,1,0,0,0,0,10,5,4,3,2,8,10,10,1,1,0,0,1,0,0,0,1,1,1,0,0,0,0,1,9,14,16,12,10,13,8,11
d01975,astronomy,0,1,2,1,1,0,0,0,0,2,0,1,1,1,2,1,10,17,7,9,13,13,9,14,1,1,0,2,0,1,1,0,16,11,20,19,21,17,18,14
d01976,machine_learning,25,35,31,46,30,35,30,31,1,2,1,2,2,1,1,0,3,2,1,2,1,3,2,2,1,2,6,0,2,1,0,2,53,54,61,67,57,57,66,56
d01977,cooking,5,2,4,3,1,4,0,1,47,38,37,41,32,33,40,31,1,1,0,4,2,2,2,2,1,0,2,3,2,2,1,2,62,66,47,62,74,56,60,69
d01978,machine_learning,17,15,13,33,16,23,7,12,2,1,0,0,0,0,0,0,0,2,1,1,0,3,0,1,0,1,0,1,1,1,1,1,23,21,26,21,17,31,28,23
d01979,astronomy,0,0,1,0,0,1,0,0,1,0,1,2,3,1,0,0,16,19,23,18,11,16,19,21,0,0,3,0,1,2,2,2,32,26,35,29,31,35,25,30
d01980,cooking,0,0,0,0,0,0,1,0,5,2,4,10,7,4,5,5,0,0,0,1,0,1,0,0,0,1,0,0,0,0,0,1,13,11,15,12,12,8,4,13
d01981,astronomy,1,0,4,1,0,3,2,1,2,4,1,4,0,3,2,1,27,34,27,28,25,36,33,26,0,1,2,3,1,1,2,1,34,36,58,47,45,58,50,43
d01982,football,0,0,2,0,1,2,2,3,3,0,0,0,1,1,2,1,1,0,1,2,2,0,0,4,22,26,18,25,21,29,31,25,33,35,31,46,36,35,24,27
d01983,astronomy,1,1,0,1,1,0,0,0,1,2,0,1,2,0,2,2,20,12,14,12,16,7,22,18,0,0,2,1,1,1,1,1,28,32,32,40,19,39,34,40
d01984,football,1,0,0,0,0,0,0,0,0,0,1,1,0,0,0,0,0,1,1,0,0,0,0,1,9,10,10,15,15,11,10,11,21,14,20,10,16,16,16,20
d01985,machine_learning,21,20,19,22,19,21,21,20,0,1,0,0,1,0,0,0,0,0,2,1,1,1,2,1,0,2,0,3,0,2,2,1,23,34,27,30,25,28,38,25
d01986,football,1,0,1,0,0,2,2,0,2,1,1,2,1,1,1,2,1,1,2,0,1,1,0,1,23,21,16,20,18,24,17,20,29,35,28,23,30,26,27,32
d01987,cooking,2,2,1,0,1,0,2,2,21,17,15,23,16,18,20,19,0,0,0,1,0,1,0,2,3,1,0,0,1,1,1,0,33,28,38,30,27,29,27,36
d01988,astronomy,0,0,0,0,0,1,0,1,1,0,0,0,0,1,0,0,10,10,5,4,5,16,8,7,1,0,0,0,0,1,0,1,14,15,16,12,14,15,6,12
d01989,cooking,1,3,0,0,3,0,1,3,18,18,19,19,21,19,22,22,0,0,2,0,1,3,0,2,1,0,0,0,0,0,0,1,28,23,25,31,34,33,36,28
d01990,football,1,1,0,0,0,0,0,0,1,0,0,2,0,0,0,0,0,0,2,3,0,0,1,0,6,9,14,8,6,15,12,5,17,9,14,11,12,18,17,15
d01991,football,0,2,0,1,0,1,0,0,0,0,0,0,1,1,1,0,1,0,0,1,0,0,0,1,2,9,3,6,6,6,6,8,12,9,3,3,5,3,6,9
d01992,astronomy,0,0,0,0,0,0,0,1,0,0,0,0,0,1,0,4,10,13,9,17,10,11,12,15,2,0,0,0,0,0,1,1,23,25,22,30,28,23,26,18
d01993,machine_learning,4,8,4,4,6,6,5,3,0,1,0,1,1,0,0,0,0,0,0,1,0,0,0,0,0,0,0,0,0,1,1,0,12,12,9,9,10,9,8,14
d01994,football,4,1,0,0,3,1,2,0,2,1,1,1,0,2,4,0,0,0,1,1,1,1,0,0,17,22,22,12,27,21,17,23,27,44,41,34,39,42,34,31
d01995,machine_learning,13,12,19,21,23,16,13,13,3,0,0,1,0,0,0,0,0,1,0,0,0,0,1,0,1,0,2,0,2,0,1,1,35,31,30,33,41,26,37,17
d01996,football,1,0,0,1,1,0,0,2,0,2,1,0,1,0,1,0,1,1,3,0,1,0,1,0,16,20,13,8,14,11,10,20,32,23,20,20,16,18,20,23
d01997,machine_learning,17,12,9,11,15,14,12,12,0,1,1,2,1,0,0,0,0,3,0,1,0,2,2,0,2,0,1,1,1,0,0,0,16,23,20,27,24,20,24,18
d01998,cooking,0,0,1,0,0,0,0,1,3,7,9,6,4,5,6,4,0,0,0,0,0,2,0,0,0,1,0,0,3,1,0,0,14,13,7,14,16,16,14,4
d01999,football,0,0,0,2,2,0,1,0,1,2,0,1,0,4,2,0,0,1,0,2,0,0,0,1,25,19,24,21,26,27,21,21,39,32,31,27,28,34,43,39
d02000,cooking,0,0,0,0,1,0,0,0,8,6,6,12,6,7,7,12,0,0,0,0,1,0,0,1,0,2,1,0,0,1,0,0,11,12,13,17,13,21,19,13
d02001,machine_learning,43,40,45,37,37,47,44,53,4,0,2,3,1,2,0,2,0,0,2,0,2,2,2,3,0,1,3,2,2,2,3,0,77,57,66,73,61,64,64,69
d02002,machine_learning,31,23,29,23,22,24,14,18,0,0,1,1,0,2,2,0,3,1,4,0,1,1,1,2,1,1,0,0,3,0,0,2,35,42,38,39,44,38,47,34
d02003,astronomy,2,2,0,0,2,1,0,1,2,1,1,1,0,1,2,2,18,23,20,21,26,20,21,26,1,1,1,0,2,1,3,1,32,33,42,40,42,44,34,26
d02004,football,0,3,2,1,0,0,3,1,1,1,0,3,1,2,0,1,1,0,2,2,0,1,1,0,15,14,15,20,17,9,19,19,26,26,26,31,34,29,30,33
d02005,cooking,0,1,0,0,0,1,0,0,7,5,8,6,5,8,5,5,2,0,0,0,1,0,0,0,0,0,0,0,1,0,0,0,7,9,13,10,11,14,19,12
d02006,football,0,0,1,0,0,0,0,1,0,1,1,0,0,1,0,0,0,1,0,0,0,0,0,0,9,14,7,7,14,15,5,7,17,16,13,14,16,17,20,13
d02007,machine_learning,11,10,17,15,13,9,12,9,0,0,0,2,1,2,0,1,0,3,0,0,0,2,0,0,0,1,1,2,0,0,0,1,16,21,15,9,14,22,18,29
d02008,machine_learning,17,9,14,17,17,13,12,18,2,0,0,0,0,1,0,2,0,0,1,1,0,1,2,0,0,1,1,0,0,1,0,0,19,26,13,29,19,25,18,16
d02009,astronomy,0,0,0,0,0,0,0,0,0,0,0,1,1,1,0,0,6,1,3,5,2,3,4,3,1,0,0,0,0,0,0,0,9,3,7,5,6,3,5,10
d02010,machine_learning,164,154,164,169,154,169,178,160,5,5,7,10,10,7,5,9,14,8,6,3,9,10,4,7,8,8,7,4,12,10,9,10,286,265,260,250,286,257,277,273
d02011,football,0,0,2,2,0,0,0,0,0,0,0,0,1,0,1,0,1,1,1,0,0,1,0,1,9,12,16,16,7,10,6,6,15,14,24,20,18,25,13,15
d02012,cooking,1,0,0,1,0,0,1,2,19,21,18,22,22,24,18,23,3,1,2,1,1,2,1,1,0,0,0,1,0,0,0,2,37,31,37,43,38,32,26,38
d02013,cooking,0,2,0,1,0,2,0,1,14,10,13,16,18,15,15,13,0,0,4,0,2,1,1,0,0,0,0,0,1,0,1,1,34,28,18,26,21,27,31,26
d02014,astronomy,0,2,1,1,0,0,2,1,1,1,2,2,3,2,1,2,20,23,27,26,24,17,28,28,0,1,2,2,0,0,2,0,40,36,37,29,48,46,49,28
d02015,astronomy,2,1,0,1,2,0,1,0,0,0,1,1,0,0,0,0,21,15,13,18,12,21,20,28,0,2,1,0,4,4,2,2,25,27,28,25,26,28,16,30
d02016,cooking,1,0,0,1,1,0,1,0,14,14,10,7,7,21,9,14,1,2,0,0,0,0,0,0,0,0,0,0,0,0,0,0,16,20,17,13,17,20,12,26
d02017,cooking,1,5,2,5,3,6,5,0,75,63,67,99,74,58,83,81,2,1,3,1,4,1,5,5,3,5,6,4,3,4,3,3,114,123,126,139,139,106,130,107
d02018,astronomy,1,0,0,0,0,1,0,0,2,1,1,1,0,0,1,0,4,7,7,4,9,4,8,6,0,1,1,1,0,0,1,0,10,10,6,8,14,12,16,15
d02019,astronomy,1,0,1,1,2,3,0,2,1,2,1,2,0,5,0,0,31,13,25,15,22,26,18,22,1,0,0,0,0,1,2,2,38,31,35,29,36,38,29,31
d02020,machine_learning,7,9,4,5,6,8,7,8,1,0,0,1,1,0,0,1,0,1,1,0,0,0,0,0,1,1,0,1,0,0,0,0,9,4,12,12,19,9,11,11
d02021,football,1,3,0,2,1,0,0,2,2,1,1,1,2,0,0,0,0,3,1,1,2,1,0,0,17,24,18,13,23,20,30,23,38,30,34,34,44,26,39,33
d02022,football,0,0,0,2,0,1,0,1,1,0,0,0,0,1,1,0,0,0,0,2,0,1,0,0,13,12,22,13,11,13,12,17,22,28,25,20,19,20,24,24
d02023,astronomy,0,0,1,0,1,0,1,0,0,2,1,0,0,0,3,0,21,15,18,13,13,12,17,15,0,0,0,1,1,1,1,0,23,26,28,27,23,33,31,12
d02024,machine_learning,6,4,10,13,11,9,8,6,1,1,0,0,0,0,0,0,0,0,0,0,0,0,1,1,0,0,0,1,1,0,0,0,8,9,13,13,10,10,13,13
d02025,football,1,0,0,0,1,0,0,0,0,1,1,1,1,1,2,1,3,0,1,1,4,0,1,0,18,18,13,14,23,10,10,17,24,17,26,25,18,23,17,25
d02026,machine_learning,11,12,14,8,11,12,10,13,0,0,0,1,0,2,0,1,0,0,3,3,1,0,1,0,0,1,0,0,0,1,0,0,19,22,19,17,16,24,16,20
d02027,cooking,0,0,0,2,1,1,0,0,5,8,8,13,9,12,6,9,0,0,0,0,0,0,1,1,0,2,1,0,0,0,0,2,10,19,13,15,19,18,17,20
d02028,machine_learning,14,15,15,10,17,9,13,12,0,0,0,1,0,0,0,0,1,0,1,1,0,0,2,1,1,1,0,1,0,1,0,0,22,19,23,13,18,21,16,21
d02029,astronomy,1,4,2,3,2,1,1,0,1,1,3,0,0,1,2,2,29,18,26,26,27,28,35,22,1,3,0,0,1,1,2,1,49,46,48,54,56,43,52,47
d02030,football,0,0,1,0,0,0,2,0,0,1,1,0,1,0,1,0,0,1,0,2,0,0,0,0,14,10,8,9,9,6,13,7,12,20,10,14,15,8,14,13
d02031,machine_learning,12,8,6,7,6,3,17,8,0,0,0,0,0,0,2,2,0,0,0,1,1,0,0,0,0,1,3,2,0,0,3,1,19,10,17,11,22,15,8,12
d02032,astronomy,0,0,1,1,0,0,0,0,0,0,0,0,1,0,0,0,4,7,14,3,4,8,10,13,0,1,0,0,1,0,0,0,10,12,17,9,7,9,12,8
d02033,cooking,4,4,1,2,3,2,5,1,45,73,60,49,46,64,56,56,1,2,1,8,5,3,4,3,1,4,3,2,4,2,0,0,114,107,96,82,90,104,103,101
d02034,astronomy,1,1,1,2,1,0,0,2,1,0,1,2,2,1,0,3,24,23,37,18,23,23,26,29,0,0,0,1,0,2,3,1,34,54,43,30,43,37,52,44
d02035,football,0,0,0,0,1,1,0,0,0,0,0,2,0,0,0,0,2,0,1,0,0,1,1,1,9,8,10,6,6,13,11,12,24,18,18,18,28,21,20,23
d02036,football,3,6,4,5,2,0,3,4,3,6,0,4,2,6,3,1,1,1,2,3,5,2,1,2,65,65,66,65,56,51,45,49,107,107,92,104,110,99,95,99
d02037,football,0,0,1,2,1,0,1,2,0,0,0,1,1,1,1,0,1,1,1,0,0,0,1,1,8,8,10,10,14,7,4,15,6,17,8,18,19,14,15,17
d02038,cooking,0,0,1,0,1,2,0,0,22,13,19,19,17,13,17,21,2,1,1,1,3,2,2,0,0,1,2,0,2,1,1,0,27,28,38,37,37,26,23,31
d02039,cooking,2,1,0,1,0,4,0,2,31,19,24,16,20,17,16,20,3,0,0,0,0,1,1,2,3,2,1,3,0,2,0,0,33,32,41,38,42,28,31,26
d02040,football,3,1,2,1,2,2,1,5,2,1,3,2,0,1,2,1,4,3,4,0,2,1,3,1,51,68,63,53,48,53,43,55,90,98,90,86,100,86,95,99
d02041,astronomy,0,0,1,0,0,1,1,1,1,2,0,1,2,1,1,2,32,21,22,32,33,31,33,25,1,5,4,0,4,2,1,2,40,55,44,42,50,42,46,54
d02042,cooking,2,0,1,0,0,0,0,0,7,2,8,2,3,3,5,4,0,0,0,0,0,0,0,0,0,0,1,1,0,0,1,0,10,5,13,9,8,12,12,13
d02043,football,2,1,0,2,4,1,2,3,3,5,3,2,0,5,3,5,2,5,2,1,2,3,3,1,40,36,48,38,40,53,35,52,66,59,57,63,65,74,57,71
d02044,cooking,0,0,2,0,0,1,0,0,4,6,8,9,12,2,14,11,0,0,0,0,1,1,2,0,1,0,1,0,0,2,0,0,14,13,18,18,19,18,18,15
d02045,astronomy,0,1,0,0,0,0,1,1,0,0,0,0,0,0,0,0,10,11,10,10,9,10,11,11,0,0,0,1,1,0,0,1,13,18,24,15,18,15,19,20
d02046,cooking,7,0,1,2,3,0,1,1,28,22,33,31,32,29,33,31,2,0,0,0,1,1,5,2,0,2,2,1,0,0,1,1,52,50,50,54,55,41,46,46
d02047,football,1,1,0,2,2,0,1,0,1,1,1,0,0,0,0,2,1,0,2,0,3,1,0,0,7,15,9,10,14,7,3,9,17,18,15,18,19,15,18,16
d02048,astronomy,1,2,1,2,2,2,1,0,1,0,2,1,2,1,1,3,35,37,41,36,43,41,38,35,3,2,4,2,1,3,4,2,60,67,52,67,68,66,70,53
d02049,machine_learning,25,24,14,16,21,19,11,19,0,1,1,1,3,1,0,3,0,0,1,0,0,0,1,0,0,2,0,0,0,0,2,0,30,33,31,49,22,19,29,26
d02050,machine_learning,64,68,67,65,79,68,73,50,3,6,2,0,2,3,1,4,1,1,3,0,6,6,9,4,4,4,0,7,4,8,3,2,104,103,87,123,101,109,111,103
d02051,astronomy,2,1,0,0,1,0,2,2,0,0,0,0,1,0,1,0,12,22,19,20,18,11,10,12,1,1,0,2,0,2,1,1,25,26,24,18,21,19,20,22
d02052,cooking,2,0,1,1,0,1,1,2,10,11,12,4,12,14,13,18,0,0,0,1,1,0,0,0,1,0,0,2,0,0,1,1,17,18,14,24,17,23,12,16
d02053,football,0,0,0,0,1,0,1,0,0,0,0,0,0,0,1,1,0,0,0,0,0,0,1,1,6,4,5,4,3,7,2,8,13,14,10,8,9,8,8,13
d02054,cooking,0,1,2,3,0,1,0,2,20,11,14,10,10,12,9,10,1,1,0,1,0,0,2,0,1,1,0,1,0,0,4,1,30,30,22,18,19,16,20,27
d02055,football,0,1,0,1,0,0,0,0,0,0,0,0,0,0,2,1,1,0,2,1,0,2,0,1,12,12,7,6,14,9,8,7,20,15,13,14,17,7,19,8
d02056,machine_learning,8,12,16,14,18,11,17,14,0,0,0,0,1,0,0,0,1,0,2,0,0,1,0,1,0,2,0,0,3,0,0,1,30,26,25,29,38,20,24,27
d02057,machine_learning,17,23,13,19,14,13,16,6,2,0,3,1,0,0,0,0,2,2,0,0,0,1,0,3,0,0,0,1,0,0,0,1,30,26,18,17,19,20,19,24
d02058,football,0,1,0,0,0,0,0,0,0,1,0,0,0,0,0,0,1,0,0,0,1,0,0,0,3,9,10,7,6,7,6,8,10,10,9,14,9,10,17,12
d02059,cooking,0,0,0,2,4,1,1,1,28,20,18,14,20,13,22,22,0,0,0,0,1,0,0,2,0,1,1,0,1,0,0,0,27,30,25,36,34,34,32,35
d02060,astronomy,1,0,0,4,2,1,2,3,0,2,0,3,0,1,1,0,27,26,27,27,22,24,22,27,1,3,1,0,0,1,1,1,44,42,43,47,43,37,43,49
d02061,machine_learning,20,17,11,19,14,19,16,8,0,2,1,0,0,2,1,2,1,0,1,0,2,0,1,0,0,0,1,0,1,2,1,4,24,29,23,27,17,29,31,29
d02062,cooking,2,0,1,1,3,4,0,2,41,39,38,36,43,40,48,30,0,1,5,1,1,0,1,2,0,3,1,2,1,2,0,1,41,61,65,66,58,67,61,63
d02063,astronomy,5,2,1,2,1,3,2,3,3,0,1,2,2,4,4,1,50,51,33,42,44,37,48,24,2,2,3,2,3,1,2,1,62,65,63,70,64,70,67,50
d02064,machine_learning,4,6,7,11,6,5,13,6,0,2,0,0,0,0,0,0,1,1,0,1,1,1,1,2,0,2,2,0,0,0,0,0,18,16,10,4,12,9,13,11
d02065,football,2,1,1,3,1,1,1,0,1,1,0,0,0,1,0,0,0,2,0,1,1,0,1,0,20,17,16,12,17,18,21,13,31,34,28,38,43,37,39,28
d02066,astronomy,3,1,2,3,4,1,2,0,3,2,4,2,2,4,4,2,49,59,55,54,54,57,52,54,2,4,3,3,2,4,3,3,90,81,96,88,104,100,86,109
d02067,cooking,0,1,0,0,1,1,1,0,3,5,8,8,7,4,9,7,0,0,0,1,1,0,1,0,1,2,1,0,0,0,0,0,7,18,8,19,17,13,12,17
d02068,cooking,2,4,1,2,0,0,1,1,31,38,32,42,37,43,35,35,0,2,3,0,2,1,1,2,0,3,0,3,1,0,1,1,57,64,62,54,61,63,61,50
d02069,cooking,0,1,0,0,0,0,0,1,7,4,6,6,9,9,11,12,0,0,0,0,0,1,0,2,1,0,0,0,0,0,0,1,16,17,13,13,16,14,11,17
d02070,machine_learning,0,4,4,9,7,9,5,4,1,0,1,0,0,0,0,0,0,0,0,0,0,0,1,0,0,0,0,2,0,0,0,0,14,5,11,11,12,9,16,13
d02071,machine_learning,23,26,23,26,23,25,23,23,0,1,1,2,0,1,0,2,2,2,2,2,0,1,0,0,3,4,3,1,1,0,3,2,41,37,45,36,45,38,40,37
d02072,machine_learning,17,6,14,10,7,7,12,10,0,1,2,1,1,0,1,0,1,1,2,0,0,0,0,0,0,0,0,0,0,0,1,0,21,11,16,16,20,19,20,20
d02073,astronomy,0,1,1,2,1,2,1,1,0,0,0,0,0,1,1,2,21,16,22,20,20,29,28,22,1,1,1,0,0,1,0,4,50,52,33,38,49,32,40,43
d02074,astronomy,0,1,4,0,4,2,3,1,1,1,1,0,1,0,0,2,24,19,23,22,19,16,29,20,1,1,1,1,0,0,1,0,47,34,28,28,31,31,29,30
d02075,cooking,1,0,1,0,1,0,0,1,32,20,34,36,19,16,33,30,1,2,0,1,3,1,2,1,1,2,1,0,0,2,3,2,34,55,36,51,39,44,38,32
d02076,machine_learning,40,33,29,33,33,38,39,26,1,0,3,0,2,0,2,2,4,3,0,3,1,0,1,3,1,0,2,1,2,1,0,3,38,57,60,66,46,47,41,51
d02077,football,1,0,1,0,2,0,0,0,0,1,0,0,0,0,1,1,0,0,1,1,1,1,1,0,7,15,7,10,9,8,8,12,14,14,15,13,20,11,17,23
d02078,astronomy,0,2,1,0,1,0,2,0,1,0,0,1,0,1,0,0,9,11,9,9,6,8,7,11,1,0,4,0,2,0,0,0,15,20,13,12,13,15,14,15
d02079,football,0,2,1,1,0,0,0,0,2,0,2,2,2,1,0,2,0,2,1,0,0,0,1,1,20,26,11,18,22,13,22,20,22,27,18,31,28,34,26,27
d02080,cooking,0,0,0,2,1,1,1,0,12,11,16,19,24,9,20,15,1,0,0,0,0,3,0,2,0,0,0,1,0,1,2,1,28,23,21,22,24,26,21,21
d02081,machine_learning,11,10,8,10,15,8,8,12,0,1,1,0,0,0,0,0,0,0,0,0,0,0,0,0,0,0,1,0,0,1,0,1,16,19,16,11,18,15,16,15
d02082,machine_learning,14,12,12,10,11,16,18,13,1,1,2,2,2,0,0,1,2,0,0,1,0,0,0,2,1,1,0,1,2,0,0,0,18,18,24,19,20,14,21,15
d02083,cooking,0,0,0,2,0,0,0,0,10,13,11,9,10,12,6,15,1,1,1,0,0,0,0,0,0,1,1,0,0,0,0,2,13,17,17,19,20,15,19,17
d02084,football,1,0,1,1,0,0,3,0,1,0,0,1,1,0,1,2,1,0,0,0,0,2,0,0,10,16,9,9,13,14,9,10,14,13,22,18,19,17,24,18
d02085,cooking,0,2,1,1,1,4,3,3,25,27,25,25,30,29,29,16,1,1,1,2,1,2,1,0,4,2,1,0,4,0,0,1,45,49,40,43,39,45,41,41
d02086,machine_learning,8,20,8,8,13,10,11,13,1,0,0,1,1,0,0,0,1,0,0,1,1,0,2,2,1,0,0,1,1,1,0,0,21,18,13,17,11,19,15,16
d02087,cooking,2,1,1,1,1,0,1,0,29,35,24,23,26,30,25,31,1,1,2,0,3,0,2,1,1,1,1,1,2,1,0,1,38,38,47,39,37,35,47,41
d02088,cooking,3,1,0,1,0,4,2,3,29,24,25,27,23,27,16,27,0,2,1,0,0,2,1,0,2,2,1,0,0,0,0,1,30,35,40,33,34,35,40,45
d02089,cooking,1,3,0,1,1,1,1,1,16,25,15,26,16,21,19,17,1,2,1,0,1,0,1,1,1,1,2,0,0,1,0,2,21,32,35,33,40,21,30,37
d02090,astronomy,1,0,2,0,1,0,0,2,0,0,0,0,0,0,2,3,8,20,11,12,11,18,6,9,1,0,0,0,0,1,0,0,26,18,24,26,18,17,26,21
d02091,machine_learning,9,14,16,12,16,14,8,8,0,1,2,0,0,1,0,2,0,0,0,0,2,0,1,0,1,0,2,0,0,0,0,1,30,16,23,23,22,15,19,38
d02092,astronomy,0,1,0,1,0,2,2,0,0,0,0,0,2,1,0,2,23,24,28,23,25,29,22,16,2,3,0,0,0,1,0,1,32,36,41,30,32,38,36,39
d02093,astronomy,0,2,0,2,0,0,3,3,0,0,2,1,1,1,3,1,21,23,11,25,17,27,17,19,1,1,0,1,0,1,0,2,29,34,40,23,35,33,35,25
d02094,cooking,3,0,0,1,1,1,3,0,27,25,27,29,24,18,22,24,5,0,3,1,2,3,1,1,2,3,3,0,1,2,0,2,52,41,43,38,46,45,43,46
d02095,astronomy,6,4,1,5,1,4,2,4,4,0,4,3,1,3,1,3,73,78,83,76,75,70,70,71,4,2,4,3,7,3,0,5,124,119,106,110,109,101,117,107
d02096,astronomy,0,0,0,0,0,1,0,0,1,0,0,0,0,0,1,0,8,7,4,8,7,10,5,5,0,0,0,2,1,0,1,0,7,10,11,7,11,6,13,5
d02097,machine_learning,21,18,18,12,15,14,22,21,0,1,1,1,1,0,2,0,0,1,1,0,1,2,0,0,0,1,1,0,0,0,0,1,36,23,30,30,26,33,29,28
d02098,cooking,1,0,0,1,2,3,1,2,17,27,20,18,21,32,30,27,1,2,1,4,0,1,1,2,1,2,2,2,0,1,0,0,42,36,43,32,42,38,41,39
d02099,machine_learning,9,6,10,4,5,7,8,6,0,0,1,0,0,1,0,0,3,0,0,0,0,0,1,0,0,0,1,0,0,0,0,0,8,9,8,12,13,10,14,7
d02100,machine_learning,49,44,59,45,43,47,45,40,0,2,3,4,2,3,3,4,1,0,2,4,3,3,2,3,3,1,0,4,1,1,3,1,77,99,76,82,96,90,75,92
d02101,cooking,2,1,1,0,0,1,1,2,19,17,19,13,27,21,25,18,2,2,0,1,1,2,1,1,0,2,0,1,0,2,2,1,35,20,39,29,28,35,29,30
d02102,astronomy,2,0,0,1,3,0,3,1,0,0,2,0,2,1,1,1,41,34,38,32,24,36,33,37,1,2,0,2,3,0,0,1,52,49,51,69,61,67,58,58
d02103,machine_learning,16,17,17,19,22,22,21,16,1,0,0,1,1,2,3,0,2,1,0,1,1,2,0,1,1,0,3,1,0,1,1,0,19,22,24,35,21,28,23,24
d02104,cooking,0,0,0,0,0,2,1,0,4,12,15,11,10,17,10,8,0,0,0,1,0,1,0,0,0,1,1,1,0,0,0,1,10,14,22,11,16,18,14,12
d02105,machine_learning,40,31,42,24,34,32,37,28,2,1,1,2,1,0,4,2,2,3,1,3,0,1,1,2,1,1,3,5,2,0,2,1,54,57,60,56,61,55,62,61
d02106,machine_learning,4,11,6,5,4,3,9,5,1,0,0,0,0,1,0,0,1,1,1,0,0,1,0,0,0,2,0,0,0,0,0,1,5,11,10,10,13,18,11,9
d02107,machine_learning,45,40,24,34,43,38,43,40,2,1,1,0,2,1,2,0,2,0,2,1,1,3,4,2,0,1,1,1,1,0,1,2,53,72,60,60,65,66,70,51
d02108,astronomy,7,6,2,5,5,1,3,3,5,7,4,2,3,2,2,2,82,70,68,56,72,58,66,66,0,3,2,4,1,4,2,6,109,125,107,119,104,103,111,113
d02109,machine_learning,109,119,111,123,98,108,102,95,9,6,3,8,6,3,13,5,6,6,7,5,6,7,7,6,6,4,2,3,7,3,6,6,194,183,160,178,196,201,186,175
d02110,astronomy,0,0,1,0,0,0,0,0,0,0,1,0,0,0,1,0,7,11,10,7,6,8,6,7,0,0,0,1,0,1,0,0,17,9,10,10,8,5,24,12
d02111,machine_learning,7,10,4,9,7,7,4,4,0,0,1,0,0,1,0,0,0,0,0,1,0,0,1,3,1,0,0,0,0,0,0,0,6,10,5,12,17,11,13,14
d02112,football,2,1,0,1,2,0,0,0,0,0,0,0,0,0,1,0,0,1,0,0,1,0,0,1,12,14,10,8,14,13,11,7,14,24,23,24,17,25,17,15
d02113,astronomy,2,1,2,1,1,0,1,0,3,0,3,4,1,1,1,0,30,26,26,23,18,19,26,29,0,3,0,4,1,2,1,1,44,30,39,38,41,35,28,47
d02114,astronomy,1,1,0,1,4,1,0,1,0,0,3,1,1,0,0,1,7,9,8,6,11,9,7,11,0,0,0,0,0,0,1,1,15,17,14,12,17,14,12,15
d02115,cooking,0,0,0,0,0,0,1,2,12,11,11,11,15,5,12,11,0,1,1,0,1,0,0,1,1,2,0,0,2,0,2,1,23,24,15,15,16,25,22,24
d02116,astronomy,3,0,2,0,1,1,1,0,0,0,3,1,1,0,1,0,20,20,12,11,20,12,11,15,1,0,0,1,0,0,2,1,20,33,30,31,22,17,25,27
d02117,astronomy,1,3,0,0,0,2,1,0,0,0,2,0,0,0,1,1,20,13,12,7,12,13,11,13,0,0,2,2,0,0,0,1,16,18,22,21,25,15,20,16
d02118,astronomy,0,1,0,0,0,0,0,1,0,0,0,1,1,2,3,0,11,10,17,13,13,16,11,13,0,0,1,1,0,3,2,0,9,22,21,27,28,26,22,25
d02119,astronomy,0,0,2,1,0,1,1,0,1,1,0,0,2,0,0,0,2,8,12,8,5,7,8,10,0,0,0,0,0,0,0,0,17,13,14,22,18,12,12,23
d02120,football,0,0,0,2,0,0,0,0,0,1,0,0,1,0,1,0,0,0,1,0,0,0,1,1,18,9,11,9,10,7,12,10,18,15,15,16,12,24,13,20
d02121,cooking,1,0,1,1,1,0,0,0,8,4,8,9,5,12,3,7,0,0,0,1,1,0,0,1,0,1,0,0,1,0,1,0,13,9,10,13,10,14,7,7
d02122,football,0,1,2,0,0,0,1,0,0,0,0,0,0,0,0,0,1,0,0,1,2,0,0,0,9,9,8,11,12,14,16,10,15,19,13,21,18,17,16,11
d02123,cooking,0,1,1,0,0,1,0,0,23,9,17,11,14,15,17,16,0,2,4,0,0,0,2,0,0,0,0,1,0,2,2,0,27,19,16,20,19,19,20,25
d02124,machine_learning,51,56,49,52,51,62,51,61,4,2,1,1,1,2,2,4,3,1,1,3,2,1,2,8,4,3,1,2,3,0,2,4,98,91,87,88,91,95,94,90
d02125,football,1,0,1,2,0,0,0,0,2,0,0,0,0,1,1,3,1,0,1,1,1,0,0,1,9,14,14,5,4,9,7,12,14,18,15,11,7,11,15,15
d02126,football,2,2,1,6,1,4,3,2,1,1,3,3,3,1,1,2,1,4,5,3,3,4,5,5,45,61,65,63,68,55,74,52,90,97,106,119,112,101,100,96
d02127,machine_learning,12,8,11,9,7,12,7,14,1,0,0,0,0,0,0,1,0,1,0,0,2,0,0,1,0,2,0,0,0,0,1,1,16,19,6,13,13,11,10,13
d02128,football,0,0,1,0,1,1,0,0,0,0,1,2,2,1,1,0,0,0,0,0,0,1,1,2,11,9,10,13,10,14,18,15,24,26,18,18,26,39,21,19
d02129,machine_learning,26,26,21,23,23,29,25,16,0,0,0,1,0,1,1,0,0,1,1,1,1,1,1,0,2,0,2,1,1,1,2,1,38,48,41,44,38,28,37,26
d02130,astronomy,0,0,0,1,1,0,0,1,0,0,1,0,2,0,0,0,15,8,8,2,6,10,12,7,0,1,1,1,1,0,2,0,10,14,15,12,16,15,9,11
d02131,machine_learning,13,10,13,9,12,10,6,18,1,0,1,2,0,1,0,0,0,0,0,0,1,0,1,0,0,0,1,0,0,4,0,0,24,20,25,17,17,17,20,22
d02132,football,0,1,0,0,1,0,0,1,0,1,0,0,2,0,0,0,0,0,0,0,0,0,0,0,6,9,9,3,7,1,10,6,9,8,6,10,6,7,10,13
d02133,cooking,1,1,1,1,1,1,2,2,18,7,17,12,10,17,16,11,1,0,3,0,2,0,0,1,1,3,1,0,0,0,2,1,22,35,26,22,20,22,27,24
d02134,machine_learning,9,10,11,12,15,10,14,11,1,0,0,0,0,0,0,2,0,3,1,0,1,0,0,0,1,1,0,0,1,0,0,0,16,16,20,17,13,18,27,15
d02135,machine_learning,47,58,44,49,58,52,52,54,2,5,2,1,0,0,0,1,6,7,3,3,6,4,3,3,3,3,2,2,3,3,2,3,80,101,98,85,70,77,82,94
d02136,football,0,0,0,1,0,0,0,0,0,0,0,2,0,0,0,0,0,0,0,0,0,0,1,0,4,8,9,9,4,6,6,3,4,14,14,13,12,14,13,13
d02137,machine_learning,93,61,65,66,70,72,52,48,2,5,3,4,2,4,3,2,3,3,2,3,1,4,5,2,1,3,2,4,7,5,1,3,99,112,113,100,90,108,97,113
d02138,cooking,0,1,1,0,0,0,0,0,9,15,11,8,4,10,7,15,3,1,0,0,1,1,1,1,0,0,0,0,0,2,0,2,17,17,16,22,21,17,17,15
d02139,machine_learning,19,15,15,19,18,17,13,10,1,0,1,2,1,0,0,2,0,0,2,0,0,0,0,2,2,1,1,2,1,1,1,1,40,32,21,27,22,23,17,29
d02140,astronomy,2,0,1,2,0,1,4,1,3,1,0,0,0,0,4,2,37,40,49,30,48,36,51,33,0,6,0,2,2,2,2,2,86,75,64,67,71,63,78,71
d02141,machine_learning,9,11,17,9,16,10,14,12,2,1,1,0,1,0,0,2,0,2,0,1,1,1,1,1,2,1,1,0,0,0,1,0,23,23,22,29,20,20,23,16
d02142,machine_learning,16,16,12,9,17,14,26,20,1,0,1,1,0,1,1,0,0,1,0,0,0,0,1,0,0,0,0,1,1,1,1,0,21,29,20,23,33,20,23,25
d02143,football,1,0,1,1,0,1,0,2,1,0,2,0,0,2,0,1,0,0,1,1,1,0,1,1,11,23,19,19,19,14,10,13,46,25,18,24,29,29,24,25
d02144,football,0,1,1,0,1,1,0,1,2,0,0,2,1,0,0,0,0,0,1,0,1,1,1,2,15,8,8,7,8,14,15,10,18,20,18,15,20,20,19,26
d02145,football,2,1,1,1,5,0,0,1,1,0,2,1,3,1,0,1,1,2,4,0,2,2,5,1,26,38,32,25,32,21,20,24,38,62,56,49,46,58,52,37
d02146,machine_learning,10,4,6,6,7,5,4,4,0,1,1,1,0,1,1,0,0,0,0,0,0,0,0,0,0,0,0,0,2,0,0,1,12,9,7,9,9,6,10,2
d02147,astronomy,1,2,0,0,1,2,3,2,0,3,1,1,0,1,1,2,21,25,21,25,25,28,24,31,1,1,0,1,0,1,1,0,38,30,37,42,39,36,41,44
d02148,astronomy,4,2,3,1,2,1,3,0,0,1,3,0,2,2,2,0,39,36,42,29,32,28,38,42,1,2,1,2,1,0,0,0,73,55,55,57,55,49,51,53
d02149,cooking,3,1,1,1,1,1,1,0,16,27,21,28,20,25,28,17,0,0,2,1,2,0,0,2,0,1,2,1,1,1,2,1,32,30,44,46,32,26,40,39
d02150,cooking,0,1,0,1,2,0,0,0,13,8,14,15,13,16,8,7,1,0,0,1,0,0,0,1,1,0,3,0,0,1,0,0,12,12,18,18,17,12,21,13
d02151,football,2,0,0,0,0,0,0,1,1,2,1,0,1,0,0,2,0,3,1,0,0,3,0,3,14,15,12,15,15,19,20,10,28,28,28,30,33,23,31,19
d02152,cooking,3,2,4,1,2,2,2,2,44,39,36,50,50,43,54,46,0,2,1,2,1,3,2,4,1,2,2,3,2,2,3,2,69,61,78,76,58,68,83,67
d02153,machine_learning,4,4,4,6,5,4,1,2,0,0,0,0,0,0,0,0,0,1,0,1,1,0,0,0,0,0,0,0,0,0,1,0,10,7,2,8,15,9,6,6
d02154,astronomy,2,0,2,1,1,0,0,0,2,3,3,0,2,2,4,1,26,26,26,31,31,20,20,21,1,1,3,2,2,0,0,2,52,47,38,38,33,36,47,31
d02155,cooking,0,1,1,0,1,1,1,1,7,4,5,5,5,10,8,4,0,0,0,0,0,0,0,0,0,0,0,2,0,0,0,0,15,8,9,15,13,11,6,18
d02156,cooking,2,0,0,1,1,2,2,1,22,6,15,13,10,13,24,14,0,2,0,2,0,3,0,0,1,0,0,0,0,1,2,1,22,21,23,17,27,18,20,23
d02157,football,1,0,0,0,2,0,2,0,0,0,2,0,1,0,0,2,3,1,1,1,2,0,2,2,27,18,14,22,20,16,21,16,32,25,32,18,27,25,27,20
d02158,football,0,0,0,0,0,1,1,1,0,2,0,0,2,2,1,0,3,1,0,0,0,0,0,0,11,12,10,18,18,19,20,23,17,25,30,27,31,31,20,17
d02159,football,0,0,0,0,0,0,0,1,0,0,1,0,0,2,0,0,0,1,0,0,0,0,0,1,7,6,10,10,10,6,8,10,10,28,13,12,19,13,12,9
d02160,astronomy,0,1,0,0,1,0,1,0,0,0,0,0,0,1,0,0,6,8,4,7,6,5,6,2,1,1,0,0,0,0,1,0,12,11,14,9,10,4,12,10
d02161,football,1,1,0,0,0,0,0,0,0,0,0,1,0,0,0,0,0,0,1,0,0,1,1,0,6,10,4,10,5,11,7,5,12,17,7,12,11,7,11,15
d02162,astronomy,0,1,0,0,0,2,0,0,1,2,1,2,0,0,0,1,14,11,15,8,9,17,17,5,1,0,1,1,1,0,1,0,21,22,16,26,20,26,21,18
d02163,football,3,0,0,0,1,0,0,0,0,1,1,0,0,0,1,0,1,1,0,2,0,0,0,1,6,6,5,4,4,6,3,1,4,9,7,6,5,10,7,7
d02164,astronomy,1,0,1,1,0,0,4,1,1,1,2,0,1,0,0,1,16,22,19,24,17,11,19,12,0,0,1,0,1,1,1,1,19,31,23,21,22,33,30,30
d02165,cooking,0,0,0,0,1,0,1,1,11,3,4,11,8,8,6,8,0,1,0,1,1,0,0,1,2,0,1,0,0,0,0,0,16,10,13,19,5,20,10,10
d02166,cooking,1,1,1,2,3,1,2,0,15,16,12,17,15,14,14,15,1,0,0,0,1,1,0,1,0,1,2,0,1,1,0,1,31,17,26,24,33,26,20,27
d02167,football,3,13,14,13,17,9,7,8,8,16,13,17,10,6,16,10,12,13,6,19,4,13,9,7,250,222,216,216,258,217,226,238,359,375,379,391,398,381,372,364
d02168,machine_learning,12,10,7,10,5,17,10,6,1,0,0,1,0,2,1,2,0,0,0,0,0,1,1,0,0,1,0,0,1,1,1,0,21,21,15,21,17,15,14,17
d02169,astronomy,0,1,0,0,0,0,0,0,1,1,0,0,0,0,0,1,5,0,8,4,9,3,6,6,0,0,0,0,0,0,0,0,14,12,15,8,20,18,12,5
d02170,football,0,0,0,1,0,0,0,0,0,0,0,0,0,1,1,1,0,0,0,0,0,1,2,0,6,10,8,8,7,4,6,10,15,7,8,5,8,9,17,7
d02171,machine_learning,21,21,22,23,16,18,13,21,0,0,1,1,1,1,1,1,1,1,0,2,0,0,1,1,2,0,1,1,2,2,0,3,35,40,28,37,37,38,22,33
d02172,football,0,1,0,0,0,0,0,1,0,1,0,1,0,1,3,0,1,0,0,0,0,1,2,0,10,12,7,7,12,12,10,5,14,13,14,11,13,15,10,16
d02173,cooking,0,1,2,2,1,1,2,0,21,25,35,29,47,35,31,24,1,1,4,1,4,0,4,2,3,1,2,2,1,1,0,1,66,39,51,45,52,61,50,53
d02174,cooking,0,1,0,1,0,1,1,0,13,11,6,5,4,8,6,10,0,1,0,0,0,0,0,0,0,0,0,1,1,0,0,0,14,12,10,16,11,17,12,12
d02175,cooking,1,0,1,0,0,1,0,0,8,18,14,14,17,10,8,17,0,1,1,0,1,0,0,0,0,0,1,2,1,1,0,2,17,15,19,19,14,18,18,16
d02176,cooking,1,2,0,3,2,1,0,0,10,14,17,12,19,12,21,15,0,2,0,2,0,1,0,1,0,0,0,1,1,2,1,0,25,25,27,14,19,21,19,27
d02177,football,2,0,0,0,0,0,1,1,1,1,0,0,1,1,2,0,0,0,1,0,0,1,1,0,9,11,18,7,11,13,8,11,20,22,18,12,19,25,20,20
d02178,cooking,1,1,0,0,2,0,0,0,7,11,4,8,5,8,7,8,2,1,0,0,0,0,0,0,0,0,0,0,0,1,0,0,20,8,13,11,12,5,10,18
d02179,machine_learning,14,17,8,23,10,17,10,21,2,1,0,0,0,0,3,0,1,2,0,0,0,1,1,2,1,0,0,1,1,1,0,1,22,19,20,26,27,31,19,20
d02180,football,1,1,0,1,1,0,1,2,0,0,4,4,3,2,2,1,1,4,2,1,1,0,1,0,40,28,27,26,27,31,29,24,48,41,36,44,56,70,48,56
d02181,football,1,2,0,0,0,0,1,1,0,1,1,0,1,2,0,0,0,0,0,0,0,0,1,0,13,10,13,7,14,13,9,8,21,22,19,18,23,19,15,23
d02182,cooking,0,1,1,1,0,0,0,0,12,23,14,8,13,12,5,11,2,0,0,1,2,1,0,0,1,3,0,2,0,0,0,0,20,22,17,18,16,16,13,22
d02183,astronomy,1,3,0,2,2,0,1,2,3,0,2,0,1,2,0,1,33,31,27,25,26,20,40,31,0,0,1,0,1,0,2,2,37,39,45,43,41,42,44,39
d02184,football,2,0,0,2,1,0,0,0,1,1,0,0,0,2,2,0,0,0,0,1,2,1,0,3,12,18,15,16,5,21,20,17,21,28,18,19,30,36,26,25
d02185,cooking,1,0,1,0,1,0,0,0,5,7,10,7,9,5,13,15,0,1,0,0,1,0,0,1,1,1,1,0,0,1,2,0,17,20,19,16,21,13,27,27
d02186,astronomy,1,3,0,2,0,1,0,1,1,2,1,2,0,1,1,1,31,22,22,34,34,24,34,20,1,4,1,3,2,2,2,2,46,42,48,44,53,39,49,47
d02187,football,0,0,0,0,0,0,0,0,0,0,0,0,0,1,0,2,0,0,0,0,1,0,0,0,12,13,10,7,7,10,16,12,16,18,13,18,20,12,27,11
d02188,football,0,0,0,1,0,0,0,0,0,0,1,0,0,0,0,0,0,0,0,0,0,0,0,1,1,4,1,2,7,3,4,4,6,8,5,3,6,2,2,6
d02189,astronomy,2,1,1,0,0,0,1,0,0,0,0,0,1,0,2,1,21,18,10,15,15,22,23,23,0,1,1,1,0,1,1,1,27,26,33,36,32,32,31,26
d02190,cooking,0,0,1,0,1,1,0,0,15,2,14,8,10,12,13,7,0,1,0,2,0,0,0,1,0,0,0,0,0,1,0,0,14,15,24,17,17,20,22,19
d02191,cooking,2,4,2,1,3,4,5,4,61,60,52,46,49,68,57,68,2,4,1,4,2,6,0,8,2,6,3,3,3,0,2,2,93,83,96,90,75,89,83,102
d02192,football,0,2,0,0,1,0,0,0,0,2,0,0,0,0,1,0,0,0,0,0,0,0,0,0,6,6,10,10,11,6,10,8,14,12,12,13,9,11,11,18
d02193,football,1,0,2,1,0,0,1,1,1,2,2,2,1,3,0,2,2,2,5,2,1,1,3,4,36,21,20,33,27,21,34,18,40,38,42,43,45,52,41,39
d02194,football,1,0,0,1,0,0,0,0,0,0,0,0,1,0,2,0,0,1,0,1,1,0,1,0,4,7,9,12,8,9,11,11,11,12,10,6,12,15,11,13
d02195,machine_learning,17,10,9,10,10,9,8,9,0,1,1,0,0,0,1,2,0,0,2,3,1,0,0,1,0,2,1,0,1,1,1,1,23,14,27,24,19,23,25,13
d02196,football,0,0,0,0,0,0,0,3,1,1,0,0,0,1,0,1,0,2,0,0,0,1,1,0,9,7,10,7,4,9,3,8,9,14,9,12,16,13,20,11
d02197,football,1,4,0,1,1,4,2,2,1,3,1,0,0,0,2,3,2,2,2,1,0,2,3,2,30,28,40,31,24,25,29,27,48,48,46,36,38,49,38,47
d02198,football,2,4,1,2,2,2,1,1,1,1,1,3,2,4,3,3,1,5,2,3,2,0,1,1,45,48,42,46,47,36,36,44,73,67,66,83,65,75,54,48
d02199,cooking,1,0,0,2,2,0,2,1,17,10,14,11,14,8,13,11,0,2,0,1,0,1,1,1,0,1,1,0,0,0,0,0,16,18,22,11,15,16,17,16
d02200,machine_learning,17,20,17,20,21,16,16,22,0,0,1,0,0,1,0,1,1,1,2,1,1,1,1,0,1,1,0,1,0,2,1,1,23,30,23,34,35,23,32,23
d02201,astronomy,1,0,0,0,0,1,0,0,1,0,0,0,0,0,0,0,3,5,6,8,2,5,10,5,0,0,0,1,0,0,0,0,7,11,9,11,9,9,9,5
d02202,cooking,1,1,0,0,0,1,2,1,18,11,10,13,13,10,9,13,0,0,0,0,0,1,0,2,0,1,1,0,0,0,1,1,17,24,19,26,18,18,24,24
d02203,machine_learning,54,53,47,48,54,55,51,45,2,2,3,2,3,7,2,1,3,1,1,3,0,3,4,3,2,2,1,0,5,4,1,0,80,60,97,82,95,84,78,83
d02204,astronomy,0,0,0,1,0,1,0,0,0,0,0,0,0,0,0,0,13,3,9,6,6,6,8,8,1,0,0,0,0,0,0,0,11,7,14,9,12,14,7,5
d02205,football,1,0,1,0,0,1,0,1,0,1,3,0,2,1,0,2,0,0,2,2,1,3,1,1,17,21,24,27,16,26,23,22,34,36,36,32,43,35,35,31
d02206,cooking,0,1,0,0,0,1,0,1,10,3,10,3,6,8,6,6,0,0,0,1,1,1,1,0,0,0,0,0,1,0,0,0,9,6,8,14,13,10,10,16
d02207,cooking,2,2,2,2,1,2,1,0,27,28,26,33,38,25,26,21,2,1,1,1,0,3,0,1,1,1,0,2,1,1,2,1,56,58,50,50,58,50,55,57
d02208,machine_learning,3,10,4,8,7,7,6,8,0,0,0,0,1,1,0,1,0,0,1,0,0,0,0,0,1,3,0,1,1,1,0,1,9,16,10,15,10,14,16,12
d02209,astronomy,1,0,0,0,1,0,0,0,0,0,0,0,0,0,0,0,3,4,3,7,5,2,4,7,0,0,0,0,0,1,1,0,7,15,7,7,8,10,13,12
d02210,football,3,2,1,3,1,1,2,2,3,4,0,4,5,3,2,2,1,1,3,1,1,0,1,4,43,51,47,59,46,39,45,49,66,63,62,64,78,88,83,79
d02211,machine_learning,6,8,11,8,14,11,7,9,0,1,2,0,0,0,0,1,1,0,1,0,0,1,0,0,0,0,0,0,0,0,0,0,8,11,14,16,14,12,15,18
d02212,cooking,0,0,1,0,1,0,1,2,10,10,18,16,12,11,17,15,1,2,1,2,0,0,0,1,0,1,0,2,0,0,0,0,21,31,27,24,23,16,14,14
d02213,football,0,1,0,0,0,0,0,0,0,0,1,1,0,0,0,1,0,0,0,0,1,1,0,0,3,4,4,14,10,10,6,7,10,15,16,14,15,13,11,14
d02214,astronomy,0,0,0,0,0,0,0,0,1,0,0,0,0,0,0,0,2,4,3,4,4,2,4,9,0,0,0,0,0,0,1,0,9,11,10,6,11,11,6,6
d02215,football,0,0,0,0,0,0,0,1,0,0,0,0,1,0,0,1,0,2,0,0,0,0,0,0,5,5,2,7,2,5,4,7,4,7,7,6,7,8,6,4
d02216,football,3,0,2,1,0,1,2,2,0,1,1,1,2,2,1,2,3,1,3,2,1,1,1,2,35,23,43,20,27,36,41,35,37,51,48,54,51,52,50,34
d02217,football,0,1,0,0,1,1,1,3,3,0,1,1,1,1,0,1,0,1,0,2,0,1,1,2,15,20,18,17,14,16,16,19,33,23,25,22,25,19,23,21
d02218,machine_learning,40,36,39,31,34,33,41,32,1,2,0,2,3,0,2,1,1,1,2,1,4,1,3,3,0,1,1,2,3,1,0,4,61,64,53,42,48,81,71,45
d02219,machine_learning,4,10,8,4,6,6,9,5,0,0,0,0,0,0,0,0,0,0,0,0,0,1,0,0,1,0,1,1,0,0,1,0,8,8,13,8,11,7,10,11
d02220,machine_learning,8,13,15,11,12,9,9,9,0,0,1,0,0,0,0,1,1,0,2,0,0,0,2,0,0,1,0,1,0,0,0,0,20,23,16,15,24,27,21,23
d02221,cooking,0,1,1,1,0,1,0,1,23,27,31,16,28,24,36,25,1,0,0,1,1,2,2,1,1,1,0,0,2,1,2,1,43,38,47,43,46,49,47,42
d02222,cooking,0,0,0,1,0,0,0,0,16,11,9,12,15,15,8,17,3,1,2,0,0,0,0,2,1,0,1,2,0,2,0,0,26,13,11,23,24,19,16,9
d02223,astronomy,1,2,2,2,2,0,1,2,2,1,5,5,2,4,2,0,36,33,31,31,31,40,46,30,3,1,6,1,0,0,1,1,40,44,50,60,49,52,47,65
d02224,football,0,1,0,0,1,0,0,1,1,0,0,1,1,0,0,1,0,0,0,0,1,0,0,0,5,6,5,11,2,4,3,7,7,10,7,4,7,11,2,8
d02225,astronomy,2,0,0,1,0,0,0,2,2,0,0,1,0,2,0,1,23,21,21,19,20,14,16,16,1,1,1,0,1,2,2,0,23,38,31,25,32,33,28,35
d02226,machine_learning,22,15,22,16,17,21,19,14,1,0,1,0,1,0,0,2,1,3,2,2,1,1,0,0,1,2,0,1,0,0,0,0,18,35,37,35,24,35,29,31
d02227,astronomy,1,2,0,0,1,0,0,2,1,1,0,0,0,1,1,0,8,9,5,4,5,2,8,9,0,1,1,0,0,0,0,0,10,14,12,17,12,15,12,13
d02228,astronomy,0,4,1,0,0,0,0,0,1,2,0,0,1,1,3,1,15,11,12,16,20,13,8,17,0,1,1,0,0,1,1,0,30,27,23,31,29,26,19,14
d02229,football,0,0,0,0,0,0,0,0,0,0,0,0,0,0,0,0,0,0,0,0,0,0,0,0,6,1,8,5,7,1,6,3,10,13,7,10,11,6,8,9
d02230,astronomy,4,1,2,2,1,1,2,0,3,2,1,1,0,0,2,0,38,20,15,22,21,29,16,26,2,1,0,1,1,1,1,1,26,27,45,40,25,39,30,32
d02231,cooking,1,0,0,0,0,2,0,1,17,17,14,15,18,12,16,11,0,1,0,1,1,2,0,0,1,1,1,0,1,0,0,1,32,20,30,21,18,26,22,23
d02232,astronomy,0,1,2,2,0,1,0,1,1,2,0,3,0,1,2,1,11,13,9,15,10,11,17,13,0,0,0,1,1,1,1,0,16,21,20,12,16,22,24,28
d02233,machine_learning,30,26,17,29,34,34,21,23,1,3,1,1,0,4,2,0,0,1,0,3,0,4,3,1,2,2,1,2,1,0,2,1,35,37,53,48,45,44,41,51
d02234,machine_learning,29,17,28,37,22,25,16,26,2,0,2,3,0,2,0,2,1,4,5,3,1,1,2,1,1,1,0,1,2,2,5,1,49,41,46,46,46,45,47,36
d02235,cooking,1,0,1,0,1,0,2,0,7,7,9,5,8,6,11,8,1,1,0,0,1,0,0,0,0,1,0,0,1,1,0,0,10,14,13,10,13,18,5,18
d02236,cooking,1,0,0,0,2,0,0,0,15,15,6,10,10,14,14,7,3,0,1,0,0,1,0,0,1,1,0,0,0,0,1,1,12,21,17,17,15,11,16,11
d02237,astronomy,1,0,1,0,0,0,0,1,0,0,0,0,1,0,0,0,5,7,5,0,5,4,4,7,1,0,0,0,0,1,0,0,5,6,8,9,12,7,7,8
d02238,machine_learning,14,16,10,14,16,13,12,13,0,0,1,1,1,1,1,2,1,0,1,1,0,3,2,0,2,0,1,1,1,0,1,1,15,15,20,16,11,19,26,21
d02239,astronomy,0,1,2,1,4,2,1,2,2,2,1,1,0,1,2,0,28,23,28,24,33,27,28,32,3,1,1,2,0,0,2,0,41,48,46,47,46,26,44,41
d02240,astronomy,0,1,2,1,0,3,3,0,1,1,1,0,2,1,2,1,43,33,30,33,31,26,28,37,0,1,0,2,1,1,2,1,45,49,59,54,57,55,48,61
d02241,machine_learning,17,10,12,18,13,12,7,6,0,0,0,1,1,0,0,0,0,0,2,1,1,1,1,1,0,3,0,0,1,1,1,0,23,25,26,12,16,16,19,21
d02242,football,1,1,2,0,0,0,2,0,0,1,0,0,0,0,2,0,0,0,0,0,1,0,0,0,5,9,4,7,6,4,4,7,9,6,11,11,14,5,6,9
d02243,football,0,1,0,0,1,0,0,0,0,0,0,0,0,0,0,0,0,0,1,0,0,0,1,0,5,9,13,2,9,11,4,13,16,8,11,11,9,8,7,6
d02244,football,0,0,0,0,0,0,0,0,0,2,0,0,1,1,0,1,0,1,0,0,0,0,1,0,7,8,10,13,13,8,10,7,9,12,10,9,18,15,10,14
d02245,astronomy,2,1,0,0,0,1,2,1,1,1,1,0,2,2,1,0,11,15,15,17,12,10,10,11,1,1,0,0,0,1,0,0,26,22,18,22,26,30,23,28
d02246,machine_learning,4,5,3,6,3,2,4,3,0,1,0,0,0,0,0,0,0,0,1,0,0,0,0,0,0,0,0,1,0,0,0,0,8,8,3,7,6,9,5,5
d02247,football,0,0,0,1,0,1,1,2,0,0,0,1,0,0,1,0,1,2,0,0,0,0,0,1,7,5,6,8,7,4,10,11,16,11,14,20,10,12,12,6
d02248,astronomy,0,1,0,1,0,1,1,3,0,0,0,3,2,1,1,0,13,12,24,20,11,13,7,21,1,0,1,1,1,1,0,0,12,30,26,19,29,23,26,18
d02249,cooking,3,0,1,3,0,0,0,0,19,14,17,12,13,16,17,16,0,0,0,0,1,0,0,1,2,0,0,1,1,3,0,0,19,25,26,23,26,28,24,30
d02250,cooking,0,0,0,0,0,1,1,1,7,13,6,10,5,8,11,6,0,1,0,0,0,0,0,0,1,1,1,0,1,0,2,0,14,16,16,13,12,12,18,12
d02251,cooking,0,1,3,0,0,0,0,1,5,11,14,12,5,13,10,8,0,0,2,0,0,0,0,1,0,1,0,1,2,0,0,0,22,17,16,16,15,18,20,9
d02252,astronomy,1,2,2,1,1,2,1,0,1,0,2,0,1,1,3,1,24,23,28,26,27,26,22,21,0,1,0,3,0,0,1,2,50,25,46,39,42,40,25,31
d02253,machine_learning,49,41,43,53,42,51,33,37,2,2,3,2,2,1,3,0,5,3,1,3,2,3,1,1,1,4,2,2,1,2,1,1,70,64,83,67,65,56,73,69
d02254,cooking,0,0,0,0,0,0,0,2,11,17,16,9,13,18,12,11,0,0,0,0,0,0,0,0,0,0,0,1,1,1,1,0,15,29,22,16,19,25,27,22
d02255,astronomy,0,0,0,0,0,0,1,1,1,0,0,0,1,0,0,0,7,10,9,10,6,10,6,10,0,0,0,0,0,1,0,0,15,11,14,12,17,14,13,12
d02256,football,1,0,0,2,0,0,0,0,0,1,0,0,0,0,0,1,0,0,1,0,0,0,0,0,13,8,4,10,9,6,5,7,15,12,15,10,15,9,12,13
d02257,machine_learning,9,7,19,14,18,19,19,11,1,1,5,1,1,1,0,1,1,1,2,0,0,0,2,1,2,1,0,1,1,0,1,0,21,22,28,24,23,23,35,27
d02258,cooking,2,1,1,0,0,1,1,0,12,15,12,10,7,17,15,8,0,0,1,0,0,3,1,0,0,1,0,0,1,1,3,0,21,20,25,28,17,18,30,19
d02259,astronomy,0,0,0,0,0,2,1,1,0,1,0,0,0,0,0,0,12,4,4,7,5,2,8,5,0,1,0,0,0,1,0,0,14,11,15,13,11,10,15,11
d02260,football,1,0,1,0,0,0,0,1,0,0,1,0,0,0,0,0,0,0,1,0,0,0,1,1,4,6,6,6,12,7,7,7,12,11,9,11,13,7,9,11
d02261,football,0,0,0,2,0,0,0,0,0,0,1,0,0,1,0,1,1,1,1,0,0,1,0,0,12,10,7,3,6,4,7,4,9,10,14,23,16,20,12,15
d02262,cooking,0,1,2,0,0,0,0,0,10,8,14,7,6,7,13,4,1,0,1,0,0,1,0,0,1,0,0,0,1,0,1,1,10,12,9,12,14,13,13,15
d02263,astronomy,0,2,0,0,0,0,0,0,0,0,0,0,1,0,0,0,4,5,5,5,9,8,6,11,0,0,0,0,1,0,0,1,13,11,13,8,11,9,12,9
d02264,football,1,0,0,1,1,1,0,0,0,0,0,0,0,0,0,0,1,0,0,0,0,0,1,0,4,8,7,5,8,4,6,6,11,8,15,11,13,11,3,14
d02265,machine_learning,8,11,4,11,8,12,15,5,0,0,0,1,2,0,0,0,0,0,0,1,1,1,0,2,0,1,0,1,0,0,0,0,14,20,19,15,11,11,8,11
d02266,machine_learning,20,30,25,30,30,35,28,37,2,1,1,1,1,3,1,2,1,2,0,3,2,1,1,1,1,2,1,3,3,2,1,1,40,48,56,51,48,40,50,45
d02267,machine_learning,10,11,9,8,8,9,7,6,1,0,0,2,1,1,0,0,0,1,0,0,0,1,0,0,0,1,0,0,0,0,0,0,13,8,10,13,12,12,12,9
d02268,football,1,0,0,0,0,0,0,0,0,0,0,0,0,0,0,0,0,0,0,0,1,0,0,0,6,3,4,4,5,6,4,1,6,4,11,7,7,7,8,1
d02269,astronomy,1,1,1,1,1,2,0,1,0,0,2,3,0,0,2,1,7,9,16,11,14,17,10,8,0,1,1,0,0,0,0,1,26,23,18,25,25,22,19,21
d02270,machine_learning,9,13,11,3,13,12,13,7,1,0,1,0,2,1,0,0,1,0,0,0,0,1,0,0,1,0,0,0,1,1,0,1,16,17,15,25,22,22,28,18
d02271,machine_learning,54,35,53,45,55,45,43,45,4,2,5,3,0,1,4,3,0,0,3,7,2,4,3,2,1,2,0,2,1,2,1,5,84,93,96,72,80,104,76,78
d02272,machine_learning,15,15,22,14,23,19,9,12,0,0,0,0,1,1,0,0,0,0,1,0,1,0,0,1,0,0,0,2,1,0,0,0,32,30,23,27,27,30,27,27
d02273,machine_learning,12,9,10,8,6,15,6,11,0,0,1,0,0,0,1,0,1,0,1,0,1,0,1,0,2,0,0,0,0,0,0,1,31,13,12,13,18,19,22,16
d02274,football,2,0,2,1,2,0,1,1,1,0,3,1,2,0,2,2,1,0,1,1,1,0,0,3,38,41,33,31,24,34,40,32,61,52,48,58,66,66,47,57
d02275,astronomy,1,1,1,2,0,1,1,1,2,1,3,3,1,0,1,1,23,19,18,24,29,20,26,30,0,1,1,1,0,0,0,1,31,30,39,31,40,37,38,43
d02276,cooking,0,1,0,0,0,1,1,0,14,5,9,12,11,10,20,9,0,4,0,0,1,0,0,0,0,0,1,0,0,1,1,0,20,18,19,17,25,21,18,19
d02277,astronomy,0,0,0,0,1,1,0,0,0,0,0,0,0,1,1,0,3,2,4,5,7,3,1,2,0,0,1,0,0,0,0,0,6,3,5,7,7,5,7,8
d02278,cooking,2,0,0,0,0,0,0,0,4,7,6,3,4,11,4,4,0,0,0,0,0,1,0,0,1,0,1,0,1,0,0,0,6,10,7,7,9,6,11,10
d02279,machine_learning,24,36,15,23,24,26,17,22,1,1,1,0,1,1,1,1,1,2,2,4,2,0,0,2,1,1,1,3,0,3,1,1,33,47,38,36,41,32,46,30
d02280,astronomy,2,1,0,3,4,2,1,0,0,2,1,3,1,2,1,0,29,23,29,20,26,34,35,23,1,3,1,3,0,2,2,4,37,43,40,43,37,56,46,52
d02281,astronomy,0,1,0,0,0,0,0,0,0,0,1,0,0,0,0,1,3,7,2,5,1,5,4,11,0,0,0,0,1,1,0,0,12,8,7,9,10,5,10,11
d02282,football,2,1,0,0,2,0,3,1,0,0,3,1,0,1,0,0,0,3,0,0,3,2,1,0,19,14,17,17,16,12,10,18,19,34,24,31,36,20,28,30
d02283,machine_learning,20,7,11,12,13,13,12,7,0,1,0,1,0,1,0,1,1,1,1,0,0,2,3,1,0,1,0,0,0,3,1,1,24,22,24,14,23,17,21,25
d02284,astronomy,0,1,1,0,0,2,1,2,1,2,2,1,0,0,0,0,19,23,19,25,18,19,22,26,2,0,1,1,0,1,2,0,39,33,26,37,43,41,36,34
d02285,cooking,3,0,0,1,0,1,1,1,13,16,13,17,16,19,19,20,0,1,1,0,3,1,1,1,1,3,0,2,1,1,1,0,21,21,27,23,36,25,25,29
d02286,cooking,0,0,0,0,0,0,0,1,9,8,10,6,8,10,7,13,0,0,0,0,0,0,0,2,1,0,0,0,1,1,2,1,20,16,14,14,8,10,16,13
d02287,machine_learning,24,23,12,15,24,20,19,25,1,0,1,2,2,0,0,1,0,1,0,2,1,1,1,1,0,0,0,3,3,0,1,0,34,31,42,31,36,28,29,36
d02288,football,2,2,1,5,0,1,4,0,3,2,3,0,4,3,4,1,1,0,5,2,4,1,2,0,43,44,38,42,35,50,29,45,72,63,56,73,65,58,77,80
d02289,cooking,1,3,1,0,0,0,1,4,36,30,33,30,44,44,26,43,1,1,2,0,0,5,5,2,0,1,1,5,1,1,2,3,48,70,54,85,59,54,47,60
d02290,cooking,0,1,1,0,0,0,0,0,4,8,4,0,6,5,3,3,1,0,0,0,0,0,0,0,0,0,0,0,0,0,0,0,9,7,15,7,6,18,6,6
d02291,machine_learning,22,28,14,18,18,23,23,22,1,0,1,0,1,1,0,0,2,1,1,0,2,2,0,2,1,1,0,1,0,3,2,3,39,31,35,31,39,35,36,31
d02292,cooking,1,1,0,0,2,0,3,0,12,16,6,15,18,11,11,3,0,0,1,1,0,0,0,1,0,0,1,2,0,0,0,0,21,12,21,23,11,22,17,18
d02293,astronomy,1,1,0,2,0,2,0,1,0,0,1,0,1,0,1,0,10,12,9,6,3,8,6,7,1,0,0,2,1,0,0,0,13,15,14,21,15,17,9,7
d02294,football,0,0,0,1,1,0,0,0,1,0,0,0,0,0,0,0,0,0,0,1,0,1,0,0,6,2,5,4,6,6,4,4,7,5,7,3,8,9,7,9
d02295,football,0,0,0,1,2,2,1,2,0,2,0,2,0,1,0,0,1,2,1,1,1,0,1,0,13,18,14,26,17,27,15,21,26,28,26,23,25,27,26,27
d02296,machine_learning,24,15,14,15,16,17,17,19,0,2,1,0,0,0,1,1,0,0,0,1,2,3,0,0,1,1,1,2,1,1,0,2,32,39,29,27,33,34,25,37
d02297,football,0,0,0,0,0,0,0,1,0,2,1,0,2,0,0,0,0,0,0,0,0,1,1,0,12,8,6,7,16,11,11,9,16,21,14,15,16,18,18,20
d02298,astronomy,0,0,0,1,2,0,0,1,0,1,1,1,1,0,1,0,11,9,14,18,16,17,10,18,1,1,0,0,0,0,1,0,31,29,29,22,19,23,21,26
d02299,cooking,0,0,1,0,0,0,0,1,11,4,8,2,5,4,4,2,0,0,0,0,0,0,0,0,0,1,0,0,0,0,0,0,7,5,4,13,4,9,6,9
d02300,football,0,0,0,0,1,1,1,1,0,0,0,0,2,0,1,1,1,2,0,1,0,1,1,0,12,8,11,13,17,9,13,10,17,16,12,18,21,18,16,24
d02301,machine_learning,47,42,58,58,56,44,46,55,1,3,4,2,5,2,2,3,2,6,1,4,2,6,2,7,2,3,3,0,1,3,3,4,102,101,86,73,81,77,82,79
d02302,astronomy,0,1,0,0,0,0,0,1,0,0,0,0,0,0,0,0,5,2,9,7,4,6,9,6,0,0,0,0,1,0,0,0,8,11,11,14,11,14,16,4
d02303,astronomy,0,1,1,1,0,1,0,0,1,0,2,2,0,1,0,1,13,6,11,10,5,10,9,9,0,0,1,1,1,0,0,0,9,12,14,10,12,12,14,11
d02304,cooking,1,0,0,0,0,0,0,0,9,5,7,5,6,9,5,2,1,0,0,0,1,1,0,0,1,0,0,0,0,0,0,0,7,9,13,10,7,6,15,6
d02305,football,1,0,0,1,2,0,2,2,2,0,2,0,2,1,0,0,1,1,1,2,2,1,0,2,11,19,20,15,18,27,26,21,36,32,33,24,30,37,34,33
d02306,astronomy,0,0,1,0,0,0,0,0,1,0,0,0,0,1,1,0,4,6,6,1,4,5,6,1,0,0,0,0,1,0,0,0,7,6,3,9,12,8,6,6
d02307,football,1,1,1,0,0,1,0,1,0,0,1,3,1,1,0,0,0,1,0,1,0,0,0,1,11,9,6,12,14,14,17,9,19,12,15,19,13,13,16,14
d02308,cooking,0,0,3,0,2,0,0,0,13,14,17,10,11,12,12,10,0,1,1,0,3,1,0,3,0,0,0,0,0,1,0,1,21,22,18,21,21,14,16,22
d02309,astronomy,0,0,1,1,1,0,0,0,0,0,0,0,2,0,0,1,6,10,6,3,10,5,7,12,1,0,0,0,3,1,0,0,19,16,17,15,18,12,8,10
d02310,astronomy,0,0,0,0,0,0,0,0,0,0,0,1,1,1,0,1,5,12,6,6,7,3,9,7,1,0,0,2,1,0,0,0,12,11,14,10,8,13,17,8
d02311,football,0,0,0,0,0,0,0,1,0,0,0,0,0,0,0,0,0,0,0,0,1,0,1,0,5,1,7,3,5,5,5,4,6,7,6,2,4,2,10,4
d02312,football,0,0,0,2,0,2,0,1,0,0,1,0,1,1,1,1,1,2,2,1,2,0,0,1,14,14,13,9,13,16,16,14,28,18,25,29,28,25,25,27
d02313,cooking,0,1,0,2,0,1,0,0,18,18,11,9,15,16,13,18,1,0,1,0,0,2,0,1,1,0,0,1,3,1,1,0,35,18,18,27,17,22,22,41
d02314,machine_learning,16,24,21,22,19,18,23,17,0,1,2,1,1,0,1,3,0,1,1,0,0,3,2,0,1,0,2,1,1,0,3,0,32,36,30,33,39,32,40,31
d02315,football,5,6,2,0,3,1,3,6,4,7,3,3,6,3,5,4,3,3,2,5,3,4,1,2,81,76,63,60,76,81,66,56,106,110,108,111,112,103,115,138
d02316,machine_learning,2,7,4,5,6,6,8,5,0,1,0,0,0,1,0,0,0,0,0,0,1,0,0,0,1,0,1,1,0,0,1,1,17,7,13,16,13,14,9,7
d02317,machine_learning,24,14,15,14,25,11,16,13,0,0,0,0,1,0,0,2,0,1,1,0,0,0,1,1,2,1,0,1,0,0,0,1,25,27,29,36,28,23,25,25
d02318,machine_learning,22,14,17,14,15,10,14,18,0,1,0,0,2,0,0,3,1,1,0,2,2,1,0,1,1,0,1,1,1,1,1,2,23,23,36,32,23,34,36,26
d02319,machine_learning,16,25,17,19,25,31,18,25,1,1,2,0,1,0,0,0,2,0,2,1,0,0,1,0,3,1,1,1,0,1,3,0,24,26,33,30,34,24,28,38
d02320,machine_learning,13,13,27,18,27,21,17,22,2,1,1,1,0,2,0,2,3,0,4,0,3,0,1,0,3,2,0,1,2,0,0,0,38,31,40,38,19,33,33,30
d02321,cooking,3,0,1,2,1,0,0,0,16,14,16,18,11,22,15,19,0,1,3,1,1,0,0,0,3,1,1,0,0,0,2,0,32,22,29,43,24,27,29,31
d02322,astronomy,1,2,3,0,2,5,3,3,1,1,2,2,5,2,2,6,35,37,38,50,36,35,39,35,3,0,1,2,3,3,0,4,61,66,55,46,70,52,56,60
d02323,football,3,3,2,6,4,4,4,4,7,6,1,2,4,0,2,3,3,2,3,3,4,5,1,5,76,54,52,66,68,66,77,68,104,132,124,108,113,121,115,125
d02324,machine_learning,23,20,18,8,17,15,13,23,0,0,1,1,0,0,3,1,0,2,1,0,0,0,1,0,0,0,2,0,2,0,2,0,28,21,40,19,23,21,32,24
d02325,astronomy,1,1,1,1,0,0,0,0,1,1,3,0,1,1,2,0,16,18,10,17,20,13,16,19,1,1,2,0,0,3,0,2,29,29,24,34,26,27,27,29
d02326,football,0,0,1,1,1,0,0,0,0,0,0,0,1,0,0,0,0,2,0,0,0,0,0,1,4,5,7,7,7,3,4,7,7,11,4,7,9,8,12,4
d02327,machine_learning,28,26,26,32,28,28,30,44,3,1,0,0,1,0,1,2,0,3,2,1,1,1,2,2,1,1,1,1,0,1,2,1,43,43,60,46,42,48,37,42
d02328,football,2,1,1,0,3,4,2,0,0,4,2,1,0,1,3,0,0,0,2,3,4,3,1,0,28,30,36,28,27,36,32,30,40,35,41,49,48,48,40,42
d02329,football,1,0,0,2,0,1,1,0,0,1,1,1,0,0,2,3,0,0,1,1,1,0,1,0,11,12,13,16,16,17,18,11,28,19,30,24,29,22,24,21
d02330,football,4,3,2,1,0,0,1,2,1,0,1,3,1,0,0,3,2,2,1,0,2,0,1,1,21,15,32,28,26,19,18,20,30,37,45,32,44,40,33,28
d02331,cooking,2,0,3,1,1,4,1,1,42,36,28,34,36,31,34,38,1,1,2,1,0,3,3,1,0,0,0,2,0,0,1,2,48,48,61,48,60,43,52,53
d02332,cooking,1,2,1,1,2,0,0,1,16,18,11,26,17,14,17,21,1,0,0,1,1,2,2,2,1,1,0,0,3,3,1,0,27,37,27,35,33,24,29,39
d02333,machine_learning,28,28,34,32,29,20,26,31,2,0,1,2,5,3,4,3,3,3,1,4,1,1,3,1,0,1,2,0,0,6,3,1,53,50,52,44,45,44,52,51
d02334,cooking,1,2,1,2,2,1,0,4,37,46,38,39,39,36,32,39,1,3,2,1,4,1,5,1,1,0,3,1,3,0,1,2,56,63,61,71,62,58,63,67
d02335,astronomy,0,0,0,0,1,1,1,1,2,1,0,0,0,0,2,2,15,16,15,13,12,18,12,13,0,0,1,0,1,1,0,1,22,26,11,23,15,20,30,19
d02336,cooking,1,0,1,1,1,1,0,0,11,12,6,7,13,10,12,7,0,1,2,0,0,0,1,0,0,0,1,0,0,0,1,0,20,15,9,19,14,9,13,16
d02337,astronomy,0,1,0,1,1,1,0,0,1,0,2,1,0,1,0,1,20,16,15,12,18,13,14,17,1,3,2,0,1,1,1,0,15,24,24,19,21,19,24,23
d02338,cooking,2,2,1,6,3,3,3,4,52,41,39,46,50,43,45,55,1,5,2,2,2,1,3,0,2,3,1,2,3,3,1,2,106,73,80,74,69,83,74,75
d02339,astronomy,2,4,2,1,1,3,2,0,3,2,0,5,0,3,0,2,32,28,30,27,39,37,38,27,2,1,3,2,0,2,1,0,45,56,48,41,50,50,42,61
d02340,machine_learning,3,17,9,11,11,7,8,7,0,0,0,1,0,2,0,0,1,0,0,2,0,0,0,2,1,0,0,0,0,1,0,2,19,10,10,5,13,20,14,16
d02341,football,1,1,0,3,0,0,0,0,1,0,0,3,1,1,0,1,2,1,0,0,1,2,1,0,25,22,22,22,21,12,15,22,36,30,32,48,30,36,44,23
d02342,football,0,0,2,0,2,3,0,0,2,1,1,1,0,1,1,0,0,1,1,0,0,1,0,0,10,14,16,13,14,13,13,12,18,22,16,11,24,19,18,25
d02343,football,3,5,2,3,2,5,2,2,0,5,1,2,5,0,1,1,0,2,1,1,4,3,2,3,47,38,48,38,46,39,38,34,54,61,51,69,65,64,70,79
d02344,machine_learning,11,9,7,10,5,7,3,13,0,0,0,1,0,0,0,0,0,1,0,0,1,0,2,0,0,0,1,0,0,2,1,0,16,24,16,12,22,17,16,15
d02345,astronomy,0,0,1,1,0,1,6,2,0,1,1,0,1,3,0,1,22,17,29,36,30,32,35,27,2,1,0,2,1,0,1,1,54,60,75,54,47,49,49,47
d02346,astronomy,0,2,1,3,1,1,1,1,2,1,2,2,0,2,3,3,15,23,19,30,25,25,22,20,0,2,5,2,1,2,1,3,39,38,41,36,29,40,37,45
d02347,cooking,0,1,2,0,0,0,1,1,9,7,7,9,7,11,6,7,2,0,1,0,1,0,0,0,0,0,0,0,0,0,1,0,15,13,14,11,14,12,18,16
d02348,machine_learning,21,16,13,18,15,16,20,20,1,2,0,2,1,1,2,1,1,1,0,0,1,0,2,0,0,1,0,1,1,0,2,0,28,37,24,34,28,37,36,40
d02349,machine_learning,9,7,13,11,9,9,11,5,2,0,0,1,1,1,0,0,2,0,0,0,1,0,2,0,1,0,0,0,1,1,0,0,16,14,17,12,8,17,15,17
d02350,football,1,0,1,0,1,1,1,1,1,1,2,1,1,1,1,2,0,0,4,1,3,0,0,1,19,23,24,21,16,18,21,18,38,39,25,32,26,33,29,22
d02351,machine_learning,3,4,4,9,6,8,6,5,0,0,0,0,0,0,0,0,1,0,0,0,0,0,0,0,0,1,0,0,0,0,0,0,8,3,11,6,7,10,7,6
d02352,football,0,1,1,0,1,1,1,1,1,3,0,0,1,1,0,0,0,1,0,0,1,0,2,0,6,7,5,6,12,11,14,7,15,21,15,19,23,14,13,16
d02353,astronomy,2,2,1,1,2,0,3,2,1,2,2,1,1,1,1,1,21,23,22,24,26,32,32,23,1,1,1,0,3,1,0,2,45,44,48,40,37,46,39,41
d02354,machine_learning,17,13,9,4,11,6,17,10,1,0,0,1,1,1,0,0,0,0,0,1,0,0,0,1,0,1,1,3,0,1,1,0,20,11,19,16,13,25,15,17
d02355,machine_learning,2,3,3,4,3,4,3,1,1,0,0,0,1,0,0,0,1,0,0,0,0,1,0,0,0,0,0,1,0,0,1,0,3,6,5,7,9,9,10,12
d02356,machine_learning,10,11,13,12,15,13,15,6,0,1,2,2,1,0,1,0,3,1,0,0,0,0,0,1,1,1,0,0,0,0,0,0,27,23,28,29,23,26,24,18
d02357,football,0,1,0,1,1,1,1,2,0,1,1,1,1,0,1,0,0,0,3,1,0,0,0,1,7,9,13,17,10,11,7,11,15,16,20,23,16,21,17,19
d02358,cooking,1,3,0,1,0,1,1,2,24,31,30,26,37,23,23,40,0,0,1,1,2,0,1,2,2,1,2,0,1,0,1,2,54,39,38,41,44,43,38,41
d02359,machine_learning,3,2,2,2,3,2,5,4,0,1,1,0,0,0,0,0,0,1,0,0,0,0,0,0,0,0,0,0,0,0,1,1,5,5,5,6,3,8,4,1
d02360,cooking,1,0,1,1,0,0,1,1,16,13,11,8,11,20,15,12,1,0,0,1,0,0,0,0,0,0,3,1,0,0,1,2,12,32,27,31,12,17,18,12
d02361,astronomy,0,0,1,2,1,1,1,0,1,0,1,1,0,1,2,0,14,18,13,19,14,19,20,11,0,1,0,0,0,1,1,0,33,31,23,28,27,17,24,23
d02362,astronomy,1,1,5,0,1,4,2,1,2,3,1,0,0,1,0,0,25,24,25,21,27,30,25,24,1,1,0,1,1,1,1,0,32,33,41,37,50,52,36,43
d02363,machine_learning,38,35,32,33,37,34,33,29,2,0,2,2,1,1,1,2,0,4,1,3,0,3,1,1,3,2,1,1,3,1,1,2,50,52,53,60,56,49,56,46
d02364,machine_learning,25,33,27,38,35,34,32,28,3,1,0,3,1,1,2,3,2,3,4,0,0,3,3,0,4,1,4,2,2,1,0,1,68,64,60,63,48,68,52,55
d02365,astronomy,0,1,0,0,0,0,0,1,0,1,1,2,0,0,3,0,12,8,18,12,17,10,15,19,1,0,0,1,1,2,0,1,20,17,20,17,18,26,20,23
d02366,astronomy,2,0,0,0,0,1,2,1,0,0,0,0,0,0,2,1,15,7,16,18,8,13,14,13,1,2,1,1,0,2,1,0,25,10,22,13,16,17,16,22
d02367,cooking,0,0,0,0,0,0,0,1,5,6,4,5,6,9,4,4,0,0,0,0,0,1,0,0,0,0,0,0,0,0,1,0,8,5,10,8,8,11,7,13
d02368,machine_learning,17,17,19,20,7,12,14,20,2,1,1,4,2,0,1,0,0,0,0,1,2,3,0,0,1,0,2,2,0,1,0,0,27,28,29,35,24,31,29,20
d02369,machine_learning,3,2,4,5,7,6,5,6,0,0,0,1,0,1,0,0,0,0,0,0,0,0,0,0,0,0,0,0,1,0,0,0,3,6,5,7,7,9,4,4
d02370,machine_learning,30,28,26,29,20,28,21,34,1,2,2,1,1,3,1,2,0,1,0,1,1,2,2,2,2,1,1,1,0,0,2,1,37,32,37,45,57,35,44,41
d02371,football,0,0,0,0,1,2,1,0,0,0,1,0,1,0,0,1,0,0,2,1,1,0,0,1,9,14,9,8,15,7,12,11,13,21,18,13,19,17,23,14
d02372,machine_learning,26,20,13,21,28,18,17,12,2,0,1,3,2,1,1,0,1,1,4,0,0,2,0,3,1,0,0,0,2,1,0,2,22,34,23,30,30,26,37,29
d02373,astronomy,1,0,2,1,2,1,1,0,3,2,4,2,0,1,0,2,44,34,45,45,54,53,40,36,3,1,3,1,1,1,1,2,72,91,63,80,78,81,76,72
d02374,cooking,0,0,0,0,0,0,1,1,6,4,7,9,4,1,9,6,0,0,1,0,0,0,0,0,1,0,1,0,2,0,0,1,11,9,6,9,9,12,5,13
d02375,astronomy,1,1,0,1,0,0,0,0,2,0,1,0,1,2,2,0,14,23,7,17,16,16,16,14,0,1,1,0,0,0,1,1,22,27,25,18,23,24,27,27
d02376,machine_learning,6,7,9,7,6,8,8,9,2,0,0,2,0,0,0,0,0,0,0,0,2,0,1,0,2,0,0,0,0,0,0,0,7,11,12,12,5,9,12,12
d02377,cooking,1,2,1,2,0,3,2,4,49,46,33,50,44,39,46,47,1,1,0,4,1,2,3,0,2,2,2,1,2,2,2,4,65,72,74,76,68,86,66,68
d02378,cooking,2,1,2,2,2,2,1,4,18,27,26,35,38,37,29,39,1,1,0,3,1,1,1,2,1,0,2,0,1,3,1,2,45,50,56,51,48,41,65,57
d02379,astronomy,1,0,0,0,3,1,3,3,0,0,1,0,1,1,2,3,21,30,29,21,27,26,19,24,0,1,1,2,1,0,0,1,42,37,43,34,29,40,40,51
d02380,cooking,5,3,2,0,2,2,1,4,49,42,44,50,42,54,40,38,2,1,2,2,2,0,3,2,2,2,4,1,3,6,2,1,82,71,65,75,69,74,65,68
d02381,astronomy,1,1,0,0,1,2,1,0,1,1,1,1,1,0,1,2,19,13,18,14,16,22,23,21,3,1,1,0,1,1,1,0,24,29,28,38,34,37,39,33
d02382,astronomy,1,0,1,0,0,0,0,0,0,0,0,0,0,0,0,0,6,9,15,6,2,9,8,10,0,0,0,0,0,0,0,0,14,17,7,11,15,12,16,8
d02383,football,1,1,2,0,1,1,1,2,0,2,1,0,0,0,1,0,2,0,0,0,1,0,1,0,24,25,17,27,17,37,21,26,35,33,33,39,40,39,26,43
d02384,machine_learning,83,84,65,71,94,76,89,65,4,2,0,4,6,2,2,10,5,3,4,5,2,5,5,5,5,3,3,2,1,5,2,4,145,130,133,137,135,114,109,121
d02385,machine_learning,13,12,18,16,16,6,11,9,0,2,0,1,1,0,0,1,0,0,0,0,2,1,2,0,3,0,0,0,1,3,0,0,18,19,22,25,12,23,25,25
d02386,cooking,1,0,0,1,1,0,1,0,4,3,10,3,10,7,5,3,0,0,0,0,1,0,0,0,0,1,0,1,0,0,0,0,6,8,10,4,9,6,9,7
d02387,astronomy,0,0,1,0,0,0,0,1,0,2,0,0,0,0,0,1,10,7,4,6,6,3,6,9,0,1,0,1,1,0,0,0,10,7,7,8,8,10,5,16
d02388,football,0,0,0,1,0,0,1,0,2,0,2,0,0,0,1,2,1,2,1,0,1,1,2,0,19,15,20,11,17,18,22,15,30,37,40,31,26,29,44,36
d02389,machine_learning,17,16,15,14,18,11,21,14,2,0,0,0,1,3,0,0,0,0,1,0,0,0,0,2,1,0,0,3,3,0,0,0,18,32,20,31,24,29,23,22
d02390,astronomy,0,0,0,3,1,1,0,2,1,1,3,2,1,1,0,1,23,18,21,19,15,18,16,12,2,2,1,1,1,1,1,0,31,38,41,38,30,30,32,27
d02391,cooking,0,0,0,0,0,1,0,0,2,6,4,3,4,2,4,3,0,0,0,0,0,0,0,0,0,0,0,0,0,0,0,0,3,11,7,7,7,7,4,6
d02392,machine_learning,7,8,9,10,14,6,9,9,0,2,0,0,0,0,0,0,0,1,1,1,0,0,1,1,0,1,1,0,0,0,1,0,13,10,11,19,14,8,13,11
d02393,cooking,0,1,2,0,1,0,1,1,9,7,13,14,10,12,19,12,0,0,1,0,0,0,0,0,0,0,0,0,2,0,1,0,18,24,19,18,15,16,11,22
d02394,cooking,2,1,0,0,0,0,0,2,13,17,12,10,8,12,17,9,0,3,0,0,0,2,0,0,0,0,1,0,1,1,0,0,14,23,18,20,15,18,28,18
d02395,football,3,0,0,0,1,0,0,2,0,0,3,1,0,0,0,0,2,1,2,0,3,1,2,1,22,18,16,19,29,13,15,21,30,27,36,28,37,32,32,29
d02396,football,0,0,0,1,0,1,0,0,0,0,0,0,0,1,0,0,0,0,0,0,0,0,0,0,10,9,4,4,5,6,4,0,13,13,11,13,12,10,14,12
d02397,football,0,1,0,1,0,0,0,1,0,0,0,0,1,0,0,0,0,0,0,0,0,0,0,1,8,9,11,5,6,11,11,7,19,16,15,17,18,16,11,16
d02398,cooking,0,0,1,0,0,0,0,1,6,6,9,10,10,7,6,4,1,0,0,0,1,0,0,0,0,0,0,1,1,0,0,1,14,8,15,8,10,11,9,9
d02399,cooking,1,0,0,1,0,0,0,0,10,18,15,13,17,12,6,17,0,1,1,0,3,1,1,2,0,0,0,0,1,2,0,1,19,17,21,24,23,22,22,22
d02400,astronomy,0,0,0,1,0,3,0,0,0,0,0,0,0,0,1,1,11,13,16,20,16,27,17,14,1,1,2,0,0,1,0,0,27,24,33,24,32,35,40,27
d02401,astronomy,0,2,1,1,0,0,1,1,0,1,0,0,1,0,0,1,4,4,5,3,5,5,6,5,0,0,0,1,0,0,1,0,3,9,13,7,11,11,10,11
d02402,football,0,1,2,0,0,0,0,3,2,0,0,0,1,1,0,0,0,0,0,2,0,2,2,0,10,10,13,18,12,11,16,10,26,21,24,20,21,21,32,18
d02403,astronomy,0,0,0,0,1,0,0,0,0,0,0,0,0,0,1,0,3,4,5,4,5,4,6,2,0,0,1,0,0,0,0,0,5,9,7,7,6,10,4,7
d02404,football,1,2,0,1,1,6,0,2,0,1,3,1,1,2,2,2,2,0,1,0,1,1,1,1,35,30,36,44,26,31,32,35,47,45,52,44,47,55,47,49
d02405,astronomy,0,0,0,0,0,0,0,1,0,0,2,1,1,0,0,0,9,10,9,10,8,11,8,12,1,0,0,1,0,0,0,0,18,19,17,17,16,16,26,9
d02406,astronomy,0,0,0,0,2,0,0,0,0,0,0,1,0,0,0,0,2,4,6,2,7,2,5,1,0,0,0,0,0,0,0,0,9,3,4,6,4,6,10,3
d02407,astronomy,0,0,0,0,1,1,1,0,0,1,0,0,0,0,1,1,7,15,4,12,12,11,8,10,0,1,0,1,0,0,0,1,14,13,19,8,11,24,9,16
d02408,machine_learning,17,19,9,21,16,16,26,12,1,0,0,0,1,1,0,0,1,3,1,1,0,1,1,0,1,1,1,1,1,3,0,0,28,33,35,26,32,27,19,27
d02409,astronomy,0,0,0,1,2,0,1,1,0,2,0,2,0,1,0,1,6,14,19,8,20,17,16,7,0,0,1,0,1,0,1,2,30,28,25,16,33,27,27,23
d02410,football,0,1,0,0,0,0,0,0,0,0,1,0,0,0,0,0,0,0,0,0,0,0,1,0,8,7,2,4,5,2,6,4,12,10,14,5,11,8,6,12
d02411,astronomy,1,3,0,3,0,1,4,2,0,2,0,0,0,1,2,0,29,26,35,30,22,25,24,25,1,3,3,1,1,0,2,4,41,49,53,43,48,48,50,47
d02412,football,0,1,1,0,0,0,1,0,1,0,0,1,2,0,1,0,0,0,0,1,1,0,0,0,11,10,9,15,16,9,9,8,10,16,14,13,17,21,15,14
d02413,football,2,2,4,0,4,2,1,1,2,1,1,0,1,1,1,0,0,0,0,0,2,2,0,0,19,22,23,24,23,26,19,21,38,44,32,23,37,30,32,38
d02414,machine_learning,12,14,12,10,15,13,12,17,0,0,1,1,1,1,0,0,0,2,0,0,0,0,0,0,1,2,0,1,0,1,1,1,11,14,17,20,19,17,22,13
d02415,football,1,0,0,1,0,2,1,0,1,2,0,1,2,2,1,1,0,4,4,1,2,0,0,1,28,19,30,28,28,30,26,35,51,54,49,43,50,43,51,42
d02416,machine_learning,12,8,10,13,13,13,15,12,0,0,1,0,0,0,1,1,1,0,1,1,0,0,1,0,1,0,0,0,0,1,1,0,24,14,18,21,19,17,19,19
d02417,football,1,0,0,1,0,0,0,2,1,0,1,0,1,1,2,1,1,0,0,1,0,0,0,0,8,10,16,12,8,14,10,16,16,15,13,21,21,20,23,20
d02418,machine_learning,6,12,8,5,5,10,9,10,0,0,0,0,0,0,1,0,0,0,0,0,1,0,0,0,0,0,0,0,0,1,0,0,10,7,19,8,11,5,14,11
d02419,football,0,0,0,0,0,1,0,1,1,1,1,2,0,0,2,1,0,3,0,0,0,2,1,1,13,20,17,11,12,6,15,16,35,19,30,26,16,25,24,22
d02420,machine_learning,15,17,15,11,13,14,13,14,1,1,1,0,1,0,0,1,1,0,0,0,0,0,0,3,0,0,0,0,0,1,0,0,17,18,29,28,22,16,24,27
d02421,astronomy,0,0,0,0,1,1,0,1,0,2,0,1,1,0,0,0,12,8,12,7,11,12,8,10,0,0,0,1,0,1,1,0,11,11,16,18,13,20,14,19
d02422,cooking,0,1,3,3,2,1,2,2,29,28,15,25,25,25,33,24,1,1,2,0,2,2,0,2,0,0,0,1,2,1,0,2,37,47,42,53,43,45,52,46
d02423,machine_learning,14,11,9,11,11,9,15,4,0,0,1,0,1,0,0,3,0,0,0,0,0,1,0,1,0,0,1,0,0,0,1,0,18,13,20,18,19,11,15,17
d02424,football,0,1,0,1,0,0,0,0,0,0,0,0,0,0,1,0,0,0,0,0,0,0,0,0,7,11,10,8,7,8,4,9,13,15,11,18,14,10,11,12
d02425,astronomy,1,1,0,0,1,0,0,0,0,1,1,0,0,0,2,0,12,6,10,9,5,13,10,5,0,0,0,1,0,0,0,1,15,14,22,18,12,11,14,18
d02426,football,0,0,0,0,1,0,1,0,0,0,0,0,0,0,1,0,0,2,0,0,0,0,1,0,5,9,4,6,6,5,7,2,10,11,12,5,13,15,7,11
d02427,football,0,0,0,0,0,1,0,0,0,0,0,0,0,0,0,1,2,1,1,0,0,0,0,0,3,7,2,5,1,4,6,4,5,9,8,7,3,9,1,9
d02428,football,0,0,0,0,0,0,0,1,1,1,0,0,0,1,2,1,1,1,2,0,0,0,0,0,7,6,7,9,5,9,9,13,13,11,10,15,10,11,9,8
d02429,cooking,1,2,1,1,4,2,1,5,50,40,40,52,47,46,43,40,0,6,2,0,4,2,1,1,2,0,1,1,0,3,3,1,69,70,78,73,82,84,75,87
d02430,football,1,0,1,1,0,0,0,1,0,0,0,0,0,1,3,2,0,0,1,1,1,3,0,0,10,11,20,16,15,15,16,16,13,20,27,27,23,24,18,21
d02431,astronomy,0,1,1,0,1,0,0,0,0,0,0,0,1,0,0,1,8,8,8,9,7,9,7,5,0,0,1,1,0,0,0,0,17,14,16,14,6,12,14,7
d02432,astronomy,6,3,2,1,2,2,4,4,0,3,7,2,3,4,4,4,52,64,78,55,42,60,53,64,4,3,2,1,0,3,2,3,112,89,110,108,100,106,102,85
d02433,cooking,3,3,3,4,1,1,0,2,35,41,51,44,36,46,46,52,4,3,3,4,2,2,1,5,0,3,3,1,2,2,2,2,76,91,86,76,79,85,81,100
d02434,machine_learning,15,12,20,21,17,17,14,17,0,0,0,0,0,1,1,1,0,1,0,0,1,0,1,1,0,0,0,1,0,0,2,0,21,37,23,18,31,20,31,25
d02435,astronomy,0,0,0,1,0,1,0,0,0,2,0,0,0,0,0,0,8,14,13,13,4,3,14,10,0,0,1,0,0,0,0,0,12,17,18,11,14,15,13,17
d02436,cooking,1,1,2,0,1,0,0,0,9,8,8,10,12,12,7,6,1,0,1,1,1,0,1,0,0,0,1,1,0,0,3,0,21,18,16,13,20,15,16,23
d02437,astronomy,5,3,5,4,2,2,0,5,1,1,5,6,5,2,5,1,75,62,63,64,59,58,59,49,6,2,4,3,1,1,2,2,120,95,109,108,98,87,107,105
d02438,astronomy,2,0,2,2,0,0,0,1,0,0,0,0,0,1,1,1,10,14,10,12,8,13,15,14,2,1,0,1,0,3,1,1,23,23,21,27,22,14,26,28
d02439,astronomy,0,1,0,0,1,0,0,0,0,1,0,0,0,1,3,0,13,13,14,17,5,8,12,12,2,2,0,1,0,0,0,0,19,20,20,26,16,21,18,18
d02440,machine_learning,68,83,95,82,83,81,104,85,2,9,6,4,5,6,8,6,5,2,4,6,7,6,2,5,12,2,1,8,7,5,3,4,143,149,151,150,150,159,140,148
d02441,machine_learning,56,47,64,39,48,63,57,57,1,2,4,0,3,0,2,1,1,0,2,4,2,2,1,0,0,5,5,0,2,4,0,3,75,104,101,91,93,90,92,99
d02442,astronomy,2,3,0,2,2,2,2,3,1,2,4,4,1,5,1,3,50,48,51,46,32,49,44,45,2,0,3,3,1,1,0,2,68,63,82,76,85,80,69,78
d02443,machine_learning,6,2,2,3,7,1,1,7,1,0,0,0,0,0,0,0,0,0,0,0,0,0,1,1,0,1,0,0,0,0,0,0,7,8,10,9,10,7,9,7
d02444,machine_learning,58,57,62,66,53,41,58,52,3,3,2,4,0,2,3,2,2,3,1,5,3,2,2,4,2,3,4,4,4,3,2,2,102,107,85,100,97,73,88,112
d02445,cooking,0,0,0,1,2,0,0,1,1,8,9,7,6,6,7,5,1,1,0,0,0,1,0,0,0,0,0,0,0,0,0,0,8,5,7,5,11,14,9,11
d02446,astronomy,1,1,0,0,1,1,1,1,1,0,0,0,1,1,0,0,14,9,13,12,11,10,7,16,0,0,0,0,3,0,3,0,27,28,16,29,15,20,17,20
d02447,machine_learning,7,4,7,3,3,7,4,5,0,0,2,1,0,0,0,1,1,0,0,0,0,0,0,0,0,1,0,1,0,0,1,1,11,5,11,6,5,11,14,6
d02448,football,1,2,2,0,2,0,2,2,2,2,1,3,0,0,1,1,1,0,0,0,0,0,1,1,14,25,27,11,17,20,25,20,25,37,30,38,24,26,37,29
d02449,cooking,1,0,0,0,0,1,1,1,12,5,7,7,7,9,6,9,0,0,0,0,1,0,1,2,0,0,2,1,0,2,0,0,16,6,9,15,16,10,18,15
d02450,football,0,3,1,2,0,5,0,0,0,1,1,2,1,2,3,0,1,1,2,3,3,2,1,1,26,23,17,24,23,29,27,33,39,39,37,40,40,39,32,39
d02451,astronomy,0,0,0,0,0,0,0,1,0,0,0,0,0,0,0,0,8,3,2,5,11,7,3,6,0,0,0,0,0,0,0,1,5,11,8,11,12,9,9,11
d02452,football,0,0,1,0,1,0,0,0,1,0,1,0,0,3,2,0,1,0,0,0,0,0,0,0,19,11,15,14,17,12,13,13,20,18,27,26,15,35,19,22
d02453,football,4,3,2,1,2,3,7,1,0,1,4,2,3,5,0,7,2,2,4,2,1,2,2,2,61,57,65,41,50,55,60,58,105,82,87,82,92,82,90,75
d02454,cooking,2,1,1,3,2,4,1,3,43,55,45,35,32,37,30,41,0,1,2,0,2,3,1,0,1,0,0,0,0,0,3,0,71,42,51,60,54,46,52,58
d02455,cooking,2,0,1,3,0,3,0,0,10,9,13,11,21,13,7,9,2,1,1,0,1,1,0,1,0,2,2,3,2,0,0,2,24,18,18,15,27,15,21,18
d02456,cooking,1,0,1,0,1,0,1,0,5,8,10,14,10,6,9,9,0,0,0,0,0,0,0,0,0,0,0,0,1,1,1,0,15,11,25,18,13,17,13,14
d02457,football,1,1,1,0,2,1,0,1,1,2,0,0,1,1,1,1,0,2,3,0,1,2,1,2,23,20,32,21,18,23,18,17,37,36,15,34,32,42,37,34
d02458,machine_learning,6,11,10,11,7,12,9,8,0,0,0,0,0,0,0,0,0,1,0,0,1,0,0,0,1,1,0,0,0,2,0,1,20,19,8,10,10,12,18,9
d02459,football,0,0,1,1,0,1,1,1,1,2,0,1,1,1,0,0,3,0,0,0,0,0,0,0,14,9,9,6,3,11,10,9,20,14,18,13,13,22,14,20
d02460,cooking,1,0,0,0,0,0,0,0,3,9,4,3,5,9,9,9,1,0,0,0,0,0,1,0,0,1,1,0,0,0,0,1,8,8,7,8,7,7,9,4
d02461,cooking,2,1,0,0,0,3,1,0,17,12,21,9,21,13,14,14,0,0,0,0,0,0,1,0,1,0,1,0,0,0,1,0,28,24,23,33,31,13,30,17
d02462,football,1,2,1,1,2,2,0,1,0,2,1,1,1,3,0,0,1,0,0,1,2,0,1,0,13,13,18,23,25,17,23,19,25,32,31,26,30,28,31,25
d02463,astronomy,0,1,0,0,1,2,0,0,0,1,1,2,0,2,0,0,6,13,14,8,13,12,15,10,1,1,0,0,1,1,1,0,20,16,21,27,24,19,29,20
d02464,football,1,0,1,2,0,0,2,1,0,1,1,0,3,0,0,0,1,0,1,0,4,0,0,2,13,14,15,11,20,21,18,20,34,49,34,22,36,33,32,31
d02465,football,4,2,1,0,2,2,1,0,1,1,3,5,1,0,4,1,3,3,0,1,1,1,3,1,41,39,32,48,40,36,47,37,63,68,58,58,59,70,59,58
d02466,football,0,1,0,0,1,2,0,1,1,1,0,0,1,0,0,0,0,0,1,2,0,1,1,1,9,9,3,3,11,8,4,3,12,13,13,15,10,21,21,12
d02467,football,1,1,0,0,3,0,0,2,1,1,1,0,1,0,1,0,0,0,0,2,0,2,1,2,22,14,14,14,10,18,6,9,24,29,19,24,33,16,20,30
d02468,football,0,1,0,0,0,1,0,0,0,0,2,2,0,0,4,0,1,0,0,1,0,0,0,0,12,7,9,16,5,12,8,16,12,17,24,11,21,16,16,15
d02469,football,0,0,0,1,1,0,0,1,0,0,0,0,2,0,0,1,0,1,0,0,0,0,1,0,2,9,5,3,6,8,5,2,9,13,6,8,8,11,9,17
d02470,cooking,0,0,2,0,1,0,1,0,22,21,22,24,19,21,22,15,0,1,1,1,1,1,0,2,0,1,1,1,1,0,1,2,32,41,30,33,33,28,34,34
d02471,machine_learning,2,5,5,8,8,6,3,9,0,0,0,0,1,0,0,0,0,1,1,0,0,0,0,0,0,0,0,0,0,0,0,0,8,13,11,16,10,12,21,13
d02472,cooking,0,1,0,1,1,0,0,1,8,12,12,13,14,12,4,12,0,0,0,0,1,0,0,0,0,1,0,0,0,0,0,1,18,12,14,7,10,15,12,14
d02473,cooking,0,0,0,0,1,0,0,0,12,13,6,8,9,5,16,14,1,0,0,0,0,0,0,1,1,2,1,0,0,1,0,0,27,12,24,21,24,14,20,16
d02474,cooking,1,1,2,1,1,2,1,0,13,12,17,12,11,12,14,9,3,0,0,1,3,0,0,0,4,0,1,0,0,0,1,0,20,21,21,16,18,26,17,11
d02475,astronomy,1,2,1,1,0,2,2,2,2,1,1,1,2,0,1,0,31,30,38,24,45,31,30,37,1,2,1,1,0,1,4,1,49,46,52,55,60,60,50,62
d02476,cooking,2,1,1,1,0,1,2,0,28,19,10,10,17,12,14,15,0,1,0,1,0,2,0,0,1,1,0,0,0,2,1,1,17,21,18,26,28,21,27,30
d02477,cooking,1,0,0,0,0,0,0,0,4,5,4,5,13,8,10,8,0,0,0,0,0,1,1,0,2,0,1,0,2,0,0,0,10,11,5,5,13,7,8,11
d02478,cooking,2,1,0,1,1,0,0,0,22,24,21,25,20,21,20,22,1,1,0,2,1,1,0,1,1,1,0,2,0,2,0,0,42,45,35,35,44,25,31,53
d02479,astronomy,0,1,0,0,0,0,0,0,0,0,0,0,0,0,0,0,1,4,8,9,4,3,5,4,0,2,0,0,0,0,0,0,4,8,3,8,9,10,1,12
d02480,astronomy,2,2,1,4,0,2,3,4,3,1,1,7,2,3,5,1,48,51,48,62,50,50,47,58,1,0,3,1,2,4,0,1,85,82,86,96,84,75,87,91
d02481,machine_learning,2,3,5,3,3,1,3,1,0,0,0,0,0,1,0,0,0,0,0,0,0,0,0,0,0,0,0,0,0,0,0,1,1,1,5,9,3,6,3,6
d02482,astronomy,0,0,1,0,0,0,0,0,0,2,0,0,0,1,0,0,6,8,11,6,10,7,4,4,0,1,0,0,1,0,0,0,12,13,12,15,10,9,5,14
d02483,football,0,0,1,1,1,1,0,0,0,0,0,0,0,0,0,0,1,0,0,0,0,0,0,0,8,9,14,13,10,12,12,11,16,13,15,16,15,17,11,17
d02484,machine_learning,15,16,15,15,15,12,18,15,0,0,1,1,1,1,0,2,0,1,1,0,1,1,0,0,1,1,0,0,0,1,0,2,21,23,26,28,21,20,25,21
d02485,astronomy,0,0,1,0,0,1,0,2,3,0,0,0,1,1,2,0,12,11,9,10,10,12,11,12,0,1,0,0,0,0,0,0,19,15,19,22,16,25,23,18
d02486,cooking,0,0,1,2,2,2,1,1,39,29,20,22,28,18,20,25,0,0,0,0,0,2,2,3,3,2,1,1,2,0,2,0,40,49,33,60,49,29,39,46
d02487,cooking,1,2,0,0,2,0,4,2,18,23,19,26,17,29,17,15,2,2,0,0,2,0,0,2,0,0,1,2,1,0,0,1,33,30,29,36,26,31,29,32
d02488,football,0,1,1,0,2,1,0,0,0,0,1,0,0,0,1,1,0,1,0,1,0,0,1,1,18,15,14,9,10,14,13,7,19,22,24,30,18,22,22,12
d02489,cooking,2,0,1,0,1,0,1,0,22,16,17,15,19,13,17,14,0,0,1,1,1,1,0,2,0,1,0,1,0,1,2,1,36,34,23,26,22,26,12,26
d02490,machine_learning,34,40,43,28,35,35,21,30,1,3,0,0,2,0,1,4,2,1,3,3,1,0,1,2,1,2,2,1,2,0,2,1,48,66,55,53,48,66,46,62
d02491,cooking,0,1,1,1,0,2,0,1,19,12,8,12,11,9,11,9,0,0,2,1,2,1,1,0,1,0,0,1,0,2,0,0,32,19,16,10,25,26,14,20
d02492,astronomy,0,0,1,0,1,0,1,1,0,1,0,1,0,0,1,1,22,19,18,23,19,23,12,18,0,0,0,1,1,1,1,1,27,31,18,31,18,36,34,20
d02493,cooking,0,0,2,0,1,0,0,0,4,5,3,6,3,11,6,5,0,0,1,0,0,0,0,0,1,0,0,1,0,1,1,0,13,12,7,10,4,5,7,8
d02494,football,3,0,2,0,0,0,0,1,0,1,0,0,0,0,0,0,1,0,0,1,1,1,2,0,10,9,16,8,11,13,8,12,15,18,22,31,19,13,27,25
d02495,football,3,2,4,1,1,2,2,2,2,3,1,3,1,4,1,4,1,0,4,3,2,1,4,1,53,57,48,57,55,52,53,55,73,89,79,97,95,91,91,94
d02496,astronomy,0,0,0,1,0,0,0,0,1,0,2,1,0,1,0,0,2,10,8,8,7,8,9,12,1,1,1,0,0,0,1,0,13,23,22,14,20,19,13,16
d02497,cooking,0,0,0,1,1,1,0,0,5,9,7,11,9,9,7,8,1,0,0,0,0,0,0,0,1,1,0,0,0,0,0,0,14,6,15,14,12,17,10,11
d02498,football,2,4,1,1,1,2,2,1,0,0,2,0,0,0,0,1,0,0,0,0,0,1,1,0,13,8,13,9,9,9,10,10,10,19,23,24,14,21,13,16
d02499,football,2,1,0,0,0,1,2,1,0,1,1,0,1,0,1,0,1,3,0,0,1,0,0,1,11,7,8,7,5,10,7,7,18,12,18,15,11,9,21,14
d02500,astronomy,3,3,0,4,0,2,1,1,0,1,2,0,3,0,3,1,37,47,41,46,34,42,35,35,4,1,1,1,1,2,3,1,77,79,63,57,72,75,51,52
d02501,cooking,0,2,0,0,0,0,2,1,22,22,18,17,22,11,23,19,0,2,2,0,3,0,0,2,2,1,0,2,1,2,1,0,34,32,36,30,27,34,37,49
d02502,football,0,0,0,0,1,1,1,0,0,1,0,0,0,0,2,0,0,0,0,0,1,0,0,0,12,3,8,5,4,5,3,6,9,9,11,8,8,6,14,7
d02503,machine_learning,12,8,7,12,13,8,16,11,0,0,0,0,0,2,1,1,1,0,0,0,0,1,0,0,1,0,0,1,1,0,0,3,13,15,13,17,18,16,13,14
d02504,cooking,1,0,1,1,1,0,0,0,20,22,26,26,25,22,25,27,1,2,1,2,1,1,0,1,1,1,0,1,0,1,3,1,47,46,39,38,29,40,39,36
d02505,machine_learning,8,7,10,7,8,5,6,7,1,1,0,0,0,2,0,1,1,0,0,0,1,0,1,0,0,0,1,0,0,0,1,1,18,20,19,17,10,12,11,11
d02506,football,0,1,0,0,0,3,1,0,3,1,1,1,1,3,0,0,0,1,0,1,1,0,0,1,26,26,19,23,25,19,16,24,44,49,57,53,47,49,47,45
d02507,astronomy,1,2,1,1,1,1,1,1,0,1,0,0,2,1,2,1,16,17,16,14,27,21,17,28,0,0,2,0,0,0,1,0,31,39,16,38,34,20,16,43
d02508,astronomy,1,1,0,1,3,2,4,1,1,0,1,0,0,0,1,2,26,19,35,33,31,42,34,29,2,5,3,2,2,4,0,0,52,49,45,62,57,46,57,48
d02509,football,1,2,1,1,0,0,1,0,1,1,1,0,0,1,0,1,2,0,0,3,0,0,1,1,19,17,21,10,10,19,19,13,28,28,22,16,24,23,22,17
d02510,machine_learning,16,17,22,17,20,17,13,14,1,1,0,3,2,0,0,1,1,1,2,0,0,0,1,1,1,2,1,1,0,0,1,1,24,29,28,25,31,34,26,28
d02511,machine_learning,3,5,12,10,8,6,3,7,0,1,1,0,0,0,0,0,0,1,0,0,0,2,0,1,2,0,0,1,0,0,0,1,12,22,14,12,10,11,14,8
d02512,astronomy,1,0,0,0,1,0,0,0,0,0,0,0,0,0,0,0,5,6,8,10,8,3,4,6,1,0,0,0,0,0,1,0,10,11,10,8,9,8,11,12
d02513,machine_learning,14,13,21,23,18,22,19,13,1,3,1,0,0,1,1,1,0,1,1,0,1,0,1,0,1,1,1,2,0,0,0,0,28,22,33,32,19,21,22,22
d02514,football,0,0,1,0,2,0,0,1,1,0,0,0,0,1,0,0,0,1,1,0,1,1,1,1,10,12,11,13,8,11,12,10,20,15,21,15,27,26,19,17
d02515,football,2,0,0,0,0,1,1,0,0,0,0,0,0,0,2,1,0,0,1,0,1,2,0,1,14,14,11,7,13,11,12,9,20,18,16,12,21,24,16,15
d02516,machine_learning,15,15,13,16,11,12,18,16,0,0,0,0,0,0,0,2,0,0,0,0,2,1,0,2,1,0,0,0,0,2,0,2,27,25,30,31,26,20,22,27
d02517,cooking,0,3,0,2,0,1,0,0,2,3,4,2,6,4,5,6,0,1,1,0,1,0,0,0,1,1,0,0,1,0,1,0,16,19,18,14,13,9,9,10
d02518,cooking,0,1,1,0,0,0,0,1,9,6,11,14,10,14,6,9,0,2,1,0,0,0,0,1,0,2,1,1,0,0,0,1,26,25,18,17,24,20,23,23
d02519,football,2,1,2,5,2,4,0,0,3,2,1,1,2,1,1,1,3,1,2,4,2,1,1,1,56,52,44,42,57,51,59,45,87,74,87,88,71,90,89,83
d02520,football,0,0,1,1,1,1,0,0,0,0,2,0,0,0,0,1,1,0,0,1,0,1,0,0,11,15,10,19,10,8,13,10,26,21,19,19,17,20,23,20
d02521,machine_learning,16,21,11,10,9,8,11,15,0,0,0,0,0,0,1,0,0,0,0,2,0,0,0,1,0,1,1,1,1,0,2,0,28,16,26,29,25,19,25,20
d02522,football,0,0,0,0,0,0,0,1,1,0,0,0,0,0,1,1,0,0,2,0,0,0,0,0,11,4,7,10,4,12,5,9,15,19,13,15,15,16,17,13
d02523,cooking,0,1,3,0,0,0,0,0,11,17,12,16,19,13,17,11,0,0,1,1,0,1,0,0,1,0,0,1,0,0,1,0,17,14,16,23,24,20,20,15
d02524,astronomy,0,1,1,2,0,0,1,0,1,0,1,0,0,2,0,0,18,15,15,22,13,10,13,20,1,1,0,0,2,0,0,0,25,33,30,31,24,27,22,28
d02525,football,0,1,0,1,0,2,1,1,0,0,1,1,0,0,1,2,1,1,1,1,0,0,0,3,16,16,19,10,10,10,18,14,23,26,18,26,26,29,20,24
d02526,cooking,2,1,1,0,0,0,0,0,12,8,13,8,9,13,8,10,1,0,1,0,1,1,0,0,0,0,0,0,0,0,3,0,14,22,18,15,23,15,18,23
d02527,football,1,2,1,1,0,0,1,2,1,1,2,1,0,1,1,1,2,0,3,0,4,1,0,1,29,13,21,14,24,14,25,12,28,39,26,23,36,34,41,28
d02528,machine_learning,10,15,11,8,5,15,4,6,1,1,0,0,0,0,1,0,0,0,0,1,0,1,2,0,3,0,1,0,0,1,0,0,15,13,12,14,11,9,14,13
d02529,machine_learning,44,50,57,46,53,53,47,37,2,1,0,4,1,3,2,1,2,5,2,0,2,3,2,2,3,4,2,5,4,0,2,0,80,86,71,81,87,74,80,83
d02530,machine_learning,29,21,8,23,32,26,20,19,1,1,1,1,1,1,0,1,0,0,2,0,1,1,0,0,0,1,0,2,0,1,3,1,28,29,32,34,35,33,32,35
d02531,machine_learning,20,32,26,19,17,26,19,17,0,0,1,0,0,0,2,3,1,1,1,1,4,2,0,1,0,1,1,0,1,1,1,0,49,44,46,39,51,45,44,41
d02532,cooking,1,2,2,4,0,1,2,0,28,26,31,28,28,31,42,31,1,2,0,1,1,1,3,3,1,4,1,2,0,1,2,3,45,53,55,47,51,48,37,50
d02533,machine_learning,15,12,15,9,9,9,16,15,0,0,1,0,2,0,0,2,0,0,0,0,0,0,1,1,1,0,0,2,0,1,0,0,29,19,19,25,26,15,21,12
d02534,astronomy,0,0,1,0,1,2,0,0,0,0,0,0,0,1,0,0,9,5,12,8,8,14,11,13,1,0,0,1,0,0,0,0,11,19,13,18,16,18,13,21
d02535,cooking,3,4,4,1,2,2,2,2,47,51,54,51,52,62,53,65,1,2,3,3,5,3,1,2,3,2,2,4,5,4,1,2,84,111,81,98,94,84,89,84
d02536,machine_learning,23,23,39,31,36,25,20,18,0,0,1,3,1,1,2,5,1,0,5,1,2,0,1,0,1,0,4,1,1,2,1,2,44,31,51,53,51,46,45,39
d02537,football,0,0,2,0,0,1,1,1,0,1,0,0,1,1,0,0,0,0,1,0,1,0,0,1,7,9,11,12,3,6,11,12,15,17,14,12,17,11,13,11
d02538,football,0,0,1,0,2,1,0,1,0,1,0,0,0,0,1,1,0,0,2,1,0,2,0,0,10,17,9,10,3,10,20,14,17,20,19,18,14,5,13,26
d02539,astronomy,0,1,0,1,1,2,0,0,1,1,0,0,1,0,0,1,1,11,9,7,4,11,6,11,1,0,0,0,0,1,0,0,9,11,16,11,12,12,14,16
d02540,machine_learning,15,17,19,16,21,13,13,11,0,1,1,0,0,0,0,2,0,1,0,2,1,1,1,0,1,0,2,0,0,1,0,1,22,19,29,25,23,32,29,18
d02541,cooking,0,3,1,0,1,1,1,0,18,17,18,23,26,28,14,22,1,1,2,0,2,0,2,0,0,3,2,4,2,0,1,1,32,34,46,32,31,31,39,32
d02542,astronomy,2,1,0,0,0,1,0,2,2,0,1,1,0,2,0,1,31,23,22,29,25,15,30,21,2,0,1,0,3,1,4,0,33,41,40,51,45,34,49,36
d02543,machine_learning,33,42,35,42,36,36,42,43,3,2,3,1,1,1,3,3,1,3,3,2,2,2,2,0,2,2,2,1,1,2,0,5,59,55,62,54,69,81,65,54
d02544,cooking,0,1,0,0,1,1,1,0,11,12,17,7,19,18,22,19,1,0,1,0,1,0,0,0,0,1,0,1,0,1,0,0,33,29,33,15,30,25,36,27
d02545,astronomy,2,2,3,3,4,6,6,4,5,5,4,6,4,5,4,6,97,84,77,78,102,98,93,90,4,5,3,3,2,2,4,4,151,146,161,142,157,127,169,168
d02546,astronomy,0,0,0,0,0,1,0,0,0,1,0,1,0,1,0,0,5,3,4,1,2,4,1,4,0,1,0,0,0,0,0,1,11,8,7,13,6,3,11,4
d02547,astronomy,0,1,1,0,6,1,1,1,6,5,1,2,4,4,1,4,33,22,31,30,38,33,32,28,4,2,1,2,5,2,1,2,60,52,62,68,67,72,62,54
d02548,football,1,0,1,0,0,0,1,0,0,1,0,0,0,0,0,0,0,1,0,1,0,0,2,0,13,13,13,9,9,8,8,9,23,11,18,18,17,18,7,15
d02549,football,0,0,0,0,1,0,0,0,2,0,0,0,0,0,2,1,1,0,0,0,0,0,0,0,2,4,6,4,3,2,6,6,5,7,6,14,6,7,9,7
d02550,cooking,0,0,0,0,0,0,0,2,7,4,5,5,4,2,7,12,0,0,0,0,0,0,1,0,0,0,0,0,0,1,1,0,11,8,7,11,12,9,8,12
d02551,football,1,3,0,3,3,2,3,0,2,0,1,0,1,3,1,5,1,3,1,1,1,1,1,1,26,32,22,26,18,32,34,24,45,48,40,50,47,44,45,45
d02552,football,0,3,3,3,2,1,3,3,1,2,0,2,4,4,1,3,2,1,3,1,2,3,3,0,39,33,33,47,41,35,45,42,60,66,61,70,58,66,57,56
d02553,football,0,0,2,0,0,1,0,0,0,1,0,0,1,0,0,0,0,1,0,0,0,1,0,0,6,4,5,5,3,3,6,8,7,7,4,9,5,4,11,4
d02554,football,0,0,0,0,0,0,0,0,1,2,0,0,0,0,0,0,1,1,0,1,0,1,1,0,6,7,6,3,10,3,2,3,8,12,15,4,6,9,14,6
d02555,football,2,5,4,1,0,2,1,4,3,3,2,3,0,2,2,5,4,3,3,4,3,0,1,1,47,41,41,42,46,46,37,33,72,87,72,65,73,68,85,72
d02556,machine_learning,3,11,4,5,9,4,8,8,0,0,0,0,0,0,1,0,0,1,1,0,0,0,0,1,0,0,0,1,0,0,0,0,12,9,15,11,11,9,9,10
d02557,football,0,0,1,0,0,0,0,0,0,0,0,0,0,0,0,0,0,0,0,1,0,0,0,1,3,4,5,1,4,4,4,3,11,5,6,11,7,6,8,5
d02558,astronomy,2,0,2,2,0,0,1,1,0,2,0,1,0,0,0,1,16,14,12,21,17,26,23,22,2,2,0,1,0,0,0,0,36,33,26,36,30,21,22,22
d02559,cooking,1,7,3,1,2,3,6,2,89,93,85,75,68,75,69,90,8,5,2,5,4,4,4,5,3,1,4,4,4,5,3,5,112,119,135,130,133,161,147,141
d02560,football,1,1,3,1,1,0,1,0,1,2,2,1,1,1,1,0,0,1,1,0,1,0,0,1,9,18,16,5,11,15,15,17,19,27,31,31,23,15,23,29
d02561,astronomy,0,0,0,0,1,0,0,0,0,1,0,0,0,0,0,1,9,3,9,11,9,7,13,12,0,0,0,0,0,1,1,1,16,15,13,19,6,15,10,13
d02562,cooking,1,2,0,0,0,0,1,0,10,11,11,10,16,7,10,12,1,0,1,0,0,0,1,0,0,0,1,1,1,0,1,0,14,8,15,21,17,21,18,26
d02563,cooking,1,1,0,0,1,2,0,1,16,21,20,21,13,18,19,15,0,1,1,0,0,1,0,0,0,2,1,0,0,2,0,0,39,28,29,28,32,29,36,39
d02564,cooking,2,2,0,1,2,1,2,0,28,18,37,33,36,31,23,23,2,2,0,2,1,1,0,1,3,0,0,1,2,2,2,1,43,47,39,38,38,46,36,45
d02565,machine_learning,50,51,54,48,53,50,54,50,2,3,1,2,3,0,3,3,5,2,1,2,0,3,2,1,1,5,1,1,2,3,2,2,81,90,87,97,81,91,92,80
d02566,football,1,0,0,0,0,0,3,0,0,2,1,0,0,1,1,0,0,0,0,0,1,0,0,1,13,16,13,13,10,14,16,16,21,25,19,19,18,15,24,18
d02567,machine_learning,5,10,5,7,7,6,3,2,0,0,0,0,0,0,0,0,0,2,0,0,0,0,0,0,1,0,0,0,0,0,0,0,8,14,3,9,7,5,14,11
d02568,machine_learning,7,6,7,10,13,9,15,4,0,0,0,0,1,0,0,1,0,0,1,1,1,0,1,0,0,1,0,0,0,0,0,1,14,17,16,12,21,16,13,15
d02569,cooking,0,1,0,0,0,0,0,0,6,6,8,4,5,8,7,7,0,0,0,1,0,0,1,0,0,1,0,0,0,0,0,1,4,10,8,13,11,8,8,7
d02570,machine_learning,44,33,44,52,47,44,49,57,4,4,2,0,2,1,4,4,2,3,3,2,0,1,1,2,4,0,2,2,0,2,3,6,84,89,84,71,83,84,78,79
d02571,football,2,0,0,0,1,1,1,1,1,3,0,0,0,2,0,1,2,0,1,0,3,1,1,3,27,21,15,18,19,17,23,22,35,34,38,47,29,33,29,33
d02572,machine_learning,5,6,4,9,4,3,5,8,0,0,0,0,0,1,0,0,0,0,0,0,0,1,1,1,1,0,0,1,0,0,2,0,11,12,17,10,8,11,8,8
d02573,football,3,1,0,1,0,1,2,1,1,1,2,2,1,1,2,0,1,2,2,0,0,1,3,1,27,38,35,35,33,30,35,38,58,48,60,46,50,49,51,48
d02574,astronomy,0,1,1,0,1,1,0,1,0,0,0,1,0,1,0,0,11,7,9,2,7,9,10,7,0,0,1,0,0,0,0,1,10,10,15,12,9,8,13,9
d02575,astronomy,0,0,0,0,1,0,1,1,0,1,1,1,1,0,1,1,12,7,12,11,14,8,13,9,2,0,0,0,0,0,0,0,20,11,16,13,19,23,17,25
d02576,astronomy,1,0,2,0,0,1,0,0,0,1,2,0,0,1,3,0,20,15,11,17,18,16,16,17,0,2,1,0,1,0,0,2,21,23,23,29,25,30,28,18
d02577,astronomy,0,0,0,0,0,0,0,0,0,1,1,0,1,1,0,0,11,7,11,7,9,14,8,10,1,0,0,0,0,0,0,0,16,18,21,16,15,17,15,13
d02578,machine_learning,21,13,13,13,11,18,17,10,1,0,0,2,2,0,0,0,0,1,0,0,0,0,0,0,0,1,1,0,0,1,1,0,27,25,32,25,20,16,25,30
d02579,astronomy,1,0,0,1,0,0,0,0,0,1,1,0,0,1,0,0,7,7,14,9,6,6,10,6,1,0,1,0,0,0,0,0,7,22,13,16,19,16,11,16
d02580,astronomy,0,0,1,2,1,0,0,1,1,0,1,0,0,0,1,0,12,11,8,9,5,13,8,14,0,1,0,1,0,0,0,0,27,18,13,25,26,13,24,19
d02581,football,1,1,0,2,0,0,0,0,0,0,0,1,0,1,0,1,0,1,0,0,1,0,0,0,14,14,12,14,12,13,12,9,16,20,15,19,28,23,25,28
d02582,football,0,6,1,1,2,2,2,2,0,1,1,1,1,2,3,3,4,1,0,0,3,0,2,4,37,47,36,36,36,35,31,38,67,56,52,79,65,49,49,65
d02583,football,0,0,0,4,0,0,2,1,1,0,1,1,3,1,0,1,0,1,1,0,1,0,0,0,13,13,25,14,13,16,17,14,23,32,40,35,46,25,32,33
d02584,machine_learning,4,7,5,6,6,10,10,5,0,0,1,0,1,1,0,0,0,0,0,0,0,0,1,0,0,0,0,0,0,0,1,0,10,9,13,8,12,13,4,10
d02585,football,2,0,1,2,1,0,3,3,1,0,2,2,1,4,1,2,0,1,2,1,0,1,3,3,34,37,38,33,39,32,33,22,52,67,61,57,56,55,59,65
d02586,machine_learning,60,64,67,44,62,47,49,62,2,3,2,4,6,5,2,2,3,3,2,2,2,2,3,5,2,2,2,2,2,3,3,5,99,88,106,98,97,88,99,94
d02587,machine_learning,12,10,10,20,11,11,9,12,0,0,0,0,2,2,3,0,0,3,1,1,0,1,1,2,2,1,1,0,1,0,1,2,22,24,23,18,15,22,20,24
d02588,cooking,1,1,1,2,2,0,0,1,18,29,16,18,29,20,24,19,0,1,0,2,1,3,2,1,1,0,0,2,1,1,2,1,38,45,50,34,48,27,43,26
d02589,cooking,1,0,1,0,0,0,0,0,8,16,9,5,7,9,16,5,0,0,1,0,0,1,2,0,0,1,0,1,1,0,0,1,13,19,11,18,12,13,18,19
d02590,football,1,1,0,0,2,2,1,1,2,2,2,2,1,0,2,0,1,1,1,1,0,0,0,0,14,28,22,29,21,23,18,24,40,42,30,40,43,36,34,43
d02591,astronomy,2,2,1,2,3,0,4,0,3,1,1,1,5,1,2,3,27,29,31,32,28,35,40,30,1,1,2,0,1,2,3,4,54,63,58,61,52,57,61,69
d02592,astronomy,3,2,0,2,1,1,1,0,2,2,0,1,0,2,0,2,43,32,34,37,38,21,38,39,0,1,2,0,1,1,0,0,62,61,44,56,50,48,59,53
d02593,astronomy,0,1,0,1,0,0,0,0,2,0,0,0,0,0,0,0,8,9,17,7,5,6,7,8,1,0,0,1,0,0,0,0,9,10,21,16,11,14,12,10
d02594,cooking,0,2,0,0,1,1,0,1,7,6,11,14,14,9,10,9,1,1,1,0,0,0,0,0,0,0,1,0,1,0,0,1,15,13,12,9,14,19,13,15
d02595,cooking,0,1,0,0,0,0,0,0,12,10,11,12,11,9,7,10,1,0,0,2,0,1,1,0,0,0,0,0,1,2,0,0,14,17,21,18,16,14,16,18
d02596,machine_learning,10,8,3,6,8,14,9,9,0,1,1,1,0,0,1,0,1,1,0,1,2,1,0,0,0,0,0,0,0,0,1,0,16,18,10,15,19,14,13,18
d02597,football,0,2,0,0,0,0,1,0,0,2,2,0,1,0,0,0,0,0,0,0,2,0,1,1,12,13,16,16,15,15,9,11,22,14,28,23,19,28,30,20
d02598,football,2,1,1,3,1,1,0,1,0,1,2,1,0,5,1,3,1,1,2,2,1,1,0,3,21,36,40,29,37,30,26,43,57,51,41,58,48,68,72,56
d02599,football,0,1,2,0,0,1,1,0,0,0,1,0,1,0,0,1,0,2,1,1,1,0,0,1,7,7,10,9,11,10,10,16,21,13,12,16,11,16,21,15
d02600,cooking,0,0,0,1,1,1,1,0,9,7,6,12,11,17,12,5,1,0,0,0,0,0,0,1,0,0,0,1,0,1,0,1,10,13,19,10,24,13,23,19
d02601,football,4,5,4,6,4,6,2,5,4,6,3,4,4,4,4,4,1,2,3,2,4,1,6,6,82,81,75,82,89,68,83,84,130,146,122,135,153,120,125,136
d02602,astronomy,1,1,1,1,4,1,2,1,1,1,2,1,1,2,2,4,28,38,24,33,33,35,31,32,1,5,2,2,0,1,2,4,44,47,48,40,50,48,46,39
d02603,machine_learning,12,6,9,19,14,18,14,9,0,0,1,1,0,1,1,0,1,2,0,2,1,1,2,1,0,0,0,1,0,0,1,0,23,28,18,25,27,27,18,17
d02604,cooking,1,1,0,3,0,0,0,0,6,9,3,5,7,7,11,10,0,0,0,0,0,0,1,0,1,0,0,0,0,0,2,0,14,15,12,7,16,11,9,17
d02605,machine_learning,19,10,13,13,15,7,15,12,1,0,1,1,2,0,0,0,2,2,1,0,2,2,1,1,1,3,1,0,0,0,0,0,18,17,18,17,19,19,25,18
d02606,astronomy,0,0,0,1,0,0,0,0,0,0,0,1,0,0,0,0,4,1,7,4,9,1,2,3,0,0,0,0,0,0,0,0,7,12,14,3,10,8,3,8
d02607,cooking,3,5,0,5,2,2,2,2,34,40,47,33,34,35,39,36,3,2,1,1,2,2,3,0,3,2,0,2,2,1,0,1,65,60,55,49,48,72,66,63
d02608,cooking,0,0,0,0,0,0,1,0,7,8,2,12,6,2,4,7,0,0,0,1,0,1,0,0,1,1,0,1,0,0,2,2,15,9,6,11,9,9,6,13
d02609,machine_learning,6,4,11,11,6,4,15,10,1,0,0,0,0,0,1,2,2,1,1,0,1,0,1,1,1,0,0,0,1,0,0,1,10,13,10,12,12,11,13,11
d02610,astronomy,0,1,0,0,1,0,0,2,1,1,0,2,0,0,0,2,12,19,23,17,16,13,12,13,0,1,2,0,1,0,1,0,32,17,36,24,30,18,25,22
d02611,cooking,0,0,2,0,0,0,0,0,11,6,14,11,10,15,14,19,1,0,0,0,0,0,1,0,0,1,3,0,1,2,0,0,22,21,19,20,24,24,21,18
d02612,machine_learning,13,4,5,10,9,5,9,8,0,1,0,1,0,0,0,0,1,0,0,0,1,1,0,1,0,2,0,1,0,0,0,1,14,18,14,7,13,14,20,12
d02613,machine_learning,4,3,7,3,3,6,5,2,0,1,0,0,0,0,0,0,0,1,0,0,0,0,0,0,0,0,0,0,0,0,0,1,5,13,11,13,16,11,8,12
d02614,football,0,0,0,1,0,1,0,1,0,0,0,0,1,0,0,0,0,0,1,2,1,1,0,0,10,9,5,11,6,7,4,9,12,15,7,13,13,19,15,12
d02615,machine_learning,17,23,10,16,11,14,14,23,2,2,1,2,1,0,0,0,0,0,0,0,1,0,2,0,0,2,0,1,2,3,1,1,29,19,23,30,30,32,25,26
d02616,football,2,0,2,1,2,0,0,1,0,0,3,0,1,1,2,1,0,0,0,0,1,2,0,1,23,24,23,21,26,21,30,27,26,38,42,43,45,32,33,38
d02617,astronomy,2,3,3,2,2,1,1,2,0,0,2,3,2,1,1,3,31,35,33,32,29,42,37,40,1,1,1,0,1,1,0,0,48,57,66,47,55,71,72,60
d02618,machine_learning,9,17,12,13,7,6,15,15,2,1,1,0,0,0,3,1,0,0,2,2,1,2,1,0,1,2,1,1,0,2,0,0,26,16,18,16,19,23,16,25
d02619,machine_learning,6,7,8,12,9,9,2,10,0,0,1,3,0,0,2,0,0,0,0,0,0,0,0,0,0,0,0,0,0,1,0,1,22,11,13,16,13,13,12,20
d02620,astronomy,1,1,0,0,1,0,0,1,1,1,0,2,0,0,1,1,11,14,13,9,16,10,10,3,0,0,0,1,0,2,1,1,24,26,18,21,19,18,16,22
d02621,football,0,4,2,1,1,4,2,2,0,0,1,0,0,1,0,3,0,0,0,0,2,2,0,5,21,23,28,27,26,21,26,25,46,36,29,44,51,34,37,34
d02622,astronomy,0,0,0,1,0,1,0,0,1,0,1,1,2,0,0,1,7,14,10,9,6,10,8,8,1,0,0,0,1,0,0,1,12,18,17,15,14,23,23,21
d02623,machine_learning,16,6,14,12,23,17,11,10,0,0,0,1,0,1,0,1,1,0,0,1,1,0,1,0,2,1,1,0,2,0,0,0,25,19,23,30,20,27,34,29
d02624,astronomy,1,1,1,3,1,2,1,2,0,3,1,1,0,1,2,4,43,31,35,29,39,32,28,33,1,2,5,1,0,1,2,2,51,44,61,54,46,65,58,48
d02625,machine_learning,19,10,11,17,16,6,10,14,2,0,2,0,1,1,2,0,0,1,1,0,0,1,1,0,2,0,0,4,0,0,1,0,16,15,17,19,13,23,27,21
d02626,astronomy,3,0,0,0,2,1,0,0,0,0,0,2,3,2,1,2,39,40,35,34,39,23,29,28,2,1,2,1,2,0,0,2,58,52,61,54,56,48,49,59
d02627,machine_learning,12,8,10,8,4,6,8,12,0,0,0,0,0,0,0,0,0,0,1,0,0,0,1,0,0,0,0,0,1,1,0,0,10,8,10,13,18,12,15,12
d02628,astronomy,6,3,4,6,1,5,2,4,4,5,3,2,3,2,0,3,49,62,60,64,56,63,50,61,2,3,0,2,4,2,2,2,92,102,118,103,82,108,106,100
d02629,machine_learning,4,9,9,10,8,6,5,9,0,0,0,0,0,1,0,0,2,0,0,0,0,0,0,0,0,1,0,0,3,2,0,0,14,8,13,12,10,13,15,7
d02630,machine_learning,44,65,65,69,53,58,59,56,0,3,1,2,5,2,1,2,3,1,4,2,5,1,2,3,3,7,4,1,1,1,1,2,86,94,91,94,79,70,95,98
d02631,machine_learning,4,4,4,5,9,8,5,9,0,0,1,0,0,0,0,0,0,0,0,0,0,0,0,1,0,0,1,1,0,0,1,0,7,14,9,12,10,9,12,8
d02632,cooking,1,0,0,0,1,0,0,0,8,6,8,12,5,9,14,10,2,0,1,0,1,0,1,0,1,2,0,0,0,0,0,1,13,17,12,20,18,14,9,11
d02633,astronomy,1,0,0,0,0,0,0,0,0,0,0,0,2,0,0,1,4,5,5,3,3,1,3,3,0,1,0,0,0,0,1,1,5,2,11,4,6,9,2,11
d02634,astronomy,1,2,2,2,0,2,1,1,1,1,0,1,1,3,0,1,29,26,28,28,33,34,28,33,2,2,0,0,0,2,2,2,54,43,39,59,46,60,46,65
d02635,astronomy,3,1,1,0,2,2,0,2,0,0,2,0,1,1,3,1,26,26,28,21,28,29,26,26,1,0,2,1,3,1,1,2,57,40,55,41,44,52,35,43
d02636,astronomy,0,1,2,0,1,0,0,0,0,1,2,2,0,0,4,1,25,20,32,23,21,33,17,23,0,3,1,0,0,1,0,0,50,53,51,32,42,47,42,28
d02637,cooking,1,2,0,2,1,1,0,2,11,14,16,14,13,13,16,16,0,0,1,1,0,2,0,0,1,0,0,1,0,0,1,1,23,25,12,18,19,17,20,12
d02638,astronomy,1,0,2,0,3,1,3,0,2,1,2,0,2,1,3,1,34,30,26,20,35,31,18,38,1,1,1,0,4,3,2,2,57,41,50,44,49,50,60,57
d02639,astronomy,1,0,0,3,2,0,0,0,1,2,0,0,0,0,0,0,12,15,15,9,18,9,9,13,0,0,0,1,0,0,1,0,25,22,30,29,19,28,25,27
d02640,football,0,0,1,0,0,0,0,0,0,0,0,0,0,0,0,0,0,0,0,0,0,0,1,0,2,5,5,7,10,4,6,4,8,5,11,5,6,7,11,9
d02641,football,2,0,1,4,1,2,2,3,6,3,3,1,1,1,1,0,2,1,1,3,0,0,0,3,35,36,48,32,40,32,43,33,61,74,78,57,55,71,66,59
d02642,machine_learning,11,17,15,19,12,12,9,17,1,0,2,0,0,0,3,0,1,2,0,1,1,0,0,0,1,0,0,0,0,1,0,1,17,14,18,24,21,29,14,29
d02643,astronomy,0,2,0,1,0,0,1,0,0,1,0,1,0,0,0,1,12,12,9,9,6,9,16,8,0,0,0,1,0,0,2,0,13,14,14,14,8,18,14,17
d02644,astronomy,0,1,1,1,1,1,1,3,3,0,2,3,1,0,4,0,29,43,40,39,36,35,26,32,3,2,2,0,2,2,1,4,50,50,38,67,57,42,49,73
d02645,machine_learning,12,10,22,16,14,26,23,22,0,1,0,1,1,2,0,0,1,0,0,1,0,2,0,2,0,0,1,2,0,1,1,0,34,20,26,31,19,23,20,24
d02646,cooking,3,4,0,1,0,0,1,2,27,27,20,27,25,25,23,25,1,2,1,1,2,0,1,1,2,2,1,1,0,0,1,0,45,48,39,47,43,45,49,40
d02647,machine_learning,11,9,4,11,15,13,12,6,1,1,0,0,1,0,2,1,0,0,1,0,0,0,1,0,1,0,1,0,0,1,0,0,17,25,24,18,13,28,18,18
d02648,football,0,0,2,2,0,1,1,0,0,3,0,1,2,2,1,1,0,0,1,1,2,2,2,1,27,16,16,24,17,20,13,28,39,33,38,32,34,43,40,36
d02649,football,0,0,4,1,2,1,2,2,1,0,0,0,1,1,1,0,2,1,1,2,1,1,0,4,20,19,18,13,15,23,19,27,32,35,35,35,38,39,36,39
d02650,machine_learning,4,7,8,3,7,9,9,7,0,2,1,1,1,1,0,0,0,1,0,0,1,0,0,0,0,0,1,1,0,1,0,0,6,14,9,12,13,6,11,9
d02651,football,0,0,1,0,0,0,0,0,1,0,0,0,1,0,1,0,0,1,0,0,0,0,1,0,5,9,11,12,12,11,8,12,17,11,18,12,17,17,12,11
d02652,machine_learning,11,15,13,10,11,11,7,6,1,1,1,2,0,1,1,2,0,1,0,1,0,0,0,0,0,0,1,0,0,0,1,0,23,15,20,15,15,20,13,13
d02653,football,2,1,0,0,0,0,1,0,0,1,0,0,0,0,0,0,1,0,0,0,0,0,1,0,12,18,13,9,16,14,14,19,20,23,21,16,20,26,20,28
d02654,astronomy,0,0,0,0,0,0,0,0,0,0,0,2,1,0,0,1,2,4,5,2,10,3,8,5,0,1,1,0,0,0,0,0,8,6,12,14,11,7,9,7
d02655,cooking,1,2,2,2,1,2,1,0,27,30,34,16,22,22,32,26,0,1,1,2,1,0,1,0,1,3,1,2,1,1,1,1,45,38,41,47,42,58,44,41
d02656,astronomy,1,0,0,1,2,1,1,0,0,1,0,0,0,0,0,0,9,5,9,15,10,17,10,15,0,0,1,0,0,0,0,0,19,21,18,20,35,21,15,17
d02657,football,0,0,1,2,0,0,1,1,1,1,2,1,0,0,1,2,1,1,0,1,0,0,0,1,10,23,14,14,13,13,12,11,32,25,23,17,16,16,27,19
d02658,machine_learning,6,3,5,14,7,10,10,5,1,0,2,2,1,0,0,1,1,0,0,0,2,1,2,0,0,0,0,0,0,1,0,0,13,4,14,8,13,10,15,10
d02659,machine_learning,12,13,11,11,7,13,12,8,0,1,0,1,1,0,0,0,1,1,0,1,0,0,1,1,2,2,0,0,0,1,0,1,20,21,13,21,16,19,25,16
d02660,astronomy,0,0,3,1,2,1,2,1,0,0,0,0,0,0,0,1,18,10,14,14,11,14,14,13,1,0,0,0,1,0,0,2,26,23,24,22,22,27,23,29
d02661,cooking,1,0,0,0,2,0,0,0,15,13,15,8,16,18,3,12,1,0,0,1,0,0,1,0,0,0,1,0,3,0,0,1,18,27,16,16,21,15,14,25
d02662,cooking,1,0,2,1,2,1,2,0,19,19,25,19,17,20,14,20,1,0,0,2,2,0,2,3,0,1,1,0,0,0,1,1,29,34,24,39,32,20,29,34
d02663,cooking,0,1,1,1,1,1,1,1,16,11,9,14,13,7,4,10,0,0,0,0,0,0,0,0,0,0,1,1,1,1,2,0,11,15,20,16,25,19,22,17
d02664,machine_learning,10,9,9,14,11,10,6,4,0,0,2,0,0,0,0,1,1,1,1,0,1,1,0,2,0,0,2,2,0,1,1,1,14,14,15,14,9,15,17,10
d02665,astronomy,4,5,2,0,1,3,0,3,3,4,1,0,0,2,2,1,28,54,37,33,32,39,41,37,1,3,6,0,2,1,3,1,60,65,51,69,63,56,61,73
d02666,football,0,1,0,1,0,1,1,0,1,0,1,1,0,0,1,0,0,1,1,0,1,0,1,0,10,9,12,5,12,12,9,12,15,15,19,22,25,16,17,11
d02667,machine_learning,16,10,14,10,17,14,14,16,0,0,0,2,2,1,1,0,1,2,0,0,0,1,1,2,0,0,1,0,1,0,4,1,19,19,22,17,20,15,23,24
d02668,machine_learning,22,22,18,22,33,24,17,20,3,2,1,1,0,1,3,1,1,1,1,2,2,3,0,3,1,0,1,0,2,1,0,1,26,38,38,35,33,35,24,30
d02669,football,1,1,1,1,0,0,0,0,0,0,0,0,0,1,0,0,1,0,0,0,1,1,0,0,8,4,2,5,9,4,8,9,14,8,11,6,8,6,15,11
d02670,football,1,2,0,0,0,1,0,0,1,1,2,1,0,0,0,0,1,0,1,1,0,0,1,0,8,6,12,5,11,14,9,10,20,21,17,16,19,13,17,20
d02671,cooking,0,0,0,0,0,0,0,0,3,10,8,7,5,10,1,6,0,0,0,0,0,0,0,1,0,0,0,0,0,0,0,0,14,16,13,10,12,9,11,6
d02672,cooking,1,1,0,0,0,0,1,0,9,4,8,3,9,10,9,6,0,0,0,0,1,0,0,0,0,1,0,0,0,0,0,0,10,11,14,16,10,20,12,16
d02673,cooking,6,3,3,3,3,4,4,4,73,85,68,67,77,73,62,75,3,1,3,2,5,2,2,8,3,4,5,6,4,2,4,4,117,121,140,120,126,104,127,117
d02674,cooking,0,0,1,1,0,0,0,1,11,8,8,13,8,13,11,6,1,1,0,0,1,1,1,0,0,0,0,0,1,2,0,2,23,24,18,11,19,17,18,25
d02675,cooking,0,0,2,1,1,1,1,1,22,25,24,19,15,19,18,20,0,2,0,0,0,2,0,0,1,2,1,3,2,5,0,3,31,33,34,49,37,28,36,44
d02676,cooking,0,1,2,1,1,1,0,1,12,14,5,7,3,15,12,10,2,0,0,0,0,1,0,1,0,2,1,0,0,1,2,0,14,12,14,15,23,14,18,17
d02677,machine_learning,10,16,19,13,16,9,14,12,0,0,1,0,1,0,0,1,0,0,1,0,1,0,0,0,1,2,1,1,0,0,1,0,28,25,28,30,29,25,30,24
d02678,cooking,3,1,0,0,3,3,4,1,58,39,38,43,56,52,54,50,5,1,4,1,1,4,0,4,0,3,1,4,2,0,3,3,65,83,84,69,70,84,79,61
d02679,football,0,1,3,0,2,1,2,1,0,1,1,0,0,0,2,1,1,0,2,0,0,0,0,0,15,20,16,20,25,13,17,16,27,29,29,31,42,32,25,28
d02680,machine_learning,23,41,41,42,29,30,27,21,0,3,3,0,0,0,1,0,2,3,1,1,0,0,1,0,1,3,0,1,1,1,2,2,49,43,48,52,42,50,55,46
d02681,football,0,1,1,1,1,2,3,2,3,1,1,0,2,0,1,2,0,0,1,2,1,2,2,3,39,40,42,37,34,39,32,24,53,45,47,49,47,61,58,49
d02682,cooking,1,0,2,0,1,0,1,1,18,18,18,15,14,12,12,7,0,0,0,1,0,0,0,0,0,0,2,0,1,1,1,1,24,27,24,21,18,25,22,22
d02683,football,1,0,1,0,0,0,0,2,0,1,0,1,1,2,0,0,2,1,0,0,1,2,1,0,10,12,4,10,8,7,9,11,8,25,9,12,16,17,11,18
d02684,cooking,4,1,0,1,0,1,0,1,24,10,18,10,12,12,17,11,0,0,1,1,1,1,0,0,1,1,4,0,1,1,0,0,28,20,25,28,29,25,20,26
d02685,cooking,1,1,1,0,1,0,1,1,8,5,6,10,8,5,6,7,0,1,0,1,0,1,0,0,0,1,1,0,0,0,1,1,13,8,10,7,17,9,8,9
d02686,machine_learning,32,32,31,22,20,18,32,21,3,1,2,1,1,2,0,4,0,2,1,0,0,2,1,2,2,2,1,0,1,1,0,1,33,53,32,57,40,41,40,35
d02687,astronomy,1,0,0,2,0,1,0,1,0,3,0,2,0,0,0,0,22,11,16,12,13,18,11,18,0,1,0,3,1,2,2,1,23,28,21,21,20,26,17,32
d02688,football,1,2,0,1,1,0,0,1,1,0,0,0,1,0,0,0,1,0,0,3,0,0,1,0,10,16,14,9,11,15,10,13,24,11,23,16,15,22,21,22
d02689,cooking,2,0,1,1,0,3,1,1,22,36,27,31,23,22,22,40,2,2,0,0,1,1,2,1,1,1,1,0,2,4,1,0,33,52,43,44,36,43,41,46
d02690,cooking,0,3,3,1,0,0,5,2,31,37,43,34,37,42,40,36,3,2,3,2,1,2,2,2,1,0,2,0,1,0,1,4,46,65,56,65,52,64,40,52
d02691,cooking,0,0,2,1,1,0,0,0,7,4,10,2,5,1,3,6,0,0,0,1,0,0,1,0,0,1,0,0,1,1,0,0,12,16,11,3,11,11,12,6
d02692,astronomy,0,0,0,0,0,0,1,0,0,0,0,1,0,0,0,0,8,4,0,6,10,8,9,2,0,0,0,0,0,0,0,0,9,6,6,13,5,6,15,5
d02693,machine_learning,32,38,29,31,38,31,41,35,0,4,3,1,3,1,2,1,1,1,3,1,1,1,0,2,3,2,2,2,2,3,1,0,58,52,64,71,72,45,53,58
d02694,machine_learning,15,16,22,18,23,19,23,21,0,0,2,0,0,1,3,0,1,2,1,4,0,1,1,1,1,1,1,2,0,0,0,1,32,36,25,30,28,30,23,33
d02695,machine_learning,49,34,44,38,43,42,22,50,3,3,1,0,1,5,4,3,3,3,3,0,3,3,2,5,2,4,3,2,1,3,1,2,65,91,69,81,70,69,60,80
d02696,football,0,0,1,2,0,0,0,1,0,1,0,0,0,0,1,0,0,0,1,0,1,0,0,0,3,4,3,6,3,0,5,6,6,9,8,5,5,2,5,5
d02697,football,0,0,0,0,0,1,0,0,0,0,0,0,1,1,0,0,1,0,1,1,0,0,0,0,3,4,3,4,4,10,5,2,9,11,13,8,6,15,11,13
d02698,cooking,2,1,0,0,0,0,0,0,16,13,7,15,11,19,15,14,1,0,2,1,0,1,0,1,1,0,0,0,0,0,0,0,30,36,29,25,22,24,24,23
d02699,machine_learning,36,34,21,16,29,25,18,24,2,2,1,1,1,2,2,1,1,0,1,0,1,0,0,1,0,1,2,1,0,3,0,1,45,43,43,57,47,42,47,43
d02700,astronomy,0,0,0,0,0,0,0,0,0,1,3,1,0,0,0,1,14,16,16,10,15,13,17,12,0,0,1,1,0,1,0,1,28,17,20,23,24,17,19,17
d02701,cooking,0,1,1,2,0,0,0,0,11,11,11,15,13,16,15,10,1,1,0,0,3,0,0,1,1,1,0,1,0,1,2,0,16,24,19,21,16,17,15,20
d02702,cooking,3,1,1,1,0,1,1,0,27,20,23,20,9,18,20,15,0,0,0,0,2,1,2,1,1,0,0,0,2,4,2,1,30,33,29,23,27,32,28,27
d02703,machine_learning,41,33,37,33,31,42,32,34,1,2,0,2,1,5,1,2,3,1,2,1,0,1,1,1,0,1,2,1,0,4,2,3,55,51,47,57,53,59,62,55
d02704,cooking,0,0,0,0,0,0,0,0,4,6,4,5,6,9,5,4,2,2,0,0,0,0,0,0,0,0,1,0,1,1,0,1,4,4,9,7,5,6,4,6
d02705,machine_learning,5,16,9,9,8,13,12,8,2,0,1,0,1,2,1,0,1,0,0,0,0,0,2,0,0,0,2,0,0,1,1,0,18,17,15,27,20,13,19,14
d02706,cooking,0,0,0,0,1,0,0,0,8,2,2,2,7,6,7,8,0,0,0,0,0,0,0,0,0,0,0,0,0,0,0,0,7,7,8,6,7,3,8,7
d02707,cooking,1,0,0,0,0,1,0,0,6,6,9,0,9,4,6,8,0,0,2,0,0,0,1,0,0,1,0,0,0,0,0,1,18,3,10,15,14,6,13,8
d02708,cooking,1,1,0,0,0,0,0,1,10,7,8,6,2,3,5,9,0,0,0,0,0,0,0,0,0,0,0,0,0,1,0,1,13,9,18,14,12,16,8,15
d02709,football,1,1,4,1,1,2,1,2,2,0,2,1,0,1,1,2,2,3,1,4,1,2,1,1,41,40,18,23,38,35,23,22,67,58,43,59,57,57,44,61
d02710,astronomy,0,1,0,0,2,0,0,0,1,0,0,0,0,0,0,0,7,0,12,5,8,7,4,10,0,0,0,2,0,0,1,2,8,14,10,14,9,9,14,10
d02711,machine_learning,9,19,8,7,10,14,6,15,0,1,1,2,1,0,0,1,0,0,1,0,0,0,1,0,0,1,2,2,0,0,0,0,15,19,20,23,21,21,16,18
d02712,cooking,2,0,0,0,0,0,0,0,21,29,33,20,18,22,28,25,1,0,1,1,0,1,2,1,0,1,3,1,2,2,4,1,52,53,50,44,36,46,53,41
d02713,astronomy,3,1,0,0,2,1,2,3,2,2,2,2,0,3,1,1,38,26,27,31,22,28,37,28,1,2,0,3,3,0,2,3,40,64,57,53,43,49,57,49
d02714,astronomy,4,2,2,1,3,3,0,3,0,2,5,0,3,2,2,1,64,52,58,70,64,50,60,48,1,5,4,2,2,5,3,1,89,93,75,113,104,84,80,94
d02715,football,9,5,6,7,7,4,2,4,6,6,5,6,8,3,6,13,11,7,4,8,7,6,11,5,149,155,143,143,142,155,137,151,269,250,268,229,257,249,227,249
d02716,football,0,0,1,0,0,1,1,0,0,0,0,2,1,1,0,0,0,0,1,1,1,2,1,0,11,11,16,8,13,16,7,28,28,28,28,20,18,22,21,29
d02717,cooking,1,0,1,1,0,0,0,0,11,11,9,10,6,13,16,7,3,0,0,1,0,0,2,0,1,1,0,1,0,0,0,0,14,17,19,14,18,15,19,9
d02718,football,3,1,1,1,0,2,0,4,1,1,0,1,2,1,0,1,0,1,0,0,3,1,0,0,18,22,20,21,21,19,22,19,31,36,33,42,25,35,42,32
d02719,machine_learning,16,7,8,6,14,8,7,6,0,0,0,0,0,1,0,0,0,0,0,1,0,0,0,0,0,1,1,0,0,2,1,1,19,13,20,9,18,17,13,11
d02720,cooking,0,0,0,0,1,0,0,0,2,17,9,5,8,4,9,8,1,1,1,0,1,0,1,1,0,0,0,0,0,1,0,0,13,10,16,13,10,7,8,15
d02721,cooking,0,0,1,2,0,1,3,0,14,12,9,9,16,15,16,11,0,0,0,1,0,1,2,2,0,2,0,0,1,2,2,2,23,16,19,25,21,10,19,22
d02722,football,2,1,2,0,0,0,0,1,1,0,0,0,2,0,3,0,0,3,1,1,1,1,2,0,11,18,13,14,19,14,13,13,20,20,36,20,23,24,17,25
d02723,cooking,0,1,0,2,0,1,0,0,14,18,16,10,19,13,9,15,2,0,1,0,0,0,0,1,1,0,0,1,1,0,0,0,19,23,24,30,20,26,30,21
d02724,cooking,5,1,1,1,2,2,2,2,27,22,39,32,20,18,29,24,1,1,1,2,1,1,2,0,1,1,2,2,0,2,1,1,33,42,46,36,33,42,49,33
d02725,football,1,0,1,1,2,1,0,1,3,0,0,0,2,0,0,3,1,1,0,1,1,1,1,1,11,22,11,14,13,17,23,18,21,25,25,27,32,15,31,24
d02726,machine_learning,14,11,10,8,7,16,16,14,0,1,0,0,0,0,0,0,0,0,1,1,1,2,1,0,0,0,0,2,0,1,0,3,20,23,19,24,18,15,23,21
d02727,football,2,0,0,0,0,1,0,0,1,1,0,1,1,0,0,0,0,1,0,1,1,0,0,2,3,8,14,11,17,9,11,8,14,18,19,23,13,15,21,18
d02728,astronomy,1,1,2,0,0,0,0,0,1,0,0,0,0,0,0,0,8,3,3,5,2,9,7,7,2,0,0,0,0,1,0,0,3,5,9,12,6,11,10,8
d02729,football,0,1,1,0,1,1,0,0,2,0,2,2,1,2,0,1,1,1,1,3,1,2,0,1,14,16,22,16,18,21,29,14,38,28,30,34,37,32,38,29
d02730,astronomy,2,5,2,3,3,5,3,2,2,5,3,1,2,2,3,1,55,68,57,45,59,56,51,60,4,1,1,7,2,2,2,3,81,82,96,86,84,82,85,88
d02731,machine_learning,25,23,26,23,36,24,29,24,1,0,0,1,1,1,1,1,2,0,2,5,1,1,3,0,0,0,2,3,1,5,2,0,42,38,45,57,50,31,41,48
d02732,football,0,0,0,0,0,1,1,0,0,0,0,1,0,0,0,0,0,0,0,0,0,0,1,1,4,3,5,2,9,12,7,6,9,6,10,6,8,11,9,11
d02733,machine_learning,78,88,76,92,80,73,85,84,5,5,8,3,2,2,1,3,2,3,4,6,2,1,4,5,7,4,1,4,4,5,6,8,138,123,154,125,140,116,116,162
d02734,cooking,0,1,0,0,1,0,1,3,11,14,16,10,14,10,14,12,0,1,0,1,2,0,2,0,2,1,0,0,0,0,0,2,14,25,25,19,27,18,21,22
d02735,cooking,1,1,1,2,3,1,3,1,47,40,38,48,44,55,32,42,2,4,3,3,1,5,2,0,2,2,1,3,3,1,1,2,68,61,65,71,89,72,74,61
d02736,astronomy,0,4,1,1,2,1,2,0,3,1,0,0,1,1,2,0,19,23,25,27,27,28,23,28,1,0,0,0,2,1,1,1,35,44,46,37,44,52,38,39
d02737,astronomy,0,1,0,0,1,0,2,0,0,1,1,0,0,0,0,0,11,10,13,19,12,9,13,12,0,1,1,0,1,0,0,0,26,26,23,22,24,17,15,26
d02738,football,1,0,0,0,3,0,0,0,1,0,0,0,0,0,2,1,0,0,3,3,1,0,0,1,10,15,11,6,17,17,15,9,26,17,18,17,20,23,21,15
d02739,football,1,1,1,0,0,1,1,0,4,1,1,2,2,1,0,1,1,1,3,0,0,1,2,2,30,24,28,20,29,22,30,34,32,38,49,32,37,43,46,49
d02740,cooking,0,1,3,3,4,7,1,1,62,50,53,64,74,54,57,60,3,3,1,4,2,3,5,2,0,0,7,2,1,4,2,3,98,92,95,112,98,100,88,110
d02741,machine_learning,40,40,44,45,49,35,24,54,1,3,3,1,3,2,0,2,2,1,3,1,0,1,0,4,2,1,3,1,1,3,2,1,78,72,65,84,80,72,93,71
d02742,cooking,0,0,0,1,0,0,0,0,3,3,4,8,7,3,1,3,0,0,0,0,0,0,0,0,0,0,0,0,0,1,0,0,6,1,8,7,6,4,3,2
d02743,astronomy,1,1,0,0,1,0,0,1,1,1,0,0,2,0,1,1,26,29,25,24,16,19,21,23,0,0,1,1,1,0,1,2,36,41,43,37,32,33,42,50
d02744,astronomy,0,0,2,1,2,0,3,1,0,3,1,3,3,5,0,3,34,44,57,36,45,24,30,48,3,1,2,6,1,3,2,3,68,65,58,73,63,78,69,69
d02745,cooking,0,1,0,0,1,0,0,0,10,12,12,13,8,8,7,6,0,0,0,0,0,1,1,0,0,0,0,1,0,1,1,0,12,12,18,10,12,18,17,15
d02746,astronomy,0,1,1,1,1,0,0,1,2,2,1,1,1,0,0,0,10,12,18,9,9,14,10,9,0,0,1,0,1,0,0,0,30,15,29,17,24,25,23,21
d02747,machine_learning,24,23,24,25,20,31,27,31,1,1,3,0,0,1,0,0,1,0,0,2,0,2,0,0,0,2,2,1,1,4,0,2,29,36,31,43,35,32,29,40
d02748,cooking,1,0,0,0,0,1,1,0,12,5,14,19,13,14,8,14,0,2,1,2,0,0,1,0,0,2,0,2,1,1,1,1,23,15,14,26,25,19,17,20
d02749,machine_learning,5,3,9,2,6,10,4,3,3,0,1,0,0,0,0,1,0,0,0,0,0,0,1,1,0,2,0,1,0,0,0,0,6,10,7,16,11,16,5,14
d02750,machine_learning,29,46,36,41,54,44,48,43,3,0,2,1,1,1,1,0,3,1,3,0,6,5,4,4,3,1,2,2,2,5,1,2,63,60,66,71,79,69,65,87
d02751,machine_learning,7,9,11,11,11,9,9,16,1,0,0,1,0,0,0,1,0,1,0,0,1,0,0,1,0,0,0,1,1,1,0,2,22,23,19,16,14,22,34,27
d02752,cooking,0,1,0,0,0,1,1,0,7,3,6,6,5,8,6,8,1,1,2,0,1,1,0,0,0,0,0,0,0,0,0,0,8,10,19,15,12,17,13,13
d02753,cooking,0,3,0,1,0,0,1,0,7,13,10,7,10,11,16,14,0,1,1,1,0,0,0,1,1,0,1,0,0,0,1,0,15,16,18,21,19,20,30,21
d02754,machine_learning,10,2,9,9,12,14,10,6,0,0,0,0,0,0,0,1,1,1,0,1,0,3,2,0,0,0,0,0,3,0,0,0,15,13,19,24,24,16,14,17
d02755,cooking,0,1,3,0,2,0,0,1,20,21,17,18,19,25,26,20,0,1,1,1,0,1,1,0,1,1,1,1,2,4,0,2,26,38,39,27,31,39,28,32
d02756,machine_learning,18,15,10,9,23,19,18,14,0,1,1,0,1,1,0,2,2,0,0,1,3,0,0,0,0,0,0,1,0,2,0,1,29,32,28,28,34,27,36,26
d02757,astronomy,0,2,0,1,2,1,0,1,0,1,1,0,1,1,0,0,21,22,16,16,17,12,20,15,0,1,1,0,1,1,0,1,27,28,28,26,33,26,26,31
d02758,football,0,0,1,0,0,1,0,1,1,0,0,0,0,0,1,0,2,0,0,0,0,0,0,0,3,10,4,5,3,3,4,5,10,16,14,7,11,3,10,8
d02759,cooking,2,0,0,0,0,0,1,0,7,8,13,12,8,5,8,10,0,0,1,0,0,2,1,0,1,1,0,0,0,0,1,3,22,20,18,26,20,8,13,14
d02760,football,0,0,0,0,2,0,0,1,0,0,1,0,1,0,0,0,1,0,0,1,0,0,0,1,11,7,6,12,8,8,8,8,22,13,13,14,16,18,18,14
d02761,cooking,0,0,2,0,2,0,0,1,22,24,21,22,23,21,18,21,0,1,1,0,0,2,0,1,0,4,0,1,2,1,2,0,43,34,43,45,29,30,36,38
d02762,football,0,0,0,0,0,0,0,0,1,1,1,0,0,0,0,0,1,1,0,1,0,1,0,0,7,11,11,10,9,4,6,7,11,8,12,19,8,14,13,9
d02763,astronomy,3,3,3,4,2,0,1,4,1,2,2,2,2,1,2,2,66,59,65,52,54,35,55,49,4,0,3,1,5,0,1,5,97,87,86,113,80,96,93,98
d02764,football,0,0,1,1,1,3,1,2,1,3,0,1,1,2,0,0,0,1,1,1,0,2,2,0,17,13,13,16,14,13,16,20,32,20,29,30,32,21,31,23
d02765,machine_learning,14,14,20,17,13,15,15,16,0,3,1,1,0,0,0,1,0,0,0,1,1,3,0,1,0,0,3,0,1,0,0,0,22,35,31,15,20,30,28,25
d02766,astronomy,1,1,1,1,1,0,0,1,0,2,1,1,0,2,0,2,16,13,10,18,12,14,9,17,0,0,2,0,0,1,0,0,17,19,17,21,23,18,16,15
d02767,astronomy,0,0,1,2,1,0,1,0,0,0,1,1,0,0,0,0,8,6,9,8,3,11,7,6,0,0,1,0,0,1,0,0,10,13,14,7,13,13,16,17
d02768,football,0,3,3,0,1,0,0,1,1,1,1,1,1,0,1,2,1,1,2,2,0,1,1,1,23,18,24,16,18,18,25,21,27,45,48,38,39,36,33,41
d02769,machine_learning,21,14,21,24,15,6,10,21,0,3,0,2,0,1,1,0,0,2,0,1,1,0,0,1,1,1,1,1,1,1,0,0,16,22,23,27,20,24,17,28
d02770,machine_learning,10,12,12,9,8,14,20,11,0,1,1,1,0,0,0,0,0,1,0,0,1,1,1,2,1,0,0,1,1,0,0,1,22,23,22,21,28,11,26,19
d02771,astronomy,0,0,0,2,0,0,2,1,0,0,0,0,0,0,0,0,10,16,11,12,6,19,5,14,2,0,0,0,1,1,0,1,11,23,21,30,24,15,20,20
d02772,football,0,1,0,0,0,2,0,1,0,1,1,1,1,0,0,0,0,0,0,1,0,1,0,1,14,19,9,11,24,16,17,17,15,25,24,25,15,24,19,21
d02773,machine_learning,16,20,14,18,17,13,19,21,0,1,1,0,0,1,2,1,0,3,0,0,0,0,1,0,0,1,2,1,1,2,1,1,27,20,31,30,20,23,29,25
d02774,machine_learning,31,35,40,31,43,29,38,36,1,1,0,1,2,1,0,2,0,2,0,1,0,2,6,1,1,5,2,3,0,2,1,0,67,58,50,63,61,60,58,46
d02775,football,0,0,0,1,0,0,0,1,1,0,0,1,0,0,1,1,0,3,0,0,0,0,2,0,15,5,7,6,6,5,2,7,12,14,12,12,21,13,11,12
d02776,machine_learning,11,17,4,4,16,8,12,8,0,0,1,0,0,1,1,0,0,3,1,0,1,2,0,0,2,1,1,2,1,0,0,1,14,13,17,20,15,15,19,13
d02777,football,0,1,0,1,1,1,1,0,1,1,0,1,0,0,1,0,1,1,0,0,1,0,1,0,15,13,12,11,11,14,12,10,18,18,22,22,28,21,13,15
d02778,astronomy,1,0,2,1,0,1,0,1,1,0,1,0,1,0,1,2,13,17,16,17,13,16,22,11,1,1,1,1,1,0,3,1,27,21,23,21,22,39,28,25
d02779,football,4,1,2,2,0,1,2,0,0,2,2,1,2,1,4,0,1,3,0,3,4,1,2,0,25,36,35,35,35,36,31,44,60,56,55,61,55,72,55,60
d02780,machine_learning,10,7,8,10,8,6,9,9,0,0,1,0,0,0,0,0,1,0,0,1,0,1,1,0,1,1,2,0,0,0,0,0,19,10,16,19,13,16,11,14
d02781,football,2,2,5,3,1,5,2,6,3,1,0,3,2,4,2,2,0,5,1,0,6,2,3,4,68,71,92,66,87,70,81,63,145,121,108,130,129,129,141,131
d02782,astronomy,0,1,1,3,0,0,3,0,1,0,0,0,0,0,0,0,15,16,13,14,15,14,16,17,2,2,0,1,1,0,1,2,26,28,23,25,25,29,27,32
d02783,machine_learning,6,10,10,8,13,8,5,10,1,0,0,0,1,0,0,1,0,0,0,0,1,0,0,0,1,0,0,1,1,0,1,0,17,11,9,6,7,14,5,11
d02784,astronomy,0,1,0,0,0,0,1,1,0,1,0,0,0,0,0,1,19,14,9,8,14,8,14,14,0,1,1,0,1,0,0,1,15,18,27,18,18,17,17,14
d02785,machine_learning,4,2,2,4,5,8,1,5,0,0,1,0,0,0,1,0,0,0,0,0,0,2,0,1,0,0,0,0,0,0,0,0,5,2,3,3,2,7,5,8
d02786,machine_learning,15,14,16,10,12,15,11,20,0,3,1,0,0,1,0,0,1,2,3,1,1,1,0,2,0,0,2,0,0,0,0,0,20,29,17,28,18,25,27,29
d02787,astronomy,1,1,0,1,3,0,0,0,0,0,1,1,1,0,0,2,25,13,13,16,20,11,14,16,1,1,2,0,2,0,0,0,26,22,14,29,18,23,21,27
d02788,cooking,1,1,1,2,1,2,0,3,19,8,19,15,12,17,22,9,1,1,0,0,0,0,1,0,0,1,1,0,0,2,0,0,14,17,26,28,25,23,33,26
d02789,machine_learning,2,9,9,6,6,4,2,6,0,0,0,0,0,0,0,0,0,1,1,0,0,0,0,0,0,0,1,0,0,1,0,0,7,9,9,13,11,10,4,11
d02790,astronomy,0,0,0,0,0,1,0,0,0,0,1,1,2,1,0,1,11,2,10,6,7,9,9,5,0,0,0,1,0,0,1,0,12,6,10,13,13,10,15,7
d02791,football,1,1,0,0,0,1,2,0,0,0,0,1,1,1,0,0,1,0,1,3,0,1,2,1,13,10,16,12,18,14,15,20,26,23,25,32,28,33,36,30
d02792,cooking,1,1,1,3,2,0,3,2,38,24,35,34,34,29,34,24,1,2,3,3,1,4,3,0,3,1,4,0,0,2,0,1,42,47,43,51,55,42,50,49
d02793,machine_learning,7,11,9,14,8,16,11,9,2,1,0,0,0,2,2,0,1,1,0,1,1,1,0,0,1,0,0,0,0,1,1,1,22,18,12,30,18,16,16,18
d02794,cooking,3,4,5,5,1,2,2,3,51,76,56,69,59,59,58,73,3,3,3,8,2,6,3,2,4,8,4,7,1,1,8,3,105,90,112,87,104,105,105,101
d02795,football,3,2,0,2,4,3,2,4,3,7,6,2,4,5,4,8,2,2,0,3,4,5,5,4,60,73,77,75,60,66,84,73,128,113,109,126,117,133,120,112
d02796,football,1,1,0,0,0,0,0,1,1,0,1,0,0,1,3,2,1,0,1,1,1,1,1,0,15,9,13,17,17,10,13,17,36,21,30,20,29,20,17,28
d02797,astronomy,0,0,1,0,0,0,0,0,0,1,0,0,1,0,0,0,8,5,3,4,5,1,3,6,1,1,0,0,0,1,0,0,8,5,11,7,10,7,10,9
d02798,cooking,1,5,0,0,1,0,3,3,39,41,30,44,39,36,43,37,1,3,3,1,2,3,3,2,0,3,4,3,0,1,2,0,83,67,90,62,66,75,74,69
d02799,cooking,1,1,1,1,0,1,1,0,20,16,17,22,13,17,12,17,0,1,0,3,1,0,2,2,0,0,0,0,1,0,1,1,22,31,25,23,29,30,24,29
d02800,cooking,2,0,1,2,2,0,0,0,27,29,20,24,27,25,27,27,0,1,1,0,2,1,2,0,2,1,1,0,1,2,0,0,53,41,44,43,31,49,44,46
d02801,astronomy,4,2,1,6,3,1,7,2,1,5,5,5,4,3,5,1,79,76,87,80,81,88,91,91,0,3,3,4,5,3,3,4,135,111,144,151,136,141,124,144
d02802,cooking,0,1,2,0,1,1,0,0,9,7,5,8,4,10,9,15,1,1,0,0,1,1,0,1,0,0,1,1,1,0,0,0,12,15,18,15,19,17,19,15
d02803,machine_learning,4,7,9,11,9,6,6,5,2,0,2,0,1,1,1,2,0,0,0,1,0,1,1,0,0,1,0,0,0,0,0,0,17,20,7,17,13,10,23,6
d02804,astronomy,1,2,3,1,1,2,0,1,2,1,2,1,3,2,2,1,30,27,31,27,34,33,26,25,0,0,1,1,1,2,2,0,42,61,55,64,49,54,43,56
d02805,astronomy,7,2,5,1,5,5,2,6,3,5,2,1,1,2,1,2,69,65,56,73,74,73,63,74,3,4,5,2,4,5,2,0,109,96,91,104,120,107,106,90
d02806,machine_learning,14,11,12,7,10,21,16,13,0,0,0,1,0,1,1,1,1,2,1,0,1,0,1,0,0,0,1,0,1,0,0,0,25,26,21,19,19,22,24,22
d02807,cooking,0,0,1,1,0,1,2,1,30,23,24,18,21,27,29,25,1,0,0,3,1,0,3,0,3,0,1,1,1,1,1,2,37,35,32,35,34,32,42,48
d02808,astronomy,2,0,1,1,0,0,2,0,1,0,1,0,2,0,2,1,22,15,19,14,25,18,19,17,0,1,1,1,1,1,1,1,46,28,36,34,34,30,38,43
d02809,machine_learning,11,13,7,9,11,10,11,8,0,2,0,0,0,1,0,1,1,1,1,1,1,2,1,0,1,0,1,0,0,0,1,0,17,20,22,16,15,21,22,14
d02810,machine_learning,21,18,11,19,21,19,19,24,0,0,0,0,3,0,1,1,1,1,0,2,3,3,2,3,0,1,0,1,0,0,0,2,41,25,31,38,29,26,42,44
d02811,astronomy,1,0,2,3,2,2,1,0,3,0,0,1,0,0,1,0,12,7,9,15,11,10,12,12,0,1,3,0,1,0,1,0,18,31,27,23,20,18,24,17
d02812,machine_learning,35,31,34,33,29,34,36,33,2,1,3,2,0,1,0,2,0,1,1,2,0,4,2,2,3,3,0,3,1,1,1,1,57,55,28,64,45,42,52,55
d02813,machine_learning,37,42,32,22,33,34,39,26,3,0,1,0,3,0,3,4,4,2,5,3,2,0,1,1,1,0,0,2,2,1,3,1,66,52,49,51,54,38,56,50
d02814,machine_learning,64,65,61,68,59,64,63,44,2,4,4,1,4,2,3,3,2,2,4,2,2,6,3,6,4,3,6,2,4,2,5,1,109,112,114,131,108,110,110,106
d02815,football,1,0,0,0,0,0,1,0,0,0,0,1,2,1,0,1,0,0,1,2,0,0,2,1,25,20,20,10,15,20,13,16,29,24,23,31,22,26,30,31
d02816,cooking,7,5,7,5,4,0,6,5,80,103,99,100,88,90,102,92,3,5,3,9,2,3,2,7,4,6,8,2,4,6,2,8,124,156,159,162,145,152,144,143
d02817,cooking,1,1,1,1,0,0,0,2,17,12,14,12,10,9,12,12,1,0,0,0,0,1,1,1,0,0,0,1,0,0,0,1,28,22,24,15,14,13,17,25
d02818,cooking,1,0,0,0,0,0,0,0,5,7,8,4,4,6,7,8,0,0,1,3,1,0,0,1,0,0,0,1,0,0,0,0,9,14,9,7,16,15,8,15
d02819,astronomy,3,4,6,2,2,3,4,1,3,2,3,2,4,2,2,3,64,73,73,66,59,55,64,72,2,4,3,6,3,4,1,0,121,121,120,103,113,110,114,108
d02820,machine_learning,17,15,10,15,18,14,19,15,1,0,0,3,2,0,0,0,2,1,1,1,1,0,1,3,0,2,2,0,0,1,1,1,27,26,22,29,22,24,28,37
d02821,cooking,1,1,0,0,0,2,1,1,17,11,18,8,17,19,15,14,1,3,2,0,1,0,1,0,0,0,0,1,0,1,2,0,33,32,25,30,25,36,21,24
d02822,astronomy,0,0,0,0,1,0,0,0,0,0,1,0,0,0,0,0,6,4,11,9,8,11,12,5,0,1,0,0,0,0,1,3,16,19,18,23,16,13,11,22
d02823,machine_learning,70,67,66,52,69,79,53,67,2,4,2,6,6,4,0,1,5,4,4,6,2,3,2,2,5,3,5,4,2,2,6,1,106,118,104,121,97,120,113,126
d02824,astronomy,1,1,0,3,2,1,2,0,0,3,3,4,0,3,1,1,33,34,31,36,25,21,32,32,0,1,2,1,0,1,0,1,45,52,43,32,46,40,46,46
d02825,astronomy,0,1,0,0,0,1,1,0,2,0,0,0,0,1,2,1,28,13,19,9,15,13,11,16,0,1,0,1,1,2,0,1,30,28,18,14,21,29,32,29
d02826,cooking,0,0,0,1,0,1,0,0,19,22,20,24,18,25,30,26,1,0,2,0,0,0,0,2,1,0,0,0,0,0,2,0,35,31,31,23,34,44,27,36
d02827,astronomy,1,1,0,1,0,0,0,0,1,0,0,3,0,0,0,0,4,7,2,5,6,3,7,8,0,0,0,0,0,1,0,2,12,12,16,12,11,11,6,19
d02828,cooking,0,1,0,0,2,1,0,1,20,22,16,23,21,35,15,30,0,2,4,2,1,0,1,4,2,1,1,2,0,0,1,2,38,38,43,38,40,41,39,48
d02829,astronomy,2,4,0,1,3,4,2,2,4,3,1,1,1,2,1,3,49,48,56,45,41,38,46,54,2,5,5,2,1,2,4,1,101,78,76,75,67,73,90,84
d02830,cooking,1,0,1,1,0,0,1,0,14,19,28,15,18,22,12,12,2,2,0,0,0,0,0,2,0,2,1,1,1,2,1,0,29,27,38,33,33,25,24,29
d02831,football,0,0,1,0,2,0,0,0,0,0,0,1,0,0,1,0,0,0,1,0,1,0,1,1,13,9,9,7,5,6,7,4,12,9,10,19,16,12,11,21
d02832,astronomy,0,1,0,0,3,1,0,0,0,0,1,0,0,0,0,0,11,7,13,13,10,9,12,10,0,0,1,0,1,1,0,0,18,17,17,14,14,11,17,13
d02833,machine_learning,2,8,7,9,6,9,4,6,1,0,0,0,0,1,0,0,0,1,0,2,1,1,0,1,0,0,0,0,0,0,0,0,9,12,10,12,9,14,14,15
d02834,cooking,2,0,2,3,1,2,2,0,31,39,38,34,45,39,37,44,1,4,1,1,2,2,0,1,1,0,3,1,1,2,0,4,56,67,67,64,57,55,48,60
d02835,football,1,1,0,0,0,2,1,2,0,2,3,1,1,1,3,0,1,2,2,4,1,2,1,1,27,37,28,28,25,18,26,31,38,39,38,35,37,34,35,48
d02836,astronomy,0,0,0,0,1,1,2,2,0,1,0,0,1,0,0,0,10,7,14,9,8,9,11,11,0,0,0,0,0,2,1,1,17,17,11,23,16,23,21,15
d02837,astronomy,0,0,0,0,0,0,1,0,0,0,0,0,1,0,0,1,10,18,10,6,13,4,10,14,1,0,3,0,0,2,0,2,16,15,22,34,16,14,10,26
d02838,football,3,0,1,0,1,0,1,1,4,0,1,0,0,0,3,1,1,1,1,0,1,1,1,0,16,21,12,16,18,25,17,16,19,27,25,30,34,20,25,33
d02839,cooking,0,0,1,0,1,0,0,0,9,15,12,19,14,10,18,8,1,1,1,2,0,0,1,1,0,0,2,0,0,1,0,0,27,20,30,17,22,28,18,23
d02840,astronomy,2,1,0,0,0,1,0,0,2,0,0,1,3,0,1,1,25,22,15,17,23,22,19,23,1,0,0,3,0,0,0,2,29,37,36,28,29,33,29,21
d02841,cooking,0,0,1,0,1,0,1,0,13,10,7,9,13,10,14,12,0,0,0,0,2,1,3,0,0,0,1,0,0,0,2,0,17,27,14,17,18,21,25,18
d02842,football,0,1,2,0,0,1,0,0,2,1,0,0,0,1,1,2,1,1,1,1,0,1,0,0,14,19,13,9,18,11,11,10,24,22,18,24,20,18,20,21
d02843,astronomy,1,0,0,1,3,1,2,1,2,2,0,6,3,3,2,1,36,36,32,39,41,46,40,35,0,1,2,2,3,3,1,0,71,68,54,69,75,69,69,67
d02844,football,0,0,1,0,0,0,1,0,0,3,1,2,1,1,0,2,0,2,1,0,0,0,1,1,13,15,12,15,16,15,10,9,18,26,20,13,25,26,22,23
d02845,machine_learning,13,12,13,3,12,13,7,18,1,0,1,0,1,2,0,1,0,0,2,1,1,1,1,2,0,0,0,2,0,0,0,1,24,23,11,24,17,20,20,18
d02846,machine_learning,48,41,40,56,49,49,47,46,3,2,3,1,3,2,4,3,0,2,0,3,1,4,0,2,3,2,2,2,3,6,4,3,81,83,95,85,79,103,84,87
d02847,football,1,1,0,2,0,0,0,0,0,1,0,0,0,0,0,0,1,1,0,1,0,0,0,1,9,14,12,11,8,12,11,16,19,23,28,32,29,25,19,22
d02848,cooking,2,2,1,1,1,1,1,1,15,16,25,29,13,10,18,28,0,0,2,1,0,2,1,1,0,1,0,1,0,0,0,3,34,43,23,44,31,34,34,17
d02849,machine_learning,10,10,4,7,6,7,2,7,1,0,1,0,0,0,0,0,1,0,0,0,0,1,0,0,0,0,0,0,0,1,0,0,12,12,18,8,15,15,15,11
d02850,cooking,3,1,1,0,1,0,1,0,11,13,9,12,13,10,6,15,1,1,0,0,1,0,2,0,3,0,0,2,1,3,0,3,26,19,15,18,17,15,18,19
d02851,machine_learning,37,55,42,41,38,47,46,34,4,2,2,4,3,0,2,1,1,1,1,1,1,0,2,3,5,1,0,3,1,2,2,0,73,58,67,74,73,63,84,60
d02852,cooking,0,0,0,0,1,0,1,0,18,12,12,19,10,13,13,13,0,1,0,2,0,1,0,1,0,0,0,0,1,0,0,1,22,31,23,25,20,25,19,25
d02853,football,0,1,1,0,0,1,1,1,1,0,0,1,1,0,0,1,1,2,0,0,1,1,0,0,12,15,26,10,10,16,15,9,18,26,21,21,25,19,26,21
d02854,cooking,1,0,2,0,1,1,0,3,33,33,32,18,32,24,41,33,1,1,4,1,0,2,0,1,4,3,1,0,0,4,3,1,46,55,55,44,45,47,58,53
d02855,astronomy,0,1,0,0,0,0,1,1,0,0,0,0,0,0,1,0,15,18,13,13,11,15,16,12,0,1,0,1,0,1,0,0,22,18,26,26,31,23,15,27
d02856,astronomy,0,1,0,0,0,0,0,0,1,0,0,0,0,1,1,0,8,6,14,8,7,8,8,6,0,0,0,0,0,2,0,0,13,11,16,18,12,15,17,18
d02857,football,0,0,0,0,0,1,0,0,1,0,0,0,1,0,0,0,0,0,0,0,0,0,1,0,7,11,7,7,6,14,8,11,18,9,15,13,15,8,20,13
d02858,machine_learning,29,23,22,14,21,19,21,28,0,0,1,2,1,0,0,3,2,1,0,1,2,0,1,1,1,2,1,1,0,0,0,0,31,31,39,34,35,41,40,34
d02859,astronomy,0,1,1,4,2,2,1,2,0,0,0,1,2,1,3,2,36,22,29,25,26,16,25,27,2,0,1,1,1,1,0,0,42,40,39,33,43,45,44,40
d02860,football,1,0,0,0,0,0,1,0,0,1,0,0,0,0,0,1,1,0,0,1,0,0,1,0,9,9,10,9,3,3,7,1,9,10,8,7,11,11,11,11
d02861,football,0,0,0,0,0,0,0,1,0,0,0,0,0,0,0,0,0,0,0,0,1,0,0,1,5,4,6,5,8,7,7,4,11,12,13,13,7,5,7,1
d02862,machine_learning,10,13,4,4,11,8,8,13,0,1,0,0,2,0,0,1,0,0,0,1,0,0,2,1,1,2,2,0,1,0,0,0,13,10,12,10,16,21,12,16
d02863,machine_learning,20,19,9,14,8,14,17,15,1,1,1,1,0,1,0,1,0,0,0,1,1,1,1,1,0,0,1,1,1,1,0,0,25,20,25,15,13,22,21,14
d02864,astronomy,2,0,0,0,0,1,2,1,1,1,1,1,2,1,0,1,18,29,27,27,33,27,19,20,2,0,0,0,1,0,2,1,37,42,38,45,46,41,46,34
d02865,football,0,2,1,1,0,1,1,3,0,0,3,0,3,0,0,0,0,0,0,1,3,1,0,1,22,11,13,18,21,20,21,16,25,32,33,26,26,27,41,27
d02866,machine_learning,41,58,47,40,52,46,53,48,3,4,1,2,1,1,2,4,2,2,3,1,1,4,3,2,1,1,4,1,3,2,1,7,84,70,68,94,67,58,73,76
d02867,cooking,0,1,0,0,1,0,0,0,1,5,3,2,2,3,7,6,0,0,0,0,0,0,0,0,0,0,0,0,0,1,0,0,5,4,13,7,9,9,14,8
d02868,football,3,2,1,3,3,1,1,2,1,1,3,3,1,2,2,0,1,2,3,2,7,4,2,2,62,61,54,59,57,62,54,39,95,104,92,79,118,96,124,106
d02869,cooking,0,0,0,1,1,0,1,1,5,8,11,6,9,11,11,7,0,0,0,0,0,0,1,0,1,2,1,0,0,0,0,1,14,12,9,12,15,8,10,15
d02870,astronomy,1,0,1,1,1,2,1,1,2,2,0,0,0,1,0,0,10,17,21,15,17,22,22,18,0,2,0,0,0,1,1,0,29,25,27,32,26,26,29,28
d02871,astronomy,0,3,0,0,0,1,1,0,1,0,1,2,2,0,2,0,26,23,18,15,22,28,17,23,1,0,1,0,1,3,0,0,32,35,45,33,35,35,27,35
d02872,machine_learning,3,4,1,5,6,8,9,7,0,0,3,1,0,0,0,1,0,0,0,0,2,3,0,1,0,1,0,0,0,0,0,1,8,9,13,6,5,8,12,13
d02873,machine_learning,9,5,13,14,14,9,11,11,0,1,1,1,1,0,0,1,1,1,0,1,0,0,0,1,0,2,0,0,0,0,0,0,18,27,17,13,15,14,17,23
d02874,cooking,0,0,0,3,0,0,0,0,30,32,29,34,24,20,37,32,0,2,1,1,1,1,4,3,0,0,1,1,1,1,3,1,48,52,53,50,49,48,48,36
d02875,cooking,0,1,1,0,1,0,0,0,3,4,1,3,0,4,3,3,0,1,0,0,0,0,0,0,0,0,0,0,0,0,1,0,3,4,5,6,3,1,5,4
d02876,football,1,1,1,3,0,2,2,5,3,0,1,2,2,1,5,2,1,2,6,2,1,2,0,5,64,51,72,49,50,59,54,69,78,77,104,98,89,87,96,88
d02877,cooking,2,0,0,0,1,1,0,1,18,10,10,13,22,7,11,12,0,0,0,1,1,1,1,1,3,0,2,1,0,1,0,1,33,30,25,18,18,26,26,17
d02878,cooking,6,4,5,2,1,2,4,2,80,85,83,89,79,82,78,77,2,6,5,1,4,2,6,3,6,2,2,6,4,3,1,3,129,132,129,146,132,143,108,131
d02879,machine_learning,6,8,7,6,8,6,4,10,0,0,1,0,1,0,0,1,0,0,0,0,0,0,0,2,0,0,0,0,1,1,0,0,16,15,5,9,10,16,7,12
d02880,machine_learning,13,14,14,7,13,12,18,12,1,0,0,2,0,1,1,0,2,0,2,1,0,1,0,1,0,1,0,2,0,0,0,1,16,18,28,8,27,16,24,22
d02881,machine_learning,43,41,55,29,34,46,38,39,2,2,2,1,2,2,2,0,1,2,6,1,1,3,1,4,2,5,1,2,0,2,2,6,82,73,71,72,63,72,66,71
d02882,machine_learning,11,9,14,9,16,16,9,14,0,1,0,1,0,1,0,0,1,1,0,0,1,0,1,2,0,0,0,1,0,0,0,1,21,20,25,26,32,20,33,25
d02883,football,0,0,0,1,2,1,4,1,1,0,0,1,0,1,3,1,2,0,0,2,0,0,1,1,20,18,23,16,23,12,19,18,25,33,28,32,29,35,19,24
d02884,cooking,0,2,0,0,0,0,0,1,6,7,3,2,3,5,3,4,0,1,0,2,0,0,0,0,0,0,0,0,0,0,0,0,9,5,6,11,6,11,4,6
d02885,machine_learning,8,11,14,19,13,7,13,10,0,0,0,0,1,1,0,0,0,0,0,1,1,0,0,1,0,0,0,0,0,0,0,0,13,18,22,18,19,25,20,16
d02886,football,3,0,1,4,2,2,0,1,2,3,1,2,1,0,1,4,1,0,2,2,0,4,3,1,20,26,29,23,27,32,13,15,44,40,53,51,55,50,39,44
d02887,machine_learning,5,7,9,3,8,5,8,8,0,0,0,0,0,0,0,0,0,0,0,0,0,0,0,1,0,0,1,1,0,0,1,0,7,13,15,12,7,13,15,10
d02888,football,0,0,0,0,1,0,1,1,1,0,2,1,0,0,1,0,1,1,0,1,0,0,0,0,7,7,9,4,12,8,14,6,24,11,14,12,14,19,14,10
d02889,cooking,0,0,1,1,1,1,0,0,25,16,25,21,16,16,33,15,0,5,2,1,3,2,1,0,2,3,1,2,0,2,0,1,23,47,37,41,36,36,43,34
d02890,machine_learning,5,8,5,7,7,7,7,8,0,1,0,0,0,0,0,0,0,0,1,0,0,1,0,0,0,0,2,1,1,0,0,0,9,14,14,15,9,11,10,13
d02891,machine_learning,12,9,14,13,22,14,16,14,0,1,0,1,0,0,1,3,0,0,0,0,1,2,0,0,2,0,1,2,0,0,1,1,31,33,24,23,14,21,17,20
d02892,football,0,0,0,0,0,0,0,0,0,0,0,1,0,0,1,0,0,0,1,0,0,1,1,1,6,9,13,10,12,7,13,4,14,22,15,17,12,8,20,13
d02893,machine_learning,26,25,24,21,21,23,20,15,2,1,1,0,0,1,3,1,1,1,0,1,2,1,0,1,2,2,1,1,3,3,5,0,27,38,46,44,41,50,23,49
d02894,astronomy,0,0,0,0,0,1,1,2,1,0,0,0,0,1,0,0,11,9,8,5,13,8,10,8,1,1,1,0,1,0,0,0,16,12,11,17,13,8,8,14
d02895,cooking,2,0,0,0,1,1,1,1,16,10,16,8,12,18,17,9,0,0,1,1,0,1,0,0,1,1,0,0,1,2,0,0,20,24,17,30,21,21,16,25
d02896,cooking,1,1,0,0,3,1,0,1,9,15,17,12,18,17,16,15,1,2,2,2,1,0,0,0,1,0,0,2,0,0,0,1,20,36,18,15,26,29,33,33
d02897,football,0,2,0,0,0,1,0,0,1,0,1,0,1,1,0,1,0,1,0,1,1,0,0,2,7,10,4,4,4,8,8,10,8,12,8,9,5,4,10,15
d02898,machine_learning,24,22,22,22,26,22,22,19,0,0,1,1,1,2,2,1,0,0,1,0,2,0,2,2,1,0,1,0,3,1,3,1,36,51,37,38,51,54,52,49
d02899,machine_learning,22,14,10,10,22,16,20,10,0,1,3,1,1,1,0,1,0,0,2,1,2,1,2,0,0,3,0,0,0,0,0,0,20,23,27,27,19,29,24,28
d02900,cooking,0,0,0,0,0,0,0,1,7,8,5,5,1,10,6,6,0,0,1,0,0,0,0,0,0,0,0,0,0,0,1,1,9,8,9,8,3,8,4,5
d02901,cooking,1,0,1,0,1,0,1,2,20,19,20,16,23,15,11,17,0,0,0,0,1,2,1,1,0,0,1,0,0,1,1,2,23,35,21,21,33,28,33,17
d02902,cooking,5,3,9,1,7,3,9,9,90,55,79,99,85,68,61,74,5,3,1,1,3,7,6,1,4,3,3,3,5,5,4,4,119,125,132,121,136,120,123,129
d02903,cooking,0,0,0,0,1,0,0,2,17,16,8,8,14,11,17,8,0,0,1,0,0,0,0,1,1,3,2,0,1,3,0,1,21,21,14,16,14,19,24,24
d02904,football,2,3,0,0,0,0,0,1,0,2,0,1,1,3,1,2,0,1,3,0,0,0,0,2,12,11,11,15,10,7,19,16,29,25,23,30,22,23,29,21
d02905,astronomy,2,2,2,3,2,1,3,1,3,2,1,1,3,1,2,2,37,24,34,39,47,33,23,41,2,1,3,1,0,1,0,1,67,62,52,69,47,76,75,50
d02906,machine_learning,12,14,14,7,11,16,23,16,0,0,2,0,1,0,1,1,1,1,2,0,0,1,1,0,1,2,1,0,1,2,1,2,36,19,24,24,19,19,19,36
d02907,astronomy,1,0,0,2,2,0,0,0,0,0,0,0,0,0,0,1,21,16,15,12,12,15,17,23,0,0,1,1,0,1,1,1,19,27,20,18,26,28,34,17
d02908,machine_learning,7,6,5,3,1,9,7,8,0,0,0,0,1,0,1,0,0,0,0,0,0,1,0,1,0,1,2,1,0,0,1,1,12,10,9,6,13,11,11,5
d02909,cooking,0,0,0,0,1,0,0,1,3,6,9,7,5,4,6,6,0,0,0,0,0,0,0,0,0,1,0,0,0,0,1,0,8,11,14,15,13,13,14,7
d02910,cooking,2,0,0,1,0,2,0,1,19,19,14,25,22,24,18,31,0,1,1,0,1,0,4,2,0,1,0,0,0,1,3,2,35,38,36,35,38,39,30,35
d02911,football,1,2,4,0,4,0,2,0,0,1,1,0,2,2,3,0,2,1,0,3,4,2,1,4,36,42,45,44,42,40,37,32,55,76,51,38,74,56,49,58
d02912,cooking,0,1,0,0,0,0,1,0,6,4,9,2,8,7,9,6,0,1,0,0,0,0,0,1,2,0,0,2,1,0,0,0,9,12,12,6,12,5,8,7
d02913,astronomy,1,0,2,2,1,1,0,0,0,0,1,1,1,1,1,0,24,15,15,17,20,25,22,16,3,0,2,1,1,1,3,0,29,27,25,33,42,29,26,23
d02914,machine_learning,12,20,16,18,17,15,23,14,0,2,1,0,0,0,0,2,1,1,0,1,2,0,0,0,0,0,0,0,0,1,0,0,22,18,22,15,24,23,20,22
d02915,machine_learning,3,14,8,4,3,6,5,11,3,2,0,0,0,0,1,0,0,0,1,0,0,3,0,0,1,1,0,0,0,1,1,1,10,11,18,18,17,13,12,10
d02916,cooking,1,0,1,1,1,0,2,1,21,18,19,15,18,12,21,26,0,0,0,0,0,1,1,1,2,0,0,0,0,0,1,1,40,30,23,36,34,35,24,31
d02917,cooking,1,0,1,0,0,0,1,0,3,14,14,11,6,5,14,8,0,0,0,1,0,0,1,1,0,0,0,0,0,0,0,0,17,16,14,13,24,16,13,11
d02918,cooking,0,1,1,1,1,1,4,1,35,18,20,25,18,34,24,29,0,0,0,1,0,1,1,1,1,1,0,1,0,1,0,0,50,49,40,40,47,62,54,45
d02919,astronomy,1,0,0,0,0,0,0,2,0,0,1,1,0,0,2,0,6,12,8,11,11,16,11,7,0,2,2,3,0,0,1,0,19,15,10,15,15,10,19,14
d02920,astronomy,0,0,2,0,1,1,0,0,1,4,1,0,0,0,2,0,11,7,15,16,11,12,25,10,1,1,2,1,0,2,1,1,28,17,28,28,27,41,28,22
d02921,astronomy,0,0,0,0,1,0,0,1,0,0,0,2,0,2,0,0,17,13,14,16,12,15,18,12,0,1,0,0,1,0,1,2,22,24,24,22,29,19,25,27
d02922,machine_learning,24,23,21,27,31,23,23,19,1,2,3,2,0,1,2,0,3,2,0,1,0,0,1,1,0,1,2,0,3,1,2,0,32,34,39,43,38,34,37,44
d02923,cooking,5,2,3,6,4,3,4,1,67,72,65,59,81,83,73,74,3,3,8,2,2,4,0,1,4,6,4,5,8,3,3,4,136,125,98,123,112,117,105,128
d02924,cooking,0,1,2,0,1,0,1,1,11,11,10,10,13,8,6,13,0,0,0,1,1,0,2,2,2,4,1,0,1,3,0,1,14,15,18,17,16,26,19,16
d02925,machine_learning,3,5,3,5,6,4,3,3,0,0,0,0,1,0,0,0,2,0,0,0,0,0,0,0,1,1,1,0,0,0,0,1,6,10,10,10,6,6,10,7
d02926,astronomy,0,1,1,0,2,0,3,0,1,1,1,0,0,1,1,0,14,18,15,29,20,21,27,23,0,2,1,1,2,1,1,0,30,32,36,42,36,37,34,32
d02927,machine_learning,10,6,7,9,6,8,8,12,0,0,0,0,1,0,0,0,0,0,0,0,0,0,0,1,0,0,0,0,0,0,0,0,15,13,14,14,12,12,10,13
d02928,machine_learning,24,24,22,22,19,20,21,16,1,2,3,1,0,3,3,0,0,3,0,1,2,2,1,2,2,0,1,1,0,2,0,0,32,29,28,34,31,32,36,25
d02929,cooking,1,1,1,0,0,1,0,3,12,12,12,17,13,12,19,21,1,0,1,0,0,1,0,1,0,1,0,0,1,1,1,1,22,27,25,23,31,15,24,22
d02930,machine_learning,22,11,27,20,26,17,18,20,1,3,2,1,0,0,0,1,1,2,2,1,2,3,1,1,0,0,0,1,5,0,1,2,44,37,40,33,33,35,36,34
d02931,machine_learning,16,18,16,17,15,18,14,15,0,1,1,0,0,0,1,1,0,2,0,2,0,0,1,1,0,0,1,1,0,1,3,1,28,44,29,30,35,28,33,23
d02932,machine_learning,32,16,31,21,32,30,34,28,0,2,3,1,1,4,1,1,0,2,0,0,1,1,0,3,1,3,3,0,0,1,0,2,36,42,48,43,47,53,54,42
d02933,football,0,1,0,0,1,0,0,0,0,1,0,0,0,0,1,1,1,1,0,0,2,0,0,0,17,14,7,7,9,6,14,11,11,9,17,7,6,10,15,13
d02934,football,2,2,2,3,2,0,2,0,2,1,1,2,2,0,1,1,3,1,0,0,2,2,0,1,29,26,38,37,38,38,44,39,60,58,55,55,67,53,61,57
d02935,cooking,2,1,5,0,4,3,3,1,47,38,30,38,35,44,27,44,2,0,2,2,1,3,2,3,1,2,3,1,2,4,1,3,73,69,70,72,64,72,59,52
d02936,astronomy,5,0,1,1,5,4,4,1,1,1,2,3,1,5,2,4,35,44,39,43,38,55,39,39,2,1,1,3,4,3,3,1,63,59,65,65,62,48,72,60
d02937,cooking,0,0,0,1,1,0,1,1,18,22,18,30,20,22,23,24,4,0,2,0,0,1,2,0,2,0,3,0,2,4,1,0,34,31,29,42,31,39,27,27
d02938,astronomy,0,1,1,1,0,0,4,0,1,0,1,1,1,2,3,0,13,13,13,16,25,25,27,25,0,0,0,1,1,2,0,2,41,28,39,40,23,28,34,35
d02939,football,2,5,1,2,2,3,4,4,4,2,6,4,6,5,4,5,2,4,2,3,1,7,1,4,77,72,77,54,66,77,75,67,136,141,127,116,117,129,112,131
d02940,astronomy,2,0,1,0,0,0,1,3,2,2,1,0,6,2,1,1,20,26,21,21,33,23,31,33,0,0,0,1,3,2,2,1,40,45,34,41,34,39,41,29
d02941,football,0,1,1,0,0,0,0,0,1,0,0,0,0,0,0,0,0,0,0,0,0,0,0,1,9,4,4,9,11,11,3,9,10,12,10,14,14,10,12,18
d02942,astronomy,0,0,1,0,1,0,1,0,0,1,1,0,0,2,0,2,5,9,12,5,3,10,10,5,0,0,0,0,1,0,0,0,10,15,11,13,9,12,18,10
d02943,football,1,0,3,1,3,3,2,1,0,1,3,2,0,1,1,0,1,1,1,1,0,0,1,0,39,36,16,31,36,30,32,33,59,56,46,52,64,44,46,44
d02944,cooking,0,0,0,0,1,2,0,1,6,1,6,6,1,5,3,10,0,0,0,1,0,0,0,1,0,0,0,0,0,0,1,0,7,3,4,8,9,6,10,5
d02945,astronomy,3,0,0,0,3,0,1,1,1,0,2,1,0,0,0,1,14,15,12,14,20,9,15,8,0,1,0,0,1,0,0,1,30,26,26,30,18,25,30,33
d02946,machine_learning,2,4,1,9,3,10,3,9,0,0,0,1,0,1,0,0,0,0,0,0,0,0,0,0,0,1,0,0,0,1,1,0,8,10,9,9,10,9,12,14
d02947,astronomy,1,0,0,0,0,1,0,0,0,1,0,1,0,0,0,0,5,8,10,13,12,10,7,12,1,0,1,2,1,0,0,0,15,15,21,21,13,14,11,18
d02948,football,1,0,3,1,0,0,1,1,2,0,0,1,2,0,1,0,3,2,0,2,2,0,0,4,17,17,22,20,12,19,16,28,31,40,38,31,30,29,29,38
d02949,machine_learning,8,14,12,11,8,8,8,12,0,0,0,1,1,0,2,0,0,2,0,2,2,1,2,2,0,0,0,1,0,0,0,1,30,16,17,16,20,25,20,18
d02950,cooking,0,0,1,0,0,0,0,0,4,6,2,6,2,2,3,4,0,1,0,0,0,0,0,0,0,0,0,0,0,1,1,0,4,10,3,7,9,9,8,5
d02951,machine_learning,24,19,16,15,13,22,18,13,4,1,0,2,1,1,2,0,2,1,1,3,1,1,1,0,2,0,1,2,2,3,2,0,38,38,17,28,49,31,36,36
d02952,machine_learning,14,15,13,11,13,14,15,10,0,0,0,0,1,0,0,0,3,0,0,0,0,0,1,1,0,0,1,0,1,1,0,2,18,23,14,17,25,21,19,23
d02953,football,0,0,0,0,1,0,0,2,0,0,0,0,0,1,0,1,0,1,1,0,1,2,1,0,16,11,13,11,12,7,13,9,24,26,17,15,20,20,20,22
d02954,football,0,1,0,0,0,0,0,2,0,0,0,0,0,0,0,0,0,0,0,0,0,0,0,0,3,6,7,2,5,3,6,4,10,6,7,8,10,6,10,9
d02955,football,0,2,0,0,1,1,1,0,0,0,0,1,2,1,0,0,0,0,3,0,0,2,1,0,20,16,18,14,7,19,18,15,27,28,30,21,27,23,29,13
d02956,machine_learning,3,4,3,5,3,1,2,3,1,0,0,0,1,1,0,0,0,0,0,1,1,0,0,0,0,0,0,0,0,0,0,0,6,6,7,4,12,11,5,4
d02957,machine_learning,29,19,31,28,25,20,31,25,3,1,1,0,1,0,0,4,1,2,0,1,0,1,1,0,3,1,2,1,1,1,1,0,45,42,46,31,42,39,38,47
d02958,cooking,0,1,0,2,1,1,0,0,23,21,31,26,29,33,19,21,1,2,0,2,1,1,5,0,4,0,3,3,1,0,0,3,39,35,53,30,46,42,39,46
d02959,machine_learning,3,7,8,8,11,7,9,6,1,2,0,0,0,0,1,0,0,0,0,1,0,0,0,0,2,0,0,1,2,0,0,3,11,12,19,17,19,14,13,9
d02960,football,2,2,1,1,3,1,2,1,1,0,1,1,0,1,1,1,3,3,1,1,1,0,0,3,33,29,25,36,22,21,25,30,48,57,56,55,43,61,42,43
d02961,machine_learning,9,12,9,10,3,6,6,15,0,0,0,0,0,2,0,0,0,0,0,0,0,0,0,0,1,0,2,0,1,1,0,0,8,14,13,7,13,9,11,7
d02962,cooking,0,1,1,1,0,1,0,1,19,24,18,18,18,22,21,17,0,1,3,1,3,1,1,2,1,0,0,1,1,4,3,0,27,31,29,36,26,20,36,50
d02963,cooking,1,0,0,0,0,0,0,1,12,7,14,16,7,16,13,13,1,0,0,1,1,0,0,0,0,0,0,1,0,1,0,0,13,21,16,26,12,11,19,16
d02964,cooking,0,0,1,1,1,1,1,0,11,8,18,10,9,13,11,14,0,0,0,0,0,0,0,1,0,2,2,2,2,1,1,3,22,27,23,14,16,25,23,21
d02965,astronomy,2,0,3,2,1,0,0,1,3,1,0,2,0,0,4,3,23,29,20,23,17,23,24,22,1,0,0,2,2,0,2,0,41,50,28,30,40,34,39,34
d02966,astronomy,0,1,0,0,0,0,0,2,0,0,0,0,0,0,0,0,5,5,10,6,5,4,7,8,1,0,1,0,0,0,0,1,11,10,6,17,8,6,5,15
d02967,cooking,1,0,0,1,0,0,0,0,10,7,11,10,10,18,5,12,0,1,0,0,0,0,0,0,0,0,3,0,0,0,0,1,14,26,16,10,12,20,12,10
d02968,cooking,0,0,0,0,2,0,0,0,8,12,13,15,17,18,13,10,1,1,0,1,1,0,0,1,0,1,1,0,0,0,0,2,18,19,24,23,28,17,12,17
d02969,machine_learning,8,4,4,1,1,0,0,5,1,0,0,0,0,0,0,0,1,1,0,0,0,0,1,0,0,0,0,0,0,0,1,0,4,5,7,8,9,5,4,4
d02970,astronomy,1,4,2,3,0,3,0,0,1,0,0,1,1,0,0,1,28,19,22,24,23,23,21,10,0,1,1,0,1,3,0,1,36,27,31,33,28,29,26,32
d02971,astronomy,0,0,0,1,2,1,1,0,1,0,0,1,1,0,0,2,15,12,20,24,12,23,17,14,2,0,2,0,0,0,1,0,38,21,34,25,29,26,29,30
d02972,machine_learning,18,10,13,9,12,10,12,7,0,1,0,0,0,0,1,1,1,1,1,0,0,0,1,3,0,1,1,0,0,1,0,0,13,11,17,25,19,17,16,18
d02973,football,0,0,2,1,0,0,2,0,1,2,1,0,0,1,1,0,1,0,1,1,2,1,1,0,21,18,17,17,19,19,14,24,37,24,19,19,31,42,26,28
d02974,astronomy,0,1,0,0,0,1,1,0,0,0,0,0,1,1,0,1,6,12,9,10,9,11,7,9,0,0,1,0,3,0,1,0,18,19,18,16,19,15,11,16
d02975,machine_learning,2,9,7,8,6,13,7,11,0,0,1,2,1,0,1,0,0,0,0,0,1,0,0,0,0,0,0,0,0,0,0,1,11,15,15,13,12,9,20,15
d02976,machine_learning,10,16,16,12,17,13,16,16,1,0,3,0,2,1,0,1,1,1,0,0,0,1,0,0,0,1,0,0,0,0,1,1,18,17,25,23,25,28,22,26
d02977,machine_learning,22,23,26,32,24,18,19,25,1,2,2,0,0,1,2,7,0,3,1,0,1,0,0,3,2,1,0,0,0,2,2,0,31,44,34,45,37,38,42,39
d02978,machine_learning,1,7,5,4,7,5,3,2,0,0,0,0,0,0,0,0,0,1,0,1,0,1,0,0,0,0,0,0,0,1,0,0,8,7,8,8,7,6,10,7
d02979,cooking,1,1,0,0,0,0,0,1,15,9,14,9,18,7,13,18,0,1,1,0,0,0,0,0,0,0,0,0,0,0,0,0,25,19,16,17,19,18,18,18
d02980,machine_learning,8,8,5,10,15,7,10,6,1,1,1,1,1,0,1,1,0,0,0,1,1,0,0,0,0,0,0,0,0,1,0,0,10,14,13,10,8,5,10,8
d02981,astronomy,0,1,0,2,1,1,0,2,2,0,1,0,2,0,1,2,28,19,19,12,29,22,23,25,1,0,0,2,2,2,0,2,41,39,33,36,47,48,51,42
d02982,astronomy,0,0,0,1,0,0,0,0,1,0,1,0,2,0,0,1,16,13,9,8,18,17,16,12,0,0,1,0,2,0,2,0,25,24,23,23,27,19,23,23
d02983,astronomy,3,0,1,0,1,0,0,0,1,0,1,0,0,0,0,1,9,15,11,15,13,17,19,9,0,1,0,0,0,0,1,0,20,15,32,28,25,27,27,18
d02984,cooking,1,3,1,0,0,0,1,0,14,16,9,6,9,11,8,10,1,0,0,1,0,0,0,0,0,1,0,0,0,0,0,1,11,23,17,18,9,10,13,16
d02985,astronomy,0,0,0,0,0,0,0,0,0,1,0,0,0,1,1,1,6,4,3,4,6,3,5,8,0,1,0,0,1,0,2,0,12,8,9,9,8,8,7,9
d02986,football,0,0,0,2,0,0,1,0,0,1,2,0,1,0,1,0,1,0,0,1,0,0,0,0,12,10,6,12,6,14,10,11,12,14,14,17,11,9,17,15
d02987,football,0,0,0,0,1,1,1,0,0,0,0,0,0,0,0,0,1,2,0,1,1,0,0,0,5,3,5,11,5,6,6,8,11,15,6,6,12,8,17,7
d02988,astronomy,0,0,0,0,0,1,0,0,1,0,0,0,0,0,0,0,3,5,3,4,8,5,7,4,0,1,0,1,1,1,0,0,8,7,3,6,7,10,5,6
d02989,machine_learning,16,12,12,11,14,11,8,10,1,0,0,1,0,0,2,1,0,0,0,1,1,0,1,1,1,1,1,0,0,1,0,1,33,14,22,17,16,23,20,26
d02990,football,3,0,1,1,0,3,0,1,1,2,1,1,0,0,2,0,0,3,1,2,0,1,2,0,16,30,16,11,27,18,22,19,39,51,32,43,45,38,41,31
d02991,football,0,0,0,0,3,0,0,0,0,1,0,0,0,0,0,0,0,0,0,0,0,0,0,2,6,7,10,4,10,6,11,7,3,10,13,14,5,8,8,6
d02992,machine_learning,29,25,30,41,27,37,37,41,1,2,3,2,2,2,1,2,0,1,1,0,1,2,1,2,1,1,2,0,0,0,0,0,40,33,35,48,60,45,53,38
d02993,machine_learning,16,21,18,19,22,21,24,22,0,1,1,0,2,0,0,0,0,0,0,1,3,1,2,1,1,2,0,2,1,0,0,0,20,37,24,28,26,32,28,23
d02994,astronomy,0,0,1,2,0,1,0,0,0,0,0,1,0,0,1,0,5,6,4,10,8,7,7,5,0,0,1,0,0,0,0,0,6,12,12,9,9,6,14,7
d02995,football,3,4,6,2,8,6,4,2,5,4,6,3,5,6,4,3,3,8,2,2,7,8,4,6,91,83,107,107,114,96,108,110,146,170,173,147,149,158,157,168
d02996,astronomy,0,2,1,3,0,3,1,5,0,2,1,1,0,2,3,5,33,28,23,34,30,28,39,38,1,1,1,2,1,0,2,1,58,46,45,52,54,46,51,48
d02997,astronomy,0,0,0,1,0,0,0,1,0,0,0,0,1,0,0,2,6,11,9,6,10,14,13,11,0,0,0,1,0,0,0,0,17,18,15,22,9,12,8,20
d02998,cooking,0,1,0,1,2,3,0,1,13,18,21,26,27,23,22,29,0,1,0,4,2,0,1,1,1,2,1,0,1,0,4,2,28,35,38,31,29,35,48,39
d02999,cooking,0,2,2,0,1,1,2,1,9,12,6,6,12,12,10,10,0,1,0,0,0,2,1,1,1,0,0,0,1,0,0,0,19,17,8,15,16,21,26,17
d03000,cooking,1,1,2,0,0,1,0,0,9,7,11,13,14,9,8,12,0,0,1,3,1,0,0,0,1,1,0,0,0,1,0,0,19,22,20,16,16,13,20,23
d03001,cooking,0,1,2,1,0,0,1,0,6,11,11,16,11,11,5,13,1,1,0,1,0,0,1,0,3,1,0,0,0,0,0,0,13,29,21,18,18,21,22,25
d03002,astronomy,0,0,2,2,0,1,2,1,0,4,1,3,3,2,0,0,27,31,32,40,32,31,29,33,2,0,2,1,5,3,1,0,61,54,52,57,56,47,55,50
d03003,football,0,1,0,0,0,1,0,1,0,0,1,1,0,1,0,1,1,0,0,0,0,1,0,1,13,9,15,21,11,6,11,17,13,22,26,19,17,18,18,24
d03004,cooking,2,1,0,1,2,1,2,1,27,17,34,40,33,25,22,21,5,3,1,0,1,0,1,2,1,0,1,2,3,1,1,2,37,37,35,57,55,49,42,56
d03005,machine_learning,2,4,7,3,5,6,3,3,0,0,0,0,0,1,0,0,0,0,0,0,0,0,0,0,0,0,0,0,1,0,0,0,4,4,11,6,8,6,12,9
d03006,astronomy,0,3,2,1,3,3,1,1,0,1,3,6,1,3,5,2,38,44,51,39,42,53,52,45,2,2,8,4,2,6,2,2,73,77,83,64,63,68,70,87
d03007,machine_learning,31,23,23,33,29,32,28,27,0,1,1,2,0,1,1,0,2,2,1,2,1,1,1,4,1,3,0,1,1,1,2,0,41,49,44,37,44,57,46,46
d03008,cooking,1,0,1,0,0,2,4,3,16,11,17,18,15,10,14,19,1,3,0,0,0,1,1,0,1,3,1,1,1,2,0,1,26,23,22,20,19,30,25,28
d03009,astronomy,0,1,0,1,2,1,1,1,1,1,1,0,1,0,1,0,16,15,13,19,10,18,17,17,0,0,0,1,1,0,1,0,27,28,31,22,25,21,25,20
d03010,cooking,0,1,3,0,1,0,1,0,12,14,12,17,17,13,16,16,0,0,0,0,0,0,0,0,0,0,0,1,1,0,1,0,18,30,15,20,30,27,19,21
d03011,machine_learning,10,10,6,11,10,7,8,13,0,2,0,2,0,0,0,1,1,1,0,0,1,2,1,3,0,0,0,0,0,0,0,1,21,20,22,28,25,26,25,23
d03012,cooking,4,0,0,3,1,2,2,2,37,29,34,39,30,31,36,34,4,2,1,4,2,2,3,0,1,4,2,2,0,2,1,1,40,55,69,52,45,64,67,69
d03013,cooking,0,1,0,1,0,0,0,1,10,11,2,9,5,6,5,7,1,0,0,0,0,2,0,0,0,0,0,0,1,0,0,0,16,10,10,10,13,15,12,6
d03014,football,1,1,1,0,0,1,0,0,0,1,4,1,0,2,0,1,0,1,0,1,0,0,0,1,11,6,23,18,14,13,13,19,25,23,21,22,25,27,19,26
d03015,astronomy,1,0,0,0,0,0,0,1,0,1,1,1,0,0,0,1,13,11,16,11,19,11,5,9,0,0,0,1,1,1,1,1,28,14,22,19,21,20,17,32
d03016,astronomy,0,0,1,0,0,1,1,0,1,1,0,1,0,0,2,1,8,11,6,9,8,9,10,12,0,1,1,0,0,0,1,0,11,10,14,10,19,20,8,21
d03017,football,0,0,2,1,4,1,1,0,2,1,1,1,1,0,0,0,1,2,1,1,1,2,1,1,23,19,28,19,16,23,29,26,32,23,41,44,38,34,32,37
d03018,cooking,0,1,0,0,1,0,0,2,31,27,36,27,40,26,27,23,3,1,1,1,3,1,2,1,3,2,0,3,1,0,0,2,50,63,50,40,56,44,50,51
d03019,cooking,0,1,0,1,0,1,1,1,12,18,10,14,8,16,11,20,1,1,1,1,0,0,0,1,0,0,2,1,0,0,0,1,25,39,33,25,22,30,28,32
d03020,machine_learning,4,5,2,4,3,4,2,4,0,0,0,0,0,1,0,0,0,1,0,0,0,0,0,0,0,0,0,0,0,0,0,0,7,5,7,7,11,3,5,10
d03021,machine_learning,14,6,20,8,8,9,15,8,0,1,0,2,1,1,2,2,1,1,0,1,0,1,2,1,1,0,0,1,1,1,1,0,16,28,13,21,20,28,26,19
d03022,cooking,0,2,1,1,1,0,0,1,21,22,21,13,20,18,18,23,2,0,2,0,0,0,2,1,1,0,0,1,0,0,1,1,25,30,34,32,22,29,37,32
d03023,cooking,0,1,0,1,2,0,1,0,16,12,23,12,16,21,11,14,2,0,1,0,2,0,1,1,0,1,1,0,1,1,2,2,18,19,14,22,18,20,27,21
d03024,machine_learning,12,11,6,5,4,8,11,11,0,0,0,0,2,0,0,2,0,0,0,0,0,0,0,2,1,0,1,0,0,0,2,0,12,18,19,12,15,11,11,11
d03025,cooking,1,1,0,1,1,0,1,0,10,8,11,8,7,9,4,17,0,1,0,1,0,0,0,0,0,0,0,0,0,1,1,0,18,26,16,16,19,17,19,14
d03026,astronomy,1,4,3,1,0,3,1,0,1,2,1,0,3,0,0,1,22,28,23,20,19,20,21,20,0,4,0,1,0,0,1,0,33,32,37,29,30,35,23,31
d03027,cooking,0,1,0,0,0,0,0,0,9,8,7,7,6,5,10,11,1,1,0,1,1,0,1,0,1,1,1,0,1,1,0,0,20,11,16,10,14,11,3,13
d03028,astronomy,1,0,0,0,0,0,0,0,0,2,0,0,0,0,0,0,4,2,6,7,7,7,6,9,1,0,0,0,0,0,0,1,13,5,7,12,6,8,8,7
d03029,cooking,0,0,0,0,0,0,0,0,2,4,5,4,7,5,6,2,0,0,0,0,0,0,1,0,0,0,0,0,0,1,0,0,8,5,10,7,4,8,2,4
d03030,cooking,0,0,2,2,0,0,1,0,7,8,11,7,5,12,4,7,0,0,0,0,0,0,0,0,0,0,1,0,1,0,1,0,6,15,9,16,13,11,16,13
d03031,football,4,1,1,0,1,2,0,0,0,1,1,1,0,0,2,4,1,2,2,1,0,1,2,1,31,48,28,28,28,22,31,28,50,33,58,50,44,42,47,43
d03032,machine_learning,18,18,19,12,13,17,20,22,1,0,2,0,1,2,0,0,1,1,2,1,1,1,0,1,2,0,1,1,0,1,0,0,27,25,17,26,27,28,28,29
d03033,football,0,2,1,0,1,0,0,2,3,0,2,0,0,0,2,0,0,0,1,1,0,0,0,0,7,9,12,15,10,8,11,6,20,15,11,22,21,17,21,22
d03034,machine_learning,16,29,23,24,25,14,23,21,2,0,1,0,1,2,3,1,0,6,1,0,1,1,1,1,2,1,0,1,3,0,1,1,32,39,38,37,34,37,28,47
d03035,cooking,0,0,0,0,0,0,0,0,5,6,4,5,10,3,9,3,0,0,0,0,0,0,0,1,0,0,0,0,0,0,0,0,9,7,10,7,6,8,3,6
d03036,football,0,0,0,0,0,0,1,0,0,0,1,0,0,0,0,2,0,0,0,0,0,0,0,0,9,12,10,11,8,3,8,2,7,13,6,8,9,14,11,12
d03037,cooking,0,0,1,2,0,2,0,1,10,17,14,16,17,5,16,10,0,2,0,1,3,0,0,0,1,0,0,1,1,0,0,0,31,26,19,34,28,29,23,21
d03038,machine_learning,10,6,7,12,8,12,6,12,0,0,1,0,1,0,0,1,0,0,0,1,0,0,1,0,0,1,1,0,0,0,0,1,22,17,19,17,17,17,16,21
d03039,machine_learning,5,3,4,10,7,8,5,3,0,3,0,0,1,1,1,0,1,0,0,0,0,1,1,0,2,0,0,0,0,1,0,0,14,13,12,14,12,12,10,10
d03040,cooking,0,1,0,0,1,0,0,0,8,6,4,9,3,4,5,5,0,0,0,0,0,0,0,0,0,0,0,0,0,0,0,0,12,16,11,12,8,4,7,10
d03041,astronomy,1,2,0,3,1,4,1,0,1,2,2,2,1,1,3,2,49,34,32,32,35,39,38,33,1,1,1,1,2,2,1,1,50,56,65,51,57,59,62,63
d03042,cooking,0,0,0,2,0,2,0,1,30,30,12,31,24,29,29,35,1,2,2,0,1,0,1,1,0,1,2,0,1,1,0,1,34,45,41,36,52,40,52,42
d03043,cooking,1,0,2,1,0,2,1,3,16,29,30,35,25,28,26,25,0,2,0,1,0,1,0,1,1,0,1,1,1,1,1,0,27,35,43,34,47,42,34,38
d03044,cooking,2,2,2,1,0,2,1,1,18,25,20,27,21,20,27,27,1,0,0,2,0,1,2,1,0,1,1,1,2,3,2,1,37,36,36,38,44,39,33,44
d03045,astronomy,0,1,0,1,0,0,0,0,0,1,1,1,0,0,0,2,9,3,6,6,12,10,4,11,0,0,1,0,0,0,0,0,14,7,5,10,8,8,15,10
d03046,astronomy,0,1,1,2,3,4,2,2,1,1,1,1,2,1,2,1,41,35,31,28,33,35,29,32,1,1,1,3,0,2,4,2,60,53,61,67,58,61,48,50
d03047,football,1,2,4,0,2,0,1,1,2,4,8,2,3,2,1,2,3,1,4,2,3,1,1,3,34,40,40,50,39,37,35,49,57,60,65,67,65,79,70,67
d03048,machine_learning,11,15,12,16,12,8,10,6,0,0,0,0,2,3,1,1,0,0,1,0,1,1,1,0,0,1,0,2,0,1,0,0,26,17,24,34,31,22,14,29
d03049,cooking,2,1,3,2,0,0,0,0,31,31,33,33,33,25,33,33,2,2,2,2,4,1,2,2,1,2,2,1,2,2,1,2,66,58,53,61,51,53,62,37
d03050,astronomy,0,0,0,0,2,0,0,0,0,0,3,1,0,2,0,0,8,13,10,13,12,10,12,9,1,1,1,1,0,0,1,0,15,23,19,18,19,12,13,11
d03051,cooking,14,11,7,13,9,9,10,12,210,223,205,206,201,199,211,192,8,7,5,10,11,14,11,15,10,15,9,8,10,10,15,9,336,342,319,342,311,332,324,334
d03052,astronomy,2,0,1,2,1,0,0,2,4,1,2,0,0,1,0,0,25,18,21,22,18,18,23,26,3,0,1,4,1,1,2,0,41,46,29,37,43,32,35,40
d03053,astronomy,3,3,0,7,2,4,3,0,1,3,0,4,5,5,3,4,75,54,67,61,60,66,49,66,3,3,0,1,4,2,3,2,100,109,116,122,90,88,87,102
d03054,machine_learning,16,15,21,12,14,14,14,16,1,0,0,1,0,0,0,0,1,2,0,2,0,1,1,3,0,2,0,1,3,0,3,2,21,25,25,31,20,23,13,25
d03055,astronomy,0,0,6,1,1,1,2,4,1,1,2,1,1,1,1,1,41,33,46,35,50,33,30,26,0,4,1,5,1,1,1,2,72,63,58,77,56,63,48,47
d03056,cooking,0,0,1,0,1,0,0,0,9,13,16,15,10,13,14,20,1,1,0,2,0,2,0,0,1,0,1,0,0,0,0,1,24,20,25,23,21,27,14,29
d03057,astronomy,2,4,2,3,4,2,4,2,2,0,3,1,2,1,0,1,30,52,39,47,52,39,25,44,3,1,1,1,1,1,2,0,83,63,71,76,51,67,63,70
d03058,football,0,0,0,0,2,1,1,0,0,1,0,0,1,2,0,0,1,1,0,1,2,0,1,0,8,11,7,3,10,14,11,8,14,11,13,13,14,17,17,16
d03059,astronomy,0,0,1,0,0,0,0,0,0,1,0,0,0,1,0,0,5,7,5,4,6,6,7,4,0,0,0,0,1,0,0,0,6,11,5,6,8,15,5,11
d03060,machine_learning,19,20,24,19,20,21,12,17,1,0,1,1,0,1,1,1,2,0,0,5,0,0,0,0,0,0,0,0,1,2,0,0,30,37,33,27,33,27,39,23
d03061,machine_learning,20,20,12,26,34,19,26,20,3,0,1,3,1,1,1,1,3,0,2,1,0,1,0,0,1,2,0,0,1,2,2,1,25,26,35,39,40,35,28,42
d03062,cooking,0,1,1,0,0,0,1,1,6,3,8,6,4,5,5,4,1,0,2,1,0,1,0,0,0,0,0,0,0,0,0,0,9,2,13,12,11,9,13,10
d03063,machine_learning,34,29,30,31,33,32,30,33,0,0,1,3,3,1,0,3,3,1,1,4,1,0,4,0,2,1,1,2,2,1,0,2,55,48,47,46,49,47,53,50
d03064,astronomy,0,0,1,0,0,1,0,1,0,2,0,0,1,0,0,0,5,5,10,6,11,8,9,5,0,0,0,1,1,0,1,0,11,9,11,7,10,9,7,12
d03065,cooking,0,0,0,0,1,0,0,0,7,4,8,4,8,6,9,8,0,0,0,0,0,1,1,1,0,0,0,0,1,0,0,0,17,13,13,14,13,15,23,11
d03066,astronomy,0,0,1,0,1,0,0,0,0,0,1,0,0,0,1,0,7,8,8,8,9,9,9,10,1,0,0,0,0,1,0,0,10,15,8,10,16,11,11,12
d03067,cooking,0,0,0,1,0,1,4,3,18,17,28,15,17,20,21,20,0,1,2,2,1,2,2,1,1,0,0,1,2,0,0,2,41,27,38,23,38,41,28,30
d03068,cooking,0,0,0,1,0,0,0,0,6,9,8,8,7,8,12,4,0,0,0,1,1,1,0,0,1,0,1,0,0,0,1,1,10,11,5,9,8,9,10,12
d03069,machine_learning,70,65,93,91,85,87,98,69,8,5,5,6,5,1,5,3,3,3,1,6,4,2,3,1,3,7,6,5,4,4,4,1,129,145,154,139,133,140,145,136
d03070,astronomy,2,1,1,1,2,2,1,2,0,2,3,0,1,2,2,1,23,23,26,28,22,22,26,29,1,1,1,0,1,2,1,1,36,49,50,42,53,51,40,43
d03071,astronomy,0,0,2,0,0,1,0,0,0,1,2,1,1,0,1,1,20,24,18,13,17,14,10,6,1,0,0,1,0,0,0,0,20,32,28,18,26,28,23,27
d03072,cooking,0,0,1,0,0,0,0,0,12,5,11,9,6,10,8,10,1,2,0,0,0,1,0,0,1,0,0,1,1,0,0,0,11,13,15,19,11,14,11,19
d03073,astronomy,1,2,2,2,1,3,2,2,2,0,1,1,0,0,3,0,25,24,22,25,17,27,25,20,2,1,2,1,2,4,2,0,41,41,46,61,47,41,40,37
d03074,astronomy,1,1,2,2,5,1,5,2,2,2,0,0,1,0,3,0,31,24,38,38,34,22,42,46,0,1,2,2,2,3,2,3,39,64,53,41,53,65,54,52
d03075,football,1,1,0,0,0,0,1,0,1,0,1,0,1,0,0,1,0,0,0,0,0,0,1,1,9,16,13,18,6,13,8,8,19,15,18,24,24,23,16,19
d03076,machine_learning,10,8,2,6,9,4,2,8,0,0,0,0,1,1,0,0,0,0,0,1,0,2,1,0,0,0,0,0,0,1,0,0,7,9,13,5,10,9,5,7
d03077,machine_learning,27,25,23,32,35,29,27,29,1,1,2,0,0,1,1,1,3,2,0,2,2,5,3,1,0,2,1,0,4,2,2,4,51,53,54,59,47,54,54,64
d03078,astronomy,0,0,0,0,0,0,0,0,0,0,0,0,1,0,0,0,8,1,5,6,5,3,5,5,1,0,1,0,0,0,0,1,12,5,11,11,9,4,7,10
d03079,cooking,0,0,0,0,0,1,2,0,11,12,8,11,9,9,6,10,1,0,0,0,0,1,0,0,0,0,0,0,0,1,0,0,13,16,13,16,13,20,22,13
d03080,machine_learning,3,6,8,4,4,5,5,5,0,0,0,0,0,0,0,1,0,0,0,0,0,0,0,1,1,1,0,0,0,1,0,0,3,8,7,8,9,8,4,3
d03081,machine_learning,11,12,10,10,7,6,11,9,0,1,0,1,0,2,1,1,1,0,0,0,1,0,0,0,0,0,1,0,1,2,2,0,19,15,14,12,22,17,13,16
d03082,cooking,1,1,1,1,1,1,0,1,27,26,27,20,19,19,26,25,2,1,1,1,0,0,2,0,1,0,0,2,1,1,2,0,37,35,34,27,36,32,28,32
d03083,cooking,2,1,0,1,0,1,0,0,5,9,13,3,6,7,3,9,1,0,0,0,1,0,1,0,0,1,0,0,1,0,2,0,19,15,15,22,14,16,11,14
d03084,machine_learning,17,14,15,21,14,12,19,12,1,1,0,0,0,1,1,2,1,1,1,0,0,1,0,0,0,0,0,2,1,3,0,0,26,26,26,32,30,35,24,25
d03085,cooking,0,2,0,0,1,0,0,0,27,25,17,18,27,20,20,19,1,1,1,1,1,1,0,0,0,0,2,1,1,0,1,2,31,36,36,30,24,30,31,29
d03086,machine_learning,6,2,7,5,3,4,5,8,0,2,1,1,0,0,0,0,0,1,0,0,0,0,0,0,0,0,0,0,0,0,0,0,3,4,9,10,6,7,7,9
d03087,football,0,0,1,0,2,1,0,3,0,0,1,2,0,2,0,1,2,0,1,3,1,1,1,0,10,17,13,18,19,15,19,11,28,27,32,21,22,28,27,20
d03088,astronomy,1,0,1,2,0,3,2,1,0,1,0,0,0,1,1,1,14,10,19,17,13,13,27,21,0,1,2,0,1,1,0,0,19,22,19,26,19,34,28,21
d03089,machine_learning,39,26,36,33,37,27,39,33,4,2,0,2,0,2,2,1,3,2,4,0,1,0,1,4,3,1,2,0,0,1,3,4,63,53,42,53,47,62,40,46
d03090,astronomy,0,0,0,0,0,0,1,1,0,0,0,0,0,0,0,1,8,10,6,9,4,7,7,9,0,0,0,0,0,0,0,0,11,18,5,10,14,15,10,7
d03091,astronomy,5,0,1,2,1,2,4,1,1,1,3,0,2,5,1,2,42,44,37,50,48,45,46,44,3,2,2,2,3,2,3,2,66,75,71,75,79,60,69,71
d03092,cooking,2,0,2,1,0,0,0,1,10,7,13,9,10,13,14,12,0,0,0,1,0,0,0,0,1,1,1,1,0,1,0,0,11,14,18,15,20,17,16,22
d03093,cooking,1,1,0,0,3,0,2,0,29,26,25,28,44,35,31,19,0,0,0,0,2,1,2,4,3,0,1,0,0,3,1,1,58,54,56,53,46,56,64,49
d03094,astronomy,2,0,0,1,1,3,0,1,0,0,0,0,0,0,0,0,14,9,15,9,13,15,10,13,1,1,0,0,0,0,2,0,20,22,25,26,24,23,25,28
d03095,astronomy,0,0,0,0,0,1,0,0,0,0,0,1,0,1,0,0,4,7,6,1,9,10,6,4,0,1,0,1,1,0,0,0,6,5,9,9,7,12,14,2
d03096,astronomy,1,1,3,2,3,1,2,4,1,5,2,2,2,2,6,1,61,55,58,62,53,61,57,60,0,4,2,2,2,5,5,3,94,84,88,85,98,77,86,85
d03097,astronomy,0,0,0,1,0,0,0,0,0,0,0,2,0,1,2,3,9,10,7,18,10,11,15,7,2,2,0,0,0,0,0,0,15,15,24,24,24,16,18,25
d03098,machine_learning,12,18,12,10,11,15,11,9,0,0,0,0,0,3,0,1,1,2,2,1,1,1,0,1,0,1,0,1,0,0,1,0,16,21,16,17,23,24,14,15
d03099,football,1,1,2,1,0,0,1,1,3,1,1,0,3,1,0,1,1,0,2,3,0,0,0,0,12,10,16,21,18,25,23,17,19,18,27,28,21,36,30,27
d03100,cooking,0,0,0,0,3,1,0,1,9,15,23,21,17,9,16,17,4,0,0,0,1,0,0,2,0,0,0,1,3,0,0,2,23,29,28,19,19,37,21,30
d03101,astronomy,1,1,1,2,0,0,1,1,1,0,0,1,0,1,0,0,11,8,11,5,9,6,13,6,0,0,2,1,0,0,0,0,21,15,9,10,11,21,16,14
d03102,football,5,3,2,1,1,1,1,4,1,1,2,3,6,5,1,4,2,5,1,0,1,3,3,6,56,74,61,59,62,68,47,43,117,100,97,99,101,86,107,109
d03103,astronomy,0,0,0,0,0,0,1,0,1,0,1,1,1,0,0,0,9,8,10,10,13,10,23,10,0,0,0,0,1,2,0,0,21,19,27,15,22,13,18,18
d03104,astronomy,0,0,1,0,1,0,0,1,0,0,0,1,1,1,3,1,9,6,10,9,13,15,15,4,0,0,1,1,1,1,0,2,15,20,17,21,13,19,21,20
d03105,machine_learning,18,16,21,13,25,12,19,23,1,1,1,0,1,2,1,0,1,1,0,0,0,0,0,0,1,0,0,1,0,2,0,3,29,30,28,35,28,26,25,27
d03106,football,0,0,0,1,0,0,1,0,0,0,0,0,1,0,1,1,0,1,1,0,0,1,0,0,9,4,5,7,7,4,10,5,12,21,7,15,11,10,11,9
d03107,cooking,0,0,1,1,0,1,0,1,18,18,21,13,16,19,14,12,0,0,0,1,1,0,0,0,1,1,0,0,0,1,0,0,25,33,23,25,18,25,26,23
d03108,football,2,2,3,0,1,3,2,0,0,0,0,0,0,0,0,3,1,3,0,0,1,0,1,0,9,21,23,15,20,20,18,15,15,23,28,19,27,29,16,37
d03109,football,0,1,0,2,1,0,1,1,1,1,0,1,1,2,3,2,0,0,1,0,0,0,0,1,19,16,16,12,11,16,15,15,20,24,19,20,32,26,29,23
d03110,machine_learning,33,26,30,28,30,21,37,32,2,0,1,4,0,0,2,1,0,0,3,1,1,4,2,1,2,2,1,6,0,0,3,2,42,46,47,53,46,56,49,43
d03111,machine_learning,6,8,5,3,8,4,9,7,0,0,1,0,0,0,1,0,1,0,0,1,0,0,0,1,2,0,0,0,0,0,0,0,12,15,16,11,10,17,13,17
d03112,machine_learning,13,11,7,9,6,7,8,15,0,1,0,2,0,0,0,1,1,0,0,0,1,1,0,3,1,0,2,1,0,1,0,1,16,19,16,11,15,11,14,13
d03113,astronomy,3,1,2,2,1,0,1,0,2,2,1,0,1,0,1,2,16,21,22,21,29,26,28,21,1,1,0,1,2,1,0,0,44,41,40,45,27,37,50,28
d03114,cooking,0,0,0,0,0,0,0,1,5,4,1,6,2,4,4,5,1,1,0,0,1,0,0,1,0,1,0,0,0,0,0,0,6,4,12,9,9,6,8,6
d03115,machine_learning,4,7,2,8,10,2,5,5,1,0,0,0,1,0,0,0,0,0,0,1,0,0,0,0,0,0,1,0,0,1,2,0,11,10,13,11,10,12,14,11
d03116,cooking,1,0,2,0,1,0,0,1,15,12,11,13,13,10,13,10,0,0,0,5,2,0,0,2,1,1,1,0,0,2,0,1,16,9,22,20,25,24,11,20
d03117,machine_learning,11,9,10,10,11,10,15,11,1,0,1,0,0,0,1,1,0,2,1,3,1,0,0,1,1,0,0,0,2,0,0,1,19,14,15,15,12,16,13,13
d03118,machine_learning,7,6,6,3,7,5,2,4,0,0,1,2,1,0,0,0,0,1,0,1,1,0,0,0,0,0,0,1,0,0,0,0,8,12,7,8,5,12,5,4
d03119,machine_learning,7,7,12,8,4,5,10,5,0,0,0,0,0,0,1,1,1,0,0,2,0,0,0,1,0,1,0,2,0,0,0,0,18,9,14,8,9,13,6,16
d03120,cooking,0,1,0,0,2,0,0,0,8,8,8,9,7,9,9,4,0,0,1,1,0,1,0,0,0,0,0,1,1,0,2,0,15,11,13,12,11,17,18,14
d03121,astronomy,5,1,1,1,1,1,2,2,0,1,1,0,0,0,2,2,14,13,29,17,22,27,23,17,3,2,0,0,0,1,0,0,38,38,34,25,36,33,24,12
d03122,cooking,0,0,0,0,0,0,2,0,11,10,15,9,4,14,17,15,1,0,1,0,0,0,1,1,1,1,0,0,1,1,0,1,15,16,19,11,13,17,14,20
d03123,machine_learning,20,11,11,17,13,10,14,9,0,0,1,0,2,0,1,0,3,0,1,3,2,0,2,2,1,0,1,0,0,3,0,0,17,25,19,21,27,25,20,25
d03124,astronomy,1,2,0,1,1,2,1,0,1,1,0,1,0,0,1,1,20,23,21,18,21,28,23,18,2,0,0,1,1,3,3,2,29,36,37,29,39,37,26,38
d03125,astronomy,0,0,2,0,0,1,1,2,3,1,1,1,0,2,1,0,20,22,14,18,20,13,27,16,1,1,1,3,1,0,0,2,33,20,34,19,36,34,23,36
d03126,machine_learning,15,17,18,19,19,8,19,20,0,0,0,1,2,1,0,2,1,1,1,2,0,0,2,0,2,2,0,2,3,2,2,1,24,32,34,42,39,46,26,35
d03127,machine_learning,25,18,18,15,19,24,16,19,1,0,0,1,1,0,1,0,2,1,2,0,0,1,1,2,0,1,0,0,0,0,0,0,31,35,36,34,32,35,32,28
d03128,astronomy,2,0,1,1,1,1,1,1,2,0,0,0,1,0,1,2,11,19,17,13,15,11,16,16,0,0,0,0,0,1,1,1,26,18,28,33,34,35,22,24
d03129,machine_learning,17,17,17,19,32,16,14,22,0,0,3,2,2,2,0,1,0,2,1,0,0,2,0,0,0,1,3,1,0,1,0,0,26,31,43,31,31,35,43,29
d03130,machine_learning,15,10,11,11,12,6,5,9,1,1,0,0,0,1,0,0,0,1,1,0,0,0,1,0,2,0,2,0,0,0,0,0,22,23,17,16,20,19,15,16
d03131,cooking,1,0,0,0,1,0,0,0,6,9,4,5,7,5,6,10,0,0,0,1,0,0,1,1,0,0,1,0,0,0,0,0,13,15,15,13,11,10,15,11
d03132,football,0,0,2,1,0,3,1,1,1,0,1,3,0,1,1,0,2,1,1,0,1,3,3,0,34,33,24,25,30,35,30,34,48,48,51,46,53,51,49,40
d03133,football,0,0,1,0,1,0,0,0,1,0,2,1,1,1,0,0,0,2,0,0,0,2,0,1,12,5,12,18,8,7,12,5,11,15,19,12,16,10,17,18
d03134,machine_learning,38,29,29,29,31,36,36,32,2,0,5,4,0,1,2,1,2,1,0,2,2,4,1,2,2,1,2,2,1,0,1,3,39,48,55,54,42,46,50,54
d03135,machine_learning,18,21,23,24,19,15,18,28,2,1,0,1,0,1,1,0,2,0,1,2,0,0,1,0,2,0,0,3,4,1,0,0,30,36,23,26,30,41,32,35
d03136,machine_learning,26,25,24,17,24,28,24,30,1,2,1,1,1,1,1,2,1,3,1,2,0,0,0,1,0,1,1,2,3,1,0,2,31,20,38,31,52,41,45,50
d03137,machine_learning,31,48,52,62,63,48,54,51,1,3,1,3,2,0,1,2,5,1,1,2,3,4,2,2,3,0,0,5,4,4,1,4,91,71,76,101,81,91,84,81
d03138,cooking,0,0,0,0,2,0,1,1,12,12,14,10,13,16,11,12,0,0,1,0,1,0,0,0,3,0,0,2,0,1,0,0,11,10,17,18,16,18,17,15
d03139,machine_learning,14,16,15,13,9,21,22,20,1,0,1,2,1,1,2,1,0,1,0,2,0,0,0,3,3,1,3,1,1,0,1,0,31,29,31,23,25,33,28,28
d03140,astronomy,2,2,1,1,2,0,0,1,1,1,0,0,0,0,0,0,20,15,20,15,13,16,14,13,2,1,0,0,1,0,0,2,22,27,16,26,33,22,26,28
d03141,machine_learning,5,5,10,8,4,7,8,11,0,0,0,1,0,0,1,0,0,2,0,0,0,0,0,0,0,0,0,1,0,0,0,0,13,13,15,14,13,7,11,14
d03142,machine_learning,13,14,7,13,10,10,14,11,0,0,0,0,0,2,1,0,0,2,0,0,1,2,0,0,0,0,1,0,0,0,0,1,15,22,18,13,13,16,22,10
d03143,football,0,0,0,2,0,0,0,0,1,0,0,1,1,0,0,1,0,1,0,0,0,1,1,3,10,14,14,11,13,9,12,14,24,25,18,24,22,10,17,21
d03144,cooking,0,0,1,2,1,3,2,1,29,27,39,32,22,28,25,35,2,0,3,2,3,1,2,1,2,2,0,2,1,3,1,1,51,62,50,43,53,39,51,40
d03145,football,1,1,0,1,4,1,2,2,1,1,0,0,1,1,0,1,0,0,3,1,3,2,3,0,18,13,28,25,18,17,24,21,37,43,30,35,42,34,37,33
d03146,football,0,1,2,1,0,0,0,0,1,1,0,2,1,0,1,1,0,1,0,0,0,2,1,0,8,7,7,7,14,16,9,6,13,11,15,13,11,11,18,13
d03147,football,0,0,1,0,2,0,0,0,0,1,0,0,0,0,2,0,0,0,0,0,1,0,0,0,10,5,5,6,11,7,7,9,11,17,12,14,14,10,14,11
d03148,astronomy,0,0,0,1,0,0,0,2,0,0,0,1,0,0,0,0,4,6,9,5,9,4,6,7,0,1,0,0,0,0,0,1,16,11,9,8,8,13,8,13
d03149,astronomy,2,1,1,0,0,2,0,0,0,0,0,2,0,1,1,1,7,1,11,17,11,6,7,9,1,0,1,1,0,0,0,2,11,17,22,14,12,13,15,17
d03150,machine_learning,32,34,32,46,26,42,42,50,0,2,1,3,4,2,1,1,4,1,0,1,0,2,1,2,2,0,2,2,0,2,2,1,65,61,69,79,78,67,70,79
d03151,cooking,0,0,0,0,0,1,0,1,8,12,13,19,18,19,14,14,1,0,1,0,1,0,0,1,1,0,0,1,2,1,0,0,20,22,23,24,30,26,28,25
d03152,machine_learning,27,23,24,25,29,19,18,27,3,1,1,0,3,1,2,0,1,0,0,1,1,0,1,2,0,1,1,0,2,3,2,1,48,48,33,42,49,52,33,40
d03153,astronomy,0,0,0,0,0,0,0,0,0,0,0,0,0,0,0,0,6,6,8,7,7,7,8,7,0,0,0,0,1,0,0,0,12,10,8,6,11,7,10,5
d03154,football,1,1,1,0,0,1,0,0,0,1,0,2,1,0,2,0,0,0,2,0,1,0,0,0,6,20,13,17,16,9,8,14,18,26,21,21,27,18,19,16
d03155,astronomy,4,0,4,2,1,2,2,0,2,3,2,1,3,1,2,3,35,37,31,41,32,37,43,46,0,2,2,4,0,4,4,1,50,58,53,53,46,56,66,58
d03156,machine_learning,18,12,9,7,10,14,18,16,1,1,1,1,0,1,0,0,1,1,0,0,2,1,1,0,1,1,0,0,1,0,2,0,24,19,25,27,15,24,22,25
d03157,football,1,0,1,0,3,1,1,0,1,1,0,1,0,0,2,0,0,0,0,0,0,0,0,2,12,16,8,14,10,10,15,13,22,24,23,25,24,19,24,12
d03158,cooking,0,0,0,0,0,0,0,0,4,4,6,5,5,3,8,6,0,1,0,0,0,0,1,0,0,0,1,0,0,1,0,0,10,13,8,5,3,5,8,8
d03159,football,1,3,2,4,5,2,6,2,0,3,2,0,1,0,3,6,3,1,3,3,1,2,4,0,52,38,33,50,44,47,46,46,50,66,65,67,66,50,65,74
d03160,cooking,0,0,0,0,0,0,0,0,5,15,12,18,10,10,9,12,0,0,0,1,0,0,0,1,1,1,0,1,0,0,0,1,20,18,29,23,21,23,23,13
d03161,machine_learning,28,47,41,26,29,30,38,41,0,0,4,0,0,2,1,1,3,1,1,1,1,1,1,1,1,1,3,2,1,0,4,2,53,66,47,50,54,52,46,59
d03162,astronomy,1,0,1,2,3,0,4,0,1,2,1,1,1,1,1,3,32,35,42,32,31,33,33,37,2,2,3,1,1,0,1,2,54,45,59,48,57,58,55,58
d03163,machine_learning,1,6,9,3,9,6,6,7,0,0,0,0,0,0,0,0,0,0,0,0,0,1,1,0,1,0,0,1,0,0,0,0,11,14,8,12,14,17,10,9
d03164,football,2,0,1,0,0,0,0,1,0,0,0,0,1,0,0,1,0,0,0,0,1,0,0,0,7,6,5,5,4,7,4,9,8,11,11,9,6,12,8,11
d03165,football,1,4,2,1,4,0,1,2,2,0,1,3,1,3,2,0,0,1,2,1,0,3,2,1,35,30,43,43,28,26,38,32,52,70,57,53,73,46,65,48
d03166,football,1,1,6,1,2,1,2,3,4,1,1,0,0,0,0,1,2,1,3,4,3,1,2,2,27,41,42,50,59,35,43,45,71,72,65,62,74,59,75,77
d03167,cooking,1,0,0,0,1,1,0,1,11,18,12,14,18,14,8,10,1,0,1,1,1,0,0,2,0,0,1,1,1,0,0,2,16,21,22,18,17,22,20,8
d03168,football,1,0,0,0,0,0,0,0,0,0,0,0,2,1,0,1,0,0,0,0,2,0,1,0,10,8,10,6,9,13,20,6,12,13,8,17,12,16,16,8
d03169,astronomy,0,0,0,0,0,1,0,0,2,0,1,0,1,0,0,1,12,10,12,8,10,7,13,12,0,1,0,1,0,2,0,0,12,13,14,23,17,9,12,17
d03170,cooking,0,0,0,0,0,0,0,0,11,11,9,13,14,14,6,9,2,0,1,1,1,1,0,1,0,1,0,2,1,0,0,1,19,15,11,14,8,18,22,15
d03171,astronomy,0,1,3,0,0,3,1,0,1,0,0,0,0,1,0,0,6,10,3,12,9,10,11,9,0,0,0,0,0,0,0,0,12,24,15,12,22,20,18,24
d03172,machine_learning,10,7,4,7,7,0,1,11,0,0,0,0,0,0,0,1,0,1,1,0,1,0,0,0,0,0,0,0,1,1,0,0,14,10,11,12,9,7,7,16
d03173,football,0,1,0,2,1,0,1,1,2,0,0,0,1,0,0,1,1,3,1,0,1,0,0,2,15,12,9,16,10,16,9,17,23,17,17,14,25,16,16,22
d03174,cooking,1,1,1,1,2,1,2,3,26,20,16,25,14,23,21,17,1,4,1,0,1,1,1,0,0,2,0,2,2,2,0,0,26,30,34,27,24,37,32,34
d03175,machine_learning,8,12,10,11,14,12,9,12,1,0,1,0,1,2,0,0,0,1,1,2,0,1,0,1,0,0,0,0,2,1,2,1,13,28,17,14,22,15,25,12
d03176,cooking,1,1,2,1,1,2,2,0,18,25,23,20,23,26,23,21,0,0,1,0,0,1,1,1,0,2,1,1,0,0,0,1,39,43,29,32,36,32,34,32
d03177,cooking,0,0,1,0,0,0,0,1,17,11,10,16,6,10,8,8,0,2,1,1,2,1,0,0,1,2,0,1,1,1,1,0,6,7,15,17,18,15,12,14
d03178,astronomy,2,1,1,0,0,0,0,0,0,0,0,0,0,0,0,0,10,12,10,8,7,9,9,12,1,0,0,0,3,0,0,1,19,16,25,16,14,16,21,23
d03179,machine_learning,8,6,7,3,4,2,4,2,1,0,0,0,0,1,1,0,0,1,0,1,0,0,0,0,0,0,0,1,0,0,0,0,9,4,5,3,9,7,6,8
d03180,cooking,1,2,1,0,0,1,1,0,18,21,24,29,17,20,24,19,1,1,0,1,0,1,1,0,0,0,4,0,2,0,3,1,44,36,39,36,43,32,19,30
d03181,astronomy,1,0,0,0,1,1,0,1,1,0,1,0,0,0,1,0,6,14,12,12,15,9,8,25,2,0,2,0,0,1,1,0,14,19,21,18,18,17,14,20
d03182,astronomy,0,1,1,1,0,1,1,0,2,0,2,0,0,0,1,2,19,17,18,22,25,21,21,18,2,2,0,0,2,1,0,1,23,31,26,29,22,20,31,20
d03183,football,0,1,2,0,1,1,1,0,0,0,1,1,2,0,0,1,1,0,0,2,1,0,1,0,8,12,4,7,10,8,9,7,11,19,10,11,15,12,13,11
d03184,cooking,1,0,0,1,0,0,0,1,13,8,4,10,11,9,10,7,0,0,1,0,0,0,1,0,1,0,1,1,0,0,0,0,15,9,15,17,12,8,10,15
d03185,cooking,1,2,3,2,1,0,3,3,38,40,30,30,39,36,32,43,3,3,2,3,2,1,2,4,2,0,1,1,2,0,1,2,73,65,55,55,49,80,59,75
d03186,cooking,0,0,1,1,2,1,3,1,25,21,20,22,18,24,25,29,3,1,2,5,1,1,0,2,0,2,1,2,2,1,0,1,41,35,47,44,34,36,50,39
d03187,astronomy,1,0,2,0,0,0,1,2,1,2,1,1,1,0,0,0,9,7,18,16,12,13,14,11,1,0,1,0,0,0,0,0,17,25,31,20,26,16,24,12
d03188,astronomy,0,0,0,1,2,2,0,1,1,0,1,0,0,2,0,0,30,20,19,21,21,18,17,20,1,1,0,1,1,4,1,1,43,16,36,34,27,36,33,40
d03189,astronomy,0,0,0,1,0,0,0,0,0,1,0,0,0,0,0,1,8,5,12,5,6,9,10,2,1,0,1,0,0,0,0,0,11,13,16,13,11,14,17,14
d03190,machine_learning,3,5,7,7,6,6,9,5,0,0,0,0,0,0,0,1,1,0,0,0,1,0,0,0,1,0,0,1,1,0,1,0,17,11,10,6,13,15,12,10
d03191,machine_learning,24,18,20,16,9,17,18,21,0,0,1,1,1,0,2,0,1,0,0,0,1,0,0,0,1,1,0,1,1,1,3,1,28,13,29,24,22,33,27,29
d03192,football,0,0,1,1,0,1,0,0,0,1,0,1,0,0,1,1,0,0,0,0,0,0,0,0,17,6,15,9,18,11,18,9,18,16,20,22,17,11,21,20
d03193,football,1,2,1,3,0,2,0,1,1,1,0,2,0,3,3,3,0,1,1,1,1,0,0,1,26,28,27,22,30,31,20,33,44,44,46,37,45,38,46,46
d03194,astronomy,0,0,5,2,0,1,0,2,1,2,0,3,1,3,1,0,41,33,38,33,42,35,26,31,3,1,3,0,1,2,2,3,62,65,73,57,78,66,46,61
d03195,cooking,1,0,0,0,0,0,2,1,10,8,5,6,7,10,9,5,2,1,0,1,0,0,1,0,0,0,1,0,1,0,0,2,11,14,12,10,26,15,8,17
d03196,machine_learning,16,14,11,5,12,11,7,11,0,0,0,0,0,0,2,1,0,1,1,0,2,0,0,0,0,0,0,0,1,0,0,0,14,17,16,29,15,21,12,17
d03197,machine_learning,12,15,8,9,11,9,7,5,1,2,1,0,0,1,0,0,0,0,1,0,1,0,0,0,0,1,1,1,0,0,0,0,13,19,11,12,15,19,13,15
d03198,machine_learning,32,27,35,23,26,38,25,36,0,3,1,1,2,3,2,0,0,0,0,2,3,2,3,0,2,2,3,2,0,2,2,1,40,40,38,43,54,54,47,35
d03199,astronomy,1,0,0,0,0,1,1,1,0,1,0,1,1,1,0,0,9,9,11,11,8,10,18,13,0,1,0,0,0,0,0,0,14,14,19,15,17,10,16,14
d03200,astronomy,1,0,1,0,2,0,1,0,1,0,0,0,0,1,1,0,17,15,16,10,17,16,18,11,1,0,0,0,0,0,0,0,34,30,35,30,32,34,24,29
d03201,astronomy,2,2,1,0,1,0,0,1,0,0,0,0,1,1,0,2,7,13,10,11,8,10,4,9,1,1,0,0,0,1,0,0,18,14,11,16,20,12,12,13
d03202,cooking,0,1,2,0,0,0,0,1,5,3,11,8,6,3,5,7,0,0,0,1,0,1,0,0,0,1,0,1,0,2,0,0,13,10,8,9,10,17,4,10
d03203,machine_learning,4,13,4,3,0,9,2,6,0,1,0,0,0,0,0,2,0,0,1,0,0,0,0,1,0,0,0,0,1,0,0,0,11,14,10,7,5,16,15,17
d03204,cooking,0,2,1,1,0,1,1,0,5,7,10,16,9,12,5,9,0,0,0,0,1,0,1,1,2,1,1,1,0,1,1,0,10,16,18,15,10,14,19,19
d03205,astronomy,2,0,1,1,1,0,1,0,0,2,3,1,2,2,2,1,30,19,20,20,19,29,23,14,3,0,0,3,0,2,2,0,43,28,56,46,27,39,44,31
d03206,astronomy,0,1,0,0,0,0,1,0,0,1,1,0,0,0,0,1,6,3,3,4,8,6,6,9,0,1,0,0,0,0,1,1,13,9,11,11,8,13,10,5
d03207,football,1,0,1,0,1,3,0,0,0,2,2,0,2,0,1,0,0,1,2,2,1,2,1,3,25,24,17,17,12,12,19,17,35,26,28,30,33,31,26,28
d03208,machine_learning,27,21,33,38,27,32,23,28,2,1,1,0,2,3,1,1,2,1,4,1,2,1,3,0,0,2,1,1,3,2,2,2,55,62,46,39,51,51,66,69
d03209,machine_learning,11,18,11,15,23,15,9,15,1,1,1,1,1,1,0,3,0,0,2,0,0,0,4,1,0,0,0,2,0,0,0,3,19,24,20,18,23,27,22,21
d03210,machine_learning,9,14,12,13,9,25,12,11,1,0,2,0,0,1,1,0,2,2,1,0,1,0,0,0,1,0,2,0,0,0,0,0,21,13,15,15,14,12,16,17
d03211,astronomy,0,0,0,0,0,0,0,0,2,0,1,1,0,0,1,0,14,22,14,16,10,11,14,16,0,1,0,0,0,0,2,0,23,24,26,19,20,17,27,20
d03212,astronomy,0,0,1,1,0,0,0,0,0,1,0,0,0,0,0,0,6,3,2,2,4,5,1,4,0,0,0,0,0,0,0,1,3,5,1,6,5,0,8,7
d03213,astronomy,0,0,0,0,1,0,0,0,1,1,0,1,0,2,0,1,25,21,17,19,13,15,16,16,1,2,1,1,0,0,1,0,34,28,32,30,22,24,24,29
d03214,machine_learning,42,35,34,36,43,23,41,32,2,5,0,1,2,1,1,1,1,2,0,0,1,3,3,2,1,1,1,1,0,1,1,1,43,62,66,69,60,70,59,57
d03215,football,1,0,1,0,1,0,1,0,1,0,0,1,1,2,0,0,3,0,0,0,0,0,0,0,12,4,8,6,5,9,9,11,13,11,10,14,15,13,15,10
d03216,football,0,0,0,0,0,2,0,0,0,0,0,1,0,0,1,0,0,0,1,0,0,0,0,1,4,4,7,7,6,6,7,7,15,13,13,7,5,9,13,14
d03217,astronomy,0,1,0,3,0,1,0,0,0,1,1,0,4,0,1,1,15,14,10,14,17,12,21,15,1,1,1,1,0,1,0,0,27,18,21,20,17,23,26,29
d03218,cooking,0,1,0,0,0,1,3,1,11,3,2,2,7,6,7,7,1,0,0,0,0,1,0,1,0,0,0,0,0,0,0,1,7,15,9,13,8,7,14,9
d03219,astronomy,2,0,1,0,0,0,0,0,0,0,0,0,0,0,0,1,13,9,15,22,13,23,19,16,1,1,1,2,1,1,0,0,22,21,20,34,26,25,18,23
d03220,football,0,0,1,1,1,0,1,0,0,0,1,0,0,1,0,0,0,0,1,1,0,0,1,1,18,8,13,21,14,12,17,14,18,19,17,26,19,16,15,18
d03221,astronomy,0,0,0,1,1,0,0,1,0,2,0,0,1,0,0,1,9,4,5,12,10,6,7,7,0,0,1,0,1,1,1,0,12,14,14,13,21,12,16,17
d03222,cooking,2,0,1,0,3,1,1,1,21,27,18,28,27,18,31,18,2,0,1,0,2,1,2,0,1,1,0,1,2,0,1,0,40,26,39,33,34,29,23,34
d03223,machine_learning,20,27,32,26,29,26,30,36,0,2,0,0,2,0,1,0,1,4,3,0,2,0,1,2,2,2,2,0,0,4,0,1,44,36,60,45,39,38,58,34
d03224,machine_learning,8,13,22,16,21,10,14,14,1,0,0,1,0,0,2,0,0,1,1,1,1,1,2,0,0,0,1,1,0,0,0,0,18,14,18,28,18,17,22,10
d03225,machine_learning,49,54,37,49,59,43,57,49,3,1,0,1,5,4,3,1,6,2,4,2,0,2,0,3,2,4,3,3,0,2,0,7,74,88,92,82,75,66,79,94
d03226,cooking,1,1,0,1,0,1,1,3,10,25,24,18,22,23,23,27,2,1,0,2,1,0,1,1,4,3,0,0,1,2,3,2,37,40,32,36,32,37,34,38
d03227,machine_learning,18,19,18,11,18,17,20,22,0,0,3,1,0,1,0,1,0,4,0,0,1,0,1,0,2,1,0,0,1,0,0,1,24,24,31,37,27,31,25,26
d03228,astronomy,2,0,0,0,1,0,1,0,0,2,0,2,0,0,0,1,13,8,10,12,15,14,20,10,3,1,2,1,0,1,0,1,15,20,12,17,18,24,20,20
d03229,astronomy,2,1,0,1,1,1,0,2,1,2,0,0,0,2,1,0,17,18,29,20,21,21,14,12,0,0,0,0,0,3,1,1,31,29,35,26,38,22,33,27
d03230,cooking,0,0,0,1,0,0,0,0,6,2,3,3,6,3,6,2,1,0,0,0,0,0,0,0,1,0,1,2,0,0,0,0,9,8,8,11,7,5,7,6
d03231,football,1,0,0,0,0,1,0,0,0,0,0,0,0,0,0,0,0,0,0,0,0,0,0,0,3,6,7,6,7,6,7,5,11,13,3,5,6,6,11,15
d03232,astronomy,0,1,1,1,2,5,1,2,1,1,2,1,1,0,0,0,26,24,20,24,14,30,34,21,1,3,0,1,1,2,0,2,48,55,39,54,56,40,46,47
d03233,astronomy,0,1,1,0,0,0,2,0,0,0,0,1,0,2,0,1,11,9,13,4,13,7,8,13,1,1,1,0,0,0,1,0,17,14,11,6,11,18,8,8
d03234,cooking,1,1,1,0,1,0,2,0,31,23,15,21,27,17,15,14,1,0,0,1,2,2,0,4,0,0,3,0,1,0,1,0,33,37,46,37,33,40,36,34
d03235,cooking,0,0,4,0,2,0,0,0,23,7,15,11,15,20,10,25,4,0,1,1,0,0,0,1,0,1,0,1,0,0,0,1,21,19,29,18,22,16,29,27
d03236,football,0,0,1,0,0,0,1,0,1,0,0,0,0,0,0,1,0,1,0,0,0,0,0,1,6,6,9,5,4,4,4,5,12,10,13,9,11,7,15,8
d03237,machine_learning,25,32,20,31,31,22,33,35,2,0,1,2,2,2,1,1,2,1,2,0,1,0,1,1,0,1,1,0,2,4,1,2,48,63,53,56,58,57,50,60
d03238,cooking,0,1,0,1,0,0,1,0,10,8,7,4,10,7,9,5,1,0,0,1,0,0,0,0,1,0,1,1,0,0,0,0,5,16,15,7,4,12,18,12
d03239,cooking,2,5,2,2,0,4,2,1,33,41,39,59,43,39,45,40,2,1,3,2,1,1,2,4,0,2,2,2,2,3,0,2,82,88,78,66,59,74,64,70
d03240,astronomy,2,1,2,5,3,2,4,3,3,3,4,0,8,2,1,6,50,50,50,52,53,63,47,63,6,4,4,2,3,2,2,2,87,113,97,95,87,74,102,87
d03241,machine_learning,24,14,13,13,12,16,12,13,0,0,0,2,0,1,0,1,0,0,2,0,0,0,1,1,0,0,0,0,0,1,0,0,29,27,23,23,22,25,27,21
d03242,cooking,0,1,0,2,2,0,1,1,24,37,31,33,30,27,28,30,2,1,1,3,0,3,2,2,2,0,0,3,2,1,2,2,56,46,48,59,54,43,59,46
d03243,cooking,2,1,2,2,4,2,0,1,41,43,38,41,43,32,35,43,0,3,2,1,4,1,1,4,0,3,1,2,2,0,2,2,67,72,75,76,68,65,76,68
d03244,astronomy,0,1,0,1,0,0,1,0,0,0,0,2,0,0,0,0,6,5,10,2,5,9,7,14,0,0,0,0,1,0,0,0,8,13,7,6,7,14,12,10
d03245,astronomy,0,1,2,1,0,1,0,0,0,1,1,3,0,2,1,1,21,25,17,23,23,28,34,29,2,1,2,1,1,1,1,1,38,41,37,45,34,41,35,36
d03246,astronomy,0,1,0,2,2,0,1,1,0,0,0,1,0,0,0,0,15,14,19,12,24,19,16,10,0,1,1,0,2,0,0,0,17,27,32,23,23,25,23,32
d03247,astronomy,0,0,0,0,1,0,0,0,0,0,0,0,0,0,0,0,3,4,6,1,2,4,5,4,0,0,0,0,1,1,0,0,7,8,2,6,4,6,7,4
d03248,football,3,3,2,0,0,0,3,1,2,1,0,0,1,2,0,0,1,0,1,1,0,2,1,2,30,26,20,21,17,30,32,28,50,45,32,45,51,47,49,55
d03249,football,1,0,0,1,1,0,1,0,2,1,0,0,0,1,3,1,0,0,0,0,0,1,1,2,9,6,8,9,8,13,9,14,22,19,14,25,28,22,16,22
d03250,football,0,1,0,0,1,0,2,1,0,0,0,0,0,1,0,1,1,2,0,0,0,0,1,2,8,14,16,11,10,11,11,10,16,19,13,23,20,20,27,24
d03251,football,1,1,1,2,1,0,0,2,1,4,1,2,3,2,2,1,1,0,0,0,0,0,1,1,19,25,38,23,30,25,29,40,44,32,41,44,32,45,42,37
d03252,cooking,1,2,1,1,0,1,1,2,17,5,5,16,8,16,9,7,1,1,0,2,0,1,1,0,0,0,1,0,1,1,1,0,18,14,14,18,19,20,20,16
d03253,cooking,0,0,0,0,0,0,2,2,11,19,9,13,15,19,18,13,0,2,0,0,0,1,0,0,0,0,1,0,0,0,1,0,21,13,16,27,23,19,17,22
d03254,astronomy,1,3,2,4,0,1,1,1,1,2,1,2,3,0,2,3,34,36,30,37,33,27,37,39,5,0,2,2,3,2,3,1,61,60,45,60,64,57,69,72
d03255,cooking,0,2,2,1,0,1,0,1,9,11,13,15,16,15,14,11,0,1,0,2,1,1,0,1,0,2,1,1,1,3,1,1,24,20,16,21,13,22,24,22
d03256,machine_learning,22,10,13,19,12,12,14,14,0,1,1,0,0,1,1,0,0,0,1,1,0,2,0,5,1,1,1,0,0,2,1,4,20,23,18,25,18,21,22,18
d03257,astronomy,0,0,1,0,0,0,1,0,0,2,0,0,1,0,0,1,8,10,10,8,8,9,5,13,0,0,0,0,0,1,0,0,13,11,12,17,13,11,11,14
d03258,cooking,0,1,0,2,2,2,0,1,29,12,20,15,25,18,21,21,0,1,0,4,0,1,1,1,2,1,2,0,2,1,0,3,26,20,35,40,27,29,36,36
d03259,football,0,0,0,0,0,1,0,2,0,0,1,1,0,0,1,2,0,0,0,0,1,0,0,0,8,13,2,7,10,9,10,8,12,19,14,20,13,18,15,14
d03260,machine_learning,23,18,26,37,24,24,26,18,1,1,1,0,2,1,1,2,0,3,1,0,0,0,2,0,0,0,1,1,1,0,2,2,34,35,43,45,43,37,36,32
d03261,cooking,0,0,1,2,0,0,1,0,12,7,6,4,7,14,13,13,0,0,0,0,0,2,0,0,2,0,0,0,1,0,0,1,13,18,18,25,14,11,15,25
d03262,astronomy,0,1,0,0,1,0,0,1,2,2,2,1,1,1,2,0,11,18,18,18,7,16,12,23,2,1,1,0,0,1,1,0,20,22,24,18,29,22,23,26
d03263,astronomy,1,1,0,1,0,0,0,1,1,0,0,1,1,2,0,2,21,17,21,18,19,13,23,15,0,1,1,0,0,4,1,0,31,36,27,27,22,27,32,33
d03264,football,0,0,1,0,0,0,0,0,0,0,1,0,0,0,1,2,2,1,0,0,1,0,0,0,9,10,10,17,17,14,15,12,9,12,14,19,15,15,17,18
d03265,machine_learning,8,14,9,8,16,16,6,13,0,0,0,2,0,1,0,1,0,0,0,0,1,1,0,2,1,0,0,0,2,0,0,0,25,18,24,13,27,16,8,22
d03266,cooking,1,1,1,2,0,1,1,0,26,28,35,27,23,20,23,38,0,3,0,0,3,0,1,1,1,2,0,1,2,0,0,1,34,39,54,36,40,36,33,42
d03267,astronomy,0,0,1,1,0,0,0,0,0,1,0,1,0,0,1,0,5,6,6,10,5,7,4,5,0,0,1,0,0,0,0,0,8,6,11,15,13,10,7,11
d03268,astronomy,0,0,0,0,0,1,0,1,0,0,0,0,0,0,1,0,8,4,4,10,6,10,6,5,1,1,0,1,0,0,0,0,11,19,16,8,19,19,15,13
d03269,machine_learning,14,16,16,16,11,19,17,23,1,0,0,1,4,2,0,0,2,0,0,1,1,1,1,1,2,0,1,2,1,0,0,2,33,37,31,26,23,30,37,32
d03270,cooking,0,1,1,0,0,1,1,1,6,9,12,10,11,11,9,11,0,1,0,0,0,1,0,0,1,0,0,1,0,0,0,0,16,9,25,18,21,12,21,22
d03271,football,1,1,1,0,0,1,0,1,0,1,0,1,1,0,1,1,0,0,1,1,1,2,0,1,8,7,12,6,2,8,5,5,10,12,11,7,10,10,18,12
d03272,machine_learning,11,3,4,11,7,5,8,9,0,1,0,2,0,0,1,0,1,0,0,1,1,0,1,0,0,2,0,1,0,1,0,0,12,13,12,14,16,12,13,13
d03273,football,1,0,0,1,1,0,0,1,0,0,1,0,0,0,1,0,0,0,1,0,0,0,0,0,9,11,12,5,11,11,11,9,15,8,16,15,18,9,13,12
d03274,astronomy,1,0,1,1,0,0,1,0,0,1,0,1,0,1,0,1,6,4,5,3,5,5,4,6,0,0,0,0,0,0,0,0,10,16,13,12,11,11,5,10
d03275,astronomy,0,0,0,1,0,1,1,0,0,1,0,1,1,1,0,0,9,5,10,15,14,8,6,7,1,1,1,2,0,0,1,0,13,13,13,17,11,10,14,14
d03276,astronomy,1,3,1,3,5,3,4,2,2,2,0,1,2,4,0,3,57,42,47,51,51,46,44,49,4,1,3,1,3,1,2,2,70,82,80,68,78,78,105,80
d03277,football,1,2,5,7,7,7,3,4,4,3,1,3,4,0,4,2,7,5,4,4,3,1,3,4,70,75,76,81,68,72,66,70,121,106,95,105,115,98,115,117
d03278,astronomy,1,0,0,0,0,0,0,1,0,0,0,0,0,2,0,1,11,13,12,12,8,8,10,10,1,0,0,0,0,0,0,0,12,18,14,13,11,18,13,15
d03279,cooking,3,2,0,1,2,2,0,0,13,20,12,28,22,22,26,30,0,0,1,2,1,2,1,0,0,1,2,1,1,1,1,0,21,27,42,29,26,39,45,33
d03280,cooking,0,0,2,3,0,0,0,0,15,19,13,16,15,16,11,16,0,2,1,0,1,2,0,2,1,0,0,0,1,1,1,0,27,20,29,23,32,38,28,23
d03281,cooking,2,3,3,1,2,2,3,0,26,44,44,44,38,35,35,36,2,1,2,2,4,1,3,4,3,2,0,1,1,3,2,3,67,63,64,69,73,65,63,72
d03282,astronomy,1,0,1,1,3,2,2,0,1,3,1,1,1,0,0,1,28,36,28,29,29,30,35,29,0,0,1,1,1,2,0,1,45,50,55,62,56,54,43,41
d03283,machine_learning,18,18,21,16,15,25,22,17,1,0,1,1,1,2,1,2,0,0,1,1,1,1,3,1,0,1,0,0,1,1,3,0,29,33,29,27,38,26,31,30
d03284,cooking,0,0,0,0,0,0,0,0,7,6,8,8,10,8,6,5,0,0,0,1,0,0,0,0,2,0,0,1,0,1,0,0,9,13,13,15,12,15,22,12
d03285,cooking,0,1,0,0,0,0,0,0,4,10,5,7,7,6,3,9,2,0,0,0,0,0,0,0,1,0,0,0,0,0,0,0,14,9,6,6,11,12,7,10
d03286,machine_learning,14,14,10,15,14,7,7,13,0,0,0,0,1,1,3,0,0,0,0,0,0,1,0,0,0,2,0,0,2,1,2,1,16,15,13,24,19,18,13,17
d03287,cooking,1,1,0,0,1,1,1,1,12,14,20,10,15,17,16,13,1,1,0,2,2,2,0,1,0,0,0,0,1,0,1,0,18,19,22,22,16,28,16,27
d03288,football,2,1,0,0,0,0,1,1,1,1,0,0,1,0,0,0,1,0,1,0,0,0,0,0,10,11,15,11,11,10,9,13,9,13,15,13,16,15,17,22
d03289,machine_learning,17,19,16,23,15,23,24,16,2,3,0,0,1,0,2,1,0,0,2,2,2,1,1,1,0,0,3,1,2,1,0,0,32,29,40,31,33,31,40,37
d03290,football,0,0,0,1,0,0,0,0,2,0,0,1,0,0,0,1,0,0,0,1,1,1,0,1,8,6,6,6,4,8,5,4,11,9,9,12,9,8,6,7
d03291,astronomy,1,0,1,0,0,1,1,0,2,1,1,1,0,0,0,0,14,15,17,10,11,17,7,13,1,0,0,1,2,0,2,1,23,19,19,19,18,19,18,17
d03292,machine_learning,10,18,9,13,10,9,10,16,0,0,1,0,0,0,1,0,1,1,1,0,0,0,0,0,0,0,1,0,1,0,0,0,14,13,14,14,18,22,10,20
d03293,machine_learning,23,27,15,19,25,16,20,16,3,2,2,0,0,0,1,0,1,2,0,0,2,2,1,2,0,1,1,0,2,2,1,2,26,38,21,39,31,43,41,33
d03294,football,2,1,2,3,2,3,1,7,4,1,2,2,2,5,2,2,2,0,1,2,2,3,3,3,62,62,60,62,61,53,76,78,112,104,85,122,102,105,84,95
d03295,cooking,0,1,0,1,1,0,1,0,17,17,23,13,18,15,20,23,1,2,1,1,0,1,0,0,1,2,1,5,2,1,0,0,33,30,38,33,27,25,32,37
d03296,machine_learning,21,22,22,16,23,18,23,15,1,0,0,1,0,0,0,0,0,2,1,0,2,0,1,2,0,0,2,0,0,1,1,1,21,32,30,40,34,33,25,35
d03297,cooking,1,0,0,0,0,0,0,2,24,12,16,13,15,20,27,17,0,2,1,0,1,0,1,1,1,2,2,1,0,0,0,2,26,35,23,29,22,20,24,27
d03298,machine_learning,7,4,6,5,9,6,7,5,0,0,0,0,0,1,1,1,1,0,0,1,0,0,0,1,0,0,1,0,0,0,1,1,8,15,10,11,7,10,6,11
d03299,football,0,1,0,0,1,0,0,0,0,1,2,0,1,0,0,1,0,0,0,1,0,0,0,0,12,13,11,14,15,15,16,11,15,19,12,19,28,14,22,20
d03300,machine_learning,51,51,47,47,46,35,43,38,2,1,2,3,2,4,0,2,0,1,2,2,5,1,2,3,1,4,1,1,4,0,0,1,78,71,75,67,77,79,73,65
d03301,cooking,2,2,3,3,2,2,1,1,41,46,33,39,30,40,36,40,3,2,1,4,0,1,4,3,4,2,3,3,2,0,0,1,55,64,67,59,86,58,62,64
d03302,cooking,1,0,0,1,0,0,0,0,11,12,11,17,12,10,10,7,0,0,0,2,0,0,1,2,1,0,1,0,0,0,1,0,12,24,14,16,19,15,19,20
d03303,football,0,1,1,0,0,2,2,1,1,2,0,1,0,3,0,0,0,0,0,1,1,0,0,2,11,13,12,15,21,14,19,16,26,17,24,29,24,35,26,31
d03304,cooking,0,0,1,0,0,0,0,0,16,12,15,10,14,11,6,16,1,1,1,3,1,1,2,0,1,1,0,1,0,0,0,0,22,25,27,15,18,16,24,28
d03305,cooking,0,3,1,0,0,1,0,2,10,16,19,21,12,16,19,16,2,0,1,0,0,2,1,0,1,0,1,2,2,0,2,2,27,23,37,29,26,20,24,19
d03306,football,1,1,0,0,1,1,1,1,1,1,0,0,1,0,0,0,1,2,1,0,2,2,1,0,8,8,7,12,19,12,18,13,21,25,8,22,25,19,27,20
d03307,cooking,0,1,0,0,0,0,0,0,5,10,7,12,17,7,15,8,1,0,0,1,1,0,1,1,0,0,2,0,0,1,1,0,17,10,12,17,18,15,16,9
d03308,football,0,0,0,0,1,0,0,1,1,0,0,0,0,0,1,0,0,0,0,0,1,1,1,0,5,7,8,3,4,8,11,6,9,7,11,12,13,16,13,8
d03309,cooking,0,0,1,1,0,1,0,0,8,16,8,10,10,9,13,10,0,0,0,1,0,1,0,0,0,1,0,0,0,1,1,1,16,13,19,12,25,9,15,7
d03310,machine_learning,19,27,33,27,25,30,22,20,0,1,1,3,0,1,0,0,1,1,2,2,0,0,1,4,0,2,1,1,1,1,1,2,36,40,29,43,29,32,41,33
d03311,cooking,0,5,0,0,4,0,0,0,19,14,13,16,18,12,15,17,0,1,1,1,2,0,0,2,0,1,1,0,0,1,1,0,26,34,29,23,30,27,22,31
d03312,cooking,0,0,0,1,0,0,0,0,2,8,8,8,1,4,5,3,0,0,0,0,0,1,0,0,1,0,0,0,1,0,1,0,4,8,4,11,8,8,9,6
d03313,astronomy,1,2,1,1,0,1,0,0,0,0,2,0,1,1,0,1,16,9,13,16,12,9,22,22,0,2,1,1,2,0,0,0,25,26,17,26,23,24,11,24
d03314,machine_learning,17,18,21,11,19,13,17,22,0,2,1,2,0,0,1,0,1,3,2,1,0,1,0,2,0,1,1,1,1,1,1,0,22,24,29,26,27,23,24,35
d03315,astronomy,0,1,1,0,1,2,1,0,1,0,0,1,1,0,1,2,21,11,12,14,20,15,12,14,0,0,2,0,0,1,2,2,25,26,23,14,20,29,33,25
d03316,football,2,0,0,0,0,2,0,3,0,0,2,1,1,0,0,0,0,0,0,1,0,0,0,0,9,9,9,8,12,7,6,9,11,10,9,14,21,14,13,18
d03317,machine_learning,6,2,6,2,7,6,4,6,0,1,0,0,0,0,0,1,0,1,0,2,0,0,0,0,0,0,0,0,1,0,0,0,7,10,8,12,5,3,6,5
d03318,astronomy,1,1,2,0,2,0,1,4,0,1,1,2,0,0,0,1,8,9,7,7,16,12,10,5,0,1,0,1,1,0,0,0,18,17,16,20,14,16,19,15
d03319,football,1,1,0,1,0,0,1,0,1,1,1,1,0,1,2,2,2,0,0,0,0,0,1,3,14,22,27,21,24,23,14,18,31,31,25,25,21,28,41,35
d03320,football,3,2,1,1,0,3,4,5,4,3,2,5,4,2,1,4,1,2,3,4,5,3,4,4,56,55,62,54,61,53,66,53,92,103,103,78,123,96,88,118
d03321,astronomy,3,1,0,0,1,1,0,0,0,0,0,2,1,0,1,0,7,18,19,21,10,11,22,13,2,2,1,1,0,0,2,2,29,25,15,25,22,29,25,23
d03322,astronomy,1,0,0,0,0,0,0,1,0,0,1,0,0,0,2,0,3,3,8,5,6,6,5,8,1,0,0,0,2,0,0,0,13,15,10,12,14,14,8,15
d03323,astronomy,0,0,0,0,1,0,0,0,0,0,0,0,0,0,1,0,6,2,1,2,6,5,1,6,0,0,0,1,0,0,0,0,5,5,4,5,7,5,6,9
d03324,football,5,4,5,3,0,2,6,3,1,4,2,1,2,1,4,1,1,3,2,3,5,2,3,3,58,53,57,66,61,54,60,57,114,95,89,84,114,100,111,97
d03325,football,0,0,1,0,0,0,0,0,1,1,0,0,2,0,0,1,0,0,1,0,1,0,0,1,5,5,11,10,10,4,10,6,10,9,13,12,6,11,10,12
d03326,cooking,0,0,1,0,2,0,0,0,8,10,18,13,12,14,18,15,0,0,0,1,0,1,1,0,2,0,0,1,1,0,1,0,23,22,15,17,18,17,20,18
d03327,astronomy,0,0,0,2,1,1,0,2,0,0,1,1,0,0,0,1,16,10,13,11,15,14,13,8,0,1,0,0,0,0,1,0,25,20,20,19,26,9,22,20
d03328,cooking,8,8,6,2,10,9,13,6,184,173,188,184,212,196,182,182,7,15,11,9,9,16,8,5,8,7,7,10,6,10,5,12,280,334,295,324,303,305,312,315
d03329,astronomy,1,0,0,1,1,0,2,1,1,3,2,2,3,0,1,1,26,24,30,16,31,32,22,17,0,1,0,3,0,0,1,1,46,37,37,41,34,39,47,41
d03330,astronomy,0,2,0,2,1,2,2,0,1,1,1,0,0,0,0,1,34,18,16,17,15,20,24,23,1,3,1,1,2,1,0,1,39,27,32,25,48,32,52,43
d03331,football,1,1,0,0,2,0,2,0,3,0,0,0,1,0,2,0,0,0,0,4,0,1,0,0,12,9,19,16,6,9,6,9,19,16,17,16,19,13,23,14
d03332,machine_learning,5,16,12,5,12,11,10,13,1,0,1,1,1,0,1,1,2,2,0,0,2,0,0,0,2,1,2,0,0,1,0,0,19,28,23,22,18,20,19,19
d03333,cooking,0,0,0,1,0,0,0,1,6,1,7,6,3,6,10,5,0,0,0,0,0,0,1,0,0,0,0,1,1,1,0,1,7,6,15,10,10,3,16,7
d03334,machine_learning,67,74,60,71,54,63,70,56,4,1,2,5,4,0,3,2,5,2,4,2,3,3,3,4,5,2,5,2,4,2,2,3,97,94,98,100,97,107,104,100
d03335,astronomy,0,0,0,0,0,0,0,0,0,1,1,0,2,1,0,0,8,9,3,7,7,5,13,8,0,0,0,0,0,2,3,0,12,9,8,7,11,10,11,14
d03336,football,0,0,1,0,0,0,2,1,1,1,1,0,0,0,1,0,0,0,0,0,0,2,1,0,3,9,3,3,10,4,6,6,11,13,8,14,5,11,9,8
d03337,cooking,0,1,1,0,0,0,0,0,4,1,3,2,6,10,9,7,0,0,0,0,1,0,0,0,0,0,0,0,0,0,0,1,15,5,9,8,4,13,13,7
d03338,football,1,1,3,1,2,3,1,0,2,2,1,1,2,2,0,1,1,1,2,2,0,1,2,1,30,27,20,24,25,34,31,31,52,55,50,41,45,33,54,39
d03339,machine_learning,10,23,20,10,16,18,12,11,0,2,0,2,2,1,2,2,0,1,0,0,0,0,2,1,1,1,1,0,0,1,0,0,29,28,29,33,32,29,31,18
d03340,astronomy,1,1,2,2,1,0,0,1,0,1,0,1,0,3,1,2,27,17,26,23,19,11,18,28,0,1,1,2,1,2,1,0,24,27,28,28,17,30,19,24
d03341,machine_learning,18,20,17,22,16,19,24,15,0,2,1,0,1,0,0,1,1,2,1,1,0,1,3,3,0,0,0,0,2,1,2,2,31,41,28,32,33,35,34,36
d03342,football,0,0,0,0,0,0,0,0,0,0,0,0,0,0,1,0,0,1,1,0,0,1,0,0,2,8,2,6,6,5,9,4,7,9,7,7,9,6,7,5
d03343,cooking,0,0,0,0,1,0,2,1,20,27,20,19,21,22,17,18,0,2,2,1,1,2,3,0,1,1,1,0,2,0,1,1,45,43,43,39,32,37,40,38
d03344,machine_learning,10,9,9,8,13,14,13,10,0,1,0,0,0,0,2,0,0,0,1,0,0,1,1,0,1,1,0,0,0,0,1,0,15,15,17,13,18,15,18,6
d03345,astronomy,2,0,2,5,3,4,7,4,1,1,0,4,1,5,0,5,58,69,55,52,56,76,49,60,4,4,2,2,2,2,1,4,96,97,93,101,127,110,109,81
d03346,football,2,3,2,0,1,0,2,2,0,1,4,1,2,0,2,0,0,2,1,2,2,1,0,0,33,34,30,36,24,38,37,42,51,60,47,53,57,65,54,53
d03347,astronomy,0,0,2,0,0,3,1,1,0,1,2,1,1,2,0,1,16,15,14,20,20,15,16,22,1,0,0,1,0,1,0,0,20,24,24,34,28,26,31,30
d03348,machine_learning,44,37,39,33,27,26,37,26,0,1,2,1,1,0,1,1,4,0,1,1,2,1,3,2,1,1,2,3,1,2,2,1,51,76,66,51,61,45,59,74
d03349,football,1,1,0,3,0,0,0,1,1,0,1,0,0,1,0,1,0,0,1,1,1,1,1,0,5,15,17,21,15,19,12,14,39,20,20,22,15,21,22,27
d03350,football,0,1,0,0,0,0,0,0,1,1,0,0,0,0,0,0,1,1,0,0,0,0,0,1,5,7,12,8,11,7,14,7,16,17,16,13,16,14,11,17
d03351,cooking,0,0,0,0,0,0,0,0,4,5,5,3,6,5,2,7,0,1,0,0,1,0,0,0,0,0,0,0,0,0,0,0,4,4,6,13,3,5,4,3
d03352,astronomy,1,2,0,3,2,3,1,0,0,2,0,2,0,4,2,1,25,38,22,31,30,38,35,35,0,1,2,1,1,1,0,3,46,52,59,56,45,53,50,49
d03353,astronomy,1,1,1,1,0,4,1,0,0,1,1,0,0,0,0,0,17,17,28,20,30,22,32,24,2,3,2,1,1,2,2,0,30,45,38,44,49,43,39,33
d03354,football,2,0,0,0,0,0,2,0,0,1,0,1,0,0,1,0,0,1,0,0,1,0,1,0,12,5,6,3,6,7,9,8,16,13,13,10,13,7,11,16
d03355,machine_learning,37,32,30,38,31,19,37,37,2,1,0,0,0,0,5,2,1,0,1,2,2,3,4,2,3,3,1,1,0,0,1,3,76,49,53,59,56,57,57,53
d03356,football,2,1,2,1,2,0,1,1,3,0,1,0,1,2,0,2,2,2,0,0,1,0,0,0,22,12,20,23,14,23,18,7,29,28,27,24,29,26,28,21
d03357,cooking,0,0,0,1,0,0,0,0,4,5,9,9,9,1,4,8,0,0,0,0,0,1,0,0,0,0,1,0,0,1,0,0,6,5,10,9,5,6,12,17
d03358,astronomy,0,0,0,0,0,0,1,1,0,0,1,1,1,0,0,1,11,11,5,7,11,6,7,6,1,0,0,0,0,0,0,0,12,20,17,11,12,15,14,16
d03359,football,1,1,1,0,4,0,1,2,2,2,2,5,1,0,2,1,4,1,4,1,2,1,0,2,29,26,26,28,33,39,27,29,52,44,40,56,55,59,51,52
d03360,astronomy,2,0,0,0,3,1,3,0,0,1,0,3,0,0,0,0,23,17,20,28,25,21,18,17,0,1,1,0,4,2,1,1,37,38,39,23,25,40,26,36
d03361,astronomy,0,1,1,0,0,0,0,0,0,0,0,1,0,0,0,1,14,11,13,16,13,11,19,15,0,1,1,1,1,2,0,0,16,24,16,17,27,15,19,26
d03362,machine_learning,11,10,6,13,9,10,8,10,0,1,1,0,0,0,0,0,0,0,0,0,0,1,1,0,0,0,1,2,0,1,0,0,14,14,11,14,18,20,20,21
d03363,football,2,0,3,1,2,4,3,1,2,1,1,2,2,1,2,0,2,1,3,4,5,3,1,4,39,36,51,43,47,39,48,37,65,65,59,72,74,59,80,67
d03364,machine_learning,18,11,6,11,9,14,14,15,1,0,2,1,0,1,2,0,0,0,2,0,1,1,2,3,1,0,0,0,1,1,0,1,13,25,23,11,15,25,15,24
d03365,astronomy,1,0,0,1,0,0,1,1,1,1,1,1,0,0,1,0,8,9,8,7,4,6,5,1,0,0,0,1,1,1,1,1,10,9,8,13,11,16,4,10
d03366,astronomy,1,0,1,0,1,2,2,2,1,2,0,0,1,1,1,3,29,23,18,24,20,27,20,24,2,1,2,0,0,0,0,0,47,35,38,39,45,36,23,39
d03367,machine_learning,11,4,12,11,9,10,7,17,0,0,0,1,0,1,2,0,0,0,0,0,0,0,0,0,0,0,1,2,1,0,0,0,15,15,17,15,14,16,13,20
d03368,cooking,2,2,1,1,4,4,1,1,38,32,32,33,36,30,42,44,3,0,1,3,1,2,2,0,1,2,0,3,0,0,3,2,54,52,44,82,55,58,60,62
d03369,astronomy,0,0,0,0,0,0,1,0,1,0,0,0,1,0,0,0,5,6,4,4,3,11,6,9,0,0,0,0,0,1,1,0,12,4,10,8,5,8,6,7
d03370,football,1,0,1,0,0,0,1,1,0,0,1,0,0,0,0,0,0,1,0,1,0,0,0,0,10,9,8,9,5,5,5,7,13,8,9,13,13,13,7,14
d03371,football,0,0,0,0,0,0,1,0,1,0,0,0,1,1,0,0,0,0,1,0,0,0,2,0,2,5,5,8,4,4,6,4,7,6,3,9,9,4,15,4
d03372,astronomy,0,4,2,1,1,0,0,1,0,1,1,3,1,2,1,3,32,43,42,32,29,43,46,38,2,0,3,1,3,2,2,2,55,54,68,67,52,67,75,59
d03373,astronomy,2,1,0,2,1,0,1,4,1,1,1,2,0,0,0,0,30,19,20,18,28,17,26,22,0,0,0,3,0,0,1,1,34,30,34,29,36,31,34,32
d03374,machine_learning,7,6,10,4,3,7,9,7,0,1,0,1,0,1,0,0,1,0,0,2,0,0,0,0,1,0,0,0,0,0,1,1,2,9,9,10,9,9,5,7
d03375,machine_learning,13,13,10,10,17,7,9,11,0,1,0,0,0,2,1,1,1,1,1,0,0,0,0,2,1,0,1,1,0,2,1,0,20,14,25,16,18,21,16,17
d03376,astronomy,1,0,1,0,1,0,1,1,0,0,0,1,1,0,0,0,11,8,10,10,9,8,8,7,0,0,1,1,0,1,0,2,14,15,19,8,19,13,19,18
d03377,football,0,0,0,0,2,0,0,0,1,1,0,0,0,0,1,0,1,0,0,0,0,0,0,1,11,9,5,3,6,9,10,10,9,9,6,13,11,9,13,6
d03378,football,0,0,0,0,0,0,0,1,2,1,0,2,2,0,0,1,0,1,0,0,0,0,0,1,14,9,14,15,9,12,15,18,20,22,16,23,20,22,24,19
d03379,astronomy,1,1,3,3,3,2,2,4,6,4,2,3,2,1,2,4,53,45,51,59,45,54,41,43,0,5,3,0,3,6,2,2,82,89,67,87,87,90,87,87
d03380,astronomy,2,1,0,1,0,0,0,0,1,0,1,0,0,1,0,0,10,10,10,11,8,11,8,4,1,1,0,0,0,0,0,0,9,8,17,17,14,12,21,9
d03381,machine_learning,43,36,53,46,49,56,49,40,3,2,4,3,1,3,4,1,3,1,2,5,2,0,4,2,0,4,2,1,4,4,3,5,73,80,81,75,69,74,78,91
d03382,machine_learning,52,51,51,51,51,51,52,57,2,2,1,0,2,4,2,2,4,1,1,2,2,4,3,4,1,4,3,4,2,1,1,1,79,90,91,84,95,84,96,93
d03383,football,0,0,1,2,0,1,0,1,0,1,0,0,2,1,1,1,1,0,0,3,3,0,1,0,17,22,13,19,31,12,23,18,20,30,32,31,31,22,34,31
d03384,astronomy,0,1,0,0,0,1,0,0,0,0,0,1,0,1,1,1,25,30,29,18,21,16,22,20,0,0,1,0,1,1,0,1,27,30,26,38,32,38,24,30
d03385,cooking,0,3,1,0,0,1,1,3,21,14,19,16,19,20,29,26,0,3,0,0,3,1,0,1,2,2,0,0,0,2,1,0,40,37,27,33,35,39,30,32
d03386,cooking,1,0,0,0,0,0,1,1,8,13,9,16,12,12,9,15,0,0,0,0,0,0,1,0,0,1,0,1,0,0,1,0,18,15,21,26,20,18,14,19
d03387,football,0,0,0,0,0,0,0,0,0,0,0,0,0,0,0,0,0,0,0,0,0,0,1,0,3,3,7,1,8,7,3,10,7,7,6,6,9,6,14,6
d03388,astronomy,1,0,0,0,2,2,0,0,0,0,0,0,2,0,1,1,9,9,12,10,11,7,17,12,1,0,2,0,0,0,1,0,25,18,27,16,23,13,25,13
d03389,football,0,0,1,2,1,1,0,1,1,1,0,1,4,0,1,0,0,0,1,1,0,0,1,0,21,14,13,15,18,16,12,10,17,27,30,13,31,29,23,26
d03390,cooking,0,0,0,0,0,1,1,0,15,21,10,14,15,10,16,12,1,0,1,0,0,1,3,0,0,1,0,2,0,0,0,2,22,23,17,21,24,13,21,20
d03391,astronomy,2,2,2,1,4,1,1,2,0,2,1,1,1,0,2,1,32,36,28,32,37,32,37,33,2,1,1,3,0,1,1,0,50,51,47,50,63,42,42,44
d03392,cooking,2,0,0,0,2,0,1,1,15,13,14,22,22,13,12,20,0,0,1,1,0,1,0,0,0,1,1,0,0,1,0,0,34,40,33,22,27,30,30,22
d03393,astronomy,0,1,1,1,1,1,2,2,0,1,0,0,1,0,1,0,15,17,14,14,14,12,17,5,0,1,1,0,0,2,0,2,18,28,21,26,20,18,20,20
d03394,machine_learning,22,22,21,21,29,23,27,24,1,1,1,1,0,0,1,2,2,0,1,0,2,0,0,0,1,3,0,0,1,0,0,2,32,33,36,24,40,23,29,32
d03395,astronomy,1,0,0,1,1,0,1,1,0,0,0,0,1,2,1,0,10,5,7,9,4,8,5,7,0,0,1,0,0,0,1,0,16,11,15,12,8,13,13,12
d03396,cooking,0,0,0,0,0,1,2,0,13,13,14,15,13,12,9,9,1,0,0,1,2,0,1,2,1,0,0,0,0,2,0,1,16,22,17,23,19,16,15,20
d03397,football,0,1,0,0,0,0,1,1,0,0,0,0,0,4,0,2,1,1,1,0,0,0,0,0,16,19,12,12,10,8,17,14,19,18,19,19,18,20,29,26
d03398,machine_learning,34,35,31,27,32,22,28,17,4,0,1,2,0,0,1,1,0,1,0,0,2,1,0,3,1,0,1,1,0,0,2,3,34,29,42,27,32,44,44,25
d03399,cooking,0,0,0,0,1,0,0,1,5,6,4,7,3,8,4,8,0,0,0,1,0,0,0,1,0,0,0,0,0,0,0,0,5,14,5,7,9,9,1,11
d03400,machine_learning,10,9,7,9,11,20,8,7,1,0,0,0,0,0,0,0,0,1,0,1,1,0,1,1,0,0,0,0,1,0,0,1,14,9,14,12,13,11,19,8
d03401,football,0,0,0,0,1,1,0,0,0,0,0,0,0,0,0,1,1,1,0,0,0,0,0,1,4,1,5,8,7,10,2,3,10,11,15,10,8,6,15,10
d03402,cooking,0,0,1,0,2,0,0,2,20,26,24,27,27,21,15,22,0,0,1,1,1,0,0,1,0,2,1,1,2,0,1,2,28,38,26,28,30,35,32,39
d03403,astronomy,0,1,2,1,0,2,1,1,0,4,0,0,0,0,1,0,13,11,14,14,15,6,18,17,0,1,1,1,0,0,0,1,23,25,22,22,15,31,28,19
d03404,astronomy,0,0,0,1,0,0,0,0,0,1,1,0,0,0,0,1,7,14,9,11,11,10,10,13,1,0,2,1,1,0,1,1,12,12,16,13,21,20,14,18
d03405,cooking,1,0,0,1,0,0,0,0,17,11,14,21,19,17,18,21,0,0,1,2,0,0,1,1,1,2,0,1,0,0,1,0,19,24,18,25,18,26,25,33
d03406,machine_learning,4,9,5,10,5,7,6,10,0,0,0,0,0,0,0,0,0,0,0,1,2,0,0,0,1,0,0,0,1,0,1,1,14,20,13,11,12,21,13,15
d03407,machine_learning,8,7,10,10,8,7,14,10,0,2,1,0,0,0,0,1,0,1,1,0,0,0,0,1,0,0,1,1,0,2,1,0,25,16,14,9,11,21,15,14
d03408,football,0,0,2,2,1,2,1,0,2,0,1,0,1,2,1,0,1,1,0,0,0,1,0,1,11,10,13,11,12,14,6,15,22,20,22,21,17,20,17,15
d03409,cooking,4,1,4,0,1,2,2,4,54,45,51,51,58,50,64,47,5,4,2,2,4,3,0,0,2,4,1,0,4,5,2,0,94,83,80,85,92,82,84,79
d03410,cooking,0,0,0,0,0,0,0,0,5,4,10,10,6,13,13,0,0,1,2,0,0,0,1,0,0,1,2,0,0,2,0,0,12,9,12,9,21,13,15,16
d03411,football,0,1,1,1,0,1,0,1,1,1,0,0,2,3,0,2,3,3,5,0,0,0,1,1,24,28,27,22,21,27,29,24,37,44,48,39,53,47,47,49
d03412,astronomy,0,0,0,1,0,0,1,0,1,1,0,1,0,0,1,2,6,3,11,9,5,10,7,8,0,2,0,0,0,0,0,0,15,14,16,11,10,12,15,20
d03413,astronomy,0,1,0,1,2,1,0,0,0,1,1,0,2,1,2,0,13,19,11,16,11,13,11,16,0,0,2,0,1,1,2,0,35,27,21,16,26,17,20,20
d03414,astronomy,0,0,0,0,1,0,0,0,0,0,0,0,1,0,0,1,2,6,5,5,6,5,5,2,0,0,0,0,0,1,0,0,6,6,8,8,3,6,12,3
d03415,machine_learning,8,11,11,12,10,12,13,14,1,0,0,0,0,2,1,0,0,0,0,1,1,1,0,0,0,0,0,0,2,1,0,3,22,29,25,21,19,25,16,24
d03416,astronomy,0,0,1,0,1,0,0,0,1,1,0,1,1,0,0,0,10,10,6,5,3,8,5,8,0,0,1,0,0,0,0,0,9,14,10,11,8,7,10,13
d03417,football,0,0,0,0,0,1,0,1,0,1,0,0,0,0,1,0,1,0,0,0,0,1,0,0,9,6,13,8,5,9,7,10,7,13,11,7,12,19,13,20
d03418,machine_learning,13,11,11,11,14,11,9,7,0,2,1,1,1,0,0,0,1,0,2,0,0,0,0,0,0,0,0,0,1,1,0,0,12,12,12,18,10,16,13,16
d03419,cooking,0,2,1,4,2,3,2,3,29,34,21,30,28,24,36,25,3,0,2,0,4,2,0,2,0,2,1,0,1,1,1,2,37,45,46,43,41,42,44,43
d03420,cooking,1,0,2,0,1,2,1,0,24,21,18,28,19,28,32,27,1,1,0,1,1,1,2,1,0,1,0,1,0,0,0,0,42,29,32,35,43,39,53,41
d03421,football,0,0,0,0,0,0,0,0,0,1,0,0,0,0,1,0,0,0,0,0,0,0,2,0,5,5,3,3,7,2,5,5,2,10,6,5,9,7,8,1
d03422,football,0,0,0,1,0,1,0,0,0,0,0,0,0,0,0,3,0,0,1,1,1,0,0,1,5,15,9,11,7,15,14,8,7,16,18,16,13,15,19,17
d03423,machine_learning,10,3,11,9,9,5,16,5,0,0,0,1,1,0,0,0,0,0,0,0,0,0,0,0,0,0,0,1,2,1,1,1,7,12,11,10,10,15,17,6
d03424,football,2,0,1,0,2,0,3,0,1,2,2,0,0,2,0,1,0,0,0,1,1,1,1,1,30,16,21,18,16,24,22,17,35,29,28,40,33,25,41,29
d03425,football,0,1,0,0,0,0,1,0,0,0,0,1,0,0,0,0,0,0,0,0,0,0,0,2,4,10,8,6,5,6,9,3,7,6,4,5,12,10,11,11
d03426,astronomy,1,0,2,1,0,0,0,1,2,0,3,0,1,1,0,2,24,26,26,21,24,29,16,23,1,5,0,1,2,3,0,2,31,36,45,31,36,39,35,38
d03427,machine_learning,22,24,14,27,30,22,33,26,0,1,2,2,0,4,1,0,1,1,0,3,2,2,5,2,2,0,0,0,0,0,1,2,40,46,56,36,47,53,45,42
d03428,astronomy,0,0,0,1,1,0,1,0,0,0,0,0,0,0,0,0,4,6,6,8,5,7,5,5,0,0,1,1,3,0,0,0,9,12,6,13,4,13,8,7
d03429,machine_learning,10,6,14,6,15,11,12,6,0,0,2,2,1,1,0,1,0,0,0,2,0,0,0,0,1,1,0,1,1,0,0,0,24,24,14,22,12,20,15,23
d03430,astronomy,0,1,0,0,0,1,0,1,0,1,1,2,0,0,1,0,22,15,18,24,7,10,14,12,0,0,0,2,1,2,1,1,23,27,31,27,24,20,19,27
d03431,machine_learning,8,8,13,9,11,10,17,7,1,0,2,0,1,0,1,0,1,0,0,0,2,1,3,0,0,1,0,0,0,1,0,1,18,21,17,27,23,16,19,17
d03432,machine_learning,17,19,14,22,26,18,22,22,0,0,0,1,1,0,1,3,2,1,1,0,0,1,1,1,1,0,0,0,0,0,2,0,31,33,32,31,30,25,32,36
d03433,astronomy,1,0,0,0,0,2,0,0,1,0,1,0,1,3,1,1,15,12,13,12,13,15,10,16,0,1,0,0,0,0,3,0,22,28,23,18,31,31,22,29
d03434,machine_learning,7,20,10,14,15,14,17,19,2,0,0,2,0,0,1,0,0,0,1,1,0,0,0,0,0,0,0,0,1,2,0,1,21,18,15,13,30,23,20,16
d03435,astronomy,0,1,0,0,1,0,2,0,0,0,0,0,0,1,2,0,17,12,12,12,18,23,14,14,1,1,1,1,0,1,1,1,32,21,30,34,22,34,23,22
d03436,machine_learning,26,22,24,27,19,22,28,23,1,0,0,2,1,1,0,0,2,1,1,0,1,2,0,2,1,2,0,0,0,1,3,1,41,34,45,34,34,38,43,47
d03437,machine_learning,8,7,21,9,11,16,7,11,1,0,1,1,0,1,0,0,1,1,0,1,0,0,1,1,0,0,0,0,0,0,0,1,17,13,15,22,17,15,10,21
d03438,cooking,0,0,1,0,0,1,0,0,13,9,16,17,18,16,16,12,0,1,1,1,2,0,0,1,1,1,1,0,1,2,1,0,26,26,27,29,28,27,20,15
d03439,cooking,2,0,3,2,1,2,3,1,38,42,36,27,28,28,36,39,1,2,2,1,2,1,1,0,1,1,1,0,2,0,0,2,66,60,60,63,63,51,66,59
d03440,cooking,0,1,0,0,0,0,2,0,5,3,5,11,5,10,7,11,1,1,1,0,1,0,0,0,0,1,0,0,0,1,0,0,9,8,6,11,11,12,11,15
d03441,cooking,0,0,0,0,1,0,0,0,2,7,8,5,7,2,3,4,0,0,0,0,0,0,1,1,0,0,0,0,0,0,0,0,9,5,8,5,10,6,5,5
d03442,machine_learning,49,52,43,44,44,50,44,44,1,2,3,1,1,0,3,7,2,3,4,4,0,3,0,1,6,0,1,1,2,0,1,1,66,65,68,68,65,67,67,77
d03443,astronomy,0,0,0,0,0,0,0,0,0,0,0,0,0,1,0,2,6,5,3,5,7,3,7,4,0,0,0,1,0,0,0,0,10,9,14,11,6,7,9,10
d03444,astronomy,0,0,0,0,0,0,0,0,1,0,0,0,1,0,1,0,7,4,5,7,7,7,10,7,0,0,0,1,0,1,1,1,12,9,18,18,8,13,13,7
d03445,cooking,0,0,0,0,0,0,0,0,8,5,6,5,7,9,6,9,0,1,1,0,0,0,0,0,0,1,0,1,1,0,0,1,12,16,15,16,14,14,8,18
d03446,cooking,0,1,0,1,0,1,1,0,6,7,7,5,6,8,4,8,0,1,0,2,0,0,0,0,0,0,0,0,0,0,0,1,15,9,11,8,10,7,6,6
d03447,football,1,0,0,1,0,1,1,0,0,1,2,0,1,1,1,1,0,3,2,0,1,0,1,1,23,25,10,21,19,17,17,22,32,26,25,28,32,31,30,31
d03448,machine_learning,12,24,20,22,18,16,9,22,0,1,0,1,0,0,4,1,2,1,1,0,0,0,1,0,2,0,2,0,0,1,0,2,26,37,29,27,26,24,25,32
d03449,cooking,3,0,0,1,1,0,2,1,18,12,16,20,19,19,19,8,3,3,0,1,2,2,2,0,0,1,2,1,0,1,2,0,27,22,27,31,39,26,28,27
d03450,machine_learning,7,6,5,6,7,6,6,11,0,0,0,1,1,0,0,0,1,0,0,0,0,0,0,0,1,0,0,0,1,0,1,0,10,6,6,8,12,12,6,7
d03451,machine_learning,9,8,14,9,10,7,7,6,0,2,0,0,1,0,0,0,1,0,0,0,0,0,0,1,0,0,0,0,2,0,1,0,20,11,18,11,9,12,9,10
d03452,machine_learning,8,3,2,6,15,10,8,11,0,1,0,0,0,1,0,0,0,1,0,0,1,1,0,0,1,0,0,1,0,0,0,0,12,10,10,12,16,16,8,6
d03453,cooking,3,0,3,0,4,0,2,0,36,43,30,26,37,23,27,37,2,0,1,1,0,0,1,1,2,1,6,0,2,2,1,0,72,54,53,49,75,53,60,57
d03454,astronomy,0,1,0,1,1,0,0,0,0,1,1,2,0,1,1,0,21,14,13,15,14,16,15,14,0,0,0,0,1,0,4,0,35,28,27,26,30,28,29,26
d03455,football,0,0,0,0,0,0,0,0,1,0,0,1,1,0,0,2,1,0,1,0,0,0,0,0,6,11,5,9,13,11,8,7,11,18,12,19,13,13,15,10
d03456,astronomy,0,2,0,1,0,0,2,2,1,0,0,0,4,0,2,1,22,32,22,17,24,23,19,20,1,0,0,0,0,1,2,1,30,27,36,29,27,34,38,28
d03457,football,0,1,0,0,0,0,0,2,0,0,0,0,3,0,0,0,0,0,0,0,0,1,3,0,13,6,7,10,4,6,4,4,14,13,12,9,8,12,16,19
d03458,football,2,0,1,0,2,3,1,0,1,0,0,0,0,0,0,1,0,0,0,0,0,1,0,2,14,9,22,17,13,18,11,21,15,23,30,23,28,24,26,15
d03459,machine_learning,5,5,2,4,7,8,4,4,0,0,0,1,0,0,0,0,0,0,0,0,1,1,0,0,0,0,1,0,0,0,0,0,5,8,6,14,5,9,6,7
d03460,astronomy,2,2,0,0,0,0,2,0,0,0,0,0,1,0,0,2,9,11,11,8,18,8,13,6,1,1,0,3,0,3,1,0,21,12,6,16,11,12,21,8
d03461,football,1,0,0,0,0,0,0,0,0,0,2,0,0,0,0,0,1,0,0,0,0,2,1,0,6,11,15,13,10,18,15,17,24,18,25,27,21,23,20,19
d03462,football,1,2,1,1,2,1,0,0,2,2,2,1,0,2,1,1,1,0,0,0,1,1,2,0,28,25,21,24,21,33,32,26,50,49,45,46,38,39,50,48
d03463,cooking,1,1,0,2,0,0,3,0,21,25,21,25,28,11,29,26,2,0,0,0,1,3,0,0,2,0,2,1,1,0,0,1,42,41,27,38,41,41,39,34
d03464,machine_learning,13,17,19,18,12,11,12,11,0,1,2,0,0,0,1,2,0,0,2,0,1,0,0,1,0,0,1,1,0,0,1,0,19,23,29,39,23,23,21,26
d03465,cooking,3,1,1,0,2,0,1,3,30,37,37,25,37,50,26,34,1,1,3,0,1,1,2,1,0,0,1,1,1,1,1,0,57,43,67,59,53,55,62,47
d03466,football,1,3,3,2,2,0,2,6,3,3,7,4,10,2,4,4,1,4,7,4,4,2,2,3,81,73,72,84,72,87,80,66,118,128,119,114,132,115,120,128
d03467,astronomy,1,1,0,2,0,1,0,0,0,2,1,0,2,2,2,0,17,14,12,21,8,20,7,13,0,1,0,0,1,2,0,0,17,27,30,25,29,26,31,27
d03468,cooking,0,0,0,3,1,2,3,1,22,20,44,37,27,30,30,24,2,1,4,3,3,0,0,2,0,1,4,0,0,1,0,1,46,37,55,36,38,32,38,45
d03469,cooking,2,3,1,0,0,0,1,2,20,19,23,19,26,17,18,25,1,1,1,0,1,1,0,3,2,1,0,0,1,2,1,2,30,48,36,36,45,37,33,38
d03470,cooking,1,0,0,2,1,0,0,1,11,10,14,13,10,10,7,10,0,3,0,0,0,1,0,1,0,0,0,1,0,1,0,1,17,25,16,23,16,18,26,22
d03471,machine_learning,14,10,17,11,2,14,15,12,0,0,0,0,0,0,1,0,1,0,0,0,0,0,0,1,0,0,1,0,0,0,0,0,17,18,17,23,15,11,18,19
d03472,astronomy,0,1,0,0,0,1,1,0,0,0,1,0,1,1,0,2,8,3,8,11,8,5,8,14,0,2,1,0,1,1,0,1,16,10,13,9,12,14,12,12
d03473,machine_learning,24,16,18,16,17,15,15,15,0,1,2,0,2,0,0,4,0,0,2,2,0,2,0,1,0,0,1,1,2,0,0,1,21,28,28,22,23,35,29,22
d03474,machine_learning,8,9,9,17,8,10,9,9,0,0,0,0,0,1,1,1,2,1,0,0,1,0,0,0,2,1,1,0,0,0,1,1,14,28,17,27,15,21,11,11
d03475,cooking,0,0,1,1,1,1,0,2,17,23,17,24,24,19,21,26,1,1,1,0,1,1,2,0,1,0,1,0,2,1,2,0,35,37,39,23,41,34,26,23
d03476,football,0,2,2,1,0,0,1,1,2,0,1,3,0,5,0,3,0,2,1,0,0,0,1,0,15,17,14,16,10,12,15,21,23,29,28,21,21,23,23,23
d03477,astronomy,0,2,1,3,1,0,0,0,0,0,0,2,2,1,1,0,14,13,11,10,7,15,9,13,0,0,0,0,2,0,0,0,22,25,11,21,25,21,20,20
d03478,football,0,2,2,3,1,2,0,2,1,1,0,1,2,0,2,0,1,0,3,0,1,1,0,2,26,32,31,45,31,36,36,41,45,52,67,44,55,63,47,55
d03479,cooking,2,2,3,1,0,2,1,3,35,39,48,34,43,39,28,33,1,0,3,4,2,5,2,0,0,0,1,1,4,1,1,2,59,66,56,59,64,62,71,62
d03480,astronomy,0,2,0,1,0,0,1,1,0,0,0,0,0,0,0,0,10,14,11,10,15,8,12,18,0,0,0,1,1,2,1,1,13,18,17,16,8,16,20,18
d03481,astronomy,0,0,1,0,1,0,0,1,0,0,0,0,2,0,0,0,11,8,9,6,10,7,5,12,1,0,0,0,0,0,0,1,6,11,9,6,7,14,10,17
d03482,cooking,0,2,1,1,0,1,1,0,11,13,20,13,9,21,12,15,0,0,0,1,1,0,0,0,0,1,0,0,0,1,0,0,30,24,17,14,27,15,22,24
d03483,cooking,1,0,0,2,2,0,1,2,13,15,14,10,16,11,15,12,0,0,0,2,1,0,0,1,0,1,3,4,0,0,0,0,29,16,34,16,25,20,19,29
d03484,machine_learning,24,21,37,24,19,16,36,37,0,0,0,3,2,2,6,2,4,1,4,0,1,1,0,3,2,1,1,4,3,2,0,1,53,39,59,48,48,38,49,64
d03485,astronomy,0,1,0,1,3,0,3,1,2,1,0,0,0,1,0,0,15,15,20,11,15,12,18,11,1,0,1,0,1,1,2,3,20,24,22,24,16,23,22,26
d03486,cooking,0,3,1,3,3,3,3,0,42,36,37,33,50,42,33,43,0,2,3,2,2,2,2,1,3,3,2,0,0,0,1,2,60,77,53,65,76,54,61,59
d03487,astronomy,0,0,1,0,1,0,0,0,1,1,2,1,0,0,0,0,8,8,12,12,13,12,9,12,0,0,0,0,1,1,0,2,14,20,15,21,16,15,16,6
d03488,football,0,0,0,0,0,0,0,0,1,1,0,1,1,0,1,0,0,0,0,1,0,0,0,0,6,4,5,7,5,15,4,6,15,12,9,9,15,20,16,11
d03489,machine_learning,31,25,29,27,34,30,32,29,0,0,2,2,1,2,2,0,0,2,1,2,0,1,4,2,3,0,1,0,1,3,2,3,49,49,44,50,54,53,46,49
d03490,astronomy,0,0,1,1,1,0,0,0,0,3,0,0,0,1,1,1,12,23,11,8,14,14,11,19,0,2,0,0,1,3,0,0,24,7,25,18,29,24,17,23
d03491,football,1,0,1,1,2,1,1,1,0,0,1,1,0,0,0,0,0,0,0,0,0,0,0,0,8,7,5,8,5,10,5,9,11,18,12,11,14,9,12,14
d03492,astronomy,2,0,1,0,0,0,1,1,0,1,1,0,2,1,1,0,5,13,12,12,8,11,12,11,0,1,0,0,1,1,0,0,17,17,18,29,20,15,25,19
d03493,football,2,0,1,0,0,0,1,0,0,2,2,0,0,0,0,3,0,1,0,2,0,0,0,0,14,15,14,14,17,8,15,15,21,24,24,22,22,24,24,23
d03494,astronomy,1,0,1,1,0,1,1,1,1,1,0,1,0,1,0,3,15,18,30,24,31,27,23,23,3,2,1,2,0,0,0,2,31,37,48,55,40,39,40,44
d03495,cooking,0,0,0,0,0,0,0,0,8,13,6,10,13,10,9,9,1,1,0,0,0,0,0,0,0,0,1,1,1,0,0,0,13,12,15,13,16,16,15,15
d03496,cooking,0,0,2,0,1,1,0,0,14,7,7,11,10,11,9,13,1,1,0,0,1,3,0,0,1,0,0,1,1,0,1,0,17,24,16,20,29,19,23,23
d03497,cooking,0,2,2,0,0,1,1,0,15,11,10,12,9,10,12,5,0,0,0,1,0,0,0,0,0,1,0,1,0,0,0,3,19,23,20,16,20,21,19,28
d03498,football,2,0,1,0,1,0,0,2,1,2,2,3,2,1,1,3,1,1,1,0,2,1,1,1,18,26,20,20,12,20,22,23,23,35,34,31,41,33,25,35
d03499,football,1,1,1,2,2,0,0,1,2,0,0,1,1,2,2,3,1,0,0,0,0,1,1,1,12,15,14,10,23,14,21,13,16,16,18,22,30,38,26,34
d03500,cooking,1,1,0,0,1,1,1,1,4,8,7,13,10,7,11,10,0,1,0,0,0,1,0,1,1,0,1,0,1,1,1,1,16,19,10,14,11,13,13,11
d03501,astronomy,1,1,1,2,0,1,0,0,0,1,1,1,1,0,2,1,16,17,12,13,21,17,22,24,0,0,1,0,0,2,1,1,28,25,33,30,35,34,30,41
d03502,machine_learning,19,9,7,13,12,15,14,17,0,0,0,0,1,0,0,2,3,0,0,0,1,1,1,1,0,1,0,1,0,0,1,1,18,28,19,17,28,15,19,16
d03503,astronomy,0,1,0,0,2,0,0,1,1,1,0,2,0,2,2,0,12,14,22,10,15,16,13,22,0,0,1,0,0,2,1,0,22,17,22,20,26,18,14,29
d03504,astronomy,1,1,0,1,0,1,0,1,2,1,0,1,2,0,1,2,21,24,30,25,22,20,24,20,0,0,1,1,1,1,0,0,41,41,42,44,37,35,44,50
d03505,machine_learning,5,10,8,6,8,5,8,8,0,0,0,0,0,0,1,0,1,0,0,0,0,0,0,0,1,1,0,0,0,1,0,1,10,14,12,9,14,13,14,9
d03506,cooking,3,1,2,0,0,0,2,2,10,10,17,13,29,22,15,12,2,0,0,0,0,1,0,1,2,2,1,1,1,0,3,2,31,30,23,25,33,22,25,30
d03507,machine_learning,27,29,19,27,35,26,22,36,0,3,2,1,3,1,1,3,2,1,1,0,2,0,0,2,1,3,0,4,0,2,2,2,42,36,53,30,42,48,39,41
d03508,football,2,0,4,4,1,2,1,1,1,1,0,1,1,1,2,3,2,0,1,0,0,2,0,1,15,30,29,23,24,20,22,25,39,38,32,42,37,35,34,43
d03509,machine_learning,25,11,18,10,17,15,19,17,0,0,0,2,1,2,1,1,2,1,0,2,2,1,1,1,1,0,1,0,1,2,0,3,38,27,30,28,23,28,26,30
d03510,machine_learning,32,17,29,19,17,21,12,20,0,2,2,1,0,1,2,1,3,3,1,1,3,1,2,3,2,0,0,0,3,0,2,0,30,40,29,25,34,38,28,25
d03511,cooking,0,0,0,0,0,0,0,1,5,2,2,3,2,2,3,2,0,0,0,0,0,0,0,0,0,0,0,0,0,0,0,0,7,5,14,6,3,7,4,3
d03512,cooking,2,2,0,1,0,0,1,0,14,8,11,10,10,11,8,15,0,0,0,0,0,0,1,1,1,1,0,1,0,0,0,0,25,20,29,24,14,25,18,27
d03513,cooking,0,1,0,0,0,0,0,0,5,2,5,4,5,5,8,7,0,0,0,0,0,1,1,0,0,1,0,0,1,0,0,0,7,5,11,16,10,4,7,4
d03514,football,1,0,0,2,1,0,0,1,0,1,1,2,0,0,1,0,0,2,0,0,1,0,0,1,11,9,9,13,14,9,15,13,18,15,23,21,17,26,17,20
d03515,machine_learning,7,10,10,10,6,11,6,8,0,0,1,0,1,1,0,0,0,2,2,0,0,0,0,0,0,0,0,0,1,0,0,0,8,13,16,22,7,20,22,15
d03516,cooking,2,0,1,0,4,0,1,2,22,28,20,18,22,27,33,21,3,0,3,0,0,2,1,2,1,1,1,3,0,1,2,0,45,34,41,52,36,30,38,35
d03517,cooking,0,0,1,1,0,0,1,0,14,13,15,18,15,15,14,12,2,2,1,1,1,0,1,1,0,3,1,3,0,0,0,1,16,27,25,24,24,19,25,36
d03518,football,4,2,3,3,5,1,3,3,2,2,4,1,2,3,3,2,6,1,6,2,2,1,1,1,73,49,57,63,52,66,73,57,105,114,93,97,89,105,98,114
d03519,football,0,0,2,0,1,1,1,0,2,0,0,2,0,0,0,0,1,4,1,0,0,0,2,1,8,9,9,9,6,7,11,9,17,18,23,23,23,21,18,20
d03520,astronomy,0,0,0,0,1,1,1,0,1,0,0,0,0,0,1,0,9,2,9,3,8,9,6,10,1,1,1,0,1,0,0,0,15,5,10,8,10,12,11,11
d03521,football,0,0,0,0,1,2,1,0,0,0,0,1,0,1,0,0,0,0,0,0,0,1,1,1,8,9,10,6,11,12,8,5,11,15,14,7,14,8,15,9
d03522,football,0,0,1,0,0,1,0,0,3,0,1,0,0,1,0,0,1,0,0,0,2,0,0,1,14,8,8,9,14,11,8,8,22,17,19,10,12,19,13,11
d03523,football,0,1,0,0,0,0,0,0,0,0,0,0,0,0,1,1,2,0,0,0,0,0,0,1,12,12,15,16,8,12,11,16,15,22,22,17,24,23,31,25
d03524,football,0,0,1,3,0,0,2,1,3,1,0,1,0,0,2,2,2,0,2,2,0,1,1,1,22,20,12,22,21,21,20,7,28,25,14,23,26,28,22,26
d03525,cooking,0,3,0,4,0,0,0,2,18,21,25,20,20,19,22,24,0,2,2,1,1,2,0,2,0,1,4,2,2,0,0,0,33,38,37,41,43,36,30,46
d03526,astronomy,0,0,1,1,1,1,1,0,1,0,1,0,1,0,0,0,11,2,12,11,8,11,14,11,2,0,1,1,0,1,0,1,17,11,9,25,9,17,16,14
d03527,machine_learning,5,15,16,16,20,18,13,13,1,0,0,1,0,2,1,1,1,0,0,2,2,2,1,0,0,1,1,0,1,0,1,1,30,23,21,20,25,29,27,18
d03528,football,0,1,1,1,0,0,1,1,0,0,1,1,1,0,1,2,0,0,2,1,1,1,0,0,21,19,19,16,18,18,16,13,28,29,43,29,26,33,34,28
d03529,football,0,0,1,1,2,2,1,0,2,1,0,1,1,0,1,1,0,1,0,1,1,0,3,1,20,22,21,30,9,23,18,22,46,39,28,31,31,33,36,26
d03530,astronomy,0,0,0,2,0,1,0,1,0,0,1,1,0,1,0,0,17,17,21,22,23,15,25,19,1,1,2,3,1,0,1,0,33,27,28,30,25,30,25,32
d03531,cooking,0,0,1,2,1,4,2,1,32,24,35,39,29,38,22,35,2,2,0,0,1,0,2,3,1,1,3,2,2,3,3,0,66,61,45,52,55,59,51,50
d03532,astronomy,1,1,1,2,1,0,0,1,1,0,0,0,1,0,2,1,20,21,20,29,22,18,26,37,2,2,0,4,0,3,2,0,40,40,45,45,44,47,45,36
d03533,machine_learning,33,41,30,39,31,31,38,35,0,2,0,2,1,1,4,3,3,1,2,0,3,4,0,5,4,4,2,4,1,0,0,0,48,72,60,58,72,60,64,57
d03534,cooking,6,2,1,0,1,2,1,2,36,45,33,36,49,36,36,34,0,1,1,2,2,2,0,1,4,0,0,2,3,1,4,2,53,72,41,53,65,65,68,65
d03535,football,1,1,0,1,1,0,1,0,0,0,0,0,1,0,0,0,0,0,0,0,0,0,0,0,13,9,15,11,8,12,6,12,14,12,9,18,22,18,20,18
d03536,cooking,1,1,1,0,0,1,0,1,26,23,17,18,26,16,23,22,0,0,1,0,1,0,1,1,0,0,0,3,1,0,0,1,41,27,21,40,38,26,31,25
d03537,football,1,1,1,1,0,3,0,1,0,0,0,0,1,0,0,0,0,0,0,1,0,2,0,1,17,17,15,16,11,14,16,19,28,19,23,30,22,24,20,25
d03538,machine_learning,4,7,9,2,2,4,4,7,2,0,0,0,0,0,0,0,0,0,0,0,0,0,0,0,0,0,0,0,1,0,0,0,8,10,16,15,6,9,6,7
d03539,astronomy,0,0,0,1,0,0,3,0,0,1,0,0,1,0,1,1,14,8,12,15,13,4,6,13,0,0,0,0,0,1,0,1,12,16,10,17,15,15,18,16
d03540,astronomy,0,1,0,0,0,0,0,0,0,0,0,0,0,0,0,0,9,1,2,4,2,3,1,5,0,0,0,1,0,0,1,0,4,8,11,2,6,2,1,5
d03541,astronomy,1,0,0,0,1,0,0,0,0,0,0,0,0,0,1,1,4,7,5,7,4,3,5,10,0,0,0,0,0,0,0,0,7,13,7,7,7,12,4,10
d03542,football,1,4,2,2,3,2,1,5,2,6,1,4,2,2,3,6,3,5,3,3,2,4,2,5,73,73,76,57,76,53,59,52,95,104,97,110,100,112,104,111
d03543,astronomy,1,0,0,0,1,0,0,1,0,0,0,3,0,0,1,1,14,12,11,11,10,8,9,14,2,0,0,1,0,0,0,1,16,14,21,17,19,16,14,17
d03544,astronomy,4,4,4,8,0,7,5,3,5,2,2,5,6,1,10,4,82,87,86,87,84,89,90,100,3,3,1,0,2,4,6,4,141,130,152,118,121,167,142,160
d03545,machine_learning,9,17,7,12,10,9,5,10,0,0,0,2,0,0,0,0,0,1,1,0,1,0,0,1,0,0,0,0,0,1,0,4,17,12,17,17,15,13,17,16
d03546,cooking,1,0,1,1,0,0,1,2,26,19,21,14,27,29,18,17,1,0,0,2,1,0,0,1,1,1,0,1,0,0,1,0,34,36,46,33,35,35,47,45
d03547,astronomy,0,0,0,0,0,0,0,1,0,0,0,0,2,0,1,0,13,7,7,10,5,10,11,10,0,0,0,1,0,0,2,0,15,12,15,15,13,12,13,17
d03548,machine_learning,8,6,3,9,10,11,5,6,0,0,0,1,0,0,0,1,0,0,0,0,1,0,1,0,0,0,0,0,2,0,0,1,12,8,11,15,12,15,16,13
d03549,machine_learning,57,59,47,69,66,62,55,46,2,2,4,8,3,4,4,1,5,1,2,3,2,2,4,2,3,3,3,3,2,3,6,2,70,73,86,83,87,97,74,83
d03550,cooking,1,1,1,0,0,4,1,1,37,46,38,41,43,23,29,22,0,3,3,1,5,1,3,2,3,1,2,1,2,2,1,2,51,57,65,50,44,67,56,54
d03551,machine_learning,14,4,8,8,6,7,8,5,0,1,0,0,0,1,0,0,0,0,0,0,0,0,2,0,0,0,0,0,0,0,1,0,13,12,13,10,10,8,12,14
d03552,cooking,0,0,0,2,1,1,1,1,13,12,13,16,15,13,13,14,1,0,2,1,1,1,0,2,3,0,0,1,2,1,1,0,10,29,18,24,15,20,25,19
d03553,cooking,0,0,0,1,1,0,0,0,14,12,7,6,13,17,9,6,0,0,0,1,0,1,0,0,0,1,1,0,0,1,0,2,14,19,15,20,16,18,17,17
d03554,football,0,0,1,0,1,0,1,1,1,0,0,2,1,0,1,3,1,1,0,1,0,3,2,2,16,14,10,11,9,15,16,13,22,19,23,25,15,20,21,21
d03555,football,0,0,1,0,0,1,0,1,0,1,0,0,0,0,0,0,0,0,0,0,0,0,0,0,4,4,8,4,4,3,6,9,4,17,8,7,6,5,11,5
d03556,football,0,3,4,3,0,1,0,0,3,0,0,3,0,1,0,0,1,2,0,1,1,2,0,0,19,7,18,18,22,13,13,24,23,26,37,29,33,24,35,20
d03557,machine_learning,6,2,7,6,2,4,3,1,0,0,0,0,1,0,0,0,1,0,1,0,0,0,1,0,0,0,0,0,0,2,0,0,7,10,18,9,9,14,4,12
d03558,machine_learning,26,30,16,26,25,22,18,24,0,1,2,1,0,1,1,2,1,0,2,0,2,1,2,2,2,1,1,0,1,2,1,2,43,32,40,38,35,39,32,38
d03559,cooking,1,0,1,0,0,0,1,0,13,13,13,10,9,8,13,12,0,0,1,0,0,0,0,0,1,1,0,0,2,2,1,0,16,14,18,11,16,22,17,13
d03560,cooking,1,0,0,0,0,0,0,0,7,6,7,5,11,8,12,2,1,1,0,0,1,0,1,0,1,1,2,0,0,0,1,1,15,17,16,13,13,10,9,13
d03561,football,2,0,0,0,0,0,0,1,2,0,0,1,0,1,1,0,0,0,0,0,0,1,0,0,10,10,9,16,16,8,8,9,18,15,13,15,25,16,20,19
d03562,machine_learning,30,34,33,33,30,25,35,40,0,5,2,0,3,2,0,1,3,1,1,0,3,0,5,5,0,1,1,1,2,0,2,2,54,57,49,48,52,60,61,53
d03563,cooking,0,1,3,0,0,1,1,0,9,9,11,8,14,12,8,13,1,0,0,0,0,1,0,3,2,0,0,0,1,0,0,0,20,17,11,19,18,15,16,24
d03564,machine_learning,11,20,18,17,19,12,12,14,1,1,1,1,2,1,1,1,1,0,1,0,1,1,1,0,1,0,0,1,0,0,2,0,26,35,20,27,22,23,22,34
d03565,cooking,2,0,3,0,2,0,0,0,13,12,15,10,8,15,4,9,0,2,0,1,1,1,1,1,1,1,0,0,1,0,1,0,20,22,15,27,22,20,11,29
d03566,football,0,1,1,3,1,1,1,2,0,0,0,1,1,2,2,1,1,2,3,0,4,1,1,1,26,33,35,25,26,25,23,32,53,50,40,40,44,48,36,42
d03567,cooking,0,2,3,0,2,3,3,2,52,53,39,39,42,46,47,51,0,3,0,1,0,2,2,2,5,2,3,2,2,1,5,1,65,61,78,64,77,79,78,86
d03568,football,0,0,0,1,0,0,0,2,0,0,0,1,1,0,2,3,0,1,0,0,0,1,1,0,8,6,9,14,5,10,12,6,15,13,14,12,13,11,16,16
d03569,machine_learning,6,6,8,15,5,9,9,10,1,1,1,0,0,0,1,0,1,0,0,1,0,0,0,0,1,2,0,0,0,0,0,0,13,11,12,12,11,16,15,19
d03570,machine_learning,25,16,23,16,25,23,24,22,1,1,0,3,1,0,5,1,1,1,1,1,1,2,0,1,0,2,2,2,3,0,2,1,23,30,38,37,38,39,47,32
d03571,cooking,0,2,1,0,0,0,0,2,19,26,19,20,8,18,13,26,0,1,0,3,1,2,2,1,1,0,1,1,0,3,2,0,38,31,27,30,32,34,27,34
d03572,astronomy,2,0,1,1,0,0,4,0,1,0,1,5,3,2,0,3,27,30,38,36,30,27,26,32,1,2,2,0,2,3,0,1,53,42,54,58,48,55,45,56
d03573,machine_learning,16,16,18,16,18,18,26,17,4,0,1,1,1,0,0,2,0,0,1,0,2,0,1,1,1,1,0,0,3,2,1,1,25,30,36,29,33,26,31,35
d03574,astronomy,1,0,0,1,0,1,1,2,0,0,0,1,0,0,0,1,17,20,20,21,26,18,19,22,0,1,0,1,1,1,3,0,37,36,34,28,27,29,29,23
d03575,astronomy,1,2,1,2,0,3,0,0,0,0,3,1,1,0,0,1,13,12,17,16,16,11,8,23,0,0,1,0,1,2,2,0,36,33,26,39,37,37,32,32
d03576,machine_learning,5,4,9,5,1,3,6,2,0,0,1,0,0,3,0,0,1,0,0,0,0,0,0,1,0,2,0,0,0,0,1,0,13,10,5,11,8,14,10,5
d03577,machine_learning,7,10,10,10,9,14,16,7,0,0,0,0,0,0,0,0,0,0,0,1,0,0,0,0,2,1,0,0,0,0,1,0,21,19,32,20,18,12,18,21
d03578,astronomy,0,2,4,0,2,2,2,1,0,1,2,1,1,1,1,3,17,27,21,20,15,29,24,24,1,2,0,0,2,1,0,0,31,36,43,38,39,32,27,37
d03579,football,0,2,0,1,3,4,1,0,3,0,0,2,1,0,1,3,1,0,1,2,0,1,0,2,25,20,19,18,22,17,22,13,45,36,40,46,30,39,33,34
d03580,football,1,0,0,2,4,1,1,2,1,4,1,2,2,1,0,0,2,2,0,3,0,0,2,3,27,28,30,27,28,20,21,20,34,43,48,38,51,47,48,37
d03581,astronomy,3,2,1,1,0,0,1,2,0,0,0,0,0,0,1,0,19,13,17,16,15,18,26,9,1,2,1,1,0,0,0,1,32,25,23,23,32,29,16,26
d03582,football,0,1,1,0,1,0,0,0,0,0,0,0,0,0,0,0,2,0,0,0,0,0,1,1,4,9,7,8,7,7,3,8,10,11,14,10,18,13,7,19
d03583,astronomy,2,0,1,0,0,0,2,1,1,0,1,2,0,1,0,0,21,14,19,10,15,12,11,17,1,1,1,0,1,1,0,1,18,24,27,26,18,23,23,23
d03584,cooking,0,0,1,1,1,0,1,2,22,14,15,17,16,20,21,12,1,0,1,1,2,1,0,0,0,0,1,2,0,0,1,2,27,26,27,34,26,36,38,33
d03585,football,0,0,0,1,0,0,1,0,0,1,2,1,0,1,0,0,0,1,0,0,0,1,0,1,7,6,11,14,7,13,6,6,22,9,19,14,14,11,22,18
d03586,cooking,0,0,0,0,0,0,1,0,4,2,6,7,4,6,2,4,0,1,0,0,0,1,0,0,0,0,0,0,0,0,1,1,6,7,13,12,13,11,7,11
d03587,football,0,0,1,0,2,0,2,0,0,0,2,0,0,0,1,0,1,0,0,0,1,0,1,1,16,9,12,11,8,8,5,10,13,20,8,16,17,14,19,18
d03588,cooking,1,0,0,0,0,1,1,0,10,11,9,12,13,12,11,9,0,0,2,1,2,0,0,0,0,0,0,1,0,0,0,1,17,15,21,11,16,10,19,9
d03589,football,1,0,0,1,4,0,0,0,0,1,0,0,3,1,0,0,0,0,1,0,0,1,2,0,20,19,17,24,24,25,28,21,40,29,35,28,30,19,38,22
d03590,astronomy,1,0,0,1,2,2,2,1,0,1,1,1,0,0,2,1,19,18,21,17,16,16,18,18,0,1,0,0,0,0,1,0,30,36,35,28,28,27,25,33
d03591,cooking,1,0,1,0,1,0,0,0,12,16,17,15,22,24,16,16,2,0,0,1,2,0,1,0,0,1,0,0,1,1,1,2,35,34,24,19,32,30,25,26
d03592,machine_learning,44,40,51,56,66,53,45,53,1,3,2,3,1,2,6,3,2,3,2,3,0,2,2,1,4,3,3,5,2,4,4,1,78,83,85,87,82,74,79,86
d03593,football,0,1,0,0,0,0,0,0,1,0,0,0,0,0,0,0,1,0,0,1,1,0,1,0,4,8,2,7,7,7,4,5,10,11,6,6,14,5,6,9
d03594,astronomy,2,0,0,0,1,0,0,2,1,2,0,1,2,1,0,1,16,12,14,19,17,11,12,18,2,3,0,2,0,1,2,0,27,34,25,33,25,27,24,23
d03595,cooking,0,1,0,1,0,0,0,0,3,10,9,13,6,8,5,4,0,0,0,1,0,0,0,0,1,0,1,0,1,0,0,1,8,9,12,11,8,18,11,13
d03596,football,1,1,1,2,2,0,1,1,0,1,3,0,0,1,0,0,2,2,0,0,0,0,1,1,24,24,14,21,21,14,15,13,29,23,35,24,32,35,30,30
d03597,football,1,2,1,1,2,1,0,2,2,0,1,1,1,1,3,1,3,0,3,2,2,1,0,1,18,16,25,19,14,16,27,17,33,39,27,35,28,26,31,28
d03598,astronomy,0,0,0,0,1,0,1,1,0,1,0,0,0,1,0,1,15,11,13,15,18,17,10,11,1,0,0,0,0,1,1,1,23,25,21,28,30,26,24,32
d03599,astronomy,0,2,2,2,1,2,1,3,1,2,2,3,1,1,3,5,55,44,35,39,54,44,44,37,0,4,2,4,3,2,5,6,75,74,74,60,67,60,59,78
d03600,astronomy,0,0,0,2,0,2,1,0,0,1,2,0,4,1,3,0,11,12,11,10,13,19,13,7,0,0,1,0,0,1,1,0,12,17,23,22,16,17,15,17
d03601,astronomy,0,0,2,0,1,1,0,0,0,0,0,1,0,0,0,2,8,3,5,10,7,2,9,6,0,0,1,1,1,0,0,2,7,10,11,7,11,8,13,7
d03602,machine_learning,13,4,4,7,8,6,9,8,1,0,0,0,1,0,0,0,0,0,0,1,0,0,0,1,0,0,0,1,0,1,1,0,11,17,11,12,12,13,10,8
d03603,machine_learning,3,2,1,6,7,5,3,7,0,0,0,0,0,0,1,0,0,0,1,0,0,0,0,0,0,0,0,0,1,0,0,0,6,2,5,6,7,11,5,7
d03604,football,0,0,0,0,0,0,1,0,0,0,0,0,1,0,1,1,0,1,1,0,0,0,0,0,5,5,5,3,3,4,2,2,15,10,5,4,8,7,7,7
d03605,machine_learning,29,15,24,13,25,12,23,18,0,0,2,0,3,1,1,4,0,0,1,1,2,0,1,2,1,1,0,0,1,1,1,0,47,28,37,42,42,42,40,40
d03606,machine_learning,18,20,27,20,23,25,20,24,2,2,1,0,2,1,1,2,1,1,2,3,1,2,0,1,0,0,0,0,3,2,0,1,28,31,43,40,35,36,27,35
d03607,cooking,0,1,2,0,3,0,2,0,18,26,12,22,15,29,19,29,2,2,2,1,2,1,0,1,0,0,0,1,0,0,0,0,41,32,47,31,35,36,46,37
d03608,football,2,1,0,0,2,1,1,0,1,0,0,1,0,0,0,0,0,0,0,0,0,1,2,0,16,22,25,10,12,14,20,9,19,26,30,25,20,20,27,17
d03609,football,1,0,0,0,2,0,1,0,0,1,0,0,0,0,0,0,0,0,0,0,1,0,0,2,5,7,8,9,7,2,4,6,15,14,11,9,12,10,5,14
d03610,machine_learning,6,10,13,6,9,15,12,6,0,0,1,1,3,1,0,1,0,1,0,0,0,0,1,0,0,1,0,0,0,2,0,0,18,24,29,21,22,12,25,24
d03611,machine_learning,14,8,13,8,15,10,9,10,2,0,1,1,0,1,1,1,2,0,2,0,0,1,1,1,1,0,1,1,0,0,0,0,27,22,21,15,20,17,14,17
d03612,football,6,3,5,1,4,0,3,1,1,4,2,2,2,3,4,3,2,3,3,4,2,2,1,2,64,64,61,59,58,65,50,57,111,107,90,84,104,107,96,96
d03613,cooking,1,1,1,0,1,2,4,4,47,37,45,55,45,47,53,43,3,2,0,3,3,3,0,1,2,1,0,0,3,1,0,0,79,69,74,61,77,64,64,47
d03614,cooking,0,0,0,0,1,0,0,0,5,6,1,5,4,3,5,5,0,0,1,0,0,0,0,0,0,0,0,0,0,0,0,0,6,8,8,4,14,11,7,11
d03615,astronomy,1,1,1,1,2,0,2,1,1,0,1,1,2,0,0,1,29,21,24,23,19,18,18,18,4,2,0,0,2,0,1,1,37,35,44,40,41,27,49,39
d03616,cooking,1,0,0,1,0,0,0,1,20,13,21,19,14,16,27,13,0,0,0,0,1,1,1,0,0,1,0,2,0,0,0,0,31,30,24,23,26,33,28,31
d03617,astronomy,0,0,0,2,0,0,0,1,2,0,1,2,0,0,1,1,9,10,8,13,14,9,11,17,1,0,0,0,0,1,1,1,18,24,21,10,17,13,21,15
d03618,cooking,1,1,0,0,0,1,0,0,13,18,15,9,9,11,10,11,0,0,1,3,0,0,1,0,1,0,0,1,0,0,1,0,9,20,20,14,22,17,13,18
d03619,football,1,3,3,4,1,6,1,2,0,2,1,0,0,0,0,2,4,1,1,2,1,4,1,6,41,34,47,38,48,36,33,41,52,74,59,64,66,64,67,66
d03620,cooking,1,0,2,2,0,2,1,1,17,25,11,14,31,16,15,26,1,1,0,0,1,1,1,1,2,0,1,1,1,2,1,0,32,42,35,37,32,32,36,35
d03621,cooking,1,3,4,2,0,3,4,1,41,27,38,31,28,23,43,32,1,0,1,2,2,2,3,4,2,2,1,3,3,1,2,1,54,54,56,69,47,52,51,62
d03622,astronomy,0,0,0,0,0,0,0,0,0,1,0,0,1,0,1,0,8,2,5,4,5,2,7,11,1,0,0,2,0,0,1,0,8,6,9,7,6,5,3,10
d03623,cooking,1,2,1,1,0,2,1,0,12,14,12,16,14,14,20,12,0,0,0,0,1,1,1,0,0,0,0,1,1,0,1,1,20,24,14,20,29,28,23,16
d03624,cooking,2,4,0,0,3,1,1,2,19,19,31,24,31,30,30,31,0,1,1,0,2,2,3,1,1,0,0,1,4,5,0,2,40,51,40,51,39,47,52,43
d03625,football,2,2,3,0,3,1,2,5,0,1,1,0,3,1,2,2,2,1,3,3,2,2,2,4,24,25,30,37,39,40,37,43,46,64,42,57,58,43,63,64
d03626,machine_learning,4,1,5,2,9,6,6,5,0,0,1,1,1,1,1,0,0,0,0,1,0,0,3,1,0,1,0,1,0,0,0,0,7,5,6,4,5,8,5,11
d03627,football,1,0,0,0,0,0,1,0,0,0,0,1,0,0,0,0,0,0,1,0,0,0,0,0,6,2,5,6,9,6,2,4,9,5,6,8,5,1,4,12
d03628,machine_learning,9,10,14,12,13,9,10,8,0,1,0,0,1,0,0,0,1,0,1,1,2,0,0,2,0,1,0,0,0,3,2,0,15,13,15,13,8,17,19,17
d03629,machine_learning,7,8,6,6,8,8,8,5,1,0,0,1,1,0,1,0,1,0,0,0,1,1,0,2,3,1,0,0,0,0,1,0,12,19,8,11,13,10,7,14
d03630,machine_learning,8,3,5,4,3,3,5,3,0,0,0,0,0,0,0,0,1,0,1,0,0,1,0,0,0,0,0,0,0,0,0,0,7,6,10,8,11,9,9,8
d03631,astronomy,0,0,1,1,1,1,0,3,3,0,0,0,0,1,1,1,15,21,13,15,21,11,13,23,1,1,1,1,1,3,0,2,27,25,24,22,31,24,33,24
d03632,astronomy,1,3,1,2,0,0,0,0,1,1,2,0,1,2,0,0,5,13,18,8,9,13,4,10,0,0,1,2,2,1,0,1,30,21,21,20,16,23,18,24
d03633,astronomy,3,0,1,0,0,0,0,0,1,0,0,0,0,2,0,0,12,14,15,19,19,12,11,11,0,0,0,2,0,1,0,0,24,26,19,23,22,23,16,17
d03634,football,0,0,0,1,0,0,1,0,3,0,0,1,2,1,1,0,2,2,0,0,1,0,1,0,20,11,19,9,20,11,14,8,20,13,19,25,16,27,19,25
d03635,cooking,2,3,0,1,0,2,2,0,24,26,23,28,25,24,24,26,0,1,1,1,1,1,0,2,2,2,1,2,2,1,0,3,37,34,49,45,40,44,35,43
d03636,machine_learning,26,21,27,26,20,28,25,19,0,1,2,0,0,2,1,1,2,0,0,0,2,4,0,0,1,0,4,0,1,1,0,0,33,39,33,49,48,45,38,41
d03637,machine_learning,6,10,10,8,12,10,10,14,1,0,1,1,1,1,1,0,2,2,0,1,1,1,0,1,0,0,2,2,2,0,0,0,19,18,24,27,34,18,24,11
d03638,football,0,0,0,0,0,0,0,0,0,0,0,1,0,0,1,1,1,0,0,0,1,1,0,0,7,7,10,3,8,8,5,7,10,17,8,16,10,9,12,7
d03639,cooking,3,3,1,2,1,2,1,1,20,17,25,33,10,19,17,26,3,1,0,0,0,0,0,2,2,0,3,0,2,0,0,3,31,39,31,28,28,29,42,36
d03640,astronomy,1,0,1,2,3,1,1,2,3,5,0,3,0,1,1,1,26,28,22,23,26,20,24,30,1,1,4,0,0,0,1,0,42,53,49,40,51,45,52,40
d03641,astronomy,0,1,1,0,0,1,0,0,1,0,1,0,1,2,0,0,14,9,9,14,15,18,15,14,3,1,0,0,1,0,2,1,24,22,32,20,27,13,19,27
d03642,football,0,0,0,0,0,0,0,0,0,0,0,0,0,1,0,1,0,0,0,0,0,0,1,0,5,4,6,6,4,5,5,3,11,11,6,6,3,6,6,6
d03643,astronomy,1,2,3,0,0,2,2,6,0,1,1,0,0,0,2,0,17,23,14,16,18,21,21,23,0,3,2,0,3,3,3,2,41,30,35,35,32,45,43,38
d03644,machine_learning,5,5,6,4,10,9,10,6,1,0,0,1,0,3,0,0,1,0,0,0,0,0,0,1,3,0,0,0,0,1,1,0,15,12,6,15,12,14,17,7
d03645,cooking,1,0,0,1,2,0,0,1,22,18,18,18,19,21,16,21,1,3,2,0,1,1,2,2,1,1,0,0,1,0,1,0,37,31,40,36,29,37,36,38
d03646,astronomy,0,0,0,0,1,2,0,1,0,0,1,1,0,1,1,0,14,8,7,9,13,13,10,12,0,1,1,0,0,0,1,0,34,17,13,18,9,16,20,17
d03647,cooking,0,0,1,0,0,0,0,1,3,3,7,3,2,5,3,3,0,0,0,0,1,1,1,0,0,0,0,0,1,1,0,0,3,2,8,13,7,12,7,6
d03648,astronomy,2,0,1,0,0,0,0,0,0,0,1,1,2,0,0,0,6,3,8,5,5,10,7,4,1,1,0,0,0,1,0,0,15,12,8,7,8,6,9,7
d03649,football,3,0,4,3,3,2,3,3,2,1,4,2,2,2,0,4,4,2,1,2,4,1,2,3,40,42,29,35,36,42,37,43,57,74,75,54,66,81,61,68
d03650,cooking,0,2,1,0,0,0,0,0,10,15,12,10,14,10,11,16,0,0,0,0,0,1,1,0,0,0,0,1,2,0,1,1,22,21,19,20,22,15,15,19
d03651,machine_learning,12,9,9,16,8,6,11,10,1,1,2,0,0,1,0,2,0,0,1,2,2,1,1,0,0,1,3,1,0,0,1,0,17,19,19,16,22,17,11,20
d03652,machine_learning,38,21,28,27,28,34,34,30,0,2,2,1,1,0,1,2,0,0,1,1,1,3,0,1,1,0,1,4,1,0,0,1,45,53,44,43,44,28,54,50
d03653,cooking,1,0,4,1,2,4,0,4,41,31,48,43,33,36,43,49,1,4,1,2,1,3,0,0,0,1,2,3,2,2,1,1,74,47,60,68,53,65,69,55
d03654,cooking,5,4,3,2,2,2,1,1,32,43,42,41,34,35,30,33,5,3,1,1,1,1,3,2,1,2,2,1,2,1,2,3,57,53,64,48,58,59,65,51
d03655,astronomy,0,0,1,0,2,1,0,0,0,1,0,1,2,2,0,2,8,9,14,15,15,13,10,10,1,0,2,0,0,0,0,0,18,17,19,15,21,25,26,17
d03656,astronomy,1,1,1,2,1,1,1,3,4,2,1,5,1,3,2,4,36,41,36,37,29,43,37,45,3,1,2,2,0,3,5,6,48,53,56,62,54,52,50,67
d03657,football,2,2,1,1,0,1,2,2,1,0,0,1,0,0,2,1,0,0,0,1,1,0,0,0,14,11,10,16,14,14,13,13,27,20,31,38,23,34,19,22
d03658,cooking,0,1,1,0,0,0,0,1,14,13,10,11,10,5,10,11,1,1,0,2,0,0,0,1,1,0,0,1,1,0,0,0,12,23,18,8,12,10,20,22
d03659,astronomy,0,2,1,0,0,0,0,1,0,2,0,2,0,1,1,0,22,17,17,18,11,21,16,15,0,1,1,3,2,0,2,2,26,14,32,29,29,30,28,21
d03660,football,0,0,0,2,0,2,0,0,0,2,0,1,2,0,0,1,1,0,1,2,0,0,0,3,22,24,20,23,16,21,22,22,37,19,31,35,42,40,35,39
d03661,machine_learning,7,4,2,3,4,6,6,2,1,0,1,0,0,0,0,2,0,0,0,0,0,0,0,0,0,0,0,0,1,1,0,0,6,8,4,10,6,11,5,3
d03662,astronomy,0,0,1,1,1,0,1,0,0,0,1,0,3,0,0,0,13,11,17,17,12,13,19,10,0,0,0,1,0,0,0,3,15,26,34,25,36,26,19,26
d03663,football,1,3,0,0,0,0,3,1,2,1,1,0,1,1,2,0,1,0,1,1,0,1,0,0,9,18,18,14,12,16,14,17,32,21,20,22,22,28,23,35
d03664,machine_learning,6,5,7,11,9,9,7,5,2,0,1,0,0,0,0,0,0,0,1,1,0,0,0,0,0,0,0,0,0,0,0,0,12,8,9,13,5,10,14,10
d03665,cooking,1,5,1,1,1,4,4,1,40,37,43,42,35,47,31,38,2,2,3,2,0,2,0,2,2,0,2,0,3,5,1,2,59,69,66,53,60,69,62,58
d03666,machine_learning,8,3,7,10,9,6,12,11,0,0,1,1,0,0,0,0,1,0,0,0,0,0,0,0,0,0,1,2,2,1,0,0,9,12,13,14,14,7,14,10
d03667,astronomy,0,0,0,2,0,0,0,0,0,0,0,1,0,0,0,0,8,3,5,5,2,6,6,9,0,1,1,0,0,1,0,0,14,5,9,5,7,8,6,13
d03668,football,0,0,0,0,0,0,0,0,0,0,0,2,2,0,1,0,0,0,0,0,1,1,1,0,7,5,8,2,3,6,7,7,11,19,14,16,5,8,8,10
d03669,cooking,0,0,1,1,0,0,1,1,11,8,13,7,6,7,12,6,2,1,1,0,0,0,0,0,1,2,1,0,0,2,0,0,17,15,15,19,16,30,26,22
d03670,cooking,0,1,1,1,0,0,1,0,15,13,20,19,10,13,27,13,0,0,0,1,1,0,1,0,0,1,1,0,1,0,0,1,42,29,27,28,37,33,33,28
d03671,cooking,1,0,0,1,1,0,1,3,7,16,17,13,14,18,16,18,0,2,0,0,1,0,0,3,0,1,0,1,3,0,0,1,23,24,24,29,22,31,20,25
d03672,football,1,5,0,2,2,0,0,0,2,2,3,0,1,0,2,2,0,2,2,1,1,3,1,0,21,20,24,23,22,30,24,29,43,39,39,36,44,37,39,34
d03673,machine_learning,38,32,39,26,23,34,28,34,1,3,1,1,1,0,1,0,1,1,2,2,0,1,5,0,0,1,2,0,1,2,0,1,51,49,54,63,57,50,52,41
d03674,cooking,0,0,2,0,2,0,0,0,9,13,12,11,16,11,15,13,1,0,0,0,0,2,2,0,0,0,3,0,0,0,1,1,23,21,21,21,25,21,17,25
d03675,machine_learning,3,3,5,5,3,9,6,7,0,0,0,0,1,2,0,0,0,0,0,0,0,0,1,0,0,1,1,0,0,0,0,1,12,14,9,15,15,8,13,14
d03676,astronomy,0,0,0,0,0,0,0,1,0,0,0,0,0,0,0,0,7,6,4,3,5,6,10,6,0,0,0,0,0,0,0,1,9,12,11,8,14,13,13,11
d03677,football,1,0,1,0,0,0,0,0,0,0,0,0,0,0,0,1,0,0,0,0,0,0,0,1,8,5,6,3,3,5,8,4,8,11,8,7,9,4,4,9
d03678,football,1,2,0,4,0,1,2,0,1,2,1,1,2,1,1,3,2,1,2,0,0,1,1,1,27,24,18,22,18,27,29,22,38,28,37,41,40,42,43,31
d03679,machine_learning,8,5,9,5,11,8,6,11,0,0,2,0,0,0,1,1,0,1,1,0,0,0,0,2,0,0,1,1,1,0,1,0,17,13,18,13,7,14,8,17
d03680,football,0,0,0,0,0,1,0,1,1,0,2,0,1,0,0,1,0,0,0,2,0,0,0,0,3,5,6,4,3,6,4,2,7,9,9,10,6,10,9,9
d03681,football,0,1,5,1,1,1,1,2,2,2,2,2,2,1,1,1,3,4,2,7,2,1,3,2,43,43,41,45,43,46,37,35,63,53,68,59,79,70,71,73
d03682,machine_learning,6,10,9,8,6,5,7,10,1,0,1,0,1,0,0,0,0,0,1,1,1,0,0,0,0,0,0,0,0,1,0,0,17,16,10,16,15,13,7,19
d03683,cooking,1,1,3,3,3,4,3,2,41,48,34,39,44,42,48,29,0,1,0,0,0,1,1,1,2,4,1,1,1,1,4,1,71,55,57,61,47,61,64,63
d03684,astronomy,2,1,1,4,5,1,3,3,0,2,3,4,3,1,3,1,46,49,42,55,43,40,38,50,1,3,1,1,3,1,1,2,74,69,73,83,71,83,86,108
d03685,football,2,0,0,2,1,0,1,2,1,1,2,0,2,0,1,1,1,2,1,3,2,4,3,0,15,21,28,29,24,35,32,27,42,45,37,55,47,43,43,44
d03686,machine_learning,10,8,7,13,7,5,6,12,0,1,1,1,0,0,0,0,1,2,1,1,0,0,1,0,0,0,0,0,0,0,1,1,20,22,18,21,18,18,26,20
d03687,machine_learning,11,10,14,11,12,8,13,18,2,0,0,0,2,0,0,0,1,0,0,1,0,0,1,1,1,1,0,0,1,1,0,0,19,19,19,13,16,24,18,14
d03688,machine_learning,12,6,8,10,6,8,10,10,0,0,1,0,0,1,0,0,0,1,2,1,0,1,0,0,0,0,0,0,1,0,1,1,20,17,15,32,14,16,18,25
d03689,cooking,2,2,2,1,0,0,2,2,14,19,27,27,21,23,21,24,1,0,0,0,1,1,1,5,1,0,1,1,2,1,0,2,30,38,27,26,40,47,31,38
d03690,cooking,0,0,0,0,2,0,1,0,5,2,4,1,6,1,5,4,1,0,0,0,0,0,0,0,1,2,0,0,1,0,1,0,13,6,10,5,7,8,8,7
d03691,cooking,0,1,0,1,1,1,2,0,7,11,9,11,8,7,12,8,0,1,1,0,0,0,1,1,0,0,0,0,0,0,0,2,13,15,25,15,10,15,16,16
d03692,cooking,0,1,0,0,3,0,0,1,2,1,5,3,5,5,10,7,0,0,2,1,1,0,0,0,0,0,0,1,0,0,1,0,8,6,9,11,5,14,11,10
d03693,machine_learning,11,23,10,15,8,10,11,5,1,0,0,0,1,1,2,0,0,1,0,1,1,0,0,0,0,0,1,1,0,0,0,1,18,28,21,16,15,26,22,23
d03694,football,0,1,0,1,0,0,0,1,1,1,0,2,3,0,4,0,0,1,0,2,0,0,1,0,18,17,8,18,12,14,15,12,29,28,20,30,16,24,24,22
d03695,machine_learning,9,3,5,6,9,8,13,2,0,0,0,0,0,0,0,0,0,0,1,0,1,0,0,0,0,0,0,0,0,1,1,0,12,9,14,8,15,11,10,7
d03696,astronomy,1,1,1,0,1,0,0,1,0,1,1,0,0,0,0,0,12,13,15,13,13,13,11,12,0,1,1,0,0,2,1,0,16,11,20,20,23,22,14,24
d03697,machine_learning,18,17,14,20,15,13,14,13,0,0,1,1,1,1,1,0,2,0,1,2,0,0,2,1,1,1,0,1,2,0,2,1,35,31,25,23,24,30,26,21
d03698,cooking,1,0,0,1,1,0,0,1,12,11,16,15,12,10,14,18,0,1,0,0,2,0,0,1,0,0,2,2,0,1,0,0,21,20,16,11,22,22,26,19
d03699,astronomy,0,1,0,1,1,2,2,0,3,0,1,2,1,1,2,1,14,21,17,13,18,14,15,10,0,0,1,0,0,0,0,2,26,25,30,23,22,25,19,25
d03700,astronomy,0,0,0,0,0,0,1,0,0,0,0,0,1,1,1,0,12,19,8,10,10,6,7,5,2,0,0,0,1,0,0,1,20,14,11,12,9,11,12,16
d03701,football,1,2,1,2,1,2,1,1,4,2,0,4,2,0,3,1,0,1,2,2,2,2,1,2,38,39,36,48,41,42,37,41,64,74,63,62,66,54,59,56
d03702,astronomy,1,1,1,3,2,2,4,5,2,0,2,2,0,1,1,6,36,34,52,34,49,29,35,35,0,1,1,2,0,3,3,4,73,70,56,70,57,75,56,72
d03703,cooking,6,4,4,3,6,8,2,3,92,63,90,69,80,73,79,70,9,8,2,5,3,1,4,3,0,1,4,1,3,1,5,3,134,104,124,128,130,131,152,135
d03704,football,1,0,1,2,1,0,1,3,0,1,2,1,2,1,0,1,1,0,1,3,1,0,1,1,19,18,24,12,20,13,20,21,28,45,35,27,25,31,38,19
d03705,machine_learning,8,8,10,8,11,4,7,6,0,0,0,0,0,0,1,0,1,0,1,0,0,0,2,1,0,0,0,0,0,1,0,0,20,14,17,20,13,14,18,14
d03706,astronomy,0,0,0,0,0,0,0,0,0,1,0,0,0,0,0,0,7,7,3,6,7,5,8,2,0,0,0,0,0,0,0,0,5,8,7,9,10,4,10,6
d03707,astronomy,3,2,3,0,1,2,2,3,2,1,1,1,3,2,4,2,40,30,46,32,39,43,30,30,3,4,0,2,2,0,0,1,50,54,45,69,51,53,54,56
d03708,football,1,0,0,0,1,1,1,0,1,0,0,1,0,1,1,1,1,0,0,1,2,0,2,1,15,11,9,13,11,7,13,14,27,25,20,19,29,26,16,23
d03709,football,1,0,0,0,1,2,2,0,0,1,2,1,2,0,0,1,1,1,0,2,0,1,1,0,9,9,14,11,17,18,22,12,24,21,20,20,19,16,17,30
d03710,machine_learning,16,22,15,27,16,25,12,9,1,2,2,1,0,1,1,0,2,0,3,0,1,1,1,1,0,2,1,0,0,1,2,0,28,26,19,30,23,25,24,24
d03711,football,0,0,2,1,1,1,1,2,1,3,1,2,0,1,1,0,0,2,1,3,2,1,2,3,26,19,23,19,29,34,23,21,39,53,48,39,37,46,56,43
d03712,cooking,0,0,1,0,1,0,0,0,4,7,10,6,12,6,9,7,0,0,0,0,0,1,0,0,0,1,0,2,1,0,0,0,14,10,20,13,14,16,13,13
d03713,astronomy,1,2,0,2,4,2,3,3,1,0,0,2,1,0,1,1,42,33,29,32,23,27,25,25,0,1,0,0,0,2,1,0,44,43,67,57,40,37,38,46
d03714,astronomy,1,1,0,0,1,0,0,2,0,1,0,2,0,1,1,0,14,7,7,7,8,8,7,14,0,1,0,1,0,1,0,0,13,15,18,20,12,14,12,16
d03715,astronomy,0,0,0,2,0,0,2,1,1,2,0,1,2,0,1,1,12,12,5,8,9,24,15,8,0,0,0,1,0,1,0,0,16,31,19,21,23,30,17,18
d03716,cooking,1,0,0,0,0,0,0,0,11,7,8,4,9,10,11,6,0,0,0,0,0,0,0,0,2,0,1,0,0,0,1,0,19,13,22,14,12,14,17,15
d03717,machine_learning,19,15,29,15,11,18,14,24,1,0,0,1,0,1,0,0,0,0,0,1,2,4,0,0,1,0,2,0,0,1,3,2,30,37,33,42,38,37,31,36
d03718,machine_learning,9,8,14,8,4,8,5,9,2,0,0,2,0,0,0,2,0,1,1,1,0,0,0,0,1,0,0,1,1,1,1,0,13,14,9,13,16,14,18,11
d03719,football,1,1,1,1,1,5,3,1,3,1,3,1,0,7,4,1,3,2,1,1,2,1,2,1,46,40,60,45,46,42,54,49,79,69,66,69,73,74,84,68
d03720,football,0,0,0,0,0,0,0,0,0,0,0,0,0,0,0,0,0,0,0,0,2,1,0,0,2,4,5,4,3,6,3,4,6,10,9,4,6,8,7,7
d03721,cooking,2,1,0,0,0,1,0,0,7,12,9,8,6,7,8,9,1,0,0,0,1,0,0,0,0,1,0,0,0,0,0,0,17,17,8,12,7,15,11,9
d03722,machine_learning,8,5,6,7,10,5,7,6,1,2,1,0,0,0,0,0,0,0,0,0,0,0,2,0,2,0,0,0,0,3,0,2,17,12,15,20,18,8,22,18
d03723,machine_learning,25,25,34,27,39,25,42,29,1,1,4,3,4,0,3,0,0,3,3,2,1,4,2,4,2,1,0,0,2,1,1,2,60,59,46,53,55,49,56,49
d03724,machine_learning,8,7,3,8,9,10,10,8,0,0,0,2,1,0,0,0,0,0,0,0,0,0,2,1,1,0,1,0,0,0,0,0,14,16,21,10,11,13,16,10
d03725,machine_learning,10,9,15,10,14,11,11,15,0,0,1,0,2,0,1,0,1,1,1,0,1,3,0,1,1,0,1,1,3,1,0,1,12,16,20,19,21,12,26,19
d03726,football,0,0,0,0,3,0,0,1,0,0,0,0,0,0,0,0,0,2,0,0,1,0,0,0,1,8,10,9,12,6,8,5,15,11,7,7,15,21,16,10
d03727,cooking,0,1,2,0,1,1,0,0,11,21,12,13,17,20,15,12,1,0,1,0,1,1,0,0,0,0,0,1,1,0,1,2,17,13,24,31,28,25,28,23
d03728,football,1,1,1,0,0,3,2,2,2,1,0,1,2,0,0,1,1,2,2,0,0,1,2,0,15,13,12,17,19,13,15,19,29,21,26,24,23,26,33,25
d03729,football,0,0,1,0,0,0,0,0,0,0,0,0,0,0,1,0,0,0,0,0,0,0,1,0,4,7,2,8,5,5,7,8,12,17,9,10,9,12,15,10
d03730,football,0,0,0,1,0,2,0,0,0,2,0,0,0,0,0,0,1,1,0,0,2,0,0,1,4,3,4,4,6,4,3,3,5,6,10,9,6,8,5,5
d03731,football,2,1,0,3,0,1,1,2,0,1,2,3,2,1,0,0,1,0,1,2,2,0,0,1,14,21,22,17,20,18,19,21,39,29,34,19,31,31,31,27
d03732,astronomy,1,2,3,1,1,1,0,2,1,2,1,0,1,1,0,1,18,21,24,22,34,25,30,33,1,0,1,0,3,1,2,2,37,38,33,45,41,29,35,30
d03733,cooking,0,0,0,2,1,1,0,1,4,13,10,12,12,5,7,10,0,0,0,1,1,0,0,0,0,1,2,0,0,0,0,1,27,17,19,13,18,20,16,20
d03734,football,0,0,0,1,1,0,0,0,1,0,0,0,0,1,1,0,0,0,1,0,0,0,1,1,10,3,10,8,6,10,11,10,9,14,8,9,17,19,20,13
d03735,machine_learning,19,15,22,20,18,19,17,16,0,1,0,1,2,0,0,2,1,0,3,1,1,0,2,0,2,0,1,0,0,3,0,2,31,28,36,31,35,21,33,30
d03736,astronomy,1,2,1,1,2,1,1,0,3,1,0,3,1,3,0,2,21,22,18,15,21,16,18,16,1,1,1,1,0,0,0,2,40,33,29,24,41,34,40,43
d03737,football,2,1,0,0,0,1,1,1,3,1,1,1,0,0,0,0,0,0,1,0,2,0,0,0,3,8,16,6,11,9,10,5,18,14,17,19,21,7,24,13
d03738,astronomy,0,2,0,0,0,0,0,0,2,0,0,0,0,0,1,0,5,9,6,4,14,5,8,7,1,1,0,1,0,0,0,1,7,5,10,18,10,11,10,12
d03739,cooking,1,2,1,0,0,3,1,1,10,14,16,15,10,12,16,22,1,0,0,2,0,0,1,0,0,1,0,1,1,1,5,0,25,26,37,21,30,30,32,27
d03740,machine_learning,10,16,14,12,8,12,12,16,1,1,1,0,1,0,0,4,0,0,1,0,1,0,1,1,0,1,1,3,1,0,0,0,27,12,23,20,29,29,20,23
d03741,cooking,0,0,0,0,0,0,1,0,10,6,15,7,8,6,13,7,1,0,0,0,1,0,0,0,0,0,1,1,1,0,2,0,15,10,17,15,18,16,15,16
d03742,cooking,0,0,1,0,1,3,2,1,12,15,24,10,6,16,16,15,1,1,2,2,2,0,1,2,0,1,1,0,1,2,1,1,21,23,19,24,15,25,15,25
d03743,football,1,2,1,5,2,3,0,2,1,2,2,1,1,4,1,2,2,3,2,2,4,2,2,1,44,40,37,35,38,25,27,26,53,63,47,69,78,63,61,47
d03744,astronomy,1,2,0,0,1,3,0,2,2,4,2,0,2,1,4,3,27,43,36,30,37,42,36,33,2,3,2,3,2,1,0,1,60,68,59,56,51,51,51,53
d03745,astronomy,0,0,0,2,3,0,1,1,0,0,1,1,1,1,0,0,20,25,28,20,21,22,33,24,0,1,2,1,0,1,0,0,35,35,40,41,44,35,41,26
d03746,machine_learning,8,8,12,9,12,11,10,12,2,0,0,0,0,0,0,0,0,0,0,0,0,0,1,0,0,0,0,0,0,0,1,0,12,13,14,19,19,20,14,14
d03747,machine_learning,26,22,20,34,23,34,27,21,0,0,0,0,0,1,1,0,1,2,2,1,1,4,4,0,1,0,0,0,0,3,2,2,40,49,34,44,47,40,37,40
d03748,football,0,0,1,1,0,0,0,2,1,0,0,0,1,0,1,0,0,0,0,0,1,0,1,1,7,5,10,5,7,8,8,5,11,15,12,19,14,13,12,11
d03749,machine_learning,3,5,5,6,5,2,7,7,1,0,1,0,0,0,0,0,0,0,1,0,0,2,0,2,0,0,0,0,0,0,0,0,17,13,9,10,5,8,12,14
d03750,football,0,0,1,2,1,1,1,0,1,0,1,0,2,0,1,0,0,2,3,1,0,1,0,1,21,24,11,19,11,19,18,13,28,34,21,23,26,30,34,29
d03751,cooking,2,1,0,0,0,0,1,2,15,16,32,14,24,24,22,20,0,0,2,2,1,2,2,2,3,0,1,3,0,0,2,0,46,41,38,26,33,39,35,33
d03752,football,7,9,6,6,10,9,12,7,4,3,7,10,10,8,3,5,9,5,10,6,15,9,11,8,148,153,135,123,140,125,137,144,242,270,227,267,243,249,240,243
d03753,cooking,0,0,0,2,0,2,0,0,24,11,22,19,16,20,17,11,1,0,1,0,0,0,0,0,0,1,2,0,1,1,1,1,27,23,29,27,21,24,31,31
d03754,cooking,2,2,1,2,1,3,2,2,62,39,41,44,55,35,37,64,0,3,2,2,1,1,2,3,3,2,1,3,0,3,2,1,79,66,68,79,76,77,64,83
d03755,cooking,0,0,1,0,1,0,1,2,7,5,7,2,6,5,8,6,0,1,0,1,0,0,0,0,1,0,0,0,0,1,0,0,8,8,5,13,13,9,9,9
d03756,football,0,0,0,0,0,0,0,0,0,0,0,1,0,0,0,0,0,0,0,1,0,0,0,1,5,2,4,4,2,3,4,3,10,7,6,9,13,7,13,6
d03757,machine_learning,40,42,30,47,30,48,32,37,2,1,3,3,1,3,0,5,1,1,3,2,3,0,3,1,4,1,2,2,1,1,1,2,60,53,63,55,58,56,53,58
d03758,football,0,1,0,0,0,0,0,0,0,0,0,1,0,0,1,1,0,0,0,0,0,0,1,0,4,4,3,5,3,4,2,2,1,1,2,4,9,8,6,3
d03759,football,0,0,0,0,0,2,0,0,0,1,0,1,0,0,0,0,0,0,0,1,0,0,0,0,6,9,10,16,5,8,7,14,21,17,17,18,17,8,10,16
d03760,football,2,1,1,2,3,2,1,3,2,1,4,0,0,1,1,2,0,1,2,2,1,3,0,1,32,32,35,30,45,33,35,36,68,70,44,51,52,48,40,43
d03761,cooking,1,1,0,1,0,0,0,1,13,13,13,11,10,10,7,4,0,0,0,2,2,0,2,0,1,0,0,0,0,0,0,1,26,20,16,19,21,14,16,18
d03762,cooking,0,1,2,0,0,0,0,1,13,10,12,9,14,20,20,10,0,0,1,0,1,0,2,1,3,2,1,0,1,1,1,0,22,21,26,24,23,16,20,22
d03763,cooking,2,4,2,1,4,3,1,2,59,30,36,50,49,47,64,53,5,3,6,0,1,2,3,2,2,2,4,1,5,2,1,2,89,84,80,78,73,74,89,72
d03764,machine_learning,23,19,13,17,12,18,15,15,0,0,0,0,1,1,1,2,3,1,1,1,1,0,1,1,1,0,0,2,1,2,2,0,33,30,32,29,30,30,31,30
d03765,football,1,0,0,0,0,0,0,0,0,1,1,0,0,1,0,1,0,2,0,0,0,0,0,0,10,10,4,6,2,8,4,5,7,10,13,14,9,10,11,2
d03766,machine_learning,27,24,26,22,41,30,30,18,3,0,0,2,0,1,3,1,1,0,0,2,0,2,1,3,1,5,1,2,2,3,0,0,46,36,42,48,53,43,47,50
d03767,machine_learning,8,12,13,7,11,8,7,9,0,1,0,1,0,0,0,2,0,0,0,0,0,0,0,0,0,0,0,1,0,1,1,1,9,6,16,19,12,16,21,12
d03768,football,0,0,1,4,0,2,0,1,1,2,1,2,0,3,1,2,2,1,0,0,0,1,1,0,11,18,23,15,17,24,12,23,36,39,33,33,30,25,31,23
d03769,cooking,1,0,2,1,0,1,0,3,13,10,17,17,13,12,15,17,0,0,2,1,1,0,4,0,1,0,1,2,1,0,0,1,32,29,24,26,37,29,21,30
d03770,astronomy,1,2,2,0,1,1,1,3,1,1,1,2,2,1,1,3,28,26,25,21,25,20,30,22,2,1,0,2,0,2,1,1,38,50,40,49,37,54,52,47
d03771,football,0,1,0,0,0,2,1,0,0,2,0,2,0,0,0,0,0,0,1,0,0,1,0,0,13,3,10,11,8,11,6,6,13,15,11,7,10,11,6,10
d03772,cooking,0,0,1,0,0,0,0,1,5,5,8,7,6,7,4,6,0,0,0,0,0,1,0,0,0,0,0,1,0,0,0,0,6,7,11,8,8,4,11,8
d03773,astronomy,0,1,0,0,0,0,0,0,0,0,0,1,0,0,0,0,5,5,1,4,1,4,1,6,0,0,1,0,0,0,0,0,9,8,4,6,7,5,10,3
d03774,astronomy,2,2,3,2,1,2,0,2,3,1,0,2,2,2,0,1,38,42,37,35,38,39,37,35,1,1,1,0,1,0,3,5,63,55,75,48,60,65,58,54
d03775,astronomy,0,0,1,1,0,0,0,0,0,1,0,0,0,0,1,0,10,8,10,12,15,9,7,9,0,0,0,0,0,0,2,0,23,17,12,14,14,17,17,21
d03776,football,0,0,0,1,2,1,0,1,0,0,0,0,1,0,1,0,1,0,1,0,0,0,0,0,11,9,10,10,7,7,7,6,15,14,23,8,17,12,15,20
d03777,machine_learning,29,31,27,21,33,33,26,34,0,1,2,3,1,1,2,0,1,1,1,2,3,0,1,2,0,1,1,0,2,0,3,1,49,59,52,47,44,42,51,39
d03778,cooking,0,0,0,0,0,1,0,0,4,2,3,7,2,5,1,2,0,1,0,0,0,0,0,0,0,0,0,0,1,0,0,0,10,2,1,4,3,6,7,4
d03779,astronomy,3,0,7,0,1,3,1,1,2,1,1,1,3,0,0,1,42,34,29,36,43,34,41,38,4,4,1,2,4,0,3,3,78,97,60,66,63,69,78,63
d03780,football,0,0,1,0,0,1,0,0,0,1,2,2,1,1,1,0,0,1,3,0,2,3,1,0,14,18,23,12,14,14,17,9,28,21,33,30,31,38,33,32
d03781,machine_learning,14,23,20,16,23,17,13,16,0,1,2,2,0,0,0,0,4,1,0,0,2,0,1,1,0,1,1,0,0,2,0,1,31,33,32,29,28,28,31,37
d03782,football,1,0,1,0,0,0,0,0,0,0,1,0,0,0,0,0,0,0,0,1,0,0,0,0,7,11,14,7,9,7,15,9,23,12,22,7,16,16,12,17
d03783,machine_learning,32,26,25,26,19,17,22,28,3,0,0,0,1,0,1,2,2,0,0,0,4,2,2,2,3,0,1,2,3,0,0,0,40,43,56,30,46,40,31,32
d03784,machine_learning,1,5,12,6,4,5,2,2,0,0,0,0,0,1,0,0,0,1,0,0,1,1,0,0,0,0,0,1,0,1,0,0,11,8,7,5,9,7,11,10
d03785,machine_learning,35,54,27,53,42,56,36,53,3,4,0,1,1,1,1,1,3,2,1,2,2,2,3,3,4,2,4,1,2,6,2,2,81,92,86,80,88,84,83,77
d03786,cooking,0,1,0,0,0,0,0,1,17,6,5,14,6,14,11,12,1,0,0,0,1,1,2,0,0,0,0,1,1,1,1,2,14,26,27,22,24,17,17,19
d03787,astronomy,1,1,1,0,0,0,0,1,0,0,0,1,0,0,2,1,6,8,8,9,13,7,16,13,0,1,1,0,1,1,0,0,14,15,16,26,14,15,25,20
d03788,cooking,1,1,1,1,0,0,0,0,3,9,6,6,5,3,2,5,0,1,0,0,0,0,1,0,0,0,0,2,1,1,0,0,6,5,10,10,10,8,8,8
d03789,machine_learning,45,39,41,38,40,52,51,44,6,4,5,1,2,5,1,3,3,1,0,2,1,0,1,2,4,1,4,2,2,1,4,2,55,54,78,62,84,80,87,70
d03790,cooking,1,4,1,5,2,2,6,5,50,47,47,45,52,45,46,44,1,2,2,0,5,2,1,2,0,2,2,2,2,3,2,5,85,77,97,103,77,90,79,85
d03791,machine_learning,6,7,5,8,13,6,2,14,0,0,1,0,0,0,0,0,1,0,0,1,3,0,1,0,0,0,0,0,2,0,0,1,14,10,14,9,9,11,11,13
d03792,football,0,3,1,1,1,1,1,1,0,1,1,1,4,1,0,0,1,0,0,1,0,1,2,1,20,18,19,16,19,16,18,23,35,38,46,37,26,28,28,27
d03793,cooking,2,5,4,2,1,4,4,2,62,49,62,62,74,53,61,57,3,0,1,9,2,2,3,3,3,2,3,4,3,2,2,3,121,106,113,101,119,109,112,99
d03794,football,0,1,1,0,1,0,0,1,0,0,0,1,1,0,0,0,0,2,0,0,2,0,0,1,16,15,6,9,12,3,12,14,19,18,15,15,20,24,17,13
d03795,football,0,2,1,3,3,4,1,2,1,3,2,0,3,0,2,0,4,2,2,3,2,4,2,2,51,39,43,48,49,36,29,37,56,63,62,65,82,66,54,70
d03796,machine_learning,18,20,21,16,26,19,18,15,1,1,0,2,1,2,0,1,1,0,0,1,0,0,0,0,0,3,1,2,1,0,0,2,29,30,36,37,24,38,39,35
d03797,cooking,0,0,0,0,1,0,0,1,7,5,9,4,7,7,8,6,0,1,0,0,1,1,1,1,0,1,1,0,0,0,1,1,9,9,7,8,11,11,19,10
d03798,astronomy,1,1,3,4,1,1,4,1,0,0,0,0,0,1,1,1,13,24,21,33,24,19,32,22,1,0,1,0,2,1,0,0,26,26,35,34,35,45,41,45
d03799,astronomy,3,3,5,6,3,4,2,1,1,6,1,1,3,3,1,6,71,69,68,76,68,75,91,84,4,4,2,2,5,2,1,3,118,130,124,121,110,110,101,113
d03800,cooking,2,0,0,3,2,1,1,0,17,18,23,20,9,20,30,28,0,1,0,2,0,0,2,0,4,2,0,3,0,3,0,2,39,30,39,38,27,49,42,40
d03801,football,2,2,1,1,1,0,1,0,3,2,0,1,1,0,1,4,0,4,2,2,0,1,1,3,37,35,26,22,40,27,28,32,57,31,41,43,52,61,44,54
d03802,cooking,0,1,0,2,3,3,0,0,24,20,22,20,17,25,27,25,2,1,2,1,1,1,1,1,2,1,0,0,1,1,1,2,26,39,27,30,30,34,31,36
d03803,football,0,0,1,1,0,1,0,0,1,2,0,0,1,0,2,0,1,0,3,0,0,1,1,0,22,23,19,20,19,18,21,17,29,27,34,25,25,23,23,31
d03804,cooking,0,0,1,1,0,1,1,0,15,12,14,10,9,13,11,10,1,0,1,0,0,0,0,1,0,1,2,0,3,0,0,0,20,32,20,28,23,17,13,23
d03805,astronomy,0,0,0,1,0,0,0,1,0,0,0,0,0,1,1,0,5,10,3,9,6,8,8,7,0,0,0,1,1,0,0,1,15,12,12,5,16,14,8,16
d03806,machine_learning,9,13,13,12,8,9,16,9,1,0,1,0,1,0,1,0,1,0,2,0,1,3,1,1,1,1,0,2,1,2,0,1,15,15,20,26,17,13,7,14
d03807,astronomy,1,1,0,0,0,0,0,0,0,0,0,0,0,1,0,0,5,1,7,7,5,2,4,5,0,0,0,0,0,0,0,1,10,11,10,5,8,8,10,17
d03808,football,0,0,0,0,0,0,1,1,0,2,0,0,1,0,0,1,0,1,0,0,0,0,0,0,10,6,3,5,6,4,3,8,10,8,11,13,15,10,7,15
d03809,astronomy,0,1,0,1,0,1,1,0,1,1,0,0,1,0,3,2,16,13,27,12,21,13,21,16,0,0,0,0,1,1,1,2,14,36,32,28,25,20,21,20
d03810,machine_learning,13,25,14,24,23,13,9,21,0,3,0,0,2,1,0,0,0,0,0,1,1,0,0,0,1,0,1,2,2,0,1,0,23,30,28,20,25,36,36,31
d03811,astronomy,1,3,3,1,2,1,1,2,1,0,1,4,0,1,1,2,23,20,29,26,27,30,26,25,2,1,2,1,2,2,0,0,39,59,53,50,43,42,52,42
d03812,astronomy,1,0,0,1,1,0,0,2,0,0,1,0,0,0,0,0,10,11,10,12,17,5,13,17,1,2,1,2,2,1,1,0,23,21,24,25,20,24,15,25
d03813,astronomy,0,0,1,0,0,1,0,2,0,1,0,3,0,0,1,0,10,11,8,6,14,8,5,7,0,0,0,0,0,0,2,1,20,15,15,11,13,10,21,13
d03814,football,1,0,0,1,1,1,1,1,0,0,0,0,0,2,0,0,0,1,0,0,0,1,1,0,5,2,6,8,5,5,4,2,10,5,6,6,9,7,14,4
d03815,cooking,0,1,2,1,1,0,0,0,19,20,13,15,12,12,15,15,1,0,0,0,1,1,1,0,1,0,1,1,0,0,0,1,25,19,19,29,33,23,19,22
d03816,cooking,4,2,0,2,3,0,1,1,44,37,37,43,60,40,45,44,2,2,2,0,3,6,3,6,2,2,2,2,5,1,2,3,69,70,69,90,60,77,81,61
d03817,football,0,0,1,0,0,3,0,0,0,0,0,0,1,1,0,1,1,0,1,0,0,1,0,0,7,6,5,3,8,10,14,8,10,12,9,17,14,14,16,11
d03818,football,1,0,1,0,2,1,1,0,2,1,0,0,0,0,0,1,0,2,1,0,0,0,0,0,8,4,3,7,7,6,7,5,8,14,15,12,10,13,22,12
d03819,football,0,1,0,1,1,0,0,1,0,0,0,0,0,0,2,1,0,0,0,1,1,0,0,0,14,11,8,14,2,9,10,7,18,14,18,24,10,10,23,22
d03820,machine_learning,76,69,79,70,68,69,94,70,2,3,7,3,3,3,2,2,5,3,6,3,0,3,2,3,3,1,3,4,3,1,6,7,115,132,126,135,132,116,105,108
d03821,machine_learning,62,65,48,62,51,64,65,79,3,2,3,2,1,3,3,2,0,5,4,0,2,1,3,1,2,4,2,3,5,1,3,4,119,104,101,111,116,99,118,106
d03822,astronomy,1,1,1,0,0,1,0,0,0,0,2,4,1,2,0,1,17,29,17,17,21,22,26,25,1,3,1,0,1,1,2,1,35,57,41,41,43,33,41,41
d03823,football,0,0,0,0,0,0,0,0,1,1,2,0,0,1,1,0,1,0,1,0,0,0,1,1,8,6,14,6,12,7,8,9,17,15,6,8,10,20,11,19
d03824,machine_learning,67,61,73,57,62,71,70,57,6,2,2,3,4,4,5,2,3,4,5,6,2,4,1,4,6,4,2,1,2,3,6,2,101,117,109,115,99,113,118,119
d03825,astronomy,0,0,0,1,1,1,0,0,1,1,0,0,0,1,0,0,4,9,5,6,7,7,7,7,0,0,0,0,0,0,0,1,8,8,9,10,15,12,13,8
d03826,football,1,0,0,1,0,0,0,0,0,1,0,0,0,0,0,0,0,0,1,0,0,0,0,0,1,8,10,5,8,7,5,14,13,11,8,15,6,6,8,12
d03827,football,0,0,1,3,2,1,0,1,0,0,4,2,1,4,3,1,0,1,2,0,1,3,2,0,33,27,34,26,20,34,31,24,33,55,34,37,59,55,50,38
d03828,astronomy,1,0,0,1,0,1,3,0,0,0,0,0,1,3,0,2,20,20,18,19,21,26,15,24,2,3,2,0,1,1,0,0,37,49,41,46,34,35,32,42
d03829,football,0,1,0,0,1,0,0,2,1,2,3,2,3,2,0,2,2,1,1,1,0,2,2,0,37,32,42,26,17,21,31,33,29,58,44,54,44,48,46,51
d03830,astronomy,0,0,1,0,0,1,0,0,0,1,0,0,0,0,0,1,18,26,19,20,15,16,26,16,0,0,0,1,1,2,0,0,35,27,25,28,29,38,29,27
d03831,football,2,1,0,0,0,1,0,0,0,0,0,2,1,1,0,2,0,3,0,0,0,2,1,0,21,22,18,16,17,19,10,15,26,40,22,31,30,27,29,31
d03832,football,2,1,3,2,3,0,1,2,4,1,4,2,2,2,0,0,3,1,0,1,2,2,2,0,22,31,31,25,27,28,31,32,41,41,48,39,59,42,48,62
d03833,astronomy,0,0,1,1,1,0,0,0,0,0,1,0,2,0,0,0,12,11,11,6,15,11,8,2,0,0,2,0,1,1,0,0,18,18,9,16,21,17,11,20
d03834,machine_learning,12,23,16,14,11,9,13,15,0,2,2,0,1,0,0,0,2,1,2,0,1,1,0,0,1,0,0,0,0,0,3,0,26,20,20,23,26,26,35,22
d03835,astronomy,1,1,3,3,3,2,5,3,3,3,3,0,2,1,5,1,79,71,67,59,86,71,65,78,1,4,5,5,4,2,4,8,116,121,103,117,116,130,141,131
d03836,cooking,2,0,0,1,0,1,1,0,14,13,19,20,21,17,16,20,1,0,0,0,1,1,3,0,1,1,0,0,0,1,0,1,25,32,29,26,23,32,28,31
d03837,machine_learning,4,5,5,0,4,6,5,3,0,0,0,0,1,0,1,0,0,1,0,1,0,0,0,1,0,0,0,0,1,0,0,0,13,11,9,9,7,10,14,5
d03838,astronomy,3,1,0,3,0,2,1,1,0,0,0,1,0,2,2,1,23,27,15,20,26,24,23,27,1,3,1,1,2,1,0,2,33,42,33,37,38,39,39,34
d03839,football,1,0,2,1,0,0,1,1,1,0,0,0,0,1,1,0,0,0,0,0,0,0,0,1,6,7,4,4,0,7,6,1,13,9,11,5,11,5,14,8
d03840,football,0,0,2,0,0,0,1,0,1,0,1,0,0,1,0,0,0,0,1,0,0,1,0,0,11,10,11,7,10,11,12,6,6,11,14,15,16,11,12,10
d03841,machine_learning,13,6,9,5,9,8,13,12,0,2,0,0,0,1,0,0,0,0,0,1,0,0,0,1,0,1,0,1,0,2,0,0,20,19,14,16,21,21,15,18
d03842,machine_learning,18,21,25,17,23,20,26,28,0,0,0,1,1,2,1,0,1,1,1,0,3,2,3,1,1,2,3,0,1,1,0,1,30,44,41,33,39,35,43,42
d03843,machine_learning,19,18,21,18,17,11,22,14,1,0,1,1,2,0,0,0,0,1,0,1,0,2,4,0,0,1,0,0,4,0,0,2,37,24,33,28,29,31,32,38
d03844,machine_learning,15,14,19,9,9,24,15,17,2,2,1,0,1,0,0,2,1,2,0,0,1,0,0,1,0,0,1,3,0,0,2,3,19,21,24,30,25,32,27,23
d03845,astronomy,0,1,2,1,1,1,0,0,1,1,0,0,2,0,2,0,26,22,20,9,18,18,12,25,1,0,1,0,2,1,0,2,30,31,26,19,25,25,42,27
d03846,football,1,1,1,0,0,0,1,0,0,0,0,0,0,0,1,0,0,0,0,1,0,0,0,1,9,1,5,13,8,9,7,6,9,15,19,12,19,11,13,10
d03847,astronomy,0,0,0,0,0,1,1,1,0,0,2,1,0,0,1,0,17,10,16,11,16,10,12,11,1,0,0,0,0,0,1,0,30,20,27,22,17,29,21,21
d03848,machine_learning,10,20,17,9,8,11,13,15,3,0,0,1,1,0,1,1,1,3,0,0,1,0,1,1,1,1,2,1,1,3,0,0,28,24,18,21,19,20,23,23
d03849,football,1,0,0,2,1,0,0,1,1,0,0,1,1,0,0,1,0,0,0,0,0,0,2,1,11,8,8,9,9,7,5,6,8,11,16,15,21,21,13,14
d03850,astronomy,1,0,2,0,3,1,0,0,0,0,0,0,2,0,0,0,8,14,4,6,9,6,10,11,0,0,1,0,2,0,0,0,7,10,15,14,18,13,16,11
d03851,football,1,0,0,0,0,0,0,1,0,0,1,0,0,0,1,1,1,1,1,0,1,0,0,0,7,14,12,12,11,10,18,10,15,19,12,13,23,21,21,20
d03852,astronomy,2,1,0,0,1,0,0,0,0,3,0,0,0,1,1,0,5,11,15,12,7,13,5,12,1,3,0,2,0,1,0,0,21,22,21,21,16,24,17,24
d03853,cooking,2,2,3,5,4,4,0,2,39,57,47,27,52,54,50,48,2,3,3,3,3,2,2,0,2,2,5,2,2,4,2,0,90,82,76,104,70,72,70,72
d03854,football,1,0,0,0,1,0,2,3,1,0,0,1,0,0,1,0,2,2,0,3,0,1,0,1,24,15,20,20,19,21,21,26,44,38,31,41,35,38,27,40
d03855,cooking,0,0,0,0,0,0,0,0,5,2,9,5,6,9,10,5,1,0,0,0,1,0,0,1,0,0,0,0,0,1,0,0,7,9,7,7,5,8,5,5
d03856,astronomy,0,1,0,0,2,2,1,0,1,1,0,0,1,1,0,0,10,16,9,10,5,11,11,7,1,1,1,0,0,0,1,0,14,10,15,13,18,17,17,15
d03857,cooking,0,1,2,3,0,0,3,3,33,34,35,35,35,35,25,32,0,0,2,2,0,2,3,1,1,1,4,1,1,2,1,2,62,62,62,52,59,54,63,57
d03858,astronomy,2,1,2,0,2,1,4,1,3,1,1,2,2,5,2,2,46,46,45,36,49,38,37,52,0,2,4,4,3,2,3,1,85,75,71,71,83,62,91,57
d03859,astronomy,0,0,2,1,1,0,0,0,0,0,1,0,0,2,1,1,5,4,9,8,6,10,9,12,0,0,0,0,1,0,0,0,12,12,17,17,18,13,9,15
d03860,football,0,0,0,0,0,0,0,0,0,0,0,0,0,0,1,0,1,0,0,0,1,1,1,0,13,8,11,11,11,8,13,7,14,17,23,13,19,18,23,11
d03861,cooking,2,0,0,0,0,1,0,0,6,13,11,10,6,12,5,6,1,2,0,0,0,1,1,0,2,1,1,0,0,0,1,0,16,16,13,16,13,18,16,16
d03862,astronomy,1,1,0,1,0,0,1,1,0,0,0,1,1,1,0,2,12,10,11,11,10,12,15,11,2,0,0,1,1,0,1,0,19,23,19,15,24,22,27,16
d03863,astronomy,3,2,2,1,3,4,4,1,1,0,2,5,1,3,1,2,44,38,45,42,49,46,43,44,2,2,2,1,2,1,2,1,75,90,84,71,96,79,98,80
d03864,cooking,3,2,2,2,0,2,3,1,29,27,26,30,25,35,34,28,1,1,1,3,1,0,0,0,3,1,1,1,1,0,0,7,42,51,60,52,60,58,45,40
d03865,astronomy,1,0,1,0,2,0,0,0,0,0,0,0,0,1,0,0,8,7,10,7,4,4,6,5,0,1,2,0,0,0,0,0,17,11,11,13,6,8,12,10
d03866,astronomy,6,1,0,7,7,2,6,4,1,2,7,2,2,2,3,2,56,57,56,41,51,61,57,71,0,2,0,6,3,1,1,2,92,86,86,83,92,91,83,102
d03867,astronomy,8,6,8,12,8,8,8,11,11,4,5,6,7,3,8,6,175,177,168,193,178,176,175,170,14,10,9,6,5,10,11,5,288,264,301,317,292,311,274,301
d03868,astronomy,0,0,1,0,0,0,0,0,0,0,1,0,0,0,0,0,6,2,6,6,2,5,6,3,0,0,0,0,0,0,0,0,9,9,9,13,13,11,12,10
d03869,astronomy,2,0,2,2,2,2,0,1,1,3,2,1,0,2,1,4,30,44,39,48,34,35,40,31,2,2,2,0,4,3,3,1,62,71,62,58,68,62,62,63
d03870,astronomy,1,1,1,1,0,0,0,0,1,1,1,0,0,0,1,0,10,7,17,20,10,16,7,11,2,0,0,0,0,1,0,0,20,30,26,17,20,22,11,16
d03871,cooking,0,0,0,0,2,0,0,0,7,2,9,6,2,5,6,5,0,1,0,0,0,0,0,0,0,0,0,1,0,0,1,1,10,18,6,12,9,12,17,9
d03872,football,0,1,0,0,0,1,0,2,0,0,1,1,0,0,0,0,0,0,0,1,0,1,0,0,6,8,8,4,7,7,5,6,10,10,12,8,7,3,7,8
d03873,football,3,4,6,3,3,2,1,5,3,1,1,6,4,4,3,2,3,3,4,2,4,3,5,5,63,53,46,50,58,48,64,49,79,86,89,72,87,85,105,90
d03874,cooking,2,1,1,2,1,0,1,2,16,21,10,23,18,22,22,26,1,0,2,1,3,1,2,1,1,0,0,0,2,1,3,0,33,37,34,25,34,25,36,34
d03875,machine_learning,4,4,9,1,6,8,3,8,0,0,1,0,0,0,0,0,0,0,2,0,1,0,0,0,2,0,2,0,1,0,0,0,10,9,9,7,8,4,7,4
d03876,astronomy,1,0,0,1,1,0,0,1,3,0,2,0,0,0,1,0,14,20,14,16,15,16,15,13,1,0,0,0,1,2,2,1,31,20,25,26,29,26,21,29
d03877,astronomy,0,2,1,3,1,0,1,0,2,1,2,2,1,0,1,1,13,30,21,18,19,21,24,19,2,2,1,1,1,2,2,0,45,50,45,42,61,39,47,35
d03878,astronomy,0,0,1,0,0,1,0,0,1,0,0,0,0,1,0,0,6,5,2,5,3,2,5,0,0,0,0,0,0,1,0,0,7,7,10,5,11,5,10,5
d03879,machine_learning,22,29,17,20,31,22,28,25,1,1,1,1,1,2,1,3,2,0,2,3,0,0,1,0,3,1,2,1,0,1,1,0,42,37,46,39,27,48,44,45
d03880,cooking,1,1,0,0,0,0,0,0,13,7,16,8,8,14,6,12,0,0,0,0,0,1,1,0,1,0,1,0,1,0,0,1,13,15,14,17,18,7,10,12
d03881,football,2,2,1,3,1,1,3,2,5,1,2,4,2,1,3,0,3,2,3,1,2,0,4,1,36,42,44,34,50,38,35,29,79,54,57,53,77,56,69,70
d03882,cooking,1,0,0,0,2,0,3,2,13,10,13,7,7,9,6,17,0,1,1,0,1,1,1,1,0,0,1,1,0,0,1,1,14,23,12,22,21,14,20,20
d03883,football,0,0,0,0,0,0,3,0,2,0,0,0,2,1,0,0,2,0,0,2,1,0,1,0,7,10,7,10,8,5,12,7,14,15,14,10,11,9,8,12
d03884,machine_learning,4,1,2,6,4,6,3,2,0,0,0,0,0,1,0,1,1,1,0,0,0,0,1,0,0,0,0,0,0,0,0,0,1,8,4,13,6,9,4,6
d03885,cooking,0,0,0,0,0,0,0,1,6,10,3,3,6,4,6,8,0,0,1,1,0,0,0,0,0,0,0,1,0,1,1,0,12,12,14,9,17,8,13,12
d03886,football,0,1,0,1,0,0,0,2,1,0,0,0,1,0,0,0,1,0,0,1,1,0,1,0,10,7,6,8,7,8,5,5,13,9,13,18,17,10,14,10
d03887,astronomy,1,2,1,0,1,2,5,0,1,2,1,2,2,0,1,1,31,44,43,31,40,46,46,33,1,4,2,0,0,2,1,3,68,60,47,43,59,54,67,55
d03888,cooking,0,0,0,0,0,1,0,0,5,3,3,1,5,6,5,3,0,0,0,0,0,0,0,0,0,1,0,0,0,0,0,0,8,8,4,5,7,5,6,8
d03889,cooking,1,1,0,1,0,0,0,1,7,17,6,15,10,15,13,9,1,1,0,0,0,0,0,0,1,0,2,1,0,0,1,1,14,17,13,13,20,13,13,17
d03890,machine_learning,2,11,7,9,7,5,6,14,0,1,0,1,1,0,0,2,0,0,0,0,0,1,0,1,0,0,0,0,2,0,1,1,8,8,12,17,8,8,17,13
d03891,astronomy,2,4,2,3,3,7,2,7,5,4,12,9,6,3,5,8,111,98,105,100,103,103,104,106,4,2,2,4,3,7,2,8,144,160,161,191,172,185,175,184
d03892,cooking,0,1,0,1,0,1,0,0,7,11,7,8,8,6,8,5,0,1,1,1,1,0,0,0,0,0,0,0,1,0,1,0,9,12,7,5,16,11,12,13
d03893,astronomy,0,1,0,1,2,0,2,2,1,1,0,1,0,2,0,1,16,18,18,20,14,22,20,17,2,2,2,2,1,1,1,2,24,25,26,25,26,27,30,28
d03894,cooking,1,0,0,0,0,0,0,0,5,7,4,5,6,6,8,3,1,0,0,0,0,0,0,0,0,0,0,0,0,0,0,0,9,6,5,6,5,5,7,7
d03895,football,1,1,1,1,2,2,1,0,1,2,0,0,2,1,1,1,1,1,1,2,0,2,1,0,14,17,29,23,32,24,21,33,28,32,36,41,29,40,37,42
d03896,football,0,0,0,1,2,0,1,2,0,0,0,0,0,0,1,0,0,0,0,0,0,0,1,0,6,4,6,3,4,5,6,7,13,11,8,13,8,9,10,12
d03897,astronomy,0,1,0,0,0,1,0,1,0,0,0,0,0,0,0,0,1,6,4,7,2,5,2,7,0,0,0,0,0,0,0,0,11,2,4,10,5,6,11,8
d03898,cooking,2,2,0,1,1,1,1,0,12,16,15,10,14,12,13,14,0,0,1,0,1,0,1,0,1,0,0,2,0,0,0,0,16,24,12,27,13,29,18,16
d03899,football,0,1,0,0,0,1,0,0,0,1,0,0,0,2,1,0,0,3,0,0,0,0,1,0,9,7,11,7,15,3,9,5,14,11,11,11,12,14,13,17
d03900,astronomy,0,0,2,0,0,0,1,0,2,0,0,1,1,1,0,0,12,18,24,15,23,16,16,21,0,1,0,1,0,1,1,1,35,41,40,37,32,18,32,34
d03901,astronomy,0,0,0,1,0,1,0,0,1,0,2,0,0,1,1,1,18,9,7,13,20,18,12,14,1,0,0,0,0,0,1,0,19,40,24,24,36,31,31,31
d03902,machine_learning,6,6,9,5,2,6,11,9,0,0,0,2,0,1,0,0,0,0,2,0,0,0,0,1,0,1,1,0,0,1,1,1,12,11,13,14,10,15,13,10
d03903,machine_learning,18,12,7,3,18,6,14,23,0,2,0,0,3,1,0,0,1,3,2,0,0,0,1,0,0,0,1,1,0,2,0,0,24,20,20,24,28,23,25,22
d03904,football,2,3,4,2,3,2,4,2,0,1,1,4,1,0,2,3,2,3,0,1,2,1,1,0,32,31,32,22,31,28,30,28,41,37,44,54,45,49,48,52
d03905,machine_learning,11,12,15,13,16,11,19,14,1,1,2,0,0,0,0,3,0,1,0,1,1,0,0,1,2,0,1,1,1,1,0,0,24,22,22,26,31,17,20,30
d03906,machine_learning,10,13,6,3,5,8,9,8,0,1,0,0,0,0,0,0,0,2,1,2,1,1,0,0,0,0,1,0,2,0,0,0,13,8,13,12,12,12,13,13
d03907,machine_learning,21,16,18,18,19,14,19,15,1,0,1,0,0,2,0,1,0,0,1,0,1,1,1,0,1,2,1,0,1,2,1,0,29,29,26,23,28,27,18,26
d03908,astronomy,3,4,3,0,1,3,0,0,2,2,1,0,3,1,2,0,15,20,21,37,26,26,23,19,2,1,2,2,1,1,0,1,44,49,50,39,38,40,39,37
d03909,machine_learning,8,18,4,17,11,18,10,12,3,0,0,0,0,0,0,1,0,0,1,1,1,1,1,1,0,1,0,0,1,0,0,1,17,29,17,27,18,21,12,21
d03910,cooking,1,0,0,0,0,0,0,0,5,6,5,5,2,6,5,5,0,0,1,1,0,0,0,0,0,0,0,0,0,0,2,0,15,3,10,12,9,9,10,8
d03911,astronomy,1,0,0,1,0,1,0,0,1,1,1,1,0,2,1,2,26,11,17,17,15,17,25,17,1,0,0,0,0,1,0,0,30,34,35,33,35,33,35,32
d03912,astronomy,0,1,0,0,0,2,2,1,0,0,0,0,0,0,0,0,13,9,13,8,13,17,7,6,1,1,0,0,0,2,2,3,19,22,23,21,16,15,24,15
d03913,machine_learning,42,31,47,37,37,44,57,28,1,0,1,4,0,0,1,2,2,4,2,0,1,1,0,0,1,2,1,0,3,1,3,1,63,50,55,73,77,71,81,77
d03914,astronomy,0,1,1,2,1,1,3,2,0,2,0,0,1,2,0,0,22,21,8,16,17,23,21,19,2,1,1,0,1,2,1,0,24,21,25,32,33,33,32,29
d03915,astronomy,0,0,0,2,0,0,0,1,0,0,0,0,1,1,0,0,7,7,9,6,5,10,7,12,0,0,0,1,0,1,0,0,10,7,9,9,9,12,8,12
d03916,cooking,0,0,0,0,0,2,1,0,9,6,10,13,11,4,6,9,0,0,0,0,0,1,0,0,0,0,0,0,1,0,0,0,11,11,13,14,17,15,12,11
d03917,football,1,1,1,1,2,0,0,1,0,1,1,2,2,0,2,0,1,1,1,0,1,2,1,0,15,15,20,21,26,21,13,12,25,28,30,23,35,29,41,22
d03918,cooking,1,1,0,0,0,1,2,0,9,5,7,5,10,6,6,5,0,0,0,0,1,1,0,1,0,0,0,0,1,1,0,0,11,6,14,9,6,10,13,8
d03919,machine_learning,47,31,36,38,35,36,48,46,1,2,2,2,3,2,2,2,1,0,0,0,4,0,5,3,3,1,1,4,1,1,3,2,49,63,56,56,53,49,76,53
d03920,cooking,2,1,2,3,3,1,2,2,37,30,36,39,35,38,44,39,1,2,1,1,0,3,1,1,3,2,3,0,2,3,4,1,59,65,57,63,43,57,56,61
d03921,football,2,0,0,1,0,1,1,1,1,1,2,0,3,2,1,0,0,0,0,0,1,0,0,2,16,21,21,27,14,18,14,19,35,27,27,26,31,25,29,28
d03922,football,1,1,0,1,1,0,0,1,0,1,1,3,1,1,0,1,0,0,0,1,0,0,0,2,10,13,9,12,9,13,15,14,22,19,29,25,26,18,16,16
d03923,football,1,0,0,1,1,3,2,0,0,0,1,2,1,0,0,1,2,0,0,0,1,1,2,1,15,11,19,12,17,12,11,15,27,41,40,36,27,37,35,29
d03924,football,2,0,1,0,0,1,1,1,0,0,0,2,0,0,0,0,0,0,0,0,1,1,0,0,5,5,2,6,5,3,6,4,3,6,7,9,4,7,10,6
d03925,football,1,0,1,0,0,1,4,0,1,2,1,0,0,2,1,1,1,1,0,0,1,2,0,2,18,9,16,13,14,12,13,13,21,16,25,30,31,26,22,24
d03926,football,0,1,1,0,0,1,1,0,1,2,2,3,0,0,2,0,2,4,1,1,1,4,0,0,24,19,17,24,20,19,16,22,48,39,45,33,41,31,35,29
d03927,cooking,1,0,0,2,0,1,1,0,11,12,17,9,13,10,9,9,1,0,0,1,0,1,0,1,1,0,1,0,2,0,2,0,16,13,14,16,14,17,12,13
d03928,machine_learning,9,7,6,6,7,5,8,6,0,0,0,0,0,0,2,0,0,0,0,0,0,0,0,1,0,0,0,0,0,0,0,0,9,5,4,12,10,10,11,8
d03929,football,1,0,0,0,1,0,0,1,0,1,0,1,0,0,4,1,1,0,1,0,0,1,1,1,14,20,10,19,16,18,17,17,19,22,30,30,23,21,26,24
d03930,machine_learning,13,12,20,13,16,14,13,18,1,0,2,1,1,1,0,1,2,0,0,1,1,0,0,2,2,0,0,1,2,0,1,0,20,24,23,26,30,25,25,17
d03931,cooking,1,0,1,0,0,2,0,0,18,13,15,15,15,20,11,25,0,4,0,1,0,0,0,0,0,1,0,1,0,0,4,1,25,27,22,29,26,39,24,34
d03932,machine_learning,3,11,12,8,8,4,9,12,0,0,1,1,2,0,0,0,0,1,0,1,1,0,0,0,0,1,0,1,0,1,0,0,20,17,17,16,13,21,21,22
d03933,football,2,1,3,0,0,2,2,2,1,2,5,2,2,1,3,0,2,3,3,4,6,2,2,2,50,48,60,68,50,51,61,41,81,92,92,85,91,85,90,84
d03934,machine_learning,16,24,36,29,25,32,26,25,0,1,1,1,1,1,3,1,1,2,0,1,1,1,7,0,0,2,1,2,0,2,0,1,39,42,47,29,36,48,49,35
d03935,cooking,1,0,0,0,0,0,2,2,11,8,11,8,4,10,11,10,0,0,0,0,0,1,0,0,0,0,0,1,1,0,0,0,13,22,19,16,12,10,18,18
d03936,football,3,1,2,4,2,2,2,2,5,2,4,4,4,4,3,0,3,3,3,4,3,1,5,3,62,49,56,62,67,56,60,53,101,105,84,105,96,86,106,95
d03937,cooking,0,0,0,0,0,0,0,0,6,2,4,7,2,9,4,8,0,1,1,0,0,0,0,0,0,0,0,1,0,1,0,0,10,5,9,10,5,9,11,7
d03938,astronomy,2,1,0,1,3,1,0,0,0,1,2,1,0,0,0,1,21,12,13,25,17,16,17,16,4,1,3,1,0,2,3,0,35,31,36,34,28,29,20,21
d03939,cooking,2,2,0,2,3,1,3,0,28,26,22,21,30,35,19,22,1,1,2,0,0,0,1,2,0,1,1,1,0,0,1,1,41,44,48,39,33,29,39,39
d03940,football,0,0,1,1,3,0,2,0,1,0,2,2,0,0,0,1,0,0,0,0,1,1,0,0,16,15,24,18,14,13,20,17,29,29,16,19,34,24,26,34
d03941,machine_learning,13,9,9,15,13,9,15,15,1,0,1,2,0,1,0,1,0,0,2,0,0,1,0,0,2,1,0,0,0,1,1,0,20,23,18,9,21,20,16,10
d03942,machine_learning,54,69,59,52,71,68,50,61,2,2,3,5,6,4,2,1,0,2,2,2,1,4,2,1,4,1,4,5,0,2,2,3,114,83,92,95,94,82,88,77
d03943,cooking,0,1,0,0,0,0,0,0,13,8,8,10,11,9,13,14,1,0,1,0,0,2,1,0,0,0,1,1,1,1,0,0,15,27,18,12,22,19,21,18
d03944,cooking,0,0,2,2,2,0,1,0,10,14,9,15,15,14,11,9,0,2,1,1,1,0,2,1,2,0,1,1,0,0,0,0,17,23,18,28,14,14,15,14
d03945,machine_learning,12,10,11,7,8,13,13,10,0,1,0,1,0,1,1,1,1,0,0,0,1,1,0,0,1,3,0,0,1,1,0,0,10,16,11,13,13,19,22,16
d03946,astronomy,2,0,0,0,2,1,0,1,0,1,0,2,1,1,3,2,16,15,19,14,28,23,19,19,1,3,0,2,0,2,2,0,25,28,40,36,31,28,39,30
d03947,cooking,0,0,3,0,2,0,1,1,17,28,20,14,20,20,24,27,3,0,1,1,1,1,1,0,0,2,0,0,2,1,3,1,40,35,34,35,31,42,29,38
d03948,astronomy,1,2,0,0,0,1,0,2,1,1,1,1,0,1,2,0,13,9,14,10,8,10,6,10,1,0,0,1,1,0,0,1,14,22,16,21,14,20,11,9
d03949,cooking,2,1,4,0,1,1,1,0,42,33,36,30,24,33,22,32,2,2,5,0,0,0,1,1,1,1,0,0,2,3,4,0,60,43,59,33,60,57,59,57
d03950,football,0,0,0,0,0,0,0,0,0,0,1,1,0,0,0,0,0,0,0,0,1,0,1,0,3,3,6,6,6,4,5,1,8,7,4,11,8,6,10,7
d03951,cooking,1,0,0,0,0,1,0,0,3,3,4,5,5,6,5,3,0,0,0,0,0,1,0,1,0,0,1,0,0,0,0,0,4,5,4,10,8,8,9,3
d03952,machine_learning,15,6,13,12,8,11,14,14,0,0,0,1,0,2,0,0,1,2,0,0,2,0,3,2,2,0,0,0,2,0,2,1,21,18,21,18,22,18,10,26
d03953,football,0,0,1,1,0,1,2,0,1,1,0,0,0,1,1,0,0,0,0,0,1,0,1,1,15,14,15,17,20,25,19,14,24,23,17,17,26,32,20,34
d03954,machine_learning,16,20,15,22,17,14,19,19,1,0,0,1,0,0,1,0,3,0,0,0,1,2,0,2,0,0,1,0,1,1,1,0,19,36,26,22,33,23,22,23
d03955,football,3,0,0,3,3,4,1,1,0,0,2,0,0,0,0,2,0,0,1,1,0,1,1,3,24,26,16,23,24,21,25,18,27,40,40,40,36,44,45,37
d03956,cooking,2,0,1,0,0,2,0,0,13,8,15,11,15,13,17,17,0,1,0,0,1,0,0,0,0,2,0,0,0,0,0,2,18,19,13,20,12,20,16,26
d03957,machine_learning,6,8,10,10,8,9,7,6,0,1,2,0,1,0,0,0,0,0,1,0,1,0,0,0,1,0,0,0,2,0,0,2,24,23,14,19,12,20,18,23
d03958,astronomy,0,1,1,0,0,0,1,1,1,2,0,0,0,0,1,1,10,11,9,7,12,8,8,9,0,0,0,1,0,0,0,0,7,7,13,9,21,11,15,14
d03959,football,2,2,1,1,0,1,1,1,1,0,1,3,0,2,0,1,0,0,0,0,0,1,0,0,20,16,13,16,25,26,24,18,29,28,30,29,31,41,29,32
d03960,football,0,0,1,1,0,1,0,0,0,0,0,1,1,1,0,0,0,0,1,0,1,2,1,0,9,12,14,13,9,12,13,12,21,13,16,20,18,23,19,17
d03961,cooking,1,1,4,1,1,0,1,4,39,26,32,31,36,27,30,26,2,0,3,1,2,0,3,1,0,4,2,0,3,1,1,1,52,54,61,57,56,49,57,45
d03962,football,3,1,4,6,3,3,5,4,1,3,4,2,2,5,7,1,6,3,4,3,3,3,3,6,73,70,70,73,58,85,66,80,112,123,136,127,128,131,104,121
d03963,cooking,1,1,1,3,0,2,3,0,32,30,31,25,35,35,29,28,3,3,2,0,0,0,1,2,1,2,1,3,0,2,3,1,53,46,50,51,53,49,42,55
d03964,football,0,0,2,1,0,0,1,1,0,1,0,0,0,0,0,2,0,0,0,2,1,0,2,0,12,7,13,17,17,22,15,13,31,22,23,26,20,21,22,19
d03965,machine_learning,13,17,13,13,7,19,16,23,1,1,0,0,0,2,1,0,0,0,0,0,1,0,0,0,2,2,0,0,0,0,0,1,22,23,23,33,18,27,12,25
d03966,cooking,0,1,1,1,0,0,1,1,16,11,14,19,18,13,22,17,0,0,2,0,0,1,1,2,3,1,2,2,1,0,0,1,27,32,24,20,25,20,23,21
d03967,machine_learning,13,19,18,14,12,7,19,15,0,0,1,0,1,0,0,1,0,0,0,0,0,1,0,1,1,0,0,0,2,0,1,1,15,26,24,22,17,22,29,22
d03968,astronomy,2,3,4,4,5,4,2,7,4,5,4,4,6,7,7,4,74,75,69,111,85,59,82,77,6,6,6,7,2,5,1,3,127,134,123,127,111,146,147,124
d03969,football,6,0,0,1,3,0,1,0,2,1,3,1,0,2,0,1,0,0,3,0,2,2,2,4,30,30,26,30,18,37,25,29,45,45,38,40,44,57,48,47
d03970,football,2,0,0,0,0,1,1,1,2,0,2,1,3,0,3,1,1,0,1,0,0,2,0,1,26,20,20,18,27,28,18,22,37,29,26,30,30,36,33,28
d03971,machine_learning,8,7,13,9,11,12,9,6,1,0,1,0,1,1,0,0,0,0,0,0,1,0,0,1,0,0,1,2,0,0,0,0,16,13,22,17,10,15,19,16
d03972,football,0,0,0,0,0,0,1,1,0,0,0,0,0,0,0,0,1,0,0,0,0,0,2,0,7,4,5,9,6,3,7,4,7,11,16,8,6,9,14,10
d03973,cooking,2,0,0,0,0,0,0,1,8,9,11,7,8,8,11,8,0,1,0,2,2,0,0,2,0,1,1,0,0,0,0,1,17,15,20,15,18,22,23,16
d03974,cooking,1,1,1,0,5,2,0,1,21,8,14,21,21,11,18,22,0,1,0,1,0,0,0,1,0,1,1,2,1,0,1,1,23,17,18,23,18,20,23,20
d03975,cooking,0,0,0,0,0,0,0,1,6,3,6,7,5,4,5,9,0,0,0,0,0,0,0,0,0,0,0,0,0,1,0,1,4,12,7,15,8,9,6,3
d03976,football,4,3,2,2,5,0,2,8,5,3,8,1,6,2,1,4,2,5,1,2,2,3,4,3,50,60,53,55,62,55,49,68,99,113,97,75,82,95,102,77
d03977,machine_learning,7,4,7,5,12,5,7,6,0,0,0,1,0,0,0,0,1,0,0,0,1,0,1,0,0,0,1,0,1,0,0,1,21,17,12,13,16,16,13,19
d03978,machine_learning,6,6,7,5,6,8,5,6,0,0,0,1,0,1,0,0,0,1,0,0,0,0,0,0,0,0,0,0,0,0,0,0,7,14,5,8,13,8,12,10
d03979,machine_learning,23,22,18,20,19,15,16,22,1,2,1,0,0,1,0,1,2,1,1,0,1,1,0,1,2,3,1,2,0,2,0,1,29,26,28,27,34,30,22,37
d03980,astronomy,1,0,0,0,1,0,0,0,0,0,0,0,1,1,0,0,17,18,7,10,10,11,16,12,0,1,0,0,3,1,1,0,25,15,18,21,9,18,12,15
d03981,astronomy,1,0,1,0,1,1,1,1,0,1,0,1,2,0,0,0,8,5,10,5,11,8,8,11,0,0,0,1,0,0,0,1,9,5,12,12,16,5,9,19
d03982,football,0,0,1,1,0,0,0,2,0,0,1,0,0,0,1,2,1,0,0,0,0,2,0,0,5,6,7,6,12,6,5,7,10,3,13,10,9,12,10,13
d03983,astronomy,3,2,1,0,2,4,1,5,0,1,1,1,1,2,0,5,40,35,41,25,36,29,41,41,2,0,2,3,2,1,1,1,52,45,42,59,53,64,51,55
d03984,machine_learning,27,16,17,18,19,20,14,15,1,0,3,1,0,1,0,0,0,1,2,0,0,1,4,0,0,2,1,2,0,0,0,2,34,30,38,32,22,27,27,27
d03985,cooking,6,5,3,2,7,2,2,0,59,71,60,57,54,55,58,46,1,3,1,0,2,1,1,4,3,2,2,2,5,5,1,7,98,80,96,95,85,107,81,96
d03986,cooking,0,2,0,0,1,1,0,0,11,12,5,8,6,10,11,19,0,0,1,0,0,0,0,0,0,0,1,1,0,0,1,0,21,21,30,17,30,23,23,19
d03987,machine_learning,23,31,34,30,22,27,27,21,0,2,2,1,2,1,4,1,3,0,1,2,0,2,5,2,1,3,1,4,2,1,0,0,39,50,41,48,28,54,49,45
d03988,cooking,0,0,0,0,1,0,0,0,8,11,10,6,14,11,6,7,0,0,0,0,1,1,1,0,0,1,2,0,1,0,0,2,15,17,20,19,21,18,17,16
d03989,football,1,0,0,0,0,1,0,0,0,0,0,0,0,0,0,0,2,0,1,0,0,1,0,0,10,12,7,6,4,12,5,6,12,13,12,12,16,17,16,16
d03990,football,0,2,0,0,0,1,0,0,1,0,0,1,1,0,0,1,0,0,0,1,0,1,0,0,9,9,6,9,8,12,13,14,16,17,29,15,12,16,17,15
d03991,football,2,1,2,1,0,0,0,0,0,0,2,0,0,1,1,0,0,0,1,0,1,1,0,0,10,15,15,11,14,8,9,17,29,23,21,27,20,20,20,26
d03992,machine_learning,21,16,18,22,22,26,25,26,0,0,2,0,2,0,2,0,1,0,2,1,1,0,1,3,1,0,1,2,1,1,2,1,38,48,42,29,43,38,30,35
d03993,machine_learning,27,28,31,27,27,33,38,26,0,1,0,3,3,2,1,4,1,4,1,2,1,2,4,0,3,1,0,1,0,0,0,2,38,56,57,60,50,39,52,53
d03994,machine_learning,9,4,9,5,6,6,7,10,1,0,0,1,1,0,0,1,0,0,0,1,1,0,1,0,0,0,0,2,2,0,1,1,18,17,11,28,19,20,17,24
d03995,cooking,2,1,4,2,3,2,2,4,65,51,41,53,53,43,46,34,3,0,3,4,1,4,5,3,2,3,1,3,4,6,1,3,81,55,90,71,78,87,73,78
d03996,football,2,1,1,4,0,1,0,4,1,1,1,1,2,0,1,3,4,5,4,3,2,1,4,1,31,33,23,26,34,36,33,34,53,42,48,46,51,58,49,44
d03997,astronomy,1,0,0,1,0,0,0,0,1,0,0,0,0,0,0,0,12,6,8,7,12,10,5,7,0,0,0,2,0,0,1,0,11,18,11,7,11,8,10,16
d03998,astronomy,2,1,1,2,0,2,1,1,2,1,0,0,1,1,0,0,17,32,22,22,19,27,25,27,0,0,0,0,1,0,0,0,33,30,40,39,33,31,31,28
d03999,machine_learning,12,8,15,7,10,7,14,14,0,0,0,0,2,0,1,0,0,1,0,0,1,1,0,0,1,0,0,0,0,0,0,2,20,18,12,13,15,13,16,21
d04000,machine_learning,56,64,70,56,53,56,64,57,4,1,3,1,5,2,2,4,3,1,3,3,3,3,2,2,1,5,0,2,5,1,5,2,98,97,99,99,104,123,84,93
d04001,machine_learning,18,23,18,26,31,25,23,25,1,1,0,2,0,0,0,1,0,2,2,2,0,0,0,1,2,3,2,0,0,0,2,1,36,43,36,42,41,31,35,49
d04002,football,0,0,0,2,0,0,0,0,1,0,0,1,0,1,0,0,0,1,0,0,0,0,0,0,10,8,11,8,5,9,6,4,11,7,12,8,9,14,11,6
d04003,cooking,0,0,0,0,0,0,0,0,9,7,13,10,5,11,5,5,1,0,1,0,0,3,0,1,0,0,0,1,0,0,0,3,17,23,17,14,6,19,24,18
d04004,football,1,2,3,4,2,1,4,1,2,1,2,3,1,2,0,3,3,1,3,0,4,2,2,2,62,48,49,42,53,34,56,47,95,69,84,81,101,97,81,79
d04005,astronomy,1,0,0,1,0,1,0,1,2,1,0,0,0,0,1,0,8,10,10,7,13,14,16,13,0,1,1,1,1,0,0,2,25,13,25,12,21,20,23,21
d04006,football,0,2,0,0,2,0,0,1,2,0,0,1,0,1,0,1,0,0,1,0,0,0,0,0,12,6,13,11,7,8,6,12,9,5,16,7,22,19,14,14
d04007,machine_learning,9,8,12,13,12,12,10,6,0,1,0,0,2,0,1,0,1,1,0,1,0,0,0,1,0,0,0,1,0,1,0,0,19,13,11,20,18,12,12,11
d04008,astronomy,7,2,1,2,1,1,1,1,3,1,1,0,0,3,1,2,28,37,26,29,27,32,34,22,1,2,1,2,3,2,1,1,59,56,56,69,42,42,59,61
d04009,machine_learning,6,4,10,4,8,5,6,7,0,0,2,0,0,0,0,0,0,0,0,0,0,1,0,0,0,1,0,0,0,0,1,0,14,10,7,7,11,11,10,7
d04010,football,3,1,0,3,4,2,2,2,0,2,2,1,3,2,1,2,4,1,0,2,2,1,2,2,40,48,36,40,65,45,46,51,84,60,72,83,81,66,68,85
d04011,machine_learning,6,7,7,4,6,2,2,6,0,0,0,1,1,1,0,1,0,2,0,0,0,0,0,1,0,0,0,0,0,0,1,0,9,5,9,5,6,14,9,14
d04012,cooking,1,1,0,0,0,0,0,2,19,14,15,11,20,15,12,17,0,1,2,0,1,1,2,1,1,0,1,1,0,1,0,1,19,21,31,26,26,25,20,31
d04013,astronomy,0,0,0,0,1,0,1,0,1,1,1,1,0,0,1,0,13,13,11,11,13,10,15,14,1,0,0,0,0,0,0,0,25,14,23,13,26,21,9,12
d04014,machine_learning,18,15,15,10,13,17,20,12,1,0,0,0,0,1,1,0,0,1,2,1,0,0,0,2,2,0,1,2,2,1,0,1,25,28,35,31,33,22,34,37
d04015,astronomy,0,0,1,0,0,0,0,0,0,1,0,1,0,0,0,1,6,5,2,4,8,2,9,5,0,0,2,0,1,1,0,0,10,5,5,14,10,8,5,14
d04016,machine_learning,52,35,40,44,35,28,33,47,1,3,0,1,0,1,1,1,5,1,0,2,2,1,5,2,3,2,5,5,3,4,1,3,84,63,75,72,74,86,66,67
d04017,astronomy,1,0,0,0,1,0,0,2,0,0,2,1,1,1,0,0,13,12,7,11,9,16,10,7,0,2,1,0,1,1,1,0,11,20,15,15,8,21,12,14
d04018,astronomy,4,4,2,3,1,0,0,1,1,2,1,1,0,0,0,0,35,23,25,27,35,36,26,23,0,1,3,0,0,0,1,1,39,31,44,47,45,45,49,47
d04019,astronomy,0,1,0,1,1,0,0,1,0,0,3,1,0,3,0,0,14,19,13,11,15,11,13,11,0,1,0,1,0,1,0,1,21,24,34,11,26,24,33,33
d04020,cooking,1,0,0,1,0,0,0,0,8,8,5,8,4,2,6,15,0,0,0,0,0,0,0,0,0,0,0,0,0,0,0,1,7,4,14,6,9,13,8,14
d04021,machine_learning,5,4,3,6,4,3,2,6,0,0,0,2,0,0,0,0,0,1,0,1,0,1,0,0,0,0,0,0,0,0,0,0,15,5,10,9,9,9,6,10
d04022,cooking,0,1,1,1,0,0,1,0,6,4,10,8,7,10,4,6,0,0,0,0,0,2,1,2,0,0,0,0,0,0,0,0,9,16,20,10,10,15,5,6
d04023,cooking,2,1,0,1,1,1,1,0,34,27,28,21,35,27,35,32,1,1,1,1,4,3,3,2,1,1,1,2,2,2,0,1,56,50,55,47,42,44,49,32
d04024,cooking,1,2,1,0,0,3,2,4,31,26,19,28,22,31,30,33,2,1,0,0,1,0,2,3,1,0,1,3,0,2,2,1,49,52,49,48,40,39,40,46
d04025,football,0,0,0,0,0,1,0,3,2,1,1,0,0,0,0,1,1,2,0,0,1,0,1,2,10,7,11,11,12,10,14,5,10,16,22,16,21,15,5,17
d04026,cooking,0,2,0,0,1,3,1,1,17,21,19,18,7,19,17,24,0,0,0,1,2,1,0,3,1,1,0,0,2,2,1,1,34,49,40,36,33,31,27,25
d04027,machine_learning,12,13,16,12,17,10,11,15,0,1,1,1,0,0,0,0,0,3,0,1,0,1,1,1,0,0,0,1,1,0,0,1,17,14,16,24,23,18,17,24
d04028,astronomy,2,2,1,0,0,2,1,1,1,1,1,4,1,4,1,3,37,23,29,27,24,19,37,39,2,1,2,2,4,1,0,2,52,43,44,38,43,37,36,48
d04029,cooking,0,2,0,0,1,0,0,0,11,4,15,9,11,4,13,12,2,1,2,1,0,0,0,0,1,0,1,0,0,1,0,0,23,21,20,17,22,26,18,23
d04030,machine_learning,27,24,23,32,27,26,28,37,1,0,2,1,1,0,3,3,2,3,0,1,2,1,2,2,1,4,0,2,2,2,1,3,39,45,37,47,43,49,36,38
d04031,football,0,0,0,0,1,1,0,0,1,0,0,0,0,0,1,0,1,0,0,0,0,0,0,2,12,12,12,20,12,12,13,16,21,17,27,24,24,21,21,19
d04032,astronomy,1,4,0,1,2,1,1,1,0,1,1,0,2,2,3,0,20,27,23,42,9,25,19,17,1,1,0,2,1,4,2,0,35,40,38,40,38,39,39,27
d04033,cooking,0,1,2,0,1,0,0,2,7,6,8,7,12,6,7,1,0,0,0,0,2,1,0,1,1,0,0,1,1,0,0,0,10,7,6,7,19,10,14,10
d04034,cooking,1,1,2,0,0,0,1,0,8,10,6,12,8,12,14,12,0,0,0,0,3,1,0,0,1,0,2,0,0,0,0,0,22,19,19,12,22,22,13,18
d04035,astronomy,0,0,1,0,2,4,0,0,0,0,0,1,0,0,0,0,16,18,18,9,14,21,14,20,1,0,1,0,0,1,1,1,21,17,24,34,25,30,21,22
d04036,football,1,0,1,0,1,0,0,1,0,0,0,0,0,0,0,0,1,0,0,0,0,1,0,0,6,12,8,4,2,11,7,6,6,15,12,8,11,21,16,14
d04037,machine_learning,9,9,8,10,11,14,19,17,0,1,1,1,0,0,1,0,1,0,1,1,0,2,1,2,1,1,1,0,2,1,0,0,27,19,24,26,23,23,20,23
d04038,machine_learning,24,29,36,29,22,23,23,22,4,1,2,1,0,0,2,0,0,0,1,1,1,0,3,0,2,3,0,1,0,0,0,3,41,43,49,44,46,31,50,49
d04039,machine_learning,26,21,18,21,8,21,18,30,2,1,3,3,1,0,1,2,2,0,0,1,2,1,1,1,0,3,1,2,1,4,0,0,32,39,40,41,45,39,37,34
d04040,machine_learning,6,6,6,6,7,4,5,7,0,0,1,0,1,0,0,0,0,0,0,0,1,0,0,0,1,0,0,0,0,0,0,0,8,12,7,12,9,5,6,10
d04041,cooking,1,0,0,0,0,0,0,0,8,5,4,8,7,4,5,9,1,0,0,0,0,0,1,0,1,1,0,0,0,0,0,0,17,12,12,12,12,12,4,9
d04042,machine_learning,15,9,7,13,4,14,13,11,0,1,0,2,0,0,0,0,0,0,1,1,0,0,1,1,0,0,0,0,2,0,0,0,22,20,14,22,22,24,22,17
d04043,machine_learning,17,20,23,19,24,15,26,16,1,2,2,1,1,0,3,1,1,0,2,0,0,1,3,0,2,1,3,1,1,1,2,0,36,32,26,37,28,26,35,37
d04044,astronomy,0,0,0,1,0,0,0,0,2,0,0,0,2,1,1,1,5,7,8,8,9,12,3,2,1,0,0,0,0,0,0,0,5,16,14,9,13,11,11,14
d04045,cooking,1,0,0,0,1,0,0,0,11,11,6,6,12,8,5,12,1,0,0,1,1,1,0,1,0,1,1,0,1,1,0,0,17,15,13,19,12,13,14,13
d04046,football,0,0,0,0,0,1,0,0,0,1,0,0,0,1,0,0,0,0,1,0,1,0,0,1,5,6,3,2,8,4,4,2,8,6,7,13,8,8,7,12
d04047,machine_learning,7,8,10,6,7,12,9,11,1,0,0,0,0,2,0,0,2,2,1,0,0,0,0,0,0,1,0,0,0,0,0,1,14,19,25,16,19,10,11,21
d04048,cooking,0,0,1,0,0,1,1,0,11,11,12,11,8,8,13,8,0,0,0,0,0,0,0,0,1,0,1,0,0,0,2,0,8,7,10,18,19,16,11,11
d04049,football,0,0,0,0,0,0,0,0,0,0,0,0,1,0,0,0,0,0,0,0,0,1,0,0,7,7,3,4,2,5,4,4,5,7,6,9,4,12,10,2
d04050,astronomy,1,0,0,1,1,0,0,0,0,0,2,0,0,3,1,0,14,9,5,5,6,7,12,6,0,0,0,1,0,0,0,0,18,17,15,17,17,14,16,15
d04051,machine_learning,4,4,2,3,5,2,3,1,0,1,0,1,0,0,0,1,0,0,0,0,0,0,0,1,0,0,0,1,1,0,1,0,9,6,3,4,8,6,8,3
d04052,cooking,0,0,0,0,0,2,0,0,10,11,12,15,13,8,16,12,0,1,1,0,0,1,1,1,0,1,0,0,1,0,2,2,16,23,23,13,33,26,19,30
d04053,football,1,1,2,2,3,0,0,3,0,5,1,2,1,1,1,1,1,2,1,5,0,3,1,1,28,27,29,35,27,23,27,28,42,46,42,44,34,40,45,50
d04054,football,1,1,0,1,0,0,0,0,2,4,2,1,0,1,1,1,3,0,3,3,0,0,2,3,31,25,21,19,18,17,31,29,40,45,47,42,43,34,42,38
d04055,football,1,0,0,1,0,0,0,0,1,1,0,0,0,1,0,0,0,0,0,0,1,0,1,0,6,4,6,8,9,2,8,4,17,8,11,9,13,8,6,11
d04056,football,0,0,0,0,0,3,1,0,0,0,0,2,0,0,1,0,0,1,1,0,1,1,0,1,8,11,10,14,5,6,11,4,19,11,13,19,14,18,15,10
d04057,machine_learning,7,5,12,4,8,7,5,3,1,0,0,0,0,0,1,1,0,1,1,0,0,0,0,0,0,0,0,0,0,0,1,0,18,14,15,9,10,5,11,4
d04058,machine_learning,2,3,6,4,3,3,3,4,0,1,1,0,0,1,0,0,1,0,0,0,0,0,0,0,0,0,0,1,0,1,0,1,8,7,10,9,6,4,3,5
d04059,astronomy,1,0,1,1,2,2,0,1,2,0,0,4,1,1,2,2,25,20,22,17,23,23,23,19,1,0,2,2,1,1,2,0,46,39,32,48,31,35,34,48
d04060,machine_learning,14,12,30,19,13,15,16,16,0,1,1,0,0,0,1,2,0,0,0,0,0,0,1,1,1,1,0,2,0,0,0,3,29,32,29,29,22,24,29,31
d04061,cooking,2,1,1,4,4,2,2,3,36,51,51,43,53,52,37,45,0,0,0,4,1,1,1,0,1,1,2,1,3,2,1,0,69,84,80,74,80,85,78,74
d04062,football,0,0,0,1,0,0,0,1,0,0,0,0,2,1,1,0,0,0,0,0,0,0,0,2,7,10,7,12,12,12,7,15,17,11,14,16,10,17,16,11
d04063,machine_learning,4,5,7,3,5,2,6,7,0,0,1,0,0,0,0,1,0,0,1,0,0,0,0,0,2,0,1,0,1,0,0,0,13,9,11,9,18,10,10,10
d04064,cooking,1,1,0,2,0,0,0,1,4,9,7,11,7,11,12,9,0,0,0,0,0,2,0,0,1,0,0,1,0,0,2,1,21,18,12,18,15,14,11,15
d04065,astronomy,0,2,0,1,0,2,0,0,0,0,0,0,0,1,1,1,5,6,12,9,5,4,5,7,0,1,0,0,0,0,0,0,9,9,12,14,8,10,15,16
d04066,astronomy,1,2,0,0,1,2,0,0,1,3,2,3,1,2,2,0,39,37,26,25,29,35,24,20,2,0,0,3,2,4,1,1,48,41,51,46,44,40,50,54
d04067,football,1,1,1,0,0,0,1,0,1,1,0,1,0,1,2,1,2,0,0,1,0,0,1,0,11,21,18,19,24,18,16,13,36,25,31,26,37,28,29,39
d04068,astronomy,1,0,0,0,0,0,0,0,1,0,0,0,0,0,0,0,11,9,9,6,11,8,11,9,1,1,0,0,0,1,0,2,14,13,8,12,6,18,14,14
d04069,football,0,2,0,1,1,0,0,0,0,0,0,0,2,1,2,0,2,2,1,0,0,1,0,0,14,14,14,16,8,15,7,11,24,22,17,22,19,19,17,19
d04070,cooking,0,2,2,1,1,0,0,0,24,23,27,29,23,25,22,26,1,1,0,3,1,0,0,1,0,5,1,1,1,3,3,0,25,35,38,43,44,34,38,41
d04071,machine_learning,6,6,9,13,13,10,12,8,0,0,0,1,1,0,0,0,0,0,0,0,0,0,0,1,0,0,0,0,1,0,0,0,11,15,16,16,15,26,16,12
d04072,football,1,0,2,1,1,1,0,2,4,4,0,1,2,1,0,1,0,2,2,0,1,3,0,0,25,20,21,15,26,21,23,23,38,28,35,27,36,33,38,37
d04073,football,2,1,0,0,3,2,1,1,0,0,2,1,2,1,2,0,0,3,2,0,2,2,0,1,27,23,28,34,26,26,33,23,48,47,49,49,34,53,57,60
d04074,astronomy,2,2,2,0,0,0,0,0,0,2,0,0,3,0,1,1,24,11,22,15,16,18,30,16,1,1,0,0,0,2,3,1,34,43,37,46,27,43,44,31
d04075,football,10,7,8,5,9,10,10,9,8,13,5,9,9,4,12,10,12,5,7,10,8,5,4,9,175,161,185,150,173,162,160,160,280,281,244,275,288,274,285,267
d04076,cooking,1,2,1,1,0,2,0,1,23,22,21,26,26,26,27,27,1,2,0,2,2,1,3,3,3,4,4,0,1,1,3,2,34,48,45,40,39,42,50,44
d04077,astronomy,0,0,0,0,0,0,0,0,0,0,0,1,0,0,0,0,4,14,20,12,14,12,17,12,2,0,0,0,0,0,0,0,17,17,19,20,25,16,15,22
d04078,football,4,11,3,12,6,5,6,8,4,10,7,13,4,4,2,8,4,4,6,9,5,9,5,5,131,149,112,120,117,116,113,125,239,185,191,218,205,202,208,206
d04079,football,0,1,0,1,0,1,0,0,1,3,0,0,2,0,1,2,0,0,1,0,0,3,2,0,15,17,14,16,15,21,10,15,18,29,33,32,27,23,19,22
d04080,machine_learning,8,14,11,12,11,12,9,15,1,0,1,0,0,0,0,1,1,0,1,2,0,0,1,0,1,0,1,1,0,0,1,1,19,20,18,18,19,13,19,24
d04081,machine_learning,37,24,31,34,25,23,26,23,2,0,1,2,1,1,2,1,0,1,2,1,1,2,0,2,0,0,2,3,1,1,0,1,40,45,56,56,37,51,39,52
d04082,astronomy,0,1,1,0,0,1,0,3,0,0,0,1,1,2,1,0,17,10,13,16,16,9,18,18,2,1,2,1,0,1,2,2,18,20,22,26,26,20,26,22
d04083,football,2,2,3,1,2,2,2,4,2,2,3,4,3,4,5,5,2,3,1,2,4,3,3,4,56,72,61,45,53,64,64,76,107,103,95,100,89,92,99,100
d04084,astronomy,2,0,1,0,0,3,0,2,0,1,1,1,1,0,2,1,38,25,24,27,18,23,14,19,2,1,0,3,0,2,1,2,53,50,42,42,33,34,28,35
d04085,machine_learning,20,13,17,13,17,19,16,12,2,1,0,0,0,1,0,1,0,0,1,0,0,1,1,1,1,0,0,0,0,2,2,1,33,30,19,27,30,29,28,25
d04086,astronomy,1,2,1,0,2,0,0,1,1,0,0,0,1,0,0,1,16,14,10,11,18,13,10,14,0,0,0,0,0,1,0,1,25,16,22,21,15,27,14,21
d04087,astronomy,0,0,2,1,1,0,0,0,0,0,1,0,0,1,0,0,8,4,9,6,4,6,8,10,1,0,0,0,0,0,0,0,6,4,7,18,7,14,11,11
d04088,machine_learning,18,13,17,12,14,12,12,19,0,0,0,0,1,2,0,0,0,0,0,0,0,0,1,2,0,1,0,0,2,0,1,1,18,23,15,24,18,14,18,18
d04089,machine_learning,27,21,29,28,30,40,39,31,2,1,1,1,1,3,1,1,1,0,1,0,1,2,3,3,1,1,2,0,2,3,1,2,51,41,71,46,50,60,56,69
d04090,cooking,0,1,2,4,0,3,2,0,36,27,21,25,28,26,39,36,0,0,4,0,0,2,2,0,0,0,1,4,2,3,0,1,50,48,46,59,62,58,49,50
d04091,cooking,2,1,0,4,1,0,0,1,10,10,13,12,13,11,13,11,0,0,2,1,1,1,0,0,0,0,0,0,0,1,0,0,16,22,16,11,36,16,18,14
d04092,astronomy,0,2,0,0,0,1,0,0,0,0,1,2,1,1,2,1,12,11,9,14,16,19,14,19,0,0,1,1,0,0,1,1,20,38,23,33,25,20,24,17
d04093,football,0,0,3,3,4,3,3,2,4,4,3,3,3,2,2,3,2,3,1,2,1,4,1,3,50,61,39,44,52,67,51,44,93,91,84,69,87,69,79,76
d04094,cooking,1,1,1,0,1,1,0,1,22,16,22,14,15,15,23,18,2,0,1,0,0,1,0,0,0,0,0,0,0,1,0,2,24,26,35,21,33,28,30,22
d04095,astronomy,0,1,2,1,1,0,1,0,0,2,0,1,1,0,0,1,11,14,11,13,13,14,11,11,0,1,0,0,0,0,0,0,22,28,24,25,24,25,32,23
d04096,football,0,2,0,2,2,0,0,0,1,0,0,0,1,0,0,0,0,0,0,0,1,0,2,0,8,6,7,9,5,4,8,6,14,13,15,18,9,9,9,10
d04097,cooking,0,3,2,2,3,0,5,4,41,41,35,35,40,28,41,41,0,3,1,0,5,2,2,3,4,0,1,2,0,2,4,1,49,55,55,65,53,68,59,62
d04098,astronomy,1,1,0,3,0,2,1,1,0,1,1,1,1,2,1,2,17,26,24,19,25,22,32,26,2,2,2,4,3,0,3,3,37,42,40,47,42,33,45,46
d04099,football,0,0,0,1,1,0,2,1,0,1,0,0,0,1,0,3,1,0,0,1,1,0,0,0,14,17,14,14,23,22,14,21,24,16,22,30,26,26,22,19
d04100,football,2,0,2,0,1,1,1,1,1,0,0,1,1,0,0,0,0,0,2,1,1,1,0,1,7,8,6,7,9,9,8,14,19,12,15,18,13,15,23,20
d04101,football,1,0,0,0,1,1,0,0,0,0,2,0,0,2,0,2,0,1,2,1,0,0,1,1,11,16,9,5,13,7,9,5,10,22,17,27,17,12,18,22
d04102,football,2,4,2,0,3,1,1,0,1,1,5,3,2,2,3,1,2,5,2,1,1,1,1,1,49,49,40,52,42,48,43,50,96,85,78,73,80,82,88,90
d04103,cooking,0,0,1,0,1,0,0,0,6,12,4,11,6,9,5,8,1,0,0,0,1,0,1,0,0,0,1,0,0,0,0,0,18,19,15,9,15,10,11,9
d04104,astronomy,0,0,0,0,0,1,1,0,0,0,0,3,0,0,0,0,12,6,5,10,9,9,11,7,2,1,1,0,0,0,0,0,10,13,14,13,10,16,11,14
d04105,cooking,0,0,0,0,0,2,0,2,12,15,14,17,13,15,12,18,1,2,1,1,0,1,2,3,1,2,0,1,1,2,1,0,17,27,24,26,30,20,24,27
d04106,astronomy,0,1,1,2,0,1,0,5,1,3,0,1,0,4,1,1,30,27,25,30,34,30,20,28,0,1,2,0,3,2,5,0,46,53,43,49,60,42,55,34
d04107,football,3,1,1,2,0,0,1,0,1,0,1,0,0,1,0,0,0,2,1,1,1,2,1,2,29,17,13,20,20,26,21,25,34,42,41,30,38,31,33,25
d04108,astronomy,3,0,2,3,0,2,1,2,0,0,2,2,2,1,0,0,10,30,28,30,26,21,26,23,1,0,1,1,3,2,1,0,46,45,39,38,42,43,31,34
d04109,astronomy,1,0,1,0,1,3,1,1,0,0,1,0,0,1,0,0,15,13,10,13,10,10,17,12,0,0,0,0,1,2,1,0,13,18,15,18,20,15,19,13
d04110,machine_learning,8,5,8,9,7,9,3,6,0,1,0,0,0,0,0,0,0,1,1,0,0,0,0,0,0,1,0,0,0,0,2,0,12,12,9,14,14,11,5,18
d04111,machine_learning,15,9,14,8,17,13,16,16,0,0,0,1,1,1,0,0,0,0,0,0,0,0,1,0,0,2,1,0,1,0,0,1,23,12,21,10,20,18,25,26
d04112,astronomy,1,1,0,3,1,5,0,4,2,3,1,0,1,2,2,1,24,30,22,25,29,25,28,29,1,0,3,0,1,2,1,1,41,45,48,40,49,38,43,35
d04113,cooking,0,1,0,0,0,1,0,0,5,5,5,7,4,6,4,7,1,0,1,0,0,0,1,0,1,0,0,1,0,0,0,0,8,8,9,8,8,9,8,6
d04114,football,1,3,0,1,1,0,1,4,0,0,1,2,0,0,1,1,0,2,0,2,0,1,0,1,15,14,18,20,25,19,19,28,38,33,32,37,29,39,28,31
d04115,astronomy,0,1,0,0,0,0,0,1,1,0,0,2,2,1,2,0,15,12,12,19,16,23,15,14,0,1,0,1,2,2,0,2,24,21,39,31,23,37,26,24
d04116,astronomy,1,3,1,1,2,2,2,1,0,1,2,0,2,1,0,0,22,20,20,22,22,18,33,21,0,2,0,1,0,2,1,0,36,30,27,33,35,29,26,35
d04117,machine_learning,21,28,17,21,22,40,24,32,0,0,2,2,0,1,1,4,2,1,2,5,1,2,1,1,0,2,4,1,1,3,1,1,51,43,53,42,36,47,56,42
d04118,cooking,1,4,1,3,0,2,1,2,32,30,34,25,22,33,33,29,2,4,0,0,1,0,2,2,0,2,1,4,1,1,2,5,49,32,56,50,57,53,39,52
d04119,cooking,1,0,0,0,0,1,0,1,16,13,11,11,12,8,8,9,1,1,0,2,1,0,0,1,1,2,0,1,1,0,0,3,17,9,23,15,13,21,14,18
d04120,astronomy,0,1,0,1,1,0,0,0,0,1,1,0,1,0,1,0,9,7,10,10,9,10,4,10,1,1,1,0,0,0,0,0,17,14,17,16,15,16,12,18
d04121,machine_learning,19,14,13,13,11,10,12,15,0,1,1,0,1,0,1,1,2,0,2,1,2,0,1,1,0,0,0,0,2,0,1,0,26,23,23,24,23,30,31,27
d04122,cooking,0,2,0,2,0,1,2,1,21,29,34,21,32,16,26,22,0,2,3,4,3,0,2,0,0,0,1,0,0,1,3,1,42,29,37,49,25,43,35,36
d04123,astronomy,2,3,3,1,1,0,2,2,0,0,0,1,1,2,0,2,31,24,21,32,25,34,30,35,1,2,0,1,0,0,2,1,50,46,35,46,54,46,51,49
d04124,football,1,0,0,0,0,0,0,0,1,0,1,0,0,0,1,0,0,0,0,0,0,0,0,0,6,4,5,3,5,4,4,6,4,9,3,10,7,4,5,11
d04125,football,0,0,0,0,0,0,0,1,0,0,0,0,0,0,0,0,0,0,0,0,0,0,0,0,2,8,1,3,6,0,5,6,7,6,11,6,11,8,6,10
d04126,football,1,4,0,1,3,1,2,2,2,1,6,1,2,0,1,2,2,1,2,2,1,1,3,2,42,34,46,39,42,61,42,45,76,53,57,77,52,60,62,89
d04127,football,1,0,1,2,2,2,0,2,1,1,3,1,0,0,0,1,0,2,1,0,2,0,0,0,13,10,9,13,13,16,16,4,23,28,33,27,23,20,17,25
d04128,astronomy,1,0,2,2,1,5,2,4,2,2,5,1,2,4,2,1,52,65,47,49,55,58,58,60,3,2,3,6,4,6,1,3,94,84,84,86,92,94,80,90
d04129,machine_learning,9,6,9,11,6,14,11,12,0,0,0,0,0,0,2,1,0,1,0,0,0,1,0,0,0,0,0,1,1,2,1,1,21,14,9,19,16,12,16,19
d04130,cooking,0,0,1,0,0,1,0,0,6,5,9,7,6,2,6,9,0,1,0,0,1,0,0,0,0,0,1,0,0,0,1,2,13,6,13,13,10,8,14,14
d04131,cooking,0,3,2,0,0,3,0,3,48,47,35,50,30,45,40,37,1,1,2,2,2,0,4,1,0,2,0,1,2,4,4,1,71,82,78,83,66,94,71,65
d04132,cooking,0,0,2,1,2,0,0,0,16,11,10,10,17,15,13,10,0,2,0,2,1,1,1,1,2,0,1,1,1,1,1,0,15,23,23,17,26,20,21,22
d04133,astronomy,3,0,0,4,1,4,1,3,4,3,2,3,1,0,5,3,62,61,55,70,61,61,67,68,1,1,4,4,2,1,2,3,91,95,107,108,88,89,92,92
d04134,football,0,0,0,1,0,3,0,1,0,1,1,0,1,1,1,1,2,1,2,0,1,0,0,0,29,22,18,16,28,31,27,15,32,25,42,35,34,50,36,36
d04135,machine_learning,41,36,39,38,40,43,41,41,1,0,3,2,2,3,0,2,1,2,2,2,1,1,2,1,3,1,1,3,1,1,1,2,58,63,57,64,68,73,69,74
d04136,football,0,0,0,0,0,0,1,0,0,0,0,0,0,1,0,1,0,0,0,1,0,1,1,0,0,3,6,4,3,4,5,2,3,4,9,6,9,5,5,3
d04137,astronomy,0,0,0,0,0,1,0,0,0,0,1,1,0,0,0,1,17,10,14,12,14,14,12,12,1,0,1,0,1,0,0,0,19,27,19,15,21,14,23,14
d04138,football,0,0,1,0,0,0,1,0,1,0,0,0,1,0,0,0,0,1,1,0,0,0,0,1,16,17,12,8,13,2,7,9,13,19,20,26,20,18,11,12
d04139,football,3,1,2,4,2,3,1,2,3,1,3,3,1,5,1,1,1,7,5,0,2,2,4,2,62,41,53,54,49,42,35,60,73,99,77,85,86,82,76,66
d04140,astronomy,0,0,0,1,0,0,0,0,0,0,1,0,0,1,0,1,5,5,9,4,6,4,9,4,2,2,0,0,0,0,0,0,11,7,10,12,7,10,12,3
d04141,cooking,0,1,0,2,1,1,0,0,22,16,21,20,25,13,22,21,2,0,0,2,2,0,1,0,3,1,1,2,2,0,2,3,19,26,33,34,20,36,34,35
d04142,machine_learning,7,9,9,5,8,5,5,11,1,0,1,1,0,0,1,0,1,0,0,0,0,0,0,0,0,1,0,0,0,0,0,0,15,20,14,16,10,17,15,12
d04143,cooking,1,0,0,0,1,0,0,1,13,12,8,6,8,6,10,11,0,0,1,0,0,0,0,0,1,0,1,1,1,0,0,1,14,13,9,14,15,13,11,14
d04144,football,0,1,0,0,0,0,0,0,2,0,0,1,0,1,1,0,1,1,0,0,0,1,0,0,8,8,9,10,10,8,7,11,19,17,17,21,13,11,12,6
d04145,cooking,0,1,0,0,0,0,0,1,6,5,7,2,7,6,11,5,1,0,0,0,0,1,0,0,2,2,0,0,1,0,0,1,9,5,14,11,15,8,15,7
d04146,machine_learning,6,8,10,5,5,5,6,3,0,1,0,1,0,0,1,0,0,0,0,0,0,1,0,1,1,0,0,0,2,0,0,0,9,8,13,13,6,11,9,11
d04147,machine_learning,20,36,41,39,44,37,32,29,1,3,1,3,0,2,1,2,4,2,2,0,4,3,4,1,2,4,0,2,0,1,1,5,65,73,61,56,62,56,62,55
d04148,astronomy,2,2,3,2,1,2,1,3,0,0,0,4,2,1,0,1,23,20,26,21,26,13,15,36,2,4,3,2,0,1,0,0,43,52,41,39,33,55,50,45
d04149,cooking,0,0,3,3,0,0,0,0,20,15,10,18,23,15,19,14,1,1,0,0,1,1,0,1,0,2,1,0,1,1,0,1,29,22,29,19,29,22,49,24
d04150,machine_learning,8,6,5,5,8,11,4,10,0,0,1,0,1,0,0,0,0,0,1,2,0,1,0,0,1,0,0,0,2,0,1,0,9,12,10,11,12,11,15,7
d04151,football,2,1,3,2,0,2,1,0,1,0,1,0,2,1,0,0,2,2,1,0,1,2,0,0,13,18,19,17,13,16,20,19,33,33,31,18,30,25,25,33
d04152,football,0,0,0,2,1,0,0,0,0,0,1,1,0,0,0,0,0,1,0,1,0,1,0,0,3,10,7,11,13,9,10,8,19,10,10,15,9,16,19,16
d04153,cooking,2,0,0,0,0,1,0,0,10,8,11,16,14,15,11,4,1,1,2,1,0,0,0,0,0,1,0,1,1,0,0,1,24,14,9,14,19,22,11,18
d04154,cooking,2,0,1,0,1,2,1,1,11,11,14,10,7,8,12,13,0,1,0,1,0,2,0,2,3,1,0,1,1,0,0,0,19,12,21,13,12,16,18,9
d04155,cooking,5,0,3,0,1,0,2,3,11,17,25,20,16,23,23,24,2,0,2,0,2,3,2,2,1,1,2,1,2,1,0,2,38,41,27,31,30,42,38,30
d04156,machine_learning,2,7,6,4,3,8,7,4,1,1,0,0,0,0,0,1,0,0,1,0,0,0,0,0,0,0,1,0,0,0,1,0,6,7,9,11,9,9,12,10
d04157,cooking,3,4,4,1,4,0,3,7,86,70,73,95,77,75,85,100,2,4,3,3,6,7,6,3,3,2,0,2,3,1,4,3,156,137,166,149,122,130,142,138
d04158,football,0,0,0,0,0,0,0,0,0,0,0,0,0,0,0,0,0,0,0,0,0,0,0,0,4,2,3,1,7,4,5,7,6,6,5,8,4,11,7,3
d04159,astronomy,0,1,0,0,1,0,3,0,1,1,1,1,1,1,0,2,25,26,19,25,21,29,26,31,2,0,0,1,3,0,0,1,45,41,36,45,53,39,45,37
d04160,football,0,0,0,0,0,0,1,0,0,1,0,0,0,0,0,0,0,0,1,0,1,0,0,0,6,7,13,10,11,4,9,5,18,20,14,11,22,6,16,16
d04161,machine_learning,10,14,12,13,14,11,8,6,0,0,0,0,0,0,0,1,1,0,0,0,2,0,1,1,1,0,1,2,0,0,0,1,19,19,22,21,13,16,13,15
d04162,cooking,0,1,0,0,0,0,0,0,11,13,6,6,7,8,15,6,0,1,0,0,0,0,1,1,0,1,0,1,1,0,0,1,15,9,15,9,16,10,18,14
d04163,cooking,2,0,0,0,1,0,2,0,15,18,10,13,15,24,16,16,1,3,0,0,0,1,0,1,2,1,2,0,0,1,0,0,22,29,22,30,23,25,27,18
d04164,astronomy,0,0,0,0,1,0,0,0,0,0,0,0,0,0,1,0,8,6,14,5,10,13,9,3,0,0,1,0,0,0,0,0,9,10,10,10,8,14,16,11
d04165,football,0,0,1,1,0,0,3,0,1,1,1,0,1,1,1,1,2,0,2,0,1,0,0,0,8,10,17,20,15,18,11,12,16,20,18,19,22,21,22,16
d04166,astronomy,0,0,0,0,1,0,0,0,0,0,0,1,0,0,2,2,1,12,4,5,8,9,6,17,0,1,0,0,0,1,0,0,20,8,14,9,11,18,14,14
d04167,astronomy,2,1,1,0,0,0,0,1,1,0,0,0,1,0,3,1,19,17,19,25,23,23,17,14,1,4,0,0,1,0,0,2,23,37,39,32,38,25,32,34
d04168,cooking,0,0,0,0,0,0,2,0,5,2,4,4,2,5,3,4,0,0,0,0,0,1,0,1,0,1,0,0,0,0,0,0,7,4,13,4,7,5,8,5
d04169,astronomy,0,1,0,1,3,0,0,0,0,0,0,1,2,0,0,0,10,9,21,12,22,15,15,10,1,0,2,0,2,0,1,1,37,28,16,23,28,36,28,15
d04170,football,1,1,1,1,1,4,1,0,1,2,0,0,2,3,0,1,2,1,0,3,1,1,1,0,16,26,16,13,22,16,19,10,21,33,19,39,31,39,38,24
d04171,machine_learning,10,10,8,9,5,4,14,14,0,2,0,0,0,0,0,0,1,1,0,1,0,0,1,1,0,2,0,0,0,1,0,2,25,16,11,17,18,15,21,13
d04172,machine_learning,2,1,1,7,3,5,4,8,1,0,0,0,0,1,0,0,0,0,0,0,1,1,0,0,0,0,0,0,0,0,0,0,8,8,7,7,4,9,5,4
d04173,cooking,1,0,0,0,0,0,0,3,8,10,7,5,10,13,8,14,0,1,0,0,1,0,3,0,0,0,0,0,3,0,0,0,8,14,13,18,25,12,17,17
d04174,machine_learning,11,8,19,10,10,7,13,11,1,1,0,1,1,0,1,1,1,1,0,0,1,0,0,0,1,1,0,0,0,0,0,1,12,20,16,17,20,17,18,5
d04175,machine_learning,26,21,28,12,30,26,23,32,2,2,1,2,2,2,1,1,2,1,6,1,0,2,1,1,1,3,1,2,3,1,2,2,51,45,44,33,48,52,43,41
d04176,astronomy,4,2,4,1,1,4,0,0,0,0,2,1,0,1,1,0,22,31,20,25,22,20,28,33,1,1,1,1,1,1,1,0,45,43,41,33,46,43,37,58
d04177,machine_learning,31,22,20,32,28,16,34,31,2,4,0,0,0,1,2,1,2,1,1,1,0,0,1,0,1,0,1,1,2,3,0,1,45,32,34,39,30,33,50,41
d04178,cooking,0,0,0,0,0,0,0,0,8,8,3,9,5,7,11,7,0,0,0,0,0,0,0,0,0,1,0,1,1,0,0,2,17,4,16,16,15,9,6,11
d04179,machine_learning,38,34,39,36,42,38,33,41,3,1,0,2,1,1,1,3,2,1,1,2,3,2,3,2,2,3,0,0,4,3,4,0,71,54,62,45,54,65,53,58
d04180,machine_learning,7,9,13,7,13,5,11,12,0,1,1,0,0,0,0,1,0,0,2,0,0,0,0,0,1,1,1,0,0,1,0,2,9,14,18,15,17,13,11,16
d04181,football,0,3,0,0,0,1,1,0,0,0,0,0,1,0,1,0,0,0,0,0,0,2,1,2,16,6,14,16,10,9,14,6,14,15,12,17,10,22,10,14
d04182,cooking,2,0,1,1,1,0,0,0,14,16,12,16,8,18,15,12,0,1,0,2,2,1,0,2,0,1,0,0,0,0,0,0,21,14,24,21,21,23,22,18
d04183,football,1,0,1,2,1,2,0,1,3,0,2,2,1,1,2,3,2,1,0,1,1,1,1,3,30,29,25,31,34,33,22,22,48,43,49,43,57,48,40,43
d04184,cooking,1,0,0,1,1,0,0,0,8,9,15,16,14,7,13,13,1,0,1,0,1,0,1,0,1,0,1,1,0,1,0,1,19,22,21,25,15,19,18,25
d04185,machine_learning,3,5,3,7,9,5,7,5,0,0,0,0,0,1,0,0,1,0,1,0,0,0,0,0,0,0,0,0,2,0,1,0,11,17,8,7,7,10,5,16
d04186,cooking,1,1,0,0,0,0,0,1,20,28,29,28,35,29,24,15,3,3,1,1,3,3,1,2,0,1,0,1,2,1,2,2,28,37,36,31,35,33,40,28
d04187,astronomy,0,1,0,0,1,0,0,0,0,0,1,0,0,0,1,0,6,3,10,5,5,5,4,7,3,0,1,0,0,1,0,0,6,11,10,18,10,9,10,14
d04188,football,1,1,0,0,0,1,0,0,0,0,0,0,0,1,0,0,0,0,1,1,3,1,2,1,10,14,6,13,9,8,7,10,22,24,22,20,18,19,16,21
d04189,machine_learning,4,5,1,4,9,10,3,3,0,0,0,0,0,0,0,0,1,0,0,0,0,1,1,0,0,0,0,0,0,1,1,1,10,13,7,11,16,9,18,14
d04190,machine_learning,2,1,10,4,2,10,4,4,0,0,0,0,0,0,0,0,1,0,1,0,0,0,0,0,1,0,0,0,0,1,0,1,7,9,7,10,13,5,9,10
d04191,astronomy,0,0,1,0,2,1,1,0,1,0,0,0,1,1,1,0,10,11,2,9,12,9,14,15,0,0,0,1,0,0,0,1,20,19,26,18,23,16,15,21
d04192,astronomy,1,0,1,1,0,0,0,0,0,2,1,1,0,0,0,1,6,14,7,6,10,7,9,13,0,0,0,0,0,1,0,0,18,12,14,23,13,16,16,23
d04193,astronomy,2,0,2,1,2,2,0,2,0,2,1,1,3,1,1,0,27,20,26,34,33,23,31,29,2,1,0,1,0,2,1,0,38,31,38,34,44,44,37,42
d04194,football,0,0,0,0,0,0,1,0,0,0,0,0,0,1,0,0,0,0,0,1,0,2,0,0,5,6,3,6,3,10,7,7,8,7,4,6,8,6,11,6
d04195,football,1,0,2,0,0,0,0,0,0,0,0,0,0,1,1,0,0,1,0,0,0,0,0,0,7,9,6,14,9,11,10,8,22,12,16,14,19,18,20,7
d04196,football,1,0,1,1,1,1,1,0,0,0,0,1,1,0,0,0,1,0,1,0,1,0,2,0,17,15,14,10,16,12,9,11,17,22,16,17,16,17,18,16
d04197,astronomy,1,0,1,0,0,1,2,2,0,0,0,0,0,2,1,1,26,17,34,27,19,19,18,30,1,0,1,2,2,1,2,3,35,53,37,48,32,39,34,46
d04198,machine_learning,14,18,15,15,11,14,15,11,1,0,1,0,0,1,0,1,2,2,1,0,3,0,0,0,0,0,0,0,1,0,1,2,24,29,21,31,24,24,22,22
d04199,machine_learning,5,8,7,3,3,4,9,11,0,0,0,0,0,0,0,0,0,1,0,0,0,0,0,0,1,0,0,0,1,0,0,0,13,14,16,10,14,12,13,12
d04200,cooking,0,1,2,2,2,1,0,0,13,17,7,8,10,9,6,9,0,0,0,0,0,1,0,2,0,0,0,0,2,1,0,0,15,21,22,18,15,19,19,12
d04201,astronomy,0,1,0,1,1,1,2,2,1,2,1,3,1,0,0,1,13,9,21,11,26,16,11,22,0,2,1,0,0,1,0,1,34,36,31,23,26,27,28,37
d04202,machine_learning,27,23,42,42,40,29,36,37,2,0,2,1,6,1,1,1,1,2,0,1,1,1,3,1,0,0,0,1,1,2,1,1,45,59,48,48,41,58,50,60
d04203,football,3,0,1,3,0,4,4,3,3,4,2,4,4,8,4,3,2,1,3,6,3,2,3,4,86,89,92,89,84,80,75,78,158,146,146,131,143,167,132,124
d04204,cooking,2,1,4,0,2,1,1,0,22,26,22,25,25,20,17,23,2,0,1,0,2,0,1,1,1,3,0,3,0,3,1,1,42,36,47,33,44,30,23,28
d04205,cooking,0,0,0,0,1,0,0,0,9,14,5,11,9,4,8,7,0,0,0,2,1,0,0,0,0,1,1,1,0,1,1,0,18,12,15,22,13,17,19,19
d04206,football,1,2,0,2,1,0,2,2,0,2,1,2,1,0,2,0,1,2,0,2,3,1,3,3,21,32,17,28,25,22,23,32,45,52,40,38,44,38,57,37
d04207,astronomy,0,1,2,0,1,0,2,3,2,0,0,0,3,0,3,0,26,19,30,24,20,24,31,23,0,0,1,0,1,0,1,2,26,46,51,31,33,45,47,46
d04208,machine_learning,2,12,10,3,6,8,9,14,0,0,0,0,1,0,0,0,0,0,1,0,2,0,0,0,0,1,0,0,1,0,0,1,23,14,16,18,28,24,14,18
d04209,football,0,1,0,0,0,1,1,1,0,0,1,1,0,1,1,0,1,0,0,1,0,0,0,0,7,2,3,6,6,6,5,7,6,13,5,8,12,12,8,12
d04210,astronomy,0,1,0,2,1,2,0,2,1,1,2,2,0,1,1,4,16,20,29,27,21,28,22,25,2,4,3,1,1,1,0,2,53,35,54,54,42,46,56,57
d04211,machine_learning,14,10,16,14,17,17,19,13,1,0,0,1,1,2,0,1,0,0,0,0,2,0,2,1,3,2,0,2,1,0,1,1,31,26,32,29,19,23,30,31
d04212,astronomy,1,0,0,1,0,2,1,1,1,0,0,0,1,0,0,0,6,9,9,15,8,8,16,7,0,0,0,0,1,0,1,1,20,17,14,23,14,23,14,13
d04213,football,0,0,0,0,0,0,0,0,2,0,0,0,0,1,1,1,0,2,0,0,0,0,0,1,7,7,9,7,8,5,7,8,13,6,8,12,15,10,12,16
d04214,astronomy,1,0,0,1,1,0,1,0,0,0,0,1,1,1,0,2,16,15,26,7,16,14,15,20,1,0,0,2,2,0,0,2,23,27,27,25,24,26,17,27
d04215,astronomy,0,0,1,0,0,2,0,0,0,0,0,0,1,0,0,1,10,10,9,12,7,16,12,5,0,0,0,0,0,2,1,0,16,17,13,13,24,20,13,10
d04216,machine_learning,15,6,11,11,8,6,7,8,0,0,0,1,0,0,1,0,2,1,0,0,0,0,0,2,1,1,1,0,1,1,0,0,14,18,14,16,17,8,14,16
d04217,machine_learning,5,10,8,4,9,9,7,8,1,0,0,2,0,2,1,1,0,0,1,1,1,0,0,1,1,0,0,1,0,0,0,0,16,8,20,16,19,13,8,11
d04218,astronomy,5,3,0,2,4,3,3,3,5,2,2,2,6,1,3,1,46,49,41,40,46,48,50,50,2,3,7,1,3,4,4,0,62,81,74,88,87,70,86,77
d04219,astronomy,0,0,0,0,0,0,1,0,0,0,1,2,1,2,0,1,4,12,7,5,11,7,13,4,1,0,1,0,0,1,0,0,15,13,6,14,11,17,20,16
d04220,astronomy,2,4,0,1,1,1,0,2,2,0,0,0,0,0,3,0,8,14,15,20,16,11,7,11,1,2,0,1,0,0,1,0,13,30,29,23,21,24,21,23
d04221,football,3,2,1,4,4,2,3,1,4,2,0,2,5,2,1,1,1,1,1,2,0,3,0,5,29,32,29,47,40,41,37,41,57,45,56,57,57,48,52,56
d04222,astronomy,0,4,0,1,2,3,0,2,1,0,2,0,0,0,1,0,24,22,26,20,21,22,29,23,1,0,0,1,1,1,1,3,38,44,40,29,43,28,37,29
d04223,football,2,3,1,2,0,1,0,3,3,1,2,1,4,4,0,2,1,2,1,3,0,0,3,0,35,46,50,42,41,54,40,40,54,63,72,62,63,78,72,66
d04224,football,0,0,0,0,1,0,0,0,0,1,0,2,0,1,0,0,0,0,0,1,0,1,1,0,3,6,5,4,9,8,8,5,11,11,10,8,14,12,9,7
d04225,machine_learning,4,7,6,7,8,2,5,5,0,0,0,0,1,1,0,1,1,0,0,0,0,0,0,0,0,0,0,1,2,1,0,0,9,7,7,6,7,12,8,13
d04226,cooking,2,0,0,3,1,2,0,1,21,16,17,16,17,15,14,24,1,1,0,1,0,0,0,0,3,0,1,1,3,1,1,0,36,27,28,37,31,31,19,28
d04227,cooking,0,0,0,0,0,0,1,0,3,8,2,4,2,2,3,1,0,0,0,0,0,0,0,1,2,0,0,0,1,0,1,0,4,6,8,7,7,18,7,6
d04228,cooking,0,1,2,2,2,1,5,3,26,24,36,20,21,31,26,31,0,1,2,2,0,3,2,3,3,1,0,1,2,0,2,0,50,41,38,51,32,37,45,44
d04229,machine_learning,9,9,14,12,8,11,14,7,0,0,0,0,0,2,2,0,1,0,1,0,0,0,0,0,1,0,0,1,1,0,1,1,19,14,21,14,15,12,15,16
d04230,football,0,1,0,0,0,0,0,0,0,0,0,0,0,0,0,0,1,0,0,1,1,1,0,0,4,6,7,6,8,4,4,6,13,6,9,6,6,6,8,6
d04231,astronomy,0,2,0,0,0,1,2,0,0,1,0,0,0,0,0,1,6,13,8,11,7,11,6,10,2,1,0,0,1,0,0,0,17,21,25,7,23,20,19,19
d04232,football,1,0,3,0,1,1,2,2,2,1,1,2,2,3,2,4,1,4,2,1,1,4,3,3,31,32,20,38,35,26,27,26,63,53,42,55,47,52,55,39
d04233,astronomy,0,0,0,1,2,0,2,0,0,2,0,1,1,1,1,0,4,12,8,8,5,4,8,5,0,1,0,0,1,0,0,0,10,9,10,9,18,13,8,14
d04234,football,1,0,1,0,0,1,0,0,0,0,1,0,0,1,1,0,0,0,0,1,0,0,0,1,6,12,8,8,8,12,5,11,9,16,19,17,17,14,11,21
d04235,cooking,1,2,3,2,4,3,0,0,26,35,32,45,38,48,38,38,1,3,0,0,5,2,1,1,1,1,1,1,2,1,2,1,46,55,54,63,56,59,77,68
d04236,astronomy,0,0,1,0,2,1,0,0,2,1,0,1,1,2,0,1,10,10,16,13,11,19,15,14,0,0,2,0,1,0,0,0,26,20,15,18,27,29,19,24
d04237,cooking,3,2,0,1,2,4,2,1,28,28,34,22,21,31,30,30,3,1,1,3,0,2,3,1,3,0,1,0,0,3,4,3,48,45,37,49,51,43,51,47
d04238,football,0,0,1,1,1,0,0,1,0,0,0,0,0,0,2,0,0,1,0,0,0,1,1,0,11,14,14,9,14,17,9,9,17,23,11,16,21,16,19,20
d04239,machine_learning,8,5,11,14,6,9,11,10,0,0,1,1,0,0,1,0,0,1,1,1,0,0,1,0,0,0,0,1,0,1,1,0,16,9,16,12,15,14,20,19
d04240,cooking,3,0,0,3,2,1,1,1,20,32,17,13,21,23,18,23,0,3,0,0,5,1,1,4,2,3,3,0,1,0,1,1,33,32,37,27,40,37,38,38
d04241,astronomy,1,0,2,1,0,1,1,0,1,1,2,2,1,1,0,1,29,19,27,18,20,18,14,13,0,0,1,1,0,2,0,0,37,33,37,32,19,30,23,31
d04242,machine_learning,11,10,12,9,10,7,14,12,0,0,0,2,0,0,1,0,0,0,0,1,0,1,0,0,1,2,1,1,0,0,1,0,19,14,24,20,23,19,18,12
d04243,football,0,3,1,1,1,1,3,0,4,1,5,1,1,4,0,2,0,3,4,3,1,4,1,4,37,37,30,31,54,32,36,42,58,75,63,64,62,64,64,59
d04244,cooking,2,0,3,0,0,0,1,1,20,15,16,10,14,13,15,19,0,1,0,1,1,1,0,0,0,1,0,2,0,0,1,1,33,20,30,26,33,22,30,28
d04245,machine_learning,12,8,10,8,16,15,17,10,0,0,0,1,0,0,0,0,0,0,0,0,1,0,0,1,0,2,1,0,0,0,1,0,20,12,14,16,16,17,14,20
d04246,astronomy,0,0,0,1,0,0,0,0,0,0,0,2,2,0,0,1,5,2,11,4,9,6,12,5,0,3,0,0,0,0,0,0,21,10,18,7,14,10,19,17
d04247,football,0,0,0,0,1,1,0,0,0,1,0,0,1,1,0,1,0,2,1,1,0,0,0,2,3,6,10,6,7,7,11,7,7,13,12,4,13,14,10,10
d04248,astronomy,0,0,2,0,1,1,1,1,0,0,0,1,0,0,1,3,20,30,20,27,21,18,19,15,2,0,0,0,2,0,0,0,40,32,26,31,35,26,34,33
d04249,football,0,0,0,1,0,0,1,1,0,0,0,0,2,1,1,0,0,0,0,0,1,0,0,0,11,13,10,4,11,5,16,7,9,13,12,15,20,21,16,17
d04250,football,0,0,1,0,1,0,1,0,1,1,1,0,2,0,1,0,0,0,0,1,1,0,1,1,11,22,16,10,13,18,18,10,23,15,24,32,21,23,27,25
d04251,astronomy,0,1,0,0,1,1,0,3,0,1,0,1,0,0,3,0,9,14,10,14,12,12,10,16,1,1,3,1,4,0,0,0,25,16,26,14,23,18,21,27
d04252,machine_learning,3,4,2,5,2,4,7,7,0,0,1,1,0,1,1,1,1,0,0,0,0,0,0,0,0,0,0,0,0,1,0,0,13,8,7,2,12,10,9,16
d04253,football,0,2,1,1,0,2,1,0,0,0,1,0,2,0,0,0,0,0,0,2,0,0,0,0,6,4,10,6,8,8,9,6,16,15,5,10,7,12,11,9
d04254,cooking,1,1,0,0,1,0,2,0,44,18,20,29,26,21,32,23,2,0,1,0,1,1,1,1,0,0,1,0,1,1,1,4,49,27,48,26,44,29,39,32
d04255,astronomy,0,0,1,0,0,1,0,0,0,0,0,0,0,0,0,1,4,6,2,4,5,2,3,4,1,1,0,0,0,0,1,0,5,7,8,11,13,4,8,11
d04256,astronomy,2,0,0,0,0,0,0,2,0,1,0,1,0,0,1,1,10,17,8,11,11,17,13,7,1,0,1,0,0,1,1,1,20,18,18,21,26,34,19,22
d04257,football,2,1,1,1,2,1,3,2,2,1,1,2,0,1,1,1,1,1,2,2,2,2,1,0,36,44,38,26,51,36,39,49,75,62,77,75,64,77,65,81
d04258,machine_learning,14,13,7,7,14,9,14,12,0,0,1,2,1,2,2,0,2,0,0,0,0,0,3,2,1,0,1,2,0,1,1,1,19,13,18,14,21,23,20,23
d04259,astronomy,1,0,0,1,1,0,0,0,0,0,0,1,1,0,0,0,8,8,11,10,14,10,9,7,0,1,0,0,0,1,0,0,16,15,16,18,13,14,16,17
d04260,astronomy,0,0,0,0,0,0,0,0,0,0,0,1,0,2,0,0,1,4,4,7,6,3,12,7,1,2,0,0,0,2,0,0,6,8,10,9,8,13,8,15
d04261,football,2,0,0,1,0,0,0,0,0,0,0,0,0,0,0,0,0,0,0,1,0,0,0,0,7,4,5,4,7,9,7,6,13,13,12,15,16,10,18,8
d04262,cooking,1,0,3,1,0,0,1,0,22,31,25,19,22,17,12,17,0,0,0,2,2,0,4,1,2,1,1,4,2,3,0,1,41,26,46,38,48,37,41,45
d04263,football,1,0,0,0,0,1,1,1,0,0,0,0,0,0,1,0,0,0,0,0,0,0,0,0,6,5,4,7,3,4,9,5,7,8,19,11,9,7,8,6
d04264,machine_learning,24,19,22,25,23,19,16,21,1,1,3,0,0,3,2,0,1,1,2,2,1,0,1,0,1,4,1,0,0,4,0,1,30,40,44,39,36,29,49,38
d04265,cooking,1,1,0,4,1,0,2,1,21,25,29,32,26,25,24,20,1,1,1,2,1,2,0,0,1,2,0,1,1,2,2,0,34,26,42,38,44,42,43,31
d04266,football,0,0,0,0,2,0,0,0,0,0,0,0,0,1,0,0,0,0,0,1,0,0,1,0,8,7,11,3,11,4,3,7,9,11,14,16,9,13,13,6
d04267,machine_learning,3,1,8,4,3,5,3,6,0,0,0,0,0,0,0,0,0,0,0,0,0,0,0,0,0,0,0,0,0,0,0,0,3,6,10,2,6,7,6,4
d04268,machine_learning,18,16,19,12,15,19,12,11,0,0,2,1,0,2,0,0,1,0,0,0,0,0,0,2,1,0,1,1,0,2,1,0,28,15,18,18,19,17,12,12
d04269,machine_learning,4,1,2,8,3,5,8,9,0,0,0,1,0,1,0,0,0,0,1,0,0,0,0,0,0,0,1,0,0,0,0,2,11,5,7,6,10,14,12,5
d04270,machine_learning,33,24,35,25,42,38,29,36,2,0,1,2,1,2,0,0,2,2,5,0,4,2,3,1,3,3,2,1,2,2,0,0,46,39,56,50,54,51,50,66
d04271,machine_learning,5,7,9,9,13,12,4,7,0,0,0,1,0,0,3,0,0,0,1,1,0,0,0,0,0,1,0,1,1,1,0,0,19,8,15,11,13,13,15,9
d04272,astronomy,0,1,1,0,0,0,1,0,0,0,0,0,0,0,0,1,4,9,7,9,7,5,8,7,0,0,0,0,0,0,0,0,14,11,15,18,13,11,18,9
d04273,football,0,1,0,2,0,0,2,1,0,2,0,0,2,1,1,0,2,2,1,0,1,1,1,0,15,4,11,8,8,10,6,8,14,19,12,18,22,19,22,17
d04274,football,1,0,0,0,0,1,0,0,1,0,0,0,0,0,0,0,1,0,0,0,0,0,0,0,8,5,8,7,6,4,8,4,13,10,10,12,5,18,6,20
d04275,astronomy,0,1,0,0,0,0,1,0,0,1,2,0,0,0,3,0,10,6,5,8,11,7,9,11,0,0,0,0,1,1,0,1,15,12,13,9,20,14,5,22
d04276,football,1,2,2,1,1,2,1,3,3,1,1,3,3,2,2,1,0,3,0,2,0,1,3,2,25,25,27,26,31,23,21,26,54,50,55,60,57,60,47,37
d04277,football,1,1,1,0,2,1,0,1,1,1,1,1,0,0,0,0,2,0,2,1,1,1,2,0,17,22,14,13,19,24,18,9,20,30,25,23,28,25,22,26
d04278,football,0,0,2,1,0,2,0,0,0,0,0,0,1,0,1,0,0,0,0,0,0,0,0,0,9,5,7,5,9,6,9,5,11,17,12,10,18,14,9,13
d04279,machine_learning,54,55,51,64,47,66,42,51,1,6,3,2,2,2,3,2,3,5,3,3,4,2,6,4,0,5,3,8,1,0,1,1,90,88,90,92,86,92,99,96
d04280,machine_learning,25,26,25,26,32,29,29,30,3,1,1,1,1,2,1,1,1,3,0,4,1,2,2,1,1,5,0,2,2,1,2,0,60,51,49,45,50,46,56,43
d04281,football,0,1,1,1,1,0,0,0,0,1,0,0,1,0,1,1,0,0,0,1,0,1,0,1,5,12,13,7,12,14,11,10,17,27,23,18,15,24,12,20
d04282,cooking,3,3,1,1,0,2,2,0,24,21,36,37,31,25,25,27,1,2,4,0,0,3,1,2,1,2,1,1,3,2,2,2,62,41,48,54,42,41,41,48
d04283,cooking,0,1,0,2,0,0,1,1,7,11,11,11,11,15,13,10,0,1,0,0,1,0,1,0,0,0,1,0,0,0,0,0,23,21,16,23,10,20,22,17
d04284,astronomy,0,0,0,0,0,0,0,0,0,0,0,0,0,0,0,0,1,3,5,4,3,3,3,5,0,1,0,0,0,0,0,0,5,7,1,7,7,6,5,13
d04285,machine_learning,9,11,6,6,5,3,8,8,0,0,0,0,1,1,0,0,1,1,0,0,0,0,0,1,0,0,1,0,0,0,0,0,6,7,8,10,11,7,6,23
d04286,machine_learning,9,3,8,12,6,4,8,10,0,1,0,0,0,0,0,2,0,0,1,1,1,0,1,0,0,0,0,0,0,0,0,0,11,12,23,17,21,17,20,9
d04287,cooking,0,1,0,0,0,0,0,0,9,8,10,9,6,10,7,5,0,0,0,1,0,0,2,1,0,0,0,0,1,0,0,0,18,17,13,8,13,22,17,13
d04288,football,0,0,0,2,1,2,0,0,0,0,0,2,2,0,0,0,0,0,0,0,0,0,0,1,11,9,7,4,5,6,10,2,11,14,16,9,18,20,15,7
d04289,machine_learning,8,10,8,16,16,9,12,15,0,2,1,1,0,0,0,1,0,0,0,0,0,1,0,1,1,0,0,1,1,1,0,1,17,10,22,17,15,24,10,20
d04290,astronomy,0,1,1,1,4,2,0,1,2,3,0,4,2,2,3,0,37,31,32,42,28,32,38,30,2,3,2,2,2,2,1,4,54,67,64,78,76,50,73,54
d04291,machine_learning,5,1,12,8,6,2,8,2,0,1,0,0,0,0,1,1,0,0,0,0,0,0,1,0,1,0,0,0,0,0,0,1,8,9,7,9,10,15,12,6
d04292,astronomy,1,0,1,1,4,1,0,0,0,1,1,1,0,4,0,0,29,31,21,26,25,28,27,35,0,1,6,2,0,4,0,1,46,35,42,44,41,42,48,49
d04293,astronomy,2,4,1,0,1,1,2,2,2,1,3,3,2,3,4,1,53,72,50,56,58,46,35,61,3,5,8,1,2,3,7,2,76,92,85,78,104,95,85,79
d04294,football,3,1,2,0,1,0,0,0,2,0,1,1,0,0,1,2,0,1,1,0,1,0,0,1,22,13,18,23,15,25,17,17,27,33,31,39,38,33,28,22
d04295,football,1,1,3,1,0,0,1,1,1,0,1,0,0,2,1,2,2,0,3,1,1,1,1,0,20,18,20,14,21,21,16,19,31,33,29,40,42,33,39,28
d04296,astronomy,2,0,0,0,2,1,1,0,0,1,1,1,0,1,0,1,18,12,12,20,14,15,17,20,1,1,1,2,1,2,1,0,27,23,32,38,32,22,27,35
d04297,cooking,0,0,0,0,0,0,0,1,9,10,11,10,11,6,8,10,1,0,0,0,0,0,0,0,0,1,0,1,2,1,0,0,17,13,14,13,13,15,15,14
d04298,football,0,1,0,0,3,2,0,0,2,1,0,1,2,2,0,1,1,1,0,0,0,0,1,2,17,24,25,32,24,18,20,16,36,28,42,38,44,39,36,36
d04299,football,2,1,5,3,3,8,4,3,1,1,4,3,1,2,3,3,2,4,0,4,5,1,6,4,47,58,47,72,59,50,41,57,96,78,81,85,77,87,96,94
d04300,cooking,3,0,0,2,3,3,1,1,21,26,24,24,30,34,13,31,1,2,4,1,1,3,0,5,5,1,0,0,0,3,1,2,38,34,35,30,36,38,50,37
d04301,cooking,1,2,1,0,2,1,1,2,26,26,22,22,24,28,35,21,1,1,2,2,2,0,1,1,1,1,0,2,0,4,1,1,38,38,38,38,52,33,39,39
d04302,machine_learning,5,8,7,10,5,9,6,6,0,1,0,1,0,0,1,0,0,0,1,0,0,0,0,0,0,0,1,0,1,1,1,0,9,17,9,18,8,6,20,17
d04303,machine_learning,7,9,9,7,5,7,9,8,0,0,0,0,0,0,0,0,0,0,0,1,0,1,0,0,0,0,0,1,0,0,0,1,15,24,15,17,18,12,19,11
d04304,football,0,0,2,0,0,1,0,0,2,0,0,0,0,0,0,0,0,1,0,1,0,1,2,0,8,12,11,8,8,13,5,8,24,18,15,16,16,17,19,24
d04305,machine_learning,8,10,8,7,8,9,5,7,0,0,0,1,0,0,0,0,1,0,0,1,1,2,0,0,0,2,0,0,1,0,0,0,8,11,12,10,17,14,16,10
d04306,football,0,0,0,0,0,0,0,1,0,1,1,2,0,0,0,0,0,0,1,0,0,2,1,0,5,6,6,4,11,5,6,6,3,16,13,6,9,13,11,9
d04307,cooking,0,1,0,1,0,1,1,1,13,14,7,13,7,9,5,6,0,2,0,0,0,0,0,0,1,1,0,0,1,0,0,1,16,13,14,8,14,17,11,12
d04308,machine_learning,9,14,15,16,17,13,12,9,1,2,0,0,0,1,0,1,0,1,2,0,0,1,1,0,0,0,0,0,0,3,0,0,18,22,21,7,16,27,19,13
d04309,football,1,0,0,1,1,1,0,1,2,2,0,1,0,0,1,1,1,1,1,1,1,1,1,0,19,20,18,13,13,11,9,14,21,20,18,11,19,16,22,25
d04310,cooking,2,1,0,1,1,2,0,1,33,26,26,25,34,33,32,25,1,0,1,1,0,0,1,2,2,0,3,1,3,2,1,1,40,62,61,56,54,44,47,44
d04311,football,0,0,0,0,0,0,0,0,0,0,0,0,0,1,0,0,0,0,0,0,0,0,0,0,1,2,2,10,3,3,1,2,5,3,2,6,6,5,8,2
d04312,astronomy,0,0,1,2,1,0,0,1,0,0,0,1,1,0,1,0,11,5,10,3,11,7,6,6,0,1,0,0,1,1,1,0,15,18,13,16,17,9,13,13
d04313,machine_learning,5,4,2,6,5,3,8,6,0,0,0,0,0,1,0,0,0,1,1,0,0,1,0,0,1,0,0,0,0,0,0,0,8,13,10,15,10,13,10,10
d04314,cooking,1,0,0,2,0,1,1,3,10,8,11,16,14,8,16,18,0,0,2,1,1,0,0,0,0,1,0,1,1,1,0,1,17,22,21,19,14,21,20,15
d04315,football,0,0,0,0,1,1,1,0,0,1,1,0,0,1,0,1,0,2,1,0,0,1,1,2,15,10,12,18,14,10,12,13,18,14,21,16,13,20,23,18
d04316,cooking,0,1,1,0,1,0,0,2,4,4,2,13,8,6,10,14,0,0,0,0,0,0,0,0,1,1,1,0,2,0,0,1,13,13,12,15,15,17,14,8
d04317,machine_learning,13,11,18,27,15,14,17,17,2,0,2,0,0,0,1,0,2,0,1,0,0,0,0,1,1,2,1,0,0,0,0,0,32,20,28,23,28,22,21,26
d04318,football,1,2,2,2,0,0,0,0,1,0,0,1,0,0,0,0,0,0,0,0,0,2,0,0,11,7,7,8,10,11,20,9,15,17,17,15,19,18,14,14
d04319,football,1,0,1,0,0,2,1,0,2,0,1,0,2,0,0,0,0,1,1,1,1,1,0,0,11,16,15,8,13,15,9,9,28,22,16,25,27,20,13,16
d04320,football,0,0,1,0,0,0,1,1,0,0,1,0,2,0,2,1,0,0,0,2,1,0,0,1,9,9,3,10,8,4,4,6,14,13,10,14,9,13,13,8
d04321,astronomy,2,2,3,2,1,0,3,5,2,1,0,3,1,2,2,1,27,36,35,31,37,40,31,30,0,1,1,1,0,0,2,2,49,52,47,54,57,50,50,50
d04322,cooking,0,0,1,2,0,0,0,2,11,12,16,9,15,9,10,11,0,0,0,0,1,2,1,0,0,0,0,1,1,0,1,0,24,16,29,20,23,27,20,27
d04323,machine_learning,70,76,67,87,64,79,64,82,3,7,4,6,3,3,4,4,4,4,4,2,5,6,5,3,3,4,3,2,1,3,5,1,124,117,120,107,126,127,120,109
d04324,football,1,3,0,2,1,0,2,1,3,0,2,5,2,0,1,1,2,0,0,0,0,1,0,0,29,28,27,19,23,27,29,28,48,30,41,34,56,50,41,38
d04325,machine_learning,11,3,6,3,8,2,7,0,0,0,1,0,0,0,0,0,0,0,0,0,0,1,1,0,0,0,0,0,0,0,0,1,8,6,10,8,6,4,11,3
d04326,cooking,0,0,2,0,0,0,0,0,6,13,8,3,2,4,8,5,1,0,0,0,0,1,0,0,0,0,0,0,0,2,1,1,12,7,9,5,9,6,7,5
d04327,cooking,0,1,0,0,0,1,0,0,8,11,9,9,9,6,12,9,0,0,1,0,0,0,3,0,0,0,1,0,1,0,2,0,9,14,14,17,16,18,12,20
d04328,machine_learning,3,2,7,6,9,4,9,16,0,0,0,0,1,0,0,2,0,0,0,0,0,1,0,0,0,0,2,0,1,0,0,1,16,14,9,10,16,14,14,9
d04329,astronomy,0,1,2,2,0,0,0,1,3,0,1,1,2,0,0,1,14,15,17,19,12,12,13,12,0,1,0,0,1,1,1,1,22,29,20,32,18,33,22,24
d04330,cooking,0,0,0,0,0,0,0,1,8,15,10,10,16,12,20,14,0,2,0,0,1,1,0,1,1,1,0,0,0,1,0,0,23,19,27,23,18,21,20,13
d04331,astronomy,0,0,1,1,2,1,0,1,2,0,0,1,1,0,0,0,8,14,17,10,12,23,17,23,1,1,2,1,2,1,0,0,30,33,21,21,27,21,24,32
d04332,astronomy,1,0,1,0,0,0,0,0,0,1,0,2,0,0,2,0,10,13,12,4,10,6,8,6,1,0,1,0,0,0,0,0,3,15,12,8,10,13,12,9
d04333,astronomy,0,1,0,0,0,0,0,0,0,0,0,1,2,0,0,0,18,8,7,4,12,11,9,13,0,0,1,0,0,2,0,1,8,16,12,23,14,18,16,18
d04334,machine_learning,12,16,13,21,16,16,15,12,0,0,1,0,1,1,0,1,0,1,1,0,3,1,0,0,1,0,1,1,0,2,0,1,19,27,15,27,25,20,25,31
d04335,football,2,0,1,1,0,2,0,1,0,1,1,1,1,0,2,2,0,0,1,3,0,1,1,0,19,24,13,17,21,13,14,20,25,30,20,20,30,29,24,17
d04336,football,1,1,0,0,2,0,0,1,1,0,0,1,1,2,1,3,0,1,0,2,2,0,0,0,25,21,20,20,19,12,18,15,27,29,36,39,29,27,26,28
d04337,football,2,0,0,0,1,1,0,0,1,1,0,0,2,0,0,2,1,0,0,1,1,0,2,1,9,16,10,14,23,16,11,21,18,21,28,31,18,27,27,25
d04338,football,2,4,2,2,2,4,2,4,0,3,3,3,0,1,1,2,5,2,0,1,0,2,3,4,58,54,68,51,42,56,57,67,103,94,96,96,106,101,102,94
d04339,machine_learning,20,14,19,10,13,14,13,28,0,0,0,2,0,1,1,1,2,1,1,1,1,0,1,1,1,1,1,1,0,2,1,0,27,37,17,25,27,34,28,28
d04340,machine_learning,29,25,20,32,33,24,28,28,1,0,2,1,0,2,0,2,1,3,3,4,0,1,1,2,2,1,4,4,1,0,1,0,35,51,50,48,55,48,47,41
d04341,cooking,0,0,2,1,1,0,2,1,11,29,17,18,20,18,12,14,0,1,0,0,0,0,1,1,2,0,1,1,0,2,0,1,34,31,27,26,27,30,41,27
d04342,astronomy,1,0,0,0,0,1,0,2,0,1,0,0,0,0,1,1,12,7,8,5,10,11,9,11,0,0,0,0,0,0,2,0,17,20,12,18,20,19,13,16
d04343,machine_learning,6,4,9,7,6,10,6,8,1,0,1,1,0,0,0,0,1,1,2,2,1,0,0,0,0,1,0,0,0,0,1,0,5,11,12,13,15,13,10,8
d04344,cooking,0,0,0,0,0,0,1,2,5,2,6,10,6,4,3,4,2,0,0,0,1,0,0,1,1,0,0,1,0,2,0,0,11,9,7,12,9,9,11,14
d04345,astronomy,0,2,0,0,1,0,0,0,0,1,2,1,0,1,0,0,7,8,7,7,13,12,5,10,1,1,1,0,1,1,0,0,8,11,16,14,17,9,11,23
d04346,cooking,0,0,3,1,0,0,1,0,8,8,9,12,6,7,8,8,0,0,2,0,0,0,0,1,2,0,0,0,1,1,1,0,13,11,17,10,20,15,17,16
d04347,astronomy,1,1,0,0,0,0,0,0,0,2,1,0,0,2,0,0,7,9,13,13,3,11,12,8,2,1,0,1,0,0,0,0,18,17,13,18,19,14,26,15
d04348,cooking,0,1,1,0,2,1,0,1,11,17,16,16,16,12,17,17,0,1,2,0,0,1,1,0,0,0,0,2,1,2,1,1,26,27,20,23,27,41,35,26
d04349,machine_learning,18,30,23,30,24,31,23,23,2,1,2,0,3,2,0,0,1,2,0,0,0,1,1,0,1,0,3,2,1,1,3,3,49,36,39,47,39,49,39,32
d04350,cooking,2,0,2,2,1,0,0,2,28,35,35,31,35,40,35,33,2,1,3,1,3,2,2,1,1,0,3,1,0,2,0,1,62,49,57,64,62,52,67,48
d04351,football,2,1,0,0,1,2,1,1,1,2,0,1,1,0,2,2,0,1,0,1,0,1,0,3,16,18,26,17,23,22,18,18,26,25,26,25,30,30,23,27
d04352,machine_learning,9,7,14,14,12,15,11,12,0,0,1,0,2,1,1,0,1,0,1,0,0,0,1,0,0,1,1,1,1,0,0,0,21,14,14,23,20,17,17,30
d04353,cooking,2,2,4,2,3,1,1,1,31,33,37,38,36,40,34,27,1,1,1,1,2,2,0,1,2,1,1,0,5,1,3,3,50,60,60,59,59,62,51,65
d04354,football,2,1,2,0,1,3,0,3,2,3,1,3,1,1,1,1,2,3,2,0,1,2,1,4,44,40,35,41,36,39,47,41,71,64,50,54,65,61,71,69
d04355,machine_learning,11,22,17,16,18,19,15,23,2,0,0,0,0,0,0,0,1,0,2,1,1,0,0,1,1,1,1,0,0,1,0,1,26,26,26,22,35,28,23,26
d04356,cooking,0,0,1,0,1,2,0,2,9,7,7,15,14,10,9,19,0,0,2,0,1,0,1,1,0,1,0,0,0,1,1,0,20,16,15,15,28,18,19,23
d04357,cooking,1,6,0,2,0,1,1,1,32,28,23,24,23,23,28,27,0,0,2,2,2,0,4,0,1,0,2,1,4,0,0,2,39,49,45,31,40,53,41,46
d04358,astronomy,1,0,0,0,1,1,0,0,0,0,0,1,0,0,0,1,7,8,12,7,11,7,4,9,0,0,2,1,0,0,0,0,15,5,10,15,16,12,7,17
d04359,football,4,0,0,2,1,0,1,1,0,0,0,0,1,1,1,1,1,0,1,1,1,0,0,0,15,11,14,8,6,13,12,7,12,18,17,14,12,13,15,24
d04360,astronomy,1,1,0,0,0,1,0,0,0,0,0,1,3,1,0,1,3,8,6,6,6,5,4,3,0,0,0,0,0,0,0,0,9,14,13,13,12,9,9,13
d04361,cooking,2,1,1,0,0,0,0,1,12,12,16,11,12,16,8,11,0,0,0,1,0,0,0,0,1,2,1,2,2,0,0,2,16,27,16,18,25,14,20,18
d04362,cooking,2,0,3,0,2,1,1,2,34,27,26,28,28,31,42,29,0,1,3,1,0,1,2,3,0,2,1,1,3,0,0,0,53,46,40,60,38,34,44,49
d04363,machine_learning,26,18,27,21,30,28,28,28,0,1,1,1,0,2,2,1,1,2,0,0,3,2,1,1,0,2,2,1,1,1,0,1,53,46,36,40,51,41,43,43
d04364,cooking,0,0,1,0,1,0,0,3,11,15,18,22,19,10,17,19,1,0,0,0,1,0,1,0,1,3,0,0,0,1,0,2,18,18,20,22,26,14,27,18
d04365,astronomy,0,0,1,0,1,1,0,0,1,0,2,1,1,0,0,2,9,13,12,16,6,8,8,5,0,1,1,0,0,0,0,0,14,14,14,18,9,10,10,20
d04366,cooking,2,2,0,2,3,7,3,5,54,62,76,54,66,64,45,59,4,2,2,4,5,2,1,2,1,3,4,5,2,1,4,3,91,87,85,98,98,101,104,110
d04367,astronomy,3,2,0,0,0,0,0,0,1,0,0,0,0,3,1,2,10,16,13,15,12,15,20,15,0,0,1,2,0,0,1,1,23,30,16,26,27,28,28,24
d04368,football,4,3,4,7,0,3,2,2,2,1,2,1,2,3,4,3,4,3,2,3,4,4,1,2,55,57,50,63,62,47,56,46,83,96,96,85,103,82,92,88
d04369,machine_learning,5,5,4,6,6,10,3,5,0,0,0,0,1,0,0,0,0,1,0,0,0,0,0,0,0,1,0,0,0,0,0,1,11,8,10,8,9,5,5,7
d04370,cooking,1,0,0,1,1,1,1,2,21,20,31,19,15,23,18,21,0,0,0,3,1,1,2,1,1,0,1,0,1,0,0,1,33,36,33,31,30,34,36,37
d04371,astronomy,2,1,0,1,1,0,0,0,2,1,1,2,1,0,0,1,16,21,9,17,16,21,15,8,0,1,1,2,1,1,0,1,22,19,24,24,19,16,19,26
d04372,cooking,2,2,4,1,3,1,2,1,60,50,58,43,43,57,43,51,3,3,2,3,2,1,3,2,2,3,0,2,0,4,2,4,78,97,87,81,101,81,83,78
d04373,cooking,0,0,0,2,0,1,0,0,16,15,9,6,12,16,8,16,1,1,1,0,2,1,2,0,0,0,2,1,0,1,1,0,20,22,15,17,24,18,25,29
d04374,football,0,0,0,1,0,2,1,0,2,1,0,0,0,2,0,0,1,0,0,0,0,1,2,0,14,21,17,9,14,6,13,9,17,14,25,33,13,23,16,12
d04375,cooking,0,0,0,0,0,0,0,0,7,4,14,14,12,11,14,6,1,0,0,0,0,0,0,0,0,0,1,1,0,0,1,0,20,17,13,15,17,13,18,12
d04376,machine_learning,30,37,25,47,35,34,30,34,2,1,1,0,3,1,2,3,1,2,0,0,0,2,0,4,2,4,1,2,4,3,1,1,63,56,48,60,52,56,59,53
d04377,football,1,0,1,0,0,0,0,0,0,1,0,0,0,1,0,1,0,1,1,1,0,0,1,1,17,15,16,15,24,12,15,16,36,25,10,27,27,25,15,23
d04378,cooking,0,2,1,0,2,0,1,0,4,5,11,10,9,7,4,7,0,0,2,0,1,0,0,0,0,0,0,0,0,0,0,1,14,9,11,20,10,14,4,16
d04379,cooking,1,0,1,0,0,0,1,0,5,7,10,8,5,8,11,9,0,1,0,1,0,0,0,0,0,0,1,1,0,1,0,0,13,15,13,8,12,9,16,9
d04380,cooking,0,0,0,1,2,1,3,4,33,24,27,20,25,22,26,20,0,0,0,3,0,0,1,2,0,0,0,1,0,2,4,2,34,33,34,31,35,33,44,41
d04381,football,0,0,1,0,0,0,0,0,2,1,0,1,0,0,0,0,0,1,0,0,0,0,0,2,2,5,5,5,8,2,4,2,17,11,12,9,8,8,7,11
d04382,cooking,2,0,2,2,0,1,3,1,41,37,41,43,41,41,39,35,0,3,2,0,1,0,4,1,3,1,0,1,2,2,3,3,59,65,75,67,60,68,77,62
d04383,football,1,0,0,0,0,1,0,0,1,0,1,1,3,1,2,0,0,0,1,1,0,0,0,0,14,13,7,12,14,5,17,11,23,18,27,22,18,20,17,30
d04384,football,2,0,2,3,1,3,0,1,0,3,2,1,1,5,3,2,3,0,3,4,1,2,1,0,32,44,42,37,29,31,30,47,69,63,56,70,69,69,59,75
d04385,football,0,0,1,2,2,0,0,1,0,0,0,0,0,1,0,1,1,0,2,0,2,1,2,1,16,13,12,12,19,18,17,16,30,30,29,28,43,24,35,33
d04386,astronomy,2,2,0,2,0,2,2,0,2,2,0,1,0,1,0,1,24,35,32,21,27,38,25,33,1,0,1,1,2,0,1,1,32,36,33,47,56,48,43,44
d04387,machine_learning,6,8,5,8,2,7,7,3,0,1,0,1,1,0,0,0,0,0,0,0,1,0,0,2,0,0,0,0,0,0,2,0,12,12,11,16,14,14,12,11
d04388,football,1,2,2,1,1,0,0,0,1,1,0,1,0,1,0,2,1,2,1,2,0,0,1,1,23,19,12,23,15,18,19,27,32,39,42,44,33,25,35,22
d04389,cooking,6,1,3,4,4,0,1,6,41,40,38,35,28,38,46,42,3,1,2,0,1,2,0,3,6,3,1,3,1,2,2,0,61,69,68,75,69,64,80,59
d04390,football,5,9,7,7,12,6,12,8,9,6,7,7,7,8,7,3,4,3,10,7,9,10,5,6,154,143,151,153,142,134,160,146,230,250,243,259,228,264,248,232
d04391,machine_learning,26,13,24,17,21,23,34,19,1,0,0,0,3,0,0,0,0,2,1,1,0,1,0,0,1,0,0,1,1,1,0,1,34,41,36,40,30,37,41,36
d04392,astronomy,3,1,2,3,0,1,2,3,1,4,2,3,2,3,2,0,40,38,39,29,37,56,35,45,2,2,4,2,0,3,0,1,66,59,59,68,84,59,77,64
d04393,football,2,1,2,4,4,3,3,4,2,2,3,5,4,5,3,2,2,2,3,3,2,2,5,3,71,69,57,61,60,77,67,70,76,102,103,107,115,99,108,93
d04394,astronomy,0,0,0,0,1,0,2,1,0,0,0,1,1,0,0,0,8,15,17,15,12,20,16,14,0,1,0,0,0,0,0,0,25,16,19,17,22,15,20,27
d04395,machine_learning,9,5,9,11,11,6,8,7,0,2,0,0,0,1,0,0,1,0,0,0,2,0,0,0,0,0,0,0,1,0,2,0,10,13,17,18,14,12,15,16
d04396,football,5,2,5,3,2,1,0,0,2,1,2,2,3,0,2,0,1,4,0,5,6,3,2,4,31,51,42,49,39,42,42,40,70,64,59,73,82,64,82,74
d04397,astronomy,1,0,1,0,0,0,1,0,1,0,0,1,0,2,0,1,11,9,8,4,13,15,12,10,0,0,1,0,0,0,0,0,14,14,13,14,14,15,17,18
d04398,football,2,2,2,0,2,1,1,2,2,2,0,1,0,0,2,3,0,0,2,2,1,0,1,0,19,20,25,17,16,22,14,29,33,39,22,32,27,26,27,20
d04399,astronomy,0,0,0,1,2,0,1,0,0,1,1,1,0,0,1,1,12,12,10,5,12,13,7,16,0,1,1,0,2,1,1,1,20,26,14,23,17,13,14,18
d04400,astronomy,0,1,0,2,1,1,3,3,0,0,3,0,0,0,4,0,20,18,16,14,13,17,12,21,0,1,1,0,0,1,2,0,29,25,18,24,34,31,39,24
d04401,machine_learning,41,45,42,51,28,64,36,31,4,3,3,5,2,1,1,4,2,2,4,3,3,2,2,0,1,1,1,2,1,0,2,1,56,72,78,62,60,63,64,42
d04402,machine_learning,17,22,19,19,12,15,20,22,0,0,0,1,1,0,0,1,1,1,0,2,1,2,1,0,2,0,0,1,2,1,1,2,27,23,21,35,27,28,23,42
d04403,machine_learning,3,9,6,7,3,11,10,9,1,1,0,0,0,1,0,0,0,0,1,0,0,1,0,1,0,1,0,1,0,0,0,0,16,13,17,11,10,9,10,14
d04404,football,2,1,1,0,0,1,0,2,2,0,1,0,2,2,1,1,0,2,1,1,2,3,1,0,34,21,30,29,23,30,34,29,45,47,52,43,44,41,39,48
d04405,machine_learning,11,3,7,12,8,4,12,11,0,1,0,0,1,0,0,0,1,0,1,0,1,0,0,0,0,0,2,0,1,1,0,0,11,14,14,11,11,9,9,17
d04406,football,0,0,0,0,1,0,0,0,0,1,0,0,0,1,1,0,0,1,0,0,0,0,0,0,5,10,4,6,15,11,8,9,11,21,11,11,10,13,11,8
d04407,football,0,1,1,1,0,3,3,1,1,0,2,1,1,1,3,0,2,1,0,1,1,2,1,0,24,31,30,18,23,22,24,18,37,36,37,29,44,39,41,37
d04408,cooking,0,0,0,0,0,0,0,0,4,3,6,6,7,5,3,4,0,0,0,0,0,0,0,0,0,0,0,0,0,0,0,0,8,10,8,2,11,5,9,1
d04409,cooking,1,0,0,0,1,3,0,0,10,10,8,9,6,14,11,12,0,0,1,0,0,1,0,0,1,1,0,0,0,0,1,2,12,17,17,9,14,10,11,22
d04410,machine_learning,11,7,11,12,12,8,13,10,0,0,2,0,1,1,0,0,0,0,1,2,0,1,0,0,0,1,0,0,0,0,0,1,12,13,11,15,16,25,16,11
d04411,machine_learning,9,15,13,12,9,7,13,21,2,0,1,0,0,0,2,0,2,2,0,0,0,1,1,0,1,0,1,1,1,0,1,0,24,23,26,13,19,16,22,24
d04412,football,1,0,3,3,1,1,0,1,1,1,2,1,3,3,3,0,2,0,2,2,2,0,1,0,23,30,26,28,29,27,40,28,49,51,65,44,59,53,41,55
d04413,machine_learning,3,6,5,8,5,2,3,4,0,1,0,0,0,0,0,0,0,0,1,0,0,1,0,0,2,0,0,0,1,0,0,1,4,9,6,5,7,9,8,6
d04414,machine_learning,17,22,10,15,12,9,11,17,2,0,1,2,0,0,0,0,1,1,0,1,2,0,0,0,1,1,0,1,1,0,0,1,29,22,21,27,19,27,19,23
d04415,machine_learning,8,9,16,11,14,16,17,15,0,0,4,0,0,1,1,1,3,0,0,0,0,0,1,1,0,2,0,0,1,1,0,2,18,25,17,13,28,19,29,14
d04416,machine_learning,8,3,8,17,9,10,8,7,0,0,0,0,0,0,1,0,1,1,0,1,1,1,0,1,0,0,0,0,1,0,0,1,12,18,15,13,12,9,17,8
d04417,cooking,2,2,3,3,3,2,3,3,44,47,43,39,43,35,48,45,3,4,1,1,3,2,4,1,2,0,3,2,5,3,2,3,77,65,77,78,70,69,66,94
d04418,astronomy,0,1,0,0,1,1,0,0,0,0,0,1,0,0,0,0,10,6,7,8,5,5,3,4,0,0,1,0,0,0,0,0,8,10,8,11,14,10,11,16
d04419,cooking,3,0,1,1,0,0,1,0,16,11,16,23,13,17,13,14,3,0,0,0,1,2,2,0,1,0,1,2,2,1,2,1,23,28,28,20,28,26,22,20
d04420,astronomy,0,0,1,1,1,1,2,0,3,0,1,1,1,1,2,1,12,14,9,16,16,22,17,19,1,1,0,1,0,0,0,0,34,29,30,21,31,31,40,27
d04421,astronomy,0,1,0,0,0,0,0,0,0,0,0,0,0,1,0,0,10,5,6,3,6,5,5,9,0,1,1,0,0,0,0,2,15,12,12,16,15,13,14,17
d04422,football,0,0,1,0,0,0,0,1,0,0,0,0,1,0,0,0,0,0,0,0,1,0,0,0,6,4,7,6,5,10,9,5,12,15,12,9,10,9,10,5
d04423,astronomy,0,0,0,2,0,1,0,0,0,1,0,1,0,0,0,1,19,10,14,16,22,11,16,14,0,0,1,1,1,1,0,1,27,14,22,21,28,17,25,28
d04424,astronomy,8,1,1,2,4,4,2,2,2,2,1,6,3,2,1,0,61,66,66,56,78,52,60,66,4,1,3,5,2,1,5,2,118,91,110,106,88,104,118,91
d04425,cooking,0,0,0,0,4,1,0,1,28,28,24,26,29,24,32,27,1,1,0,1,0,1,2,1,2,1,0,2,2,5,2,2,39,30,39,45,42,42,46,40
d04426,machine_learning,9,12,9,7,9,11,11,10,0,2,0,2,0,0,0,0,0,0,1,1,1,1,2,0,0,0,1,0,1,0,1,1,21,29,20,17,19,19,21,17
d04427,astronomy,2,2,2,3,4,2,2,1,1,1,2,3,4,4,4,3,61,54,49,52,51,53,66,45,5,4,1,2,2,2,4,3,90,101,89,98,107,96,94,93
d04428,astronomy,2,0,1,0,0,0,0,0,1,0,1,0,1,1,1,1,8,11,18,9,15,6,13,16,0,1,1,2,0,1,0,0,23,17,13,20,15,18,13,25
d04429,football,0,2,0,0,1,1,0,0,0,0,1,0,1,0,0,1,1,0,0,0,0,0,1,0,11,7,9,10,10,7,2,8,11,13,9,18,5,14,10,25
d04430,cooking,2,1,0,2,1,0,0,0,11,17,12,16,15,9,12,11,0,1,0,0,0,1,0,2,1,1,1,0,1,0,0,0,26,24,27,25,28,20,18,21
d04431,astronomy,0,2,1,2,1,1,1,1,1,1,0,0,2,1,1,0,13,14,20,15,15,10,12,19,0,1,1,2,0,0,0,0,18,27,30,30,21,28,29,23
d04432,machine_learning,13,10,13,16,12,15,17,12,2,0,0,0,0,0,0,0,2,2,1,0,1,1,0,0,1,0,1,1,0,1,0,0,23,22,20,16,19,26,20,23
d04433,machine_learning,10,12,14,9,4,4,10,11,1,0,0,0,1,0,0,1,0,1,1,0,0,2,2,1,0,1,0,0,1,2,0,1,12,18,18,20,19,16,12,17
d04434,football,3,7,6,6,6,5,2,5,4,4,4,7,9,5,7,3,4,2,6,8,5,6,1,8,109,114,115,119,119,103,100,108,176,211,181,181,189,165,201,189
d04435,cooking,0,0,0,0,2,0,1,2,5,3,6,1,11,8,4,6,0,0,0,0,0,0,0,0,0,2,0,0,0,0,0,0,12,12,13,12,9,9,12,5
d04436,football,2,2,0,1,1,0,0,1,1,1,1,2,0,1,1,0,0,0,1,0,2,2,1,1,13,11,20,15,24,12,21,17,13,23,23,14,33,20,20,26
d04437,football,2,6,4,1,3,5,5,9,7,3,4,3,1,2,1,4,5,2,1,5,4,4,3,2,76,56,71,64,57,47,69,68,125,109,102,106,141,107,125,104
d04438,football,0,0,0,0,0,0,1,1,0,0,0,0,2,2,0,0,1,0,1,1,1,1,0,0,5,4,6,6,8,11,2,6,15,6,17,6,9,9,9,15
d04439,astronomy,2,1,2,0,1,5,3,1,2,0,0,1,0,0,1,0,47,42,44,32,34,45,26,36,1,0,2,2,0,0,3,2,76,68,66,64,64,67,61,77
d04440,astronomy,0,0,2,0,1,0,0,1,1,1,0,2,0,4,0,0,16,24,23,20,25,22,22,17,1,0,0,0,1,1,0,1,30,34,45,33,24,28,26,30
d04441,cooking,0,0,0,0,0,0,0,1,14,15,13,18,19,10,14,15,1,2,2,0,1,0,1,1,0,0,4,1,1,1,0,1,26,24,35,23,16,29,22,20
d04442,machine_learning,28,21,22,26,20,35,22,13,1,1,1,2,2,0,1,0,2,1,3,1,0,0,0,0,0,0,1,1,2,0,0,0,56,48,32,40,42,42,50,39
d04443,cooking,1,0,0,0,1,1,0,0,11,7,10,19,11,8,4,9,0,1,0,0,0,0,1,0,0,0,0,0,0,0,0,0,14,13,15,7,15,14,10,14
d04444,machine_learning,10,8,10,10,11,10,3,9,0,1,0,1,0,0,0,1,0,1,1,0,0,0,0,0,0,0,0,1,0,1,0,0,20,10,20,12,14,18,10,17
d04445,machine_learning,17,17,10,15,12,19,18,16,1,1,0,1,1,1,1,0,1,1,1,0,1,1,0,0,1,0,2,1,1,0,1,0,31,15,28,21,23,24,27,21
d04446,football,1,0,2,0,0,0,0,0,0,0,0,0,0,1,0,1,1,0,0,2,0,0,0,1,13,5,10,5,5,8,8,8,14,15,14,12,14,18,15,17
d04447,astronomy,0,1,0,0,1,0,0,0,0,0,0,0,1,1,1,1,7,8,6,6,3,8,9,7,0,1,0,0,0,0,1,0,9,7,13,9,13,10,11,8
d04448,football,1,1,1,1,0,1,0,0,0,0,0,0,1,0,0,0,0,0,0,1,0,0,0,0,14,13,18,13,15,12,11,11,17,19,27,17,24,31,28,20
d04449,machine_learning,18,21,18,23,15,28,30,20,2,2,3,0,0,0,3,2,0,0,2,0,1,2,0,2,0,0,2,0,0,3,0,3,35,37,33,46,34,32,16,35
d04450,machine_learning,9,7,8,6,9,9,2,9,0,0,0,0,0,0,0,0,0,0,0,1,0,0,0,0,0,0,0,0,1,0,0,0,14,11,9,10,5,16,8,6
d04451,machine_learning,20,16,23,19,19,13,11,13,1,0,0,1,0,1,1,1,0,0,3,1,2,1,1,2,1,0,1,1,1,1,0,2,24,23,24,30,29,30,31,35
d04452,football,1,4,0,0,1,0,0,0,0,1,0,1,0,1,0,1,2,0,0,1,0,0,3,1,9,10,15,13,6,15,7,9,14,20,25,18,17,12,24,28
d04453,astronomy,1,0,0,0,0,0,1,3,0,0,2,1,0,0,0,0,20,14,12,11,18,10,24,21,1,1,0,1,0,2,1,0,30,25,28,30,21,27,23,27
d04454,cooking,1,0,0,2,2,2,1,1,31,38,36,32,29,35,37,34,3,1,3,1,1,0,1,3,2,0,0,2,2,0,1,3,59,76,52,78,69,55,52,47
d04455,machine_learning,17,10,12,19,18,13,12,9,2,0,0,0,0,1,0,0,2,1,1,0,1,1,2,1,0,0,0,1,1,0,2,0,17,25,20,18,24,16,24,16
d04456,machine_learning,14,10,14,18,18,16,10,8,2,0,0,1,0,0,0,0,0,0,0,0,2,0,2,1,0,1,2,0,3,1,3,1,23,17,18,19,21,28,21,26
d04457,football,0,0,0,0,0,0,0,0,0,0,0,1,0,2,1,1,0,0,1,0,0,1,0,1,9,7,12,5,17,10,6,7,19,12,7,14,20,24,16,18
d04458,football,6,3,2,3,4,2,3,1,9,2,4,3,1,1,3,2,3,5,5,3,4,3,6,3,69,57,79,60,61,68,78,69,126,111,111,120,116,113,116,120
d04459,machine_learning,11,9,8,2,11,17,4,16,1,1,0,0,0,0,0,1,0,0,0,0,1,1,0,1,0,0,0,1,0,0,2,0,13,17,21,18,16,15,17,9
d04460,machine_learning,8,9,8,9,3,11,4,7,0,0,1,0,1,0,0,0,0,2,0,0,1,1,0,0,0,0,1,0,1,0,1,0,14,8,21,15,20,16,15,8
d04461,football,0,1,0,0,1,1,0,2,0,2,3,1,1,0,0,1,0,0,0,0,2,0,2,1,14,11,9,15,13,18,15,6,26,24,23,25,27,23,31,24
d04462,machine_learning,21,25,22,29,23,24,28,25,1,0,1,0,0,0,0,2,0,2,2,2,2,1,1,3,0,1,2,0,4,1,0,4,41,36,43,42,41,47,55,41
d04463,football,2,0,2,0,0,0,1,1,0,0,0,0,1,0,0,0,0,1,2,0,0,1,0,0,12,14,12,10,3,6,7,13,16,20,10,30,23,13,13,11
d04464,astronomy,0,0,2,0,0,0,0,1,0,0,0,0,0,1,0,0,7,10,8,7,4,10,6,7,0,1,0,1,0,1,1,1,14,9,11,13,7,9,17,10
d04465,machine_learning,16,17,18,15,18,16,13,14,0,0,0,1,0,0,1,1,0,0,1,0,0,2,0,0,1,0,0,0,3,0,1,2,32,26,24,35,25,38,27,20
d04466,machine_learning,38,32,21,28,24,26,21,37,2,0,3,0,1,2,2,1,2,2,2,0,1,0,0,1,2,0,1,2,1,0,3,2,51,38,58,47,40,37,33,58
d04467,cooking,0,1,0,0,1,1,3,1,26,30,19,21,15,26,24,21,0,2,0,1,0,3,3,3,1,1,0,1,0,0,1,1,28,41,39,44,44,42,41,39
d04468,astronomy,1,0,1,0,0,1,1,0,0,1,0,1,1,1,0,0,10,4,8,7,9,13,8,4,0,2,0,1,0,0,0,0,11,8,18,16,16,13,22,12
d04469,football,1,0,1,0,1,0,1,1,1,1,0,1,2,2,1,2,0,2,2,2,1,3,1,1,12,25,13,15,22,16,16,25,36,23,22,36,29,36,25,33
d04470,astronomy,0,0,0,0,0,0,0,1,0,0,0,1,0,1,0,1,4,12,8,7,10,9,6,12,0,0,0,1,0,0,0,0,12,6,9,11,12,10,15,10
d04471,football,4,1,5,5,5,3,0,1,3,2,3,2,6,4,1,5,4,2,1,4,4,0,0,2,47,48,59,53,58,57,48,46,77,83,86,77,87,80,79,80
d04472,astronomy,0,2,4,0,1,3,2,3,1,3,2,3,1,2,0,2,48,50,39,57,66,62,47,46,2,0,5,3,2,2,0,3,81,92,91,92,85,75,91,98
d04473,astronomy,0,0,0,0,0,0,0,1,0,0,0,0,2,2,0,0,12,8,12,14,18,10,11,16,2,0,0,1,0,3,2,0,26,28,26,33,29,32,30,31
d04474,machine_learning,17,9,10,11,8,11,4,8,0,0,0,0,0,1,1,2,0,1,1,0,0,1,0,0,0,0,0,0,0,0,0,0,15,11,15,23,12,22,21,16
d04475,machine_learning,19,20,20,18,30,21,21,28,3,1,0,2,0,4,4,2,2,2,0,0,2,0,3,3,1,2,0,1,2,0,0,2,38,39,34,39,35,39,35,47
d04476,football,0,0,0,0,0,0,0,2,0,0,0,1,0,0,0,1,0,0,0,0,0,0,0,0,2,5,6,5,5,6,3,1,3,3,9,8,5,3,10,2
d04477,astronomy,4,3,4,3,2,6,1,1,3,5,1,4,4,4,4,3,63,53,51,48,64,48,55,62,1,5,3,1,4,2,3,7,88,106,92,98,101,74,94,82
d04478,football,1,0,0,4,2,0,2,0,1,0,1,2,0,0,0,0,0,4,0,0,0,2,0,0,15,14,15,20,16,15,13,17,26,35,18,27,35,27,25,28
d04479,football,0,0,0,1,0,0,0,1,0,0,1,0,0,0,2,0,0,0,1,0,0,0,0,0,11,9,8,12,12,12,9,17,16,20,22,13,15,14,21,14
d04480,machine_learning,21,24,22,14,13,18,16,25,4,0,1,0,0,1,1,1,0,1,2,4,2,2,0,1,0,1,1,2,0,1,0,1,33,30,37,27,35,34,21,41
d04481,cooking,0,0,0,0,3,0,0,0,14,13,9,15,15,12,9,15,2,1,1,0,0,1,0,1,0,0,1,0,2,2,1,0,23,16,24,25,22,17,27,17
d04482,astronomy,0,5,0,2,1,2,1,0,2,1,1,2,4,0,1,0,26,26,22,37,33,33,28,27,0,1,2,2,1,0,2,2,46,63,49,64,51,66,53,39
d04483,cooking,0,3,3,1,1,0,1,0,23,25,24,35,28,18,19,27,1,1,3,2,1,2,1,1,3,1,0,2,1,0,1,1,41,45,43,54,55,53,47,53
d04484,astronomy,1,0,0,0,1,0,1,2,1,0,0,2,1,0,0,0,15,18,16,11,12,16,12,13,1,0,1,2,0,0,0,1,19,23,23,22,20,18,23,22
d04485,astronomy,3,2,4,0,5,2,1,1,1,1,2,1,2,1,2,2,34,39,31,35,21,27,33,25,0,0,2,2,1,1,1,1,59,66,41,51,54,52,48,57
d04486,astronomy,1,0,2,2,2,3,0,1,0,1,1,0,1,0,0,0,11,14,19,17,10,11,13,16,1,2,1,0,1,1,1,1,22,17,18,18,18,19,24,18
d04487,astronomy,1,0,0,0,0,1,0,1,1,0,0,0,1,0,1,1,5,9,9,8,4,6,10,10,1,1,0,0,0,0,0,0,14,13,12,20,18,15,13,8
d04488,football,1,1,0,1,2,1,1,0,0,0,0,0,0,1,0,1,1,0,1,1,1,0,0,0,7,11,12,10,11,10,9,13,16,20,19,15,24,19,26,12
d04489,machine_learning,8,9,9,5,11,6,9,6,0,1,0,0,1,0,0,1,0,0,0,0,0,0,1,0,1,1,0,0,0,0,0,1,20,18,9,20,13,9,16,12
d04490,football,8,4,8,4,5,4,3,5,1,5,4,5,5,3,4,5,8,5,2,6,4,5,5,4,82,75,82,77,80,80,85,59,165,164,135,153,134,126,145,158
d04491,machine_learning,5,5,7,8,5,6,4,4,0,0,1,1,0,1,0,0,0,0,1,0,0,0,1,0,1,0,0,0,0,0,1,0,4,10,9,14,14,7,13,5
d04492,machine_learning,15,16,10,12,13,13,8,11,0,1,0,1,0,0,1,0,2,1,0,0,1,0,4,1,0,0,1,1,2,0,0,0,14,18,17,16,16,20,13,18
d04493,astronomy,0,2,0,0,3,1,0,0,1,2,1,1,0,1,0,0,27,24,18,22,30,18,21,31,0,2,0,0,1,0,2,2,41,53,34,37,35,45,53,32
d04494,football,0,1,1,0,0,0,1,1,0,0,0,0,0,0,1,0,1,1,1,0,0,1,2,1,3,13,14,9,12,3,12,10,19,10,8,17,13,18,13,12
d04495,machine_learning,60,66,58,61,56,55,54,58,2,2,3,0,2,3,2,1,1,1,3,2,3,6,1,0,2,3,5,1,3,4,1,2,97,102,77,91,92,98,101,101
d04496,astronomy,1,1,1,1,1,3,1,1,0,0,0,0,0,0,0,0,16,16,19,14,10,19,9,18,1,1,1,1,0,1,2,0,18,28,34,24,29,28,38,30
d04497,football,1,1,1,0,0,1,0,0,1,0,0,0,1,1,2,2,0,0,1,0,0,0,0,0,5,6,0,3,7,9,2,6,12,15,8,8,13,10,13,13
d04498,football,1,0,0,0,0,1,0,2,1,0,2,1,1,0,0,0,0,0,0,1,2,0,0,0,14,7,13,8,7,8,8,8,19,16,12,18,21,18,16,16
d04499,machine_learning,30,27,18,24,23,31,26,31,1,2,3,0,0,1,1,1,1,1,0,0,0,1,2,3,3,1,1,2,2,2,2,0,30,33,36,34,41,44,36,37
d04500,cooking,1,0,0,0,2,0,0,1,10,7,6,7,12,9,9,12,0,0,0,0,0,0,0,0,1,0,1,0,0,0,1,0,13,22,19,15,13,25,17,26
d04501,cooking,4,3,2,0,1,2,1,3,37,39,41,31,44,38,43,44,3,2,1,2,3,0,1,2,2,0,3,1,3,2,2,2,62,74,61,59,75,70,68,73
d04502,football,0,0,0,0,0,1,0,1,2,0,0,0,1,1,1,2,0,2,0,0,0,1,1,1,12,8,15,17,10,10,11,14,20,14,26,18,18,28,23,18
d04503,football,0,0,2,0,2,0,0,0,0,0,0,1,0,0,2,0,0,2,0,0,0,0,0,0,5,10,13,7,7,11,6,14,16,19,13,13,14,16,14,7
d04504,cooking,0,0,1,0,1,0,0,0,5,6,5,3,6,11,8,12,0,0,0,2,1,1,0,0,0,0,0,1,0,0,0,0,9,10,13,8,10,9,12,10
d04505,astronomy,0,1,1,1,0,2,1,0,0,2,2,0,0,2,1,3,19,24,25,19,20,23,34,21,0,1,1,3,1,1,2,1,30,33,35,35,53,52,39,38
d04506,machine_learning,24,18,26,34,18,23,29,26,0,0,2,2,3,2,0,2,2,1,1,4,0,0,1,2,0,1,2,1,1,1,2,2,26,33,47,32,43,31,36,32
d04507,cooking,4,2,4,2,2,3,3,2,39,36,41,50,42,42,36,41,5,3,3,1,1,3,1,3,4,3,1,3,3,3,3,3,76,71,83,81,72,66,82,69
d04508,astronomy,1,0,3,0,2,1,0,0,2,0,1,1,1,0,0,0,12,13,13,15,17,14,16,17,2,2,1,2,4,2,2,1,24,17,22,29,23,33,31,17
d04509,cooking,0,0,1,0,0,1,0,2,7,4,10,4,8,3,4,8,0,0,0,0,0,0,0,1,0,0,2,1,0,0,2,1,10,13,16,19,8,16,6,10
d04510,football,0,1,0,0,0,1,1,0,1,1,0,2,0,0,0,1,0,1,0,0,0,0,1,0,14,11,13,16,7,4,5,6,14,18,10,14,20,18,16,8
d04511,cooking,0,0,1,0,0,0,0,0,4,8,8,5,8,5,8,6,0,0,0,1,0,0,1,1,0,1,0,0,1,0,0,1,7,6,9,11,11,8,8,11
d04512,football,1,0,1,0,1,1,0,1,1,0,0,1,0,0,1,1,0,2,2,0,1,2,1,1,19,12,22,26,14,22,21,14,30,33,28,29,43,42,41,38
d04513,machine_learning,15,13,18,21,17,20,25,19,1,0,0,1,1,3,1,2,1,0,2,1,0,1,0,1,0,0,1,0,0,2,2,3,32,27,30,27,22,31,32,31
d04514,cooking,0,0,0,1,1,0,0,1,11,4,10,10,18,10,5,13,0,2,0,1,3,1,1,0,0,0,1,0,0,0,1,1,14,17,16,20,17,16,19,24
d04515,astronomy,2,1,0,2,0,1,1,2,0,1,1,1,1,2,1,2,25,19,20,13,25,13,10,18,0,1,0,2,1,1,1,1,35,28,31,33,22,37,34,46
d04516,astronomy,0,0,0,3,1,1,0,0,0,0,0,0,0,3,3,0,10,6,10,7,8,9,10,9,1,1,0,0,1,0,1,0,17,21,20,23,14,15,15,18
d04517,football,0,1,3,3,2,1,1,2,1,2,1,0,1,1,2,3,2,0,1,1,2,1,2,0,24,21,21,26,24,26,23,20,29,34,38,31,39,44,46,37
d04518,cooking,0,0,1,1,0,0,1,2,29,17,25,38,20,44,24,29,2,2,0,0,2,4,2,2,1,0,1,1,2,2,0,1,36,27,38,39,35,28,36,41
d04519,astronomy,0,0,0,0,0,0,0,0,0,0,0,1,0,0,0,0,5,4,5,2,6,3,2,7,0,0,0,0,1,1,0,1,6,10,8,12,6,8,1,6
d04520,cooking,3,2,2,1,3,2,1,1,39,45,35,42,33,38,32,42,2,2,1,2,0,3,1,2,4,0,1,2,2,3,1,2,48,58,55,52,68,60,53,61
d04521,cooking,1,1,0,0,0,2,1,0,10,12,6,12,15,11,13,12,2,0,2,0,2,0,1,1,1,0,0,2,0,0,2,1,21,31,24,21,12,26,22,23
d04522,astronomy,2,1,1,1,1,1,0,0,1,1,1,1,0,1,1,3,22,13,27,23,27,24,21,38,1,0,0,0,2,1,1,0,45,33,36,39,32,29,31,34
d04523,machine_learning,22,16,15,13,26,15,16,23,0,1,3,2,0,0,2,2,1,0,1,1,0,2,1,2,0,1,1,1,2,1,1,0,27,38,29,22,35,26,21,32
d04524,astronomy,0,0,0,0,0,0,0,1,1,0,0,0,0,0,1,1,10,8,8,11,14,7,8,11,1,1,0,0,0,1,1,0,13,12,9,21,14,15,17,12
d04525,machine_learning,25,19,23,19,24,27,29,18,2,0,0,0,0,1,1,2,2,0,0,0,0,0,0,0,0,0,1,0,1,0,0,0,26,33,31,23,39,42,28,28
d04526,machine_learning,34,30,25,35,34,34,25,31,1,2,4,3,1,1,3,1,3,4,0,4,2,0,3,1,1,3,2,0,1,2,2,0,60,48,47,55,62,40,46,53
d04527,cooking,1,0,1,1,0,0,0,0,9,15,17,12,14,5,8,13,0,1,0,0,0,0,1,1,0,0,0,1,0,0,0,0,23,17,12,16,29,20,21,15
d04528,football,1,0,1,1,1,0,0,0,0,1,1,0,2,0,0,0,0,0,0,1,3,0,0,1,15,17,16,7,10,10,15,15,16,20,26,18,26,26,31,21
d04529,cooking,0,0,1,1,0,0,1,0,8,7,10,7,11,6,9,9,0,3,1,1,0,0,1,1,0,0,0,0,0,0,1,0,20,22,17,16,19,19,18,13
d04530,machine_learning,15,14,21,14,11,17,14,18,0,0,0,2,1,0,0,0,2,0,0,1,5,1,0,0,0,0,0,0,1,0,2,0,24,26,19,17,16,27,17,28
d04531,football,0,0,0,0,0,0,0,0,1,1,1,0,0,0,1,0,0,0,0,0,0,0,1,0,8,4,4,5,4,8,9,6,10,7,10,9,8,10,10,12
d04532,football,0,0,0,1,0,0,0,0,0,0,0,0,0,0,1,0,0,0,0,0,1,1,0,0,6,6,3,7,7,2,1,6,11,6,7,10,13,7,6,5
d04533,astronomy,1,0,1,2,1,0,0,0,0,1,0,0,0,1,0,0,4,3,6,6,6,10,6,8,1,0,1,0,1,0,0,0,10,9,10,10,14,11,8,10
d04534,astronomy,1,0,0,2,0,2,0,5,1,0,1,2,2,2,0,4,35,34,36,26,29,28,35,32,0,5,2,4,1,0,0,0,40,64,55,52,54,52,60,60
d04535,cooking,1,0,0,0,1,2,0,1,18,18,19,12,18,20,28,19,2,0,1,1,2,0,0,0,2,1,0,2,0,1,0,4,33,30,32,25,28,35,35,36
d04536,machine_learning,4,10,8,10,8,8,7,1,0,0,0,1,0,0,1,0,0,0,0,0,0,2,0,0,0,0,1,0,0,0,0,0,11,13,7,11,10,17,17,14
d04537,astronomy,2,1,1,1,0,1,1,0,0,1,3,1,0,1,0,0,12,17,17,18,19,19,16,15,0,3,3,1,2,0,1,0,17,18,25,31,27,22,28,16
d04538,machine_learning,6,7,7,16,7,5,4,9,0,0,1,0,1,0,0,0,0,0,0,2,0,0,1,0,1,0,1,1,0,0,2,0,9,17,14,16,12,11,14,13
d04539,football,1,0,0,0,1,0,2,0,1,0,0,0,1,2,1,0,0,0,0,0,0,2,2,3,12,12,10,10,7,10,8,7,14,15,21,17,17,15,21,13
d04540,machine_learning,16,26,23,19,19,18,21,24,0,3,1,4,1,3,0,2,2,3,2,4,1,0,1,3,3,4,4,2,1,0,1,2,46,38,28,44,42,35,33,41
d04541,astronomy,0,0,1,0,0,1,0,0,1,2,1,2,0,0,0,0,6,5,8,10,8,7,5,9,2,1,1,1,1,0,0,1,15,9,13,15,12,11,10,17
d04542,cooking,0,1,2,2,0,0,1,1,8,11,13,14,10,8,9,12,1,0,0,0,0,0,0,0,1,0,0,0,0,0,0,0,17,15,26,16,21,19,15,22
d04543,astronomy,0,0,0,0,0,0,0,0,0,1,0,0,1,0,0,1,11,10,7,10,3,7,13,10,0,1,1,0,0,0,0,0,14,16,11,12,12,10,7,10
d04544,astronomy,2,4,4,1,1,2,3,3,3,1,4,2,4,3,3,1,50,69,62,60,47,47,42,52,4,1,2,3,3,3,6,1,90,74,93,103,92,88,95,78
d04545,machine_learning,28,23,23,30,23,33,28,21,0,0,2,0,0,1,2,1,1,0,1,0,0,1,0,0,2,2,1,2,3,0,4,2,38,48,52,45,30,45,44,50
d04546,astronomy,1,1,0,0,1,1,1,0,1,0,0,0,0,3,3,1,24,14,14,12,20,10,22,12,1,2,0,0,1,0,0,2,43,35,38,24,33,29,31,26
d04547,cooking,0,0,0,1,0,0,0,0,6,6,5,9,7,5,4,7,0,0,0,0,0,3,0,0,0,0,0,0,0,1,0,0,4,9,11,7,13,12,8,8
d04548,football,1,1,0,1,1,0,1,0,0,0,1,1,0,0,0,1,0,0,1,0,0,2,0,1,11,10,7,8,10,1,5,4,14,19,14,12,16,16,20,23
d04549,astronomy,2,0,1,0,0,0,0,0,0,0,0,0,0,2,1,0,6,8,8,8,9,4,11,8,2,0,0,3,1,0,1,2,21,23,21,15,7,15,16,20
d04550,machine_learning,21,34,29,18,18,31,26,28,1,4,0,1,1,0,2,2,1,1,0,0,4,1,0,0,1,2,1,0,0,0,1,0,32,46,45,43,39,41,40,39
d04551,football,1,2,1,1,1,0,0,0,1,2,1,1,0,2,0,0,1,1,0,0,2,1,2,0,18,25,15,14,15,22,12,16,29,39,30,31,43,26,34,24
d04552,cooking,0,0,3,2,0,0,0,0,20,16,11,17,18,15,18,21,2,0,1,0,1,2,2,0,0,0,0,1,1,4,1,1,25,24,23,34,31,24,30,39
d04553,cooking,0,3,0,1,1,0,2,2,20,16,23,13,15,32,22,14,1,0,0,0,0,1,0,0,1,2,1,0,1,0,1,1,27,29,42,31,31,35,19,30
d04554,machine_learning,8,4,9,9,5,5,4,11,0,0,0,0,1,0,0,0,0,0,0,0,0,0,0,0,0,1,1,1,0,0,1,1,16,9,9,13,23,8,14,16
d04555,astronomy,0,0,0,0,2,0,1,0,1,0,0,0,0,0,0,0,7,7,2,5,6,4,5,4,0,0,1,0,0,0,0,0,8,11,12,10,7,7,11,9
d04556,football,1,0,1,1,0,1,0,2,2,0,1,1,1,0,1,2,0,0,0,0,1,0,1,0,8,11,7,7,6,6,4,7,19,19,7,18,7,13,7,13
d04557,cooking,0,0,0,0,0,0,0,0,6,7,8,3,1,5,6,4,1,1,1,0,0,0,0,0,1,0,0,0,0,1,0,1,3,6,11,6,9,7,8,9
d04558,cooking,5,0,2,0,1,1,1,2,42,41,54,39,37,45,43,28,2,0,1,1,1,2,1,4,2,3,2,2,1,2,2,3,51,76,82,77,65,74,85,77
d04559,football,0,2,1,0,2,0,0,1,2,1,0,1,1,2,0,0,2,0,0,0,0,1,1,0,12,12,11,14,17,8,17,11,22,23,18,20,24,20,28,24
d04560,football,2,0,1,2,3,2,2,2,1,1,1,0,3,1,0,1,2,2,2,1,3,1,2,1,24,31,23,22,17,20,34,26,43,41,39,40,43,46,40,33
d04561,cooking,2,2,2,2,2,0,1,3,19,13,21,16,18,18,13,16,0,0,2,0,1,0,1,0,0,0,1,2,0,0,1,1,29,33,29,23,33,27,22,28
d04562,cooking,3,3,0,2,4,2,2,2,57,61,68,61,68,60,72,53,1,4,7,1,3,1,3,3,2,3,3,1,1,2,4,3,97,112,94,112,94,102,96,109
d04563,football,1,0,0,0,0,0,1,1,1,0,0,0,2,0,0,0,0,0,0,0,0,0,1,0,14,9,3,11,6,5,6,8,11,11,15,17,13,13,11,12
d04564,machine_learning,21,16,18,28,21,25,23,17,0,1,0,1,2,0,1,0,4,1,1,0,0,0,3,2,1,1,0,1,0,1,1,3,35,31,39,43,34,32,32,36
d04565,astronomy,0,0,0,1,0,0,0,0,1,0,1,0,0,0,0,0,5,7,9,2,8,4,6,9,2,2,1,3,0,0,1,0,23,9,10,11,19,13,11,11
d04566,football,2,3,0,1,0,0,0,0,1,0,1,0,2,1,0,1,2,0,2,2,1,2,2,2,25,18,21,19,15,14,25,23,38,55,34,38,50,39,38,34
d04567,machine_learning,2,9,5,3,2,4,1,2,0,0,1,1,0,0,1,0,0,0,0,2,0,0,1,0,0,0,0,0,0,0,0,0,4,7,6,6,12,6,7,5
d04568,astronomy,1,0,1,0,0,0,1,1,1,0,1,0,1,0,0,0,14,12,9,16,9,9,16,11,1,0,2,1,0,1,2,0,26,24,24,18,20,10,20,17
d04569,machine_learning,19,14,14,23,19,16,23,13,1,1,2,2,0,1,2,0,1,1,2,1,0,2,1,1,3,0,1,0,2,2,5,1,25,29,38,26,29,29,33,28
d04570,cooking,3,3,3,2,1,2,5,5,60,42,58,42,48,42,54,55,4,3,3,2,1,1,3,3,1,1,1,2,2,1,2,2,84,81,80,92,69,90,90,102
d04571,astronomy,0,1,0,2,0,2,0,0,1,1,0,0,0,0,0,1,10,12,14,22,14,16,10,9,1,2,1,0,1,1,0,1,21,17,21,15,29,22,32,21
d04572,astronomy,0,2,0,0,1,0,0,1,1,0,1,1,0,1,1,0,17,21,18,12,12,9,13,13,1,0,0,1,0,0,2,0,21,25,21,20,28,28,25,19
d04573,cooking,0,1,0,1,0,0,0,0,10,10,7,10,10,8,7,7,0,0,2,0,1,1,1,1,1,0,1,1,0,1,0,1,16,10,13,8,12,11,14,11
d04574,machine_learning,14,24,18,22,19,10,16,16,0,1,2,0,0,0,2,1,0,0,1,2,2,0,1,2,2,1,3,3,2,0,0,0,41,21,43,25,40,33,28,27
d04575,machine_learning,5,7,6,5,6,5,5,5,0,0,0,0,1,0,0,0,0,2,0,0,1,0,1,0,0,1,2,0,0,0,2,1,9,12,5,16,14,4,10,10
d04576,cooking,1,0,2,0,2,0,0,0,4,7,4,6,10,3,4,9,0,0,0,0,0,0,0,0,1,0,0,0,0,0,0,0,19,16,10,10,13,8,11,13
d04577,cooking,0,1,1,0,0,0,0,0,11,17,9,15,7,7,13,9,0,0,0,0,0,1,0,2,0,0,0,1,0,1,0,1,18,11,19,18,16,10,20,14
d04578,astronomy,0,1,1,1,0,0,0,0,1,0,0,1,0,0,0,0,8,14,10,5,12,5,5,9,1,1,0,0,0,0,0,0,11,10,11,10,11,15,16,20
d04579,astronomy,0,1,0,0,1,1,0,0,1,0,0,0,0,0,0,1,8,11,2,9,10,9,13,16,0,1,1,0,0,1,1,0,22,7,24,19,19,19,12,21
d04580,astronomy,0,0,0,1,1,2,0,0,0,0,0,0,0,0,0,1,7,0,3,5,5,4,11,1,0,0,0,0,0,0,1,0,8,8,11,8,11,10,8,9
d04581,machine_learning,13,10,13,18,8,7,15,16,1,0,0,0,0,2,0,0,1,0,1,0,0,0,0,0,1,0,1,0,1,0,1,2,21,20,18,14,25,15,17,22
d04582,football,1,0,0,0,1,1,0,1,2,0,0,1,2,2,0,3,0,0,1,0,1,4,0,1,19,27,16,11,14,17,16,23,26,22,40,31,28,28,29,29
d04583,football,0,1,0,0,0,3,0,2,1,0,1,1,0,0,2,2,0,0,1,0,0,1,3,0,16,16,17,14,16,13,14,12,24,19,27,27,23,17,26,23
d04584,cooking,0,0,0,1,0,0,0,2,5,8,8,17,9,7,9,9,0,1,0,1,0,0,0,3,1,1,0,0,2,0,0,1,17,19,18,19,9,17,14,17
d04585,machine_learning,17,7,9,18,11,15,12,21,0,2,0,0,1,0,1,3,1,1,1,0,0,1,0,1,0,1,1,1,1,1,2,1,27,22,24,17,26,23,21,23
d04586,cooking,1,0,0,0,0,0,0,1,9,11,8,6,9,7,7,7,0,0,0,0,0,1,2,0,0,0,0,0,1,0,1,1,20,12,20,12,15,16,15,17
d04587,cooking,1,0,0,0,0,1,0,1,6,9,6,6,11,1,4,3,0,0,0,0,1,0,1,0,0,0,0,1,0,0,1,2,7,9,9,11,10,9,12,6
d04588,astronomy,4,0,4,3,1,2,3,1,0,2,2,4,2,1,2,2,45,53,56,54,57,50,47,40,5,1,0,0,3,2,2,6,91,101,69,90,92,65,73,90
d04589,machine_learning,12,11,17,13,7,14,14,16,0,2,1,1,1,1,0,0,3,0,0,1,0,1,1,1,1,0,0,0,1,1,0,0,23,26,29,18,21,18,19,27
d04590,football,1,2,1,1,1,1,1,1,1,2,0,0,0,1,1,1,2,0,0,1,0,2,2,0,22,23,26,9,18,16,17,22,23,30,26,32,32,34,24,35
d04591,astronomy,0,2,0,0,1,5,1,2,3,2,2,2,2,2,1,1,37,27,44,29,38,34,27,29,1,4,1,3,0,1,4,2,50,54,43,49,49,41,45,51
d04592,astronomy,1,0,0,1,0,1,0,2,0,0,0,1,0,0,1,2,4,7,7,3,3,6,3,1,0,0,0,0,0,0,0,0,11,10,10,13,10,9,11,11
d04593,cooking,0,1,0,1,0,1,0,0,6,7,5,8,18,13,6,12,1,0,1,0,0,0,1,0,0,1,0,0,0,0,2,1,21,14,8,15,11,18,15,15
d04594,cooking,1,1,1,2,0,0,1,1,22,25,15,17,25,23,17,18,0,1,0,0,1,0,0,1,1,0,2,3,1,0,1,2,31,36,32,33,39,29,38,22
d04595,machine_learning,23,30,32,21,21,19,18,23,0,0,1,2,0,1,1,1,0,0,0,0,1,1,0,0,1,1,2,0,0,2,0,2,28,40,42,37,27,45,47,33
d04596,machine_learning,13,23,14,13,12,15,16,18,1,1,0,3,2,1,0,1,1,1,2,2,2,0,1,1,3,0,0,1,2,0,0,2,32,30,26,34,34,29,31,22
d04597,astronomy,0,0,0,2,0,1,3,0,6,0,0,2,2,2,0,1,18,24,19,19,19,22,25,17,2,3,1,1,1,2,0,1,40,46,32,53,30,44,38,38
d04598,football,0,0,0,1,0,0,3,2,0,0,1,2,0,0,1,1,0,0,0,0,0,1,0,1,10,4,8,11,9,8,5,11,25,18,10,20,9,8,25,12
d04599,cooking,0,1,0,0,1,1,0,2,9,11,10,12,11,8,9,11,0,0,0,0,2,0,0,0,0,1,1,1,1,1,1,0,18,21,21,28,20,16,16,18
d04600,astronomy,4,1,4,1,1,1,3,1,2,2,2,4,2,1,3,0,45,34,33,41,45,54,43,49,3,2,2,1,3,5,1,1,68,80,83,68,63,78,76,78
d04601,machine_learning,6,8,6,5,3,8,4,8,0,0,0,0,0,0,0,1,0,0,1,0,0,1,2,1,0,0,1,0,1,1,1,0,16,8,14,11,12,11,9,13
d04602,cooking,0,0,0,0,0,0,0,0,2,4,4,4,6,6,4,1,0,0,1,0,1,0,0,0,0,1,1,0,0,1,0,0,8,7,5,9,9,8,9,9
d04603,cooking,0,0,0,0,1,2,0,1,16,13,11,15,10,7,9,15,1,0,0,0,0,0,0,1,0,0,1,0,0,1,0,0,13,22,20,13,16,18,14,15
d04604,football,0,2,0,0,3,0,1,2,0,0,1,0,1,2,0,0,1,0,0,0,2,2,0,0,12,11,15,17,17,14,9,16,19,21,29,24,25,28,17,21
d04605,machine_learning,16,13,23,19,11,10,16,21,1,0,1,0,0,0,1,0,2,2,2,2,0,1,1,0,0,0,0,2,0,3,2,0,23,26,16,29,26,29,21,17
d04606,football,4,1,1,0,3,1,2,3,0,2,1,1,1,0,1,1,2,1,0,1,4,1,1,0,29,30,14,34,34,21,34,31,48,50,60,47,50,47,49,44
d04607,astronomy,0,1,0,1,1,0,0,1,0,1,0,0,1,2,0,1,8,14,10,7,11,11,8,18,2,1,0,2,0,1,0,1,20,20,17,15,16,18,20,23
d04608,astronomy,0,0,0,1,0,1,0,1,1,0,0,2,2,0,2,1,21,16,26,24,19,18,17,23,1,1,0,1,0,1,0,0,30,25,34,35,28,27,35,42
d04609,football,0,1,0,2,2,0,0,0,0,0,1,0,0,1,0,1,1,1,1,0,0,0,0,0,12,11,11,8,9,8,8,5,12,11,14,14,21,15,15,12
d04610,astronomy,0,2,2,2,0,1,1,2,0,3,2,3,0,0,2,0,29,29,18,20,24,17,24,25,1,2,1,1,0,1,0,1,36,34,36,39,31,45,37,28
d04611,football,3,5,6,5,3,5,4,5,5,8,6,7,9,6,5,2,1,5,8,5,4,3,4,5,102,115,97,111,115,103,109,110,196,192,175,176,178,198,185,182
d04612,football,1,1,2,2,0,2,0,2,1,1,1,2,1,0,0,0,2,1,0,1,0,2,0,0,16,16,15,13,14,19,19,15,30,38,28,38,36,37,21,34
d04613,cooking,0,0,0,2,1,0,0,1,28,20,19,26,15,20,13,21,0,1,0,0,3,2,5,1,0,0,0,1,2,0,2,0,29,28,41,40,26,28,23,34
d04614,cooking,1,0,2,2,1,0,0,1,5,5,4,15,7,5,5,10,0,0,0,0,1,0,0,0,0,1,2,0,1,0,0,0,14,12,14,16,13,14,17,11
d04615,astronomy,0,1,0,0,1,3,0,1,0,3,1,3,1,2,0,2,27,19,21,24,21,25,17,22,1,0,0,0,1,1,0,0,37,40,34,29,34,29,27,34
d04616,football,0,3,4,1,2,3,4,0,0,0,3,2,3,2,1,0,2,0,2,1,2,1,3,3,39,24,31,31,30,30,32,34,61,50,40,55,55,47,43,41
d04617,cooking,0,0,1,0,1,0,0,0,10,9,14,11,6,11,15,9,1,0,1,0,0,1,0,0,1,0,1,0,1,1,0,0,19,20,26,15,17,25,19,30
d04618,astronomy,1,0,1,0,1,1,1,0,0,3,1,0,0,0,1,1,18,16,10,20,13,19,15,12,1,0,2,0,0,2,0,0,23,25,24,18,24,24,14,24
d04619,football,4,2,1,3,2,2,3,2,0,0,0,0,0,0,2,0,2,0,0,1,2,1,5,2,33,32,22,42,36,28,35,27,74,46,50,73,57,66,57,61
d04620,football,0,0,1,2,0,0,0,1,2,0,0,2,2,0,1,0,1,1,0,0,0,1,0,0,12,8,12,9,14,12,13,9,16,19,14,22,12,20,18,17
d04621,astronomy,1,1,1,0,0,0,0,0,2,1,0,0,1,0,0,0,6,10,13,11,7,13,11,14,0,0,0,0,1,0,1,0,28,17,24,14,20,29,17,27
d04622,cooking,1,2,1,2,1,4,2,3,59,70,53,59,53,54,45,62,1,2,2,1,4,1,5,1,2,1,3,4,2,0,4,3,100,97,88,93,84,78,84,88
d04623,machine_learning,4,2,4,4,2,2,3,6,0,0,0,0,0,0,0,2,0,1,0,0,0,0,0,0,0,0,0,0,1,0,0,0,5,2,10,2,7,5,7,5
d04624,cooking,3,2,1,2,0,4,5,1,47,42,35,36,47,32,44,45,0,4,3,0,3,1,3,0,2,0,1,1,3,2,1,2,62,78,67,67,78,69,69,74
d04625,cooking,1,0,0,0,0,1,0,0,8,9,12,9,8,7,14,11,0,1,2,0,0,2,1,2,0,0,1,0,0,1,0,0,19,31,25,21,10,22,20,18
d04626,football,0,1,0,0,0,0,1,0,0,1,0,0,0,0,0,0,0,0,0,0,0,0,1,0,13,8,9,7,10,3,9,12,18,8,12,15,13,14,11,13
d04627,cooking,0,0,1,1,0,0,1,0,10,9,5,6,6,5,7,7,1,0,0,2,0,0,0,0,0,2,2,1,0,0,1,3,14,15,14,12,10,13,16,11
d04628,cooking,0,0,0,0,3,0,0,0,14,15,8,13,14,14,9,14,0,1,0,1,0,1,0,0,2,1,0,1,0,1,0,0,22,11,16,25,13,18,17,12
d04629,astronomy,0,1,0,1,0,0,0,2,0,0,0,2,0,0,1,1,14,14,13,12,16,17,20,8,0,1,0,2,2,1,0,0,23,18,21,24,22,23,16,20
d04630,astronomy,1,0,3,0,0,1,0,1,0,0,0,0,2,0,2,0,3,9,7,8,7,4,11,4,1,1,0,1,0,1,0,1,15,12,14,21,14,13,11,17
d04631,astronomy,2,4,5,4,5,5,4,2,2,6,3,5,5,7,7,5,83,106,87,98,100,81,97,123,4,4,7,3,4,4,4,5,138,142,144,130,152,148,155,164
d04632,machine_learning,18,9,13,15,13,10,15,14,0,0,1,0,1,0,0,0,0,0,0,0,2,1,0,0,3,1,2,2,1,0,0,1,26,28,25,17,27,23,22,21
d04633,machine_learning,10,13,11,13,11,12,11,8,1,0,0,0,0,0,1,0,0,0,0,1,0,2,0,1,0,0,0,1,0,1,0,0,11,11,8,7,15,8,14,17
d04634,cooking,0,0,0,0,1,0,1,0,16,11,7,13,13,14,10,12,0,1,0,1,2,1,1,0,1,1,1,0,0,0,0,0,16,16,19,26,14,19,24,22
d04635,astronomy,2,0,0,0,0,0,0,1,0,1,1,0,0,2,0,0,7,9,11,6,6,9,11,7,0,0,0,0,0,0,1,1,23,21,20,20,14,21,16,15
d04636,cooking,1,1,0,1,1,0,0,0,6,7,7,7,4,10,5,7,0,1,0,0,0,0,0,0,0,0,0,2,0,1,3,0,13,13,14,11,15,12,9,17
d04637,cooking,0,0,1,1,1,1,1,0,17,18,16,10,10,14,13,13,0,1,2,0,0,1,0,0,2,0,2,0,0,1,0,1,21,17,15,19,22,24,29,17
d04638,football,2,1,3,1,3,2,6,2,5,4,1,3,3,2,7,3,2,4,2,6,5,2,6,2,80,61,75,62,64,55,55,60,108,121,109,118,110,118,96,93
d04639,machine_learning,10,8,10,9,5,12,4,13,1,0,0,1,1,0,0,0,0,0,0,0,0,1,1,0,0,0,0,0,0,0,1,0,19,15,9,14,16,12,9,11
d04640,machine_learning,7,12,7,8,11,8,10,6,0,0,0,0,0,0,1,0,0,3,1,1,0,0,1,0,0,1,1,0,1,0,1,1,13,10,17,21,17,12,11,18
d04641,cooking,1,2,0,1,1,0,2,0,22,20,27,15,16,17,28,26,0,0,0,2,2,1,0,0,0,2,0,1,0,1,4,0,26,21,37,35,40,25,39,36
d04642,football,0,0,1,0,0,0,0,0,2,0,0,0,3,0,0,0,0,0,0,1,2,0,0,0,11,12,14,7,11,12,15,14,15,16,12,16,14,19,11,17
d04643,cooking,0,1,0,3,2,0,0,0,15,19,19,12,17,18,19,21,1,3,0,0,1,0,0,0,0,0,1,1,0,1,1,1,25,31,21,30,35,23,30,31
d04644,cooking,1,0,1,0,1,2,0,3,38,40,45,35,39,40,46,43,1,3,1,1,1,1,3,0,3,2,1,1,0,2,1,1,63,60,71,59,64,58,58,56
d04645,astronomy,2,4,0,2,0,3,1,3,1,0,2,1,0,1,0,2,25,26,19,26,31,24,25,22,1,4,0,0,1,2,2,0,49,52,39,52,50,38,43,46
d04646,cooking,1,1,3,0,0,1,0,1,19,21,26,31,22,22,25,24,0,0,1,3,3,0,1,0,1,0,1,0,0,0,1,0,31,38,35,36,47,29,28,29
d04647,astronomy,1,0,5,2,1,1,1,1,2,2,0,0,2,1,0,2,21,24,31,16,17,23,20,23,1,0,1,1,1,2,0,0,32,31,36,34,43,36,27,29
d04648,football,1,0,0,0,0,2,1,0,0,0,0,1,3,0,0,0,0,2,1,1,2,2,0,0,20,16,16,24,17,20,14,15,33,24,37,30,32,25,33,20
d04649,football,0,0,1,1,0,0,0,0,1,0,0,0,1,0,2,1,0,1,1,0,1,1,1,1,16,12,12,7,12,13,12,12,26,24,14,31,16,12,23,29
d04650,machine_learning,10,8,6,9,10,12,10,8,0,0,0,0,0,1,0,1,0,0,0,0,1,0,0,0,0,0,0,0,1,0,0,1,9,13,19,18,21,15,11,16
d04651,machine_learning,4,4,9,4,3,3,4,9,0,1,1,0,0,0,0,0,0,0,0,0,1,0,1,0,0,0,0,0,0,0,0,1,10,10,9,11,7,10,16,10
d04652,cooking,0,0,1,0,0,0,1,0,7,5,10,4,8,5,11,6,0,0,0,0,0,0,0,0,0,0,0,0,1,2,0,0,9,12,5,7,14,6,19,13
d04653,machine_learning,22,23,23,19,21,23,26,24,1,0,1,0,0,0,0,0,3,1,1,1,1,1,3,0,1,0,0,1,0,2,1,0,41,24,38,39,41,45,32,30
d04654,cooking,1,0,1,0,1,0,0,1,11,10,11,11,3,11,6,8,0,3,1,1,0,1,0,0,0,0,0,2,0,1,0,0,24,17,15,5,17,10,16,17
d04655,cooking,0,0,0,1,1,0,0,0,4,6,5,6,3,4,3,5,1,0,0,1,0,0,0,0,0,0,0,1,0,1,0,0,8,8,3,6,15,6,9,7
d04656,cooking,1,1,1,0,0,1,0,0,12,4,7,10,5,10,8,11,0,0,0,0,1,0,0,1,0,0,1,0,0,0,0,0,13,12,15,13,5,8,10,12
d04657,cooking,2,1,0,1,1,1,0,1,14,8,11,9,9,11,13,8,0,0,0,1,2,3,0,1,0,1,0,1,0,1,0,0,15,15,13,20,13,21,24,17
d04658,cooking,1,0,3,2,0,1,2,1,24,18,19,19,15,27,22,26,2,2,0,0,2,1,0,0,0,1,3,1,1,1,0,0,24,36,28,32,36,30,33,17
d04659,machine_learning,35,31,24,28,28,33,22,28,4,1,1,2,1,1,0,0,3,1,2,2,2,0,2,0,3,1,3,0,1,0,1,2,50,50,51,58,66,46,47,63
d04660,astronomy,0,0,0,1,0,0,0,2,1,1,2,0,0,0,1,0,14,7,13,15,10,12,8,9,0,0,0,0,0,1,2,0,13,22,15,11,32,18,12,18
d04661,cooking,1,2,0,1,1,5,0,1,42,25,37,35,40,34,37,42,3,0,4,3,2,2,3,3,3,1,1,3,5,3,1,1,59,59,52,51,42,72,49,63
d04662,astronomy,0,0,0,0,0,1,1,0,0,0,1,1,0,0,0,0,11,10,17,6,7,12,8,13,0,0,0,0,0,0,0,0,16,15,24,17,15,17,15,12
d04663,astronomy,1,0,0,0,0,0,2,0,0,0,0,0,0,1,0,0,2,4,4,5,6,6,4,4,0,0,0,0,0,0,0,0,11,9,7,9,8,8,4,9
d04664,astronomy,0,1,5,1,2,1,3,1,0,0,0,2,0,3,1,1,27,19,30,17,30,26,25,22,0,1,2,1,2,0,0,3,36,38,43,51,28,41,28,46
d04665,astronomy,0,0,0,0,0,0,0,0,1,2,0,0,0,0,0,0,5,5,9,16,9,8,5,5,0,0,0,0,1,0,2,1,10,16,11,8,18,6,16,14
d04666,machine_learning,10,7,7,10,4,7,3,7,1,0,0,1,0,0,0,0,0,0,1,1,0,0,0,0,0,0,0,1,0,0,0,0,5,16,11,19,7,10,11,12
d04667,cooking,3,2,0,1,1,4,3,1,49,47,46,45,43,37,34,35,2,1,2,2,1,1,1,5,0,2,4,3,2,2,2,5,67,76,74,62,70,65,65,71
d04668,machine_learning,24,19,18,22,26,14,18,27,1,0,4,0,0,2,0,1,2,1,1,4,1,0,0,2,0,0,2,2,1,1,0,1,41,37,45,36,43,34,32,38
d04669,machine_learning,13,7,2,8,9,5,2,4,2,0,0,0,0,0,0,1,0,0,0,0,0,1,0,0,0,0,0,0,0,0,0,0,11,13,11,11,11,11,20,22
d04670,football,0,0,0,1,0,0,0,0,0,0,0,0,0,0,0,0,0,0,0,0,0,0,0,1,2,8,5,3,3,1,2,1,5,6,6,5,5,8,8,7
d04671,football,0,0,0,1,2,0,1,0,0,0,0,0,1,3,0,0,0,0,0,0,1,0,0,1,12,7,5,10,12,9,9,14,8,8,17,21,15,16,18,14
d04672,football,0,0,0,0,1,1,1,0,0,0,0,0,0,0,1,0,0,0,0,1,0,0,0,0,5,8,6,6,6,7,7,13,8,19,10,15,7,15,16,22
d04673,football,1,1,0,0,0,0,0,0,2,0,2,2,1,0,1,1,2,0,1,1,0,2,0,1,27,18,22,20,17,17,14,14,32,19,33,37,21,27,35,27
d04674,football,1,1,0,3,0,2,0,1,0,0,0,2,0,0,0,0,1,0,0,0,0,1,3,1,16,11,17,13,17,19,17,13,25,26,31,21,24,24,22,30
d04675,astronomy,1,1,0,1,1,1,0,0,0,0,0,0,0,0,1,2,11,15,10,16,11,18,10,10,0,1,1,0,0,0,0,0,24,25,27,35,24,29,23,30
d04676,astronomy,0,0,1,0,0,0,1,0,0,0,0,0,0,0,0,0,4,4,6,5,4,8,2,3,0,0,0,0,0,0,0,0,12,9,10,11,2,10,9,8
d04677,machine_learning,7,3,8,10,10,5,9,3,1,0,0,2,0,0,0,1,0,0,0,0,2,0,1,0,1,1,1,2,1,1,0,0,10,13,17,18,20,14,11,12
d04678,astronomy,1,2,1,0,2,1,1,3,0,0,2,3,1,1,2,0,37,36,39,31,36,34,35,40,2,2,2,1,1,0,2,2,58,46,55,72,69,60,76,56
d04679,machine_learning,8,9,6,12,12,9,6,9,0,0,0,1,1,0,0,0,0,0,1,0,2,0,0,0,1,2,3,0,2,0,0,0,20,12,18,20,13,14,18,26
d04680,astronomy,0,0,0,0,0,0,0,1,1,1,0,0,1,0,0,0,7,7,10,9,15,7,14,11,0,0,1,1,0,0,1,0,19,20,16,21,19,12,13,16
d04681,astronomy,1,1,0,0,0,1,1,1,0,0,1,1,0,3,2,1,26,27,31,24,21,33,29,28,0,0,1,0,3,0,1,2,49,38,45,37,43,40,41,44
d04682,cooking,1,1,0,0,1,1,0,1,12,11,10,16,10,6,6,9,1,1,1,1,0,0,0,0,1,0,0,0,0,0,0,0,16,24,10,19,14,21,12,19
d04683,astronomy,1,0,0,0,0,0,0,2,0,0,0,0,0,1,0,0,3,6,5,3,3,3,3,5,0,0,1,1,0,1,0,0,9,12,7,7,10,9,5,13
d04684,machine_learning,13,7,10,9,11,15,20,23,1,0,0,1,3,1,1,2,1,2,0,0,0,1,0,0,0,0,0,0,3,3,1,0,22,29,22,22,14,31,22,24
d04685,football,0,2,3,2,3,1,1,1,2,3,3,3,1,3,0,0,2,1,1,3,1,2,2,0,33,39,47,45,37,42,35,47,57,47,64,68,55,45,65,54
d04686,cooking,0,0,1,0,0,0,0,0,7,4,4,1,9,8,2,7,0,0,0,0,0,0,0,0,0,1,0,0,0,0,0,0,10,10,13,13,6,8,14,8
d04687,cooking,0,0,0,1,0,1,0,0,4,10,1,4,2,3,4,1,0,1,0,0,0,0,0,1,0,0,0,0,0,0,1,0,7,4,5,4,6,12,6,10
d04688,machine_learning,7,6,8,7,7,8,6,6,3,1,1,1,0,0,1,0,0,1,1,1,1,0,0,0,0,0,1,0,0,0,0,0,8,8,13,11,13,11,12,10
d04689,cooking,1,3,2,0,1,3,2,4,60,41,49,51,30,40,48,46,0,2,3,2,2,1,4,2,1,1,2,1,3,4,4,0,59,77,63,77,55,79,59,80
d04690,football,2,0,0,3,1,1,3,4,2,1,2,4,2,0,3,1,2,2,2,0,2,0,1,0,41,40,48,49,39,43,47,38,76,80,63,72,86,74,74,72
d04691,astronomy,2,0,1,0,0,0,1,0,1,1,0,0,0,0,0,0,3,7,5,5,6,11,7,4,0,0,0,0,0,0,0,1,6,10,7,6,11,10,10,18
d04692,astronomy,1,0,0,2,0,0,0,0,0,0,0,0,0,0,0,1,6,6,2,5,3,2,2,7,0,0,0,1,1,0,0,0,7,9,6,8,6,7,6,8
d04693,football,0,0,2,0,0,0,1,1,1,0,0,0,1,0,0,0,0,1,0,1,0,0,1,0,13,14,11,11,17,13,11,11,16,18,22,17,25,18,19,19
d04694,machine_learning,13,11,12,11,22,18,12,9,1,0,3,1,0,1,1,0,3,0,0,0,0,0,0,1,2,0,1,1,1,0,1,0,17,21,17,20,19,13,19,18
d04695,astronomy,2,0,0,1,1,3,1,0,0,0,1,0,1,0,0,0,22,15,8,15,15,11,15,13,1,1,0,1,1,1,1,0,17,23,25,17,20,19,23,29
d04696,astronomy,0,0,1,0,0,0,0,0,1,0,0,1,0,0,0,0,9,4,2,7,2,4,6,6,0,1,0,0,0,0,0,0,12,9,17,14,8,7,15,10
d04697,football,2,1,2,1,1,2,0,0,0,0,6,0,0,1,4,0,1,1,1,0,1,2,1,1,25,22,18,27,14,25,31,18,35,44,42,40,47,45,39,49
d04698,astronomy,0,0,0,0,0,1,1,1,1,0,0,1,1,2,0,0,4,4,6,5,8,8,4,8,0,0,0,0,0,0,1,0,12,16,16,13,5,14,16,15
d04699,cooking,1,0,2,0,2,2,0,1,15,20,19,22,16,20,20,20,0,3,0,1,2,0,5,1,1,2,0,1,3,0,3,2,39,27,34,31,21,33,37,29
d04700,football,1,0,0,0,0,1,1,0,1,0,0,0,0,0,0,1,1,0,0,0,2,0,1,0,8,12,8,7,4,4,8,1,15,10,13,16,8,12,13,8
d04701,football,0,0,0,0,0,0,0,1,0,0,0,0,0,0,0,0,0,0,0,0,0,0,0,0,6,1,3,3,5,3,7,4,6,14,13,16,8,12,10,12
d04702,machine_learning,15,11,12,14,11,10,14,14,0,0,1,0,0,1,0,0,0,4,3,0,1,0,1,0,1,0,0,0,1,1,1,0,30,16,27,17,24,21,24,20
d04703,machine_learning,9,6,8,6,11,9,8,6,0,0,1,2,0,2,2,0,0,0,0,0,0,0,1,1,0,0,1,0,0,0,0,0,20,21,20,22,12,22,13,11
d04704,cooking,2,1,0,0,1,2,0,1,17,13,27,21,28,20,27,21,2,0,1,2,3,1,1,0,0,1,2,2,1,0,0,1,31,28,40,30,41,34,26,34
d04705,cooking,0,1,1,1,0,1,0,0,14,18,2,7,8,11,13,11,0,0,0,1,1,1,0,0,1,0,0,0,2,1,0,0,23,31,23,22,22,23,22,30
d04706,astronomy,1,1,1,0,1,1,0,2,0,0,0,0,0,0,1,1,20,11,12,18,13,13,17,10,0,0,1,1,1,1,1,0,26,20,25,24,26,25,28,24
d04707,cooking,0,1,2,0,2,0,1,0,3,4,5,5,4,2,3,6,0,2,0,0,0,0,0,0,0,0,0,0,1,0,0,0,5,8,9,9,8,9,4,8
d04708,machine_learning,14,22,19,16,17,28,9,18,1,1,1,0,1,0,2,2,2,0,0,0,2,1,1,1,4,0,1,1,0,3,1,1,31,41,40,30,32,34,34,26
d04709,astronomy,0,1,0,0,1,0,0,0,0,0,0,0,0,1,0,0,8,8,7,7,7,4,4,5,1,1,2,0,0,0,0,0,9,7,9,12,6,13,8,10
d04710,football,0,1,1,1,1,3,0,0,2,0,0,1,0,0,0,0,1,0,2,2,1,2,1,0,15,23,24,27,24,11,18,11,39,22,26,32,27,29,36,26
d04711,astronomy,0,2,1,0,0,0,1,0,0,0,0,0,1,0,1,0,11,8,8,6,6,7,7,10,0,0,0,1,1,0,0,0,12,8,9,15,9,10,10,10
d04712,machine_learning,7,4,6,8,8,9,5,1,0,0,0,0,0,0,1,0,0,1,0,0,1,0,0,0,0,0,0,0,0,0,0,1,4,15,11,9,7,9,11,5
d04713,astronomy,1,1,3,1,1,3,2,1,3,1,1,0,0,0,0,3,35,44,40,43,39,33,39,37,0,3,2,1,2,0,2,2,66,51,53,60,57,59,69,68
d04714,astronomy,1,1,1,0,1,1,4,0,0,0,1,3,0,1,0,0,4,8,13,7,12,12,7,12,0,0,1,1,0,0,2,0,15,25,27,15,25,19,14,15
d04715,machine_learning,15,13,13,11,26,25,18,22,0,1,0,0,0,2,1,0,0,0,0,2,2,0,1,2,1,0,2,1,1,1,1,1,37,33,37,38,21,39,30,21
d04716,football,2,0,2,0,0,1,0,1,0,1,0,3,2,1,2,1,1,0,1,1,0,0,2,0,16,25,26,12,19,19,20,32,29,41,25,30,33,32,27,36
d04717,cooking,1,0,0,1,0,1,2,0,17,17,11,11,10,30,7,19,1,1,0,2,1,1,0,0,0,0,0,0,0,0,0,1,21,18,13,36,25,23,24,23
d04718,machine_learning,12,8,10,6,7,8,5,9,1,1,0,0,0,0,0,0,0,1,0,1,1,0,0,0,1,0,0,0,1,1,0,0,13,15,12,7,8,12,14,14
d04719,football,0,0,0,1,0,0,0,1,2,1,0,0,2,1,0,0,0,1,0,0,0,0,0,0,8,3,4,7,9,2,5,5,11,12,8,9,13,9,8,10
d04720,cooking,1,1,2,0,1,0,0,3,16,17,17,12,13,10,16,10,3,0,1,1,0,0,1,0,1,0,0,0,2,0,0,1,14,21,22,15,27,17,23,22
d04721,machine_learning,13,14,19,7,15,11,12,12,0,1,0,1,1,0,0,1,1,0,0,1,1,1,0,1,0,0,0,0,0,0,0,0,19,19,19,15,21,15,8,16
d04722,astronomy,0,0,0,1,1,0,0,0,0,0,0,0,0,1,0,0,7,7,3,7,4,6,5,3,0,0,0,0,0,0,1,0,4,13,5,9,6,10,10,11
d04723,cooking,1,1,2,1,1,0,2,2,24,26,20,20,27,22,24,27,2,2,1,0,2,2,0,2,0,0,0,0,1,1,2,2,34,30,24,58,38,47,38,37
d04724,cooking,1,0,0,0,0,2,1,0,8,8,10,8,13,7,12,5,1,0,1,0,0,0,0,1,0,0,0,1,0,1,0,1,21,14,11,16,11,13,15,16
d04725,astronomy,1,0,1,1,0,2,0,2,2,1,1,1,5,0,1,2,21,24,22,21,22,21,20,20,1,0,2,0,0,0,1,0,38,27,36,37,34,33,25,33
d04726,astronomy,1,1,1,1,0,0,1,1,0,5,2,1,1,1,2,2,15,30,24,23,23,21,23,19,0,0,0,2,1,1,0,0,40,54,51,40,38,47,38,42
d04727,astronomy,1,2,0,0,0,1,0,2,1,0,1,0,0,0,0,1,8,14,12,13,13,10,8,12,1,1,0,2,1,1,1,0,23,24,17,26,29,13,23,17
d04728,machine_learning,19,14,20,10,10,6,12,14,3,0,3,1,0,1,0,1,1,0,0,0,1,1,1,0,0,2,0,0,0,1,0,0,26,24,31,26,26,23,34,25
d04729,machine_learning,10,5,11,8,8,10,11,12,0,0,0,0,0,1,1,3,0,2,0,0,1,1,2,1,2,1,1,1,0,0,0,1,9,16,14,22,13,16,18,20
d04730,astronomy,1,1,0,0,0,1,0,0,0,0,1,0,0,0,1,1,7,11,13,8,9,8,10,12,0,0,0,1,0,2,0,0,17,16,13,16,19,22,8,17
d04731,cooking,0,1,0,0,0,1,1,0,10,10,18,10,16,11,17,20,0,0,1,0,0,0,2,0,0,0,1,1,0,1,1,0,28,18,27,22,23,29,21,24
d04732,football,0,0,2,0,1,2,1,1,3,1,0,0,0,1,0,0,1,0,1,0,0,0,0,0,19,20,10,12,13,15,14,19,20,29,17,20,24,23,29,20
d04733,cooking,0,0,1,0,0,0,2,0,7,6,9,14,10,7,11,7,0,0,1,0,0,0,0,2,0,0,0,0,0,2,0,0,7,17,19,18,11,9,16,15
d04734,astronomy,2,6,4,2,2,4,4,4,4,1,1,1,1,4,9,1,72,56,52,52,63,49,65,59,3,1,0,5,0,3,2,6,103,103,92,80,83,92,101,87
d04735,football,0,0,0,0,0,0,0,2,0,1,0,0,0,1,0,0,1,0,0,1,1,0,1,0,6,10,9,7,8,6,4,9,9,9,5,12,11,10,10,8
d04736,astronomy,0,1,1,0,0,0,0,1,0,0,0,0,0,1,1,0,8,10,9,7,7,12,2,6,2,0,1,0,1,1,1,1,23,19,13,11,14,17,23,17
d04737,machine_learning,14,18,20,18,17,17,20,18,4,2,0,0,1,0,1,0,2,0,2,0,1,2,0,0,0,0,1,1,3,1,0,1,21,30,37,27,35,30,28,41
d04738,machine_learning,15,12,13,13,10,22,12,9,1,0,0,0,0,0,2,0,0,0,2,0,0,0,3,0,2,1,0,1,0,1,0,0,20,14,22,25,20,22,18,25
d04739,football,2,3,0,2,0,2,1,1,1,2,1,0,1,2,1,0,0,2,3,1,0,1,3,2,23,29,35,32,33,32,28,30,41,45,51,47,45,51,35,49
d04740,cooking,3,7,4,1,10,1,2,2,68,75,75,68,79,50,66,59,9,0,6,4,2,4,4,3,3,2,3,1,1,4,3,1,113,97,130,97,120,126,115,134
d04741,machine_learning,4,6,3,10,8,6,4,4,1,0,1,0,1,0,0,1,1,0,0,0,1,1,0,0,0,0,2,0,0,1,0,0,15,6,4,10,9,12,6,13
d04742,cooking,1,1,1,2,0,0,0,0,16,16,13,20,13,20,14,19,1,0,1,2,0,3,0,0,0,0,1,0,0,0,0,0,25,25,30,24,29,49,38,21
d04743,football,1,0,2,0,0,1,1,1,1,0,0,1,1,0,0,0,2,0,1,0,2,0,1,0,7,9,6,10,5,7,6,6,18,15,15,11,13,12,17,10
d04744,machine_learning,8,9,10,10,14,12,13,7,0,0,1,0,0,0,0,0,0,0,0,0,0,0,1,1,0,1,0,0,0,2,1,1,18,12,10,18,13,17,10,12
d04745,astronomy,1,0,0,0,0,2,0,0,1,0,0,0,0,1,0,1,3,12,10,15,6,7,5,8,1,0,1,0,1,0,1,0,15,16,21,17,32,15,9,14
d04746,football,0,0,1,0,3,1,1,0,1,0,0,0,0,0,0,0,1,0,1,0,0,1,0,0,11,9,10,14,12,7,7,17,18,26,19,15,18,21,20,16
d04747,astronomy,1,2,0,0,2,1,1,1,0,1,1,0,1,1,1,0,12,19,11,18,14,12,16,11,2,1,1,1,0,0,0,1,19,25,18,27,27,28,19,16
d04748,football,0,1,0,1,1,1,0,0,0,1,0,0,0,1,0,1,0,1,0,1,0,0,1,0,2,6,8,1,9,8,3,3,9,8,14,8,14,21,7,16
d04749,machine_learning,9,14,5,13,12,17,12,12,4,1,1,1,1,0,0,0,2,0,0,0,0,0,0,2,0,0,0,0,0,0,0,3,19,19,20,20,19,20,24,26
d04750,cooking,0,1,0,0,0,0,1,0,9,14,7,6,10,9,16,11,1,0,1,0,1,0,1,0,0,1,0,0,0,0,0,0,13,21,17,15,11,18,15,17
d04751,machine_learning,3,9,8,11,16,9,12,11,0,1,0,2,1,0,0,0,0,0,1,1,1,0,1,1,1,0,1,0,0,0,2,2,16,16,10,15,17,15,12,21
d04752,cooking,0,0,0,0,0,0,0,1,7,10,5,7,8,7,6,6,0,0,0,2,0,1,0,0,0,0,2,0,0,0,0,0,8,13,11,8,9,12,12,10
d04753,astronomy,2,1,1,1,0,0,0,3,1,1,0,0,1,1,1,0,11,14,14,8,10,6,16,11,2,2,1,0,0,1,1,1,15,16,22,18,20,26,18,18
d04754,cooking,0,2,3,0,0,0,1,0,14,16,11,15,19,19,19,20,0,1,0,1,1,0,1,1,1,0,0,2,1,0,2,4,21,18,19,27,26,19,28,26
d04755,astronomy,1,0,0,0,0,0,0,0,0,1,0,0,0,1,0,1,6,6,12,9,8,7,10,8,1,0,0,0,1,0,1,0,5,10,7,8,17,7,7,8
d04756,machine_learning,9,9,12,15,11,16,14,12,0,0,0,1,1,0,0,0,0,2,1,0,1,0,1,0,1,0,0,0,0,1,2,0,18,18,20,14,26,13,20,10
d04757,machine_learning,5,4,7,2,6,4,5,5,0,2,0,0,0,0,0,0,1,0,0,0,1,1,0,0,0,0,0,2,1,0,0,1,9,6,6,4,6,5,11,8
d04758,cooking,0,0,0,0,0,0,0,0,4,3,7,9,7,1,8,10,0,1,1,2,0,0,0,0,0,0,0,0,0,1,1,2,13,10,14,11,12,9,7,13
d04759,cooking,1,0,0,0,1,0,1,1,11,13,7,4,5,9,5,6,0,0,0,0,1,1,0,0,0,0,0,2,0,0,0,0,15,12,13,12,12,19,4,14
d04760,cooking,2,1,0,0,3,3,1,1,26,25,21,29,28,16,26,27,1,0,0,0,2,2,2,0,1,2,3,0,1,2,1,0,46,48,45,51,47,42,43,42
d04761,machine_learning,9,12,9,11,14,17,12,12,2,0,3,1,1,1,0,0,2,0,0,3,2,0,3,1,0,1,2,1,0,0,0,2,27,30,20,19,16,25,22,22
d04762,astronomy,0,1,0,0,1,2,1,0,0,0,0,4,0,0,2,3,15,16,15,19,17,20,13,13,2,0,2,1,1,1,0,2,17,27,17,25,23,18,21,24
d04763,machine_learning,56,55,67,56,62,52,67,68,4,4,1,1,4,5,2,3,2,5,6,2,3,5,3,2,6,3,3,3,4,1,2,3,109,101,99,117,81,102,98,103
d04764,football,0,1,3,2,0,1,1,1,2,3,1,0,1,2,1,1,0,2,2,5,2,1,0,0,29,24,39,32,27,31,35,30,67,47,65,59,43,48,58,51
d04765,machine_learning,3,8,8,5,2,3,7,1,0,0,0,0,0,0,0,0,0,0,0,1,0,0,0,0,0,0,0,0,1,0,0,0,7,15,8,11,4,7,8,8
d04766,football,0,1,0,1,0,0,0,1,0,1,0,0,0,0,1,0,0,0,0,0,1,0,0,0,6,4,7,3,5,10,4,9,10,13,5,10,8,8,6,11
d04767,football,1,0,2,2,2,1,0,0,0,1,0,1,0,0,0,1,1,1,0,1,1,1,0,1,17,15,16,16,26,18,9,9,35,28,20,22,39,33,25,21
d04768,cooking,2,1,1,0,2,1,1,3,24,43,25,32,35,40,50,25,3,1,1,2,4,0,0,4,2,2,0,1,1,2,1,3,55,65,46,54,62,51,47,66
d04769,machine_learning,7,14,15,15,10,15,7,13,0,0,0,0,0,0,0,1,0,2,1,0,0,0,1,1,0,0,0,1,0,0,0,0,21,10,25,21,31,25,24,19
d04770,machine_learning,25,29,28,21,31,26,25,26,5,0,3,1,1,2,3,2,1,0,2,0,2,1,0,2,0,1,0,1,2,1,3,1,55,38,38,45,40,46,29,41
d04771,machine_learning,17,33,22,25,14,28,24,33,0,0,0,0,2,0,0,3,0,0,0,1,0,1,2,2,1,1,0,2,1,3,1,1,45,41,41,49,46,46,42,41
d04772,cooking,1,0,5,0,0,1,0,0,21,12,20,12,29,18,23,19,0,2,0,0,0,0,1,1,3,0,1,1,1,2,0,0,42,41,34,33,34,28,25,32
d04773,cooking,1,0,1,0,1,1,0,0,17,11,23,25,16,20,19,21,0,0,0,0,6,1,2,0,1,1,0,1,1,1,0,1,27,32,44,33,33,27,35,37
d04774,cooking,0,2,0,1,0,0,0,0,13,9,10,10,13,12,9,11,1,1,1,0,1,0,1,0,1,1,1,2,1,0,2,1,24,12,15,19,22,18,23,18
d04775,astronomy,0,0,0,1,2,1,1,1,0,1,1,0,0,2,0,1,10,13,14,22,14,14,14,15,1,0,0,0,0,0,0,0,23,21,14,21,19,20,30,31
d04776,football,1,2,0,0,0,1,0,0,0,0,0,0,0,0,2,2,0,1,1,0,0,0,0,0,12,11,10,15,12,12,9,8,18,20,26,23,13,17,11,17
d04777,cooking,2,1,1,1,0,2,3,0,46,31,30,43,42,56,46,45,0,1,2,2,5,1,3,2,2,1,2,2,1,4,0,1,49,60,65,69,69,58,45,58
d04778,machine_learning,46,50,46,51,45,48,42,47,1,6,2,1,0,2,1,2,3,3,2,3,2,1,2,7,4,1,3,3,1,1,0,3,78,78,73,97,75,71,85,74
d04779,football,0,1,1,2,2,1,2,2,1,1,1,0,2,1,2,2,1,0,0,1,0,0,0,0,18,18,23,22,20,13,19,18,22,47,32,27,44,31,26,36
d04780,cooking,2,1,0,2,3,0,1,3,40,52,38,43,44,37,43,42,1,2,1,3,2,1,2,1,5,4,2,2,5,1,4,4,66,74,71,72,78,79,68,65
d04781,football,1,0,1,1,1,0,1,2,0,0,0,0,0,0,0,0,1,2,0,0,1,0,0,0,12,9,10,13,20,10,9,11,18,8,21,19,21,16,16,16
d04782,football,1,1,1,0,3,1,0,1,0,1,1,1,1,2,1,1,1,2,0,1,1,1,0,0,21,18,15,19,18,18,23,23,30,27,37,36,23,31,25,31
d04783,astronomy,0,3,2,0,2,1,2,2,2,1,2,1,1,0,4,3,39,48,33,39,37,30,39,43,2,1,2,0,1,2,2,3,76,61,53,52,60,68,52,73
d04784,machine_learning,20,28,23,27,27,26,26,27,3,1,2,0,2,0,2,0,1,3,2,2,1,2,1,2,2,1,3,2,1,1,0,0,30,45,39,45,42,41,42,33
d04785,astronomy,0,0,0,0,0,0,1,1,0,0,2,0,0,1,0,2,7,4,10,8,9,6,5,8,0,0,0,0,0,0,0,1,11,16,12,13,8,15,11,14
d04786,astronomy,0,0,0,0,0,0,1,2,1,1,0,0,0,0,0,0,6,16,9,8,6,10,4,6,0,1,0,0,1,0,0,0,17,8,12,17,12,13,14,16
d04787,machine_learning,9,8,15,8,16,12,13,11,1,1,1,0,1,1,0,1,0,0,0,1,1,0,1,0,0,1,0,0,0,0,0,0,18,21,16,18,17,13,8,21
d04788,football,0,0,1,0,0,2,1,2,1,0,1,0,1,0,0,1,1,0,1,1,1,0,0,1,19,27,29,17,25,26,22,35,33,44,40,44,37,36,42,26
d04789,astronomy,0,0,0,0,0,1,1,0,0,0,0,0,1,2,0,0,11,14,2,9,11,11,10,13,0,0,1,0,0,1,2,0,23,19,11,20,15,8,19,9
d04790,astronomy,0,0,0,0,1,0,0,0,0,0,0,0,0,1,0,0,9,1,5,10,5,1,7,5,0,0,1,1,2,0,1,0,14,6,4,10,18,10,4,5
d04791,machine_learning,25,9,12,18,14,19,18,10,2,3,0,0,1,1,1,0,0,1,1,0,0,1,0,0,1,2,0,2,0,1,0,1,25,20,29,27,24,23,27,21
d04792,astronomy,1,0,0,0,1,0,0,0,0,1,0,0,0,0,1,1,2,6,3,1,2,1,3,3,0,0,0,0,0,0,0,0,4,6,5,8,3,2,5,6
d04793,astronomy,2,1,1,0,0,1,2,3,2,0,0,2,2,1,1,1,18,24,25,12,16,19,14,18,1,1,0,1,0,1,2,1,39,27,42,37,36,29,37,21
d04794,cooking,0,2,1,1,0,0,0,0,6,7,14,5,8,9,8,5,0,0,0,0,1,0,0,1,0,1,0,1,0,0,1,0,10,10,13,11,17,6,14,7
d04795,astronomy,0,0,0,1,0,0,0,0,0,0,0,1,0,1,0,0,6,3,7,7,4,6,6,7,0,1,0,0,0,1,0,0,6,8,6,10,5,10,12,6
d04796,football,0,1,0,1,1,0,0,0,0,0,0,1,2,1,1,0,1,0,3,2,0,1,1,1,10,10,7,10,16,14,23,11,20,21,17,28,23,14,17,16
d04797,cooking,0,0,2,0,1,0,0,1,29,18,14,15,19,16,18,22,1,0,0,0,0,0,0,1,2,2,0,2,0,0,1,1,32,18,34,30,25,20,37,22
d04798,football,0,1,1,0,1,0,1,1,1,0,1,0,0,0,0,0,1,2,0,0,0,2,2,1,10,16,11,18,10,22,14,18,23,30,25,25,27,21,25,23
d04799,machine_learning,20,20,19,19,33,14,31,25,1,1,3,1,0,5,0,0,2,2,3,2,2,2,1,1,0,0,1,1,1,0,5,0,49,33,42,45,42,35,31,45
d04800,astronomy,0,1,0,1,0,0,0,1,0,0,0,0,0,0,1,0,4,1,0,3,2,4,3,5,0,0,0,0,0,0,0,0,4,4,5,5,4,5,5,8
d04801,cooking,0,1,0,0,0,1,1,2,17,17,16,11,24,13,11,14,1,2,3,0,1,2,2,0,0,0,0,0,0,0,2,1,29,23,14,22,36,26,23,26
d04802,football,1,0,1,1,0,1,1,0,1,1,0,0,1,1,3,0,0,1,0,1,2,1,1,1,26,10,13,17,20,18,25,16,36,24,22,31,34,34,35,26
d04803,cooking,1,0,0,0,1,2,1,0,11,8,10,14,5,11,13,18,1,1,1,0,0,1,0,2,0,0,0,2,0,0,3,1,27,25,21,28,24,12,17,24
d04804,cooking,0,0,2,0,0,2,0,0,8,3,13,6,7,9,5,10,0,0,1,0,1,0,0,1,1,0,0,2,1,0,0,0,3,12,15,16,8,7,14,7
d04805,astronomy,0,0,0,0,1,0,0,0,0,1,0,0,1,0,0,0,7,7,5,6,5,3,8,9,0,0,0,0,1,1,0,2,15,14,7,13,11,13,10,15
d04806,machine_learning,67,43,39,41,53,42,46,51,2,1,4,2,2,2,4,3,2,0,1,3,1,4,2,0,4,2,4,2,2,6,3,2,75,76,75,82,86,74,90,82
d04807,football,0,0,0,1,0,0,0,1,1,0,2,1,0,0,0,1,0,0,0,0,0,0,0,1,7,3,3,5,8,5,11,4,16,14,17,12,9,13,8,12
d04808,astronomy,0,1,0,0,0,0,1,0,0,1,1,0,0,1,0,0,8,7,8,5,9,6,9,8,1,2,0,0,0,0,0,0,20,14,16,21,10,8,14,8
d04809,cooking,3,0,2,1,1,0,0,0,31,14,17,15,19,21,12,26,0,0,0,0,1,2,1,0,1,1,0,0,3,0,1,1,31,31,24,49,28,42,38,28
d04810,machine_learning,11,11,11,14,15,6,11,7,1,0,0,0,0,1,0,0,1,1,0,0,0,1,0,0,0,0,0,1,0,0,0,0,17,19,17,15,21,16,17,13
d04811,machine_learning,10,9,11,18,12,18,25,19,1,0,0,0,1,0,0,1,1,3,1,2,0,1,2,0,2,2,1,1,0,0,0,0,30,24,18,24,31,20,27,27
d04812,machine_learning,18,10,11,9,9,11,16,10,0,1,1,2,0,0,1,0,0,0,0,1,0,1,1,0,0,0,1,0,3,0,0,0,14,11,15,13,12,13,18,18
d04813,astronomy,1,1,1,0,0,0,0,1,0,2,1,0,2,0,0,0,6,9,7,8,5,6,8,7,1,0,0,0,1,0,0,1,20,5,7,12,14,6,14,7
d04814,football,2,0,0,0,0,0,2,1,0,0,0,4,0,0,3,0,0,2,1,1,0,1,1,1,17,34,17,26,17,21,25,22,27,32,37,44,35,32,42,42
d04815,machine_learning,27,19,19,21,24,23,26,20,2,3,1,2,0,0,0,0,2,0,0,1,0,3,2,1,2,3,2,1,0,0,1,2,35,31,36,41,33,32,33,39
d04816,astronomy,0,0,0,2,0,1,0,1,2,0,0,0,0,0,0,0,18,19,16,15,10,14,15,15,0,1,0,2,0,2,0,0,26,38,27,27,28,27,30,34
d04817,astronomy,1,0,0,0,2,0,2,2,2,0,0,0,0,2,0,1,16,6,10,11,12,17,11,7,0,0,0,1,0,1,0,0,17,22,21,18,12,12,13,22
d04818,football,1,1,1,0,0,0,2,0,2,0,0,0,1,0,0,0,1,0,0,0,1,1,1,0,11,18,11,8,14,11,10,10,17,26,13,31,26,23,25,25
d04819,cooking,0,0,0,0,0,0,1,1,4,9,10,7,7,9,5,11,0,0,0,1,0,0,0,0,0,0,0,1,0,2,0,0,8,10,12,13,8,13,8,12
d04820,cooking,0,1,0,0,0,2,0,5,32,32,36,33,40,31,22,32,2,1,1,2,4,0,3,2,1,0,4,1,1,1,1,2,53,61,49,70,67,52,60,62
d04821,machine_learning,5,8,6,6,9,0,5,5,1,0,0,0,0,0,0,0,0,0,1,0,0,0,0,1,0,0,0,2,0,0,0,0,7,15,12,9,12,8,8,10
d04822,machine_learning,8,5,3,5,3,3,2,5,0,0,0,1,0,0,0,0,1,0,0,0,0,0,0,2,0,1,1,0,1,0,0,0,5,7,13,9,8,4,6,13
d04823,football,0,0,0,0,0,0,0,0,1,1,0,1,0,0,1,0,0,0,1,1,0,1,0,2,7,17,13,12,6,13,8,14,26,23,23,17,27,19,16,18
d04824,cooking,0,3,0,1,3,0,2,0,21,15,20,23,27,17,18,29,2,0,1,2,3,0,0,0,1,1,2,0,1,1,1,0,36,35,27,21,42,37,36,30
d04825,cooking,1,2,2,2,1,2,1,4,37,37,46,42,53,41,29,58,2,1,3,1,1,3,2,3,1,0,3,0,2,2,1,3,75,72,66,80,84,78,75,61
d04826,machine_learning,14,10,10,12,6,10,6,14,1,1,0,1,0,0,1,0,0,0,0,1,0,0,0,1,1,1,0,0,2,0,0,0,20,25,16,15,17,23,15,16
d04827,cooking,2,1,1,2,0,0,1,0,19,18,16,21,11,15,13,23,2,2,0,1,1,1,0,0,0,1,1,3,0,1,0,0,22,26,33,18,23,31,18,32
d04828,cooking,1,0,1,0,0,0,0,0,15,7,11,12,8,8,10,8,1,1,0,0,1,0,0,1,0,0,0,0,0,0,0,1,17,18,16,17,12,13,15,17
d04829,machine_learning,24,25,21,15,13,22,25,15,1,2,0,2,0,0,0,2,0,0,0,2,3,3,2,1,1,0,0,0,1,1,0,3,22,36,32,27,34,27,30,34
d04830,cooking,1,0,3,2,0,2,1,0,39,38,37,23,24,27,27,36,2,0,3,1,1,1,1,0,1,1,2,1,1,3,0,4,51,54,49,62,40,48,58,60
d04831,cooking,3,1,0,1,0,0,1,2,15,17,15,18,18,11,24,15,0,1,1,1,1,0,1,0,1,0,2,2,1,0,2,0,24,21,20,35,34,33,34,41
d04832,football,0,0,0,0,0,0,0,0,0,0,0,0,0,0,1,2,0,0,0,0,2,0,0,0,19,16,13,12,6,11,10,7,18,28,21,25,24,19,18,28
d04833,football,0,0,1,0,1,1,0,1,0,0,1,1,1,2,2,0,3,0,0,1,2,1,0,1,16,16,13,3,9,10,10,15,19,20,20,18,23,12,16,19
d04834,machine_learning,12,8,12,3,13,13,5,11,0,0,0,0,0,0,0,1,0,1,1,0,0,0,0,2,1,0,0,0,0,1,0,0,13,22,16,17,15,16,23,21
d04835,astronomy,0,0,0,1,0,1,0,0,1,0,1,1,0,0,1,0,7,9,6,9,6,7,8,5,0,0,1,0,0,0,1,0,11,16,8,11,7,6,17,10
d04836,football,0,1,0,2,2,1,1,4,1,2,3,3,0,5,1,0,3,1,3,1,1,2,2,2,36,29,27,35,29,43,40,39,47,51,59,53,48,48,42,63
d04837,football,0,1,0,1,0,2,2,2,0,0,1,0,0,0,1,2,0,1,0,1,1,2,0,2,12,16,10,10,13,16,13,15,28,21,25,25,33,27,23,26
d04838,cooking,0,2,0,0,0,2,0,0,13,13,11,20,17,16,10,14,0,0,0,1,1,0,0,3,0,0,0,1,0,1,0,1,26,19,26,30,26,24,24,28
d04839,cooking,0,1,0,1,0,0,1,1,15,15,16,19,17,12,16,17,3,0,0,1,1,1,1,0,0,0,0,1,0,1,0,2,20,25,25,26,22,19,21,21
d04840,astronomy,0,1,0,1,0,0,0,1,0,0,0,1,1,3,1,1,13,19,20,15,16,16,20,14,1,0,0,3,1,4,1,1,35,21,22,29,18,28,27,20
d04841,cooking,0,0,0,0,1,1,1,0,22,15,13,17,12,9,16,15,0,0,1,0,0,1,0,0,0,1,1,2,1,0,0,0,13,27,32,23,30,26,22,24
d04842,football,1,0,1,0,0,0,0,0,0,0,0,1,0,1,0,1,0,0,1,0,0,0,0,0,7,9,6,11,8,13,9,7,10,11,12,15,14,11,10,11
d04843,cooking,0,2,1,1,1,1,1,0,16,8,12,15,12,9,7,10,1,0,0,1,1,1,1,0,0,1,1,0,0,0,2,0,18,20,17,18,18,19,17,23
d04844,football,2,1,1,0,1,0,1,0,3,0,1,2,2,1,1,0,0,0,2,0,6,1,1,1,17,25,16,13,29,23,15,15,26,41,29,33,37,31,26,34
d04845,cooking,1,0,1,0,0,0,0,0,5,3,8,7,5,8,4,4,1,0,0,2,1,1,1,2,0,0,0,0,0,3,0,1,16,15,8,15,10,10,11,14
d04846,machine_learning,21,25,18,12,14,10,15,17,1,1,0,1,1,0,0,1,0,1,1,1,1,0,0,3,0,2,1,1,1,1,0,1,35,28,28,20,25,21,29,27
d04847,football,1,4,7,7,5,2,5,4,4,4,4,5,3,4,4,5,5,3,2,6,5,4,7,1,79,90,75,89,72,81,67,80,126,149,125,136,131,149,116,141
d04848,football,1,1,0,0,0,0,0,0,0,0,1,0,1,1,1,0,0,0,1,1,1,0,2,0,6,3,8,10,8,8,6,13,10,13,15,10,11,17,11,16
d04849,astronomy,1,1,0,2,0,2,0,2,0,3,1,0,1,0,1,1,9,20,13,19,18,13,14,19,0,0,0,1,2,0,0,0,22,21,24,19,25,31,24,28
d04850,astronomy,1,2,0,2,4,0,0,2,2,0,2,1,2,1,1,2,16,19,30,20,25,32,27,16,1,0,1,0,0,1,3,3,39,39,39,31,38,26,40,37
d04851,astronomy,0,0,0,0,1,1,1,0,0,0,1,0,0,2,1,1,9,9,5,10,8,7,10,11,0,0,1,0,0,1,1,0,19,12,15,15,18,20,8,16
d04852,astronomy,5,2,0,2,3,3,0,1,2,0,3,2,1,4,1,2,38,37,31,35,36,42,38,44,1,1,3,0,2,0,1,3,60,64,63,68,53,51,61,58
d04853,football,0,0,2,1,3,5,4,2,1,3,4,2,1,0,2,1,1,5,0,1,1,2,1,1,39,34,46,32,35,34,39,36,62,70,66,79,61,61,73,59
d04854,astronomy,1,0,4,1,1,1,1,0,1,0,0,0,0,0,1,1,17,15,8,8,13,8,6,12,0,0,1,0,0,0,0,0,18,12,16,11,23,23,12,17
d04855,football,1,0,2,1,1,1,0,0,1,1,0,0,0,1,2,1,1,0,1,1,1,0,0,1,11,13,19,13,15,11,12,16,25,26,26,29,29,22,30,30
d04856,machine_learning,23,14,18,21,16,15,18,18,0,1,4,0,0,0,1,0,0,0,1,0,1,0,0,0,1,0,3,1,0,1,0,0,28,29,37,38,31,24,32,37
d04857,football,2,0,0,1,0,0,0,0,0,0,0,0,0,1,1,0,0,0,0,0,0,1,0,0,14,10,10,9,15,16,12,12,17,12,11,22,20,21,14,18
d04858,astronomy,0,2,1,0,1,4,1,1,1,0,0,1,0,0,0,0,8,11,11,8,8,14,3,10,1,1,1,0,1,0,1,0,23,19,16,21,17,24,16,17
d04859,cooking,1,2,1,1,1,3,0,0,23,28,27,29,19,25,19,17,1,0,1,2,0,2,0,0,1,2,0,1,0,0,2,1,36,34,34,47,32,40,33,42
d04860,machine_learning,10,20,14,24,11,10,18,13,0,0,0,0,0,0,2,2,2,0,1,0,1,0,1,0,0,1,1,0,1,0,2,0,19,32,21,17,29,28,22,28
d04861,football,1,1,1,2,1,0,0,1,0,3,0,0,0,2,2,1,1,1,0,5,0,1,1,3,21,16,18,25,19,14,23,23,34,38,27,39,29,29,39,32
d04862,cooking,2,1,0,0,1,1,0,1,29,26,23,24,21,19,24,25,0,2,1,0,1,0,1,0,1,1,1,0,1,1,1,0,36,30,34,34,33,27,38,29
d04863,cooking,0,1,0,0,0,0,0,1,3,3,4,3,10,3,3,9,1,0,0,0,0,1,0,1,0,0,0,1,0,1,0,0,14,17,11,12,15,13,12,9
d04864,cooking,1,2,2,4,3,4,3,6,76,83,64,80,75,76,66,77,4,2,4,4,3,3,3,3,4,4,2,4,7,4,2,6,137,110,125,151,126,105,136,117
d04865,machine_learning,30,30,22,19,23,30,25,28,2,1,0,2,2,1,2,2,1,1,2,0,5,2,1,1,2,1,1,2,0,1,0,4,33,52,43,32,35,38,57,51
d04866,football,1,3,0,2,0,1,1,1,1,1,1,1,0,2,0,1,1,0,0,2,0,1,4,1,17,21,18,26,20,25,25,26,38,32,29,27,29,37,42,27
d04867,machine_learning,55,56,50,42,54,44,42,61,0,0,7,3,2,1,1,2,5,0,2,4,0,1,3,3,1,3,4,1,2,7,0,2,79,88,77,83,75,82,65,79
d04868,machine_learning,13,23,14,19,22,21,20,17,1,1,1,0,1,1,0,1,0,0,0,0,0,2,0,1,1,1,1,1,1,0,1,0,32,34,22,30,26,34,30,28
d04869,cooking,0,0,0,1,0,0,1,0,10,5,10,10,8,5,8,8,0,0,1,1,1,0,0,0,3,0,0,2,0,0,0,0,17,14,14,6,12,9,14,11
d04870,machine_learning,45,38,42,46,44,52,40,45,0,1,2,2,3,2,3,1,7,7,2,4,4,4,1,3,1,3,1,1,3,1,1,1,80,72,70,70,76,64,85,77
d04871,astronomy,1,1,2,5,0,2,2,3,1,1,3,0,3,5,2,2,44,52,30,54,34,43,37,46,3,4,3,1,0,3,2,0,82,76,69,70,75,71,82,81
d04872,football,0,1,0,3,0,0,0,1,1,0,0,1,0,0,1,0,0,2,3,1,1,2,1,0,14,18,14,15,18,14,11,17,26,25,25,23,27,29,23,25
d04873,astronomy,2,0,0,1,1,1,0,1,1,0,1,0,2,0,1,1,11,20,14,15,12,20,11,21,2,1,1,0,1,1,0,4,30,17,33,35,23,27,31,22
d04874,cooking,1,0,0,1,3,0,1,1,14,21,15,13,16,17,12,10,0,0,0,0,0,1,1,1,0,0,0,0,2,2,1,1,31,24,22,22,30,16,17,22
d04875,machine_learning,11,19,16,15,10,9,15,18,1,1,1,0,0,1,2,1,0,1,1,1,0,0,1,0,0,1,1,0,1,2,1,1,21,13,22,12,28,27,19,19
d04876,football,0,1,0,0,0,2,0,1,0,0,0,0,0,0,2,0,1,0,1,0,1,0,0,1,3,5,5,8,5,7,2,10,16,17,8,7,11,10,13,14
d04877,football,1,0,0,0,0,0,0,0,0,0,1,0,1,0,0,1,0,0,3,1,0,1,0,1,4,6,6,13,7,10,14,8,8,12,13,13,17,16,15,16
d04878,machine_learning,51,66,56,56,50,56,33,50,3,2,0,4,2,7,2,1,2,0,3,1,2,0,2,2,3,3,2,4,3,2,2,2,65,82,78,89,69,80,78,82
d04879,football,0,2,1,0,0,0,0,0,0,1,0,1,0,0,1,0,2,0,1,1,1,1,2,0,16,8,10,10,10,6,10,5,14,12,16,15,19,12,14,14
d04880,cooking,0,0,0,1,0,1,2,1,19,13,9,13,11,15,14,15,0,1,0,1,0,0,0,0,2,2,2,4,0,0,1,0,25,14,18,23,21,23,26,22
d04881,machine_learning,7,7,3,15,16,12,10,6,1,0,3,0,0,0,1,0,0,1,1,1,0,0,2,1,0,0,0,0,0,1,0,0,8,12,15,12,15,15,20,15
d04882,football,2,0,3,3,1,1,0,0,0,2,1,0,1,0,1,0,1,1,2,1,1,2,1,1,34,31,24,24,18,22,30,19,40,45,37,41,33,49,39,43
d04883,machine_learning,7,10,12,13,11,11,13,6,1,1,0,0,0,0,0,0,1,0,1,0,0,2,0,1,0,1,1,0,2,1,0,1,18,14,17,11,16,9,20,16
d04884,machine_learning,5,6,7,3,6,7,5,6,0,0,1,0,0,0,0,0,1,2,0,0,0,0,0,1,1,0,0,2,1,0,0,1,11,8,7,10,4,4,9,6
d04885,cooking,0,0,0,1,2,4,0,0,15,13,12,7,6,9,9,7,0,0,2,0,2,0,0,0,0,0,1,0,1,1,0,0,14,17,16,12,22,17,21,15
d04886,machine_learning,43,28,57,38,53,42,35,56,0,4,0,1,2,0,2,3,3,2,1,0,4,2,1,3,2,1,2,1,4,0,2,2,64,53,66,61,87,61,54,62
d04887,machine_learning,13,20,12,14,12,7,12,13,1,0,0,0,1,0,0,1,0,0,0,0,0,1,1,2,0,1,0,2,0,2,0,0,26,18,24,29,17,12,14,10
d04888,cooking,2,1,1,0,3,2,0,1,25,37,26,48,23,46,46,32,2,1,1,3,2,1,2,2,2,2,1,1,1,2,1,1,50,51,55,43,45,54,46,55
d04889,football,3,4,2,2,0,2,0,0,2,1,1,0,1,2,1,0,3,1,2,2,1,2,2,2,18,28,29,35,31,26,29,30,58,58,49,46,60,51,54,56
d04890,astronomy,2,0,1,0,1,1,0,0,1,1,0,0,0,1,0,0,11,5,4,7,7,10,6,7,0,2,0,2,0,0,1,0,15,11,10,13,11,14,6,16
d04891,cooking,1,2,0,1,0,0,1,2,23,20,27,20,27,25,20,25,1,3,2,0,1,3,1,0,1,1,3,2,0,1,0,1,49,38,44,45,35,54,39,49
d04892,football,0,0,0,1,2,0,2,1,0,0,0,0,0,1,0,0,0,0,2,1,1,0,0,0,10,11,7,8,6,8,10,7,9,13,12,15,19,11,13,17
d04893,machine_learning,11,10,14,7,13,10,13,15,1,2,2,0,2,0,0,1,0,1,1,1,0,0,0,0,0,0,2,0,1,1,0,0,23,14,20,25,8,20,16,17
d04894,football,0,0,0,0,0,0,0,0,0,0,1,0,0,0,0,0,0,0,0,2,0,1,0,0,4,10,10,4,5,8,5,7,10,12,12,10,12,11,13,12
d04895,cooking,1,2,1,1,3,0,1,3,29,21,21,30,23,23,30,26,0,2,2,1,0,4,0,3,1,1,2,0,0,0,1,0,36,51,51,51,57,53,57,50
d04896,astronomy,0,2,0,0,0,2,2,1,2,1,3,0,0,0,0,0,15,12,14,21,22,11,18,26,1,0,1,0,0,0,1,0,23,16,33,34,32,17,23,23
d04897,machine_learning,10,11,12,7,12,10,13,12,0,0,1,0,0,2,1,0,1,1,1,1,0,0,0,1,1,1,1,0,0,3,0,0,10,19,17,19,8,20,15,20
d04898,astronomy,1,0,3,1,1,0,1,1,0,1,0,0,1,1,0,0,22,13,19,7,13,14,19,8,0,0,0,0,0,2,0,1,17,20,20,17,17,23,23,15
d04899,football,4,5,5,2,1,2,0,5,4,1,2,1,1,3,1,1,2,1,2,1,2,5,3,3,54,50,62,61,65,66,39,37,94,98,83,96,85,92,101,86
d04900,astronomy,1,4,0,2,0,4,1,1,0,2,2,2,0,1,1,0,28,25,26,25,26,26,26,46,0,1,1,1,2,0,2,2,40,42,29,53,30,44,36,30
d04901,football,2,0,0,1,0,0,0,0,0,0,0,0,0,1,0,0,0,0,0,0,0,0,0,2,15,11,8,19,4,11,15,14,19,21,20,14,12,15,14,25
d04902,machine_learning,62,61,59,54,56,68,57,69,5,3,0,2,0,0,2,4,2,5,4,2,5,3,1,6,3,4,3,5,2,4,4,2,111,105,129,99,103,92,95,86
d04903,cooking,1,1,0,1,3,0,1,1,13,9,8,14,15,11,18,12,1,1,1,1,0,0,0,0,1,0,0,2,0,1,1,1,27,15,15,14,22,16,23,23
d04904,cooking,1,0,1,0,0,0,0,0,18,13,22,20,11,11,11,12,1,1,0,0,0,0,0,1,0,0,1,2,1,0,1,0,29,27,26,26,24,21,28,23
d04905,astronomy,0,2,0,0,0,0,0,1,1,0,0,0,1,1,0,0,6,4,8,6,13,4,9,5,0,1,1,0,1,0,0,1,13,8,14,6,12,15,8,13
d04906,machine_learning,10,16,15,14,24,8,16,20,0,2,0,1,1,1,1,1,0,0,0,1,1,1,0,1,0,0,1,1,0,2,2,0,28,25,24,23,20,32,17,29
d04907,football,1,0,1,2,0,0,3,1,1,0,4,1,2,0,2,0,1,0,0,0,1,1,2,0,29,25,23,24,27,32,24,32,48,40,49,45,35,42,38,48
d04908,football,1,2,1,1,0,1,2,0,3,1,0,1,1,2,1,2,3,1,3,1,0,1,1,1,51,25,44,36,41,27,36,39,53,51,67,53,54,63,63,60
d04909,football,0,2,0,2,0,1,0,2,1,1,1,3,0,3,2,5,1,5,2,1,2,0,2,2,27,30,31,40,30,29,30,48,53,54,75,53,63,74,45,43
d04910,machine_learning,9,20,10,16,12,8,12,14,0,0,0,1,0,1,2,1,1,2,0,0,0,0,1,0,1,0,0,0,1,0,1,1,28,28,22,17,22,16,23,29
d04911,football,1,0,0,0,0,0,0,0,1,0,0,0,0,0,0,0,0,1,0,0,0,0,0,1,6,2,9,1,4,6,6,5,14,10,16,10,6,9,7,10
d04912,football,1,1,3,0,2,1,1,2,2,2,5,7,0,5,0,1,3,0,3,0,1,7,2,0,31,29,26,33,24,33,29,32,51,38,56,59,52,42,34,45
d04913,cooking,4,0,0,0,0,0,0,0,5,14,5,12,10,10,11,5,0,0,1,0,0,1,0,1,0,0,1,1,1,1,0,0,13,9,9,10,9,10,13,7
d04914,machine_learning,11,12,15,11,8,16,15,15,1,0,0,0,2,1,2,1,0,1,1,0,0,1,0,0,1,2,2,0,0,0,2,0,29,34,25,23,25,26,16,21
d04915,cooking,1,1,3,3,2,3,0,0,23,27,35,28,26,33,30,27,1,1,1,2,2,0,0,2,1,1,2,1,2,0,0,1,54,56,41,35,41,42,65,61
d04916,cooking,2,0,0,3,0,0,1,0,21,11,14,12,17,15,8,15,1,1,0,0,3,0,0,0,0,1,0,2,0,0,2,1,18,20,21,21,25,16,21,27
d04917,cooking,4,1,1,1,1,4,0,1,34,28,34,33,29,31,30,23,2,1,7,1,0,2,3,1,3,0,0,1,4,0,5,0,46,43,56,44,48,57,64,57
d04918,machine_learning,25,22,23,21,26,27,20,22,1,0,0,3,0,2,0,2,2,2,1,0,2,1,1,0,1,2,0,4,2,0,0,0,45,45,44,46,39,35,46,40
d04919,football,0,0,0,0,1,0,0,0,0,0,1,0,0,0,1,1,1,1,0,0,1,0,1,0,10,7,12,5,8,5,7,10,18,12,18,17,17,20,13,14
d04920,astronomy,2,0,0,0,2,1,1,3,1,1,1,4,0,0,2,0,23,33,19,19,25,24,20,19,1,2,1,0,0,0,3,2,33,42,34,37,38,38,49,53
d04921,astronomy,0,0,0,0,0,0,1,1,1,0,0,0,0,0,1,0,2,5,5,4,10,2,7,11,0,1,0,1,1,0,0,0,4,8,6,14,14,8,15,9
d04922,football,1,3,2,3,4,4,6,2,1,1,4,3,4,7,2,3,5,2,2,2,5,8,1,2,63,54,65,40,52,60,66,65,101,83,109,106,103,106,83,95
d04923,cooking,3,1,0,2,1,1,0,1,27,28,26,24,36,27,31,35,1,1,0,0,2,4,3,1,3,0,2,2,2,0,3,2,54,43,45,51,52,35,54,51
d04924,football,0,0,0,0,0,0,0,0,0,0,0,0,0,0,0,0,0,0,0,0,1,0,0,0,7,2,5,4,6,8,3,3,5,3,12,7,7,8,6,6
d04925,machine_learning,87,87,81,90,88,101,78,100,4,1,5,6,5,5,5,5,3,3,6,1,6,1,3,5,4,5,5,5,5,4,3,1,170,152,127,142,142,143,165,141
d04926,cooking,4,1,1,0,0,1,2,2,33,26,27,24,27,25,30,31,0,0,2,5,3,2,2,2,0,3,0,0,2,0,0,0,45,39,47,52,31,37,50,54
d04927,cooking,8,7,10,6,5,5,3,8,93,106,113,107,97,108,99,109,4,6,5,6,6,6,2,7,8,5,1,1,2,4,7,5,166,150,183,168,153,164,137,157
d04928,machine_learning,3,6,4,4,5,8,6,3,0,0,0,0,1,0,1,0,0,0,0,1,0,0,1,0,0,0,1,0,0,0,0,0,10,9,7,5,8,10,16,10
d04929,football,0,0,1,0,2,0,2,0,0,0,1,0,0,1,0,2,0,0,0,0,0,0,1,0,2,2,5,9,7,5,9,2,10,5,9,10,12,5,13,9
d04930,astronomy,1,3,1,2,0,2,1,2,0,1,2,2,1,2,8,0,25,25,30,26,24,27,31,25,2,2,0,0,1,2,0,0,45,39,51,49,59,61,50,57
d04931,football,0,0,0,2,1,0,2,0,0,0,0,0,0,1,0,0,0,0,2,0,0,1,0,1,3,5,9,9,7,6,9,11,13,11,11,9,17,13,8,22
d04932,astronomy,1,1,2,3,2,2,2,1,2,2,2,3,4,0,1,0,26,24,17,13,28,23,20,26,5,1,0,3,2,0,0,2,38,32,37,40,38,37,26,37
d04933,astronomy,0,1,0,0,1,0,0,1,2,0,1,0,0,1,0,2,12,16,13,5,9,20,12,14,1,2,0,0,0,0,1,0,21,27,26,21,25,19,13,13
d04934,cooking,1,2,0,0,0,0,3,1,17,18,17,19,19,15,12,13,0,3,0,2,1,2,1,0,1,1,1,1,1,3,0,0,30,19,30,32,24,23,37,20
d04935,astronomy,1,1,0,1,2,1,1,1,0,1,1,1,1,0,2,1,21,17,23,20,22,14,19,18,0,1,1,1,1,0,0,2,27,27,26,45,28,33,37,31
d04936,football,0,0,0,0,0,0,1,0,0,1,0,0,0,0,0,0,0,0,0,0,0,1,0,0,5,6,5,6,12,5,11,4,10,8,9,8,11,7,8,7
d04937,machine_learning,18,24,16,20,16,15,24,24,2,0,4,1,1,0,0,3,0,0,0,0,0,0,2,3,0,0,1,0,0,0,1,1,42,47,28,27,33,36,30,30
d04938,football,0,2,1,1,3,0,0,0,0,1,2,1,1,2,4,2,1,0,0,0,1,0,0,0,22,22,17,24,14,15,21,31,35,35,33,26,40,39,37,33
d04939,astronomy,0,1,0,1,0,1,0,2,0,0,0,0,0,0,0,0,12,16,9,15,10,12,4,12,2,0,1,0,1,0,0,1,13,10,19,18,19,20,20,18
d04940,astronomy,1,0,0,1,1,1,1,0,1,2,2,3,1,2,1,1,13,10,16,16,15,13,9,13,0,3,0,0,0,2,1,0,23,26,24,21,23,24,26,29
d04941,cooking,2,1,3,4,0,3,1,0,45,35,33,39,43,28,41,30,2,2,0,1,1,2,0,1,3,1,1,2,0,0,3,0,63,55,51,57,58,63,60,41
d04942,cooking,0,1,0,2,0,1,0,2,12,5,11,9,8,10,16,12,0,0,1,0,1,1,0,1,0,1,0,0,1,0,0,1,26,17,27,20,21,26,18,15
d04943,cooking,0,0,1,0,0,0,0,0,9,10,9,11,15,10,11,11,0,0,0,1,0,0,5,0,0,0,0,0,0,1,0,0,13,16,17,19,24,16,27,22
d04944,astronomy,0,0,0,0,1,0,1,0,0,0,0,0,0,0,0,0,4,6,3,1,4,5,2,2,0,0,0,0,0,0,1,0,3,7,4,4,4,6,5,5
d04945,cooking,1,0,2,2,1,1,1,1,8,13,8,20,12,4,8,19,0,2,0,2,2,1,0,1,0,0,1,1,1,0,0,0,24,27,18,15,28,27,20,23
d04946,machine_learning,13,9,15,13,16,14,15,9,0,1,0,1,0,1,2,0,1,0,0,3,0,2,1,1,0,0,1,2,1,0,2,1,24,30,23,16,19,20,13,28
d04947,cooking,0,0,1,1,2,1,1,0,15,13,11,13,10,16,15,17,1,1,0,0,0,0,0,2,0,0,0,1,0,0,1,1,21,37,24,24,17,26,32,21
d04948,football,3,0,1,1,4,1,4,4,3,3,2,2,1,2,3,3,1,2,2,4,3,0,5,2,38,30,26,40,35,45,37,27,54,54,54,52,53,51,49,63
d04949,cooking,0,0,0,1,0,0,1,0,8,9,8,6,10,13,8,14,0,2,0,0,0,0,1,0,0,1,0,2,1,0,0,0,15,11,13,10,16,13,14,13
d04950,football,0,0,0,0,0,0,0,0,0,0,0,0,0,0,0,0,0,1,0,0,0,1,0,0,3,6,4,4,4,10,9,1,5,5,10,6,5,8,5,2
d04951,machine_learning,25,21,24,32,19,22,23,14,1,4,3,0,1,0,0,0,1,1,1,1,0,1,2,0,1,1,0,0,1,1,1,2,27,41,46,41,36,43,41,33
d04952,astronomy,0,0,1,0,1,0,0,1,2,0,1,1,0,0,0,0,17,9,9,10,7,4,10,8,1,0,0,0,0,0,0,0,12,14,11,19,22,12,16,16
d04953,cooking,1,0,0,0,1,0,0,0,4,5,5,9,6,3,14,4,1,0,0,0,1,0,0,1,0,0,1,0,1,0,0,0,5,11,10,8,9,10,10,8
d04954,machine_learning,24,14,19,15,29,14,20,26,0,1,0,1,0,1,0,3,2,1,1,3,0,2,0,3,2,0,0,1,1,1,1,1,34,37,19,29,30,27,38,34
d04955,machine_learning,20,32,31,26,29,31,34,34,1,3,3,1,2,3,2,1,3,4,1,0,0,2,2,3,2,1,1,2,1,2,1,2,27,43,48,51,54,52,55,61
d04956,machine_learning,35,18,37,41,35,26,22,29,0,0,3,0,1,0,1,2,0,2,2,2,1,1,1,1,0,0,0,3,1,0,2,3,43,43,54,39,50,47,60,50
d04957,machine_learning,17,14,7,12,13,12,13,17,0,1,0,1,1,1,0,0,3,1,3,1,1,0,2,2,0,0,0,1,0,1,0,0,18,23,22,22,17,22,25,15
d04958,astronomy,1,0,0,0,0,1,1,2,1,2,0,2,0,2,0,0,20,21,21,24,18,17,23,22,0,1,1,2,1,0,1,1,33,27,19,26,25,20,23,31
d04959,cooking,1,0,0,1,2,0,0,0,6,5,9,9,6,4,10,4,0,2,1,0,1,0,0,1,3,1,0,0,0,0,2,0,14,15,8,11,11,13,13,11
d04960,football,0,1,0,0,1,0,1,2,2,2,1,1,1,3,0,1,1,1,1,3,0,0,0,0,9,12,13,10,10,11,14,7,25,20,18,23,13,20,16,12
d04961,astronomy,0,0,0,0,1,1,0,0,0,0,0,0,3,0,0,1,2,13,4,10,11,18,4,5,0,0,0,0,0,2,0,1,13,20,15,5,11,14,18,13
d04962,football,0,1,0,1,3,1,0,2,0,0,0,0,0,1,0,1,2,0,0,0,0,0,1,0,8,11,14,7,9,13,13,8,16,21,14,14,20,16,22,19
d04963,football,0,1,0,0,0,1,0,0,0,1,0,0,0,1,0,1,0,1,1,0,0,0,1,0,4,4,7,7,4,3,9,4,13,13,9,9,14,16,12,18
d04964,astronomy,1,1,0,2,1,1,0,1,0,1,1,0,3,1,0,0,6,10,24,16,15,14,13,18,0,0,2,1,1,1,0,0,29,27,33,20,27,24,26,25
d04965,football,0,0,0,0,0,0,1,0,0,0,0,0,0,0,0,0,1,0,2,0,1,1,0,0,4,8,11,5,8,9,6,10,12,8,7,9,14,10,11,11
d04966,football,5,3,0,0,1,4,0,3,2,1,2,2,1,0,3,2,5,1,0,3,1,3,2,2,28,19,37,40,35,25,41,30,63,65,66,55,72,47,54,57
d04967,football,1,0,0,0,1,1,0,0,1,0,0,1,0,0,1,0,1,0,0,2,0,2,1,0,19,15,14,15,19,16,9,8,23,23,26,14,13,19,15,22
d04968,astronomy,1,0,2,0,0,0,0,0,0,0,0,1,0,0,0,1,19,7,17,12,16,7,14,15,1,1,1,0,1,1,1,0,29,20,24,24,20,19,20,20
d04969,machine_learning,23,28,28,21,34,26,24,24,2,0,3,1,3,0,1,0,1,2,2,0,2,1,0,1,0,1,0,0,1,3,0,1,45,42,39,40,45,45,30,47
d04970,football,0,1,0,0,0,0,0,0,0,0,0,0,0,0,0,1,0,0,1,0,2,1,0,0,14,3,4,9,7,4,1,7,14,5,11,10,6,13,5,13
d04971,machine_learning,44,43,53,55,50,40,42,48,1,1,1,3,3,2,1,1,2,0,0,1,1,1,2,0,1,2,1,1,0,2,1,3,94,81,84,78,59,67,76,86
d04972,cooking,1,0,0,2,0,2,0,3,11,15,10,11,17,15,9,15,1,1,0,0,1,0,1,0,0,0,0,0,0,1,0,2,30,25,23,27,26,26,27,21
d04973,football,0,1,0,1,0,0,0,1,0,0,0,0,0,1,0,1,0,0,1,0,2,1,0,0,9,6,16,7,18,12,6,3,16,19,9,16,11,12,12,24
d04974,astronomy,1,1,0,0,1,4,1,1,0,0,0,1,0,0,1,0,10,8,9,12,13,11,12,10,1,0,0,0,0,1,1,2,17,18,18,17,26,21,21,18
d04975,astronomy,3,0,2,2,6,0,2,3,3,2,1,5,2,7,3,5,52,56,61,49,39,41,49,39,2,3,1,2,5,4,4,2,79,74,85,69,77,80,84,68
d04976,cooking,0,0,0,0,0,0,1,0,5,7,3,5,3,5,5,3,0,0,0,0,1,0,0,2,0,0,0,0,0,0,0,0,3,4,3,6,8,6,8,6
d04977,machine_learning,35,45,45,41,50,38,45,48,3,3,3,4,10,3,0,4,2,2,1,2,1,4,1,2,4,1,1,0,3,3,5,2,74,75,70,77,78,76,87,73
d04978,football,0,1,1,4,0,4,0,0,0,0,3,2,1,2,0,0,1,3,0,1,1,2,0,1,21,22,26,14,20,22,23,21,26,37,41,29,40,31,45,34
d04979,astronomy,0,0,1,0,0,0,1,0,1,1,0,2,0,1,0,0,7,11,10,11,12,7,12,6,0,0,1,1,0,0,1,1,19,13,16,12,11,15,19,18
d04980,astronomy,1,0,1,0,1,1,0,0,0,0,0,0,0,2,0,0,10,4,15,15,2,8,9,9,0,1,0,1,0,2,0,0,14,13,19,14,12,15,15,14
d04981,cooking,2,2,0,0,0,0,0,1,11,15,19,12,14,21,10,14,0,0,0,0,0,0,0,0,1,1,2,1,1,0,0,0,26,20,25,20,26,26,21,24
d04982,astronomy,0,4,0,2,1,3,0,1,1,0,0,0,0,0,1,0,14,15,12,17,24,10,10,10,0,0,1,0,1,0,3,0,9,26,27,30,21,19,27,25
d04983,machine_learning,26,20,30,26,24,33,32,20,1,1,2,0,2,2,0,2,2,1,0,1,3,1,1,1,0,1,2,0,1,0,1,0,48,52,39,43,34,44,48,40
d04984,cooking,2,1,2,1,0,0,1,0,9,14,11,15,12,7,11,17,0,2,0,1,1,0,0,0,1,0,1,0,1,0,0,1,31,25,26,27,30,19,28,20
d04985,cooking,0,0,4,0,0,0,0,1,15,17,19,14,11,17,22,16,0,2,2,1,0,2,1,1,0,1,0,2,1,0,2,2,16,27,39,29,40,29,39,27
d04986,cooking,1,1,1,0,0,0,0,3,16,24,18,20,23,22,17,17,2,0,2,1,0,0,0,1,3,2,0,0,0,1,0,2,23,34,22,30,34,43,37,23
d04987,machine_learning,12,19,23,19,25,26,21,25,0,0,1,0,0,0,0,3,1,2,0,2,0,0,1,3,0,1,0,3,2,0,2,1,42,38,51,32,31,31,32,39
d04988,cooking,0,0,0,0,0,0,0,0,8,5,5,5,5,6,7,6,1,0,0,1,1,0,0,0,0,0,0,0,0,1,0,0,7,9,11,14,9,11,7,11
d04989,cooking,1,0,0,0,0,0,0,1,18,18,11,9,14,14,15,11,2,0,0,2,1,1,1,0,3,0,1,1,0,2,2,0,21,20,21,19,23,22,25,18
d04990,machine_learning,6,10,10,12,9,13,6,11,0,0,0,0,0,2,2,1,0,1,1,1,0,0,0,1,1,0,2,0,1,1,1,0,9,21,22,22,13,9,18,15
d04991,cooking,1,0,3,2,2,2,0,3,32,22,18,20,25,19,19,32,1,2,1,0,2,1,0,1,2,1,2,1,0,0,2,1,43,35,34,35,42,36,48,40
d04992,machine_learning,15,8,13,9,13,13,11,13,1,1,1,0,0,1,0,0,0,0,0,0,1,2,0,0,0,1,0,0,1,0,0,0,15,18,16,17,15,28,7,13
d04993,cooking,1,0,1,1,2,0,0,0,11,9,11,7,10,9,7,11,0,0,2,1,0,0,3,2,0,0,1,1,0,0,0,0,19,12,19,15,16,9,13,11
d04994,astronomy,1,3,2,0,1,1,0,1,5,5,2,1,1,2,0,1,39,38,41,51,31,42,31,43,2,2,2,1,3,2,5,0,64,69,69,46,71,64,83,58
d04995,astronomy,0,1,0,0,1,1,0,0,0,1,1,0,1,0,0,1,7,9,7,4,9,12,9,10,0,0,0,0,0,0,1,0,14,15,13,13,17,11,21,10
d04996,football,2,3,0,1,5,2,5,3,2,3,0,1,3,2,6,0,1,6,3,1,2,2,3,1,53,50,51,66,59,59,62,51,92,91,82,98,109,100,96,90
d04997,cooking,0,0,1,0,0,0,0,0,5,10,9,9,7,10,10,4,1,0,2,0,1,1,1,0,0,0,0,0,0,2,0,1,20,16,20,15,11,12,10,18
d04998,machine_learning,12,16,21,17,19,7,13,16,1,1,1,0,0,0,0,0,0,0,0,1,1,0,3,1,0,0,0,0,1,1,2,1,21,20,25,21,20,25,21,23
d04999,football,4,0,0,1,0,0,0,1,1,0,3,1,1,0,1,1,1,1,0,0,1,1,0,0,10,10,16,13,16,10,10,14,12,22,28,18,24,21,20,14
d05000,astronomy,2,2,2,3,1,3,2,2,0,1,2,0,1,1,2,1,25,32,28,27,33,31,29,28,0,1,2,3,1,0,1,1,43,53,50,47,52,49,45,48
d05001,football,0,1,2,0,3,0,0,0,2,1,2,3,2,0,0,0,1,2,0,0,1,0,0,0,16,20,15,7,16,19,15,9,28,20,29,20,20,28,28,28
d05002,football,1,1,1,0,1,1,0,0,0,1,2,2,2,0,1,2,2,0,1,2,0,1,0,2,13,21,15,20,13,18,18,6,17,28,33,24,26,27,24,30
d05003,machine_learning,15,11,21,17,14,7,15,16,1,1,1,0,1,3,0,0,1,1,1,2,1,0,0,1,1,0,0,0,2,2,0,2,18,17,18,20,23,19,19,22
d05004,astronomy,1,0,0,0,0,0,2,0,1,0,0,0,0,0,1,0,4,7,7,4,6,10,6,4,1,0,0,0,1,1,1,0,11,3,9,18,8,10,9,10
d05005,machine_learning,6,4,6,7,5,8,6,8,0,0,1,0,0,0,0,0,0,0,0,0,2,1,0,0,0,0,0,0,0,1,1,1,6,7,8,6,10,10,15,9
d05006,football,1,1,1,1,1,0,0,1,0,2,1,1,2,2,1,1,0,1,2,1,1,1,2,2,23,21,25,23,30,16,17,17,43,28,41,32,25,35,31,23
d05007,cooking,0,0,0,0,1,0,0,0,10,4,6,4,3,5,2,5,0,0,0,0,0,0,0,0,0,0,1,0,0,0,1,0,8,14,6,8,12,8,11,4
d05008,football,1,0,0,0,2,1,0,0,0,0,0,1,0,1,0,0,0,0,0,0,0,0,0,0,5,6,9,7,9,3,7,7,14,5,13,14,7,16,13,17
d05009,machine_learning,17,19,18,14,11,11,15,19,0,0,1,1,1,2,0,0,1,1,0,0,0,0,0,2,0,0,0,1,1,2,2,0,25,24,25,19,16,22,24,31
d05010,football,0,0,0,0,0,0,0,1,2,0,0,1,1,0,0,0,0,0,0,1,0,0,0,0,5,11,14,8,8,6,6,6,19,13,10,13,13,12,7,9
d05011,machine_learning,20,20,20,18,22,20,12,19,2,1,3,0,1,1,1,3,1,1,1,0,0,1,0,0,3,2,1,3,4,0,1,0,31,46,35,37,35,28,36,31
d05012,machine_learning,6,10,9,9,10,7,14,7,0,0,0,0,0,0,0,0,0,1,0,0,0,2,0,0,0,1,0,2,0,0,0,0,9,22,10,8,10,6,8,10
d05013,machine_learning,37,34,36,24,26,31,30,45,1,1,0,2,0,2,4,1,3,2,1,2,0,0,2,1,1,0,1,1,4,2,1,2,77,50,46,52,36,56,57,53
d05014,machine_learning,6,6,3,11,7,8,5,5,1,0,0,1,0,0,0,0,2,0,0,0,1,0,0,0,1,0,1,0,0,0,1,0,7,5,12,6,9,7,14,6
d05015,football,2,3,0,4,4,1,2,3,0,1,4,3,1,1,6,1,1,3,2,2,4,1,1,1,59,54,45,53,32,57,46,58,85,81,90,75,76,82,63,80
d05016,machine_learning,15,20,15,14,14,16,21,9,1,0,1,2,1,0,0,0,1,2,0,1,0,2,0,0,0,0,0,0,0,0,0,0,30,22,20,24,24,26,24,26
d05017,football,0,0,0,0,0,1,0,1,0,1,0,0,0,1,0,0,0,0,1,1,0,0,0,0,3,5,4,2,6,6,7,5,12,9,7,13,7,16,7,4
d05018,machine_learning,6,6,16,8,11,6,7,3,0,1,1,0,2,1,0,0,1,0,1,0,0,2,0,0,0,0,0,0,1,0,1,1,11,12,12,12,16,15,7,18
d05019,machine_learning,11,14,22,13,10,12,21,18,0,0,1,1,2,0,1,1,4,1,1,0,1,1,0,1,0,0,0,0,2,1,1,0,31,20,21,16,14,28,26,26
d05020,football,0,1,0,0,0,0,1,0,0,0,0,1,1,1,1,0,0,0,0,0,0,0,0,0,7,8,9,7,2,4,3,6,8,8,9,14,11,7,15,13
d05021,cooking,1,2,0,1,0,3,1,0,42,42,31,37,48,26,32,45,2,3,2,5,2,1,0,0,1,3,2,3,1,0,2,1,48,55,37,54,55,57,63,61
d05022,football,1,1,0,0,0,0,0,0,0,0,0,0,0,0,1,0,0,0,0,0,0,0,0,0,1,2,4,3,4,4,2,4,6,4,4,3,3,5,10,5
d05023,football,3,3,6,4,1,2,1,1,2,3,3,4,1,5,5,3,2,1,2,2,1,2,3,5,59,58,59,55,44,62,49,48,91,87,96,110,102,88,87,72
d05024,football,0,0,0,0,2,0,0,1,1,1,1,2,1,0,0,1,0,1,0,0,0,1,2,0,9,12,8,11,10,8,6,12,13,17,14,21,13,12,9,26
d05025,football,5,2,1,0,1,1,0,2,0,2,0,0,2,1,0,0,1,4,1,0,4,1,1,0,25,26,35,31,33,29,30,39,50,57,47,55,54,41,49,46
d05026,football,1,2,2,1,1,2,2,1,1,0,0,0,0,2,1,2,0,0,0,2,0,2,1,3,21,38,23,35,31,23,26,28,46,50,40,46,48,46,48,34
d05027,football,1,0,3,0,0,0,1,2,0,1,0,1,3,1,0,2,0,2,2,0,1,2,0,0,16,26,22,26,21,29,27,30,32,47,37,33,28,41,38,22
d05028,football,1,0,3,1,2,1,4,3,2,0,6,0,7,1,5,2,5,2,2,3,3,1,1,3,36,35,39,49,28,46,42,45,78,59,75,70,75,72,79,74
d05029,astronomy,1,2,1,4,1,1,1,1,2,3,3,2,0,1,1,1,33,29,41,39,25,31,35,35,4,1,0,1,0,2,2,1,64,58,64,57,54,48,51,54
d05030,football,1,1,1,1,0,0,2,2,0,0,3,0,1,2,0,2,1,0,2,0,1,0,1,0,6,14,14,15,15,17,21,14,28,15,31,24,25,29,33,20
d05031,machine_learning,12,14,15,11,7,8,12,8,0,1,0,1,0,1,0,0,2,0,3,3,0,0,1,0,0,0,1,1,1,1,0,0,18,14,19,17,17,24,21,14
d05032,cooking,0,0,0,0,0,0,0,0,6,5,0,6,3,4,6,4,0,0,0,0,0,0,0,0,0,0,0,0,0,0,0,0,4,13,9,8,11,7,7,15
d05033,football,0,0,0,0,0,1,1,0,0,0,0,0,1,1,0,1,1,0,0,1,1,0,1,0,7,3,4,4,8,4,4,3,12,21,6,12,6,16,17,9
d05034,machine_learning,14,13,5,14,9,8,10,16,1,1,1,2,0,0,1,0,0,1,2,1,2,0,0,0,0,0,2,0,0,1,0,0,25,20,20,24,14,23,18,15
d05035,cooking,1,2,1,0,0,0,0,1,9,17,13,11,12,5,11,12,0,0,0,0,1,0,1,1,0,2,0,2,0,0,1,0,18,17,17,16,27,12,17,21
d05036,machine_learning,7,7,10,11,10,9,11,13,0,0,2,0,0,0,1,0,0,0,1,0,1,0,0,1,0,0,0,0,0,0,0,0,19,12,13,18,15,13,11,23
d05037,machine_learning,13,23,16,11,18,26,18,8,0,0,0,0,2,0,1,0,1,1,0,0,1,3,1,1,0,0,1,2,0,0,0,1,19,25,36,23,29,27,23,24
d05038,machine_learning,14,11,11,17,18,13,13,13,0,1,1,1,0,1,0,0,1,1,0,0,0,0,2,0,1,0,0,1,1,1,0,0,15,15,19,22,19,17,20,20
d05039,cooking,1,0,0,0,1,1,0,0,4,6,6,4,8,3,11,5,1,0,2,0,0,0,1,0,0,0,0,0,0,0,0,0,19,12,8,15,7,6,11,14
d05040,cooking,1,0,0,2,0,1,1,0,26,15,18,13,15,16,21,24,1,0,0,1,0,0,1,1,2,0,1,0,1,0,0,1,19,35,25,28,37,29,34,38
d05041,astronomy,1,2,1,1,0,2,3,1,1,3,4,3,0,1,0,3,33,40,36,32,24,27,32,24,2,1,4,2,2,1,0,1,58,58,53,41,60,40,41,38
d05042,machine_learning,65,61,58,51,45,52,48,59,6,3,1,1,1,5,4,3,2,5,4,3,3,3,1,7,3,3,4,4,0,0,1,4,81,85,86,90,104,108,79,85
d05043,astronomy,3,2,1,2,4,1,3,1,2,2,0,2,2,0,1,2,45,40,46,27,41,24,39,29,1,3,0,4,2,4,2,1,63,63,61,62,69,63,62,63
d05044,astronomy,2,0,1,2,1,3,2,1,0,3,1,1,3,1,2,1,46,44,48,39,49,47,47,61,0,3,5,2,1,4,3,2,87,83,97,86,87,86,80,99
d05045,astronomy,2,1,2,0,3,0,1,1,2,0,0,1,0,3,0,0,17,11,18,21,12,23,19,8,0,1,1,1,0,0,2,1,32,30,27,25,23,25,23,38
d05046,cooking,2,1,2,0,2,1,2,1,22,18,9,16,7,4,13,11,1,1,0,2,1,0,1,0,0,0,0,2,1,0,0,0,21,31,23,32,25,25,23,22
d05047,astronomy,1,2,3,0,1,1,3,1,3,1,3,0,0,5,4,2,28,31,33,34,34,48,24,23,2,1,2,1,1,2,1,1,56,49,54,68,60,54,57,64
d05048,astronomy,0,0,0,0,0,0,0,1,1,0,1,1,3,2,2,0,8,12,13,10,11,10,12,15,0,0,0,1,1,0,1,1,23,10,16,23,16,21,19,17
d05049,football,0,2,1,1,0,0,0,0,2,0,0,1,0,0,0,0,1,0,0,1,0,1,1,0,11,9,7,9,12,8,14,4,14,15,14,15,8,12,17,19
d05050,astronomy,3,0,3,1,0,3,3,3,1,2,4,1,2,1,0,2,45,47,34,43,37,41,46,41,2,1,4,2,4,1,0,0,64,67,76,74,64,62,77,61
d05051,cooking,1,3,0,1,2,1,3,0,18,24,23,17,19,21,15,18,0,2,0,1,1,0,1,3,1,2,1,2,0,2,2,1,35,24,26,34,29,30,43,31
d05052,astronomy,2,0,2,2,1,1,0,0,1,0,1,0,0,1,0,1,6,12,13,22,9,10,14,15,3,0,1,1,2,0,1,0,17,17,14,18,17,32,20,22
d05053,cooking,0,0,2,3,2,0,3,1,26,16,21,27,30,17,26,16,0,2,1,2,0,0,2,2,1,4,0,1,1,2,0,3,38,56,47,41,38,42,43,47
d05054,astronomy,0,0,0,0,0,2,0,2,0,1,0,2,0,0,2,0,5,8,16,8,11,5,8,10,0,1,0,0,0,0,0,1,15,13,12,14,19,6,8,18
d05055,astronomy,2,1,0,1,0,1,2,0,0,1,2,1,1,3,0,4,23,25,26,23,25,26,31,21,0,0,0,1,2,0,2,2,41,48,31,27,32,46,31,32
d05056,cooking,0,0,0,0,2,1,0,0,17,7,10,13,14,18,14,11,1,0,0,0,1,0,0,0,0,0,1,1,1,2,0,1,17,19,19,11,17,14,11,27
d05057,cooking,0,0,0,2,1,1,2,0,18,14,15,17,20,15,15,14,0,0,1,2,1,2,1,0,0,1,1,0,1,1,0,1,31,28,29,28,19,27,25,34
d05058,astronomy,0,1,3,2,0,0,1,0,1,1,1,0,1,0,1,0,28,22,28,29,30,41,38,27,5,2,1,0,1,1,1,1,40,53,40,35,39,37,45,27
d05059,football,0,0,0,0,0,1,0,2,2,2,2,2,0,0,0,1,0,1,1,0,0,0,0,0,15,7,10,13,13,14,9,12,19,22,22,21,11,23,19,20
d05060,cooking,1,0,0,0,2,1,0,0,19,19,21,33,20,27,13,23,1,1,1,1,0,2,1,1,0,0,2,0,1,0,0,1,35,44,24,50,42,32,28,33
d05061,machine_learning,30,22,27,26,28,27,25,23,3,1,2,0,1,1,2,1,4,0,1,1,0,0,1,1,1,1,0,1,2,1,0,1,58,44,51,55,42,41,42,69
d05062,machine_learning,11,13,13,12,7,12,13,14,0,1,0,0,1,0,0,0,1,0,0,0,0,0,0,1,1,1,1,2,0,1,0,0,14,22,22,18,17,15,17,11
d05063,astronomy,1,0,1,0,1,2,0,3,0,2,0,0,0,0,0,0,7,8,6,7,13,10,9,11,0,2,0,0,0,0,0,1,16,16,13,17,8,12,11,21
d05064,machine_learning,23,24,29,17,17,12,22,24,2,1,0,2,1,3,0,1,0,0,0,1,2,0,0,1,0,0,1,1,2,1,0,0,40,44,30,36,44,37,38,29
d05065,cooking,0,1,0,0,0,0,0,0,3,3,3,7,4,4,5,5,0,0,0,0,1,2,0,0,1,0,0,0,0,0,0,0,10,5,5,6,3,4,7,10
d05066,cooking,0,0,1,1,0,0,0,0,10,17,11,12,9,11,16,12,0,0,1,0,0,0,0,2,1,1,2,0,0,1,0,1,22,19,15,20,16,14,19,17
d05067,football,0,2,3,2,4,3,2,2,2,0,1,2,2,4,1,2,1,3,1,0,4,0,0,3,29,38,28,28,36,36,26,39,45,65,53,57,49,48,48,56
d05068,cooking,1,0,1,0,0,2,3,0,9,13,9,8,9,12,15,13,1,0,2,1,1,0,1,1,0,0,0,0,1,0,2,1,17,20,13,18,14,28,16,13
d05069,football,0,0,0,0,0,0,0,0,1,0,1,0,0,0,0,0,0,0,1,0,0,0,0,0,11,8,5,3,7,3,7,5,8,10,6,5,8,11,7,13
d05070,machine_learning,29,32,24,35,28,17,30,23,0,0,2,2,1,0,1,0,1,1,3,4,0,2,2,1,1,1,0,3,1,0,0,1,42,42,36,39,40,45,38,56
d05071,cooking,0,1,0,0,1,2,1,1,10,14,12,8,8,3,7,6,0,1,3,0,1,0,0,0,0,0,1,0,0,0,1,1,14,18,16,14,10,11,18,16
d05072,machine_learning,31,28,33,26,24,36,26,32,0,2,1,0,0,2,0,1,1,2,2,0,1,0,2,3,3,1,2,2,1,0,1,3,36,53,48,40,50,36,48,47
d05073,football,0,2,1,0,0,0,0,0,0,1,0,1,2,0,0,2,0,0,1,0,0,1,1,1,6,3,7,5,5,8,4,10,6,14,10,12,18,9,14,12
d05074,football,0,0,1,1,1,0,0,2,0,0,0,0,0,0,0,1,0,0,1,0,1,0,2,2,8,8,6,9,4,6,8,10,9,10,14,11,11,13,14,15
d05075,cooking,1,1,0,0,0,0,2,0,9,7,13,8,6,9,7,9,0,0,0,0,0,1,0,0,0,0,0,0,1,0,0,0,10,21,19,17,15,18,15,12
d05076,football,0,0,0,0,0,0,0,0,0,0,0,0,0,0,0,0,0,0,1,0,0,0,0,0,5,5,5,4,4,7,3,7,9,14,2,8,7,11,10,8
d05077,astronomy,2,3,4,1,0,2,1,1,1,2,0,2,1,2,1,1,17,8,17,14,10,17,18,17,0,0,0,0,2,0,2,2,20,22,25,28,25,23,22,36
d05078,cooking,1,0,0,0,0,0,0,0,15,12,10,11,16,10,19,16,1,1,2,1,0,1,0,1,1,0,0,0,0,1,3,0,35,32,20,13,15,24,28,30
d05079,cooking,0,1,1,1,2,3,1,2,33,27,26,38,22,31,29,39,2,3,2,2,1,3,0,4,3,1,1,0,0,1,2,0,62,56,62,64,65,63,55,61
d05080,cooking,1,1,6,1,2,3,4,2,55,70,59,69,65,57,73,62,5,2,2,6,1,0,5,5,2,3,3,4,4,5,0,4,108,116,92,97,126,115,99,118
d05081,machine_learning,13,9,9,4,5,6,5,5,0,0,1,0,2,0,0,0,1,0,0,0,0,0,0,0,1,0,0,1,0,0,0,1,12,17,11,10,16,7,15,12
d05082,football,0,0,1,0,0,1,2,0,0,0,0,0,0,1,1,0,0,0,0,0,0,0,0,0,3,6,9,8,6,7,0,5,7,7,6,11,15,9,14,13
d05083,football,7,3,1,7,3,3,8,7,3,5,12,1,7,4,6,4,6,9,11,2,9,3,10,4,152,127,132,143,138,162,123,128,237,244,239,215,244,229,219,244
d05084,machine_learning,11,15,9,22,15,20,16,19,0,2,0,2,2,0,0,2,0,4,1,1,0,1,1,1,1,0,0,2,0,0,0,1,24,32,26,28,16,34,29,24
d05085,cooking,1,2,0,0,1,0,0,0,20,12,15,9,11,19,11,14,0,0,1,0,0,1,0,0,0,0,1,0,1,0,1,0,23,13,20,19,35,26,27,26
d05086,machine_learning,20,25,29,32,27,20,21,29,0,1,0,3,0,1,2,0,3,0,0,1,2,1,2,3,0,0,1,0,1,2,0,2,43,32,40,51,41,48,49,37
d05087,football,2,1,0,2,1,1,3,1,0,2,4,0,1,3,3,2,1,3,2,0,1,0,2,0,13,22,16,21,27,21,24,25,37,42,29,41,50,31,32,43
d05088,machine_learning,14,9,11,9,5,7,3,15,0,0,0,0,1,1,0,0,0,0,0,0,0,2,1,1,1,0,1,0,0,0,0,1,7,11,13,17,19,18,15,14
d05089,astronomy,0,1,1,1,3,1,3,2,0,2,1,1,2,1,1,0,25,30,32,43,33,29,28,30,0,1,2,0,0,1,2,0,48,58,47,45,62,54,50,50
d05090,cooking,4,4,1,4,2,3,2,4,71,76,87,89,76,79,82,77,3,6,5,4,4,1,8,3,6,5,5,4,5,3,6,2,133,138,132,116,170,147,144,144
d05091,football,0,0,1,1,0,1,1,1,0,1,0,0,2,0,0,0,0,0,2,0,1,0,1,0,13,12,9,13,12,7,7,8,24,20,6,22,28,18,20,37
d05092,machine_learning,31,23,18,27,27,27,17,17,2,1,1,1,2,0,1,1,0,2,1,1,2,3,0,1,0,0,1,0,1,2,2,1,41,42,46,42,35,40,38,37
d05093,machine_learning,80,84,83,99,77,73,71,92,6,6,3,7,5,4,4,5,6,3,2,3,7,5,5,3,2,4,3,2,4,2,1,4,146,123,141,137,128,118,120,125
d05094,football,0,0,1,0,1,0,0,1,0,1,1,1,1,0,0,1,0,0,2,0,0,0,0,0,11,8,8,6,10,6,6,14,9,17,21,20,24,17,16,15
d05095,cooking,0,0,1,2,0,1,0,0,13,17,16,8,15,15,17,14,1,2,1,1,1,1,0,0,0,0,0,0,2,1,1,0,18,23,26,30,18,25,23,18
d05096,machine_learning,30,48,46,38,34,42,43,44,2,4,4,1,1,2,1,1,4,1,0,2,2,0,2,0,2,1,3,0,1,2,3,0,46,57,72,68,65,78,67,65
d05097,astronomy,1,1,0,0,0,0,1,0,0,0,1,2,1,0,0,0,3,9,6,0,9,1,5,5,0,0,1,0,0,0,0,0,14,9,9,9,11,3,8,7
d05098,football,2,1,0,1,1,0,1,2,0,0,2,2,0,1,1,0,0,0,0,0,0,2,2,0,15,12,13,11,16,10,19,13,22,26,37,25,23,24,16,32
d05099,machine_learning,4,8,5,7,6,9,8,8,0,0,0,0,2,0,1,1,0,0,0,0,0,1,0,0,1,0,0,0,0,0,1,1,14,18,18,11,17,18,17,18
d05100,machine_learning,8,2,6,4,11,9,14,7,0,0,1,2,1,0,0,0,0,1,0,1,0,0,1,0,0,1,1,0,1,0,0,0,20,18,19,14,20,16,16,11
d05101,football,0,1,1,1,0,1,0,0,0,0,0,1,2,0,0,0,0,0,1,0,0,1,1,0,10,9,9,11,6,14,7,10,8,13,18,8,9,17,9,14
d05102,football,0,0,1,0,0,2,0,0,0,0,0,0,0,0,2,1,0,0,0,0,0,0,1,1,10,14,5,14,8,16,9,6,23,18,22,14,11,17,22,13
d05103,astronomy,0,0,0,0,0,1,0,0,0,0,0,0,1,1,0,0,9,7,5,8,5,7,4,4,0,0,0,1,2,0,0,0,12,11,6,15,12,10,13,15
d05104,machine_learning,11,5,8,8,7,9,10,11,1,2,2,1,0,0,0,1,0,0,0,0,1,0,0,0,1,0,0,0,0,0,1,2,13,17,15,13,14,17,16,17
d05105,cooking,2,3,1,0,2,0,2,1,16,12,12,16,18,16,11,16,1,1,0,2,0,3,1,0,1,1,1,1,2,0,0,0,26,23,34,24,26,36,21,20
d05106,cooking,0,1,0,1,2,0,0,1,11,11,12,19,17,4,9,8,1,1,1,2,0,0,0,1,0,1,0,0,0,1,1,0,27,23,15,18,11,8,18,20
d05107,cooking,1,0,3,2,0,1,2,2,16,29,25,20,21,24,25,24,0,1,2,0,0,0,0,2,1,2,1,1,0,4,0,1,49,41,45,30,38,51,33,44
d05108,football,0,1,3,1,0,1,1,1,0,0,1,1,0,1,0,1,0,0,2,0,0,1,0,1,23,23,22,17,23,14,19,23,21,33,35,32,30,42,29,31
d05109,machine_learning,14,11,7,7,9,17,16,8,2,0,1,0,0,0,1,1,0,0,2,0,0,2,0,0,0,0,0,0,0,0,0,0,13,12,24,19,19,16,19,13
d05110,football,0,0,0,0,0,0,0,0,0,1,0,0,0,0,1,1,0,1,0,0,1,1,1,0,5,6,3,7,6,10,6,9,6,11,5,7,10,4,5,9
d05111,cooking,1,3,0,3,2,2,1,0,25,35,16,30,23,37,19,18,0,2,1,2,0,4,5,2,1,1,1,1,0,0,0,1,27,36,42,45,38,46,31,39
d05112,football,0,0,0,0,0,0,0,0,1,0,1,0,0,0,0,0,0,0,0,0,0,1,0,0,2,4,4,4,5,6,5,5,3,7,6,8,12,6,4,4
d05113,cooking,0,0,0,1,2,2,2,1,18,14,30,22,17,15,19,17,1,1,0,1,0,0,1,1,1,1,0,0,3,1,2,0,33,31,32,31,35,33,40,33
d05114,football,2,1,0,1,1,0,0,0,0,0,0,1,0,1,0,1,0,0,1,0,0,1,1,1,7,10,12,12,4,10,10,3,16,12,22,17,17,10,23,12
d05115,machine_learning,8,8,3,4,10,8,3,8,0,1,0,0,0,0,0,1,0,0,1,0,0,0,0,0,1,1,0,0,0,0,0,0,11,17,13,6,16,13,10,13
d05116,astronomy,0,0,0,0,0,0,0,0,0,0,1,1,1,0,1,1,6,9,8,9,12,11,9,6,0,2,1,0,1,0,0,2,13,17,12,15,21,15,21,9
d05117,cooking,0,0,3,0,1,0,0,0,2,11,11,15,8,12,7,9,0,0,1,1,0,1,0,2,1,1,0,1,2,1,0,0,12,12,25,21,14,20,15,23
d05118,cooking,1,4,0,0,1,0,2,2,26,23,27,31,21,20,24,24,0,1,2,1,1,1,1,3,2,1,1,0,2,1,1,0,49,34,43,33,40,37,29,47
d05119,cooking,0,0,1,0,0,0,0,0,11,8,5,11,11,8,19,4,0,0,0,0,0,0,0,0,0,0,0,2,1,0,0,0,20,13,16,12,8,14,17,8
d05120,cooking,1,0,0,0,0,1,0,1,8,5,5,3,5,13,6,12,0,1,2,0,0,1,1,1,1,0,1,1,0,1,0,0,11,14,14,13,16,18,10,21
d05121,machine_learning,6,4,5,6,5,8,9,7,1,0,0,0,1,0,1,1,0,0,0,0,0,0,1,0,0,0,1,1,1,0,0,0,9,14,13,15,14,5,10,10
d05122,astronomy,1,1,0,2,0,2,0,2,0,1,0,0,0,0,0,2,18,23,18,19,21,20,18,11,1,0,2,4,0,0,2,1,20,21,35,23,32,22,27,17
d05123,football,2,2,1,0,4,1,3,0,1,1,1,0,0,3,4,0,1,1,1,0,1,0,1,1,14,24,22,18,28,12,20,18,40,39,25,36,29,40,52,41
d05124,football,2,1,0,0,0,1,2,1,2,1,1,2,2,0,3,2,3,0,0,2,0,2,0,0,23,17,18,17,18,20,27,20,39,46,35,43,44,36,32,34
d05125,astronomy,1,1,0,2,0,0,0,1,0,0,0,0,0,1,1,0,6,6,7,4,10,12,5,6,1,1,1,0,0,0,0,0,13,7,18,14,17,9,12,9
d05126,football,1,0,1,1,2,1,2,3,0,3,1,2,0,3,1,2,3,0,0,1,1,1,1,0,26,23,19,20,21,24,20,27,48,38,48,38,41,46,25,38
d05127,football,1,4,0,1,1,0,0,0,1,0,2,2,0,0,1,2,0,0,1,0,0,0,2,0,15,11,11,17,10,14,12,14,18,18,19,17,25,20,21,24
d05128,machine_learning,28,25,25,14,22,28,20,26,1,0,0,1,2,2,3,1,2,2,4,0,1,2,0,1,0,1,1,1,3,3,2,0,40,40,38,47,44,38,42,38
d05129,astronomy,0,0,0,0,0,0,0,0,1,0,0,0,0,0,1,0,5,7,11,11,7,9,5,8,0,0,0,1,0,0,0,0,12,14,11,6,10,7,8,12
d05130,cooking,3,2,4,0,2,1,2,1,54,58,52,56,49,37,41,46,2,1,3,3,3,2,2,2,2,1,3,3,1,1,0,3,83,77,92,79,89,96,83,66
d05131,cooking,1,0,0,1,0,0,0,0,2,3,4,7,6,1,3,1,0,0,0,0,0,0,0,0,0,1,0,1,0,0,0,0,3,4,5,7,5,6,7,6
d05132,machine_learning,7,12,5,11,3,12,13,7,1,0,0,1,1,0,0,1,0,0,0,1,0,2,0,0,2,1,0,0,0,2,0,0,13,18,10,16,17,21,10,13
d05133,cooking,2,0,0,1,0,0,0,1,11,11,15,12,8,13,17,10,0,0,0,1,0,1,0,0,0,0,3,1,1,0,0,0,22,22,20,18,17,21,20,12
d05134,football,2,0,0,1,1,0,0,1,0,0,0,0,0,1,0,0,0,1,1,0,0,1,0,0,8,12,13,13,7,15,9,11,17,22,19,14,21,21,16,22
d05135,cooking,1,1,2,0,3,0,1,2,14,10,13,13,13,18,14,12,0,2,4,0,1,0,2,0,0,0,1,1,1,3,0,0,21,21,28,24,22,14,23,24
d05136,machine_learning,23,13,12,10,24,9,10,19,0,1,0,2,2,0,0,0,1,1,1,0,0,1,1,1,0,2,1,1,1,2,0,0,34,30,28,30,29,32,32,31
d05137,football,0,0,1,0,0,0,0,0,0,0,1,0,0,1,0,2,0,0,0,0,0,0,1,1,17,16,15,14,11,21,18,19,27,26,37,24,24,18,27,29
d05138,machine_learning,12,9,16,12,9,13,11,10,1,3,1,0,0,1,0,0,0,0,0,0,2,3,1,2,2,0,0,2,2,0,2,1,14,12,22,16,12,13,10,20
d05139,cooking,0,0,0,0,1,0,1,2,8,13,9,5,13,6,9,11,0,1,1,0,1,0,1,0,0,0,0,0,0,2,0,0,20,14,14,15,15,16,17,20
d05140,astronomy,1,0,1,2,1,1,1,1,0,1,1,1,1,0,1,3,24,19,19,15,21,22,19,30,1,0,0,0,4,0,0,2,39,46,42,40,53,36,39,54
d05141,cooking,4,2,6,1,2,0,1,1,37,41,53,40,40,38,45,36,0,2,3,0,1,2,2,3,2,0,3,0,3,2,1,4,56,57,56,50,60,69,54,75
d05142,football,2,0,0,2,1,1,1,2,3,0,0,2,1,0,1,0,0,2,1,4,1,3,0,0,29,26,19,28,35,20,21,28,47,35,46,32,37,49,33,39
d05143,astronomy,0,1,0,1,2,0,1,2,1,2,1,2,1,0,0,1,14,19,15,20,14,18,20,13,2,2,0,1,0,1,2,1,26,26,23,32,31,28,25,21
d05144,machine_learning,9,15,6,13,11,18,9,15,0,1,0,1,1,0,0,2,1,0,2,0,2,1,1,0,0,1,2,1,0,2,0,0,21,18,24,24,25,24,12,21
d05145,machine_learning,5,4,10,8,9,5,13,9,0,0,0,2,0,1,0,0,0,0,0,0,0,1,1,1,0,0,0,0,0,2,1,0,12,14,11,12,13,9,14,12
d05146,football,0,0,0,0,0,0,1,0,0,0,0,0,0,1,1,2,0,0,0,0,0,1,0,0,10,6,10,9,5,5,9,8,8,11,11,10,20,11,11,8
d05147,cooking,2,1,2,1,1,1,1,0,33,21,20,26,27,16,34,32,0,4,3,1,0,4,0,1,2,3,0,0,1,2,0,3,48,43,53,40,44,43,41,44
d05148,machine_learning,67,64,72,74,80,83,76,91,4,7,5,2,4,2,6,4,3,2,3,6,6,4,6,3,2,2,3,5,5,3,3,0,125,118,122,106,120,117,115,125
d05149,cooking,0,0,2,2,3,1,1,2,24,34,36,28,40,41,33,20,4,2,2,0,0,1,5,4,1,2,3,1,1,5,2,0,66,56,53,49,52,37,63,41
d05150,football,0,0,0,0,0,0,0,0,0,1,0,0,1,0,0,2,0,0,0,1,0,0,0,2,4,5,8,6,6,6,5,6,4,11,10,14,9,8,6,9
d05151,machine_learning,5,12,9,14,8,13,9,9,1,1,1,1,2,0,0,0,3,0,0,0,0,2,1,0,0,0,0,0,1,0,0,2,19,20,9,19,15,22,14,15
d05152,astronomy,0,0,0,1,0,2,0,0,0,0,0,0,0,1,0,0,5,8,8,7,11,13,4,7,0,0,0,0,0,0,0,0,11,15,14,14,13,9,11,7
d05153,astronomy,0,0,0,0,1,0,0,1,3,2,0,1,0,1,0,0,25,16,9,19,13,9,22,13,1,1,1,2,1,0,1,0,18,28,30,30,34,32,18,28
d05154,astronomy,2,3,1,3,1,0,0,2,0,6,5,1,2,2,3,0,64,46,55,45,40,42,48,45,3,0,0,0,4,1,2,2,78,84,78,83,71,69,70,89
d05155,football,0,1,0,0,0,0,0,0,0,2,0,0,0,0,1,1,0,0,0,1,0,0,0,0,7,10,10,9,5,7,11,6,19,15,11,15,4,12,19,15
d05156,machine_learning,19,28,28,25,31,23,36,27,1,4,3,2,2,4,2,2,0,2,0,1,3,1,1,2,1,2,0,3,3,2,2,2,46,43,50,40,46,38,44,47
d05157,machine_learning,12,13,17,12,16,14,16,14,1,1,0,0,0,0,1,1,1,1,0,0,0,1,1,1,2,2,0,0,0,0,1,0,21,19,15,20,23,18,9,20
d05158,astronomy,0,1,0,0,0,0,0,0,0,0,1,0,0,0,1,1,19,10,13,14,10,14,21,17,1,0,0,1,2,0,1,0,28,14,23,22,28,27,24,26
d05159,astronomy,0,2,0,3,0,0,2,0,1,2,2,2,3,0,0,0,21,19,13,14,15,17,12,19,0,2,0,1,0,1,0,1,31,33,24,23,34,35,28,36
d05160,football,0,0,0,1,0,0,0,0,1,0,0,0,0,0,1,0,0,0,0,1,0,0,0,0,7,2,4,6,5,1,2,2,8,2,4,11,6,9,6,10
d05161,machine_learning,10,8,10,6,12,15,10,9,0,1,0,1,0,0,0,1,0,0,1,0,2,0,2,0,0,0,0,1,1,2,1,0,12,14,9,17,11,21,21,26
d05162,cooking,3,0,1,1,0,0,0,4,13,12,15,16,19,13,16,14,0,1,0,1,0,0,1,1,0,1,0,1,0,1,0,1,27,29,32,22,32,22,27,21
d05163,football,0,3,2,0,1,1,1,0,0,1,2,1,2,0,0,1,0,2,0,0,0,1,3,3,25,21,32,24,24,18,26,37,39,37,43,41,36,52,47,46
d05164,cooking,0,0,3,0,1,0,0,0,13,14,6,9,11,4,10,3,0,0,0,0,2,0,1,0,0,0,1,1,0,0,0,0,18,14,18,15,22,10,17,12
d05165,machine_learning,13,13,18,13,17,10,11,19,0,0,0,1,1,3,0,0,2,0,0,2,2,0,0,1,0,1,0,0,0,0,1,0,27,28,28,22,15,31,23,22
d05166,machine_learning,16,12,15,15,15,14,16,8,1,0,2,1,0,0,1,0,0,0,0,0,0,1,0,0,2,1,2,0,1,2,1,1,24,20,20,15,16,25,13,27
d05167,machine_learning,9,3,5,4,3,5,7,5,1,1,0,0,1,1,0,0,0,0,0,0,1,0,0,2,0,1,1,0,0,0,0,0,8,5,11,5,8,9,13,11
d05168,football,0,0,1,1,0,0,2,1,0,0,0,0,2,0,0,1,0,0,0,0,0,1,0,0,10,12,15,12,12,13,5,10,17,22,17,21,22,14,22,19
d05169,machine_learning,11,10,17,23,17,18,17,15,3,1,1,1,2,0,1,1,0,0,1,0,1,0,2,0,0,0,2,1,0,0,0,1,27,22,25,31,27,31,30,30
d05170,cooking,0,0,1,1,0,1,1,0,9,13,9,9,9,7,15,6,0,1,0,0,1,0,1,0,1,0,0,0,0,0,1,0,16,11,23,19,16,14,12,17
d05171,football,0,0,1,4,1,1,1,3,0,1,0,0,2,0,3,0,1,1,2,1,1,1,0,0,14,19,24,22,23,19,16,17,39,36,30,36,25,33,26,37
d05172,machine_learning,17,14,20,9,11,6,14,20,5,0,1,0,0,0,0,0,0,0,0,0,2,0,0,0,1,2,0,0,1,0,1,1,27,32,27,30,20,17,16,26
d05173,machine_learning,23,28,27,22,16,19,16,19,0,0,3,1,0,0,1,1,1,2,2,0,1,3,1,1,1,4,0,0,0,3,1,1,44,33,29,40,31,24,33,26
d05174,cooking,3,4,7,5,2,6,2,2,57,60,43,49,54,48,50,57,2,1,5,1,0,1,4,2,1,1,1,1,3,1,4,0,92,74,91,72,98,97,85,84
d05175,football,0,1,3,0,0,0,1,5,2,0,1,2,1,1,4,0,1,1,0,1,1,0,2,2,39,18,29,28,29,31,28,28,39,46,44,38,33,48,47,59
d05176,machine_learning,4,1,6,11,5,8,6,7,0,0,0,1,1,0,0,0,0,0,1,0,0,0,0,1,0,0,2,0,0,0,2,1,14,14,11,8,14,11,11,11
d05177,machine_learning,54,59,63,49,49,60,50,57,1,1,5,1,4,1,1,1,5,0,3,2,5,4,2,6,4,3,7,3,4,3,5,1,99,107,92,92,94,82,91,89
d05178,cooking,0,0,1,0,0,0,2,1,7,14,6,8,9,13,6,6,2,0,1,1,0,0,0,0,1,1,0,0,0,1,0,1,12,9,20,17,12,10,20,11
d05179,astronomy,1,0,0,1,0,0,0,0,0,1,2,0,1,1,1,0,11,19,22,13,14,11,13,19,0,0,1,1,0,1,2,2,30,19,26,11,27,26,23,25
d05180,cooking,1,1,0,0,0,0,1,1,20,13,9,17,12,18,15,13,2,1,2,3,0,3,1,1,0,1,1,2,0,3,0,0,23,26,24,26,29,26,13,16
d05181,cooking,0,2,0,1,0,1,2,0,9,2,6,9,4,8,4,8,0,1,1,0,0,1,0,0,0,0,0,0,0,0,0,0,7,12,9,3,8,12,13,7
d05182,astronomy,0,0,0,2,0,1,2,3,0,4,0,2,0,1,2,1,30,19,18,20,24,15,16,12,1,2,1,0,2,0,2,1,21,32,32,30,23,30,26,30
d05183,machine_learning,6,8,7,7,14,9,14,8,0,0,0,0,0,0,2,0,0,0,0,0,1,0,0,0,0,0,0,1,0,2,1,1,17,16,16,17,16,19,24,19
d05184,astronomy,0,0,0,1,1,1,0,0,0,0,0,0,0,0,0,0,10,12,10,2,9,7,7,5,0,0,0,0,0,0,1,1,18,18,10,14,11,20,13,15
d05185,football,1,2,0,0,1,0,0,1,0,2,2,0,1,0,0,3,0,1,0,2,2,1,0,1,10,20,12,6,11,8,9,9,17,15,15,16,23,18,21,15
d05186,machine_learning,17,13,12,15,23,10,9,9,0,1,0,1,2,1,1,2,1,0,1,0,1,1,0,0,0,2,1,1,1,0,2,0,23,15,24,36,23,26,19,20
d05187,machine_learning,42,42,44,46,53,43,46,50,2,4,0,2,2,1,3,0,1,2,3,2,5,2,1,3,2,5,2,1,2,0,2,1,76,77,60,85,67,80,75,65
d05188,machine_learning,16,15,21,15,15,22,26,9,3,1,0,2,1,2,0,0,2,1,0,2,0,0,1,0,0,0,0,1,1,2,1,0,34,28,33,24,28,26,34,29
d05189,football,5,9,5,2,8,3,5,4,7,5,7,8,4,3,10,1,6,7,2,5,6,7,5,5,98,83,95,98,101,96,92,104,169,168,171,172,157,180,133,149
d05190,cooking,0,0,0,0,0,0,0,1,11,4,9,6,10,6,5,6,1,0,0,0,0,1,0,0,1,0,0,1,0,1,0,0,17,8,12,15,10,5,7,9
d05191,astronomy,0,0,0,0,0,0,1,0,0,0,0,1,0,0,0,0,3,5,3,4,5,8,3,5,0,0,1,2,0,0,0,0,5,7,8,7,6,7,3,12
d05192,football,2,1,1,0,0,2,1,0,1,2,1,1,1,2,0,4,0,3,3,2,2,5,2,3,41,39,47,32,38,37,49,38,63,53,65,79,62,77,49,80
d05193,machine_learning,6,7,8,11,8,9,9,6,1,1,2,0,0,0,0,0,1,1,1,0,0,0,2,0,0,2,0,0,0,0,0,0,18,12,9,11,20,11,10,15
d05194,cooking,1,1,2,0,0,1,0,0,10,8,17,14,8,10,9,14,1,1,0,0,3,1,0,0,3,0,1,1,1,1,0,3,25,17,14,18,16,12,11,22
d05195,cooking,0,0,0,0,1,0,1,0,7,16,9,4,9,11,3,13,0,1,0,1,0,0,0,1,1,1,0,0,0,1,1,0,19,16,15,13,11,16,10,12
d05196,astronomy,1,0,0,2,2,1,0,1,1,2,3,0,1,0,0,1,26,29,26,27,28,21,24,26,1,3,1,1,0,2,1,0,33,35,40,36,47,36,55,46
d05197,football,2,0,0,3,0,0,3,0,1,0,2,0,0,0,0,0,0,0,0,0,1,2,0,1,7,5,12,9,14,18,12,13,21,15,14,17,21,18,22,17
d05198,astronomy,2,2,2,2,0,0,2,1,3,2,0,3,1,5,3,0,43,30,38,51,39,49,37,40,1,1,0,0,0,2,3,4,57,72,60,65,56,62,54,45
d05199,football,0,1,0,0,0,0,0,0,0,0,0,0,0,0,0,0,0,0,0,0,0,1,0,0,3,4,3,5,3,1,3,0,4,3,5,6,5,7,7,3
d05200,astronomy,1,0,2,1,1,1,2,2,0,3,1,2,0,0,1,3,34,37,33,30,27,30,24,24,1,3,2,4,1,0,2,3,56,61,53,42,55,40,55,51
d05201,astronomy,0,0,0,0,0,0,0,0,0,0,0,0,0,0,1,0,3,4,5,8,3,8,7,5,1,0,2,0,0,0,0,0,4,11,8,5,12,4,5,6
d05202,football,0,0,0,1,0,2,1,1,1,0,1,1,0,3,0,0,0,2,0,1,0,0,2,1,17,19,26,26,20,26,16,10,33,29,31,21,37,28,20,33
d05203,football,0,0,1,0,0,0,0,0,0,0,0,0,0,0,0,1,0,1,0,0,0,0,0,0,7,4,10,9,4,10,3,9,5,16,10,5,6,9,3,10
d05204,machine_learning,4,12,11,11,7,10,12,5,0,0,1,1,0,0,0,1,2,0,0,0,0,0,0,1,0,0,0,0,1,2,0,0,15,12,14,10,10,15,13,18
d05205,machine_learning,15,14,14,12,21,14,15,18,1,1,1,3,0,2,0,0,0,0,0,3,1,0,0,2,1,0,0,0,2,0,1,0,26,29,31,33,26,34,28,24
d05206,football,0,2,0,0,0,0,0,1,1,1,0,0,0,0,0,0,0,0,0,1,0,0,0,1,10,10,2,6,5,4,6,7,12,10,11,9,11,13,10,8
d05207,astronomy,1,0,2,0,0,0,0,0,1,1,1,3,0,1,3,3,21,19,20,21,18,28,19,26,0,1,3,3,0,3,2,3,41,31,42,30,46,31,28,32
d05208,football,1,1,0,1,0,0,0,1,2,0,1,2,1,1,1,1,0,0,0,0,2,1,0,0,12,17,14,7,15,20,8,16,21,24,22,30,24,31,21,22
d05209,football,2,2,2,2,4,1,6,1,4,3,4,1,4,3,0,0,0,1,4,4,3,0,2,0,42,39,34,31,24,32,40,34,64,41,61,59,60,74,48,57
d05210,football,1,2,2,2,4,1,3,3,2,4,5,3,0,3,2,1,4,4,4,0,0,2,6,4,70,61,58,46,52,64,57,56,91,100,98,100,93,104,95,93
d05211,astronomy,1,0,2,0,1,0,0,2,0,1,0,1,1,2,1,1,10,13,7,17,16,13,19,19,0,1,0,1,1,0,0,0,19,14,27,18,24,18,12,32
d05212,astronomy,2,0,0,2,2,1,2,3,1,0,1,0,0,0,0,2,24,22,23,20,28,27,23,27,1,1,1,0,2,3,3,1,27,43,30,25,46,35,37,39
d05213,football,0,0,0,0,0,0,1,0,0,0,0,0,0,0,0,0,0,0,0,0,0,0,0,0,5,8,2,5,2,3,7,5,5,5,8,5,5,2,6,8
d05214,astronomy,0,0,0,1,0,1,1,0,0,0,0,0,0,1,0,1,11,9,18,15,12,13,14,19,2,1,0,0,0,0,1,0,24,24,25,23,18,26,30,25
d05215,football,2,1,0,0,2,0,0,1,1,0,1,2,1,2,1,1,0,0,1,1,2,1,0,2,19,12,20,22,32,17,28,24,34,43,43,31,28,32,43,32
d05216,machine_learning,3,3,2,1,1,7,2,4,0,0,0,1,0,0,0,2,0,0,0,0,0,0,0,0,0,1,0,0,0,1,0,0,3,6,5,5,7,8,7,6
d05217,cooking,1,1,0,1,0,1,0,0,3,5,11,7,6,3,10,5,1,0,2,0,0,0,2,1,0,1,0,0,0,0,0,0,8,5,12,14,10,10,10,13
d05218,astronomy,0,2,1,2,1,1,1,0,2,1,3,1,3,0,2,3,29,23,21,29,33,18,18,30,2,2,2,1,1,2,2,1,48,48,53,41,42,44,37,43
d05219,cooking,1,1,2,1,0,1,1,0,7,7,8,9,12,11,6,8,0,0,0,1,0,1,1,1,0,0,2,0,1,0,0,0,12,17,18,15,13,15,17,9
d05220,football,2,0,2,2,0,0,1,0,1,1,1,1,3,2,0,0,0,2,0,2,1,0,2,0,11,10,16,14,18,10,9,10,22,24,23,18,30,29,30,34
d05221,cooking,0,1,0,0,0,0,0,0,9,4,9,5,2,9,7,6,0,0,0,0,0,1,1,0,0,0,0,0,0,0,0,0,8,12,7,10,12,10,10,8
d05222,machine_learning,34,29,29,27,46,34,36,31,1,1,2,0,0,2,0,4,1,1,1,4,2,2,3,3,2,0,3,1,0,1,0,1,41,46,63,58,49,64,58,58
d05223,cooking,0,0,0,0,0,0,0,0,5,9,10,11,9,6,10,6,0,0,2,0,0,0,0,0,0,1,0,0,0,1,0,0,12,15,19,14,12,11,13,12
d05224,astronomy,0,0,0,1,0,0,0,2,1,0,0,0,0,0,0,0,6,6,8,9,5,11,9,8,0,1,0,0,0,0,0,1,12,15,11,16,13,11,13,15
d05225,cooking,0,0,0,1,0,0,1,0,4,6,3,4,5,4,6,10,0,0,1,0,0,0,1,1,0,0,0,0,0,0,0,0,10,9,17,7,20,7,13,12
d05226,cooking,0,0,0,1,0,0,0,0,9,8,4,6,7,7,7,3,0,1,0,0,0,1,0,0,2,0,0,0,0,0,0,0,13,9,10,13,8,5,7,8
d05227,cooking,0,1,0,1,0,1,0,0,11,8,12,6,13,11,16,13,1,0,0,1,0,0,0,0,0,0,1,0,0,1,0,0,12,22,18,17,19,21,11,19
d05228,astronomy,1,0,2,1,0,0,0,0,0,0,0,0,0,1,0,0,9,11,13,14,13,8,19,14,0,0,0,0,1,0,0,0,32,22,28,10,17,15,17,20
d05229,astronomy,0,0,2,2,1,2,0,0,1,0,1,1,1,1,0,0,22,23,25,41,28,25,38,31,1,1,1,3,1,0,1,0,51,25,47,33,50,40,54,40
d05230,cooking,0,0,2,1,1,0,0,0,10,11,8,7,8,9,11,18,0,0,0,1,0,1,0,0,0,0,0,1,0,0,2,0,12,16,20,10,16,12,14,15
d05231,astronomy,0,2,2,2,0,0,3,2,1,0,1,2,1,1,0,0,22,24,36,26,26,25,23,22,1,2,1,1,2,1,0,2,43,39,46,38,39,38,43,40
d05232,cooking,0,1,1,0,0,0,0,0,7,10,7,4,6,7,7,6,0,0,0,0,0,1,0,0,0,0,0,0,0,0,1,1,3,10,18,13,11,8,3,6
d05233,machine_learning,5,5,0,4,6,4,5,5,0,0,1,0,0,0,0,0,0,0,0,0,1,0,0,0,0,0,0,0,0,0,0,1,5,9,5,3,8,10,5,9
d05234,cooking,0,0,0,1,1,0,2,0,10,16,9,15,14,13,10,11,0,3,0,1,0,1,1,1,0,0,0,0,0,0,1,1,17,23,17,24,19,18,18,22
d05235,cooking,1,0,0,0,0,0,0,0,12,15,14,13,14,19,16,11,0,1,1,0,1,0,1,0,0,0,0,0,0,2,0,0,20,27,26,22,25,25,31,20
d05236,football,0,1,1,0,0,0,1,0,0,0,0,1,0,1,1,0,0,0,0,1,0,0,0,1,4,5,4,5,7,3,3,4,7,5,7,10,4,8,10,13
d05237,football,1,0,0,1,1,0,3,1,0,0,0,0,1,0,1,0,1,0,0,0,0,2,1,0,20,13,12,9,15,13,11,14,29,17,15,26,23,22,23,18
d05238,cooking,0,0,1,0,1,0,0,1,17,11,18,14,12,10,9,9,1,0,1,1,0,2,0,1,0,1,0,1,1,3,0,0,17,21,19,24,15,17,27,17
d05239,cooking,0,0,0,1,1,0,0,0,5,5,2,4,0,2,4,4,1,0,0,0,0,0,0,0,0,0,1,0,0,0,0,0,6,6,6,4,6,5,6,8
d05240,football,0,1,1,4,2,2,4,1,0,4,4,2,2,0,1,0,1,4,0,1,2,3,1,1,22,26,24,32,25,32,22,26,50,42,49,49,45,35,48,42
d05241,cooking,2,1,1,0,0,1,0,0,14,16,16,16,16,20,15,19,0,0,1,2,0,1,1,0,1,1,2,2,1,1,0,0,25,19,21,29,27,24,30,32
d05242,football,1,1,2,0,0,0,0,0,0,0,1,1,1,1,0,0,1,0,0,1,0,0,1,0,10,11,9,10,10,17,17,12,17,21,25,14,22,27,19,14
d05243,machine_learning,6,9,6,9,7,2,5,6,0,0,0,0,0,0,0,0,1,0,0,0,0,0,1,1,0,0,1,0,0,0,0,0,8,9,8,8,10,10,11,9
d05244,machine_learning,6,7,9,5,7,9,7,7,1,0,0,0,0,1,0,0,0,1,0,0,0,0,2,0,2,0,0,0,0,0,0,0,12,17,12,9,14,13,19,10
d05245,machine_learning,27,21,21,21,31,21,26,35,2,3,1,2,1,0,5,0,0,5,1,1,1,1,1,3,0,2,1,0,1,2,1,0,44,47,37,31,42,37,48,32
d05246,football,0,0,0,0,0,0,0,0,0,0,0,0,0,0,0,0,1,0,1,0,0,1,0,1,7,8,3,6,9,6,2,5,6,9,15,8,14,10,8,8
d05247,football,0,0,0,0,0,0,0,2,1,2,3,2,0,1,2,0,2,0,0,1,0,0,2,1,14,17,21,16,19,17,18,24,19,28,27,29,35,27,28,22
d05248,cooking,2,2,3,3,1,0,2,2,41,41,50,54,59,52,65,62,5,2,4,4,2,5,6,4,1,1,4,2,3,1,3,1,89,94,91,89,80,88,81,94
d05249,machine_learning,5,10,4,7,3,9,6,8,0,0,0,0,0,0,0,1,1,0,0,0,0,0,0,0,0,2,0,0,0,1,2,0,19,17,18,11,9,15,13,15
d05250,machine_learning,5,3,2,3,2,3,7,3,1,0,0,1,0,1,1,0,0,0,0,0,0,2,1,0,0,0,0,0,0,0,0,0,2,10,11,6,5,7,12,8
d05251,football,0,0,1,0,1,1,1,0,1,0,0,0,0,1,1,0,0,0,0,0,0,1,0,0,9,8,5,5,8,4,6,8,9,13,17,11,12,12,10,8
d05252,cooking,3,3,3,3,2,3,1,4,59,71,63,58,55,61,72,75,2,0,1,3,4,3,5,4,2,6,5,0,1,0,3,3,94,99,90,114,110,76,82,85
d05253,football,2,1,1,2,1,2,0,1,0,0,2,1,1,1,0,1,0,0,2,2,2,0,1,2,23,21,22,25,23,22,25,19,34,44,37,32,32,30,36,40
d05254,astronomy,1,0,1,0,0,0,0,1,1,1,0,0,1,0,1,0,10,7,6,10,9,5,3,13,0,0,0,1,0,0,0,1,16,6,15,11,13,10,12,13
d05255,astronomy,4,5,1,1,9,3,2,3,3,3,1,4,3,0,5,5,79,65,72,75,68,65,72,75,3,3,3,2,3,2,2,1,125,110,102,107,94,116,111,111
d05256,machine_learning,41,43,38,43,38,41,37,40,2,0,2,2,4,3,1,4,2,1,3,0,6,1,0,2,3,4,1,2,1,2,1,1,43,61,65,46,70,68,56,50
d05257,astronomy,0,0,0,0,2,0,1,1,0,0,0,0,0,0,0,0,6,6,8,8,10,6,7,6,0,0,1,0,0,0,0,0,8,10,11,10,7,9,7,10
d05258,astronomy,4,3,2,0,1,2,1,2,2,2,1,1,1,0,2,2,42,34,32,41,29,33,26,29,3,0,3,2,3,1,1,2,45,56,55,48,61,57,48,53
d05259,machine_learning,59,57,70,55,73,69,68,71,3,7,9,3,2,7,3,2,3,3,3,2,3,3,4,2,0,2,7,6,4,5,5,2,99,124,100,106,121,102,104,118
d05260,machine_learning,23,29,22,20,20,17,24,27,0,1,3,1,3,0,2,0,2,1,1,0,2,1,0,2,1,0,0,1,0,1,1,2,51,41,31,44,43,30,37,40
d05261,cooking,1,0,2,0,0,0,0,0,9,11,10,7,10,7,8,6,0,1,1,1,0,0,0,0,0,2,1,0,0,0,1,0,8,15,12,12,13,13,18,11
d05262,machine_learning,23,25,25,33,15,29,24,32,2,1,0,1,1,1,0,2,3,3,1,1,3,1,1,0,5,4,1,0,1,2,2,1,48,48,38,31,44,46,49,53
d05263,astronomy,1,2,0,0,3,1,0,2,1,0,2,1,1,1,2,0,28,30,24,22,33,35,20,28,1,0,2,2,1,1,4,2,40,46,41,49,53,30,42,45
d05264,cooking,1,1,2,1,2,1,3,2,40,51,47,44,37,53,49,46,2,5,1,3,1,1,3,1,3,2,4,0,1,3,6,1,73,81,75,73,78,75,78,69
d05265,astronomy,0,0,0,1,0,0,0,0,3,1,0,0,0,0,2,0,8,9,12,3,12,5,9,7,1,0,1,1,0,0,1,0,12,15,12,13,16,20,16,17
d05266,astronomy,0,2,0,2,2,1,0,0,4,2,0,1,1,2,0,2,32,23,20,26,29,25,26,24,1,0,1,2,0,2,3,1,40,52,48,48,41,31,46,48
d05267,machine_learning,11,10,14,13,12,10,8,13,0,2,0,0,0,0,0,0,0,1,0,2,0,2,0,1,0,1,0,1,1,0,0,0,13,21,12,24,18,19,8,18
d05268,astronomy,1,0,0,0,0,0,0,1,0,0,1,1,0,2,0,0,9,7,2,4,7,9,9,3,0,1,0,0,3,2,0,0,13,18,14,12,11,14,14,9
d05269,astronomy,2,2,2,1,0,0,1,1,1,2,1,0,0,1,0,0,12,22,12,10,8,8,11,9,1,3,0,0,0,0,3,1,22,17,20,15,14,23,16,16
d05270,astronomy,3,0,0,0,2,0,0,1,1,0,2,2,1,2,0,1,28,9,12,20,12,13,20,21,1,0,0,2,3,0,0,0,28,26,25,31,18,31,35,19
d05271,machine_learning,5,5,11,10,6,7,7,6,0,0,0,0,1,0,0,1,1,0,1,0,1,1,0,0,0,1,0,0,0,0,0,1,8,8,9,4,8,5,7,8
d05272,football,0,1,1,0,1,0,1,0,2,1,2,0,1,0,1,0,1,1,0,1,0,2,3,2,17,9,14,14,15,8,18,15,15,22,21,25,29,29,26,29
d05273,astronomy,1,1,0,3,0,0,0,1,0,0,1,0,0,1,0,0,5,1,2,8,5,5,3,4,0,0,0,0,0,0,0,0,5,7,5,5,10,9,12,9
d05274,astronomy,1,0,0,1,1,1,1,1,0,1,1,2,1,1,0,4,15,21,16,10,16,18,22,15,0,0,1,1,0,1,1,0,16,25,27,20,18,25,26,28
d05275,machine_learning,10,12,17,17,16,14,11,9,1,2,0,0,1,0,0,0,0,1,1,2,2,0,1,1,0,2,0,2,1,0,1,2,21,22,21,22,20,21,25,18
d05276,machine_learning,46,40,48,49,62,46,48,48,2,1,1,3,2,1,1,4,3,2,3,3,3,3,2,4,2,1,2,2,2,0,2,2,79,81,81,80,79,78,69,81
d05277,cooking,1,0,1,3,0,0,1,2,8,7,10,13,18,15,18,15,1,0,1,0,0,0,2,1,0,0,2,0,1,0,0,0,18,25,23,14,20,23,25,20
d05278,football,2,1,1,3,0,0,4,4,0,3,1,0,1,1,1,2,1,2,2,1,1,0,5,2,30,42,36,23,32,27,33,28,53,53,57,49,51,38,55,57
d05279,machine_learning,9,12,14,10,12,15,12,9,0,0,0,0,1,0,1,2,1,0,0,0,0,1,1,1,0,0,0,0,0,1,1,0,24,21,14,14,12,23,10,16
d05280,football,5,3,7,4,1,6,2,2,3,3,7,4,6,5,2,1,2,3,4,4,1,4,1,2,57,79,83,61,65,72,71,83,115,125,115,140,139,117,114,111
d05281,astronomy,0,0,1,1,0,0,0,0,1,0,0,0,1,0,1,0,9,6,8,9,6,9,7,4,1,0,0,0,2,0,0,0,13,11,14,11,11,11,15,13
d05282,cooking,0,2,0,0,0,0,0,0,12,13,20,16,18,13,13,13,1,1,0,0,0,0,0,1,0,0,0,1,2,2,1,2,27,25,14,30,30,24,25,29
d05283,cooking,4,2,6,3,3,4,2,3,53,47,50,60,58,46,56,63,4,4,7,2,2,3,2,2,5,2,7,1,2,3,3,4,104,97,107,82,106,76,93,90
d05284,astronomy,1,2,0,1,0,0,0,0,0,1,2,2,1,2,0,2,13,11,10,13,20,12,13,13,0,2,0,1,0,0,0,0,23,28,21,22,19,24,20,23
d05285,cooking,1,1,4,1,1,1,2,2,22,30,28,17,30,33,23,38,3,0,3,2,1,3,1,0,1,2,1,1,2,0,1,2,41,49,50,51,60,42,43,54
d05286,astronomy,0,0,0,0,0,0,0,0,0,0,1,0,0,0,0,3,7,7,6,3,6,3,12,2,0,0,0,0,0,0,0,0,10,12,8,13,13,11,12,5
d05287,astronomy,0,0,0,0,0,0,0,2,0,1,0,1,1,0,2,1,9,9,6,10,3,6,1,7,0,1,0,1,0,0,0,0,13,11,8,3,11,7,10,11
d05288,machine_learning,11,5,4,3,11,11,12,7,0,1,1,1,1,0,0,0,0,0,0,1,0,0,1,0,0,0,0,0,1,1,0,0,18,11,19,13,22,16,15,13
d05289,cooking,1,0,0,0,1,0,1,0,11,14,20,12,16,11,15,21,0,0,2,1,1,0,1,3,0,0,1,0,1,1,0,0,19,24,24,28,24,37,28,32
d05290,cooking,0,0,1,0,2,0,1,0,11,10,6,5,10,3,8,3,0,0,1,0,1,0,0,1,1,0,0,1,1,0,0,2,12,14,10,10,16,12,12,14
d05291,cooking,0,0,0,0,0,0,1,1,4,3,6,9,4,5,3,7,0,0,1,0,0,0,0,0,2,0,1,0,0,1,0,0,12,10,3,14,9,11,13,12
d05292,astronomy,0,1,1,0,0,0,0,0,0,1,0,0,0,0,0,1,3,6,8,6,3,2,9,7,1,0,0,0,0,0,0,0,7,7,11,6,10,7,16,4
d05293,football,0,0,0,0,0,0,1,0,0,0,0,1,1,0,0,1,1,0,2,1,0,0,0,1,6,2,5,9,1,9,6,12,14,10,18,8,11,6,10,15
d05294,cooking,0,0,1,1,0,0,0,0,5,6,5,7,6,5,3,5,0,0,0,0,0,0,0,0,0,0,0,1,1,1,1,1,6,15,12,14,12,16,14,10
d05295,cooking,1,0,0,0,1,0,3,0,16,10,10,7,8,9,15,8,0,1,1,0,0,1,0,0,0,1,0,1,1,1,1,0,25,16,21,20,15,22,19,21
d05296,astronomy,2,0,0,1,0,3,3,1,0,0,1,0,0,0,2,1,12,12,9,8,13,18,11,12,1,0,0,0,0,0,0,0,16,11,18,12,18,17,18,14
d05297,football,0,0,0,0,0,0,0,0,0,0,0,1,0,0,0,0,1,0,0,0,1,0,1,0,6,10,8,6,5,6,5,6,9,14,17,19,11,12,14,5
d05298,cooking,4,5,3,1,3,2,3,2,55,61,60,70,50,82,66,43,4,6,3,5,4,3,3,1,7,1,0,3,2,0,2,3,109,95,87,102,84,102,101,83
d05299,astronomy,1,2,0,1,1,2,0,1,1,0,1,3,0,0,0,0,10,20,23,16,19,24,22,16,1,0,2,1,4,2,1,1,31,23,39,34,29,27,29,30
d05300,machine_learning,18,18,24,21,9,22,14,14,1,2,0,0,0,0,0,1,1,0,1,2,1,1,1,0,1,1,1,1,1,2,0,0,27,23,28,20,24,27,24,24
d05301,machine_learning,13,13,10,7,11,8,12,11,0,0,1,0,1,0,0,0,0,1,1,0,0,1,0,0,1,0,0,1,0,2,1,1,22,23,15,17,15,12,13,15
d05302,cooking,0,1,1,0,0,0,0,0,4,5,5,5,7,6,5,4,0,0,0,1,1,0,0,0,0,1,0,0,1,0,1,0,14,12,10,8,13,8,6,8
d05303,astronomy,0,1,1,2,0,1,1,0,0,0,1,1,0,0,1,0,15,14,14,12,17,7,13,14,4,2,0,0,0,1,0,0,28,23,22,19,26,36,13,20
d05304,football,1,2,2,1,1,2,1,0,0,2,2,3,2,1,2,1,2,2,0,2,3,1,3,2,30,34,37,32,24,21,21,25,61,55,41,42,52,42,35,51
d05305,cooking,0,0,0,0,1,0,0,0,4,9,1,1,1,4,5,4,0,0,0,0,1,0,0,0,0,1,0,0,1,0,0,0,5,4,5,7,4,5,4,9
d05306,football,0,2,1,0,3,0,1,0,2,1,2,0,3,2,4,1,1,3,3,1,1,3,0,0,46,43,40,34,31,31,37,35,48,59,51,56,64,57,54,53
d05307,cooking,1,0,1,1,0,1,0,1,8,11,7,8,8,7,13,5,1,0,0,1,1,1,0,7,0,1,2,3,1,1,1,0,13,12,15,8,18,13,17,19
d05308,machine_learning,69,64,77,75,67,65,89,81,4,2,3,0,3,4,5,2,0,3,2,4,6,2,6,5,1,5,6,0,3,5,9,6,102,117,127,138,113,115,110,109
d05309,machine_learning,15,16,11,13,22,11,17,10,2,0,1,0,0,2,0,0,0,0,0,0,0,0,1,0,0,0,0,1,0,0,1,0,20,18,22,21,26,16,17,16
d05310,football,0,0,0,0,0,0,0,0,0,0,0,0,3,0,0,0,0,0,0,0,0,2,2,0,8,9,11,5,11,9,6,8,17,12,10,12,14,13,15,14
d05311,football,2,0,1,0,1,0,0,1,3,0,2,2,0,1,0,2,1,0,2,1,2,0,0,0,3,11,8,9,12,10,11,15,16,19,26,20,27,22,18,18
d05312,football,0,0,2,0,0,2,0,1,2,0,1,0,1,0,0,0,1,0,0,0,0,0,1,0,6,2,12,7,14,5,12,6,21,16,16,21,16,14,14,25
d05313,astronomy,0,2,0,0,1,0,0,0,0,0,1,1,1,0,0,0,3,3,5,13,1,3,2,5,0,0,0,0,0,0,0,0,5,13,5,11,11,6,4,7
d05314,machine_learning,10,15,13,16,19,16,13,16,0,0,0,0,0,1,0,0,2,1,1,0,1,2,1,0,0,2,2,2,1,1,1,1,35,35,30,32,22,23,30,19
d05315,astronomy,0,2,2,1,0,4,2,1,4,1,1,1,0,3,1,0,43,39,51,52,60,47,45,42,4,2,2,1,1,4,3,2,76,70,69,69,57,77,74,71
d05316,football,1,1,1,2,1,1,2,3,1,0,2,0,4,1,1,0,2,1,0,2,3,0,0,3,15,31,21,27,16,22,30,16,38,29,48,40,38,34,56,34
d05317,football,4,1,0,5,0,1,1,0,2,0,1,0,0,1,3,2,3,1,2,2,1,1,0,1,20,20,16,25,17,21,31,23,23,25,28,25,28,25,29,32
d05318,astronomy,1,0,0,2,0,1,0,0,0,1,0,1,0,0,0,0,12,9,17,20,11,8,10,11,0,0,1,1,2,1,2,0,18,35,13,25,19,22,15,17
d05319,machine_learning,11,16,17,12,22,10,12,15,1,0,1,1,1,0,0,0,0,0,0,0,0,1,1,0,0,0,1,2,2,2,1,0,30,14,19,23,20,18,32,21
d05320,machine_learning,50,50,28,36,43,37,54,52,3,2,0,2,0,1,3,2,5,6,3,4,1,3,1,2,1,2,0,2,1,2,1,1,78,70,63,54,80,66,75,63
d05321,machine_learning,17,15,17,10,11,16,14,16,1,2,1,0,0,1,1,2,0,2,0,1,2,0,0,0,0,0,0,1,0,2,0,2,28,26,19,25,21,15,25,24
d05322,football,2,4,2,5,2,1,1,1,2,2,2,4,2,3,1,1,2,1,1,2,0,2,2,4,35,35,39,33,39,40,30,47,54,62,55,70,43,56,69,52
d05323,football,0,0,1,1,2,0,1,0,0,0,0,2,1,1,0,3,1,1,0,1,0,0,1,1,18,19,24,18,21,15,19,14,37,40,27,36,30,33,43,28
d05324,astronomy,1,0,1,0,0,0,0,0,1,0,0,1,0,0,0,0,10,7,16,10,12,11,17,9,0,1,0,1,1,0,0,0,14,17,13,15,26,25,19,20
d05325,machine_learning,5,7,11,11,11,9,6,9,0,0,0,0,0,0,1,1,0,0,0,0,0,0,1,1,0,1,0,0,0,1,0,0,25,18,14,17,16,12,13,11
d05326,football,1,0,0,0,0,0,0,1,1,0,1,0,1,0,2,0,0,1,0,3,1,1,0,0,13,18,21,14,19,19,14,15,25,27,22,27,20,25,29,27
d05327,machine_learning,9,11,9,20,9,12,18,12,2,0,1,1,0,0,1,0,0,0,2,0,2,0,1,1,0,3,0,0,1,1,0,2,20,21,20,15,20,16,14,20
d05328,astronomy,0,0,0,0,0,0,0,0,0,0,0,0,0,0,1,0,3,6,2,12,9,6,10,4,0,0,0,0,1,2,0,0,9,9,10,8,12,11,15,7
d05329,astronomy,0,0,0,0,0,0,1,2,0,0,1,0,0,1,0,1,6,10,8,5,9,3,9,5,0,0,0,0,0,0,1,1,10,15,10,6,9,7,9,10
d05330,cooking,0,0,1,0,0,0,0,0,11,16,11,18,16,7,13,14,1,0,0,2,1,0,1,0,1,0,1,0,1,1,1,1,21,12,19,17,20,18,18,21
d05331,cooking,0,0,3,1,0,0,1,1,8,11,7,14,12,18,12,9,0,0,1,0,1,1,1,0,0,0,2,1,1,2,1,0,24,22,15,24,20,12,19,20
d05332,football,1,0,2,0,1,2,1,0,2,1,1,1,1,1,0,3,1,2,0,0,3,0,1,0,34,25,27,32,34,31,23,27,56,50,60,57,49,44,66,46
d05333,machine_learning,32,38,30,24,22,28,25,22,0,3,0,1,2,1,1,1,0,2,2,1,2,1,3,1,1,0,2,2,2,0,2,1,48,48,40,30,47,48,42,50
d05334,machine_learning,21,16,11,11,14,13,18,15,1,0,0,2,3,1,0,0,0,0,0,1,0,0,0,0,1,0,1,1,0,0,1,2,20,19,25,20,21,23,23,20
d05335,astronomy,1,2,0,1,2,3,4,3,0,1,2,1,3,0,3,3,48,27,31,36,38,40,45,51,3,3,2,2,4,1,1,1,71,65,69,66,66,53,61,72
d05336,football,0,0,0,3,0,2,0,2,2,1,3,1,0,2,2,0,0,1,3,1,0,4,0,2,29,21,35,31,34,30,21,39,39,37,52,36,55,61,37,51
d05337,football,1,0,0,0,1,0,2,0,0,0,0,0,2,1,0,0,0,2,0,1,1,0,1,1,14,10,14,21,16,18,9,10,14,19,23,16,26,23,22,18
d05338,football,0,0,1,1,0,0,0,0,0,0,1,0,0,0,0,0,0,0,0,0,0,0,0,0,5,2,3,4,6,8,3,2,6,9,12,4,10,8,12,8
d05339,football,1,0,0,0,0,0,1,0,3,0,1,2,3,0,0,1,1,2,1,1,0,3,1,1,20,28,14,19,14,17,22,20,37,25,22,20,24,26,24,21
d05340,cooking,1,1,0,0,0,0,1,1,22,18,11,14,9,18,11,18,0,0,0,1,2,1,1,4,1,0,0,2,2,0,0,0,20,23,26,30,26,25,32,36
d05341,astronomy,1,0,1,0,0,0,2,0,0,0,1,0,1,0,0,0,5,5,5,8,4,7,5,7,1,2,1,0,0,0,1,0,8,12,10,13,11,17,16,10
d05342,astronomy,3,5,2,5,1,4,3,2,3,2,1,0,1,2,0,4,46,45,51,44,42,48,34,41,4,0,2,4,0,5,2,2,79,72,66,84,73,62,72,82
d05343,football,0,1,1,0,1,0,0,0,1,0,0,0,1,0,1,1,2,0,0,1,0,1,0,0,8,9,10,6,10,14,5,10,17,11,12,12,12,16,11,21
d05344,football,0,3,2,0,1,2,3,1,2,3,0,2,3,1,1,0,1,1,1,4,0,2,0,0,21,22,23,29,21,18,25,26,41,28,31,37,42,38,44,32
d05345,cooking,2,1,1,1,1,0,1,2,11,9,13,12,7,15,13,13,0,1,0,2,1,0,1,0,1,0,1,0,1,2,0,1,26,35,26,29,23,26,21,26
d05346,machine_learning,19,24,31,19,26,24,26,18,2,1,3,1,1,2,0,0,2,1,3,0,0,0,4,1,0,2,1,0,0,0,5,0,34,29,50,33,38,32,38,32
d05347,machine_learning,18,25,22,24,21,23,21,13,1,3,1,0,0,0,0,1,0,0,0,0,2,0,0,1,0,1,2,0,0,1,0,1,46,25,44,34,37,30,36,28
d05348,cooking,0,0,0,0,2,0,1,0,9,13,4,8,7,8,12,5,1,0,1,1,1,1,0,1,0,0,0,0,0,0,1,0,10,12,16,10,15,15,14,12
d05349,cooking,2,0,0,2,0,0,1,2,22,22,18,17,28,11,21,17,2,0,0,1,0,1,2,0,1,1,1,0,1,3,4,0,27,22,34,35,38,36,30,40
d05350,cooking,2,0,1,3,0,0,4,1,18,23,29,14,12,18,12,16,3,1,0,0,1,0,2,2,3,1,0,2,2,0,1,1,32,39,31,34,32,30,27,31
d05351,machine_learning,5,8,6,8,7,9,8,5,1,0,1,1,0,1,1,0,0,1,0,0,0,0,0,1,1,1,0,0,0,0,1,0,8,8,7,11,6,13,15,16
d05352,astronomy,0,0,0,0,0,1,0,1,1,0,0,2,0,0,1,2,11,9,11,10,8,7,13,10,0,2,1,1,0,1,0,0,20,17,20,22,19,25,12,17
d05353,machine_learning,11,9,4,9,6,8,8,8,2,1,0,1,0,1,0,0,0,0,0,0,0,0,0,0,1,0,0,0,0,0,0,0,10,7,13,15,19,12,17,16
d05354,football,0,1,0,0,0,0,1,1,3,0,0,1,1,1,0,1,0,1,0,0,0,1,1,0,16,18,26,19,15,17,12,20,32,28,32,23,23,32,25,24
d05355,football,4,1,0,0,2,1,1,1,1,1,1,1,0,1,4,1,0,1,0,1,2,2,4,2,19,13,16,28,20,20,24,23,37,34,37,41,27,27,35,43
d05356,cooking,1,0,1,0,0,0,0,0,2,6,3,8,4,4,12,9,0,0,0,0,0,0,0,0,0,0,0,0,0,0,0,0,8,6,11,9,9,15,8,9
d05357,machine_learning,21,15,18,10,16,22,9,20,1,1,0,0,2,0,2,0,1,1,2,2,1,1,0,0,1,0,0,0,1,1,0,2,34,34,26,29,20,26,26,27
d05358,machine_learning,23,24,17,24,12,19,24,22,0,1,0,1,1,0,2,1,0,2,1,0,1,0,1,1,1,0,2,2,0,0,0,0,24,24,19,36,30,29,29,28
d05359,machine_learning,30,34,21,35,41,33,27,38,1,3,1,1,0,2,0,0,0,3,4,1,0,3,1,0,1,1,3,0,2,2,2,2,52,56,60,44,48,60,54,58
d05360,football,1,0,0,1,1,1,1,0,1,0,0,0,0,2,2,1,0,0,2,2,4,0,0,0,22,18,22,21,21,18,20,20,28,35,34,28,42,32,25,41
d05361,cooking,0,0,0,2,0,2,0,1,11,8,10,8,9,7,5,12,0,3,0,0,0,0,1,1,0,1,2,1,0,1,1,0,16,11,10,18,7,6,10,12
d05362,cooking,0,0,0,0,0,0,1,0,4,5,1,2,5,7,2,3,0,1,0,0,0,0,0,0,0,0,0,1,0,0,0,0,8,7,10,7,6,5,5,8
d05363,machine_learning,13,16,11,16,13,19,19,12,0,0,2,0,1,1,2,0,0,0,2,0,1,0,0,1,0,0,0,0,1,0,1,0,16,19,22,18,24,27,16,14
d05364,cooking,3,0,0,2,1,0,2,0,9,12,13,7,7,9,8,18,0,1,0,1,1,0,1,0,0,2,1,1,0,0,0,0,18,19,20,15,23,20,21,13
d05365,machine_learning,30,30,38,27,29,32,27,25,0,2,0,1,3,1,1,0,4,1,2,0,0,0,4,3,1,2,3,0,0,1,0,0,50,45,38,47,61,58,54,56
d05366,machine_learning,13,13,15,11,13,19,10,13,0,1,0,0,0,1,0,0,2,0,0,1,0,0,0,0,0,1,0,0,0,1,1,0,21,22,13,29,20,22,20,22
d05367,astronomy,1,1,0,2,0,0,0,1,1,1,0,1,0,1,0,0,8,11,14,11,12,13,14,9,0,0,1,0,0,1,0,0,12,14,26,18,20,24,14,28
d05368,machine_learning,17,22,17,21,11,21,18,19,1,0,1,0,1,0,1,0,0,0,2,0,1,0,1,0,0,1,0,2,1,0,1,2,29,31,24,29,31,32,35,28
d05369,football,1,0,1,0,0,0,0,0,0,0,0,0,0,1,0,1,0,0,0,0,0,0,0,1,10,3,6,5,5,10,12,5,12,8,7,6,10,10,11,16
d05370,machine_learning,16,18,20,17,17,12,18,14,0,1,1,0,1,3,1,0,3,0,1,0,1,0,0,1,0,0,2,1,1,0,1,0,26,34,35,29,25,25,31,32
d05371,astronomy,0,0,1,0,1,1,0,0,1,1,1,0,0,0,0,0,5,7,2,5,8,3,6,6,0,1,0,1,0,0,0,0,4,14,2,9,6,5,2,5
d05372,machine_learning,8,5,7,7,5,9,5,15,0,0,1,0,2,1,1,1,1,1,0,1,0,0,0,0,0,0,0,0,1,0,0,0,12,6,15,12,11,17,18,16
d05373,football,1,1,2,0,0,0,0,1,0,1,0,1,1,0,0,1,0,0,2,0,1,0,0,2,14,18,12,11,22,7,8,15,23,23,30,20,28,26,20,29
d05374,astronomy,3,1,2,1,3,2,1,3,1,2,4,2,1,3,3,2,41,42,38,25,53,41,39,34,2,3,3,3,1,4,1,3,69,57,65,58,62,67,56,76
d05375,astronomy,0,2,0,1,1,0,1,0,3,1,0,1,1,2,1,0,11,10,13,13,13,17,8,13,0,2,2,0,0,1,0,0,17,19,16,22,12,25,25,28
d05376,machine_learning,14,8,12,10,6,8,9,5,1,0,0,1,0,0,0,1,0,0,1,0,2,1,0,0,0,0,0,0,0,0,1,0,16,14,14,14,15,13,9,16
d05377,astronomy,1,2,0,1,0,0,0,1,1,0,1,1,1,0,2,0,13,21,13,13,12,15,11,18,1,1,2,0,0,0,1,0,26,25,21,33,25,23,25,32
d05378,machine_learning,34,29,41,38,32,38,38,27,0,1,1,2,3,1,2,1,2,0,0,0,1,2,1,2,2,1,0,4,2,1,1,1,56,46,41,54,38,56,56,41
d05379,machine_learning,8,10,7,9,6,8,8,5,0,0,0,0,1,3,0,0,0,0,0,0,0,0,4,0,0,0,0,1,0,0,0,0,15,13,12,23,9,5,14,10
d05380,machine_learning,8,7,4,4,5,5,7,5,0,0,1,0,0,0,0,0,2,4,0,0,1,2,0,0,0,0,0,0,1,0,1,0,8,11,12,7,10,5,13,8
d05381,machine_learning,11,11,19,16,17,19,13,17,0,1,1,1,1,0,0,0,2,0,0,0,0,0,1,0,1,0,3,1,1,0,1,0,28,19,25,25,26,22,21,19
d05382,cooking,0,0,0,0,1,1,1,1,15,22,15,8,14,13,11,18,2,0,0,0,0,1,2,2,2,1,0,0,0,3,1,3,23,39,18,33,20,23,32,29
d05383,cooking,1,1,0,0,1,1,1,1,43,39,42,31,51,37,39,40,3,3,4,0,2,2,1,0,2,1,2,2,0,1,2,2,70,76,56,79,70,68,60,62
d05384,astronomy,0,1,0,1,1,2,1,1,0,1,2,0,1,0,0,0,23,17,16,14,17,14,13,31,1,0,1,1,0,3,2,0,34,26,33,34,25,34,28,27
d05385,machine_learning,83,107,90,109,95,100,97,101,6,3,3,10,4,5,8,8,4,6,4,1,3,3,5,6,8,5,8,5,5,3,7,6,157,174,161,145,150,168,184,166
d05386,football,0,0,1,0,1,1,1,0,1,0,0,1,0,0,0,1,0,0,0,0,2,0,0,0,10,10,12,10,12,7,11,16,18,24,16,16,20,12,21,22
d05387,astronomy,0,0,0,0,0,0,0,0,0,0,2,0,0,2,0,0,7,7,4,3,8,6,2,8,0,0,2,0,1,2,0,1,12,11,7,18,12,12,12,9
d05388,football,0,0,2,0,3,0,1,0,1,1,0,2,1,0,1,1,2,2,0,1,0,1,0,1,17,9,12,13,18,15,11,13,24,26,28,26,17,27,27,22
d05389,football,0,0,0,0,0,0,0,1,0,0,0,0,2,0,1,0,2,1,1,0,0,0,1,0,8,9,9,15,9,10,14,15,21,18,20,23,11,17,17,19
d05390,machine_learning,5,7,6,8,6,9,5,3,0,0,0,0,0,0,0,0,0,0,0,1,0,0,0,0,0,0,0,0,0,0,0,0,7,9,12,9,10,4,6,6
d05391,football,0,0,0,0,2,0,0,0,2,0,2,0,0,1,0,2,0,0,2,1,1,2,0,2,15,10,11,6,14,17,18,16,25,23,22,28,33,21,23,21
d05392,astronomy,0,2,2,0,4,0,3,0,3,2,1,2,2,2,0,1,15,27,30,20,31,24,25,27,1,0,1,2,0,0,0,0,28,43,45,32,31,44,32,39
d05393,football,0,0,1,0,0,0,0,0,0,0,1,0,0,0,0,0,0,0,0,0,0,0,0,0,7,4,8,5,5,8,3,4,7,9,9,13,8,14,8,7
d05394,astronomy,0,0,1,1,1,0,1,1,0,0,0,1,1,0,0,2,10,10,13,10,8,10,14,7,1,0,0,0,0,0,3,0,17,16,25,16,23,23,21,19
d05395,cooking,2,2,1,2,1,0,0,1,28,30,20,26,27,39,31,38,1,2,0,0,0,1,2,3,1,1,2,2,0,2,3,2,57,37,52,44,41,56,55,46
d05396,machine_learning,37,19,25,29,32,29,37,21,4,0,2,3,2,0,1,0,1,3,5,0,1,2,0,1,1,1,2,3,2,2,1,2,43,50,50,35,52,45,49,54
d05397,machine_learning,13,14,9,11,14,7,13,8,1,1,0,0,0,1,2,0,1,1,1,0,1,1,1,1,0,0,0,1,0,0,0,0,15,17,17,27,12,17,19,18
d05398,football,0,0,0,0,0,1,0,1,0,1,0,0,0,0,0,0,0,0,1,0,0,0,0,1,4,4,3,9,4,3,6,3,6,17,5,9,12,5,10,11
d05399,machine_learning,26,24,32,22,28,23,22,23,0,1,0,0,1,0,2,1,0,0,1,1,2,0,2,0,1,1,0,3,0,1,0,0,36,25,45,40,55,51,52,43
d05400,machine_learning,27,25,28,31,35,21,25,23,0,1,1,0,3,2,1,1,1,0,1,0,1,1,2,2,2,2,1,1,1,1,2,0,48,46,54,51,40,49,45,49
d05401,cooking,0,2,1,0,1,1,0,1,16,13,14,13,11,16,10,6,0,1,0,1,0,0,2,1,0,0,5,0,1,0,0,2,12,27,26,21,21,17,17,26
d05402,cooking,0,1,1,3,3,1,0,1,34,35,27,54,33,36,39,43,2,0,1,2,1,1,1,2,2,1,1,3,0,2,3,2,50,63,58,51,61,51,44,40
d05403,astronomy,0,1,1,2,1,2,0,0,1,1,2,3,2,0,1,2,26,21,17,21,18,19,20,16,1,0,0,1,0,0,0,0,35,34,23,28,32,31,26,41
d05404,football,1,2,1,1,3,1,2,2,1,2,3,3,3,2,6,4,0,5,1,2,3,2,3,2,51,40,32,37,59,36,35,49,82,84,69,88,71,84,73,77
d05405,machine_learning,13,17,12,22,16,17,11,18,0,0,1,1,1,2,0,1,0,1,0,2,0,0,0,0,1,0,0,1,0,2,0,1,23,30,26,28,30,21,41,31
d05406,astronomy,2,9,6,3,0,2,2,1,3,2,3,2,4,2,2,4,60,43,47,55,56,55,38,41,3,1,2,2,3,1,1,3,60,87,70,78,77,76,88,96
d05407,machine_learning,8,7,10,7,12,10,5,10,0,0,2,1,1,0,0,2,1,0,0,0,2,1,0,0,0,0,0,0,0,0,0,0,8,18,7,15,11,16,16,10
d05408,football,0,2,1,3,0,11,5,0,2,1,1,1,1,4,1,2,0,2,2,0,1,2,0,0,39,32,44,27,41,41,29,39,65,51,62,58,66,62,53,51
d05409,football,0,6,0,0,0,0,3,0,2,2,0,1,0,1,1,0,2,0,0,2,2,1,0,3,14,10,20,13,19,15,13,14,24,29,26,23,16,23,24,27
d05410,football,0,1,0,1,0,0,0,0,0,0,0,0,0,0,0,0,0,0,0,1,0,0,0,0,3,6,2,1,5,6,5,4,4,7,1,2,6,4,2,7
d05411,astronomy,0,0,1,1,1,1,0,0,2,0,0,0,2,0,1,0,11,8,13,8,10,10,8,9,0,0,0,0,0,0,2,0,14,15,19,7,21,11,12,18
d05412,football,1,0,0,0,0,0,0,2,0,0,1,2,0,2,1,0,1,2,1,0,0,0,0,0,7,6,7,14,7,5,5,11,19,15,13,16,14,16,16,19
d05413,astronomy,0,1,0,0,1,0,0,0,0,0,0,0,0,0,1,0,3,3,6,6,5,2,8,7,0,1,0,2,0,0,0,0,10,10,11,7,4,10,8,10
d05414,cooking,0,1,1,0,0,2,1,0,16,21,14,21,13,16,14,14,2,1,2,3,0,2,0,2,0,1,0,1,1,3,1,1,36,30,34,23,32,28,30,23
d05415,cooking,2,4,2,2,1,3,1,0,31,46,44,39,56,37,35,32,1,0,1,0,0,2,0,3,1,2,0,2,0,0,0,2,51,71,64,78,74,68,62,63
d05416,machine_learning,10,20,17,22,12,18,12,14,0,3,0,0,0,1,1,1,0,1,0,0,0,0,0,0,0,0,0,1,1,0,0,0,26,23,19,27,21,22,22,20
d05417,cooking,0,2,0,0,0,0,2,1,19,14,15,23,16,19,21,17,0,1,0,2,2,1,0,3,0,0,1,0,1,1,0,2,34,28,36,25,35,35,28,21
d05418,cooking,1,2,0,1,0,2,1,2,23,20,17,10,21,10,10,20,0,0,3,0,1,1,2,2,1,1,0,2,1,0,0,0,24,39,25,34,34,21,41,32
d05419,football,5,3,5,5,3,2,3,1,5,1,0,4,1,2,2,1,2,2,1,1,2,1,4,2,43,42,47,49,40,47,59,47,90,73,80,78,79,77,70,78
d05420,football,2,0,0,0,2,0,2,0,0,4,0,3,1,0,1,0,1,1,0,1,3,1,1,0,20,12,25,17,20,21,20,21,31,46,32,31,37,29,37,26
d05421,astronomy,2,0,7,7,3,4,3,4,1,3,5,2,5,4,2,1,42,52,36,42,55,58,62,47,1,1,2,3,2,2,2,8,84,92,91,84,87,91,80,80
d05422,machine_learning,16,18,20,16,19,16,20,12,1,1,2,1,1,4,0,0,0,0,0,0,1,1,2,1,2,0,1,0,2,1,2,2,39,30,33,29,30,39,27,27
d05423,cooking,0,0,0,0,1,0,0,0,2,10,9,11,8,10,8,6,0,0,2,0,0,0,0,0,0,1,1,0,0,1,0,2,7,10,11,12,17,13,11,7
d05424,football,0,0,0,0,1,0,1,1,1,1,0,1,0,0,0,0,1,0,0,1,1,0,0,1,7,5,6,9,12,11,9,14,12,9,8,8,5,15,9,13
d05425,machine_learning,4,2,5,3,3,5,1,2,0,0,0,0,0,0,0,0,1,0,0,0,1,0,0,1,0,0,0,0,0,1,0,0,6,9,12,9,6,5,7,5
d05426,astronomy,0,0,1,3,0,0,0,0,2,1,1,1,0,1,0,0,20,15,20,15,23,18,22,17,2,1,0,1,0,2,2,1,36,32,38,27,30,27,34,21
d05427,football,2,0,5,0,1,1,1,1,3,0,4,2,3,0,1,1,0,2,2,0,4,3,1,1,39,40,34,42,42,40,33,42,57,72,64,65,54,61,63,57
d05428,machine_learning,12,14,10,10,9,4,8,13,0,0,1,0,1,0,0,1,0,2,0,0,0,0,0,1,0,0,0,0,0,1,0,0,14,18,22,16,16,21,17,12
d05429,astronomy,1,0,0,1,1,1,0,0,0,0,0,0,0,0,0,0,10,9,8,7,8,12,12,14,2,1,0,0,0,1,1,0,14,20,15,20,17,10,15,10
d05430,machine_learning,6,0,1,5,4,6,1,3,0,0,0,1,0,0,0,0,0,0,0,1,0,0,0,0,0,0,0,0,0,1,0,0,10,5,6,10,8,3,10,5
d05431,cooking,0,0,0,0,1,4,3,1,28,13,18,30,21,17,15,14,2,0,1,0,0,1,1,3,1,2,0,0,1,1,0,1,34,34,23,24,33,25,24,39
d05432,machine_learning,4,8,11,7,10,5,13,12,0,0,1,0,0,0,0,0,0,1,0,2,1,1,0,0,0,0,0,0,1,1,1,0,10,10,6,9,19,15,14,13
d05433,astronomy,0,0,0,0,0,0,0,0,2,0,0,0,0,0,0,0,5,5,3,2,3,2,7,7,0,0,0,0,0,0,1,0,8,9,12,7,17,8,8,7
d05434,cooking,0,1,3,0,1,3,5,1,29,49,31,20,33,31,30,30,2,3,2,4,1,2,0,3,2,1,0,3,0,2,0,1,60,60,55,57,65,59,54,65
d05435,football,0,0,1,0,0,0,0,1,0,0,0,0,1,0,0,0,0,0,0,0,0,1,1,0,2,4,4,3,6,10,2,7,7,9,8,8,8,8,7,11
d05436,cooking,0,0,0,0,0,0,1,1,7,6,10,3,7,7,8,9,0,1,1,0,0,0,0,1,0,1,1,1,0,0,1,1,15,4,15,11,12,11,16,16
d05437,football,0,0,0,2,2,2,1,0,0,0,0,2,0,1,0,2,1,1,0,1,0,0,0,0,14,17,12,20,12,11,12,16,14,22,8,16,18,16,11,20
d05438,cooking,0,1,0,1,0,1,0,0,9,9,9,16,10,11,13,6,0,0,0,0,1,0,1,0,0,1,1,0,1,0,0,1,21,12,15,19,24,15,13,21
d05439,cooking,2,0,0,0,1,2,2,2,25,17,17,17,18,14,16,24,0,0,0,0,0,0,1,3,1,0,1,2,1,1,1,0,34,51,38,31,34,29,22,33
d05440,cooking,0,0,0,0,1,0,0,0,7,4,7,8,5,4,5,9,0,0,0,1,0,1,1,0,0,0,1,0,0,0,0,0,14,7,15,8,11,9,12,14
d05441,astronomy,1,1,0,0,1,2,0,0,0,0,1,0,2,1,0,0,5,5,8,7,6,6,5,4,0,1,0,0,0,2,0,0,8,12,14,9,10,13,6,10
d05442,astronomy,0,1,1,3,3,3,2,1,0,4,4,2,3,4,4,1,35,40,46,44,41,36,42,42,1,3,0,1,0,1,1,2,75,64,81,55,54,70,57,77
d05443,astronomy,0,0,1,0,0,0,0,0,0,0,0,0,0,0,0,0,6,6,2,6,5,4,4,5,0,0,0,1,0,0,0,0,5,7,9,8,7,9,14,9
d05444,astronomy,4,0,0,0,2,2,1,0,0,0,2,0,0,0,0,0,15,14,16,20,24,18,15,17,2,1,1,1,1,0,0,1,21,24,23,21,31,32,24,33
d05445,astronomy,0,1,1,1,0,1,0,1,4,3,1,2,0,0,3,1,29,25,25,27,26,27,30,34,1,0,1,2,1,0,3,0,52,43,40,40,40,53,46,53
d05446,machine_learning,22,17,24,16,29,26,24,19,3,0,1,1,3,0,1,1,1,1,1,0,0,1,1,2,0,1,0,1,1,0,1,0,46,30,43,30,35,32,47,36
d05447,cooking,2,0,1,0,1,0,0,0,6,11,9,16,12,14,10,13,0,0,1,2,0,0,1,0,0,1,0,1,2,0,0,2,19,18,19,16,22,16,17,11
d05448,football,0,1,1,2,0,1,0,1,1,0,2,0,3,1,1,1,1,0,2,0,2,1,0,2,34,40,41,25,27,36,28,36,59,67,57,66,52,67,53,49
d05449,astronomy,1,0,1,0,2,1,1,1,0,1,0,1,0,0,1,0,7,19,24,14,13,11,8,11,0,0,1,2,1,0,0,0,24,20,23,23,34,31,24,28
d05450,football,0,1,0,0,0,1,0,1,2,0,1,0,1,0,1,0,0,0,0,0,0,1,0,0,6,6,6,3,10,5,9,8,6,10,11,10,11,9,6,11
d05451,machine_learning,7,10,11,10,12,8,16,17,0,2,0,0,0,0,0,2,0,1,1,3,0,0,1,0,0,1,0,2,0,1,1,0,18,15,18,20,14,13,11,25
d05452,football,0,0,0,1,1,1,0,1,0,0,2,0,1,1,1,0,2,3,1,2,2,3,2,1,18,12,17,7,12,21,9,11,20,24,22,34,43,22,28,28
d05453,machine_learning,5,6,6,9,4,8,7,9,0,0,0,0,0,0,0,3,0,2,0,1,0,0,0,0,1,1,1,0,1,0,1,0,9,9,19,14,10,17,18,9
d05454,machine_learning,2,8,9,7,8,6,5,8,1,0,0,0,0,0,0,0,0,0,0,1,0,0,1,0,1,0,0,0,1,0,0,0,11,6,6,14,11,10,9,12
d05455,cooking,0,0,0,0,1,0,0,0,6,6,4,3,5,6,3,1,0,0,0,0,0,0,0,0,1,0,1,1,0,0,0,0,3,9,6,9,8,8,6,6
d05456,astronomy,0,3,1,0,0,0,1,2,0,1,2,0,0,1,0,3,13,22,13,20,20,13,24,15,0,1,1,1,1,1,0,1,29,27,15,28,24,40,38,33
d05457,football,0,0,0,0,0,0,0,0,0,0,0,1,0,0,1,0,1,0,0,1,0,0,0,0,7,8,8,14,13,10,11,11,18,19,19,20,16,25,17,13
d05458,astronomy,1,0,2,3,0,2,1,1,1,0,0,1,0,2,1,2,30,22,12,24,23,24,20,29,1,1,2,0,0,3,2,1,36,40,34,33,32,35,37,35
d05459,machine_learning,7,9,8,6,6,5,5,7,0,0,0,1,0,0,1,0,1,0,2,0,0,1,2,0,0,0,0,0,1,0,0,0,7,12,10,6,12,14,15,11
d05460,machine_learning,20,21,28,23,24,27,15,29,3,0,1,0,0,0,1,1,1,2,2,2,1,1,2,0,1,3,0,1,1,0,2,1,35,37,44,39,38,32,40,47
d05461,football,1,1,1,1,0,0,1,0,0,2,2,0,0,0,0,0,0,1,1,1,0,1,0,0,18,20,9,20,12,13,7,6,23,16,24,19,21,14,19,14
d05462,machine_learning,22,32,31,25,24,22,23,23,2,2,1,1,0,2,1,0,2,3,0,1,0,2,0,0,2,2,1,2,2,0,2,3,50,55,43,50,43,44,55,47
d05463,astronomy,0,2,3,1,1,0,0,1,0,1,0,0,0,1,0,0,15,11,8,9,6,15,7,6,0,0,1,0,0,2,0,1,12,12,20,26,12,8,14,14
d05464,football,1,0,0,2,3,0,1,2,2,2,1,0,1,2,0,1,2,0,0,0,1,1,1,0,20,19,20,16,16,22,22,19,37,35,38,40,36,29,31,20
d05465,astronomy,0,0,1,0,1,2,1,1,0,0,1,3,0,0,2,1,23,10,15,10,26,18,20,21,0,0,2,0,3,0,1,1,33,22,40,35,38,32,37,32
d05466,football,10,7,6,6,3,3,3,8,7,6,4,10,4,12,4,4,5,4,5,9,3,9,2,3,104,101,93,81,116,108,87,93,175,157,170,171,145,160,158,136
d05467,astronomy,0,0,0,2,0,2,1,0,0,0,2,1,0,1,3,0,20,12,16,9,15,12,16,10,0,0,0,1,0,1,1,1,19,26,25,23,31,29,31,23
d05468,astronomy,1,0,1,1,0,0,1,0,1,0,0,0,0,1,0,0,6,4,7,11,0,4,12,3,0,1,0,2,1,1,1,1,8,9,8,9,10,11,8,7
d05469,cooking,0,1,1,0,0,0,1,0,11,6,9,8,13,2,11,4,0,1,0,0,0,0,1,0,0,0,0,0,0,0,0,0,10,15,13,6,7,8,17,14
d05470,football,2,1,1,1,0,0,1,0,0,2,1,1,3,1,0,2,1,1,0,2,3,2,1,1,23,27,24,17,23,34,27,26,42,35,48,28,47,35,41,55
d05471,football,0,2,2,2,1,5,2,0,1,2,2,2,2,1,3,1,1,2,0,3,2,3,4,4,46,33,48,31,30,29,35,35,61,63,70,74,64,62,69,63
d05472,football,3,4,5,1,0,3,1,2,1,1,2,3,2,5,3,6,6,4,6,0,3,0,1,3,59,45,53,46,64,62,47,59,110,97,83,101,82,105,94,89
d05473,machine_learning,9,8,10,8,7,8,5,10,0,0,0,0,1,0,1,0,1,0,0,0,1,0,0,0,0,0,0,0,0,0,1,0,7,12,14,16,14,10,10,8
d05474,football,1,0,0,1,1,0,0,0,0,0,0,1,0,0,0,0,0,0,0,0,1,0,0,1,5,6,7,8,4,7,6,5,7,6,12,14,11,10,6,8
d05475,astronomy,0,0,0,0,0,0,0,1,0,0,0,0,0,2,0,0,7,2,2,2,1,2,5,5,0,0,0,0,0,0,0,0,3,9,5,5,6,5,8,8
d05476,cooking,0,2,0,0,0,0,1,1,12,21,17,9,13,17,14,18,0,0,1,3,0,2,1,0,1,1,0,1,0,1,2,2,23,21,20,29,27,26,23,30
d05477,astronomy,0,0,1,0,0,1,0,0,0,0,0,1,1,0,0,0,6,1,6,5,3,7,6,4,0,0,0,0,1,0,0,0,6,6,10,8,5,6,7,15
d05478,astronomy,0,0,0,0,0,0,0,1,0,1,0,1,0,1,0,1,11,6,12,6,8,5,13,6,0,1,1,0,1,0,0,0,11,11,10,13,13,13,16,16
d05479,machine_learning,11,10,17,8,6,9,10,11,0,2,1,0,1,0,0,0,0,0,1,0,0,0,0,2,0,0,0,1,0,0,0,0,18,14,14,18,10,15,19,15
d05480,football,0,0,1,0,1,0,0,0,1,1,0,0,1,0,0,0,1,1,0,0,0,0,0,1,16,17,9,10,12,16,6,9,17,25,28,23,24,17,20,13
d05481,football,0,0,0,0,0,0,0,0,0,1,0,0,0,0,0,0,0,0,0,1,1,1,1,1,13,8,8,13,10,16,19,11,19,19,28,26,23,15,23,26
d05482,astronomy,0,0,0,0,0,0,2,0,0,1,1,0,1,0,0,1,4,7,13,6,4,12,2,10,1,1,0,1,1,0,0,0,11,13,14,12,16,10,9,7
d05483,football,2,1,2,0,0,0,1,0,2,1,1,1,0,2,1,1,3,0,0,3,0,1,0,0,24,26,21,37,23,34,20,23,39,44,37,60,48,47,39,38
d05484,astronomy,0,0,0,0,0,1,2,0,0,0,0,0,0,0,1,0,12,7,12,17,12,9,17,8,0,0,0,0,0,1,0,1,12,7,16,16,11,24,11,17
d05485,football,0,3,0,1,2,1,2,0,2,0,2,3,2,1,2,0,2,3,0,1,0,0,1,0,24,28,17,19,26,20,21,16,43,32,47,41,43,49,35,36
d05486,machine_learning,20,22,26,18,19,21,13,24,0,1,0,1,1,1,0,0,1,1,1,0,0,0,0,0,0,0,1,0,1,0,2,0,31,24,35,32,29,27,28,36
d05487,astronomy,1,2,1,0,0,1,1,2,2,1,1,0,0,1,1,4,11,15,17,12,11,14,13,14,1,0,1,0,3,0,1,0,20,21,19,24,23,22,20,22
d05488,machine_learning,5,7,7,9,7,1,4,7,0,0,0,0,0,1,2,0,0,0,0,0,0,0,0,0,1,0,0,0,0,1,0,0,14,11,17,8,9,20,9,13
d05489,football,1,2,4,4,0,3,0,1,2,1,1,0,1,0,0,0,3,0,3,2,0,1,1,0,27,35,37,34,22,37,31,18,49,49,38,42,38,51,36,56
d05490,football,0,0,2,1,1,1,0,0,2,0,1,2,0,1,0,0,0,1,0,1,1,0,0,0,7,16,15,17,11,13,16,17,18,24,17,20,22,18,25,32
d05491,machine_learning,9,10,10,6,9,10,15,10,0,0,0,0,0,1,0,0,1,0,1,0,2,0,0,0,0,1,0,0,2,1,0,1,16,14,15,20,19,15,18,18
d05492,astronomy,1,0,0,1,2,0,1,0,0,2,0,0,1,0,1,0,21,14,16,17,15,19,17,16,1,0,0,3,1,2,0,1,23,30,33,21,29,33,26,30
d05493,astronomy,1,3,1,0,1,0,0,0,0,0,0,1,0,0,0,0,11,10,13,15,14,9,15,19,0,1,0,0,0,0,0,1,23,32,20,27,21,17,23,18
d05494,football,0,0,5,1,1,4,1,0,0,0,0,0,0,1,1,1,2,0,1,0,1,0,0,0,12,13,9,13,13,15,20,19,42,20,21,27,30,27,22,27
d05495,cooking,0,0,1,0,1,1,0,2,29,18,9,16,16,14,15,14,0,0,0,0,1,4,0,1,0,0,3,0,0,0,0,0,27,25,21,24,22,21,12,26
d05496,cooking,0,1,1,0,0,0,1,3,15,19,9,11,6,11,9,9,0,2,0,0,0,1,0,1,0,0,1,0,1,0,2,2,20,27,24,22,23,28,19,32
d05497,cooking,2,0,0,1,1,2,0,1,26,16,24,31,26,29,22,28,0,4,0,1,2,2,0,1,1,2,1,2,1,1,0,2,51,51,48,44,46,38,38,40
d05498,football,1,0,0,0,1,2,0,1,0,1,0,0,1,0,0,3,1,1,0,0,1,2,0,0,15,10,13,13,12,13,20,16,23,14,18,22,14,27,23,15
d05499,football,0,0,0,1,0,2,0,0,0,0,1,1,2,1,0,1,1,2,1,0,0,0,0,0,8,11,9,15,10,9,15,10,24,24,28,27,18,16,15,23
d05500,machine_learning,4,5,8,5,5,3,3,9,0,0,1,1,1,0,0,2,0,0,0,0,0,0,0,0,0,0,0,0,0,0,0,0,4,16,8,5,10,11,11,7
d05501,football,0,0,0,0,1,0,0,0,0,1,0,0,0,0,0,1,0,0,0,0,0,0,0,2,5,9,9,7,7,6,6,3,11,7,9,14,11,13,10,13
d05502,football,0,1,3,3,0,0,1,1,3,0,1,0,0,0,0,0,0,0,1,0,0,1,4,0,21,18,24,29,17,23,20,25,36,36,45,35,39,43,45,35
d05503,cooking,3,0,0,1,3,2,2,2,25,25,33,29,22,24,27,27,0,3,1,2,1,1,2,0,1,0,0,2,4,1,1,0,48,37,44,51,40,60,50,61
d05504,machine_learning,12,10,19,16,16,16,11,13,1,3,2,2,1,1,0,0,0,0,0,2,0,1,0,1,1,1,1,0,0,1,1,1,30,33,20,22,28,27,19,27
d05505,astronomy,3,1,1,1,0,0,1,1,1,0,0,0,1,1,1,1,13,17,17,28,19,18,13,28,2,0,0,3,1,1,1,0,39,38,36,28,27,28,41,36
d05506,astronomy,0,2,0,0,1,0,1,0,0,1,2,0,0,2,1,0,22,17,13,14,17,17,16,12,0,3,0,2,0,1,0,2,33,33,33,25,25,23,16,31
d05507,machine_learning,48,57,60,51,41,52,45,57,1,3,2,3,4,4,4,1,3,2,6,2,2,1,2,1,2,4,1,2,2,2,3,1,90,84,94,77,86,95,78,93
d05508,cooking,0,0,1,1,1,0,0,0,9,9,8,10,8,12,11,9,0,2,1,1,0,4,2,0,1,0,0,0,0,1,0,0,18,18,9,18,11,26,23,23
d05509,cooking,0,0,3,1,0,0,0,1,21,21,21,18,18,18,19,18,3,1,0,1,0,1,2,3,3,0,0,0,0,0,1,0,30,27,32,19,35,35,34,27
d05510,machine_learning,21,27,30,16,24,26,23,27,2,0,0,0,2,1,0,0,1,1,1,2,0,2,0,2,2,0,1,0,2,3,1,0,41,35,55,42,38,51,46,37
d05511,astronomy,0,0,1,0,1,0,0,1,0,1,1,0,0,0,0,0,4,8,6,6,5,8,4,4,0,1,0,0,0,0,0,0,15,14,6,8,10,14,11,9
d05512,astronomy,0,3,1,1,1,2,2,1,2,1,2,1,2,0,3,2,35,29,39,22,24,38,36,31,0,2,0,0,3,2,1,2,48,56,55,48,53,58,44,42
d05513,football,3,1,1,0,1,0,1,0,0,0,0,0,1,0,1,0,0,0,1,0,2,0,0,0,17,10,14,17,16,14,13,11,17,32,26,19,18,28,23,19
d05514,machine_learning,2,5,5,0,2,2,4,4,0,0,0,0,0,0,1,0,0,0,0,0,0,0,1,0,1,0,0,0,0,0,0,0,6,10,5,11,10,7,13,2
d05515,machine_learning,14,15,14,17,7,10,16,14,0,2,1,0,0,1,0,1,1,0,0,1,0,1,2,1,0,3,1,2,1,1,1,0,22,30,21,27,25,15,22,21
d05516,astronomy,0,0,1,0,0,1,0,0,0,0,0,0,1,1,0,0,6,4,9,9,11,8,13,12,1,1,0,0,0,0,1,0,11,15,15,15,18,15,14,17
d05517,machine_learning,15,13,22,12,25,24,23,26,0,1,0,1,2,2,2,0,1,0,1,1,0,1,0,0,0,0,0,3,2,3,1,0,33,42,30,38,35,38,35,32
d05518,astronomy,0,0,1,0,0,1,0,0,0,0,2,0,0,0,0,0,6,4,4,7,3,12,7,8,1,0,0,1,0,0,0,0,8,12,11,6,9,10,8,12
d05519,machine_learning,9,11,9,10,7,9,3,8,0,0,1,0,1,1,0,2,1,0,1,0,1,1,0,0,2,0,1,2,0,0,0,0,23,13,16,17,12,17,16,19
d05520,machine_learning,13,5,5,5,4,5,5,8,0,0,0,0,0,0,0,0,0,0,0,1,0,0,0,0,1,0,0,0,0,0,0,0,9,13,9,10,5,13,10,8
d05521,astronomy,0,1,2,0,0,1,0,0,0,0,2,2,0,1,0,1,24,21,18,19,35,19,20,16,1,0,0,1,1,0,1,0,20,41,41,26,30,39,35,26
d05522,machine_learning,28,22,16,21,25,25,15,21,0,2,1,0,1,0,1,1,1,1,0,1,0,2,0,0,0,0,1,0,0,0,0,1,32,25,39,37,37,32,40,53
d05523,astronomy,0,0,2,0,1,0,1,0,0,1,0,0,0,0,2,0,5,6,8,11,12,11,7,9,0,0,1,0,0,0,0,1,9,14,15,12,13,10,13,9
d05524,cooking,2,2,5,1,3,1,2,0,54,55,73,61,61,51,47,62,4,3,2,6,1,2,3,3,4,3,5,5,1,4,2,3,108,108,114,102,127,116,79,98
d05525,cooking,0,1,1,1,0,0,0,0,1,5,2,4,5,6,10,5,0,0,0,0,0,0,0,0,0,0,2,0,1,0,0,0,8,10,11,8,2,7,8,12
d05526,cooking,1,1,2,3,3,0,1,1,34,30,27,35,30,35,27,26,1,0,3,1,2,1,4,1,0,1,0,1,1,1,0,1,48,40,55,59,39,54,46,55
d05527,cooking,1,2,1,3,0,1,0,0,19,19,24,22,32,31,24,20,0,0,3,0,0,0,1,2,2,0,0,1,2,3,0,5,57,43,37,37,42,39,41,43
d05528,machine_learning,24,32,31,28,22,31,25,28,1,0,0,1,2,1,0,3,1,0,2,1,0,1,2,2,2,2,2,1,0,4,1,1,47,36,48,51,39,43,44,35
d05529,machine_learning,40,41,37,43,45,36,46,35,1,1,1,0,3,3,2,1,3,3,1,3,1,4,0,0,4,0,0,3,0,0,2,0,58,78,65,66,67,73,59,74
d05530,football,1,0,0,0,3,0,0,3,1,0,0,3,1,1,0,1,0,1,1,1,0,0,1,0,11,13,13,6,18,8,16,16,22,24,22,18,29,22,23,27
d05531,cooking,2,0,1,0,0,1,0,1,17,19,25,13,23,21,15,16,1,1,1,0,1,0,1,2,0,0,0,0,0,1,0,0,30,24,21,32,27,24,22,20
d05532,machine_learning,10,23,28,18,27,29,15,24,0,1,1,0,0,1,0,0,2,1,1,0,1,2,0,0,2,1,2,0,1,0,0,1,41,45,46,29,39,34,35,42
d05533,astronomy,0,2,0,1,0,0,0,0,1,1,0,0,0,0,2,2,12,7,12,10,9,16,6,12,1,1,1,0,0,1,0,0,23,15,18,22,24,24,22,19
d05534,cooking,0,0,0,0,0,1,1,1,6,7,6,5,11,8,10,5,0,0,0,0,0,0,1,0,0,1,1,0,1,0,0,0,12,13,15,9,7,15,8,13
d05535,cooking,0,1,1,1,1,0,1,1,5,8,8,4,10,12,8,9,0,1,1,1,0,1,0,1,0,1,0,1,1,0,0,0,17,11,6,11,10,17,12,21
d05536,football,1,0,0,0,1,1,1,1,0,0,0,1,0,0,0,1,1,0,0,1,0,0,0,0,3,7,11,8,9,7,10,6,12,12,14,10,9,12,15,12
d05537,football,0,0,0,0,0,1,0,0,0,0,0,0,0,0,1,0,0,0,0,0,0,0,0,0,1,5,4,2,2,2,3,7,4,6,6,4,3,5,2,3
d05538,cooking,0,0,3,1,1,1,1,0,14,20,15,27,21,33,20,25,0,0,0,0,1,2,0,1,1,2,1,0,3,0,3,0,35,53,48,44,35,47,31,35
d05539,cooking,1,2,3,1,0,3,1,1,28,30,22,28,35,31,33,29,0,0,2,0,1,1,1,2,1,0,2,0,1,4,2,3,49,58,48,62,52,48,52,63
d05540,cooking,0,0,1,0,1,0,0,0,14,9,7,6,15,6,10,13,0,1,0,1,0,0,2,0,0,0,1,2,1,0,0,0,20,20,17,17,22,22,14,16
d05541,football,2,4,2,3,1,0,1,0,0,0,2,0,4,2,2,1,1,0,1,1,3,1,1,3,46,43,32,38,38,43,42,43,59,56,70,62,78,75,82,70
d05542,cooking,1,1,2,0,1,0,0,0,22,32,20,32,27,25,30,32,0,2,1,0,0,0,1,0,1,1,1,1,1,1,0,0,53,39,43,45,50,54,46,49
d05543,machine_learning,4,2,7,6,2,5,6,6,0,1,0,0,0,0,0,0,0,1,0,0,0,1,0,0,0,1,0,0,0,0,0,0,13,11,11,13,13,5,14,6
d05544,football,1,0,0,0,1,0,1,1,0,0,0,0,0,0,2,0,0,0,0,0,0,0,0,0,6,3,8,4,8,3,7,4,11,10,11,7,8,8,12,8
d05545,machine_learning,22,22,40,22,29,30,31,18,4,0,0,0,2,0,2,2,0,2,0,3,1,1,1,1,1,1,3,1,1,0,1,1,47,34,41,53,32,54,40,46
d05546,cooking,0,0,0,1,0,2,0,0,17,14,16,8,21,17,16,16,1,1,0,2,0,1,0,0,1,1,0,0,1,0,0,0,44,25,24,17,27,25,28,26
d05547,astronomy,3,3,3,3,7,2,5,6,2,8,6,5,3,4,4,1,91,77,104,95,65,87,83,89,6,2,3,2,2,2,4,2,169,164,141,159,156,135,146,143
d05548,machine_learning,9,10,8,13,12,8,13,11,0,0,2,0,0,1,3,1,0,1,0,0,2,0,0,0,0,0,1,0,0,1,1,0,22,21,14,14,11,21,27,15
d05549,astronomy,1,0,0,3,1,0,1,1,1,2,1,1,1,1,0,3,20,20,20,14,17,11,19,14,0,0,1,1,1,0,1,1,32,36,32,21,36,18,33,25
d05550,cooking,0,0,1,0,0,0,1,0,4,9,5,2,5,10,9,3,0,0,1,0,1,0,0,0,0,0,0,1,0,0,0,0,8,5,9,9,3,16,8,14
d05551,machine_learning,15,15,17,25,17,23,19,24,1,0,1,0,3,0,1,0,2,1,0,0,1,2,1,0,0,2,0,1,1,0,0,0,27,32,27,39,32,26,33,33
d05552,machine_learning,2,3,10,7,11,4,10,6,0,0,0,0,1,0,0,0,0,0,0,1,0,1,0,1,0,1,0,1,0,1,0,0,10,10,3,11,17,6,4,9
d05553,astronomy,11,12,10,14,10,5,9,18,10,10,14,7,18,11,11,11,263,268,277,232,252,266,275,255,13,11,11,11,12,13,16,12,417,436,464,458,446,469,458,449
d05554,astronomy,0,0,0,1,0,0,0,0,0,0,0,0,0,0,0,0,2,3,0,9,7,7,4,5,0,0,0,1,2,0,0,0,6,8,9,6,5,8,8,6
d05555,football,1,0,1,1,0,0,2,1,0,2,1,0,4,0,1,2,0,1,2,0,1,0,0,0,20,20,19,14,18,15,17,9,13,29,26,29,34,29,24,25
d05556,machine_learning,9,6,2,5,7,6,6,5,1,0,1,0,0,0,0,0,1,1,0,1,1,0,2,0,0,1,0,0,0,0,1,0,7,8,5,21,10,10,9,10
d05557,football,0,0,1,1,1,0,1,0,0,0,1,0,2,1,0,0,2,2,1,1,2,2,1,0,16,12,10,20,12,15,15,9,24,20,29,24,37,29,26,23
d05558,astronomy,1,2,2,0,0,0,0,1,0,1,0,0,0,0,1,0,17,19,20,15,32,15,27,31,4,3,0,2,1,0,1,1,26,34,24,40,36,28,40,38
d05559,astronomy,0,0,4,1,1,1,0,1,1,1,2,0,2,1,0,0,17,21,21,23,25,20,20,20,0,0,2,2,1,2,2,1,28,30,32,32,25,38,37,34
d05560,machine_learning,20,15,22,10,10,13,16,19,0,1,0,2,1,1,0,1,1,0,2,0,1,1,1,2,1,1,0,0,1,1,1,0,29,32,17,26,18,31,31,31
d05561,cooking,1,1,0,1,0,2,1,0,20,21,16,25,20,20,20,17,0,0,1,2,1,1,1,1,2,0,1,2,0,0,2,0,39,30,37,34,22,34,31,27
d05562,football,1,2,3,1,1,0,0,0,1,1,1,1,0,0,2,0,0,0,1,2,0,4,0,2,14,21,19,12,13,22,24,22,28,26,23,21,23,31,37,21
d05563,football,0,2,1,0,0,0,0,1,0,0,0,0,0,1,1,0,0,0,0,0,1,0,0,0,6,8,4,5,9,10,8,13,17,12,13,19,10,10,15,14
d05564,football,0,0,2,0,1,0,1,3,0,1,1,0,0,0,1,0,0,0,0,0,1,1,0,1,14,12,8,10,15,12,13,11,21,18,26,21,18,31,15,17
d05565,cooking,0,0,1,3,1,2,1,4,24,26,26,20,27,21,26,27,0,1,0,2,2,2,1,4,0,1,0,0,0,3,0,1,32,34,39,42,44,54,37,33
d05566,football,1,1,0,0,0,0,0,2,1,0,1,0,0,0,1,0,1,0,0,1,0,0,0,0,8,10,4,10,10,14,13,5,17,14,19,14,20,16,20,13
d05567,cooking,0,0,0,1,2,0,1,0,2,8,10,11,4,6,9,13,0,0,1,1,2,0,0,1,0,0,0,2,0,0,0,0,10,7,15,16,10,22,14,10
d05568,football,0,0,0,1,1,0,0,0,0,0,0,0,0,0,0,0,0,1,0,0,0,0,1,1,4,5,9,9,7,14,5,2,8,8,10,8,4,16,6,10
d05569,machine_learning,64,66,57,64,69,67,55,71,9,3,3,2,4,3,4,2,2,4,1,2,3,6,2,0,0,5,1,3,2,2,2,1,82,101,89,91,88,98,107,89
d05570,astronomy,1,0,1,1,0,0,1,1,1,0,0,1,0,0,1,0,14,13,15,9,17,17,14,13,0,0,3,0,0,0,0,0,22,9,23,38,22,16,16,26
d05571,machine_learning,32,39,39,27,35,30,40,34,1,0,3,1,0,0,4,1,2,1,2,1,1,2,1,3,2,1,1,2,3,0,2,1,42,52,53,63,51,52,57,55
d05572,astronomy,0,0,0,0,1,0,1,0,0,0,0,0,1,0,1,1,4,2,4,6,6,3,7,2,1,0,0,0,0,0,0,0,11,3,8,7,2,3,7,4
d05573,cooking,0,1,1,1,0,0,0,0,5,6,8,3,5,8,7,4,1,1,0,1,0,0,1,0,0,0,2,0,0,0,0,0,14,10,8,7,12,14,9,9
d05574,cooking,0,0,1,0,3,1,1,0,20,13,7,20,17,12,12,16,0,1,1,0,0,0,0,0,1,1,2,1,0,3,2,1,23,22,26,15,24,19,24,25
d05575,cooking,1,2,0,2,1,5,0,1,15,17,19,14,20,22,20,21,1,1,1,0,1,1,0,0,1,1,0,1,1,4,0,1,22,26,29,39,22,28,19,24
d05576,astronomy,4,2,2,4,4,2,5,2,4,14,4,6,8,3,2,3,95,78,78,78,73,69,87,60,4,4,1,2,1,6,6,2,131,120,120,117,141,139,132,140
d05577,cooking,0,0,0,0,1,0,0,1,15,9,15,9,8,13,11,9,0,1,0,2,1,1,1,2,1,0,0,1,0,0,0,2,19,18,17,13,13,22,20,24
d05578,football,3,1,0,0,1,3,0,2,3,1,3,0,0,1,1,3,0,0,1,1,1,0,0,1,48,36,22,22,38,30,19,41,55,57,58,63,64,51,61,50
d05579,machine_learning,6,4,7,12,4,3,7,10,0,0,0,0,1,0,0,0,0,0,0,0,0,0,2,0,1,0,1,1,1,0,0,0,16,3,11,9,14,12,12,13
d05580,cooking,0,0,0,0,0,0,0,0,4,3,4,5,4,7,2,3,0,0,0,0,2,0,1,0,1,0,1,0,0,0,0,0,4,8,11,6,9,5,8,9
d05581,cooking,0,1,2,1,0,0,0,2,11,15,13,18,14,25,21,20,0,1,0,0,1,0,1,0,3,0,3,0,1,2,0,2,30,26,35,30,22,33,39,28
d05582,cooking,1,0,0,1,0,0,0,0,9,4,7,2,4,5,4,4,0,0,0,0,1,1,0,0,0,0,0,0,0,0,0,0,7,11,10,9,9,10,13,7
d05583,machine_learning,9,5,14,10,8,9,9,13,0,1,0,0,1,0,0,0,0,0,0,2,1,1,1,1,1,0,2,2,0,0,0,0,14,14,23,20,23,20,23,24
d05584,cooking,7,3,0,2,1,1,1,4,24,26,33,30,24,33,30,26,4,1,0,1,0,1,0,0,0,0,2,0,1,0,2,2,45,37,56,46,58,48,39,66
d05585,cooking,0,0,3,1,4,1,2,3,18,17,21,19,19,24,15,15,2,1,1,1,0,1,0,1,1,0,0,0,0,0,0,2,31,29,31,29,25,28,25,30
d05586,astronomy,0,1,0,0,0,1,0,0,1,0,0,0,1,0,1,1,10,11,9,12,7,5,10,5,0,1,0,0,0,0,0,0,17,19,19,14,12,17,17,15
d05587,astronomy,0,0,1,0,0,0,0,1,0,0,1,0,0,0,0,2,8,6,7,6,2,9,5,9,2,0,2,1,1,0,3,0,7,14,8,5,7,13,13,13
d05588,football,2,1,2,1,1,1,0,1,0,1,1,3,0,0,1,1,2,1,2,1,1,2,0,1,25,21,21,21,15,19,16,9,28,37,26,42,23,32,32,30
d05589,astronomy,1,1,0,1,0,0,1,0,1,0,0,0,4,0,2,0,10,6,16,17,10,14,10,10,1,0,0,0,0,0,0,0,23,18,31,20,13,23,12,18
d05590,astronomy,0,0,0,0,0,0,0,0,0,0,0,0,0,0,0,0,4,4,7,2,4,2,9,2,0,0,1,0,2,0,0,0,3,7,5,3,3,2,3,5
d05591,machine_learning,35,41,39,36,29,36,35,33,1,1,1,2,2,2,1,3,1,4,1,1,1,2,4,2,4,1,1,1,2,2,1,3,55,56,51,60,55,51,52,52
d05592,cooking,0,0,0,1,0,0,1,1,8,12,10,11,12,7,10,13,0,2,0,1,0,0,0,0,0,0,0,0,1,0,0,2,20,16,15,9,16,21,22,18
d05593,football,1,0,1,0,0,0,0,1,1,0,1,0,0,0,1,1,0,0,0,1,0,0,0,0,8,9,4,12,6,11,12,15,9,18,19,11,12,13,13,19
d05594,football,0,2,0,2,2,1,0,1,0,0,0,1,0,1,2,1,2,0,0,0,3,0,2,0,16,20,25,16,19,11,10,23,31,31,38,20,36,33,37,35
d05595,machine_learning,21,21,32,26,22,28,34,18,0,0,3,2,1,3,2,0,2,1,0,1,2,0,1,2,3,1,1,0,3,1,0,1,42,32,51,42,45,27,50,32
d05596,astronomy,11,8,5,4,8,5,6,7,12,13,6,7,5,4,7,8,163,129,137,153,142,149,142,175,11,3,3,9,2,6,5,10,251,247,231,241,238,221,249,271
d05597,cooking,0,0,0,0,0,1,0,0,8,13,8,7,3,10,9,6,0,1,0,0,0,0,2,0,0,0,0,0,0,0,0,2,22,17,11,12,10,11,14,19
d05598,cooking,1,0,0,0,1,0,1,0,5,3,8,2,3,5,1,8,0,0,0,1,0,1,0,0,0,0,0,0,0,0,0,0,6,6,3,6,11,6,4,4
d05599,cooking,1,1,1,1,1,2,2,2,26,29,26,25,24,27,30,28,3,0,1,0,2,3,1,1,3,0,1,0,3,2,2,2,44,57,46,35,46,41,58,42
d05600,cooking,1,3,1,0,0,0,0,0,22,11,16,15,8,9,11,8,0,1,1,0,0,0,1,0,3,0,0,0,1,0,0,0,15,16,21,14,18,21,21,22
d05601,cooking,1,0,1,0,0,0,0,0,3,4,3,3,4,3,6,2,0,1,0,0,0,0,0,1,0,0,0,1,0,0,0,0,5,9,2,1,13,8,11,6
d05602,football,0,0,0,1,2,0,0,0,1,0,0,0,0,1,1,1,1,0,0,1,0,2,0,2,18,18,15,25,17,15,18,18,24,32,31,22,27,24,33,32
d05603,machine_learning,4,7,4,2,7,8,2,4,1,1,0,0,1,0,0,0,0,0,2,0,1,0,0,0,1,0,0,0,0,1,1,0,11,14,12,17,12,9,14,15
d05604,machine_learning,31,14,30,29,18,31,27,23,2,1,2,2,1,1,1,1,3,2,1,1,2,0,2,1,1,1,1,1,1,1,1,2,40,35,28,45,32,35,29,26
d05605,machine_learning,5,6,5,5,7,7,12,7,0,0,0,0,0,1,1,0,0,0,0,0,0,0,0,0,1,0,0,0,0,0,0,0,10,14,8,7,10,10,10,4
d05606,astronomy,1,0,0,1,0,1,0,0,2,0,1,1,0,0,2,2,12,21,17,18,18,11,20,10,0,0,1,1,0,1,0,1,28,21,27,28,19,27,26,36
d05607,machine_learning,32,39,26,27,33,30,30,37,2,1,1,1,1,4,1,1,2,0,1,2,0,2,1,2,0,1,1,1,3,2,0,4,62,44,55,59,49,58,43,56
d05608,machine_learning,9,3,6,7,7,11,9,7,0,0,1,1,0,0,0,0,2,0,0,0,0,0,0,0,1,1,0,0,1,0,0,1,13,12,20,10,14,16,10,10
d05609,football,1,0,0,1,1,1,0,0,0,0,1,1,1,0,0,1,0,0,0,0,1,0,1,0,11,10,11,9,8,10,7,8,11,10,18,18,13,9,17,15
d05610,machine_learning,13,12,13,15,10,11,16,9,1,2,0,0,2,2,2,0,2,1,0,1,0,1,1,1,1,1,1,0,3,2,1,0,23,23,30,23,20,26,16,31
d05611,astronomy,0,0,0,0,1,0,0,0,0,0,0,0,0,0,0,0,3,7,2,3,3,3,0,1,0,0,0,0,0,0,0,0,3,6,1,4,6,2,3,4
d05612,machine_learning,8,5,6,8,5,7,11,6,1,0,0,1,0,1,0,1,2,1,0,0,0,0,0,1,0,0,1,0,0,1,0,0,11,14,11,15,10,10,10,11
d05613,machine_learning,22,32,14,27,16,18,21,25,2,2,1,0,1,0,0,1,1,0,0,1,1,5,2,0,0,3,1,0,0,0,1,1,22,29,45,27,34,25,31,38
d05614,cooking,0,1,0,2,0,0,3,0,21,13,15,21,15,9,13,16,3,1,0,2,0,0,0,1,0,0,1,1,1,0,0,0,27,23,27,21,25,26,25,23
d05615,cooking,0,0,1,1,0,1,1,1,11,19,17,9,12,14,14,10,0,1,1,0,0,1,2,2,1,0,0,1,1,1,1,1,19,24,17,13,21,14,24,23
d05616,astronomy,1,1,1,1,2,1,1,2,5,0,3,2,2,5,1,2,35,33,39,47,41,49,33,36,0,0,3,0,1,3,0,0,63,62,63,52,57,68,68,60
d05617,cooking,0,1,0,0,0,0,1,2,10,5,11,7,13,10,16,3,0,0,0,0,0,1,0,0,0,0,1,0,0,0,0,1,12,14,15,15,15,21,16,22
d05618,machine_learning,10,16,7,10,17,10,14,12,0,2,0,0,0,0,0,1,0,1,0,0,1,0,0,1,1,2,1,0,1,0,1,0,22,20,13,29,20,18,19,17
d05619,cooking,0,0,1,1,0,1,1,1,6,10,12,13,11,7,10,6,1,0,1,0,0,0,1,0,1,2,0,0,0,0,0,0,12,15,17,20,16,14,14,13
d05620,football,1,2,0,2,0,0,2,2,2,1,0,1,2,2,1,3,1,2,4,1,3,1,0,1,32,31,35,24,29,26,20,33,57,63,61,53,57,36,36,60
d05621,machine_learning,6,7,10,13,6,7,4,8,0,0,0,2,0,2,0,0,0,0,0,0,0,0,0,2,0,1,1,1,0,0,0,0,12,10,8,21,12,14,13,11
d05622,machine_learning,34,32,30,26,32,24,31,33,1,1,2,1,0,2,0,2,2,2,1,1,0,2,1,1,1,1,1,1,2,3,1,1,48,52,52,61,56,34,53,54
d05623,astronomy,0,0,0,0,2,2,1,1,0,0,0,1,0,0,0,1,9,9,16,11,10,18,14,6,0,1,0,0,2,1,0,0,13,17,14,14,18,18,16,13
d05624,cooking,0,0,0,2,1,1,2,0,13,12,25,15,22,13,12,20,1,2,2,0,0,2,0,1,0,0,4,1,0,2,0,0,37,44,24,28,30,34,19,30
d05625,football,0,1,0,1,0,0,0,0,0,0,1,2,0,1,0,2,0,0,0,0,0,1,0,0,3,4,6,8,7,9,8,11,15,10,14,9,12,6,9,19
d05626,football,1,0,0,1,0,2,1,0,0,0,0,2,1,3,0,1,2,2,3,2,0,0,0,0,26,14,13,12,19,21,21,14,38,30,32,26,34,26,33,32
d05627,astronomy,1,1,1,1,0,0,1,1,0,0,0,0,0,0,1,1,11,12,12,13,15,10,10,5,0,0,0,0,1,2,1,1,8,12,18,19,25,15,16,22
d05628,machine_learning,7,14,8,11,15,13,9,12,0,0,1,1,1,0,2,1,1,1,0,2,1,0,2,1,0,0,1,0,0,0,0,0,19,22,14,20,17,16,15,25
d05629,cooking,0,1,0,0,0,0,2,2,14,12,15,13,13,17,10,11,0,0,0,0,1,1,0,0,1,0,0,0,1,1,0,1,19,18,14,23,15,20,11,13
d05630,astronomy,0,1,2,0,4,0,1,1,0,1,0,2,2,3,3,3,21,19,19,27,31,22,20,14,0,1,1,2,0,0,3,2,40,32,36,31,35,26,39,39
d05631,football,0,0,1,1,1,0,3,0,0,1,0,2,1,2,0,0,1,1,0,1,0,1,0,1,18,15,20,17,14,15,14,13,33,18,32,29,16,25,40,29
d05632,football,11,11,14,11,11,18,14,14,14,14,18,10,20,12,16,6,13,12,7,8,15,11,13,13,284,221,271,261,259,243,243,253,439,448,427,392,442,414,431,426
d05633,machine_learning,10,10,7,6,7,11,8,3,0,0,0,0,1,1,0,0,0,1,1,0,0,0,1,0,0,1,0,0,0,0,0,1,9,9,15,11,13,13,18,11
d05634,astronomy,0,0,3,1,3,0,2,0,0,0,0,1,0,1,0,0,16,19,16,10,10,15,11,18,0,1,0,0,1,0,0,0,16,21,25,21,23,28,28,20
d05635,cooking,0,0,0,1,0,1,0,0,15,11,15,19,12,13,9,18,0,1,0,1,1,1,0,2,3,1,0,0,0,2,0,0,31,26,35,25,29,25,26,16
d05636,football,0,0,0,0,0,0,0,0,1,0,0,1,0,0,0,1,0,1,0,0,0,1,0,0,5,10,7,11,11,4,6,15,13,14,10,11,7,12,8,8
d05637,cooking,0,2,1,1,1,0,0,0,20,12,14,9,13,15,11,8,0,1,1,0,0,0,0,1,0,0,0,0,0,0,0,1,17,20,18,23,22,17,19,25
d05638,football,4,3,4,5,4,5,0,4,4,3,4,4,5,7,3,7,11,3,6,3,1,3,5,7,87,119,100,93,97,106,114,102,181,162,163,199,166,184,166,176
d05639,football,1,0,0,0,1,1,0,0,0,1,1,1,0,0,0,0,0,1,0,0,0,0,0,0,11,4,5,7,12,10,12,7,18,15,10,17,13,16,16,22
d05640,astronomy,0,1,2,3,0,2,2,4,2,0,4,2,2,1,4,1,21,32,29,29,27,19,20,32,2,3,2,0,1,0,0,0,43,41,31,37,39,42,38,38
d05641,cooking,2,4,2,1,0,2,3,1,38,40,29,36,21,26,34,32,1,3,1,1,5,2,2,1,0,4,1,1,0,2,2,1,70,53,69,58,43,54,75,58
d05642,machine_learning,16,19,22,19,21,21,19,28,2,1,3,2,1,2,4,0,0,1,3,2,1,0,0,1,2,2,1,1,0,1,0,0,27,38,37,28,25,44,34,25
d05643,cooking,1,0,5,2,2,3,4,3,72,67,59,71,58,57,59,61,3,2,4,3,3,1,3,5,1,1,3,1,7,3,5,4,86,109,93,109,94,122,106,95
d05644,football,0,0,0,1,0,0,1,0,0,0,1,0,1,1,0,0,1,1,0,0,0,1,0,0,6,10,10,10,13,16,14,13,21,23,19,18,22,13,14,18
d05645,astronomy,3,1,1,1,2,2,1,1,1,1,0,0,2,1,1,1,22,17,18,30,16,13,16,20,1,0,1,1,2,2,0,2,36,26,21,32,34,40,33,45
d05646,football,0,0,1,1,0,2,1,0,0,0,1,0,1,0,0,0,0,2,0,0,0,0,1,1,5,12,6,12,12,9,10,13,14,17,15,21,21,20,16,11
d05647,cooking,0,1,0,1,0,0,2,0,17,19,17,10,13,20,13,19,0,1,0,2,1,2,0,2,1,2,0,1,0,1,1,0,23,28,26,22,21,19,27,28
d05648,cooking,2,1,2,2,0,0,1,0,9,13,11,16,8,6,13,9,0,0,1,2,0,2,0,0,0,2,1,0,0,3,0,0,11,17,15,19,15,14,15,13
d05649,machine_learning,76,95,80,95,86,102,85,93,8,3,3,5,7,3,5,7,6,5,3,1,4,4,8,5,8,4,4,3,7,6,2,5,147,153,162,164,140,158,170,139
d05650,astronomy,1,1,1,3,0,0,0,0,0,0,0,0,0,0,1,1,21,16,12,10,13,17,11,16,1,0,0,0,1,1,1,2,41,18,18,36,29,18,26,23
d05651,cooking,1,2,0,1,0,0,0,1,25,18,26,28,29,26,22,23,2,1,0,1,1,0,1,0,0,1,2,0,2,2,1,2,39,43,44,33,32,35,47,49
d05652,machine_learning,7,12,2,3,8,8,5,6,2,0,1,0,0,0,0,0,1,1,1,0,0,0,0,0,0,1,0,0,0,0,0,0,3,11,9,9,8,8,13,9
d05653,astronomy,0,0,1,2,1,2,0,1,1,0,1,0,0,0,0,2,8,10,5,11,7,10,13,8,0,0,0,0,1,0,0,0,11,18,17,18,13,8,14,19
d05654,machine_learning,10,11,14,6,12,12,18,21,1,0,0,1,1,1,0,0,1,0,1,0,1,0,0,0,0,2,1,0,0,0,2,1,21,20,19,19,17,15,28,18
d05655,machine_learning,4,9,10,9,5,12,14,9,1,0,2,0,0,0,0,1,1,0,0,0,1,0,0,0,0,0,0,0,2,0,0,0,15,20,16,16,12,17,10,18
d05656,cooking,2,3,1,3,2,0,4,4,53,50,59,55,61,56,52,45,0,2,3,2,2,0,5,2,1,2,2,2,4,5,3,2,81,76,97,106,92,88,103,93
d05657,cooking,2,1,2,1,0,2,0,0,22,22,24,19,15,19,21,14,2,2,1,1,4,0,0,1,0,0,2,2,1,1,0,0,36,35,36,32,32,41,32,21
d05658,football,0,0,0,1,1,0,0,0,1,1,0,1,0,1,0,0,0,0,0,1,0,1,1,1,7,9,5,13,9,9,6,7,8,8,9,17,12,14,9,14
d05659,cooking,1,1,3,4,0,1,3,6,83,67,59,83,84,67,80,68,4,3,4,2,3,3,1,6,3,7,7,4,4,5,6,5,126,121,132,130,139,131,120,112
d05660,cooking,0,0,0,0,0,0,0,0,4,4,7,10,4,5,3,6,0,1,1,1,0,0,1,1,1,0,0,0,0,0,0,0,8,15,14,12,8,9,16,8
d05661,cooking,0,1,0,0,1,0,0,0,1,4,6,3,4,3,8,6,0,1,0,0,0,0,1,0,0,0,0,0,0,0,0,0,10,10,5,7,9,6,7,11
d05662,cooking,4,1,0,1,1,1,0,1,14,21,19,25,22,23,21,31,1,1,3,1,0,0,1,1,1,5,1,2,0,0,1,2,38,37,31,31,39,37,45,28
d05663,football,0,0,0,1,1,1,0,3,0,0,1,3,2,0,0,1,2,0,0,0,2,1,2,1,15,17,17,22,25,16,11,19,32,30,39,33,27,30,24,31
d05664,machine_learning,20,34,30,30,32,24,23,34,3,2,2,2,1,1,1,1,0,2,1,3,2,4,2,3,1,0,2,2,2,1,0,1,47,40,45,44,37,45,45,48
d05665,machine_learning,7,7,6,10,6,8,3,7,1,1,0,1,0,0,0,0,1,0,0,2,0,3,1,0,0,0,0,0,0,0,1,1,11,13,13,9,9,9,13,12
d05666,football,1,1,0,0,0,1,0,0,0,0,0,3,0,1,0,0,1,1,0,0,0,1,0,1,13,14,7,10,11,10,12,7,12,18,15,9,13,12,11,7
d05667,cooking,0,0,1,0,0,0,0,0,6,5,6,6,5,0,4,5,0,1,0,0,1,0,0,1,0,0,0,1,0,0,0,0,3,9,3,12,6,7,6,14
d05668,astronomy,0,0,0,0,0,0,0,1,0,1,1,0,1,1,0,0,6,18,15,9,12,11,10,15,0,1,2,2,0,1,2,1,25,24,19,20,18,25,22,17
d05669,football,0,0,0,0,0,0,0,0,0,0,2,2,1,0,0,0,0,0,0,0,0,0,0,0,4,4,8,3,2,0,5,4,8,6,7,5,9,7,7,10
d05670,cooking,0,0,1,0,0,0,1,0,2,5,6,3,6,6,4,0,0,0,0,1,1,0,0,0,0,0,0,1,0,0,1,1,9,9,7,8,7,10,9,2
d05671,astronomy,1,2,2,1,0,0,1,3,2,1,1,0,0,0,2,2,22,19,26,20,23,22,24,22,1,0,0,3,1,2,0,2,40,38,42,35,54,41,49,34
d05672,astronomy,1,1,0,0,0,1,1,1,1,0,0,1,1,1,1,1,9,6,6,6,6,6,8,6,1,0,1,1,1,0,0,0,11,10,11,15,14,13,7,10
d05673,football,1,1,0,1,1,0,0,2,1,0,0,0,1,1,0,1,0,1,1,0,0,0,1,1,14,14,18,17,21,15,11,15,19,20,32,25,15,24,27,23
d05674,astronomy,1,0,0,0,0,2,0,0,1,0,0,0,0,0,1,1,6,5,5,9,5,9,6,2,0,0,0,0,1,0,0,0,10,8,15,11,11,7,12,8
d05675,machine_learning,18,7,13,19,23,9,12,16,1,1,0,0,1,1,0,1,0,2,0,1,0,0,0,0,0,0,0,1,0,0,0,1,22,18,22,19,28,21,23,27
d05676,cooking,0,1,0,0,1,1,0,0,9,5,5,12,6,4,9,7,0,0,0,0,2,0,2,0,1,1,0,0,1,0,0,0,12,11,13,12,4,5,10,10
d05677,astronomy,0,4,1,4,2,2,1,1,1,2,2,1,1,0,0,1,33,32,37,30,35,26,43,35,2,3,1,5,1,3,1,1,36,56,51,50,56,45,51,47
d05678,football,1,4,3,1,4,2,6,1,0,3,2,3,2,2,1,1,4,4,2,3,2,4,3,2,70,73,80,87,66,74,57,70,116,122,116,108,91,123,88,136
d05679,astronomy,1,0,0,0,0,0,0,0,1,0,1,0,0,1,0,0,4,3,7,7,6,9,6,6,0,1,0,1,0,0,0,0,10,13,8,6,11,16,8,9
d05680,football,1,0,1,1,1,1,2,1,2,0,1,1,1,0,0,0,0,2,0,1,0,0,2,1,18,17,18,22,18,19,18,17,29,23,28,20,40,32,29,29
d05681,machine_learning,9,10,10,6,7,5,12,11,0,0,0,0,0,0,0,3,0,0,0,0,1,0,0,2,0,1,1,0,1,0,1,0,17,11,12,23,15,13,16,23
d05682,cooking,0,0,1,0,1,0,0,0,7,11,10,8,7,8,14,3,1,1,0,0,0,0,0,1,0,0,1,0,0,0,0,0,20,21,14,13,18,21,7,18
d05683,cooking,0,1,1,0,0,0,0,0,8,5,8,6,11,7,8,5,0,0,1,0,0,0,0,0,1,2,1,0,0,1,0,0,11,17,13,17,9,13,16,19
d05684,astronomy,3,1,0,0,0,0,0,0,0,0,0,1,0,1,0,0,6,9,6,2,11,4,5,4,0,2,0,0,0,0,0,0,7,6,8,9,12,10,9,10
d05685,cooking,1,8,0,5,4,3,1,0,71,70,66,60,61,60,61,55,6,4,4,2,2,2,2,4,2,2,2,3,4,2,2,3,103,89,89,91,85,111,106,115
d05686,cooking,0,2,0,0,0,2,0,1,13,14,21,19,10,14,15,15,1,2,0,0,0,1,0,0,4,0,0,0,0,2,3,1,20,20,25,28,27,21,25,22
d05687,football,0,2,1,0,1,2,1,0,0,0,0,0,1,0,1,3,1,0,0,0,0,1,1,1,15,12,10,5,9,8,10,11,18,19,21,23,18,21,18,14
d05688,football,0,0,0,1,1,5,0,0,0,1,1,0,0,0,1,0,1,1,0,2,3,0,0,0,13,20,22,17,9,13,16,16,18,18,31,23,23,24,22,24
d05689,cooking,1,1,2,2,1,0,4,1,22,27,24,26,33,30,27,22,0,1,0,1,0,2,0,1,0,1,0,4,2,1,1,0,60,50,51,43,38,48,53,47
d05690,astronomy,1,4,3,2,0,3,2,0,0,2,1,0,1,1,2,0,25,25,29,22,20,24,15,23,1,2,2,1,0,0,1,1,38,40,31,35,30,35,32,25
d05691,football,1,0,0,0,0,0,0,0,2,2,0,0,1,1,0,1,3,1,0,1,1,0,2,0,10,7,11,8,6,6,9,11,12,13,11,12,12,15,13,9
d05692,cooking,0,0,0,0,2,2,0,0,8,9,7,6,7,9,13,9,0,2,0,0,1,1,1,1,0,0,1,0,1,0,2,0,13,19,17,19,4,11,14,13
d05693,cooking,1,1,1,3,1,1,4,5,52,48,41,51,53,52,38,47,2,2,2,2,4,5,3,1,3,5,1,0,3,3,0,3,77,73,81,78,83,78,82,88
d05694,football,0,1,0,1,0,0,0,1,1,2,1,1,0,1,0,1,0,2,0,1,0,0,1,1,10,13,12,17,14,12,15,14,24,28,19,22,22,29,21,22
d05695,cooking,0,1,0,0,0,0,0,1,7,5,5,13,7,4,6,6,0,0,0,0,0,0,1,0,0,0,0,0,0,0,0,1,8,9,11,10,14,12,5,6
d05696,football,1,2,1,3,0,0,1,1,0,1,5,2,7,2,0,1,1,3,1,1,3,1,3,0,35,39,36,33,43,37,49,35,70,50,61,71,72,56,58,73
d05697,football,0,0,0,0,0,0,1,0,1,0,0,1,0,0,2,0,0,0,0,0,0,0,0,1,7,9,5,8,6,10,5,9,15,13,14,15,22,12,25,17
d05698,machine_learning,27,24,26,22,29,28,33,24,0,1,0,0,0,1,3,1,2,1,1,0,3,1,1,1,3,1,0,1,3,0,2,0,40,31,42,48,43,40,59,41
d05699,machine_learning,17,5,7,9,11,10,9,13,1,0,0,0,0,0,0,1,0,0,0,0,0,1,1,1,0,0,0,1,1,1,0,0,15,32,14,13,17,21,17,13
d05700,astronomy,0,1,0,0,0,0,0,1,0,1,0,0,1,0,1,0,18,7,12,7,7,12,11,7,1,1,0,0,0,1,0,0,19,8,10,13,15,11,13,13
d05701,astronomy,0,0,0,0,0,0,0,0,0,0,0,0,0,0,0,0,6,3,6,3,4,7,2,5,0,0,0,0,0,1,0,0,4,8,4,3,3,6,11,5
d05702,cooking,1,1,5,0,3,1,0,0,30,40,45,28,35,30,45,37,0,3,1,0,3,1,1,1,2,1,1,1,2,2,1,1,63,66,51,67,60,66,49,44
d05703,football,0,1,1,1,0,1,1,1,0,1,3,0,0,0,2,0,0,1,0,0,2,1,0,0,10,15,9,12,13,12,6,8,19,13,15,14,17,15,12,5
d05704,astronomy,0,0,1,0,0,0,1,2,0,0,1,0,1,0,1,0,5,10,8,7,7,7,4,10,1,0,1,1,0,0,0,2,3,9,8,15,8,10,14,11
d05705,astronomy,0,2,2,0,4,0,0,1,0,2,0,0,1,1,1,0,23,26,26,21,36,30,17,26,3,3,0,0,2,3,0,2,43,35,53,45,47,40,34,31
d05706,machine_learning,14,16,14,14,9,10,13,7,0,1,0,0,0,1,0,0,0,1,0,0,0,0,0,1,2,0,0,0,0,1,0,0,19,24,18,30,21,19,17,29
d05707,cooking,0,0,1,0,0,0,0,0,5,2,6,3,3,1,4,7,0,0,0,0,0,0,0,0,0,0,0,0,0,0,1,0,6,4,8,7,3,7,1,5
d05708,astronomy,3,0,2,3,0,0,0,0,4,1,1,1,4,3,2,2,17,15,26,25,26,22,20,24,1,0,1,0,2,1,0,3,33,31,31,26,25,34,30,33
d05709,football,0,0,1,1,0,0,0,1,0,2,0,2,1,0,1,2,0,0,0,1,1,0,1,1,13,8,17,5,12,7,15,11,12,15,15,14,19,12,24,16
d05710,machine_learning,14,26,24,24,20,14,28,35,1,1,0,2,1,1,1,2,0,2,2,1,0,2,1,1,1,0,0,2,0,2,1,0,42,39,38,37,37,43,48,46
d05711,machine_learning,19,21,23,16,20,23,25,34,1,2,0,1,1,3,2,0,0,3,2,2,3,2,3,2,0,1,1,0,3,1,0,2,39,35,33,49,31,45,41,43
d05712,football,0,0,2,0,1,0,1,0,1,1,0,0,0,1,1,0,0,0,1,1,0,0,0,0,10,4,4,8,8,7,7,6,12,6,17,12,11,8,11,8
d05713,football,0,1,3,0,2,0,1,0,2,1,0,0,1,0,0,0,0,3,1,1,3,2,2,0,11,13,10,15,21,19,15,14,25,30,19,23,37,26,17,15
d05714,astronomy,0,1,1,1,0,0,0,0,1,0,0,0,0,3,1,0,16,15,20,13,10,16,12,12,1,0,0,0,0,0,2,0,26,29,39,20,19,33,29,28
d05715,astronomy,0,1,0,1,0,0,4,1,0,1,0,0,2,1,0,0,15,25,13,19,17,19,18,16,1,2,1,0,1,0,1,0,27,28,34,42,24,27,25,25
d05716,astronomy,2,0,0,0,3,0,1,1,0,2,2,0,0,2,0,0,17,13,13,13,9,18,24,16,0,0,1,1,1,2,0,0,22,26,29,30,19,18,33,19
d05717,astronomy,0,1,0,0,1,0,0,1,1,2,0,1,0,0,0,0,7,18,19,14,16,15,15,23,1,0,2,1,1,0,1,1,36,26,34,38,26,37,31,39
d05718,astronomy,2,1,1,0,0,1,1,0,1,1,1,0,0,1,0,1,19,12,7,18,16,23,16,21,2,0,3,1,2,0,3,0,35,22,30,23,19,38,27,38
d05719,astronomy,1,0,0,1,1,1,1,3,2,3,1,1,1,0,0,1,27,18,31,24,23,23,25,21,3,2,1,1,0,0,2,1,36,41,39,40,34,47,41,34
d05720,cooking,1,0,2,0,0,0,0,0,9,6,9,11,11,12,9,10,0,0,0,1,1,1,1,1,1,0,0,2,0,0,1,0,13,13,7,24,14,17,13,14
d05721,cooking,1,1,1,3,0,0,3,0,30,34,19,18,23,26,31,25,0,0,0,1,2,1,1,0,1,1,4,0,3,1,2,3,49,42,48,45,50,37,54,44
d05722,cooking,3,0,0,1,4,2,1,2,53,40,44,50,48,52,46,54,2,3,0,0,3,1,3,5,2,4,3,2,4,0,1,0,80,84,74,76,58,84,72,93
d05723,football,1,0,1,0,0,0,0,0,1,0,1,1,1,0,0,0,0,0,0,1,0,0,1,1,3,10,4,3,6,8,7,2,13,11,9,10,13,7,12,15
d05724,cooking,0,0,1,2,2,0,0,4,18,11,10,9,12,13,12,14,0,0,0,0,2,0,0,0,1,0,2,0,0,0,2,0,28,17,19,17,19,14,17,20
d05725,astronomy,1,1,0,1,0,0,0,0,0,0,0,0,0,0,1,1,8,12,6,7,8,7,9,4,0,0,0,1,1,2,0,0,19,18,19,13,14,12,14,16
d05726,machine_learning,3,6,6,6,4,6,6,7,0,0,1,0,0,0,0,0,0,0,0,0,1,0,0,0,0,0,0,0,0,1,0,0,8,6,11,12,9,13,4,11
d05727,astronomy,0,0,1,0,0,1,0,2,0,1,1,0,3,1,1,0,18,9,16,11,12,13,17,21,2,1,0,2,2,4,0,0,22,21,30,27,19,39,22,20
d05728,astronomy,0,0,0,0,0,0,0,0,0,0,0,0,1,0,0,1,1,4,2,2,2,2,3,3,0,0,0,0,0,0,0,0,8,5,6,13,10,4,3,7
d05729,machine_learning,8,1,8,10,11,8,9,9,0,0,0,0,0,0,0,0,1,2,1,1,0,0,0,0,1,0,0,0,0,0,0,0,19,18,11,21,7,13,14,12
d05730,machine_learning,15,15,16,10,11,9,10,7,1,0,1,0,0,0,0,2,1,0,0,2,0,1,0,1,0,0,0,0,0,0,0,0,16,19,25,20,24,24,24,23
d05731,cooking,1,2,0,0,0,1,0,0,11,16,8,20,8,11,16,16,0,0,0,0,0,2,0,0,1,0,0,3,1,0,1,3,15,22,25,14,20,27,30,16
d05732,cooking,0,1,1,1,1,2,0,1,14,10,17,10,10,9,5,8,0,0,0,0,1,1,1,2,0,0,1,0,0,0,0,0,11,16,19,13,15,16,12,13
d05733,cooking,0,0,0,0,0,0,0,0,2,2,5,3,6,3,1,4,0,1,0,0,0,0,0,1,0,0,0,0,0,1,4,1,4,8,3,3,11,8,6,7
d05734,football,0,1,1,0,2,2,0,5,0,0,0,0,0,0,1,0,0,0,0,0,1,0,0,2,9,16,13,7,9,12,18,6,16,23,21,23,14,20,17,25
d05735,football,1,0,0,0,3,1,1,3,1,1,0,0,0,1,4,0,1,0,3,1,0,2,0,2,17,25,25,19,18,20,22,18,33,32,42,27,37,25,41,38
d05736,cooking,0,0,2,1,1,0,1,1,10,7,5,16,16,7,9,10,0,2,0,1,1,0,0,0,0,1,1,1,0,1,0,1,12,15,24,17,16,31,17,20
d05737,cooking,1,0,1,1,1,0,1,1,12,10,2,10,11,13,6,9,0,0,0,0,0,1,0,1,0,0,1,1,1,1,1,0,14,13,8,8,12,9,10,15
d05738,cooking,1,0,1,1,1,0,1,0,11,14,7,14,11,14,12,13,0,1,1,0,0,0,0,0,0,0,0,0,1,0,0,1,22,17,18,15,16,24,17,15
d05739,astronomy,0,0,0,0,0,0,0,0,0,0,0,0,1,0,1,0,4,6,5,5,12,8,2,6,1,0,0,0,0,1,1,0,6,8,11,10,17,7,8,11
d05740,machine_learning,8,5,6,7,8,9,3,15,2,0,1,0,2,0,0,1,0,0,1,1,0,3,0,2,1,1,0,0,0,1,3,1,10,9,20,8,10,10,14,22
d05741,machine_learning,6,3,5,5,7,8,9,7,0,0,0,0,0,0,0,1,1,1,0,0,1,0,0,1,0,0,1,0,0,0,0,0,13,12,16,12,11,9,15,15
d05742,machine_learning,57,60,59,52,64,78,59,49,1,2,3,3,4,3,3,4,3,2,4,2,2,2,6,4,5,3,1,2,3,1,2,0,97,78,95,87,105,108,95,90
d05743,cooking,1,1,0,0,0,0,0,0,9,9,7,4,7,10,7,10,0,1,1,0,3,1,0,0,0,1,1,0,0,0,1,0,13,10,12,13,12,12,17,17
d05744,astronomy,0,2,3,1,1,2,0,3,3,2,2,3,1,7,2,1,34,32,32,26,45,35,44,24,2,0,5,0,3,3,0,3,64,68,69,60,71,67,69,70
d05745,cooking,0,0,0,0,0,1,1,0,6,3,5,2,2,4,5,6,1,1,0,0,1,0,0,1,1,0,0,0,0,0,0,0,8,6,2,4,4,13,7,3
d05746,astronomy,0,0,0,1,0,1,1,0,1,0,3,0,1,1,0,0,8,6,9,13,4,10,6,6,1,0,0,0,0,0,0,1,20,10,7,19,13,12,10,10
d05747,machine_learning,34,27,29,32,33,39,41,22,1,3,3,2,2,3,1,2,3,3,1,1,1,1,1,1,5,1,0,1,1,0,0,3,60,63,51,57,55,52,47,47
d05748,football,3,0,0,1,2,1,0,0,2,0,0,2,2,1,2,0,0,1,0,2,1,0,1,2,18,18,19,16,20,20,26,28,34,32,32,36,23,33,40,30
d05749,football,0,0,0,0,2,0,1,0,0,0,0,0,0,1,1,0,1,2,0,2,1,0,0,0,11,9,8,7,12,12,14,5,13,13,14,14,13,15,15,11
d05750,cooking,0,0,0,0,2,0,1,0,17,8,18,11,13,15,17,23,0,0,0,1,1,2,0,0,0,1,1,0,0,0,0,0,29,20,26,13,21,16,22,25
d05751,cooking,2,2,1,0,2,1,0,1,23,23,32,26,23,19,27,20,0,0,0,2,1,0,2,0,2,0,0,2,0,2,0,1,37,48,35,43,47,30,42,41
d05752,machine_learning,8,10,13,8,16,12,4,7,0,0,0,1,0,1,0,0,0,0,0,1,0,0,1,1,0,1,0,0,0,0,0,0,8,15,15,10,12,22,13,18
d05753,cooking,3,0,1,0,0,1,0,0,10,4,8,5,11,6,10,4,0,0,0,0,0,1,0,0,1,0,1,0,1,0,0,1,12,15,10,13,13,11,20,13
d05754,astronomy,0,0,1,0,0,1,2,0,0,0,0,2,0,0,0,0,8,19,9,6,9,10,9,10,0,0,0,0,1,0,0,0,12,13,13,19,17,25,18,19
d05755,astronomy,2,0,2,1,1,2,0,1,1,2,1,2,0,2,0,2,52,41,37,34,29,44,31,31,0,2,1,1,1,2,0,3,66,69,81,70,67,71,78,75
d05756,machine_learning,7,5,7,4,10,5,5,3,0,0,1,0,0,1,1,0,0,0,0,0,0,1,0,0,0,0,1,0,0,0,1,0,12,17,11,7,16,13,9,7
d05757,football,0,0,1,0,1,0,0,0,1,2,0,1,0,0,0,3,0,1,2,0,0,1,0,2,12,19,15,27,17,19,18,21,24,26,23,16,22,33,24,26
d05758,machine_learning,14,7,10,10,5,11,14,11,0,0,1,0,0,0,0,0,0,1,2,1,2,1,0,0,1,2,1,1,0,0,0,0,13,14,18,20,20,21,32,18
d05759,football,0,1,0,2,0,1,0,2,2,0,0,1,0,2,1,0,1,0,1,0,0,0,3,0,11,11,14,16,23,14,23,17,30,18,23,26,29,28,24,21
d05760,machine_learning,15,18,12,25,17,22,22,19,0,0,1,1,0,0,1,0,0,2,2,1,1,0,2,2,1,0,0,0,0,1,0,1,37,31,32,35,33,31,33,18
d05761,astronomy,2,0,1,0,2,1,1,2,1,0,1,2,3,1,2,2,20,17,14,10,12,13,20,20,0,1,0,1,2,1,2,2,30,23,21,24,28,15,19,26
d05762,cooking,0,0,0,1,2,1,1,0,7,11,6,14,10,10,10,12,1,0,1,1,0,1,0,1,1,2,0,2,1,0,0,0,16,13,23,22,20,19,16,18
d05763,cooking,3,5,4,2,2,4,2,6,100,99,86,80,97,84,105,76,5,7,2,5,0,3,2,2,3,7,5,5,4,5,6,2,155,145,173,146,156,134,160,143
d05764,cooking,1,1,1,0,2,1,0,0,21,30,22,28,25,20,32,28,1,0,1,0,0,0,1,4,1,0,1,1,3,1,1,3,56,48,45,36,49,41,37,35
d05765,machine_learning,15,22,11,16,12,15,25,15,1,0,1,0,1,1,1,1,0,1,2,2,1,2,0,1,0,0,2,1,1,0,2,1,16,43,17,31,27,27,27,30
d05766,cooking,0,0,1,1,0,1,0,0,5,11,6,13,5,11,12,4,1,0,0,1,0,0,0,0,0,1,0,1,1,0,2,0,14,12,22,16,13,20,15,21
d05767,cooking,0,2,1,2,1,4,1,0,18,23,21,35,26,30,26,22,1,1,1,3,2,0,3,0,1,0,1,2,1,1,0,2,56,49,50,50,48,52,55,41
d05768,football,1,0,1,0,0,0,1,0,4,0,0,1,0,0,2,0,0,0,2,0,0,0,1,1,11,15,15,11,16,9,17,17,20,29,17,20,19,11,14,26
d05769,football,0,0,1,2,1,0,0,1,0,0,1,0,7,0,0,1,1,2,0,0,1,0,1,1,22,18,31,15,22,25,23,22,42,50,40,51,35,42,45,45
d05770,football,0,0,1,0,1,2,1,0,1,1,0,2,2,0,1,2,2,0,2,0,0,0,0,1,11,14,17,22,19,18,13,7,27,22,22,25,21,18,29,27
d05771,machine_learning,2,2,4,5,3,2,2,5,0,0,0,0,0,0,0,0,0,0,0,0,0,0,0,0,0,0,0,0,1,0,0,0,5,3,6,6,3,5,1,9
d05772,cooking,1,2,0,2,2,1,2,0,39,45,38,46,33,47,35,40,2,2,1,0,4,2,2,7,2,2,1,3,2,1,2,0,57,49,60,61,63,61,75,55
d05773,football,0,0,1,0,0,1,0,1,0,0,0,0,1,0,0,0,0,0,0,0,1,1,0,1,6,5,5,6,7,14,6,2,14,10,12,13,15,11,7,12
d05774,machine_learning,25,27,29,36,31,30,28,21,1,2,1,2,1,1,3,1,4,0,1,1,0,1,1,1,2,2,3,0,1,3,2,2,45,29,43,32,41,41,38,38
d05775,football,0,1,0,1,1,1,0,1,1,0,1,0,0,1,1,0,1,0,0,0,0,1,0,0,24,21,17,19,22,26,21,11,37,28,31,35,30,18,23,28
d05776,football,0,0,2,2,0,3,2,1,1,1,4,1,2,1,4,2,2,0,2,2,3,1,1,1,35,33,46,37,52,36,51,34,73,69,79,72,62,58,78,69
d05777,machine_learning,21,10,15,23,15,11,14,16,1,0,0,0,2,1,1,1,2,0,0,1,1,1,0,0,0,1,0,1,2,0,2,0,25,21,22,31,23,20,31,32
d05778,football,2,1,1,0,2,0,0,0,1,1,1,1,0,0,0,1,2,1,0,0,0,0,0,0,7,13,12,9,8,6,8,9,16,26,30,20,16,23,20,20
d05779,football,3,0,0,0,0,2,1,1,0,1,0,2,0,0,0,0,1,0,0,0,0,0,0,0,10,15,13,18,17,9,13,8,22,20,21,23,28,22,18,16
d05780,astronomy,1,2,0,1,1,3,0,1,1,1,0,1,1,3,2,0,22,11,18,18,12,15,28,14,1,1,2,2,1,0,1,1,41,23,27,40,28,27,29,32
d05781,football,0,0,0,1,0,2,0,0,0,0,0,0,0,1,0,1,1,0,0,2,0,0,0,1,13,10,11,9,12,11,14,13,14,16,23,12,19,13,18,22
d05782,astronomy,0,3,0,1,0,2,1,0,2,0,1,1,1,2,1,1,25,19,22,12,26,13,18,19,2,0,2,0,0,2,2,0,32,31,39,31,41,36,31,23
d05783,machine_learning,64,60,56,54,53,54,42,37,4,6,2,4,0,3,2,2,3,1,2,2,2,3,2,1,5,3,0,5,1,4,0,4,82,86,87,75,60,86,97,76
d05784,football,0,0,0,0,0,0,0,0,1,1,1,0,2,0,0,0,0,0,1,0,0,1,0,0,6,9,3,6,8,8,4,7,12,12,11,13,17,7,16,6
d05785,football,0,2,2,2,0,1,1,2,0,1,2,2,3,0,0,1,2,0,1,1,1,1,3,1,22,22,33,21,22,30,26,25,37,33,26,45,32,31,34,33
d05786,machine_learning,2,7,10,11,5,6,11,8,1,1,2,0,0,0,1,0,0,0,0,1,0,0,0,1,0,0,0,0,0,0,0,0,9,15,17,13,12,15,16,11
d05787,cooking,1,0,0,1,0,0,0,0,7,11,10,10,11,8,13,18,0,0,1,0,0,1,0,0,0,0,0,0,0,1,0,0,12,17,21,18,15,11,16,17
d05788,machine_learning,6,4,8,11,13,3,11,10,1,2,0,1,0,0,1,1,1,0,0,0,0,1,1,0,2,0,0,0,0,0,0,0,11,17,13,8,17,13,8,23
d05789,cooking,0,0,0,0,0,0,1,0,15,19,16,13,8,9,11,15,0,1,0,0,3,1,1,1,0,0,2,1,1,0,2,0,19,25,28,27,21,25,22,28
d05790,cooking,1,1,1,1,0,2,0,0,9,17,19,17,11,13,10,11,1,1,0,0,0,0,0,0,0,1,2,2,1,0,1,1,17,27,26,29,18,16,17,23
d05791,cooking,1,1,1,0,2,0,0,1,15,20,25,19,23,21,36,13,3,0,2,1,0,3,0,2,0,0,1,1,0,3,1,1,38,40,37,48,40,32,38,49
d05792,football,0,0,0,0,0,0,0,0,0,1,0,0,1,0,1,0,0,0,0,0,2,0,1,0,6,5,2,2,3,5,2,2,6,6,6,4,4,6,9,5
d05793,astronomy,0,1,2,1,0,0,0,0,0,1,3,1,1,1,1,1,19,7,16,22,18,14,20,5,0,1,0,0,0,1,1,3,33,27,28,30,29,34,31,30
d05794,football,2,1,0,0,1,1,0,0,1,0,0,0,0,1,0,0,1,2,0,2,0,0,1,0,14,17,13,14,16,19,16,18,23,18,27,11,27,23,21,17
d05795,football,1,0,0,0,0,0,0,0,0,0,0,0,0,0,0,0,1,2,2,0,0,0,0,0,4,5,2,4,1,2,1,6,5,4,4,3,11,4,10,5
d05796,astronomy,1,2,1,1,0,0,0,2,2,2,1,0,0,0,2,0,22,32,19,24,23,19,22,23,1,2,0,1,4,1,2,0,37,31,29,41,35,27,40,29
d05797,football,0,2,3,1,3,3,1,1,3,2,1,1,2,4,0,0,1,2,3,4,4,2,0,2,30,47,28,29,32,40,29,45,56,64,72,58,52,59,59,63
d05798,astronomy,2,0,1,0,0,0,0,1,0,0,2,1,0,0,1,1,13,9,11,10,13,10,18,15,0,0,0,0,0,0,0,0,15,13,21,19,16,20,19,21
d05799,football,1,1,0,0,0,0,0,0,0,0,1,1,0,0,0,2,0,1,0,0,0,0,0,0,4,1,1,7,1,1,5,1,4,7,4,6,8,10,7,6
d05800,football,0,1,0,0,0,0,1,0,1,0,0,0,0,0,0,1,0,0,1,0,0,1,0,0,7,5,1,5,8,5,7,5,6,12,14,8,13,15,6,8
d05801,football,0,0,0,1,0,0,0,1,1,0,1,1,0,1,1,1,1,0,2,0,0,0,1,0,10,13,10,8,8,9,10,12,15,15,11,14,17,20,13,18
d05802,cooking,1,2,2,2,3,2,3,1,37,37,25,22,27,24,35,33,1,1,0,1,2,1,2,1,3,3,1,5,1,1,1,2,51,66,67,52,61,58,51,52
d05803,astronomy,0,1,0,0,0,0,0,1,0,1,0,0,0,0,1,1,2,6,8,11,2,7,4,6,0,0,0,0,0,0,1,0,6,6,10,9,13,7,10,11
d05804,cooking,1,2,1,0,0,0,2,0,12,10,17,28,17,19,14,16,0,0,0,1,0,1,0,0,0,1,2,0,2,0,1,0,31,27,39,33,32,32,29,32
d05805,cooking,0,1,0,5,0,1,4,0,13,20,17,26,15,23,23,27,0,2,0,3,0,1,1,1,0,1,0,0,2,2,2,2,39,38,30,38,31,31,40,43
d05806,cooking,2,0,1,0,0,0,0,0,8,14,13,12,10,12,10,8,2,0,1,0,0,1,1,1,1,1,0,1,0,1,0,1,12,17,17,9,14,13,14,11
d05807,machine_learning,27,23,21,26,20,20,27,18,2,1,2,1,1,1,0,0,2,3,2,2,1,0,0,2,0,1,2,1,1,0,2,1,31,37,44,34,34,49,33,40
d05808,machine_learning,2,3,4,3,3,4,5,1,0,0,0,0,0,0,0,0,0,0,0,0,0,0,0,1,0,0,1,0,0,0,0,0,5,4,7,3,5,3,4,9
d05809,football,0,1,0,1,0,2,1,2,0,1,1,2,0,0,0,0,2,0,0,0,0,0,0,0,14,16,20,19,17,21,17,23,26,37,16,45,38,29,26,22
d05810,football,1,1,1,3,0,2,2,1,1,1,1,1,1,1,0,0,0,0,0,0,1,0,0,4,24,14,16,16,15,13,18,11,34,26,19,32,18,29,20,31
d05811,astronomy,1,1,1,1,2,0,1,0,0,0,0,1,0,0,1,0,10,15,16,10,9,11,6,12,1,0,0,0,1,1,0,0,16,27,23,12,14,22,20,21
d05812,cooking,0,0,2,0,2,2,0,0,5,12,12,10,14,16,11,12,0,0,0,0,0,0,0,1,0,0,0,1,1,0,2,0,14,22,22,16,9,12,25,14
d05813,football,2,0,1,3,0,1,3,1,2,1,0,0,0,1,1,1,2,1,1,2,2,2,2,0,33,24,42,29,38,30,41,37,60,47,61,54,44,48,49,46
d05814,astronomy,1,2,0,1,1,0,1,0,0,1,0,1,1,0,0,3,12,13,6,20,16,11,17,15,1,0,0,0,0,1,0,0,20,26,16,15,26,29,28,22
d05815,astronomy,1,0,0,0,0,0,1,0,1,0,0,2,0,0,0,0,6,7,9,8,7,7,4,6,1,1,0,0,0,0,0,0,19,12,10,5,14,9,12,9
d05816,astronomy,0,0,1,3,1,1,2,0,1,0,0,1,1,3,0,0,13,7,4,12,14,19,19,10,0,0,0,0,0,0,0,1,23,27,17,16,25,20,29,18
d05817,machine_learning,47,53,51,38,48,54,51,64,1,3,5,3,3,2,2,1,6,0,4,0,0,2,5,2,4,1,3,3,2,4,4,3,73,79,99,89,80,84,87,77
d05818,machine_learning,7,3,6,4,3,2,8,6,1,0,0,0,1,0,1,0,0,0,0,0,2,0,0,0,0,1,0,2,0,0,0,1,9,10,5,10,10,6,10,14
d05819,cooking,0,2,2,0,1,0,4,2,33,42,47,54,43,36,42,38,4,1,3,2,3,2,0,0,0,0,1,0,1,3,3,2,76,59,75,52,68,55,60,58
d05820,football,4,2,1,3,0,1,2,0,1,1,1,0,0,0,0,0,2,1,3,0,1,1,0,0,18,20,26,18,17,20,21,26,34,26,33,32,30,33,27,45
d05821,cooking,1,0,3,0,2,1,1,3,17,21,24,20,16,19,16,26,0,1,1,1,0,0,0,3,1,2,0,2,3,0,0,2,24,32,29,27,29,32,31,31
d05822,cooking,0,1,0,0,0,0,0,0,11,7,8,7,11,7,8,7,1,0,0,0,0,0,0,1,0,0,0,1,0,1,1,0,13,5,12,11,15,11,12,14
d05823,football,0,0,0,0,3,0,1,0,0,0,0,0,0,0,0,1,0,0,0,0,0,0,0,0,4,3,2,1,2,8,6,4,4,5,6,8,9,12,7,5
d05824,cooking,0,0,0,0,1,1,1,1,29,17,32,40,19,22,24,22,1,0,1,0,0,2,3,0,1,2,1,1,0,1,0,0,50,42,37,39,39,43,40,41
d05825,football,2,3,2,3,2,3,1,1,1,0,1,2,2,2,2,1,2,1,5,1,1,1,3,1,49,46,42,38,49,51,51,42,66,69,62,74,48,74,83,52
d05826,football,1,0,3,1,1,2,1,2,1,3,0,0,0,0,1,1,0,1,0,0,1,0,1,1,25,20,19,36,26,19,24,29,43,43,31,29,32,43,39,46
d05827,machine_learning,5,2,2,1,6,5,1,4,0,0,0,0,0,0,0,0,0,0,0,0,0,0,1,0,0,0,0,0,0,0,0,0,5,10,7,5,5,2,4,4
d05828,football,0,0,1,1,0,2,2,2,2,3,0,3,0,1,3,2,2,1,0,1,1,0,1,2,30,31,28,23,26,24,16,18,25,44,34,31,35,43,27,31
d05829,cooking,5,3,2,3,7,2,3,2,87,67,77,61,81,86,71,69,2,2,6,3,0,4,7,3,2,2,2,4,5,6,2,5,128,130,120,149,135,123,127,128
d05830,astronomy,2,1,3,1,0,1,2,1,0,2,3,2,1,0,0,2,18,21,13,11,16,13,14,17,0,1,1,0,1,0,2,0,21,21,22,32,22,27,23,27
d05831,cooking,5,12,10,9,4,2,13,9,172,145,175,194,156,180,175,169,6,8,8,7,6,11,6,5,4,3,6,11,7,5,12,11,304,282,283,273,286,263,309,278
d05832,astronomy,1,0,1,1,3,1,1,1,1,2,2,1,0,1,1,1,17,30,24,19,13,20,34,31,2,3,1,0,1,3,1,5,29,44,52,39,28,40,34,45
d05833,football,1,0,1,0,2,0,0,0,1,0,0,1,1,1,0,1,0,1,0,2,0,2,0,1,15,13,16,24,11,22,16,19,24,34,28,21,24,37,20,26
d05834,machine_learning,67,49,69,51,67,57,52,65,5,0,4,1,3,3,2,1,2,4,3,1,2,4,1,2,1,3,5,2,3,4,3,0,109,101,86,102,99,94,108,107
d05835,football,0,0,0,0,0,0,0,0,0,1,1,0,0,0,1,0,0,0,0,1,0,0,0,0,3,4,6,8,7,3,7,6,5,11,9,9,9,6,2,4
d05836,machine_learning,27,35,29,27,23,24,31,30,1,1,1,0,1,0,1,2,0,0,3,1,1,1,0,0,1,0,0,2,2,0,1,1,30,30,30,36,33,47,55,42
d05837,football,0,0,0,1,0,0,0,0,0,1,0,1,0,0,0,0,0,0,0,0,0,0,0,0,15,7,4,3,5,7,9,11,9,15,17,16,22,13,9,16
d05838,football,1,1,1,1,0,0,1,0,4,2,0,0,1,0,1,0,0,0,1,1,0,0,0,2,20,23,21,16,15,21,16,15,31,27,25,32,27,25,29,31
d05839,cooking,0,0,0,0,1,0,1,0,10,9,9,11,6,11,12,6,1,0,0,1,0,0,1,2,0,0,0,1,0,1,0,0,16,15,9,9,16,18,15,17
d05840,astronomy,1,0,0,0,1,1,1,0,0,1,1,0,1,2,0,1,15,13,12,26,22,15,16,22,0,0,0,1,1,1,3,1,26,22,32,26,21,17,33,22
d05841,football,1,1,0,0,0,0,1,0,0,1,0,0,1,0,0,0,0,0,1,0,0,0,0,1,6,10,7,6,9,10,12,4,14,14,11,17,12,12,12,18
d05842,machine_learning,28,38,38,18,31,35,32,30,1,2,0,0,0,2,3,2,1,1,2,0,0,2,1,3,1,1,1,1,3,0,3,2,46,51,56,52,58,63,52,56
d05843,cooking,0,2,0,0,1,1,0,1,12,10,10,5,14,11,15,11,1,1,0,0,2,0,0,2,0,2,0,0,0,2,0,1,18,14,22,17,18,24,13,24
d05844,astronomy,1,0,3,2,0,4,3,0,2,2,0,0,3,3,0,0,30,28,24,16,26,30,28,18,0,2,0,2,0,1,2,1,43,30,48,40,43,40,35,35
d05845,cooking,2,1,1,2,0,1,0,2,30,31,26,28,23,20,24,27,1,1,1,3,3,1,0,0,1,1,2,2,3,2,1,1,38,37,41,41,46,35,37,50
d05846,cooking,0,0,0,0,1,0,0,0,8,8,8,13,9,3,5,7,0,0,1,0,0,0,0,0,1,0,1,0,0,0,0,0,10,7,13,6,11,10,9,14
d05847,astronomy,0,0,1,0,0,0,1,1,0,1,0,0,1,0,1,1,6,3,4,7,5,3,4,3,0,0,0,0,0,0,0,0,5,12,5,12,6,6,7,5
d05848,machine_learning,6,7,6,5,5,4,5,4,0,0,0,0,0,0,0,0,0,0,0,1,0,0,0,0,0,0,0,0,0,0,0,0,9,13,13,11,7,12,8,7
d05849,astronomy,1,0,3,1,5,4,2,2,1,4,4,2,1,1,2,1,54,45,53,48,54,51,50,51,2,2,4,3,3,0,0,0,83,72,94,80,72,81,84,78
d05850,machine_learning,4,7,13,4,2,4,5,3,0,0,0,0,0,1,0,0,0,0,0,0,1,0,0,0,0,0,0,0,1,1,1,1,10,14,12,8,8,10,11,15
d05851,machine_learning,6,9,3,6,4,9,6,3,0,1,0,1,0,0,0,1,1,0,0,0,0,0,0,0,0,0,0,0,0,1,0,1,14,7,8,4,8,11,10,10
d05852,football,1,2,0,1,0,1,1,1,0,0,0,0,0,0,1,1,0,0,0,0,0,0,1,0,6,4,6,6,8,6,4,2,14,5,8,10,9,17,13,4
d05853,astronomy,1,1,3,0,0,0,0,0,1,0,0,0,0,2,0,0,14,11,14,12,10,19,14,15,2,2,0,0,0,0,0,0,19,16,27,26,24,23,22,21
d05854,astronomy,3,1,1,0,0,2,0,0,0,0,1,0,0,1,0,0,10,17,6,14,18,19,11,7,0,0,0,0,1,0,0,0,20,15,10,21,11,25,16,27
d05855,machine_learning,3,1,3,4,5,8,0,2,0,0,0,0,1,0,0,1,0,0,0,0,0,1,0,0,2,0,0,0,0,0,0,0,4,2,7,6,5,6,7,5
d05856,cooking,0,2,0,0,0,0,0,0,8,13,5,7,16,12,7,9,1,0,1,0,1,0,0,0,2,1,0,0,1,0,0,0,12,16,13,11,14,15,15,15
d05857,cooking,0,0,0,0,1,0,0,0,5,7,7,8,7,2,8,3,0,0,0,0,0,0,0,0,0,0,0,0,0,0,2,1,12,9,11,14,11,12,12,15
d05858,cooking,0,0,0,1,0,0,0,0,7,6,4,7,5,13,6,10,1,1,0,0,2,0,0,0,0,0,0,0,0,0,1,0,11,6,15,13,14,7,14,10
d05859,machine_learning,18,28,29,29,17,21,26,32,1,0,0,2,2,0,0,0,2,3,1,1,3,0,1,2,0,0,1,2,1,2,3,2,49,40,38,39,37,53,51,28
d05860,cooking,1,2,0,1,3,1,0,2,23,27,23,26,26,22,29,25,1,0,2,2,2,1,0,1,2,0,0,2,0,1,2,0,37,35,38,39,34,40,33,46
d05861,machine_learning,7,10,11,11,8,9,9,8,1,0,0,0,1,1,1,1,0,0,0,1,0,0,0,1,0,0,0,0,1,1,0,1,18,20,10,19,15,14,15,11
d05862,football,4,0,0,0,0,0,0,3,0,1,3,1,1,2,0,0,0,1,2,1,0,0,1,3,18,12,13,18,21,18,21,21,28,28,31,40,26,38,31,30
d05863,cooking,0,0,0,0,1,0,0,0,10,4,6,8,9,10,8,7,0,0,0,0,0,0,0,0,1,1,0,0,2,0,0,2,12,10,7,11,13,9,10,13
d05864,astronomy,3,2,1,0,4,3,2,3,2,1,2,2,2,1,2,1,30,41,46,41,40,42,38,38,1,1,3,2,0,2,5,2,52,54,69,69,67,78,75,66
d05865,machine_learning,6,4,12,12,11,10,8,6,0,0,0,1,0,0,2,1,0,0,0,0,2,0,1,0,1,0,0,0,0,0,0,0,15,17,24,17,12,9,14,10
d05866,cooking,1,0,0,1,0,1,0,0,18,19,9,12,9,14,12,15,0,1,0,0,0,0,1,1,1,2,0,1,1,0,1,0,26,28,22,21,22,25,24,17
d05867,astronomy,0,3,3,1,1,2,3,1,5,0,3,1,2,5,3,2,37,36,26,26,41,38,41,39,2,3,2,2,2,6,0,1,67,60,64,62,77,63,67,63
d05868,cooking,0,0,1,0,0,0,0,1,9,17,5,9,5,11,8,7,0,1,0,0,0,0,1,0,0,1,0,1,1,0,0,0,12,9,16,12,16,15,10,20
d05869,football,0,0,2,2,3,3,2,1,1,1,2,1,0,2,3,2,1,2,2,3,1,2,3,2,29,32,21,29,38,30,30,30,46,39,55,37,40,52,56,44
d05870,cooking,1,0,0,2,1,0,0,0,9,10,5,14,11,5,12,14,1,0,2,0,1,1,0,1,0,0,1,0,1,0,1,0,24,14,21,21,20,26,19,18
d05871,machine_learning,28,39,27,27,32,26,30,24,1,2,1,1,0,0,1,4,0,2,2,4,2,0,0,3,3,1,1,3,1,1,2,6,53,48,56,58,49,49,45,56
d05872,cooking,1,0,0,0,0,0,0,2,6,10,5,5,8,3,6,7,0,1,0,0,0,0,0,0,0,0,0,0,1,0,0,1,9,11,7,9,12,6,9,11
d05873,astronomy,3,1,0,1,2,2,0,0,1,0,0,2,0,1,2,1,27,27,18,24,21,20,31,25,0,1,1,1,1,3,0,1,27,39,34,29,31,37,36,39
d05874,cooking,0,1,4,1,0,0,1,2,12,18,17,7,9,9,7,7,0,0,1,1,0,0,0,0,0,1,0,0,2,1,0,0,8,19,18,18,14,26,19,12
d05875,football,3,0,0,1,0,2,0,0,1,0,1,0,1,1,0,0,2,1,1,2,0,0,1,0,14,9,6,12,9,2,10,9,21,17,16,12,15,22,13,23
d05876,astronomy,0,0,0,1,1,1,0,1,5,1,3,0,2,1,1,0,19,22,16,19,21,15,17,17,0,1,0,0,0,1,0,0,25,29,22,31,29,29,29,34
d05877,cooking,0,1,0,1,0,0,0,0,7,8,5,9,6,8,3,8,0,1,0,0,0,0,0,1,0,0,0,1,0,0,0,0,7,7,7,7,11,9,13,17
d05878,cooking,3,1,2,1,3,4,2,1,21,18,28,20,31,25,25,30,3,1,0,1,1,0,0,3,1,1,0,1,1,0,3,1,52,47,47,28,39,32,39,33
d05879,astronomy,0,0,1,1,0,1,3,0,0,0,0,1,0,1,1,3,15,14,15,12,9,10,8,17,0,1,1,0,0,0,0,1,13,30,27,22,32,20,24,25
d05880,astronomy,0,0,0,0,0,0,3,1,0,0,0,0,2,0,0,0,11,9,5,10,8,2,7,14,0,0,1,0,1,0,1,0,5,11,9,14,13,13,11,11
d05881,cooking,0,1,1,1,0,0,1,0,15,10,20,13,13,17,21,13,0,0,0,0,1,1,0,1,0,1,1,0,0,0,1,1,15,24,16,39,17,28,24,28
d05882,football,0,1,0,0,1,0,0,0,0,0,0,0,0,0,0,1,0,0,0,0,2,0,1,1,4,3,5,7,3,5,7,8,8,8,14,11,9,11,7,8
d05883,cooking,1,0,1,1,0,1,0,0,12,18,26,14,26,8,23,12,1,2,3,0,0,2,0,1,1,1,1,0,2,0,0,2,33,29,29,31,26,29,31,33
d05884,machine_learning,11,6,5,7,5,12,6,4,0,0,2,1,0,0,0,0,1,0,1,0,0,0,0,0,1,1,0,0,0,0,0,2,10,12,14,8,15,8,18,13
d05885,astronomy,5,3,1,1,0,0,2,1,2,0,2,0,5,0,0,0,33,31,36,39,35,45,30,37,1,4,1,0,1,1,2,3,52,54,49,46,58,65,63,59
d05886,football,3,0,0,1,1,0,0,0,0,1,0,1,1,2,0,0,0,1,1,0,1,0,1,0,10,9,15,13,12,13,14,11,15,18,9,29,17,22,15,26
d05887,cooking,0,1,1,2,0,1,0,0,12,9,14,20,20,14,10,8,1,0,0,1,0,0,0,1,0,0,2,0,0,1,0,1,24,27,24,29,22,19,22,36
d05888,astronomy,0,0,0,0,0,1,1,0,0,0,0,0,2,0,1,0,11,9,13,8,7,15,5,9,0,0,0,0,1,0,0,0,16,18,9,21,20,14,13,18
d05889,machine_learning,17,21,20,23,15,31,20,17,0,0,0,0,1,1,2,1,1,0,0,2,2,0,0,2,2,0,1,0,0,0,0,0,33,39,30,24,33,35,45,38
d05890,machine_learning,24,22,24,16,24,18,19,23,2,1,0,1,1,1,1,2,0,3,2,0,0,3,2,1,2,0,1,0,3,0,0,0,43,37,40,32,49,40,40,40
d05891,machine_learning,31,27,32,22,33,24,27,23,0,0,4,1,0,0,2,2,2,1,2,0,1,1,3,2,3,1,3,0,2,0,1,0,37,43,48,39,40,41,42,43
d05892,cooking,2,3,1,3,0,0,6,1,40,34,44,35,37,45,39,29,2,2,1,3,1,1,0,3,0,3,0,0,1,2,2,1,64,63,54,61,71,63,68,70
d05893,football,0,0,0,0,0,1,0,0,1,0,0,0,1,1,0,0,1,0,1,0,0,0,1,0,4,4,6,3,3,8,6,5,8,6,13,9,6,12,12,12
d05894,astronomy,1,0,1,1,1,0,0,0,1,0,0,0,1,0,1,0,10,6,6,12,12,12,7,7,0,0,2,0,1,0,0,1,19,17,18,11,14,13,19,14
d05895,machine_learning,9,12,21,15,20,16,17,19,1,1,3,1,2,2,1,0,1,0,1,0,1,2,2,1,0,0,1,1,2,0,0,2,29,21,31,31,24,30,35,31
d05896,cooking,1,1,0,1,0,1,0,0,8,10,7,14,5,4,10,19,0,0,1,0,1,0,1,0,1,1,0,1,0,0,1,2,17,23,14,12,9,14,19,12
d05897,astronomy,1,0,0,0,0,0,1,1,1,0,0,0,0,0,1,1,4,8,8,4,7,4,5,4,0,0,0,0,0,1,0,0,9,7,11,10,9,10,10,11
d05898,astronomy,1,1,1,3,0,1,1,2,0,1,0,2,2,0,1,0,14,24,12,16,17,21,21,16,3,1,0,1,0,0,1,1,32,33,28,20,22,31,36,26
d05899,football,0,0,1,0,0,0,0,0,0,0,0,0,0,0,0,0,0,0,0,0,0,2,0,0,3,3,5,3,4,1,4,0,8,8,9,1,6,7,6,5
d05900,machine_learning,23,24,17,16,25,27,27,15,0,0,1,1,2,1,2,0,3,1,2,0,1,1,3,2,4,0,1,2,1,3,2,2,44,30,39,41,37,40,36,39
d05901,machine_learning,41,29,33,35,32,37,42,26,1,0,1,0,5,0,0,2,2,2,1,5,3,1,1,4,1,3,0,2,1,2,2,3,69,53,63,61,50,54,56,53
d05902,football,0,1,0,0,0,1,0,0,0,1,0,0,1,0,0,1,0,0,2,1,0,2,0,0,8,7,5,6,11,11,10,10,11,15,11,16,19,19,22,13
d05903,cooking,0,0,0,0,0,0,0,0,7,10,7,12,4,15,10,9,2,1,0,1,0,1,0,0,1,3,0,0,1,0,1,0,12,15,14,11,21,9,14,16
d05904,astronomy,0,0,1,1,1,2,0,0,1,3,2,1,0,0,0,0,31,25,28,26,29,17,16,17,1,1,0,2,3,2,1,0,37,42,38,43,48,33,37,40
d05905,cooking,2,1,0,1,0,3,4,2,33,41,31,39,38,43,42,32,0,2,0,3,5,2,3,4,2,1,1,2,1,5,5,0,61,75,47,64,58,85,76,72
d05906,football,0,0,1,0,1,0,1,0,0,0,0,1,0,0,0,1,0,2,0,0,0,1,0,0,3,8,6,4,1,3,5,5,10,6,10,4,17,12,7,6
d05907,football,0,0,0,0,0,1,1,1,1,0,0,0,0,0,1,3,1,1,1,0,0,1,1,0,13,15,14,10,10,15,11,14,20,11,24,19,15,13,10,19
d05908,astronomy,0,0,0,1,2,2,0,0,0,1,0,0,1,1,1,1,20,12,20,13,11,21,18,21,1,0,1,0,3,1,2,3,29,31,35,37,29,28,31,42
d05909,football,4,2,4,1,4,2,2,1,1,2,3,3,3,4,4,6,4,1,3,0,4,0,2,1,64,50,59,56,56,53,52,49,80,100,90,87,74,80,103,83
d05910,cooking,1,1,0,0,0,0,0,0,9,6,4,4,9,9,5,13,0,0,0,0,0,0,0,1,1,0,0,0,0,0,0,0,15,8,20,11,17,12,18,8
d05911,astronomy,2,1,1,1,0,1,0,0,0,0,1,0,3,0,1,1,12,10,15,17,8,11,8,22,0,1,3,0,1,0,1,0,16,27,22,20,13,10,23,16
d05912,machine_learning,10,5,6,6,6,4,7,8,0,0,1,0,0,0,0,0,1,0,0,1,0,0,1,0,0,0,0,0,1,0,0,0,11,10,11,11,9,13,18,19
d05913,machine_learning,28,41,21,28,23,30,26,29,1,1,4,0,1,1,0,1,0,3,2,3,0,4,1,4,2,1,1,1,1,2,0,1,37,50,41,59,52,49,36,53
d05914,machine_learning,8,10,13,20,16,10,16,13,0,0,1,0,1,0,1,1,1,0,1,0,1,1,1,0,0,0,1,0,2,0,0,1,28,32,23,24,32,18,18,21
d05915,football,2,0,0,0,0,2,0,0,3,0,0,0,0,0,0,1,0,0,0,0,0,1,1,1,11,12,12,14,7,6,9,8,20,24,25,23,17,26,9,22
d05916,astronomy,0,0,0,0,0,2,0,0,0,0,1,0,0,2,0,0,11,10,13,14,7,10,9,9,0,0,1,3,0,0,0,0,15,13,18,15,15,15,22,21
d05917,astronomy,0,0,2,0,1,0,1,2,3,2,2,1,0,2,0,0,32,21,35,29,23,30,21,27,1,0,0,1,0,1,2,1,51,29,35,55,40,44,46,37
d05918,cooking,1,1,2,1,3,2,3,2,40,42,37,42,38,41,43,51,3,1,3,2,6,4,2,1,2,0,3,1,3,2,0,2,66,63,78,72,80,82,65,74
d05919,cooking,0,1,3,0,1,1,0,0,7,20,10,13,21,17,20,13,2,1,0,0,1,0,0,0,2,3,1,0,0,1,1,2,23,24,18,30,26,23,28,23
d05920,football,1,1,0,0,1,0,1,2,2,3,1,3,1,0,2,1,0,0,0,2,2,1,1,0,28,16,28,23,29,33,29,24,43,37,45,26,42,30,33,32
d05921,astronomy,2,2,0,1,3,2,2,0,1,2,3,1,1,1,1,1,22,18,21,30,28,17,23,19,2,1,1,1,0,1,1,2,42,34,38,35,36,42,25,27
d05922,football,1,0,0,0,0,2,1,0,1,0,0,0,0,0,0,2,0,0,0,0,0,0,0,1,10,7,6,5,5,11,11,7,17,9,10,9,14,10,8,10
d05923,machine_learning,61,57,73,68,58,68,72,65,2,5,5,2,3,2,4,3,2,6,5,3,1,4,3,3,2,4,5,1,3,1,3,1,113,99,99,111,90,107,91,93
d05924,astronomy,0,0,0,0,0,0,0,0,0,0,1,0,0,0,0,0,4,1,0,2,5,4,3,4,1,0,0,0,1,0,2,0,3,3,6,5,4,4,5,6
d05925,cooking,1,0,0,0,0,1,0,2,18,16,14,13,26,13,22,15,2,1,1,0,1,1,1,0,1,1,1,1,0,1,0,1,34,42,28,31,21,28,36,22
d05926,cooking,0,0,2,1,4,3,0,2,30,35,30,35,40,34,26,33,4,1,4,2,1,2,1,2,1,1,3,2,2,1,1,4,53,55,55,57,49,64,51,62
d05927,astronomy,0,3,1,1,0,1,0,0,0,2,0,0,0,0,0,1,23,13,13,18,14,14,17,11,0,2,2,0,1,0,1,2,30,29,33,40,40,26,24,34
d05928,football,0,1,1,0,0,0,1,0,0,1,1,1,0,0,0,1,0,0,1,0,0,0,1,0,9,12,9,9,8,10,9,14,14,14,13,21,15,6,5,14
d05929,astronomy,0,1,0,0,0,3,0,1,0,2,0,2,3,1,0,0,15,5,10,7,9,3,9,6,0,0,0,1,1,1,0,0,17,21,25,17,22,18,15,14
d05930,cooking,2,0,0,1,1,0,0,1,8,8,17,9,19,5,13,14,0,1,0,1,0,0,0,0,0,1,0,0,1,1,0,0,13,8,16,23,16,17,13,19
d05931,football,0,0,0,0,1,0,0,1,0,1,0,0,1,0,1,0,0,0,0,0,0,0,0,0,8,8,8,8,7,8,5,10,16,11,18,11,14,10,10,4
d05932,cooking,0,0,0,0,1,0,0,0,4,5,4,6,5,3,4,6,0,0,0,0,2,0,0,0,0,0,0,0,1,1,0,1,3,5,2,7,5,8,4,6
d05933,cooking,0,0,0,1,1,2,2,0,11,16,9,11,5,20,16,13,1,0,0,0,0,2,0,0,1,0,1,0,1,3,0,0,16,17,17,22,22,29,14,22
d05934,machine_learning,14,10,14,14,13,12,16,8,1,1,1,0,0,1,2,0,0,3,0,1,0,0,1,0,0,1,1,1,0,0,0,0,23,24,22,22,20,17,15,20
d05935,cooking,1,0,0,0,1,0,2,0,25,11,15,17,7,9,13,10,1,0,0,0,0,0,2,1,0,1,0,0,0,0,0,0,20,19,17,21,16,15,15,23
d05936,football,3,1,4,1,4,6,2,2,3,1,3,0,3,0,1,4,3,3,4,7,2,4,2,3,69,66,56,58,81,58,56,76,104,126,114,88,110,106,81,106
d05937,cooking,2,1,2,0,2,1,4,4,37,41,36,42,32,40,37,29,2,1,1,1,0,2,1,1,1,1,1,0,1,0,1,4,58,66,52,48,67,60,53,42
d05938,cooking,0,0,1,1,1,1,1,0,27,25,17,22,21,21,23,19,2,0,1,1,2,0,1,1,1,1,2,2,0,0,1,1,27,39,29,41,34,35,37,39
d05939,astronomy,2,3,0,2,0,2,2,1,3,1,1,1,4,0,3,2,44,37,31,44,36,38,42,33,2,2,1,0,4,2,1,3,86,61,75,44,88,66,68,77
d05940,machine_learning,10,16,15,11,16,19,21,17,1,0,1,0,1,0,0,1,0,0,1,1,0,0,0,0,0,1,1,1,1,2,0,0,24,19,26,18,25,27,13,15
d05941,astronomy,0,0,0,0,0,1,1,1,1,0,0,1,2,0,1,1,19,14,12,11,9,12,13,18,0,1,0,1,1,2,1,0,20,23,16,27,19,24,21,21
d05942,football,0,1,1,0,3,1,1,1,1,3,2,1,2,2,3,0,1,0,0,0,1,2,0,1,18,20,28,25,24,20,17,18,25,26,22,31,30,29,32,29
d05943,astronomy,2,1,0,0,0,0,3,0,1,0,0,1,0,0,2,1,12,7,10,11,13,12,7,15,1,0,0,2,2,0,0,0,22,16,25,26,23,11,34,24
d05944,cooking,2,2,1,2,2,1,2,1,33,36,32,38,31,32,32,22,3,1,2,0,1,0,3,2,1,1,0,0,1,1,2,4,46,45,53,43,43,57,39,43
d05945,cooking,2,5,8,2,4,2,4,4,90,75,95,78,76,81,81,78,3,2,6,3,1,5,3,7,1,0,4,4,1,4,0,1,102,114,154,110,126,121,128,138
d05946,cooking,4,1,1,1,0,1,2,1,38,31,20,27,24,29,19,29,0,2,0,2,1,1,2,2,1,3,1,2,0,2,1,0,43,43,34,45,38,30,42,38
d05947,cooking,1,2,3,4,1,3,2,1,39,34,39,41,30,43,47,26,1,2,1,0,3,3,0,2,0,0,0,2,4,2,3,2,73,67,63,68,65,59,68,64
d05948,astronomy,1,0,3,1,0,2,1,4,0,1,0,3,0,3,0,1,32,25,22,33,33,26,27,19,1,2,2,2,1,0,1,1,45,47,47,56,49,47,49,53
d05949,football,0,1,0,0,3,0,0,0,0,0,0,0,0,1,1,0,0,1,0,3,0,0,1,0,6,9,4,8,11,7,6,7,15,14,10,18,9,13,10,16
d05950,astronomy,0,0,0,0,0,0,0,0,0,0,0,0,0,0,0,1,7,7,4,6,8,10,4,6,0,0,0,0,0,0,0,0,9,16,12,9,6,4,13,4
d05951,football,1,3,0,1,1,0,1,2,4,3,3,3,2,3,0,1,2,0,1,1,0,1,2,1,35,42,32,37,32,35,40,36,61,73,56,55,56,64,59,63
d05952,cooking,1,0,0,0,0,0,2,0,20,18,17,15,13,17,23,16,1,0,2,0,1,0,2,1,1,1,2,1,0,1,0,1,24,28,40,27,26,25,41,31
d05953,football,1,3,0,1,0,0,0,0,0,1,1,0,4,0,0,1,0,0,1,0,2,1,1,1,17,16,26,18,15,19,20,17,21,35,25,36,33,34,27,29
d05954,football,0,1,0,0,0,1,0,0,0,0,0,0,0,1,1,0,0,1,0,1,0,0,0,0,3,3,8,7,4,2,4,6,8,8,12,6,11,7,8,8
d05955,cooking,0,0,2,0,3,0,0,0,23,18,15,20,20,12,25,23,1,1,2,0,0,0,1,2,0,3,1,1,0,1,1,3,30,35,33,27,30,33,28,27
d05956,cooking,0,0,0,1,0,0,1,3,18,17,27,23,23,17,26,33,2,0,0,0,2,1,1,0,0,0,1,0,3,1,0,1,50,28,36,45,32,38,45,38
d05957,astronomy,2,3,2,1,3,0,2,3,6,4,2,2,3,0,3,2,47,43,46,56,44,47,55,43,1,1,3,2,5,4,1,3,87,87,69,92,89,71,77,84
d05958,cooking,2,4,3,2,4,0,4,3,57,61,52,72,61,55,49,72,1,1,3,2,4,4,0,2,0,1,2,3,1,5,3,3,80,103,101,113,91,93,99,106
d05959,astronomy,1,0,0,0,0,1,2,1,1,0,0,2,2,0,0,2,12,11,10,7,6,10,8,4,0,1,1,0,0,2,0,0,13,15,18,20,12,14,15,13
d05960,football,1,0,1,3,1,1,0,0,0,0,0,2,0,2,1,0,1,1,0,1,1,2,0,0,14,12,12,5,10,7,13,14,22,15,18,25,26,21,26,32
d05961,machine_learning,29,25,23,16,11,32,25,25,3,1,2,3,2,1,1,1,0,3,0,1,2,0,1,3,3,3,1,1,0,1,0,1,39,36,43,44,30,42,33,39
d05962,astronomy,1,0,0,1,0,0,1,0,1,0,0,0,1,0,1,1,11,13,8,12,6,7,8,12,0,0,1,1,0,2,0,1,25,18,13,12,13,13,14,8
d05963,astronomy,2,0,0,0,1,0,1,0,1,0,0,0,2,0,1,0,4,2,6,5,1,3,8,5,0,0,0,0,1,2,0,0,9,6,11,8,11,11,12,8
d05964,cooking,1,1,3,2,3,0,1,2,35,38,39,42,35,32,51,33,1,3,2,1,0,1,2,0,1,0,1,0,1,1,1,0,73,68,61,63,67,49,69,68
d05965,football,0,1,0,2,1,2,0,0,2,3,2,1,3,2,1,2,0,4,4,1,1,0,1,4,32,25,17,26,25,30,25,25,46,49,36,36,68,46,46,44
d05966,machine_learning,4,7,6,4,11,8,6,5,0,2,1,1,0,1,1,0,0,0,0,0,0,0,1,0,0,0,1,0,0,0,0,0,15,8,9,10,8,15,15,11
d05967,cooking,0,0,2,1,0,2,0,1,17,28,15,22,19,28,20,19,1,3,1,0,2,3,1,2,1,2,0,1,1,1,0,0,20,32,34,33,38,33,44,36
d05968,cooking,1,3,4,4,3,1,3,4,50,42,41,55,39,38,54,58,2,0,3,4,0,3,3,3,1,3,2,3,4,3,2,1,68,76,58,81,73,84,64,103
d05969,football,0,1,0,0,2,1,0,1,0,1,2,0,0,1,1,1,1,0,2,3,0,2,1,1,18,20,22,13,19,15,23,19,27,35,36,39,23,20,30,30
d05970,machine_learning,13,4,12,6,17,20,12,10,0,1,0,1,1,2,1,0,1,1,0,0,1,0,2,0,1,0,1,1,0,1,0,1,16,16,18,15,19,14,23,24
d05971,cooking,0,1,0,0,0,1,0,1,12,10,12,8,6,8,6,6,1,0,1,0,1,0,0,0,0,0,0,0,1,0,0,0,13,13,12,10,16,9,15,15
d05972,cooking,2,1,0,2,1,2,1,0,19,20,14,11,20,23,17,16,0,0,1,1,1,0,0,0,0,1,0,0,2,1,0,0,19,25,15,21,27,42,22,30
d05973,cooking,0,1,1,3,6,1,3,5,40,47,52,56,53,55,48,56,4,4,3,2,2,1,6,1,1,1,3,1,0,1,4,2,81,88,82,94,80,81,76,86
d05974,cooking,2,1,5,1,4,1,1,5,73,83,67,62,78,69,59,62,6,3,2,2,7,6,5,6,2,4,3,4,1,1,2,1,79,132,122,116,124,106,122,127
d05975,cooking,0,1,1,2,2,1,1,0,16,15,19,12,25,12,14,15,0,0,1,2,1,0,0,1,1,2,0,2,2,2,1,2,35,27,20,33,25,22,36,29
d05976,football,0,1,1,0,0,0,1,0,1,1,1,0,0,1,1,1,0,1,0,0,0,1,1,0,10,14,16,20,11,14,6,8,14,18,21,20,24,20,21,11
d05977,astronomy,0,0,0,1,0,0,0,0,0,0,0,1,0,0,0,0,6,3,2,3,3,4,8,8,0,0,0,0,0,1,0,0,6,4,13,7,5,7,3,5
d05978,cooking,0,1,0,3,1,0,0,1,19,11,16,6,8,14,12,12,2,0,0,0,0,0,0,1,1,1,0,0,0,0,0,0,23,25,18,20,27,21,6,27
d05979,astronomy,0,0,0,0,0,1,0,0,0,0,0,1,0,0,0,0,8,13,9,8,8,2,7,3,0,1,0,0,0,0,0,0,15,13,12,18,10,20,18,11
d05980,machine_learning,6,4,7,1,6,8,5,4,0,0,1,0,0,1,0,0,0,0,0,0,0,0,1,1,0,0,0,0,0,0,0,0,11,8,12,4,10,9,7,7
d05981,astronomy,2,4,3,2,7,4,0,4,4,3,3,2,5,3,2,2,72,60,63,70,57,67,54,47,1,1,5,1,2,2,4,4,94,82,92,96,92,104,93,101
d05982,astronomy,0,0,0,1,0,0,0,1,2,0,1,1,0,0,1,0,8,5,5,5,9,5,11,7,0,0,0,0,2,0,0,0,19,11,19,19,12,14,19,13
d05983,machine_learning,10,13,14,10,12,19,13,13,0,1,1,0,1,0,1,1,0,1,0,0,0,1,0,0,1,0,1,0,1,0,3,3,19,16,21,19,16,19,22,24
d05984,machine_learning,13,18,11,9,9,15,7,10,0,0,1,1,0,0,2,0,0,1,0,1,1,0,0,0,1,0,1,0,3,2,0,1,16,17,17,17,17,16,20,23
d05985,football,2,0,0,1,0,0,1,0,1,1,1,0,0,0,0,0,0,1,0,0,0,0,0,1,6,11,12,8,7,7,14,11,19,15,21,11,20,13,15,23
d05986,machine_learning,6,15,4,11,5,3,12,5,0,0,0,0,0,3,2,0,0,1,1,0,0,0,0,2,1,1,2,0,1,0,0,0,9,6,7,11,10,15,10,6
d05987,machine_learning,12,4,7,7,14,8,10,10,0,1,0,1,0,0,0,0,0,0,0,1,0,1,0,0,0,0,0,0,0,0,0,0,21,13,17,15,23,11,12,19
d05988,football,1,2,1,1,1,1,0,1,3,0,1,0,1,2,0,1,3,1,0,1,2,1,0,1,12,9,19,17,23,14,17,24,36,32,29,20,34,31,38,25
d05989,football,2,1,1,1,0,1,0,1,2,1,0,0,0,0,0,0,1,0,1,0,0,0,0,2,13,19,15,18,10,14,11,14,10,23,16,14,24,21,19,21
d05990,astronomy,2,0,1,2,1,1,0,2,0,2,0,0,1,2,1,0,15,15,15,19,27,15,20,20,1,2,2,1,0,4,1,0,35,27,30,35,40,37,29,28
d05991,astronomy,0,1,2,1,1,0,0,1,0,0,0,1,1,0,0,1,28,16,19,19,22,18,12,10,0,2,0,0,0,0,1,0,38,24,20,30,24,37,23,36
d05992,cooking,3,3,1,2,0,1,0,1,11,12,15,12,19,14,21,20,1,3,2,1,0,1,1,0,0,2,0,0,3,0,1,1,34,28,23,29,23,31,21,24
d05993,football,3,2,1,0,0,0,0,0,0,0,0,0,0,0,0,2,1,0,1,0,0,0,2,0,10,17,12,18,11,13,17,11,23,24,24,29,23,19,27,21
d05994,astronomy,0,0,0,0,1,1,0,0,0,0,1,1,1,0,0,0,5,5,2,9,8,6,4,8,0,1,0,0,1,0,0,0,13,11,7,11,13,10,8,22
d05995,cooking,0,6,3,3,2,2,2,2,41,50,61,68,57,53,55,51,2,3,3,3,1,1,3,1,6,3,1,4,3,6,3,0,97,75,101,83,74,104,106,92
d05996,football,0,2,2,1,1,1,2,0,0,0,0,1,1,0,2,0,0,0,0,0,0,0,0,1,7,16,14,11,13,10,15,15,22,20,23,23,26,33,15,19
d05997,astronomy,1,1,0,0,2,1,1,2,0,1,1,0,0,2,0,0,28,27,28,22,22,20,24,21,2,1,1,2,1,1,1,1,32,39,46,37,38,38,27,38
d05998,machine_learning,15,13,6,11,5,16,10,11,1,1,0,1,0,1,1,1,1,0,3,0,2,1,1,0,1,2,1,0,0,0,0,0,16,14,20,12,15,9,21,16
d05999,cooking,1,2,2,1,2,3,1,1,29,27,30,34,38,31,16,25,1,0,2,5,1,1,0,2,1,2,2,1,1,1,0,0,46,48,46,49,44,62,47,60
d06000,astronomy,1,1,0,0,0,1,1,0,0,0,1,0,2,0,1,2,24,14,16,10,20,16,17,16,0,0,0,0,1,1,0,1,34,25,28,27,35,39,31,34
d06001,machine_learning,9,5,6,6,8,10,5,5,1,0,1,0,0,0,0,1,0,1,1,0,1,1,0,2,1,0,0,0,1,0,0,0,9,14,7,9,13,6,18,8
d06002,cooking,8,5,5,9,4,4,4,8,105,94,92,87,97,96,99,99,6,3,4,4,6,1,4,3,10,6,0,3,2,5,6,4,180,146,170,161,150,165,176,159
d06003,astronomy,1,3,2,2,6,2,3,4,2,1,4,0,2,1,1,1,30,44,42,50,43,41,55,37,3,2,4,5,2,3,2,2,75,83,62,73,62,74,59,81
d06004,cooking,1,0,0,1,0,1,3,3,14,17,16,24,11,21,25,22,1,0,3,2,0,2,1,1,0,2,1,1,1,1,0,0,26,28,28,26,28,22,29,21
d06005,football,0,0,0,1,0,0,2,1,1,0,1,0,0,0,0,1,0,1,1,0,1,0,0,0,9,5,8,7,7,6,8,7,15,11,15,10,5,11,12,13
d06006,football,0,1,0,1,3,2,1,0,0,1,0,2,2,1,1,1,1,1,1,1,1,2,1,0,15,20,19,18,18,17,17,20,40,29,23,37,27,32,29,26
d06007,astronomy,2,0,0,1,0,0,0,0,0,0,0,1,0,3,0,1,13,6,7,14,11,6,8,6,0,1,0,4,1,0,0,0,10,15,14,23,16,14,15,12
d06008,football,1,0,0,0,1,0,0,0,1,0,1,1,1,1,1,0,1,1,0,1,0,0,3,0,15,17,16,17,18,14,17,12,21,23,22,29,21,25,26,28
d06009,football,4,3,0,2,6,1,1,4,4,0,1,3,1,1,0,6,3,5,1,4,1,5,3,3,49,69,65,61,56,51,43,63,96,100,102,93,108,112,94,98
d06010,astronomy,1,2,0,2,0,0,1,0,0,0,2,0,2,3,4,1,25,21,24,18,26,23,22,22,1,0,1,3,0,1,2,4,38,36,35,39,46,44,31,35
d06011,cooking,1,0,0,0,0,0,0,0,6,9,9,5,5,10,4,3,0,0,1,1,0,0,0,0,1,0,1,1,0,1,0,0,14,17,14,11,10,12,8,15
d06012,astronomy,1,2,2,1,0,4,4,1,1,0,1,1,0,2,1,2,23,30,25,28,27,29,22,33,3,1,3,2,0,1,1,2,55,56,51,55,47,46,50,44
d06013,machine_learning,21,25,22,20,33,21,32,28,0,0,1,0,1,1,1,2,0,0,2,1,0,0,2,1,2,1,0,1,0,2,2,3,43,38,44,45,38,45,47,42
d06014,machine_learning,6,6,10,5,2,5,8,4,0,0,0,1,0,0,1,1,1,1,1,0,0,0,0,1,0,2,0,0,0,1,0,1,11,12,7,12,13,9,9,11
d06015,astronomy,3,0,0,1,3,0,2,0,1,3,0,0,1,1,0,3,22,15,12,11,17,24,15,14,0,2,0,1,1,0,2,1,21,21,33,33,32,25,21,22
d06016,astronomy,0,5,3,1,0,1,2,1,3,0,2,0,1,2,1,1,29,38,30,25,39,29,23,26,1,1,4,4,3,7,1,1,66,61,51,41,53,42,55,59
d06017,cooking,0,2,1,1,2,1,1,0,28,27,30,29,37,40,23,21,2,0,2,2,1,1,1,3,2,1,1,1,0,1,2,3,49,49,53,48,51,54,50,49
d06018,astronomy,0,0,0,1,1,0,1,0,0,2,2,1,0,1,0,1,11,11,18,15,16,15,10,15,0,1,0,1,1,2,2,1,22,30,35,26,31,27,28,23
d06019,football,2,2,0,0,2,1,1,0,3,0,0,2,3,3,2,0,0,2,1,1,1,3,1,0,36,34,38,23,30,29,20,42,44,58,46,59,60,48,47,49
d06020,football,0,0,3,1,0,0,0,0,1,0,0,4,1,0,1,1,0,1,0,1,0,1,2,3,23,16,18,29,24,21,13,20,25,33,28,30,24,28,25,30
d06021,cooking,0,0,1,0,0,1,0,0,8,8,6,9,13,5,7,13,0,2,0,0,1,2,1,0,0,1,0,1,0,1,1,0,20,11,18,22,9,14,6,10
d06022,machine_learning,10,9,4,12,11,8,6,8,0,0,2,0,1,0,0,0,0,1,0,0,1,1,0,1,1,1,0,1,1,0,0,0,23,17,13,6,12,19,11,14
d06023,machine_learning,11,18,21,12,22,14,20,23,3,1,2,0,0,1,2,1,0,0,0,0,0,1,0,1,2,3,0,1,0,2,0,2,26,22,33,21,31,27,39,27
d06024,machine_learning,42,31,31,41,45,42,36,49,0,0,2,1,3,1,1,2,0,0,3,3,2,0,1,1,7,1,3,3,0,1,0,2,78,68,85,71,66,71,56,64
d06025,cooking,1,0,0,2,1,1,2,2,22,28,41,36,29,22,30,31,3,0,1,1,1,0,3,2,2,2,4,2,2,3,3,2,48,51,55,47,52,42,62,55
d06026,machine_learning,10,8,6,7,2,11,6,7,0,2,0,0,0,1,0,0,0,1,2,0,0,1,1,1,2,1,0,0,0,2,1,0,11,12,13,13,14,16,18,10
d06027,football,0,0,1,0,1,0,1,1,1,0,0,2,0,1,2,1,0,1,0,2,1,2,2,0,29,17,16,26,20,20,9,16,32,28,25,28,36,33,28,34
d06028,machine_learning,6,5,7,2,9,7,5,7,1,0,0,0,0,2,0,0,0,1,0,0,0,2,0,0,1,0,0,0,0,0,0,0,10,9,6,10,5,9,9,11
d06029,astronomy,3,3,1,0,1,0,0,0,1,0,2,1,1,1,1,1,12,10,13,17,10,14,9,16,2,1,2,0,0,0,1,3,12,22,26,15,15,14,19,15
d06030,football,0,0,0,0,0,0,0,0,0,1,0,0,0,0,1,1,0,0,1,0,0,0,0,1,7,7,11,6,10,7,12,8,21,9,12,11,8,14,17,11
d06031,football,0,1,0,0,0,2,2,1,1,1,1,0,1,1,1,1,2,1,0,1,4,0,1,1,13,18,9,14,15,13,18,19,34,25,30,29,25,24,30,24
d06032,machine_learning,18,17,14,22,10,17,15,13,0,3,1,1,0,0,0,0,0,1,3,1,0,2,3,1,1,1,0,0,0,1,2,0,24,26,26,27,19,27,23,23
d06033,cooking,0,1,0,0,0,0,0,0,2,8,9,11,6,9,8,11,0,1,0,2,1,0,0,0,0,0,0,0,0,0,0,0,15,11,16,5,20,20,13,12
d06034,football,0,0,0,1,0,1,0,0,0,0,0,0,0,0,0,0,0,1,1,0,0,0,1,1,15,14,10,7,9,8,8,10,10,19,16,13,21,10,7,21
d06035,machine_learning,19,17,23,21,19,29,18,23,1,1,1,1,0,0,0,1,0,1,0,1,2,0,1,0,2,0,1,0,1,0,0,0,36,31,31,36,44,36,31,35
d06036,machine_learning,4,10,9,10,6,18,9,9,1,1,0,1,0,1,1,1,0,0,0,1,0,0,0,0,1,0,0,0,1,0,0,0,18,11,10,16,16,14,15,12
d06037,football,3,1,5,3,1,0,1,1,0,3,1,1,1,0,2,4,1,1,2,1,0,0,4,2,25,31,29,35,25,29,32,33,54,40,57,57,47,48,47,50
d06038,football,0,0,2,0,0,0,0,0,0,0,0,0,0,0,1,0,0,0,0,0,0,0,0,0,8,4,10,3,5,3,0,7,4,2,4,3,5,5,8,6
d06039,cooking,0,2,0,1,1,2,4,1,42,44,52,52,52,49,54,58,4,3,0,2,3,3,0,1,6,2,2,3,2,2,2,3,84,78,78,90,87,87,81,75
d06040,astronomy,0,0,1,0,0,0,1,1,0,2,2,1,1,3,1,1,19,17,15,17,13,23,22,21,0,1,2,3,0,1,2,1,31,30,43,32,40,34,34,35
d06041,machine_learning,5,10,11,12,4,8,10,4,0,2,2,1,0,1,0,0,1,0,1,1,1,0,0,1,0,0,0,1,0,0,0,0,10,17,10,13,21,13,14,11
d06042,football,4,1,2,1,2,1,2,2,0,2,2,1,1,1,0,3,1,0,0,1,1,0,0,1,20,17,23,19,15,29,29,19,27,33,46,35,32,31,38,34
d06043,astronomy,0,1,4,6,3,3,2,4,2,5,4,3,0,5,1,5,51,54,36,57,48,35,50,48,2,2,4,3,2,4,6,4,80,64,85,54,87,83,60,76
d06044,football,1,1,0,1,0,0,0,2,4,1,2,0,1,0,1,2,2,0,3,0,0,1,2,0,17,14,18,12,17,21,20,16,30,22,20,32,32,34,31,28
d06045,football,0,2,1,2,0,1,1,0,1,0,1,0,0,0,1,0,1,0,1,0,0,0,1,1,12,20,11,12,14,16,17,13,18,19,25,20,30,28,19,34
d06046,machine_learning,41,32,33,29,34,26,31,28,3,2,1,1,1,2,0,2,0,1,2,1,1,2,3,0,3,2,1,4,1,1,3,4,46,70,48,40,54,67,60,45
d06047,machine_learning,34,25,24,38,36,42,35,24,2,3,3,1,2,3,0,2,1,2,0,2,2,1,2,1,0,0,4,5,1,1,0,1,56,60,54,56,62,51,52,59
d06048,machine_learning,5,1,4,4,6,8,12,3,0,0,0,0,0,1,0,0,0,1,0,0,0,0,1,1,0,0,0,0,0,1,0,0,8,17,6,9,10,8,8,11
d06049,machine_learning,13,26,23,21,27,23,25,17,1,0,1,3,1,0,3,2,0,0,1,0,4,0,1,0,1,2,2,0,3,0,3,1,28,37,38,34,35,39,37,40
d06050,football,2,1,3,6,2,0,2,2,3,5,4,3,4,4,4,4,1,8,5,1,2,0,2,2,56,57,47,54,46,46,46,48,65,92,83,91,78,83,73,85
d06051,cooking,0,0,0,2,0,0,1,1,18,10,23,17,17,16,19,16,1,4,1,3,0,3,1,0,2,2,3,2,2,0,0,3,22,24,17,31,19,25,21,23
d06052,cooking,0,3,4,0,3,3,1,6,48,42,35,45,42,45,49,40,3,1,2,0,3,1,0,2,4,3,3,2,0,1,0,2,73,76,66,62,76,65,76,66
d06053,machine_learning,9,4,7,11,10,18,6,6,1,1,0,1,0,0,0,0,1,1,0,2,1,2,1,0,2,0,1,1,2,1,1,0,21,17,19,18,23,14,29,16
d06054,football,1,0,0,1,0,1,0,1,0,1,1,0,0,0,0,2,0,0,1,0,0,0,1,1,8,6,6,11,10,11,12,12,20,17,15,19,14,16,10,17
d06055,astronomy,0,1,1,0,1,1,0,0,0,0,0,0,0,0,1,2,18,14,12,12,12,15,13,9,1,0,0,0,0,0,1,0,24,8,15,18,32,21,23,8
d06056,cooking,1,0,0,0,0,1,0,0,13,6,5,3,11,9,9,3,1,0,1,0,0,0,0,0,0,1,0,1,0,0,0,0,9,14,16,13,21,12,19,12
d06057,football,1,1,0,0,1,0,0,1,0,0,0,2,0,0,0,0,0,1,2,1,1,0,0,0,10,15,11,9,8,7,11,9,17,20,15,17,17,18,15,17
d06058,football,1,1,1,3,2,2,0,3,3,2,1,1,2,4,2,2,1,1,3,2,1,1,3,0,25,21,25,17,16,26,21,26,42,33,33,33,40,34,36,32
d06059,astronomy,0,0,0,1,0,1,2,1,2,2,1,0,1,0,1,1,23,17,11,20,12,25,11,18,0,1,1,1,0,1,1,0,30,22,42,21,25,26,27,27
d06060,astronomy,1,0,0,1,0,0,2,0,0,1,1,2,0,1,1,1,20,11,15,15,20,18,17,21,0,0,2,1,2,0,1,1,27,33,30,31,38,36,31,21
d06061,football,1,1,0,0,1,1,0,0,0,0,0,0,0,0,0,0,1,0,0,0,0,0,1,0,6,2,2,2,2,5,3,4,5,4,9,1,4,3,8,0
d06062,astronomy,1,3,2,2,2,1,1,2,3,2,1,2,0,1,2,0,35,32,33,33,26,35,29,33,3,4,3,1,3,1,0,0,52,56,53,52,49,35,61,44
d06063,machine_learning,25,27,19,21,31,18,24,23,0,0,1,0,0,1,0,0,0,2,1,1,1,0,2,1,0,0,0,2,1,1,1,0,51,42,43,46,38,32,50,44
d06064,cooking,0,0,1,0,0,0,0,0,7,1,4,1,3,4,3,2,0,1,0,0,0,1,0,0,0,0,1,0,0,0,0,0,13,8,14,7,7,13,10,6
d06065,football,0,1,0,0,0,0,0,0,0,0,0,0,0,2,1,0,0,0,3,1,2,0,1,0,13,9,11,6,9,4,9,12,20,9,9,16,8,16,16,16
d06066,football,0,1,0,1,0,0,0,0,1,1,1,0,1,1,1,1,0,1,0,0,0,0,0,0,23,10,15,12,9,6,6,12,14,15,18,12,23,20,15,13
d06067,astronomy,0,2,2,1,0,1,2,1,1,4,2,4,2,2,2,2,29,28,35,34,37,27,27,30,1,0,1,1,1,1,1,0,42,46,48,46,55,51,52,47
d06068,cooking,2,1,0,1,2,1,1,0,19,21,14,14,18,16,9,22,1,0,1,0,0,0,1,4,0,1,2,1,0,1,0,2,35,29,25,29,24,35,35,32
d06069,football,0,0,0,1,1,1,0,0,0,0,0,1,0,0,0,0,0,0,0,1,1,0,0,1,10,8,5,5,4,5,9,6,13,20,10,18,21,14,18,21
d06070,cooking,2,1,1,2,2,0,2,0,26,20,16,23,19,21,13,30,3,1,0,3,0,2,4,0,1,3,1,2,1,1,0,0,29,33,41,27,39,33,31,37
d06071,machine_learning,5,5,9,2,2,8,4,6,0,2,0,0,0,2,0,0,0,1,0,1,1,0,0,0,0,0,1,0,0,0,0,0,11,12,16,16,10,20,7,12
d06072,football,4,2,1,0,0,2,1,2,2,2,0,1,3,0,1,0,2,1,0,0,5,2,0,2,16,13,14,18,32,20,20,31,39,38,37,37,37,52,43,37
d06073,machine_learning,22,9,25,22,25,24,23,13,3,2,1,0,0,1,0,0,3,1,1,2,1,3,1,2,0,0,2,1,1,0,3,0,30,40,33,36,39,41,26,37
d06074,machine_learning,22,16,19,21,17,24,16,23,0,0,0,0,0,1,2,2,4,0,2,3,0,1,0,0,0,2,3,0,0,2,0,0,26,25,34,22,30,32,25,34
d06075,astronomy,2,0,1,0,2,1,0,0,0,0,0,0,0,0,2,0,4,12,6,13,5,4,9,12,0,1,0,1,0,1,0,0,9,8,8,13,9,8,11,10
d06076,machine_learning,12,20,10,18,28,15,17,10,0,0,0,0,1,0,0,1,2,2,1,0,1,1,0,0,1,1,0,1,0,0,1,0,18,22,17,28,19,24,21,25
d06077,football,1,0,0,2,2,5,3,1,0,0,0,1,0,3,2,3,0,0,3,2,3,1,1,1,30,33,37,24,31,36,32,35,45,68,49,54,40,47,54,39
d06078,machine_learning,23,38,25,29,36,26,35,48,2,0,0,3,0,2,3,3,0,1,2,0,1,1,1,2,5,2,1,4,1,4,3,0,56,48,57,42,53,51,49,59
d06079,astronomy,0,1,1,3,0,0,1,0,1,1,0,1,0,1,3,0,12,20,25,19,21,14,23,22,1,1,2,0,0,0,2,0,29,35,29,30,20,34,27,29
d06080,football,0,1,1,0,0,0,0,0,1,1,0,1,0,0,0,0,0,0,0,0,1,0,0,0,9,15,6,10,7,14,12,10,12,16,13,14,16,9,12,21
d06081,astronomy,1,0,0,0,0,0,0,0,0,0,0,1,0,0,0,0,8,4,6,6,2,5,5,5,1,0,0,1,0,1,0,0,7,7,2,4,8,10,9,10
d06082,cooking,1,1,0,0,1,0,1,1,9,7,6,8,10,6,7,14,0,0,0,0,0,0,0,1,0,0,1,0,1,0,0,0,9,11,15,8,10,15,18,14
d06083,astronomy,0,0,0,2,0,0,1,1,1,0,1,0,1,0,0,1,18,12,12,9,17,14,8,11,0,0,1,0,0,2,0,1,26,18,17,17,17,18,24,16
d06084,astronomy,3,1,0,0,2,3,0,3,0,0,0,1,1,1,0,2,25,24,34,28,26,28,23,28,1,1,2,0,1,2,1,1,39,45,38,31,48,36,41,41
d06085,machine_learning,19,8,19,12,10,11,11,13,1,1,0,0,0,0,0,1,3,1,0,1,0,0,0,0,1,0,1,0,0,0,1,0,23,19,20,25,9,19,18,9
d06086,machine_learning,21,24,18,27,30,30,26,26,3,1,3,2,3,1,1,2,1,1,1,0,1,0,3,2,0,1,3,1,1,1,1,2,40,39,51,43,49,39,53,41
d06087,football,0,1,3,0,0,0,0,0,0,1,1,0,0,0,0,1,0,1,1,1,0,1,0,0,8,10,8,5,14,8,6,9,15,23,18,20,21,12,15,18
d06088,cooking,2,6,4,2,4,2,0,0,32,37,40,38,35,28,31,26,1,1,0,0,4,1,1,0,0,3,3,0,2,0,4,2,59,34,41,45,27,42,47,43
d06089,football,1,1,1,1,3,1,0,0,0,0,1,2,0,2,0,2,1,1,1,1,1,3,1,2,23,21,24,29,24,25,23,32,54,39,44,35,33,38,37,43
d06090,cooking,1,1,1,0,1,2,1,0,11,11,18,16,14,14,12,20,0,0,1,0,0,0,0,0,2,1,0,1,0,2,0,0,27,28,35,28,29,20,29,35
d06091,astronomy,0,2,1,0,1,1,0,0,1,1,0,0,0,0,0,0,15,7,13,11,9,11,9,10,2,0,0,0,1,1,0,0,11,13,25,18,8,13,22,18
d06092,cooking,0,0,0,0,0,1,0,2,6,12,8,5,11,5,5,6,0,0,0,2,0,0,0,0,1,0,1,1,0,1,1,0,10,14,11,9,12,15,19,10
d06093,astronomy,3,3,2,1,0,0,0,1,1,1,1,2,1,1,1,4,24,20,33,28,23,28,22,26,1,1,0,0,3,2,3,2,35,44,55,51,33,28,37,35
d06094,machine_learning,17,10,13,15,14,11,15,10,1,1,1,0,1,0,0,0,0,0,0,1,0,3,1,0,0,0,1,1,1,1,0,0,25,20,14,20,16,21,13,18
d06095,football,1,1,0,1,0,1,2,0,2,0,2,2,0,1,0,0,0,1,0,1,0,1,0,0,10,10,7,8,11,9,4,10,16,17,17,13,17,21,16,17
d06096,football,0,1,0,0,1,0,0,0,0,0,0,0,0,0,0,1,0,0,0,1,0,1,0,1,18,9,14,9,12,11,8,9,17,15,18,16,21,20,17,20
d06097,cooking,0,0,0,2,0,0,0,0,3,2,3,5,3,4,5,2,0,0,0,0,0,0,0,0,0,0,0,0,0,0,0,0,2,2,4,4,7,4,4,2
d06098,machine_learning,20,10,14,18,12,13,13,19,0,0,0,1,0,0,0,1,3,1,0,0,0,1,1,0,0,1,1,0,3,1,1,2,15,27,38,24,24,24,22,16
d06099,football,0,1,3,1,1,0,0,1,3,0,1,1,1,1,1,0,0,2,1,2,0,0,0,0,23,21,37,19,13,21,23,19,45,31,37,40,31,23,26,33
d06100,machine_learning,17,21,10,14,14,20,10,17,2,0,0,1,1,1,1,0,0,3,0,1,0,0,2,0,2,1,3,1,1,1,0,1,19,23,19,34,24,28,22,15
d06101,machine_learning,13,12,7,7,18,12,11,14,0,0,0,0,1,0,0,1,4,2,0,1,0,0,0,0,0,0,0,1,0,2,2,0,8,22,16,22,18,13,24,11
d06102,machine_learning,5,2,3,1,4,2,2,3,0,0,0,0,0,0,1,0,0,1,0,0,0,0,0,0,0,0,0,0,0,0,0,0,6,4,6,6,2,9,2,6
d06103,astronomy,3,4,0,3,2,2,2,2,0,1,2,0,1,3,1,4,45,48,45,42,46,52,40,62,3,1,0,3,2,4,2,2,51,78,66,66,78,69,54,71
d06104,astronomy,0,0,1,2,2,0,1,1,2,1,1,5,1,3,0,2,29,20,24,33,23,27,18,26,2,0,0,0,0,0,2,1,29,52,42,41,25,33,45,41
d06105,machine_learning,5,7,6,10,10,6,6,3,0,0,0,0,0,0,0,0,1,1,0,0,0,0,0,0,0,0,1,0,0,0,0,0,5,12,10,11,12,9,10,14
d06106,football,0,0,1,0,0,0,0,0,0,1,0,1,1,0,1,0,0,0,4,2,1,0,2,0,11,10,8,9,12,13,13,8,24,16,20,21,25,22,13,24
d06107,football,1,0,0,1,0,0,2,0,2,2,1,1,1,0,0,0,2,2,1,0,0,0,1,2,16,15,19,16,20,19,14,20,24,23,29,23,28,28,28,36
d06108,astronomy,3,2,0,3,0,3,1,0,0,0,0,1,1,1,1,1,30,34,30,29,35,32,26,17,3,3,4,0,0,2,2,1,48,54,57,63,56,59,61,46
d06109,machine_learning,19,18,15,20,18,10,18,26,1,0,1,1,1,0,0,0,1,1,0,2,2,1,1,0,0,1,1,1,0,0,0,1,31,36,21,29,40,33,26,24
d06110,astronomy,0,1,1,1,2,1,5,1,2,3,3,2,0,0,1,1,33,33,36,32,41,41,40,40,3,1,0,2,4,2,0,1,65,68,72,78,65,58,69,56
d06111,football,0,0,3,0,0,0,0,0,1,1,1,0,1,1,0,1,0,0,0,1,1,0,0,0,14,12,6,12,8,17,10,10,17,20,13,21,30,20,16,18
d06112,astronomy,0,1,0,0,1,0,1,0,1,0,1,1,1,0,0,1,15,13,13,11,6,15,7,7,0,0,0,1,0,0,0,0,23,16,12,13,23,16,25,23
d06113,cooking,2,2,1,1,1,1,2,0,17,19,24,25,15,20,15,26,1,2,1,1,0,0,1,0,0,0,2,0,3,0,0,0,36,38,35,31,44,33,31,40
d06114,cooking,0,1,1,1,0,0,0,0,12,14,8,10,7,19,6,11,2,2,0,0,1,1,0,0,2,0,1,1,0,0,0,1,17,19,13,16,14,19,18,21
d06115,football,2,1,1,0,0,1,2,0,1,1,1,0,1,3,1,0,0,3,1,0,0,0,4,2,19,15,15,19,20,18,15,18,30,34,32,31,32,30,26,30
d06116,astronomy,1,0,0,0,0,0,0,0,0,0,2,1,0,0,0,2,6,5,5,3,5,5,9,7,0,0,0,0,0,0,1,1,9,8,5,10,4,3,10,8
d06117,astronomy,0,0,1,1,0,0,0,1,1,0,0,1,0,0,0,0,15,7,13,14,12,9,7,11,1,0,0,1,0,0,0,0,16,21,24,17,18,12,15,15
d06118,astronomy,0,0,0,0,0,0,1,1,0,1,2,0,0,0,0,0,6,7,11,11,15,9,11,13,1,0,2,1,0,0,0,1,12,12,21,9,16,24,23,14
d06119,cooking,1,1,1,1,0,1,0,2,24,16,16,28,8,27,21,21,0,2,0,1,1,3,0,2,0,1,0,2,0,1,1,2,39,40,26,30,22,27,28,32
d06120,cooking,0,0,1,0,2,1,1,1,24,19,21,21,21,12,23,25,2,0,1,0,3,1,0,2,3,1,4,3,0,0,1,0,46,38,31,26,28,18,31,34
d06121,football,2,1,1,3,1,0,2,0,0,0,0,2,1,4,0,0,0,2,1,0,0,2,2,1,16,15,17,11,8,9,11,7,18,27,14,17,17,22,21,23
d06122,football,2,1,2,3,1,3,2,4,4,3,2,3,3,3,1,3,5,2,2,4,4,3,6,3,81,46,64,66,51,55,58,69,95,88,79,99,122,121,113,105
d06123,machine_learning,36,36,28,30,39,34,29,37,3,1,0,1,2,0,2,2,3,2,3,3,2,2,3,3,2,1,1,3,0,0,2,3,54,55,36,58,59,51,41,59
d06124,football,1,1,1,2,0,2,3,0,2,1,2,2,4,1,2,1,3,2,2,2,1,3,3,1,48,42,38,47,38,57,33,51,75,85,72,91,95,89,70,85
d06125,astronomy,0,1,1,0,0,0,1,0,0,1,0,1,0,0,0,1,4,7,5,2,7,9,2,2,0,0,1,0,0,0,0,0,3,6,8,5,4,8,8,8
d06126,football,0,0,1,0,0,0,0,1,0,0,1,0,1,0,0,0,0,0,0,1,0,0,0,0,3,5,6,6,6,7,5,10,7,14,9,17,7,9,6,2
d06127,cooking,0,0,0,0,2,0,0,0,5,4,6,4,2,4,4,2,0,0,0,0,0,0,0,0,1,0,0,1,1,0,0,0,7,4,8,13,4,9,6,2
d06128,astronomy,0,1,0,0,0,0,4,1,2,0,1,1,1,1,2,0,14,14,22,18,23,14,13,13,1,0,4,2,0,2,0,1,20,35,29,23,26,30,23,25
d06129,machine_learning,23,8,15,15,10,15,9,21,1,1,1,1,0,0,1,1,2,0,0,2,0,0,1,0,1,0,1,2,0,3,1,2,21,21,21,21,15,22,27,32
d06130,cooking,0,1,1,1,1,0,0,0,24,18,28,21,26,18,27,23,1,2,1,0,0,0,1,1,3,0,2,2,1,4,1,1,31,56,28,38,37,40,30,37
d06131,astronomy,0,0,0,0,0,0,0,0,0,0,0,0,0,0,0,0,15,14,12,12,5,13,12,7,0,1,0,2,0,0,1,0,12,15,17,9,15,20,14,15
d06132,cooking,0,1,1,1,0,0,2,0,18,10,19,18,23,19,16,17,1,2,2,1,1,2,0,1,0,0,0,1,2,2,2,1,29,30,30,25,28,34,26,37
d06133,football,2,2,1,8,6,1,2,4,0,3,3,4,2,1,2,2,2,3,0,1,0,4,2,2,68,54,59,62,56,58,53,39,95,97,101,73,86,101,80,92
d06134,football,0,0,1,0,1,0,0,0,0,3,0,0,0,0,0,0,0,1,0,0,1,0,0,0,8,11,9,10,6,8,4,16,10,5,9,14,9,11,10,13
d06135,astronomy,0,0,0,0,1,2,1,0,0,1,1,0,0,1,1,2,18,30,15,22,19,28,16,21,2,0,0,1,0,0,2,1,26,46,37,32,26,26,44,37
d06136,machine_learning,46,34,38,35,45,47,38,52,1,2,4,1,4,0,3,3,0,4,1,1,4,1,2,3,1,4,3,0,1,1,1,1,61,70,69,57,75,69,74,63
d06137,machine_learning,10,7,4,12,8,6,11,12,1,0,1,0,0,0,0,0,0,1,0,0,0,1,0,0,0,2,1,0,2,0,0,0,13,9,10,14,13,8,8,12
d06138,astronomy,1,2,0,1,0,1,0,0,1,1,0,0,0,0,0,1,12,17,17,15,14,9,4,9,0,0,1,0,0,0,0,0,16,13,13,21,12,11,16,31
d06139,astronomy,1,0,1,1,2,0,0,1,0,1,0,0,0,1,0,0,9,8,16,9,15,14,5,6,1,0,0,0,0,0,0,0,16,14,21,21,11,22,24,12
d06140,astronomy,0,0,0,0,0,1,0,0,2,0,1,0,1,0,1,1,5,2,3,2,3,4,11,4,0,0,0,0,0,0,0,0,7,7,9,11,10,12,6,12
d06141,machine_learning,11,16,15,13,13,11,6,9,0,0,1,0,0,1,0,1,1,0,1,0,1,0,0,0,0,0,1,0,2,1,2,1,21,27,23,18,28,20,20,19
d06142,cooking,0,0,1,0,1,0,2,0,17,19,19,13,20,12,9,19,1,0,0,0,0,4,1,1,0,2,1,1,1,1,0,0,36,25,29,29,26,22,23,23
d06143,machine_learning,16,12,10,9,11,15,15,8,1,0,1,0,0,2,1,0,0,0,0,0,0,0,0,0,0,2,0,1,0,1,1,0,28,21,27,20,20,18,26,24
d06144,football,2,1,3,1,5,2,3,2,1,3,2,1,3,2,3,5,4,1,1,5,1,2,3,1,55,64,54,60,44,55,59,53,98,93,84,73,83,86,79,93
d06145,astronomy,1,1,1,2,3,4,2,0,2,1,1,0,0,0,1,0,21,21,20,18,27,21,23,19,1,1,2,1,3,0,0,1,34,38,36,38,40,26,29,33
d06146,machine_learning,0,7,1,2,5,2,6,6,0,0,0,0,0,0,0,0,0,0,0,0,1,1,0,0,0,1,0,0,0,1,1,0,8,7,6,8,2,11,7,3
d06147,football,2,3,2,0,0,3,1,1,3,1,0,2,0,1,0,2,2,3,1,2,0,1,1,1,21,28,23,32,27,31,23,30,41,25,42,36,41,40,48,48
d06148,football,0,0,0,0,0,1,1,0,0,0,0,0,1,0,0,0,0,0,0,1,1,0,0,0,2,5,3,3,3,4,3,4,11,7,6,4,7,8,2,4
d06149,machine_learning,6,4,3,7,5,5,4,7,0,0,0,1,0,0,0,0,0,0,0,0,0,0,0,0,0,0,0,0,0,1,0,1,6,7,10,4,5,3,8,7
d06150,football,0,0,0,3,0,0,2,0,2,0,0,1,2,0,2,0,1,1,0,0,2,0,0,0,4,14,10,14,11,8,16,17,21,26,25,19,18,13,19,20
d06151,astronomy,1,0,1,0,0,1,0,0,2,0,0,1,0,1,1,0,4,11,10,13,18,10,9,8,1,0,0,1,0,0,0,0,15,12,15,16,20,8,16,14
d06152,football,0,0,1,0,0,0,1,0,1,0,0,0,0,0,0,0,0,0,0,0,0,0,1,0,7,8,7,8,4,3,3,5,12,10,13,14,9,13,8,12
d06153,cooking,0,0,0,1,1,1,0,2,20,31,18,15,22,33,23,16,1,0,1,2,0,1,3,0,1,3,1,0,2,1,1,2,43,37,41,30,43,44,35,33
d06154,football,0,0,2,1,0,0,0,0,0,3,2,1,1,1,0,2,1,0,1,0,2,3,0,1,11,12,7,13,14,11,14,19,24,26,21,20,23,29,20,23
d06155,machine_learning,36,38,34,33,39,38,34,39,3,1,1,2,1,1,2,3,2,0,1,1,2,1,2,2,2,1,1,3,3,1,2,1,49,49,65,67,58,60,74,62
d06156,machine_learning,15,19,36,25,21,25,24,23,1,1,2,2,1,0,1,2,1,0,1,0,0,0,1,1,0,1,1,3,1,1,1,1,43,44,26,41,34,33,35,27
d06157,football,2,3,0,1,0,0,1,1,2,0,0,1,0,2,1,3,1,1,3,0,0,1,1,0,24,22,19,20,23,21,15,16,44,30,29,27,30,28,31,27
d06158,football,0,0,3,0,0,0,1,3,0,2,1,1,1,2,0,0,1,2,1,1,0,1,1,1,18,11,17,21,21,18,11,17,34,23,37,35,35,23,28,36
d06159,machine_learning,13,9,10,6,14,9,5,12,1,0,1,0,0,1,2,1,0,2,1,0,0,1,0,0,0,2,0,0,0,1,1,0,11,10,18,5,15,15,12,10
d06160,cooking,0,0,0,1,2,1,0,0,9,16,10,9,12,16,12,11,0,1,0,0,2,1,0,2,0,1,1,1,1,0,0,0,17,15,20,18,16,21,14,16
d06161,cooking,0,0,1,1,0,0,0,0,13,14,14,10,14,14,12,16,2,0,0,0,2,1,2,1,1,0,1,0,0,1,1,0,20,23,23,22,18,18,17,34
d06162,machine_learning,15,21,25,31,19,25,17,27,0,2,0,1,0,0,0,4,1,0,4,0,1,1,2,2,2,1,1,0,2,1,2,0,40,37,42,33,40,35,41,47
d06163,machine_learning,9,5,7,15,8,4,7,12,0,0,0,1,1,0,1,0,3,0,2,0,0,0,1,0,0,2,0,0,1,0,0,0,12,11,11,17,17,13,12,14
d06164,cooking,2,0,0,1,0,1,1,0,19,15,11,12,9,11,16,6,0,0,0,1,0,0,0,2,0,0,0,0,0,0,0,0,16,13,14,15,12,20,13,17
d06165,football,3,4,4,4,3,2,0,3,2,0,2,5,1,2,2,1,1,1,1,5,2,4,2,6,49,53,51,44,48,44,51,53,95,69,101,81,98,64,82,87
d06166,machine_learning,2,5,3,9,4,5,8,8,0,0,0,0,1,0,0,0,0,1,0,0,0,0,0,0,0,0,0,0,0,0,1,0,11,11,10,9,11,8,9,5
d06167,football,0,1,0,1,0,0,1,0,0,1,2,1,0,4,1,0,1,1,0,0,0,0,0,0,7,12,7,3,4,4,6,10,19,19,10,10,5,6,9,12
d06168,machine_learning,10,7,10,7,15,25,17,10,1,0,0,1,1,0,1,1,2,1,0,2,0,0,0,0,1,4,0,0,0,0,1,1,24,12,14,19,15,15,22,14
d06169,cooking,1,1,0,0,0,0,0,0,4,7,7,3,10,6,3,7,1,1,0,1,1,0,0,0,0,0,0,0,1,0,0,0,14,10,17,12,11,14,12,13
d06170,machine_learning,15,17,20,15,17,25,13,21,0,0,1,0,2,1,0,1,1,0,1,1,1,3,1,0,2,0,1,0,1,1,0,1,31,34,38,26,28,30,38,29
d06171,cooking,0,2,0,1,1,0,1,0,13,21,18,15,7,21,19,19,0,1,0,1,0,0,1,1,2,3,0,0,0,1,3,3,27,23,33,26,28,25,20,26
d06172,astronomy,0,0,1,1,1,1,1,1,1,1,1,2,0,0,4,1,14,16,20,12,11,18,17,16,2,0,0,1,1,0,2,0,17,25,22,24,19,29,30,23
d06173,cooking,0,0,1,0,0,0,2,0,3,10,4,11,8,6,6,6,0,1,1,0,0,0,1,0,1,2,0,0,0,1,0,0,11,8,11,9,15,13,7,14
d06174,football,0,1,1,0,0,1,0,0,0,0,0,0,2,1,0,1,0,0,0,0,0,0,0,0,7,7,6,3,7,8,5,9,9,11,15,8,14,11,6,9
d06175,football,0,0,0,1,0,0,0,0,0,1,0,0,0,0,0,2,0,0,0,0,0,0,0,0,8,4,9,4,6,11,14,4,16,15,22,10,20,17,14,24
d06176,football,2,1,0,1,1,3,0,0,1,1,1,1,2,4,0,1,0,1,0,2,0,0,0,2,17,19,21,17,15,16,16,17,24,29,24,29,22,27,19,23
d06177,cooking,0,0,0,0,2,1,0,1,9,7,5,6,10,5,8,10,0,2,0,0,0,0,0,0,2,0,0,0,0,0,0,0,10,15,7,14,14,11,17,12
d06178,cooking,0,1,1,1,2,1,0,0,9,7,13,11,10,10,5,9,0,1,0,1,1,1,1,0,3,0,0,0,3,1,1,2,14,15,19,19,17,20,16,27
d06179,cooking,2,1,1,0,0,1,0,1,10,16,10,13,10,14,18,13,3,1,0,0,0,0,2,0,1,0,2,2,0,0,1,0,28,26,23,21,20,28,18,31
d06180,cooking,1,0,1,1,1,1,1,0,17,10,14,14,20,11,18,19,0,1,1,2,0,0,0,2,0,1,0,1,2,1,1,0,24,28,20,21,31,33,24,31
d06181,cooking,3,4,3,2,1,3,3,1,50,53,61,44,60,65,60,63,3,2,3,0,3,3,2,4,4,1,3,1,3,6,2,3,85,93,81,81,90,90,92,102
d06182,machine_learning,43,44,45,54,46,36,42,47,0,5,3,1,0,3,2,0,0,3,4,1,3,2,2,3,2,2,0,1,4,1,2,4,84,75,81,63,69,69,72,73
d06183,machine_learning,18,18,13,11,17,14,15,21,1,0,0,3,1,4,0,1,3,0,0,3,2,0,0,1,0,0,1,1,0,1,1,0,25,35,20,32,35,32,20,29
d06184,machine_learning,17,4,6,9,9,8,7,7,0,2,0,0,0,0,0,0,1,0,0,0,0,0,0,0,0,0,2,0,0,0,0,0,17,15,12,15,14,19,11,21
d06185,machine_learning,19,16,15,14,8,20,13,14,0,1,0,1,0,1,1,2,2,0,0,0,1,0,4,0,0,1,1,1,2,2,1,1,19,19,24,18,12,24,19,25
d06186,football,2,1,0,1,0,1,1,1,1,1,1,0,0,2,1,1,1,2,0,0,0,2,0,0,21,8,20,13,15,17,16,12,23,24,23,22,21,28,31,25
d06187,football,2,2,2,0,3,1,2,0,0,2,1,3,0,0,2,2,1,1,0,1,3,2,0,2,22,30,31,30,22,27,26,30,54,41,61,49,57,43,53,47
d06188,football,2,2,2,2,4,1,3,0,1,2,1,0,1,1,0,1,2,1,1,0,0,0,3,2,23,30,40,31,36,39,39,42,44,47,50,57,50,54,60,47
d06189,machine_learning,12,6,15,7,10,8,15,8,0,2,0,3,0,0,0,0,0,1,0,0,1,0,0,0,0,2,0,0,0,1,1,1,22,24,18,26,14,18,24,19
d06190,astronomy,1,0,3,1,1,2,3,3,2,2,3,1,2,2,2,1,26,30,39,48,31,32,32,33,3,1,1,3,1,1,3,2,63,62,57,68,69,58,39,62
d06191,football,1,1,0,1,0,1,3,1,1,1,2,1,1,0,1,1,4,2,0,1,3,2,2,1,25,30,27,24,30,22,23,22,52,49,46,46,43,26,41,47
d06192,astronomy,0,0,0,0,0,0,0,0,0,0,2,0,0,0,0,1,8,4,4,3,4,4,3,2,0,1,0,0,0,0,0,0,9,5,8,4,4,7,5,6
d06193,cooking,3,3,0,3,1,2,1,2,30,25,23,21,41,31,30,34,1,1,2,3,1,2,2,0,1,0,3,1,2,2,2,0,48,53,45,44,38,46,50,38
d06194,astronomy,1,6,3,8,8,1,1,2,3,1,2,4,3,5,4,0,73,64,56,45,45,65,61,69,2,4,3,2,5,3,4,4,93,85,96,87,107,91,100,107
d06195,football,1,0,1,0,0,1,0,0,0,0,0,0,0,0,0,1,0,1,1,1,0,0,1,1,14,7,18,13,8,12,13,3,24,20,13,19,21,20,14,18
d06196,astronomy,0,1,0,0,0,0,0,0,0,0,0,0,0,0,1,1,8,6,5,6,9,8,6,4,0,0,0,0,0,0,0,0,12,19,14,5,7,12,7,13
d06197,astronomy,0,1,0,0,0,0,1,0,0,0,2,3,0,0,0,0,10,10,8,8,5,7,7,10,0,1,2,0,1,0,1,0,16,17,14,7,11,9,9,10
d06198,cooking,0,0,1,1,1,0,0,1,9,13,13,12,14,7,13,15,0,2,2,2,1,1,0,0,0,1,0,0,1,1,0,0,19,27,19,17,21,20,18,17
d06199,cooking,1,0,2,1,1,0,0,1,7,8,9,13,8,15,8,5,0,0,0,0,1,0,1,0,1,1,0,0,0,1,0,1,17,14,19,23,14,15,14,8
d06200,machine_learning,17,10,10,10,17,6,10,8,1,0,0,1,0,2,1,0,1,1,0,2,0,0,0,2,0,1,0,0,1,1,1,0,18,23,13,17,16,14,19,16
d06201,astronomy,0,0,2,1,0,2,0,0,1,2,1,2,0,1,0,0,12,9,10,13,11,11,12,10,0,0,1,2,0,0,0,0,18,18,15,20,17,21,18,18
d06202,machine_learning,15,16,21,25,20,15,25,18,0,0,1,3,1,1,2,2,0,3,3,1,2,1,1,2,0,2,1,0,0,4,2,0,34,43,34,37,37,37,45,30
d06203,machine_learning,18,16,11,20,16,23,23,16,3,0,0,0,1,1,1,1,1,2,1,1,0,1,0,2,0,0,2,2,1,0,1,1,26,33,35,28,33,31,29,33
d06204,machine_learning,8,9,6,12,8,10,8,4,0,1,0,0,0,1,0,1,0,0,0,0,1,0,0,1,1,0,0,0,0,0,0,0,11,13,17,10,20,17,12,15
d06205,astronomy,1,1,2,0,1,0,2,3,1,0,1,1,0,2,1,1,30,16,16,21,18,24,17,21,1,0,0,0,0,1,1,0,36,36,46,29,20,38,26,29
d06206,machine_learning,6,12,8,14,10,10,10,9,0,0,0,1,0,1,0,2,0,1,0,0,0,1,0,0,1,0,0,0,1,0,2,1,27,23,14,18,21,26,21,20
d06207,astronomy,0,0,0,0,1,0,1,0,0,0,0,1,0,0,0,0,7,7,8,8,8,5,7,9,0,0,0,1,1,0,0,1,9,18,14,13,13,13,12,9
d06208,cooking,0,1,2,1,0,1,0,0,14,14,13,17,14,18,13,17,1,0,2,0,0,1,1,0,1,1,2,0,0,0,0,0,34,28,23,33,21,27,25,25
d06209,football,0,0,0,0,0,0,0,0,0,0,1,0,0,1,1,0,0,0,0,0,0,0,1,1,6,9,8,1,11,10,4,9,16,18,8,18,12,20,13,18
d06210,cooking,1,1,1,0,0,0,2,1,12,19,14,8,15,13,12,22,1,1,0,0,1,2,0,5,0,0,2,3,1,1,0,0,21,27,22,23,25,21,22,34
d06211,machine_learning,5,5,1,4,6,6,3,8,0,0,0,0,0,0,0,2,0,0,0,0,1,1,0,0,0,0,0,0,0,0,0,1,11,9,8,13,4,9,9,11
d06212,machine_learning,13,12,9,8,12,9,9,18,0,1,0,1,1,0,0,0,0,0,1,0,1,0,0,2,0,0,0,2,0,1,1,0,18,18,18,25,17,23,18,13
d06213,cooking,1,1,1,1,2,0,2,2,38,38,34,30,31,33,33,26,2,0,1,0,0,1,0,1,0,1,2,1,1,0,2,2,57,52,67,46,52,38,78,50
d06214,football,0,0,0,0,0,2,1,2,1,0,1,1,0,1,1,1,0,1,0,0,0,2,0,2,19,14,14,10,8,10,8,16,28,11,19,23,19,18,20,21
d06215,football,2,4,2,3,0,0,3,5,4,1,4,3,2,5,5,0,2,4,1,6,1,1,1,4,42,45,36,38,38,43,52,33,63,85,84,82,63,86,73,81
d06216,machine_learning,14,18,15,19,13,5,12,7,0,1,0,0,2,0,0,0,1,1,0,2,0,0,1,0,2,0,1,0,0,0,2,1,31,23,25,21,14,27,13,16
d06217,machine_learning,21,25,17,16,12,14,18,12,1,1,1,1,1,0,0,1,1,0,0,3,0,0,3,0,1,2,3,0,0,1,1,2,26,27,28,22,20,21,21,22
d06218,machine_learning,33,37,29,36,37,34,37,33,0,0,3,2,3,2,2,1,2,4,0,2,2,0,1,2,0,1,1,0,1,2,2,2,61,54,69,60,61,58,56,63
d06219,football,0,2,1,0,0,0,1,0,0,0,0,0,1,1,0,0,0,0,2,0,0,1,0,0,9,4,14,13,3,11,5,12,21,22,15,11,16,14,24,17
d06220,football,4,1,2,1,5,0,0,2,2,0,2,3,0,2,2,4,4,1,0,0,2,1,0,2,43,37,39,43,43,41,24,45,60,65,92,57,64,65,71,71
d06221,astronomy,4,2,1,1,3,1,1,1,2,1,0,0,0,3,0,2,21,31,27,24,29,35,37,24,1,4,4,1,0,1,1,0,57,60,37,55,65,61,56,54
d06222,football,1,0,1,2,0,1,0,0,2,2,0,1,1,1,1,2,0,2,1,1,0,1,1,3,21,24,19,24,25,28,26,21,44,33,37,27,45,42,38,36
d06223,astronomy,0,0,0,0,1,0,2,0,1,0,2,0,1,0,0,0,12,8,7,11,11,18,10,14,1,1,1,1,0,2,0,0,18,22,21,23,14,18,16,16
d06224,astronomy,2,2,1,0,0,1,4,1,1,1,0,2,2,1,1,1,21,24,15,24,20,24,20,25,1,1,0,2,3,1,2,1,38,43,31,35,43,36,47,27
d06225,machine_learning,6,2,6,7,6,3,1,7,0,1,0,1,0,1,0,0,0,0,1,0,1,1,0,0,0,0,0,0,1,1,1,0,8,10,9,5,8,10,8,9
d06226,cooking,0,0,0,2,1,0,0,1,17,7,12,16,13,16,11,18,2,1,0,0,1,0,0,0,1,3,2,0,0,1,0,1,27,23,25,7,14,18,23,25
d06227,football,0,1,0,1,0,0,1,1,0,1,0,1,1,0,1,0,0,0,0,0,1,1,0,0,8,9,7,9,7,9,11,4,15,11,14,9,10,19,13,16
d06228,astronomy,0,0,0,0,0,0,0,0,0,0,0,0,1,0,1,2,9,11,9,7,8,13,13,9,0,1,0,3,0,0,0,0,12,15,16,17,18,15,14,13
d06229,astronomy,1,0,1,0,0,1,0,0,1,1,2,0,0,0,0,0,9,14,9,8,8,10,11,11,1,1,0,1,0,1,0,1,16,18,19,16,19,17,10,25
d06230,football,2,2,0,2,1,3,3,0,0,2,1,1,3,4,2,1,1,2,1,1,0,1,0,1,16,22,20,22,11,17,24,20,36,30,33,33,32,44,29,29
d06231,football,3,0,1,0,0,1,1,0,1,0,0,1,0,2,0,1,0,0,0,0,1,0,0,1,13,8,13,10,9,10,8,13,17,10,15,11,18,11,14,13
d06232,machine_learning,7,13,2,7,8,6,7,9,1,1,0,0,0,0,0,0,0,1,0,0,0,0,1,0,0,1,0,0,0,0,1,1,11,14,13,16,9,11,9,11
d06233,cooking,2,1,1,1,1,1,1,0,20,23,19,20,15,18,17,20,1,3,2,1,0,0,0,2,0,0,0,0,1,2,2,2,40,45,19,27,30,25,34,20
d06234,astronomy,1,0,1,0,0,0,1,0,1,0,0,1,0,0,0,1,7,10,9,12,9,10,9,6,0,0,0,2,0,0,0,1,12,24,10,23,10,17,15,16
d06235,football,0,0,0,0,0,0,0,2,1,0,0,1,1,1,2,0,0,2,1,0,1,2,1,1,12,18,11,17,21,19,13,14,28,24,28,18,23,24,22,28
d06236,football,0,0,0,0,0,0,0,0,0,0,0,0,1,0,0,0,0,0,0,0,0,0,1,0,1,4,6,3,4,1,0,3,9,6,7,2,6,9,11,4
d06237,astronomy,0,0,2,1,2,1,1,2,1,1,2,1,1,0,1,1,20,15,14,15,16,19,13,9,1,0,0,0,0,1,0,2,23,21,19,30,33,26,22,30
d06238,astronomy,1,1,1,0,3,0,2,2,3,1,1,1,0,0,0,1,20,23,26,27,16,25,19,22,1,1,2,0,1,1,1,0,43,30,27,31,28,40,37,24
d06239,machine_learning,12,3,5,5,5,6,11,4,0,1,0,0,1,1,1,0,1,1,0,0,2,0,0,1,0,0,0,0,2,0,1,0,10,12,11,13,18,11,11,10
d06240,cooking,1,0,0,0,0,0,0,2,4,5,9,8,2,5,3,2,0,0,0,0,1,0,0,0,1,0,0,2,0,0,0,0,10,8,9,7,16,6,6,13
d06241,machine_learning,11,12,10,13,6,9,8,9,0,3,1,0,1,1,0,0,2,0,0,0,0,0,0,0,0,0,1,2,1,0,1,1,10,17,18,15,14,9,10,9
d06242,football,1,0,0,0,1,0,1,1,1,2,1,1,2,1,3,2,3,0,2,3,1,0,3,0,26,13,20,23,24,28,23,36,43,37,38,45,31,45,41,47
d06243,astronomy,1,0,0,0,1,1,0,1,1,0,3,0,1,0,0,0,15,12,11,5,7,7,11,15,0,1,2,0,0,1,0,0,19,20,16,18,20,18,25,12
d06244,football,0,0,2,0,1,1,0,0,0,1,2,0,1,1,0,0,0,1,1,1,3,1,4,0,8,19,19,19,11,14,13,9,26,30,17,29,19,29,33,17
d06245,machine_learning,10,12,7,10,9,9,16,7,1,0,0,0,1,0,0,0,0,1,0,0,0,1,2,0,1,1,0,0,0,0,1,0,19,23,14,31,17,17,17,23
d06246,astronomy,0,0,1,2,0,0,1,1,1,0,1,1,0,4,0,0,18,10,8,13,15,13,16,12,1,2,0,2,0,0,2,0,22,27,19,11,20,19,22,17
d06247,machine_learning,6,12,5,9,7,8,11,8,0,0,0,0,0,1,2,0,0,0,0,1,2,0,1,2,0,0,0,0,0,1,1,0,16,13,12,9,8,12,16,8
d06248,cooking,2,0,0,0,1,0,1,0,6,4,5,15,4,3,12,14,1,0,1,0,0,1,1,0,0,1,1,1,0,0,0,0,19,17,13,12,15,14,14,19
d06249,machine_learning,22,19,21,29,31,24,18,20,2,2,1,3,1,2,2,0,4,0,2,0,3,2,0,0,1,0,0,1,1,0,2,1,43,41,42,39,50,40,40,36
d06250,football,2,1,1,1,1,2,2,0,0,1,2,0,2,0,0,1,1,0,2,0,1,0,2,0,30,34,34,28,37,40,37,28,50,47,55,50,47,47,49,48
d06251,astronomy,1,1,0,0,1,1,0,1,0,3,1,1,0,1,0,1,11,17,15,8,5,10,19,8,0,0,0,2,0,1,0,0,15,19,19,25,21,22,15,20
d06252,machine_learning,4,3,7,11,1,7,2,9,0,0,1,0,0,0,0,1,0,0,0,0,0,0,0,0,0,0,0,0,0,1,0,0,10,10,8,10,6,10,10,8
d06253,astronomy,4,0,2,0,1,0,0,2,1,1,2,0,1,2,1,0,16,24,21,31,23,23,24,22,0,1,0,2,1,0,1,0,33,35,46,29,28,35,42,34
d06254,football,0,0,0,0,2,0,0,0,0,0,0,0,0,1,1,0,0,0,0,0,1,0,2,0,7,14,3,10,11,10,6,15,14,15,11,13,22,15,11,12
d06255,astronomy,1,0,0,0,0,0,0,0,0,0,0,0,0,1,1,0,6,7,9,8,9,7,4,3,0,0,0,1,0,0,2,0,13,14,21,13,19,17,13,16
d06256,machine_learning,9,6,4,6,11,6,6,2,0,0,0,0,0,0,1,0,1,0,1,0,1,0,0,0,1,0,0,1,0,0,0,0,12,10,13,11,11,13,8,13
d06257,machine_learning,8,13,7,9,10,8,6,11,0,0,0,0,0,0,1,0,0,1,0,0,0,2,0,0,1,0,0,2,2,0,0,1,10,14,12,11,7,19,13,12
d06258,astronomy,1,2,1,3,2,7,2,2,3,3,5,2,1,0,2,5,43,43,41,52,36,48,48,51,0,1,0,2,1,3,0,1,94,83,58,72,83,75,60,81
d06259,astronomy,0,1,1,1,1,4,0,0,1,1,3,1,1,1,2,0,22,29,22,14,27,33,19,16,0,0,0,0,0,0,0,0,28,39,33,29,29,30,32,22
d06260,astronomy,1,0,0,2,0,0,0,0,0,0,0,0,1,1,1,0,10,7,6,8,12,6,13,10,2,0,0,0,0,0,0,0,12,12,10,13,11,18,13,17
d06261,astronomy,2,4,2,0,1,0,2,4,2,3,2,4,3,3,5,2,52,45,56,50,63,53,51,54,2,3,2,3,3,0,2,2,69,76,90,71,89,79,88,99
d06262,astronomy,0,0,0,0,0,1,0,0,1,0,1,0,0,0,0,1,11,8,6,11,10,10,13,9,1,0,1,0,0,0,0,0,14,11,9,17,13,9,15,15
d06263,astronomy,0,2,1,0,0,0,1,0,0,1,0,1,1,0,1,0,10,15,13,12,12,8,10,11,1,1,1,0,0,2,0,1,21,19,18,17,15,16,22,11
d06264,machine_learning,23,18,31,19,17,20,23,21,1,0,1,2,0,1,1,1,0,2,1,2,1,0,3,1,0,0,2,1,0,0,3,3,32,32,43,37,49,46,32,39
d06265,astronomy,0,2,1,4,1,1,3,0,0,1,3,1,2,1,0,2,33,31,23,24,18,19,23,28,1,1,1,2,0,0,0,2,36,43,37,41,40,46,45,41
d06266,football,0,0,1,1,1,1,1,0,2,1,0,2,1,1,1,0,1,2,2,4,1,0,3,0,18,24,24,26,28,25,21,22,59,53,35,44,37,45,43,31
d06267,astronomy,0,1,2,0,0,1,1,0,0,0,0,0,1,0,0,0,10,4,10,6,6,8,6,10,0,1,1,1,1,0,0,2,12,13,12,13,13,9,12,18
d06268,astronomy,2,1,2,3,0,0,0,1,1,0,4,0,4,0,2,1,18,34,31,37,34,26,26,29,2,1,0,0,1,1,0,3,49,49,43,49,62,44,55,43
d06269,astronomy,2,1,0,1,1,1,1,0,0,1,2,2,1,1,2,1,11,18,9,20,11,15,13,11,0,1,0,0,3,0,1,0,19,20,21,24,16,20,26,18
d06270,machine_learning,7,9,8,3,2,2,3,7,1,0,0,0,1,0,0,1,0,0,1,0,0,0,0,0,0,0,0,0,0,0,0,0,4,9,10,11,9,10,10,3
d06271,astronomy,0,2,0,0,1,0,1,1,1,4,1,2,1,2,2,0,9,12,12,13,17,13,14,19,1,1,1,1,0,0,0,2,11,32,19,18,20,24,29,19
d06272,machine_learning,6,17,15,19,18,17,15,15,1,1,0,1,1,0,0,1,1,0,0,1,0,2,0,0,0,2,0,2,1,1,0,0,26,22,23,19,19,21,23,35
d06273,astronomy,0,1,2,0,1,0,2,1,0,1,1,1,0,0,1,1,17,14,16,13,10,15,19,13,0,1,0,0,1,2,1,1,24,20,27,20,31,30,16,25
d06274,astronomy,0,1,0,0,0,0,0,0,0,1,0,0,0,1,2,0,6,5,4,9,6,3,8,6,0,1,0,0,0,0,0,0,10,12,5,15,10,14,8,10
d06275,machine_learning,18,19,14,17,18,19,15,18,1,0,1,1,3,1,1,0,3,0,0,0,0,0,0,0,1,1,1,0,1,2,1,0,19,27,33,25,29,19,26,29
d06276,astronomy,0,0,0,0,0,0,0,0,0,0,0,0,1,0,0,0,3,4,9,2,2,4,4,2,1,1,1,0,0,1,0,0,10,9,6,13,10,9,3,4
d06277,astronomy,0,1,0,0,0,1,0,0,0,1,0,0,1,0,0,1,10,12,8,12,9,8,8,7,1,0,0,0,1,0,1,0,14,17,15,13,12,18,12,20
d06278,machine_learning,10,15,5,9,7,4,9,12,1,1,0,0,1,0,0,0,0,2,1,0,0,0,0,0,1,0,0,2,0,0,0,0,17,13,23,9,10,10,17,10
d06279,cooking,0,0,2,0,0,2,0,1,12,9,5,13,7,13,2,5,0,0,2,0,0,0,0,0,1,0,0,0,0,0,0,1,9,14,11,10,16,7,11,15
d06280,machine_learning,9,8,11,15,13,10,16,14,0,0,0,1,0,0,0,0,0,1,2,0,2,0,1,0,0,0,0,2,1,1,1,0,19,29,17,30,22,23,24,18
d06281,machine_learning,44,27,31,36,29,36,33,39,1,0,1,0,1,2,1,1,0,5,1,6,1,1,1,1,0,0,4,0,0,2,3,6,64,58,58,56,63,65,64,56
d06282,cooking,3,2,6,4,3,1,3,0,57,44,30,37,48,42,33,49,1,1,1,1,0,4,4,2,2,4,2,2,0,2,2,1,85,70,73,75,91,67,76,64
d06283,astronomy,0,0,1,1,1,0,1,0,1,0,0,1,1,0,1,0,9,10,11,12,14,6,11,10,1,0,0,0,0,0,0,1,13,17,13,13,17,20,12,10
d06284,football,0,0,2,0,1,1,0,0,2,0,0,0,1,0,0,1,2,0,0,0,1,0,1,0,6,9,11,13,15,14,9,10,23,25,20,16,14,18,23,21
d06285,astronomy,0,0,0,1,0,0,0,0,0,1,0,3,2,1,1,0,14,9,8,11,6,7,12,12,1,0,0,0,0,0,1,1,20,12,20,16,12,16,18,15
d06286,astronomy,1,0,0,0,0,0,0,1,0,0,0,0,1,0,0,0,11,8,4,4,5,7,4,7,1,0,0,0,0,0,0,0,12,13,18,16,11,11,12,18
d06287,machine_learning,2,7,5,6,9,5,5,7,0,0,0,0,1,0,0,0,0,0,1,0,0,0,1,0,1,2,0,0,0,0,0,0,15,9,7,11,11,13,11,8
d06288,cooking,1,0,2,3,1,0,3,0,25,21,16,17,27,14,24,24,1,0,2,0,2,0,0,1,1,2,1,0,0,0,0,0,28,34,32,34,28,34,33,34
d06289,cooking,2,3,0,0,0,2,0,0,34,30,33,24,20,33,24,19,0,2,0,0,1,0,1,0,0,0,2,0,0,0,1,0,54,44,37,44,35,47,43,43
d06290,cooking,0,0,2,0,0,1,0,1,14,11,10,9,9,9,5,13,0,0,0,1,0,1,0,0,1,0,1,0,0,0,0,0,18,21,12,15,22,15,14,12
d06291,football,2,3,1,0,1,2,2,3,5,2,1,0,3,0,1,0,1,0,3,1,1,3,3,3,23,31,24,33,35,37,25,28,64,49,47,38,44,50,61,53
d06292,machine_learning,17,15,10,15,12,10,14,14,0,3,0,0,1,0,0,0,2,1,0,0,0,1,2,0,1,0,0,1,0,2,1,2,16,24,19,14,22,22,17,19
d06293,cooking,0,2,0,0,0,1,2,0,7,11,12,12,9,12,8,10,0,0,1,0,0,0,0,1,0,1,2,2,0,1,0,0,20,19,17,15,24,15,12,16
d06294,cooking,0,0,1,1,1,0,0,1,17,17,17,16,14,19,20,18,0,1,1,1,2,0,1,1,1,0,1,2,3,3,1,1,28,34,25,35,35,33,23,26
d06295,football,2,1,0,0,1,1,1,0,1,1,1,0,2,0,1,1,1,0,0,0,0,0,1,0,25,22,29,18,24,20,21,25,31,26,30,41,34,23,32,28
d06296,football,0,1,0,1,1,1,1,0,0,1,0,0,1,1,1,2,0,1,0,1,0,2,3,0,14,27,15,20,29,22,20,20,31,28,30,42,43,23,36,35
d06297,football,1,0,0,0,1,1,0,1,1,0,1,1,0,2,1,0,1,0,0,0,0,1,0,0,12,10,21,22,18,23,17,9,24,28,23,27,25,17,34,32
d06298,cooking,1,1,1,1,0,0,0,1,10,5,1,5,4,7,8,8,0,2,0,1,0,0,0,0,1,0,0,0,0,0,1,0,9,8,11,7,11,9,14,13
d06299,machine_learning,19,16,21,26,14,25,24,17,1,0,1,3,0,1,1,1,2,1,2,0,0,1,0,0,0,1,1,1,0,2,2,2,36,40,42,39,31,29,38,34
d06300,astronomy,1,0,1,1,0,0,0,0,0,1,0,1,0,0,0,0,10,8,9,9,11,5,8,8,1,0,0,0,0,0,0,0,19,16,15,15,23,10,15,7
d06301,astronomy,0,0,1,1,2,1,1,0,1,0,0,3,3,2,2,2,22,12,18,21,19,18,18,16,2,0,1,2,2,1,1,1,28,23,36,33,27,19,30,30
d06302,football,0,2,0,0,0,4,0,1,2,2,1,0,0,0,0,1,2,0,0,0,0,0,0,1,13,18,16,16,14,10,19,17,24,25,24,14,25,35,27,29
d06303,astronomy,1,0,3,1,4,3,1,4,1,2,0,0,4,3,3,3,35,40,50,38,56,42,44,37,0,3,1,3,3,4,2,4,74,66,61,62,67,74,67,92
d06304,football,0,0,0,0,1,1,1,0,0,3,0,0,0,1,0,0,0,0,0,0,0,0,0,0,0,6,2,6,2,8,4,4,12,9,14,3,12,6,11,2
d06305,football,1,1,0,0,0,0,0,2,0,0,0,0,2,2,0,0,0,0,0,0,1,0,1,1,10,10,5,8,8,9,9,7,10,21,7,17,7,8,9,18
d06306,cooking,0,0,0,1,0,0,2,0,11,10,9,7,11,13,5,9,1,0,1,0,0,0,2,2,0,0,0,0,0,0,0,0,10,16,12,12,17,15,14,14
d06307,football,1,0,1,0,5,0,3,1,0,1,0,0,1,0,0,1,0,0,2,1,1,0,1,3,18,20,17,10,10,17,14,11,26,14,26,22,16,31,18,16
d06308,astronomy,2,0,1,0,0,0,1,1,1,3,2,0,1,3,0,1,15,15,19,5,9,10,6,12,2,0,1,0,1,0,0,0,22,29,24,23,14,25,12,23
d06309,astronomy,3,2,2,2,2,6,1,2,5,2,3,1,2,2,4,3,74,65,59,58,50,70,60,57,2,1,5,2,3,3,3,4,91,92,102,94,115,99,85,77
d06310,cooking,0,1,2,0,2,0,1,1,11,13,23,15,17,27,18,21,1,1,3,0,1,2,1,0,0,1,2,0,0,1,1,1,35,33,26,30,29,24,26,27
d06311,machine_learning,14,16,21,10,12,12,20,11,0,1,2,2,0,1,1,0,0,1,3,1,0,2,0,0,1,1,3,2,0,1,0,1,35,30,17,23,24,29,24,27
d06312,cooking,0,0,1,0,0,0,0,0,4,6,7,8,3,8,4,9,1,0,0,0,0,0,1,0,0,0,0,0,1,1,0,1,7,10,11,9,8,8,11,12
d06313,astronomy,0,1,1,0,1,0,0,0,2,0,0,0,3,0,1,0,6,11,9,6,7,8,14,10,0,0,0,0,1,0,0,1,13,10,19,13,19,16,21,14
d06314,football,3,3,1,0,0,2,0,3,2,1,1,2,1,1,1,0,2,2,0,2,1,1,0,1,22,28,19,22,22,27,36,20,41,38,43,40,46,41,37,35
d06315,machine_learning,8,7,4,10,10,6,15,9,1,0,0,0,0,2,0,0,0,1,0,0,2,0,0,0,0,1,0,0,1,0,1,1,22,20,20,19,18,13,15,25
d06316,astronomy,2,2,3,0,2,1,1,0,1,1,3,2,2,1,2,0,23,39,27,27,23,24,19,19,1,1,1,3,1,0,1,0,52,48,27,43,43,48,38,52
d06317,football,3,0,1,0,0,0,2,2,2,3,2,4,1,2,2,1,0,1,1,1,0,1,2,0,27,23,26,40,31,20,22,26,40,34,41,45,55,39,40,37
d06318,astronomy,0,1,0,0,0,1,2,0,0,0,0,0,0,0,0,0,4,6,8,7,2,8,4,9,1,0,1,1,0,0,0,0,14,10,15,9,7,8,10,6
d06319,machine_learning,4,7,4,7,7,3,4,8,0,1,0,0,0,1,0,0,0,0,0,0,0,0,0,0,0,0,0,0,1,0,0,0,11,16,18,18,10,11,9,11
d06320,football,0,0,1,1,1,0,0,0,1,0,0,0,1,1,0,0,2,0,2,1,0,0,0,0,11,6,11,20,13,14,13,11,12,18,5,24,15,14,18,17
d06321,astronomy,0,1,0,0,1,3,1,0,0,0,0,0,1,0,0,2,9,11,8,10,6,7,13,9,0,0,2,0,1,0,0,1,23,16,10,14,17,17,14,12
d06322,machine_learning,21,9,9,11,9,9,16,12,2,0,1,0,1,0,0,1,3,1,1,0,0,0,1,0,1,1,0,1,1,0,0,1,15,19,14,18,16,23,20,17
d06323,machine_learning,29,15,21,26,26,23,19,23,0,1,2,2,1,0,2,0,1,2,0,1,0,2,0,0,0,3,1,0,1,1,2,0,24,33,43,24,31,35,27,30
d06324,astronomy,0,0,1,0,0,0,2,1,0,1,0,0,1,0,0,0,7,14,10,11,5,9,8,10,0,0,0,0,0,0,1,0,19,18,14,15,8,14,17,8
d06325,machine_learning,33,19,24,37,35,27,28,43,0,2,0,1,1,0,2,1,0,1,1,4,2,2,0,3,3,1,1,3,1,1,1,2,47,43,43,46,53,47,54,42
d06326,football,1,0,1,2,0,0,2,0,0,4,2,1,0,0,0,1,0,2,2,1,0,0,2,1,13,23,24,24,21,24,21,19,40,28,43,32,28,35,38,32
d06327,cooking,3,3,1,2,1,2,2,0,40,47,43,33,49,40,38,42,3,1,2,3,5,1,2,3,0,2,0,4,1,2,2,5,58,64,78,78,69,82,73,78
d06328,cooking,1,3,1,0,2,1,1,3,21,28,26,21,27,28,19,26,3,0,2,2,2,3,0,1,0,2,1,1,0,1,1,1,34,50,43,44,38,54,34,37
d06329,machine_learning,19,21,10,17,13,24,17,15,0,1,1,1,1,3,1,2,1,2,0,2,2,1,1,2,0,1,4,0,0,1,0,0,33,20,34,31,30,30,20,37
d06330,cooking,0,0,3,0,1,1,0,2,20,21,18,21,19,18,31,12,0,3,3,1,1,0,1,0,0,2,1,2,2,0,1,2,29,32,31,27,29,32,34,34
d06331,machine_learning,11,23,14,19,12,12,17,23,1,1,0,1,3,1,3,1,3,1,1,2,1,0,0,1,0,1,1,0,2,2,1,2,28,22,37,37,35,19,26,26
d06332,football,1,2,0,1,0,2,0,1,1,2,0,3,2,1,0,4,3,2,2,0,1,1,0,3,32,24,22,35,39,26,31,27,55,38,47,46,44,36,46,33
d06333,football,0,0,0,2,0,2,0,1,0,0,0,0,2,0,1,0,0,0,1,0,0,0,1,0,12,10,13,10,14,7,12,12,13,15,13,19,20,18,11,16
d06334,astronomy,1,3,1,0,0,0,1,0,1,2,0,0,0,0,0,0,14,8,17,18,17,25,21,20,1,0,0,0,1,2,0,1,22,29,25,23,19,32,29,29
d06335,cooking,1,0,1,1,5,1,1,2,25,31,39,20,29,37,30,29,1,1,0,1,2,0,3,0,2,2,3,0,1,4,2,4,36,54,52,52,45,40,49,47
d06336,cooking,0,1,0,0,1,1,1,0,7,9,10,19,7,12,4,8,1,0,0,0,0,0,1,0,2,1,1,0,0,0,1,0,11,18,16,19,27,17,18,23
d06337,cooking,2,1,4,0,2,0,0,0,19,27,17,21,28,20,21,23,1,0,1,2,2,1,1,2,0,3,2,2,0,1,0,2,40,36,38,38,39,39,30,47
d06338,cooking,0,0,1,0,0,1,0,0,12,9,12,16,10,10,13,10,2,1,0,0,1,0,0,0,1,0,0,0,1,1,0,1,21,22,22,26,19,20,14,25
d06339,astronomy,2,3,4,1,3,1,4,2,0,1,1,0,4,4,2,1,43,53,57,56,36,46,55,41,2,1,3,3,1,3,6,0,61,76,75,66,74,73,73,86
d06340,machine_learning,21,17,21,11,18,19,20,21,1,2,0,0,0,0,1,0,0,3,1,2,1,1,2,1,2,0,0,0,1,2,2,2,31,36,37,29,32,28,30,25
d06341,machine_learning,2,0,4,2,1,7,7,4,0,0,1,0,1,0,1,0,0,0,1,0,0,0,0,0,0,0,0,0,0,0,0,0,7,6,7,7,11,7,3,3
d06342,football,1,3,1,0,1,2,2,2,1,4,0,4,1,2,1,1,3,0,0,1,1,1,0,1,24,26,37,23,17,24,31,20,41,42,44,51,42,42,42,45
d06343,machine_learning,34,32,34,38,43,25,37,38,1,3,1,2,1,2,1,6,1,3,2,1,5,4,1,2,1,2,1,1,5,1,5,2,71,85,64,60,71,75,62,66
d06344,cooking,2,0,2,0,1,0,0,1,22,21,25,28,17,25,24,18,1,1,0,1,2,1,1,0,0,2,0,1,0,0,0,2,48,29,26,33,33,34,23,33
d06345,cooking,0,0,0,1,0,0,0,1,3,1,9,5,6,7,4,7,0,0,0,0,0,0,1,0,0,0,0,1,0,0,0,1,10,9,11,12,13,11,7,9
d06346,astronomy,1,0,0,0,0,0,0,1,0,2,0,1,2,1,0,1,20,14,19,20,20,16,17,16,1,0,0,1,0,1,1,2,16,30,20,28,31,36,31,29
d06347,astronomy,1,1,0,1,0,1,1,0,1,0,0,0,0,0,2,1,10,7,10,4,6,7,8,8,0,0,0,0,0,0,0,0,11,18,15,17,8,9,14,15
d06348,football,5,3,5,2,3,4,3,1,2,0,1,6,2,0,0,4,2,2,3,3,3,4,2,1,66,52,66,79,55,71,64,64,95,93,126,125,108,88,114,110
d06349,cooking,1,0,0,2,1,0,1,0,23,20,10,8,16,17,16,15,0,0,1,0,0,1,1,2,3,0,1,1,0,1,1,1,23,29,25,26,12,31,24,22
d06350,cooking,2,0,0,1,2,1,1,2,19,16,20,10,22,18,18,16,2,0,0,0,2,0,0,2,0,0,2,0,2,2,1,1,25,23,31,37,21,31,24,28
d06351,machine_learning,15,22,25,18,17,26,17,26,0,0,0,1,0,1,0,1,1,0,2,0,0,1,1,1,1,0,0,1,1,0,0,0,43,33,24,37,34,34,24,37
d06352,football,1,0,1,0,1,0,0,0,0,0,0,1,2,0,0,0,3,0,0,1,0,2,1,1,14,14,15,20,16,18,18,16,17,23,41,28,28,32,27,33
d06353,astronomy,2,0,2,0,1,0,1,0,0,1,0,3,2,2,0,4,23,19,19,11,10,17,22,17,0,0,1,1,1,1,0,1,28,26,24,27,24,28,22,28
d06354,machine_learning,9,16,4,11,6,7,5,5,1,0,1,1,1,0,0,0,0,1,0,0,0,0,0,0,1,0,0,1,1,0,1,0,18,5,12,12,8,6,8,13
d06355,astronomy,1,0,0,0,0,0,0,0,0,1,0,0,0,0,0,1,6,9,3,5,5,7,5,6,0,1,0,0,0,1,0,1,13,7,13,9,8,6,11,16
d06356,astronomy,2,2,2,0,0,1,0,0,0,0,2,1,0,0,0,0,10,11,7,13,9,16,16,15,1,2,0,0,0,0,0,1,22,25,26,17,29,18,10,21
d06357,football,0,2,0,0,0,1,0,0,1,0,0,0,0,0,0,1,0,1,2,2,0,0,0,0,4,11,7,4,7,11,7,6,12,11,10,10,13,7,7,12
d06358,football,6,6,8,3,8,4,3,7,5,1,5,2,4,4,5,3,7,4,2,6,5,7,5,4,104,94,95,107,107,100,94,105,168,168,189,147,169,159,161,186
d06359,football,1,0,2,0,1,0,0,1,1,0,0,0,0,1,2,1,1,0,3,0,0,1,1,1,13,9,6,9,10,8,10,13,13,15,16,17,13,24,19,25
d06360,cooking,0,3,2,2,0,1,3,2,18,25,23,23,29,16,29,28,1,3,4,1,0,1,0,1,1,1,0,0,3,1,0,1,33,54,41,41,39,36,37,38
d06361,machine_learning,3,4,8,4,0,5,3,2,0,0,1,0,0,0,0,0,0,1,0,0,0,0,0,1,1,0,0,0,0,0,0,0,7,5,6,6,8,5,2,6
d06362,machine_learning,9,10,7,9,4,7,5,11,0,1,1,0,0,1,1,0,0,0,2,0,0,1,0,1,1,1,0,2,1,0,0,0,9,13,15,14,5,12,13,17
d06363,cooking,1,1,1,1,1,0,0,2,15,10,11,13,19,13,20,12,0,1,1,1,0,0,0,1,0,1,0,0,1,1,2,0,32,19,24,22,27,36,31,29
d06364,astronomy,1,0,0,0,1,0,0,1,2,0,0,1,0,1,2,0,11,13,12,9,7,9,16,9,0,0,0,1,0,0,2,0,17,15,17,13,13,12,20,16
d06365,machine_learning,13,14,14,12,17,17,13,6,0,0,0,0,1,0,1,1,1,0,1,0,0,0,0,0,1,0,0,0,0,0,0,0,24,27,21,25,21,14,20,24
d06366,football,0,1,1,0,1,0,0,0,0,0,0,0,0,0,0,1,0,0,0,0,0,0,0,0,3,6,2,5,3,4,6,3,7,7,9,7,9,5,3,4
d06367,cooking,1,0,0,1,1,2,3,0,12,16,16,15,12,10,17,16,0,0,0,1,2,0,0,3,0,3,0,0,0,1,1,2,32,25,25,24,29,24,24,17
d06368,astronomy,0,2,0,0,0,0,0,1,0,1,0,0,0,1,0,0,10,6,5,4,6,1,7,4,0,0,0,1,0,0,1,0,8,9,9,8,8,6,9,9
d06369,football,2,1,2,1,1,0,0,1,0,0,1,2,0,0,2,0,1,0,2,1,4,1,1,2,9,14,18,21,18,11,10,14,25,23,21,26,18,26,27,22
d06370,astronomy,2,1,3,1,1,0,2,4,0,2,1,1,1,1,0,0,25,34,29,33,26,25,32,31,1,2,1,3,1,0,0,1,40,45,55,56,41,59,41,38
d06371,football,1,1,0,0,1,1,1,2,0,1,1,1,1,0,0,0,0,0,0,1,3,0,1,0,18,15,16,12,14,14,23,26,28,32,22,29,20,25,15,20
d06372,astronomy,1,1,1,0,0,1,0,0,0,0,0,0,0,0,1,0,9,7,11,12,11,7,11,5,1,0,1,0,2,0,0,1,16,23,14,14,10,17,18,18
d06373,cooking,0,0,1,0,0,0,0,0,1,6,6,2,3,6,2,4,0,0,0,0,0,0,0,0,1,0,0,0,0,0,1,0,10,6,9,9,8,10,4,5
d06374,football,3,2,2,4,0,1,3,4,0,3,6,1,1,0,4,2,3,3,4,1,3,2,2,1,36,40,43,41,48,35,33,50,75,72,58,69,71,70,83,53
d06375,cooking,0,0,0,3,1,1,0,0,19,26,13,17,13,25,11,23,1,2,2,0,2,1,1,0,0,1,1,0,0,0,1,2,26,26,36,21,24,24,31,37
d06376,football,1,0,0,1,1,0,0,0,0,1,0,0,0,0,1,0,0,1,1,0,2,0,1,1,14,7,10,5,23,11,12,13,26,16,19,21,22,16,27,19
d06377,football,1,3,4,2,0,2,1,4,0,2,0,6,3,1,0,4,1,5,1,2,0,5,1,4,40,34,41,41,53,41,32,31,65,69,60,80,62,64,65,87
d06378,machine_learning,9,13,9,11,14,12,12,9,0,2,0,0,2,0,1,0,1,0,0,1,0,0,0,0,0,1,0,0,0,1,0,0,16,22,25,13,23,10,16,17
d06379,machine_learning,13,15,7,13,11,6,10,15,0,0,0,2,3,0,1,0,1,1,1,3,0,0,1,0,2,2,0,1,0,2,1,0,21,25,20,20,29,31,21,17
d06380,machine_learning,33,33,41,32,32,30,19,31,2,0,3,1,1,3,4,2,2,2,1,1,2,1,2,2,3,4,3,1,0,1,1,1,47,51,53,61,46,57,52,51
d06381,astronomy,0,0,0,0,0,1,0,0,2,0,0,0,0,0,0,2,11,12,8,6,12,10,6,6,0,0,0,0,1,1,1,2,22,20,16,11,17,25,18,20
d06382,astronomy,0,0,1,0,1,0,1,0,0,0,0,1,1,1,0,1,19,20,19,20,11,17,16,21,2,0,0,0,0,0,2,0,27,28,25,33,33,21,37,36
d06383,cooking,0,1,1,0,0,0,0,0,11,8,2,11,14,12,14,11,0,0,0,0,0,0,1,0,0,0,0,0,0,3,0,1,25,15,29,19,18,10,17,23
d06384,football,2,0,0,0,1,2,0,1,0,1,0,0,0,0,2,1,0,1,2,0,0,0,0,0,12,8,14,12,15,17,13,11,21,17,27,22,25,20,16,30
d06385,machine_learning,1,4,3,2,7,5,4,4,1,1,0,0,0,1,0,0,0,1,0,0,0,1,1,0,0,0,0,0,0,0,0,1,4,10,8,14,5,5,6,5
d06386,football,0,2,1,0,2,1,0,0,1,1,0,2,0,0,0,0,2,1,3,1,1,2,1,0,17,13,15,16,16,15,17,18,25,38,25,44,30,33,36,27
d06387,astronomy,0,0,1,1,1,0,0,2,1,0,0,0,0,0,0,2,6,7,8,11,7,5,4,11,2,0,0,0,1,2,0,0,20,18,7,13,9,9,13,14
d06388,machine_learning,5,13,13,21,13,15,16,11,1,2,0,0,0,1,2,1,1,1,0,1,2,0,1,1,0,0,3,0,1,1,0,0,27,27,24,22,27,22,21,29
d06389,cooking,1,0,2,2,0,1,1,0,21,12,21,24,12,14,18,17,1,0,1,0,2,0,1,0,3,0,0,2,2,1,1,1,29,39,35,31,27,23,40,35
d06390,cooking,1,1,4,3,2,2,4,1,36,34,33,45,42,32,47,34,2,0,2,4,1,0,0,1,1,5,6,6,1,1,0,4,55,53,67,56,58,66,60,59
d06391,cooking,2,2,1,0,0,1,0,0,14,9,7,10,10,12,10,12,0,0,1,0,1,0,1,1,0,0,0,0,0,0,1,0,17,18,9,18,22,23,18,19
d06392,cooking,1,0,1,1,0,1,2,0,4,6,7,11,7,12,13,9,0,0,0,0,0,0,0,1,1,0,0,0,1,1,1,1,24,12,16,10,14,17,11,9
d06393,football,1,2,1,2,0,1,0,1,0,4,0,1,0,1,0,0,0,1,1,1,0,1,3,1,20,24,22,27,22,35,21,24,40,32,30,43,31,30,47,27
d06394,astronomy,2,1,0,0,0,0,1,0,0,2,0,0,1,0,1,0,13,9,11,10,11,13,7,9,0,0,1,0,0,0,1,0,17,12,10,19,9,17,19,17
d06395,astronomy,5,3,3,7,2,2,4,2,1,2,2,2,2,0,4,3,51,48,62,41,42,60,63,63,1,3,1,0,2,1,2,3,85,97,90,87,82,91,62,82
d06396,football,0,0,1,2,1,0,3,1,1,1,0,0,0,0,0,0,0,0,0,0,3,1,0,1,14,9,15,12,11,12,11,11,19,27,26,19,27,21,23,20
d06397,cooking,0,1,1,0,1,1,1,2,7,8,7,9,3,8,7,6,0,2,0,0,0,1,0,1,0,0,0,0,0,1,0,0,15,11,13,11,15,13,9,13
d06398,astronomy,0,1,1,1,2,2,1,1,4,1,2,0,2,4,0,1,28,18,33,24,28,28,28,24,1,0,3,0,0,0,1,0,43,37,41,46,40,53,46,35
d06399,machine_learning,8,9,9,12,8,10,10,9,0,0,0,0,1,1,0,0,1,0,0,1,0,0,0,0,0,1,0,0,0,0,1,2,12,15,14,14,18,19,11,13
d06400,machine_learning,24,28,27,32,32,27,25,26,5,1,1,1,2,3,0,2,2,2,1,0,1,0,1,0,3,1,0,2,0,0,0,0,36,39,42,42,37,47,42,47
d06401,cooking,0,2,1,1,1,2,0,1,19,14,18,16,19,17,24,22,0,2,2,3,2,1,0,1,0,1,1,1,3,2,0,0,33,34,32,23,32,35,27,29
d06402,astronomy,1,1,1,2,1,2,3,2,1,2,0,2,4,0,0,2,17,29,28,36,33,37,18,32,2,1,2,2,1,2,1,1,55,53,65,47,51,43,43,48
d06403,cooking,0,0,0,0,0,0,1,0,6,6,9,7,6,9,7,7,0,0,1,0,0,1,0,0,0,1,1,0,1,0,1,1,16,8,12,15,10,14,10,15
d06404,machine_learning,17,9,13,14,19,24,12,9,1,1,2,2,0,1,3,0,0,0,0,3,1,0,1,0,0,0,1,1,0,0,0,0,23,30,24,18,23,18,24,17
d06405,cooking,0,0,1,0,0,0,0,0,7,7,8,6,6,6,3,4,0,0,0,0,0,0,0,0,1,0,1,1,0,0,0,0,9,5,9,12,4,12,11,6
d06406,cooking,2,1,0,0,0,0,1,1,10,11,9,8,12,13,13,17,0,3,0,3,0,1,1,0,0,0,0,2,0,0,0,1,18,22,32,32,23,28,16,14
d06407,astronomy,1,0,0,1,0,0,0,0,0,0,0,0,0,0,0,0,5,4,2,10,5,5,6,8,0,0,0,0,0,0,0,1,13,11,14,13,7,12,8,13
d06408,cooking,0,0,0,0,0,1,0,0,4,9,9,5,3,4,2,5,0,0,0,0,0,0,0,0,0,0,2,0,1,0,0,0,8,10,9,10,5,7,9,12
d06409,cooking,1,3,5,3,2,1,1,3,35,40,39,26,32,46,39,34,2,2,1,5,1,1,1,3,2,0,2,1,1,2,1,2,60,54,56,52,60,54,64,51
d06410,football,0,1,0,0,0,0,0,0,0,0,0,1,0,1,0,2,0,0,0,0,0,0,1,0,6,3,12,12,6,14,5,7,20,14,11,8,23,11,17,15
d06411,machine_learning,40,40,40,36,52,42,29,35,3,3,1,2,0,1,3,2,2,2,1,2,1,2,0,1,5,1,2,1,6,3,6,1,53,44,46,57,64,58,67,57
d06412,cooking,1,1,1,0,2,2,0,0,7,8,11,10,10,8,6,9,0,1,0,1,0,0,1,0,0,1,0,1,2,0,1,0,19,13,14,26,16,26,14,20
d06413,football,2,1,1,2,1,1,1,1,1,1,2,2,2,2,1,3,2,5,1,1,1,0,0,2,28,30,36,24,32,38,45,30,60,52,46,50,64,54,54,63
d06414,machine_learning,27,25,25,32,34,31,29,32,2,0,0,1,2,1,0,3,1,0,0,2,2,0,2,2,1,0,2,3,3,1,2,4,53,50,60,44,49,51,48,38
d06415,astronomy,0,3,2,1,0,0,0,0,1,0,1,0,0,1,0,1,17,18,12,14,21,13,15,21,0,2,0,0,0,1,3,0,28,34,28,29,24,19,24,24
d06416,cooking,1,1,0,1,0,0,0,0,3,5,6,3,7,8,4,7,1,0,0,0,2,1,0,0,0,1,0,1,0,0,0,0,12,12,18,15,14,12,13,11
d06417,football,0,0,1,0,0,0,0,0,0,0,0,0,1,0,0,0,1,0,0,0,0,0,0,2,2,7,6,13,6,3,5,3,11,7,20,19,16,11,9,17
d06418,cooking,0,2,1,2,3,3,2,0,35,27,34,27,41,38,41,42,3,4,0,1,2,0,0,1,1,0,3,1,1,1,1,2,62,67,87,57,70,58,66,66
d06419,astronomy,0,1,1,0,1,0,2,1,0,0,0,2,0,0,0,0,10,11,10,14,7,11,14,12,1,1,1,0,3,1,0,0,19,28,19,24,17,22,13,24
d06420,football,0,0,0,0,0,0,0,1,1,0,0,0,0,0,1,0,0,0,0,0,0,1,0,1,10,3,7,3,8,3,4,2,4,12,5,6,4,5,9,7
d06421,cooking,1,0,1,3,1,0,1,0,14,19,16,30,14,17,21,25,0,3,1,2,0,0,2,1,1,2,3,0,0,0,0,3,31,24,28,25,29,35,31,31
d06422,cooking,2,1,0,2,4,1,4,3,38,29,34,39,40,31,37,40,2,3,1,0,2,1,1,2,4,1,1,1,0,0,0,0,61,69,67,69,59,61,73,63
d06423,football,1,1,1,0,0,2,1,1,0,1,0,2,1,0,1,0,0,0,0,0,1,0,3,0,12,22,10,24,23,17,18,30,41,17,22,31,36,33,32,37
d06424,astronomy,2,2,0,0,0,1,1,2,1,1,1,1,1,1,1,2,22,17,22,20,17,22,13,13,0,0,2,1,0,2,0,1,28,28,23,26,23,32,33,33
d06425,football,1,1,0,0,0,0,0,0,0,0,0,1,2,0,0,1,0,2,1,2,0,0,1,1,9,6,8,7,4,6,6,5,13,7,7,12,13,11,14,12
d06426,machine_learning,5,10,5,6,7,4,6,4,1,0,0,0,0,2,0,1,0,0,0,0,2,0,0,0,0,1,0,0,0,1,0,0,9,6,11,7,14,8,12,10
d06427,football,0,0,0,0,2,0,0,0,0,0,0,0,0,1,1,1,0,0,0,0,0,0,1,0,5,6,7,6,5,5,6,5,9,10,8,5,15,16,6,10
d06428,football,0,0,1,1,0,2,1,1,0,0,0,1,1,0,1,2,0,0,0,1,0,1,0,1,9,9,8,9,15,8,15,9,17,14,13,18,9,18,18,15
d06429,cooking,0,0,0,0,0,0,0,0,3,7,8,4,9,2,6,10,0,1,0,0,1,0,0,1,0,0,1,0,0,0,0,0,14,5,13,15,11,10,15,11
d06430,cooking,0,1,0,0,0,0,1,0,12,7,9,6,4,6,4,10,0,1,0,1,0,0,0,0,0,0,0,1,1,1,1,0,9,12,11,6,10,9,9,11
d06431,astronomy,0,0,0,0,0,0,0,1,0,0,0,0,0,1,1,0,7,12,9,3,5,8,8,8,1,0,0,0,0,0,0,1,5,11,10,12,12,10,10,13
d06432,astronomy,0,0,0,0,1,2,0,1,0,0,0,1,1,0,2,0,6,16,6,7,9,11,12,9,0,0,0,1,0,0,0,0,13,10,16,14,15,18,15,19
d06433,football,2,4,4,5,2,2,2,1,2,2,2,1,4,4,1,5,4,2,1,2,0,5,2,4,59,50,57,66,50,50,50,56,100,78,84,108,101,89,106,92
d06434,machine_learning,7,6,5,8,6,5,6,5,0,0,0,0,0,0,0,0,0,0,0,1,1,0,0,0,0,0,0,0,0,0,0,0,9,10,5,10,8,7,8,6
d06435,astronomy,1,0,2,2,2,0,1,2,0,1,1,1,0,0,1,0,22,21,27,27,23,19,21,25,0,1,3,0,0,2,2,2,36,32,43,43,42,29,43,43
d06436,football,1,1,1,0,0,1,2,0,2,5,0,1,0,2,1,0,1,0,1,3,1,0,0,0,19,16,21,15,22,20,16,19,27,25,37,25,38,32,34,26
d06437,astronomy,0,2,1,0,0,1,1,0,0,0,0,0,1,3,0,0,11,5,12,7,11,12,9,8,1,1,0,0,0,1,1,0,13,13,18,9,5,13,13,13
d06438,astronomy,4,2,3,1,1,1,1,2,5,2,2,3,1,1,2,1,36,36,41,36,38,52,43,32,0,1,0,3,3,3,1,6,63,59,83,63,61,53,60,72
d06439,football,1,1,2,1,0,0,0,1,0,0,1,0,0,0,0,0,1,0,0,0,0,1,1,0,13,4,10,11,7,10,12,9,11,23,10,14,20,24,19,22
d06440,astronomy,1,1,1,1,3,1,2,4,0,0,1,2,0,1,1,2,21,20,24,25,27,32,28,12,4,0,0,0,3,1,1,1,40,39,38,17,36,47,31,42
d06441,cooking,0,0,0,1,0,0,0,0,5,8,6,7,5,3,2,6,0,0,0,1,0,1,1,0,0,0,0,1,1,0,0,0,15,17,10,12,10,11,12,11
d06442,cooking,0,0,0,0,1,0,2,1,9,5,8,6,19,8,9,16,0,0,1,0,2,1,0,1,0,1,0,0,0,1,0,0,17,17,15,22,9,18,7,13
d06443,football,0,0,0,1,0,1,1,1,0,0,0,2,3,1,1,0,1,0,0,0,0,0,0,1,6,8,11,9,11,15,7,9,17,9,16,16,15,10,21,24
d06444,football,2,1,0,0,0,1,0,0,0,0,1,0,0,0,1,1,0,0,0,0,1,1,0,0,7,9,3,4,2,6,4,6,5,11,9,8,7,6,9,16
d06445,machine_learning,7,2,6,7,5,8,9,3,1,0,0,2,0,0,0,0,0,0,1,2,0,0,0,0,1,1,0,0,0,0,0,1,10,13,12,10,5,9,9,10
d06446,football,5,2,0,0,1,3,1,0,1,3,2,4,0,0,0,1,2,1,0,0,1,1,2,2,19,19,16,17,25,19,28,29,46,36,38,36,25,45,48,48
d06447,machine_learning,9,8,6,13,8,15,6,4,1,0,0,3,0,0,0,0,0,0,1,0,0,0,2,0,0,0,0,0,1,0,0,1,15,10,16,13,17,11,16,18
d06448,cooking,1,1,0,0,0,0,0,0,7,10,8,10,5,5,3,10,1,0,0,0,0,0,0,0,0,1,1,0,0,0,1,3,10,12,18,12,19,2,8,8
d06449,cooking,0,0,1,0,0,0,1,0,7,7,9,6,8,11,4,13,0,0,0,0,0,0,1,0,1,0,0,1,0,0,1,0,10,12,7,22,11,9,13,13
d06450,machine_learning,32,51,35,45,40,46,40,36,3,5,2,2,2,3,1,0,2,1,3,2,1,5,2,2,1,1,1,1,4,2,1,2,79,74,64,67,78,64,57,75
d06451,machine_learning,7,12,6,4,6,5,8,3,1,1,0,0,0,0,0,0,0,0,1,0,1,0,0,1,0,0,0,0,0,0,0,0,7,9,5,5,5,9,10,8
d06452,cooking,1,2,0,0,1,0,1,0,17,18,19,22,16,22,8,23,0,0,1,1,1,1,1,0,0,0,1,1,1,1,1,0,34,36,32,40,27,24,25,33
d06453,machine_learning,12,7,8,12,13,15,9,9,1,1,0,0,0,1,2,1,0,3,0,0,1,0,0,0,0,0,0,0,1,0,1,0,20,25,15,15,17,18,18,26
d06454,cooking,1,2,2,1,0,2,1,2,21,21,39,21,28,22,25,25,0,2,1,1,2,1,0,3,2,1,0,1,1,0,0,2,46,32,51,36,33,39,39,41
d06455,football,1,0,0,0,0,0,0,0,0,0,0,0,0,0,1,1,1,0,0,0,0,1,0,0,8,13,9,9,8,2,6,5,10,18,9,14,19,9,9,9
d06456,machine_learning,14,9,8,8,10,13,8,11,0,0,1,1,1,0,1,0,1,1,0,0,0,0,0,1,0,1,0,1,0,1,0,1,19,19,16,15,13,9,15,14
d06457,machine_learning,16,21,30,19,18,17,16,19,0,1,1,1,0,2,1,2,2,1,1,1,2,1,3,1,0,1,1,1,1,1,1,2,41,36,32,38,40,35,33,33
d06458,machine_learning,13,18,13,20,13,32,16,19,2,1,2,0,0,2,1,0,1,0,0,1,0,0,2,1,1,1,1,1,2,1,0,2,28,26,36,32,21,33,25,29
d06459,astronomy,0,0,0,0,0,0,0,0,0,0,0,1,0,0,1,0,6,4,5,4,10,3,9,8,0,0,1,0,1,0,0,0,12,10,9,8,13,7,11,16
d06460,machine_learning,16,21,20,26,25,26,20,19,0,2,0,2,1,0,2,1,0,4,1,3,4,0,4,4,2,0,0,0,0,0,0,1,37,39,29,32,43,35,40,36
d06461,football,1,0,0,0,0,0,0,2,0,0,0,0,1,0,0,0,0,0,2,0,0,0,0,2,11,8,6,7,20,9,10,8,18,12,20,16,19,16,12,26
d06462,machine_learning,53,41,45,49,45,61,37,53,2,3,3,0,1,0,1,2,2,2,1,5,1,0,1,0,1,0,0,0,2,3,3,6,76,86,92,71,86,76,61,86
d06463,cooking,0,1,0,0,0,0,1,0,5,7,8,6,7,7,10,11,0,0,1,0,0,0,0,1,2,0,0,1,1,0,0,0,10,16,11,18,19,15,16,7
d06464,football,2,1,2,2,0,1,1,3,2,3,0,0,2,2,1,3,0,2,3,2,2,3,2,3,34,47,49,44,42,38,44,54,70,71,80,78,65,79,82,75
d06465,machine_learning,10,9,6,5,8,11,8,9,0,0,0,0,0,0,0,1,0,0,1,0,0,0,0,0,0,0,2,0,2,0,0,1,10,8,15,14,16,16,19,13
d06466,football,5,5,3,5,4,4,5,4,4,4,4,5,5,5,4,5,8,2,5,4,8,5,7,4,92,106,89,97,99,103,105,87,160,138,168,157,129,158,157,131
d06467,machine_learning,23,35,27,29,31,29,39,33,2,0,1,0,2,1,1,1,0,0,1,0,0,1,2,1,0,0,0,1,0,3,0,2,44,60,49,49,45,46,48,48
d06468,cooking,3,0,2,0,0,1,2,0,17,20,12,16,15,19,21,16,1,4,1,0,1,0,2,0,1,0,1,1,0,1,2,1,35,38,38,37,28,47,39,26
d06469,football,1,0,2,0,0,0,1,1,3,2,2,3,1,0,0,3,1,0,0,1,1,2,0,2,14,25,17,18,21,21,17,21,35,34,35,39,27,47,34,26
d06470,football,0,2,0,2,1,0,0,2,0,0,1,0,1,0,0,0,1,0,0,1,1,1,0,1,12,10,14,12,10,16,15,15,25,19,22,15,20,18,23,27
d06471,football,0,1,0,2,1,2,0,1,2,1,0,0,2,0,0,2,0,1,1,0,2,0,1,1,29,21,24,20,28,22,23,22,28,38,31,41,38,29,43,33
d06472,machine_learning,7,3,3,7,6,4,6,4,0,0,1,0,0,1,0,0,1,0,1,2,0,0,0,0,0,0,1,0,0,2,0,0,13,3,6,9,6,7,8,7
d06473,astronomy,2,2,0,1,0,0,1,0,0,0,0,0,0,0,0,0,12,7,10,5,6,3,12,8,0,1,0,0,0,0,0,1,18,14,15,23,12,16,21,12
d06474,football,1,3,2,2,2,7,3,2,2,1,4,7,4,3,3,3,3,4,2,5,2,0,2,2,59,73,61,63,68,81,64,66,129,106,90,125,123,102,115,109
d06475,astronomy,0,0,0,1,1,0,0,1,0,3,1,1,0,2,1,0,29,22,22,18,22,20,20,22,3,0,0,3,1,3,0,1,35,26,35,33,32,35,42,35
d06476,football,3,0,2,1,2,0,1,0,0,0,0,0,3,1,2,1,3,1,0,0,3,2,2,1,40,22,25,29,29,25,31,20,45,44,34,42,49,53,50,48
d06477,cooking,1,1,0,2,2,0,0,4,13,27,23,20,19,21,15,20,2,0,0,0,0,2,1,0,0,0,0,1,0,1,1,1,33,39,32,39,24,32,34,35
d06478,football,0,0,4,2,0,2,0,0,1,1,0,0,0,1,0,1,1,0,0,1,0,0,0,1,17,16,17,23,16,15,17,16,27,26,23,25,25,31,27,31
d06479,machine_learning,9,1,9,2,7,5,8,7,0,1,0,0,0,0,0,0,0,0,0,0,1,1,1,0,0,1,1,0,0,0,0,0,8,11,6,8,10,15,8,11
d06480,football,1,0,4,2,1,2,1,0,0,0,2,0,3,0,0,1,1,0,0,3,0,4,1,1,17,16,17,25,15,17,20,18,33,33,30,24,38,24,27,28
d06481,cooking,1,1,0,2,0,0,0,1,9,7,11,14,1,9,7,9,0,1,0,1,0,1,1,0,0,2,0,0,0,0,0,0,22,22,25,21,16,19,18,12
d06482,astronomy,0,0,0,0,0,1,0,1,0,0,0,0,0,1,0,1,7,4,5,2,4,7,8,6,0,1,1,1,0,1,0,0,12,16,13,6,6,8,11,6
d06483,astronomy,1,0,0,0,0,0,0,0,1,0,0,0,1,0,1,0,8,2,4,8,4,4,6,5,0,0,0,0,0,1,0,1,7,20,13,8,15,6,20,11
d06484,football,7,0,2,4,4,1,2,2,1,3,0,3,3,1,1,2,3,3,2,0,0,0,3,0,31,41,42,43,35,51,44,45,79,68,62,75,60,62,73,70
d06485,machine_learning,14,11,14,18,15,12,10,14,0,0,0,0,1,0,1,1,0,0,0,1,0,1,1,0,0,0,0,1,0,1,0,0,27,11,20,21,21,23,25,26
d06486,astronomy,0,0,0,0,1,1,1,0,1,0,0,1,0,0,0,0,5,4,6,4,11,8,3,11,0,0,1,0,1,1,0,0,20,12,13,13,19,13,14,17
d06487,football,1,0,0,0,0,0,1,0,1,0,0,1,1,1,1,1,1,0,2,0,0,0,1,0,20,14,16,11,14,19,14,20,24,23,33,20,27,25,34,29
d06488,astronomy,3,2,1,0,0,2,0,0,1,0,0,1,1,0,0,0,11,14,7,5,12,11,11,17,1,0,1,2,0,2,0,0,22,24,20,15,17,15,18,18
d06489,football,0,0,0,1,1,1,1,1,0,2,3,0,0,4,0,0,0,2,0,2,1,1,1,0,10,18,21,17,9,11,21,14,37,33,27,21,38,30,33,37
d06490,football,0,1,3,1,1,0,1,1,2,1,0,1,1,0,1,0,0,2,1,2,1,0,1,0,11,11,8,11,10,14,12,11,24,18,18,25,12,21,18,19
d06491,football,2,1,2,1,1,1,2,2,1,1,1,3,0,2,4,0,0,2,0,0,4,1,1,0,35,37,28,28,28,33,27,22,62,63,41,60,54,57,54,44
d06492,machine_learning,8,11,22,7,14,11,9,13,0,0,0,0,0,0,2,0,1,0,1,2,1,0,1,2,1,2,1,1,2,0,0,0,24,19,16,19,22,21,25,12
d06493,football,4,1,1,3,2,0,1,2,1,2,2,3,2,1,2,5,2,1,2,1,3,0,3,2,56,52,50,53,45,44,55,37,71,75,65,77,71,53,69,71
d06494,astronomy,2,0,1,3,0,2,3,3,2,2,0,0,3,1,2,2,42,54,38,43,47,60,53,43,2,3,2,3,4,3,0,1,83,74,64,77,88,68,68,67
d06495,astronomy,0,0,0,0,0,1,0,1,0,0,0,0,0,0,0,0,4,4,3,4,4,4,5,3,0,0,0,0,0,0,0,0,3,9,5,6,6,6,4,3
d06496,cooking,0,2,3,1,2,0,1,1,49,49,43,37,36,46,32,54,2,1,2,3,0,3,3,1,1,0,0,2,4,2,1,3,60,84,70,63,73,57,72,71
d06497,football,2,2,0,3,1,0,1,2,2,1,3,0,1,1,2,0,1,0,2,0,0,0,0,0,17,17,15,22,24,17,14,12,32,24,25,25,23,25,34,22
d06498,cooking,0,1,1,1,0,1,0,0,10,15,16,16,14,16,11,17,0,0,1,1,2,0,0,0,1,0,0,2,2,0,1,0,28,27,27,27,19,22,26,31
d06499,machine_learning,8,7,13,13,10,6,5,8,0,0,0,0,0,0,0,0,0,0,1,2,0,0,0,0,1,1,0,0,0,0,1,0,9,14,13,10,7,18,12,14
d06500,machine_learning,12,21,22,22,16,13,18,16,0,1,1,0,0,0,0,0,0,0,0,0,0,2,0,1,0,0,0,1,1,0,0,0,20,26,23,22,26,30,39,19
d06501,football,6,5,7,4,12,6,5,4,4,3,7,4,6,5,16,7,7,6,9,7,2,4,4,6,134,109,110,122,120,110,97,129,217,190,203,194,198,189,183,185
d06502,football,1,3,0,0,1,1,0,0,1,1,0,0,0,0,0,0,1,1,0,1,0,2,0,1,20,14,11,17,12,14,14,17,34,17,22,27,32,21,21,24
d06503,astronomy,0,0,1,0,0,0,1,0,0,0,0,0,1,0,0,1,6,3,2,3,6,2,4,3,0,0,0,0,0,0,0,0,8,3,9,6,4,6,3,6
d06504,cooking,0,0,0,0,2,0,0,1,26,16,22,15,15,22,16,15,3,0,1,0,1,0,0,0,0,0,0,0,1,0,0,0,19,28,33,26,29,31,23,32
d06505,cooking,1,0,0,0,0,0,1,0,3,7,4,3,8,4,6,5,2,0,0,1,0,0,0,0,0,0,1,0,0,0,0,0,6,7,7,3,8,8,7,11
d06506,astronomy,0,0,0,0,0,1,0,0,0,0,0,0,0,0,0,0,2,8,4,4,12,8,4,11,0,1,0,1,0,0,1,1,10,13,4,9,10,20,14,12
d06507,machine_learning,12,17,11,15,10,16,14,22,0,2,1,1,1,1,2,0,1,0,2,0,1,0,2,0,0,0,0,0,1,1,0,0,28,34,27,21,17,23,23,33
d06508,astronomy,1,0,0,0,0,1,0,2,2,0,0,1,0,1,0,0,9,9,17,6,13,9,9,10,1,0,0,0,3,0,1,0,15,32,22,27,18,23,26,26
d06509,football,0,0,0,0,0,1,0,0,0,0,0,0,0,0,0,0,1,0,0,0,0,0,0,0,5,2,3,3,2,3,2,4,6,5,4,4,5,2,8,6
d06510,astronomy,1,1,1,1,4,2,0,2,0,1,1,1,2,1,3,0,19,33,18,21,26,27,29,22,1,1,1,1,2,1,2,0,33,37,36,32,42,42,40,37
d06511,football,2,1,0,2,1,1,0,0,1,0,0,0,1,1,0,0,1,2,1,0,1,0,1,0,16,23,19,13,23,20,26,20,29,30,32,34,34,44,31,40
d06512,machine_learning,8,4,6,8,2,9,9,3,0,1,0,0,0,0,0,0,0,0,0,1,0,0,0,0,0,0,1,1,1,1,1,0,11,9,14,12,11,18,14,11
d06513,machine_learning,5,5,5,5,9,10,9,7,0,1,0,1,1,0,0,0,0,0,2,0,0,0,0,0,0,2,0,0,0,3,2,0,14,15,13,9,18,12,11,7
d06514,machine_learning,12,14,9,23,20,14,10,12,1,1,2,0,0,1,0,0,0,1,1,3,0,0,1,1,0,2,1,1,1,0,0,0,22,18,27,21,11,18,26,25
d06515,football,1,0,0,0,0,1,2,0,0,1,0,2,3,1,1,0,0,0,0,0,1,1,0,0,15,7,14,12,17,10,15,18,24,22,25,24,15,20,29,26
d06516,cooking,2,2,1,1,1,1,1,2,31,25,25,38,41,29,23,29,1,0,0,2,0,1,1,0,1,3,0,1,3,0,1,2,58,37,45,36,42,58,62,42
d06517,machine_learning,8,7,8,4,6,4,6,8,0,0,0,0,0,2,0,0,0,0,1,2,0,0,0,1,0,1,0,0,0,0,1,0,9,15,16,9,15,13,11,9
d06518,machine_learning,18,17,16,12,12,16,17,21,0,1,0,0,1,0,1,2,0,2,1,1,0,0,0,1,1,2,0,0,0,0,0,1,12,26,26,26,24,22,33,26
d06519,astronomy,0,0,1,0,1,0,1,0,1,0,1,0,0,0,0,1,8,15,16,11,13,12,11,12,1,1,0,1,1,1,1,0,20,18,21,17,22,17,13,20
d06520,machine_learning,4,9,6,1,5,4,2,4,0,1,0,1,0,0,1,0,1,0,0,0,0,0,0,0,1,0,0,0,0,0,0,0,11,7,8,6,7,7,4,11
d06521,machine_learning,6,5,11,6,13,13,7,11,0,0,0,0,1,0,0,0,0,0,0,1,0,0,0,0,1,0,1,1,0,0,1,0,11,7,13,8,14,17,14,16
d06522,cooking,0,0,0,0,0,0,1,0,3,9,2,6,5,3,6,6,0,0,0,0,0,1,0,0,0,0,1,2,1,0,2,0,5,9,12,11,7,11,10,15
d06523,football,1,0,4,2,2,2,4,2,2,2,0,1,0,2,1,0,2,0,0,3,0,1,1,6,33,34,25,20,21,23,28,23,36,42,46,47,49,40,53,40
d06524,cooking,1,2,6,2,5,4,5,5,57,73,85,65,65,68,69,74,6,2,3,1,2,4,2,5,4,2,2,4,4,4,2,2,125,109,115,107,110,126,120,105
d06525,football,3,0,2,0,1,2,1,2,1,0,1,3,4,3,2,1,1,2,1,3,2,0,1,5,33,32,34,45,37,34,30,29,67,56,53,62,58,47,43,65
d06526,astronomy,1,1,1,1,1,1,2,2,2,3,1,0,3,0,1,1,15,22,17,18,14,21,23,16,0,1,0,1,0,3,2,1,40,39,35,38,31,42,41,33
d06527,machine_learning,47,54,45,59,46,49,47,53,1,3,2,1,0,1,1,3,1,3,3,6,2,1,1,3,1,1,3,3,3,1,1,1,79,66,87,64,75,69,74,85
d06528,machine_learning,8,9,7,9,16,13,8,7,0,1,0,2,0,0,1,0,0,0,0,0,0,0,0,1,0,0,1,0,0,0,0,1,20,27,15,15,9,10,14,19
d06529,astronomy,0,2,0,1,0,1,1,0,0,0,1,0,0,0,0,0,4,6,12,11,10,7,8,8,0,0,2,2,0,0,0,0,17,6,12,8,14,9,11,11
d06530,cooking,2,2,2,0,2,1,1,1,33,22,24,42,38,39,35,25,2,2,1,2,1,3,0,2,2,1,1,1,0,2,1,0,66,58,64,64,57,63,46,50
d06531,astronomy,0,1,3,1,1,0,3,0,0,1,4,0,0,2,0,0,35,29,32,25,34,28,37,20,0,2,1,1,2,1,1,3,39,48,45,54,50,35,34,43
d06532,football,4,5,1,4,3,1,6,7,3,3,3,3,2,4,1,2,4,7,4,0,5,4,1,7,81,81,59,70,74,73,77,79,140,148,122,110,112,155,107,127
d06533,machine_learning,21,20,19,20,17,22,18,20,0,0,1,3,0,0,0,0,1,0,2,0,1,2,1,1,1,1,1,1,0,0,5,1,44,44,46,29,24,37,33,34
d06534,machine_learning,60,61,75,69,60,51,62,66,3,4,0,2,3,3,2,5,3,1,1,5,0,3,3,3,5,1,2,5,4,1,4,6,113,138,115,108,101,104,114,133
d06535,machine_learning,27,27,23,21,27,27,25,21,1,2,1,1,2,1,0,0,6,2,0,2,0,3,0,2,0,1,1,1,0,2,0,0,27,40,45,36,43,39,42,48
d06536,machine_learning,4,6,10,6,4,1,4,4,0,1,0,0,3,0,0,0,0,0,0,0,1,1,0,0,0,0,0,2,0,0,0,0,12,6,3,7,7,9,8,9
d06537,cooking,1,1,0,3,2,1,2,0,23,34,24,24,26,21,23,20,0,3,0,3,1,0,2,2,2,1,3,1,3,1,1,0,39,45,40,34,43,44,34,45
d06538,machine_learning,2,5,10,5,9,9,6,6,1,0,0,0,0,1,1,0,0,0,1,0,1,0,1,0,1,0,0,0,0,1,1,0,13,6,12,15,17,15,14,14
d06539,astronomy,1,0,0,0,0,1,0,0,1,0,1,1,0,0,2,0,17,10,12,12,12,15,18,15,0,0,2,2,2,0,1,2,16,26,20,27,24,25,11,19
d06540,astronomy,1,1,2,4,3,3,4,2,1,4,1,4,3,2,2,1,63,50,56,58,55,40,61,80,3,1,3,1,3,3,1,3,99,115,103,103,101,111,91,108
d06541,cooking,0,0,1,2,3,1,0,0,22,20,14,20,15,19,22,22,1,0,0,1,1,1,3,0,0,2,0,0,2,1,1,1,36,39,33,28,31,28,29,36
d06542,astronomy,0,1,0,2,1,1,0,1,1,0,0,1,1,0,2,1,15,21,14,15,21,13,17,15,0,1,3,1,1,0,1,2,41,31,29,26,20,27,24,23
d06543,machine_learning,24,17,20,22,19,20,15,18,0,1,3,2,2,0,1,0,0,0,2,1,0,2,0,2,3,1,0,1,2,2,3,2,33,45,41,50,42,41,32,40
d06544,astronomy,2,2,4,2,1,0,1,1,1,0,1,0,2,1,7,2,46,47,43,49,40,35,46,41,0,1,3,4,3,1,5,2,57,60,49,65,79,57,54,68
d06545,machine_learning,31,34,45,36,33,50,44,43,0,2,2,2,3,3,1,2,1,2,2,0,4,2,0,1,1,0,2,0,0,3,3,2,81,52,64,59,74,68,71,63
d06546,machine_learning,8,12,12,15,11,8,14,7,1,1,1,1,0,0,1,1,0,1,2,0,1,0,0,2,0,0,0,1,0,0,2,1,20,20,16,14,18,15,17,14
d06547,machine_learning,9,16,25,16,21,24,15,19,3,0,1,0,1,1,1,1,1,0,1,0,2,4,1,0,1,3,0,3,2,1,2,0,33,26,39,31,28,25,28,37
d06548,machine_learning,5,4,14,8,12,9,12,8,0,0,0,0,0,0,1,0,0,0,0,0,0,0,1,0,0,1,0,1,0,2,0,0,9,15,15,12,17,17,17,14
d06549,astronomy,0,2,0,1,0,1,2,2,1,1,0,0,2,0,1,3,32,31,25,31,30,30,31,34,1,1,0,5,0,2,0,3,48,30,43,48,55,50,49,48
d06550,machine_learning,9,5,6,5,6,4,5,10,0,0,0,0,0,1,0,2,1,1,0,0,0,0,0,0,1,0,0,1,0,0,0,0,12,14,14,17,9,7,12,9
d06551,football,0,0,0,1,1,0,0,2,0,0,1,1,1,1,0,0,0,0,0,0,0,0,0,0,6,8,6,8,8,9,5,9,7,12,16,6,4,12,10,8
d06552,machine_learning,13,10,7,11,11,11,11,19,4,0,1,1,1,1,2,0,0,0,1,1,0,2,1,1,0,0,0,1,1,1,0,0,19,12,22,20,16,16,14,28
d06553,machine_learning,5,5,10,8,11,5,8,7,0,0,0,0,1,0,0,0,1,0,0,0,1,2,0,2,0,0,0,0,0,1,1,0,12,13,15,13,10,10,17,22
d06554,football,0,2,0,0,0,1,1,0,0,0,0,0,0,0,0,1,0,0,0,0,0,0,0,1,7,2,6,5,2,3,1,5,9,8,5,5,4,6,6,5
d06555,cooking,2,2,1,5,8,1,3,3,62,43,57,50,50,57,49,46,2,1,6,1,4,3,4,1,2,4,1,1,3,1,3,2,83,72,82,80,74,89,63,63
d06556,astronomy,3,2,1,2,4,2,1,2,1,2,2,0,1,2,2,2,36,39,21,41,19,43,35,37,3,4,3,0,1,2,1,2,60,67,49,45,61,53,48,46
d06557,machine_learning,16,12,12,12,12,19,17,8,0,1,0,4,2,1,1,0,0,0,0,0,0,0,0,0,0,1,1,2,1,2,0,1,23,26,32,29,29,27,36,23
d06558,machine_learning,26,25,28,33,26,33,23,29,1,2,0,0,1,0,2,2,1,1,1,0,0,1,1,1,1,0,1,2,2,1,1,1,37,48,33,51,35,47,44,48
d06559,machine_learning,13,16,7,20,17,12,17,15,0,0,1,3,1,0,2,1,0,1,2,0,1,1,3,0,1,1,1,1,2,1,0,0,30,19,11,26,27,22,23,30
d06560,football,0,1,2,1,2,1,0,1,0,0,0,2,0,1,0,0,1,1,1,0,2,0,0,2,14,14,10,13,11,10,10,11,22,21,18,30,19,25,14,21
d06561,astronomy,1,0,1,1,2,0,0,1,0,2,0,2,0,0,3,0,23,22,28,24,27,13,22,17,1,1,2,0,0,2,2,0,39,28,35,28,30,32,30,29
d06562,machine_learning,29,26,35,29,31,27,19,23,5,1,0,2,0,0,2,1,1,1,0,1,3,0,3,3,1,1,2,1,1,1,2,1,50,42,33,41,40,48,41,43
d06563,football,1,0,1,1,0,0,0,0,0,0,0,0,1,1,2,0,3,1,0,0,1,0,0,0,17,15,12,12,5,21,15,22,23,26,21,28,29,22,17,25
d06564,machine_learning,14,17,10,17,20,10,17,11,1,0,0,0,1,0,0,0,0,1,1,2,1,1,1,0,1,1,0,1,1,0,1,0,27,29,24,26,25,24,23,24
d06565,football,0,0,0,3,3,1,0,1,1,1,3,2,1,1,2,2,2,4,1,3,1,3,3,1,39,35,42,48,32,30,32,37,66,51,60,67,65,65,61,47
d06566,football,2,3,3,1,6,2,5,6,5,3,1,3,4,1,3,4,1,3,5,2,4,3,2,3,41,69,56,53,51,42,43,68,92,75,88,101,110,89,98,109
d06567,football,0,0,0,0,0,0,0,0,1,0,0,0,0,1,0,0,1,1,1,0,0,1,1,0,14,9,17,4,12,8,16,9,19,17,10,18,12,22,21,21
d06568,machine_learning,6,13,10,9,7,4,5,8,1,0,0,0,0,0,1,0,1,0,0,0,0,1,2,0,0,1,1,0,1,0,0,0,9,12,5,7,10,8,8,11
d06569,football,1,1,0,1,3,1,0,1,1,4,3,3,3,2,1,1,0,2,2,0,3,1,1,0,28,24,29,20,34,28,22,28,52,44,45,48,55,45,47,49
d06570,football,0,0,0,2,0,0,2,1,0,1,2,1,1,1,0,0,1,1,1,0,1,0,2,1,14,16,16,10,12,16,13,17,24,28,36,22,18,18,21,20
d06571,football,0,0,0,0,1,0,2,0,3,1,1,2,1,0,0,0,0,0,1,1,0,2,2,0,20,11,17,24,11,17,24,15,31,22,36,23,23,32,29,27
d06572,football,1,0,0,0,0,0,0,1,0,0,1,0,0,0,0,0,0,0,0,0,1,0,0,2,14,6,7,11,7,10,9,9,20,18,18,10,16,17,11,17
d06573,astronomy,3,6,2,6,1,8,3,3,1,5,5,5,1,5,4,7,81,96,64,77,75,72,62,88,1,4,2,2,5,1,3,4,125,117,138,125,128,116,117,114
d06574,machine_learning,5,5,8,9,3,6,4,5,0,0,0,0,0,1,0,0,0,0,0,0,0,0,1,0,1,0,1,0,1,1,0,0,5,11,6,8,6,4,3,5
d06575,cooking,1,1,0,0,0,0,1,3,23,17,11,9,13,18,14,13,0,0,0,0,0,1,1,1,2,1,0,2,0,1,0,1,26,35,23,29,31,21,24,28
d06576,machine_learning,12,14,8,8,12,10,18,9,0,3,2,0,1,0,1,0,0,0,1,1,1,1,0,0,0,1,0,1,1,0,0,1,18,43,19,14,17,16,22,15
d06577,cooking,0,0,0,0,0,1,0,0,6,3,4,7,4,4,4,7,0,0,0,1,0,0,0,0,0,0,1,0,0,0,0,0,7,4,4,6,18,6,9,7
d06578,astronomy,3,1,2,0,0,2,1,2,1,0,1,0,0,0,0,0,17,10,15,15,14,20,15,14,0,2,1,0,1,2,0,2,24,25,24,25,16,28,37,26
d06579,football,3,0,0,3,1,2,2,3,2,0,2,2,3,1,4,2,0,3,2,4,7,2,3,1,53,52,52,50,52,55,49,34,71,81,72,67,75,85,63,83
d06580,astronomy,0,0,0,0,0,0,0,1,0,0,0,3,0,1,0,1,13,10,16,9,10,8,8,15,0,1,0,3,0,1,0,0,20,29,13,27,23,24,17,26
d06581,machine_learning,13,22,13,18,14,17,17,17,0,0,1,0,0,2,2,1,2,1,2,1,0,1,1,1,0,1,0,0,0,1,0,4,36,25,26,20,31,26,35,23
d06582,cooking,1,0,1,0,1,0,2,0,23,18,19,18,13,17,19,29,0,1,1,1,3,1,2,1,0,0,0,0,1,2,1,2,34,34,32,28,35,42,26,36
d06583,astronomy,0,1,0,0,0,1,1,0,1,2,0,1,0,1,1,1,18,18,13,11,16,7,6,11,1,0,0,1,1,1,0,0,22,26,21,17,15,13,15,15
d06584,machine_learning,21,16,14,27,24,19,15,24,3,0,1,1,0,0,0,1,1,0,0,0,2,1,0,1,1,3,0,0,1,0,0,1,36,33,28,23,29,36,33,29
d06585,football,0,0,0,1,0,1,0,0,1,0,0,0,0,0,0,0,0,0,0,0,0,0,0,0,4,4,6,1,4,4,5,6,3,4,9,10,8,13,14,15
d06586,football,0,0,1,0,0,2,1,1,1,1,2,0,0,0,1,2,1,0,1,2,0,1,0,2,9,9,12,14,8,5,18,15,16,10,24,20,21,14,15,11
d06587,cooking,0,0,0,0,1,0,1,0,9,4,8,4,5,6,11,8,0,0,0,0,0,0,0,0,0,1,0,0,0,0,1,0,4,14,12,7,11,18,10,10
d06588,cooking,1,0,0,0,0,0,0,0,5,5,4,2,3,4,8,2,1,0,0,0,1,0,0,0,0,0,0,0,0,0,0,1,7,6,7,16,7,12,12,7
d06589,astronomy,0,2,0,0,0,1,1,0,1,0,0,2,0,1,0,0,18,13,15,12,19,18,13,16,1,0,0,3,1,0,1,0,19,20,20,21,24,21,20,21
d06590,cooking,0,2,3,2,3,1,1,1,52,43,56,43,35,53,60,41,1,2,2,3,0,2,1,0,1,1,3,2,4,3,1,1,81,94,74,93,65,73,76,76
d06591,cooking,1,2,0,1,1,0,0,0,9,9,15,13,8,9,10,9,0,0,1,0,0,0,0,0,0,0,0,0,0,0,0,0,25,6,12,13,16,17,17,19
d06592,cooking,6,3,4,3,2,5,0,0,64,73,57,56,67,56,58,69,0,2,5,3,4,0,4,1,6,0,5,2,1,5,6,2,120,101,120,107,116,87,119,117
d06593,cooking,0,0,0,1,0,0,1,0,7,7,10,11,13,13,21,14,0,0,0,2,0,0,2,0,0,0,0,0,0,0,2,0,22,20,13,22,17,16,14,13
d06594,football,0,0,0,1,0,1,0,1,0,0,0,0,0,1,0,0,1,0,0,0,0,0,0,0,8,6,7,3,11,4,10,3,14,16,15,8,10,11,8,5
d06595,machine_learning,9,11,18,16,9,15,13,13,0,1,1,0,0,0,1,1,1,0,0,0,1,1,1,0,1,0,0,2,1,0,0,0,20,24,15,24,23,22,25,28
d06596,cooking,2,2,2,1,4,2,2,1,22,28,25,30,37,40,31,29,1,2,1,1,0,1,0,2,1,0,0,2,3,0,2,0,60,52,52,42,47,58,52,43
d06597,astronomy,2,0,0,1,1,2,1,1,0,2,4,0,3,2,1,0,17,30,25,30,24,32,28,23,2,2,1,0,1,1,1,2,41,32,59,41,39,36,36,44
d06598,football,1,0,0,1,0,0,0,1,0,0,0,0,1,1,0,0,0,0,0,0,0,0,0,0,3,3,11,2,4,6,6,5,14,8,8,3,7,6,8,14
d06599,cooking,1,0,1,0,0,0,0,0,3,3,6,4,5,5,5,5,0,2,0,0,1,0,0,1,0,0,0,0,1,0,0,0,5,4,6,7,2,3,3,5
d06600,cooking,0,0,0,3,2,1,2,0,12,9,15,8,9,11,8,9,1,0,0,1,1,1,0,1,0,1,1,0,0,1,1,0,22,22,21,17,20,18,23,20
d06601,astronomy,0,1,1,1,0,0,1,1,0,1,0,0,1,0,1,1,16,13,14,10,15,14,10,18,1,2,3,0,1,1,0,1,18,21,24,19,23,28,26,17
d06602,astronomy,0,0,1,1,0,3,0,0,0,2,2,0,1,0,1,1,10,7,6,7,8,7,7,2,1,0,1,0,0,1,0,0,14,6,17,21,16,19,13,16
d06603,machine_learning,27,17,23,25,30,14,14,17,2,1,2,0,4,2,1,0,2,1,0,1,2,2,1,2,1,0,1,1,0,1,2,2,33,28,30,35,42,33,36,37
d06604,astronomy,0,2,0,0,0,1,1,0,1,1,0,1,1,0,0,0,13,10,6,6,11,11,7,10,1,0,0,0,0,1,0,1,17,17,16,17,12,18,10,14
d06605,machine_learning,7,3,13,6,12,10,15,7,0,0,0,1,0,1,1,2,0,0,0,0,0,2,0,1,0,0,0,1,0,0,0,1,16,8,8,12,8,19,12,17
d06606,astronomy,0,0,2,1,1,1,1,0,0,0,0,1,3,1,1,1,9,18,17,22,25,16,23,17,1,0,0,0,2,0,1,0,26,27,32,19,19,26,21,16
d06607,astronomy,2,4,5,2,1,2,2,2,5,4,2,0,5,5,1,3,63,52,59,68,61,54,71,55,7,1,5,1,0,3,1,2,103,100,113,93,101,120,94,100
d06608,cooking,0,1,0,0,0,0,2,0,7,16,9,8,10,14,10,14,0,1,0,1,1,2,1,0,2,1,1,0,0,0,0,0,14,15,22,13,11,22,20,17
d06609,machine_learning,29,9,18,19,22,17,10,12,1,0,1,1,1,0,1,1,1,2,1,0,2,0,0,0,0,0,1,0,0,1,0,0,30,33,21,19,24,31,32,26
d06610,cooking,2,0,0,3,0,1,0,1,19,19,16,15,11,12,16,17,1,0,2,0,0,0,1,0,3,2,0,0,0,1,1,1,26,24,35,31,36,30,28,28
d06611,astronomy,0,0,0,0,0,0,1,0,0,1,0,0,2,0,0,1,12,8,4,7,5,7,8,3,0,0,1,0,1,0,0,0,10,8,8,16,17,11,19,14
d06612,machine_learning,9,11,5,7,8,5,8,4,0,1,0,1,0,0,0,0,0,0,0,1,0,0,0,0,1,0,0,0,0,0,2,0,10,16,14,12,13,15,7,7
d06613,machine_learning,12,1,8,5,2,11,5,15,0,0,0,0,0,0,1,0,0,2,0,0,1,0,2,1,1,0,0,0,0,1,0,0,12,12,14,10,8,8,14,19
d06614,football,0,0,1,1,1,0,0,1,0,0,0,1,0,0,2,1,1,0,1,1,0,0,0,1,12,14,13,14,11,8,13,10,17,22,32,21,17,20,24,25
d06615,astronomy,0,0,0,1,1,0,1,0,4,3,1,4,1,3,0,3,29,30,30,36,38,22,30,30,1,1,1,5,2,1,0,2,50,52,52,48,56,53,48,52
d06616,football,0,1,1,0,0,0,1,0,2,0,1,2,0,1,0,2,0,1,3,0,2,0,0,1,27,24,28,29,20,24,24,23,35,34,32,38,36,42,41,30
d06617,astronomy,0,1,0,0,1,0,0,0,1,0,0,0,1,0,0,0,17,14,22,16,21,14,11,14,0,0,1,1,1,0,0,2,27,25,22,34,29,26,28,21
d06618,football,0,1,1,0,0,0,0,0,0,0,0,0,1,1,0,0,1,0,1,0,0,0,0,0,7,2,4,0,4,6,2,9,5,17,6,9,6,4,7,10
d06619,machine_learning,15,11,6,16,21,8,14,15,0,0,1,0,0,2,2,3,2,2,0,2,1,1,0,1,1,0,0,1,1,2,1,1,19,14,18,16,20,23,20,26
d06620,astronomy,0,0,1,0,0,1,0,1,1,0,0,0,1,1,1,0,9,9,10,4,8,6,11,14,2,1,0,4,1,0,2,2,15,21,15,12,18,13,16,12
d06621,cooking,0,0,1,0,0,0,0,2,13,7,4,8,6,3,2,3,1,0,0,0,0,0,0,0,0,0,0,0,0,0,1,0,9,6,6,5,5,11,12,5
d06622,cooking,0,2,2,1,2,2,1,0,27,30,35,39,39,20,42,32,4,1,1,2,0,3,0,0,3,1,1,0,2,0,3,3,46,57,56,65,59,67,52,50
d06623,astronomy,0,1,0,0,0,1,0,0,0,1,0,1,0,1,1,0,5,6,6,7,6,5,5,13,0,0,0,0,0,0,0,0,9,9,9,7,3,11,8,6
d06624,cooking,3,0,1,2,2,2,2,0,30,36,25,37,24,29,36,33,2,0,2,5,3,2,0,1,2,6,1,2,1,1,5,0,55,58,50,49,48,56,71,50
d06625,football,0,0,0,1,1,0,2,1,1,1,0,0,2,0,0,0,0,0,0,0,0,0,0,1,4,12,10,10,12,5,9,3,14,17,13,4,13,12,9,14
d06626,astronomy,0,0,1,0,1,2,0,1,1,0,0,3,2,1,0,1,21,20,27,21,18,26,33,18,2,1,2,1,0,1,0,0,26,37,42,37,27,37,30,36
d06627,machine_learning,3,2,12,2,7,6,8,6,0,0,2,0,0,0,1,0,0,0,1,0,1,0,0,1,0,0,1,0,0,0,0,0,10,9,4,6,4,8,7,9
d06628,machine_learning,9,7,6,3,9,9,8,13,0,0,0,0,0,0,0,0,1,0,0,0,0,1,1,0,0,1,0,0,0,0,0,0,12,11,9,12,15,8,11,14
d06629,football,0,0,0,0,0,0,0,0,0,0,0,0,0,0,0,0,0,0,0,0,0,0,0,0,4,3,6,2,4,4,1,4,4,5,2,11,4,6,2,4
d06630,football,1,0,1,0,1,0,1,0,1,3,0,0,1,0,2,4,0,0,2,0,0,2,1,1,9,15,15,11,17,16,17,6,22,26,24,31,27,31,30,17
d06631,astronomy,3,4,4,0,4,4,1,3,5,0,5,6,3,2,2,6,50,67,47,59,60,62,51,70,3,1,2,3,2,3,6,7,85,106,99,94,106,106,114,115
d06632,cooking,0,0,0,0,1,1,1,1,7,23,13,18,20,14,17,21,0,1,1,0,0,0,1,1,1,0,2,2,0,1,0,0,23,16,29,21,22,27,20,25
d06633,machine_learning,13,15,18,15,14,18,31,14,0,1,2,0,2,1,2,1,0,0,0,0,0,2,0,2,2,3,0,1,0,0,1,0,31,33,30,36,35,28,36,33
d06634,astronomy,2,4,3,4,0,2,5,5,2,3,1,1,2,1,2,0,55,54,53,42,56,51,46,44,4,7,3,2,1,4,3,0,80,92,71,88,87,74,80,74
d06635,cooking,1,0,2,3,1,3,0,1,16,19,16,17,25,11,19,19,0,0,0,0,0,0,5,0,1,0,1,0,0,1,0,3,32,42,39,32,38,36,26,28
d06636,football,2,0,2,2,3,0,2,0,0,2,2,0,0,1,2,0,3,1,0,1,0,1,2,0,20,22,18,22,18,15,18,17,32,24,35,30,32,30,32,42
d06637,machine_learning,5,8,5,5,4,4,5,4,0,0,1,0,1,0,0,2,0,0,0,0,0,0,1,1,0,0,1,0,0,0,0,1,7,18,12,11,9,8,9,7
d06638,astronomy,0,0,1,0,0,1,0,0,0,2,3,0,2,1,0,0,17,15,11,17,8,16,11,14,3,0,1,2,0,1,1,0,27,30,32,19,19,17,23,18
d06639,astronomy,1,0,1,0,0,0,0,1,0,1,1,5,0,1,0,1,13,19,8,17,18,13,9,23,0,0,0,0,1,2,1,2,19,24,19,22,34,21,23,27
d06640,machine_learning,34,25,38,38,31,29,32,29,0,1,2,1,1,0,3,2,2,0,2,1,1,1,2,4,3,2,1,0,0,1,2,5,47,55,58,47,47,55,41,62
d06641,machine_learning,39,34,34,37,35,29,28,35,1,2,1,1,1,0,2,1,0,0,1,2,3,1,1,3,2,3,2,3,1,1,3,0,44,48,52,62,65,47,51,58
d06642,machine_learning,34,23,32,24,28,29,23,27,2,0,0,1,2,0,1,1,1,1,1,0,1,0,0,1,2,1,0,0,3,0,0,0,47,42,51,35,52,45,56,40
d06643,astronomy,0,0,0,0,0,1,2,0,0,0,0,0,0,0,0,0,15,13,10,10,12,13,14,7,0,0,0,0,0,1,1,0,20,17,17,26,19,17,20,25
d06644,cooking,1,0,0,2,1,0,0,0,25,24,11,11,17,28,19,14,0,0,1,1,2,0,1,0,1,1,0,1,0,0,2,0,30,32,21,34,27,33,25,26
d06645,cooking,0,1,1,2,1,1,0,2,53,37,27,35,43,48,56,47,1,0,2,3,2,2,0,1,4,1,1,1,1,0,2,5,71,63,65,63,63,68,54,61
d06646,cooking,0,1,0,0,1,2,0,0,13,17,22,18,18,14,20,14,0,0,0,0,0,1,3,0,1,0,1,0,0,0,1,0,27,22,24,28,27,31,34,29
d06647,machine_learning,15,8,13,9,6,10,12,1,1,0,1,0,0,0,0,1,0,0,1,1,0,0,0,0,1,1,1,0,0,0,0,0,28,12,8,18,17,13,10,11
d06648,astronomy,0,1,0,0,0,0,1,0,0,0,0,0,1,0,0,0,9,8,6,10,4,6,8,6,1,0,1,0,0,0,0,0,8,10,8,7,10,10,11,7
d06649,football,1,2,3,5,8,5,1,5,3,1,2,4,4,4,4,2,3,6,4,4,1,1,4,8,60,68,79,63,66,42,72,59,110,106,103,115,113,97,119,106
d06650,machine_learning,17,15,14,18,17,22,15,16,0,0,1,4,0,1,1,0,2,4,2,1,2,2,0,1,3,0,2,1,1,0,1,0,25,35,33,32,35,39,35,30
d06651,football,0,0,0,2,0,2,2,0,2,1,0,0,0,0,1,0,0,0,0,0,1,0,1,0,12,22,8,27,9,11,21,2,23,25,23,17,21,24,23,20
d06652,cooking,2,1,2,2,3,4,1,0,32,36,48,41,47,33,58,44,3,3,1,4,2,3,3,4,4,3,1,1,1,0,1,4,58,75,72,51,73,61,64,61
d06653,football,2,0,1,2,1,1,1,3,4,1,2,0,3,3,3,3,1,4,1,1,2,4,1,3,37,43,54,43,45,41,43,51,81,74,72,73,54,88,80,69
d06654,football,0,0,1,2,1,1,0,0,2,0,2,2,1,1,1,2,0,0,1,1,2,0,1,3,20,10,21,19,14,18,15,17,33,22,23,27,32,23,36,20
d06655,astronomy,0,0,0,3,0,0,0,0,0,0,0,2,0,0,1,0,11,9,9,6,5,18,15,11,0,0,0,0,1,0,0,0,11,18,13,10,16,14,13,10
d06656,football,0,0,0,0,1,1,0,0,1,0,1,0,0,0,0,0,0,0,0,0,0,0,0,0,5,3,4,2,3,9,4,5,6,11,6,7,15,10,14,8
d06657,football,0,1,0,1,0,0,0,0,0,0,0,0,0,0,0,0,0,0,0,3,0,0,0,0,5,8,3,4,8,6,5,2,6,10,6,8,15,8,11,9
d06658,astronomy,0,0,2,0,0,2,1,0,0,2,0,0,2,0,2,0,13,21,19,9,12,18,14,13,2,0,1,1,0,1,1,1,30,29,20,25,23,13,36,28
d06659,machine_learning,6,3,9,6,8,7,2,4,0,0,0,0,0,0,0,1,0,1,1,0,0,0,0,0,0,0,0,0,0,0,0,1,10,10,11,6,5,16,11,6
d06660,cooking,0,0,1,2,1,0,3,1,22,30,28,34,31,23,28,24,3,2,3,1,1,2,0,2,0,2,0,2,1,1,0,0,50,46,57,57,73,56,52,69
d06661,astronomy,1,1,0,0,0,0,2,1,0,0,1,1,0,0,0,0,16,15,9,13,15,10,6,12,2,0,1,1,1,1,0,0,18,21,17,16,22,21,19,20
d06662,astronomy,0,2,0,0,1,1,2,3,2,3,1,0,2,1,2,0,30,21,23,25,26,19,20,26,3,0,2,0,0,2,0,1,41,41,35,40,44,43,38,34
d06663,astronomy,0,0,0,0,0,0,1,0,1,0,0,0,0,1,0,0,12,6,6,6,7,7,9,12,1,1,0,2,1,1,0,0,16,11,16,10,10,14,6,9
d06664,cooking,0,0,0,0,0,0,0,0,8,10,13,5,6,11,6,10,0,1,0,0,0,1,0,1,0,0,1,0,1,0,1,0,18,9,21,16,19,15,15,13
d06665,football,2,0,0,1,1,0,2,1,1,0,0,1,0,1,0,5,0,1,1,1,1,1,0,0,17,24,9,23,18,19,17,22,42,27,39,36,40,30,31,34
d06666,astronomy,1,2,1,0,0,0,0,0,1,0,0,0,0,0,0,0,10,7,3,10,5,10,16,8,0,0,0,2,0,0,1,0,10,8,12,11,17,11,12,10
d06667,astronomy,1,1,1,1,4,0,2,4,3,5,2,0,4,0,2,2,36,41,32,28,41,29,23,42,1,1,2,1,3,0,4,2,64,53,45,47,60,42,62,54
d06668,cooking,0,0,0,0,0,0,1,2,13,11,20,13,19,20,16,23,1,0,0,1,1,0,1,2,3,1,1,2,0,1,2,0,33,32,36,29,32,26,33,30
d06669,machine_learning,2,5,3,1,8,4,1,5,0,2,1,0,0,0,0,0,0,1,0,0,0,0,1,0,1,0,2,1,0,0,0,0,7,8,9,9,10,11,6,12
d06670,cooking,3,1,1,2,2,4,1,2,61,66,53,76,77,67,62,82,2,2,6,3,2,5,7,4,5,3,2,5,1,2,2,5,116,101,104,94,95,125,127,103
d06671,cooking,0,0,0,0,0,2,0,0,15,13,15,18,17,13,14,22,0,0,0,1,0,1,2,1,1,1,2,0,0,0,1,1,28,38,32,27,15,23,24,28
d06672,machine_learning,34,49,36,37,40,39,26,40,2,2,6,2,4,3,2,5,3,1,2,1,3,1,0,3,2,3,1,1,3,0,4,4,65,67,71,66,76,71,64,65
d06673,football,1,0,1,2,0,1,0,2,0,2,3,0,0,1,1,1,0,0,1,1,0,1,2,2,16,15,11,23,19,17,4,12,23,27,30,31,27,26,36,29
d06674,astronomy,0,0,1,0,3,1,2,1,0,1,0,2,0,2,0,0,29,21,24,26,19,16,20,16,2,1,2,2,1,1,0,0,35,54,38,35,32,39,31,33
d06675,football,5,1,1,2,1,0,2,1,2,3,1,2,0,4,5,6,2,2,0,0,3,4,2,3,47,44,44,47,48,51,50,41,85,67,73,73,67,83,77,72
d06676,football,1,0,2,0,2,0,0,1,2,0,0,0,0,0,0,0,0,0,2,0,0,1,0,0,15,4,15,13,11,14,11,7,32,22,16,17,23,21,19,15
d06677,astronomy,0,1,0,1,0,0,0,0,0,0,0,0,1,0,0,0,13,10,9,3,8,10,11,4,1,0,0,0,0,0,0,0,14,13,7,13,14,12,18,17
d06678,machine_learning,7,10,4,8,10,8,11,7,1,1,0,0,1,3,1,0,0,1,0,0,0,1,0,1,1,0,0,0,0,0,0,0,13,16,12,17,16,22,11,13
d06679,astronomy,0,0,0,0,1,0,0,0,1,0,0,0,0,0,1,0,6,6,4,8,9,8,7,3,0,0,3,0,1,0,1,1,10,19,12,13,7,6,14,14
d06680,cooking,0,1,1,1,0,0,2,0,14,10,11,11,13,11,18,14,1,0,2,0,0,1,1,2,0,0,2,0,0,0,3,1,22,21,20,17,22,23,15,27
d06681,astronomy,0,0,0,0,1,0,0,1,0,0,0,2,1,1,0,0,10,8,11,16,8,12,7,14,1,1,0,1,1,0,0,0,17,16,12,12,14,14,10,10
d06682,cooking,0,0,0,1,0,1,0,1,13,21,17,21,17,11,24,18,1,1,0,0,1,1,2,0,0,0,2,0,1,1,1,0,24,19,25,34,24,20,30,31
d06683,cooking,0,0,0,1,0,0,0,0,5,1,2,6,6,6,1,1,0,0,0,0,0,0,0,1,0,0,0,1,0,0,1,0,11,13,6,8,5,5,6,10
d06684,cooking,4,0,2,2,2,4,0,3,43,49,42,33,41,36,38,38,1,4,4,2,4,1,1,1,2,1,1,1,2,1,2,2,71,62,64,74,49,79,77,56
d06685,cooking,0,0,2,0,1,0,1,1,6,6,5,10,5,10,8,8,0,0,0,0,1,0,0,0,0,2,1,0,1,0,0,2,12,14,12,13,14,20,11,15
d06686,astronomy,0,0,0,0,0,1,1,0,0,0,1,1,0,0,1,1,16,13,13,9,12,10,10,10,0,0,1,0,1,0,0,0,17,17,26,21,22,14,16,13
d06687,astronomy,1,0,0,0,1,0,0,0,0,0,1,1,1,0,0,1,7,7,4,10,2,8,7,4,0,0,0,0,0,0,0,0,8,7,14,10,13,10,13,14
d06688,astronomy,0,0,1,1,0,2,0,1,0,3,0,1,1,1,1,0,29,27,15,21,18,22,27,16,0,2,1,0,3,0,1,0,39,31,48,38,51,31,31,45
d06689,cooking,1,1,1,2,1,1,0,0,16,14,20,21,18,16,18,26,0,1,0,3,0,1,1,0,3,0,0,3,0,1,2,4,30,44,35,30,34,36,31,32
d06690,astronomy,0,0,0,1,1,0,0,1,0,1,1,0,1,0,0,1,8,8,8,6,4,5,8,5,0,0,0,3,0,2,0,0,11,5,14,15,14,17,5,10
d06691,cooking,2,1,1,1,1,0,3,1,13,13,10,9,10,13,16,11,0,0,2,0,0,0,0,1,0,0,1,1,0,0,0,1,16,15,10,11,13,15,14,15
d06692,astronomy,0,1,0,1,0,0,0,1,2,1,0,0,1,1,0,0,15,15,16,14,12,10,15,10,0,0,0,1,2,0,1,0,30,27,20,31,23,29,29,26
d06693,football,1,1,0,3,0,1,3,3,0,0,0,3,0,0,1,0,4,1,0,0,2,2,1,1,20,20,15,16,22,18,14,23,35,18,35,29,42,28,42,32
d06694,machine_learning,14,21,17,20,24,19,19,20,0,0,0,0,2,0,1,0,0,1,2,2,1,0,3,0,2,0,0,0,0,0,0,1,30,30,22,17,32,31,28,30
d06695,astronomy,1,0,0,1,0,0,1,0,1,0,1,3,0,1,1,0,20,16,21,14,16,23,20,18,3,0,2,0,1,0,2,1,17,28,37,30,35,14,25,31
d06696,football,1,1,1,0,1,0,0,0,1,0,1,2,1,1,0,0,2,3,0,0,1,0,1,0,15,9,11,6,11,13,12,18,21,19,22,26,16,16,26,18
d06697,cooking,1,0,1,1,0,0,1,1,10,13,11,17,11,14,8,8,1,1,1,0,0,0,3,1,0,0,0,0,0,0,0,1,9,10,16,16,20,18,13,15
d06698,football,1,2,1,0,1,0,0,2,1,0,1,0,1,1,1,0,2,2,0,1,2,0,1,2,16,15,16,13,20,18,18,22,32,27,26,23,28,28,29,33
d06699,cooking,1,0,2,1,0,1,0,0,8,9,6,7,15,9,16,9,0,0,0,0,0,0,0,0,0,1,1,1,2,2,0,0,14,16,9,23,9,13,16,17
d06700,machine_learning,12,15,13,10,10,13,13,15,0,2,0,2,0,0,1,2,0,1,1,0,0,0,0,0,1,0,0,0,1,0,1,1,13,17,12,13,20,14,15,23
d06701,football,1,0,0,0,1,0,0,1,1,0,0,0,1,0,0,0,0,0,0,0,0,0,0,0,4,4,5,6,9,6,4,6,6,10,9,6,6,10,10,10
d06702,machine_learning,12,15,18,13,13,13,17,17,1,2,0,1,0,0,0,1,0,1,2,1,0,0,1,0,1,0,0,0,1,2,0,0,20,26,22,24,21,23,21,23
d06703,astronomy,0,0,0,0,0,0,0,2,0,0,0,0,0,0,0,0,7,12,10,12,11,8,10,5,0,0,1,0,0,0,1,1,16,16,13,23,19,15,16,14
d06704,machine_learning,16,28,17,20,19,14,27,23,1,0,0,0,2,0,1,0,2,1,1,0,0,1,0,4,0,1,0,1,0,1,0,0,27,34,29,35,30,32,32,33
d06705,machine_learning,20,24,19,14,18,13,19,12,0,2,0,0,0,0,0,1,0,1,0,0,3,1,1,1,0,4,1,1,2,0,1,0,25,32,33,30,37,30,28,30
d06706,cooking,0,0,0,0,0,0,0,0,3,7,8,2,5,7,7,9,0,0,1,0,0,0,0,1,0,0,1,0,1,0,0,0,8,8,7,13,11,11,15,6
d06707,machine_learning,7,14,23,12,19,14,10,18,0,0,0,0,0,3,0,1,1,1,0,1,0,2,1,0,0,0,2,2,2,0,1,3,23,30,36,32,30,33,23,23
d06708,cooking,1,1,1,0,0,0,1,0,14,19,7,16,17,8,11,13,0,3,0,1,0,1,1,0,0,1,0,2,2,1,1,1,23,24,26,25,20,28,26,20
d06709,astronomy,0,2,0,0,2,0,1,1,0,0,1,1,0,0,2,0,15,15,16,16,15,18,19,14,0,1,0,1,1,1,1,2,32,32,26,27,30,24,32,22
d06710,astronomy,3,0,3,2,0,0,2,0,1,1,0,0,2,1,0,2,22,19,23,21,18,23,26,24,0,0,0,2,2,0,1,1,46,30,33,38,39,42,40,35
d06711,astronomy,0,1,0,0,0,0,0,2,1,1,1,1,1,1,1,0,20,18,16,16,13,11,17,21,1,0,0,1,0,3,0,0,27,31,28,34,29,21,22,26
d06712,football,2,0,0,1,1,0,0,0,0,0,0,1,1,1,0,0,1,0,1,0,0,0,0,0,7,5,11,8,3,8,6,7,7,12,15,15,12,9,10,11
d06713,cooking,1,0,1,1,0,0,1,0,9,5,9,5,12,12,6,6,0,0,1,0,1,0,0,0,1,1,1,0,0,0,1,0,13,9,17,7,14,15,12,10
d06714,cooking,0,0,1,0,2,0,2,0,14,10,11,12,15,7,10,14,0,1,1,0,2,0,2,1,0,0,0,0,0,1,0,1,16,24,14,18,24,23,24,12
d06715,astronomy,0,2,1,2,1,0,1,0,2,0,2,2,2,0,1,0,31,19,20,30,35,20,30,27,0,1,1,3,1,2,1,0,38,37,27,38,37,36,42,32
d06716,astronomy,1,0,0,1,0,0,1,0,0,0,1,0,2,1,0,0,22,9,18,20,14,18,18,13,0,1,0,1,0,1,0,0,24,16,26,23,24,33,23,28
d06717,cooking,3,1,2,3,1,1,1,1,33,29,33,37,34,25,39,34,2,0,4,1,3,2,3,3,0,1,2,1,1,0,2,4,51,52,56,46,50,52,59,55
d06718,astronomy,0,1,1,0,2,0,0,1,3,0,1,0,0,2,1,2,21,12,8,16,8,15,13,16,2,1,0,0,0,0,0,1,14,18,20,25,25,17,24,21
d06719,football,3,1,1,3,3,0,2,1,1,2,1,1,2,1,2,3,1,3,2,1,3,1,3,1,37,39,32,42,36,45,35,39,54,59,48,61,62,57,59,57
d06720,machine_learning,28,39,26,46,34,35,31,27,3,0,1,2,3,4,0,1,1,1,3,0,2,0,2,2,1,1,0,1,2,1,1,1,42,50,51,44,39,57,51,49
d06721,astronomy,0,0,1,2,2,1,1,0,0,1,2,0,0,1,1,2,10,17,14,7,14,23,9,16,0,1,0,0,0,0,2,0,26,13,25,28,23,18,15,17
d06722,machine_learning,22,17,15,20,15,22,23,17,0,0,2,1,1,1,2,1,0,1,2,1,0,0,1,0,0,0,2,0,0,0,2,0,20,34,21,31,34,31,25,27
d06723,machine_learning,15,18,16,7,23,17,15,19,0,3,1,1,0,1,0,0,0,0,2,1,0,1,0,0,5,0,0,1,0,2,2,0,21,25,20,22,33,27,24,22
d06724,machine_learning,26,20,15,33,15,14,20,26,0,0,0,0,0,0,1,1,0,2,1,0,0,0,0,0,1,1,0,1,1,0,1,1,31,20,33,19,27,36,36,37
d06725,cooking,0,0,0,0,0,0,0,0,27,22,29,30,26,30,32,43,2,0,2,1,3,3,2,2,0,1,2,0,2,1,1,4,66,49,38,44,54,40,44,51
d06726,cooking,1,0,0,0,1,2,0,1,7,8,13,5,13,9,8,9,0,0,0,1,0,1,0,1,0,0,0,1,1,0,0,0,20,20,14,16,24,11,10,11
d06727,football,0,0,0,0,1,0,1,0,1,0,0,1,1,1,0,1,0,1,0,0,0,0,2,0,6,1,2,12,3,1,2,7,9,12,10,13,8,11,11,12
d06728,astronomy,1,2,3,2,2,2,0,2,2,2,2,1,1,3,1,1,39,30,21,31,33,36,41,35,1,1,3,2,0,2,4,1,69,56,65,58,49,47,52,61
d06729,cooking,1,0,1,0,0,0,1,2,16,16,14,14,13,21,16,19,0,1,1,0,1,0,0,0,1,0,0,1,0,1,0,0,31,27,32,26,22,23,15,21
d06730,football,2,1,0,0,0,0,0,2,1,2,1,0,2,0,0,0,0,1,0,0,0,1,0,1,15,13,11,15,12,7,14,14,27,26,21,19,24,19,26,31
d06731,machine_learning,13,19,18,17,12,16,16,12,1,1,1,0,1,0,0,1,1,0,1,0,2,0,2,1,0,0,0,0,0,2,0,0,46,22,18,16,21,24,32,23
d06732,football,1,1,2,4,1,1,2,0,2,2,0,1,3,1,2,2,1,2,1,2,0,3,2,2,27,30,37,32,37,49,36,38,67,51,42,68,73,54,45,67
d06733,machine_learning,19,12,16,13,18,17,32,17,1,2,1,1,1,1,1,1,1,0,1,0,1,0,1,0,1,1,4,2,1,1,1,1,39,30,42,43,23,27,30,36
d06734,football,0,0,1,0,1,0,0,3,0,0,0,1,0,0,1,0,0,0,1,1,1,0,1,1,8,5,10,11,10,9,3,11,7,14,17,12,16,20,12,12
d06735,astronomy,3,2,2,2,2,2,2,0,7,2,4,3,3,0,2,4,45,49,56,38,56,40,41,51,2,2,1,4,2,0,2,2,81,93,82,84,95,66,90,66
d06736,cooking,0,0,0,2,1,2,0,1,1,5,5,7,3,6,3,7,0,0,0,0,1,2,1,0,0,0,0,0,0,0,1,0,15,10,15,9,9,8,7,6
d06737,machine_learning,8,8,16,9,6,12,12,8,1,0,1,0,1,0,1,0,0,1,2,1,0,0,0,1,0,0,0,1,1,1,0,0,15,11,11,16,15,19,9,15
d06738,astronomy,0,1,1,0,0,0,0,1,0,3,0,0,2,1,0,2,7,11,14,17,12,9,17,10,1,0,0,0,1,2,0,0,24,23,20,17,24,15,20,15
d06739,astronomy,0,1,0,0,1,0,0,1,1,0,0,1,0,2,2,1,13,7,12,11,10,12,13,9,0,1,0,1,0,0,1,1,12,29,20,19,25,20,24,15
d06740,machine_learning,26,44,23,42,36,36,29,33,1,2,3,0,2,0,1,2,2,1,2,2,1,3,1,2,4,2,1,1,0,1,3,1,72,55,71,59,54,62,47,47
d06741,astronomy,0,0,1,0,0,3,0,0,1,0,1,0,1,0,0,2,19,16,21,17,22,18,21,18,2,4,0,1,1,2,0,0,27,31,39,29,33,29,36,25
d06742,football,0,1,0,0,0,0,1,1,1,1,0,0,0,0,0,1,0,0,0,0,1,0,2,0,5,5,5,6,5,3,7,3,8,11,3,7,9,8,8,10
d06743,football,1,0,1,1,5,1,2,2,4,0,1,0,0,2,1,1,1,1,3,2,2,0,1,2,31,24,26,26,26,25,22,27,40,47,51,46,45,53,41,46
d06744,astronomy,0,1,1,1,1,2,2,0,0,1,0,0,0,1,0,2,6,11,13,17,13,12,13,11,1,1,0,2,1,1,0,0,16,22,26,18,15,20,12,26
d06745,astronomy,0,0,0,1,0,0,1,0,0,0,0,0,0,0,1,0,17,15,18,11,18,11,12,10,0,0,0,1,0,0,3,1,16,32,22,26,17,22,27,39
d06746,football,1,0,0,0,0,0,0,0,0,0,0,0,0,1,0,0,0,0,0,1,0,0,0,0,0,1,2,3,2,3,1,0,8,3,6,3,5,6,6,2
d06747,machine_learning,9,7,13,13,10,12,18,7,1,0,1,2,0,0,0,0,1,0,2,1,0,1,1,0,0,0,1,0,0,1,0,0,16,16,23,18,21,33,30,16
d06748,football,0,1,0,0,2,1,0,0,3,0,0,0,1,0,2,1,0,0,2,2,0,0,2,1,16,10,18,11,9,19,16,11,24,18,23,35,20,31,22,30
d06749,football,0,0,1,1,1,0,2,1,3,0,1,4,2,2,0,2,1,2,0,2,0,1,1,0,26,15,22,26,23,29,26,18,42,41,35,41,43,42,50,43
d06750,machine_learning,14,17,19,27,24,18,19,17,1,0,1,0,0,2,2,0,0,3,1,1,2,2,0,0,2,1,0,0,0,1,2,0,34,36,25,29,20,38,15,35
d06751,cooking,0,0,0,0,0,0,2,1,4,2,1,1,3,4,2,3,0,0,0,1,0,1,0,1,0,0,1,2,0,0,1,1,10,7,8,7,10,11,9,8
d06752,machine_learning,27,27,29,22,22,25,21,26,1,5,1,0,1,2,0,4,0,2,1,2,4,3,2,0,1,0,1,1,1,0,1,3,33,48,42,44,48,42,45,31
d06753,astronomy,0,0,0,1,0,0,0,0,1,1,0,1,1,3,0,0,10,12,8,3,11,11,14,12,1,1,0,0,0,0,0,0,30,30,19,26,24,21,21,16
d06754,astronomy,1,0,0,0,1,0,0,0,0,1,0,0,3,0,0,0,4,6,8,3,6,5,4,4,1,0,0,0,0,1,0,1,4,4,11,10,13,10,12,4
d06755,machine_learning,87,78,89,94,104,97,106,87,3,3,3,6,4,3,2,7,5,7,3,4,5,5,10,3,4,3,3,7,2,3,2,3,147,179,159,157,156,156,145,150
d06756,astronomy,1,4,1,3,1,0,3,3,2,1,1,0,1,1,1,1,28,30,26,29,23,33,21,21,0,0,1,0,1,0,1,3,57,47,50,44,46,49,43,59
d06757,football,0,0,0,0,0,1,0,0,0,0,0,0,1,0,1,0,0,0,1,0,0,0,0,0,4,5,3,7,3,6,3,6,6,6,7,5,9,4,9,6
d06758,football,0,1,1,1,0,1,0,1,0,0,1,1,0,0,4,0,0,1,0,0,3,1,3,0,14,17,12,24,13,18,13,18,27,33,28,29,24,23,24,29
d06759,football,0,1,0,0,0,0,0,0,0,0,0,0,1,0,0,0,0,0,0,0,0,1,0,0,6,7,7,1,8,6,10,5,6,10,13,12,6,6,18,11
d06760,astronomy,2,0,0,1,1,0,1,0,1,2,2,0,3,0,0,1,24,17,21,24,20,19,20,13,0,3,1,0,0,1,1,2,36,23,24,32,32,28,39,38
d06761,football,0,0,0,0,0,0,0,0,0,1,0,1,1,0,1,1,0,0,0,0,0,0,0,1,9,9,16,10,11,10,12,9,20,15,20,13,20,19,13,21
d06762,astronomy,0,0,0,0,0,1,0,0,1,0,1,0,0,1,0,0,5,6,6,15,5,8,8,15,1,1,0,1,0,0,0,1,16,19,8,13,20,13,21,12
d06763,astronomy,0,1,1,1,0,0,3,3,4,1,3,2,0,2,3,1,30,30,27,20,23,31,36,25,1,1,2,0,2,2,0,0,38,49,42,41,50,46,39,42
d06764,football,0,0,0,0,1,0,0,0,1,0,0,0,0,0,0,0,0,0,1,0,0,0,0,0,4,6,4,7,7,6,7,3,10,14,5,10,11,11,12,11
d06765,cooking,0,0,0,0,1,0,0,0,8,10,4,11,10,9,6,11,0,0,0,0,0,0,0,0,0,0,2,0,1,1,0,0,11,13,17,15,13,12,14,13
d06766,machine_learning,36,35,37,38,41,35,30,30,2,3,1,4,2,3,1,2,2,2,1,4,3,2,2,3,4,2,2,3,2,0,0,3,64,66,69,64,60,76,64,63
d06767,football,5,5,1,2,2,1,1,4,0,3,1,4,4,3,5,3,2,1,3,3,3,3,0,1,51,46,45,48,37,47,43,42,85,67,70,65,64,73,67,74
d06768,astronomy,2,1,1,0,0,0,0,0,2,2,1,4,1,0,0,1,27,29,20,23,27,30,21,29,1,2,1,2,2,2,4,1,39,37,41,39,44,41,48,42
d06769,football,0,1,4,1,6,3,0,1,1,2,1,1,1,2,3,1,1,3,1,3,1,5,1,1,49,49,36,46,42,43,36,36,53,60,52,56,61,54,70,71
d06770,machine_learning,2,4,0,1,4,1,5,2,0,0,0,1,0,0,0,0,0,0,0,0,0,0,0,0,0,0,0,0,0,0,0,1,7,3,2,6,4,7,4,4
d06771,machine_learning,37,48,46,39,42,50,35,35,4,0,4,4,1,1,3,2,2,0,4,0,1,0,1,4,0,0,3,3,0,3,2,1,68,79,68,67,79,47,61,55
d06772,machine_learning,7,19,14,13,14,19,7,18,0,0,0,0,3,2,1,0,0,0,0,2,0,0,0,1,1,0,0,4,0,1,0,1,26,38,22,23,26,22,22,34
d06773,cooking,3,0,1,1,0,0,1,0,8,11,8,10,13,14,9,23,0,1,0,1,0,0,0,0,0,1,3,2,0,0,3,0,13,15,26,26,15,27,26,31
d06774,football,0,0,1,0,0,1,3,0,1,0,1,0,0,0,1,1,0,0,0,0,0,1,0,0,11,11,4,10,9,5,6,15,19,19,16,14,18,18,20,15
d06775,astronomy,1,1,0,0,0,1,0,0,0,0,0,1,0,1,2,0,9,9,8,14,10,3,5,12,2,0,1,0,1,0,1,1,6,9,19,16,14,11,11,13
d06776,machine_learning,27,18,20,17,24,24,16,21,1,1,0,2,2,1,3,0,2,1,0,0,1,2,0,2,1,0,0,0,1,1,0,0,33,44,36,36,43,36,42,30
d06777,football,0,1,0,2,0,0,1,0,1,1,0,0,0,1,0,1,0,1,1,0,0,1,0,2,14,18,15,9,16,16,12,24,29,23,19,33,20,26,36,17
d06778,astronomy,1,0,1,1,0,0,0,0,0,0,0,0,0,0,1,0,10,8,11,13,10,13,13,10,1,1,1,0,0,1,2,0,23,23,12,22,17,23,23,10
d06779,astronomy,1,3,1,1,1,1,1,0,0,0,0,1,2,2,1,1,31,26,24,29,24,27,22,25,1,1,3,2,2,1,1,0,32,36,38,29,38,45,35,40
d06780,football,0,0,1,0,0,0,0,1,0,0,0,2,0,0,0,2,0,0,2,1,0,1,1,1,18,12,9,7,17,18,13,13,32,20,28,24,19,21,25,26
d06781,machine_learning,5,11,12,11,10,10,11,7,0,0,0,0,1,1,0,0,0,2,0,0,0,2,0,0,0,0,1,2,1,1,0,0,12,15,24,10,13,17,17,8
d06782,cooking,0,1,0,2,0,0,0,2,7,7,6,5,9,10,9,10,0,1,2,0,0,0,1,0,1,0,0,2,1,0,0,0,14,15,12,14,20,11,10,17
d06783,machine_learning,96,95,124,113,98,105,86,93,7,5,1,7,1,4,9,4,2,11,6,3,3,4,6,10,7,5,3,6,5,2,2,5,150,164,162,181,176,190,158,171
d06784,machine_learning,6,4,3,3,3,4,4,2,0,0,0,0,0,0,0,1,0,0,0,0,0,0,0,0,0,0,0,1,1,0,0,0,3,3,3,3,5,5,4,0
d06785,machine_learning,13,10,14,11,10,14,17,11,1,1,0,0,0,1,0,0,0,0,0,0,1,0,1,1,0,0,0,0,1,0,0,0,19,15,29,23,9,14,22,10
d06786,football,1,2,2,0,0,0,1,0,2,2,1,0,2,0,1,2,1,1,0,3,2,0,1,1,24,25,23,17,27,17,19,16,41,35,31,36,36,31,31,25
d06787,cooking,0,1,1,0,0,0,0,0,14,9,10,5,4,6,9,8,0,0,0,0,0,0,0,0,0,0,0,2,0,0,0,0,22,13,12,15,14,7,7,11
d06788,cooking,0,0,1,0,0,0,0,0,11,7,5,10,6,10,10,12,0,1,1,0,0,0,1,0,0,1,0,0,0,0,0,0,9,16,7,12,14,16,7,14
d06789,machine_learning,6,5,4,5,10,5,9,6,0,0,0,0,0,0,0,0,0,0,0,0,1,0,0,1,0,0,1,0,1,2,0,0,8,6,5,13,6,10,15,10
d06790,cooking,1,3,2,2,6,2,2,0,23,30,22,19,26,29,27,22,0,1,0,1,1,0,1,2,2,1,1,3,2,1,1,1,44,34,32,40,61,41,28,39
d06791,cooking,2,1,0,2,2,1,1,1,31,26,25,22,25,27,25,23,0,2,0,1,2,1,1,2,1,0,1,4,1,2,0,0,38,43,41,33,40,42,35,36
d06792,football,1,3,1,0,0,2,1,3,0,1,0,0,0,0,1,1,2,1,1,0,3,4,0,1,19,17,18,18,23,21,20,27,30,31,33,36,33,31,35,41
d06793,cooking,1,0,2,2,0,2,1,0,17,11,22,16,19,18,13,14,0,0,3,0,2,0,1,1,2,1,0,0,0,2,1,0,23,22,20,30,22,22,22,22
d06794,cooking,0,0,0,0,0,0,0,0,14,14,14,10,17,18,11,12,1,0,1,0,1,0,1,0,2,0,1,0,1,2,0,1,29,32,24,20,24,20,25,31
d06795,cooking,2,1,2,3,1,3,0,2,30,41,23,23,23,28,33,34,2,1,0,1,0,1,2,3,2,0,1,0,3,0,1,0,42,41,46,36,46,40,46,45
d06796,astronomy,0,0,0,0,0,1,0,0,0,1,1,0,0,0,0,0,4,13,14,11,9,10,8,13,0,1,0,0,0,1,0,0,18,15,13,15,14,16,19,14
d06797,football,0,2,0,1,1,1,0,0,0,0,0,2,0,0,0,2,0,0,1,1,1,1,0,0,11,14,6,10,13,16,11,14,28,30,26,32,31,26,23,18
d06798,astronomy,4,1,0,4,2,3,4,4,3,1,0,6,3,2,3,1,73,63,77,75,49,57,58,52,0,3,3,6,1,1,5,1,94,99,112,104,113,105,101,98
d06799,astronomy,2,0,2,1,2,1,2,2,2,3,1,2,1,0,1,0,20,17,22,33,28,25,26,20,1,1,1,1,2,0,2,1,42,38,45,43,33,47,45,40
d06800,football,0,0,0,0,0,0,0,0,0,0,1,3,0,1,0,1,0,0,0,0,0,0,0,0,12,14,14,11,8,9,13,13,21,11,20,10,16,9,18,23
d06801,football,4,0,2,1,0,0,2,1,0,2,2,0,1,0,1,1,0,1,1,1,1,1,0,0,15,13,3,7,21,10,18,11,23,23,24,22,20,18,26,18
d06802,cooking,2,1,2,0,0,1,1,3,35,45,50,31,50,37,28,55,1,2,2,6,3,2,3,0,0,4,0,1,0,2,0,1,50,56,88,61,58,80,64,63
d06803,cooking,0,1,0,1,0,0,0,0,3,4,3,6,7,6,6,4,0,1,0,1,0,0,0,0,1,2,0,0,0,0,0,1,9,15,8,7,16,9,8,11
d06804,astronomy,0,1,1,0,0,0,0,1,0,0,1,1,1,0,1,0,15,13,8,8,15,14,12,10,0,2,1,0,1,2,0,1,25,25,14,21,22,22,15,22
d06805,machine_learning,4,1,2,2,3,9,5,3,1,0,0,0,0,0,0,0,0,0,0,0,0,0,0,0,0,0,0,0,0,0,0,0,6,3,5,3,9,9,4,2
d06806,astronomy,1,2,0,2,3,3,2,2,1,1,1,4,1,1,2,0,36,21,39,36,42,40,40,29,3,5,1,1,1,3,1,2,60,67,81,56,69,69,54,54
d06807,machine_learning,10,14,16,11,16,12,17,28,0,2,2,0,0,2,1,0,0,3,0,1,2,0,0,1,0,4,0,1,0,0,5,1,26,30,26,23,27,29,35,23
d06808,machine_learning,6,20,11,16,12,18,20,10,0,3,0,0,0,2,0,1,1,0,0,1,3,3,0,0,0,1,0,0,3,0,0,0,35,20,23,32,21,24,31,26
d06809,astronomy,0,0,0,0,0,1,0,1,0,0,0,1,0,0,1,2,2,1,4,7,2,5,2,5,0,0,0,0,1,0,0,0,14,8,14,4,8,10,7,11
d06810,machine_learning,8,5,7,3,2,9,7,2,0,2,1,0,0,0,1,0,0,0,0,1,0,2,0,0,1,0,0,0,2,0,0,0,3,2,8,4,12,7,10,8
d06811,football,0,2,0,0,0,0,1,0,1,0,1,1,0,0,1,0,0,0,1,0,1,1,0,0,4,5,4,11,9,8,7,12,11,16,15,14,12,17,12,12
d06812,machine_learning,17,15,14,18,22,24,20,18,1,2,0,0,2,3,0,0,0,1,1,1,0,0,1,1,3,0,1,0,0,1,0,0,34,39,34,26,23,25,23,32
d06813,cooking,1,0,0,1,0,0,0,0,5,12,8,12,11,9,9,7,0,0,0,1,0,1,0,0,0,1,0,1,2,0,0,0,8,16,15,11,8,18,9,10
d06814,football,0,0,0,0,0,1,0,2,0,0,2,0,0,0,1,0,1,0,0,1,3,0,0,0,19,12,13,7,10,11,12,13,19,28,25,21,27,30,21,18
d06815,astronomy,0,1,0,0,0,1,0,0,0,0,1,2,0,0,0,0,16,17,12,21,10,14,15,16,0,0,3,0,0,2,1,0,19,20,26,20,18,25,19,20
d06816,football,0,1,0,1,1,0,1,0,0,0,0,1,0,0,1,0,0,0,0,1,0,0,0,0,5,3,3,4,4,4,2,4,8,5,7,7,5,15,6,6
d06817,football,2,0,2,1,3,1,3,1,1,0,2,1,1,2,1,2,1,1,1,1,5,0,0,2,26,23,30,11,23,17,32,21,41,43,27,39,35,39,41,43
d06818,machine_learning,33,32,38,32,39,42,43,38,4,1,1,2,4,4,0,2,2,3,2,0,0,0,4,1,0,1,1,3,1,1,1,0,67,62,64,63,58,62,58,43
d06819,football,3,0,0,2,2,2,0,1,0,3,1,0,1,0,2,0,2,1,1,0,0,0,0,2,20,20,20,19,27,25,19,17,36,32,25,30,39,26,35,41
d06820,cooking,0,1,0,1,2,0,2,0,14,13,16,13,13,11,11,16,0,1,0,0,0,0,1,0,1,1,0,1,0,1,0,1,20,23,23,22,30,16,18,27
d06821,football,0,1,0,0,1,0,1,0,1,0,0,0,0,0,0,0,0,0,0,1,0,0,0,0,2,4,1,5,3,1,4,4,4,8,7,5,8,4,4,9
d06822,machine_learning,23,25,17,21,21,24,20,18,0,2,1,2,0,0,3,1,0,0,3,0,2,2,1,1,2,1,1,0,3,0,0,0,32,40,31,40,34,36,33,32
d06823,machine_learning,13,18,17,17,17,17,12,19,2,1,1,3,0,0,2,0,1,2,0,0,1,2,1,1,1,2,1,0,1,0,1,0,25,34,28,22,27,28,20,30
d06824,cooking,1,0,3,1,0,0,0,2,28,23,24,24,23,27,23,23,2,1,1,3,1,1,2,0,1,1,3,1,1,1,1,0,37,46,37,58,41,41,41,37
d06825,cooking,1,0,3,1,1,2,0,1,14,10,14,10,9,10,11,15,0,0,0,0,0,0,1,0,0,1,2,0,1,2,0,1,19,19,17,18,26,25,22,15
d06826,cooking,0,2,1,2,0,0,0,0,7,8,10,6,6,4,6,10,0,0,1,0,0,0,1,0,0,0,0,0,0,0,2,0,12,14,11,11,5,11,8,12
d06827,astronomy,1,1,1,1,0,2,0,2,2,0,1,1,0,1,1,3,22,26,36,22,28,32,33,29,2,2,1,1,4,0,0,0,54,49,41,43,46,45,47,53
d06828,astronomy,0,0,0,1,0,1,0,0,0,0,0,1,0,0,0,0,7,8,11,6,2,4,6,9,1,1,0,0,0,0,1,0,10,10,10,11,10,10,12,11
d06829,football,0,1,0,0,1,0,0,3,1,0,2,0,2,1,1,1,1,1,1,1,2,1,0,0,13,14,5,14,14,11,21,10,13,28,17,31,20,30,29,14
d06830,cooking,2,0,0,2,0,2,2,0,22,21,23,20,16,16,11,20,0,0,0,3,1,2,2,0,1,1,0,1,2,1,0,0,25,23,36,25,22,30,22,26
d06831,machine_learning,22,13,15,18,13,15,16,16,0,0,1,0,0,2,0,0,0,0,2,0,2,0,1,0,0,1,3,0,1,0,1,3,31,32,20,38,26,25,22,31
d06832,cooking,0,0,0,0,1,0,0,0,1,4,5,4,2,5,5,2,0,1,0,0,0,0,1,0,0,0,0,1,0,0,0,0,2,8,5,4,5,3,3,5
d06833,cooking,2,1,1,0,0,0,1,0,11,12,11,17,12,14,8,12,0,0,2,0,0,1,1,0,1,0,4,1,2,0,0,0,26,20,17,26,24,17,23,23
d06834,machine_learning,13,10,3,11,16,16,16,6,1,1,0,1,0,2,0,0,0,0,2,0,0,1,0,2,1,0,2,0,0,1,0,1,20,24,14,23,19,25,16,22
d06835,machine_learning,9,7,3,3,6,3,6,13,0,0,0,1,0,1,0,0,0,0,0,0,0,0,0,1,0,0,0,0,1,0,0,0,6,7,6,9,16,11,16,6
d06836,astronomy,2,0,0,0,1,1,2,0,2,1,0,3,2,1,2,0,18,16,14,19,22,21,24,17,5,6,0,1,1,2,1,1,37,53,45,41,41,33,29,40
d06837,cooking,0,2,0,1,0,1,0,0,2,2,5,4,5,3,3,3,0,0,0,1,1,0,0,0,0,0,0,0,1,2,1,0,6,14,9,16,7,7,14,9
d06838,cooking,0,1,0,0,1,0,0,0,7,4,13,8,9,11,11,12,0,1,0,1,0,1,0,0,0,0,2,0,1,0,0,1,9,15,12,17,17,13,21,17
d06839,machine_learning,8,9,4,10,6,0,6,4,0,1,0,1,1,0,0,1,1,0,0,0,0,0,0,1,0,0,1,1,0,1,0,0,13,9,12,8,6,9,10,8
d06840,cooking,1,2,2,1,0,1,1,1,31,40,32,33,29,24,35,30,0,2,2,0,2,3,0,0,1,2,0,0,0,1,0,3,56,63,54,47,29,45,59,46
d06841,football,0,1,0,0,0,0,0,1,1,1,0,0,0,0,0,0,0,2,1,0,2,0,0,1,6,11,13,9,15,15,10,9,26,20,25,26,18,24,17,23
d06842,cooking,0,0,0,0,1,1,2,0,3,9,9,11,6,11,15,12,1,0,0,0,1,1,0,0,0,1,0,2,0,2,0,1,16,17,25,14,19,17,16,18
d06843,cooking,1,0,0,0,0,0,1,0,4,3,3,4,6,7,9,4,1,0,0,0,0,0,0,0,0,1,0,0,0,0,0,0,10,4,3,7,7,4,6,5
d06844,astronomy,1,0,1,2,1,0,1,2,0,2,0,2,1,0,2,1,14,10,21,12,22,16,14,14,0,1,0,2,1,0,1,1,29,32,14,30,24,16,22,23
d06845,astronomy,0,0,1,1,0,1,0,3,0,0,0,0,2,3,1,1,11,9,10,14,14,17,15,18,1,0,1,0,0,2,1,0,15,25,17,15,16,21,19,20
d06846,machine_learning,8,7,5,9,10,6,4,6,0,1,0,0,0,0,1,1,2,0,0,0,1,0,1,1,1,1,0,0,0,0,0,1,14,9,10,10,12,13,20,19
d06847,football,0,0,0,1,0,0,2,0,1,1,1,1,0,0,0,2,1,0,1,2,1,0,1,2,17,10,12,17,13,18,16,13,22,29,36,33,24,21,23,25
d06848,cooking,2,0,1,1,0,2,0,0,8,11,10,8,9,6,12,11,1,0,2,0,0,1,0,0,1,1,1,0,0,0,0,0,21,24,15,23,17,12,26,22
d06849,football,1,1,3,3,2,1,1,4,2,1,1,0,4,1,0,0,1,1,1,1,2,2,0,3,25,27,29,28,34,32,32,23,54,44,57,44,43,48,55,55
d06850,astronomy,1,3,1,0,2,2,1,2,0,3,2,3,2,1,0,0,25,25,29,16,30,30,25,29,0,2,1,0,1,2,0,0,42,43,52,51,42,45,45,53
d06851,football,0,0,0,0,0,1,0,2,2,0,0,0,0,0,0,0,0,0,0,0,2,0,1,0,11,8,8,8,14,11,11,11,14,19,15,16,23,16,16,29
d06852,football,2,4,1,4,3,9,4,5,4,2,3,3,5,7,4,2,4,4,1,2,1,0,4,2,70,87,80,87,86,69,76,72,143,142,138,145,136,130,136,123
d06853,machine_learning,25,25,20,19,23,20,18,21,0,0,0,0,2,1,0,2,0,4,2,0,0,2,0,3,2,0,2,1,2,2,3,0,35,21,29,28,30,26,34,34
d06854,cooking,0,0,1,0,2,0,0,1,9,23,11,11,9,11,8,12,1,0,0,0,0,0,2,2,2,1,1,1,0,0,0,0,22,21,21,23,19,18,19,16
d06855,machine_learning,13,17,11,20,10,16,15,12,0,0,0,0,1,0,1,1,0,1,0,0,0,0,2,0,2,0,1,1,0,1,0,0,19,25,25,33,17,15,22,34
d06856,astronomy,0,0,2,1,1,0,1,0,1,0,1,0,0,0,0,0,3,9,11,6,5,7,7,9,0,0,0,0,2,0,1,0,10,12,12,13,9,6,12,10
d06857,astronomy,0,4,1,0,0,2,0,0,2,2,2,2,1,2,0,1,19,20,21,14,17,17,16,14,1,0,0,0,0,0,0,0,31,29,31,19,26,26,26,38
d06858,astronomy,1,0,0,1,0,1,0,0,1,0,1,1,0,0,0,2,4,6,3,7,6,7,5,9,0,0,0,1,0,0,0,0,12,12,7,6,6,9,4,9
d06859,football,0,0,1,1,1,0,1,3,0,1,0,0,0,1,0,0,0,0,1,1,1,1,1,0,13,17,11,14,12,9,12,22,22,33,13,19,26,28,24,33
d06860,astronomy,1,1,1,1,0,2,0,1,3,2,2,2,3,3,1,4,48,57,42,53,43,61,55,46,1,2,2,1,1,3,3,1,71,87,89,78,80,82,69,88
d06861,machine_learning,5,6,7,9,4,7,4,3,0,0,0,0,1,0,0,0,0,0,0,0,0,0,1,0,0,0,0,0,0,0,0,0,13,16,12,10,15,14,13,12
d06862,cooking,1,0,0,2,0,0,3,0,7,2,6,4,7,8,7,11,0,0,0,0,0,0,0,0,0,0,1,2,0,0,0,0,10,4,6,6,16,9,13,9
d06863,machine_learning,98,92,84,105,104,97,106,100,2,2,3,4,5,4,3,5,12,8,4,6,3,6,4,2,3,6,3,4,2,7,6,10,169,184,158,166,175,172,186,173
d06864,machine_learning,6,3,10,6,6,5,6,11,1,0,0,1,1,0,0,0,0,0,1,0,0,2,0,0,0,1,0,0,0,1,0,1,13,6,7,16,3,9,7,10
d06865,football,1,0,1,2,1,1,0,1,1,0,1,0,1,1,0,0,1,1,0,1,0,2,3,1,23,20,15,21,13,15,19,23,22,31,25,32,25,14,18,27
d06866,cooking,1,2,3,3,2,3,2,4,68,56,57,55,61,56,59,49,4,3,4,5,0,4,3,0,4,3,4,6,1,3,5,0,108,103,109,87,105,98,100,93
d06867,machine_learning,10,12,14,16,14,9,12,12,0,1,0,0,0,2,0,1,0,1,0,1,1,1,0,2,1,0,1,0,0,1,1,1,20,23,30,23,21,22,17,21
d06868,football,5,4,4,3,5,7,2,5,1,5,1,5,0,1,9,10,8,2,3,4,3,6,2,3,95,91,88,73,98,91,80,86,123,133,111,115,134,150,135,135
d06869,machine_learning,10,12,15,11,12,10,8,12,1,1,1,2,1,2,3,0,1,1,0,1,0,0,0,0,0,0,1,0,0,1,0,0,19,15,24,14,21,27,19,16
d06870,astronomy,0,2,1,1,0,1,0,1,0,1,0,1,1,1,1,0,13,13,17,9,11,16,13,14,0,0,2,2,1,0,1,0,32,26,19,24,23,28,20,24
d06871,machine_learning,41,55,43,53,50,51,40,55,2,1,1,2,5,2,3,6,2,2,2,3,1,0,1,0,0,4,7,1,4,3,1,2,69,83,75,77,93,74,90,66
d06872,machine_learning,3,5,7,5,8,5,12,7,0,1,0,0,1,0,0,1,0,0,0,0,0,0,0,0,1,0,0,0,0,0,0,0,8,9,13,10,8,9,5,14
d06873,machine_learning,30,22,18,29,23,19,22,19,0,1,0,1,2,3,0,3,2,0,2,1,0,2,1,2,0,2,3,1,0,1,1,0,27,46,29,31,48,26,56,32
d06874,machine_learning,10,9,10,15,7,8,8,12,0,0,0,0,0,2,0,0,0,1,0,0,0,0,0,0,0,0,4,1,0,0,0,0,14,16,12,13,12,9,16,16
d06875,cooking,1,0,0,1,1,2,2,3,45,26,30,37,38,32,32,37,1,0,1,3,2,3,1,3,1,2,2,4,1,3,1,1,65,61,55,51,51,49,58,57
d06876,football,4,5,3,5,5,2,2,3,3,1,0,5,2,3,2,2,3,3,3,5,2,3,4,3,55,45,46,48,51,50,58,45,85,77,96,77,94,69,92,75
d06877,astronomy,2,0,0,1,1,0,0,1,4,1,3,0,1,2,1,1,27,24,27,19,22,15,20,25,2,1,0,2,0,0,0,1,33,42,36,39,31,35,37,36
d06878,cooking,0,2,0,0,0,0,0,0,13,14,9,14,17,16,16,9,3,0,0,0,1,0,1,0,1,1,0,0,0,0,0,0,18,29,23,27,30,23,34,21
d06879,football,0,1,1,1,0,0,0,0,0,2,0,0,1,0,0,0,0,1,0,0,0,0,1,2,6,5,8,6,4,9,7,5,10,10,14,13,6,17,10,14
d06880,football,5,3,0,1,0,4,1,0,1,2,1,2,2,0,0,1,0,1,1,1,2,2,1,4,28,30,29,35,28,26,42,27,51,44,57,49,68,60,53,33
d06881,astronomy,0,0,2,2,0,0,0,0,0,0,1,0,1,0,0,0,10,10,12,12,8,8,13,9,0,1,0,1,1,0,0,0,19,22,20,16,16,18,13,14
d06882,football,1,2,0,1,0,0,1,0,2,1,1,0,3,1,0,0,1,1,0,1,1,1,0,0,15,13,13,16,19,16,12,19,32,20,27,29,17,24,27,25
d06883,machine_learning,7,9,7,6,9,14,12,17,1,0,0,0,3,0,0,0,1,0,0,0,1,0,1,0,0,0,0,2,0,1,0,1,15,16,14,14,17,17,16,20
d06884,machine_learning,10,7,11,14,7,6,7,10,1,0,1,0,0,1,2,1,0,0,0,1,0,0,1,0,0,1,0,1,1,0,0,1,22,13,22,26,21,24,23,21
d06885,astronomy,3,1,1,2,0,3,1,0,4,1,1,1,1,1,0,1,27,26,22,22,12,30,28,23,1,0,2,5,1,3,2,0,35,38,32,35,34,39,37,40
d06886,football,1,0,2,1,1,1,1,3,2,0,1,2,2,2,2,0,0,0,1,3,1,1,1,0,29,30,20,27,26,22,28,35,49,50,44,44,41,48,36,49
d06887,astronomy,3,2,4,2,1,2,1,3,2,3,2,2,2,2,3,2,51,47,48,48,53,44,32,44,1,1,0,4,1,1,1,3,70,85,83,85,81,82,81,91
d06888,astronomy,2,6,3,2,3,1,2,2,0,3,0,1,2,1,1,1,49,35,36,42,48,43,48,39,4,0,4,2,4,2,3,2,71,65,59,74,71,84,65,79
d06889,machine_learning,19,11,18,14,11,11,8,19,1,1,0,1,0,1,0,2,0,0,2,0,0,0,2,0,1,0,0,0,0,0,0,2,16,17,16,16,27,21,20,30
d06890,astronomy,2,1,0,0,1,0,1,0,1,1,0,0,0,1,0,0,28,16,17,15,14,16,20,15,1,2,0,1,0,3,0,3,31,38,28,37,27,37,35,33
d06891,cooking,1,0,0,0,0,0,1,0,4,6,11,8,15,11,9,21,0,0,0,0,1,1,1,0,0,2,1,1,0,1,1,0,19,12,20,14,13,13,18,18
d06892,astronomy,1,1,0,1,1,0,0,0,0,0,0,1,0,0,0,0,8,9,9,9,9,17,10,7,1,1,0,2,1,0,0,1,10,15,16,14,13,25,10,11
d06893,football,0,0,0,0,1,0,0,0,0,1,0,0,0,0,0,0,1,0,0,1,0,2,0,0,8,12,11,5,12,10,8,4,15,10,10,19,12,13,15,8
d06894,astronomy,1,3,1,0,1,0,0,1,0,0,0,0,1,0,0,0,12,17,12,9,14,19,14,22,1,1,1,0,0,1,0,0,29,26,21,24,18,31,25,17
d06895,machine_learning,27,49,25,31,25,32,35,27,1,2,2,1,0,3,1,0,3,1,0,1,0,1,1,0,0,1,1,2,3,0,5,2,51,59,41,55,62,66,62,42
d06896,machine_learning,8,9,7,9,3,11,8,4,1,1,0,0,1,0,0,1,1,0,1,0,0,1,1,1,1,0,0,1,0,0,0,2,14,15,10,14,15,15,15,19
d06897,cooking,0,0,0,0,0,0,0,1,5,8,4,9,3,7,3,8,0,0,0,0,0,0,0,1,0,1,0,1,1,1,0,0,11,12,7,12,15,12,18,7
d06898,astronomy,1,0,1,0,0,0,0,0,0,0,0,0,0,0,1,0,10,10,10,8,7,10,6,3,0,1,0,0,0,0,0,0,17,23,14,20,16,19,9,12
d06899,machine_learning,57,32,49,38,39,47,30,30,2,4,1,1,2,3,1,1,3,4,0,2,3,2,1,3,1,0,2,4,1,1,2,5,50,64,66,69,69,59,57,65
d06900,machine_learning,39,27,36,37,34,31,33,30,5,2,0,0,0,1,0,2,3,0,0,1,0,2,0,0,2,2,2,1,0,1,2,0,56,46,48,59,61,48,44,61
d06901,machine_learning,5,5,6,10,3,4,3,4,0,0,0,1,1,0,0,1,0,0,2,0,0,0,0,0,0,0,0,0,1,0,1,1,9,8,6,7,7,7,12,11
d06902,astronomy,0,0,0,0,0,0,0,0,1,0,0,0,0,0,2,0,5,2,4,5,3,3,4,3,0,0,0,0,1,1,0,0,9,9,9,6,9,13,10,11
d06903,football,2,0,1,1,0,2,2,0,0,0,0,1,0,0,0,0,1,1,0,0,0,0,1,0,12,9,1,10,13,7,12,11,9,8,12,8,17,10,13,13
d06904,football,0,1,0,1,2,0,0,4,0,0,0,0,1,0,1,3,1,3,0,0,1,1,2,1,18,10,9,16,17,5,10,14,26,20,22,25,27,17,19,26
d06905,astronomy,0,0,2,0,1,0,1,0,0,0,0,0,2,0,0,0,7,10,9,10,4,14,8,13,0,0,0,0,3,0,0,0,10,12,12,11,15,18,17,21
d06906,football,3,0,2,1,2,2,0,1,0,0,0,1,1,0,0,0,2,2,1,0,1,1,1,1,19,21,16,18,20,23,12,24,28,35,21,34,26,38,26,23
d06907,machine_learning,82,84,80,78,67,69,84,67,5,3,1,5,2,4,2,3,7,2,6,1,2,6,6,2,2,4,2,4,3,6,2,3,135,149,118,125,134,125,124,102
d06908,cooking,1,0,2,1,1,0,0,0,17,22,19,18,29,28,24,23,0,1,0,2,0,3,0,0,0,0,0,0,0,2,3,0,32,25,36,33,31,40,38,44
d06909,astronomy,0,0,1,0,0,2,0,0,0,0,1,0,1,0,0,0,7,10,14,10,13,5,14,10,0,0,1,1,0,0,0,1,8,14,13,7,22,16,11,16
d06910,football,2,4,1,3,4,3,1,1,6,4,1,4,0,3,3,3,8,2,3,3,2,4,3,5,55,69,58,59,58,63,67,66,93,106,82,103,112,111,98,110
d06911,machine_learning,38,42,32,44,38,38,39,27,2,0,4,7,0,3,3,5,4,2,2,0,3,3,3,0,2,1,1,3,1,1,1,3,65,58,69,56,66,68,44,65
d06912,football,0,0,1,0,0,0,0,0,2,0,0,0,0,1,0,0,2,0,0,1,0,0,0,0,7,4,3,6,9,13,10,8,7,14,14,12,19,15,11,15
d06913,football,1,0,0,2,1,0,0,0,1,0,1,1,3,1,1,3,0,2,0,2,1,2,1,1,28,26,19,25,18,19,12,15,38,36,35,28,32,35,48,32
d06914,cooking,0,0,1,0,0,1,0,0,5,3,3,3,1,2,3,3,0,0,0,0,0,0,0,1,0,0,0,0,0,0,0,0,7,9,5,4,4,6,6,2
d06915,machine_learning,22,16,10,12,19,13,8,20,1,2,2,3,0,1,1,0,2,2,3,2,2,1,0,2,1,1,1,0,0,1,1,0,26,25,31,25,21,19,21,34
d06916,machine_learning,11,10,9,7,16,6,5,12,0,0,0,0,0,0,2,0,1,0,0,0,1,0,1,1,0,1,0,0,1,0,3,1,25,17,20,23,16,11,13,13
d06917,astronomy,0,1,0,0,2,0,0,0,1,1,0,1,0,0,0,1,9,8,10,5,3,7,9,7,1,0,0,1,1,0,0,0,16,15,8,13,12,8,16,12
d06918,football,0,0,0,0,0,0,0,0,1,0,1,0,0,0,0,0,0,0,0,0,0,1,0,2,5,5,6,6,3,4,4,3,6,9,7,7,10,9,17,15
d06919,astronomy,0,0,1,0,1,1,0,2,0,0,0,0,1,0,2,1,18,14,16,16,16,10,11,7,0,0,1,0,1,1,0,0,24,16,27,29,28,18,28,25
d06920,astronomy,2,0,0,2,1,1,0,0,0,1,2,2,2,2,0,1,24,22,27,30,25,25,31,20,0,2,1,2,0,0,2,1,43,45,44,26,38,37,34,44
d06921,cooking,0,0,0,0,0,0,0,1,4,6,4,7,7,7,8,5,0,1,0,1,0,0,0,1,0,0,0,0,0,0,0,0,9,9,12,15,9,10,9,10
d06922,machine_learning,5,7,7,5,5,4,7,5,1,0,0,0,0,0,0,0,0,1,1,0,0,0,1,1,0,1,0,0,2,0,0,2,11,9,6,12,19,10,10,4
d06923,machine_learning,11,13,10,14,10,4,10,12,1,0,1,0,1,0,2,1,0,1,0,1,1,1,0,0,2,1,0,0,0,0,1,0,19,12,20,16,13,19,14,20
d06924,football,2,4,0,1,1,1,1,2,2,0,1,2,0,1,1,0,2,1,1,0,1,0,1,0,16,22,17,25,23,23,18,22,43,32,31,35,28,42,30,25
d06925,machine_learning,10,5,7,7,3,2,4,5,0,1,0,0,0,1,0,0,0,0,0,0,0,1,0,1,0,0,1,0,0,0,0,0,13,13,9,8,6,8,10,10
d06926,football,0,0,2,0,1,2,0,1,0,1,3,1,0,0,0,1,0,1,0,0,0,1,0,0,5,10,9,5,9,12,16,15,18,20,21,20,20,22,13,15
d06927,cooking,0,0,2,0,1,1,2,0,15,13,14,20,11,12,19,14,0,0,0,0,0,1,0,1,0,0,2,0,0,0,1,2,33,26,29,36,26,17,17,23
d06928,football,2,2,2,1,3,5,3,0,3,3,3,2,3,3,3,3,2,4,0,5,2,2,1,0,53,69,69,62,50,45,53,57,99,76,102,93,96,97,104,83
d06929,machine_learning,40,36,28,31,28,28,32,31,0,2,1,0,1,3,2,1,2,0,0,1,1,2,4,3,0,4,1,2,2,2,0,0,48,53,48,62,45,43,45,64
d06930,cooking,0,0,0,0,0,0,1,0,6,12,10,4,6,13,4,6,0,0,0,0,0,2,0,1,0,0,0,0,1,0,0,1,11,12,13,10,9,9,14,16
d06931,machine_learning,8,3,6,6,2,11,7,3,0,0,0,0,1,0,1,0,0,0,0,0,0,0,1,0,2,0,0,0,0,0,0,1,12,12,11,5,9,7,10,9
d06932,cooking,1,5,1,3,0,3,1,0,26,30,40,35,28,36,33,35,3,1,2,1,3,1,1,1,1,0,3,1,0,0,3,3,56,52,66,37,57,59,45,60
d06933,machine_learning,24,19,31,33,29,43,30,29,0,2,0,0,1,5,2,2,1,0,3,1,3,2,0,3,1,1,2,2,0,1,3,1,61,51,58,46,54,54,63,64
d06934,machine_learning,21,27,25,16,27,19,18,19,0,1,2,1,1,2,0,1,1,2,1,1,2,1,1,1,1,0,2,0,0,0,0,0,37,40,25,31,32,30,26,40
d06935,machine_learning,47,42,36,46,42,50,34,30,0,4,2,2,4,0,2,4,3,3,3,1,3,1,5,1,1,7,1,1,0,4,1,2,64,61,76,66,74,61,73,73
d06936,astronomy,0,0,0,0,0,1,2,0,0,2,0,0,1,0,0,0,9,6,8,10,6,7,7,8,0,0,1,0,1,0,1,0,13,12,11,18,16,11,18,10
d06937,cooking,0,2,0,0,1,1,0,1,8,16,11,13,19,16,14,12,2,0,1,1,0,0,0,0,0,0,1,1,1,1,2,0,17,26,28,28,19,25,27,22
d06938,astronomy,0,0,1,2,0,2,2,0,0,1,1,1,1,0,1,3,19,22,21,15,16,15,16,22,0,0,0,0,2,4,1,0,36,40,31,31,33,30,44,26
d06939,machine_learning,3,7,4,6,5,7,12,7,0,0,1,0,0,1,0,0,0,0,1,0,0,0,0,0,0,0,0,2,0,0,1,0,10,7,11,12,6,8,8,14
d06940,astronomy,2,1,3,1,1,1,1,1,2,3,2,2,1,1,0,1,25,37,30,27,27,33,28,26,1,1,1,0,3,3,0,3,44,56,50,43,52,44,36,53
d06941,football,1,0,1,2,1,4,0,0,1,1,0,2,0,0,0,0,3,2,3,2,0,0,1,1,21,19,14,19,17,21,23,13,29,34,33,28,29,33,51,29
d06942,football,0,2,1,1,1,0,0,2,0,0,0,1,1,0,0,0,1,0,2,0,3,1,0,0,15,8,14,18,16,23,8,16,16,21,21,21,22,23,30,29
d06943,football,0,0,0,1,0,0,0,0,0,0,0,0,0,0,0,1,0,0,1,0,0,2,0,0,8,7,3,4,4,8,7,3,7,7,7,6,11,8,8,10
d06944,cooking,0,1,1,1,1,1,0,1,13,24,24,15,21,13,20,21,0,0,2,2,1,0,1,0,1,1,1,5,0,1,1,0,34,32,24,44,24,37,28,29
d06945,cooking,0,1,0,1,1,0,0,1,19,25,22,21,10,11,27,11,1,1,0,0,1,0,1,2,0,1,3,2,1,0,0,0,28,36,38,22,26,27,27,31
d06946,football,1,3,1,1,1,2,0,1,0,1,0,1,0,0,0,0,1,1,0,1,2,2,2,1,23,30,17,21,24,24,18,18,31,31,37,35,35,40,33,27
d06947,cooking,3,3,6,2,1,2,4,4,65,77,67,65,72,68,74,64,1,8,2,3,5,2,4,4,7,1,3,1,4,5,5,1,106,99,103,108,96,109,127,111
d06948,machine_learning,3,8,5,4,5,3,5,6,1,0,0,0,0,0,0,0,0,0,0,0,1,0,0,0,0,1,0,1,1,0,0,0,7,7,13,7,11,9,10,11
d06949,astronomy,0,0,0,1,1,1,0,0,0,2,0,0,0,0,0,0,2,6,6,8,1,5,4,5,0,0,0,0,0,0,0,1,13,12,8,6,11,7,6,6
d06950,cooking,0,1,0,0,0,1,2,0,18,14,22,14,16,11,15,20,1,1,0,1,2,0,3,2,2,0,2,1,1,0,0,1,20,19,26,26,28,36,26,28
d06951,cooking,0,0,1,0,1,0,1,0,8,12,13,9,16,14,14,5,0,0,0,0,1,0,0,2,1,3,0,0,1,0,0,1,22,16,22,13,21,21,28,17
d06952,cooking,0,1,0,2,1,0,0,1,20,10,19,21,17,14,15,12,0,1,2,1,0,0,3,0,2,0,1,0,1,1,0,2,29,35,22,34,23,32,27,29
d06953,football,0,0,0,0,2,0,2,0,0,0,0,1,0,0,1,0,2,1,1,0,0,0,1,0,14,5,12,5,5,9,6,11,8,16,11,8,13,18,16,21
d06954,astronomy,2,1,0,2,2,2,1,0,4,5,1,2,3,4,1,2,35,46,34,38,39,22,32,31,4,2,3,2,0,2,0,1,56,52,51,58,64,43,66,59
d06955,astronomy,0,0,0,0,0,0,1,0,0,2,0,0,0,0,1,0,12,8,9,11,10,7,7,4,0,0,0,0,0,0,0,1,11,10,10,11,6,10,10,9
d06956,machine_learning,5,4,8,5,9,3,9,4,0,0,0,0,1,0,0,0,0,0,0,0,0,0,0,0,1,0,0,0,0,1,0,0,17,16,19,16,12,14,11,13
d06957,astronomy,0,0,0,0,0,0,0,1,0,0,0,0,0,0,0,0,9,9,11,9,8,11,6,6,0,0,0,0,0,0,0,0,9,6,11,7,14,10,14,8
d06958,cooking,0,0,0,0,0,1,0,1,7,4,5,3,4,3,1,6,1,0,0,0,0,0,0,0,0,0,0,2,0,1,0,0,4,5,6,11,7,8,7,6
d06959,football,4,0,1,0,1,0,0,0,1,1,1,0,0,0,1,2,1,0,0,0,1,0,0,1,13,12,10,14,7,8,9,16,15,20,14,18,19,19,16,19
d06960,machine_learning,29,25,29,24,31,28,22,21,1,0,2,4,1,1,2,2,2,1,2,1,1,2,1,1,1,0,3,0,1,0,0,1,39,41,48,35,31,36,49,31
d06961,cooking,1,1,0,0,0,1,1,1,10,10,8,12,12,14,12,7,0,0,0,1,1,0,0,0,0,1,0,1,0,0,1,0,21,20,14,20,24,14,14,26
d06962,cooking,1,1,0,2,0,0,0,0,7,3,10,11,4,7,8,5,0,0,0,1,1,0,0,0,0,0,0,1,0,0,0,0,15,14,16,14,16,12,16,10
d06963,cooking,1,1,0,2,2,2,2,1,27,25,27,18,19,25,23,20,1,1,0,2,0,0,0,0,1,2,0,3,2,3,3,0,36,39,36,39,46,39,42,44
d06964,machine_learning,8,12,10,10,4,7,7,11,0,0,0,0,0,1,0,0,1,0,0,1,0,0,0,1,1,1,1,0,1,0,1,0,17,17,18,14,14,16,20,19
d06965,football,2,0,0,2,3,1,0,2,0,0,4,1,4,1,1,1,3,1,1,3,3,3,1,3,32,37,29,46,36,47,39,37,60,57,39,59,63,61,75,58
d06966,cooking,0,1,2,0,0,0,0,2,12,10,10,5,10,10,9,4,0,0,1,0,0,0,0,0,0,0,1,0,1,0,1,0,20,16,20,8,19,26,11,15
d06967,astronomy,0,0,2,0,0,0,1,0,0,0,1,0,0,0,1,0,2,3,2,8,4,5,4,9,0,0,0,0,0,0,0,0,6,3,9,8,6,11,8,5
d06968,cooking,3,2,5,1,0,1,2,6,51,81,57,57,57,55,48,61,6,1,5,2,5,3,3,3,5,2,3,1,3,5,2,2,83,90,106,101,80,87,96,74
d06969,machine_learning,14,13,6,8,6,10,8,11,0,1,0,0,0,1,0,3,1,0,0,0,0,1,0,0,0,3,0,1,0,0,0,0,13,22,18,20,12,15,18,10
d06970,astronomy,0,0,2,1,0,1,1,1,0,1,1,0,1,0,1,1,16,13,21,19,18,17,21,19,0,1,0,0,0,0,2,0,25,32,24,24,23,28,26,28
d06971,football,0,0,0,0,0,0,0,0,0,0,0,0,1,0,0,1,0,1,0,0,2,0,0,0,6,2,9,9,7,9,9,5,8,11,7,11,12,13,10,14
d06972,astronomy,1,0,0,0,1,1,1,1,0,1,2,0,0,2,0,1,12,9,17,19,15,17,23,12,2,2,0,0,0,0,0,0,29,40,19,35,24,26,25,33
d06973,football,3,1,2,1,0,0,1,2,0,0,0,0,1,2,0,0,0,2,3,0,0,0,1,0,5,12,6,8,10,13,13,10,14,24,22,12,14,19,17,13
d06974,machine_learning,16,18,20,26,14,26,15,21,0,1,0,1,2,0,1,0,1,0,0,2,1,1,2,0,1,0,0,1,1,0,1,0,21,31,24,18,38,32,28,41
d06975,machine_learning,32,17,31,27,30,21,25,23,0,1,0,1,2,4,0,1,2,0,0,1,0,0,1,1,2,1,1,1,0,1,1,1,39,42,47,50,43,46,40,35
d06976,astronomy,0,0,0,0,0,0,0,0,1,0,0,1,1,0,0,0,6,8,5,5,4,6,4,6,0,0,0,0,1,2,0,2,14,11,5,5,10,14,5,4
d06977,football,0,0,2,0,1,1,0,2,0,0,0,1,3,1,1,1,0,2,1,3,1,1,1,0,26,19,19,24,17,22,26,27,51,44,27,43,40,39,30,31
d06978,astronomy,0,1,2,0,2,2,0,2,1,0,1,1,4,1,1,0,16,20,12,14,20,21,24,17,0,0,1,0,1,1,1,2,31,22,31,25,26,24,30,28
d06979,astronomy,1,2,1,1,2,0,2,1,0,2,1,0,2,0,0,0,9,13,5,11,14,15,14,11,1,0,1,1,2,2,0,1,18,20,25,24,23,20,23,28
d06980,machine_learning,23,16,21,18,24,20,18,11,2,2,0,2,1,0,1,1,0,0,0,3,1,1,1,0,0,2,1,1,1,0,0,1,38,23,20,25,35,27,19,45
d06981,cooking,1,0,0,2,1,0,1,0,11,18,10,12,11,14,11,16,0,0,0,0,1,0,2,1,1,0,0,0,0,0,2,0,22,27,36,28,20,28,9,16
d06982,machine_learning,31,22,25,26,29,20,15,24,3,0,2,0,0,0,1,0,0,1,1,4,1,3,1,3,0,1,0,0,2,1,3,2,45,51,44,31,36,33,36,36
d06983,machine_learning,12,14,7,12,9,12,15,7,0,0,1,1,1,0,0,0,0,0,1,0,0,0,0,2,0,0,0,1,0,2,2,0,23,25,24,15,21,18,14,26
d06984,football,2,2,2,0,0,2,0,0,2,0,0,1,0,3,2,0,1,0,0,0,1,2,0,2,16,8,19,20,16,11,10,16,26,28,23,22,23,29,25,29
d06985,football,0,2,2,2,0,1,0,0,1,0,0,0,0,0,1,0,1,0,3,0,0,1,0,0,9,9,9,14,13,6,12,10,24,21,19,20,17,17,22,17
d06986,cooking,3,0,0,1,0,0,0,0,17,19,16,19,12,13,9,17,0,3,0,0,0,0,0,3,0,3,0,0,0,1,0,0,28,20,19,25,25,22,18,29
d06987,astronomy,0,0,0,1,0,2,0,0,0,1,0,0,1,0,1,1,10,12,15,16,7,18,12,12,0,0,1,1,0,0,1,0,19,17,24,28,22,28,23,17
d06988,cooking,1,1,0,1,0,2,1,2,27,31,24,26,35,36,38,34,2,1,0,0,0,1,1,2,2,3,0,2,3,0,2,1,37,43,58,47,60,42,42,41
d06989,machine_learning,32,36,31,35,46,32,37,35,2,2,3,2,3,2,1,1,3,4,4,1,4,2,5,1,1,2,1,2,1,0,2,2,78,56,58,57,59,57,52,50
d06990,astronomy,0,0,0,2,0,0,0,0,0,0,0,0,0,0,0,0,4,9,7,7,6,7,4,5,0,1,0,0,1,1,2,0,7,18,11,15,7,13,8,6
d06991,cooking,1,2,1,2,1,0,1,1,14,13,13,15,13,10,18,11,0,0,1,0,1,0,2,0,2,0,0,1,0,0,1,0,18,20,23,19,14,25,20,18
d06992,astronomy,0,0,0,0,0,0,1,0,0,1,0,0,1,0,0,0,12,9,12,7,4,12,9,7,2,0,0,1,0,0,0,0,13,14,13,17,8,11,14,15
d06993,astronomy,2,0,1,0,1,2,1,2,1,1,0,2,1,1,1,1,29,29,20,32,24,23,29,38,1,1,1,1,1,0,1,1,51,46,39,47,49,37,38,49
d06994,football,0,0,0,0,0,1,0,1,0,2,1,0,2,2,1,0,0,0,1,1,1,0,1,0,8,11,7,14,12,22,10,10,18,17,20,21,18,18,24,24
d06995,cooking,2,0,0,2,2,1,1,2,20,21,35,20,30,24,17,32,0,1,1,2,3,2,1,0,0,2,0,1,3,0,1,2,41,37,36,43,46,41,28,43
d06996,machine_learning,12,9,8,10,11,16,8,13,0,1,1,0,1,1,0,2,0,0,0,0,2,0,1,0,0,1,1,1,2,1,0,1,24,18,19,21,20,23,22,24
d06997,machine_learning,37,32,45,44,40,37,41,31,2,1,0,3,0,1,2,3,4,3,0,1,2,0,7,0,1,1,2,3,1,1,1,5,68,68,56,70,62,53,62,76
d06998,cooking,0,0,0,1,0,0,0,0,7,13,4,4,8,7,10,5,0,0,0,0,0,1,0,0,0,1,0,0,0,0,0,0,3,5,9,13,7,9,6,11
d06999,machine_learning,10,10,8,11,12,13,8,13,0,0,0,0,0,0,0,0,0,0,0,0,0,1,0,1,1,0,1,1,0,0,0,0,16,15,13,17,9,20,17,15
d07000,football,1,0,0,1,0,0,0,0,1,1,3,0,0,1,0,0,0,2,1,0,1,1,2,0,19,16,14,25,12,20,18,20,26,27,26,16,22,27,24,31
d07001,astronomy,0,0,0,0,0,0,1,0,0,0,0,0,0,0,1,1,3,6,4,4,3,8,3,2,0,0,0,1,0,0,0,0,8,3,6,7,5,5,9,8
d07002,football,3,0,0,0,0,1,0,2,1,1,0,1,3,0,1,0,0,0,0,0,0,1,0,0,9,10,16,21,15,15,6,11,31,21,29,25,31,17,26,23
d07003,football,0,0,1,0,0,0,2,0,0,0,0,0,0,0,1,0,0,2,1,2,1,2,0,0,14,18,20,14,22,18,20,11,36,28,29,34,34,24,33,42
d07004,machine_learning,8,8,10,10,12,18,9,9,0,0,0,1,2,0,0,0,0,1,0,0,1,0,1,0,0,1,0,0,1,0,0,1,22,11,19,17,18,18,17,18
d07005,machine_learning,6,4,11,4,5,13,7,10,1,0,1,0,0,0,2,0,0,0,0,0,0,2,0,0,1,0,0,0,0,0,0,0,16,22,22,26,15,19,13,20
d07006,machine_learning,29,21,28,31,26,24,29,25,2,0,1,0,1,0,1,2,1,2,2,2,1,1,3,3,0,1,3,2,2,0,2,1,35,43,48,41,52,42,39,38
d07007,astronomy,0,1,0,2,0,0,2,1,1,2,0,1,3,2,0,1,17,15,25,21,17,23,23,19,1,0,0,1,2,1,1,1,30,37,33,32,32,41,30,31
d07008,cooking,0,0,0,1,1,0,1,0,2,4,1,5,5,3,1,2,0,0,0,0,0,2,0,0,0,0,0,1,0,0,0,1,2,9,8,3,3,3,3,6
d07009,machine_learning,10,18,18,19,9,7,14,17,1,2,2,4,0,0,0,2,0,0,1,4,0,0,0,4,0,0,0,1,0,0,0,0,18,21,28,19,22,24,16,17
d07010,cooking,0,0,0,0,1,0,0,1,7,13,6,5,7,3,6,9,0,0,0,0,0,0,0,0,0,0,0,0,1,0,0,0,15,7,12,12,7,15,10,12
d07011,machine_learning,8,11,1,4,7,12,6,8,2,1,0,2,0,0,0,0,0,1,0,0,0,0,0,0,0,0,1,0,0,2,0,0,16,17,14,12,8,10,12,13
d07012,astronomy,0,0,1,1,0,0,0,2,0,0,2,1,0,0,0,0,1,10,5,7,4,3,10,9,1,0,0,0,1,0,0,1,11,12,11,12,13,15,12,7
d07013,football,1,0,1,0,1,0,2,0,1,1,1,0,0,1,0,0,2,1,0,0,0,0,0,0,9,6,12,11,8,9,14,11,12,18,23,15,21,17,17,22
d07014,cooking,0,0,1,0,0,0,1,1,4,5,9,2,6,6,8,4,0,0,0,1,0,0,0,0,0,2,0,0,0,0,0,0,9,8,2,10,10,7,8,9
d07015,machine_learning,4,5,11,5,4,13,5,6,0,0,0,0,0,0,0,0,0,0,1,1,0,0,0,0,1,1,0,0,0,1,1,0,17,10,10,10,5,9,10,10
d07016,football,0,0,1,2,0,2,0,1,1,0,0,1,0,0,1,1,0,1,0,0,1,1,1,3,20,19,17,20,17,12,22,13,23,21,28,24,45,29,18,31
d07017,astronomy,0,0,0,0,1,0,1,0,0,1,0,0,1,0,0,1,4,8,6,5,9,7,8,6,2,1,1,0,0,1,0,0,9,18,7,10,14,15,10,5
d07018,cooking,0,0,1,0,1,0,0,2,10,21,15,15,13,14,11,14,1,0,0,0,0,0,2,0,0,0,0,0,0,3,0,0,21,18,18,24,22,26,30,18
d07019,football,0,2,1,1,0,0,0,0,1,0,2,1,2,0,1,1,1,3,0,1,0,0,0,1,12,9,15,12,18,14,8,8,26,21,24,18,9,25,23,24
d07020,cooking,0,0,0,1,0,0,0,0,3,6,1,1,3,3,0,4,0,0,0,0,0,0,0,0,0,0,0,0,0,0,0,1,2,7,7,4,9,5,6,12
d07021,machine_learning,14,16,19,20,19,23,19,11,3,0,3,0,1,0,2,1,0,0,1,1,0,0,0,1,1,0,0,0,0,0,2,1,30,30,31,25,26,16,17,30
d07022,machine_learning,24,31,23,26,20,30,24,28,3,3,3,3,1,0,1,1,1,1,2,3,4,2,1,2,1,1,1,2,1,2,2,2,35,44,52,45,49,45,45,46
d07023,astronomy,3,1,1,1,2,3,0,0,0,1,3,0,1,1,0,0,22,16,17,29,31,17,22,23,3,1,0,2,1,0,3,0,41,36,41,37,43,31,40,31
d07024,machine_learning,77,72,85,74,87,84,85,92,3,8,3,2,2,2,6,2,4,2,6,7,7,5,4,5,5,5,2,2,4,7,1,4,114,145,167,155,141,137,132,130
d07025,cooking,0,0,0,2,1,2,1,2,6,10,17,19,14,16,17,17,0,3,1,0,1,1,0,0,1,0,0,0,0,0,1,1,30,18,23,20,23,28,20,29
d07026,cooking,1,1,0,0,0,1,0,0,26,17,22,28,18,19,23,25,2,2,0,2,1,2,3,1,1,1,0,1,1,3,1,2,36,38,36,38,47,46,40,39
d07027,astronomy,0,1,0,0,0,0,0,0,1,0,0,0,0,0,2,0,4,8,2,9,7,4,8,6,0,0,1,0,0,0,1,2,7,7,7,11,13,20,11,11
d07028,cooking,0,0,0,0,1,0,0,1,19,17,14,18,21,19,17,21,1,0,0,1,1,0,0,2,2,1,0,0,0,1,1,0,27,34,30,23,23,20,25,21
d07029,football,0,0,0,0,0,0,0,0,0,0,0,0,2,0,0,0,1,0,0,0,1,0,0,0,9,1,7,6,6,6,8,5,9,11,10,15,7,14,8,12
d07030,football,0,0,2,0,0,0,1,0,0,0,0,1,1,1,3,2,0,0,0,2,0,2,3,0,14,19,16,23,13,16,22,25,29,28,33,31,20,21,37,23
d07031,machine_learning,12,10,4,11,9,4,11,14,0,0,1,0,1,1,0,0,0,0,0,1,0,0,1,0,0,0,0,0,0,2,0,0,14,16,11,16,17,10,19,17
d07032,football,1,1,0,0,0,0,0,0,0,0,0,0,0,0,1,1,0,0,0,0,1,0,2,0,4,11,8,9,8,6,9,8,18,10,20,13,22,11,20,14
d07033,astronomy,2,0,1,1,0,0,3,2,0,1,1,1,4,2,2,1,22,20,22,26,20,13,15,14,0,1,1,1,1,0,0,1,37,27,28,34,32,30,32,30
d07034,machine_learning,16,12,19,15,13,17,9,14,3,3,0,1,1,0,0,0,2,0,1,2,1,0,3,0,2,0,0,0,0,0,1,1,30,27,20,19,26,18,22,23
d07035,astronomy,1,0,0,1,1,0,1,0,1,0,0,0,0,0,1,0,2,3,9,9,10,8,11,8,0,1,1,0,0,0,0,1,11,10,11,5,12,14,14,12
d07036,football,0,0,0,1,1,1,1,1,1,1,1,2,3,1,0,1,1,1,0,1,1,2,2,1,12,20,22,10,18,11,16,11,39,18,29,26,29,30,33,35
d07037,football,2,5,2,2,4,6,3,3,2,4,4,4,0,3,1,2,6,4,3,2,2,3,1,5,62,62,74,65,57,47,67,71,103,113,112,108,124,105,105,116
d07038,astronomy,0,2,0,0,0,0,1,0,0,0,1,0,0,1,1,2,14,14,9,12,10,12,14,15,1,0,0,0,0,2,1,0,15,27,23,20,15,18,21,16
d07039,machine_learning,2,3,7,2,2,7,8,7,0,1,0,1,1,0,1,0,0,0,0,0,0,1,0,0,0,0,0,0,0,0,0,0,6,7,6,4,5,4,6,7
d07040,cooking,0,0,0,0,0,0,1,0,13,6,4,13,7,12,16,11,0,0,0,1,2,0,0,0,2,1,0,1,0,0,1,0,14,15,26,11,20,16,18,16
d07041,machine_learning,20,19,10,11,9,13,13,16,0,1,1,0,0,0,0,2,0,0,0,1,0,0,1,1,0,1,0,1,1,1,0,1,15,13,13,20,17,26,13,15
d07042,football,0,1,0,2,0,1,1,4,0,4,1,0,2,2,0,1,0,2,1,2,1,2,1,3,24,19,32,33,24,16,22,20,54,55,52,37,45,32,38,51
d07043,cooking,5,1,3,1,0,2,7,3,57,69,48,55,66,68,60,51,7,4,1,5,2,6,3,2,2,4,2,1,5,3,2,1,105,83,108,101,106,113,94,90
d07044,football,0,1,0,0,0,1,0,1,0,0,1,0,0,0,2,0,0,1,1,0,1,1,0,2,11,8,9,9,11,6,9,6,11,27,21,16,14,16,14,16
d07045,cooking,2,3,3,1,0,0,0,1,45,35,31,36,40,40,33,44,1,3,3,0,5,2,1,0,4,1,0,0,1,0,3,1,60,56,82,64,64,73,71,73
d07046,machine_learning,56,61,64,52,51,64,62,68,4,1,7,4,4,3,2,2,9,1,2,2,5,4,4,1,5,6,1,1,2,2,3,4,97,87,106,88,87,115,97,105
d07047,astronomy,1,1,1,2,0,0,0,1,0,0,1,0,2,0,0,0,7,6,4,3,5,6,4,9,1,0,0,1,2,0,0,0,8,10,8,11,13,11,15,9
d07048,cooking,1,0,0,1,0,1,0,1,11,11,10,12,10,11,11,8,0,1,0,1,0,0,1,1,1,0,0,0,3,0,0,0,27,17,13,18,16,16,10,11
d07049,cooking,2,3,3,2,2,1,3,4,48,53,67,54,51,60,62,58,5,2,5,5,2,3,1,3,3,4,0,5,4,2,2,1,85,92,93,103,86,93,93,101
d07050,astronomy,3,1,2,3,1,0,2,1,2,3,0,1,1,0,1,2,14,27,24,16,16,14,16,30,2,5,3,1,3,1,0,0,33,43,24,34,36,50,37,39
d07051,football,0,1,2,0,0,0,1,0,0,0,0,1,1,0,1,0,0,1,1,0,1,0,0,0,11,10,7,7,9,11,7,7,19,12,14,11,19,17,20,11
d07052,football,1,1,1,0,0,2,0,1,0,1,3,1,0,1,0,0,1,1,0,0,2,1,1,2,12,12,14,19,12,16,19,10,40,28,24,22,41,34,34,36
d07053,machine_learning,10,18,17,22,15,19,11,15,0,1,0,0,2,2,1,1,0,0,0,3,0,0,1,1,0,0,2,2,1,0,0,0,14,25,26,31,29,21,24,30
d07054,cooking,0,0,0,1,0,0,0,0,11,3,8,10,15,12,6,17,0,0,0,1,0,0,0,0,0,0,0,0,1,1,0,0,18,17,11,17,17,20,23,18
d07055,football,0,2,1,0,2,1,0,0,1,0,1,0,0,0,1,0,0,0,1,1,0,1,1,0,14,11,15,15,12,10,8,14,22,25,22,29,28,25,25,21
d07056,football,0,1,0,0,0,0,1,1,1,1,1,0,0,0,0,0,1,1,1,0,0,0,1,0,7,6,4,8,3,3,7,4,9,11,7,10,9,11,5,14
d07057,astronomy,1,1,1,1,1,4,2,0,7,1,1,0,2,0,0,1,39,28,41,32,25,36,29,31,1,0,2,0,0,2,1,4,55,49,44,58,64,51,54,63
d07058,football,0,1,1,4,0,1,1,0,1,1,1,1,0,0,1,0,2,1,1,0,1,2,2,1,15,18,25,15,17,13,28,21,35,34,35,28,32,36,18,37
d07059,machine_learning,11,19,16,20,21,13,15,18,1,0,2,0,1,1,0,0,1,0,1,0,0,0,0,0,0,0,0,0,0,0,2,1,32,27,27,29,28,19,24,20
d07060,machine_learning,7,2,3,3,9,2,9,4,1,0,0,0,0,0,0,0,0,0,0,1,0,1,0,0,1,0,0,1,0,0,0,1,6,4,7,7,7,3,6,11
d07061,machine_learning,63,68,75,80,62,49,59,56,6,4,3,0,4,2,2,0,9,2,3,8,1,8,3,4,4,3,3,2,1,6,3,1,106,111,131,119,106,114,107,109
d07062,football,1,0,4,2,0,1,1,1,2,1,0,0,2,0,0,2,0,0,0,1,0,0,1,1,14,18,11,12,14,13,16,7,27,22,36,31,27,28,31,20
d07063,football,1,0,0,1,1,1,0,4,1,0,0,1,0,1,0,0,0,1,1,0,3,2,1,1,14,18,18,19,13,17,16,16,37,26,23,23,11,29,33,34
d07064,machine_learning,11,18,13,19,13,25,16,12,1,2,0,0,0,1,0,1,0,0,1,2,0,0,2,0,2,1,0,2,0,1,1,1,32,21,23,26,26,32,19,26
d07065,astronomy,1,0,1,0,1,0,0,1,0,0,2,0,0,0,0,2,16,12,12,9,7,13,12,9,0,0,2,1,0,0,1,1,23,20,23,15,20,17,12,21
d07066,machine_learning,9,9,10,6,8,6,5,8,0,0,0,1,0,0,0,1,1,0,0,0,0,0,1,0,0,0,0,0,0,0,0,0,19,17,14,19,13,16,20,5
d07067,cooking,0,1,0,0,0,2,0,1,29,22,22,30,23,26,24,31,0,2,0,2,1,1,4,1,0,0,0,2,2,1,1,1,38,43,52,36,36,45,41,53
d07068,football,0,2,0,3,0,0,0,0,0,0,0,0,0,0,0,0,2,0,0,0,0,1,0,0,5,4,7,12,6,3,4,6,11,8,9,12,3,9,13,7
d07069,astronomy,2,1,1,2,1,5,1,3,2,3,3,0,1,2,2,5,51,48,38,39,28,32,37,47,3,0,2,2,0,2,1,2,71,66,62,61,68,80,67,78
d07070,astronomy,2,1,0,4,4,2,1,2,0,1,1,0,0,0,1,4,29,20,22,30,29,29,20,29,1,1,0,0,0,1,1,1,47,48,43,48,43,35,49,46
d07071,astronomy,1,0,2,0,0,2,0,3,2,1,1,1,3,2,0,4,27,24,36,17,32,28,20,32,1,1,2,4,1,1,2,0,45,30,47,41,33,37,42,34
d07072,cooking,1,2,1,1,1,0,3,3,20,16,16,16,23,24,21,21,0,1,1,0,2,3,0,1,1,3,2,1,1,1,3,2,33,29,27,28,32,27,37,30
d07073,machine_learning,39,24,36,39,49,32,48,37,1,0,1,3,3,3,1,0,1,4,0,1,2,0,1,0,0,2,1,1,3,4,3,2,68,66,60,70,65,65,64,65
d07074,astronomy,0,0,0,1,3,1,1,1,1,2,0,0,2,0,0,2,15,14,13,10,7,13,8,7,0,1,1,0,1,2,1,2,14,18,15,22,15,11,21,20
d07075,football,0,0,0,0,0,1,1,0,3,2,3,0,1,0,1,1,1,1,0,0,0,1,0,0,7,16,17,12,16,8,12,15,18,19,21,20,27,25,24,19
d07076,astronomy,1,1,0,3,1,1,0,1,0,1,0,0,0,0,1,0,17,9,8,10,19,4,11,6,0,0,0,0,0,0,0,1,15,16,22,12,15,12,17,20
d07077,astronomy,0,0,0,0,1,0,0,0,0,0,0,0,0,1,0,0,3,6,6,7,5,5,3,7,0,0,1,0,0,0,0,1,4,10,4,9,8,10,11,5
d07078,machine_learning,91,47,78,100,81,76,98,88,1,4,7,3,6,4,2,2,4,3,2,5,3,8,7,4,2,4,5,3,3,2,3,6,133,146,143,140,145,149,130,151
d07079,astronomy,0,0,0,0,0,0,1,1,0,0,1,0,2,1,0,0,8,9,9,10,9,10,8,6,0,0,2,0,1,1,0,0,12,13,21,13,8,11,9,8
d07080,machine_learning,9,8,8,7,18,7,9,9,2,0,0,0,0,1,0,0,1,0,0,0,0,0,0,0,0,0,1,0,2,0,0,1,15,20,12,18,20,24,15,20
d07081,cooking,1,4,1,2,2,4,5,3,56,56,39,50,48,49,57,49,0,2,2,3,0,1,1,2,1,1,4,4,1,2,3,4,71,91,92,92,80,73,80,65
d07082,cooking,0,0,0,0,0,1,0,0,2,1,5,3,4,7,2,4,1,0,0,0,0,0,0,0,0,0,1,1,0,0,0,0,7,3,9,6,8,4,5,4
d07083,astronomy,0,0,0,1,0,0,1,1,0,0,0,1,0,0,0,1,7,8,3,4,3,9,4,5,1,0,0,2,1,0,2,0,10,13,7,10,3,9,12,8
d07084,football,3,1,1,2,2,2,2,0,0,1,3,0,1,1,1,1,2,1,0,3,0,1,0,1,14,20,23,21,19,17,14,12,31,33,31,28,23,33,27,24
d07085,machine_learning,9,8,10,6,11,9,10,9,0,1,0,0,0,1,0,0,0,0,0,0,1,1,0,1,1,1,0,1,0,0,1,1,23,17,18,21,9,14,17,18
d07086,machine_learning,4,4,4,4,4,4,5,2,1,0,0,0,0,0,0,0,0,0,0,0,0,1,0,0,0,0,3,0,0,0,0,0,3,9,7,9,6,9,6,6
d07087,astronomy,1,1,0,1,0,0,2,0,0,0,1,0,0,0,0,0,8,8,4,8,7,7,5,10,1,0,0,1,0,0,0,0,14,18,12,11,14,13,15,10
d07088,astronomy,0,0,1,2,1,0,0,1,0,0,0,0,1,0,0,0,23,18,8,21,16,13,20,14,1,1,3,2,1,1,0,0,30,24,33,31,28,38,39,30
d07089,machine_learning,31,32,25,32,25,31,29,33,0,2,0,3,0,3,0,3,1,1,2,2,2,1,3,0,2,2,3,1,0,0,1,0,45,37,49,44,43,47,37,45
d07090,astronomy,1,0,1,1,0,0,1,1,0,0,0,0,2,0,1,3,21,14,15,17,11,12,14,14,2,0,1,0,1,1,1,0,39,24,35,16,29,23,27,25
d07091,machine_learning,7,15,11,7,10,7,7,9,1,0,0,1,1,0,0,0,0,0,0,1,1,0,0,0,1,0,0,0,0,1,0,0,16,18,16,17,12,17,11,21
d07092,cooking,0,1,2,0,1,1,0,0,14,22,24,8,17,17,22,19,0,1,3,0,1,0,0,2,1,2,0,0,0,0,0,1,40,31,36,27,28,22,33,30
d07093,astronomy,1,0,0,0,0,0,0,1,0,0,2,2,2,1,0,0,14,17,13,22,13,16,7,14,0,1,0,1,1,2,1,1,26,22,12,22,30,15,30,26
d07094,football,1,0,1,2,0,0,0,0,2,0,0,3,1,1,4,0,1,1,0,5,2,0,1,0,37,26,28,20,25,39,27,19,51,38,50,56,39,42,53,56
d07095,football,1,0,0,0,1,0,1,3,0,1,0,2,0,0,0,1,0,0,2,1,3,0,1,2,7,8,8,7,11,12,4,6,19,12,15,14,20,20,13,20
d07096,cooking,0,1,1,0,1,0,2,2,22,14,32,27,19,21,27,21,1,1,1,0,1,1,1,1,0,0,1,1,1,1,1,0,28,42,38,34,41,36,33,37
d07097,machine_learning,47,40,43,31,37,37,52,35,2,0,4,2,1,0,1,3,0,1,5,3,2,1,1,0,0,1,0,0,1,6,2,1,47,78,74,67,80,53,77,71
d07098,machine_learning,4,6,4,5,6,6,3,7,1,0,0,0,0,0,1,0,0,0,0,0,0,1,0,0,0,2,0,1,0,0,0,0,15,9,7,8,12,11,9,10
d07099,cooking,1,0,0,1,0,0,0,0,11,8,6,10,9,9,9,10,2,0,0,0,0,0,0,0,1,0,1,0,0,1,1,0,18,14,23,15,18,19,9,14
d07100,machine_learning,7,7,8,9,11,4,7,6,1,1,0,0,1,3,0,0,0,0,0,0,1,0,0,0,0,0,1,0,0,0,0,0,6,14,8,15,18,10,8,12
d07101,astronomy,1,1,1,3,3,1,1,0,0,1,0,1,0,1,0,0,32,23,14,25,25,21,21,18,0,3,1,0,3,2,0,0,27,33,27,27,34,38,31,32
d07102,football,0,1,0,1,0,2,1,0,0,1,0,0,0,1,0,2,0,1,1,1,0,0,0,0,5,3,9,1,6,10,7,4,13,14,9,10,8,11,8,7
d07103,machine_learning,14,9,14,7,14,11,5,14,2,0,0,0,0,0,0,0,1,1,0,0,0,0,1,0,0,0,1,0,3,0,0,0,15,15,18,15,22,21,14,14
d07104,cooking,1,1,1,2,1,0,1,1,18,19,21,15,25,14,22,21,1,2,1,0,1,1,2,0,0,2,1,2,1,1,0,0,28,32,31,26,31,26,32,38
d07105,cooking,0,0,2,1,0,0,1,0,4,8,8,12,13,11,5,14,0,1,2,1,0,0,1,0,0,1,1,0,1,1,1,0,33,21,24,23,24,16,11,15
d07106,machine_learning,6,4,8,8,9,5,4,5,0,0,0,0,0,0,0,0,0,0,0,1,0,0,0,1,0,2,0,0,2,0,0,0,9,12,7,8,17,14,6,10
d07107,cooking,0,0,1,1,1,1,1,0,12,12,10,9,8,14,7,10,0,1,0,0,0,1,1,1,0,0,1,0,0,0,1,0,11,10,15,8,12,10,12,12
d07108,astronomy,0,0,0,0,1,0,0,2,1,0,2,1,0,0,1,0,7,10,12,5,8,3,18,6,0,1,0,0,0,1,0,2,12,12,9,24,17,15,8,15
d07109,football,0,0,1,1,1,2,1,1,1,0,0,1,0,0,0,2,2,1,0,1,2,2,1,0,30,19,18,20,20,24,25,22,33,34,33,31,39,43,53,32
d07110,machine_learning,7,3,5,4,3,4,7,4,0,0,0,0,0,0,1,0,0,0,0,0,1,0,1,0,0,0,1,0,0,0,0,0,6,7,9,2,5,5,5,8
d07111,machine_learning,8,5,9,6,7,4,10,10,0,0,0,0,0,2,0,0,0,1,0,2,0,0,0,1,0,0,0,2,1,1,0,0,11,9,8,12,13,10,14,16
d07112,football,0,0,1,2,1,2,1,0,0,1,0,1,0,2,0,0,1,1,0,2,0,1,0,1,9,8,14,5,12,10,20,6,20,15,24,17,18,15,27,22
d07113,machine_learning,1,3,5,7,3,5,5,5,0,0,0,1,0,0,0,0,0,1,0,0,0,1,0,0,0,0,0,0,0,0,0,0,3,4,6,5,8,5,12,12
d07114,machine_learning,10,12,6,11,16,12,13,10,1,2,1,0,0,0,1,0,1,1,2,0,0,0,3,0,0,0,0,0,0,1,0,1,19,14,19,21,19,23,16,16
d07115,football,2,3,1,0,1,0,1,1,4,0,1,1,0,1,0,1,1,1,1,0,2,0,1,1,8,12,10,12,18,15,13,17,17,29,28,30,27,23,26,32
d07116,astronomy,1,0,0,0,1,0,0,1,1,0,0,0,0,0,0,2,2,5,5,8,8,7,6,6,0,0,0,0,0,0,0,1,6,6,11,7,13,5,7,11
d07117,cooking,0,1,1,0,2,1,0,0,12,9,11,14,10,12,11,13,0,0,0,1,1,0,0,2,0,2,0,0,1,1,1,1,18,9,18,16,21,16,23,16
d07118,cooking,1,0,1,0,1,2,3,0,26,28,32,22,22,30,27,22,1,2,0,0,1,0,0,0,2,1,1,2,1,1,0,0,36,33,35,33,37,44,38,56
d07119,machine_learning,10,6,13,6,9,14,12,11,0,0,1,1,0,0,0,2,0,1,1,0,0,0,1,0,1,1,1,0,1,0,0,0,9,14,17,12,17,14,15,19
d07120,cooking,0,1,1,1,0,0,0,2,10,9,8,10,10,16,16,9,1,1,0,0,0,0,0,0,0,0,2,1,0,0,0,0,8,15,22,16,18,18,17,10
d07121,football,0,0,0,0,1,0,0,1,0,1,1,0,0,0,0,1,0,0,1,1,0,0,1,0,9,2,7,3,7,4,3,2,4,11,5,7,11,4,8,7
d07122,cooking,0,1,1,1,1,1,1,2,11,11,10,8,8,12,10,8,0,2,0,1,0,0,0,0,0,1,1,3,0,1,2,2,24,18,17,22,16,12,17,19
d07123,astronomy,1,1,3,3,3,1,1,2,0,0,2,1,0,4,4,0,37,22,37,36,31,31,32,28,3,2,3,2,1,2,2,1,46,49,49,53,63,40,49,49
d07124,cooking,2,1,2,1,1,0,2,2,37,29,27,31,26,31,30,31,2,1,0,0,2,2,1,0,2,3,0,3,1,2,1,1,42,51,40,50,30,47,45,49
d07125,cooking,3,1,4,4,4,3,3,6,93,72,80,90,97,97,74,74,4,6,3,7,6,5,1,6,4,3,2,3,5,4,4,6,158,141,143,122,143,131,116,125
d07126,cooking,5,6,6,3,3,3,3,1,60,60,73,54,69,51,64,77,5,4,3,1,1,2,3,0,2,4,4,7,0,2,0,4,123,119,94,124,109,112,104,110
d07127,football,2,0,0,0,0,0,0,1,0,1,0,0,0,0,0,0,0,0,0,0,0,0,0,0,5,13,6,7,5,9,7,5,13,9,14,4,9,11,12,7
d07128,astronomy,1,2,0,0,0,0,1,1,0,0,0,0,1,1,1,0,8,7,15,19,14,11,10,12,0,0,2,1,2,0,2,0,23,16,31,16,12,23,25,21
d07129,astronomy,0,0,0,0,0,0,0,0,0,0,0,0,0,0,0,0,4,3,4,0,4,1,0,3,0,0,0,0,0,0,0,0,3,5,5,12,12,5,7,7
d07130,football,0,1,0,0,1,1,0,0,1,0,0,0,1,0,0,1,0,0,0,0,0,0,1,0,3,3,4,3,2,4,3,5,17,6,3,4,7,7,8,9
d07131,machine_learning,7,15,12,3,13,5,3,6,2,0,0,0,0,0,0,3,0,0,1,0,1,1,1,0,1,0,0,1,1,0,0,0,12,17,19,20,24,18,17,14
d07132,astronomy,0,0,2,1,0,0,0,0,0,1,0,0,0,0,0,1,7,3,5,7,2,11,6,5,0,2,0,0,0,0,1,0,8,8,9,8,16,13,4,11
d07133,cooking,3,5,4,1,2,2,2,3,35,37,43,35,39,45,37,43,1,1,5,2,4,3,3,3,2,0,2,5,1,3,3,2,57,58,64,45,57,58,64,58
d07134,machine_learning,8,10,9,9,7,12,8,10,1,0,0,0,1,1,0,1,0,0,0,2,0,1,0,1,0,0,0,0,0,0,0,0,15,10,15,11,13,10,21,14
d07135,cooking,0,0,0,0,0,1,0,0,5,4,10,6,8,5,5,9,0,1,0,0,0,0,1,0,1,1,1,1,0,0,0,1,7,12,17,11,17,9,13,11
d07136,machine_learning,24,19,25,40,23,32,28,24,0,0,1,1,0,1,3,0,2,1,0,2,0,2,3,1,0,1,2,2,2,0,2,2,37,48,52,47,35,50,49,46
d07137,cooking,3,1,1,1,2,0,0,0,22,26,22,17,20,24,32,24,0,1,1,0,1,1,3,0,3,0,0,1,1,0,2,1,33,32,48,24,38,48,32,24
d07138,cooking,1,0,3,2,2,3,0,1,21,17,21,14,18,17,16,23,0,2,0,3,0,1,2,2,0,1,0,2,0,4,0,2,29,37,36,29,41,32,32,19
d07139,astronomy,0,0,0,1,0,1,0,2,2,1,0,0,1,0,4,1,18,16,11,12,17,12,8,10,0,0,0,1,0,1,1,0,18,26,21,20,17,22,25,15
d07140,football,0,1,0,1,0,2,0,1,0,2,0,1,0,0,0,0,0,1,1,1,0,0,1,0,8,9,9,12,10,9,13,7,15,16,19,9,8,23,8,16
d07141,machine_learning,15,8,11,11,7,12,3,17,1,2,1,0,0,0,1,0,0,1,0,0,0,1,1,0,0,0,1,0,0,0,0,0,19,14,13,8,22,13,13,8
d07142,cooking,2,2,2,2,0,2,4,1,46,43,55,54,41,47,45,52,3,3,4,2,5,2,0,1,1,4,2,1,1,1,2,4,65,63,78,67,70,73,73,69
d07143,machine_learning,11,11,13,14,13,10,12,12,1,1,1,0,1,1,0,0,0,0,1,0,0,0,1,0,1,0,1,1,0,4,1,0,15,25,15,28,18,18,10,21
d07144,machine_learning,7,18,15,23,16,27,17,14,0,0,0,0,1,3,2,0,0,1,1,1,0,0,0,2,1,1,0,2,0,1,2,0,40,26,27,26,31,37,33,35
d07145,football,0,0,3,0,3,1,0,1,2,5,1,3,1,2,0,6,1,1,2,0,0,0,1,3,21,28,29,37,42,23,41,41,50,53,54,37,53,49,46,55
d07146,cooking,0,0,0,0,0,0,0,0,10,11,4,6,5,7,0,8,2,0,1,0,0,0,0,0,1,0,0,1,0,0,0,0,9,12,10,13,8,6,11,9
d07147,football,0,0,0,0,0,2,0,0,0,0,0,0,0,2,1,1,0,0,1,0,1,1,1,0,9,14,6,8,9,8,11,12,8,13,12,20,13,11,17,15
d07148,astronomy,0,0,1,2,0,0,1,2,0,0,0,0,0,0,1,2,6,9,7,4,7,2,5,6,0,0,1,1,0,0,0,0,15,11,11,9,12,11,13,19
d07149,football,1,0,1,0,1,3,2,1,2,2,1,1,1,2,1,4,2,1,4,2,2,2,2,2,32,26,42,39,44,39,35,34,58,73,60,66,63,47,66,56
d07150,cooking,1,1,0,5,0,5,2,3,41,45,56,61,45,46,44,40,2,2,4,4,3,1,1,2,2,2,5,1,6,3,2,3,80,82,90,83,67,72,82,69
d07151,machine_learning,10,14,13,16,6,9,3,10,0,1,0,0,1,1,1,0,0,0,1,1,0,1,0,2,0,1,1,0,1,0,1,1,26,16,24,24,20,28,15,16
d07152,cooking,2,2,2,1,3,1,3,1,25,24,32,27,34,31,33,24,2,1,1,1,3,0,1,0,1,1,1,0,0,1,1,2,52,50,59,54,52,51,53,54
d07153,machine_learning,12,9,8,11,9,15,12,8,1,0,0,0,0,2,0,1,0,0,0,0,0,0,1,0,0,1,0,1,0,0,1,3,17,12,16,15,10,16,25,13
d07154,football,0,0,3,0,0,0,0,1,3,1,0,0,1,0,0,0,0,0,0,0,0,1,2,0,12,4,13,10,15,18,13,8,12,15,15,17,20,12,8,14
d07155,astronomy,2,1,0,0,1,0,0,0,0,0,0,2,0,1,1,0,15,20,13,31,19,13,16,9,1,2,0,0,1,0,0,1,26,26,24,25,22,19,38,25
d07156,astronomy,0,1,1,0,0,0,2,1,2,1,2,1,2,3,4,1,18,19,30,33,29,26,33,25,1,0,3,1,0,2,1,1,45,36,34,48,47,35,44,27
d07157,football,2,0,0,0,0,1,1,1,0,0,0,0,0,1,0,0,1,1,1,0,1,0,1,0,4,9,8,9,9,14,13,8,19,12,19,7,12,14,18,15
d07158,astronomy,0,0,0,0,1,0,0,0,0,0,0,0,0,0,0,0,1,3,2,3,1,0,2,1,0,2,0,0,0,1,0,0,6,4,5,10,4,10,7,6
d07159,cooking,0,0,0,0,1,2,1,0,14,18,11,15,27,11,10,7,1,2,3,1,1,0,1,0,0,0,1,0,0,1,0,1,20,24,21,20,19,15,22,16
d07160,astronomy,1,0,0,0,0,1,1,2,1,1,0,1,0,1,0,1,10,8,11,10,16,16,13,7,0,1,0,1,0,0,0,1,24,21,20,13,27,23,19,18
d07161,football,2,3,0,2,0,0,1,0,0,4,0,0,0,1,0,0,1,2,0,1,2,0,1,1,18,17,26,22,19,15,28,24,39,36,26,34,40,30,34,34
d07162,astronomy,2,1,3,1,0,1,0,1,2,0,0,1,2,1,4,1,11,16,19,18,18,13,15,18,0,0,1,2,0,3,0,0,21,30,35,22,37,33,30,26
d07163,football,2,1,4,3,4,0,3,1,1,1,0,2,1,1,1,3,2,0,0,1,1,0,1,0,47,33,35,37,32,34,45,48,59,57,59,53,48,51,72,52
d07164,astronomy,2,2,2,1,2,0,0,2,1,3,0,2,1,2,0,0,34,20,30,38,41,43,40,42,2,1,4,2,4,0,0,3,62,68,55,74,53,59,69,44
d07165,astronomy,0,0,2,4,2,1,1,0,1,3,2,0,2,0,2,1,25,36,39,26,26,35,33,28,3,2,2,0,2,2,3,3,46,50,56,40,51,67,48,58
d07166,machine_learning,21,18,28,33,25,23,16,33,2,2,3,1,2,2,2,1,0,2,3,2,3,1,0,0,1,3,3,1,3,2,1,0,43,46,35,41,50,45,48,37
d07167,astronomy,0,0,0,0,0,1,0,1,0,0,0,1,1,0,1,0,11,12,5,5,9,5,8,4,1,0,0,0,0,0,0,0,13,13,11,16,11,16,20,11
d07168,machine_learning,7,12,7,2,5,8,10,7,0,0,1,0,0,0,1,0,0,0,0,0,0,0,0,1,0,0,0,0,0,2,0,0,13,7,9,18,10,12,14,8
d07169,astronomy,0,0,0,2,0,0,1,0,0,0,0,0,3,1,3,1,17,13,21,18,25,23,23,17,0,0,0,1,0,1,1,1,36,27,38,27,35,25,29,30
d07170,astronomy,1,1,4,2,4,0,3,1,1,3,1,1,2,3,2,2,43,45,37,49,51,39,40,46,1,3,4,2,2,4,0,2,58,65,70,73,58,69,67,70
d07171,machine_learning,36,43,40,37,40,44,40,45,2,2,3,0,1,3,2,1,3,2,2,2,4,2,1,4,3,2,2,1,2,2,0,1,75,71,55,71,58,71,60,70
d07172,cooking,1,0,1,1,0,0,1,0,16,11,17,19,8,19,13,17,2,1,0,1,1,1,2,0,0,2,0,0,0,0,0,0,29,25,28,18,20,34,18,22
d07173,cooking,0,1,1,0,1,0,0,0,11,5,13,10,13,11,14,14,0,0,0,2,0,1,0,0,0,0,0,1,0,0,1,0,20,16,19,17,11,12,14,14
d07174,football,1,0,0,1,0,0,2,1,1,2,0,1,1,1,0,3,4,0,2,2,1,3,0,0,15,16,14,20,17,14,22,19,34,33,38,32,27,41,35,37
d07175,machine_learning,42,38,41,35,42,42,29,33,2,0,5,3,0,1,0,2,1,1,1,1,3,1,5,0,3,0,4,1,3,1,5,1,60,65,63,60,64,43,46,54
d07176,cooking,1,1,2,0,1,2,0,1,27,32,32,29,44,48,52,41,3,4,4,1,1,3,0,3,1,4,3,1,0,2,1,2,47,65,62,72,60,58,52,55
d07177,machine_learning,9,11,8,14,13,9,10,17,0,0,1,0,0,0,0,1,1,1,0,2,1,0,2,0,2,0,1,0,0,0,2,0,17,21,22,20,17,18,10,14
d07178,astronomy,0,1,1,1,0,1,0,0,0,0,0,0,1,1,4,1,16,28,18,22,25,19,25,16,0,0,1,1,5,1,1,1,27,31,35,32,40,25,35,32
d07179,machine_learning,5,12,12,11,17,15,11,12,0,1,0,0,1,0,0,2,1,0,0,0,0,0,1,0,1,0,1,1,0,0,0,1,17,25,19,23,16,16,19,15
d07180,football,0,4,2,4,2,0,1,0,3,1,2,0,0,1,0,1,1,3,1,2,2,0,0,0,23,24,29,29,26,30,29,30,37,48,45,45,35,46,48,43
d07181,cooking,1,2,1,1,2,1,0,0,49,40,40,55,45,40,33,35,3,2,1,1,2,3,0,1,0,1,2,2,2,1,3,3,60,70,53,61,55,71,67,76
d07182,cooking,0,1,1,0,1,1,2,0,23,12,9,15,15,17,22,7,3,0,0,1,0,1,1,2,2,0,0,0,1,1,2,0,33,34,28,29,39,29,22,30
d07183,cooking,0,1,0,1,0,1,0,2,21,20,23,22,21,18,17,22,1,1,0,1,2,2,2,2,2,0,2,0,4,0,1,0,30,21,33,34,27,28,36,27
d07184,cooking,0,0,0,1,0,1,1,0,4,4,6,4,6,7,6,4,1,0,0,0,0,0,0,0,0,1,0,1,0,0,0,0,12,11,9,9,7,11,10,12
d07185,astronomy,3,5,1,2,2,2,5,0,2,1,3,0,2,6,2,5,49,40,36,49,31,47,32,54,0,0,3,1,4,1,0,0,70,68,71,86,64,91,71,85
d07186,football,1,0,1,0,0,1,0,0,0,1,2,1,0,0,0,1,0,0,0,0,1,0,2,1,3,11,4,6,3,13,10,7,9,15,19,11,9,14,12,14
d07187,cooking,0,1,1,2,0,0,0,0,5,10,2,4,11,10,8,8,0,0,1,0,0,0,0,0,0,0,0,0,0,0,0,0,13,9,11,8,18,12,12,11
d07188,astronomy,0,0,0,1,0,0,0,0,0,0,0,1,0,1,0,0,3,3,6,5,6,6,5,4,0,0,0,1,0,0,0,1,5,7,11,5,7,6,6,7
d07189,cooking,1,0,0,1,5,0,3,2,23,22,18,21,19,29,22,16,0,2,1,0,1,0,1,4,2,0,1,3,2,0,4,1,44,35,29,35,35,42,49,25
d07190,cooking,0,0,1,1,1,0,0,1,8,6,10,5,6,7,9,10,1,1,0,1,0,0,0,0,0,0,0,1,0,0,1,2,12,12,13,18,12,17,14,22
d07191,football,6,13,7,7,6,7,3,7,4,12,4,2,4,14,5,6,4,9,7,5,4,11,6,10,137,159,126,123,147,158,156,130,235,246,255,221,212,221,233,228
d07192,football,1,0,0,2,0,0,1,1,1,0,0,0,0,0,1,0,1,0,0,0,0,0,0,1,5,6,4,4,5,6,5,3,9,9,4,11,12,6,10,12
d07193,football,0,0,0,0,0,0,0,0,1,0,0,0,0,0,0,0,1,0,1,0,0,0,0,0,5,8,8,5,9,1,7,2,6,6,6,10,7,15,7,10
d07194,cooking,0,1,1,0,0,2,0,0,3,4,7,8,13,10,4,6,1,0,1,0,0,0,1,0,0,1,0,0,0,0,0,2,11,13,13,13,14,13,12,8
d07195,astronomy,0,1,2,0,0,1,1,0,1,0,0,0,0,0,1,0,11,13,9,14,10,11,17,15,1,0,0,2,1,1,0,0,22,21,25,18,20,25,21,11
d07196,football,1,0,2,1,1,3,0,4,2,3,4,1,1,1,2,3,1,0,3,4,0,0,3,2,35,26,27,36,21,34,31,39,49,51,39,40,55,56,58,56
d07197,astronomy,0,1,0,1,0,0,1,0,0,2,1,1,1,1,1,1,14,16,14,16,16,11,17,18,1,2,2,1,0,0,1,0,33,34,29,25,34,25,34,18
d07198,machine_learning,125,121,117,123,117,112,125,123,4,4,10,7,3,5,5,8,7,4,7,7,7,6,11,7,5,2,7,11,3,6,4,8,207,214,183,197,208,198,218,215
d07199,machine_learning,39,37,30,21,29,30,34,32,2,1,0,1,2,6,2,0,1,1,2,4,2,0,4,1,4,2,0,4,1,2,0,0,52,55,67,66,61,58,45,59
d07200,machine_learning,8,15,8,7,9,8,8,7,1,0,0,1,0,1,0,0,1,0,1,0,0,2,1,0,1,0,0,0,0,1,0,1,17,15,15,11,15,13,13,9
d07201,astronomy,0,0,0,0,0,1,1,0,0,0,0,0,0,0,0,0,12,4,4,3,7,2,11,5,1,2,0,2,1,0,0,0,12,18,12,14,12,14,11,14
d07202,football,0,0,0,2,0,0,0,0,0,1,0,0,0,0,1,1,0,0,1,2,0,1,0,0,4,2,12,5,8,3,2,13,7,8,14,9,14,13,12,9
d07203,machine_learning,29,25,29,35,34,32,39,35,0,3,1,2,0,0,1,1,1,0,1,2,0,1,2,1,1,1,1,4,3,0,1,0,47,50,48,54,50,42,36,53
d07204,football,0,0,0,0,1,1,0,0,0,0,1,0,1,0,0,0,0,0,0,0,0,0,0,0,5,6,2,4,6,11,3,2,10,13,10,8,3,8,6,13
d07205,machine_learning,16,11,20,20,15,9,14,11,1,0,1,0,0,1,1,2,1,1,1,1,2,0,0,0,1,0,1,0,0,0,0,0,23,16,23,29,21,27,23,27
d07206,machine_learning,15,23,18,24,17,25,20,19,1,1,2,1,1,2,0,0,1,1,3,0,0,0,1,2,1,1,3,1,2,3,1,0,33,44,39,31,34,46,32,47
d07207,machine_learning,22,16,19,19,17,28,22,20,2,2,0,1,1,0,1,1,2,0,2,0,3,0,1,0,1,2,2,1,1,0,2,0,32,29,21,42,38,38,34,29
d07208,machine_learning,39,40,32,42,50,40,40,33,1,4,0,1,2,0,2,6,1,0,1,3,3,0,3,3,4,1,2,1,1,3,4,5,77,90,63,66,70,69,60,60
d07209,football,1,2,1,2,1,3,0,0,3,0,4,0,2,4,3,1,2,3,1,1,1,1,0,2,30,47,29,29,34,35,23,26,61,54,47,40,50,46,46,50
d07210,football,2,0,0,0,0,0,0,1,1,0,1,1,0,2,0,1,2,0,0,3,1,0,0,0,10,12,10,6,7,8,9,6,18,21,17,22,19,16,18,17
d07211,machine_learning,9,8,13,9,7,8,9,5,0,1,0,0,0,0,0,0,0,0,0,0,1,0,1,0,0,0,0,0,1,1,0,1,11,15,12,12,10,15,12,15
d07212,football,0,0,0,1,0,0,0,0,0,0,0,0,0,1,0,0,0,0,1,0,0,0,0,0,5,6,7,8,2,5,7,4,11,8,9,15,9,6,10,13
d07213,football,0,2,1,1,0,2,0,0,0,0,0,0,0,0,0,1,1,2,0,0,2,2,1,0,16,9,10,8,8,12,22,22,18,18,17,17,19,19,27,21
d07214,astronomy,0,0,0,1,1,0,1,0,0,0,0,1,1,1,1,0,12,9,7,9,4,7,3,9,0,0,0,1,0,0,0,0,16,12,9,7,12,10,12,17
d07215,machine_learning,60,63,63,68,65,58,61,53,2,2,2,1,5,2,3,4,1,3,2,2,4,1,2,2,4,5,4,2,6,3,2,2,99,120,107,130,108,104,93,103
d07216,cooking,0,0,1,0,0,0,0,1,5,6,9,6,14,3,13,6,0,0,0,0,1,3,1,0,1,0,0,0,0,0,1,1,19,17,24,10,4,14,15,19
d07217,cooking,4,3,0,2,1,1,1,1,43,24,28,25,31,20,27,38,1,2,1,0,3,1,1,4,1,1,2,2,1,0,0,3,51,67,62,64,45,37,46,56
d07218,machine_learning,11,4,7,7,4,7,8,9,0,1,0,1,1,1,0,0,0,1,0,0,1,1,0,1,2,1,0,1,0,0,0,0,16,16,8,4,7,13,7,12
d07219,cooking,0,0,0,0,0,0,1,0,5,3,3,7,4,9,5,4,0,0,0,0,1,0,1,1,2,0,0,0,0,0,0,0,5,11,10,10,9,8,10,4
d07220,cooking,0,0,0,0,0,1,1,0,1,8,1,6,6,4,5,2,0,1,0,0,0,1,0,0,0,0,0,0,1,0,1,0,10,10,7,6,10,8,9,8
d07221,astronomy,1,0,0,0,0,1,1,0,0,2,0,0,0,1,1,0,13,11,13,14,8,9,13,12,2,0,1,0,1,1,1,0,15,19,10,16,20,23,13,17
d07222,football,0,0,0,0,1,0,0,0,0,0,0,0,0,1,0,0,0,0,0,1,0,0,0,0,1,7,6,3,2,4,1,5,6,4,6,5,5,8,9,9
d07223,football,0,1,0,1,0,0,0,0,0,0,0,0,0,0,1,1,0,0,1,0,0,0,0,0,8,5,7,6,6,0,6,12,7,10,4,11,7,7,12,12
d07224,cooking,0,0,0,0,0,0,0,0,10,5,6,7,7,8,8,13,0,1,1,1,1,0,0,1,0,0,0,0,0,0,0,0,14,15,15,10,11,15,20,18
d07225,astronomy,0,1,1,0,0,0,1,0,0,0,1,2,0,0,0,2,11,12,16,16,16,11,13,13,2,1,0,0,1,0,0,1,21,21,22,18,18,18,23,12
d07226,astronomy,1,2,2,2,0,0,0,1,1,0,0,1,1,0,2,0,18,11,17,21,18,16,11,12,1,0,1,1,1,1,2,0,39,27,31,38,22,28,32,29
d07227,astronomy,1,0,0,0,2,1,3,0,2,0,0,1,0,0,0,2,14,9,15,12,15,16,11,23,0,3,1,1,0,1,2,3,30,19,34,18,35,18,22,30
d07228,machine_learning,8,9,5,3,4,5,7,12,1,0,0,0,0,0,0,0,0,0,0,1,1,1,0,0,0,0,0,1,0,0,0,1,17,8,21,7,14,11,12,8
d07229,cooking,1,0,0,0,1,0,0,1,18,20,18,21,20,19,19,21,0,1,0,1,1,0,0,0,0,0,0,1,1,1,2,1,29,28,30,35,26,20,30,29
d07230,football,0,0,1,0,1,0,1,0,1,1,1,0,0,1,0,0,0,0,0,0,0,2,0,1,6,9,9,10,4,19,10,15,10,12,9,10,16,17,12,14
d07231,astronomy,2,3,1,1,3,0,0,0,0,0,0,0,0,0,1,1,24,27,18,24,14,21,19,18,3,3,0,2,1,0,0,1,30,31,31,25,36,24,26,33
d07232,machine_learning,11,18,12,14,12,13,11,9,1,0,1,1,1,0,0,1,0,0,0,0,0,0,0,0,2,2,2,0,1,0,0,0,24,19,24,19,17,22,31,26
d07233,football,1,4,2,5,0,0,0,5,3,2,2,1,4,4,2,2,1,5,3,4,1,3,2,2,49,61,54,48,52,63,50,52,88,93,90,91,94,94,86,77
d07234,machine_learning,41,36,44,53,57,51,49,57,3,0,3,3,2,3,4,1,0,3,5,3,3,1,0,2,0,1,3,3,1,5,0,1,106,72,85,73,80,69,89,74
d07235,machine_learning,7,5,5,9,7,9,8,11,1,0,0,0,0,0,0,0,1,0,1,0,0,1,1,1,1,0,0,0,0,1,0,0,14,13,21,6,13,9,20,15
d07236,cooking,0,1,0,2,0,0,0,1,9,10,11,6,12,11,12,12,1,0,0,0,1,0,1,0,0,1,1,1,0,1,1,0,9,12,10,10,6,20,12,11
d07237,machine_learning,8,6,10,6,7,7,11,10,0,0,0,0,1,0,0,0,0,0,0,0,0,1,1,0,0,0,0,2,0,0,0,0,13,10,13,10,11,13,10,7
d07238,football,1,0,1,1,0,0,1,0,0,1,0,0,0,0,0,0,1,0,1,0,0,0,0,1,13,6,5,9,4,12,8,11,10,14,16,12,15,7,11,8
d07239,cooking,1,2,0,0,1,2,1,0,20,12,20,18,16,18,23,15,1,3,0,1,0,0,0,0,0,0,0,0,0,0,0,0,27,34,27,20,30,25,25,25
d07240,cooking,2,2,0,1,3,0,1,2,23,22,18,15,20,26,19,29,0,2,0,0,1,0,1,1,2,0,0,0,0,1,0,0,34,27,28,39,35,34,43,34
d07241,football,0,4,0,0,3,1,1,3,1,4,2,4,0,4,6,3,2,4,2,1,1,1,0,1,28,37,32,26,30,43,34,38,70,66,69,56,64,67,64,66
d07242,astronomy,0,2,1,0,2,2,3,0,1,1,1,0,1,0,2,2,26,21,23,11,21,23,12,16,0,1,1,2,1,1,0,2,32,34,38,31,33,35,38,29
d07243,astronomy,0,0,1,1,0,3,0,2,1,0,0,1,1,0,2,1,28,12,22,14,13,25,21,24,1,0,0,0,1,0,2,0,26,30,34,36,26,40,42,30
d07244,cooking,3,1,1,2,3,3,1,2,39,34,35,42,39,34,25,34,3,2,2,3,2,2,2,0,3,1,3,3,2,0,1,1,54,68,57,53,50,54,44,53
d07245,astronomy,0,0,0,1,0,0,0,0,1,0,0,0,0,0,0,0,10,5,4,4,1,7,4,2,1,0,0,0,0,0,0,1,5,8,9,3,5,6,12,5
d07246,football,2,4,3,0,1,1,2,1,2,1,1,0,1,1,1,4,2,1,1,3,2,3,1,2,35,32,36,29,34,27,31,37,66,41,50,63,55,59,51,60
d07247,machine_learning,4,4,5,4,7,4,5,13,0,0,0,0,1,0,0,0,0,0,0,0,1,0,2,0,0,0,0,0,0,0,0,0,12,12,5,7,10,10,8,13
d07248,football,6,3,3,3,4,1,3,0,2,2,2,2,2,3,1,1,6,5,1,4,3,5,5,1,43,46,50,40,50,47,56,50,76,70,84,86,87,78,101,90
d07249,machine_learning,14,9,7,10,12,8,12,13,1,1,0,1,0,0,1,0,0,0,2,1,1,0,1,2,1,1,1,1,0,1,1,0,20,22,23,14,23,23,19,13
d07250,cooking,3,1,0,1,2,0,1,1,26,22,22,19,17,25,23,22,1,2,0,1,0,1,2,1,1,1,2,1,2,1,0,3,29,36,35,35,26,39,24,46
d07251,astronomy,1,1,2,1,3,0,2,2,0,3,1,1,2,0,0,0,22,32,25,30,28,24,21,26,0,1,2,3,3,0,3,0,56,31,37,36,45,44,36,42
d07252,machine_learning,12,19,17,15,15,23,19,13,0,0,1,2,1,1,0,0,0,2,0,0,0,1,0,0,0,0,0,1,1,1,0,0,26,39,26,25,34,22,25,31
d07253,astronomy,1,1,1,0,1,2,4,0,2,0,0,1,0,0,1,2,27,19,32,14,22,21,12,23,0,1,0,0,1,2,0,2,40,40,30,30,36,23,28,29
d07254,football,0,0,0,0,2,0,0,0,0,0,1,1,1,0,0,0,0,0,0,0,0,1,0,0,12,5,12,6,5,10,10,3,9,12,10,12,11,9,16,12
d07255,football,0,0,0,0,0,1,0,2,0,0,0,0,2,0,0,0,0,2,1,0,0,0,0,0,4,3,6,7,9,5,8,7,9,11,6,3,11,13,5,7
d07256,football,1,2,0,0,2,2,0,4,2,2,1,0,2,0,2,2,0,2,3,1,0,0,0,3,28,25,29,21,21,19,16,21,38,36,40,26,34,30,39,22
d07257,astronomy,0,0,1,0,1,1,0,0,0,0,3,0,1,0,0,0,9,11,15,17,12,9,13,12,0,0,0,0,0,0,1,0,13,14,15,15,20,15,10,19
d07258,machine_learning,56,59,51,47,62,43,54,51,0,1,5,1,3,3,3,2,3,3,2,5,3,0,3,4,7,3,6,0,2,5,2,4,83,87,95,102,102,87,101,72
d07259,football,1,2,2,1,0,0,0,0,1,1,0,1,0,1,1,0,0,0,1,0,0,0,1,0,9,5,14,11,8,11,11,9,19,15,23,18,16,17,16,15
d07260,machine_learning,8,11,11,4,14,12,12,12,1,0,0,1,0,0,1,0,2,0,1,1,0,0,0,1,0,0,1,0,1,0,1,0,10,10,12,11,13,11,15,12
d07261,cooking,0,0,0,0,2,0,1,0,1,8,13,5,5,7,6,8,0,0,0,0,0,0,0,0,0,0,1,1,0,0,0,0,8,11,9,7,10,10,9,10
d07262,cooking,0,0,0,0,0,1,0,0,5,3,2,4,3,8,8,4,0,1,0,1,0,0,0,0,0,0,0,0,0,0,0,0,8,9,5,8,8,7,2,10
d07263,cooking,2,0,0,0,0,0,0,1,9,4,6,11,4,6,7,7,0,0,1,0,3,0,0,0,0,0,0,1,0,1,2,0,12,5,10,14,12,18,11,19
d07264,football,2,1,1,1,4,1,2,1,1,2,1,3,2,0,1,0,0,0,1,0,1,1,2,1,18,22,18,30,25,21,24,25,50,40,43,46,50,44,37,18
d07265,astronomy,1,2,1,1,2,2,1,2,0,0,2,0,1,1,0,0,25,17,22,11,22,19,19,24,2,0,1,2,3,0,2,2,36,30,31,35,35,42,40,36
d07266,football,1,1,2,0,1,1,2,0,2,1,2,0,1,2,0,0,0,0,1,1,1,2,1,0,15,13,17,24,18,13,8,22,23,36,21,27,29,40,25,15
d07267,astronomy,5,2,2,1,4,4,3,0,5,2,2,2,5,6,1,3,64,46,50,48,50,56,60,44,0,2,1,1,5,3,2,1,93,85,88,93,110,83,92,79
d07268,football,0,1,2,1,0,0,0,0,1,2,1,1,0,0,4,1,0,0,1,0,0,1,0,3,17,18,18,17,28,19,22,14,31,27,47,27,24,30,29,23
d07269,astronomy,0,0,0,0,0,0,1,0,1,0,0,0,0,1,0,0,8,10,8,8,10,10,13,3,0,0,0,0,0,0,0,1,10,14,10,7,12,15,13,8
d07270,astronomy,0,0,1,1,1,0,1,0,3,1,1,1,0,0,2,0,12,13,4,9,16,16,14,11,0,1,1,0,0,3,1,1,19,18,15,18,18,18,22,28
d07271,cooking,1,0,0,0,0,0,0,0,16,8,10,15,15,14,14,15,0,0,0,0,1,1,0,0,0,0,0,2,0,0,1,2,25,18,23,16,21,24,19,16
d07272,machine_learning,17,16,15,17,19,17,18,19,0,0,0,1,0,2,1,0,0,1,0,1,0,0,1,3,1,1,1,1,1,0,0,0,31,28,34,35,27,26,23,22
d07273,astronomy,0,0,0,0,0,0,0,1,0,1,0,0,0,0,1,0,7,7,6,3,6,6,8,11,1,0,1,1,0,0,0,0,8,11,11,6,12,12,12,10
d07274,football,0,0,0,3,0,0,0,0,1,0,1,1,1,3,3,0,0,0,0,1,0,1,2,2,20,23,27,26,23,23,21,29,37,37,42,38,47,45,39,55
d07275,astronomy,0,2,0,1,1,2,1,0,0,0,1,0,0,0,2,0,11,4,9,13,13,14,6,14,0,0,1,0,0,0,1,1,22,12,31,17,19,18,18,23
d07276,astronomy,0,0,0,0,1,0,0,0,1,3,2,1,2,1,2,0,21,14,18,15,24,16,26,20,0,1,0,0,2,2,0,1,27,31,25,30,28,34,25,28
d07277,astronomy,1,0,2,3,0,0,0,1,1,3,0,1,2,1,0,2,21,27,15,29,26,25,28,33,0,1,3,1,1,1,0,1,41,41,52,37,51,38,33,40
d07278,cooking,1,1,2,0,0,0,0,3,25,22,27,24,18,27,20,26,1,0,0,1,3,0,0,1,3,1,1,0,0,0,0,1,42,33,38,32,39,42,41,36
d07279,football,1,4,0,1,0,0,0,0,2,1,0,1,0,1,0,1,0,0,2,1,1,0,1,0,14,17,7,13,20,19,14,17,31,25,24,23,23,34,25,21
d07280,cooking,0,3,0,0,0,0,0,2,11,8,5,7,11,10,13,14,0,0,2,1,0,0,0,0,1,0,1,0,1,1,1,1,19,12,12,12,11,19,18,12
d07281,cooking,0,1,4,2,2,2,2,1,21,24,21,25,29,20,27,28,0,1,0,0,5,0,0,1,2,0,0,2,0,2,2,2,29,38,29,37,35,35,40,34
d07282,machine_learning,20,26,23,12,18,20,24,19,1,2,0,2,1,1,1,0,0,0,0,1,0,2,1,1,3,0,0,2,1,1,1,2,40,17,38,35,24,34,32,33
d07283,machine_learning,13,6,13,5,15,6,8,7,0,0,0,0,0,0,1,0,1,0,1,0,0,0,0,1,1,0,0,3,0,1,2,1,13,13,20,24,17,15,16,22
d07284,astronomy,2,2,1,1,3,1,0,2,1,2,0,0,1,2,1,0,16,23,25,25,21,10,24,24,0,2,4,2,1,1,1,1,37,37,46,37,38,52,36,37
d07285,football,0,3,1,0,0,0,1,0,0,0,1,0,0,0,0,0,0,0,1,1,0,0,0,1,6,6,3,4,13,8,4,3,8,9,17,8,12,5,8,10
d07286,cooking,0,0,0,1,3,1,0,0,8,4,5,8,8,6,8,10,0,1,0,0,0,0,1,2,0,1,0,0,0,0,1,0,11,14,12,17,8,14,14,9
d07287,football,0,0,1,0,0,0,0,1,0,1,0,0,0,0,0,0,2,1,0,0,1,0,0,1,9,5,10,4,10,5,10,6,17,14,7,12,18,9,15,9
d07288,cooking,4,2,0,0,2,0,0,1,13,19,13,8,15,21,12,13,0,0,1,0,0,0,0,0,1,1,1,0,0,0,1,0,26,29,29,21,22,25,26,20
d07289,football,1,2,1,0,1,2,0,1,1,0,0,1,1,0,0,1,0,0,1,0,0,1,1,1,17,18,15,17,10,11,13,12,17,21,15,22,17,24,17,24
d07290,machine_learning,21,19,9,22,14,12,15,14,0,1,0,2,1,2,2,0,1,0,0,0,0,2,1,1,0,2,1,0,1,0,0,2,23,23,32,16,35,15,26,21
d07291,cooking,2,0,1,2,1,1,1,2,21,19,21,20,28,21,25,25,0,0,0,2,0,2,2,1,1,0,2,1,1,2,1,1,31,42,33,32,36,38,36,38
d07292,machine_learning,13,9,11,17,18,8,6,9,0,1,0,0,0,0,0,1,0,0,3,0,0,1,0,0,1,3,0,0,0,0,0,1,18,15,16,20,26,18,19,26
d07293,cooking,1,0,1,1,0,0,0,0,6,8,3,2,2,13,4,10,0,2,0,0,1,1,0,1,0,0,0,0,1,0,1,0,13,15,20,16,22,15,8,22
d07294,football,1,0,0,0,0,1,1,2,0,1,2,0,1,2,1,3,1,0,1,0,0,0,1,1,12,20,18,17,9,15,15,14,24,28,26,31,25,35,31,25
d07295,cooking,0,0,0,1,0,0,2,0,22,18,24,13,13,13,13,15,1,1,1,0,1,1,1,0,4,1,0,0,1,1,0,0,22,18,17,23,20,22,31,19
d07296,cooking,1,0,0,0,0,0,0,0,20,22,12,20,21,23,15,13,1,1,1,3,1,1,1,0,0,0,1,3,3,1,1,0,42,32,28,20,22,36,32,32
d07297,astronomy,0,0,2,2,1,2,0,4,0,1,0,0,0,0,0,0,14,14,21,16,18,21,26,15,0,0,1,0,0,3,0,0,34,23,27,34,35,33,29,25
d07298,cooking,0,0,1,0,1,0,0,0,11,4,3,5,5,4,6,4,0,1,0,0,0,0,1,0,0,1,1,0,0,0,1,0,11,5,10,10,12,13,18,8
d07299,astronomy,1,1,1,1,3,1,1,1,4,2,0,1,0,3,0,1,21,16,22,29,28,25,34,31,0,1,1,2,1,0,2,3,39,49,37,39,44,42,37,41
d07300,astronomy,0,1,0,0,0,2,0,0,1,1,0,2,0,0,0,0,15,21,16,14,12,22,17,17,1,1,2,1,2,0,1,1,24,37,26,21,29,29,30,20
d07301,astronomy,0,0,1,3,1,4,0,1,0,1,0,2,1,3,2,0,21,20,18,16,26,19,33,31,4,1,3,1,0,2,1,1,42,41,44,46,37,44,41,39
d07302,astronomy,5,3,6,2,8,5,4,3,4,5,7,2,5,12,6,2,119,123,114,129,107,113,101,109,9,4,8,3,9,7,6,5,175,184,162,170,203,200,179,169
d07303,machine_learning,70,60,58,56,66,70,54,58,3,4,0,3,4,3,0,2,4,5,4,6,0,4,3,3,5,2,3,2,2,5,4,4,99,97,108,109,126,112,117,106
d07304,football,0,3,1,0,3,1,1,1,2,1,0,1,2,1,1,1,0,1,1,0,1,3,2,2,17,16,13,23,21,18,17,23,29,21,31,31,37,35,34,34
d07305,cooking,1,1,0,1,3,2,1,3,18,26,35,19,23,27,34,23,1,2,0,2,0,1,0,0,1,1,1,0,2,2,0,0,48,38,45,48,40,33,45,41
d07306,astronomy,3,1,5,0,3,3,4,5,4,1,4,5,5,4,2,1,83,75,80,82,68,79,72,68,0,4,3,4,1,5,2,4,116,118,137,141,143,116,126,144
d07307,astronomy,3,2,1,1,2,1,3,1,0,3,4,2,1,1,4,0,25,39,29,39,27,24,30,19,5,2,5,2,0,2,0,1,54,36,42,40,39,44,38,50
d07308,machine_learning,14,12,5,7,14,17,12,16,0,0,0,0,0,0,0,0,1,0,0,0,1,0,0,1,0,1,0,2,0,0,0,0,15,22,26,18,15,17,20,15
d07309,machine_learning,4,5,2,5,4,8,4,3,0,1,0,1,1,0,1,0,1,0,0,0,0,0,0,0,0,0,0,0,1,0,0,0,11,11,8,4,8,6,10,11
d07310,machine_learning,6,4,4,5,7,6,2,4,0,0,0,1,0,1,0,0,1,0,0,0,0,2,1,0,0,1,0,0,1,1,1,0,7,8,9,8,5,8,10,9
d07311,cooking,2,1,0,1,0,0,1,1,10,7,12,16,4,9,4,6,0,1,2,1,1,0,1,2,1,0,1,1,1,0,1,0,8,20,23,16,23,23,26,23
d07312,astronomy,2,0,3,2,2,1,4,1,0,1,1,2,1,1,1,0,37,38,33,27,39,41,29,37,0,2,0,2,2,1,2,4,50,72,56,53,46,59,78,60
d07313,machine_learning,26,19,31,26,24,37,23,30,4,1,1,2,0,1,0,3,1,0,2,1,0,4,3,1,0,2,4,1,2,2,0,1,30,50,60,34,44,48,40,42
d07314,astronomy,0,1,0,1,2,0,0,1,1,1,2,2,1,0,0,4,19,26,15,13,19,21,24,24,1,0,2,1,0,1,1,1,34,31,27,37,33,26,30,31
d07315,machine_learning,35,24,21,27,31,40,21,21,3,0,1,0,0,0,1,1,0,2,2,1,0,1,2,1,2,2,2,2,1,0,0,1,42,35,45,39,46,49,44,45
d07316,cooking,2,3,0,2,2,2,5,2,46,44,47,40,41,50,47,53,1,2,2,1,3,2,2,2,2,4,4,3,3,2,0,1,70,67,75,98,78,59,72,66
d07317,machine_learning,4,5,9,7,7,5,4,11,0,1,0,0,0,1,0,0,1,2,0,1,0,0,0,0,0,0,0,0,1,1,0,0,10,8,14,8,14,12,13,9
d07318,machine_learning,19,37,29,35,34,30,34,33,0,2,0,2,2,1,2,2,2,1,1,1,1,3,3,0,3,3,0,1,1,0,2,2,56,54,49,46,51,60,48,48
d07319,machine_learning,31,29,23,26,28,28,34,31,0,1,1,3,2,3,2,2,2,3,1,2,2,2,0,1,1,2,1,2,4,1,0,1,51,45,54,46,53,57,53,52
d07320,machine_learning,74,65,75,68,59,68,64,70,5,2,2,2,1,2,0,2,1,1,1,2,4,2,0,2,4,1,1,2,3,2,6,1,107,110,110,111,134,115,108,135
d07321,football,1,0,0,1,0,1,1,0,1,1,0,0,0,2,3,1,0,2,1,0,0,1,2,1,17,13,21,14,12,11,19,16,19,24,19,24,21,18,21,29
d07322,football,2,1,5,5,4,5,2,1,2,3,5,5,1,7,2,5,2,3,3,5,3,5,2,3,87,72,72,69,68,79,87,77,112,105,128,134,106,118,119,119
d07323,astronomy,0,1,0,3,3,0,1,2,1,1,2,2,1,0,2,3,37,34,26,30,29,21,29,27,0,1,2,2,0,0,4,4,43,55,47,48,52,54,42,45
d07324,astronomy,1,6,4,2,1,2,0,4,1,2,1,4,3,2,2,1,67,72,65,70,48,57,58,70,3,3,3,3,1,2,6,2,94,93,103,94,104,125,114,87
d07325,cooking,2,2,0,1,0,1,1,0,10,12,15,12,8,6,14,10,0,0,0,0,0,1,0,1,1,0,1,0,1,0,0,0,15,6,19,16,27,11,20,16
d07326,football,0,1,2,0,0,1,2,0,1,2,0,0,0,0,0,2,0,0,1,0,0,0,0,1,6,17,12,15,15,6,15,11,25,33,20,22,19,20,14,18
d07327,machine_learning,16,14,18,13,13,13,14,23,0,1,0,0,1,0,1,2,0,0,1,1,2,0,1,0,0,0,0,0,0,1,3,0,19,33,21,19,29,19,31,24
d07328,football,0,0,4,1,2,1,1,2,1,3,2,1,0,0,0,1,0,0,3,3,0,2,2,2,24,17,14,21,17,19,16,18,35,31,33,35,22,32,32,35
d07329,football,0,0,4,0,0,1,1,1,0,0,2,1,2,1,2,1,0,0,1,1,0,0,0,1,13,18,12,11,9,17,20,8,24,26,27,23,31,32,37,35
d07330,astronomy,1,0,0,1,0,0,0,0,3,0,1,0,2,0,2,1,15,16,19,16,20,16,14,12,1,0,2,0,1,0,1,2,31,31,21,25,26,33,27,34
d07331,astronomy,2,0,0,1,0,1,3,0,0,0,1,0,3,2,1,3,20,21,17,22,21,12,21,15,1,0,1,0,1,0,0,0,27,37,35,37,24,29,21,39
d07332,football,0,0,0,0,0,0,0,0,0,0,0,0,0,0,0,1,0,0,0,0,0,0,1,0,4,7,3,1,6,7,5,8,8,6,9,7,3,8,4,5
d07333,machine_learning,8,11,12,14,12,7,9,15,0,0,0,0,0,0,0,1,0,0,0,0,1,0,1,1,0,1,0,0,1,0,2,1,14,14,18,16,13,24,15,18
d07334,machine_learning,8,4,12,6,13,4,7,7,0,0,0,0,0,1,0,0,0,1,0,0,1,0,0,0,0,0,0,0,0,0,1,0,19,15,23,7,11,16,15,23
d07335,cooking,0,0,1,3,1,0,1,1,25,24,26,29,17,27,12,21,2,1,1,0,1,4,1,1,2,1,2,0,1,0,0,2,26,25,37,20,39,35,40,36
d07336,football,0,0,1,1,1,1,1,0,3,0,1,0,1,0,2,1,0,0,0,1,0,0,2,0,13,8,5,10,9,2,8,12,10,13,17,9,9,14,5,11
d07337,machine_learning,7,10,14,7,7,12,7,6,0,0,1,0,1,0,1,0,0,0,1,0,1,0,1,2,0,1,0,1,1,0,1,1,6,15,8,12,18,21,5,11
d07338,machine_learning,17,11,17,11,14,24,18,14,0,1,2,2,3,1,3,0,2,1,1,2,0,0,1,0,2,2,2,2,0,1,2,1,18,24,27,23,29,23,14,33
d07339,football,2,1,1,3,1,1,1,0,1,1,0,2,1,5,1,0,2,0,1,1,2,1,3,1,37,48,34,31,44,36,29,40,59,74,67,68,61,52,66,58
d07340,cooking,1,2,1,0,1,1,1,0,33,17,16,25,21,21,22,24,1,0,0,0,2,2,1,1,1,1,3,1,0,0,1,1,42,35,35,27,37,32,38,22
d07341,machine_learning,22,15,23,14,20,11,18,22,0,0,0,0,0,0,0,2,1,1,0,1,1,1,1,3,1,0,1,0,2,1,1,0,33,38,39,33,21,42,32,34
d07342,machine_learning,9,16,19,17,6,12,11,10,0,0,0,0,1,0,1,0,0,0,0,1,1,3,0,0,0,2,1,0,0,0,1,0,12,20,25,10,21,20,18,21
d07343,cooking,2,0,0,0,3,2,0,0,18,23,18,15,21,28,31,30,2,0,2,1,4,2,1,0,1,0,0,3,0,0,0,0,34,34,31,26,35,36,25,39
d07344,machine_learning,8,6,6,6,10,7,10,7,0,0,0,1,0,0,0,0,0,1,0,0,1,0,0,0,0,2,0,4,0,1,0,0,15,16,16,15,10,15,13,12
d07345,cooking,1,0,3,2,0,1,3,2,25,38,30,30,35,34,39,38,1,1,0,1,0,2,1,0,0,2,0,4,0,0,2,0,42,44,50,41,59,49,45,48
d07346,football,0,2,2,1,1,1,1,1,1,2,1,0,0,1,1,2,2,4,2,0,1,0,1,0,18,23,17,19,13,21,17,23,38,46,34,40,40,37,29,38
d07347,machine_learning,19,26,19,17,21,15,31,19,2,0,1,1,1,0,1,0,3,1,2,2,1,2,0,4,0,4,1,2,2,2,0,2,40,35,39,34,29,44,39,40
d07348,football,0,0,1,0,1,1,1,0,0,0,0,0,0,0,2,2,2,3,0,1,1,1,3,0,17,12,15,10,18,13,12,15,29,18,26,24,30,24,23,20
d07349,astronomy,3,1,4,4,4,3,4,5,0,2,3,2,4,2,3,2,61,87,74,64,73,58,65,70,3,4,5,3,10,1,3,4,128,113,111,112,108,130,137,101
d07350,football,0,0,0,0,0,0,0,1,0,1,0,1,0,0,0,0,1,3,0,2,1,0,1,1,15,5,9,17,18,12,16,18,16,23,12,24,19,30,18,13
d07351,machine_learning,34,26,34,30,28,20,37,30,1,1,0,1,3,1,3,3,2,1,0,2,1,2,1,3,0,1,1,3,1,3,1,2,52,45,48,44,54,42,51,34
d07352,machine_learning,4,3,2,6,2,3,5,5,1,0,0,0,0,1,0,0,0,0,0,0,1,1,0,0,0,0,0,0,1,0,0,0,5,4,5,8,8,3,12,5
d07353,football,2,2,0,0,2,0,0,2,0,0,1,1,0,0,1,1,1,0,1,1,0,1,0,0,13,18,10,13,9,14,11,19,21,16,19,15,19,14,25,15
d07354,astronomy,0,1,1,1,1,1,0,0,1,0,1,0,0,0,0,0,11,15,10,11,9,10,12,12,1,1,0,0,1,0,1,0,12,16,19,14,19,16,13,14
d07355,machine_learning,17,17,10,9,7,10,15,14,1,4,0,0,0,2,2,0,1,0,1,2,1,0,0,2,1,0,2,0,1,0,1,0,15,29,22,24,21,18,31,27
d07356,cooking,3,0,1,0,2,2,1,0,29,25,26,28,24,19,25,21,1,1,2,1,1,0,0,0,0,0,1,1,0,1,4,1,36,44,40,36,34,42,50,30
d07357,cooking,3,2,2,1,0,1,4,2,25,36,40,26,45,36,37,35,1,3,1,1,1,4,1,4,2,0,2,0,1,0,1,3,57,60,60,56,58,45,67,62
d07358,cooking,0,0,0,0,0,0,1,0,14,11,10,6,5,6,5,2,0,0,0,0,0,0,1,0,0,0,1,0,1,2,0,0,16,16,15,9,13,14,10,18
d07359,cooking,0,0,0,0,0,2,0,0,11,10,21,12,20,11,8,17,0,0,2,1,0,1,0,0,0,2,0,0,1,0,2,0,18,14,22,20,28,22,29,28
d07360,cooking,3,2,0,0,2,2,1,3,19,24,18,19,22,13,24,26,2,3,0,1,4,0,2,0,0,0,2,1,1,0,1,2,34,30,34,22,23,24,26,34
d07361,cooking,1,0,1,0,0,0,0,0,7,16,7,10,13,12,7,9,0,1,0,2,1,2,0,0,1,0,1,1,0,1,1,1,14,15,21,13,18,20,21,13
d07362,machine_learning,21,29,16,17,8,29,27,20,0,3,1,3,0,3,1,0,0,0,0,0,0,0,0,0,0,1,1,2,0,1,0,1,29,34,22,29,28,36,32,31
d07363,astronomy,0,1,0,2,2,1,0,0,0,1,1,0,2,1,1,3,24,16,18,22,33,28,29,25,0,0,2,1,1,1,3,3,35,51,46,39,37,54,44,42
d07364,cooking,6,3,6,2,5,3,4,2,80,86,88,79,90,101,73,88,5,4,3,5,5,3,3,0,2,5,3,4,3,5,7,4,146,139,151,122,143,159,132,131
d07365,cooking,0,1,0,1,2,2,0,1,5,14,9,13,10,7,7,7,0,1,1,0,0,0,0,0,2,0,0,0,0,1,1,0,19,22,9,18,19,17,18,11
d07366,machine_learning,9,7,3,7,7,4,6,7,0,0,0,2,0,0,1,0,2,0,1,0,0,0,0,0,0,0,1,1,0,1,0,1,13,8,10,7,12,6,13,8
d07367,cooking,0,0,2,1,1,0,0,0,11,14,12,10,16,12,11,10,1,0,0,0,0,0,0,0,0,0,0,0,0,0,1,1,25,12,19,13,14,7,15,15
d07368,machine_learning,16,18,16,16,21,22,10,16,1,0,0,1,2,0,0,0,2,1,0,1,2,0,0,1,0,2,2,0,1,1,3,0,23,28,22,29,27,19,22,20
d07369,cooking,2,0,0,0,0,1,1,0,5,6,11,3,6,6,9,9,0,0,0,0,0,0,0,0,0,0,0,1,1,0,0,0,9,11,9,10,9,11,11,11
d07370,cooking,2,5,8,4,4,5,2,2,109,98,98,111,104,99,100,90,5,4,3,4,5,3,3,6,5,5,4,6,5,9,7,5,174,180,182,192,149,157,166,184
d07371,machine_learning,3,8,2,4,9,2,5,8,0,0,1,0,0,1,0,1,0,0,0,0,0,0,0,1,1,1,1,0,1,1,1,0,13,14,3,11,7,20,10,12
d07372,astronomy,0,0,0,1,2,1,0,0,4,0,1,0,2,3,2,0,22,22,21,18,18,32,19,20,1,1,2,1,2,1,2,2,36,41,31,38,44,23,48,28
d07373,astronomy,2,0,3,3,1,1,0,1,1,2,1,1,3,0,0,1,30,25,29,28,26,35,24,22,1,1,1,1,0,1,0,2,45,48,46,36,39,54,40,49
d07374,cooking,0,0,0,0,0,0,0,1,12,3,7,5,6,10,14,4,0,0,1,1,0,0,0,0,0,1,1,1,1,0,0,0,9,12,16,6,11,14,6,13
d07375,cooking,0,0,0,0,0,0,0,0,7,8,6,5,5,5,6,8,1,1,0,1,1,0,0,0,0,0,1,0,0,0,0,0,11,9,4,11,7,10,10,10
d07376,football,1,1,0,1,1,1,0,1,0,1,1,1,0,2,0,0,0,1,0,1,1,0,0,0,11,13,14,15,19,7,12,10,29,33,22,18,15,19,21,22
d07377,cooking,1,0,1,0,1,1,0,0,9,18,10,9,8,13,15,21,0,2,0,0,0,1,1,1,0,0,1,1,0,0,1,0,16,16,26,23,23,15,17,20
d07378,astronomy,1,1,0,1,0,0,2,1,0,0,1,0,0,0,0,0,5,7,19,10,11,16,8,14,0,0,0,0,1,0,0,2,21,22,16,14,12,15,26,20
d07379,football,0,0,0,0,2,1,1,0,0,0,0,0,0,0,0,1,0,1,0,2,0,0,0,0,10,5,9,9,9,7,8,11,12,15,16,13,11,23,10,11
d07380,football,0,1,0,0,1,1,0,0,1,1,0,3,2,0,1,1,6,1,0,0,1,0,0,0,22,17,20,17,16,16,13,17,29,27,29,28,27,29,31,26
d07381,football,0,0,1,2,0,0,0,1,2,0,0,1,0,0,0,0,0,0,0,1,2,0,0,1,3,3,5,4,5,10,7,5,11,13,10,12,15,20,12,10
d07382,astronomy,1,0,1,0,0,0,0,0,1,0,1,1,0,1,0,0,12,13,19,18,14,25,19,19,0,1,0,1,0,2,0,0,28,24,17,23,33,26,25,24
d07383,astronomy,0,0,0,1,0,0,0,1,1,0,0,1,0,0,0,1,9,16,7,16,11,12,9,10,1,0,3,0,1,2,1,1,6,9,25,11,23,20,19,14
d07384,cooking,0,0,1,1,0,0,0,0,12,10,8,15,5,4,7,8,0,1,0,0,0,0,0,1,0,0,1,0,0,0,1,0,18,8,16,14,16,14,12,16
d07385,football,2,3,1,1,1,4,0,0,1,0,2,0,2,2,2,1,2,4,2,0,3,0,0,1,31,23,33,32,35,25,36,36,47,56,61,39,50,47,40,53
d07386,football,1,0,0,0,0,0,0,0,0,1,0,0,1,0,0,0,0,0,1,1,2,1,0,1,8,9,8,8,9,15,12,13,18,14,19,15,17,15,14,14
d07387,astronomy,1,1,1,0,0,1,1,0,0,0,0,1,0,0,1,0,7,11,6,9,8,10,9,10,1,0,0,0,0,1,0,1,14,17,23,23,25,18,13,11
d07388,cooking,0,0,0,0,0,0,2,0,5,5,7,7,2,8,4,9,0,0,0,0,2,0,0,1,0,0,0,0,0,1,0,1,13,3,11,15,7,10,8,12
d07389,astronomy,1,0,0,1,0,0,2,0,1,1,0,0,0,1,0,0,5,6,3,7,2,3,4,4,0,0,0,1,0,2,0,0,8,9,11,9,7,7,5,6
d07390,astronomy,1,0,1,1,1,1,0,0,0,1,1,0,0,0,0,1,23,16,20,16,13,15,15,16,0,0,0,0,0,1,0,0,25,20,31,20,29,29,36,19
d07391,football,2,0,1,1,1,0,1,1,0,0,1,0,0,0,0,0,0,1,1,0,0,0,0,1,13,16,11,7,7,16,19,15,15,18,8,14,16,18,12,17
d07392,football,0,0,2,3,2,0,0,4,3,3,3,2,1,1,0,1,1,4,1,0,4,0,1,0,29,42,41,35,45,36,32,37,54,57,52,77,46,82,55,62
d07393,astronomy,0,0,0,1,0,0,1,0,0,0,0,1,1,1,0,0,4,2,3,3,1,4,1,1,0,0,1,0,1,1,0,0,8,3,8,4,7,3,7,0
d07394,cooking,1,2,3,1,0,1,3,0,29,20,29,26,39,29,22,36,1,0,1,1,1,1,3,1,2,1,0,2,1,1,4,0,49,47,50,60,75,53,39,57
d07395,machine_learning,8,11,6,5,3,10,13,5,0,0,0,1,0,0,1,0,1,1,0,1,0,1,0,1,0,0,1,0,0,0,1,0,25,14,13,18,10,12,15,8
d07396,machine_learning,13,9,13,9,13,13,12,7,1,0,0,0,1,0,0,0,0,0,0,0,3,0,0,0,0,1,0,0,0,0,1,0,21,16,16,12,8,15,15,12
d07397,machine_learning,16,16,14,11,10,12,5,11,0,0,0,0,2,0,0,0,0,0,0,0,0,1,0,0,0,0,1,0,1,0,0,1,19,12,14,18,16,21,20,22
d07398,cooking,0,0,3,1,0,2,1,0,14,9,13,20,18,8,11,15,1,1,0,0,0,1,0,2,0,1,1,0,0,0,0,1,24,27,21,26,22,22,24,23
d07399,cooking,1,0,0,1,2,1,1,0,12,14,12,12,10,12,12,12,0,1,0,0,1,0,2,1,1,1,0,1,0,0,0,1,13,13,19,26,23,22,21,23
d07400,cooking,0,0,0,1,0,1,1,4,20,19,16,19,13,13,15,11,1,1,0,1,1,1,2,1,1,0,2,0,0,2,2,2,21,26,26,18,31,27,31,24
d07401,cooking,0,0,0,0,0,0,1,0,12,14,10,11,11,8,24,4,0,1,1,0,0,1,0,0,0,3,0,0,0,0,1,0,16,25,36,19,25,28,22,25
d07402,football,1,2,4,1,0,0,1,2,0,0,0,2,0,0,0,0,0,2,2,2,1,1,1,1,18,12,21,18,18,11,13,25,21,24,28,33,34,26,28,23
d07403,astronomy,1,0,0,0,0,1,1,1,0,1,0,1,0,0,0,2,9,6,6,5,7,12,9,8,0,1,0,2,1,0,0,0,19,13,13,15,10,12,22,16
d07404,machine_learning,5,9,6,11,7,11,9,5,0,1,0,2,1,0,0,0,0,1,0,0,1,0,0,0,2,1,0,0,0,0,0,0,16,17,7,15,6,12,19,12
d07405,football,0,1,0,2,1,0,3,0,0,0,0,0,0,0,1,1,1,0,0,1,0,0,1,0,11,13,22,9,12,13,15,13,24,20,20,13,23,15,23,20
d07406,astronomy,0,1,1,0,0,1,0,0,0,0,0,0,1,0,0,0,8,8,12,9,6,5,7,5,0,0,0,0,0,0,0,0,13,14,15,13,9,10,8,11
d07407,astronomy,2,2,2,4,2,2,2,1,2,0,2,0,2,2,0,1,42,31,35,35,35,35,30,37,1,1,3,3,0,1,2,2,67,52,51,67,63,54,71,72
d07408,football,0,0,0,0,0,1,0,0,1,0,1,0,0,0,0,0,0,0,1,0,0,0,1,1,13,1,5,6,12,10,8,4,9,14,7,12,16,11,8,8
d07409,machine_learning,25,40,32,32,42,50,37,31,1,3,3,2,1,1,3,1,3,2,0,1,2,0,2,0,0,3,1,1,3,2,4,2,69,71,39,57,45,70,58,54
d07410,machine_learning,3,3,3,6,5,3,5,3,0,0,0,0,0,0,0,0,0,0,0,0,1,0,0,0,0,0,0,0,0,1,0,0,4,5,6,10,4,3,8,1
d07411,football,1,0,1,1,0,0,0,1,1,0,0,0,1,2,0,0,0,0,0,0,0,0,0,3,15,13,15,18,12,11,10,14,16,18,20,25,28,16,22,25
d07412,machine_learning,37,37,35,41,41,37,44,49,2,2,0,1,1,1,2,3,0,5,3,1,4,0,1,2,1,2,1,3,1,1,0,1,56,62,67,59,60,63,59,57
d07413,cooking,1,0,0,0,1,0,0,1,4,6,2,7,5,6,10,8,0,0,1,1,0,0,0,0,1,0,1,0,0,1,0,0,14,10,10,12,14,8,10,11
d07414,astronomy,1,0,1,0,0,1,1,0,2,0,1,1,1,1,1,1,11,15,8,15,19,17,15,14,0,1,1,1,0,1,0,1,29,27,16,27,16,26,24,26
d07415,football,1,0,1,1,0,0,0,0,2,2,1,2,1,0,1,0,2,1,0,1,2,3,0,1,20,11,19,19,26,19,13,10,40,21,20,16,22,29,40,25
d07416,football,2,0,2,0,0,0,3,1,1,1,0,0,2,0,0,3,0,0,2,0,0,0,1,0,19,14,19,16,16,12,13,18,29,36,28,33,26,26,24,18
d07417,astronomy,3,0,2,1,5,0,3,2,5,4,5,3,2,0,3,3,63,78,51,60,49,77,73,82,1,1,6,5,3,1,4,3,110,97,101,93,81,109,102,111
d07418,football,1,0,1,0,0,0,0,1,0,0,2,1,3,0,0,0,0,0,1,1,1,0,0,1,14,10,14,13,11,12,14,18,26,23,14,21,9,23,19,13
d07419,machine_learning,16,17,8,10,12,15,17,17,1,0,0,0,1,0,0,4,1,0,3,0,0,2,1,2,0,1,0,0,1,0,0,0,11,15,20,15,18,28,24,27
d07420,machine_learning,27,23,31,34,23,15,18,28,2,0,0,1,1,3,0,0,2,0,1,1,1,1,0,1,0,0,1,5,0,1,1,2,39,49,48,41,48,41,51,52
d07421,machine_learning,47,59,41,42,39,47,45,44,1,1,2,2,1,4,5,1,1,1,2,1,1,4,3,2,0,2,2,0,5,1,3,7,80,70,65,59,71,66,69,77
d07422,machine_learning,18,13,25,9,17,11,9,15,1,1,1,2,0,1,2,1,0,0,0,0,1,0,0,0,3,1,0,1,1,0,0,2,21,15,32,19,20,18,23,17
d07423,astronomy,1,2,0,1,1,1,0,1,0,1,1,1,1,0,0,1,12,17,29,17,23,13,14,18,0,1,2,1,2,0,0,0,32,17,25,18,31,19,31,24
d07424,football,1,0,1,0,0,1,0,1,2,1,0,0,1,0,0,2,1,0,2,1,1,0,2,0,19,26,15,15,18,20,16,16,23,16,23,26,34,24,32,30
d07425,machine_learning,12,8,8,13,11,16,8,7,0,1,1,1,2,0,1,1,0,0,2,1,1,2,1,0,0,0,3,1,0,0,0,0,30,22,25,18,30,26,13,18
d07426,astronomy,1,0,1,1,0,3,1,0,2,1,0,1,1,0,1,0,18,23,25,19,16,20,15,31,0,4,3,0,5,1,1,0,41,42,36,45,38,32,38,39
d07427,cooking,0,0,0,0,0,1,1,1,9,4,8,9,7,8,5,5,0,0,0,0,0,1,0,0,1,0,1,0,0,1,0,1,9,7,11,13,8,14,16,17
d07428,football,1,3,2,2,2,2,1,2,1,0,3,1,0,3,0,2,1,0,1,2,0,1,1,3,28,30,23,31,26,34,20,36,49,61,61,51,61,54,58,52
d07429,football,0,1,1,1,1,0,0,1,0,1,1,1,2,0,0,0,0,1,1,1,0,0,1,0,11,19,17,18,16,15,16,13,27,22,26,14,15,23,18,27
d07430,cooking,0,0,3,1,2,1,1,1,23,23,16,17,19,25,22,7,1,1,0,1,0,0,0,2,2,0,1,0,0,1,1,0,27,33,28,33,46,31,43,30
d07431,astronomy,0,0,0,0,0,0,0,0,0,0,0,1,0,0,0,0,3,5,2,3,3,4,3,3,0,0,0,0,1,0,0,0,7,5,5,6,5,4,11,5
d07432,football,1,1,2,0,1,1,0,0,1,1,2,0,1,1,0,0,0,0,2,1,2,1,0,1,17,16,15,14,18,15,17,18,29,24,18,32,24,23,27,28
d07433,astronomy,0,0,0,0,0,1,0,0,0,0,1,0,0,1,0,0,4,1,1,2,3,1,6,5,0,0,1,0,0,0,0,0,5,2,3,5,6,8,10,7
d07434,football,1,0,1,0,0,1,2,1,1,1,0,2,1,1,1,0,0,0,0,1,1,0,1,0,20,17,18,18,33,14,24,19,35,32,32,40,38,37,29,28
d07435,football,0,3,0,2,1,0,0,1,1,1,0,0,2,0,0,0,3,2,0,0,0,1,1,1,15,14,19,13,22,7,18,13,26,27,21,14,19,32,16,27
d07436,machine_learning,11,13,7,12,12,14,8,9,1,0,0,0,0,2,1,0,0,0,0,0,0,0,0,1,0,1,0,0,1,1,1,0,17,14,16,19,14,17,8,13
d07437,astronomy,0,0,2,0,1,0,0,0,0,0,0,1,0,2,0,0,12,6,6,8,4,10,11,1,0,0,2,1,1,1,0,0,11,12,13,12,15,8,13,10
d07438,astronomy,0,1,0,2,0,2,0,0,0,0,0,0,0,0,0,0,3,11,4,10,4,7,10,8,0,0,0,0,0,0,0,0,10,8,8,10,10,11,9,13
d07439,astronomy,0,1,0,1,0,0,0,1,1,0,0,0,2,0,1,0,9,14,7,8,7,7,8,8,0,1,1,0,0,0,0,0,20,16,11,23,5,15,10,20
d07440,cooking,0,2,1,1,1,1,1,1,16,14,14,17,13,17,20,18,0,2,2,0,1,0,0,0,0,2,1,1,0,2,0,0,22,27,32,19,33,29,25,25
d07441,astronomy,1,1,0,0,0,0,2,0,0,0,2,0,0,1,0,1,11,8,10,21,13,9,9,7,0,0,0,0,1,2,1,1,12,13,20,20,20,16,20,15
d07442,cooking,0,0,0,1,0,0,0,0,4,5,5,9,7,6,6,5,0,0,0,0,1,0,0,1,1,1,1,0,0,0,0,0,14,14,14,13,10,10,10,10
d07443,machine_learning,2,4,5,8,6,9,3,4,0,0,1,0,2,2,0,0,1,0,0,0,1,0,1,0,0,1,0,0,0,0,0,0,9,14,10,7,6,10,7,10
d07444,football,0,0,0,0,1,1,0,0,0,0,0,0,1,0,0,0,2,0,0,1,0,0,0,1,4,5,7,2,4,2,2,9,5,12,10,10,7,9,5,10
d07445,football,0,2,0,1,0,0,1,1,0,0,0,1,2,0,0,1,0,0,0,1,0,2,0,1,13,12,6,16,12,14,11,10,15,18,19,17,28,29,16,22
d07446,machine_learning,15,25,18,27,14,19,26,17,0,4,0,0,1,1,0,1,3,2,0,1,0,1,1,0,2,1,0,0,1,1,1,2,46,34,32,35,23,41,39,30
d07447,machine_learning,7,7,8,9,9,10,9,5,0,0,0,0,0,0,0,0,1,0,0,0,0,1,0,0,0,0,0,0,1,0,0,1,9,12,9,11,10,5,14,8
d07448,cooking,0,2,0,0,0,1,1,0,12,14,16,11,12,15,13,11,1,2,0,0,0,2,2,1,0,1,1,0,0,0,0,1,24,19,17,20,25,28,19,29
d07449,machine_learning,23,34,26,27,24,30,29,28,1,4,0,3,1,0,2,0,0,4,3,2,0,1,2,1,1,0,2,4,4,1,2,0,52,51,49,58,55,54,67,56
d07450,cooking,0,1,1,0,0,2,1,1,23,24,22,22,29,27,30,27,1,1,2,1,2,0,1,0,1,0,1,1,0,0,3,2,53,48,44,47,47,43,39,42
d07451,astronomy,3,0,0,1,1,2,1,0,0,1,1,0,0,0,1,3,9,15,17,23,16,14,15,12,1,2,0,0,1,0,1,1,23,15,23,27,30,23,24,24
d07452,astronomy,0,1,0,0,1,0,1,1,0,1,0,0,1,0,1,0,11,18,12,10,10,14,18,17,0,1,0,0,0,0,0,0,23,13,18,27,14,21,18,29
d07453,football,1,0,0,0,0,0,0,0,1,0,1,1,0,1,1,0,0,0,1,1,0,0,0,0,7,4,9,3,11,12,9,7,10,16,10,9,8,14,12,9
d07454,astronomy,1,1,1,0,0,2,0,0,0,0,0,2,1,0,0,2,14,5,12,21,15,15,11,12,0,1,0,0,0,0,1,0,24,18,29,29,30,28,24,21
d07455,football,0,0,1,1,0,0,0,0,0,0,0,1,0,0,0,0,0,1,0,0,0,0,1,0,17,9,9,8,7,12,12,7,21,20,17,11,17,16,14,21
d07456,machine_learning,52,56,57,53,64,46,65,46,4,0,5,2,0,5,5,2,5,2,2,5,4,2,3,2,3,1,3,4,1,1,6,0,77,85,73,104,104,80,68,85
d07457,machine_learning,19,23,12,13,22,24,14,18,0,0,3,1,0,3,0,0,1,0,0,0,1,0,2,2,0,1,0,1,0,0,1,1,34,21,27,33,22,34,23,27
d07458,cooking,1,3,2,0,2,1,1,0,32,24,27,19,27,27,21,19,0,0,1,1,0,0,0,4,0,1,1,0,1,1,0,0,41,33,43,41,36,45,39,38
d07459,astronomy,0,1,0,0,0,1,0,0,0,0,0,0,0,0,0,0,4,5,2,3,0,1,4,2,0,0,0,1,0,0,0,1,4,6,5,4,4,3,4,5
d07460,machine_learning,14,14,15,13,12,20,11,15,1,0,0,2,0,3,0,0,0,0,1,0,0,2,1,0,2,2,0,2,0,0,1,0,24,29,24,26,24,25,24,22
d07461,astronomy,0,2,0,0,0,0,1,0,1,1,1,0,1,1,0,0,12,11,7,6,10,8,9,12,0,0,0,1,1,0,0,0,19,10,18,21,18,17,10,15
d07462,machine_learning,11,8,13,12,8,6,7,9,0,0,0,0,0,1,1,1,0,0,1,1,0,0,0,0,2,0,0,0,1,0,0,1,12,20,12,19,17,20,16,18
d07463,machine_learning,17,20,17,19,25,21,21,25,2,0,1,0,1,1,1,3,0,0,0,0,0,3,2,0,2,0,1,0,1,0,0,1,40,42,27,42,35,30,37,40
d07464,cooking,0,1,1,0,0,0,0,0,6,4,6,4,4,4,3,5,0,1,1,0,0,0,1,1,0,0,0,0,0,0,0,0,6,6,12,12,6,10,6,7
d07465,cooking,3,0,0,3,3,2,3,4,56,71,59,56,66,60,73,49,4,4,5,1,6,3,1,3,0,0,2,5,7,4,2,2,99,77,92,95,82,113,98,88
d07466,cooking,0,0,1,0,0,0,1,1,6,5,7,5,6,9,5,7,0,0,0,0,0,0,1,0,0,0,0,0,1,0,0,0,9,8,11,13,6,9,7,10
d07467,astronomy,0,0,0,0,0,2,0,0,0,0,0,0,2,1,0,1,7,9,11,12,12,8,11,8,0,1,0,0,1,1,1,0,16,17,15,22,15,18,14,14
d07468,machine_learning,21,21,16,24,19,16,19,20,0,1,0,3,4,1,2,1,1,0,1,1,0,2,1,3,0,0,1,0,2,2,5,2,29,38,29,26,29,28,32,41
d07469,cooking,0,0,0,2,0,0,0,2,7,10,9,9,13,8,8,10,0,1,0,0,0,2,0,1,0,0,0,0,0,0,0,0,10,13,12,11,12,14,9,6
d07470,machine_learning,58,41,54,47,38,50,33,46,1,2,5,1,4,4,4,5,2,1,1,2,4,6,3,2,2,1,3,3,5,1,4,0,70,67,81,80,84,63,76,75
d07471,machine_learning,15,11,13,19,12,13,14,8,0,1,1,0,1,0,0,0,0,0,2,1,0,0,1,0,0,1,0,0,1,2,0,0,20,16,22,20,13,14,16,17
d07472,cooking,0,1,2,0,0,0,0,2,10,14,6,10,14,15,6,13,0,0,0,0,0,0,1,0,1,0,0,0,1,1,0,1,13,19,20,18,17,9,15,19
d07473,cooking,2,0,0,1,2,0,2,1,28,12,27,20,25,24,18,16,0,1,1,0,2,6,1,1,0,0,4,0,1,0,6,3,36,38,33,42,41,34,48,50
d07474,football,1,0,0,0,2,1,1,1,1,0,0,0,1,2,0,1,2,1,1,0,1,0,0,0,8,16,10,20,13,13,18,11,15,23,23,21,21,20,18,15
d07475,cooking,0,2,0,2,1,2,0,2,46,30,38,29,29,33,48,38,1,2,1,1,0,3,1,4,1,2,1,1,2,0,1,1,56,57,54,68,57,57,57,42
d07476,machine_learning,15,17,7,16,11,15,15,13,0,0,1,0,0,2,1,1,1,1,0,0,1,0,0,1,1,1,0,1,1,1,1,0,34,17,19,25,14,37,23,27
d07477,football,2,1,0,0,0,0,0,0,0,2,0,1,0,0,0,3,0,1,0,1,0,0,1,1,6,9,10,11,9,15,10,6,14,14,22,15,17,19,12,9
d07478,machine_learning,15,23,8,16,20,10,16,15,1,1,1,0,0,3,0,1,2,0,0,2,1,0,2,1,0,2,0,0,1,2,0,0,32,33,20,8,18,20,19,19
d07479,football,1,2,1,0,1,0,0,0,1,2,0,0,2,1,2,0,0,0,0,1,0,0,1,2,11,9,13,10,12,7,11,13,19,17,20,22,20,18,17,23
d07480,football,0,2,0,0,1,0,0,0,0,0,0,0,0,0,0,2,0,0,2,0,0,0,0,0,5,1,6,8,9,7,4,7,11,10,13,14,19,10,10,15
d07481,astronomy,0,0,0,1,0,0,2,0,0,0,2,0,0,0,0,0,9,5,9,6,7,7,8,5,0,0,0,1,0,0,0,0,8,13,13,12,20,19,10,8
d07482,cooking,0,0,0,1,2,0,0,3,14,15,8,11,4,14,9,18,1,0,3,0,1,0,1,1,0,0,2,0,0,0,0,2,22,29,17,19,28,21,22,27
d07483,astronomy,2,0,0,1,2,3,2,0,2,0,0,0,1,1,2,1,19,30,30,21,18,13,31,16,0,0,2,1,1,2,0,2,34,34,36,36,42,44,40,46
d07484,machine_learning,40,39,41,47,37,40,33,33,2,1,2,1,1,1,2,1,0,2,1,0,0,2,2,1,1,1,2,3,2,0,1,2,64,56,70,66,80,52,55,62
d07485,football,0,3,1,6,5,3,5,5,2,5,3,6,1,3,4,5,3,5,4,7,3,2,1,3,90,98,92,83,106,83,87,92,127,167,136,179,146,138,144,160
d07486,football,2,0,1,0,0,0,0,0,0,0,1,0,1,0,0,0,2,0,0,0,1,0,0,1,7,9,7,4,9,12,2,11,8,29,9,14,16,13,13,19
d07487,astronomy,1,0,2,0,0,1,1,1,2,0,0,1,1,0,1,0,21,15,14,26,19,15,16,13,0,0,4,0,0,0,2,1,24,28,24,25,27,19,26,24
d07488,cooking,0,1,1,0,0,0,0,0,5,10,11,12,14,14,13,10,2,0,1,1,0,0,0,0,0,0,1,1,0,1,1,0,22,17,14,17,15,21,14,23
d07489,football,0,0,1,2,1,0,1,1,0,1,1,1,0,0,1,0,0,1,0,0,1,1,1,0,24,17,16,17,16,24,16,22,25,30,28,33,23,36,25,26
d07490,machine_learning,7,9,9,10,10,7,15,7,1,1,0,0,1,1,0,0,0,1,0,0,1,0,0,0,1,1,1,1,0,0,0,0,19,16,15,11,12,13,15,11
d07491,football,0,2,0,1,2,1,2,0,2,0,0,1,1,2,1,0,0,0,1,0,1,0,1,0,24,31,15,14,18,20,12,13,33,37,33,29,43,40,35,29
d07492,cooking,1,0,1,0,1,1,0,0,35,38,28,38,25,30,32,27,0,1,1,1,1,1,3,3,2,3,0,0,1,1,0,2,47,50,52,48,53,49,35,57
d07493,machine_learning,18,29,23,21,21,21,12,28,0,1,1,2,0,0,1,1,0,3,1,1,1,2,0,0,1,2,1,0,0,2,0,0,35,44,47,37,40,39,53,46
d07494,cooking,0,0,0,0,0,0,0,1,8,10,6,7,4,7,13,4,0,0,1,0,0,0,1,0,0,1,0,0,1,0,0,0,11,9,14,13,9,10,11,11
d07495,machine_learning,7,7,9,11,5,7,9,14,0,0,0,0,0,0,0,2,0,0,0,0,0,0,0,0,0,0,0,0,0,0,0,0,17,3,13,13,12,13,14,8
d07496,astronomy,1,0,0,1,2,1,0,1,0,0,2,1,0,1,0,0,12,12,12,15,16,12,6,12,1,2,3,1,0,0,0,2,27,14,18,25,24,18,18,26
d07497,machine_learning,8,9,5,14,4,6,7,5,0,0,1,2,1,0,0,0,1,0,0,0,0,1,1,0,1,0,0,0,0,2,0,0,9,15,8,13,18,17,15,9
d07498,machine_learning,15,11,7,9,12,10,12,7,0,1,2,1,0,0,1,0,1,0,2,1,0,0,0,2,1,0,1,0,0,0,0,0,7,13,13,14,12,15,10,17
d07499,machine_learning,22,25,25,23,25,16,21,23,2,3,1,0,2,1,0,0,1,0,0,1,2,1,1,0,1,0,0,2,2,2,1,1,48,39,43,27,36,33,28,44
d07500,astronomy,0,0,2,1,0,0,0,1,1,0,0,1,0,0,2,0,23,21,24,16,17,21,24,17,0,0,1,1,0,0,0,0,32,26,30,31,34,34,29,40
d07501,astronomy,1,0,1,0,0,1,0,1,0,0,0,1,0,0,1,0,8,10,10,10,12,6,5,6,0,1,0,0,1,0,1,0,17,18,12,14,11,9,10,10
d07502,astronomy,0,1,1,1,2,2,0,1,1,1,3,2,1,0,1,1,26,27,29,25,25,13,17,18,0,1,1,2,3,2,0,0,30,29,33,39,28,31,35,22
d07503,machine_learning,10,15,16,18,24,19,12,12,1,1,0,1,0,1,1,0,1,0,1,2,0,1,1,0,0,0,1,1,0,0,1,1,29,21,28,29,25,29,27,30
d07504,cooking,2,3,1,2,2,2,0,0,13,24,14,9,13,8,20,11,0,0,1,2,0,0,1,2,1,0,3,1,0,1,0,2,19,20,20,19,19,20,17,27
d07505,cooking,1,0,1,0,0,0,1,0,18,13,11,15,7,15,11,18,0,1,0,0,1,2,0,0,0,1,2,1,1,0,0,0,20,23,17,16,15,28,19,21
d07506,football,1,2,3,1,3,1,0,0,0,0,0,1,0,0,0,0,0,0,0,0,0,0,0,3,10,9,9,10,9,9,9,13,15,14,17,14,16,9,18,11
d07507,football,5,2,2,2,0,5,0,0,0,2,0,1,2,1,2,2,3,4,1,0,0,0,1,1,24,35,35,38,34,29,37,33,43,47,52,52,53,35,63,55
d07508,football,4,1,2,1,5,0,4,1,4,0,1,0,0,1,0,1,0,1,2,2,2,1,2,5,52,41,52,51,51,52,62,58,76,86,78,72,73,65,70,104
d07509,astronomy,2,1,1,1,1,0,1,0,2,0,1,1,1,0,0,2,15,20,13,20,13,11,11,11,0,2,1,1,0,1,0,1,18,26,27,17,28,19,25,30
d07510,machine_learning,10,13,14,14,10,8,16,14,0,0,0,2,0,2,0,0,1,1,0,0,0,1,2,0,2,2,0,0,1,1,1,1,21,26,19,27,16,14,23,27
d07511,machine_learning,12,5,8,11,9,4,8,8,0,1,0,1,0,0,0,1,0,0,0,0,1,0,1,0,0,0,0,0,0,0,1,0,14,17,12,10,10,21,13,14
d07512,cooking,0,0,1,1,0,1,0,0,20,18,18,9,16,17,22,9,1,2,0,1,3,0,0,2,1,1,1,1,0,3,2,0,21,26,40,20,32,26,33,37
d07513,machine_learning,30,33,40,37,44,35,34,35,4,2,3,2,2,3,2,1,1,3,2,1,4,0,2,2,0,2,0,2,0,0,3,3,54,65,62,67,68,50,54,45
d07514,machine_learning,8,14,11,16,11,10,8,7,0,2,1,1,1,1,0,0,1,0,0,1,0,0,1,2,1,0,0,2,1,0,1,0,16,20,18,12,15,21,19,13
d07515,astronomy,1,0,1,1,1,0,0,0,1,0,2,0,2,0,2,2,12,18,20,13,15,16,21,15,4,1,0,1,1,0,0,0,31,28,26,25,25,22,22,20
d07516,cooking,1,1,0,1,2,0,2,0,14,20,15,20,16,14,13,23,1,1,2,1,1,1,2,0,0,1,0,1,1,0,1,1,31,20,17,40,19,27,30,21
d07517,machine_learning,11,7,7,5,10,6,5,6,0,0,0,0,1,1,0,0,1,1,0,2,1,0,0,2,1,0,2,0,0,1,1,0,9,12,10,13,11,10,10,9
d07518,astronomy,2,3,1,2,3,1,0,1,2,6,1,1,2,3,1,2,25,29,19,36,30,28,48,36,1,3,2,1,1,1,3,1,35,59,56,47,49,52,50,41
d07519,football,4,2,2,0,0,1,0,0,1,1,1,0,0,0,2,1,2,0,0,0,0,0,0,1,21,13,15,20,13,14,15,21,20,27,24,30,19,32,26,23
d07520,machine_learning,35,48,50,43,37,38,40,46,6,1,0,2,4,2,3,2,3,1,1,2,0,4,0,2,1,1,3,4,3,0,1,2,76,86,76,85,75,81,76,72
d07521,cooking,0,0,0,0,0,0,0,0,3,4,3,2,1,4,3,0,0,0,1,0,0,0,0,0,0,0,0,0,0,0,0,0,5,5,5,7,2,4,5,4
d07522,football,0,1,0,0,1,0,0,0,0,0,0,0,0,0,0,0,0,0,0,2,1,0,0,0,6,7,5,6,6,11,5,8,5,7,10,11,5,13,12,7
d07523,astronomy,4,1,1,2,0,1,1,2,2,1,1,4,2,1,2,1,34,29,35,28,23,21,28,36,1,1,0,3,3,0,3,2,49,55,60,52,60,48,58,55
d07524,machine_learning,9,7,12,8,7,11,8,6,0,0,0,0,0,2,0,1,0,1,0,0,0,0,0,0,1,1,1,2,1,0,0,0,12,11,9,9,8,6,8,8
d07525,cooking,0,0,1,0,0,0,0,0,10,6,6,4,7,14,14,6,0,0,0,1,0,0,0,0,1,2,1,1,0,0,0,0,15,7,16,20,21,10,11,13
d07526,machine_learning,6,15,8,14,14,11,7,8,0,0,0,0,0,1,2,0,0,1,0,0,0,0,0,1,0,1,0,0,0,0,0,1,12,15,16,16,16,18,19,15
d07527,cooking,2,1,0,3,2,1,1,2,23,27,25,29,20,17,25,22,0,0,1,0,0,1,0,2,1,1,1,1,1,3,1,4,41,44,44,34,40,38,29,21
d07528,cooking,0,0,1,0,0,0,0,0,5,11,8,5,7,11,14,6,0,0,0,0,0,1,1,1,0,0,0,0,0,0,0,1,10,8,16,7,10,13,10,20
d07529,machine_learning,17,19,21,23,11,24,24,19,1,2,0,2,1,0,2,3,3,1,0,0,2,0,0,2,2,0,0,0,1,1,0,0,31,26,31,26,29,26,30,31
d07530,cooking,2,2,1,0,1,0,0,1,27,29,35,29,23,28,34,23,2,1,3,2,1,1,1,1,3,0,1,0,1,1,2,2,53,48,43,36,41,42,48,40
d07531,machine_learning,23,31,38,39,29,30,29,37,2,2,1,5,2,1,0,0,3,0,3,2,2,0,0,1,2,0,0,2,3,1,1,0,65,70,61,54,56,57,67,60
d07532,astronomy,0,1,0,0,1,0,0,0,0,0,0,0,1,0,1,1,2,3,6,10,7,7,14,8,0,0,0,0,0,1,0,0,5,7,11,10,12,5,12,11
d07533,cooking,0,0,1,0,1,1,3,3,21,14,23,17,16,23,19,24,1,1,0,1,2,1,1,0,0,0,0,1,1,1,2,0,27,35,26,28,29,30,21,25
d07534,cooking,0,1,0,3,1,0,1,2,10,15,16,17,18,17,18,15,1,1,1,0,0,0,0,0,1,1,2,0,1,1,1,1,24,29,23,30,30,34,26,27
d07535,machine_learning,9,7,10,8,11,16,12,12,0,0,3,1,1,1,0,0,0,1,0,0,0,2,0,0,0,0,0,0,0,0,2,0,20,8,12,17,14,23,23,17
d07536,football,4,2,1,3,1,2,1,2,1,2,2,0,2,0,1,5,3,0,1,3,3,2,1,0,39,29,33,28,30,43,33,30,62,47,67,61,50,49,50,53
d07537,cooking,0,0,0,0,0,0,0,0,9,9,6,11,7,14,7,5,1,0,0,1,0,0,0,1,0,1,0,0,1,0,1,0,13,11,14,12,16,10,12,15
d07538,football,0,0,1,0,0,1,0,0,0,0,0,0,0,1,0,1,0,0,1,0,0,0,0,0,4,6,8,9,3,3,8,2,7,4,12,12,11,7,14,8
d07539,football,0,0,0,2,0,1,0,0,0,1,0,0,0,1,0,0,0,0,1,0,0,0,0,0,4,10,4,7,7,5,3,10,11,12,18,13,12,11,16,7
d07540,cooking,0,0,1,0,0,0,0,1,9,15,16,11,13,16,16,20,0,0,1,2,2,0,0,0,0,0,2,0,3,1,0,0,14,28,27,28,22,27,24,23
d07541,astronomy,1,1,1,0,0,1,3,0,1,0,1,0,0,1,0,0,15,16,11,9,17,18,25,16,1,1,0,1,0,1,0,1,32,33,38,32,31,21,30,27
d07542,cooking,1,1,1,0,1,0,0,1,8,19,16,17,18,18,15,16,0,1,0,0,0,1,0,1,0,0,2,2,0,1,2,0,29,20,26,19,19,14,25,17
d07543,astronomy,0,0,0,0,0,0,0,1,0,1,1,0,0,0,0,0,6,5,4,5,8,7,6,8,1,1,1,0,1,0,0,0,14,9,13,8,9,7,8,9
d07544,cooking,0,0,0,0,0,0,1,0,5,8,8,8,11,3,11,7,1,0,0,0,0,0,0,0,0,0,0,0,0,0,0,0,6,11,5,9,11,7,11,15
d07545,football,2,0,0,1,1,2,0,0,1,1,0,0,0,0,0,0,1,0,0,0,0,0,0,0,4,7,4,4,5,3,3,9,10,4,6,7,11,8,9,13
d07546,cooking,3,1,1,1,1,2,1,0,8,3,12,13,13,7,21,13,2,0,0,0,0,0,3,0,0,1,0,0,0,0,0,0,16,13,11,11,21,12,23,28
d07547,machine_learning,27,22,34,39,30,33,33,38,1,3,2,2,0,2,1,2,1,0,3,3,1,1,1,0,5,2,3,3,3,1,4,3,68,70,62,66,64,57,51,52
d07548,cooking,1,0,1,0,0,1,0,0,14,10,10,13,8,16,11,14,3,0,0,1,0,1,2,1,0,0,2,0,0,0,0,0,18,22,21,20,20,16,16,23
d07549,football,0,2,0,1,1,0,0,1,0,0,0,0,1,0,1,1,1,0,0,1,1,0,1,2,14,9,6,4,13,7,10,15,14,12,18,18,21,23,20,17
d07550,cooking,0,2,3,2,1,0,1,0,17,18,15,11,22,17,18,22,3,1,3,1,1,0,2,2,0,3,2,0,1,1,1,2,33,42,34,32,42,42,32,41
d07551,football,1,0,0,0,0,0,0,2,0,1,1,0,2,1,0,0,0,1,0,0,0,1,1,1,11,7,13,12,16,10,10,13,21,15,21,26,25,15,14,23
d07552,astronomy,0,0,0,0,0,0,0,1,0,0,0,0,0,0,1,0,3,12,6,4,10,5,5,5,0,0,0,0,0,0,0,0,16,17,9,15,14,14,10,10
d07553,cooking,2,1,2,1,1,2,1,1,17,15,19,19,13,4,13,19,1,1,1,2,1,1,2,0,0,0,0,3,0,1,3,0,28,24,26,36,28,25,22,21
d07554,machine_learning,11,13,10,15,15,13,16,8,0,0,0,0,0,0,0,1,0,1,0,1,1,1,1,0,0,0,0,1,0,0,1,0,17,33,26,24,17,15,18,22
d07555,cooking,1,1,0,0,0,2,0,0,14,9,9,4,9,9,6,15,0,0,1,0,0,0,0,1,0,0,0,2,1,1,2,0,15,14,16,14,20,17,12,15
d07556,machine_learning,20,20,18,30,14,14,20,18,2,0,1,1,1,1,1,1,1,0,0,2,0,0,0,1,1,0,1,1,1,1,1,0,42,33,40,37,36,40,39,34
d07557,football,1,0,0,0,0,0,0,1,0,0,0,0,1,0,0,0,1,0,0,0,0,0,0,1,3,5,4,6,7,5,6,10,9,4,7,9,12,14,23,6
d07558,football,0,1,1,0,0,0,1,1,0,1,0,0,0,0,0,1,1,0,0,0,0,0,0,0,5,7,8,5,6,11,6,8,10,18,6,10,13,9,17,18
d07559,astronomy,1,1,0,2,1,0,3,2,1,0,1,1,0,0,1,2,18,25,17,15,20,24,14,17,0,1,2,1,0,1,0,3,25,26,23,25,38,29,28,36
d07560,football,1,1,0,1,0,1,0,0,0,0,0,1,0,0,1,0,3,1,0,1,0,0,0,2,11,17,14,16,24,17,13,16,22,23,27,24,27,17,20,20
d07561,astronomy,1,1,1,1,0,0,0,1,1,0,0,1,1,2,1,1,15,10,11,9,7,18,13,14,0,0,0,0,2,0,0,0,14,20,23,25,19,26,21,23
d07562,astronomy,0,2,1,0,1,0,1,0,0,0,0,1,3,2,3,4,9,11,11,11,14,13,12,8,1,2,2,0,1,0,0,1,21,24,15,28,19,28,26,20
d07563,machine_learning,15,7,20,21,16,13,16,9,1,1,0,0,0,1,0,1,0,1,1,1,0,0,1,0,1,1,3,1,1,0,3,0,35,27,29,33,29,27,34,22
d07564,astronomy,0,1,2,1,0,2,1,1,0,0,1,0,0,2,0,1,9,9,9,19,6,12,5,21,1,0,0,0,0,1,0,0,18,20,16,10,18,14,15,16
d07565,astronomy,3,2,2,1,3,1,1,2,1,3,4,2,1,2,4,2,22,31,30,27,19,23,35,31,1,0,1,5,3,0,1,1,61,52,55,43,58,58,47,60
d07566,astronomy,0,0,2,0,1,1,0,0,0,2,0,0,0,1,1,1,7,12,10,9,8,5,12,5,0,1,3,0,0,2,0,1,9,12,15,11,13,15,16,23
d07567,machine_learning,1,3,2,8,4,6,4,6,0,0,0,0,0,2,0,0,1,0,0,0,0,0,0,0,0,0,0,0,0,0,0,0,3,10,12,4,8,3,11,7
d07568,football,0,0,0,0,0,0,0,0,1,0,0,1,1,0,0,0,0,0,0,0,0,1,0,0,7,9,8,13,4,7,11,15,20,12,12,20,16,17,8,13
d07569,football,0,0,0,0,0,0,1,0,0,1,1,0,0,0,1,0,0,0,1,0,0,0,0,2,16,10,6,7,13,14,10,9,18,16,15,17,8,19,23,28
d07570,football,0,0,0,0,0,0,0,0,1,2,0,0,0,0,1,0,0,2,0,0,0,0,1,0,4,10,12,7,9,7,4,6,12,9,11,15,13,14,7,10
d07571,machine_learning,13,11,10,15,13,12,10,12,0,0,0,1,1,0,0,1,0,1,0,1,0,1,0,2,0,0,1,0,1,0,0,2,11,18,16,16,20,14,13,21
d07572,football,1,2,2,2,2,1,2,2,5,2,1,2,1,0,1,3,3,5,1,3,0,1,2,2,35,46,44,45,51,45,42,43,71,74,87,80,73,61,77,71
d07573,cooking,1,0,0,0,1,0,0,0,6,9,5,4,4,5,8,4,2,0,0,0,0,0,0,0,0,0,0,0,0,0,0,0,11,8,13,8,7,10,8,4
d07574,cooking,0,0,0,2,2,1,0,0,11,14,10,15,11,11,10,19,1,2,0,0,0,1,1,0,1,1,0,0,0,1,0,0,16,20,20,18,20,19,17,22
d07575,machine_learning,4,5,7,6,9,9,12,14,0,1,0,0,0,0,0,1,0,0,1,0,0,0,0,0,0,1,0,0,1,0,0,1,14,11,17,14,19,11,9,14
d07576,cooking,0,1,0,0,1,0,0,0,8,8,5,7,8,9,4,6,0,0,0,0,0,0,0,0,0,0,0,2,1,0,0,0,9,9,14,4,6,7,10,13
d07577,football,0,0,0,0,0,1,2,1,0,0,2,0,1,0,0,0,0,1,1,0,0,0,1,0,7,20,9,13,14,11,13,13,16,10,16,14,16,9,23,15
d07578,cooking,0,1,2,2,0,1,1,2,41,42,38,30,36,28,43,28,3,1,0,2,0,1,0,1,3,1,1,0,2,5,4,3,61,56,51,59,75,53,44,65
d07579,astronomy,3,0,2,0,1,4,1,2,1,0,0,0,2,0,2,1,16,22,20,24,26,19,24,28,0,1,2,1,1,0,0,0,36,31,21,33,39,29,38,27
d07580,cooking,0,2,0,0,1,0,0,0,20,17,18,18,23,14,13,20,2,0,0,1,1,0,0,0,0,0,0,0,1,0,0,0,30,21,21,21,19,26,20,24
d07581,machine_learning,20,26,18,17,21,24,18,18,0,0,1,1,1,3,2,1,0,1,2,0,0,0,2,2,1,3,1,3,1,0,1,0,31,35,35,24,32,22,22,17
d07582,machine_learning,39,36,36,34,32,35,32,32,1,1,3,2,1,2,1,1,3,1,1,0,4,0,1,3,1,1,0,2,3,1,3,1,60,59,66,54,71,55,52,57
d07583,astronomy,3,1,0,1,0,0,0,0,0,0,1,0,0,1,0,0,9,13,15,11,13,15,12,14,0,0,0,0,1,2,0,0,17,19,22,21,16,16,17,19
d07584,astronomy,0,0,1,0,0,1,0,1,1,0,3,0,1,1,0,0,13,11,15,7,9,6,12,12,1,1,1,0,0,1,0,1,20,21,15,20,25,22,24,21
d07585,astronomy,2,0,0,0,2,1,0,3,1,0,1,5,1,0,1,3,16,16,17,18,17,16,20,16,1,1,3,0,2,2,0,1,42,34,46,39,41,38,33,34
d07586,machine_learning,23,14,16,24,18,18,19,21,0,0,1,2,0,1,0,2,1,0,3,1,1,0,0,0,1,3,2,3,0,1,1,1,31,29,34,35,36,30,29,31
d07587,football,0,0,1,1,0,0,1,0,1,0,0,0,1,1,1,1,1,0,0,0,1,0,0,0,7,3,4,6,4,5,7,7,13,12,6,10,10,10,11,6
d07588,football,0,0,0,0,1,0,0,0,1,0,0,0,0,1,0,2,1,0,0,0,0,0,0,0,4,5,5,5,5,6,1,5,8,8,9,9,13,9,10,15
d07589,football,3,2,5,5,3,2,3,0,2,1,3,5,6,4,3,2,1,3,4,3,3,2,5,4,67,73,66,81,74,61,72,76,115,113,98,105,101,124,116,108
d07590,football,0,0,0,1,0,1,0,1,0,0,0,0,1,2,1,0,0,0,0,1,0,0,0,0,6,7,6,8,3,5,4,4,10,9,7,16,5,3,4,15
d07591,astronomy,0,0,0,0,0,1,0,1,0,0,0,0,0,1,1,0,9,12,7,9,5,5,6,11,0,2,0,0,3,0,0,1,17,20,16,16,13,8,9,14
d07592,machine_learning,4,10,8,8,3,4,8,13,0,0,1,0,1,0,1,0,0,0,1,0,0,1,1,0,0,0,0,0,0,1,0,0,16,16,13,9,15,9,14,9
d07593,cooking,0,0,0,0,0,0,0,0,3,5,6,0,5,8,10,11,1,0,0,0,0,0,0,0,0,1,0,0,0,0,0,0,7,10,11,10,5,4,5,10
d07594,astronomy,0,0,1,2,0,0,1,0,1,1,1,2,1,0,0,0,9,7,8,11,13,12,10,8,0,2,0,2,0,0,0,0,14,10,14,15,11,17,18,19
d07595,cooking,0,2,2,0,0,1,0,1,13,12,17,11,16,12,8,14,1,2,0,0,1,1,1,0,1,2,0,1,0,1,1,1,16,26,15,17,25,15,18,32
d07596,football,2,6,7,4,4,6,4,1,9,7,10,9,6,4,6,4,5,6,9,5,6,6,6,3,123,114,125,98,115,111,124,100,191,193,211,205,211,186,208,186
d07597,cooking,0,0,1,0,0,2,0,0,8,9,12,14,11,17,9,2,0,0,1,2,0,0,1,1,1,1,0,3,0,0,1,1,17,15,17,18,15,22,14,27
d07598,cooking,2,0,1,1,1,0,0,0,8,13,16,10,5,13,9,14,0,1,0,0,0,2,1,1,2,1,0,0,1,0,0,0,28,21,20,21,23,15,18,21
d07599,machine_learning,6,5,9,1,4,3,2,6,0,0,0,0,0,0,0,1,0,0,0,0,1,0,0,0,1,1,0,0,1,0,0,0,5,10,6,3,8,7,7,8
d07600,astronomy,0,2,1,0,3,0,2,0,1,0,1,0,0,0,1,0,16,12,6,10,10,8,6,8,0,0,0,0,2,0,1,0,17,22,18,25,15,14,13,24
d07601,astronomy,1,3,1,1,0,2,1,2,0,3,2,0,4,0,0,1,30,27,38,32,25,32,31,15,0,0,2,2,2,2,1,3,53,53,48,44,41,45,58,51
d07602,machine_learning,11,6,8,18,10,13,15,10,1,2,1,1,0,0,3,3,1,1,0,1,2,1,1,0,0,0,2,2,0,0,0,0,18,23,13,16,21,16,24,23
d07603,cooking,0,1,0,0,0,0,0,1,3,0,3,4,10,7,4,4,0,0,0,1,1,0,0,0,0,0,0,0,0,1,0,0,11,5,10,11,9,6,12,6
d07604,cooking,5,0,1,1,0,0,0,0,20,25,27,24,18,15,21,20,0,2,1,1,0,0,0,1,0,1,1,2,1,0,1,1,33,39,32,33,27,31,33,38
d07605,football,0,0,3,0,1,1,0,0,0,1,2,0,0,2,0,1,2,0,0,2,2,0,1,0,9,10,6,10,10,17,11,10,9,18,17,11,15,24,13,19
d07606,football,1,2,2,1,4,1,2,1,1,1,2,1,0,1,2,1,2,0,0,0,3,0,0,0,38,43,46,44,35,35,46,41,63,80,70,67,70,56,78,58
d07607,machine_learning,7,6,8,7,7,9,7,11,0,1,0,0,0,0,0,0,0,2,0,1,0,1,0,0,0,0,0,1,0,1,0,0,13,17,11,10,17,17,10,13
d07608,football,0,0,0,0,1,0,0,0,0,0,1,0,0,0,0,0,0,1,0,0,0,0,0,0,4,2,5,4,2,5,2,3,8,7,5,6,6,5,8,8
d07609,astronomy,0,0,0,0,0,0,0,0,0,0,0,0,0,1,0,0,2,6,5,6,5,2,4,5,1,0,0,0,0,0,0,0,8,9,6,4,10,10,5,5
d07610,machine_learning,21,22,28,24,22,13,27,26,2,0,3,0,0,2,1,1,1,1,1,2,2,1,0,2,1,2,2,1,5,2,0,1,33,45,29,35,41,40,43,41
d07611,machine_learning,99,100,83,84,95,109,97,99,3,6,3,5,7,5,5,3,9,7,6,6,3,8,5,2,8,7,3,6,7,1,3,2,154,165,159,147,156,151,166,160
d07612,cooking,0,0,2,2,0,1,1,0,19,21,21,27,32,22,19,15,2,0,0,0,0,1,2,1,1,0,1,0,1,1,0,1,33,38,37,34,38,46,38,36
d07613,football,4,2,1,3,2,5,2,2,1,2,2,3,1,2,7,0,0,2,4,5,2,0,3,4,65,66,68,62,69,81,64,59,113,94,100,111,97,109,93,108
d07614,cooking,0,1,1,0,0,0,0,1,8,14,3,8,10,7,11,13,1,2,0,0,1,1,0,0,0,1,2,1,1,0,2,0,18,16,21,25,19,20,14,13
d07615,machine_learning,1,3,6,1,2,3,6,4,0,0,0,0,0,0,0,0,0,0,0,0,0,0,0,0,0,0,0,0,1,0,0,0,7,6,5,7,5,3,2,9
d07616,football,0,2,1,1,1,0,2,0,2,0,2,0,1,2,1,2,2,0,1,2,0,1,0,1,11,16,10,15,13,12,16,15,28,15,15,14,20,17,21,29
d07617,machine_learning,25,23,31,30,33,33,22,30,1,0,2,2,3,0,0,1,3,1,2,1,0,2,0,1,2,2,0,2,1,2,0,1,54,48,55,48,51,36,35,38
d07618,cooking,0,2,2,0,0,0,0,0,15,11,11,9,12,11,10,6,0,0,0,2,1,1,0,1,0,0,2,1,0,0,0,2,15,27,18,15,16,22,24,23
d07619,machine_learning,4,9,12,3,8,8,6,6,0,0,0,0,1,0,0,1,1,0,0,0,1,2,0,2,0,0,0,1,0,0,1,0,12,9,13,10,12,12,12,9
d07620,football,1,0,0,0,0,0,0,0,0,0,0,1,0,0,0,0,1,0,1,0,0,1,1,0,7,8,6,5,12,8,8,4,11,8,13,11,14,10,9,19
d07621,cooking,3,4,3,3,5,4,7,2,69,69,69,56,68,59,57,75,3,1,0,4,1,1,5,1,3,2,0,2,1,2,1,4,107,125,109,108,122,103,104,113
d07622,football,0,1,0,0,2,0,1,0,0,3,0,1,1,0,0,0,1,0,1,1,0,0,0,0,13,16,13,12,14,13,17,14,22,28,20,23,23,22,18,22
d07623,cooking,0,0,0,0,0,0,0,0,10,10,7,11,9,6,9,7,0,2,0,1,0,0,1,0,0,0,0,0,0,0,1,0,15,20,12,15,15,8,18,21
d07624,astronomy,1,1,1,2,0,1,1,1,1,2,0,2,0,2,1,2,19,22,25,18,27,23,17,17,2,0,0,3,0,0,1,1,27,43,39,41,27,45,28,41
d07625,football,1,1,1,1,1,1,1,0,0,1,1,1,1,2,3,0,0,0,0,0,2,0,1,0,26,16,12,20,14,14,13,14,26,33,19,30,29,29,32,21
d07626,football,0,1,1,1,0,1,1,0,0,0,0,0,0,0,0,0,0,2,1,0,0,0,0,0,6,4,6,8,6,6,11,4,6,5,13,7,12,9,10,10
d07627,machine_learning,90,82,84,85,77,64,87,94,6,5,6,3,1,4,5,5,4,2,3,3,2,5,4,2,8,1,5,5,3,3,4,3,141,132,143,136,136,152,141,135
d07628,machine_learning,21,25,23,16,18,26,27,29,1,0,0,1,2,1,0,2,0,1,2,3,0,1,2,0,1,0,0,0,0,3,2,1,33,25,45,40,40,36,41,35
d07629,cooking,1,3,1,1,1,0,0,2,13,11,13,20,8,12,8,16,0,0,0,0,1,1,1,1,0,0,2,2,0,1,1,1,18,24,30,15,28,19,22,25
d07630,football,3,1,2,2,1,2,1,2,0,0,1,0,2,3,1,0,2,2,3,1,2,0,3,1,28,32,35,41,29,36,41,34,38,59,50,60,61,50,51,56
d07631,machine_learning,7,11,10,10,9,8,7,6,1,0,0,1,0,0,0,1,0,1,1,0,0,1,2,0,0,0,0,0,0,0,0,0,17,21,13,15,16,19,20,19
d07632,machine_learning,44,39,36,40,38,39,31,29,1,3,3,3,2,3,1,1,3,1,4,2,1,0,1,1,0,3,0,3,0,0,2,2,53,57,56,65,55,77,72,58
d07633,football,1,3,2,2,0,2,1,1,1,1,0,3,2,4,1,1,1,1,1,1,1,2,0,1,24,25,29,23,20,20,15,25,42,42,36,38,32,42,33,27
d07634,machine_learning,6,5,9,11,7,7,9,7,0,0,1,1,1,1,0,0,0,0,0,1,0,2,0,0,1,0,0,1,0,0,0,1,19,16,18,6,12,14,9,21
d07635,astronomy,4,1,2,1,1,1,2,0,1,2,0,1,2,1,4,0,15,18,14,22,22,20,23,20,0,4,0,0,1,1,1,1,38,37,33,37,41,52,41,37
d07636,cooking,0,3,4,2,2,1,0,0,36,25,31,33,27,25,19,27,1,3,1,0,1,2,3,0,1,2,2,3,1,4,2,2,50,54,57,48,47,48,56,48
d07637,astronomy,0,0,0,0,1,1,1,0,1,0,1,0,1,0,0,1,5,11,5,3,8,9,12,6,1,0,0,0,0,0,0,1,15,18,15,11,12,13,14,8
d07638,machine_learning,5,9,10,9,7,8,11,5,0,1,0,1,1,0,0,0,0,1,0,0,1,1,0,1,0,1,0,0,1,0,0,1,11,19,11,23,15,13,18,18
d07639,machine_learning,8,14,8,8,11,9,6,7,0,4,0,1,0,0,1,0,1,1,0,0,1,0,0,0,0,0,1,0,0,0,1,1,11,11,11,18,11,8,11,13
d07640,cooking,1,0,0,1,1,0,0,0,10,14,11,13,15,9,8,15,0,2,0,2,0,1,0,0,0,0,0,0,0,1,1,0,18,25,16,11,17,18,20,14
d07641,astronomy,0,0,1,2,0,0,1,0,1,3,2,1,1,1,0,0,11,16,17,9,13,23,8,13,0,0,0,0,1,1,0,0,28,31,24,28,20,28,19,19
d07642,machine_learning,11,11,17,19,12,11,17,10,0,0,0,0,1,1,1,3,1,0,1,1,1,0,0,1,0,0,2,1,1,0,1,2,26,23,23,33,29,21,26,29
d07643,astronomy,0,0,0,1,0,1,0,0,0,1,0,1,0,0,0,0,1,3,4,4,6,2,0,8,1,1,0,0,0,0,0,0,11,7,11,9,5,7,9,9
d07644,cooking,0,1,0,0,1,0,0,2,14,15,11,10,9,10,15,12,0,1,0,0,2,0,0,2,2,1,0,1,1,1,0,0,17,21,15,24,17,19,18,28
d07645,cooking,1,2,0,0,0,0,1,0,25,13,19,18,18,16,24,22,0,1,2,1,2,1,2,0,3,0,1,3,0,1,0,1,20,28,25,20,25,24,23,20
d07646,football,1,4,0,3,1,2,3,0,1,1,3,3,0,3,2,2,1,2,0,0,2,0,0,1,35,37,34,36,36,36,31,30,50,65,53,58,50,52,48,53
d07647,football,0,0,0,2,0,0,0,0,1,1,1,1,0,1,0,2,0,0,0,0,1,0,0,0,14,13,11,20,11,11,13,19,18,17,11,18,21,17,17,11
d07648,football,0,1,2,2,1,1,8,2,1,2,0,1,1,2,3,2,2,2,1,1,0,0,1,4,31,39,38,38,43,35,45,53,70,62,82,63,47,67,60,60
d07649,astronomy,1,1,0,2,3,1,4,1,0,2,0,0,1,2,1,1,19,23,25,29,29,28,21,23,0,0,3,1,2,0,2,0,65,62,47,58,40,45,38,43
d07650,machine_learning,7,8,9,10,10,9,3,6,1,0,0,0,0,0,1,0,1,1,0,1,0,1,0,0,0,0,1,1,1,0,1,0,11,9,7,10,15,16,10,14
d07651,machine_learning,17,14,16,22,16,10,15,18,1,0,0,2,1,0,0,0,1,1,0,1,1,0,2,0,0,1,0,1,1,0,0,0,18,24,17,17,26,26,17,23
d07652,football,1,1,3,3,3,0,1,1,0,1,3,2,3,3,3,1,2,4,2,2,5,4,5,3,52,62,58,63,43,45,51,55,90,65,78,90,71,75,73,85
d07653,astronomy,0,1,1,1,0,0,1,2,1,2,0,1,4,1,1,1,20,26,24,18,19,21,18,18,1,0,1,1,0,0,0,1,35,38,27,31,32,23,30,39
d07654,astronomy,3,4,3,4,5,3,3,2,2,2,1,4,3,0,4,3,64,55,55,48,65,46,59,58,1,1,2,2,7,4,1,4,98,91,77,84,96,105,92,87
d07655,cooking,0,4,2,1,1,2,1,1,18,16,20,17,16,19,20,16,0,0,1,0,0,0,0,1,1,1,0,0,0,1,0,1,33,22,29,40,30,32,27,35
d07656,astronomy,1,0,0,0,0,0,1,0,0,1,1,0,0,0,0,2,9,7,10,3,8,3,13,5,0,0,0,0,0,0,1,0,9,10,12,18,14,15,15,10
d07657,cooking,3,1,2,2,0,4,1,2,43,36,32,41,38,43,37,35,3,4,3,2,0,3,3,4,1,3,5,2,1,4,2,3,70,73,64,63,60,57,61,70
d07658,cooking,0,1,1,2,1,1,0,1,15,15,15,8,9,10,13,15,1,0,2,2,3,1,1,1,0,2,0,0,0,0,3,2,30,15,21,25,25,16,14,30
d07659,machine_learning,6,7,10,9,8,6,9,7,2,1,0,1,1,0,1,2,1,0,1,0,1,0,1,1,0,0,1,0,0,0,1,0,11,16,12,13,11,21,16,17
d07660,cooking,1,0,1,2,1,0,2,2,11,19,22,14,16,17,20,15,0,0,2,1,0,0,0,0,3,0,0,0,2,1,0,2,19,30,31,23,20,30,25,31
d07661,machine_learning,3,6,9,6,12,7,6,6,0,0,1,2,0,0,0,2,0,0,0,0,0,0,0,1,0,1,1,0,0,0,2,0,13,14,7,11,13,13,11,3
d07662,machine_learning,10,9,13,16,15,13,8,13,0,0,0,1,0,3,0,0,0,0,0,0,1,0,0,0,1,1,1,0,0,1,0,0,18,23,22,25,24,20,21,12
d07663,football,0,0,4,1,0,0,0,0,0,2,1,0,1,0,0,0,0,0,0,0,0,1,0,0,15,14,19,15,18,9,9,6,18,23,27,16,20,22,23,19
d07664,astronomy,0,0,1,0,2,1,1,1,0,2,0,0,1,2,3,1,15,19,14,15,17,18,20,23,0,0,1,1,5,1,2,0,24,34,33,33,27,32,28,27
d07665,machine_learning,8,15,9,12,9,15,7,10,0,0,0,0,0,1,0,0,0,0,2,1,1,0,1,2,0,0,0,0,1,1,0,0,22,23,14,22,20,28,24,20
d07666,machine_learning,14,8,11,10,8,6,10,5,1,1,0,2,0,2,2,1,0,0,1,0,0,2,0,0,0,0,0,0,0,0,0,1,20,12,16,13,9,10,15,6
d07667,astronomy,0,0,1,1,0,3,2,0,0,1,1,2,1,0,1,2,16,9,16,11,11,9,13,9,1,0,0,3,0,0,1,1,23,18,22,21,20,11,24,21
d07668,machine_learning,9,3,14,8,12,5,9,5,0,0,0,0,0,2,1,1,0,0,0,0,1,0,2,0,0,0,1,0,0,0,1,0,8,18,10,19,17,8,12,7
d07669,astronomy,3,0,0,0,1,1,0,0,0,0,1,0,1,0,1,0,16,11,7,12,15,8,6,12,0,0,1,0,1,0,0,0,17,27,17,18,24,24,24,21
d07670,football,0,0,0,0,0,0,1,1,4,1,1,2,1,0,1,0,0,0,2,1,1,0,1,0,22,22,25,24,24,21,19,23,33,47,39,37,40,41,31,27
d07671,machine_learning,36,37,37,36,42,30,34,34,0,1,3,2,1,2,3,1,0,1,2,0,1,2,0,2,0,3,4,3,0,0,4,0,62,63,64,63,75,60,61,57
d07672,cooking,0,0,0,2,2,0,1,0,12,13,16,11,16,8,19,18,1,0,0,0,3,1,0,0,0,2,1,0,2,0,0,2,24,28,25,24,25,21,26,20
d07673,machine_learning,110,102,104,130,93,107,116,106,8,3,6,5,4,4,8,3,8,7,4,4,4,2,7,5,2,4,9,7,5,5,3,8,191,158,160,175,197,155,167,175
d07674,cooking,1,0,0,0,0,0,0,1,10,2,6,5,4,4,6,6,0,0,1,0,0,0,0,0,1,0,1,0,0,1,0,0,12,13,9,11,7,11,12,11
d07675,football,1,0,0,1,0,0,2,0,0,1,1,1,1,1,1,1,0,2,1,0,0,0,0,0,20,14,14,20,16,18,9,20,30,29,29,22,25,22,22,26
d07676,astronomy,2,1,0,4,1,0,2,1,0,0,1,2,2,0,0,2,31,24,35,35,37,26,40,28,2,2,0,2,0,3,3,3,51,45,63,52,49,63,57,52
d07677,football,1,0,0,1,0,2,2,0,1,0,2,0,1,1,1,1,2,3,1,1,0,0,0,1,20,17,20,14,20,21,20,18,47,34,31,34,41,39,24,40
d07678,cooking,0,0,0,0,0,0,0,2,18,16,14,12,12,19,11,16,0,1,0,1,0,1,3,1,1,1,0,1,0,0,0,1,18,20,28,24,25,17,32,24
d07679,cooking,1,1,1,1,0,1,1,1,25,16,23,27,14,27,22,28,0,0,3,1,0,4,0,1,1,2,2,0,2,1,0,1,42,37,34,34,33,36,32,34
d07680,football,1,1,0,3,0,2,0,1,0,1,0,0,2,0,2,0,1,0,1,1,1,0,0,1,31,24,17,23,24,24,19,14,29,30,32,24,35,25,27,25
d07681,cooking,2,0,0,0,0,1,3,0,23,30,28,42,25,28,26,24,1,4,2,2,1,1,1,0,1,1,1,0,0,2,1,2,53,44,47,48,56,50,44,43
d07682,machine_learning,11,6,6,5,8,12,9,6,0,1,0,0,1,1,0,1,0,0,0,1,0,0,1,2,0,0,1,0,0,0,0,0,15,7,20,10,12,6,9,14
d07683,machine_learning,15,15,12,14,19,15,16,11,0,0,3,1,4,0,0,0,0,2,1,1,2,1,3,0,0,0,0,0,1,1,0,1,31,21,30,36,29,34,32,27
d07684,astronomy,0,0,0,0,0,0,0,0,0,1,0,0,0,1,0,0,2,5,3,2,5,4,1,5,0,0,0,0,0,0,0,1,4,2,4,6,7,3,7,2
d07685,astronomy,1,0,1,2,0,0,0,2,0,0,0,0,1,0,2,0,6,6,5,5,9,3,5,4,1,0,0,0,0,0,0,0,14,7,16,7,6,7,13,8
d07686,football,1,0,1,0,1,0,1,0,1,0,2,0,2,2,1,1,0,0,0,1,0,0,0,2,8,7,8,12,5,12,9,4,13,19,16,12,13,13,16,18
d07687,astronomy,1,2,0,1,2,0,0,2,1,1,0,0,3,0,1,2,15,16,13,13,13,13,17,13,0,1,0,0,1,0,2,1,29,29,28,24,24,24,21,32
d07688,football,3,2,3,4,5,2,2,2,1,2,5,3,4,3,1,2,1,2,5,6,5,4,5,2,53,61,56,49,42,52,45,62,82,85,86,91,92,76,84,79
d07689,football,2,2,1,1,0,1,1,0,0,2,0,3,0,0,0,1,3,1,2,1,1,0,0,1,19,24,23,21,13,16,18,6,33,32,34,31,37,27,33,33
d07690,football,5,4,5,4,4,1,5,4,2,1,7,2,0,2,2,6,1,3,3,1,7,6,1,2,85,74,71,85,92,76,79,60,128,128,140,129,153,104,145,112
d07691,football,0,0,1,0,0,2,1,0,1,1,0,0,1,3,1,0,0,1,1,0,0,0,0,3,12,6,11,8,18,14,13,20,23,15,14,27,22,17,21,12
d07692,cooking,2,0,2,0,2,0,1,1,9,14,12,17,8,13,18,13,1,0,0,0,0,0,0,0,1,0,0,0,0,2,0,0,26,14,23,16,19,10,33,18
d07693,astronomy,0,0,0,1,0,1,0,0,0,1,1,0,1,0,0,1,11,8,19,16,10,6,6,8,0,2,1,1,2,0,2,0,16,9,15,18,17,14,13,17
d07694,astronomy,1,0,0,1,0,1,1,0,0,1,1,0,1,0,1,0,7,15,18,8,11,15,11,9,0,1,0,0,1,0,4,0,14,14,20,8,17,15,16,15
d07695,machine_learning,31,27,29,34,31,18,25,38,2,1,3,1,1,0,2,0,4,1,0,3,1,3,2,1,1,0,1,1,0,0,0,2,40,43,64,40,47,42,40,38
d07696,cooking,3,1,1,3,3,0,1,2,22,32,34,28,44,21,34,24,3,3,0,2,3,2,3,0,0,0,0,2,2,3,0,4,67,53,45,56,42,69,54,51
d07697,cooking,0,0,0,0,1,0,1,1,8,8,7,5,6,5,11,7,0,1,0,0,0,1,0,0,0,0,0,1,0,0,1,0,12,11,11,14,9,9,8,11
d07698,machine_learning,19,29,18,10,19,24,17,19,1,0,0,0,4,1,1,1,1,1,0,0,0,0,1,0,0,0,2,0,0,1,0,2,23,24,31,31,25,34,29,38
d07699,machine_learning,18,8,13,15,4,11,14,9,0,1,1,1,1,1,1,1,1,1,1,0,1,0,2,1,0,1,0,0,0,1,1,2,18,26,21,18,24,25,27,26
d07700,machine_learning,47,32,34,42,47,39,38,39,2,1,0,5,2,2,3,2,2,1,6,0,3,1,4,4,2,1,3,1,2,0,1,3,66,54,78,66,76,74,74,77
d07701,cooking,3,0,0,0,2,1,0,1,10,7,10,6,17,7,15,10,0,0,1,1,0,0,0,0,0,0,0,0,1,0,0,0,27,16,15,13,18,21,17,24
d07702,astronomy,0,0,1,0,0,3,2,0,0,0,0,1,0,0,0,0,6,9,3,7,14,3,9,12,1,0,2,0,0,0,0,0,20,17,17,13,18,12,14,19
d07703,football,0,1,1,2,0,0,0,0,0,1,1,1,1,0,1,1,1,1,1,0,0,0,0,0,11,14,7,11,14,12,11,9,11,23,15,24,14,17,18,12
d07704,astronomy,0,1,1,0,1,0,0,0,0,1,0,2,2,2,0,0,10,15,11,10,17,12,9,12,0,1,0,0,0,3,1,1,25,17,18,19,23,8,19,15
d07705,machine_learning,87,84,76,86,92,65,95,75,2,6,6,8,5,1,4,4,1,9,4,3,5,0,5,5,4,5,1,8,2,5,3,5,127,153,111,135,103,143,123,139
d07706,astronomy,1,0,0,0,0,0,0,1,1,1,1,1,0,0,0,0,6,8,13,2,6,4,10,8,0,0,0,1,0,0,0,0,16,13,14,16,11,14,11,11
d07707,machine_learning,38,42,35,41,28,44,36,24,1,1,3,2,2,4,3,2,1,2,0,1,1,1,2,1,3,3,2,2,3,4,4,1,64,62,59,48,56,57,70,56
d07708,astronomy,1,0,0,0,0,0,1,0,0,0,0,1,0,0,0,0,2,5,6,3,5,5,1,1,0,0,0,0,0,0,0,1,4,10,8,6,6,5,1,6
d07709,cooking,0,0,1,0,0,0,0,0,2,3,4,2,9,1,5,3,0,0,0,1,0,0,0,0,0,0,0,0,0,0,0,0,3,5,10,6,6,3,8,8
d07710,cooking,1,2,1,0,0,1,0,3,19,16,22,19,19,15,16,18,1,2,0,1,3,0,1,0,0,1,1,0,0,1,2,2,24,32,34,24,25,26,22,26
d07711,astronomy,2,0,0,0,2,0,0,0,1,0,0,3,0,0,2,0,20,21,15,17,13,15,18,15,1,2,0,0,0,0,2,0,27,33,20,26,27,22,32,33
d07712,football,0,0,0,1,0,0,0,1,0,0,0,0,1,0,2,0,0,0,0,0,0,0,0,0,6,3,10,7,8,7,12,9,12,11,10,14,15,15,10,10
d07713,cooking,1,1,2,1,0,3,0,0,10,10,8,10,5,7,12,4,0,0,1,1,0,1,0,1,0,0,0,1,0,0,0,1,12,11,13,12,13,9,14,19
d07714,cooking,0,1,0,0,0,0,1,1,5,9,19,10,18,13,17,13,0,0,3,0,1,2,0,0,1,2,0,1,3,0,0,1,31,14,22,22,16,19,19,24
d07715,astronomy,0,0,1,2,1,1,5,2,1,1,1,4,0,0,1,2,21,28,33,30,17,22,26,26,0,2,0,1,0,1,1,6,41,45,45,52,42,44,48,42
d07716,astronomy,1,0,0,1,0,1,0,0,0,1,1,0,2,1,0,1,11,7,9,10,12,7,8,8,1,0,1,0,1,0,0,1,9,16,14,16,11,12,11,9
d07717,machine_learning,8,9,10,9,12,5,9,7,0,0,0,1,1,1,0,1,0,0,1,2,0,1,1,0,1,0,0,1,1,0,0,0,17,25,26,16,13,15,23,11
d07718,cooking,0,0,0,0,0,0,0,0,10,5,6,8,7,7,6,7,0,0,0,0,0,2,0,0,0,0,1,1,0,0,0,1,11,11,6,9,11,9,4,10
d07719,astronomy,0,0,0,1,0,2,0,1,0,0,1,0,2,1,0,1,9,16,20,22,10,20,15,19,1,1,0,0,0,0,0,0,28,22,36,27,24,31,25,15
d07720,astronomy,0,1,0,3,0,0,1,3,2,0,1,1,0,0,0,1,14,10,14,13,14,27,17,12,0,0,1,0,1,0,0,0,24,20,25,31,20,25,30,27
d07721,astronomy,1,0,0,1,1,0,0,1,0,0,0,0,0,0,1,1,12,10,11,6,8,14,11,7,0,0,0,0,0,0,0,0,18,19,18,14,16,16,18,11
d07722,cooking,6,4,0,4,3,5,5,3,65,73,74,74,61,76,67,93,2,2,2,4,5,7,3,2,6,3,3,0,3,5,4,1,100,109,122,114,109,124,114,108
d07723,cooking,0,0,0,0,2,1,0,0,5,3,8,4,10,10,7,4,0,1,1,0,0,1,0,0,1,0,0,0,0,0,0,0,14,9,16,10,23,13,15,8
d07724,astronomy,1,2,0,0,0,0,0,0,0,1,0,0,0,0,0,0,4,4,3,1,1,5,5,2,1,1,0,0,1,0,1,0,2,3,6,5,5,10,3,9
d07725,cooking,3,4,5,5,5,2,2,2,46,74,59,62,56,45,60,78,1,5,2,1,2,0,2,1,4,3,2,5,2,1,5,1,91,128,80,96,94,102,109,85
d07726,machine_learning,12,11,13,14,13,6,9,21,1,0,0,0,0,0,1,0,0,0,1,0,0,1,1,1,2,1,0,0,0,0,0,0,32,23,25,15,25,20,25,20
d07727,machine_learning,19,13,20,14,19,9,10,12,0,0,0,1,0,2,1,1,3,0,1,0,1,1,1,2,0,0,0,1,3,1,0,0,33,22,29,21,24,28,24,25
d07728,astronomy,1,1,1,0,2,3,1,3,1,2,1,1,1,0,1,0,17,29,18,32,21,29,28,27,3,1,1,0,2,0,2,0,44,43,41,43,31,45,37,38
d07729,machine_learning,128,120,125,123,114,118,118,141,5,1,5,10,4,9,3,7,1,5,6,8,4,5,11,3,8,7,2,2,5,8,4,3,187,188,203,177,198,205,188,201
d07730,cooking,0,2,1,1,0,0,2,2,14,12,12,9,5,12,9,19,3,1,0,0,1,0,0,1,1,1,0,0,1,0,0,0,18,15,17,19,23,14,25,8
d07731,football,0,0,0,0,2,0,0,1,3,0,2,2,1,0,0,1,0,0,0,1,0,0,0,2,12,21,9,7,11,11,12,14,13,15,11,16,18,23,19,20
d07732,machine_learning,8,8,3,3,4,8,6,16,0,1,0,0,0,0,0,0,0,0,0,0,0,0,1,1,0,0,0,0,1,1,0,1,9,12,9,12,11,12,11,16
d07733,football,0,0,0,0,0,1,0,0,0,1,0,0,0,0,0,2,0,0,0,2,0,0,1,0,6,2,6,6,4,2,4,5,9,4,9,5,2,9,9,10
d07734,machine_learning,40,48,47,43,47,40,46,47,4,3,2,1,3,5,0,2,1,1,3,3,0,2,2,0,1,1,3,3,2,1,3,0,65,72,84,54,75,68,66,63
d07735,football,2,2,0,2,1,2,2,0,2,0,0,0,0,0,1,1,0,1,0,1,0,0,1,1,15,12,10,11,11,9,7,11,19,16,20,19,12,19,11,21
d07736,football,2,1,2,0,0,1,2,0,1,1,0,0,0,1,0,0,0,0,2,2,0,0,0,1,10,4,6,11,8,9,12,15,21,16,15,16,10,10,15,20
d07737,machine_learning,12,6,14,14,12,11,17,11,1,0,2,0,0,4,1,1,0,0,1,2,0,2,2,0,2,1,1,0,0,0,0,0,15,34,25,31,19,33,16,25
d07738,machine_learning,24,18,17,22,14,14,8,16,1,0,0,1,0,0,0,2,0,0,0,1,0,0,0,0,1,0,0,1,0,2,2,0,19,24,30,23,24,31,25,25
d07739,astronomy,2,0,6,1,1,3,1,1,3,1,0,3,0,2,0,0,26,27,44,37,33,19,36,29,2,0,3,0,6,1,2,1,60,62,45,43,59,51,48,41
d07740,astronomy,1,1,0,0,0,1,0,1,1,0,1,3,0,2,0,0,12,14,15,15,13,19,10,28,0,2,1,2,0,0,0,0,33,18,33,40,31,20,33,26
d07741,machine_learning,5,9,3,7,1,6,6,6,2,0,0,0,0,0,0,0,0,0,0,0,0,0,0,0,0,0,0,0,2,0,0,0,6,8,7,7,9,9,6,10
d07742,machine_learning,25,24,28,28,29,28,29,23,1,0,1,0,2,2,0,0,2,0,0,0,0,0,2,1,1,2,2,4,1,0,1,2,25,34,54,46,36,51,34,38
d07743,football,1,0,1,0,1,0,0,0,0,0,1,0,0,0,2,0,1,2,1,2,1,0,1,2,4,4,7,19,13,16,11,15,24,16,13,21,21,28,15,17
d07744,astronomy,0,1,0,1,1,0,1,1,3,1,0,2,1,1,1,2,16,17,21,20,20,16,14,11,1,1,0,2,0,0,0,3,15,21,25,21,24,23,29,29
d07745,astronomy,0,0,0,0,0,0,1,0,0,1,0,1,1,1,1,0,11,8,7,11,13,9,10,9,0,0,0,1,0,2,0,2,14,15,7,11,12,16,17,10
d07746,football,0,2,1,0,2,2,0,1,2,2,0,1,1,1,2,0,2,4,1,1,1,0,1,0,20,23,27,17,13,23,17,22,27,26,36,32,39,41,41,32
d07747,football,2,1,1,3,1,1,2,2,1,0,1,0,0,0,0,0,0,0,1,1,1,0,2,0,18,21,18,21,22,18,24,21,26,44,33,34,29,40,32,36
d07748,cooking,0,0,1,0,1,0,1,0,0,3,2,2,5,3,7,3,0,1,0,0,0,0,0,0,0,0,0,0,0,0,0,0,4,9,5,12,7,5,9,7
d07749,astronomy,1,1,0,2,1,2,1,1,0,0,1,0,0,0,2,0,15,12,17,19,10,18,18,18,3,0,1,0,0,0,0,0,19,23,25,28,24,24,27,33
d07750,astronomy,3,2,5,2,2,2,0,0,4,2,3,2,1,2,1,1,48,37,33,33,40,43,35,43,0,2,1,1,1,1,1,1,65,67,64,72,63,65,75,66
d07751,astronomy,0,1,1,0,0,0,0,0,0,0,0,0,0,1,0,0,7,2,2,11,8,4,4,9,1,0,0,0,0,0,1,0,15,7,10,8,8,10,6,9
d07752,football,0,2,0,1,0,0,2,0,1,2,1,4,1,3,0,1,1,1,3,0,0,0,3,0,30,29,21,16,24,26,25,19,46,32,44,40,31,26,37,28
d07753,astronomy,2,1,0,0,1,0,0,0,2,0,1,3,1,2,1,4,25,29,20,28,21,19,28,19,1,0,1,2,2,0,1,0,49,40,40,31,31,48,52,48
d07754,machine_learning,18,21,19,20,20,18,18,15,2,1,1,1,2,0,1,2,0,0,2,1,1,1,0,0,0,1,0,2,1,1,1,0,26,35,31,30,27,24,40,34
d07755,machine_learning,60,60,63,54,56,54,57,62,1,1,2,4,4,4,4,2,4,1,1,4,3,1,2,2,3,4,5,3,1,1,4,2,86,115,104,85,108,79,114,87
d07756,cooking,1,0,0,1,0,1,1,0,8,7,18,12,9,9,12,13,1,0,0,0,0,0,0,0,1,0,0,3,3,0,0,1,24,21,27,21,20,19,23,21
d07757,cooking,2,1,1,4,1,3,0,2,26,34,32,32,34,32,30,39,0,1,1,2,0,2,3,0,1,1,0,2,2,2,1,2,45,48,65,58,47,52,45,50
d07758,astronomy,1,1,0,0,0,0,0,0,0,1,0,0,0,1,0,0,14,14,19,13,11,14,12,16,0,0,1,2,0,0,1,0,18,14,15,20,14,20,22,17
d07759,machine_learning,38,29,36,44,33,34,45,33,3,1,2,2,2,4,3,2,2,0,2,1,3,2,3,2,2,4,1,2,1,1,2,3,81,75,75,65,69,76,66,68
d07760,astronomy,0,0,0,0,1,0,0,0,0,1,1,1,0,1,1,1,4,4,3,4,3,3,7,10,0,0,1,0,0,0,0,1,7,9,7,7,8,13,8,8
d07761,football,1,0,1,0,1,3,0,0,0,0,1,2,1,0,2,2,5,2,1,0,1,0,2,2,24,23,22,28,19,28,20,21,35,42,38,38,29,34,40,34
d07762,football,1,1,0,3,1,6,1,1,0,0,0,2,0,0,1,1,0,2,0,1,1,1,1,0,30,22,18,20,14,15,19,22,27,47,38,32,30,40,27,33
d07763,football,0,2,0,3,3,2,1,1,2,0,2,1,3,1,0,3,2,0,1,3,4,2,1,2,46,46,48,47,56,47,43,50,87,74,76,75,95,90,68,75
d07764,football,0,0,0,1,1,0,0,0,1,0,0,0,0,0,1,0,0,0,0,0,0,1,0,1,0,2,2,2,2,6,4,5,8,10,6,7,7,9,7,6
d07765,football,0,0,2,1,1,0,0,0,1,0,1,0,0,0,1,0,0,0,0,0,0,1,0,0,15,9,12,14,11,7,16,10,15,24,19,15,13,20,19,16
d07766,astronomy,0,0,0,1,0,0,2,0,0,0,0,2,1,0,0,0,6,11,7,8,6,6,10,10,1,2,0,0,1,0,0,0,14,10,10,17,10,14,12,9
d07767,cooking,0,1,0,3,0,0,0,2,6,21,7,13,14,11,19,11,1,1,0,1,0,0,1,2,0,0,0,0,0,0,0,1,33,24,26,22,19,24,19,26
d07768,cooking,2,1,3,0,0,3,2,1,15,23,17,20,25,25,21,20,0,2,2,1,0,1,2,0,1,1,0,1,0,0,1,0,49,32,33,30,45,32,25,34
d07769,astronomy,0,0,1,1,0,2,0,0,2,1,1,0,3,1,2,1,14,9,9,13,19,13,14,7,0,2,1,0,1,0,0,0,19,24,30,25,26,18,20,17
d07770,cooking,1,1,0,0,0,1,0,1,3,2,6,6,4,4,1,6,2,0,0,1,0,0,0,1,0,0,0,0,0,0,0,0,11,6,9,6,8,6,3,6
d07771,machine_learning,4,3,3,4,5,3,4,6,1,0,0,0,0,0,0,0,0,0,0,0,0,0,0,1,0,0,0,0,0,1,0,0,10,4,7,4,2,4,7,6
d07772,astronomy,0,0,0,2,0,0,1,1,0,0,1,0,0,0,1,2,5,3,3,6,5,3,9,2,1,0,0,1,0,0,0,1,11,2,7,7,8,8,2,8
d07773,football,4,0,1,2,1,0,2,2,0,0,1,0,2,3,1,2,2,0,0,1,0,1,2,1,19,22,27,30,21,16,19,19,35,34,29,31,30,27,33,29
d07774,astronomy,2,4,3,4,4,5,5,2,2,1,3,3,0,6,5,2,51,46,55,62,48,56,52,57,5,3,4,1,1,2,6,7,87,80,82,92,102,93,95,82
d07775,cooking,0,0,1,1,0,1,2,2,19,9,11,22,19,14,15,9,0,0,2,1,0,0,0,1,1,0,1,1,0,1,3,0,32,19,21,24,22,33,14,27
d07776,astronomy,0,1,0,0,1,0,1,2,0,0,0,0,0,1,1,0,12,17,13,11,18,13,14,20,2,1,0,1,0,1,0,0,26,31,22,19,24,23,18,25
d07777,cooking,2,1,0,0,1,2,0,1,20,27,20,25,26,15,17,31,1,0,1,1,2,2,0,1,3,2,1,1,2,0,3,0,43,36,40,33,34,39,29,42
d07778,astronomy,2,1,2,0,2,1,0,4,1,1,0,0,3,1,2,0,23,17,25,25,22,19,15,32,1,1,3,0,1,2,0,1,38,42,42,38,49,45,35,39
d07779,machine_learning,10,18,24,18,21,21,22,10,0,1,1,0,0,1,0,2,0,1,0,1,3,1,2,1,2,0,1,0,0,0,1,0,37,39,31,32,29,28,42,29
d07780,astronomy,2,1,3,1,0,7,3,4,2,2,1,1,0,2,2,3,27,31,33,34,45,37,33,38,3,3,3,2,0,0,0,1,58,64,59,73,56,57,69,41
d07781,cooking,1,2,0,0,3,0,2,2,28,24,21,29,17,18,19,18,1,0,0,2,1,0,0,0,1,1,0,2,1,1,1,1,35,35,25,27,30,35,36,26
d07782,football,0,2,0,0,0,0,0,0,0,0,1,0,0,1,0,0,0,2,0,0,0,0,1,0,13,10,12,9,9,11,11,9,26,35,20,26,22,38,22,27
d07783,astronomy,4,1,2,2,0,1,1,4,2,1,0,1,2,1,0,1,37,33,19,37,31,24,36,21,1,4,1,1,1,0,3,1,44,46,53,42,51,56,39,36
d07784,football,0,0,1,0,1,2,0,1,0,0,0,3,0,1,0,0,2,1,0,1,0,0,0,0,16,13,22,18,17,16,15,20,36,25,34,30,19,25,34,33
d07785,cooking,1,1,2,1,0,0,1,0,19,20,19,24,18,14,23,22,0,0,1,0,1,1,1,1,1,2,0,0,4,2,3,0,34,35,22,35,30,36,37,32
d07786,astronomy,0,2,0,0,1,0,1,0,1,1,2,1,4,2,0,1,23,23,20,20,22,20,21,16,2,2,0,4,0,2,2,1,35,29,32,40,29,41,28,44
d07787,cooking,1,0,0,0,2,0,2,1,32,25,22,18,21,27,31,25,1,0,0,3,1,1,0,0,2,0,0,2,2,0,0,1,40,35,32,50,54,39,45,33
d07788,astronomy,3,1,0,0,0,2,0,0,0,1,1,2,1,2,2,0,35,29,31,25,23,25,16,31,0,2,1,0,2,0,2,2,44,50,55,42,44,54,45,45
d07789,cooking,0,0,0,0,1,1,0,0,5,8,13,5,8,6,11,5,0,1,0,2,0,1,0,1,0,1,0,0,0,0,0,0,21,20,9,8,18,8,17,14
d07790,football,0,1,0,0,0,0,0,2,1,0,0,0,2,2,0,2,0,1,0,0,0,0,0,0,12,12,11,9,10,10,8,14,15,24,19,29,11,19,29,18
d07791,football,1,0,0,1,1,0,0,2,0,0,0,1,0,0,0,0,2,0,0,2,0,0,0,0,10,10,9,2,4,8,4,7,6,14,9,7,16,8,11,6
d07792,football,1,3,2,1,0,1,1,0,1,0,1,2,0,0,0,0,0,0,0,2,0,1,0,0,20,23,16,20,24,25,26,29,37,27,30,34,31,29,31,33
d07793,machine_learning,13,9,11,17,12,13,17,14,0,1,2,1,1,0,0,1,0,0,0,1,0,1,2,1,0,1,0,2,0,0,1,0,23,24,16,25,24,17,16,22
d07794,astronomy,0,0,1,0,0,0,0,0,0,0,0,0,0,0,0,0,8,9,3,6,6,7,6,5,0,1,0,0,0,0,1,0,6,12,6,12,16,9,10,13
d07795,machine_learning,31,27,19,32,28,34,37,27,2,0,0,3,1,1,2,1,1,0,3,1,2,1,2,2,1,1,0,0,0,2,3,1,54,48,48,44,48,41,45,49
d07796,cooking,1,2,3,0,1,1,1,3,12,24,16,20,24,21,26,19,0,1,3,0,1,1,2,0,2,3,0,0,0,3,1,2,31,29,29,31,34,35,28,28
d07797,football,0,0,3,1,1,2,1,1,3,0,0,1,2,1,1,4,1,2,1,2,0,2,0,2,22,18,29,17,29,25,27,31,33,51,37,44,39,43,38,58
d07798,astronomy,0,0,2,0,1,0,0,1,0,0,1,1,0,1,3,0,5,8,8,11,12,13,6,10,0,1,1,0,0,1,0,1,18,11,10,9,12,12,18,11
d07799,astronomy,1,0,1,0,1,2,1,2,0,2,2,3,3,0,1,1,15,12,15,9,21,17,21,11,0,0,0,1,1,1,1,1,35,27,25,23,27,23,24,24
d07800,football,0,0,1,0,1,0,0,0,0,0,0,0,1,0,0,0,0,0,0,0,1,0,1,0,4,6,6,7,4,7,4,4,12,11,12,9,8,14,12,5
d07801,cooking,2,1,0,0,2,1,0,0,29,27,38,26,33,12,28,37,3,1,0,0,3,1,1,4,1,1,3,1,1,1,0,1,53,43,49,67,39,46,43,56
d07802,machine_learning,14,11,13,14,20,12,18,15,0,3,2,2,3,0,0,0,3,0,1,0,1,0,3,0,0,0,1,0,1,0,1,2,29,23,26,23,28,20,35,31
d07803,cooking,0,1,0,2,0,0,0,0,9,2,6,6,7,12,14,5,1,2,1,1,0,1,0,1,1,1,1,1,0,1,1,0,12,15,15,10,8,17,6,7
d07804,astronomy,0,0,0,0,1,0,1,1,0,1,0,0,0,0,0,0,7,5,9,5,3,5,6,6,0,2,0,1,0,1,0,0,10,9,13,9,10,4,5,10
d07805,football,0,0,0,0,0,0,0,0,2,0,0,2,0,0,0,0,0,0,2,0,1,0,0,1,5,3,6,8,9,7,2,5,8,8,5,5,3,4,8,6
d07806,machine_learning,7,3,4,0,4,5,10,6,1,1,1,0,0,0,1,0,0,0,0,0,0,0,0,0,0,0,0,0,0,1,0,0,10,11,7,7,8,6,8,10
d07807,cooking,2,4,4,3,5,5,4,8,84,87,85,81,94,82,69,88,3,3,3,1,6,5,2,9,6,10,3,6,3,4,4,6,133,153,143,117,134,154,145,136
d07808,cooking,0,0,1,1,0,0,1,1,13,7,10,14,9,7,18,10,0,1,0,1,0,0,0,0,0,1,0,0,0,2,1,1,22,12,16,14,15,22,10,12
d07809,astronomy,0,0,0,2,0,0,0,0,0,0,0,0,1,0,0,0,9,14,7,6,4,7,7,2,0,0,0,0,1,1,0,0,14,8,10,10,10,10,9,10
d07810,cooking,0,1,0,1,0,0,2,0,18,16,6,19,9,16,9,13,0,0,0,0,0,2,0,0,0,0,0,1,0,0,2,0,18,23,27,27,19,22,28,22
d07811,machine_learning,8,8,7,8,12,9,8,9,0,1,0,0,0,0,0,0,1,0,0,0,0,0,0,0,2,0,0,1,0,3,1,1,10,12,15,17,19,17,9,12
d07812,cooking,0,0,0,0,0,0,0,0,5,4,6,6,2,10,5,6,0,0,0,0,0,0,0,0,0,1,2,0,0,0,0,0,10,3,3,12,4,14,6,7
d07813,machine_learning,8,9,5,8,7,7,4,6,0,0,0,1,0,0,0,0,2,0,0,0,1,1,0,0,1,0,1,1,1,1,1,0,7,10,12,22,15,15,11,13
d07814,machine_learning,12,5,14,17,14,10,19,17,1,0,0,0,2,1,1,4,1,2,0,1,4,0,0,0,1,0,0,1,0,1,2,0,21,28,28,26,32,25,22,25
d07815,football,1,0,0,1,2,0,0,0,0,0,1,2,4,0,0,0,0,2,1,1,0,0,0,1,17,23,20,24,26,18,20,17,44,37,37,36,29,34,25,40
d07816,football,0,0,0,1,0,0,2,1,3,2,2,1,0,0,2,1,0,1,1,0,1,0,1,3,14,18,17,17,17,20,19,16,29,21,35,27,26,39,28,21
d07817,machine_learning,8,6,6,5,5,7,9,6,3,0,0,0,1,1,0,0,0,0,0,0,1,0,0,0,1,0,0,0,0,1,0,1,9,16,19,10,12,10,10,15
d07818,machine_learning,7,9,13,5,10,6,9,4,1,0,0,0,0,0,0,0,1,0,0,0,0,0,0,0,0,0,0,1,1,0,0,0,11,11,12,12,18,14,13,15
d07819,machine_learning,27,37,16,32,18,19,19,19,1,2,0,2,0,3,1,1,1,3,1,1,0,1,1,2,1,3,0,0,0,0,1,0,37,44,26,34,29,41,36,39
d07820,astronomy,3,1,0,3,0,2,0,2,2,1,0,0,1,0,1,0,30,19,21,18,21,21,20,29,0,0,0,1,0,2,1,1,35,42,38,30,32,38,50,37
d07821,cooking,1,1,0,1,2,0,0,0,7,17,17,14,9,11,17,19,0,1,1,1,1,1,1,1,0,0,1,2,1,0,2,0,21,28,19,20,19,21,34,23
d07822,football,1,1,2,2,0,1,0,2,0,0,1,0,3,0,0,2,0,1,1,3,0,3,1,0,22,21,25,15,25,20,22,21,37,43,31,41,31,34,41,48
d07823,astronomy,1,2,2,1,0,0,2,0,0,0,0,0,3,0,0,0,17,17,9,13,12,17,11,28,0,1,0,0,0,0,0,0,20,26,26,27,22,20,35,24
d07824,machine_learning,25,17,27,17,25,23,20,25,1,0,0,0,1,1,2,1,2,2,0,0,0,0,0,0,2,0,1,0,1,0,1,1,30,34,29,34,38,34,44,35
d07825,football,1,0,0,1,1,1,2,0,1,1,1,2,2,0,2,0,0,0,0,0,0,1,3,0,22,25,19,22,21,14,23,17,38,27,22,30,30,28,25,37
d07826,football,1,2,1,2,1,1,0,1,0,0,0,0,1,0,0,1,1,2,2,0,1,1,1,0,17,12,17,20,18,26,17,20,32,23,38,28,39,35,33,37
d07827,cooking,1,1,1,0,0,0,2,0,26,17,24,24,25,28,41,24,2,0,3,2,1,1,1,3,1,2,0,2,2,0,3,1,47,42,38,35,39,43,42,39
d07828,cooking,0,2,1,0,0,1,0,0,9,13,12,9,13,11,16,12,0,0,0,0,0,1,0,0,0,0,1,1,2,1,0,0,13,20,17,10,23,21,20,10
d07829,machine_learning,12,18,11,16,13,14,11,16,0,0,0,0,1,1,1,0,2,1,1,0,1,1,1,1,0,3,1,1,0,0,1,0,29,41,20,26,29,23,26,22
d07830,machine_learning,33,35,38,36,35,29,31,37,4,0,5,2,1,4,3,3,3,1,3,4,4,2,3,2,2,0,2,3,3,2,2,2,61,58,64,62,65,61,54,59
d07831,cooking,0,0,0,0,0,0,0,1,5,4,11,7,6,4,6,6,1,1,0,1,0,2,0,0,1,0,1,0,0,0,0,0,9,8,10,17,6,12,10,8
d07832,cooking,0,2,0,0,0,0,0,0,4,4,6,1,2,5,5,3,1,0,0,0,0,0,0,0,0,0,0,1,0,0,0,0,9,4,11,5,2,7,3,11
d07833,cooking,0,0,0,1,0,0,0,2,6,14,8,7,7,9,9,9,0,2,0,2,1,0,0,0,1,1,0,0,0,0,0,0,17,14,8,14,8,16,19,23
d07834,football,3,1,4,2,2,2,1,0,3,2,6,6,5,3,2,5,5,3,3,1,0,5,3,4,68,65,54,69,71,83,59,49,110,111,90,107,105,90,103,106
d07835,cooking,2,1,1,2,0,1,4,0,6,20,15,12,22,22,16,27,1,2,1,0,2,0,2,0,1,1,0,2,1,0,0,2,25,37,31,43,33,27,31,26
d07836,machine_learning,61,50,45,32,43,43,50,55,1,2,1,1,3,3,0,1,1,3,3,0,0,3,0,1,0,5,3,0,4,2,1,2,70,77,51,55,77,78,75,69
d07837,astronomy,1,1,2,2,0,1,0,0,1,0,0,3,0,1,0,0,8,14,20,11,9,13,12,15,1,2,0,0,0,0,0,0,27,25,24,24,20,20,25,26
d07838,astronomy,2,3,3,4,4,0,3,2,2,3,2,3,4,4,1,5,76,74,66,82,85,93,95,90,5,4,7,3,2,4,5,2,116,140,149,137,123,134,112,133
d07839,football,1,1,0,0,1,2,0,0,1,1,2,1,1,2,0,1,1,5,1,1,0,2,0,2,29,27,27,25,26,24,29,38,38,46,51,48,42,55,62,48
d07840,machine_learning,31,30,19,31,15,30,31,28,0,3,1,1,0,0,1,1,0,2,1,2,0,2,0,0,1,2,0,2,2,1,1,0,46,37,33,40,48,31,28,42
d07841,cooking,0,3,1,0,1,0,1,0,18,15,19,21,15,18,11,15,2,0,0,0,0,1,0,3,1,1,0,1,0,0,0,0,40,25,30,24,21,37,36,31
d07842,cooking,2,3,2,2,2,1,0,0,28,37,42,48,37,39,35,29,2,4,1,1,1,2,2,1,2,4,3,2,2,3,2,0,49,52,50,50,52,64,60,50
d07843,machine_learning,5,6,5,6,6,8,5,7,0,0,0,0,0,0,0,1,0,1,0,0,3,0,0,0,0,1,0,0,1,1,1,1,19,13,14,4,17,12,9,11
d07844,cooking,0,1,1,1,0,0,1,1,14,25,18,21,16,14,19,25,1,0,0,2,1,0,1,0,1,3,0,1,0,2,0,1,40,42,32,36,37,31,18,31
d07845,machine_learning,20,18,24,29,25,21,14,22,1,1,1,1,1,2,1,2,1,2,0,4,1,1,0,2,2,3,0,0,0,0,1,2,36,34,27,37,33,30,30,28
d07846,cooking,3,0,1,1,1,0,1,1,25,45,31,32,20,33,33,24,2,1,0,3,2,1,1,0,2,2,4,1,0,1,0,3,48,42,40,37,33,43,57,65
d07847,astronomy,1,1,1,1,1,0,0,2,1,2,2,0,4,0,4,0,17,16,26,22,22,31,28,25,0,5,1,5,1,2,1,1,49,53,33,37,45,44,39,43
d07848,cooking,1,2,0,1,1,0,0,0,9,11,8,7,5,7,7,9,0,0,0,0,0,0,1,0,0,0,1,1,0,1,0,0,12,14,16,8,19,10,18,6
d07849,astronomy,1,2,0,0,0,0,0,0,1,1,1,0,0,0,1,1,11,13,10,13,16,13,12,15,2,0,1,1,0,0,0,0,21,28,17,31,18,27,25,23
d07850,astronomy,0,0,0,1,1,1,0,1,0,0,0,3,0,1,0,0,7,11,9,11,17,6,18,10,1,0,0,0,0,0,0,1,19,21,14,21,18,17,19,16
d07851,football,0,1,0,1,1,2,1,1,0,0,1,0,0,0,0,1,0,0,0,2,0,0,0,0,14,16,10,6,9,7,7,5,8,17,17,23,20,18,21,25
d07852,machine_learning,9,8,8,4,9,7,9,7,1,1,1,0,0,0,1,1,0,2,0,0,0,0,0,1,0,0,0,0,0,0,0,0,19,15,16,23,22,7,19,7
d07853,astronomy,2,0,1,0,1,2,0,2,0,0,4,1,2,1,0,1,22,19,29,21,22,26,29,28,1,1,1,2,1,0,2,0,31,41,41,31,43,41,36,36
d07854,cooking,2,1,1,3,1,2,2,1,31,28,41,37,36,22,33,32,0,2,0,1,0,2,1,1,2,1,1,1,1,0,2,0,39,49,53,50,49,56,49,51
d07855,machine_learning,7,9,5,4,3,8,1,3,0,1,0,0,0,1,0,0,0,1,0,0,0,1,0,0,0,0,0,0,0,0,0,1,12,7,8,10,3,12,6,11
d07856,cooking,1,1,0,2,3,2,4,2,26,29,17,34,22,30,19,32,2,1,3,3,1,2,3,1,0,0,1,1,1,3,1,0,34,37,45,46,29,44,45,42
d07857,football,0,0,0,3,0,0,0,0,0,1,0,1,0,0,1,0,1,1,0,0,1,0,0,1,4,7,7,2,10,8,7,8,9,9,14,9,11,10,13,16
d07858,cooking,1,0,0,1,0,0,1,0,10,10,14,11,15,12,8,11,0,2,1,2,0,0,0,1,0,0,0,0,1,0,1,0,21,19,20,21,17,10,14,16
d07859,football,0,0,0,0,0,1,1,0,0,2,0,2,0,2,0,1,1,3,0,0,1,0,0,0,5,6,6,10,10,14,11,7,25,17,20,19,14,21,20,23
d07860,football,0,0,0,0,0,1,1,0,0,1,0,0,0,0,0,0,0,0,0,1,1,0,0,1,3,5,5,7,10,1,7,6,5,8,11,8,11,13,11,9
d07861,cooking,0,0,2,0,0,1,1,2,18,18,7,19,13,19,15,10,0,0,2,1,2,0,1,1,0,1,1,2,1,0,0,0,29,20,16,22,15,26,19,26
d07862,cooking,2,0,3,3,1,4,1,1,59,47,51,48,36,51,54,59,2,2,1,1,1,4,3,2,0,1,6,4,3,2,2,4,90,103,95,96,83,94,94,84
d07863,cooking,0,0,0,0,0,0,0,0,10,18,9,8,7,14,10,8,0,0,1,0,0,1,0,0,2,0,1,1,0,0,1,0,11,19,7,13,21,18,16,21
d07864,cooking,2,2,0,0,2,1,1,2,31,21,27,27,29,27,18,19,1,1,1,2,1,2,0,2,3,0,0,0,1,1,1,0,46,32,39,40,44,34,48,43
d07865,football,0,0,0,1,1,0,1,0,2,1,0,1,0,0,0,0,0,1,0,1,0,0,1,0,7,7,3,5,7,7,9,3,11,3,9,8,11,4,6,11
d07866,football,0,0,1,2,0,0,0,0,0,0,1,0,0,1,1,0,0,0,0,1,0,0,0,3,12,22,16,15,13,16,19,14,35,20,26,35,20,20,35,40
d07867,cooking,0,0,1,1,0,0,0,0,10,8,17,13,12,12,9,12,1,0,1,1,1,2,3,0,1,0,0,0,0,1,1,1,15,26,22,21,18,28,25,19
d07868,machine_learning,53,43,40,40,32,39,43,40,2,3,0,7,0,0,1,3,3,2,3,2,0,2,3,3,2,1,4,2,0,4,3,1,72,72,84,65,71,74,81,68
d07869,machine_learning,10,8,5,9,8,12,9,11,0,1,0,0,0,2,0,0,0,1,0,1,1,0,0,0,1,0,0,1,0,0,0,1,11,16,19,15,11,13,10,14
d07870,cooking,2,0,0,1,1,2,0,0,26,24,19,19,23,20,17,19,1,3,3,3,2,3,1,0,2,0,0,0,0,1,0,0,30,40,35,48,39,40,39,27
d07871,cooking,3,2,0,2,1,3,1,2,19,25,22,13,26,27,22,21,1,1,3,2,2,0,0,2,2,0,2,0,2,1,2,1,34,42,37,22,41,36,48,27
d07872,machine_learning,20,6,13,14,13,13,16,16,1,1,0,0,1,2,2,1,1,1,0,3,2,0,0,1,3,0,1,1,1,0,0,0,33,30,35,20,29,20,31,16
d07873,football,2,0,0,1,1,0,0,1,0,1,0,0,0,0,1,1,0,0,1,0,0,0,0,0,4,4,11,9,17,12,15,4,17,25,25,27,13,22,18,18
d07874,machine_learning,22,37,18,19,27,27,22,17,0,1,3,3,0,3,3,1,2,1,1,2,0,3,1,2,3,1,1,0,2,3,2,0,34,40,28,36,26,36,33,37
d07875,cooking,0,0,0,0,0,0,1,0,6,8,5,6,7,3,6,8,1,0,0,0,0,0,0,1,1,1,0,0,1,1,0,0,11,10,16,10,15,6,12,11
d07876,football,0,1,2,1,1,0,0,0,1,1,1,0,0,0,2,0,1,0,1,0,1,1,0,1,6,9,9,15,11,9,9,8,18,23,12,21,27,20,20,23
d07877,football,0,1,1,2,0,0,1,0,0,1,1,0,1,3,2,0,1,0,0,1,0,0,0,1,15,17,11,28,13,19,15,19,33,22,32,29,29,30,29,34
d07878,cooking,0,1,3,2,2,1,2,0,21,15,32,23,18,15,25,22,1,0,0,0,2,1,0,1,2,0,0,2,2,0,1,1,37,33,46,32,39,36,37,25
d07879,astronomy,0,2,0,1,0,0,0,1,0,0,1,1,1,1,0,3,17,10,12,18,11,15,16,18,0,1,0,0,0,2,2,0,17,19,20,25,20,18,29,35
d07880,football,2,0,3,1,0,1,0,0,3,0,1,1,0,0,1,1,1,3,2,0,1,1,2,1,27,35,26,29,19,30,20,18,39,44,35,35,26,38,31,31
d07881,astronomy,4,0,1,1,1,0,0,0,2,0,1,0,0,1,0,0,12,16,10,12,11,8,5,5,0,0,1,2,1,1,0,1,23,20,18,20,15,13,23,21
d07882,football,2,0,0,0,1,0,0,0,0,0,0,0,1,0,0,0,0,0,0,3,0,0,1,0,10,8,5,12,2,4,8,6,11,9,11,7,7,11,10,8
d07883,cooking,0,2,0,0,0,0,0,0,5,5,8,8,10,9,8,6,0,0,3,0,0,0,2,1,0,0,0,1,0,0,0,0,13,7,14,8,15,11,14,13
d07884,football,0,2,0,1,0,2,1,2,0,0,2,1,1,0,1,0,0,3,1,1,1,0,0,0,18,13,18,12,16,20,19,18,29,29,33,23,34,32,31,27
d07885,machine_learning,14,15,16,11,12,14,16,15,0,0,1,1,1,0,1,0,3,0,0,1,0,1,1,0,0,1,1,1,0,0,0,1,20,20,21,26,22,12,16,28
d07886,astronomy,0,2,0,0,1,0,0,2,1,0,0,1,0,1,0,1,11,11,9,13,13,6,8,7,0,1,1,1,0,0,0,0,25,14,16,14,19,15,18,15
d07887,football,1,4,1,2,2,2,4,1,0,1,3,0,2,0,1,3,1,1,3,1,0,1,4,0,20,19,22,21,28,26,29,27,39,48,38,44,44,37,48,34
d07888,astronomy,0,1,0,0,0,0,0,0,0,1,0,0,0,0,1,0,3,4,12,4,5,3,6,6,0,1,0,1,0,1,0,0,10,8,7,6,4,5,10,11
d07889,astronomy,0,0,0,0,0,1,0,0,0,0,1,0,1,0,0,0,6,7,6,4,5,4,7,8,0,1,0,1,1,0,1,0,5,11,7,7,13,15,13,11
d07890,cooking,0,2,0,1,0,2,1,1,11,8,10,13,6,8,6,4,0,1,0,0,0,1,0,1,1,0,1,1,1,1,0,0,12,17,18,14,21,12,12,15
d07891,astronomy,1,1,1,0,1,0,2,0,0,1,1,0,1,1,1,0,10,16,16,12,16,10,12,18,1,0,0,0,0,1,1,0,20,33,26,24,26,21,26,26
d07892,cooking,1,1,1,2,1,1,1,1,26,23,26,17,18,26,30,23,1,1,0,0,2,2,2,1,3,3,4,1,0,2,2,2,52,42,46,39,38,51,42,37
d07893,machine_learning,3,3,3,1,3,1,0,3,0,0,0,0,0,0,0,0,0,1,0,0,1,0,0,0,0,0,0,0,1,1,0,0,7,2,5,7,7,1,8,7
d07894,machine_learning,28,23,28,29,27,23,28,30,2,3,1,1,2,0,3,1,0,2,3,1,2,0,1,4,0,4,3,1,0,2,3,3,57,46,41,49,43,45,39,52
d07895,football,0,0,0,0,0,0,0,0,0,0,0,0,0,0,0,1,0,1,1,1,0,0,0,0,8,2,3,4,5,7,2,5,13,8,4,7,3,6,6,7
d07896,astronomy,1,0,0,0,2,0,0,2,0,0,0,0,0,0,0,1,7,8,5,7,8,7,6,9,0,0,0,0,0,0,0,0,14,17,10,9,11,5,11,14
d07897,astronomy,0,1,1,2,0,4,0,2,2,2,2,2,1,1,1,0,69,55,51,67,66,58,37,60,2,3,5,4,3,5,6,3,88,108,71,87,108,82,89,79
d07898,cooking,1,1,0,1,0,1,1,1,9,11,11,13,9,7,9,7,0,1,0,2,0,0,0,0,2,2,1,2,1,0,1,0,19,10,15,18,15,14,11,13
d07899,astronomy,4,2,4,3,4,8,3,8,3,2,8,5,5,2,1,3,77,73,68,70,67,87,78,70,0,6,3,3,6,3,10,5,109,101,124,114,123,117,121,112
d07900,cooking,0,0,1,1,0,0,1,1,18,24,13,21,10,23,16,15,0,0,0,0,1,1,0,1,0,0,0,0,2,0,1,2,28,30,24,23,25,34,18,20
d07901,machine_learning,3,1,3,7,5,3,3,1,0,0,0,1,0,0,0,0,1,0,0,1,1,0,0,0,0,0,0,0,0,0,0,0,0,5,4,6,7,5,7,6
d07902,football,3,1,2,2,0,2,1,2,0,1,3,3,0,0,1,0,0,1,2,1,0,1,2,0,26,26,28,23,24,32,22,21,46,35,38,39,38,42,37,50
d07903,cooking,2,1,2,2,2,1,0,0,24,34,25,26,30,21,27,27,1,0,0,3,2,1,1,3,0,0,0,6,1,1,0,1,40,57,39,30,32,47,50,46
d07904,astronomy,0,0,0,0,0,0,2,0,0,0,0,0,0,0,0,0,6,4,3,3,6,4,6,4,0,1,2,0,0,1,0,0,4,4,6,7,6,5,8,5
d07905,astronomy,0,4,3,1,0,1,2,1,4,1,0,1,5,1,1,2,18,45,29,45,27,45,32,32,2,1,0,2,0,2,2,2,57,56,55,52,53,56,58,70
d07906,cooking,0,1,0,1,1,0,0,0,9,1,2,4,4,6,0,2,0,0,0,0,0,0,0,0,0,0,1,0,0,0,0,0,4,6,6,8,5,7,8,3
d07907,football,0,0,0,0,0,0,2,0,0,1,0,1,0,0,0,1,0,1,0,1,0,0,0,2,5,5,4,5,2,5,3,8,16,5,14,5,10,14,7,12
d07908,cooking,1,1,1,0,1,0,0,1,19,25,15,14,10,14,11,10,0,0,0,1,0,2,0,0,0,1,0,1,1,1,1,0,21,20,29,26,27,25,26,12
d07909,astronomy,1,0,0,0,1,3,0,1,0,0,4,1,2,1,0,0,10,13,22,6,18,18,12,9,1,1,0,1,0,1,0,0,29,36,22,24,19,22,30,24
d07910,machine_learning,8,10,16,8,12,11,10,11,1,1,0,0,0,1,0,2,0,0,1,1,1,1,1,0,0,0,1,0,0,1,0,0,22,21,24,17,20,25,27,15
d07911,astronomy,0,0,0,0,1,0,0,0,0,0,0,1,1,0,1,1,10,13,11,4,15,8,9,9,0,1,0,1,1,0,1,1,17,11,17,20,7,15,5,14
d07912,cooking,0,0,0,1,0,0,1,1,3,5,7,6,9,7,9,2,0,0,0,0,0,0,0,0,0,0,0,1,0,0,0,0,6,10,9,12,10,13,9,5
d07913,astronomy,1,0,0,1,1,1,0,0,1,0,0,1,1,1,0,1,15,15,12,17,14,18,17,14,0,0,0,2,0,1,0,1,22,15,17,26,23,24,24,25
d07914,cooking,1,2,1,3,0,3,1,2,17,12,11,22,12,11,14,18,0,2,0,1,0,1,1,1,0,0,1,0,1,0,1,3,25,29,32,29,23,17,20,21
d07915,astronomy,0,3,4,1,3,1,3,0,0,2,5,2,2,1,1,4,43,48,46,40,40,47,35,44,2,2,3,5,2,3,4,3,77,83,87,73,77,77,83,72
d07916,astronomy,0,0,0,0,0,0,0,0,0,0,0,0,0,0,0,0,3,1,2,0,2,2,10,5,0,0,0,2,0,0,0,2,4,5,3,8,6,8,3,3
d07917,football,3,0,2,2,2,0,1,2,2,4,2,4,1,1,0,1,3,2,2,2,1,3,0,3,40,33,39,35,37,41,43,34,56,40,53,53,47,53,65,49
d07918,astronomy,0,2,0,0,0,1,1,0,0,2,0,0,0,0,0,0,3,4,5,7,2,8,7,5,0,0,0,2,0,0,0,1,14,7,11,7,6,9,8,8
d07919,astronomy,1,0,0,1,0,0,1,0,2,0,1,0,0,0,0,0,15,13,10,18,17,12,21,17,0,4,0,0,0,0,2,1,15,30,27,24,24,30,18,22
d07920,machine_learning,34,28,33,32,33,37,31,37,1,1,1,1,1,3,3,0,1,3,1,1,3,0,0,2,1,1,1,2,0,3,1,4,52,45,64,55,57,49,67,61
d07921,cooking,2,1,2,1,2,0,0,0,31,19,22,21,22,15,24,24,1,0,2,0,1,1,3,1,1,0,2,2,2,1,2,1,24,37,43,36,35,37,37,45
d07922,machine_learning,19,16,19,15,23,12,14,14,0,1,0,1,3,0,2,1,1,1,0,0,3,0,0,0,0,0,2,1,1,0,0,0,35,23,32,28,26,29,22,21
d07923,cooking,1,1,0,2,1,1,5,0,15,9,15,8,18,17,15,13,0,0,2,1,0,1,0,0,0,3,0,0,3,0,1,0,24,29,22,27,19,23,32,25
d07924,cooking,1,0,0,0,0,0,1,0,15,12,7,14,14,7,9,10,1,0,1,0,0,0,0,0,0,0,0,2,0,0,0,1,18,18,12,15,14,13,12,21
d07925,machine_learning,13,13,12,15,3,19,9,11,0,0,2,0,0,0,0,0,0,0,0,1,1,0,0,0,0,1,0,1,1,1,0,3,20,15,26,13,23,16,13,18
d07926,astronomy,1,0,1,1,0,1,0,1,0,1,1,1,0,2,1,0,12,10,11,9,15,13,11,17,1,1,0,0,0,1,0,0,21,26,18,29,25,19,31,25
d07927,football,5,1,3,1,6,5,1,0,4,3,1,5,1,1,3,2,3,7,1,3,3,0,3,1,66,79,75,76,70,60,58,78,109,101,135,115,118,121,116,112
d07928,cooking,0,0,1,0,0,0,0,0,14,15,17,14,9,10,20,18,0,0,0,2,0,0,1,2,2,3,1,1,2,0,2,0,19,17,26,23,26,20,26,23
d07929,football,3,2,4,3,3,0,3,2,3,1,3,0,1,1,1,2,1,2,1,1,0,1,3,3,29,30,25,27,24,29,38,30,65,39,45,58,56,64,51,47
d07930,cooking,0,1,0,0,1,2,1,0,14,8,15,14,12,8,9,9,0,1,1,0,0,0,0,1,0,2,0,0,0,1,1,1,16,20,18,18,19,10,19,15
d07931,astronomy,4,4,3,1,2,1,0,0,0,1,2,1,4,1,2,2,47,31,33,27,37,31,41,43,0,4,2,2,0,0,1,1,64,50,49,62,63,55,60,55
d07932,machine_learning,26,30,27,21,25,25,23,30,2,1,1,2,0,2,1,1,2,0,2,1,1,0,1,1,3,0,0,1,1,1,2,3,44,44,32,41,40,41,28,39
d07933,cooking,0,0,0,1,0,1,0,0,5,4,12,5,12,6,13,4,1,1,0,0,1,0,1,0,0,1,0,0,0,0,1,0,14,14,14,10,15,15,4,12
d07934,football,1,1,3,1,0,1,1,0,2,1,0,1,0,0,1,1,0,1,0,1,2,3,1,1,11,22,17,15,18,15,24,19,29,29,23,33,25,21,25,21
d07935,football,0,1,1,1,2,1,1,1,0,1,0,2,1,0,0,2,2,1,1,1,1,0,0,1,16,21,25,28,21,23,16,25,37,32,32,32,29,47,38,50
d07936,machine_learning,17,17,20,22,22,26,21,17,0,3,1,2,0,0,2,1,0,0,0,2,2,1,1,0,0,0,2,3,1,0,1,2,32,35,38,38,30,30,28,33
d07937,cooking,0,1,1,2,1,1,1,1,30,33,24,30,33,28,35,29,1,4,1,4,2,1,5,1,0,0,0,3,2,0,1,4,42,45,56,45,45,50,42,58
d07938,cooking,0,0,2,1,2,0,3,0,19,11,21,23,16,21,18,9,1,3,0,0,1,0,0,1,4,0,1,4,0,0,1,1,23,25,31,29,34,35,25,21
d07939,astronomy,0,0,2,0,1,1,0,1,2,0,1,0,2,1,1,0,9,9,11,15,14,12,5,14,0,0,0,2,0,2,0,0,17,25,22,26,17,12,19,16
d07940,football,0,1,3,0,0,1,0,1,0,0,0,0,0,0,0,2,0,1,0,1,0,0,0,0,9,10,7,8,5,6,8,4,10,12,9,5,13,11,10,6
d07941,football,0,1,2,0,0,1,2,0,0,1,2,1,1,1,2,0,0,2,1,1,0,1,1,3,21,29,18,21,22,23,24,16,37,29,39,31,34,36,27,40
d07942,astronomy,0,0,0,0,0,0,0,0,0,0,0,0,0,0,0,1,7,4,2,8,13,7,10,3,0,0,0,0,0,1,1,0,8,12,15,11,10,7,14,10
d07943,machine_learning,10,7,6,9,13,9,8,11,1,0,1,1,0,1,0,0,1,0,0,1,2,0,0,1,0,1,0,0,1,0,0,0,13,17,16,11,14,10,9,15
d07944,machine_learning,7,5,5,11,4,5,6,6,1,0,0,0,1,1,0,0,0,0,1,4,0,0,0,2,0,0,0,0,0,0,0,0,16,7,8,9,13,9,14,10
d07945,cooking,1,0,1,2,1,3,0,1,13,18,9,20,9,13,14,19,0,1,0,0,1,0,0,1,0,4,0,0,0,0,0,0,17,22,28,27,21,15,17,17
d07946,football,1,1,1,0,0,0,0,1,0,2,0,1,0,0,0,2,1,2,1,0,0,0,0,1,11,10,8,9,14,17,13,16,19,17,24,10,21,20,18,15
d07947,football,1,0,0,1,0,0,0,0,1,1,0,0,0,1,0,0,1,0,0,0,0,1,1,0,7,5,7,10,11,7,3,8,22,6,12,7,6,9,15,10
d07948,cooking,0,1,0,2,1,3,4,1,22,26,24,25,36,17,28,33,2,1,0,1,1,1,3,3,0,1,1,0,0,2,0,3,35,60,49,43,51,48,40,53
d07949,football,0,0,0,0,0,0,1,1,1,0,1,0,2,2,0,2,0,0,0,0,0,0,0,1,6,5,7,8,11,10,15,6,15,13,15,12,11,9,11,11
d07950,astronomy,0,0,1,1,1,0,3,2,0,0,1,0,2,0,0,1,13,12,13,8,16,18,12,10,2,0,0,0,0,0,1,0,15,15,21,20,12,13,20,20
d07951,machine_learning,9,12,8,4,11,11,7,5,0,0,0,0,0,0,0,1,0,0,1,0,1,1,0,0,0,0,1,0,0,0,0,1,14,8,10,12,11,17,13,10
d07952,machine_learning,8,7,12,13,10,5,8,6,0,0,0,0,1,1,1,0,0,0,0,0,1,0,0,0,2,1,0,0,0,1,0,0,15,17,5,10,7,9,21,13
d07953,football,0,0,0,0,0,1,0,0,0,0,0,0,0,1,1,0,1,0,0,0,0,0,0,0,11,9,8,9,11,7,3,9,17,15,13,10,10,14,15,12
d07954,astronomy,1,0,0,0,0,0,0,0,0,0,0,1,0,1,1,1,7,7,3,11,12,15,9,8,0,0,0,2,0,1,1,1,9,7,10,16,14,12,18,19
d07955,football,0,0,0,0,0,0,0,0,0,0,0,0,0,0,0,0,1,0,0,0,0,1,0,1,4,5,5,2,6,3,1,1,5,2,7,8,7,4,8,7
d07956,machine_learning,1,3,3,3,6,2,7,5,0,1,0,0,0,1,0,0,0,1,0,0,0,0,1,1,1,0,1,0,0,0,1,0,8,8,3,6,5,7,5,7
d07957,machine_learning,7,5,3,9,3,6,4,4,1,0,0,1,0,0,1,0,0,0,1,0,2,1,0,0,0,0,0,0,0,1,0,0,12,14,10,11,8,17,8,8
d07958,cooking,2,0,5,0,0,1,2,1,15,30,27,33,22,32,29,32,2,1,2,1,1,0,0,0,1,2,1,1,0,0,5,1,35,43,44,39,36,34,45,39
d07959,astronomy,0,1,1,0,0,0,0,2,0,1,1,1,0,1,2,0,20,27,22,20,25,19,16,22,0,3,1,2,0,3,0,1,32,40,31,36,27,38,37,31
d07960,astronomy,0,1,0,2,1,0,0,0,0,0,0,0,1,0,1,0,12,8,10,3,5,6,5,2,0,2,0,0,1,0,0,0,10,13,4,15,12,12,7,12
d07961,cooking,0,0,0,0,0,0,0,1,6,3,2,4,9,3,1,6,0,0,0,0,0,0,0,0,1,0,0,0,0,0,0,0,9,6,4,9,10,3,9,4
d07962,astronomy,1,1,0,0,0,0,1,0,2,0,0,0,1,0,0,0,7,1,10,4,5,3,3,4,1,0,0,1,0,0,1,0,10,16,7,6,11,13,10,15
d07963,football,0,0,3,0,0,1,0,1,1,3,1,2,0,0,0,0,0,0,3,0,1,0,0,0,8,12,10,8,8,8,6,10,22,21,15,14,11,14,18,10
d07964,cooking,0,1,0,0,0,0,1,0,8,7,4,6,8,5,7,8,0,1,0,0,2,0,0,0,1,0,0,0,0,0,1,0,8,16,14,11,14,13,16,15
d07965,astronomy,1,0,1,1,0,0,1,1,0,0,0,0,0,1,0,0,19,9,16,17,13,13,14,14,0,0,0,1,0,1,2,1,28,23,26,35,22,19,21,20
d07966,astronomy,2,1,2,0,0,2,3,2,0,3,2,2,0,2,2,0,28,26,26,29,29,27,29,32,1,1,2,1,2,3,2,3,45,39,48,48,41,41,39,53
d07967,machine_learning,16,11,12,12,13,8,18,15,2,0,2,0,0,1,0,0,0,0,0,1,1,1,2,3,1,1,0,0,2,0,1,3,28,23,24,24,28,23,24,19
d07968,football,1,0,0,0,1,1,0,0,1,0,1,0,0,0,1,0,0,0,0,0,3,0,1,0,11,7,4,10,9,10,11,8,10,14,10,15,18,9,14,13
d07969,astronomy,0,1,0,0,0,0,0,0,0,0,1,0,0,0,0,0,5,6,6,5,4,6,4,9,0,0,0,0,0,0,0,1,6,10,4,8,8,5,4,13
d07970,football,0,1,0,1,1,1,1,0,1,0,1,0,0,2,0,1,1,0,0,0,0,0,2,0,10,14,4,4,7,10,5,9,14,12,8,10,18,14,18,14
d07971,football,4,1,2,1,1,0,0,2,1,4,2,5,4,3,1,1,3,1,1,3,0,3,0,2,31,31,49,38,38,41,34,38,55,53,55,62,66,52,60,41
d07972,football,0,1,1,0,1,1,0,0,0,0,0,0,1,2,0,0,1,0,1,0,1,0,0,0,7,7,3,11,6,12,11,6,13,13,23,12,11,15,9,14
d07973,football,0,0,2,1,0,0,0,0,0,0,2,2,1,0,0,1,2,1,0,1,0,0,0,1,7,15,7,13,10,11,13,14,22,17,24,15,26,19,24,14
d07974,machine_learning,15,9,15,15,9,11,9,16,1,0,0,0,1,0,0,1,0,1,1,0,1,1,0,0,1,1,0,0,0,0,3,0,16,24,33,19,21,17,19,22
d07975,machine_learning,11,12,11,8,13,10,6,9,0,2,0,1,1,0,0,0,0,0,3,0,0,0,1,0,2,0,0,0,0,0,0,0,20,14,21,15,12,16,14,14
d07976,astronomy,2,3,2,4,4,0,4,4,1,4,2,3,3,2,3,3,82,81,76,59,69,69,52,79,2,5,6,7,3,2,4,1,119,102,118,148,112,100,134,99
d07977,astronomy,0,0,0,1,0,1,0,2,0,1,0,2,1,0,1,1,17,12,9,7,12,13,13,13,0,0,2,0,0,2,0,2,16,19,25,12,27,19,27,25
d07978,machine_learning,19,35,25,26,30,25,32,21,1,0,1,1,0,2,2,0,0,2,0,1,1,2,1,0,3,1,1,2,1,2,1,0,40,43,36,37,41,49,47,37
d07979,cooking,1,2,3,0,0,0,0,1,31,23,26,30,33,28,22,31,1,1,1,3,1,2,0,1,1,2,0,0,3,1,0,1,31,43,38,40,33,43,38,48
d07980,machine_learning,3,4,2,12,8,4,3,12,1,0,0,1,1,1,0,0,0,0,0,0,0,0,0,0,1,0,2,0,0,0,0,1,11,18,10,9,10,19,16,19
d07981,cooking,1,0,1,0,1,1,1,0,21,15,20,17,10,11,13,19,0,1,1,1,0,2,1,0,0,0,3,0,1,1,2,0,28,28,26,24,25,24,17,30
d07982,machine_learning,17,10,15,14,18,11,18,14,1,0,1,1,0,1,1,2,0,0,1,2,1,1,0,1,0,2,0,1,2,1,0,0,22,21,34,22,24,30,24,36
d07983,astronomy,3,2,3,0,1,3,2,4,6,1,5,3,3,4,4,0,48,51,59,58,56,62,47,58,5,5,4,2,2,4,3,8,109,89,75,86,84,95,90,68
d07984,cooking,0,0,0,0,0,0,0,0,8,14,5,8,13,7,10,4,0,0,1,0,0,0,0,0,1,0,0,0,1,0,0,1,17,10,18,16,10,9,21,11
d07985,football,0,0,1,1,2,0,1,0,1,1,0,1,1,0,1,0,0,0,0,0,0,1,0,0,9,8,6,14,15,7,13,8,20,14,18,6,16,8,13,19
d07986,football,0,1,0,0,0,1,0,0,1,1,0,1,0,2,0,0,0,1,0,0,0,1,0,0,8,8,10,12,8,8,10,7,12,18,12,18,12,10,11,12
d07987,cooking,2,0,0,2,0,0,1,1,7,7,11,8,6,8,8,5,1,1,0,0,0,0,0,1,0,0,1,2,0,1,2,0,14,6,12,14,14,17,10,17
d07988,football,2,0,0,1,1,1,0,0,2,0,1,1,1,0,1,0,0,1,0,3,0,0,0,1,15,14,10,9,15,12,12,14,23,14,18,13,26,25,17,17
d07989,machine_learning,9,8,9,13,11,6,9,5,0,0,1,0,0,1,0,1,1,0,0,0,0,0,0,0,1,1,0,1,0,0,0,1,17,15,11,16,15,20,16,10
d07990,football,2,1,0,1,2,0,0,1,1,0,0,0,2,1,0,2,0,0,0,0,0,1,1,1,9,16,12,13,18,16,19,14,21,28,22,24,18,29,25,23
d07991,astronomy,0,0,0,0,0,2,0,0,1,0,0,1,0,1,0,1,14,13,11,18,12,11,12,8,0,0,2,1,0,1,0,0,21,28,17,30,21,19,29,28
d07992,cooking,2,1,0,1,0,4,1,1,10,8,11,10,11,11,13,9,1,0,0,2,2,0,0,0,1,3,1,0,1,1,1,0,18,26,24,20,14,17,18,27
d07993,cooking,1,1,1,2,1,1,0,2,18,23,19,18,27,27,25,34,1,0,0,2,2,2,0,0,0,3,1,2,2,1,2,0,47,38,45,43,39,48,44,49
d07994,cooking,1,1,2,0,0,0,0,1,13,7,11,15,14,8,12,12,0,0,0,0,0,1,0,2,1,0,2,1,0,1,0,0,16,20,15,24,28,15,17,22
d07995,football,1,1,0,3,1,2,0,5,0,2,2,1,1,1,0,2,0,1,0,4,0,0,2,1,41,30,20,23,20,28,26,30,46,54,34,53,40,56,49,53
d07996,machine_learning,43,49,52,55,76,54,44,47,6,7,2,2,2,3,1,5,2,2,2,3,2,3,3,2,0,3,4,2,3,3,6,2,77,106,92,94,92,82,93,99
d07997,football,0,0,0,0,1,0,1,1,2,0,1,0,0,1,0,3,1,0,0,0,0,0,0,1,13,19,12,13,12,13,15,15,26,22,25,21,24,27,21,29
d07998,astronomy,0,0,0,0,0,0,1,0,0,1,0,0,0,0,0,0,19,15,11,13,15,17,17,20,2,1,0,1,0,0,0,0,34,26,32,20,27,29,27,25
d07999,machine_learning,6,6,5,1,1,7,3,8,0,0,0,0,0,0,0,0,0,0,0,0,0,0,1,0,1,0,1,0,1,0,0,0,11,8,8,8,12,4,4,4
