user_id,variant,device,day,converted
15510,treatment,mobile,9,0
21907,treatment,mobile,8,0
756,control,mobile,2,0
18381,treatment,mobile,1,0
22078,treatment,mobile,7,0
20938,treatment,mobile,14,0
6146,control,mobile,6,0
12782,treatment,mobile,9,0
3797,control,desktop,5,0
6560,control,mobile,7,0
285,control,desktop,8,0
23369,treatment,desktop,1,0
13460,treatment,desktop,4,0
12428,treatment,desktop,3,0
21215,treatment,mobile,11,0
21495,treatment,desktop,11,0
6250,control,mobile,3,0
12370,treatment,desktop,8,1
17847,treatment,mobile,14,0
17321,treatment,desktop,8,0
16878,treatment,desktop,8,0
9540,control,desktop,6,0
8779,control,mobile,14,1
9361,control,mobile,8,0
9425,control,mobile,6,0
4263,control,desktop,5,0
7541,control,desktop,11,0
2388,control,mobile,6,0
23743,treatment,mobile,8,0
22735,treatment,mobile,4,0
14650,treatment,mobile,8,0
7719,control,mobile,13,0
10784,control,mobile,13,0
8743,control,desktop,10,0
14255,treatment,mobile,7,0
9120,control,mobile,5,0
19837,treatment,mobile,14,0
13464,treatment,mobile,10,0
13577,treatment,desktop,10,0
23293,treatment,desktop,4,0
14746,treatment,mobile,1,0
14524,treatment,desktop,14,0
5715,control,mobile,7,0
37,control,mobile,7,0
5359,control,mobile,10,0
13526,treatment,mobile,4,0
16143,treatment,mobile,8,0
841,control,desktop,14,0
574,control,desktop,6,0
16224,treatment,mobile,8,1
4952,control,mobile,9,0
8778,control,mobile,12,0
23972,treatment,desktop,10,0
23267,treatment,mobile,9,0
11331,control,mobile,6,0
16232,treatment,mobile,10,0
13046,treatment,mobile,8,0
7772,control,mobile,13,0
23627,treatment,mobile,7,0
9519,control,mobile,2,0
4818,control,desktop,2,0
19013,treatment,mobile,12,0
22258,treatment,mobile,5,0
10049,control,mobile,7,0
12646,treatment,mobile,3,0
9994,control,desktop,4,0
2180,control,desktop,11,0
16406,treatment,desktop,3,0
7654,control,desktop,2,0
1827,control,desktop,4,0
5057,control,desktop,3,0
2438,control,mobile,11,0
20163,treatment,mobile,10,0
12420,treatment,mobile,13,0
5630,control,mobile,14,0
652,control,mobile,2,0
8816,control,desktop,5,0
11501,control,mobile,11,0
3518,control,mobile,9,0
5395,control,desktop,1,0
20542,treatment,mobile,1,0
12343,treatment,mobile,8,0
1745,control,mobile,10,0
14591,treatment,desktop,13,0
21902,treatment,desktop,2,0
22932,treatment,mobile,11,0
14809,treatment,desktop,10,0
4085,control,mobile,1,0
20053,treatment,mobile,5,0
6035,control,desktop,7,0
541,control,desktop,10,0
7492,control,mobile,3,0
21513,treatment,desktop,1,1
564,control,mobile,10,0
13754,treatment,mobile,4,0
6333,control,mobile,9,0
2347,control,desktop,10,0
6437,control,desktop,1,0
9643,control,desktop,14,0
17915,treatment,desktop,11,0
22900,treatment,mobile,1,0
1809,control,mobile,2,0
12623,treatment,mobile,10,0
10644,control,mobile,7,0
148,control,mobile,6,0
8023,control,mobile,1,0
4312,control,mobile,11,0
9550,control,mobile,4,0
3468,control,mobile,4,0
10226,control,desktop,13,0
15802,treatment,mobile,8,0
16654,treatment,mobile,14,0
16502,treatment,mobile,9,0
9108,control,desktop,1,0
22086,treatment,desktop,2,1
15964,treatment,desktop,2,0
4159,control,mobile,7,0
4549,control,mobile,7,0
9768,control,desktop,3,1
15197,treatment,mobile,6,0
6932,control,mobile,10,0
10781,control,mobile,8,0
22123,treatment,mobile,7,0
20763,treatment,mobile,7,0
14533,treatment,desktop,3,0
21727,treatment,desktop,1,0
23423,treatment,desktop,13,0
802,control,desktop,2,0
3017,control,desktop,7,0
8583,control,mobile,13,0
16923,treatment,desktop,4,0
19172,treatment,desktop,3,0
14047,treatment,desktop,8,0
20892,treatment,mobile,6,0
15317,treatment,mobile,13,0
11268,control,desktop,9,0
14177,treatment,mobile,6,0
18361,treatment,desktop,11,0
15165,treatment,desktop,11,0
10607,control,desktop,9,0
7643,control,mobile,13,0
8256,control,desktop,10,0
11114,control,mobile,10,0
740,control,mobile,8,0
14721,treatment,mobile,9,0
22432,treatment,mobile,4,0
17243,treatment,mobile,7,0
23206,treatment,mobile,3,0
19313,treatment,mobile,11,0
5348,control,mobile,1,0
23637,treatment,desktop,12,0
9124,control,mobile,14,0
6225,control,mobile,11,0
4294,control,mobile,8,0
11460,control,mobile,10,0
5952,control,desktop,2,0
14649,treatment,desktop,10,0
15610,treatment,mobile,10,0
3539,control,mobile,10,0
16258,treatment,desktop,9,0
23032,treatment,desktop,10,0
5473,control,mobile,4,0
12050,treatment,mobile,5,0
10060,control,mobile,11,0
20397,treatment,mobile,10,0
18369,treatment,desktop,8,0
12140,treatment,mobile,6,0
3952,control,mobile,10,0
7463,control,mobile,6,0
16288,treatment,mobile,7,0
3884,control,desktop,3,0
13770,treatment,desktop,2,0
14258,treatment,mobile,11,0
15687,treatment,desktop,6,0
9622,control,mobile,11,0
3082,control,desktop,14,0
23496,treatment,mobile,4,0
20223,treatment,desktop,11,1
20178,treatment,desktop,10,0
6180,control,mobile,2,0
21193,treatment,desktop,9,0
462,control,mobile,11,0
4105,control,desktop,13,0
12930,treatment,desktop,14,0
1412,control,mobile,4,0
21440,treatment,mobile,2,0
18885,treatment,desktop,10,0
12676,treatment,desktop,13,0
13198,treatment,mobile,8,0
22194,treatment,mobile,12,0
22683,treatment,mobile,5,0
4807,control,mobile,4,0
9440,control,desktop,10,0
21995,treatment,desktop,5,0
13062,treatment,mobile,3,0
9918,control,desktop,13,0
18490,treatment,mobile,13,0
12727,treatment,desktop,6,0
7196,control,desktop,10,0
108,control,desktop,1,0
4285,control,mobile,11,0
1966,control,desktop,9,1
2345,control,desktop,9,0
6592,control,mobile,6,0
6196,control,desktop,10,0
18363,treatment,mobile,12,0
10347,control,mobile,13,0
19757,treatment,mobile,3,0
16069,treatment,mobile,13,0
11181,control,mobile,3,0
5811,control,mobile,3,0
9143,control,mobile,12,0
16280,treatment,mobile,7,0
15489,treatment,mobile,11,0
18054,treatment,desktop,12,0
19424,treatment,desktop,5,0
14428,treatment,desktop,2,0
18790,treatment,mobile,4,0
6046,control,mobile,5,0
14530,treatment,mobile,11,0
5638,control,mobile,6,0
23037,treatment,desktop,9,0
201,control,mobile,2,0
11022,control,desktop,8,0
22978,treatment,mobile,12,0
17501,treatment,mobile,3,0
15776,treatment,desktop,7,0
20092,treatment,desktop,11,1
8848,control,mobile,3,0
20190,treatment,mobile,4,0
12185,treatment,mobile,2,1
11959,control,mobile,14,0
15032,treatment,mobile,2,0
1789,control,mobile,7,0
7640,control,desktop,1,0
15707,treatment,desktop,1,0
4342,control,mobile,10,0
18649,treatment,mobile,9,0
21667,treatment,desktop,7,0
16225,treatment,mobile,8,0
12636,treatment,mobile,1,0
2307,control,desktop,5,0
14190,treatment,mobile,2,0
20197,treatment,mobile,3,0
22782,treatment,mobile,6,0
18944,treatment,mobile,14,1
9051,control,desktop,1,0
2629,control,mobile,7,0
1887,control,desktop,3,0
8090,control,desktop,1,0
23968,treatment,mobile,6,0
14764,treatment,mobile,5,0
23413,treatment,mobile,2,0
4685,control,mobile,8,0
22462,treatment,desktop,6,0
17552,treatment,mobile,4,0
8950,control,desktop,12,0
5948,control,desktop,8,0
13165,treatment,desktop,6,0
18914,treatment,desktop,14,0
2954,control,mobile,11,0
19606,treatment,mobile,14,0
21230,treatment,desktop,10,0
14941,treatment,mobile,6,0
20361,treatment,mobile,7,0
2747,control,mobile,5,0
10434,control,mobile,14,0
1301,control,desktop,14,0
21627,treatment,mobile,3,0
17453,treatment,desktop,2,0
23460,treatment,mobile,3,0
9424,control,desktop,6,0
22452,treatment,mobile,13,0
10061,control,desktop,14,0
11984,control,mobile,14,0
427,control,desktop,10,0
7593,control,mobile,4,0
17436,treatment,mobile,12,0
13336,treatment,desktop,11,0
22128,treatment,desktop,9,0
3784,control,desktop,2,0
21264,treatment,mobile,13,0
12041,treatment,mobile,1,0
12812,treatment,mobile,2,0
7042,control,mobile,6,0
10370,control,desktop,10,0
17686,treatment,mobile,14,0
15281,treatment,mobile,7,0
15273,treatment,mobile,4,0
19243,treatment,mobile,8,0
7449,control,mobile,10,0
12068,treatment,mobile,5,0
1464,control,mobile,10,0
22415,treatment,desktop,7,0
3632,control,mobile,3,0
8879,control,mobile,2,0
6475,control,desktop,12,0
23103,treatment,desktop,4,0
17851,treatment,desktop,4,0
9270,control,mobile,4,0
7199,control,mobile,4,0
6691,control,mobile,9,0
20937,treatment,mobile,13,0
7680,control,mobile,14,0
22385,treatment,mobile,8,0
6617,control,mobile,8,0
6987,control,mobile,2,0
22051,treatment,mobile,11,0
3974,control,mobile,8,0
18318,treatment,mobile,9,0
16620,treatment,desktop,2,0
13161,treatment,desktop,12,0
7016,control,mobile,1,0
15609,treatment,mobile,3,0
745,control,mobile,1,0
532,control,mobile,3,0
20097,treatment,desktop,14,0
13270,treatment,desktop,9,0
20021,treatment,mobile,12,0
8755,control,mobile,12,0
13314,treatment,mobile,6,0
19116,treatment,mobile,9,0
9204,control,desktop,3,0
6937,control,desktop,10,0
19079,treatment,mobile,14,1
17113,treatment,mobile,3,0
8109,control,desktop,14,0
15186,treatment,mobile,4,0
23077,treatment,mobile,14,0
14778,treatment,desktop,1,0
7162,control,mobile,7,0
5623,control,desktop,9,0
5149,control,mobile,14,0
5807,control,mobile,9,0
8289,control,desktop,2,0
23948,treatment,desktop,5,0
16720,treatment,mobile,2,0
20285,treatment,desktop,12,0
22810,treatment,desktop,14,0
4963,control,desktop,9,0
22004,treatment,desktop,7,0
13278,treatment,mobile,12,0
10993,control,desktop,1,0
16766,treatment,mobile,10,0
7484,control,desktop,6,0
7133,control,mobile,13,1
4183,control,mobile,9,0
11652,control,desktop,8,0
5465,control,mobile,3,0
16890,treatment,mobile,7,1
18015,treatment,desktop,14,1
1903,control,desktop,4,0
22716,treatment,mobile,11,0
15332,treatment,desktop,2,1
786,control,mobile,13,0
6313,control,mobile,11,0
15661,treatment,mobile,4,0
4234,control,mobile,13,0
762,control,desktop,7,0
9938,control,mobile,3,0
6205,control,mobile,9,0
14865,treatment,mobile,11,0
19573,treatment,mobile,13,1
2642,control,mobile,1,1
18829,treatment,desktop,7,0
5008,control,mobile,11,0
3121,control,desktop,5,0
20707,treatment,mobile,11,1
10602,control,desktop,11,0
7135,control,mobile,11,0
2341,control,mobile,2,0
21254,treatment,mobile,14,0
22627,treatment,mobile,5,1
6002,control,mobile,6,0
22935,treatment,desktop,11,1
13593,treatment,mobile,14,1
5457,control,mobile,3,0
19937,treatment,desktop,12,0
11059,control,desktop,9,0
11256,control,mobile,2,1
2846,control,desktop,5,0
7025,control,mobile,3,0
10522,control,desktop,2,0
1601,control,mobile,9,0
17334,treatment,mobile,10,1
16967,treatment,mobile,7,0
2531,control,mobile,6,0
4468,control,desktop,10,0
11118,control,desktop,12,0
14884,treatment,desktop,6,0
6498,control,mobile,4,0
11500,control,mobile,4,0
23331,treatment,mobile,5,0
6057,control,mobile,9,0
1866,control,mobile,8,0
22982,treatment,mobile,6,0
15624,treatment,desktop,8,0
3321,control,mobile,4,0
21177,treatment,mobile,9,0
11135,control,mobile,3,0
22799,treatment,mobile,1,0
1645,control,desktop,13,0
5619,control,mobile,4,0
12049,treatment,desktop,1,0
10211,control,desktop,13,0
23683,treatment,mobile,14,0
17740,treatment,mobile,12,0
8330,control,mobile,4,0
10535,control,desktop,10,0
6428,control,mobile,14,1
17861,treatment,desktop,14,0
22225,treatment,desktop,3,0
21687,treatment,mobile,12,0
21704,treatment,mobile,11,0
11824,control,mobile,6,0
17441,treatment,mobile,2,0
10176,control,desktop,13,0
4209,control,mobile,1,0
7246,control,mobile,1,0
9837,control,mobile,6,0
2308,control,desktop,11,0
15357,treatment,mobile,14,0
17361,treatment,desktop,7,0
15841,treatment,mobile,8,1
5237,control,mobile,12,0
14201,treatment,mobile,6,0
17766,treatment,desktop,7,1
10384,control,mobile,10,0
8621,control,mobile,14,0
22709,treatment,mobile,9,0
21726,treatment,desktop,9,0
21222,treatment,mobile,2,0
18131,treatment,mobile,14,0
19557,treatment,desktop,13,0
1754,control,mobile,11,0
7580,control,mobile,2,1
13646,treatment,mobile,1,0
4241,control,mobile,13,0
22247,treatment,mobile,7,0
20885,treatment,desktop,12,0
4831,control,mobile,11,1
23804,treatment,mobile,11,0
5434,control,desktop,12,0
7282,control,desktop,8,1
12967,treatment,mobile,13,0
13258,treatment,mobile,11,0
6082,control,mobile,5,0
8784,control,mobile,1,0
22167,treatment,desktop,3,0
21662,treatment,desktop,8,0
10527,control,mobile,6,0
7975,control,desktop,5,0
23802,treatment,mobile,12,0
6689,control,mobile,10,1
5346,control,mobile,14,0
14107,treatment,desktop,9,0
16058,treatment,desktop,14,0
21972,treatment,mobile,12,0
8231,control,mobile,1,0
54,control,mobile,6,0
9704,control,mobile,3,0
21111,treatment,desktop,8,1
16647,treatment,desktop,6,0
9864,control,desktop,7,1
4662,control,mobile,14,0
11324,control,mobile,6,0
4009,control,mobile,4,0
5120,control,mobile,14,0
10505,control,desktop,14,0
10351,control,mobile,13,0
20209,treatment,mobile,7,0
14647,treatment,desktop,11,0
4093,control,desktop,7,0
5930,control,mobile,9,0
7860,control,mobile,8,0
4053,control,desktop,9,0
7867,control,desktop,10,0
9271,control,mobile,6,0
14082,treatment,desktop,11,0
7200,control,mobile,10,0
21240,treatment,desktop,13,0
8190,control,desktop,14,0
12244,treatment,mobile,10,0
16710,treatment,mobile,7,1
10068,control,mobile,12,0
11689,control,mobile,14,0
3497,control,desktop,2,0
20551,treatment,desktop,12,0
22089,treatment,mobile,14,0
9088,control,mobile,10,0
5804,control,mobile,3,0
1671,control,desktop,12,0
16902,treatment,desktop,1,0
8323,control,desktop,2,0
3833,control,desktop,1,0
15006,treatment,desktop,3,0
5954,control,desktop,5,0
20896,treatment,desktop,7,0
2565,control,mobile,9,0
4625,control,mobile,1,0
9724,control,mobile,6,0
13150,treatment,mobile,8,0
372,control,mobile,8,0
23973,treatment,mobile,14,0
16354,treatment,mobile,11,0
19717,treatment,mobile,12,0
3694,control,mobile,5,0
14219,treatment,mobile,4,0
17547,treatment,mobile,12,0
22998,treatment,mobile,2,0
2043,control,desktop,4,0
21842,treatment,mobile,10,0
15342,treatment,mobile,12,1
1444,control,mobile,5,0
19782,treatment,desktop,6,0
10874,control,mobile,2,0
539,control,desktop,9,0
21197,treatment,mobile,14,0
4753,control,desktop,5,0
3045,control,mobile,13,0
15086,treatment,mobile,13,0
216,control,mobile,13,0
19603,treatment,mobile,6,0
14611,treatment,mobile,11,0
6432,control,desktop,10,0
23753,treatment,desktop,3,0
22113,treatment,desktop,14,1
20409,treatment,mobile,6,0
16388,treatment,mobile,5,0
4411,control,desktop,8,0
4056,control,mobile,8,0
22019,treatment,desktop,1,0
22446,treatment,desktop,4,0
20662,treatment,mobile,5,1
5819,control,mobile,3,0
18984,treatment,desktop,11,0
19036,treatment,desktop,9,0
20437,treatment,desktop,14,0
3249,control,desktop,3,0
18935,treatment,mobile,7,0
2042,control,mobile,9,0
8758,control,mobile,5,0
12371,treatment,mobile,1,0
12599,treatment,mobile,14,0
9418,control,mobile,8,0
6949,control,mobile,14,0
5532,control,mobile,8,0
1731,control,mobile,3,1
10373,control,mobile,6,0
2202,control,mobile,8,1
12718,treatment,mobile,1,0
10168,control,mobile,3,0
10603,control,mobile,12,0
22486,treatment,mobile,10,0
14522,treatment,mobile,9,0
13072,treatment,mobile,5,0
1647,control,mobile,12,0
18476,treatment,desktop,5,0
2442,control,mobile,9,0
5533,control,mobile,1,0
12822,treatment,mobile,13,0
20125,treatment,mobile,13,0
14908,treatment,mobile,3,0
13635,treatment,mobile,10,0
9221,control,desktop,10,0
5041,control,mobile,14,0
20682,treatment,desktop,3,0
376,control,desktop,2,0
13016,treatment,desktop,3,0
12760,treatment,mobile,3,0
5338,control,desktop,3,0
11069,control,mobile,10,0
12732,treatment,mobile,14,0
20976,treatment,mobile,4,1
7236,control,mobile,14,0
299,control,desktop,3,0
13859,treatment,desktop,4,0
22316,treatment,mobile,2,0
1506,control,mobile,11,0
3332,control,mobile,10,0
705,control,mobile,7,0
16522,treatment,desktop,3,0
8890,control,desktop,12,0
12698,treatment,desktop,3,0
11541,control,desktop,8,0
17448,treatment,desktop,5,0
20637,treatment,mobile,5,0
18799,treatment,mobile,8,0
11606,control,desktop,11,0
14158,treatment,desktop,13,0
20429,treatment,desktop,1,0
857,control,desktop,13,0
19065,treatment,desktop,12,0
14266,treatment,mobile,10,0
8431,control,mobile,10,1
7911,control,mobile,12,0
6899,control,mobile,4,0
17673,treatment,desktop,2,0
8803,control,mobile,1,0
1911,control,desktop,11,0
561,control,desktop,9,0
13425,treatment,mobile,10,0
18615,treatment,mobile,9,0
7798,control,mobile,6,0
16593,treatment,mobile,1,0
13378,treatment,mobile,2,0
11836,control,mobile,4,0
7811,control,desktop,5,0
5643,control,mobile,5,0
6500,control,mobile,1,0
12843,treatment,desktop,9,0
8664,control,mobile,13,0
4157,control,mobile,7,0
3595,control,mobile,7,0
12259,treatment,mobile,5,0
10839,control,desktop,2,0
9037,control,mobile,13,0
7062,control,desktop,5,1
891,control,mobile,10,0
5824,control,mobile,5,0
7759,control,mobile,12,0
2159,control,desktop,6,0
12642,treatment,desktop,4,0
6894,control,mobile,10,0
3252,control,mobile,4,1
13308,treatment,mobile,2,1
12450,treatment,mobile,9,0
17067,treatment,desktop,11,0
18565,treatment,mobile,14,0
5799,control,mobile,12,0
5945,control,mobile,13,0
2390,control,mobile,1,0
1094,control,mobile,1,0
20786,treatment,desktop,6,0
8342,control,mobile,8,0
19794,treatment,mobile,12,0
15017,treatment,mobile,8,0
8016,control,desktop,6,0
17906,treatment,desktop,9,0
20878,treatment,desktop,11,0
13224,treatment,mobile,13,0
10108,control,desktop,6,0
20456,treatment,mobile,14,0
23523,treatment,desktop,13,0
11326,control,desktop,13,0
18682,treatment,mobile,1,0
18463,treatment,mobile,13,0
18238,treatment,mobile,5,1
12536,treatment,desktop,12,0
21171,treatment,desktop,14,0
3080,control,desktop,14,0
17080,treatment,desktop,9,0
12203,treatment,mobile,6,0
21886,treatment,desktop,3,0
22283,treatment,desktop,12,0
3746,control,mobile,7,0
13384,treatment,mobile,13,1
11963,control,desktop,13,0
20051,treatment,mobile,7,0
16391,treatment,desktop,2,0
11037,control,mobile,3,0
19517,treatment,desktop,4,0
6350,control,desktop,3,0
16985,treatment,mobile,12,0
12155,treatment,mobile,3,0
8831,control,desktop,12,0
11029,control,mobile,12,0
2905,control,mobile,8,1
21979,treatment,mobile,1,0
11889,control,mobile,3,0
6510,control,desktop,2,0
7830,control,desktop,10,0
943,control,mobile,13,0
21985,treatment,mobile,10,0
21441,treatment,mobile,9,0
21452,treatment,desktop,8,0
5186,control,desktop,11,0
11506,control,mobile,11,0
3897,control,desktop,10,0
3898,control,desktop,4,0
22373,treatment,mobile,14,0
11447,control,mobile,9,0
23152,treatment,mobile,1,0
12696,treatment,desktop,7,0
11998,control,mobile,4,0
23704,treatment,mobile,14,0
18402,treatment,mobile,10,1
10907,control,desktop,5,0
8331,control,desktop,14,0
11286,control,mobile,2,0
14829,treatment,mobile,12,0
1642,control,desktop,3,0
5194,control,mobile,7,0
17006,treatment,desktop,5,0
4425,control,mobile,5,0
14401,treatment,mobile,5,0
16616,treatment,desktop,6,0
6831,control,mobile,3,0
10549,control,desktop,4,0
8907,control,mobile,3,0
8656,control,mobile,13,0
16530,treatment,desktop,3,0
20435,treatment,desktop,13,1
15872,treatment,mobile,6,1
9590,control,mobile,12,0
6236,control,desktop,14,0
3292,control,mobile,4,0
306,control,desktop,13,0
19138,treatment,mobile,13,0
625,control,mobile,8,0
11815,control,mobile,9,0
23747,treatment,desktop,10,0
13570,treatment,desktop,14,0
16313,treatment,mobile,3,1
23760,treatment,desktop,6,0
20346,treatment,mobile,7,0
14323,treatment,desktop,10,0
12821,treatment,mobile,5,0
22370,treatment,mobile,1,0
17638,treatment,desktop,14,0
16327,treatment,mobile,13,0
10643,control,mobile,9,0
21991,treatment,mobile,12,0
18843,treatment,desktop,2,0
12521,treatment,mobile,14,0
11834,control,desktop,8,0
3365,control,desktop,2,0
15540,treatment,desktop,6,0
1156,control,mobile,5,0
208,control,desktop,2,0
8024,control,desktop,3,0
1341,control,mobile,10,0
10573,control,desktop,3,0
11825,control,mobile,3,0
10202,control,mobile,6,0
16566,treatment,mobile,7,0
20699,treatment,desktop,7,0
21372,treatment,desktop,2,0
771,control,mobile,14,0
17075,treatment,mobile,14,0
3482,control,mobile,6,1
5085,control,desktop,11,0
15251,treatment,desktop,7,0
15224,treatment,mobile,9,0
19168,treatment,desktop,1,1
840,control,desktop,2,0
8482,control,mobile,12,0
7175,control,mobile,6,0
7792,control,desktop,9,0
9979,control,desktop,14,0
10350,control,mobile,7,0
3925,control,desktop,12,0
19675,treatment,mobile,6,0
9617,control,mobile,11,0
21910,treatment,desktop,9,0
23840,treatment,mobile,4,0
11823,control,desktop,12,0
15001,treatment,desktop,11,0
16095,treatment,mobile,6,0
1680,control,desktop,10,0
23065,treatment,desktop,3,0
1245,control,mobile,13,0
5284,control,desktop,13,0
18968,treatment,mobile,10,0
20956,treatment,mobile,11,0
10137,control,mobile,10,0
6388,control,desktop,4,0
4613,control,mobile,1,0
9982,control,mobile,8,0
23247,treatment,mobile,6,0
9052,control,mobile,1,0
7224,control,mobile,11,0
12181,treatment,desktop,4,0
21471,treatment,desktop,2,0
19515,treatment,desktop,2,0
5383,control,mobile,2,0
6550,control,mobile,5,0
19081,treatment,mobile,7,0
23205,treatment,mobile,11,0
15131,treatment,mobile,7,1
22620,treatment,desktop,4,0
22611,treatment,mobile,13,0
22064,treatment,mobile,10,0
19649,treatment,desktop,10,0
7353,control,mobile,1,0
12761,treatment,mobile,3,0
7635,control,desktop,9,0
20889,treatment,desktop,7,0
4240,control,desktop,10,0
8851,control,mobile,3,0
8791,control,mobile,13,0
11347,control,mobile,8,0
16310,treatment,mobile,9,0
2970,control,desktop,7,0
45,control,mobile,12,0
15064,treatment,mobile,11,0
6713,control,desktop,11,0
4815,control,desktop,7,0
2451,control,mobile,13,0
22061,treatment,desktop,12,0
21109,treatment,mobile,6,0
14702,treatment,desktop,2,0
22567,treatment,desktop,6,0
8628,control,mobile,5,0
7809,control,mobile,1,0
5446,control,desktop,2,0
12748,treatment,mobile,1,1
4567,control,mobile,12,0
6742,control,mobile,13,0
12712,treatment,mobile,9,0
11885,control,mobile,13,0
17320,treatment,mobile,14,0
2870,control,mobile,9,0
5005,control,mobile,5,0
14343,treatment,mobile,3,0
21074,treatment,mobile,5,0
14237,treatment,mobile,13,0
3456,control,mobile,9,0
693,control,mobile,11,0
186,control,mobile,2,0
6325,control,desktop,14,0
18231,treatment,desktop,6,0
8618,control,mobile,13,0
12322,treatment,mobile,6,0
1171,control,mobile,6,0
18099,treatment,mobile,7,0
23096,treatment,desktop,3,0
7297,control,desktop,7,0
4370,control,desktop,10,1
4799,control,desktop,14,0
14383,treatment,desktop,11,0
1538,control,desktop,5,0
2652,control,desktop,8,1
656,control,mobile,10,0
4087,control,mobile,9,0
5152,control,mobile,5,0
14920,treatment,mobile,6,0
19290,treatment,desktop,3,0
20839,treatment,desktop,2,0
7877,control,mobile,14,0
15749,treatment,desktop,13,0
18174,treatment,mobile,6,0
12215,treatment,desktop,2,0
3875,control,mobile,7,0
18492,treatment,mobile,10,0
11053,control,desktop,7,0
3446,control,mobile,1,0
9429,control,mobile,11,0
9686,control,mobile,11,0
4502,control,desktop,3,0
1633,control,desktop,4,0
18064,treatment,mobile,13,0
12344,treatment,desktop,13,0
11219,control,mobile,7,0
19859,treatment,desktop,6,0
7893,control,desktop,10,0
22246,treatment,mobile,3,0
21178,treatment,mobile,3,0
2668,control,mobile,14,0
8000,control,desktop,8,0
412,control,desktop,14,0
19727,treatment,mobile,7,0
3579,control,mobile,13,0
20817,treatment,desktop,12,0
23049,treatment,mobile,14,0
14482,treatment,mobile,14,0
5301,control,mobile,3,0
7134,control,mobile,11,0
18721,treatment,mobile,1,0
23803,treatment,desktop,4,0
17577,treatment,desktop,14,0
11548,control,mobile,13,0
22007,treatment,mobile,12,0
6775,control,desktop,4,0
17898,treatment,mobile,9,0
12743,treatment,desktop,14,0
8981,control,mobile,5,0
21364,treatment,mobile,2,0
23140,treatment,mobile,5,0
2778,control,mobile,1,0
18153,treatment,mobile,4,1
650,control,mobile,11,0
6967,control,mobile,4,0
18135,treatment,mobile,6,1
5380,control,mobile,9,0
8646,control,mobile,12,1
22387,treatment,desktop,6,0
12576,treatment,mobile,12,0
13706,treatment,mobile,13,0
2109,control,desktop,3,0
1561,control,desktop,7,0
19415,treatment,mobile,4,0
20698,treatment,mobile,4,0
14958,treatment,mobile,5,1
8164,control,desktop,13,0
17393,treatment,desktop,13,0
22361,treatment,mobile,12,1
17522,treatment,mobile,14,0
5805,control,desktop,5,0
11737,control,desktop,2,0
6173,control,desktop,8,0
5315,control,mobile,4,0
3563,control,mobile,8,0
3618,control,desktop,1,0
10187,control,mobile,8,0
16405,treatment,desktop,11,0
19430,treatment,desktop,3,0
10046,control,desktop,4,0
2255,control,desktop,4,0
12529,treatment,mobile,7,0
7621,control,mobile,1,0
23784,treatment,mobile,7,0
20555,treatment,mobile,5,0
1098,control,mobile,1,0
846,control,desktop,13,0
1770,control,desktop,7,1
4092,control,desktop,6,0
13506,treatment,mobile,1,1
13702,treatment,mobile,6,0
17591,treatment,mobile,7,0
1803,control,mobile,4,0
10672,control,mobile,11,0
6093,control,desktop,5,0
11002,control,mobile,3,0
4206,control,mobile,11,0
14587,treatment,mobile,10,1
15334,treatment,desktop,9,0
7272,control,desktop,10,0
12719,treatment,desktop,8,0
16687,treatment,mobile,12,0
20596,treatment,desktop,10,0
17979,treatment,desktop,1,0
8591,control,mobile,14,0
5445,control,mobile,8,0
1,control,mobile,8,0
13809,treatment,mobile,7,0
16332,treatment,mobile,6,0
9467,control,desktop,13,0
2418,control,mobile,11,0
12304,treatment,mobile,11,0
5528,control,mobile,10,0
14943,treatment,mobile,7,0
811,control,mobile,6,0
6766,control,mobile,6,0
3235,control,desktop,1,0
19020,treatment,mobile,12,0
18712,treatment,mobile,11,0
14822,treatment,desktop,7,0
1112,control,mobile,3,0
1248,control,desktop,9,0
1105,control,mobile,6,0
20915,treatment,desktop,10,0
4472,control,desktop,1,0
368,control,mobile,7,0
5160,control,mobile,7,0
16762,treatment,desktop,12,0
1889,control,desktop,12,0
8176,control,mobile,12,0
3020,control,mobile,8,0
13943,treatment,mobile,5,0
17132,treatment,mobile,13,0
17107,treatment,mobile,1,0
2322,control,mobile,2,0
11695,control,desktop,8,0
22106,treatment,desktop,12,0
696,control,desktop,9,0
3680,control,mobile,1,0
16772,treatment,desktop,11,0
7828,control,mobile,3,1
571,control,mobile,6,0
16453,treatment,desktop,9,0
10059,control,desktop,5,0
19140,treatment,mobile,8,0
9149,control,desktop,8,0
6768,control,mobile,8,0
10894,control,desktop,7,0
2572,control,mobile,14,1
18105,treatment,mobile,7,0
5415,control,mobile,9,0
23758,treatment,desktop,2,0
9170,control,desktop,14,0
13334,treatment,mobile,7,0
16786,treatment,desktop,2,0
10083,control,mobile,7,0
6582,control,mobile,9,0
3681,control,desktop,14,0
11535,control,desktop,2,0
12172,treatment,mobile,12,0
13649,treatment,desktop,6,0
23951,treatment,desktop,12,0
8091,control,mobile,14,0
19414,treatment,mobile,11,0
22563,treatment,mobile,6,0
2226,control,desktop,13,0
20184,treatment,mobile,9,0
23799,treatment,desktop,1,0
7291,control,desktop,7,0
12558,treatment,desktop,11,0
12045,treatment,mobile,10,0
3134,control,desktop,3,0
17131,treatment,desktop,3,0
10713,control,mobile,11,0
14686,treatment,mobile,3,0
2925,control,mobile,4,0
19339,treatment,mobile,12,0
5780,control,desktop,3,0
12827,treatment,mobile,2,0
19319,treatment,mobile,1,1
18041,treatment,mobile,7,0
15715,treatment,desktop,9,0
4937,control,mobile,8,0
1656,control,desktop,13,0
3834,control,desktop,8,0
23238,treatment,mobile,4,0
1472,control,mobile,10,0
20210,treatment,mobile,11,1
15502,treatment,desktop,12,1
10188,control,mobile,6,0
2008,control,mobile,11,0
4288,control,mobile,5,0
3927,control,mobile,1,0
17162,treatment,mobile,13,0
5191,control,mobile,9,0
6527,control,desktop,12,0
3425,control,desktop,4,0
12405,treatment,desktop,13,0
23775,treatment,desktop,1,0
14940,treatment,mobile,5,0
1036,control,mobile,6,0
21885,treatment,mobile,9,0
3063,control,mobile,5,0
21284,treatment,mobile,7,0
22479,treatment,desktop,10,0
4769,control,desktop,3,0
23057,treatment,mobile,10,0
10420,control,mobile,9,0
15030,treatment,desktop,8,0
20284,treatment,mobile,8,0
12981,treatment,desktop,9,0
5543,control,desktop,6,0
4376,control,desktop,8,0
8125,control,mobile,10,0
12385,treatment,desktop,2,0
6665,control,mobile,2,0
15090,treatment,desktop,5,0
4189,control,mobile,2,0
13420,treatment,mobile,14,0
12977,treatment,desktop,14,0
13467,treatment,mobile,7,0
17624,treatment,mobile,12,0
19975,treatment,mobile,8,0
6130,control,desktop,13,0
23714,treatment,mobile,1,0
10383,control,desktop,2,0
15045,treatment,desktop,1,0
10474,control,desktop,7,0
20737,treatment,mobile,8,0
17174,treatment,mobile,7,0
13403,treatment,mobile,14,0
17390,treatment,mobile,6,0
17934,treatment,desktop,7,0
15005,treatment,mobile,6,0
8943,control,mobile,13,0
10518,control,desktop,9,0
9706,control,mobile,13,1
21045,treatment,mobile,1,0
13571,treatment,desktop,1,0
8547,control,mobile,4,1
7764,control,mobile,14,0
10576,control,mobile,4,0
7429,control,mobile,13,0
15514,treatment,mobile,8,1
6778,control,mobile,1,0
14339,treatment,mobile,6,0
16629,treatment,desktop,3,0
10667,control,desktop,10,0
22833,treatment,desktop,3,0
17010,treatment,desktop,10,0
18218,treatment,desktop,11,0
6798,control,mobile,6,0
10733,control,mobile,13,0
17751,treatment,mobile,11,0
16190,treatment,desktop,13,0
22386,treatment,mobile,3,0
3601,control,desktop,3,0
11532,control,desktop,6,0
9685,control,mobile,5,0
6492,control,desktop,6,0
11929,control,desktop,2,0
17939,treatment,mobile,11,0
6211,control,desktop,3,0
6879,control,mobile,10,0
17667,treatment,desktop,6,0
6820,control,mobile,8,0
10435,control,mobile,10,0
12826,treatment,desktop,2,0
3683,control,desktop,1,0
2841,control,desktop,14,0
3998,control,mobile,1,0
21246,treatment,mobile,4,0
8285,control,desktop,1,0
9212,control,mobile,8,1
5600,control,desktop,8,0
14444,treatment,desktop,14,0
11599,control,desktop,5,0
13084,treatment,mobile,11,0
10381,control,desktop,10,0
8807,control,mobile,11,0
22355,treatment,desktop,8,0
10622,control,desktop,1,0
21144,treatment,mobile,7,0
3653,control,desktop,12,0
21381,treatment,desktop,13,0
6424,control,desktop,1,0
12955,treatment,desktop,13,0
18002,treatment,desktop,14,0
12656,treatment,desktop,3,0
2568,control,mobile,6,1
8449,control,mobile,9,0
17155,treatment,desktop,7,0
2127,control,mobile,1,0
3817,control,desktop,7,0
11742,control,mobile,9,0
3126,control,desktop,1,0
23874,treatment,desktop,9,0
2188,control,mobile,14,0
7077,control,mobile,4,0
3361,control,mobile,14,0
11227,control,desktop,4,0
8409,control,desktop,4,0
1270,control,desktop,6,0
12909,treatment,mobile,9,0
20933,treatment,mobile,4,0
4689,control,mobile,10,1
14964,treatment,mobile,14,0
8602,control,desktop,13,0
14928,treatment,mobile,11,0
18672,treatment,desktop,2,0
11649,control,mobile,12,0
12582,treatment,desktop,1,0
5993,control,desktop,7,0
1624,control,mobile,11,0
16970,treatment,mobile,6,0
14963,treatment,desktop,6,0
12470,treatment,mobile,13,0
10503,control,mobile,3,0
19045,treatment,mobile,9,0
17537,treatment,desktop,13,0
22425,treatment,desktop,2,0
14879,treatment,mobile,1,0
19783,treatment,mobile,10,0
5569,control,mobile,13,0
2753,control,desktop,11,0
9723,control,mobile,14,0
17484,treatment,mobile,9,0
22260,treatment,desktop,5,0
13279,treatment,desktop,3,0
21312,treatment,mobile,8,0
16479,treatment,mobile,14,0
15711,treatment,desktop,7,0
9197,control,mobile,10,0
13371,treatment,mobile,14,0
6368,control,desktop,4,0
9485,control,mobile,4,1
12163,treatment,desktop,13,0
21363,treatment,mobile,12,0
16497,treatment,mobile,4,0
18014,treatment,desktop,10,0
5456,control,mobile,14,0
8298,control,mobile,5,0
271,control,mobile,14,0
13398,treatment,mobile,12,0
1679,control,mobile,2,0
23482,treatment,mobile,8,0
4490,control,desktop,6,0
14081,treatment,desktop,13,1
13517,treatment,desktop,4,0
10989,control,desktop,8,0
10794,control,mobile,3,1
11504,control,mobile,3,0
13738,treatment,mobile,6,0
7526,control,mobile,12,0
19148,treatment,mobile,14,0
4020,control,mobile,4,0
20727,treatment,desktop,4,0
18450,treatment,desktop,3,0
14120,treatment,desktop,11,0
21948,treatment,desktop,10,0
1081,control,mobile,13,0
7631,control,mobile,9,0
23609,treatment,desktop,10,0
18208,treatment,mobile,4,0
7780,control,mobile,11,0
1877,control,mobile,14,0
12423,treatment,mobile,7,0
18976,treatment,mobile,2,0
21605,treatment,desktop,14,0
2598,control,mobile,1,0
23121,treatment,mobile,11,0
8148,control,desktop,3,0
20424,treatment,mobile,6,0
13178,treatment,mobile,4,0
4369,control,desktop,11,0
18089,treatment,mobile,10,0
16199,treatment,mobile,9,0
12564,treatment,mobile,11,0
11138,control,desktop,1,0
15237,treatment,mobile,5,0
11228,control,desktop,14,0
10124,control,mobile,4,0
20350,treatment,mobile,10,0
21567,treatment,desktop,13,0
17483,treatment,desktop,7,0
17710,treatment,mobile,9,0
9060,control,mobile,1,0
12888,treatment,desktop,11,0
17424,treatment,mobile,10,0
126,control,mobile,10,0
21692,treatment,mobile,13,0
6671,control,desktop,1,0
11448,control,desktop,6,0
17692,treatment,mobile,10,0
10320,control,desktop,10,0
10875,control,mobile,10,0
20531,treatment,mobile,12,0
11015,control,desktop,2,0
19485,treatment,mobile,3,0
17007,treatment,mobile,10,0
11027,control,desktop,8,0
743,control,mobile,12,0
2270,control,desktop,3,0
18582,treatment,desktop,9,0
12650,treatment,desktop,5,0
23255,treatment,mobile,4,0
4574,control,desktop,8,0
10785,control,mobile,10,1
23795,treatment,mobile,3,0
8406,control,mobile,14,0
6936,control,mobile,14,0
16947,treatment,mobile,8,0
6725,control,desktop,10,0
16842,treatment,mobile,11,0
1108,control,desktop,10,0
21082,treatment,desktop,5,0
7999,control,desktop,9,0
7230,control,mobile,6,0
14700,treatment,mobile,1,0
12974,treatment,desktop,10,0
7214,control,desktop,1,0
9347,control,mobile,2,0
17700,treatment,mobile,14,0
17642,treatment,mobile,8,0
22366,treatment,mobile,1,0
10066,control,mobile,8,0
7931,control,mobile,11,0
21023,treatment,mobile,2,0
18112,treatment,mobile,2,0
17090,treatment,desktop,2,0
443,control,mobile,3,0
19812,treatment,desktop,2,0
21318,treatment,mobile,10,0
331,control,desktop,4,0
5021,control,mobile,9,0
12596,treatment,mobile,12,0
3109,control,mobile,3,0
20638,treatment,mobile,12,0
21019,treatment,mobile,11,0
13454,treatment,mobile,3,0
20812,treatment,desktop,10,0
5863,control,desktop,10,0
8517,control,desktop,12,0
17053,treatment,mobile,2,0
11629,control,mobile,3,1
3633,control,mobile,10,0
247,control,desktop,5,0
21745,treatment,mobile,12,0
1591,control,mobile,14,0
12638,treatment,mobile,2,0
2551,control,mobile,5,0
17507,treatment,mobile,9,0
16858,treatment,desktop,8,0
17147,treatment,mobile,7,0
20121,treatment,mobile,11,0
17882,treatment,mobile,1,0
286,control,mobile,9,0
830,control,desktop,13,0
15828,treatment,desktop,14,0
11026,control,mobile,7,0
22730,treatment,mobile,11,0
3549,control,mobile,6,0
6461,control,desktop,11,0
1688,control,mobile,2,0
7493,control,mobile,12,0
7516,control,desktop,5,0
2940,control,mobile,11,0
5752,control,mobile,12,0
17016,treatment,mobile,10,0
22211,treatment,mobile,3,0
16897,treatment,desktop,2,0
11665,control,desktop,4,0
23919,treatment,mobile,3,0
10591,control,mobile,14,0
23705,treatment,desktop,8,0
3674,control,desktop,4,0
15438,treatment,desktop,3,0
18937,treatment,desktop,10,0
18341,treatment,desktop,8,0
15326,treatment,mobile,1,0
20886,treatment,mobile,4,0
9344,control,mobile,9,0
23991,treatment,desktop,6,0
11931,control,desktop,3,0
12851,treatment,mobile,3,0
1807,control,desktop,12,0
2095,control,desktop,1,0
3025,control,desktop,14,0
1523,control,desktop,3,0
7625,control,mobile,4,0
11122,control,mobile,3,1
4227,control,desktop,4,0
19398,treatment,mobile,14,0
2620,control,mobile,1,0
23673,treatment,mobile,12,0
15216,treatment,mobile,4,0
1238,control,mobile,8,0
20831,treatment,mobile,6,0
2172,control,mobile,12,1
15751,treatment,desktop,5,0
12148,treatment,mobile,11,0
17770,treatment,mobile,8,0
4880,control,mobile,14,0
13838,treatment,mobile,1,0
16580,treatment,mobile,14,0
7510,control,mobile,12,0
6850,control,mobile,3,0
17242,treatment,mobile,11,0
18778,treatment,desktop,1,0
336,control,desktop,8,0
3337,control,desktop,7,0
19364,treatment,mobile,13,0
18027,treatment,desktop,14,0
13665,treatment,mobile,9,0
1449,control,desktop,6,0
20694,treatment,desktop,11,0
12495,treatment,mobile,12,0
962,control,mobile,8,0
18701,treatment,mobile,7,0
21778,treatment,mobile,7,0
13114,treatment,mobile,11,0
3070,control,desktop,9,0
22256,treatment,desktop,4,0
197,control,desktop,8,0
16802,treatment,mobile,5,0
14032,treatment,desktop,10,0
1704,control,mobile,8,0
18092,treatment,mobile,14,0
710,control,desktop,9,0
14557,treatment,desktop,3,0
12487,treatment,mobile,9,0
5729,control,desktop,14,0
3977,control,mobile,5,0
20379,treatment,mobile,9,0
13216,treatment,mobile,1,0
12014,treatment,mobile,4,0
23638,treatment,mobile,2,0
4823,control,mobile,6,0
15279,treatment,desktop,9,0
9717,control,desktop,9,0
19476,treatment,desktop,2,0
400,control,desktop,12,0
9412,control,mobile,1,0
2606,control,desktop,12,0
21735,treatment,mobile,1,0
9371,control,mobile,4,0
11196,control,desktop,11,0
3305,control,mobile,12,0
930,control,mobile,12,0
20078,treatment,mobile,5,0
14917,treatment,mobile,6,0
10428,control,mobile,9,0
11300,control,mobile,2,0
21746,treatment,desktop,8,0
17399,treatment,mobile,12,0
19806,treatment,desktop,7,0
15048,treatment,desktop,12,0
18838,treatment,mobile,9,0
22899,treatment,mobile,9,0
17761,treatment,mobile,13,0
5923,control,desktop,11,0
20013,treatment,mobile,12,0
3776,control,mobile,6,0
6647,control,desktop,2,0
18134,treatment,mobile,9,0
19380,treatment,desktop,10,0
7664,control,mobile,6,0
334,control,desktop,4,0
8980,control,mobile,12,0
18912,treatment,mobile,1,0
22988,treatment,desktop,1,0
23390,treatment,desktop,5,0
1368,control,mobile,8,0
14677,treatment,mobile,5,0
6770,control,mobile,1,0
8182,control,mobile,14,0
19400,treatment,mobile,7,0
1287,control,mobile,9,0
8173,control,mobile,12,0
12146,treatment,mobile,9,0
23151,treatment,mobile,14,0
3959,control,desktop,9,0
13885,treatment,desktop,14,0
16778,treatment,mobile,1,0
2138,control,desktop,6,0
13562,treatment,desktop,10,0
6793,control,desktop,7,0
5510,control,mobile,8,0
4016,control,desktop,7,0
16478,treatment,desktop,3,0
6654,control,mobile,10,0
15573,treatment,desktop,8,0
20414,treatment,mobile,6,0
7160,control,desktop,10,0
6991,control,mobile,4,0
2057,control,mobile,8,0
9715,control,desktop,2,0
20742,treatment,desktop,12,0
5519,control,desktop,14,0
15692,treatment,mobile,13,0
21017,treatment,mobile,5,0
20544,treatment,desktop,7,0
20841,treatment,desktop,2,0
20123,treatment,desktop,10,0
1159,control,desktop,8,0
23209,treatment,desktop,7,0
365,control,desktop,6,0
12394,treatment,desktop,3,0
21582,treatment,mobile,8,0
4909,control,desktop,13,0
4913,control,mobile,2,0
10537,control,mobile,7,0
17400,treatment,desktop,7,0
10592,control,mobile,1,0
13028,treatment,mobile,7,0
14140,treatment,mobile,10,0
17403,treatment,mobile,4,0
7249,control,mobile,14,0
4695,control,mobile,1,0
6312,control,desktop,10,0
20129,treatment,mobile,13,0
21864,treatment,mobile,9,0
5705,control,mobile,5,0
16834,treatment,mobile,13,0
4526,control,mobile,3,0
20195,treatment,mobile,9,0
22393,treatment,mobile,4,0
9752,control,mobile,9,0
11304,control,mobile,5,0
19143,treatment,desktop,10,0
12421,treatment,mobile,9,0
1779,control,mobile,8,0
102,control,mobile,12,0
5789,control,mobile,1,0
20109,treatment,mobile,12,0
14150,treatment,mobile,4,0
17187,treatment,desktop,4,0
13311,treatment,mobile,1,0
17485,treatment,mobile,12,0
14541,treatment,mobile,5,0
2280,control,mobile,8,0
8832,control,desktop,14,0
18729,treatment,mobile,12,0
15518,treatment,desktop,1,0
6305,control,desktop,10,0
12448,treatment,desktop,10,1
11341,control,mobile,2,0
22933,treatment,mobile,3,0
6230,control,mobile,7,0
119,control,mobile,12,0
4746,control,mobile,9,0
4229,control,mobile,2,0
8961,control,desktop,6,0
16474,treatment,mobile,4,0
18507,treatment,mobile,8,0
12093,treatment,mobile,8,0
6950,control,mobile,12,0
20874,treatment,desktop,3,0
21243,treatment,desktop,8,0
20371,treatment,mobile,11,0
17143,treatment,mobile,13,0
2401,control,mobile,2,0
19879,treatment,mobile,14,0
22518,treatment,mobile,3,0
23906,treatment,mobile,12,0
16660,treatment,mobile,11,0
2873,control,desktop,3,0
5968,control,desktop,4,0
22973,treatment,mobile,8,0
993,control,desktop,1,0
18071,treatment,mobile,6,0
3798,control,mobile,1,0
7645,control,mobile,3,0
14804,treatment,mobile,1,0
19865,treatment,mobile,2,0
13479,treatment,desktop,1,0
8362,control,mobile,14,0
21228,treatment,desktop,6,0
7189,control,mobile,6,0
10901,control,desktop,12,0
17057,treatment,desktop,13,0
22155,treatment,mobile,3,0
18270,treatment,desktop,7,0
8243,control,mobile,7,0
18991,treatment,mobile,3,0
7346,control,desktop,10,0
23524,treatment,mobile,1,0
4097,control,desktop,13,0
13307,treatment,mobile,3,0
3213,control,desktop,14,0
16611,treatment,mobile,7,0
17575,treatment,mobile,3,0
10633,control,mobile,3,0
13370,treatment,mobile,8,0
5989,control,desktop,1,1
7378,control,mobile,6,0
8984,control,mobile,4,0
560,control,mobile,14,0
5189,control,desktop,6,0
7991,control,mobile,3,0
20388,treatment,desktop,14,0
5624,control,mobile,13,0
6499,control,mobile,8,0
18337,treatment,mobile,14,0
19464,treatment,desktop,14,0
11313,control,mobile,6,0
7366,control,mobile,3,0
12784,treatment,desktop,14,1
8509,control,mobile,13,0
22970,treatment,desktop,10,0
22497,treatment,desktop,4,0
7459,control,mobile,8,0
12471,treatment,mobile,14,0
7512,control,desktop,5,0
85,control,mobile,5,0
7505,control,desktop,9,0
2519,control,desktop,3,0
2237,control,mobile,8,0
8582,control,mobile,8,0
7417,control,mobile,1,0
3883,control,mobile,1,0
12878,treatment,mobile,14,0
19754,treatment,mobile,14,0
21990,treatment,desktop,13,0
17093,treatment,mobile,7,0
11194,control,desktop,6,0
19090,treatment,mobile,1,0
10703,control,mobile,1,0
3359,control,mobile,6,0
19599,treatment,mobile,1,0
7108,control,mobile,8,0
1418,control,mobile,3,0
10371,control,mobile,3,0
9759,control,mobile,14,0
13086,treatment,desktop,3,0
1880,control,desktop,4,0
14270,treatment,desktop,9,0
9652,control,mobile,10,0
10895,control,desktop,9,0
16979,treatment,desktop,9,0
3825,control,desktop,10,0
20940,treatment,desktop,2,0
6875,control,mobile,3,0
18555,treatment,mobile,1,0
12136,treatment,mobile,14,0
2666,control,mobile,2,0
4091,control,mobile,4,0
15546,treatment,mobile,12,0
22504,treatment,desktop,4,0
17795,treatment,mobile,12,0
11863,control,mobile,13,0
23344,treatment,mobile,14,0
6445,control,mobile,4,0
2586,control,desktop,11,0
19798,treatment,mobile,12,0
13919,treatment,mobile,6,0
16822,treatment,desktop,7,0
18427,treatment,desktop,4,0
21108,treatment,mobile,5,0
10805,control,mobile,6,0
4930,control,desktop,14,0
5665,control,mobile,6,0
6061,control,mobile,6,0
1664,control,mobile,2,0
14137,treatment,mobile,13,0
15271,treatment,desktop,4,0
10310,control,mobile,14,0
15625,treatment,desktop,9,0
3047,control,mobile,2,0
5683,control,desktop,12,0
4760,control,mobile,2,0
13907,treatment,desktop,7,0
9337,control,mobile,3,0
22382,treatment,mobile,13,0
9458,control,desktop,3,0
7074,control,mobile,10,0
23264,treatment,desktop,8,0
18496,treatment,mobile,8,0
1008,control,mobile,13,0
23119,treatment,mobile,8,0
3989,control,mobile,4,0
15014,treatment,mobile,6,0
23578,treatment,desktop,2,0
7363,control,desktop,4,0
8156,control,mobile,12,0
15407,treatment,desktop,3,0
17062,treatment,mobile,14,0
14751,treatment,desktop,9,0
15969,treatment,desktop,13,0
16082,treatment,desktop,13,0
17366,treatment,mobile,14,0
21454,treatment,desktop,13,0
22549,treatment,mobile,5,0
11054,control,mobile,3,1
4204,control,desktop,12,0
12539,treatment,mobile,14,0
11712,control,desktop,3,0
11428,control,mobile,4,0
1975,control,mobile,12,0
12,control,desktop,9,0
10359,control,mobile,1,0
13050,treatment,mobile,8,0
23308,treatment,desktop,13,0
1195,control,mobile,11,0
11255,control,mobile,2,0
22695,treatment,mobile,3,1
22971,treatment,mobile,4,0
5233,control,desktop,3,0
3155,control,mobile,1,0
12253,treatment,mobile,9,0
11235,control,desktop,10,0
12641,treatment,desktop,6,0
13645,treatment,mobile,6,0
441,control,mobile,1,0
1231,control,mobile,14,0
17837,treatment,desktop,1,0
2756,control,mobile,1,0
11730,control,mobile,5,0
21642,treatment,desktop,2,0
10559,control,mobile,4,0
14977,treatment,mobile,12,0
22835,treatment,mobile,10,0
4277,control,mobile,3,0
2976,control,mobile,10,0
15688,treatment,mobile,12,0
2733,control,mobile,5,0
784,control,mobile,6,0
3116,control,mobile,5,0
15350,treatment,mobile,3,0
20724,treatment,mobile,11,0
3454,control,mobile,12,0
19155,treatment,mobile,6,0
6687,control,desktop,1,0
3874,control,mobile,2,0
21434,treatment,mobile,1,0
22465,treatment,mobile,4,0
583,control,desktop,12,0
21931,treatment,mobile,6,0
17323,treatment,desktop,4,0
19976,treatment,mobile,4,0
22738,treatment,desktop,2,0
2862,control,mobile,3,0
23853,treatment,mobile,13,0
18828,treatment,mobile,10,0
12374,treatment,mobile,7,1
70,control,mobile,13,0
11648,control,mobile,4,0
20240,treatment,mobile,12,0
6741,control,mobile,1,0
2741,control,mobile,3,0
10919,control,mobile,2,1
8254,control,desktop,10,0
19085,treatment,mobile,9,0
7165,control,desktop,10,0
1398,control,mobile,2,1
2507,control,mobile,14,0
9745,control,mobile,1,0
9107,control,mobile,7,0
10574,control,mobile,5,0
8051,control,mobile,3,0
2561,control,desktop,3,0
18283,treatment,mobile,7,0
20313,treatment,mobile,5,0
165,control,mobile,6,0
2082,control,mobile,5,0
10722,control,desktop,8,0
1333,control,mobile,1,1
21069,treatment,mobile,11,0
5375,control,desktop,4,0
7996,control,desktop,1,0
20720,treatment,mobile,12,0
1392,control,desktop,11,0
14674,treatment,mobile,10,0
8747,control,mobile,1,0
1288,control,mobile,14,0
5756,control,mobile,4,0
23086,treatment,desktop,12,0
21317,treatment,mobile,12,0
19742,treatment,desktop,3,0
15861,treatment,mobile,9,0
17691,treatment,desktop,14,0
7642,control,mobile,4,0
11396,control,desktop,3,0
7019,control,desktop,4,0
15129,treatment,mobile,4,0
15755,treatment,desktop,10,0
13094,treatment,mobile,4,0
13123,treatment,mobile,5,0
7148,control,desktop,11,0
20703,treatment,mobile,14,0
21035,treatment,mobile,1,0
11203,control,desktop,12,0
1010,control,mobile,6,0
23636,treatment,mobile,13,0
20664,treatment,desktop,10,0
15881,treatment,desktop,1,0
3002,control,mobile,12,0
408,control,desktop,1,0
7665,control,mobile,5,0
12252,treatment,mobile,4,0
17359,treatment,mobile,11,0
16284,treatment,desktop,3,0
17066,treatment,desktop,7,0
12995,treatment,desktop,7,0
21133,treatment,mobile,14,0
13137,treatment,desktop,9,0
1027,control,mobile,8,0
15377,treatment,mobile,2,0
6224,control,mobile,3,0
4743,control,mobile,7,0
8527,control,mobile,8,0
16863,treatment,mobile,7,0
3367,control,desktop,13,0
17606,treatment,mobile,2,0
21287,treatment,desktop,4,0
11555,control,mobile,4,0
15864,treatment,desktop,4,0
507,control,desktop,2,0
6673,control,mobile,13,0
3691,control,mobile,14,0
254,control,desktop,2,0
23132,treatment,mobile,8,0
1839,control,mobile,5,0
19622,treatment,mobile,5,0
5016,control,desktop,14,1
9758,control,mobile,12,0
10483,control,mobile,9,0
16673,treatment,mobile,4,0
23440,treatment,desktop,1,0
17197,treatment,desktop,8,0
3368,control,mobile,9,0
8699,control,desktop,3,0
18443,treatment,mobile,10,0
10224,control,mobile,10,0
35,control,mobile,1,0
20800,treatment,desktop,4,0
6144,control,desktop,2,0
7559,control,mobile,14,0
8087,control,mobile,2,0
9642,control,mobile,6,0
8811,control,desktop,11,0
18191,treatment,desktop,7,0
9906,control,desktop,6,0
11901,control,mobile,10,0
22023,treatment,desktop,11,0
20362,treatment,mobile,11,0
17494,treatment,mobile,11,1
4905,control,mobile,10,0
6076,control,mobile,6,0
19137,treatment,desktop,3,0
17815,treatment,mobile,5,0
9449,control,mobile,10,0
19362,treatment,desktop,10,0
10244,control,mobile,7,0
4616,control,mobile,1,0
6170,control,mobile,13,0
17514,treatment,desktop,14,0
12757,treatment,desktop,2,1
6252,control,desktop,3,0
20230,treatment,desktop,8,0
5147,control,desktop,10,0
8900,control,mobile,14,0
17500,treatment,mobile,13,0
10040,control,desktop,11,0
8632,control,mobile,11,0
10807,control,desktop,9,0
21366,treatment,desktop,5,0
5447,control,desktop,11,0
19961,treatment,mobile,14,0
10464,control,mobile,8,0
2178,control,desktop,2,0
12189,treatment,desktop,9,0
19416,treatment,mobile,6,0
8276,control,mobile,5,0
2633,control,desktop,10,0
9119,control,mobile,1,0
2605,control,mobile,10,0
4849,control,mobile,4,1
15454,treatment,mobile,7,0
17309,treatment,desktop,12,0
9397,control,desktop,6,0
20499,treatment,mobile,6,0
4822,control,mobile,13,0
10957,control,mobile,10,0
18023,treatment,mobile,13,0
9392,control,desktop,8,0
7083,control,mobile,12,0
1410,control,desktop,14,0
5509,control,desktop,13,0
20830,treatment,desktop,14,0
10508,control,desktop,4,0
2723,control,mobile,12,0
6762,control,mobile,7,0
12562,treatment,desktop,10,0
2245,control,desktop,8,0
6051,control,mobile,8,0
11717,control,mobile,2,0
6145,control,mobile,3,0
10830,control,desktop,5,0
7992,control,mobile,8,0
6122,control,desktop,13,0
22114,treatment,mobile,7,0
14915,treatment,desktop,4,0
15678,treatment,mobile,12,0
14973,treatment,mobile,6,0
14521,treatment,desktop,7,0
18977,treatment,mobile,7,0
2915,control,mobile,4,0
8970,control,desktop,2,0
20307,treatment,mobile,8,0
1525,control,mobile,12,0
10778,control,mobile,11,0
17369,treatment,mobile,7,0
16823,treatment,desktop,5,0
13191,treatment,mobile,9,0
12166,treatment,mobile,5,0
16669,treatment,desktop,11,0
15149,treatment,desktop,10,0
16308,treatment,desktop,3,0
7296,control,mobile,6,0
22286,treatment,mobile,1,0
6105,control,mobile,12,0
13801,treatment,mobile,7,0
18232,treatment,desktop,2,0
17513,treatment,mobile,7,0
780,control,mobile,10,0
10547,control,desktop,9,0
10035,control,desktop,11,0
11061,control,mobile,10,0
806,control,mobile,14,0
5036,control,mobile,11,1
2146,control,mobile,13,0
19709,treatment,desktop,11,1
1609,control,desktop,2,0
11414,control,mobile,8,0
6596,control,desktop,10,0
20901,treatment,mobile,13,0
7485,control,mobile,14,0
2466,control,mobile,3,0
8657,control,mobile,9,0
8271,control,mobile,13,0
18776,treatment,mobile,12,0
19111,treatment,mobile,6,0
17777,treatment,desktop,4,0
12978,treatment,mobile,7,0
22445,treatment,desktop,13,0
6029,control,mobile,5,0
19343,treatment,mobile,8,0
16712,treatment,desktop,3,0
15888,treatment,mobile,8,0
3894,control,mobile,14,0
20696,treatment,desktop,4,0
14971,treatment,desktop,1,0
2758,control,desktop,5,0
20408,treatment,mobile,2,0
20065,treatment,desktop,11,0
10132,control,mobile,8,0
9738,control,mobile,14,0
2093,control,mobile,9,0
9211,control,mobile,2,0
22807,treatment,mobile,2,0
23526,treatment,mobile,8,0
6469,control,desktop,11,0
16939,treatment,desktop,12,0
11531,control,mobile,5,0
5255,control,desktop,8,0
21280,treatment,desktop,6,0
12375,treatment,desktop,14,0
8149,control,mobile,14,0
1771,control,desktop,11,0
2016,control,desktop,10,0
17156,treatment,mobile,7,0
5731,control,desktop,12,0
21884,treatment,mobile,7,0
7295,control,desktop,12,0
13099,treatment,desktop,12,0
16825,treatment,mobile,1,0
12939,treatment,desktop,6,0
22337,treatment,desktop,13,0
2829,control,desktop,5,0
14571,treatment,desktop,5,0
14086,treatment,desktop,3,0
16074,treatment,mobile,12,0
12147,treatment,mobile,5,0
16672,treatment,mobile,1,0
5086,control,mobile,6,0
16649,treatment,desktop,13,0
7123,control,mobile,14,0
15854,treatment,desktop,12,0
20426,treatment,desktop,4,0
14326,treatment,desktop,6,0
5605,control,mobile,12,0
17074,treatment,mobile,9,0
4749,control,mobile,13,0
17527,treatment,mobile,2,0
21729,treatment,desktop,9,1
5832,control,desktop,4,0
7330,control,desktop,8,0
17889,treatment,desktop,3,0
2300,control,desktop,14,0
21565,treatment,mobile,5,0
22141,treatment,mobile,1,0
15116,treatment,mobile,8,0
15450,treatment,mobile,2,0
4437,control,desktop,7,1
12863,treatment,mobile,5,0
23074,treatment,mobile,6,0
13202,treatment,mobile,4,0
10542,control,desktop,6,0
1921,control,desktop,2,0
8847,control,mobile,7,0
21826,treatment,mobile,4,0
2626,control,desktop,14,0
16368,treatment,mobile,12,0
18473,treatment,mobile,10,0
23360,treatment,desktop,12,1
18545,treatment,mobile,7,0
2767,control,desktop,1,0
16633,treatment,mobile,13,0
21290,treatment,mobile,6,0
18791,treatment,desktop,5,0
11160,control,mobile,12,0
4975,control,mobile,1,0
1185,control,desktop,5,0
19194,treatment,mobile,11,0
17226,treatment,desktop,5,0
23113,treatment,desktop,8,0
13412,treatment,mobile,2,0
8168,control,desktop,12,0
6317,control,mobile,4,0
17058,treatment,desktop,12,0
7782,control,mobile,7,0
15485,treatment,desktop,14,0
11770,control,mobile,1,0
29,control,desktop,9,0
13545,treatment,desktop,12,0
19058,treatment,mobile,11,0
4133,control,desktop,8,0
19898,treatment,mobile,10,0
16018,treatment,mobile,2,0
23514,treatment,mobile,7,0
5896,control,mobile,11,0
9406,control,desktop,14,0
4646,control,mobile,10,0
21447,treatment,mobile,12,0
23816,treatment,mobile,11,0
5602,control,desktop,14,0
11328,control,mobile,3,0
2276,control,mobile,7,0
11458,control,mobile,14,0
18972,treatment,mobile,6,0
14060,treatment,desktop,14,0
17432,treatment,mobile,1,1
5056,control,mobile,5,0
11032,control,mobile,2,0
4193,control,desktop,1,0
23394,treatment,mobile,12,1
20136,treatment,mobile,14,0
16072,treatment,mobile,9,0
12912,treatment,desktop,5,0
15728,treatment,mobile,8,0
4992,control,mobile,1,0
5417,control,mobile,12,0
8341,control,mobile,14,0
14127,treatment,desktop,13,0
1696,control,mobile,8,0
10495,control,mobile,8,0
4050,control,desktop,10,0
9676,control,mobile,10,0
21720,treatment,desktop,6,0
23258,treatment,mobile,4,0
5916,control,mobile,4,0
3251,control,mobile,10,0
11707,control,desktop,2,0
19836,treatment,mobile,8,0
1743,control,mobile,2,0
9015,control,desktop,2,0
4925,control,mobile,2,0
51,control,mobile,4,1
13744,treatment,mobile,10,0
16087,treatment,desktop,4,0
431,control,desktop,11,0
14743,treatment,mobile,6,0
17953,treatment,mobile,5,0
11697,control,desktop,6,0
11146,control,mobile,9,0
5983,control,desktop,4,0
4809,control,mobile,7,0
14629,treatment,desktop,2,0
11973,control,mobile,12,0
1328,control,desktop,11,0
18676,treatment,mobile,4,0
5243,control,desktop,1,0
20570,treatment,mobile,8,0
393,control,desktop,4,0
4273,control,desktop,7,0
5762,control,desktop,11,0
21866,treatment,mobile,3,0
9602,control,mobile,4,0
2290,control,mobile,3,0
8167,control,desktop,12,1
18380,treatment,mobile,9,0
11924,control,mobile,3,0
6439,control,desktop,10,0
13155,treatment,desktop,13,0
16324,treatment,mobile,10,0
5803,control,desktop,7,0
19198,treatment,mobile,12,0
3042,control,mobile,5,0
6339,control,mobile,5,0
19505,treatment,desktop,7,0
18513,treatment,desktop,4,0
23442,treatment,desktop,8,0
10831,control,mobile,1,0
17829,treatment,mobile,7,0
3226,control,desktop,10,0
13914,treatment,mobile,2,0
19542,treatment,desktop,2,0
4203,control,desktop,13,0
20278,treatment,mobile,6,0
18579,treatment,mobile,9,0
281,control,desktop,12,0
6047,control,mobile,3,0
23141,treatment,mobile,9,0
3325,control,mobile,2,0
9041,control,desktop,12,0
21190,treatment,desktop,14,0
21987,treatment,desktop,11,0
3389,control,mobile,4,0
12228,treatment,desktop,11,0
5334,control,desktop,5,0
13633,treatment,mobile,1,0
9313,control,mobile,2,0
15371,treatment,desktop,10,0
3526,control,desktop,4,0
18551,treatment,mobile,11,0
8707,control,mobile,7,0
11353,control,mobile,4,0
23564,treatment,desktop,5,1
17656,treatment,mobile,14,0
23109,treatment,desktop,7,1
9290,control,mobile,9,0
18771,treatment,desktop,10,0
13160,treatment,mobile,6,0
1375,control,mobile,6,0
9820,control,mobile,7,0
19493,treatment,mobile,1,1
22746,treatment,mobile,2,0
6905,control,desktop,1,0
5633,control,mobile,7,0
7540,control,desktop,1,0
5903,control,mobile,9,0
6192,control,desktop,7,0
2412,control,mobile,13,0
15989,treatment,mobile,9,0
21944,treatment,mobile,5,0
3374,control,mobile,4,0
6228,control,mobile,6,0
5300,control,desktop,10,0
15875,treatment,mobile,8,0
10739,control,mobile,10,0
797,control,mobile,12,0
55,control,mobile,6,0
1107,control,mobile,2,0
15674,treatment,desktop,12,0
3452,control,mobile,7,0
12540,treatment,desktop,7,0
23204,treatment,desktop,12,1
13882,treatment,mobile,7,0
4712,control,desktop,11,0
10921,control,desktop,2,0
12893,treatment,mobile,6,0
9043,control,mobile,8,0
2588,control,mobile,8,1
10271,control,mobile,1,0
20314,treatment,mobile,12,0
22778,treatment,desktop,1,0
3112,control,desktop,9,0
3908,control,desktop,4,0
7511,control,mobile,10,0
2058,control,mobile,6,0
4921,control,mobile,2,0
14687,treatment,mobile,1,0
1079,control,desktop,9,0
19097,treatment,mobile,13,0
3216,control,desktop,6,0
8685,control,desktop,9,0
12058,treatment,mobile,10,0
14825,treatment,desktop,11,0
12960,treatment,mobile,5,0
8390,control,desktop,2,0
5480,control,mobile,10,0
7058,control,mobile,13,0
9957,control,mobile,2,0
13445,treatment,mobile,11,0
4506,control,desktop,13,0
15474,treatment,desktop,9,0
11408,control,mobile,10,0
9784,control,mobile,9,0
1785,control,mobile,7,0
6881,control,desktop,4,0
13335,treatment,desktop,12,0
20140,treatment,mobile,3,0
9305,control,mobile,14,0
1087,control,mobile,7,0
14471,treatment,mobile,11,0
15036,treatment,mobile,7,0
15359,treatment,mobile,10,0
14252,treatment,desktop,11,0
22869,treatment,mobile,2,0
2768,control,desktop,1,0
3122,control,desktop,1,0
13944,treatment,mobile,7,0
20338,treatment,mobile,4,0
17694,treatment,mobile,8,0
17926,treatment,mobile,10,0
17573,treatment,mobile,13,1
6315,control,desktop,11,0
10276,control,mobile,12,0
2822,control,desktop,14,0
3879,control,desktop,11,0
2278,control,mobile,11,1
5273,control,desktop,7,0
18945,treatment,mobile,3,0
14104,treatment,mobile,9,0
4698,control,mobile,12,0
9881,control,mobile,11,0
20127,treatment,mobile,3,0
21354,treatment,desktop,3,0
8371,control,mobile,14,0
9422,control,mobile,7,1
3878,control,mobile,4,0
8884,control,desktop,8,0
7884,control,mobile,3,0
7715,control,desktop,7,0
1897,control,mobile,13,0
23024,treatment,desktop,1,0
20649,treatment,desktop,14,0
2532,control,mobile,6,0
11639,control,desktop,2,0
2988,control,desktop,2,0
17690,treatment,desktop,6,0
21051,treatment,mobile,6,0
6794,control,mobile,7,0
19633,treatment,mobile,2,0
22868,treatment,mobile,10,0
14077,treatment,desktop,8,0
2750,control,mobile,9,1
3075,control,desktop,10,0
17888,treatment,desktop,13,0
18098,treatment,mobile,9,0
17806,treatment,mobile,5,0
481,control,desktop,7,0
17401,treatment,mobile,4,0
22871,treatment,mobile,10,0
6723,control,desktop,2,0
12242,treatment,mobile,14,0
21399,treatment,desktop,8,0
10824,control,mobile,9,0
601,control,desktop,14,0
19843,treatment,desktop,6,0
13320,treatment,mobile,4,0
10357,control,mobile,1,0
15532,treatment,desktop,1,0
1390,control,desktop,12,0
11955,control,desktop,9,0
17960,treatment,mobile,14,0
19122,treatment,desktop,14,0
13385,treatment,desktop,14,0
13389,treatment,mobile,13,0
2977,control,mobile,6,0
13912,treatment,desktop,8,0
9611,control,desktop,11,0
18421,treatment,desktop,6,0
3244,control,mobile,9,0
1637,control,desktop,4,0
21882,treatment,desktop,9,0
6273,control,mobile,13,0
7034,control,mobile,7,0
12276,treatment,mobile,10,0
18477,treatment,desktop,7,0
23587,treatment,desktop,6,0
15593,treatment,mobile,1,0
18773,treatment,mobile,14,0
13478,treatment,mobile,6,0
17582,treatment,desktop,2,0
19511,treatment,desktop,6,0
19896,treatment,mobile,12,0
5289,control,desktop,8,0
19331,treatment,mobile,6,0
18530,treatment,mobile,2,0
15421,treatment,mobile,2,0
3562,control,mobile,12,0
21025,treatment,mobile,10,0
6212,control,mobile,4,0
13450,treatment,desktop,2,0
21739,treatment,mobile,6,0
14842,treatment,desktop,11,0
8427,control,mobile,12,0
13933,treatment,mobile,11,0
1829,control,desktop,10,0
11772,control,mobile,14,0
6939,control,mobile,10,0
5556,control,desktop,13,0
19455,treatment,desktop,9,0
17649,treatment,mobile,9,0
16342,treatment,mobile,5,0
459,control,desktop,2,0
18392,treatment,mobile,8,0
11510,control,mobile,12,0
20741,treatment,mobile,2,0
23185,treatment,mobile,2,0
11318,control,mobile,4,0
14857,treatment,mobile,11,0
9574,control,desktop,9,0
1324,control,mobile,10,0
21713,treatment,desktop,2,0
11607,control,mobile,1,1
5875,control,mobile,10,1
11880,control,desktop,5,0
20978,treatment,mobile,5,0
2098,control,desktop,2,0
18505,treatment,desktop,3,0
18936,treatment,desktop,13,0
13418,treatment,mobile,11,0
1337,control,desktop,11,0
15192,treatment,mobile,4,0
16104,treatment,mobile,6,0
17772,treatment,desktop,8,0
2407,control,mobile,11,0
23655,treatment,desktop,11,0
5084,control,mobile,3,0
6351,control,mobile,9,0
5886,control,mobile,9,0
22800,treatment,mobile,2,0
16696,treatment,mobile,3,0
3519,control,mobile,5,0
1445,control,mobile,12,0
10405,control,desktop,4,0
2765,control,mobile,12,0
2755,control,desktop,13,0
7951,control,mobile,1,0
8798,control,mobile,1,0
22498,treatment,mobile,4,0
1667,control,mobile,4,0
4974,control,mobile,5,0
10601,control,mobile,6,0
23070,treatment,mobile,9,0
10189,control,mobile,11,0
6878,control,mobile,5,0
12035,treatment,desktop,10,0
20903,treatment,desktop,6,0
22287,treatment,mobile,3,1
2039,control,desktop,10,0
10485,control,desktop,13,0
13695,treatment,desktop,4,0
21648,treatment,mobile,13,0
1422,control,desktop,4,1
18634,treatment,mobile,1,0
23352,treatment,desktop,5,0
12754,treatment,mobile,7,0
2118,control,desktop,4,0
5926,control,desktop,4,0
13162,treatment,mobile,3,0
6925,control,desktop,2,0
15458,treatment,mobile,10,0
20876,treatment,desktop,12,0
6080,control,mobile,1,0
2871,control,mobile,4,0
9975,control,mobile,1,0
8966,control,mobile,9,0
869,control,desktop,12,0
8069,control,desktop,1,0
3360,control,mobile,10,0
17039,treatment,mobile,12,0
19141,treatment,desktop,4,1
16148,treatment,desktop,3,0
3848,control,mobile,3,0
11964,control,mobile,1,0
6554,control,mobile,7,0
18304,treatment,mobile,10,0
1466,control,desktop,3,0
5052,control,mobile,3,0
10144,control,desktop,1,0
13170,treatment,mobile,2,0
20962,treatment,desktop,13,0
23337,treatment,mobile,12,0
390,control,desktop,5,0
16849,treatment,mobile,9,1
22149,treatment,desktop,12,0
8123,control,mobile,6,0
19383,treatment,mobile,8,0
1929,control,mobile,6,1
6303,control,mobile,9,0
22584,treatment,mobile,14,0
20045,treatment,mobile,7,0
23990,treatment,mobile,4,0
16271,treatment,mobile,2,0
23552,treatment,desktop,8,0
2018,control,mobile,11,1
17254,treatment,desktop,1,0
8991,control,mobile,10,0
341,control,mobile,10,0
8923,control,desktop,6,0
13955,treatment,mobile,10,0
8777,control,mobile,10,0
20528,treatment,desktop,3,0
4462,control,desktop,4,0
22793,treatment,mobile,3,0
22589,treatment,desktop,13,0
19250,treatment,desktop,8,0
8451,control,desktop,2,0
3418,control,desktop,9,0
10990,control,mobile,13,0
7435,control,mobile,13,0
11348,control,mobile,12,0
12160,treatment,desktop,10,1
21153,treatment,mobile,4,0
19375,treatment,desktop,1,1
18256,treatment,desktop,4,0
5908,control,mobile,3,0
22182,treatment,mobile,7,0
13475,treatment,mobile,9,0
6450,control,mobile,11,0
23726,treatment,mobile,5,0
6289,control,desktop,9,0
8974,control,mobile,4,0
6946,control,mobile,12,0
10903,control,mobile,7,0
16574,treatment,mobile,8,0
21786,treatment,mobile,5,0
3101,control,mobile,1,1
11307,control,mobile,14,0
7778,control,mobile,8,0
7322,control,desktop,8,1
18981,treatment,mobile,5,0
3048,control,mobile,8,0
22341,treatment,desktop,11,0
20680,treatment,mobile,9,0
19609,treatment,mobile,3,0
20811,treatment,desktop,13,0
15097,treatment,mobile,4,0
21971,treatment,mobile,6,0
10879,control,mobile,11,0
4669,control,mobile,13,0
22268,treatment,mobile,9,0
21555,treatment,mobile,8,0
16650,treatment,mobile,13,0
11896,control,desktop,12,0
16461,treatment,desktop,6,0
6482,control,desktop,9,0
19761,treatment,desktop,8,0
16675,treatment,desktop,6,0
3049,control,desktop,13,0
1590,control,desktop,10,0
19314,treatment,mobile,14,1
19508,treatment,mobile,3,0
3356,control,mobile,11,0
14089,treatment,mobile,13,0
12059,treatment,desktop,1,0
18152,treatment,mobile,7,0
20421,treatment,desktop,1,0
95,control,mobile,13,0
19990,treatment,mobile,13,0
18467,treatment,mobile,5,0
15701,treatment,mobile,10,0
14901,treatment,mobile,14,0
12075,treatment,desktop,10,0
11147,control,mobile,3,1
18202,treatment,desktop,11,0
17989,treatment,mobile,3,0
15239,treatment,desktop,13,0
18923,treatment,desktop,8,0
13348,treatment,mobile,6,0
972,control,desktop,14,0
586,control,mobile,14,0
19117,treatment,mobile,10,0
13996,treatment,mobile,4,0
22843,treatment,mobile,14,0
2880,control,desktop,3,0
23458,treatment,desktop,1,0
406,control,mobile,14,0
7380,control,desktop,14,0
16589,treatment,mobile,13,0
9471,control,desktop,13,0
7128,control,desktop,2,0
970,control,desktop,8,0
22170,treatment,desktop,8,0
13516,treatment,mobile,13,0
3455,control,desktop,9,0
15822,treatment,desktop,2,1
23097,treatment,desktop,7,0
6392,control,mobile,13,1
21018,treatment,mobile,5,0
7013,control,mobile,10,0
16251,treatment,mobile,7,0
5009,control,mobile,5,0
15767,treatment,mobile,2,0
4678,control,mobile,3,0
20974,treatment,desktop,1,0
4661,control,mobile,3,1
7194,control,mobile,1,0
14519,treatment,desktop,14,0
2699,control,desktop,14,0
3366,control,desktop,13,0
16149,treatment,mobile,1,0
16600,treatment,desktop,11,0
900,control,desktop,5,0
12047,treatment,mobile,11,0
14982,treatment,desktop,11,0
308,control,desktop,14,0
5134,control,desktop,1,0
5058,control,mobile,14,0
21143,treatment,mobile,5,0
23126,treatment,mobile,5,0
2746,control,mobile,9,1
17791,treatment,desktop,1,1
9229,control,mobile,7,0
4620,control,mobile,2,0
2484,control,mobile,13,1
6646,control,desktop,9,0
12608,treatment,mobile,2,0
18302,treatment,mobile,11,0
814,control,mobile,1,0
16371,treatment,mobile,14,0
7545,control,desktop,6,0
17977,treatment,mobile,7,0
11706,control,mobile,11,0
20082,treatment,mobile,4,0
16709,treatment,desktop,8,0
1106,control,mobile,1,0
14123,treatment,mobile,1,0
16307,treatment,mobile,9,1
6358,control,desktop,13,0
23216,treatment,desktop,3,1
23486,treatment,desktop,5,0
11645,control,mobile,11,0
4339,control,mobile,6,0
21973,treatment,mobile,11,0
6415,control,mobile,9,0
7126,control,desktop,9,0
3641,control,mobile,8,0
14651,treatment,desktop,11,0
5145,control,mobile,9,0
18927,treatment,desktop,1,0
18351,treatment,desktop,12,0
6495,control,mobile,14,0
2933,control,desktop,4,0
3051,control,desktop,1,0
18954,treatment,desktop,4,0
10669,control,mobile,14,0
17450,treatment,mobile,5,0
15409,treatment,desktop,14,0
20557,treatment,mobile,14,0
16486,treatment,mobile,9,0
15602,treatment,mobile,6,0
7936,control,desktop,9,0
20777,treatment,mobile,13,0
3624,control,mobile,13,0
19958,treatment,mobile,8,0
20200,treatment,mobile,2,0
7344,control,mobile,14,0
15286,treatment,mobile,2,0
11588,control,desktop,4,0
19685,treatment,mobile,5,0
422,control,desktop,1,0
5343,control,desktop,5,0
16415,treatment,desktop,9,0
23862,treatment,mobile,14,0
8911,control,mobile,5,0
21493,treatment,mobile,6,0
2882,control,desktop,1,0
17137,treatment,mobile,12,0
6178,control,desktop,4,0
8225,control,desktop,8,0
5290,control,mobile,5,0
4501,control,mobile,12,0
874,control,desktop,10,0
12624,treatment,mobile,8,0
17608,treatment,desktop,7,0
6828,control,desktop,5,0
2994,control,mobile,5,0
16429,treatment,desktop,10,0
8629,control,desktop,5,0
18306,treatment,desktop,1,0
23837,treatment,mobile,5,0
12422,treatment,desktop,14,0
14648,treatment,mobile,5,0
12850,treatment,mobile,8,0
15710,treatment,desktop,9,0
11425,control,mobile,13,0
23556,treatment,mobile,3,0
23433,treatment,mobile,1,0
8486,control,mobile,8,0
8344,control,mobile,11,0
17916,treatment,desktop,10,0
10479,control,mobile,14,0
21514,treatment,desktop,3,0
7633,control,mobile,6,0
19338,treatment,mobile,14,1
3757,control,desktop,8,0
19514,treatment,desktop,1,0
21734,treatment,desktop,12,0
2320,control,mobile,7,0
8286,control,mobile,12,0
15162,treatment,mobile,4,0
21552,treatment,desktop,14,0
6576,control,mobile,13,0
10567,control,desktop,14,0
7956,control,mobile,8,0
1625,control,mobile,5,0
18148,treatment,mobile,7,0
2002,control,mobile,9,0
3912,control,desktop,2,0
9937,control,desktop,1,0
15527,treatment,mobile,5,0
13591,treatment,mobile,10,0
21634,treatment,desktop,2,0
21715,treatment,mobile,2,0
793,control,mobile,10,0
19936,treatment,desktop,10,0
21956,treatment,desktop,11,0
15509,treatment,desktop,3,0
16694,treatment,mobile,9,0
14576,treatment,mobile,8,0
5699,control,mobile,3,0
3015,control,mobile,13,0
12073,treatment,desktop,7,0
19366,treatment,mobile,2,0
8963,control,mobile,14,0
9862,control,desktop,13,0
466,control,mobile,13,0
11072,control,desktop,13,0
15870,treatment,desktop,5,0
22262,treatment,desktop,12,0
7823,control,mobile,4,0
17648,treatment,desktop,1,0
17192,treatment,desktop,12,0
16323,treatment,desktop,7,0
13741,treatment,desktop,4,0
168,control,mobile,5,0
19944,treatment,desktop,13,0
14431,treatment,mobile,5,0
15290,treatment,mobile,11,0
3470,control,mobile,13,0
13794,treatment,mobile,12,0
3291,control,mobile,11,0
23518,treatment,mobile,10,0
5378,control,mobile,11,0
10650,control,mobile,11,0
7345,control,mobile,13,0
575,control,mobile,3,0
4719,control,mobile,1,0
19674,treatment,desktop,1,0
18119,treatment,mobile,14,0
3704,control,mobile,2,0
16112,treatment,mobile,3,0
7922,control,mobile,1,0
19488,treatment,desktop,2,0
4872,control,mobile,3,0
19173,treatment,mobile,4,0
20191,treatment,mobile,9,0
279,control,mobile,12,0
9443,control,mobile,11,0
21918,treatment,desktop,10,0
22329,treatment,desktop,9,0
3532,control,mobile,5,0
15457,treatment,mobile,3,0
2380,control,mobile,8,0
6829,control,desktop,9,0
4198,control,mobile,11,0
13856,treatment,desktop,7,0
20450,treatment,mobile,10,0
10578,control,desktop,1,0
7953,control,desktop,4,0
8819,control,mobile,10,0
7487,control,mobile,12,0
2115,control,mobile,14,0
16490,treatment,mobile,8,0
18723,treatment,desktop,6,0
3829,control,desktop,11,0
991,control,desktop,7,0
6872,control,mobile,7,0
19773,treatment,mobile,4,0
23461,treatment,mobile,6,0
14542,treatment,mobile,2,0
10676,control,mobile,12,0
12060,treatment,mobile,12,0
23656,treatment,mobile,6,0
7881,control,mobile,13,0
10166,control,mobile,8,0
4107,control,mobile,12,0
10388,control,mobile,12,0
14959,treatment,mobile,14,0
8456,control,desktop,5,0
22670,treatment,mobile,9,0
4182,control,mobile,14,0
17495,treatment,mobile,7,0
3280,control,mobile,9,0
1073,control,desktop,14,0
7141,control,mobile,6,0
18069,treatment,desktop,8,0
10649,control,mobile,5,0
15682,treatment,mobile,11,0
12799,treatment,mobile,1,0
17063,treatment,mobile,9,0
13796,treatment,mobile,12,0
9833,control,mobile,6,0
17525,treatment,desktop,6,0
15576,treatment,mobile,6,0
13799,treatment,mobile,3,0
19376,treatment,mobile,12,0
5420,control,desktop,5,0
98,control,desktop,3,0
3972,control,desktop,11,0
5615,control,desktop,2,0
12577,treatment,mobile,4,0
5365,control,mobile,1,0
8512,control,mobile,5,0
10441,control,mobile,10,0
3188,control,desktop,6,0
9009,control,mobile,5,0
23130,treatment,mobile,11,0
20070,treatment,desktop,3,0
1507,control,mobile,10,0
23877,treatment,mobile,2,0
12635,treatment,mobile,2,0
22231,treatment,desktop,5,0
3504,control,mobile,8,0
6343,control,mobile,1,0
9277,control,desktop,9,0
22600,treatment,mobile,8,0
4455,control,desktop,10,0
17059,treatment,desktop,1,0
3660,control,mobile,7,0
1516,control,mobile,2,0
10967,control,mobile,4,0
11214,control,mobile,9,0
12390,treatment,mobile,9,0
6006,control,mobile,10,0
18355,treatment,mobile,7,0
8202,control,desktop,11,0
13785,treatment,mobile,13,0
12752,treatment,desktop,5,0
6404,control,mobile,3,0
19086,treatment,mobile,10,0
1777,control,mobile,10,0
6944,control,desktop,2,0
19946,treatment,mobile,7,0
14655,treatment,mobile,12,0
1629,control,desktop,9,1
8383,control,mobile,4,0
11301,control,mobile,7,0
15156,treatment,mobile,7,0
23565,treatment,mobile,1,0
6965,control,desktop,7,0
10854,control,mobile,12,0
5271,control,mobile,2,0
18364,treatment,desktop,4,0
20770,treatment,mobile,4,0
7925,control,desktop,8,0
19292,treatment,desktop,3,0
11330,control,desktop,5,0
2094,control,desktop,10,0
2521,control,desktop,1,0
4595,control,mobile,12,0
12879,treatment,mobile,5,0
16598,treatment,mobile,12,0
19169,treatment,desktop,2,0
6099,control,desktop,4,0
21803,treatment,desktop,7,0
13620,treatment,desktop,8,1
3348,control,desktop,1,0
14460,treatment,mobile,8,0
847,control,mobile,1,0
20959,treatment,mobile,13,0
17049,treatment,mobile,7,0
9137,control,desktop,2,0
863,control,mobile,4,0
21862,treatment,desktop,13,0
23194,treatment,mobile,8,0
10012,control,mobile,7,1
3284,control,desktop,4,0
9959,control,mobile,6,1
15681,treatment,mobile,10,1
19509,treatment,mobile,9,0
18731,treatment,mobile,8,0
20500,treatment,desktop,1,0
15949,treatment,mobile,6,1
22850,treatment,mobile,13,0
15119,treatment,mobile,4,0
8736,control,mobile,11,0
7873,control,desktop,9,0
4042,control,mobile,2,0
13488,treatment,mobile,12,0
6067,control,mobile,12,0
1657,control,desktop,14,0
16485,treatment,mobile,12,0
1125,control,mobile,9,0
21032,treatment,mobile,14,0
4855,control,mobile,5,0
6962,control,mobile,9,0
11351,control,mobile,2,0
7073,control,mobile,5,1
3410,control,mobile,5,0
631,control,mobile,6,0
20663,treatment,mobile,14,0
17292,treatment,mobile,5,0
17708,treatment,desktop,1,0
8641,control,mobile,10,0
16217,treatment,desktop,10,0
21833,treatment,desktop,12,0
16404,treatment,desktop,7,0
6922,control,mobile,14,0
14803,treatment,mobile,11,0
1077,control,desktop,4,0
6670,control,desktop,3,0
18430,treatment,mobile,6,0
3167,control,desktop,8,0
13592,treatment,desktop,10,0
18537,treatment,mobile,5,1
21780,treatment,mobile,11,0
9604,control,mobile,1,0
6901,control,desktop,2,0
22484,treatment,mobile,1,0
5393,control,mobile,11,0
16804,treatment,desktop,12,0
22642,treatment,mobile,14,0
6299,control,desktop,3,0
965,control,mobile,4,0
16221,treatment,desktop,7,0
2818,control,mobile,8,0
17724,treatment,mobile,8,0
5013,control,mobile,1,0
12176,treatment,mobile,14,1
11693,control,mobile,7,0
17571,treatment,desktop,13,1
13321,treatment,mobile,4,1
14202,treatment,mobile,1,0
6371,control,mobile,6,0
20723,treatment,mobile,5,0
23064,treatment,desktop,7,0
14780,treatment,desktop,14,0
1905,control,mobile,2,0
8757,control,mobile,14,0
13839,treatment,mobile,6,0
14162,treatment,desktop,3,0
1858,control,mobile,12,0
19565,treatment,mobile,6,1
1927,control,mobile,12,0
22763,treatment,mobile,7,0
5276,control,mobile,11,0
10432,control,desktop,13,0
11552,control,mobile,6,0
1124,control,mobile,8,0
19614,treatment,desktop,3,0
9279,control,desktop,6,0
16754,treatment,desktop,9,0
23128,treatment,mobile,12,0
13090,treatment,mobile,13,0
9510,control,mobile,1,0
12588,treatment,desktop,6,0
18170,treatment,mobile,8,0
13111,treatment,desktop,11,0
6187,control,desktop,7,0
6702,control,mobile,11,0
20804,treatment,mobile,10,0
2421,control,mobile,2,0
1917,control,mobile,9,0
23429,treatment,mobile,6,0
7667,control,mobile,7,0
18506,treatment,mobile,8,0
8727,control,desktop,11,0
2185,control,mobile,11,0
5682,control,mobile,7,0
13167,treatment,desktop,8,0
4065,control,mobile,11,0
10994,control,desktop,11,0
20997,treatment,mobile,12,0
11967,control,mobile,7,0
12652,treatment,desktop,8,1
210,control,mobile,13,0
12440,treatment,mobile,4,0
15013,treatment,mobile,14,0
4109,control,mobile,9,0
21078,treatment,desktop,2,0
6191,control,mobile,12,1
9690,control,mobile,3,0
11385,control,mobile,8,0
6601,control,desktop,7,0
9983,control,desktop,9,0
22537,treatment,desktop,12,0
20607,treatment,desktop,11,0
5821,control,mobile,3,0
4127,control,mobile,6,0
10094,control,desktop,1,0
1817,control,mobile,6,0
4551,control,mobile,7,0
16126,treatment,desktop,6,0
12225,treatment,mobile,6,0
23601,treatment,mobile,6,0
13423,treatment,desktop,12,0
326,control,mobile,3,0
13417,treatment,desktop,9,0
18143,treatment,desktop,2,0
10219,control,desktop,8,0
6651,control,mobile,6,0
11519,control,mobile,5,0
6203,control,mobile,14,0
9340,control,mobile,5,0
12671,treatment,mobile,11,0
13951,treatment,mobile,13,0
151,control,mobile,11,1
13298,treatment,desktop,13,0
21905,treatment,mobile,10,0
14861,treatment,mobile,9,0
14907,treatment,mobile,2,0
1166,control,mobile,7,0
15526,treatment,desktop,13,0
19595,treatment,desktop,11,0
93,control,mobile,13,0
4692,control,mobile,2,0
8065,control,mobile,14,0
1169,control,mobile,6,0
11539,control,mobile,3,0
22069,treatment,mobile,2,0
1367,control,mobile,5,0
5971,control,desktop,3,0
15128,treatment,mobile,9,0
11021,control,desktop,1,0
17203,treatment,desktop,2,0
8273,control,mobile,12,0
18282,treatment,desktop,13,0
912,control,mobile,7,0
11675,control,mobile,8,0
2271,control,mobile,2,0
1716,control,mobile,7,0
16905,treatment,mobile,1,0
11137,control,desktop,14,0
19212,treatment,desktop,4,0
21041,treatment,desktop,8,0
17262,treatment,desktop,13,0
22801,treatment,mobile,8,0
12443,treatment,mobile,11,0
178,control,mobile,2,0
22814,treatment,mobile,12,0
17204,treatment,desktop,10,0
10777,control,mobile,9,0
20856,treatment,mobile,13,0
3346,control,mobile,5,0
23134,treatment,mobile,9,0
21566,treatment,desktop,1,0
10544,control,desktop,8,0
14750,treatment,mobile,8,0
20324,treatment,mobile,7,0
10507,control,mobile,7,1
14667,treatment,mobile,6,0
1663,control,mobile,6,0
11068,control,mobile,8,0
960,control,mobile,2,0
19272,treatment,mobile,9,0
12542,treatment,mobile,2,0
16964,treatment,desktop,13,0
16992,treatment,desktop,8,0
3512,control,mobile,12,0
6737,control,desktop,3,0
8299,control,mobile,5,0
23613,treatment,mobile,7,0
17687,treatment,desktop,14,0
11654,control,desktop,9,0
13109,treatment,desktop,11,0
13376,treatment,mobile,14,0
23441,treatment,mobile,11,0
19543,treatment,desktop,9,0
6941,control,mobile,13,0
3649,control,mobile,1,0
18132,treatment,desktop,1,0
21096,treatment,mobile,11,0
17256,treatment,mobile,5,0
20697,treatment,mobile,11,0
17125,treatment,desktop,12,0
10826,control,desktop,4,0
18358,treatment,mobile,6,0
5039,control,desktop,10,0
7186,control,mobile,1,0
23986,treatment,desktop,2,0
22907,treatment,mobile,11,1
18157,treatment,desktop,3,0
11642,control,mobile,9,0
1689,control,desktop,10,0
16322,treatment,mobile,2,0
19459,treatment,desktop,3,0
21673,treatment,mobile,2,0
15460,treatment,desktop,13,0
20043,treatment,desktop,3,0
19325,treatment,mobile,5,0
7206,control,mobile,1,0
15360,treatment,mobile,1,0
13700,treatment,desktop,5,0
12281,treatment,mobile,6,0
10427,control,desktop,4,0
4032,control,desktop,6,0
11853,control,mobile,2,0
9726,control,mobile,11,0
9644,control,mobile,9,0
3756,control,mobile,3,0
15630,treatment,desktop,11,0
18147,treatment,desktop,9,0
16986,treatment,mobile,13,0
11650,control,mobile,13,0
744,control,mobile,7,0
10270,control,mobile,10,1
11282,control,desktop,10,0
18865,treatment,mobile,8,0
21970,treatment,mobile,11,0
14625,treatment,desktop,11,0
13154,treatment,desktop,7,0
14539,treatment,mobile,8,0
21575,treatment,desktop,12,0
6529,control,mobile,5,0
22304,treatment,mobile,3,0
17098,treatment,desktop,12,0
9810,control,desktop,14,0
19442,treatment,mobile,11,0
14276,treatment,mobile,5,0
15161,treatment,desktop,5,0
13236,treatment,desktop,1,0
5846,control,mobile,9,0
15525,treatment,desktop,13,0
1581,control,desktop,11,0
4577,control,mobile,2,0
7259,control,mobile,5,0
22887,treatment,desktop,12,0
9099,control,mobile,4,0
2942,control,mobile,8,0
10950,control,mobile,11,0
23698,treatment,mobile,3,0
967,control,desktop,9,0
11451,control,mobile,12,0
16447,treatment,mobile,12,0
1687,control,desktop,2,0
5650,control,desktop,14,0
23417,treatment,desktop,11,1
23050,treatment,desktop,14,0
21572,treatment,mobile,10,1
5656,control,desktop,3,0
4126,control,desktop,2,0
14548,treatment,mobile,12,0
1566,control,mobile,1,0
7955,control,mobile,1,0
23573,treatment,mobile,4,0
13211,treatment,mobile,3,0
11080,control,mobile,11,0
5407,control,mobile,3,0
5680,control,desktop,1,0
18294,treatment,mobile,3,0
14772,treatment,desktop,5,0
1100,control,desktop,8,0
3092,control,mobile,9,0
19435,treatment,mobile,10,0
2350,control,desktop,9,0
15817,treatment,desktop,1,0
1455,control,mobile,10,0
5349,control,desktop,13,0
19305,treatment,desktop,3,0
17392,treatment,mobile,5,0
19531,treatment,mobile,6,0
13715,treatment,desktop,9,0
6127,control,desktop,11,0
8136,control,mobile,11,0
6736,control,mobile,5,0
15871,treatment,desktop,2,0
19463,treatment,desktop,12,0
1546,control,mobile,6,0
4368,control,mobile,3,0
4033,control,desktop,11,0
15133,treatment,desktop,7,0
19744,treatment,mobile,5,0
14358,treatment,desktop,12,0
9200,control,mobile,9,0
3484,control,mobile,3,0
8796,control,mobile,5,0
11357,control,desktop,4,0
4137,control,desktop,1,0
6812,control,mobile,10,0
19856,treatment,desktop,7,0
16203,treatment,mobile,1,0
6264,control,desktop,13,0
11943,control,mobile,6,0
10055,control,mobile,1,0
10096,control,desktop,14,0
19630,treatment,desktop,6,0
10064,control,mobile,9,0
13797,treatment,mobile,7,1
22947,treatment,mobile,1,0
11894,control,mobile,6,0
23223,treatment,desktop,5,0
10897,control,desktop,9,0
638,control,mobile,8,0
630,control,mobile,14,0
10997,control,mobile,1,0
18907,treatment,desktop,7,0
7063,control,mobile,8,0
8232,control,mobile,7,0
3502,control,mobile,5,0
6342,control,desktop,13,0
13306,treatment,mobile,1,0
15598,treatment,mobile,11,0
9031,control,mobile,7,0
15742,treatment,mobile,5,0
12722,treatment,mobile,8,0
21830,treatment,desktop,5,1
12012,treatment,mobile,1,0
19667,treatment,mobile,14,0
16201,treatment,desktop,1,0
22686,treatment,mobile,7,0
80,control,desktop,7,0
865,control,mobile,13,0
12570,treatment,mobile,7,0
16192,treatment,mobile,3,0
5064,control,desktop,11,0
17839,treatment,mobile,1,0
10557,control,mobile,8,0
11078,control,mobile,8,0
17550,treatment,desktop,7,0
5768,control,desktop,3,0
12946,treatment,mobile,4,0
14099,treatment,mobile,12,0
22221,treatment,mobile,2,0
902,control,mobile,11,0
2196,control,mobile,4,0
5864,control,mobile,8,0
21451,treatment,desktop,8,0
21251,treatment,mobile,6,0
20261,treatment,desktop,6,0
23725,treatment,desktop,1,0
4835,control,mobile,13,0
15177,treatment,mobile,4,0
16950,treatment,mobile,6,0
9024,control,desktop,12,0
20427,treatment,mobile,9,0
18543,treatment,mobile,7,1
18965,treatment,mobile,7,0
11273,control,mobile,3,0
15219,treatment,mobile,3,0
17551,treatment,mobile,1,0
12351,treatment,desktop,4,0
15724,treatment,desktop,4,0
8372,control,mobile,12,0
9666,control,desktop,2,0
16178,treatment,mobile,10,0
13323,treatment,mobile,14,0
6103,control,desktop,8,0
11505,control,mobile,11,0
7908,control,mobile,14,0
8976,control,desktop,8,0
23531,treatment,mobile,12,0
8457,control,desktop,12,0
15775,treatment,mobile,6,0
60,control,mobile,14,0
4572,control,desktop,9,0
4732,control,mobile,14,0
5794,control,mobile,13,0
8126,control,mobile,7,0
371,control,desktop,4,0
7316,control,mobile,4,0
22827,treatment,desktop,6,0
17584,treatment,mobile,13,0
15910,treatment,mobile,7,0
15137,treatment,mobile,9,0
4168,control,desktop,4,0
8300,control,desktop,1,0
13766,treatment,mobile,13,0
6808,control,desktop,14,0
11441,control,mobile,6,0
22352,treatment,mobile,14,0
19345,treatment,mobile,1,0
21063,treatment,mobile,11,0
20352,treatment,mobile,9,0
14009,treatment,desktop,1,0
6666,control,desktop,7,0
15084,treatment,desktop,5,0
14495,treatment,mobile,1,0
19582,treatment,mobile,2,0
22138,treatment,mobile,1,0
20591,treatment,mobile,12,0
7032,control,mobile,8,0
13725,treatment,mobile,8,0
4387,control,desktop,4,0
19489,treatment,mobile,14,0
15966,treatment,mobile,2,0
21064,treatment,mobile,4,0
19979,treatment,desktop,14,0
7465,control,desktop,9,0
20428,treatment,desktop,11,0
13745,treatment,desktop,11,0
12984,treatment,mobile,14,0
10821,control,desktop,6,0
13746,treatment,mobile,1,0
14549,treatment,desktop,10,0
3857,control,mobile,1,0
2182,control,mobile,10,0
20879,treatment,mobile,4,0
14711,treatment,desktop,3,0
2708,control,desktop,3,0
23914,treatment,desktop,3,0
22428,treatment,desktop,4,0
6559,control,desktop,5,0
3697,control,mobile,3,1
2695,control,desktop,1,0
7612,control,mobile,2,0
7020,control,mobile,3,0
20372,treatment,desktop,10,0
3120,control,desktop,9,0
16445,treatment,mobile,3,0
778,control,mobile,7,0
2713,control,desktop,14,0
21117,treatment,mobile,13,0
766,control,mobile,7,0
16496,treatment,mobile,12,0
13589,treatment,mobile,8,0
18222,treatment,mobile,9,0
10822,control,mobile,6,0
14998,treatment,mobile,8,0
6270,control,mobile,1,0
19642,treatment,desktop,4,0
5513,control,desktop,3,0
10933,control,desktop,8,0
15561,treatment,desktop,10,0
4039,control,mobile,1,0
14644,treatment,desktop,6,0
23866,treatment,desktop,2,0
13144,treatment,mobile,9,0
7662,control,desktop,8,0
20647,treatment,desktop,4,0
3185,control,mobile,11,0
10725,control,mobile,11,0
5552,control,mobile,1,0
2786,control,mobile,4,0
21795,treatment,mobile,8,0
20458,treatment,mobile,7,0
19228,treatment,desktop,10,1
23731,treatment,mobile,4,0
10301,control,mobile,10,0
4492,control,mobile,4,0
15601,treatment,mobile,12,0
21081,treatment,mobile,10,0
23571,treatment,desktop,10,0
20575,treatment,mobile,7,0
15464,treatment,mobile,14,0
18859,treatment,desktop,12,0
11549,control,mobile,7,0
17465,treatment,desktop,5,0
15838,treatment,desktop,9,0
14939,treatment,mobile,11,0
508,control,mobile,14,0
16747,treatment,desktop,13,0
5678,control,desktop,4,0
23579,treatment,mobile,1,0
17576,treatment,mobile,7,0
1737,control,mobile,3,0
1726,control,desktop,1,1
1658,control,desktop,5,0
4416,control,mobile,7,0
20183,treatment,mobile,3,0
5074,control,mobile,4,0
6841,control,mobile,6,0
11047,control,desktop,13,0
16889,treatment,desktop,6,0
18116,treatment,mobile,7,0
12733,treatment,desktop,4,0
11216,control,desktop,9,0
19831,treatment,mobile,1,0
11944,control,desktop,10,0
17890,treatment,mobile,7,0
6089,control,mobile,4,0
1069,control,desktop,8,0
12022,treatment,mobile,10,0
10466,control,desktop,3,1
22533,treatment,mobile,5,0
22215,treatment,mobile,4,0
5572,control,desktop,7,0
17341,treatment,mobile,13,0
8894,control,desktop,8,0
18816,treatment,mobile,10,0
22440,treatment,mobile,14,0
18365,treatment,mobile,13,0
9192,control,desktop,12,0
23659,treatment,desktop,7,0
4888,control,desktop,1,0
6547,control,mobile,9,0
21768,treatment,mobile,4,0
12649,treatment,desktop,1,0
23997,treatment,mobile,4,0
1859,control,desktop,5,0
19825,treatment,mobile,7,0
5272,control,desktop,5,0
14305,treatment,mobile,6,0
16750,treatment,mobile,11,0
1183,control,mobile,13,1
1589,control,mobile,5,0
14529,treatment,desktop,11,0
12873,treatment,mobile,4,0
3720,control,desktop,11,0
651,control,mobile,10,0
10664,control,mobile,1,0
22002,treatment,mobile,13,0
21048,treatment,desktop,1,0
2804,control,desktop,1,1
17358,treatment,mobile,12,0
11380,control,mobile,7,1
10699,control,desktop,10,0
9040,control,desktop,10,0
14733,treatment,mobile,4,0
5723,control,desktop,3,0
3012,control,desktop,1,1
7924,control,mobile,11,0
18699,treatment,mobile,10,0
18346,treatment,mobile,2,0
4830,control,mobile,12,0
16231,treatment,desktop,9,0
21067,treatment,mobile,11,0
8709,control,mobile,9,1
9668,control,mobile,12,0
14742,treatment,desktop,11,0
17945,treatment,desktop,4,0
195,control,mobile,5,0
18926,treatment,mobile,6,0
2439,control,mobile,5,0
23603,treatment,mobile,3,0
6172,control,desktop,10,0
12613,treatment,mobile,10,0
4532,control,mobile,12,0
2712,control,desktop,5,0
13413,treatment,mobile,11,0
12074,treatment,desktop,12,0
15459,treatment,desktop,6,0
3415,control,mobile,9,0
12387,treatment,mobile,12,0
4626,control,desktop,13,0
6802,control,mobile,12,0
8239,control,mobile,2,0
5208,control,mobile,1,0
19446,treatment,mobile,3,0
18387,treatment,mobile,3,0
8399,control,mobile,13,0
16771,treatment,desktop,6,0
17733,treatment,desktop,7,0
22475,treatment,desktop,2,1
18948,treatment,desktop,4,0
10103,control,desktop,8,0
8011,control,mobile,5,0
13218,treatment,desktop,14,0
9609,control,mobile,6,0
13881,treatment,mobile,4,0
10631,control,desktop,1,0
10572,control,mobile,11,0
22522,treatment,desktop,12,0
2430,control,mobile,13,0
15660,treatment,mobile,10,0
17557,treatment,mobile,8,0
9898,control,desktop,14,0
21172,treatment,desktop,13,0
2665,control,desktop,2,0
12795,treatment,desktop,6,0
10361,control,mobile,7,0
19833,treatment,desktop,12,0
16700,treatment,mobile,14,0
4291,control,mobile,7,0
11165,control,mobile,13,0
18691,treatment,mobile,8,0
20939,treatment,mobile,13,0
14387,treatment,mobile,13,1
11674,control,desktop,1,0
23590,treatment,mobile,1,0
3493,control,mobile,10,0
2424,control,desktop,2,0
21360,treatment,mobile,6,0
12299,treatment,mobile,3,0
11340,control,desktop,7,0
8129,control,mobile,12,0
7861,control,mobile,1,0
19711,treatment,mobile,13,0
13590,treatment,desktop,12,0
4390,control,desktop,3,0
22805,treatment,mobile,1,0
8801,control,mobile,12,0
23071,treatment,desktop,10,0
17683,treatment,mobile,14,1
1396,control,mobile,7,0
8904,control,desktop,3,0
17068,treatment,mobile,8,0
13396,treatment,mobile,13,0
141,control,desktop,5,0
3675,control,desktop,1,0
15535,treatment,desktop,4,1
19589,treatment,desktop,14,0
12989,treatment,mobile,1,0
12029,treatment,mobile,9,0
13365,treatment,desktop,14,0
17617,treatment,desktop,8,0
5281,control,mobile,10,0
22953,treatment,mobile,1,0
9473,control,mobile,6,0
22412,treatment,desktop,8,0
17357,treatment,desktop,9,1
5843,control,desktop,13,0
21785,treatment,desktop,13,0
1355,control,desktop,11,0
9373,control,mobile,13,0
10981,control,desktop,7,0
18687,treatment,mobile,10,0
13273,treatment,mobile,3,0
16704,treatment,mobile,12,0
15398,treatment,desktop,4,0
11744,control,mobile,7,0
21161,treatment,mobile,13,0
18511,treatment,desktop,10,0
13254,treatment,desktop,7,0
6125,control,desktop,1,0
17061,treatment,desktop,4,0
12212,treatment,mobile,2,0
11320,control,mobile,4,0
15096,treatment,mobile,5,0
19189,treatment,mobile,12,0
773,control,mobile,13,0
15588,treatment,mobile,5,0
13540,treatment,desktop,1,0
4136,control,mobile,1,0
13071,treatment,desktop,10,0
19413,treatment,mobile,9,0
6134,control,mobile,6,0
18087,treatment,mobile,4,0
11323,control,mobile,8,0
22145,treatment,mobile,6,0
1869,control,mobile,10,0
8542,control,desktop,10,0
11830,control,desktop,12,1
18332,treatment,mobile,3,0
5495,control,desktop,12,0
8162,control,mobile,12,0
15008,treatment,mobile,13,0
1047,control,desktop,13,0
20393,treatment,desktop,4,0
23081,treatment,mobile,11,0
5248,control,mobile,4,0
20530,treatment,mobile,6,0
5748,control,mobile,3,0
8296,control,mobile,14,1
4739,control,mobile,14,0
19125,treatment,mobile,11,0
5990,control,mobile,3,0
5840,control,desktop,4,0
9050,control,mobile,4,0
14309,treatment,mobile,7,0
16433,treatment,mobile,8,0
16103,treatment,mobile,8,0
17271,treatment,mobile,10,0
18887,treatment,mobile,10,0
21403,treatment,desktop,10,0
18959,treatment,mobile,2,0
23855,treatment,mobile,9,0
4190,control,mobile,3,0
13977,treatment,desktop,14,0
5306,control,mobile,11,0
1885,control,mobile,9,0
7943,control,mobile,10,0
8765,control,mobile,14,0
176,control,mobile,11,0
18665,treatment,desktop,4,0
469,control,desktop,11,0
162,control,mobile,11,0
19647,treatment,mobile,13,0
7117,control,mobile,12,0
6541,control,desktop,13,0
6226,control,mobile,8,0
1873,control,mobile,2,0
11327,control,mobile,13,0
13462,treatment,mobile,12,0
10314,control,desktop,11,0
17144,treatment,mobile,14,0
14974,treatment,mobile,12,0
3408,control,mobile,10,1
4163,control,mobile,13,1
2167,control,desktop,11,1
1329,control,mobile,11,0
17942,treatment,mobile,10,0
20100,treatment,mobile,13,0
798,control,desktop,7,0
12625,treatment,mobile,14,0
6248,control,mobile,6,0
11911,control,mobile,2,0
4716,control,desktop,7,0
10802,control,mobile,5,0
8638,control,mobile,10,0
21457,treatment,mobile,12,0
2012,control,desktop,4,0
23208,treatment,mobile,7,0
4723,control,mobile,6,0
19763,treatment,mobile,9,0
3806,control,desktop,2,0
21781,treatment,desktop,11,0
2368,control,desktop,7,0
22665,treatment,mobile,9,0
18051,treatment,desktop,10,0
7707,control,mobile,7,0
8925,control,mobile,6,0
8203,control,mobile,6,0
4466,control,mobile,2,0
22739,treatment,desktop,13,0
5286,control,mobile,9,0
4103,control,desktop,13,0
14947,treatment,desktop,11,0
8738,control,mobile,9,0
15722,treatment,mobile,2,0
21492,treatment,desktop,3,0
8891,control,mobile,1,0
18259,treatment,mobile,1,0
8945,control,desktop,3,0
17538,treatment,mobile,8,0
3535,control,desktop,6,0
19792,treatment,mobile,13,0
21876,treatment,desktop,6,0
20444,treatment,mobile,4,0
3824,control,mobile,8,0
23377,treatment,mobile,2,0
21737,treatment,mobile,1,0
3173,control,desktop,14,0
12399,treatment,mobile,14,0
18527,treatment,mobile,11,0
13379,treatment,mobile,2,0
18225,treatment,desktop,7,0
19874,treatment,desktop,13,0
22509,treatment,desktop,1,0
4656,control,desktop,6,0
7993,control,desktop,4,0
11771,control,mobile,3,0
2406,control,mobile,4,0
15406,treatment,mobile,5,0
9219,control,desktop,14,0
16109,treatment,desktop,10,0
2391,control,desktop,3,1
6430,control,mobile,5,0
18385,treatment,mobile,4,0
9873,control,desktop,1,0
8695,control,mobile,14,0
20206,treatment,mobile,2,0
19023,treatment,desktop,2,0
432,control,desktop,6,0
2655,control,mobile,11,0
9852,control,desktop,13,0
8705,control,mobile,2,0
21053,treatment,mobile,12,0
10880,control,mobile,13,0
21977,treatment,mobile,8,0
9415,control,mobile,14,0
22,control,mobile,4,1
23120,treatment,desktop,8,0
17619,treatment,desktop,6,0
18003,treatment,mobile,10,0
5325,control,mobile,12,0
10695,control,desktop,3,0
11690,control,desktop,5,0
2310,control,desktop,9,0
21296,treatment,desktop,12,0
6491,control,mobile,10,0
13476,treatment,mobile,2,0
505,control,mobile,4,0
20791,treatment,mobile,12,0
9488,control,mobile,6,0
7917,control,mobile,11,0
21531,treatment,mobile,13,0
2638,control,desktop,7,0
472,control,mobile,14,0
12048,treatment,mobile,13,0
7314,control,mobile,8,0
16246,treatment,desktop,1,0
11431,control,mobile,13,0
17194,treatment,mobile,2,0
14736,treatment,mobile,11,0
6994,control,mobile,8,0
18822,treatment,desktop,7,0
13411,treatment,mobile,7,0
12233,treatment,mobile,3,0
14979,treatment,mobile,9,0
8073,control,desktop,11,0
2650,control,mobile,1,0
19577,treatment,mobile,12,0
7188,control,mobile,10,0
19714,treatment,desktop,2,1
8332,control,mobile,13,0
23110,treatment,desktop,7,0
14761,treatment,mobile,7,0
15931,treatment,desktop,14,1
16883,treatment,mobile,2,0
2582,control,mobile,14,0
15445,treatment,desktop,2,0
10339,control,mobile,8,0
21232,treatment,desktop,14,0
8658,control,mobile,7,0
5352,control,mobile,5,0
8921,control,mobile,10,0
15147,treatment,mobile,8,0
22734,treatment,mobile,2,0
2395,control,mobile,2,0
12353,treatment,desktop,1,0
9756,control,mobile,1,0
2062,control,desktop,11,0
22920,treatment,desktop,5,0
5091,control,desktop,3,0
2616,control,mobile,9,0
8196,control,desktop,9,0
127,control,desktop,6,0
9263,control,mobile,10,0
12280,treatment,mobile,1,0
2538,control,mobile,14,0
13691,treatment,mobile,7,0
13736,treatment,mobile,11,0
7967,control,mobile,2,0
8158,control,mobile,6,0
22253,treatment,mobile,5,0
19695,treatment,mobile,5,0
5369,control,desktop,1,0
6856,control,mobile,5,0
1317,control,mobile,14,0
1760,control,desktop,4,0
3913,control,desktop,4,0
7437,control,desktop,7,0
7820,control,desktop,4,0
12572,treatment,mobile,6,0
20098,treatment,mobile,4,0
3980,control,mobile,12,0
8476,control,mobile,5,0
14126,treatment,desktop,11,0
14264,treatment,desktop,4,0
11562,control,mobile,12,0
14291,treatment,mobile,14,0
17442,treatment,mobile,13,0
1941,control,mobile,9,0
3448,control,mobile,7,0
134,control,desktop,6,0
20415,treatment,mobile,12,0
3661,control,mobile,9,0
13947,treatment,desktop,11,0
7044,control,desktop,11,0
9291,control,desktop,13,0
4896,control,mobile,11,0
23485,treatment,desktop,6,0
7049,control,desktop,3,0
17914,treatment,mobile,8,0
22091,treatment,mobile,3,0
4069,control,mobile,1,1
15328,treatment,mobile,8,0
10660,control,mobile,8,0
13929,treatment,desktop,2,0
11934,control,desktop,1,0
5902,control,mobile,10,1
13810,treatment,desktop,13,0
3294,control,mobile,10,0
17258,treatment,mobile,9,0
5921,control,desktop,2,0
6854,control,mobile,4,0
1477,control,desktop,13,0
1710,control,mobile,5,0
1099,control,desktop,7,0
17972,treatment,mobile,14,0
3324,control,mobile,1,0
2694,control,mobile,2,0
17368,treatment,desktop,12,0
694,control,mobile,14,0
11115,control,mobile,5,1
10072,control,mobile,7,0
5471,control,desktop,6,0
5003,control,mobile,6,0
2851,control,mobile,12,0
3090,control,desktop,3,0
21738,treatment,desktop,4,0
16014,treatment,mobile,13,0
20044,treatment,mobile,3,0
13387,treatment,desktop,11,0
2007,control,desktop,14,0
18195,treatment,mobile,9,0
11349,control,mobile,5,0
7630,control,mobile,13,0
20228,treatment,mobile,11,0
7274,control,mobile,13,0
6534,control,mobile,1,0
4521,control,desktop,6,0
16044,treatment,mobile,14,0
2955,control,mobile,13,0
10550,control,mobile,3,0
1052,control,desktop,10,0
9641,control,mobile,5,0
4281,control,mobile,13,0
5287,control,desktop,4,0
4843,control,mobile,8,0
11311,control,mobile,4,0
554,control,desktop,7,0
7202,control,desktop,5,0
17600,treatment,mobile,2,0
23541,treatment,mobile,4,0
17933,treatment,desktop,14,0
20457,treatment,mobile,6,0
2979,control,desktop,14,0
14330,treatment,mobile,10,0
7796,control,mobile,5,0
21623,treatment,mobile,1,0
23680,treatment,desktop,9,0
6416,control,mobile,11,0
5017,control,desktop,5,0
2079,control,desktop,7,0
21620,treatment,desktop,8,0
1121,control,mobile,11,0
16245,treatment,desktop,1,0
12709,treatment,mobile,8,1
10795,control,desktop,13,0
15253,treatment,desktop,7,0
15429,treatment,desktop,14,0
15232,treatment,mobile,7,0
13992,treatment,mobile,4,0
3856,control,desktop,13,0
17662,treatment,mobile,1,0
1742,control,desktop,1,0
2287,control,mobile,10,0
15098,treatment,mobile,1,0
1277,control,desktop,12,0
2837,control,mobile,9,0
14660,treatment,mobile,2,0
13143,treatment,mobile,10,0
4515,control,mobile,10,0
23648,treatment,desktop,5,0
3414,control,mobile,14,0
4609,control,mobile,1,0
10687,control,desktop,8,0
12214,treatment,mobile,6,0
8600,control,desktop,12,0
11450,control,desktop,7,0
16331,treatment,desktop,12,0
20298,treatment,mobile,4,0
10027,control,desktop,5,0
8338,control,mobile,12,0
4530,control,desktop,9,0
23907,treatment,mobile,9,0
19035,treatment,desktop,8,0
7531,control,desktop,1,0
20765,treatment,mobile,4,0
3975,control,desktop,4,0
13340,treatment,mobile,8,0
23343,treatment,mobile,8,0
7785,control,desktop,14,0
18188,treatment,desktop,1,0
1221,control,mobile,13,0
3227,control,mobile,6,0
2431,control,desktop,7,0
2859,control,mobile,3,0
21448,treatment,mobile,2,0
3819,control,mobile,4,0
4993,control,mobile,6,0
226,control,mobile,11,0
4393,control,mobile,10,0
9256,control,desktop,6,0
8869,control,desktop,8,0
13584,treatment,mobile,2,0
20486,treatment,desktop,4,0
17218,treatment,mobile,11,0
4650,control,mobile,11,0
15291,treatment,desktop,3,0
21331,treatment,mobile,13,0
12469,treatment,mobile,13,0
6838,control,mobile,1,0
17247,treatment,mobile,7,0
6852,control,mobile,7,0
4236,control,mobile,14,0
5482,control,mobile,1,0
13614,treatment,desktop,8,0
16007,treatment,desktop,14,0
7683,control,mobile,13,0
6412,control,desktop,12,0
16686,treatment,desktop,12,0
20942,treatment,mobile,11,0
9400,control,desktop,3,0
19004,treatment,mobile,11,0
8411,control,desktop,4,0
20432,treatment,mobile,4,0
2850,control,desktop,13,0
6649,control,desktop,11,0
1145,control,mobile,14,0
1089,control,mobile,8,0
17900,treatment,desktop,2,0
15035,treatment,mobile,12,0
9456,control,mobile,11,0
1703,control,mobile,2,0
15060,treatment,desktop,10,0
11930,control,desktop,3,0
13331,treatment,mobile,13,0
9869,control,desktop,7,0
12064,treatment,mobile,5,0
18880,treatment,mobile,10,0
22207,treatment,mobile,14,1
4881,control,mobile,2,0
14092,treatment,desktop,9,0
11844,control,desktop,6,0
23093,treatment,mobile,3,0
3317,control,mobile,13,0
18182,treatment,mobile,2,0
12627,treatment,mobile,11,0
5676,control,mobile,11,0
6594,control,desktop,11,0
13628,treatment,desktop,3,0
10360,control,mobile,11,0
12171,treatment,mobile,7,0
4537,control,mobile,10,0
15960,treatment,mobile,12,0
6887,control,desktop,3,0
16931,treatment,mobile,14,0
14676,treatment,mobile,1,0
13524,treatment,mobile,14,0
7413,control,mobile,5,0
14749,treatment,desktop,14,0
8415,control,desktop,3,0
15174,treatment,mobile,14,0
23574,treatment,mobile,10,0
11922,control,desktop,7,0
2336,control,mobile,3,0
8877,control,desktop,7,0
19196,treatment,mobile,11,0
8706,control,desktop,8,0
16806,treatment,desktop,7,0
7609,control,mobile,13,0
22727,treatment,mobile,6,0
19769,treatment,mobile,3,0
22841,treatment,mobile,4,0
9239,control,desktop,2,0
3983,control,mobile,7,1
8253,control,mobile,8,0
20834,treatment,mobile,9,0
14790,treatment,mobile,13,0
17486,treatment,mobile,10,0
5859,control,desktop,5,0
13733,treatment,mobile,8,0
1435,control,mobile,7,0
11890,control,mobile,6,0
4594,control,mobile,8,0
17129,treatment,desktop,5,0
2397,control,mobile,2,0
1832,control,mobile,5,0
16719,treatment,mobile,7,0
21981,treatment,mobile,5,0
1243,control,mobile,12,0
10634,control,desktop,5,1
7332,control,desktop,10,0
17919,treatment,desktop,14,0
12001,treatment,mobile,13,1
21799,treatment,desktop,3,0
19867,treatment,desktop,7,1
15047,treatment,mobile,14,0
5809,control,mobile,9,0
9766,control,mobile,1,0
5087,control,desktop,10,1
22299,treatment,desktop,10,0
14806,treatment,mobile,5,0
23998,treatment,desktop,6,0
10730,control,mobile,7,0
23,control,mobile,7,1
10372,control,mobile,13,0
17389,treatment,mobile,4,0
9323,control,mobile,6,0
19052,treatment,desktop,6,1
15974,treatment,mobile,1,0
6158,control,desktop,5,0
14512,treatment,mobile,13,0
8967,control,desktop,11,0
7622,control,mobile,7,0
1740,control,mobile,1,0
20824,treatment,desktop,13,0
15325,treatment,mobile,4,0
18242,treatment,mobile,10,0
4982,control,desktop,1,0
15231,treatment,mobile,11,0
7111,control,mobile,10,0
7758,control,desktop,9,0
16389,treatment,desktop,1,0
139,control,desktop,8,0
12630,treatment,mobile,10,0
23214,treatment,mobile,13,0
325,control,desktop,5,0
21276,treatment,mobile,2,0
1984,control,mobile,4,0
7508,control,mobile,12,0
4748,control,mobile,14,0
13904,treatment,mobile,4,0
7744,control,desktop,7,0
12891,treatment,mobile,14,0
22276,treatment,mobile,10,0
20734,treatment,desktop,1,0
2194,control,desktop,14,0
6806,control,desktop,9,0
6208,control,desktop,7,0
3524,control,desktop,7,0
727,control,mobile,12,0
13255,treatment,mobile,6,0
7812,control,desktop,5,0
1399,control,desktop,4,0
17794,treatment,mobile,11,0
9181,control,mobile,11,0
21558,treatment,mobile,10,0
15652,treatment,mobile,5,0
17231,treatment,mobile,2,0
589,control,desktop,13,0
5587,control,mobile,11,0
17764,treatment,mobile,12,0
10311,control,mobile,11,0
17350,treatment,mobile,9,0
17120,treatment,mobile,14,0
3621,control,mobile,5,0
6697,control,desktop,2,0
20492,treatment,mobile,12,0
17288,treatment,mobile,1,0
19334,treatment,desktop,1,0
20014,treatment,desktop,6,0
4797,control,desktop,10,0
11732,control,mobile,1,0
16968,treatment,mobile,13,0
6384,control,desktop,2,0
2963,control,mobile,7,0
21638,treatment,mobile,1,1
10973,control,desktop,5,0
17439,treatment,mobile,14,0
17056,treatment,mobile,14,0
2087,control,mobile,9,0
22745,treatment,desktop,6,1
9171,control,mobile,10,1
1216,control,mobile,13,1
20731,treatment,desktop,5,0
17689,treatment,desktop,6,0
18664,treatment,desktop,1,0
17457,treatment,mobile,1,0
20761,treatment,desktop,11,0
22749,treatment,desktop,7,0
14493,treatment,mobile,6,0
2821,control,mobile,9,0
16075,treatment,mobile,4,0
3162,control,desktop,1,0
9499,control,mobile,13,0
17809,treatment,mobile,10,0
17102,treatment,desktop,13,0
21015,treatment,mobile,2,0
5450,control,mobile,8,0
3838,control,mobile,10,1
13612,treatment,mobile,8,0
10612,control,desktop,12,0
13100,treatment,mobile,12,0
11522,control,mobile,14,0
22795,treatment,mobile,1,0
2771,control,desktop,7,0
5025,control,desktop,12,0
23501,treatment,desktop,10,0
682,control,desktop,13,0
14450,treatment,mobile,8,0
18386,treatment,desktop,14,0
15583,treatment,mobile,13,0
3647,control,desktop,3,0
17493,treatment,desktop,11,0
5881,control,mobile,1,0
13328,treatment,desktop,3,0
14117,treatment,desktop,12,0
9187,control,mobile,5,0
8048,control,mobile,10,0
9196,control,mobile,1,0
15799,treatment,mobile,14,0
6638,control,mobile,11,0
11521,control,mobile,7,0
2800,control,mobile,7,0
17668,treatment,desktop,4,0
2980,control,mobile,11,0
22453,treatment,mobile,7,0
2020,control,mobile,4,1
1654,control,mobile,11,0
9630,control,mobile,7,0
808,control,mobile,1,0
7451,control,desktop,7,0
15909,treatment,desktop,13,0
11527,control,mobile,5,0
12286,treatment,mobile,12,0
19610,treatment,desktop,4,0
19548,treatment,mobile,7,1
16253,treatment,mobile,13,0
569,control,mobile,3,1
14573,treatment,mobile,10,1
7000,control,desktop,8,0
1307,control,desktop,4,1
9930,control,mobile,14,0
338,control,desktop,6,0
3021,control,desktop,14,0
10216,control,desktop,6,0
14394,treatment,mobile,6,0
14812,treatment,desktop,7,0
23667,treatment,mobile,6,0
10771,control,desktop,4,0
17886,treatment,mobile,7,0
22915,treatment,mobile,10,0
23366,treatment,mobile,3,0
23218,treatment,mobile,6,0
16248,treatment,mobile,2,0
3695,control,desktop,14,0
1384,control,mobile,12,0
11004,control,desktop,5,0
19887,treatment,mobile,1,0
11373,control,mobile,8,0
7910,control,desktop,4,0
16487,treatment,desktop,10,0
21845,treatment,desktop,11,0
22073,treatment,desktop,12,0
20929,treatment,mobile,12,0
23268,treatment,mobile,8,0
4010,control,desktop,2,0
22877,treatment,desktop,3,0
14740,treatment,mobile,5,0
3405,control,mobile,6,0
272,control,mobile,12,0
8400,control,mobile,4,0
11020,control,mobile,10,0
6075,control,mobile,12,0
20439,treatment,desktop,5,0
3682,control,mobile,7,0
16765,treatment,desktop,4,0
123,control,desktop,8,0
12494,treatment,mobile,5,0
4080,control,mobile,14,0
15866,treatment,mobile,3,0
2571,control,desktop,1,0
1391,control,mobile,6,1
11389,control,mobile,10,0
3685,control,mobile,10,0
11163,control,desktop,12,0
19504,treatment,desktop,11,0
8735,control,mobile,12,0
10666,control,desktop,9,0
9030,control,mobile,13,0
15894,treatment,desktop,2,0
21465,treatment,mobile,11,0
5817,control,mobile,1,0
783,control,desktop,4,0
7226,control,desktop,8,0
23414,treatment,mobile,9,0
9059,control,desktop,6,0
17747,treatment,desktop,3,0
22951,treatment,mobile,9,0
8347,control,desktop,5,0
14811,treatment,desktop,3,0
19992,treatment,mobile,5,0
12725,treatment,mobile,3,0
3381,control,mobile,8,0
13610,treatment,desktop,10,0
18989,treatment,mobile,9,0
23908,treatment,desktop,12,0
1691,control,mobile,12,0
4225,control,mobile,8,0
1712,control,mobile,11,0
22648,treatment,desktop,4,0
9280,control,mobile,1,0
18834,treatment,mobile,12,0
9629,control,mobile,14,0
12982,treatment,mobile,2,0
19699,treatment,mobile,10,0
20365,treatment,desktop,8,0
1468,control,mobile,9,0
4762,control,mobile,7,0
21003,treatment,mobile,11,0
5939,control,mobile,7,0
13185,treatment,desktop,11,0
22342,treatment,mobile,6,0
16021,treatment,mobile,2,0
2961,control,mobile,3,0
12316,treatment,mobile,6,0
21938,treatment,mobile,6,0
20935,treatment,mobile,6,0
17405,treatment,desktop,8,0
8696,control,mobile,14,0
4874,control,mobile,14,0
2965,control,desktop,7,0
16343,treatment,mobile,10,0
10940,control,mobile,12,0
21672,treatment,desktop,8,0
1271,control,mobile,2,0
16960,treatment,desktop,1,0
23702,treatment,mobile,7,0
17611,treatment,mobile,6,0
18892,treatment,mobile,3,0
4125,control,mobile,12,0
21480,treatment,mobile,6,0
20654,treatment,mobile,13,0
23623,treatment,mobile,2,0
20608,treatment,mobile,11,0
906,control,mobile,5,0
4691,control,mobile,11,0
544,control,desktop,11,0
15635,treatment,mobile,3,0
2373,control,desktop,10,0
3058,control,mobile,12,0
12117,treatment,desktop,3,0
10632,control,mobile,13,0
9923,control,mobile,6,0
2878,control,mobile,5,0
7518,control,desktop,4,0
18058,treatment,desktop,6,0
23463,treatment,desktop,2,0
19466,treatment,mobile,12,0
22764,treatment,mobile,2,0
8235,control,mobile,4,0
17026,treatment,mobile,13,0
351,control,desktop,8,0
23645,treatment,mobile,1,0
23014,treatment,mobile,14,0
977,control,mobile,3,0
11791,control,mobile,6,0
5721,control,mobile,1,0
5323,control,desktop,14,0
8999,control,mobile,13,0
22662,treatment,mobile,5,1
3138,control,mobile,11,0
23834,treatment,mobile,9,0
9524,control,mobile,5,0
8308,control,desktop,8,0
805,control,mobile,5,1
19904,treatment,desktop,10,0
15294,treatment,desktop,1,0
17948,treatment,mobile,5,0
1636,control,mobile,13,0
16914,treatment,mobile,5,0
21176,treatment,desktop,2,0
7542,control,desktop,5,0
4379,control,desktop,12,1
17713,treatment,mobile,10,0
18922,treatment,desktop,7,0
11481,control,mobile,11,0
15418,treatment,mobile,7,0
7903,control,mobile,6,0
12692,treatment,mobile,14,0
20170,treatment,desktop,13,0
22606,treatment,mobile,8,0
423,control,mobile,9,0
8463,control,desktop,12,0
3059,control,desktop,14,0
13887,treatment,mobile,12,0
18449,treatment,mobile,5,0
10582,control,mobile,14,0
1604,control,desktop,5,0
11876,control,desktop,5,0
2622,control,mobile,8,0
9832,control,mobile,11,0
12763,treatment,desktop,13,0
5961,control,mobile,4,0
22309,treatment,mobile,13,0
15804,treatment,mobile,13,0
22129,treatment,mobile,11,0
6179,control,desktop,10,0
18929,treatment,desktop,8,0
2184,control,desktop,13,0
7252,control,desktop,1,0
21211,treatment,mobile,12,0
3329,control,desktop,8,0
4444,control,mobile,6,0
20973,treatment,mobile,5,0
13374,treatment,mobile,2,0
18211,treatment,mobile,14,0
20086,treatment,desktop,6,0
1247,control,mobile,9,0
474,control,mobile,6,0
4408,control,desktop,11,0
6446,control,mobile,4,0
14446,treatment,mobile,4,0
13523,treatment,desktop,3,0
7928,control,mobile,12,0
13711,treatment,mobile,11,0
23131,treatment,desktop,13,0
9481,control,mobile,6,1
1308,control,mobile,8,0
8986,control,mobile,1,0
11176,control,mobile,9,0
2132,control,desktop,6,0
3865,control,mobile,6,0
5065,control,desktop,5,0
12382,treatment,desktop,14,0
7743,control,mobile,2,0
13539,treatment,desktop,1,0
22997,treatment,mobile,2,0
19982,treatment,desktop,7,0
12264,treatment,desktop,9,0
11600,control,mobile,9,0
9649,control,mobile,11,0
19723,treatment,mobile,12,0
18870,treatment,desktop,1,0
3533,control,desktop,11,0
8810,control,desktop,1,0
16618,treatment,mobile,13,1
1152,control,desktop,8,0
22959,treatment,mobile,14,1
3726,control,desktop,3,0
17659,treatment,desktop,6,0
19284,treatment,mobile,6,0
21410,treatment,mobile,10,0
8041,control,mobile,14,0
671,control,desktop,9,0
17998,treatment,desktop,5,0
7918,control,mobile,5,0
14109,treatment,mobile,9,0
16612,treatment,desktop,14,0
17198,treatment,desktop,6,0
7146,control,mobile,8,0
8453,control,mobile,13,0
18572,treatment,mobile,1,0
19083,treatment,mobile,4,0
1928,control,mobile,12,0
9061,control,mobile,4,0
11832,control,mobile,14,0
22993,treatment,mobile,3,0
26,control,mobile,12,0
23415,treatment,desktop,2,0
14654,treatment,mobile,14,0
12569,treatment,mobile,1,0
8983,control,mobile,2,0
20728,treatment,desktop,11,0
11445,control,mobile,1,0
11117,control,mobile,9,1
822,control,mobile,1,0
7754,control,mobile,12,0
8654,control,mobile,6,0
20674,treatment,mobile,8,0
1434,control,desktop,11,0
16027,treatment,mobile,14,0
3195,control,mobile,10,0
21846,treatment,desktop,4,0
8564,control,desktop,5,0
2327,control,mobile,4,0
3006,control,mobile,12,0
22590,treatment,desktop,6,0
20490,treatment,mobile,4,1
8152,control,mobile,5,0
6755,control,mobile,7,0
2731,control,mobile,5,0
11312,control,mobile,14,0
5670,control,mobile,11,0
15672,treatment,desktop,12,0
20303,treatment,mobile,11,0
6632,control,desktop,11,0
7372,control,mobile,6,0
7704,control,mobile,3,0
22675,treatment,mobile,2,1
5562,control,mobile,14,1
5333,control,desktop,2,0
4514,control,desktop,7,0
1246,control,mobile,8,0
15069,treatment,desktop,8,0
1539,control,desktop,9,0
23299,treatment,mobile,12,0
14386,treatment,desktop,9,1
19133,treatment,mobile,8,0
18644,treatment,mobile,12,0
1727,control,desktop,6,0
17433,treatment,mobile,1,0
11798,control,mobile,5,0
4114,control,mobile,7,0
17985,treatment,mobile,6,0
5497,control,mobile,10,0
5962,control,desktop,3,0
8768,control,mobile,14,0
7390,control,mobile,12,0
800,control,desktop,10,0
5548,control,mobile,13,0
8042,control,desktop,7,1
23041,treatment,desktop,7,0
16816,treatment,desktop,5,0
22031,treatment,mobile,8,0
7168,control,desktop,4,0
7101,control,mobile,11,0
11488,control,mobile,2,0
9411,control,mobile,9,0
14467,treatment,mobile,3,0
22398,treatment,mobile,4,0
16634,treatment,mobile,5,0
10107,control,desktop,6,0
17564,treatment,mobile,5,0
20668,treatment,mobile,8,0
10893,control,mobile,1,0
16241,treatment,mobile,2,0
5740,control,desktop,4,0
19388,treatment,desktop,10,0
5844,control,desktop,12,0
7469,control,mobile,6,0
23987,treatment,mobile,8,0
6300,control,desktop,11,0
21612,treatment,desktop,8,0
23889,treatment,mobile,5,0
3130,control,mobile,4,0
11597,control,mobile,10,0
3896,control,desktop,11,0
22017,treatment,desktop,1,0
15867,treatment,mobile,10,0
1773,control,mobile,13,0
6614,control,mobile,6,0
17533,treatment,mobile,5,0
6292,control,mobile,7,0
12957,treatment,mobile,3,0
14049,treatment,desktop,8,0
9701,control,mobile,7,1
12499,treatment,desktop,14,0
20922,treatment,desktop,6,0
4341,control,desktop,2,0
10366,control,desktop,6,1
18890,treatment,mobile,3,0
23646,treatment,desktop,2,0
14635,treatment,mobile,6,0
6958,control,mobile,11,0
15212,treatment,desktop,3,0
19638,treatment,mobile,1,0
4781,control,desktop,12,0
1439,control,desktop,11,0
18685,treatment,desktop,14,0
3759,control,mobile,13,0
14581,treatment,mobile,3,0
19089,treatment,desktop,2,0
11121,control,mobile,2,0
16951,treatment,mobile,5,0
6862,control,desktop,12,0
10647,control,mobile,2,0
21764,treatment,desktop,11,0
5874,control,desktop,5,0
4222,control,mobile,4,0
7957,control,mobile,8,0
3570,control,desktop,3,0
17245,treatment,desktop,14,0
7983,control,mobile,4,0
9457,control,desktop,11,0
3062,control,mobile,11,0
15256,treatment,mobile,9,0
16359,treatment,mobile,2,0
11821,control,mobile,9,0
15634,treatment,mobile,2,1
22118,treatment,mobile,12,1
3899,control,mobile,6,0
5868,control,mobile,6,0
8585,control,desktop,8,0
8926,control,desktop,3,0
21213,treatment,mobile,10,0
580,control,desktop,4,0
14134,treatment,desktop,12,0
2392,control,mobile,11,0
12402,treatment,mobile,11,0
961,control,desktop,10,0
14473,treatment,desktop,3,0
10111,control,desktop,5,0
19620,treatment,desktop,4,0
6497,control,desktop,1,0
6039,control,desktop,10,0
23150,treatment,mobile,3,0
15143,treatment,mobile,12,0
4926,control,desktop,8,0
2715,control,desktop,1,0
12192,treatment,desktop,14,0
8013,control,mobile,3,0
3509,control,mobile,14,0
7915,control,desktop,4,0
8933,control,mobile,1,0
17536,treatment,mobile,14,0
16769,treatment,mobile,1,0
11533,control,desktop,5,0
18598,treatment,mobile,11,0
18996,treatment,desktop,5,0
7010,control,desktop,13,0
5745,control,desktop,3,0
15977,treatment,desktop,7,0
17375,treatment,mobile,11,1
20676,treatment,desktop,5,0
19152,treatment,mobile,14,0
17036,treatment,mobile,10,0
6185,control,desktop,11,0
1327,control,desktop,13,0
23897,treatment,mobile,10,0
1883,control,mobile,2,0
8931,control,mobile,9,0
17820,treatment,mobile,11,0
4984,control,mobile,9,0
2416,control,mobile,14,1
21647,treatment,mobile,13,0
2404,control,mobile,9,0
464,control,desktop,12,0
21872,treatment,desktop,6,0
5209,control,mobile,8,0
15938,treatment,mobile,14,0
16961,treatment,mobile,14,1
20071,treatment,mobile,3,0
12217,treatment,mobile,14,0
9003,control,desktop,5,0
8305,control,desktop,11,0
6367,control,mobile,9,0
15521,treatment,desktop,13,0
329,control,desktop,2,0
737,control,mobile,4,0
8827,control,mobile,4,0
15381,treatment,mobile,13,0
9813,control,desktop,2,0
4429,control,mobile,2,0
11657,control,mobile,1,0
8434,control,mobile,12,1
15911,treatment,desktop,2,0
23323,treatment,mobile,12,0
7691,control,mobile,4,1
9547,control,mobile,11,0
5292,control,mobile,13,0
7834,control,mobile,14,0
14486,treatment,desktop,13,0
21210,treatment,desktop,14,0
10564,control,desktop,2,0
16024,treatment,mobile,3,0
2125,control,desktop,14,0
14593,treatment,mobile,12,0
1141,control,mobile,3,0
9548,control,mobile,9,0
23883,treatment,mobile,1,0
849,control,desktop,12,0
12720,treatment,desktop,13,0
19154,treatment,mobile,13,0
2554,control,desktop,12,0
17901,treatment,mobile,10,0
15590,treatment,mobile,1,0
11766,control,desktop,13,0
2949,control,desktop,12,0
13035,treatment,mobile,4,0
13522,treatment,desktop,10,0
16174,treatment,mobile,12,0
6085,control,mobile,1,0
6310,control,mobile,1,1
7337,control,mobile,8,0
11134,control,mobile,1,0
22467,treatment,desktop,7,0
14418,treatment,desktop,12,0
10127,control,mobile,6,0
20606,treatment,desktop,13,0
16202,treatment,mobile,14,0
23365,treatment,mobile,4,0
9307,control,mobile,9,0
15768,treatment,desktop,2,0
5122,control,mobile,3,0
21227,treatment,mobile,13,0
23850,treatment,mobile,10,0
23497,treatment,mobile,9,0
948,control,mobile,4,0
1017,control,desktop,12,0
17273,treatment,desktop,7,0
22717,treatment,mobile,5,0
2493,control,mobile,3,0
15698,treatment,mobile,9,0
6240,control,desktop,13,0
18677,treatment,mobile,9,0
12770,treatment,desktop,3,0
2069,control,desktop,11,0
6470,control,desktop,1,0
15930,treatment,desktop,4,0
23738,treatment,mobile,14,0
7714,control,desktop,10,0
15566,treatment,mobile,5,0
6265,control,desktop,12,0
22582,treatment,mobile,5,0
52,control,mobile,8,0
22853,treatment,mobile,12,0
14961,treatment,mobile,12,0
4359,control,mobile,6,0
355,control,desktop,12,0
21804,treatment,desktop,4,0
19115,treatment,mobile,12,0
17088,treatment,mobile,5,0
13824,treatment,mobile,4,0
16887,treatment,desktop,9,0
7604,control,desktop,11,0
16107,treatment,mobile,12,0
9584,control,mobile,3,0
17632,treatment,mobile,3,0
6731,control,desktop,3,0
17112,treatment,desktop,4,0
21994,treatment,desktop,9,0
9626,control,desktop,8,0
18024,treatment,mobile,2,0
3714,control,mobile,9,0
16077,treatment,desktop,2,1
19707,treatment,mobile,2,0
4217,control,mobile,12,0
9801,control,mobile,8,0
5712,control,mobile,7,0
2535,control,mobile,13,0
5293,control,mobile,3,0
15352,treatment,desktop,3,0
22650,treatment,mobile,13,0
4904,control,mobile,7,0
4798,control,mobile,12,0
10577,control,desktop,6,0
4832,control,mobile,1,0
2026,control,mobile,7,0
9787,control,desktop,7,0
9264,control,desktop,12,0
13128,treatment,desktop,5,0
13147,treatment,desktop,1,0
21997,treatment,desktop,3,0
20188,treatment,desktop,7,0
3037,control,mobile,3,0
13554,treatment,desktop,8,0
22965,treatment,desktop,5,0
10640,control,mobile,13,0
11182,control,mobile,14,0
23249,treatment,mobile,14,0
6571,control,mobile,3,0
2169,control,mobile,4,0
22934,treatment,desktop,2,0
12270,treatment,mobile,1,0
6955,control,desktop,10,0
12329,treatment,mobile,10,0
15494,treatment,desktop,9,0
18288,treatment,desktop,14,0
22197,treatment,mobile,3,0
22318,treatment,mobile,5,0
19821,treatment,desktop,13,1
788,control,desktop,1,0
23273,treatment,desktop,5,0
19067,treatment,desktop,8,0
16318,treatment,desktop,11,0
4931,control,mobile,12,0
4900,control,mobile,9,0
20837,treatment,mobile,13,0
11012,control,desktop,8,0
2704,control,mobile,5,0
973,control,desktop,1,0
10710,control,mobile,5,0
11557,control,mobile,13,0
667,control,mobile,2,0
2919,control,mobile,6,1
19861,treatment,desktop,10,0
8804,control,mobile,6,0
3283,control,mobile,5,0
22659,treatment,mobile,3,0
21250,treatment,mobile,10,0
18121,treatment,desktop,13,0
16741,treatment,desktop,8,0
23325,treatment,desktop,12,0
21291,treatment,desktop,6,0
3881,control,mobile,6,0
3676,control,mobile,6,0
12127,treatment,mobile,14,0
20011,treatment,desktop,1,0
12406,treatment,desktop,5,0
22156,treatment,desktop,3,0
14540,treatment,mobile,6,0
16459,treatment,mobile,8,0
16608,treatment,desktop,5,0
13159,treatment,desktop,1,0
7761,control,mobile,9,0
10201,control,desktop,6,0
13981,treatment,mobile,3,1
1076,control,mobile,7,0
10835,control,mobile,8,0
17832,treatment,desktop,13,0
11801,control,mobile,2,0
5800,control,mobile,6,0
18268,treatment,mobile,3,0
10526,control,desktop,13,0
21036,treatment,mobile,6,0
12990,treatment,desktop,4,0
3416,control,desktop,12,1
18367,treatment,mobile,6,0
10867,control,desktop,8,0
16256,treatment,desktop,5,0
13934,treatment,mobile,10,0
19820,treatment,mobile,6,0
16830,treatment,mobile,4,0
8351,control,mobile,11,0
16659,treatment,desktop,12,0
4067,control,desktop,8,0
14703,treatment,mobile,7,0
10376,control,desktop,2,0
8401,control,mobile,2,0
11656,control,desktop,11,0
11727,control,desktop,2,0
7521,control,mobile,7,0
10183,control,desktop,5,0
18931,treatment,mobile,11,0
13227,treatment,desktop,3,1
3060,control,mobile,1,0
18113,treatment,desktop,6,0
16361,treatment,mobile,2,0
12808,treatment,mobile,5,0
20395,treatment,mobile,14,0
11254,control,mobile,2,0
11141,control,mobile,6,0
7496,control,desktop,6,0
22902,treatment,mobile,11,0
13835,treatment,desktop,8,0
23428,treatment,mobile,2,0
12444,treatment,mobile,10,0
7882,control,desktop,11,0
3698,control,mobile,5,0
6003,control,desktop,4,0
12766,treatment,mobile,10,0
3600,control,desktop,11,0
16216,treatment,desktop,6,0
5133,control,desktop,14,0
5437,control,desktop,8,0
18331,treatment,mobile,10,0
18261,treatment,desktop,2,0
9409,control,desktop,12,0
7251,control,mobile,8,0
8269,control,mobile,1,0
20882,treatment,mobile,14,0
1476,control,mobile,12,1
10337,control,mobile,9,0
22115,treatment,mobile,13,0
19429,treatment,desktop,9,0
19039,treatment,mobile,8,0
13441,treatment,mobile,9,0
18939,treatment,mobile,7,0
20897,treatment,mobile,13,0
4391,control,mobile,14,0
17937,treatment,mobile,9,0
15499,treatment,desktop,10,0
11023,control,mobile,12,0
7615,control,desktop,13,0
16775,treatment,mobile,14,0
17071,treatment,mobile,13,0
22619,treatment,mobile,8,0
6570,control,desktop,4,0
4128,control,mobile,7,0
20818,treatment,mobile,10,0
5978,control,desktop,6,0
3835,control,mobile,1,0
23341,treatment,desktop,12,0
4523,control,mobile,6,0
1357,control,mobile,2,0
19322,treatment,desktop,12,0
20609,treatment,desktop,1,0
1296,control,mobile,13,0
2034,control,desktop,8,0
14911,treatment,mobile,6,0
20253,treatment,desktop,10,0
18837,treatment,mobile,12,0
16814,treatment,desktop,10,0
10976,control,mobile,5,0
2220,control,mobile,5,0
8439,control,mobile,3,0
8370,control,mobile,13,0
1674,control,mobile,13,0
18011,treatment,desktop,5,0
63,control,mobile,13,0
8627,control,desktop,14,1
11204,control,mobile,4,0
21000,treatment,mobile,4,0
14407,treatment,desktop,6,0
10141,control,mobile,5,0
11835,control,mobile,9,0
11716,control,mobile,6,0
3076,control,desktop,9,0
11405,control,desktop,1,0
8700,control,mobile,12,0
23625,treatment,desktop,4,0
182,control,desktop,11,0
2575,control,mobile,14,0
187,control,mobile,5,0
12434,treatment,mobile,1,0
15315,treatment,mobile,1,0
15277,treatment,desktop,6,0
8312,control,desktop,14,0
13805,treatment,mobile,1,0
14321,treatment,mobile,12,0
3520,control,mobile,14,0
19935,treatment,mobile,2,0
23503,treatment,desktop,12,0
12010,treatment,mobile,3,0
22689,treatment,desktop,5,0
3382,control,desktop,7,0
3307,control,desktop,13,0
23471,treatment,mobile,1,0
6314,control,desktop,1,0
5170,control,mobile,7,0
20363,treatment,mobile,9,0
7718,control,mobile,12,0
7241,control,mobile,5,0
22109,treatment,mobile,14,0
15100,treatment,mobile,4,0
13219,treatment,mobile,10,0
5130,control,desktop,9,0
154,control,mobile,4,0
6341,control,desktop,14,0
2089,control,desktop,4,0
18050,treatment,mobile,1,0
5574,control,mobile,1,0
6213,control,desktop,2,0
1719,control,mobile,11,0
2941,control,desktop,4,0
5358,control,desktop,2,0
13684,treatment,mobile,9,0
9189,control,mobile,9,0
12038,treatment,desktop,10,0
21790,treatment,desktop,3,0
23567,treatment,mobile,6,0
14094,treatment,mobile,4,0
13634,treatment,mobile,12,0
6276,control,mobile,1,0
250,control,desktop,11,0
19827,treatment,desktop,7,0
14821,treatment,mobile,6,1
5614,control,mobile,6,0
20476,treatment,desktop,4,0
13025,treatment,mobile,14,0
14159,treatment,desktop,6,0
6853,control,desktop,3,0
19205,treatment,mobile,13,0
13594,treatment,mobile,9,0
5734,control,mobile,6,0
18199,treatment,mobile,9,0
6637,control,mobile,7,0
1953,control,desktop,13,0
7327,control,desktop,5,0
17134,treatment,desktop,7,0
8636,control,desktop,6,1
5492,control,desktop,5,0
17311,treatment,mobile,3,0
19351,treatment,mobile,6,0
4023,control,mobile,9,0
12315,treatment,mobile,7,0
2667,control,mobile,13,0
3219,control,desktop,11,0
14181,treatment,desktop,1,0
13259,treatment,mobile,12,0
12078,treatment,mobile,11,0
6244,control,mobile,12,0
22435,treatment,mobile,14,0
19897,treatment,mobile,2,0
4653,control,mobile,3,1
19678,treatment,mobile,11,0
17756,treatment,mobile,12,0
12697,treatment,mobile,11,0
503,control,desktop,10,0
16706,treatment,mobile,1,0
18065,treatment,mobile,6,0
21157,treatment,desktop,3,0
22641,treatment,desktop,6,0
8770,control,mobile,2,0
21964,treatment,desktop,13,0
19175,treatment,desktop,9,1
6585,control,mobile,11,0
17356,treatment,mobile,6,0
2024,control,mobile,3,0
9936,control,desktop,14,0
12792,treatment,mobile,2,1
6241,control,mobile,14,0
11381,control,desktop,8,0
5140,control,mobile,3,0
396,control,desktop,4,0
14031,treatment,mobile,7,0
16422,treatment,mobile,4,0
23069,treatment,mobile,11,0
21578,treatment,desktop,1,1
12716,treatment,mobile,2,0
18556,treatment,desktop,3,0
4060,control,desktop,7,0
13566,treatment,mobile,7,0
2932,control,mobile,2,0
21070,treatment,mobile,8,0
6454,control,desktop,1,0
14209,treatment,mobile,4,0
3968,control,mobile,12,0
15862,treatment,mobile,7,0
8489,control,mobile,13,0
4774,control,mobile,3,0
20069,treatment,mobile,1,0
17993,treatment,desktop,3,0
15007,treatment,desktop,11,0
16862,treatment,mobile,8,0
13472,treatment,desktop,13,0
8140,control,mobile,4,0
3350,control,mobile,11,0
23381,treatment,mobile,8,0
4917,control,desktop,3,0
20524,treatment,mobile,3,0
3057,control,mobile,12,1
3304,control,mobile,3,0
23576,treatment,mobile,10,0
7950,control,desktop,4,0
9278,control,desktop,1,1
22878,treatment,desktop,3,0
14037,treatment,desktop,7,0
7400,control,desktop,2,0
9218,control,desktop,5,0
15615,treatment,mobile,1,0
11663,control,desktop,9,0
13637,treatment,mobile,9,0
16274,treatment,mobile,13,0
3860,control,mobile,1,0
8601,control,mobile,8,0
3658,control,desktop,2,0
15933,treatment,desktop,9,0
22353,treatment,mobile,4,0
9780,control,mobile,2,0
7721,control,desktop,6,0
16789,treatment,desktop,6,0
11395,control,mobile,14,0
17774,treatment,desktop,6,0
20562,treatment,mobile,8,0
5108,control,mobile,13,0
15913,treatment,mobile,7,0
4601,control,mobile,9,0
21162,treatment,mobile,12,1
18314,treatment,mobile,5,0
10714,control,desktop,12,1
13274,treatment,mobile,10,0
1346,control,desktop,2,0
1603,control,mobile,12,0
14160,treatment,mobile,1,0
23774,treatment,mobile,12,0
11030,control,mobile,7,0
13228,treatment,desktop,4,0
10288,control,desktop,3,0
12439,treatment,mobile,11,0
12666,treatment,mobile,10,0
4706,control,mobile,10,0
10949,control,desktop,14,0
17797,treatment,mobile,1,0
11865,control,mobile,5,0
17990,treatment,mobile,4,1
18165,treatment,mobile,7,0
17419,treatment,desktop,14,0
13060,treatment,mobile,2,0
5616,control,desktop,2,0
15039,treatment,mobile,5,0
20250,treatment,mobile,6,0
8946,control,mobile,14,0
1041,control,mobile,10,0
5377,control,desktop,13,0
1855,control,mobile,13,0
4471,control,mobile,9,0
22754,treatment,mobile,4,0
22792,treatment,mobile,3,0
735,control,mobile,10,0
23462,treatment,mobile,6,0
3500,control,mobile,12,0
449,control,mobile,5,0
20686,treatment,mobile,12,0
23873,treatment,mobile,12,0
3087,control,desktop,8,0
14704,treatment,desktop,14,0
1237,control,desktop,3,0
11900,control,mobile,13,0
11329,control,mobile,13,0
11787,control,desktop,3,0
8029,control,mobile,1,0
16575,treatment,mobile,8,0
4897,control,mobile,11,0
9136,control,desktop,7,0
18970,treatment,desktop,9,0
2624,control,mobile,10,0
18322,treatment,mobile,4,0
5618,control,mobile,3,0
9562,control,mobile,7,0
22392,treatment,mobile,12,0
10285,control,mobile,2,0
1456,control,mobile,4,0
5418,control,desktop,1,0
18487,treatment,desktop,3,0
20526,treatment,mobile,12,0
15770,treatment,desktop,1,0
19276,treatment,mobile,1,1
13724,treatment,mobile,10,0
11591,control,mobile,1,1
21773,treatment,mobile,12,0
5486,control,desktop,12,0
21573,treatment,desktop,4,0
23375,treatment,mobile,2,0
11266,control,mobile,10,0
4543,control,desktop,13,0
12249,treatment,mobile,9,0
7549,control,desktop,1,0
17620,treatment,mobile,11,0
20985,treatment,mobile,9,0
9542,control,desktop,8,0
11280,control,mobile,14,0
246,control,mobile,3,0
3582,control,mobile,8,0
9319,control,mobile,14,0
14114,treatment,mobile,10,0
2726,control,desktop,1,0
4628,control,mobile,4,0
5912,control,desktop,7,0
16442,treatment,mobile,8,0
4427,control,mobile,14,0
19917,treatment,mobile,3,0
15691,treatment,desktop,3,0
22330,treatment,desktop,14,0
23621,treatment,desktop,8,0
12340,treatment,desktop,2,0
16357,treatment,mobile,7,0
15643,treatment,mobile,10,0
1258,control,desktop,4,0
19139,treatment,mobile,2,0
1821,control,mobile,7,1
19397,treatment,desktop,12,0
16607,treatment,mobile,4,0
4784,control,desktop,5,0
9990,control,mobile,13,0
19219,treatment,desktop,9,0
19776,treatment,mobile,3,0
18629,treatment,mobile,3,0
16809,treatment,desktop,12,0
5625,control,desktop,2,0
20436,treatment,desktop,8,0
20418,treatment,mobile,13,0
17183,treatment,desktop,9,0
10450,control,mobile,3,0
22836,treatment,mobile,10,0
21861,treatment,mobile,7,0
2170,control,desktop,7,0
19333,treatment,desktop,13,0
16526,treatment,mobile,6,0
3547,control,mobile,2,0
17701,treatment,mobile,5,0
13410,treatment,mobile,14,0
16195,treatment,mobile,12,0
17759,treatment,mobile,3,1
21396,treatment,desktop,11,0
12892,treatment,desktop,13,0
1257,control,desktop,10,0
16443,treatment,mobile,9,0
19029,treatment,desktop,14,0
20516,treatment,desktop,4,0
6733,control,mobile,3,0
17769,treatment,desktop,4,0
23226,treatment,mobile,5,0
5496,control,mobile,11,0
18842,treatment,mobile,9,0
21563,treatment,desktop,2,0
15529,treatment,desktop,13,0
4883,control,mobile,8,0
16269,treatment,desktop,4,0
15921,treatment,mobile,4,0
1150,control,mobile,9,0
22456,treatment,mobile,10,0
2021,control,mobile,13,0
8861,control,desktop,14,0
868,control,mobile,3,0
4935,control,desktop,12,1
15574,treatment,desktop,4,0
23641,treatment,mobile,14,0
17163,treatment,mobile,6,0
5944,control,mobile,10,0
16739,treatment,desktop,5,0
6374,control,desktop,8,0
5755,control,mobile,13,0
2807,control,desktop,14,0
190,control,desktop,13,0
3190,control,mobile,3,0
3758,control,mobile,3,0
17930,treatment,mobile,1,0
20666,treatment,desktop,13,0
12178,treatment,mobile,7,0
136,control,desktop,13,0
20722,treatment,mobile,8,0
18438,treatment,mobile,8,0
10563,control,mobile,4,1
22350,treatment,desktop,14,0
18198,treatment,mobile,4,0
5742,control,mobile,10,0
14745,treatment,mobile,4,0
18300,treatment,desktop,8,0
23882,treatment,desktop,12,0
21900,treatment,mobile,6,0
2224,control,mobile,3,0
6141,control,desktop,12,0
15395,treatment,desktop,11,0
8468,control,mobile,6,0
9544,control,mobile,7,0
18141,treatment,desktop,5,0
6896,control,mobile,7,0
21062,treatment,desktop,1,0
21877,treatment,mobile,13,0
7862,control,mobile,2,0
2239,control,mobile,2,0
13669,treatment,mobile,2,0
16193,treatment,desktop,1,0
7914,control,mobile,8,0
22322,treatment,desktop,10,0
17512,treatment,desktop,4,0
5024,control,desktop,10,0
3187,control,mobile,11,0
18374,treatment,desktop,5,0
15211,treatment,mobile,13,0
5703,control,mobile,8,0
2764,control,mobile,2,0
4871,control,desktop,1,0
11274,control,mobile,10,0
8557,control,desktop,12,0
14021,treatment,desktop,13,0
11561,control,desktop,12,0
22075,treatment,mobile,14,0
2447,control,desktop,12,0
13959,treatment,mobile,13,0
15937,treatment,mobile,14,0
9203,control,mobile,8,0
20145,treatment,mobile,10,0
11778,control,mobile,4,0
20119,treatment,desktop,10,0
19315,treatment,desktop,6,0
3525,control,mobile,5,0
17298,treatment,mobile,13,0
8244,control,mobile,8,0
1436,control,desktop,5,0
7304,control,mobile,9,0
10443,control,desktop,2,0
1677,control,mobile,4,0
3950,control,mobile,9,0
6821,control,desktop,10,0
7350,control,mobile,13,0
9075,control,desktop,11,0
1595,control,desktop,6,0
11474,control,mobile,12,0
16366,treatment,mobile,1,0
17145,treatment,desktop,13,0
10502,control,mobile,8,0
8775,control,mobile,3,0
13894,treatment,mobile,14,0
15229,treatment,desktop,5,0
13653,treatment,mobile,13,0
5336,control,desktop,6,0
23469,treatment,desktop,12,0
20020,treatment,desktop,1,0
10126,control,mobile,5,0
19370,treatment,mobile,6,0
9508,control,mobile,6,0
1951,control,desktop,8,0
15812,treatment,mobile,4,0
5238,control,desktop,14,0
17489,treatment,mobile,13,0
985,control,desktop,5,0
726,control,mobile,7,0
13437,treatment,desktop,12,0
10757,control,mobile,10,0
7368,control,mobile,11,0
23026,treatment,mobile,1,0
13962,treatment,desktop,7,1
13668,treatment,desktop,3,0
23221,treatment,mobile,9,1
13961,treatment,mobile,14,1
1999,control,mobile,10,0
669,control,mobile,2,0
8056,control,mobile,1,0
5026,control,mobile,7,0
23426,treatment,mobile,5,0
8594,control,mobile,5,0
21529,treatment,desktop,5,0
21368,treatment,desktop,1,0
23630,treatment,mobile,11,0
16997,treatment,desktop,9,0
23544,treatment,mobile,3,0
6094,control,mobile,9,0
2283,control,mobile,2,0
21912,treatment,mobile,12,0
562,control,mobile,1,0
19801,treatment,mobile,4,0
10421,control,desktop,11,0
17655,treatment,mobile,12,0
18012,treatment,desktop,2,0
4582,control,desktop,9,0
11495,control,mobile,8,1
4275,control,desktop,11,0
17599,treatment,mobile,11,0
10324,control,mobile,6,0
21476,treatment,desktop,6,0
4099,control,mobile,10,0
11556,control,desktop,2,0
6865,control,desktop,13,0
20420,treatment,desktop,13,0
13169,treatment,desktop,10,0
23038,treatment,mobile,3,0
4094,control,desktop,14,0
23933,treatment,mobile,6,0
19401,treatment,mobile,13,0
21459,treatment,mobile,7,0
12816,treatment,mobile,5,0
22744,treatment,desktop,1,0
2203,control,mobile,12,0
14954,treatment,mobile,11,0
11291,control,desktop,7,0
13873,treatment,mobile,14,0
23974,treatment,desktop,12,0
22178,treatment,desktop,7,0
9155,control,desktop,3,0
18213,treatment,desktop,1,0
22626,treatment,desktop,7,0
3713,control,mobile,14,0
20623,treatment,desktop,14,0
17790,treatment,desktop,10,0
5076,control,mobile,3,0
13495,treatment,mobile,6,0
12505,treatment,mobile,12,0
21204,treatment,mobile,3,0
21355,treatment,mobile,12,0
17069,treatment,mobile,5,0
16171,treatment,desktop,13,0
20268,treatment,mobile,3,0
19283,treatment,mobile,3,0
9100,control,mobile,4,0
12268,treatment,mobile,9,0
15877,treatment,mobile,2,0
19947,treatment,desktop,3,0
20425,treatment,mobile,1,0
11866,control,mobile,10,0
16792,treatment,mobile,10,0
14564,treatment,desktop,10,0
7394,control,desktop,3,0
6239,control,desktop,8,0
5285,control,mobile,2,0
13267,treatment,mobile,9,0
22261,treatment,mobile,9,0
5141,control,mobile,13,0
17025,treatment,mobile,4,0
18835,treatment,mobile,5,0
14098,treatment,mobile,7,1
14613,treatment,mobile,8,0
20816,treatment,mobile,4,0
10268,control,mobile,13,0
9026,control,desktop,14,0
14981,treatment,desktop,11,0
20166,treatment,desktop,7,0
3606,control,desktop,4,0
5599,control,mobile,12,0
4355,control,mobile,7,0
8247,control,mobile,10,0
17652,treatment,mobile,11,0
11511,control,mobile,2,0
23193,treatment,desktop,11,0
10170,control,desktop,9,0
12237,treatment,mobile,3,0
12975,treatment,desktop,12,0
14862,treatment,mobile,5,0
11883,control,desktop,14,0
3643,control,desktop,1,0
23885,treatment,mobile,11,0
18106,treatment,desktop,14,0
17018,treatment,desktop,2,0
20153,treatment,mobile,8,0
6726,control,mobile,11,0
16648,treatment,mobile,14,0
940,control,desktop,3,0
21216,treatment,mobile,9,0
19038,treatment,mobile,13,0
1463,control,desktop,1,0
22777,treatment,desktop,6,0
15821,treatment,desktop,11,1
12687,treatment,mobile,8,1
2306,control,desktop,10,0
8234,control,mobile,1,0
12814,treatment,desktop,11,0
15324,treatment,desktop,14,0
663,control,desktop,12,0
13855,treatment,mobile,8,0
8868,control,mobile,3,0
23142,treatment,desktop,2,0
13926,treatment,mobile,12,0
5376,control,mobile,10,0
9020,control,desktop,2,0
15383,treatment,desktop,11,0
6465,control,desktop,3,0
2315,control,desktop,11,0
2274,control,mobile,11,0
18715,treatment,desktop,1,0
15027,treatment,desktop,7,0
21666,treatment,desktop,7,0
2198,control,mobile,14,0
18638,treatment,mobile,2,0
20491,treatment,desktop,5,0
10620,control,desktop,14,0
20952,treatment,desktop,6,0
19068,treatment,mobile,6,0
588,control,mobile,9,0
17629,treatment,mobile,2,0
23922,treatment,desktop,7,0
8630,control,mobile,10,0
17676,treatment,desktop,8,0
13750,treatment,desktop,14,0
7767,control,desktop,4,0
9991,control,desktop,13,0
14922,treatment,mobile,11,0
16652,treatment,mobile,7,0
2143,control,mobile,4,0
15081,treatment,desktop,3,0
1684,control,desktop,2,0
22726,treatment,mobile,14,0
20193,treatment,mobile,7,0
111,control,desktop,3,0
5371,control,desktop,2,0
17422,treatment,mobile,10,0
8483,control,mobile,10,0
13982,treatment,mobile,5,1
796,control,mobile,12,0
1210,control,desktop,3,0
7746,control,mobile,9,0
2711,control,mobile,10,0
18494,treatment,mobile,4,0
21483,treatment,mobile,8,0
19049,treatment,mobile,4,0
9000,control,mobile,9,0
13296,treatment,desktop,9,0
2044,control,mobile,10,0
21418,treatment,desktop,9,0
9234,control,mobile,13,0
11174,control,desktop,5,0
9399,control,desktop,14,0
20271,treatment,mobile,9,0
22918,treatment,mobile,12,0
19121,treatment,mobile,14,1
9018,control,mobile,6,0
14927,treatment,desktop,7,0
8361,control,mobile,9,0
1735,control,mobile,11,0
18588,treatment,desktop,13,0
19241,treatment,desktop,1,0
23383,treatment,desktop,5,0
14756,treatment,desktop,2,0
15164,treatment,desktop,7,0
15497,treatment,mobile,7,0
21127,treatment,desktop,4,0
15668,treatment,mobile,11,0
14218,treatment,mobile,1,0
11975,control,desktop,11,0
8282,control,mobile,14,0
3457,control,mobile,5,0
4301,control,mobile,9,0
21404,treatment,mobile,13,0
6210,control,desktop,8,0
11102,control,mobile,12,0
284,control,desktop,5,0
149,control,desktop,2,0
8367,control,mobile,7,0
13422,treatment,desktop,8,0
7769,control,mobile,8,1
8781,control,mobile,2,0
18260,treatment,mobile,1,0
13247,treatment,mobile,3,0
11017,control,mobile,4,0
8561,control,desktop,2,0
1020,control,desktop,12,0
1945,control,desktop,3,0
16894,treatment,mobile,3,0
16956,treatment,desktop,6,0
6503,control,desktop,8,0
14805,treatment,mobile,14,0
13,control,desktop,12,0
20507,treatment,mobile,8,0
5382,control,desktop,4,0
10899,control,desktop,8,0
6159,control,mobile,7,1
16824,treatment,mobile,1,0
3953,control,mobile,10,0
4029,control,mobile,11,0
14215,treatment,mobile,2,0
22320,treatment,mobile,2,0
12901,treatment,mobile,14,0
11234,control,desktop,6,0
12404,treatment,desktop,3,0
16597,treatment,mobile,2,0
16179,treatment,mobile,8,0
2120,control,mobile,7,0
15792,treatment,mobile,8,0
2634,control,desktop,6,0
23516,treatment,mobile,9,0
9679,control,desktop,1,0
8532,control,mobile,6,0
22103,treatment,mobile,1,0
4,control,desktop,6,0
2509,control,desktop,4,0
22148,treatment,mobile,14,0
11382,control,mobile,11,0
12008,treatment,desktop,8,0
12847,treatment,mobile,5,0
6356,control,mobile,12,0
18164,treatment,mobile,3,0
679,control,mobile,2,0
12513,treatment,desktop,11,0
6235,control,mobile,8,0
3074,control,mobile,12,0
8075,control,mobile,5,0
6605,control,desktop,6,1
13350,treatment,mobile,3,0
11223,control,mobile,10,0
22701,treatment,desktop,14,0
1281,control,mobile,8,0
3100,control,mobile,1,0
15869,treatment,mobile,3,0
21295,treatment,desktop,13,0
10750,control,desktop,2,0
11041,control,mobile,13,0
3718,control,desktop,11,0
2179,control,mobile,13,0
10352,control,desktop,5,0
20512,treatment,mobile,2,0
2805,control,mobile,10,0
3555,control,mobile,10,0
10017,control,mobile,2,0
20156,treatment,mobile,7,0
20989,treatment,mobile,4,0
12841,treatment,mobile,8,0
17217,treatment,mobile,5,1
1402,control,mobile,12,0
11084,control,mobile,8,0
4144,control,mobile,12,0
4252,control,mobile,3,0
22401,treatment,mobile,9,0
16182,treatment,desktop,9,0
4100,control,desktop,14,0
22127,treatment,desktop,4,0
3340,control,desktop,8,0
3224,control,desktop,1,0
5399,control,desktop,3,0
12824,treatment,mobile,7,0
7209,control,desktop,12,0
31,control,mobile,10,0
3342,control,mobile,12,0
77,control,desktop,9,0
21267,treatment,mobile,5,0
10033,control,mobile,2,0
6419,control,desktop,3,0
904,control,mobile,1,0
6707,control,desktop,13,0
16656,treatment,mobile,9,0
13719,treatment,mobile,5,1
22561,treatment,mobile,10,0
18048,treatment,mobile,1,0
21196,treatment,desktop,1,0
15544,treatment,mobile,10,0
17539,treatment,desktop,1,0
16553,treatment,mobile,7,0
10818,control,mobile,4,0
12789,treatment,mobile,11,0
4406,control,mobile,2,0
9889,control,mobile,2,0
11564,control,mobile,10,0
2181,control,mobile,2,0
7919,control,desktop,5,0
3303,control,desktop,7,0
23488,treatment,mobile,10,0
14311,treatment,mobile,3,0
6301,control,mobile,10,0
1045,control,mobile,4,0
3299,control,mobile,10,0
15194,treatment,mobile,11,0
3234,control,mobile,2,0
17201,treatment,mobile,1,0
7065,control,mobile,8,0
8797,control,desktop,7,0
6053,control,desktop,8,0
21470,treatment,mobile,10,0
8995,control,desktop,13,0
21010,treatment,desktop,3,0
19972,treatment,desktop,6,0
9135,control,mobile,10,0
5235,control,mobile,6,0
6785,control,mobile,1,0
23181,treatment,desktop,2,0
4827,control,mobile,9,0
8495,control,desktop,1,0
10414,control,desktop,14,0
15865,treatment,mobile,12,0
9036,control,desktop,4,0
15387,treatment,mobile,12,0
16681,treatment,mobile,1,0
1005,control,desktop,7,0
23386,treatment,mobile,1,0
33,control,mobile,8,0
15388,treatment,mobile,11,0
11180,control,desktop,5,0
13732,treatment,desktop,14,0
18581,treatment,mobile,12,0
8458,control,desktop,12,0
13832,treatment,desktop,13,1
18310,treatment,desktop,8,0
7285,control,mobile,10,0
1263,control,mobile,4,0
4666,control,mobile,2,0
7770,control,mobile,13,0
18528,treatment,mobile,9,1
21960,treatment,mobile,13,0
12456,treatment,desktop,2,0
514,control,mobile,6,0
16137,treatment,mobile,4,0
21952,treatment,mobile,4,0
2579,control,mobile,4,0
13419,treatment,mobile,8,0
20151,treatment,mobile,10,0
4504,control,desktop,2,0
18156,treatment,mobile,14,0
9509,control,desktop,13,0
8306,control,mobile,13,0
21736,treatment,mobile,13,0
13644,treatment,mobile,5,0
6522,control,desktop,3,0
21550,treatment,desktop,11,0
16963,treatment,mobile,8,0
1793,control,desktop,10,0
9175,control,mobile,6,0
16539,treatment,desktop,2,0
3830,control,desktop,5,0
3845,control,desktop,11,1
12472,treatment,mobile,7,0
19872,treatment,mobile,12,0
20048,treatment,desktop,7,0
7730,control,mobile,13,0
19391,treatment,desktop,5,0
16628,treatment,desktop,10,0
21170,treatment,mobile,5,0
19771,treatment,mobile,5,0
4898,control,mobile,8,0
3827,control,desktop,5,0
13676,treatment,mobile,8,0
21832,treatment,mobile,2,0
9470,control,mobile,7,0
866,control,mobile,10,0
17626,treatment,desktop,13,0
10906,control,mobile,6,0
9694,control,mobile,5,0
20550,treatment,mobile,2,0
1906,control,mobile,14,0
674,control,desktop,13,0
1697,control,mobile,1,0
454,control,mobile,8,0
8194,control,mobile,7,0
9812,control,desktop,12,0
15288,treatment,mobile,8,0
12300,treatment,mobile,2,0
9579,control,desktop,6,0
23312,treatment,desktop,3,0
12898,treatment,mobile,12,0
5236,control,mobile,2,0
18633,treatment,mobile,14,0
9620,control,desktop,11,0
21534,treatment,mobile,10,0
9252,control,mobile,1,0
23129,treatment,mobile,10,0
4899,control,desktop,14,0
14412,treatment,mobile,9,0
18311,treatment,mobile,7,0
10380,control,mobile,5,0
13380,treatment,mobile,11,0
7113,control,desktop,3,0
23466,treatment,mobile,7,0
19227,treatment,desktop,1,0
16395,treatment,desktop,4,0
5992,control,desktop,7,0
12459,treatment,mobile,7,0
20756,treatment,desktop,9,0
637,control,mobile,2,0
10453,control,mobile,10,0
5503,control,mobile,3,0
23053,treatment,mobile,10,0
3351,control,mobile,1,0
23602,treatment,desktop,8,0
22512,treatment,mobile,14,0
16688,treatment,desktop,2,0
2122,control,desktop,10,0
934,control,mobile,14,0
7247,control,mobile,9,0
7981,control,mobile,1,0
1993,control,mobile,12,0
839,control,desktop,6,0
16591,treatment,mobile,11,0
9877,control,mobile,14,0
10454,control,mobile,6,0
6908,control,desktop,14,0
17253,treatment,mobile,4,0
7116,control,desktop,14,0
17846,treatment,mobile,3,0
14243,treatment,desktop,5,0
5184,control,mobile,13,0
11019,control,desktop,6,0
14360,treatment,desktop,10,1
9691,control,mobile,6,0
15419,treatment,desktop,8,0
12905,treatment,mobile,8,0
20748,treatment,desktop,9,0
20168,treatment,desktop,10,0
21603,treatment,mobile,5,0
18951,treatment,mobile,4,0
20374,treatment,desktop,6,0
19495,treatment,desktop,12,0
21655,treatment,mobile,14,0
20309,treatment,desktop,11,0
23563,treatment,mobile,3,0
16330,treatment,mobile,11,0
12180,treatment,desktop,12,0
10780,control,mobile,1,0
18557,treatment,mobile,11,0
6532,control,mobile,7,0
10242,control,mobile,14,0
2080,control,mobile,11,0
2175,control,desktop,9,0
1000,control,desktop,6,0
20326,treatment,mobile,11,0
17887,treatment,mobile,2,0
6997,control,mobile,7,0
12591,treatment,mobile,1,0
20857,treatment,mobile,6,0
2664,control,desktop,12,0
16073,treatment,mobile,1,0
8839,control,mobile,11,0
13853,treatment,desktop,5,0
14608,treatment,mobile,10,0
234,control,mobile,11,0
23139,treatment,desktop,11,0
19791,treatment,mobile,14,0
13643,treatment,mobile,10,0
20813,treatment,mobile,7,0
15448,treatment,mobile,10,0
16936,treatment,mobile,3,0
17072,treatment,mobile,7,0
15752,treatment,mobile,14,0
16637,treatment,mobile,8,1
17179,treatment,mobile,11,0
20769,treatment,desktop,4,0
16240,treatment,mobile,11,0
13586,treatment,desktop,7,0
18366,treatment,mobile,8,0
23420,treatment,mobile,5,0
15947,treatment,mobile,5,0
3445,control,mobile,6,0
19556,treatment,desktop,12,0
18146,treatment,mobile,4,0
19767,treatment,mobile,13,0
4243,control,desktop,6,0
1846,control,mobile,1,0
488,control,desktop,9,0
6910,control,mobile,12,0
8008,control,desktop,2,0
21433,treatment,desktop,9,0
8337,control,desktop,10,0
4173,control,mobile,7,0
856,control,mobile,1,0
4867,control,mobile,8,0
21270,treatment,desktop,10,0
11336,control,mobile,3,0
2331,control,desktop,2,0
14931,treatment,mobile,2,0
15175,treatment,mobile,5,0
7422,control,desktop,3,0
9391,control,desktop,10,0
3542,control,mobile,3,0
515,control,mobile,6,0
9231,control,desktop,7,0
2651,control,desktop,14,0
21349,treatment,desktop,3,0
18407,treatment,mobile,7,0
9631,control,desktop,2,0
22639,treatment,mobile,10,0
20256,treatment,mobile,13,1
17046,treatment,mobile,6,0
14161,treatment,mobile,2,0
13463,treatment,desktop,11,0
22297,treatment,desktop,7,0
18055,treatment,mobile,2,0
3622,control,desktop,10,1
19851,treatment,mobile,11,0
4309,control,mobile,1,1
13470,treatment,mobile,2,0
16855,treatment,mobile,14,0
4314,control,desktop,3,0
10834,control,mobile,4,1
7852,control,mobile,2,1
23443,treatment,mobile,10,1
23473,treatment,mobile,11,0
21113,treatment,mobile,5,0
3478,control,mobile,4,0
7026,control,desktop,13,1
9750,control,desktop,6,0
8731,control,mobile,6,0
10721,control,mobile,11,0
5969,control,mobile,6,0
14708,treatment,desktop,6,0
13405,treatment,mobile,6,0
5854,control,mobile,3,0
14288,treatment,desktop,7,0
13758,treatment,desktop,5,0
11299,control,mobile,5,0
2964,control,desktop,7,0
13008,treatment,desktop,12,0
16946,treatment,mobile,13,0
20755,treatment,desktop,5,0
17908,treatment,desktop,4,0
5459,control,mobile,12,0
3486,control,desktop,12,0
17468,treatment,mobile,9,0
13984,treatment,mobile,4,0
14166,treatment,desktop,6,0
6658,control,desktop,7,0
13661,treatment,mobile,3,0
2751,control,desktop,9,0
6635,control,desktop,12,0
19588,treatment,mobile,8,0
14525,treatment,mobile,2,0
22629,treatment,mobile,9,0
8469,control,mobile,7,0
21576,treatment,mobile,8,0
1792,control,desktop,11,0
19892,treatment,mobile,14,0
17628,treatment,mobile,10,0
5878,control,desktop,13,0
9396,control,desktop,7,0
4505,control,desktop,6,0
13815,treatment,mobile,2,0
6927,control,mobile,13,0
4188,control,desktop,9,0
21181,treatment,mobile,8,0
4766,control,desktop,11,0
931,control,mobile,5,0
9531,control,mobile,12,0
14554,treatment,desktop,1,0
8027,control,desktop,13,0
6715,control,mobile,4,0
13197,treatment,mobile,11,0
19507,treatment,mobile,14,0
18522,treatment,mobile,6,0
12660,treatment,desktop,2,0
8442,control,desktop,5,0
728,control,mobile,1,0
13041,treatment,mobile,11,0
6199,control,desktop,11,0
21098,treatment,desktop,2,0
8521,control,mobile,5,0
8154,control,desktop,2,0
10032,control,desktop,10,0
5751,control,mobile,2,0
19655,treatment,mobile,9,0
3314,control,mobile,10,1
150,control,mobile,13,0
10460,control,desktop,3,0
16098,treatment,desktop,8,0
23031,treatment,mobile,9,0
13849,treatment,mobile,8,0
7600,control,desktop,4,0
22476,treatment,mobile,13,0
3964,control,mobile,1,0
8653,control,mobile,6,0
7315,control,mobile,11,0
10595,control,mobile,2,0
14337,treatment,desktop,1,0
8578,control,mobile,10,0
15596,treatment,mobile,7,1
22327,treatment,mobile,8,0
21740,treatment,mobile,7,0
15015,treatment,desktop,7,0
17597,treatment,mobile,1,0
9096,control,mobile,8,0
17142,treatment,mobile,14,0
7497,control,desktop,10,0
3619,control,mobile,11,0
4345,control,mobile,5,0
23175,treatment,desktop,6,0
3081,control,mobile,14,0
16812,treatment,mobile,7,0
19482,treatment,mobile,1,0
4004,control,desktop,10,0
14880,treatment,mobile,4,1
551,control,desktop,12,0
255,control,mobile,13,0
9824,control,desktop,11,0
22661,treatment,mobile,11,0
21021,treatment,mobile,6,0
11430,control,desktop,14,0
4687,control,mobile,13,0
18867,treatment,desktop,14,0
14445,treatment,desktop,1,0
11131,control,desktop,7,0
4778,control,desktop,13,0
9840,control,desktop,14,0
17208,treatment,mobile,7,0
21929,treatment,desktop,10,0
23520,treatment,mobile,11,0
3769,control,desktop,6,0
14877,treatment,mobile,8,0
23021,treatment,mobile,12,0
18548,treatment,desktop,8,0
23519,treatment,desktop,3,0
18160,treatment,mobile,5,0
15963,treatment,mobile,3,1
14469,treatment,desktop,1,0
22139,treatment,desktop,14,0
11086,control,mobile,13,0
1533,control,mobile,1,0
1648,control,mobile,4,0
18971,treatment,desktop,14,0
11440,control,mobile,10,0
1730,control,desktop,11,0
6627,control,desktop,12,0
12149,treatment,mobile,12,0
4704,control,mobile,10,0
23549,treatment,mobile,14,0
22482,treatment,mobile,11,0
23644,treatment,desktop,8,0
10905,control,mobile,13,0
15727,treatment,mobile,6,0
20310,treatment,mobile,2,0
20628,treatment,mobile,12,0
19522,treatment,mobile,7,0
8283,control,desktop,4,0
19965,treatment,desktop,4,0
2724,control,desktop,12,0
23017,treatment,mobile,8,0
7483,control,desktop,9,0
16068,treatment,desktop,4,0
12198,treatment,mobile,2,0
6900,control,mobile,10,0
6243,control,desktop,8,0
17241,treatment,mobile,5,0
11827,control,mobile,5,0
5594,control,mobile,11,0
17695,treatment,desktop,10,0
14832,treatment,desktop,8,0
7985,control,mobile,4,0
23511,treatment,mobile,3,0
12963,treatment,desktop,4,0
13624,treatment,mobile,5,0
16639,treatment,desktop,4,0
20354,treatment,mobile,7,0
4768,control,mobile,2,0
6468,control,mobile,11,0
16755,treatment,mobile,10,0
6758,control,mobile,10,0
23580,treatment,mobile,7,0
14643,treatment,desktop,10,0
17293,treatment,mobile,8,0
18705,treatment,mobile,8,0
19586,treatment,mobile,8,0
7392,control,desktop,13,0
953,control,mobile,9,0
12654,treatment,desktop,5,0
2680,control,mobile,11,0
18713,treatment,desktop,8,0
20652,treatment,desktop,5,0
21753,treatment,mobile,14,0
22983,treatment,mobile,5,0
13351,treatment,mobile,3,0
1849,control,desktop,4,0
8216,control,mobile,14,0
3032,control,mobile,5,0
4518,control,mobile,9,0
2100,control,mobile,12,0
10942,control,desktop,12,0
7700,control,desktop,5,0
21614,treatment,mobile,3,0
15259,treatment,mobile,12,0
19810,treatment,mobile,14,0
297,control,desktop,6,1
13038,treatment,desktop,8,0
22284,treatment,mobile,6,0
16935,treatment,desktop,5,0
5066,control,desktop,3,0
20144,treatment,mobile,12,0
1628,control,desktop,7,0
18526,treatment,desktop,3,0
21574,treatment,mobile,13,0
2387,control,mobile,6,0
17760,treatment,mobile,2,0
3780,control,mobile,9,0
9504,control,desktop,8,0
14657,treatment,mobile,9,0
5067,control,desktop,3,0
16067,treatment,mobile,10,0
16470,treatment,desktop,8,0
12906,treatment,desktop,11,0
13284,treatment,desktop,10,0
6561,control,desktop,3,0
20895,treatment,mobile,4,0
3799,control,mobile,8,0
9899,control,desktop,4,0
4548,control,desktop,8,0
11729,control,mobile,4,0
738,control,mobile,12,0
18375,treatment,desktop,9,0
1283,control,desktop,11,1
3503,control,desktop,8,0
19980,treatment,mobile,2,0
9289,control,mobile,10,0
2658,control,mobile,12,0
20441,treatment,mobile,8,0
20740,treatment,desktop,5,0
14072,treatment,mobile,10,1
19724,treatment,mobile,13,0
3790,control,mobile,13,0
18738,treatment,mobile,1,0
19224,treatment,mobile,1,0
4954,control,desktop,9,0
22812,treatment,desktop,4,0
16926,treatment,desktop,5,0
6153,control,mobile,12,0
13409,treatment,mobile,6,0
9788,control,desktop,3,0
1644,control,mobile,4,0
14873,treatment,mobile,6,0
2141,control,desktop,12,0
22356,treatment,mobile,3,0
21084,treatment,desktop,4,0
20003,treatment,mobile,14,1
8873,control,mobile,7,0
4944,control,mobile,14,0
18857,treatment,desktop,3,0
6441,control,desktop,9,0
13490,treatment,desktop,10,0
14372,treatment,desktop,2,0
23876,treatment,mobile,5,0
5856,control,mobile,4,0
19177,treatment,desktop,14,0
6097,control,desktop,6,0
8546,control,desktop,7,0
7753,control,mobile,4,0
16561,treatment,mobile,7,0
12694,treatment,mobile,6,0
14899,treatment,mobile,14,0
1140,control,mobile,8,0
7490,control,mobile,1,0
18248,treatment,mobile,5,0
6740,control,desktop,9,0
14535,treatment,mobile,5,0
20949,treatment,desktop,3,0
17008,treatment,mobile,10,0
20905,treatment,desktop,14,0
719,control,mobile,3,0
23828,treatment,desktop,6,0
22205,treatment,mobile,4,0
16651,treatment,mobile,7,0
5004,control,desktop,6,0
22421,treatment,mobile,5,0
15503,treatment,mobile,4,0
633,control,desktop,6,1
14357,treatment,mobile,10,0
21708,treatment,desktop,12,0
11468,control,desktop,1,0
23345,treatment,mobile,9,0
22483,treatment,mobile,6,0
20417,treatment,mobile,13,0
9514,control,mobile,6,0
7408,control,mobile,3,0
4709,control,mobile,6,0
17445,treatment,mobile,11,0
22226,treatment,desktop,1,0
23492,treatment,mobile,7,0
1555,control,mobile,10,0
13585,treatment,mobile,1,0
22097,treatment,desktop,3,0
1475,control,mobile,5,0
6073,control,desktop,4,0
16551,treatment,mobile,1,0
22057,treatment,mobile,8,0
20334,treatment,mobile,6,0
16958,treatment,desktop,14,0
20036,treatment,desktop,14,0
10732,control,mobile,9,0
2945,control,desktop,11,0
17526,treatment,mobile,5,0
6907,control,mobile,12,0
683,control,mobile,10,0
20782,treatment,desktop,7,0
18722,treatment,mobile,10,0
3161,control,mobile,8,0
12209,treatment,desktop,5,0
5612,control,desktop,13,0
16797,treatment,mobile,12,0
19616,treatment,mobile,7,0
5725,control,desktop,14,0
17546,treatment,mobile,4,0
20360,treatment,desktop,6,0
1899,control,mobile,2,0
20137,treatment,mobile,11,0
7519,control,mobile,10,0
4679,control,mobile,11,0
11518,control,mobile,7,0
21502,treatment,desktop,1,0
1746,control,mobile,3,0
13682,treatment,desktop,2,0
13360,treatment,mobile,2,0
6824,control,desktop,9,0
19592,treatment,mobile,1,0
16418,treatment,desktop,8,1
8524,control,mobile,12,0
15789,treatment,desktop,13,0
7639,control,desktop,8,0
12833,treatment,mobile,12,0
12342,treatment,desktop,3,0
7926,control,mobile,3,0
11083,control,mobile,9,0
17849,treatment,desktop,4,0
13777,treatment,desktop,5,0
6079,control,mobile,10,0
9677,control,mobile,11,0
12083,treatment,mobile,1,0
3957,control,desktop,12,0
23707,treatment,mobile,10,0
19842,treatment,desktop,6,0
12839,treatment,desktop,11,0
18745,treatment,mobile,1,0
18817,treatment,mobile,13,0
11679,control,desktop,5,1
9416,control,mobile,12,0
12221,treatment,mobile,2,0
7384,control,desktop,14,0
14506,treatment,mobile,12,0
8133,control,desktop,11,0
9560,control,desktop,5,0
18115,treatment,mobile,12,0
22824,treatment,mobile,1,0
20909,treatment,desktop,8,0
18987,treatment,mobile,1,0
9922,control,desktop,12,1
2192,control,desktop,9,0
15756,treatment,mobile,2,0
3677,control,desktop,4,0
20416,treatment,mobile,6,0
17698,treatment,mobile,8,0
11487,control,mobile,9,0
11637,control,mobile,8,0
20810,treatment,mobile,5,1
83,control,desktop,12,0
10935,control,mobile,2,0
58,control,desktop,14,1
15928,treatment,desktop,8,1
21373,treatment,desktop,8,0
21145,treatment,desktop,7,0
15234,treatment,desktop,7,0
18532,treatment,desktop,7,0
15079,treatment,desktop,13,0
10205,control,mobile,5,0
7803,control,mobile,10,0
10275,control,desktop,2,0
1019,control,mobile,4,0
18446,treatment,mobile,13,0
12524,treatment,mobile,12,0
5180,control,mobile,5,0
17699,treatment,mobile,4,0
14262,treatment,mobile,9,0
3285,control,mobile,4,0
21137,treatment,desktop,8,0
3237,control,desktop,12,0
19755,treatment,desktop,8,0
2553,control,desktop,2,0
17965,treatment,desktop,7,0
12758,treatment,mobile,14,0
15582,treatment,desktop,2,0
11454,control,mobile,9,0
20222,treatment,mobile,13,0
8020,control,desktop,7,0
15785,treatment,mobile,14,0
22001,treatment,mobile,1,0
14075,treatment,desktop,12,0
4205,control,mobile,7,0
23525,treatment,mobile,8,0
23101,treatment,mobile,11,0
9734,control,mobile,2,0
16829,treatment,mobile,3,0
23772,treatment,mobile,6,0
19293,treatment,mobile,2,0
9657,control,desktop,5,0
1588,control,mobile,4,0
17588,treatment,desktop,3,1
387,control,desktop,10,0
18725,treatment,desktop,2,0
19150,treatment,desktop,14,0
18683,treatment,mobile,10,0
927,control,mobile,4,0
8874,control,mobile,1,0
12488,treatment,mobile,5,0
13367,treatment,mobile,5,1
21207,treatment,mobile,3,0
8802,control,desktop,8,0
17105,treatment,mobile,8,0
18635,treatment,mobile,7,0
16373,treatment,mobile,2,0
22269,treatment,mobile,13,0
12612,treatment,desktop,5,0
15653,treatment,mobile,7,0
22383,treatment,mobile,9,0
3815,control,desktop,1,0
8702,control,mobile,7,0
6166,control,desktop,6,0
17601,treatment,desktop,1,0
3842,control,desktop,2,0
13573,treatment,mobile,5,0
23401,treatment,desktop,12,0
19646,treatment,desktop,12,0
8935,control,mobile,7,0
6137,control,mobile,13,0
13529,treatment,desktop,13,0
135,control,desktop,11,0
19229,treatment,desktop,1,0
1083,control,desktop,1,0
4360,control,desktop,2,0
9272,control,desktop,2,0
20603,treatment,mobile,3,0
3818,control,mobile,10,0
2441,control,desktop,13,0
2539,control,mobile,3,0
23115,treatment,mobile,7,0
2369,control,desktop,4,0
821,control,desktop,8,0
18163,treatment,mobile,5,0
3377,control,desktop,8,0
5454,control,mobile,11,0
22559,treatment,mobile,8,0
3960,control,desktop,5,0
2092,control,desktop,10,0
16382,treatment,desktop,1,0
15299,treatment,mobile,13,0
2413,control,desktop,14,0
9517,control,mobile,7,0
9199,control,desktop,7,0
2321,control,desktop,1,0
1194,control,desktop,3,0
9370,control,desktop,10,0
20561,treatment,desktop,10,0
2814,control,mobile,13,0
3839,control,desktop,10,0
13663,treatment,mobile,1,0
15016,treatment,mobile,6,0
10471,control,mobile,3,0
11569,control,mobile,3,0
11046,control,desktop,14,0
16413,treatment,mobile,12,0
7193,control,mobile,8,0
5579,control,desktop,1,0
1510,control,desktop,1,0
10609,control,mobile,1,0
21121,treatment,desktop,6,1
19297,treatment,mobile,10,0
4652,control,desktop,5,0
2052,control,desktop,1,0
17833,treatment,mobile,8,0
288,control,mobile,2,1
20079,treatment,desktop,3,0
18206,treatment,mobile,6,0
5341,control,desktop,14,0
8588,control,desktop,5,0
18967,treatment,mobile,8,0
4022,control,mobile,5,0
3527,control,desktop,5,0
4210,control,desktop,9,0
16563,treatment,mobile,12,0
969,control,mobile,14,0
3141,control,mobile,11,0
16004,treatment,mobile,3,0
20171,treatment,mobile,3,1
11245,control,mobile,10,0
15654,treatment,mobile,7,0
7963,control,desktop,10,0
12966,treatment,desktop,12,0
12396,treatment,mobile,12,0
16899,treatment,desktop,9,0
7913,control,mobile,5,0
15493,treatment,mobile,5,0
19022,treatment,mobile,2,0
21308,treatment,desktop,8,0
15664,treatment,mobile,4,0
979,control,desktop,8,0
20745,treatment,desktop,3,1
15227,treatment,mobile,11,0
10418,control,desktop,12,0
22100,treatment,desktop,14,0
15936,treatment,mobile,14,0
4164,control,desktop,9,0
5672,control,mobile,10,0
2205,control,desktop,7,0
23108,treatment,desktop,11,0
13027,treatment,desktop,13,0
5849,control,mobile,4,0
7089,control,mobile,12,0
15856,treatment,desktop,14,0
10797,control,mobile,8,0
10204,control,mobile,4,1
23189,treatment,desktop,13,0
13105,treatment,desktop,7,0
12557,treatment,mobile,5,1
23059,treatment,desktop,13,0
22037,treatment,mobile,5,0
4640,control,mobile,4,0
11861,control,mobile,14,0
556,control,mobile,4,0
10177,control,desktop,6,0
12544,treatment,mobile,2,0
15446,treatment,mobile,7,0
3568,control,mobile,14,0
13301,treatment,mobile,3,0
14051,treatment,desktop,14,0
21863,treatment,mobile,1,0
2434,control,mobile,6,0
6833,control,mobile,8,0
980,control,mobile,4,1
19171,treatment,mobile,4,0
10344,control,mobile,9,0
6504,control,mobile,7,0
10864,control,mobile,9,0
8764,control,mobile,9,0
16737,treatment,mobile,8,0
14578,treatment,desktop,10,0
6714,control,desktop,14,0
6044,control,desktop,4,0
5918,control,mobile,14,0
20405,treatment,desktop,12,0
2823,control,desktop,11,0
22055,treatment,desktop,5,0
1158,control,mobile,13,0
4319,control,desktop,3,0
14044,treatment,mobile,8,0
13256,treatment,desktop,4,1
19135,treatment,mobile,7,0
435,control,mobile,14,0
14317,treatment,mobile,7,0
6764,control,desktop,3,0
19758,treatment,mobile,4,0
22147,treatment,desktop,14,0
3259,control,mobile,12,0
5472,control,desktop,1,1
5211,control,desktop,2,0
2817,control,desktop,13,0
14168,treatment,mobile,12,0
13257,treatment,mobile,10,0
4027,control,mobile,3,0
21138,treatment,mobile,5,0
16779,treatment,mobile,13,0
18478,treatment,mobile,3,0
11343,control,desktop,3,0
15659,treatment,desktop,7,0
15153,treatment,mobile,7,0
16585,treatment,mobile,1,0
224,control,desktop,3,0
3871,control,mobile,14,0
20534,treatment,mobile,7,0
18743,treatment,desktop,6,0
21475,treatment,mobile,12,0
2364,control,mobile,5,0
17481,treatment,mobile,6,0
759,control,desktop,4,0
16358,treatment,desktop,12,0
10008,control,desktop,11,0
5278,control,desktop,5,0
5157,control,mobile,1,0
11490,control,desktop,2,0
13222,treatment,mobile,3,0
15779,treatment,mobile,7,0
16495,treatment,mobile,5,0
23528,treatment,desktop,2,0
7627,control,mobile,12,0
17454,treatment,mobile,13,0
4106,control,mobile,11,0
8540,control,mobile,7,0
15396,treatment,desktop,6,0
6291,control,mobile,6,0
5642,control,desktop,10,0
7468,control,mobile,12,0
14105,treatment,desktop,12,0
19422,treatment,mobile,10,0
21322,treatment,mobile,12,0
7318,control,mobile,4,0
1157,control,mobile,11,0
16518,treatment,desktop,7,0
10946,control,mobile,8,0
16560,treatment,desktop,8,0
2986,control,desktop,11,0
1964,control,mobile,11,0
11486,control,desktop,10,1
22396,treatment,mobile,7,0
5964,control,desktop,12,0
8210,control,desktop,12,0
6246,control,desktop,14,0
4792,control,mobile,13,0
5972,control,desktop,11,0
12972,treatment,mobile,12,0
6628,control,mobile,12,1
13807,treatment,mobile,6,0
13430,treatment,desktop,4,0
23765,treatment,desktop,6,0
4470,control,desktop,11,0
15148,treatment,desktop,5,0
1025,control,desktop,9,0
17589,treatment,mobile,14,0
17373,treatment,mobile,7,0
11419,control,mobile,10,0
5475,control,mobile,4,0
570,control,mobile,8,0
21478,treatment,mobile,10,0
5330,control,mobile,8,0
4251,control,mobile,5,0
15356,treatment,mobile,3,1
15873,treatment,mobile,6,0
8115,control,desktop,8,0
7138,control,mobile,8,0
6716,control,mobile,3,0
9765,control,mobile,7,0
12555,treatment,desktop,3,0
6858,control,mobile,2,0
18692,treatment,desktop,13,0
9909,control,mobile,2,0
7916,control,mobile,2,0
8920,control,mobile,10,0
23271,treatment,desktop,8,0
9714,control,desktop,2,0
19431,treatment,desktop,6,0
8416,control,mobile,3,0
18562,treatment,mobile,5,0
4919,control,mobile,3,0
1981,control,mobile,2,0
8898,control,mobile,1,0
4287,control,mobile,5,0
3260,control,mobile,14,0
20546,treatment,mobile,4,1
13749,treatment,desktop,1,1
5622,control,desktop,9,0
17904,treatment,desktop,3,0
11040,control,desktop,6,0
16799,treatment,mobile,14,0
20177,treatment,desktop,9,0
2074,control,mobile,2,0
7799,control,mobile,11,0
18749,treatment,mobile,10,0
22560,treatment,mobile,9,0
4246,control,mobile,10,0
6411,control,desktop,2,0
7698,control,desktop,10,0
10896,control,mobile,6,1
17259,treatment,desktop,2,0
23178,treatment,desktop,4,0
20924,treatment,mobile,4,0
7702,control,mobile,1,0
2608,control,mobile,9,0
4559,control,mobile,6,0
21083,treatment,desktop,1,0
3296,control,desktop,14,0
5772,control,mobile,9,1
9273,control,desktop,3,0
17343,treatment,desktop,14,1
11640,control,mobile,12,0
10652,control,desktop,13,0
3409,control,desktop,10,0
22842,treatment,mobile,2,0
11947,control,desktop,13,0
8083,control,desktop,8,0
21939,treatment,mobile,3,0
21757,treatment,desktop,3,0
11104,control,desktop,10,0
3985,control,mobile,12,0
23160,treatment,mobile,5,0
17610,treatment,mobile,4,0
9941,control,mobile,12,1
6223,control,mobile,8,0
1618,control,mobile,7,1
13146,treatment,mobile,12,0
3152,control,mobile,7,0
9755,control,desktop,9,0
11961,control,mobile,13,0
15671,treatment,desktop,14,0
11745,control,desktop,10,0
18787,treatment,mobile,11,0
14566,treatment,mobile,11,0
21445,treatment,desktop,5,0
19126,treatment,mobile,13,0
17754,treatment,desktop,11,0
23416,treatment,desktop,4,0
22394,treatment,desktop,7,0
7841,control,desktop,1,0
21993,treatment,mobile,10,0
12486,treatment,mobile,4,0
382,control,desktop,10,0
13486,treatment,mobile,3,0
49,control,mobile,1,0
8175,control,desktop,14,0
12167,treatment,desktop,1,0
17801,treatment,mobile,1,0
385,control,desktop,3,0
3814,control,desktop,10,0
10358,control,mobile,11,0
23467,treatment,mobile,5,0
1405,control,desktop,5,0
3246,control,mobile,9,0
3295,control,mobile,5,0
749,control,desktop,13,0
639,control,desktop,14,0
21946,treatment,mobile,6,0
4645,control,mobile,2,0
9161,control,mobile,7,0
19274,treatment,mobile,7,0
1599,control,mobile,4,1
11950,control,mobile,6,0
21953,treatment,mobile,12,0
5253,control,mobile,14,0
8053,control,mobile,2,0
15202,treatment,mobile,13,0
12051,treatment,desktop,9,0
12896,treatment,mobile,14,0
11942,control,mobile,2,0
16263,treatment,mobile,7,0
16480,treatment,mobile,14,0
4796,control,desktop,6,0
11794,control,desktop,5,0
15644,treatment,desktop,6,0
12288,treatment,mobile,12,0
16052,treatment,mobile,11,0
1805,control,mobile,11,0
16683,treatment,mobile,3,0
23164,treatment,desktop,3,1
23522,treatment,mobile,6,0
23996,treatment,mobile,10,0
7948,control,mobile,7,0
861,control,desktop,7,0
15246,treatment,desktop,12,0
10951,control,mobile,1,0
10819,control,mobile,1,0
14769,treatment,mobile,11,0
22880,treatment,desktop,6,0
3145,control,desktop,2,0
8032,control,mobile,10,0
5576,control,desktop,14,0
23045,treatment,mobile,14,0
14799,treatment,desktop,4,0
10528,control,mobile,11,0
17585,treatment,desktop,10,0
12106,treatment,mobile,2,0
2272,control,desktop,14,0
6249,control,mobile,7,0
6219,control,mobile,8,0
9942,control,mobile,2,0
16543,treatment,mobile,13,0
8616,control,mobile,13,0
5836,control,mobile,4,0
22053,treatment,desktop,11,0
15885,treatment,mobile,7,0
12369,treatment,mobile,2,1
9675,control,mobile,5,0
9224,control,desktop,6,0
11788,control,mobile,7,0
1003,control,mobile,7,0
1264,control,desktop,2,0
12231,treatment,desktop,9,0
12998,treatment,desktop,2,0
21889,treatment,mobile,13,0
16726,treatment,mobile,5,0
11991,control,mobile,14,0
8491,control,desktop,12,0
22232,treatment,mobile,13,0
17150,treatment,mobile,6,0
4325,control,desktop,8,0
12949,treatment,mobile,3,0
17645,treatment,desktop,14,0
18883,treatment,mobile,5,1
19850,treatment,mobile,9,0
5928,control,desktop,8,0
1781,control,mobile,13,0
17540,treatment,mobile,3,0
8191,control,desktop,14,0
21848,treatment,mobile,2,0
19142,treatment,mobile,11,0
22025,treatment,mobile,6,0
9539,control,mobile,7,0
11192,control,desktop,14,0
13608,treatment,desktop,11,0
8454,control,mobile,10,0
6195,control,mobile,12,0
6876,control,mobile,5,0
2103,control,mobile,10,0
20706,treatment,mobile,14,0
8432,control,mobile,3,0
16341,treatment,desktop,7,0
23568,treatment,desktop,14,0
92,control,mobile,9,0
13621,treatment,desktop,2,0
15208,treatment,mobile,9,0
19644,treatment,mobile,13,0
8019,control,mobile,11,0
17736,treatment,desktop,14,1
23016,treatment,mobile,4,0
8373,control,mobile,13,0
775,control,mobile,12,0
17810,treatment,mobile,2,0
7775,control,desktop,6,0
13866,treatment,mobile,7,0
11111,control,mobile,9,0
14208,treatment,mobile,12,1
22094,treatment,mobile,4,0
3940,control,mobile,11,0
17502,treatment,desktop,14,1
17643,treatment,desktop,14,0
18833,treatment,mobile,11,0
21439,treatment,mobile,7,0
6456,control,mobile,2,0
9464,control,desktop,14,0
20134,treatment,mobile,9,0
21801,treatment,mobile,9,0
21631,treatment,mobile,7,0
4452,control,mobile,9,0
10702,control,mobile,1,0
22120,treatment,mobile,13,0
21102,treatment,desktop,9,0
2211,control,mobile,10,0
8138,control,mobile,6,0
10169,control,desktop,5,0
11358,control,mobile,6,0
9198,control,desktop,13,0
11760,control,desktop,5,0
10258,control,desktop,9,0
5591,control,mobile,3,0
13874,treatment,desktop,4,0
6413,control,desktop,12,0
19369,treatment,desktop,1,0
22131,treatment,desktop,3,0
4893,control,mobile,6,0
12100,treatment,desktop,9,1
4361,control,desktop,2,0
2623,control,desktop,3,0
19145,treatment,desktop,4,0
3922,control,desktop,13,0
5109,control,mobile,3,0
12573,treatment,desktop,10,0
12769,treatment,mobile,8,0
14338,treatment,mobile,6,0
3724,control,mobile,13,0
7897,control,mobile,8,0
21814,treatment,mobile,5,0
8436,control,mobile,9,0
8808,control,mobile,14,0
17095,treatment,mobile,9,0
10810,control,desktop,12,0
8166,control,desktop,8,0
16398,treatment,mobile,2,0
1199,control,desktop,9,0
12278,treatment,mobile,8,1
20172,treatment,desktop,3,0
4787,control,desktop,2,0
20247,treatment,mobile,6,0
21011,treatment,desktop,10,1
3705,control,mobile,2,0
2596,control,mobile,8,0
1352,control,desktop,14,0
14696,treatment,mobile,11,0
10215,control,desktop,13,0
15243,treatment,mobile,12,0
4665,control,mobile,12,0
22301,treatment,desktop,7,0
13883,treatment,mobile,9,0
23436,treatment,desktop,9,0
12809,treatment,mobile,10,0
5023,control,mobile,4,0
4837,control,desktop,1,0
21467,treatment,desktop,2,0
18019,treatment,mobile,2,0
6056,control,mobile,7,0
15784,treatment,mobile,2,0
16980,treatment,mobile,1,0
11990,control,mobile,6,0
8245,control,mobile,12,0
533,control,mobile,3,0
19999,treatment,mobile,14,0
5215,control,desktop,12,0
11589,control,mobile,14,0
22981,treatment,mobile,10,0
21688,treatment,mobile,7,0
7410,control,mobile,10,0
3734,control,desktop,8,0
14147,treatment,mobile,13,0
17995,treatment,mobile,11,0
12345,treatment,desktop,13,0
16432,treatment,mobile,12,0
86,control,mobile,5,0
2071,control,mobile,4,0
5400,control,mobile,10,0
5401,control,mobile,2,0
15331,treatment,desktop,12,0
16749,treatment,mobile,14,0
3739,control,desktop,12,0
9838,control,desktop,9,0
13972,treatment,desktop,3,0
20186,treatment,mobile,10,0
16334,treatment,mobile,8,0
18245,treatment,mobile,8,0
899,control,desktop,2,1
3741,control,desktop,3,0
4637,control,mobile,12,0
10580,control,mobile,13,0
8860,control,mobile,12,0
7167,control,mobile,3,0
19265,treatment,mobile,1,0
15498,treatment,mobile,3,0
10876,control,mobile,12,0
14116,treatment,desktop,4,0
8993,control,mobile,5,0
10346,control,desktop,8,0
5484,control,desktop,2,0
22122,treatment,mobile,8,0
2928,control,mobile,6,0
8206,control,mobile,1,0
8302,control,desktop,9,0
11724,control,desktop,5,0
170,control,mobile,8,0
5464,control,mobile,1,0
649,control,mobile,3,0
23739,treatment,mobile,9,0
11517,control,mobile,7,0
2035,control,mobile,6,0
11116,control,desktop,7,0
19562,treatment,desktop,13,0
6720,control,desktop,10,0
23631,treatment,mobile,11,0
16927,treatment,mobile,13,0
4147,control,mobile,10,0
5998,control,desktop,4,1
6705,control,desktop,9,0
1315,control,desktop,13,0
9823,control,mobile,1,1
23585,treatment,mobile,7,0
22045,treatment,desktop,5,0
14590,treatment,desktop,12,0
13769,treatment,mobile,14,0
8829,control,mobile,4,0
10,control,desktop,8,0
20289,treatment,mobile,10,0
4199,control,mobile,8,0
18740,treatment,mobile,11,0
19671,treatment,mobile,1,0
10478,control,mobile,4,0
11466,control,mobile,2,0
10562,control,mobile,1,0
1393,control,desktop,1,0
17260,treatment,mobile,9,0
9638,control,mobile,4,0
22760,treatment,mobile,6,0
4483,control,desktop,5,0
22640,treatment,mobile,6,0
21571,treatment,mobile,10,0
3916,control,desktop,6,0
3733,control,mobile,9,0
5694,control,mobile,13,0
1936,control,mobile,4,0
20967,treatment,mobile,1,0
6911,control,desktop,4,0
19527,treatment,desktop,14,0
10616,control,mobile,12,0
614,control,desktop,3,0
16912,treatment,desktop,12,0
21557,treatment,desktop,8,0
17313,treatment,mobile,12,0
2877,control,mobile,14,0
9512,control,desktop,11,0
21224,treatment,mobile,10,0
14078,treatment,desktop,11,0
11647,control,desktop,10,0
18845,treatment,mobile,5,0
4030,control,desktop,5,0
19050,treatment,desktop,9,0
19166,treatment,desktop,5,0
16340,treatment,mobile,6,0
10869,control,desktop,9,0
3387,control,mobile,7,0
3812,control,desktop,10,0
11926,control,mobile,5,0
4916,control,desktop,5,0
22068,treatment,desktop,3,0
18123,treatment,desktop,2,0
12125,treatment,desktop,1,0
20809,treatment,mobile,9,1
13269,treatment,mobile,9,0
9121,control,mobile,5,0
3545,control,mobile,3,0
7124,control,desktop,10,0
8610,control,desktop,11,0
18993,treatment,desktop,1,0
20292,treatment,mobile,13,0
21236,treatment,mobile,2,0
11962,control,mobile,8,0
15193,treatment,mobile,11,0
10128,control,desktop,13,0
1006,control,desktop,12,0
7533,control,desktop,14,0
21343,treatment,mobile,7,0
21007,treatment,mobile,8,1
22275,treatment,desktop,6,0
4187,control,mobile,2,0
22343,treatment,mobile,5,0
21293,treatment,desktop,11,0
12685,treatment,mobile,13,0
22340,treatment,mobile,10,0
12204,treatment,mobile,2,0
18915,treatment,mobile,2,0
14280,treatment,desktop,11,0
6281,control,desktop,12,0
6938,control,desktop,2,0
9953,control,desktop,6,0
6100,control,desktop,13,1
4804,control,mobile,6,0
5409,control,mobile,8,0
8866,control,mobile,1,0
16500,treatment,mobile,9,0
21100,treatment,desktop,13,0
206,control,mobile,7,0
12549,treatment,mobile,3,0
15443,treatment,desktop,4,0
14666,treatment,mobile,3,0
4383,control,desktop,10,0
1179,control,mobile,5,0
14775,treatment,desktop,5,0
8645,control,mobile,14,0
12452,treatment,mobile,4,0
8574,control,mobile,9,0
22346,treatment,mobile,12,0
3465,control,desktop,4,0
13987,treatment,mobile,8,0
11726,control,mobile,5,0
12339,treatment,desktop,10,0
14417,treatment,mobile,5,0
23944,treatment,mobile,9,0
19928,treatment,desktop,4,0
20358,treatment,mobile,11,0
10463,control,mobile,8,0
10717,control,mobile,5,1
4461,control,desktop,8,0
6913,control,mobile,13,0
8220,control,mobile,5,0
15820,treatment,mobile,14,0
8237,control,mobile,14,0
3735,control,mobile,3,0
10868,control,mobile,9,0
1202,control,mobile,11,0
14906,treatment,desktop,2,0
15512,treatment,mobile,2,0
8393,control,mobile,6,0
6682,control,mobile,8,0
673,control,mobile,10,0
5223,control,mobile,2,1
3050,control,desktop,1,0
13559,treatment,mobile,12,0
7093,control,desktop,1,0
5636,control,mobile,1,0
14245,treatment,desktop,5,0
16743,treatment,desktop,10,0
19374,treatment,mobile,10,0
7105,control,mobile,6,0
6328,control,mobile,13,0
22693,treatment,desktop,5,0
1015,control,mobile,2,0
8130,control,desktop,8,0
1646,control,mobile,7,0
8624,control,desktop,11,0
9515,control,mobile,7,0
16333,treatment,mobile,2,0
1048,control,desktop,2,0
12498,treatment,desktop,14,0
16300,treatment,mobile,8,0
8716,control,mobile,2,0
11479,control,desktop,5,1
8598,control,mobile,5,0
7461,control,mobile,12,0
8284,control,desktop,11,0
5458,control,desktop,3,0
3039,control,desktop,8,0
13916,treatment,desktop,11,0
12191,treatment,mobile,10,0
18126,treatment,mobile,4,0
19740,treatment,desktop,5,0
584,control,mobile,5,0
19377,treatment,desktop,1,1
1990,control,desktop,4,0
20019,treatment,mobile,2,0
15786,treatment,desktop,7,0
10223,control,desktop,12,0
10430,control,desktop,10,0
4755,control,desktop,3,1
19605,treatment,mobile,1,0
3113,control,desktop,6,0
22513,treatment,mobile,8,1
19200,treatment,mobile,5,0
22894,treatment,mobile,4,0
20554,treatment,mobile,3,0
8320,control,mobile,3,0
17157,treatment,mobile,9,0
16705,treatment,desktop,7,0
4785,control,mobile,4,0
12807,treatment,desktop,8,0
18179,treatment,mobile,12,0
12279,treatment,desktop,7,0
19356,treatment,desktop,12,0
19996,treatment,mobile,6,0
994,control,mobile,3,0
5837,control,mobile,6,0
18886,treatment,mobile,6,0
22444,treatment,desktop,11,0
12134,treatment,desktop,3,0
8724,control,mobile,1,0
11197,control,mobile,13,0
10862,control,desktop,11,0
16840,treatment,mobile,10,0
14890,treatment,desktop,8,0
6625,control,mobile,14,0
11433,control,mobile,8,0
7756,control,mobile,10,0
3569,control,mobile,3,0
9729,control,mobile,14,0
6832,control,mobile,6,0
10445,control,mobile,3,0
568,control,mobile,8,0
15907,treatment,desktop,9,0
21075,treatment,desktop,11,0
5069,control,mobile,2,0
21789,treatment,mobile,3,0
1575,control,mobile,7,0
21065,treatment,mobile,8,0
6259,control,mobile,12,0
5960,control,mobile,7,0
1701,control,desktop,12,0
9465,control,mobile,10,0
22438,treatment,mobile,12,1
1661,control,desktop,10,0
23213,treatment,mobile,2,0
142,control,mobile,3,0
17314,treatment,mobile,8,0
20180,treatment,mobile,11,0
13075,treatment,mobile,12,0
20022,treatment,desktop,9,0
11477,control,mobile,8,0
4469,control,desktop,4,0
1084,control,mobile,12,0
8171,control,desktop,13,0
4201,control,mobile,3,0
18584,treatment,desktop,12,0
12084,treatment,mobile,2,0
14106,treatment,desktop,3,0
18568,treatment,mobile,11,0
17595,treatment,desktop,1,0
23329,treatment,mobile,8,0
7132,control,mobile,13,0
243,control,mobile,11,0
14379,treatment,desktop,5,0
18850,treatment,mobile,11,0
7723,control,mobile,11,0
20046,treatment,desktop,6,0
7460,control,mobile,10,0
20826,treatment,desktop,10,0
8262,control,mobile,6,0
15636,treatment,desktop,12,0
12162,treatment,mobile,6,0
21300,treatment,mobile,10,0
20384,treatment,desktop,14,0
14706,treatment,mobile,3,0
1284,control,mobile,12,0
22977,treatment,desktop,13,0
12913,treatment,desktop,9,0
4338,control,mobile,8,0
1122,control,desktop,11,0
8274,control,mobile,5,0
21274,treatment,mobile,10,0
13698,treatment,desktop,7,0
6642,control,mobile,5,0
17786,treatment,mobile,1,0
2344,control,desktop,8,0
18782,treatment,desktop,11,0
4476,control,mobile,9,0
22466,treatment,mobile,3,0
24000,treatment,mobile,5,0
1484,control,desktop,11,0
21132,treatment,mobile,5,0
2998,control,mobile,9,0
3335,control,desktop,4,0
11625,control,mobile,1,1
12818,treatment,desktop,12,0
9466,control,desktop,5,0
22964,treatment,desktop,6,0
18313,treatment,mobile,6,0
11831,control,desktop,1,0
3717,control,desktop,10,0
8647,control,desktop,11,0
8049,control,desktop,8,0
17365,treatment,desktop,6,0
13640,treatment,mobile,5,0
7789,control,mobile,9,0
22536,treatment,mobile,12,0
6188,control,mobile,1,0
20766,treatment,mobile,8,0
16588,treatment,desktop,13,0
18253,treatment,mobile,12,0
1123,control,mobile,2,0
922,control,desktop,10,0
8226,control,mobile,5,0
19702,treatment,mobile,1,0
16976,treatment,mobile,7,0
1494,control,mobile,8,0
16088,treatment,mobile,5,0
7008,control,desktop,2,0
21542,treatment,mobile,11,0
8353,control,desktop,14,0
9257,control,mobile,5,0
2067,control,mobile,14,0
14033,treatment,mobile,12,0
6684,control,desktop,13,0
1527,control,desktop,5,0
14616,treatment,mobile,2,0
11785,control,desktop,14,0
10029,control,mobile,7,0
12142,treatment,mobile,1,0
21559,treatment,mobile,2,0
10389,control,desktop,12,0
1759,control,mobile,5,0
2714,control,mobile,10,0
8326,control,mobile,14,0
19949,treatment,mobile,7,0
5291,control,desktop,13,0
20131,treatment,mobile,5,0
1031,control,mobile,1,0
2383,control,mobile,9,0
11913,control,desktop,5,0
1508,control,mobile,11,0
13890,treatment,mobile,14,0
5550,control,mobile,2,0
22056,treatment,mobile,8,0
8251,control,desktop,11,0
8324,control,mobile,4,0
5753,control,mobile,1,0
15151,treatment,desktop,4,0
2363,control,desktop,5,0
17802,treatment,desktop,2,0
12235,treatment,mobile,10,0
13501,treatment,desktop,4,0
4721,control,mobile,14,0
20117,treatment,mobile,7,0
9336,control,desktop,1,0
10944,control,mobile,6,0
15810,treatment,desktop,1,0
4851,control,mobile,11,0
714,control,desktop,7,0
21444,treatment,desktop,4,0
19337,treatment,mobile,3,0
18414,treatment,desktop,2,1
11859,control,desktop,6,0
7942,control,mobile,11,0
23846,treatment,mobile,1,0
9497,control,mobile,5,0
10900,control,mobile,10,0
21904,treatment,desktop,6,0
1772,control,mobile,14,0
20593,treatment,mobile,2,0
20277,treatment,mobile,4,0
19526,treatment,mobile,2,0
20802,treatment,mobile,10,0
11218,control,desktop,10,0
20950,treatment,desktop,1,0
18812,treatment,mobile,9,0
662,control,mobile,12,0
12069,treatment,desktop,11,0
21421,treatment,mobile,12,0
6060,control,mobile,9,0
4328,control,mobile,9,0
6267,control,mobile,8,1
11928,control,desktop,8,0
23675,treatment,desktop,7,1
1460,control,desktop,1,0
2720,control,mobile,14,0
8317,control,mobile,4,0
5340,control,mobile,3,0
16000,treatment,desktop,3,0
21782,treatment,desktop,14,0
17835,treatment,desktop,13,0
11576,control,mobile,7,0
21206,treatment,desktop,6,0
22747,treatment,mobile,1,0
13177,treatment,mobile,10,1
3043,control,mobile,2,0
6607,control,mobile,11,0
23634,treatment,mobile,1,0
13073,treatment,mobile,13,0
10565,control,mobile,5,0
1631,control,mobile,10,0
5213,control,desktop,13,0
8414,control,mobile,4,0
20968,treatment,mobile,14,0
3859,control,desktop,6,0
15024,treatment,desktop,8,0
20598,treatment,mobile,1,1
106,control,mobile,3,0
525,control,mobile,7,0
23969,treatment,desktop,13,0
13087,treatment,mobile,7,0
13731,treatment,mobile,11,0
718,control,mobile,10,1
17893,treatment,mobile,10,0
9069,control,mobile,11,0
6338,control,desktop,11,0
14675,treatment,desktop,9,0
4477,control,desktop,7,0
1203,control,mobile,4,0
2836,control,desktop,8,0
21875,treatment,mobile,14,0
21731,treatment,mobile,3,0
5188,control,desktop,6,0
22673,treatment,desktop,7,0
20693,treatment,mobile,14,0
17637,treatment,desktop,7,0
15264,treatment,mobile,9,0
2769,control,mobile,12,0
3018,control,desktop,12,0
16187,treatment,mobile,1,0
14423,treatment,desktop,6,0
2784,control,desktop,9,0
13619,treatment,mobile,1,0
11903,control,desktop,11,0
7552,control,desktop,8,0
8111,control,desktop,5,0
14948,treatment,mobile,5,0
990,control,mobile,12,0
14074,treatment,desktop,11,0
8496,control,mobile,13,0
20475,treatment,desktop,3,0
10525,control,mobile,2,0
5838,control,mobile,8,0
16884,treatment,mobile,11,0
15126,treatment,desktop,13,1
6295,control,mobile,2,0
14776,treatment,mobile,11,0
21592,treatment,mobile,14,0
17532,treatment,desktop,7,0
11483,control,mobile,14,1
4316,control,mobile,3,0
5661,control,mobile,8,0
19389,treatment,mobile,3,0
4013,control,mobile,5,0
7335,control,mobile,3,0
20529,treatment,desktop,7,0
10848,control,mobile,2,0
17427,treatment,mobile,3,0
21564,treatment,desktop,3,0
6436,control,desktop,11,0
19631,treatment,desktop,3,0
12285,treatment,desktop,8,0
13935,treatment,mobile,12,0
13452,treatment,mobile,5,0
39,control,mobile,2,0
5999,control,desktop,9,1
7287,control,mobile,14,0
4373,control,mobile,11,0
2587,control,desktop,10,0
4119,control,desktop,9,0
7334,control,desktop,7,0
10327,control,mobile,4,0
14894,treatment,mobile,8,0
15946,treatment,desktop,4,0
2848,control,desktop,4,0
23319,treatment,mobile,1,0
2088,control,mobile,10,0
2206,control,mobile,13,0
23399,treatment,mobile,4,0
4459,control,mobile,4,0
11782,control,desktop,12,0
3604,control,mobile,6,0
7091,control,mobile,5,0
15721,treatment,mobile,1,1
5129,control,mobile,1,0
1685,control,mobile,10,0
14229,treatment,desktop,10,0
15333,treatment,desktop,9,0
16169,treatment,desktop,8,0
12272,treatment,mobile,14,0
10367,control,mobile,7,0
2710,control,mobile,10,0
14130,treatment,mobile,6,0
11404,control,mobile,8,0
14204,treatment,desktop,5,0
21570,treatment,desktop,6,0
13381,treatment,mobile,3,0
18111,treatment,mobile,14,0
22200,treatment,mobile,2,0
13112,treatment,mobile,2,0
20719,treatment,mobile,4,0
13188,treatment,mobile,4,0
1420,control,mobile,1,0
6198,control,mobile,14,0
18205,treatment,mobile,4,0
12248,treatment,mobile,14,0
17873,treatment,mobile,2,0
21135,treatment,mobile,7,0
7070,control,desktop,6,0
21547,treatment,mobile,11,0
8350,control,mobile,9,0
3225,control,desktop,4,0
18382,treatment,mobile,3,0
21629,treatment,mobile,12,0
20636,treatment,desktop,5,0
12942,treatment,mobile,6,0
7850,control,mobile,11,0
20234,treatment,mobile,2,0
14421,treatment,mobile,8,0
3999,control,mobile,7,0
19743,treatment,mobile,1,0
20295,treatment,desktop,13,0
18898,treatment,mobile,14,1
21606,treatment,mobile,12,0
1314,control,mobile,11,0
9805,control,mobile,12,0
22294,treatment,desktop,13,0
8604,control,mobile,3,0
11211,control,mobile,8,0
8761,control,mobile,14,1
22022,treatment,mobile,5,0
4138,control,desktop,13,0
8525,control,mobile,3,0
21505,treatment,mobile,1,0
21231,treatment,mobile,7,0
1874,control,mobile,7,0
6544,control,mobile,11,0
12664,treatment,desktop,14,0
7207,control,mobile,9,0
526,control,mobile,9,0
677,control,mobile,12,0
9139,control,desktop,1,0
15340,treatment,desktop,1,0
2244,control,desktop,9,0
18004,treatment,desktop,9,0
10248,control,desktop,13,0
12810,treatment,mobile,6,1
15155,treatment,desktop,1,0
3431,control,mobile,11,0
22323,treatment,mobile,8,0
1126,control,mobile,7,0
12970,treatment,mobile,11,0
13341,treatment,mobile,1,0
13927,treatment,desktop,3,0
16374,treatment,mobile,13,0
2548,control,mobile,10,0
4465,control,desktop,9,0
21140,treatment,desktop,5,1
12145,treatment,desktop,4,0
14138,treatment,mobile,9,1
22005,treatment,desktop,13,0
22542,treatment,mobile,3,0
1501,control,mobile,6,0
17987,treatment,mobile,13,0
20389,treatment,desktop,14,0
75,control,mobile,10,0
15769,treatment,desktop,2,0
8270,control,mobile,8,0
16066,treatment,mobile,10,0
20176,treatment,desktop,6,1
12593,treatment,desktop,11,0
2702,control,desktop,11,0
4108,control,mobile,11,0
20635,treatment,mobile,10,1
9999,control,mobile,13,0
22944,treatment,desktop,5,0
21515,treatment,desktop,4,0
14815,treatment,desktop,3,0
12869,treatment,mobile,8,0
10313,control,desktop,3,0
19066,treatment,desktop,4,0
5871,control,mobile,6,0
19048,treatment,mobile,1,0
1729,control,mobile,14,0
7072,control,mobile,13,0
9645,control,mobile,4,0
9216,control,mobile,14,1
18129,treatment,desktop,2,0
14465,treatment,mobile,14,0
3777,control,desktop,8,0
23884,treatment,desktop,10,0
19379,treatment,desktop,12,0
1223,control,desktop,2,0
21928,treatment,desktop,9,0
22408,treatment,desktop,3,0
13039,treatment,mobile,9,0
19822,treatment,desktop,4,0
5314,control,mobile,4,1
6933,control,desktop,5,0
22844,treatment,mobile,14,0
3453,control,desktop,9,0
889,control,mobile,3,0
20730,treatment,desktop,12,0
2678,control,mobile,6,0
15694,treatment,desktop,13,0
15628,treatment,mobile,1,0
14991,treatment,mobile,4,0
22311,treatment,desktop,3,0
14459,treatment,mobile,8,0
9692,control,mobile,7,0
21600,treatment,mobile,4,0
1834,control,desktop,8,0
21733,treatment,mobile,9,0
20969,treatment,mobile,8,0
18966,treatment,mobile,6,0
1198,control,mobile,11,0
9498,control,mobile,4,0
18901,treatment,desktop,12,0
1531,control,desktop,2,0
16236,treatment,mobile,9,0
2153,control,mobile,11,0
882,control,mobile,5,0
18466,treatment,mobile,4,0
20681,treatment,desktop,9,0
2448,control,desktop,7,0
765,control,mobile,12,0
15280,treatment,mobile,8,1
22656,treatment,desktop,9,0
11257,control,mobile,14,0
1802,control,desktop,9,0
266,control,mobile,13,0
9091,control,mobile,6,0
15834,treatment,desktop,3,0
6978,control,desktop,4,0
17776,treatment,desktop,8,1
16029,treatment,mobile,7,0
13670,treatment,desktop,9,0
4454,control,mobile,7,0
18810,treatment,mobile,5,0
1552,control,mobile,6,0
4242,control,mobile,8,0
1262,control,mobile,1,0
14536,treatment,mobile,8,0
17310,treatment,mobile,7,0
15658,treatment,desktop,3,0
23757,treatment,mobile,2,0
7477,control,mobile,14,0
5185,control,mobile,12,0
5851,control,mobile,8,0
8766,control,desktop,2,0
13658,treatment,desktop,14,0
14837,treatment,mobile,1,1
20075,treatment,mobile,8,0
16337,treatment,mobile,1,0
3055,control,desktop,14,0
3371,control,mobile,9,0
20509,treatment,mobile,8,0
13352,treatment,mobile,2,0
16119,treatment,mobile,12,0
6700,control,mobile,6,0
17384,treatment,desktop,5,0
3723,control,desktop,10,0
10193,control,mobile,10,0
6120,control,mobile,9,0
18393,treatment,mobile,3,0
18919,treatment,mobile,7,0
12803,treatment,desktop,1,0
15338,treatment,desktop,6,0
19028,treatment,desktop,1,0
23506,treatment,mobile,14,0
8084,control,mobile,10,0
6917,control,desktop,1,0
20947,treatment,desktop,5,0
1585,control,mobile,1,0
14477,treatment,desktop,11,0
10355,control,mobile,11,0
6976,control,mobile,11,0
10519,control,desktop,9,0
12738,treatment,mobile,3,1
1622,control,mobile,1,0
21503,treatment,desktop,13,0
13091,treatment,mobile,9,0
13792,treatment,mobile,7,0
17627,treatment,mobile,6,0
15495,treatment,mobile,5,0
10054,control,mobile,5,0
7610,control,desktop,1,0
20713,treatment,desktop,11,0
23276,treatment,desktop,3,0
8475,control,mobile,2,0
14990,treatment,desktop,4,0
1838,control,mobile,11,0
17447,treatment,mobile,13,0
19970,treatment,mobile,2,0
8215,control,desktop,14,0
23945,treatment,desktop,13,0
22029,treatment,desktop,1,0
5853,control,desktop,1,0
5461,control,mobile,8,0
6233,control,desktop,11,0
11748,control,mobile,13,0
17876,treatment,desktop,10,0
17647,treatment,desktop,13,0
12678,treatment,desktop,5,0
4788,control,desktop,7,0
15337,treatment,mobile,9,0
2849,control,mobile,10,0
6846,control,desktop,4,0
12346,treatment,desktop,2,0
5770,control,mobile,1,0
1305,control,mobile,14,1
1413,control,mobile,9,0
23781,treatment,desktop,5,0
21123,treatment,mobile,5,1
9733,control,desktop,6,1
6285,control,desktop,7,0
13607,treatment,desktop,14,0
17657,treatment,mobile,9,0
8005,control,mobile,5,0
2452,control,mobile,5,1
3515,control,mobile,14,0
12895,treatment,mobile,7,0
6296,control,desktop,12,0
14167,treatment,desktop,7,0
13268,treatment,mobile,4,0
23143,treatment,mobile,10,0
21061,treatment,mobile,3,1
22728,treatment,mobile,11,0
13677,treatment,mobile,4,0
15726,treatment,mobile,2,0
8309,control,desktop,3,0
7729,control,mobile,1,0
3822,control,mobile,5,0
20926,treatment,mobile,1,0
12864,treatment,mobile,12,0
7920,control,mobile,11,0
12133,treatment,mobile,8,0
18254,treatment,mobile,5,0
2461,control,mobile,1,1
19093,treatment,desktop,7,0
16676,treatment,desktop,5,1
2515,control,desktop,9,0
4663,control,mobile,5,0
21643,treatment,mobile,4,0
11999,control,desktop,6,0
5845,control,mobile,10,0
5099,control,desktop,10,0
17443,treatment,desktop,10,0
21636,treatment,mobile,6,0
2513,control,desktop,11,0
16006,treatment,desktop,9,1
9268,control,mobile,5,0
21640,treatment,mobile,10,0
8170,control,mobile,6,0
16697,treatment,mobile,11,0
768,control,mobile,8,0
7375,control,mobile,10,0
6255,control,desktop,1,0
3208,control,mobile,7,0
3501,control,mobile,9,0
7790,control,mobile,6,0
13358,treatment,mobile,3,0
15167,treatment,mobile,5,0
21351,treatment,desktop,12,0
6849,control,mobile,8,0
19238,treatment,mobile,7,0
5124,control,desktop,2,0
23684,treatment,mobile,13,0
10986,control,mobile,9,0
21436,treatment,mobile,10,0
10611,control,mobile,1,0
16252,treatment,mobile,5,0
22495,treatment,desktop,4,0
22870,treatment,desktop,1,0
3327,control,mobile,2,0
7052,control,mobile,7,0
14334,treatment,mobile,4,0
14397,treatment,mobile,13,0
7869,control,mobile,4,0
16994,treatment,mobile,4,0
22372,treatment,desktop,13,0
7288,control,desktop,3,0
15760,treatment,mobile,10,0
19084,treatment,desktop,4,0
6840,control,desktop,3,0
10185,control,mobile,6,0
16795,treatment,mobile,13,0
13465,treatment,mobile,4,0
10920,control,desktop,13,0
23697,treatment,mobile,10,0
6574,control,desktop,9,0
3407,control,mobile,6,0
3383,control,mobile,9,0
1286,control,mobile,7,0
193,control,mobile,10,0
1104,control,desktop,8,0
10045,control,mobile,8,1
8183,control,mobile,2,0
1960,control,mobile,10,0
21320,treatment,mobile,14,0
6115,control,desktop,1,0
4791,control,mobile,6,0
16930,treatment,mobile,9,0
6326,control,mobile,12,0
660,control,mobile,2,0
17625,treatment,desktop,10,0
23123,treatment,mobile,6,0
14720,treatment,desktop,6,0
6036,control,mobile,9,0
9130,control,mobile,2,0
2428,control,desktop,9,0
3472,control,mobile,4,0
16091,treatment,desktop,14,0
6752,control,mobile,4,0
15815,treatment,desktop,4,0
15809,treatment,mobile,6,0
21881,treatment,desktop,9,0
14393,treatment,desktop,6,0
1459,control,mobile,5,1
16703,treatment,mobile,8,0
4889,control,desktop,5,0
17980,treatment,mobile,11,0
11937,control,mobile,6,0
21387,treatment,desktop,11,0
2116,control,desktop,14,0
23154,treatment,desktop,3,0
9276,control,desktop,3,0
22906,treatment,desktop,3,0
19460,treatment,desktop,6,0
14350,treatment,mobile,2,0
17233,treatment,desktop,4,0
12039,treatment,desktop,2,0
17921,treatment,mobile,11,0
10516,control,mobile,12,0
20980,treatment,mobile,3,1
8204,control,desktop,8,0
11289,control,mobile,10,0
14653,treatment,mobile,13,0
10415,control,desktop,4,0
10832,control,mobile,5,0
10292,control,mobile,12,0
18333,treatment,desktop,5,0
4463,control,mobile,1,0
5979,control,mobile,13,0
9210,control,desktop,14,0
10556,control,desktop,6,0
4828,control,mobile,12,0
18770,treatment,desktop,1,0
1175,control,mobile,4,0
10467,control,desktop,6,0
4194,control,mobile,8,1
217,control,mobile,2,0
20553,treatment,mobile,5,0
870,control,desktop,3,0
1519,control,desktop,2,0
7865,control,desktop,1,0
10728,control,desktop,14,0
13214,treatment,desktop,3,0
9849,control,mobile,10,1
23202,treatment,desktop,4,0
10297,control,desktop,5,0
11756,control,desktop,2,0
11661,control,desktop,9,0
18720,treatment,mobile,3,0
20378,treatment,mobile,6,0
15987,treatment,mobile,9,0
19288,treatment,mobile,3,0
13325,treatment,mobile,11,0
15967,treatment,desktop,3,0
10487,control,mobile,11,0
1331,control,mobile,4,0
439,control,mobile,11,0
20754,treatment,mobile,13,0
1612,control,desktop,5,0
20282,treatment,mobile,3,0
8121,control,desktop,6,0
18851,treatment,desktop,6,0
6069,control,desktop,3,0
21047,treatment,desktop,12,0
6070,control,desktop,11,0
161,control,desktop,8,0
18475,treatment,mobile,2,0
15170,treatment,desktop,3,0
747,control,desktop,2,0
10694,control,desktop,11,0
7786,control,desktop,4,1
21288,treatment,mobile,2,1
23748,treatment,desktop,7,0
21958,treatment,desktop,5,0
18185,treatment,mobile,8,0
10317,control,mobile,14,0
1326,control,desktop,14,0
15623,treatment,desktop,10,0
20836,treatment,mobile,12,0
22049,treatment,desktop,7,0
12054,treatment,mobile,13,0
21244,treatment,mobile,14,0
13578,treatment,desktop,8,0
16129,treatment,mobile,10,0
13468,treatment,mobile,5,0
21334,treatment,mobile,6,0
15437,treatment,mobile,7,0
17853,treatment,mobile,2,0
19762,treatment,mobile,5,0
10422,control,desktop,5,0
12509,treatment,mobile,9,0
16668,treatment,mobile,3,0
15597,treatment,mobile,2,0
10991,control,desktop,4,0
4354,control,desktop,13,1
18653,treatment,mobile,9,0
4488,control,mobile,10,0
19280,treatment,desktop,13,0
20795,treatment,desktop,2,0
20823,treatment,desktop,1,0
7941,control,desktop,5,0
23122,treatment,mobile,9,0
20957,treatment,mobile,1,0
16524,treatment,desktop,5,0
20160,treatment,mobile,1,0
4726,control,desktop,5,0
8932,control,mobile,5,0
4508,control,desktop,9,0
22047,treatment,desktop,12,0
2073,control,desktop,1,0
22931,treatment,desktop,11,1
12988,treatment,mobile,11,0
12360,treatment,mobile,2,0
21256,treatment,mobile,10,0
10408,control,desktop,3,0
9618,control,mobile,9,0
17128,treatment,desktop,1,0
4073,control,desktop,2,0
18872,treatment,desktop,10,0
21281,treatment,mobile,5,0
22240,treatment,desktop,13,0
3068,control,mobile,5,0
3419,control,mobile,2,0
15669,treatment,desktop,10,0
9880,control,mobile,4,0
4576,control,mobile,11,0
13400,treatment,mobile,12,0
5551,control,desktop,1,0
1753,control,mobile,8,0
23265,treatment,desktop,7,0
14189,treatment,desktop,3,0
9674,control,desktop,14,0
21187,treatment,desktop,5,0
12201,treatment,mobile,10,0
21339,treatment,desktop,12,0
12533,treatment,mobile,5,0
20034,treatment,mobile,14,0
5232,control,mobile,1,0
15550,treatment,desktop,11,0
15345,treatment,desktop,12,0
18426,treatment,mobile,5,0
16510,treatment,desktop,7,0
20893,treatment,mobile,6,0
17327,treatment,mobile,5,0
1758,control,desktop,14,0
15718,treatment,mobile,9,0
1205,control,mobile,2,0
12634,treatment,mobile,14,0
13438,treatment,mobile,3,0
23378,treatment,mobile,8,0
8319,control,desktop,3,0
11594,control,desktop,14,0
6143,control,mobile,14,0
18008,treatment,desktop,4,1
18666,treatment,mobile,2,0
11696,control,mobile,10,0
20154,treatment,desktop,3,0
21060,treatment,desktop,11,1
8072,control,desktop,9,0
17572,treatment,mobile,14,0
1174,control,desktop,9,0
15999,treatment,mobile,3,0
3572,control,desktop,12,0
3434,control,mobile,5,0
10823,control,desktop,8,0
2801,control,mobile,2,0
11403,control,desktop,6,0
22773,treatment,mobile,7,0
11563,control,mobile,5,0
485,control,mobile,4,0
2777,control,desktop,5,0
13447,treatment,mobile,5,0
3747,control,desktop,7,0
19082,treatment,mobile,5,0
16527,treatment,mobile,6,0
18772,treatment,mobile,7,0
13149,treatment,mobile,13,0
9705,control,mobile,5,0
23219,treatment,mobile,3,0
20359,treatment,mobile,1,1
9693,control,mobile,5,0
2124,control,desktop,8,0
23967,treatment,mobile,11,0
14257,treatment,desktop,13,0
18807,treatment,desktop,13,0
19591,treatment,mobile,13,0
23111,treatment,desktop,13,0
4729,control,mobile,7,0
22516,treatment,mobile,2,0
13569,treatment,mobile,3,0
8760,control,desktop,4,0
411,control,mobile,3,0
3821,control,mobile,8,0
11721,control,mobile,2,0
4552,control,mobile,6,0
7606,control,desktop,12,0
3546,control,mobile,4,1
15423,treatment,desktop,6,0
4423,control,mobile,14,0
11845,control,mobile,7,0
4786,control,desktop,2,0
1744,control,mobile,2,0
14296,treatment,mobile,12,0
10131,control,desktop,9,0
3481,control,mobile,9,0
672,control,mobile,14,0
22367,treatment,desktop,11,0
1232,control,mobile,14,0
16867,treatment,mobile,4,0
14858,treatment,mobile,5,0
4718,control,desktop,1,0
14684,treatment,mobile,6,0
12910,treatment,desktop,2,0
6866,control,mobile,2,0
17251,treatment,mobile,8,0
8227,control,mobile,9,0
722,control,mobile,11,0
2676,control,desktop,13,0
834,control,mobile,1,0
17696,treatment,mobile,5,0
8913,control,mobile,3,0
16974,treatment,desktop,5,0
1926,control,mobile,14,0
14834,treatment,mobile,7,0
8622,control,mobile,11,0
4186,control,desktop,8,0
2812,control,desktop,11,0
4557,control,mobile,10,0
5201,control,mobile,12,0
20000,treatment,mobile,11,0
4728,control,desktop,8,0
7007,control,desktop,2,0
10259,control,desktop,6,0
9753,control,mobile,4,0
23941,treatment,desktop,6,0
3831,control,mobile,5,0
21105,treatment,mobile,1,0
21180,treatment,mobile,2,0
1778,control,desktop,14,0
4535,control,desktop,10,0
15942,treatment,desktop,11,0
5156,control,desktop,5,0
7543,control,mobile,12,0
19248,treatment,desktop,10,0
21185,treatment,mobile,14,0
21524,treatment,desktop,5,0
13040,treatment,mobile,5,1
2594,control,mobile,10,0
1813,control,mobile,12,0
11685,control,mobile,2,0
10746,control,desktop,2,0
21941,treatment,mobile,13,0
5726,control,desktop,7,0
12007,treatment,mobile,7,0
23334,treatment,mobile,9,0
15484,treatment,desktop,3,0
4279,control,mobile,1,0
8365,control,mobile,11,0
19432,treatment,mobile,7,1
16800,treatment,mobile,5,0
18681,treatment,desktop,8,0
7990,control,mobile,9,0
15284,treatment,desktop,8,0
17087,treatment,mobile,6,0
7671,control,mobile,11,0
15011,treatment,mobile,10,0
9246,control,mobile,8,0
19513,treatment,mobile,3,0
23971,treatment,mobile,7,0
12875,treatment,mobile,3,0
16692,treatment,desktop,11,0
12739,treatment,mobile,13,0
9625,control,mobile,9,0
20873,treatment,mobile,3,0
16838,treatment,desktop,2,0
12386,treatment,desktop,5,0
17752,treatment,mobile,12,0
9085,control,desktop,14,0
6552,control,desktop,5,0
3934,control,desktop,12,0
15619,treatment,mobile,12,0
13611,treatment,mobile,14,0
14624,treatment,desktop,2,0
4701,control,mobile,4,0
14831,treatment,mobile,1,0
6772,control,mobile,6,0
819,control,desktop,13,0
278,control,mobile,2,0
13743,treatment,mobile,13,0
19585,treatment,desktop,11,0
3369,control,mobile,7,0
20864,treatment,desktop,14,0
21165,treatment,desktop,8,0
7710,control,mobile,7,0
22768,treatment,mobile,12,0
15462,treatment,desktop,4,0
7030,control,desktop,9,1
3793,control,mobile,13,0
11421,control,mobile,2,0
10584,control,mobile,9,0
20068,treatment,desktop,2,0
6615,control,mobile,9,0
15673,treatment,mobile,12,0
19208,treatment,mobile,9,0
13605,treatment,mobile,4,0
17843,treatment,desktop,10,0
14014,treatment,mobile,14,0
5372,control,desktop,11,0
6892,control,desktop,12,0
4638,control,mobile,11,0
13913,treatment,desktop,2,0
16983,treatment,desktop,12,0
12157,treatment,mobile,11,0
19926,treatment,desktop,9,0
11452,control,mobile,2,0
20422,treatment,desktop,13,0
4968,control,mobile,2,0
15972,treatment,desktop,13,0
19967,treatment,mobile,12,0
5441,control,mobile,13,0
18161,treatment,mobile,3,0
7424,control,mobile,1,0
5973,control,mobile,13,0
19733,treatment,desktop,7,0
6773,control,desktop,8,0
5557,control,desktop,12,0
2037,control,desktop,13,0
18243,treatment,desktop,4,0
12451,treatment,mobile,5,0
6986,control,mobile,12,1
15265,treatment,desktop,8,0
1989,control,desktop,8,0
11992,control,mobile,3,0
22429,treatment,desktop,7,0
7234,control,mobile,12,0
3576,control,mobile,2,1
20438,treatment,mobile,11,0
5765,control,desktop,8,0
16870,treatment,desktop,11,0
9314,control,desktop,13,0
3192,control,mobile,6,0
22198,treatment,mobile,7,0
12303,treatment,mobile,2,0
20630,treatment,desktop,4,0
17650,treatment,mobile,6,0
4667,control,desktop,6,0
9741,control,mobile,8,0
9848,control,mobile,14,1
9593,control,desktop,9,0
6951,control,mobile,8,0
1819,control,desktop,12,0
1042,control,mobile,12,0
17927,treatment,desktop,5,0
4644,control,desktop,6,0
17826,treatment,desktop,5,0
9867,control,desktop,9,0
11792,control,desktop,7,0
6442,control,desktop,8,1
17001,treatment,mobile,12,0
11939,control,desktop,7,0
14910,treatment,mobile,7,0
11630,control,desktop,8,0
15608,treatment,mobile,9,0
15689,treatment,desktop,12,0
8064,control,mobile,2,1
21783,treatment,mobile,11,0
3628,control,desktop,7,0
3286,control,mobile,6,0
20651,treatment,mobile,4,0
17190,treatment,desktop,5,0
13561,treatment,mobile,11,0
18654,treatment,mobile,4,0
20970,treatment,mobile,3,0
15301,treatment,desktop,10,0
21026,treatment,mobile,12,0
23333,treatment,desktop,10,0
3862,control,mobile,5,0
23363,treatment,mobile,11,0
16279,treatment,desktop,11,0
22603,treatment,mobile,9,0
87,control,desktop,12,0
21432,treatment,desktop,4,0
3906,control,mobile,11,0
15572,treatment,mobile,5,0
9713,control,desktop,14,0
17476,treatment,desktop,1,0
11067,control,mobile,6,0
14589,treatment,mobile,4,0
12861,treatment,desktop,7,0
296,control,mobile,10,0
2670,control,desktop,9,0
23029,treatment,desktop,8,0
11001,control,desktop,1,0
6880,control,mobile,11,0
23149,treatment,mobile,6,0
8916,control,mobile,3,0
20276,treatment,desktop,13,0
6656,control,mobile,1,0
12581,treatment,desktop,11,0
11802,control,desktop,3,0
20880,treatment,mobile,8,0
7977,control,mobile,4,0
10462,control,mobile,12,0
18990,treatment,mobile,1,1
3993,control,mobile,2,0
2126,control,desktop,4,0
20052,treatment,desktop,3,0
17723,treatment,mobile,12,0
23107,treatment,mobile,5,0
21965,treatment,desktop,3,0
23875,treatment,desktop,12,0
12408,treatment,desktop,14,0
19768,treatment,mobile,5,0
23676,treatment,mobile,13,0
1794,control,desktop,12,0
14484,treatment,mobile,9,0
12120,treatment,desktop,1,1
6323,control,mobile,9,0
5162,control,mobile,9,0
20918,treatment,mobile,5,0
18860,treatment,desktop,9,0
18518,treatment,mobile,11,1
7273,control,mobile,1,0
10914,control,mobile,6,0
18879,treatment,mobile,11,0
5106,control,mobile,3,0
22936,treatment,mobile,2,0
17685,treatment,mobile,14,0
11722,control,desktop,2,0
8143,control,mobile,11,1
12786,treatment,mobile,4,0
16584,treatment,desktop,6,0
9402,control,mobile,12,0
9958,control,desktop,10,0
5561,control,mobile,13,0
9227,control,desktop,10,0
20122,treatment,desktop,9,0
19846,treatment,mobile,8,0
12017,treatment,mobile,6,0
20966,treatment,mobile,1,0
12046,treatment,desktop,14,0
5645,control,mobile,8,0
7238,control,mobile,9,0
20801,treatment,mobile,11,0
15238,treatment,desktop,6,0
18542,treatment,desktop,12,0
4636,control,desktop,11,0
11884,control,mobile,6,0
13630,treatment,desktop,14,0
1761,control,mobile,3,0
12871,treatment,mobile,10,0
20322,treatment,mobile,10,0
9345,control,mobile,11,0
4140,control,mobile,7,0
13466,treatment,mobile,12,0
17038,treatment,mobile,14,0
14556,treatment,desktop,1,0
3768,control,mobile,6,0
23690,treatment,desktop,10,0
12466,treatment,desktop,5,0
4711,control,mobile,9,0
809,control,mobile,10,0
204,control,desktop,8,0
9954,control,desktop,6,0
16548,treatment,mobile,6,0
21591,treatment,desktop,12,0
5028,control,mobile,14,0
13095,treatment,mobile,13,0
12447,treatment,mobile,7,0
15191,treatment,desktop,10,0
11400,control,mobile,7,0
14492,treatment,mobile,4,0
8201,control,desktop,8,0
19650,treatment,desktop,7,0
20733,treatment,mobile,1,1
8668,control,desktop,10,0
7826,control,mobile,9,0
23104,treatment,desktop,12,0
23891,treatment,desktop,5,0
13889,treatment,desktop,1,1
19294,treatment,desktop,9,0
22621,treatment,mobile,6,0
19100,treatment,desktop,3,0
7711,control,desktop,11,0
5901,control,mobile,3,1
14182,treatment,desktop,14,0
292,control,mobile,1,0
1554,control,mobile,4,0
20283,treatment,desktop,7,0
10945,control,mobile,14,0
14632,treatment,desktop,1,0
5172,control,desktop,12,1
19870,treatment,mobile,1,0
4979,control,desktop,5,0
20130,treatment,mobile,13,0
11119,control,mobile,2,0
16987,treatment,mobile,8,0
16702,treatment,desktop,1,0
9556,control,mobile,1,0
14914,treatment,mobile,10,0
1415,control,desktop,9,0
13260,treatment,mobile,2,0
15944,treatment,desktop,9,0
283,control,mobile,4,0
7017,control,mobile,9,0
3288,control,mobile,8,0
429,control,desktop,14,0
11881,control,mobile,1,0
15857,treatment,mobile,6,0
238,control,desktop,10,0
19681,treatment,mobile,8,0
19479,treatment,mobile,12,0
6451,control,mobile,7,0
20169,treatment,desktop,7,0
12484,treatment,desktop,14,0
12003,treatment,mobile,1,0
11655,control,mobile,14,1
9151,control,mobile,4,0
21742,treatment,mobile,6,0
22790,treatment,mobile,8,0
18159,treatment,mobile,5,0
22866,treatment,desktop,13,0
7467,control,mobile,11,0
17244,treatment,desktop,6,0
14785,treatment,desktop,3,0
12899,treatment,mobile,3,0
7362,control,mobile,8,0
8885,control,desktop,3,0
12362,treatment,desktop,5,0
9939,control,desktop,2,0
2003,control,desktop,3,0
6916,control,mobile,2,0
12904,treatment,desktop,10,1
22547,treatment,desktop,5,0
19244,treatment,mobile,8,0
6010,control,mobile,13,0
11079,control,desktop,7,0
8568,control,desktop,6,0
12615,treatment,mobile,2,0
13158,treatment,mobile,14,0
16613,treatment,desktop,7,0
19520,treatment,desktop,11,0
2707,control,desktop,11,0
22975,treatment,mobile,3,0
17768,treatment,mobile,14,0
5634,control,mobile,9,0
13858,treatment,mobile,2,0
14509,treatment,mobile,11,0
3183,control,mobile,14,0
11187,control,mobile,10,0
6473,control,desktop,6,0
23281,treatment,mobile,10,0
17963,treatment,mobile,10,0
2990,control,desktop,5,0
9565,control,mobile,12,0
17975,treatment,mobile,5,1
12845,treatment,mobile,9,0
4344,control,mobile,4,0
23055,treatment,mobile,6,0
3169,control,mobile,8,0
23230,treatment,mobile,12,0
20601,treatment,desktop,7,0
59,control,desktop,13,0
16346,treatment,desktop,1,0
6370,control,mobile,2,0
2187,control,desktop,1,0
758,control,mobile,14,0
16387,treatment,mobile,7,0
15176,treatment,mobile,4,0
14415,treatment,desktop,5,0
8739,control,mobile,5,0
10619,control,mobile,13,0
19043,treatment,desktop,12,0
1291,control,desktop,8,1
6566,control,mobile,5,0
3466,control,desktop,6,0
7103,control,mobile,14,0
4124,control,mobile,10,0
20644,treatment,desktop,9,0
23988,treatment,desktop,10,0
11728,control,desktop,13,0
15528,treatment,mobile,9,0
23718,treatment,desktop,13,0
21450,treatment,desktop,9,0
10318,control,mobile,12,0
9809,control,desktop,10,0
17941,treatment,desktop,1,0
6779,control,desktop,13,0
3054,control,desktop,3,0
1579,control,mobile,5,0
20423,treatment,mobile,11,0
2636,control,mobile,4,0
10161,control,desktop,11,0
14369,treatment,mobile,1,0
14024,treatment,mobile,12,0
16283,treatment,mobile,5,0
15132,treatment,mobile,2,0
5583,control,desktop,10,0
4293,control,desktop,4,0
9074,control,desktop,13,0
4250,control,mobile,9,0
23529,treatment,desktop,6,0
15836,treatment,desktop,4,0
5994,control,desktop,13,0
20398,treatment,mobile,8,0
22391,treatment,mobile,9,0
21487,treatment,mobile,14,0
6331,control,mobile,13,0
18285,treatment,mobile,3,0
18460,treatment,mobile,9,0
9737,control,mobile,3,0
13518,treatment,desktop,1,0
20016,treatment,desktop,8,0
11437,control,desktop,12,0
21616,treatment,desktop,9,0
23303,treatment,mobile,2,0
642,control,desktop,14,0
15113,treatment,mobile,12,0
19662,treatment,desktop,14,0
6634,control,desktop,2,0
6433,control,desktop,11,0
14244,treatment,desktop,11,0
6479,control,mobile,2,0
16128,treatment,desktop,14,0
5127,control,desktop,7,1
18217,treatment,mobile,9,0
5925,control,mobile,8,0
4101,control,desktop,2,0
5479,control,mobile,9,0
6623,control,mobile,6,0
22244,treatment,mobile,8,0
6608,control,mobile,8,0
16909,treatment,desktop,14,0
19024,treatment,desktop,11,0
22713,treatment,mobile,13,0
10481,control,mobile,5,0
20198,treatment,desktop,13,0
19680,treatment,mobile,12,0
20558,treatment,desktop,10,0
13834,treatment,mobile,14,0
9513,control,desktop,1,0
18589,treatment,mobile,14,0
17089,treatment,desktop,9,0
6135,control,mobile,11,0
90,control,mobile,3,0
15568,treatment,desktop,5,0
20643,treatment,mobile,2,0
2876,control,desktop,5,0
1406,control,desktop,10,0
4708,control,mobile,3,0
5872,control,desktop,3,0
3440,control,mobile,11,0
4541,control,mobile,6,0
3840,control,desktop,3,0
14355,treatment,desktop,8,0
6190,control,desktop,11,0
13953,treatment,desktop,2,0
18583,treatment,mobile,7,0
23196,treatment,mobile,11,0
9854,control,mobile,8,0
13172,treatment,mobile,10,0
22508,treatment,mobile,3,0
13287,treatment,desktop,14,0
12407,treatment,desktop,3,0
9004,control,mobile,13,0
11260,control,desktop,14,0
7804,control,desktop,9,0
7868,control,mobile,2,0
23830,treatment,desktop,12,1
1750,control,mobile,8,0
20549,treatment,mobile,13,0
6915,control,desktop,10,0
20537,treatment,desktop,8,0
8366,control,mobile,13,0
13538,treatment,mobile,8,0
18312,treatment,mobile,3,0
18470,treatment,mobile,12,0
16730,treatment,mobile,5,0
16051,treatment,desktop,2,0
17579,treatment,mobile,10,0
3929,control,desktop,1,0
3679,control,mobile,9,0
6903,control,desktop,10,0
1650,control,mobile,11,0
10817,control,desktop,13,0
4940,control,mobile,7,0
14096,treatment,mobile,14,0
16268,treatment,mobile,14,0
10117,control,mobile,2,0
7255,control,mobile,3,0
9915,control,mobile,10,0
21597,treatment,desktop,12,0
16420,treatment,desktop,10,0
6182,control,mobile,9,0
7328,control,mobile,14,0
23248,treatment,mobile,10,0
4238,control,desktop,10,0
5144,control,desktop,7,0
7428,control,mobile,12,0
9545,control,desktop,2,0
16763,treatment,mobile,14,0
9427,control,mobile,8,0
14945,treatment,mobile,8,0
23004,treatment,mobile,12,0
4617,control,desktop,1,0
23067,treatment,mobile,6,0
10458,control,mobile,8,0
14868,treatment,mobile,13,0
4347,control,desktop,3,0
9486,control,desktop,2,0
5911,control,mobile,9,0
8015,control,desktop,4,0
1814,control,desktop,10,0
4357,control,mobile,5,1
16163,treatment,desktop,12,0
3498,control,mobile,6,0
2267,control,mobile,10,0
8937,control,desktop,6,0
17681,treatment,mobile,9,0
4315,control,desktop,11,0
12532,treatment,desktop,2,0
2701,control,mobile,10,1
12337,treatment,mobile,11,0
12311,treatment,mobile,8,0
22830,treatment,mobile,14,0
7153,control,desktop,6,0
16653,treatment,desktop,10,0
9806,control,mobile,6,0
715,control,desktop,14,0
13857,treatment,mobile,14,0
13530,treatment,mobile,3,0
3035,control,desktop,4,0
7561,control,desktop,7,0
16030,treatment,mobile,9,0
13541,treatment,desktop,5,0
18601,treatment,desktop,12,0
3861,control,mobile,4,0
10999,control,mobile,8,0
2772,control,mobile,14,0
531,control,desktop,13,0
21352,treatment,desktop,13,0
5261,control,mobile,9,0
9141,control,mobile,2,0
1362,control,mobile,6,0
2516,control,mobile,13,1
18091,treatment,mobile,8,0
794,control,desktop,6,0
2806,control,desktop,10,0
4670,control,mobile,10,0
5763,control,mobile,14,0
11285,control,desktop,8,0
7284,control,desktop,1,0
2525,control,mobile,12,0
17722,treatment,mobile,3,0
13265,treatment,desktop,3,0
12158,treatment,desktop,13,0
14681,treatment,mobile,6,0
16084,treatment,desktop,12,0
12950,treatment,desktop,12,0
2346,control,mobile,1,0
17666,treatment,mobile,10,0
15956,treatment,mobile,3,0
23639,treatment,mobile,6,1
15102,treatment,desktop,2,0
2399,control,mobile,11,0
1769,control,mobile,14,0
5775,control,mobile,5,0
3147,control,mobile,8,0
8640,control,mobile,8,0
22706,treatment,mobile,10,0
14174,treatment,mobile,9,0
18947,treatment,mobile,8,1
8972,control,mobile,5,0
11369,control,mobile,8,0
11619,control,desktop,1,0
2735,control,mobile,1,0
8555,control,desktop,11,1
20252,treatment,mobile,13,0
15440,treatment,mobile,7,0
22315,treatment,desktop,14,0
15818,treatment,mobile,5,1
12919,treatment,desktop,4,0
18264,treatment,mobile,1,0
5101,control,mobile,8,1
14496,treatment,mobile,4,0
19871,treatment,desktop,3,0
5047,control,mobile,11,0
10449,control,mobile,10,0
20058,treatment,desktop,13,0
10872,control,desktop,9,0
5590,control,mobile,11,0
3945,control,mobile,12,0
9318,control,mobile,2,0
7079,control,mobile,5,0
15159,treatment,desktop,2,0
11775,control,desktop,6,0
13820,treatment,desktop,13,0
20844,treatment,desktop,13,0
989,control,mobile,8,0
8396,control,desktop,4,0
10423,control,desktop,1,0
1332,control,mobile,9,0
2552,control,desktop,11,0
18007,treatment,mobile,1,0
8368,control,desktop,9,0
4478,control,mobile,9,0
15378,treatment,desktop,8,0
760,control,desktop,7,0
23116,treatment,mobile,12,0
8662,control,desktop,1,0
9624,control,desktop,10,0
10153,control,desktop,14,0
23651,treatment,desktop,4,0
14231,treatment,mobile,12,0
9478,control,mobile,6,0
2097,control,mobile,13,0
9413,control,desktop,3,0
14017,treatment,mobile,10,0
924,control,desktop,1,0
6431,control,desktop,7,0
19894,treatment,mobile,1,0
8789,control,mobile,10,0
14362,treatment,mobile,5,0
21835,treatment,mobile,11,0
11670,control,desktop,7,1
20368,treatment,desktop,10,0
4037,control,mobile,11,0
19568,treatment,desktop,14,0
13414,treatment,mobile,12,0
16381,treatment,desktop,6,0
2150,control,desktop,8,0
1011,control,mobile,7,0
7442,control,desktop,6,0
13026,treatment,mobile,1,0
11462,control,desktop,7,0
18864,treatment,mobile,10,0
1299,control,mobile,14,0
16978,treatment,mobile,12,0
2681,control,desktop,14,0
9484,control,mobile,8,0
23548,treatment,desktop,11,0
20688,treatment,desktop,3,0
16083,treatment,mobile,4,0
3665,control,mobile,13,1
7907,control,desktop,4,0
8893,control,mobile,7,0
20744,treatment,mobile,3,0
1173,control,mobile,9,0
14622,treatment,mobile,6,0
8634,control,desktop,10,0
14840,treatment,mobile,10,0
8047,control,mobile,8,0
13174,treatment,mobile,4,0
15655,treatment,mobile,13,0
13421,treatment,mobile,10,0
19061,treatment,mobile,14,0
9587,control,mobile,13,0
9921,control,desktop,5,0
21908,treatment,mobile,7,0
4487,control,desktop,9,0
12496,treatment,mobile,7,0
5328,control,mobile,5,0
14254,treatment,desktop,14,0
16900,treatment,mobile,9,0
3345,control,mobile,3,0
8526,control,mobile,1,0
20494,treatment,mobile,3,0
11489,control,desktop,8,0
22183,treatment,mobile,1,0
12584,treatment,mobile,3,0
14470,treatment,mobile,2,0
828,control,desktop,13,0
17312,treatment,desktop,5,0
12541,treatment,mobile,5,0
15392,treatment,mobile,13,0
21324,treatment,mobile,1,0
9773,control,mobile,9,0
763,control,desktop,9,0
18124,treatment,mobile,5,0
245,control,mobile,14,0
3536,control,mobile,12,0
16592,treatment,desktop,11,0
21456,treatment,mobile,14,0
13813,treatment,mobile,7,1
8998,control,mobile,9,0
5470,control,mobile,4,0
20220,treatment,desktop,2,0
1110,control,mobile,5,0
20028,treatment,desktop,12,0
22251,treatment,mobile,3,0
4202,control,mobile,11,0
3612,control,mobile,1,0
6693,control,mobile,12,0
6761,control,mobile,3,0
22088,treatment,mobile,4,0
18724,treatment,mobile,8,1
20987,treatment,mobile,8,0
10511,control,mobile,2,0
3921,control,desktop,2,0
1485,control,desktop,6,0
12831,treatment,desktop,6,0
18067,treatment,mobile,9,0
23904,treatment,desktop,3,0
13179,treatment,desktop,8,0
7502,control,desktop,3,0
8141,control,desktop,12,0
14895,treatment,desktop,6,0
9636,control,mobile,7,0
17865,treatment,mobile,11,0
15923,treatment,desktop,2,0
3102,control,mobile,9,0
22685,treatment,mobile,14,0
23812,treatment,desktop,1,1
6128,control,desktop,7,0
1214,control,mobile,7,0
8922,control,mobile,4,0
8566,control,desktop,3,0
230,control,desktop,14,0
12951,treatment,mobile,11,0
19611,treatment,mobile,12,0
5357,control,mobile,7,0
12301,treatment,mobile,11,0
11261,control,mobile,13,0
1830,control,mobile,7,0
16826,treatment,mobile,9,0
12057,treatment,desktop,6,0
8385,control,mobile,13,0
12293,treatment,mobile,8,0
13693,treatment,mobile,1,0
14464,treatment,desktop,4,0
6183,control,mobile,4,1
20024,treatment,desktop,11,0
3172,control,mobile,14,0
4324,control,mobile,4,0
11449,control,desktop,1,0
15374,treatment,mobile,3,0
17354,treatment,mobile,9,1
20419,treatment,mobile,1,0
22539,treatment,desktop,2,0
905,control,desktop,6,0
11071,control,desktop,13,0
15158,treatment,desktop,4,0
22802,treatment,mobile,5,0
158,control,mobile,11,0
13831,treatment,desktop,4,0
16411,treatment,desktop,7,0
21345,treatment,desktop,10,0
10913,control,desktop,13,0
7181,control,desktop,1,0
11769,control,mobile,4,0
22163,treatment,mobile,10,0
2197,control,mobile,5,0
18338,treatment,mobile,9,0
21595,treatment,mobile,3,0
14287,treatment,mobile,11,0
18902,treatment,desktop,2,0
15684,treatment,mobile,12,0
11692,control,desktop,4,1
21429,treatment,desktop,3,0
13085,treatment,mobile,4,0
5451,control,desktop,9,0
3932,control,desktop,10,0
1934,control,mobile,5,1
18808,treatment,mobile,12,0
21091,treatment,mobile,4,0
5126,control,mobile,2,0
15505,treatment,mobile,2,0
16557,treatment,mobile,7,0
2924,control,mobile,5,0
1408,control,desktop,14,0
9819,control,mobile,9,0
15476,treatment,mobile,14,0
18216,treatment,mobile,5,0
16606,treatment,mobile,13,0
22285,treatment,desktop,3,0
8674,control,mobile,10,0
16147,treatment,desktop,4,0
7352,control,desktop,14,1
18097,treatment,desktop,2,0
20991,treatment,desktop,5,0
22845,treatment,mobile,9,0
23001,treatment,mobile,3,0
19251,treatment,mobile,1,0
713,control,mobile,6,0
19426,treatment,mobile,4,0
8382,control,mobile,7,0
8704,control,mobile,8,0
17048,treatment,desktop,4,0
10792,control,mobile,8,0
17779,treatment,desktop,12,0
16508,treatment,mobile,12,0
12777,treatment,desktop,3,1
492,control,mobile,12,0
22082,treatment,desktop,12,0
15296,treatment,mobile,7,0
20582,treatment,desktop,6,0
7831,control,desktop,6,0
22634,treatment,desktop,5,0
1666,control,mobile,1,0
11988,control,desktop,2,0
5132,control,mobile,10,0
9377,control,mobile,6,0
968,control,mobile,4,0
8990,control,mobile,5,1
9530,control,desktop,9,0
16135,treatment,desktop,6,0
3073,control,desktop,1,1
6484,control,mobile,10,0
20934,treatment,mobile,13,0
19191,treatment,desktop,13,0
19073,treatment,mobile,11,1
13132,treatment,desktop,8,0
21747,treatment,desktop,8,0
15962,treatment,desktop,2,1
5850,control,desktop,13,0
18410,treatment,mobile,9,0
8635,control,mobile,7,0
13362,treatment,mobile,6,0
4966,control,mobile,5,0
21568,treatment,desktop,2,0
1147,control,mobile,2,0
19018,treatment,mobile,8,0
13600,treatment,mobile,11,0
13263,treatment,desktop,1,0
23191,treatment,mobile,6,0
2842,control,mobile,1,0
4435,control,mobile,7,0
1093,control,mobile,4,0
10929,control,desktop,1,0
22203,treatment,mobile,13,0
20932,treatment,desktop,7,0
11993,control,mobile,1,0
12193,treatment,desktop,14,0
5324,control,desktop,10,0
16033,treatment,desktop,1,0
19051,treatment,mobile,6,0
17148,treatment,mobile,9,0
19158,treatment,desktop,3,0
22886,treatment,mobile,2,0
22884,treatment,desktop,10,0
1181,control,mobile,4,0
23061,treatment,desktop,7,0
13182,treatment,desktop,2,0
9044,control,desktop,8,0
21229,treatment,mobile,5,0
10042,control,mobile,7,0
2297,control,desktop,10,0
22193,treatment,mobile,1,0
20380,treatment,desktop,1,0
12088,treatment,mobile,5,0
11762,control,desktop,1,0
21645,treatment,mobile,7,0
5735,control,mobile,4,0
20910,treatment,desktop,9,0
14434,treatment,desktop,14,0
7266,control,desktop,13,0
6968,control,mobile,13,0
9095,control,mobile,1,0
7343,control,desktop,3,0
9339,control,mobile,2,0
23044,treatment,mobile,3,0
16661,treatment,desktop,12,0
23577,treatment,mobile,5,0
16379,treatment,desktop,5,0
2833,control,desktop,1,0
15950,treatment,mobile,12,0
15213,treatment,mobile,8,0
21430,treatment,mobile,10,0
14626,treatment,mobile,10,0
3390,control,mobile,14,1
19703,treatment,mobile,9,0
2625,control,mobile,6,0
18284,treatment,mobile,4,0
1134,control,desktop,9,0
14019,treatment,mobile,5,0
421,control,mobile,6,0
9012,control,mobile,6,0
6391,control,desktop,13,0
3802,control,desktop,6,0
22096,treatment,mobile,3,0
11167,control,mobile,9,0
17289,treatment,mobile,3,0
5322,control,mobile,1,0
9,control,mobile,12,0
20865,treatment,desktop,13,0
10207,control,mobile,4,0
16745,treatment,mobile,8,0
18739,treatment,desktop,11,0
2277,control,mobile,2,0
19368,treatment,desktop,13,0
3131,control,mobile,7,0
19789,treatment,desktop,4,0
7827,control,mobile,9,0
7129,control,mobile,5,0
4673,control,mobile,7,0
9236,control,desktop,3,0
1935,control,mobile,2,0
23402,treatment,desktop,9,0
41,control,mobile,13,0
10272,control,desktop,10,0
12247,treatment,desktop,9,0
21167,treatment,desktop,4,0
12043,treatment,mobile,10,0
11780,control,mobile,3,0
1615,control,mobile,9,0
4870,control,mobile,2,0
15916,treatment,mobile,3,0
3620,control,mobile,6,0
2314,control,mobile,12,0
1162,control,desktop,4,0
15736,treatment,mobile,14,1
19805,treatment,desktop,5,0
8446,control,mobile,9,0
10209,control,mobile,5,0
3762,control,desktop,13,0
6277,control,mobile,3,0
5389,control,desktop,5,0
7864,control,mobile,1,0
19247,treatment,mobile,6,0
4331,control,desktop,5,0
12432,treatment,desktop,6,0
22307,treatment,desktop,2,0
6366,control,desktop,11,0
18,control,mobile,9,0
4491,control,mobile,5,1
19365,treatment,mobile,14,0
10852,control,desktop,10,0
14800,treatment,mobile,13,0
2001,control,desktop,9,0
73,control,mobile,2,0
2403,control,mobile,6,0
14371,treatment,mobile,13,0
22273,treatment,desktop,4,1
23822,treatment,desktop,4,0
18792,treatment,desktop,7,0
23157,treatment,mobile,14,0
21013,treatment,desktop,1,0
16210,treatment,desktop,13,0
6859,control,mobile,6,0
22926,treatment,mobile,10,0
5337,control,desktop,9,0
4439,control,desktop,8,0
13494,treatment,desktop,7,0
15797,treatment,mobile,8,0
12751,treatment,mobile,12,0
7500,control,mobile,11,0
14516,treatment,mobile,5,0
20143,treatment,mobile,11,0
22239,treatment,mobile,9,0
14773,treatment,mobile,5,0
4058,control,mobile,5,0
6414,control,mobile,14,0
7575,control,desktop,14,0
2982,control,mobile,6,0
13664,treatment,desktop,11,0
19419,treatment,mobile,13,0
20602,treatment,desktop,6,0
13975,treatment,desktop,9,0
21917,treatment,mobile,7,0
22067,treatment,mobile,3,0
18324,treatment,desktop,1,0
2621,control,desktop,12,0
8670,control,desktop,4,0
13262,treatment,desktop,11,0
11384,control,mobile,13,0
5354,control,desktop,5,1
17929,treatment,mobile,13,0
10734,control,desktop,13,0
21660,treatment,mobile,1,0
23220,treatment,desktop,2,0
13629,treatment,mobile,9,0
9839,control,mobile,4,0
11063,control,desktop,12,0
19282,treatment,desktop,3,0
20613,treatment,desktop,6,0
11753,control,desktop,1,0
14782,treatment,desktop,13,0
20907,treatment,mobile,12,0
22308,treatment,desktop,6,0
16108,treatment,mobile,2,0
21807,treatment,mobile,4,0
1908,control,mobile,3,0
6133,control,mobile,9,0
4436,control,mobile,10,0
5413,control,desktop,12,1
14039,treatment,desktop,7,0
15605,treatment,mobile,4,0
11871,control,mobile,5,0
10815,control,mobile,11,0
17377,treatment,mobile,7,0
5436,control,mobile,6,0
21760,treatment,mobile,8,0
14731,treatment,mobile,11,1
19545,treatment,mobile,1,0
7766,control,mobile,2,0
15198,treatment,desktop,13,0
12787,treatment,desktop,8,0
192,control,desktop,1,0
8037,control,desktop,3,0
1768,control,mobile,1,0
9205,control,desktop,10,0
248,control,mobile,8,0
19786,treatment,mobile,5,0
13148,treatment,mobile,9,1
11126,control,mobile,2,0
5511,control,desktop,4,0
10965,control,desktop,8,0
10948,control,mobile,7,0
16711,treatment,mobile,7,0
17235,treatment,desktop,10,0
16723,treatment,desktop,13,0
23094,treatment,mobile,6,0
21751,treatment,mobile,5,0
8954,control,mobile,9,0
17717,treatment,desktop,2,0
23863,treatment,mobile,3,0
12366,treatment,mobile,12,1
10662,control,mobile,7,0
13551,treatment,mobile,13,0
15803,treatment,desktop,11,0
6546,control,desktop,14,0
13346,treatment,mobile,9,0
19704,treatment,desktop,2,0
9549,control,mobile,13,0
22272,treatment,mobile,12,0
1717,control,mobile,11,0
12015,treatment,desktop,5,0
17161,treatment,mobile,12,0
16888,treatment,desktop,3,0
20843,treatment,mobile,8,0
6390,control,desktop,12,0
22206,treatment,desktop,6,0
7720,control,mobile,3,0
7221,control,mobile,2,0
5319,control,desktop,11,0
5326,control,mobile,4,0
21191,treatment,mobile,8,0
10560,control,mobile,12,0
6568,control,desktop,3,0
11303,control,mobile,13,0
15738,treatment,mobile,6,0
18658,treatment,mobile,6,0
5539,control,mobile,9,0
19341,treatment,mobile,6,0
18142,treatment,desktop,8,0
22966,treatment,mobile,1,0
8059,control,mobile,3,0
15304,treatment,mobile,5,0
21586,treatment,mobile,6,0
15044,treatment,mobile,8,0
21142,treatment,mobile,12,0
12216,treatment,mobile,12,0
1425,control,mobile,9,0
13508,treatment,desktop,1,0
18656,treatment,mobile,1,0
3639,control,desktop,14,0
6782,control,desktop,2,0
20057,treatment,mobile,1,0
22755,treatment,mobile,6,0
22460,treatment,mobile,14,0
10146,control,mobile,8,0
16249,treatment,mobile,7,1
7014,control,desktop,1,0
2436,control,mobile,6,0
19604,treatment,desktop,4,0
12688,treatment,mobile,4,0
9746,control,desktop,11,0
4261,control,mobile,4,0
5959,control,mobile,8,0
4265,control,mobile,5,0
12090,treatment,mobile,3,1
7173,control,mobile,12,0
4686,control,desktop,3,0
22911,treatment,desktop,3,0
14004,treatment,mobile,10,0
16999,treatment,mobile,3,0
19087,treatment,mobile,2,0
16895,treatment,mobile,11,1
552,control,mobile,4,0
19738,treatment,desktop,1,0
3319,control,desktop,5,0
11469,control,mobile,7,0
416,control,desktop,6,0
21748,treatment,desktop,13,0
6727,control,mobile,6,0
7159,control,desktop,13,0
17317,treatment,mobile,9,0
12514,treatment,desktop,13,0
700,control,mobile,3,0
18445,treatment,mobile,14,0
12914,treatment,desktop,5,0
19296,treatment,mobile,5,0
15056,treatment,mobile,9,0
14951,treatment,desktop,4,0
18802,treatment,desktop,9,0
1160,control,mobile,4,0
16213,treatment,mobile,13,0
12854,treatment,desktop,6,0
22325,treatment,mobile,4,0
18485,treatment,mobile,8,0
9583,control,mobile,10,1
20548,treatment,mobile,14,0
1469,control,mobile,1,0
15123,treatment,desktop,13,0
18060,treatment,mobile,13,0
276,control,desktop,7,0
11169,control,mobile,7,0
9709,control,mobile,5,0
4758,control,mobile,7,0
7015,control,mobile,6,0
14808,treatment,mobile,2,0
11667,control,desktop,14,0
17070,treatment,mobile,2,0
13063,treatment,desktop,5,0
12917,treatment,desktop,12,0
240,control,mobile,6,0
6957,control,desktop,7,0
5873,control,mobile,2,0
14887,treatment,mobile,14,0
16738,treatment,mobile,6,0
21309,treatment,desktop,6,0
1577,control,desktop,4,0
16106,treatment,desktop,4,0
7436,control,mobile,6,0
8106,control,desktop,8,0
7722,control,mobile,3,0
10167,control,desktop,12,1
3398,control,desktop,13,0
10552,control,desktop,10,0
5402,control,mobile,2,0
15640,treatment,mobile,6,0
6118,control,desktop,6,0
21377,treatment,mobile,11,0
2648,control,desktop,10,1
22528,treatment,mobile,9,0
11566,control,mobile,10,0
10136,control,mobile,14,0
15203,treatment,mobile,2,0
13339,treatment,mobile,1,1
2738,control,mobile,5,0
19692,treatment,desktop,3,0
21199,treatment,mobile,1,0
23513,treatment,mobile,9,1
3028,control,mobile,7,0
23618,treatment,desktop,1,0
13603,treatment,mobile,5,0
18747,treatment,desktop,1,0
20943,treatment,desktop,7,0
1837,control,mobile,3,0
22410,treatment,mobile,12,0
4170,control,desktop,12,0
1888,control,desktop,13,0
10018,control,mobile,12,0
18462,treatment,mobile,3,0
17653,treatment,mobile,13,0
18453,treatment,mobile,8,0
20317,treatment,mobile,14,0
10404,control,mobile,3,0
8774,control,mobile,10,0
16531,treatment,desktop,12,0
16400,treatment,mobile,14,1
17434,treatment,desktop,2,0
6045,control,mobile,8,0
15209,treatment,mobile,11,0
19480,treatment,mobile,5,0
19384,treatment,mobile,11,0
2351,control,mobile,9,0
21233,treatment,mobile,2,1
2996,control,mobile,1,0
19059,treatment,mobile,4,0
10043,control,mobile,9,0
20711,treatment,mobile,14,0
14091,treatment,desktop,3,0
2985,control,mobile,6,0
11526,control,desktop,10,0
17867,treatment,mobile,7,0
12079,treatment,desktop,8,0
12830,treatment,desktop,7,0
16022,treatment,desktop,2,0
13481,treatment,desktop,1,0
152,control,desktop,2,0
18820,treatment,desktop,10,0
11038,control,mobile,3,0
5225,control,desktop,3,0
5910,control,mobile,3,0
5062,control,mobile,5,0
6577,control,mobile,8,0
9757,control,mobile,14,0
15412,treatment,mobile,12,0
13680,treatment,mobile,8,0
9866,control,desktop,8,0
6873,control,mobile,9,1
4407,control,mobile,2,0
13053,treatment,desktop,14,0
10628,control,desktop,9,0
8655,control,desktop,5,0
11839,control,mobile,2,0
8673,control,mobile,6,0
2770,control,desktop,10,0
5297,control,mobile,13,0
12430,treatment,desktop,1,0
3041,control,mobile,8,0
3210,control,mobile,6,0
16920,treatment,mobile,9,0
4445,control,mobile,12,0
7596,control,mobile,4,0
7140,control,mobile,8,0
12600,treatment,desktop,4,0
8485,control,mobile,3,0
17871,treatment,desktop,12,0
22580,treatment,desktop,1,0
18592,treatment,mobile,2,0
2856,control,desktop,13,0
23088,treatment,mobile,11,0
5787,control,desktop,14,0
18162,treatment,mobile,1,0
22397,treatment,desktop,2,0
15811,treatment,mobile,3,0
19346,treatment,desktop,5,0
10331,control,mobile,14,0
2659,control,desktop,5,0
7577,control,desktop,5,0
12794,treatment,desktop,5,0
20888,treatment,mobile,8,0
12267,treatment,mobile,3,0
17265,treatment,mobile,8,0
10447,control,mobile,5,0
8930,control,desktop,12,0
17108,treatment,mobile,4,0
18940,treatment,mobile,3,0
14489,treatment,mobile,6,0
1353,control,mobile,4,0
16949,treatment,mobile,11,0
8304,control,desktop,9,0
13003,treatment,desktop,3,0
15038,treatment,mobile,13,0
21141,treatment,mobile,4,0
5169,control,mobile,13,0
14274,treatment,mobile,2,0
18237,treatment,mobile,9,0
10659,control,mobile,7,0
20114,treatment,mobile,1,0
15980,treatment,desktop,14,0
23252,treatment,desktop,14,0
988,control,mobile,3,0
19571,treatment,desktop,12,0
11923,control,mobile,5,1
16604,treatment,mobile,6,0
17406,treatment,desktop,4,0
11096,control,mobile,5,0
23715,treatment,mobile,14,0
21607,treatment,mobile,6,0
11867,control,mobile,13,0
8377,control,desktop,5,0
3036,control,desktop,5,0
7482,control,mobile,13,0
8652,control,mobile,5,0
16047,treatment,desktop,14,0
10182,control,mobile,1,0
23756,treatment,desktop,1,0
10245,control,mobile,14,0
3996,control,mobile,10,0
21068,treatment,desktop,13,0
19254,treatment,desktop,8,0
1569,control,desktop,10,0
14483,treatment,mobile,14,0
16991,treatment,desktop,14,0
19625,treatment,mobile,6,0
755,control,mobile,11,0
12150,treatment,desktop,5,0
23721,treatment,mobile,4,0
3008,control,mobile,14,0
15061,treatment,mobile,5,0
3151,control,mobile,8,0
10465,control,mobile,8,0
19300,treatment,mobile,5,0
13093,treatment,mobile,3,0
14344,treatment,mobile,3,0
3973,control,desktop,5,0
8493,control,mobile,12,0
21260,treatment,mobile,4,0
19954,treatment,mobile,7,0
11337,control,desktop,8,0
9386,control,desktop,9,0
20814,treatment,desktop,4,0
7403,control,desktop,7,0
545,control,mobile,13,0
17739,treatment,mobile,13,0
10306,control,desktop,4,0
10766,control,mobile,1,1
22688,treatment,mobile,2,0
13788,treatment,mobile,13,0
18401,treatment,mobile,12,0
18509,treatment,mobile,3,0
17535,treatment,mobile,8,0
13272,treatment,mobile,14,0
9501,control,desktop,9,1
2275,control,desktop,14,0
10343,control,mobile,12,0
11601,control,mobile,7,0
16938,treatment,mobile,6,0
21016,treatment,mobile,6,0
18659,treatment,mobile,14,0
11624,control,mobile,14,0
4614,control,mobile,11,0
12838,treatment,desktop,12,0
9536,control,desktop,10,0
22960,treatment,desktop,3,0
22758,treatment,mobile,2,0
7584,control,desktop,7,0
23735,treatment,mobile,1,0
6121,control,desktop,7,0
7522,control,desktop,11,0
5664,control,mobile,10,0
14784,treatment,mobile,8,0
22192,treatment,mobile,5,0
11971,control,desktop,12,0
14308,treatment,mobile,12,0
8733,control,mobile,1,0
7107,control,mobile,3,0
18707,treatment,desktop,1,0
4978,control,mobile,1,0
3232,control,mobile,14,0
21271,treatment,mobile,9,1
7041,control,mobile,12,0
13790,treatment,desktop,12,0
1261,control,desktop,11,0
11860,control,desktop,1,0
8188,control,mobile,13,0
16127,treatment,mobile,8,0
21593,treatment,mobile,13,0
11238,control,desktop,11,0
17719,treatment,mobile,4,0
9104,control,mobile,3,1
5855,control,mobile,11,0
22306,treatment,mobile,12,0
17775,treatment,mobile,2,0
6104,control,mobile,4,0
20753,treatment,desktop,10,0
18809,treatment,desktop,5,0
23880,treatment,mobile,9,0
16866,treatment,desktop,13,0
2936,control,mobile,4,0
257,control,desktop,14,0
4550,control,desktop,7,0
6393,control,mobile,14,0
15348,treatment,mobile,2,0
14259,treatment,mobile,14,0
14172,treatment,mobile,13,0
19358,treatment,desktop,13,0
16984,treatment,mobile,7,0
20788,treatment,desktop,4,0
12927,treatment,desktop,1,0
18662,treatment,mobile,9,0
12713,treatment,desktop,9,0
19560,treatment,desktop,12,0
10010,control,mobile,13,0
12954,treatment,mobile,14,0
6704,control,desktop,8,0
21879,treatment,mobile,7,0
10658,control,desktop,14,0
11202,control,mobile,6,0
13978,treatment,mobile,11,0
21092,treatment,mobile,7,0
17709,treatment,mobile,3,0
18042,treatment,mobile,4,0
5029,control,desktop,11,0
10648,control,mobile,12,0
2808,control,mobile,3,0
14119,treatment,desktop,7,0
2523,control,desktop,8,0
5603,control,desktop,11,0
17844,treatment,desktop,1,0
1192,control,desktop,6,0
19182,treatment,desktop,6,0
8679,control,mobile,9,0
20339,treatment,desktop,14,0
13142,treatment,desktop,9,0
21192,treatment,mobile,13,0
9308,control,mobile,4,0
22630,treatment,mobile,6,0
15697,treatment,desktop,1,0
1564,control,desktop,2,0
16085,treatment,desktop,10,0
10020,control,mobile,14,0
837,control,mobile,2,0
5097,control,mobile,8,0
16407,treatment,mobile,4,0
20595,treatment,desktop,8,0
3397,control,mobile,8,0
452,control,desktop,8,0
9722,control,mobile,14,0
22126,treatment,desktop,1,0
11651,control,mobile,9,0
2630,control,mobile,2,0
11970,control,mobile,5,0
18423,treatment,mobile,3,0
6068,control,mobile,10,0
20466,treatment,mobile,2,0
19427,treatment,mobile,12,0
13936,treatment,desktop,9,0
5648,control,desktop,1,0
1419,control,mobile,4,0
8520,control,mobile,13,0
14328,treatment,mobile,11,0
9783,control,mobile,4,0
19524,treatment,desktop,6,0
23304,treatment,mobile,9,0
2160,control,mobile,6,0
1249,control,mobile,3,0
6361,control,mobile,14,0
7156,control,mobile,13,0
11949,control,mobile,13,0
16944,treatment,desktop,13,0
7299,control,mobile,7,0
3133,control,desktop,8,0
7515,control,desktop,13,0
15124,treatment,desktop,11,0
14271,treatment,mobile,12,0
7856,control,desktop,2,0
13737,treatment,mobile,7,0
14023,treatment,desktop,5,0
23385,treatment,desktop,13,1
22248,treatment,mobile,1,0
16550,treatment,mobile,12,0
974,control,mobile,13,0
3490,control,desktop,2,0
21424,treatment,mobile,6,0
2212,control,mobile,7,1
4442,control,mobile,7,0
5205,control,desktop,1,0
17868,treatment,desktop,14,0
15428,treatment,mobile,6,0
23098,treatment,mobile,13,0
304,control,mobile,3,0
2144,control,mobile,11,0
14485,treatment,mobile,2,0
21690,treatment,mobile,1,0
16820,treatment,desktop,5,0
10333,control,mobile,9,0
18650,treatment,desktop,7,0
7885,control,desktop,12,0
447,control,desktop,6,0
15693,treatment,mobile,12,1
9947,control,desktop,6,0
11383,control,mobile,11,0
22955,treatment,desktop,13,1
20704,treatment,mobile,4,0
9082,control,mobile,5,0
8021,control,mobile,4,0
5207,control,desktop,2,0
22649,treatment,mobile,2,0
9527,control,mobile,6,0
9162,control,mobile,9,0
22319,treatment,desktop,12,0
19123,treatment,mobile,14,0
4696,control,desktop,3,0
17318,treatment,mobile,9,0
17787,treatment,mobile,13,0
23200,treatment,desktop,5,0
13547,treatment,mobile,10,0
6747,control,mobile,10,0
13963,treatment,desktop,9,0
17679,treatment,desktop,1,0
3124,control,mobile,8,0
3363,control,desktop,3,0
5963,control,desktop,12,0
22227,treatment,mobile,8,0
17223,treatment,desktop,4,0
11052,control,mobile,6,0
11966,control,desktop,7,0
13131,treatment,mobile,4,0
13156,treatment,desktop,10,0
9094,control,mobile,10,0
18343,treatment,mobile,2,0
12518,treatment,mobile,8,0
16998,treatment,desktop,12,0
4320,control,mobile,3,0
1867,control,desktop,13,0
12052,treatment,mobile,7,0
20982,treatment,mobile,12,0
19951,treatment,desktop,2,0
2929,control,desktop,8,0
5239,control,desktop,13,0
23785,treatment,mobile,14,0
479,control,mobile,6,0
8938,control,desktop,6,0
20382,treatment,desktop,7,0
10887,control,mobile,9,0
8745,control,mobile,1,0
17425,treatment,mobile,5,0
6842,control,desktop,10,0
15757,treatment,mobile,9,0
3564,control,desktop,13,0
10160,control,mobile,9,0
3567,control,desktop,13,0
22556,treatment,mobile,10,0
23229,treatment,mobile,14,0
18484,treatment,desktop,4,1
21684,treatment,mobile,8,0
3651,control,mobile,4,0
15750,treatment,desktop,14,0
10882,control,mobile,12,0
18766,treatment,mobile,12,0
23719,treatment,mobile,12,0
1233,control,mobile,12,0
23527,treatment,desktop,10,0
21507,treatment,desktop,5,0
22865,treatment,desktop,7,0
8187,control,mobile,1,0
19796,treatment,mobile,2,0
19498,treatment,mobile,10,0
21535,treatment,mobile,7,0
11173,control,mobile,7,0
11515,control,desktop,8,0
6538,control,mobile,7,0
5958,control,mobile,10,0
8787,control,mobile,3,0
7650,control,desktop,7,0
9798,control,mobile,2,0
22664,treatment,desktop,13,0
15919,treatment,mobile,14,0
4633,control,mobile,10,0
15187,treatment,mobile,6,0
8858,control,desktop,1,0
14375,treatment,mobile,3,0
17487,treatment,desktop,6,0
4842,control,desktop,9,0
4745,control,mobile,11,0
15433,treatment,mobile,3,0
23434,treatment,desktop,6,0
18698,treatment,desktop,8,0
1816,control,desktop,10,0
23392,treatment,mobile,9,0
4171,control,mobile,1,0
407,control,desktop,4,0
8374,control,mobile,7,0
10571,control,desktop,14,0
4377,control,desktop,1,0
15488,treatment,mobile,3,0
12454,treatment,mobile,2,0
13697,treatment,desktop,10,0
12020,treatment,mobile,9,0
3411,control,mobile,3,0
18576,treatment,mobile,3,0
20150,treatment,mobile,12,0
23786,treatment,mobile,3,0
15405,treatment,mobile,7,0
11608,control,desktop,7,0
12614,treatment,mobile,5,0
7899,control,mobile,14,1
832,control,desktop,3,0
939,control,desktop,9,0
7504,control,mobile,3,0
12429,treatment,mobile,8,0
4969,control,desktop,9,0
5256,control,mobile,13,0
18882,treatment,desktop,11,0
15136,treatment,mobile,5,0
4862,control,mobile,14,1
14399,treatment,desktop,5,0
3914,control,mobile,9,0
16053,treatment,desktop,6,0
6360,control,desktop,4,0
14373,treatment,desktop,6,0
688,control,desktop,5,0
20627,treatment,mobile,2,0
11677,control,mobile,13,0
5139,control,mobile,7,0
12920,treatment,desktop,10,0
8499,control,desktop,10,0
1474,control,desktop,14,0
2488,control,mobile,2,0
23911,treatment,mobile,8,0
1421,control,mobile,11,0
14553,treatment,mobile,13,0
1403,control,desktop,8,0
4777,control,mobile,6,0
11613,control,mobile,9,0
14689,treatment,desktop,14,0
13971,treatment,mobile,13,0
3613,control,mobile,2,0
15620,treatment,mobile,4,1
4049,control,mobile,10,0
7747,control,desktop,9,0
15903,treatment,mobile,14,0
18456,treatment,mobile,12,0
9523,control,mobile,13,1
3338,control,desktop,14,0
12668,treatment,desktop,13,0
20691,treatment,mobile,7,0
2798,control,mobile,14,0
2437,control,mobile,7,0
15188,treatment,mobile,10,0
15886,treatment,desktop,14,0
21828,treatment,mobile,5,0
15567,treatment,mobile,3,0
8110,control,mobile,8,0
8750,control,mobile,1,0
7096,control,desktop,9,0
971,control,desktop,2,1
17191,treatment,mobile,2,0
23595,treatment,desktop,6,0
2152,control,desktop,11,0
16756,treatment,mobile,13,0
7594,control,mobile,9,0
16506,treatment,mobile,3,0
2210,control,desktop,8,0
17503,treatment,mobile,5,0
15309,treatment,desktop,13,0
6271,control,mobile,1,0
3441,control,desktop,6,0
20634,treatment,desktop,9,0
15551,treatment,desktop,13,0
15650,treatment,mobile,5,0
12617,treatment,mobile,1,0
18732,treatment,mobile,4,0
10614,control,mobile,4,0
2868,control,desktop,7,0
4806,control,mobile,9,0
11154,control,mobile,5,0
15225,treatment,mobile,12,0
21709,treatment,mobile,3,0
13751,treatment,mobile,8,0
3107,control,mobile,6,0
11206,control,desktop,13,0
7912,control,desktop,8,0
3868,control,desktop,7,0
5861,control,mobile,5,0
14195,treatment,desktop,1,0
9580,control,desktop,6,1
21411,treatment,desktop,8,0
12911,treatment,mobile,7,1
10536,control,mobile,3,0
8334,control,mobile,5,0
7021,control,mobile,12,0
19575,treatment,desktop,8,0
15890,treatment,mobile,13,0
5245,control,desktop,3,0
2607,control,mobile,6,0
13019,treatment,desktop,13,0
16537,treatment,desktop,8,0
5660,control,mobile,4,0
21367,treatment,desktop,14,0
21406,treatment,desktop,10,1
14261,treatment,mobile,3,0
4599,control,desktop,3,0
10960,control,mobile,4,0
8077,control,mobile,8,0
12116,treatment,mobile,12,0
850,control,mobile,7,0
14846,treatment,desktop,5,0
3111,control,mobile,11,0
8349,control,mobile,10,0
1517,control,mobile,4,0
8725,control,desktop,7,0
19473,treatment,mobile,9,0
9367,control,mobile,11,0
540,control,desktop,1,0
20981,treatment,desktop,4,0
11960,control,mobile,2,0
782,control,desktop,5,0
1535,control,desktop,7,0
20650,treatment,mobile,11,0
9673,control,desktop,2,0
16207,treatment,mobile,13,0
14679,treatment,desktop,1,0
12881,treatment,desktop,10,0
13542,treatment,mobile,11,0
13784,treatment,desktop,12,0
5815,control,mobile,1,0
16898,treatment,desktop,6,1
2222,control,mobile,13,0
19012,treatment,mobile,7,0
23810,treatment,mobile,13,0
4348,control,mobile,4,0
14404,treatment,desktop,14,0
17364,treatment,desktop,10,0
10579,control,mobile,3,0
7038,control,desktop,6,0
16416,treatment,mobile,12,0
1212,control,desktop,11,0
16115,treatment,desktop,1,0
13213,treatment,desktop,8,0
18303,treatment,desktop,2,0
18618,treatment,mobile,1,0
23849,treatment,desktop,5,0
18544,treatment,desktop,13,0
21988,treatment,mobile,11,0
20701,treatment,desktop,1,1
17958,treatment,mobile,4,0
4321,control,mobile,2,0
1351,control,mobile,9,0
19008,treatment,desktop,11,0
12504,treatment,mobile,3,0
14241,treatment,mobile,4,0
9655,control,mobile,13,0
11062,control,desktop,12,0
5564,control,desktop,9,0
5197,control,desktop,2,0
4216,control,desktop,2,0
13922,treatment,mobile,1,0
12460,treatment,mobile,14,0
16599,treatment,desktop,14,0
10654,control,mobile,14,0
12009,treatment,mobile,1,0
19994,treatment,mobile,6,0
12602,treatment,mobile,9,0
4247,control,mobile,11,0
8172,control,mobile,2,0
8033,control,mobile,10,0
5727,control,mobile,10,0
20118,treatment,desktop,3,0
10692,control,mobile,12,0
8558,control,mobile,7,0
20738,treatment,desktop,2,0
13967,treatment,mobile,2,0
21999,treatment,desktop,13,0
11401,control,mobile,8,0
6405,control,desktop,7,0
20692,treatment,desktop,12,0
15127,treatment,mobile,8,0
6040,control,mobile,5,0
20293,treatment,desktop,13,0
14856,treatment,mobile,7,0
6836,control,desktop,14,0
7802,control,mobile,6,0
21325,treatment,mobile,8,0
8222,control,mobile,13,0
6868,control,mobile,4,0
8281,control,mobile,9,0
7406,control,mobile,2,0
23617,treatment,desktop,2,0
8402,control,desktop,1,0
23089,treatment,desktop,10,0
18437,treatment,mobile,9,0
4764,control,desktop,2,0
7874,control,mobile,9,0
2984,control,mobile,11,0
2366,control,mobile,9,0
19997,treatment,desktop,4,0
21435,treatment,desktop,7,1
6869,control,desktop,8,0
18102,treatment,mobile,11,0
2971,control,mobile,5,0
7139,control,mobile,11,0
6977,control,mobile,9,1
8142,control,mobile,1,0
17305,treatment,desktop,2,0
9405,control,desktop,13,0
156,control,mobile,7,0
18224,treatment,desktop,5,0
20784,treatment,desktop,7,0
6043,control,mobile,1,0
12005,treatment,mobile,7,0
9306,control,mobile,10,0
5892,control,desktop,13,0
2149,control,mobile,11,0
4351,control,mobile,4,0
4317,control,mobile,13,0
8817,control,mobile,12,0
2010,control,mobile,5,0
22562,treatment,mobile,10,0
11442,control,mobile,6,0
22667,treatment,desktop,6,0
22753,treatment,mobile,11,0
5818,control,desktop,3,0
16872,treatment,mobile,10,1
10761,control,desktop,3,0
20,control,mobile,3,0
15887,treatment,mobile,5,0
20089,treatment,desktop,6,0
10038,control,mobile,9,0
9032,control,mobile,8,0
8958,control,desktop,2,0
4945,control,mobile,1,0
13246,treatment,mobile,5,0
2541,control,mobile,2,0
6363,control,mobile,2,0
4811,control,mobile,4,0
3941,control,desktop,8,0
16424,treatment,mobile,3,1
1881,control,mobile,3,0
2450,control,mobile,10,0
10916,control,mobile,9,0
18281,treatment,mobile,13,0
13057,treatment,desktop,14,0
15189,treatment,desktop,8,0
17027,treatment,mobile,3,0
18010,treatment,mobile,6,0
23438,treatment,desktop,9,0
11110,control,mobile,7,1
15316,treatment,desktop,2,0
17040,treatment,mobile,9,0
23166,treatment,desktop,1,0
22071,treatment,mobile,5,0
21054,treatment,mobile,8,0
2135,control,mobile,14,0
18263,treatment,mobile,11,0
12071,treatment,mobile,10,0
20244,treatment,mobile,4,0
21160,treatment,mobile,11,0
18348,treatment,desktop,6,0
7264,control,mobile,6,0
9944,control,mobile,10,0
21455,treatment,mobile,10,0
16299,treatment,mobile,6,0
12619,treatment,mobile,7,0
19506,treatment,mobile,7,0
18061,treatment,mobile,6,0
3593,control,mobile,13,0
4096,control,desktop,9,0
18052,treatment,mobile,8,0
10065,control,desktop,3,0
4533,control,mobile,11,0
10106,control,desktop,3,0
22837,treatment,desktop,2,1
11767,control,desktop,4,0
15850,treatment,mobile,4,0
23546,treatment,mobile,10,1
3846,control,mobile,8,0
7794,control,mobile,4,0
15994,treatment,mobile,7,1
2654,control,desktop,4,0
4356,control,mobile,10,0
2762,control,mobile,7,0
23376,treatment,desktop,5,0
12095,treatment,desktop,3,0
18413,treatment,desktop,3,0
22774,treatment,mobile,5,1
16189,treatment,desktop,8,0
8649,control,mobile,4,0
7663,control,mobile,12,0
21336,treatment,desktop,11,0
21333,treatment,mobile,11,1
10745,control,desktop,4,0
22876,treatment,mobile,2,0
16180,treatment,mobile,5,0
1682,control,mobile,8,0
20714,treatment,desktop,6,0
18428,treatment,desktop,13,0
21398,treatment,mobile,6,0
14685,treatment,desktop,1,0
14759,treatment,desktop,6,0
9311,control,mobile,12,0
20037,treatment,desktop,13,0
986,control,mobile,8,0
23454,treatment,mobile,13,0
6377,control,mobile,2,0
7765,control,desktop,10,0
4927,control,mobile,10,0
1090,control,mobile,8,0
5115,control,mobile,9,0
16489,treatment,desktop,3,0
18616,treatment,mobile,10,0
2944,control,desktop,12,0
10157,control,mobile,1,0
10908,control,desktop,6,0
19788,treatment,mobile,9,0
17459,treatment,desktop,4,0
3158,control,mobile,4,0
3297,control,mobile,11,0
6309,control,desktop,12,0
5546,control,mobile,6,0
5631,control,mobile,2,0
18632,treatment,desktop,5,0
19260,treatment,desktop,1,0
8185,control,mobile,12,0
511,control,desktop,2,0
4382,control,mobile,2,0
14268,treatment,mobile,14,0
10220,control,mobile,11,0
853,control,mobile,8,0
1018,control,mobile,14,0
17831,treatment,mobile,4,0
16571,treatment,mobile,8,0
21002,treatment,desktop,2,0
16642,treatment,desktop,9,0
19128,treatment,mobile,8,0
23011,treatment,mobile,13,0
15813,treatment,mobile,2,0
5813,control,mobile,8,0
5070,control,desktop,5,1
20138,treatment,mobile,12,0
19539,treatment,mobile,8,0
13449,treatment,desktop,3,0
19895,treatment,mobile,7,0
22742,treatment,desktop,12,0
12383,treatment,mobile,7,0
7012,control,desktop,14,0
290,control,desktop,6,0
661,control,mobile,12,0
11375,control,mobile,6,0
3281,control,desktop,13,0
11499,control,desktop,8,0
212,control,mobile,3,0
9274,control,desktop,6,0
9529,control,mobile,2,0
6795,control,mobile,9,0
19986,treatment,desktop,13,0
7182,control,desktop,1,0
2926,control,desktop,2,0
9585,control,mobile,12,0
14639,treatment,mobile,13,0
5949,control,desktop,13,0
8157,control,desktop,3,0
1775,control,mobile,2,0
8078,control,mobile,1,0
5869,control,mobile,6,0
4088,control,mobile,14,0
3710,control,mobile,11,1
17704,treatment,mobile,9,0
15542,treatment,mobile,5,0
16131,treatment,desktop,10,0
20851,treatment,desktop,6,0
13281,treatment,mobile,3,0
10635,control,mobile,14,0
7844,control,mobile,7,0
20080,treatment,desktop,12,0
20677,treatment,mobile,13,0
18625,treatment,mobile,8,0
17396,treatment,desktop,7,1
6088,control,desktop,7,0
13251,treatment,mobile,5,0
12307,treatment,mobile,10,1
9123,control,mobile,7,0
21115,treatment,desktop,11,0
7303,control,mobile,3,0
38,control,mobile,3,0
1130,control,mobile,8,1
4923,control,mobile,13,0
7725,control,mobile,10,0
14640,treatment,mobile,3,0
9907,control,desktop,11,0
19608,treatment,mobile,1,0
12865,treatment,desktop,9,0
10385,control,mobile,5,0
668,control,mobile,5,0
21237,treatment,desktop,1,0
6803,control,mobile,1,0
3066,control,desktop,6,0
13395,treatment,mobile,4,0
23717,treatment,mobile,12,0
18657,treatment,desktop,13,0
2231,control,mobile,12,0
23039,treatment,mobile,5,0
513,control,mobile,4,0
22979,treatment,mobile,12,0
15971,treatment,desktop,6,0
13846,treatment,mobile,14,0
18963,treatment,mobile,11,0
20328,treatment,mobile,6,1
5113,control,mobile,4,0
19007,treatment,desktop,5,0
14725,treatment,mobile,13,0
16602,treatment,mobile,2,0
11634,control,desktop,2,0
2857,control,mobile,7,0
15397,treatment,desktop,1,0
14002,treatment,desktop,11,0
12105,treatment,mobile,12,0
17534,treatment,mobile,1,0
11833,control,mobile,13,0
11243,control,desktop,13,0
7421,control,mobile,8,0
18504,treatment,mobile,9,0
6288,control,mobile,5,0
10661,control,mobile,6,0
4737,control,desktop,12,0
10016,control,desktop,8,0
2113,control,mobile,7,0
4545,control,desktop,3,0
3816,control,mobile,1,0
5316,control,mobile,8,0
15723,treatment,mobile,9,0
6999,control,desktop,5,0
20803,treatment,desktop,4,0
20215,treatment,desktop,4,0
10365,control,mobile,9,0
18761,treatment,mobile,10,0
4742,control,desktop,10,0
12262,treatment,mobile,14,0
10006,control,desktop,2,0
11628,control,mobile,3,0
13175,treatment,mobile,6,0
16303,treatment,desktop,1,0
5098,control,mobile,11,1
18785,treatment,mobile,2,0
21043,treatment,mobile,5,0
273,control,mobile,7,0
8039,control,mobile,6,0
2981,control,mobile,12,0
20775,treatment,mobile,14,0
15651,treatment,mobile,2,0
4335,control,desktop,9,0
6322,control,desktop,14,0
14430,treatment,mobile,12,0
19637,treatment,desktop,12,0
4591,control,mobile,14,0
23957,treatment,mobile,14,0
18521,treatment,desktop,1,0
4489,control,mobile,8,0
21992,treatment,mobile,12,0
2959,control,desktop,2,0
10737,control,desktop,9,0
15961,treatment,desktop,9,0
11512,control,desktop,14,0
16904,treatment,desktop,6,0
10419,control,mobile,3,1
23620,treatment,mobile,10,0
22604,treatment,desktop,14,0
19602,treatment,mobile,11,0
11841,control,mobile,9,0
19601,treatment,mobile,7,0
6426,control,mobile,3,0
21543,treatment,desktop,13,0
596,control,mobile,1,0
22124,treatment,mobile,7,0
11914,control,desktop,4,0
2593,control,desktop,12,0
7548,control,mobile,2,0
8163,control,mobile,6,0
10533,control,desktop,10,0
13244,treatment,mobile,2,0
21286,treatment,mobile,8,0
6530,control,desktop,11,0
17721,treatment,mobile,4,0
13869,treatment,desktop,6,1
15837,treatment,desktop,1,0
11811,control,desktop,14,1
21049,treatment,desktop,6,0
3261,control,mobile,5,0
10590,control,mobile,13,0
15896,treatment,mobile,11,0
4623,control,desktop,4,0
8264,control,desktop,6,0
4907,control,mobile,4,0
15983,treatment,mobile,2,0
20189,treatment,mobile,11,0
13319,treatment,mobile,11,0
22743,treatment,mobile,3,0
23347,treatment,mobile,4,0
9338,control,mobile,8,0
23477,treatment,desktop,10,0
23711,treatment,mobile,5,0
1149,control,desktop,7,0
384,control,desktop,13,0
14437,treatment,mobile,2,0
5298,control,mobile,4,0
10799,control,mobile,9,0
21702,treatment,desktop,6,1
16625,treatment,mobile,11,0
16290,treatment,mobile,5,0
9021,control,mobile,9,0
7354,control,desktop,2,0
17002,treatment,mobile,8,0
1378,control,desktop,4,0
12779,treatment,mobile,7,0
9919,control,desktop,1,0
10210,control,mobile,6,0
516,control,desktop,12,0
7039,control,desktop,4,0
15839,treatment,desktop,11,0
8466,control,mobile,13,0
8246,control,desktop,14,0
12245,treatment,mobile,12,0
7308,control,desktop,8,0
19503,treatment,desktop,1,0
14727,treatment,desktop,10,0
11497,control,mobile,14,0
1864,control,desktop,8,0
1065,control,mobile,6,0
14952,treatment,mobile,8,0
22676,treatment,desktop,14,0
7170,control,mobile,12,0
6511,control,desktop,8,0
19332,treatment,desktop,12,0
15416,treatment,mobile,5,0
7398,control,desktop,9,0
20139,treatment,mobile,4,0
1028,control,mobile,12,0
2725,control,mobile,2,0
23236,treatment,mobile,10,0
2828,control,desktop,13,0
5718,control,desktop,4,0
10473,control,mobile,2,0
2921,control,desktop,1,0
13327,treatment,mobile,1,0
237,control,mobile,11,0
6943,control,mobile,14,0
19939,treatment,desktop,3,0
698,control,mobile,2,0
17104,treatment,mobile,6,0
10341,control,desktop,5,0
17830,treatment,mobile,1,0
20805,treatment,mobile,11,0
10229,control,mobile,9,0
11376,control,mobile,14,0
4142,control,desktop,10,0
2569,control,mobile,7,0
16151,treatment,mobile,8,0
2154,control,desktop,11,0
10621,control,mobile,6,0
20386,treatment,mobile,13,0
11587,control,mobile,8,0
7265,control,desktop,14,0
7205,control,mobile,10,0
10716,control,mobile,10,0
10904,control,desktop,5,0
19451,treatment,mobile,13,0
19197,treatment,mobile,5,0
13666,treatment,mobile,12,0
16525,treatment,mobile,11,0
7127,control,mobile,13,0
14452,treatment,desktop,1,0
1493,control,mobile,3,0
14819,treatment,mobile,3,0
4756,control,desktop,7,0
13726,treatment,mobile,8,0
6998,control,mobile,3,0
12389,treatment,desktop,3,0
11954,control,desktop,2,0
21697,treatment,mobile,9,0
4375,control,desktop,1,0
12590,treatment,mobile,2,0
4936,control,desktop,2,0
11317,control,mobile,5,0
18567,treatment,desktop,9,0
4816,control,desktop,12,0
20556,treatment,mobile,14,0
2543,control,mobile,7,0
5967,control,mobile,1,0
6102,control,desktop,5,0
8267,control,mobile,7,0
9261,control,mobile,11,0
4912,control,mobile,10,0
6471,control,desktop,9,0
14995,treatment,desktop,14,0
7225,control,mobile,10,0
1229,control,desktop,5,0
8854,control,mobile,7,0
1372,control,mobile,1,0
7261,control,mobile,13,0
8620,control,desktop,1,0
14040,treatment,mobile,4,0
22540,treatment,desktop,10,0
22493,treatment,mobile,10,0
10086,control,mobile,11,0
4814,control,desktop,1,0
15452,treatment,desktop,1,0
22416,treatment,mobile,8,1
10718,control,desktop,13,0
4132,control,desktop,8,0
13138,treatment,mobile,5,0
23350,treatment,desktop,6,0
227,control,mobile,9,0
15451,treatment,desktop,13,0
19984,treatment,mobile,4,0
2485,control,desktop,4,0
23930,treatment,mobile,11,0
18933,treatment,mobile,3,0
5431,control,mobile,7,0
19995,treatment,mobile,7,0
6835,control,mobile,14,0
14007,treatment,desktop,8,0
5764,control,desktop,2,0
11453,control,mobile,3,0
15070,treatment,desktop,4,0
8002,control,mobile,5,0
1500,control,desktop,5,0
9055,control,mobile,10,0
12597,treatment,mobile,5,0
3022,control,desktop,13,0
6427,control,desktop,11,0
7513,control,desktop,8,0
1255,control,desktop,12,0
5823,control,mobile,8,0
14265,treatment,mobile,10,0
323,control,desktop,4,0
3392,control,mobile,4,0
3855,control,desktop,5,0
2107,control,desktop,6,0
4866,control,mobile,12,0
23779,treatment,mobile,3,0
9447,control,desktop,4,0
21942,treatment,desktop,9,1
2147,control,desktop,5,0
12302,treatment,mobile,10,0
9935,control,mobile,10,0
18262,treatment,mobile,2,0
4197,control,desktop,10,0
9334,control,desktop,10,0
3231,control,mobile,8,0
7960,control,mobile,12,0
47,control,desktop,9,0
22016,treatment,mobile,6,0
19780,treatment,desktop,10,0
15657,treatment,mobile,7,1
10593,control,mobile,7,0
71,control,mobile,3,0
116,control,mobile,13,0
10690,control,mobile,4,0
3771,control,desktop,12,0
4410,control,mobile,2,0
18049,treatment,desktop,12,0
14882,treatment,mobile,8,0
2219,control,mobile,1,0
6564,control,mobile,11,0
2721,control,desktop,10,0
15649,treatment,mobile,12,0
12852,treatment,desktop,13,0
15172,treatment,desktop,13,1
22499,treatment,desktop,6,0
20645,treatment,mobile,1,0
17362,treatment,mobile,5,0
15549,treatment,mobile,3,0
8746,control,desktop,4,0
6844,control,mobile,11,0
21868,treatment,mobile,14,0
6780,control,mobile,9,0
20757,treatment,mobile,4,0
18613,treatment,mobile,14,0
17308,treatment,mobile,3,0
15765,treatment,desktop,11,0
6011,control,desktop,4,0
16760,treatment,desktop,9,0
10021,control,mobile,8,0
23550,treatment,desktop,8,0
19231,treatment,desktop,11,0
18736,treatment,desktop,14,0
14333,treatment,mobile,10,0
22469,treatment,desktop,4,0
455,control,mobile,6,0
7092,control,mobile,1,0
21890,treatment,mobile,7,0
3065,control,mobile,12,0
5956,control,mobile,6,0
2584,control,mobile,2,0
7377,control,desktop,7,0
7395,control,desktop,6,0
10014,control,desktop,7,0
20687,treatment,desktop,6,0
4590,control,mobile,5,0
6008,control,desktop,1,0
12776,treatment,desktop,7,0
14435,treatment,mobile,13,0
2542,control,mobile,8,0
12388,treatment,mobile,7,0
9350,control,desktop,6,0
17141,treatment,mobile,11,0
13356,treatment,mobile,7,0
20364,treatment,mobile,6,1
6864,control,mobile,10,0
21379,treatment,mobile,10,0
21633,treatment,desktop,11,0
826,control,desktop,1,0
19077,treatment,mobile,12,0
21506,treatment,desktop,2,0
23894,treatment,mobile,1,0
1334,control,mobile,11,0
11087,control,mobile,9,0
9304,control,mobile,12,0
3157,control,mobile,6,0
18999,treatment,desktop,3,0
17923,treatment,mobile,7,0
13083,treatment,mobile,14,0
6016,control,desktop,6,0
23818,treatment,mobile,11,0
16347,treatment,mobile,3,0
13196,treatment,mobile,6,0
2649,control,mobile,11,0
23878,treatment,mobile,12,0
21359,treatment,mobile,13,0
4965,control,desktop,9,0
13245,treatment,desktop,1,0
9828,control,mobile,1,0
13722,treatment,mobile,3,0
7995,control,desktop,2,0
2547,control,mobile,11,0
13576,treatment,desktop,4,0
22823,treatment,mobile,8,0
5193,control,mobile,14,0
16921,treatment,desktop,10,0
5433,control,mobile,9,0
19929,treatment,mobile,13,0
9355,control,desktop,6,0
6797,control,mobile,8,0
1114,control,mobile,3,0
21609,treatment,mobile,14,0
20033,treatment,mobile,13,0
1253,control,desktop,10,0
4495,control,desktop,13,0
7294,control,mobile,3,0
12813,treatment,desktop,11,0
14562,treatment,mobile,7,0
22473,treatment,mobile,8,0
14171,treatment,desktop,2,0
5707,control,mobile,12,0
19336,treatment,mobile,12,0
19447,treatment,mobile,13,0
5946,control,desktop,10,0
13406,treatment,mobile,14,0
8322,control,desktop,12,0
3233,control,desktop,7,0
9281,control,desktop,13,0
11875,control,mobile,10,0
2907,control,mobile,6,0
11270,control,mobile,1,0
13730,treatment,mobile,14,0
15778,treatment,desktop,4,0
12699,treatment,desktop,13,0
17082,treatment,mobile,5,0
1505,control,mobile,11,0
22875,treatment,mobile,10,0
19569,treatment,desktop,6,0
864,control,mobile,4,0
18979,treatment,desktop,8,0
20501,treatment,mobile,7,0
4135,control,mobile,5,0
20265,treatment,mobile,10,0
18826,treatment,mobile,13,0
13735,treatment,desktop,3,0
21118,treatment,desktop,12,0
2468,control,mobile,10,0
18031,treatment,mobile,9,0
12560,treatment,mobile,4,0
16573,treatment,desktop,10,0
2190,control,mobile,10,0
9667,control,mobile,9,0
3873,control,desktop,12,0
8470,control,mobile,4,0
19425,treatment,desktop,4,0
6681,control,mobile,3,0
18961,treatment,mobile,11,1
18958,treatment,mobile,2,0
1411,control,mobile,10,0
17874,treatment,desktop,14,0
21046,treatment,desktop,6,0
19298,treatment,mobile,11,0
20867,treatment,desktop,1,0
19832,treatment,mobile,10,0
13233,treatment,mobile,12,0
18325,treatment,mobile,12,0
9144,control,desktop,1,0
16729,treatment,desktop,4,0
911,control,mobile,5,0
10530,control,mobile,2,0
23005,treatment,mobile,2,0
6283,control,desktop,10,0
11920,control,desktop,13,0
20900,treatment,mobile,12,0
6863,control,mobile,7,0
629,control,desktop,13,0
1414,control,desktop,1,0
5381,control,desktop,8,0
3808,control,mobile,2,0
16168,treatment,mobile,4,0
1032,control,mobile,14,0
11553,control,mobile,12,0
17429,treatment,mobile,12,0
21553,treatment,desktop,9,0
10886,control,mobile,5,0
9535,control,mobile,12,0
3384,control,mobile,1,0
21930,treatment,mobile,7,0
1860,control,mobile,12,0
4254,control,mobile,6,0
15073,treatment,mobile,10,0
19540,treatment,desktop,2,0
1219,control,mobile,3,0
14456,treatment,desktop,2,0
23233,treatment,mobile,12,0
18938,treatment,mobile,9,0
14346,treatment,mobile,3,0
5644,control,desktop,8,0
3375,control,mobile,4,0
11379,control,mobile,4,0
8681,control,desktop,6,0
5203,control,mobile,9,0
21656,treatment,desktop,13,0
8823,control,mobile,10,0
15473,treatment,mobile,14,0
18846,treatment,mobile,9,0
6319,control,mobile,3,0
7745,control,mobile,13,0
3386,control,mobile,9,0
14006,treatment,desktop,12,0
21039,treatment,desktop,9,0
12350,treatment,mobile,14,0
2790,control,mobile,13,0
12036,treatment,mobile,14,0
20231,treatment,desktop,10,0
1853,control,mobile,7,0
23020,treatment,mobile,2,0
16214,treatment,mobile,4,0
21883,treatment,mobile,14,0
4038,control,mobile,6,0
9132,control,mobile,1,0
14970,treatment,mobile,12,0
16785,treatment,desktop,13,0
19587,treatment,mobile,10,0
23685,treatment,mobile,4,0
11039,control,mobile,1,0
3867,control,mobile,5,0
8769,control,mobile,13,0
1894,control,desktop,12,0
16350,treatment,mobile,14,0
5200,control,mobile,10,0
2495,control,mobile,14,0
9845,control,desktop,1,0
19371,treatment,mobile,8,0
6597,control,desktop,6,0
19759,treatment,mobile,2,0
23475,treatment,desktop,7,0
13974,treatment,mobile,6,0
12438,treatment,mobile,4,0
17863,treatment,desktop,5,0
15436,treatment,desktop,13,0
2843,control,desktop,11,0
16624,treatment,mobile,12,0
15520,treatment,desktop,12,0
9865,control,mobile,4,0
21860,treatment,mobile,4,0
19450,treatment,mobile,7,1
7888,control,mobile,7,0
6930,control,desktop,11,0
8214,control,mobile,4,0
22405,treatment,desktop,1,0
19877,treatment,mobile,14,0
11356,control,desktop,7,0
1991,control,mobile,14,0
724,control,desktop,2,0
20579,treatment,desktop,13,0
16996,treatment,mobile,6,0
19207,treatment,mobile,2,1
401,control,mobile,1,0
9634,control,mobile,4,0
18250,treatment,mobile,9,0
15984,treatment,mobile,5,0
1828,control,desktop,6,0
8603,control,mobile,10,1
9152,control,mobile,6,0
11919,control,mobile,1,0
9563,control,desktop,4,1
4150,control,mobile,13,0
13474,treatment,mobile,1,0
12410,treatment,mobile,2,0
7660,control,mobile,2,0
3139,control,mobile,5,0
4731,control,mobile,12,0
7784,control,desktop,2,0
15667,treatment,mobile,12,0
13377,treatment,mobile,6,0
19441,treatment,mobile,9,1
14605,treatment,mobile,7,0
8531,control,mobile,5,0
13555,treatment,mobile,2,0
17407,treatment,mobile,2,0
1707,control,desktop,8,0
9025,control,mobile,1,0
14827,treatment,mobile,8,0
18334,treatment,mobile,2,0
12295,treatment,mobile,4,0
487,control,desktop,4,0
4130,control,mobile,14,0
19803,treatment,desktop,4,0
2375,control,mobile,2,0
9297,control,mobile,10,0
2117,control,mobile,10,0
14003,treatment,mobile,9,1
15142,treatment,desktop,12,0
19941,treatment,desktop,4,0
22890,treatment,mobile,10,0
10663,control,mobile,10,0
1871,control,mobile,8,0
9298,control,mobile,14,0
1665,control,mobile,7,0
5706,control,mobile,4,0
17936,treatment,mobile,10,0
6509,control,mobile,11,0
23839,treatment,mobile,7,0
16854,treatment,desktop,11,0
5345,control,desktop,4,0
16564,treatment,desktop,4,0
13121,treatment,mobile,2,0
18800,treatment,mobile,6,0
13957,treatment,mobile,5,0
19634,treatment,mobile,12,0
17563,treatment,mobile,1,0
8113,control,mobile,9,0
3480,control,mobile,5,0
16533,treatment,mobile,14,0
10377,control,desktop,3,0
3770,control,mobile,7,0
11319,control,desktop,7,0
10459,control,mobile,7,0
14748,treatment,desktop,7,0
19909,treatment,desktop,6,1
5421,control,desktop,7,0
2935,control,mobile,9,0
8205,control,mobile,12,0
19285,treatment,desktop,8,0
11422,control,mobile,2,0
19923,treatment,mobile,13,0
18560,treatment,mobile,12,0
23309,treatment,mobile,4,0
15589,treatment,mobile,2,0
23955,treatment,mobile,5,0
11073,control,mobile,2,0
1973,control,mobile,10,0
7614,control,mobile,8,0
21797,treatment,mobile,5,0
13206,treatment,mobile,4,0
4111,control,mobile,2,0
11972,control,desktop,9,0
9834,control,mobile,5,0
15141,treatment,mobile,14,0
7386,control,desktop,9,0
5155,control,desktop,3,0
2355,control,mobile,4,0
20778,treatment,desktop,9,0
4323,control,mobile,5,0
8412,control,desktop,5,0
19693,treatment,desktop,14,1
8292,control,desktop,1,0
9811,control,mobile,12,0
22164,treatment,mobile,2,0
3318,control,mobile,12,0
10234,control,mobile,5,0
5754,control,desktop,5,0
10681,control,desktop,1,0
9150,control,mobile,13,0
1388,control,mobile,7,0
11921,control,desktop,8,0
11598,control,mobile,2,0
3194,control,mobile,8,0
21006,treatment,mobile,2,0
4789,control,desktop,7,0
19973,treatment,desktop,13,1
11940,control,mobile,13,0
4402,control,mobile,13,0
3123,control,mobile,1,1
4196,control,desktop,9,0
15893,treatment,mobile,13,0
6218,control,mobile,6,0
23224,treatment,desktop,3,0
2995,control,mobile,8,0
5635,control,mobile,1,0
20684,treatment,mobile,10,0
15547,treatment,mobile,3,0
20626,treatment,mobile,3,0
21806,treatment,desktop,12,0
10850,control,desktop,4,0
7532,control,mobile,8,0
10284,control,mobile,13,0
9925,control,desktop,7,0
6902,control,mobile,9,0
11127,control,mobile,3,0
13580,treatment,mobile,6,0
275,control,desktop,1,0
14754,treatment,desktop,12,0
22121,treatment,mobile,7,0
1340,control,desktop,4,0
13925,treatment,mobile,5,0
19420,treatment,mobile,6,0
6620,control,mobile,4,0
4994,control,mobile,1,0
16678,treatment,mobile,13,1
13712,treatment,desktop,4,1
22949,treatment,mobile,2,0
9928,control,mobile,12,0
12746,treatment,mobile,11,0
1512,control,mobile,4,0
19701,treatment,desktop,1,0
8563,control,mobile,8,0
22404,treatment,desktop,12,1
20412,treatment,mobile,3,0
6380,control,desktop,12,0
15021,treatment,mobile,14,0
1997,control,mobile,8,0
21841,treatment,desktop,5,0
16039,treatment,mobile,1,0
10004,control,mobile,1,0
6514,control,mobile,13,0
14361,treatment,desktop,13,0
3160,control,desktop,12,0
2471,control,mobile,12,0
19911,treatment,mobile,6,0
22723,treatment,desktop,5,0
12817,treatment,desktop,12,0
7399,control,mobile,4,0
18452,treatment,mobile,7,0
5883,control,desktop,11,0
22852,treatment,desktop,12,1
11325,control,mobile,1,0
15842,treatment,mobile,9,0
17866,treatment,desktop,3,0
6650,control,desktop,4,0
23494,treatment,desktop,14,0
11786,control,desktop,8,0
19131,treatment,mobile,8,0
20430,treatment,mobile,4,0
16259,treatment,mobile,6,0
11374,control,mobile,4,0
10246,control,desktop,10,0
10998,control,mobile,6,0
15221,treatment,desktop,14,0
17952,treatment,mobile,5,0
9111,control,mobile,9,0
4330,control,mobile,6,0
20116,treatment,desktop,5,0
1450,control,mobile,2,0
4398,control,mobile,12,0
11523,control,mobile,14,0
13803,treatment,desktop,14,0
1694,control,mobile,9,0
20093,treatment,mobile,3,0
2866,control,mobile,3,0
12436,treatment,mobile,7,1
16426,treatment,mobile,11,0
20302,treatment,desktop,8,0
17741,treatment,mobile,4,0
5852,control,mobile,4,0
11524,control,mobile,10,0
18827,treatment,mobile,11,0
22264,treatment,mobile,6,0
8430,control,desktop,11,0
11459,control,desktop,9,0
2053,control,mobile,3,0
7098,control,mobile,7,1
23222,treatment,mobile,2,0
16056,treatment,desktop,11,0
16547,treatment,desktop,8,0
5617,control,mobile,5,0
8375,control,mobile,5,0
19938,treatment,mobile,8,0
14766,treatment,mobile,11,0
5810,control,mobile,13,0
21857,treatment,mobile,3,0
14064,treatment,mobile,1,0
12202,treatment,desktop,1,0
17326,treatment,mobile,10,0
17151,treatment,desktop,11,0
3388,control,mobile,10,0
11888,control,desktop,12,0
21235,treatment,mobile,1,0
15548,treatment,mobile,6,0
8255,control,desktop,9,0
23744,treatment,mobile,1,0
12943,treatment,mobile,6,0
734,control,desktop,1,0
7564,control,mobile,2,0
9126,control,desktop,8,0
11471,control,desktop,5,0
22252,treatment,mobile,2,0
7945,control,mobile,10,0
11783,control,mobile,3,0
11734,control,mobile,2,0
22436,treatment,mobile,8,0
17545,treatment,mobile,6,0
12647,treatment,mobile,2,0
3557,control,mobile,5,0
10509,control,desktop,3,0
22496,treatment,desktop,10,0
10230,control,mobile,9,0
23425,treatment,mobile,8,0
7757,control,desktop,7,0
1004,control,mobile,9,0
20715,treatment,desktop,1,0
12156,treatment,mobile,6,0
18344,treatment,desktop,12,0
21405,treatment,desktop,12,0
18956,treatment,mobile,1,0
13527,treatment,mobile,7,0
19732,treatment,mobile,8,0
8680,control,mobile,5,0
2500,control,mobile,2,0
23745,treatment,mobile,8,1
344,control,desktop,9,0
21158,treatment,desktop,1,0
13655,treatment,desktop,12,0
5565,control,desktop,9,0
4512,control,mobile,2,0
16380,treatment,desktop,5,0
15536,treatment,mobile,7,0
20108,treatment,desktop,6,0
10922,control,desktop,10,1
16281,treatment,desktop,7,0
4158,control,desktop,7,0
19787,treatment,mobile,12,0
1709,control,desktop,13,0
23079,treatment,mobile,4,0
16215,treatment,desktop,7,0
3779,control,desktop,9,0
18228,treatment,mobile,7,1
22697,treatment,mobile,5,0
20485,treatment,mobile,4,0
3220,control,mobile,9,0
16864,treatment,desktop,3,0
23302,treatment,mobile,13,1
15591,treatment,mobile,9,0
2934,control,mobile,12,0
9948,control,mobile,3,0
20852,treatment,desktop,5,0
22135,treatment,mobile,1,0
4195,control,desktop,13,0
14905,treatment,mobile,2,0
11036,control,desktop,13,0
8822,control,desktop,10,0
18908,treatment,mobile,13,0
1095,control,desktop,13,0
16724,treatment,mobile,1,0
10263,control,mobile,9,0
8979,control,desktop,12,0
358,control,mobile,11,0
2490,control,desktop,7,0
16097,treatment,mobile,4,0
19576,treatment,desktop,7,0
2671,control,mobile,10,0
894,control,desktop,10,0
12144,treatment,mobile,6,0
5419,control,desktop,4,0
7619,control,desktop,2,0
14458,treatment,mobile,6,0
18001,treatment,desktop,11,0
17304,treatment,desktop,7,0
19627,treatment,mobile,7,0
2253,control,mobile,11,0
7528,control,mobile,1,0
19235,treatment,mobile,6,0
5439,control,mobile,4,0
17139,treatment,mobile,3,0
7397,control,desktop,6,0
11687,control,desktop,14,0
22961,treatment,desktop,4,0
1607,control,mobile,7,0
8307,control,mobile,5,0
2032,control,mobile,12,0
3191,control,mobile,13,0
22006,treatment,mobile,6,0
12298,treatment,desktop,5,0
11253,control,mobile,1,0
18668,treatment,mobile,8,0
16925,treatment,desktop,1,0
8820,control,mobile,12,0
7338,control,mobile,10,0
17272,treatment,desktop,5,0
19535,treatment,mobile,3,0
23879,treatment,mobile,11,0
1553,control,desktop,5,0
9492,control,mobile,2,0
7774,control,mobile,14,1
11189,control,desktop,1,0
21179,treatment,mobile,3,0
21955,treatment,mobile,2,0
23102,treatment,desktop,3,1
8461,control,mobile,8,0
16161,treatment,desktop,9,0
4001,control,mobile,1,0
4219,control,mobile,5,0
14957,treatment,desktop,8,0
6227,control,mobile,7,0
18538,treatment,mobile,2,0
4654,control,mobile,13,0
7601,control,mobile,9,0
5982,control,desktop,8,0
8200,control,desktop,12,0
4340,control,mobile,4,0
16465,treatment,mobile,10,0
23135,treatment,desktop,12,0
16776,treatment,mobile,1,0
3978,control,desktop,7,0
3764,control,desktop,8,0
20331,treatment,mobile,13,1
918,control,mobile,7,0
15833,treatment,desktop,1,0
17654,treatment,mobile,3,0
16831,treatment,desktop,12,0
7491,control,mobile,8,0
22752,treatment,desktop,3,0
3637,control,mobile,1,0
9521,control,desktop,14,0
20460,treatment,mobile,3,0
23540,treatment,desktop,9,0
18786,treatment,mobile,11,0
9206,control,desktop,5,0
19240,treatment,mobile,10,0
10506,control,mobile,13,0
1451,control,desktop,9,0
7742,control,desktop,13,0
17822,treatment,desktop,1,0
3069,control,mobile,10,0
2464,control,mobile,3,0
16594,treatment,desktop,2,0
7597,control,desktop,8,0
6272,control,desktop,13,0
6480,control,desktop,5,0
8543,control,desktop,8,0
6161,control,mobile,6,0
17130,treatment,desktop,8,0
1075,control,mobile,7,0
8914,control,desktop,11,1
18781,treatment,mobile,11,0
5934,control,mobile,14,0
13373,treatment,mobile,1,0
11155,control,desktop,2,0
22592,treatment,mobile,2,0
22821,treatment,mobile,9,0
7937,control,mobile,11,0
4997,control,mobile,4,0
23554,treatment,desktop,8,0
6678,control,mobile,12,0
125,control,mobile,13,0
16471,treatment,desktop,13,0
1865,control,desktop,9,0
12866,treatment,mobile,9,1
11793,control,mobile,3,0
23306,treatment,desktop,9,0
1643,control,mobile,11,0
12598,treatment,mobile,11,0
17750,treatment,mobile,4,0
22234,treatment,mobile,13,0
13068,treatment,desktop,8,0
1700,control,mobile,10,0
6383,control,desktop,10,0
817,control,mobile,4,1
6988,control,mobile,10,0
1711,control,desktop,4,0
14575,treatment,mobile,11,0
20067,treatment,mobile,10,0
18628,treatment,mobile,4,0
13436,treatment,mobile,2,0
18180,treatment,mobile,4,0
22011,treatment,mobile,11,0
6015,control,mobile,13,0
17935,treatment,desktop,9,0
22151,treatment,mobile,12,0
23616,treatment,desktop,11,0
19998,treatment,mobile,1,0
1558,control,desktop,13,0
5425,control,mobile,9,0
6679,control,mobile,12,0
18378,treatment,mobile,13,0
6653,control,mobile,4,0
21159,treatment,mobile,14,0
6282,control,mobile,6,0
7854,control,desktop,3,0
1080,control,mobile,2,1
18068,treatment,mobile,4,0
10001,control,desktop,4,0
15010,treatment,mobile,12,1
19878,treatment,mobile,7,0
16542,treatment,mobile,8,0
16819,treatment,mobile,7,0
1182,control,mobile,3,0
4433,control,mobile,6,0
12033,treatment,desktop,3,0
2316,control,mobile,1,0
21901,treatment,desktop,1,0
269,control,desktop,12,0
22917,treatment,mobile,2,0
14737,treatment,mobile,1,0
18570,treatment,desktop,3,0
13739,treatment,desktop,12,0
5950,control,mobile,3,0
9846,control,mobile,14,0
16209,treatment,mobile,13,0
2530,control,mobile,4,0
14481,treatment,mobile,11,0
8518,control,mobile,13,0
17805,treatment,desktop,6,0
3767,control,desktop,3,0
20196,treatment,mobile,5,0
10600,control,desktop,8,0
17922,treatment,desktop,9,0
17423,treatment,mobile,9,0
13344,treatment,mobile,9,0
19659,treatment,mobile,8,0
8821,control,mobile,7,0
12416,treatment,mobile,10,0
6633,control,mobile,2,0
20175,treatment,mobile,11,0
2653,control,mobile,14,0
6353,control,mobile,13,0
5677,control,desktop,2,0
8314,control,mobile,13,0
15095,treatment,mobile,12,0
15422,treatment,mobile,11,0
7557,control,mobile,6,0
17996,treatment,mobile,2,0
15146,treatment,mobile,5,0
5263,control,mobile,8,0
2773,control,mobile,8,0
6025,control,desktop,11,0
872,control,mobile,14,0
8004,control,mobile,14,0
23831,treatment,mobile,9,0
12528,treatment,desktop,9,0
23539,treatment,mobile,8,0
15240,treatment,mobile,12,0
10668,control,mobile,10,0
1732,control,mobile,12,0
2335,control,mobile,10,0
15898,treatment,mobile,10,0
23171,treatment,desktop,9,0
5355,control,mobile,4,0
369,control,mobile,11,0
16223,treatment,mobile,13,0
18321,treatment,mobile,6,0
11166,control,mobile,2,0
2861,control,desktop,12,0
14538,treatment,mobile,11,0
23028,treatment,desktop,7,0
11359,control,desktop,13,0
16528,treatment,mobile,10,0
21784,treatment,mobile,7,1
9669,control,desktop,12,0
5986,control,mobile,1,0
5168,control,desktop,4,0
10673,control,mobile,7,0
5163,control,mobile,6,0
22628,treatment,mobile,3,1
8723,control,desktop,2,0
11412,control,desktop,2,0
3341,control,desktop,5,0
16579,treatment,mobile,11,0
18127,treatment,mobile,11,0
22904,treatment,mobile,14,0
2323,control,desktop,12,0
8199,control,mobile,2,0
5957,control,desktop,1,0
2382,control,mobile,4,0
20219,treatment,mobile,9,0
4525,control,desktop,6,0
20469,treatment,mobile,13,0
1948,control,desktop,10,0
347,control,mobile,8,0
11426,control,desktop,7,0
7061,control,desktop,11,0
3836,control,desktop,12,0
19839,treatment,mobile,12,0
875,control,mobile,10,0
23124,treatment,mobile,4,0
4493,control,mobile,9,0
11191,control,mobile,14,0
22759,treatment,mobile,8,0
7147,control,mobile,10,0
17178,treatment,desktop,3,0
3801,control,mobile,12,0
14692,treatment,mobile,12,0
11892,control,desktop,3,0
15022,treatment,mobile,5,0
11066,control,mobile,13,0
12890,treatment,desktop,6,0
4887,control,desktop,5,1
19286,treatment,desktop,11,0
11957,control,desktop,9,0
16410,treatment,desktop,11,0
7118,control,mobile,1,0
8928,control,desktop,9,0
5919,control,mobile,8,0
12842,treatment,desktop,6,0
17065,treatment,mobile,14,0
18949,treatment,mobile,10,0
17237,treatment,mobile,7,0
3513,control,desktop,10,0
2054,control,mobile,8,0
20454,treatment,mobile,13,0
1986,control,mobile,11,0
7935,control,desktop,14,0
12922,treatment,mobile,12,0
8905,control,mobile,8,0
2497,control,mobile,2,0
23042,treatment,desktop,7,0
2130,control,mobile,8,0
3406,control,mobile,7,0
2937,control,desktop,12,0
15431,treatment,mobile,2,0
4854,control,mobile,12,0
6447,control,mobile,10,0
5767,control,desktop,8,0
10326,control,mobile,12,0
22722,treatment,mobile,13,0
9431,control,mobile,9,0
21680,treatment,desktop,5,0
5179,control,desktop,8,1
15002,treatment,desktop,11,0
547,control,desktop,5,0
15823,treatment,mobile,8,0
21967,treatment,desktop,9,1
19512,treatment,mobile,3,0
19258,treatment,mobile,2,0
9826,control,desktop,11,0
13439,treatment,mobile,3,0
6423,control,mobile,11,0
8017,control,mobile,5,0
23788,treatment,mobile,13,0
8086,control,mobile,5,0
10325,control,mobile,6,0
1946,control,mobile,14,0
16632,treatment,desktop,5,0
12121,treatment,desktop,14,0
5228,control,mobile,8,0
18057,treatment,desktop,4,1
20394,treatment,mobile,3,0
20489,treatment,mobile,5,0
22750,treatment,desktop,12,0
13312,treatment,desktop,13,0
23733,treatment,desktop,14,0
15717,treatment,mobile,6,0
19666,treatment,desktop,12,0
7022,control,mobile,9,0
5119,control,mobile,9,0
1568,control,desktop,10,0
8711,control,mobile,4,1
2685,control,desktop,4,0
17122,treatment,mobile,6,0
7411,control,mobile,7,0
7824,control,desktop,3,1
2433,control,mobile,5,0
4949,control,mobile,11,0
16713,treatment,mobile,1,0
20290,treatment,mobile,11,0
885,control,mobile,8,0
15805,treatment,mobile,4,0
4516,control,mobile,4,0
608,control,desktop,6,0
17872,treatment,mobile,11,0
13489,treatment,mobile,7,0
19626,treatment,mobile,9,0
12857,treatment,desktop,14,0
4902,control,mobile,14,0
17238,treatment,desktop,13,1
16643,treatment,desktop,2,0
5796,control,mobile,9,0
22143,treatment,mobile,13,0
9366,control,desktop,7,0
16794,treatment,mobile,1,0
23505,treatment,mobile,1,0
18395,treatment,desktop,14,0
18688,treatment,mobile,9,0
14926,treatment,mobile,2,0
15355,treatment,mobile,8,0
124,control,mobile,12,1
14453,treatment,desktop,13,0
19000,treatment,desktop,6,0
13235,treatment,mobile,10,0
3737,control,desktop,8,0
6434,control,mobile,1,0
5783,control,mobile,1,0
15982,treatment,desktop,10,0
8398,control,mobile,4,0
19487,treatment,desktop,12,0
17285,treatment,mobile,8,0
933,control,mobile,9,1
14872,treatment,desktop,8,0
17004,treatment,desktop,2,0
1361,control,mobile,6,0
18076,treatment,desktop,11,0
22602,treatment,desktop,8,0
16663,treatment,desktop,3,0
22314,treatment,mobile,2,0
4604,control,desktop,9,0
558,control,mobile,3,0
20333,treatment,mobile,10,0
6765,control,desktop,12,1
1690,control,mobile,8,0
9525,control,desktop,11,0
12601,treatment,mobile,4,0
20619,treatment,mobile,3,0
10056,control,mobile,9,0
22347,treatment,mobile,1,0
20951,treatment,mobile,1,0
19987,treatment,mobile,1,0
22472,treatment,mobile,9,0
9998,control,desktop,14,0
1715,control,mobile,6,0
11409,control,desktop,2,0
8094,control,desktop,9,0
1593,control,mobile,5,0
10192,control,desktop,5,0
11290,control,mobile,13,0
8128,control,desktop,13,0
4300,control,desktop,2,0
23586,treatment,desktop,8,0
7414,control,mobile,1,0
21380,treatment,mobile,9,0
12317,treatment,desktop,7,0
19715,treatment,mobile,5,0
16017,treatment,mobile,6,0
23773,treatment,mobile,13,0
1177,control,mobile,3,0
11178,control,desktop,14,0
15690,treatment,mobile,3,0
14227,treatment,desktop,4,0
16145,treatment,mobile,5,0
22633,treatment,mobile,5,0
16440,treatment,mobile,6,0
11768,control,mobile,1,0
18587,treatment,mobile,7,0
15245,treatment,mobile,3,0
23179,treatment,mobile,11,0
19534,treatment,mobile,12,0
4990,control,mobile,2,0
5452,control,mobile,8,0
100,control,mobile,3,0
2759,control,desktop,9,0
301,control,mobile,5,0
23342,treatment,mobile,8,0
22133,treatment,mobile,5,1
785,control,mobile,14,0
1620,control,desktop,10,0
475,control,desktop,6,0
16796,treatment,desktop,9,1
10308,control,mobile,11,0
6064,control,desktop,7,0
23147,treatment,desktop,11,0
15772,treatment,mobile,10,0
3851,control,mobile,6,0
13303,treatment,mobile,11,1
16614,treatment,mobile,6,0
12703,treatment,mobile,13,0
5710,control,mobile,12,0
18711,treatment,mobile,11,0
7705,control,mobile,12,0
8275,control,mobile,7,0
18240,treatment,desktop,12,0
9555,control,desktop,8,0
8720,control,mobile,6,0
115,control,mobile,10,0
18986,treatment,mobile,7,0
18918,treatment,desktop,12,1
20174,treatment,mobile,9,0
17827,treatment,mobile,1,0
9357,control,desktop,10,0
959,control,mobile,8,0
2943,control,mobile,12,0
20233,treatment,mobile,9,0
7608,control,mobile,11,0
2502,control,mobile,13,0
12425,treatment,desktop,8,0
20790,treatment,desktop,8,0
9008,control,mobile,12,0
9665,control,mobile,7,0
5305,control,mobile,3,0
23732,treatment,mobile,10,0
81,control,mobile,1,0
10015,control,mobile,14,0
3136,control,mobile,1,0
21899,treatment,mobile,4,0
19766,treatment,desktop,1,1
1426,control,mobile,4,0
14950,treatment,mobile,7,0
7024,control,mobile,14,0
2164,control,mobile,12,0
16278,treatment,desktop,12,0
19255,treatment,desktop,9,0
13266,treatment,mobile,10,0
9516,control,desktop,14,0
16120,treatment,mobile,12,0
1190,control,desktop,2,0
16811,treatment,desktop,11,0
20297,treatment,mobile,12,1
14682,treatment,desktop,8,0
10079,control,desktop,8,0
53,control,mobile,5,0
15600,treatment,mobile,8,0
14690,treatment,desktop,13,0
3301,control,mobile,6,0
11364,control,desktop,2,0
18798,treatment,mobile,1,0
7183,control,mobile,6,0
12556,treatment,mobile,6,0
13230,treatment,desktop,7,0
16008,treatment,mobile,6,0
13210,treatment,mobile,14,0
20341,treatment,mobile,7,0
22418,treatment,mobile,5,0
2749,control,mobile,12,0
1343,control,mobile,1,0
3706,control,mobile,13,0
15183,treatment,mobile,3,0
18546,treatment,desktop,5,0
1109,control,desktop,2,0
8081,control,mobile,7,0
12445,treatment,desktop,7,0
13045,treatment,mobile,3,0
22177,treatment,mobile,1,0
14757,treatment,mobile,6,0
16832,treatment,desktop,11,0
1448,control,mobile,4,0
7624,control,mobile,3,0
3156,control,desktop,3,0
15656,treatment,mobile,13,0
22180,treatment,mobile,2,0
12734,treatment,desktop,1,0
3463,control,desktop,5,0
438,control,mobile,13,0
815,control,desktop,9,0
19443,treatment,desktop,7,0
14768,treatment,mobile,13,0
1267,control,desktop,11,0
6743,control,desktop,9,0
598,control,desktop,14,0
4794,control,desktop,8,0
14425,treatment,desktop,5,0
6129,control,mobile,8,0
23547,treatment,mobile,1,0
357,control,mobile,14,0
13827,treatment,desktop,6,0
11244,control,mobile,10,0
10401,control,desktop,8,0
14891,treatment,mobile,2,0
4224,control,mobile,9,0
4366,control,mobile,11,0
520,control,desktop,6,0
22060,treatment,mobile,7,0
10697,control,desktop,12,1
18327,treatment,mobile,6,0
9177,control,mobile,8,0
11705,control,desktop,3,0
2839,control,mobile,1,0
4102,control,desktop,11,0
9807,control,mobile,8,0
7906,control,mobile,3,0
5374,control,mobile,3,0
22458,treatment,desktop,12,0
5724,control,mobile,5,0
23324,treatment,desktop,5,0
15530,treatment,mobile,9,0
11752,control,desktop,12,0
4110,control,mobile,4,0
1323,control,mobile,4,0
18034,treatment,desktop,8,0
2425,control,mobile,5,0
14223,treatment,mobile,10,0
21173,treatment,desktop,2,1
9309,control,mobile,12,0
21357,treatment,desktop,12,0
17541,treatment,mobile,4,0
18779,treatment,mobile,14,0
835,control,mobile,14,0
13582,treatment,mobile,9,0
9829,control,desktop,2,0
14364,treatment,mobile,12,0
9448,control,desktop,7,0
18394,treatment,desktop,6,0
4200,control,mobile,12,1
7433,control,mobile,10,0
17030,treatment,mobile,14,0
6330,control,mobile,1,0
4104,control,mobile,7,0
17586,treatment,mobile,14,0
14310,treatment,mobile,2,0
15899,treatment,desktop,6,0
11288,control,desktop,10,0
6964,control,mobile,4,0
19206,treatment,desktop,13,0
4385,control,desktop,12,0
20087,treatment,desktop,5,0
3479,control,desktop,8,0
5535,control,mobile,14,0
19014,treatment,desktop,6,0
11044,control,mobile,1,0
14225,treatment,mobile,5,0
10147,control,mobile,6,0
1915,control,desktop,2,0
9507,control,mobile,14,0
15912,treatment,desktop,14,0
7385,control,mobile,10,0
13892,treatment,mobile,8,0
22658,treatment,mobile,12,0
18271,treatment,mobile,8,0
20653,treatment,mobile,2,0
19930,treatment,mobile,5,0
2465,control,mobile,3,0
22224,treatment,mobile,8,0
9070,control,mobile,6,0
1172,control,desktop,5,0
5651,control,desktop,13,0
14230,treatment,mobile,6,0
19134,treatment,desktop,3,0
581,control,desktop,4,0
6769,control,mobile,13,0
21347,treatment,mobile,8,0
19538,treatment,mobile,2,0
7959,control,mobile,4,0
14228,treatment,mobile,14,0
20965,treatment,desktop,1,0
1359,control,mobile,4,0
6612,control,mobile,3,0
711,control,mobile,10,0
7119,control,mobile,3,0
61,control,mobile,12,0
7393,control,desktop,13,0
22995,treatment,desktop,13,0
1446,control,desktop,13,0
7863,control,mobile,2,0
21954,treatment,desktop,10,0
21512,treatment,mobile,11,0
3031,control,mobile,13,0
20102,treatment,mobile,6,0
13455,treatment,mobile,1,0
5701,control,desktop,14,0
4539,control,mobile,4,0
23370,treatment,desktop,10,0
11817,control,mobile,3,0
8667,control,mobile,12,0
23768,treatment,desktop,9,0
118,control,mobile,7,0
14066,treatment,desktop,1,0
7647,control,mobile,3,0
14497,treatment,desktop,1,0
19555,treatment,desktop,14,0
13232,treatment,mobile,2,0
23158,treatment,desktop,4,0
618,control,mobile,11,0
21717,treatment,mobile,3,0
18563,treatment,desktop,5,0
4419,control,desktop,14,0
12475,treatment,desktop,11,0
1756,control,desktop,14,0
16781,treatment,desktop,13,0
16821,treatment,mobile,6,1
18503,treatment,mobile,8,0
16233,treatment,mobile,9,0
10031,control,desktop,13,0
23856,treatment,mobile,6,0
949,control,desktop,11,0
15215,treatment,mobile,1,0
4057,control,mobile,2,0
19444,treatment,desktop,13,0
6565,control,mobile,10,0
13223,treatment,desktop,3,0
13361,treatment,mobile,8,0
1276,control,mobile,1,0
5449,control,desktop,9,0
16328,treatment,desktop,4,0
15997,treatment,mobile,10,0
18642,treatment,desktop,13,0
18533,treatment,desktop,10,0
6483,control,desktop,14,0
13456,treatment,mobile,1,0
18093,treatment,mobile,7,0
20543,treatment,mobile,7,0
5353,control,mobile,14,0
6472,control,mobile,7,0
11826,control,mobile,11,0
8329,control,mobile,9,0
21765,treatment,desktop,7,0
7857,control,mobile,9,0
3596,control,desktop,1,0
12328,treatment,mobile,5,0
9908,control,desktop,4,0
3895,control,mobile,5,0
8996,control,mobile,12,0
22371,treatment,mobile,3,0
21759,treatment,mobile,4,0
16493,treatment,mobile,5,0
5553,control,mobile,10,0
207,control,desktop,13,0
3209,control,mobile,13,0
10442,control,mobile,10,0
18752,treatment,desktop,7,0
15740,treatment,mobile,5,0
10348,control,mobile,1,0
4757,control,mobile,6,1
18775,treatment,desktop,14,0
21500,treatment,desktop,10,0
5125,control,mobile,5,0
1891,control,mobile,13,0
2440,control,desktop,11,0
22624,treatment,mobile,11,0
10305,control,desktop,9,0
21976,treatment,mobile,12,0
8852,control,mobile,10,0
12933,treatment,mobile,3,0
14807,treatment,mobile,8,0
20884,treatment,mobile,9,0
6672,control,mobile,6,0
8952,control,mobile,12,0
9077,control,desktop,9,0
11402,control,mobile,14,0
22623,treatment,mobile,7,0
9461,control,desktop,11,0
13009,treatment,mobile,14,0
4255,control,mobile,12,0
12437,treatment,desktop,12,0
2545,control,desktop,3,0
8644,control,mobile,11,0
8554,control,mobile,7,0
2108,control,mobile,13,0
7655,control,mobile,12,0
18869,treatment,desktop,14,0
12790,treatment,mobile,2,0
9125,control,desktop,1,1
12574,treatment,mobile,7,0
21169,treatment,mobile,11,0
7735,control,mobile,8,0
4384,control,desktop,12,0
17757,treatment,mobile,12,0
19204,treatment,mobile,3,0
21390,treatment,mobile,6,0
14365,treatment,mobile,14,0
4700,control,mobile,5,0
5392,control,mobile,8,0
2048,control,mobile,7,0
15364,treatment,mobile,7,1
7807,control,desktop,2,0
1486,control,mobile,5,0
2732,control,desktop,10,0
5839,control,desktop,13,0
2081,control,mobile,6,0
17840,treatment,desktop,3,0
15230,treatment,mobile,9,0
14904,treatment,desktop,5,0
7726,control,mobile,6,0
1896,control,mobile,5,0
18082,treatment,mobile,1,0
15468,treatment,desktop,1,0
22065,treatment,desktop,12,0
1567,control,mobile,1,0
3312,control,mobile,14,0
2384,control,mobile,13,1
23533,treatment,mobile,11,0
10118,control,mobile,9,0
15860,treatment,desktop,10,0
13806,treatment,mobile,9,0
20010,treatment,mobile,11,0
8192,control,desktop,9,0
15781,treatment,desktop,5,0
12101,treatment,mobile,2,0
10857,control,desktop,12,0
18913,treatment,desktop,5,1
23534,treatment,desktop,13,0
11494,control,mobile,4,0
952,control,mobile,1,0
9782,control,mobile,11,0
14968,treatment,desktop,5,0
20877,treatment,mobile,10,0
1432,control,mobile,4,0
6464,control,mobile,9,0
17177,treatment,mobile,3,0
15160,treatment,mobile,13,0
3471,control,mobile,10,0
3951,control,desktop,2,0
7305,control,mobile,4,0
19069,treatment,mobile,14,0
4503,control,mobile,4,0
12561,treatment,desktop,8,0
7713,control,desktop,10,0
10457,control,desktop,10,0
13469,treatment,mobile,7,0
9589,control,desktop,4,0
16492,treatment,mobile,13,0
18564,treatment,mobile,12,0
19772,treatment,desktop,1,0
7277,control,desktop,7,0
13990,treatment,mobile,11,0
9315,control,mobile,13,0
10092,control,desktop,4,0
10257,control,mobile,13,0
17716,treatment,mobile,1,0
1570,control,desktop,2,0
3211,control,desktop,1,0
4903,control,desktop,14,0
20709,treatment,desktop,9,0
3603,control,mobile,3,0
7611,control,mobile,5,0
16587,treatment,desktop,5,0
15795,treatment,desktop,2,0
7215,control,mobile,7,0
5280,control,mobile,12,0
10599,control,mobile,14,1
4602,control,mobile,8,1
9857,control,desktop,14,0
23391,treatment,mobile,12,0
13286,treatment,mobile,7,1
1635,control,mobile,9,0
7695,control,mobile,11,0
15075,treatment,desktop,6,0
4934,control,mobile,4,0
17778,treatment,desktop,8,0
1895,control,mobile,1,0
4705,control,desktop,5,0
13329,treatment,mobile,13,0
91,control,mobile,10,0
6421,control,mobile,5,0
13884,treatment,mobile,3,0
23084,treatment,desktop,1,0
20564,treatment,mobile,6,0
19412,treatment,mobile,6,0
7895,control,mobile,1,0
21657,treatment,desktop,5,0
23604,treatment,mobile,12,0
15168,treatment,mobile,2,0
4299,control,desktop,2,0
16394,treatment,mobile,10,0
19558,treatment,desktop,4,0
23019,treatment,mobile,7,0
2084,control,desktop,2,0
2922,control,mobile,7,0
9073,control,mobile,12,1
20961,treatment,mobile,6,0
21716,treatment,desktop,8,0
4891,control,desktop,2,0
6771,control,desktop,11,0
14739,treatment,mobile,10,0
23805,treatment,mobile,4,0
16684,treatment,desktop,10,0
23075,treatment,mobile,10,0
23900,treatment,mobile,4,0
1383,control,desktop,8,0
3004,control,mobile,4,0
9154,control,mobile,10,1
23792,treatment,desktop,5,0
7685,control,mobile,10,0
9785,control,desktop,10,0
855,control,mobile,12,0
5093,control,desktop,8,0
20511,treatment,mobile,8,0
6519,control,mobile,9,0
4800,control,desktop,2,0
13404,treatment,desktop,2,0
10931,control,mobile,4,0
21033,treatment,desktop,14,0
14097,treatment,mobile,4,0
831,control,mobile,3,0
18930,treatment,mobile,9,0
11251,control,mobile,1,0
14030,treatment,desktop,4,0
3577,control,mobile,13,0
7933,control,mobile,14,0
6954,control,desktop,1,0
2563,control,desktop,4,1
2174,control,desktop,13,0
3189,control,mobile,4,0
9493,control,desktop,6,0
9145,control,mobile,7,0
11271,control,mobile,13,0
9238,control,desktop,3,0
16941,treatment,desktop,10,0
15976,treatment,mobile,11,0
10037,control,mobile,7,0
22720,treatment,desktop,4,0
20159,treatment,mobile,7,0
4259,control,mobile,11,0
10194,control,mobile,9,0
19749,treatment,mobile,12,0
21442,treatment,mobile,1,0
18434,treatment,desktop,6,0
16057,treatment,mobile,12,0
16339,treatment,mobile,3,0
14491,treatment,mobile,10,0
6837,control,mobile,9,0
16060,treatment,desktop,7,0
4267,control,desktop,1,0
17956,treatment,mobile,9,0
11891,control,mobile,14,0
9011,control,mobile,1,0
592,control,mobile,10,0
11503,control,desktop,13,0
6021,control,desktop,1,0
22217,treatment,desktop,4,0
20789,treatment,desktop,4,0
14813,treatment,mobile,8,0
12644,treatment,mobile,11,0
2660,control,mobile,7,0
5478,control,desktop,1,0
3738,control,mobile,14,0
3575,control,mobile,7,0
17504,treatment,mobile,14,0
21520,treatment,mobile,13,0
14814,treatment,desktop,7,1
22195,treatment,desktop,12,0
8708,control,desktop,2,0
9045,control,mobile,4,0
21509,treatment,mobile,12,0
15981,treatment,mobile,2,0
2885,control,desktop,4,0
13625,treatment,desktop,11,0
14511,treatment,desktop,6,0
1154,control,mobile,12,0
13654,treatment,desktop,5,0
18558,treatment,mobile,9,0
7085,control,mobile,2,0
4450,control,mobile,10,0
12639,treatment,desktop,9,0
8303,control,desktop,1,0
4118,control,mobile,13,0
22142,treatment,mobile,13,0
12583,treatment,mobile,6,0
916,control,desktop,13,0
10551,control,mobile,14,0
23125,treatment,mobile,2,0
16078,treatment,desktop,3,0
17902,treatment,mobile,7,0
2426,control,mobile,14,0
6448,control,mobile,7,0
14045,treatment,mobile,8,0
10145,control,mobile,13,0
13064,treatment,desktop,3,0
9178,control,desktop,3,0
18074,treatment,mobile,4,0
19729,treatment,mobile,9,0
13383,treatment,mobile,12,0
15043,treatment,desktop,9,0
20204,treatment,desktop,9,0
12785,treatment,mobile,11,0
2049,control,mobile,10,0
17165,treatment,desktop,5,0
2411,control,mobile,4,0
4380,control,desktop,1,1
12077,treatment,mobile,11,0
302,control,desktop,1,0
11814,control,desktop,1,0
23832,treatment,mobile,1,0
12296,treatment,mobile,3,0
424,control,mobile,13,0
16472,treatment,mobile,14,0
908,control,mobile,13,0
10736,control,mobile,2,0
4381,control,desktop,3,0
10970,control,mobile,1,0
16757,treatment,mobile,12,0
4311,control,mobile,5,0
19628,treatment,mobile,4,0
10888,control,mobile,3,0
19483,treatment,desktop,7,0
13282,treatment,mobile,12,0
5221,control,desktop,14,1
16879,treatment,mobile,8,0
15901,treatment,mobile,9,0
12915,treatment,mobile,9,0
6931,control,mobile,5,0
7068,control,desktop,7,0
22794,treatment,mobile,4,0
3013,control,mobile,6,0
16117,treatment,desktop,2,0
8407,control,desktop,10,0
8740,control,mobile,1,0
5515,control,mobile,6,0
5408,control,mobile,3,0
13878,treatment,desktop,12,0
14180,treatment,desktop,11,0
21654,treatment,desktop,5,0
10089,control,mobile,4,0
10605,control,desktop,3,0
6340,control,mobile,11,0
2918,control,desktop,14,0
6717,control,mobile,12,0
21225,treatment,mobile,4,0
9684,control,desktop,6,0
20503,treatment,mobile,8,0
5072,control,mobile,8,0
21088,treatment,mobile,2,0
249,control,mobile,4,0
18244,treatment,desktop,2,0
17269,treatment,desktop,5,0
14353,treatment,mobile,5,0
15479,treatment,mobile,5,0
22909,treatment,mobile,11,0
18459,treatment,desktop,10,0
10811,control,mobile,5,0
3163,control,mobile,12,0
7738,control,mobile,7,0
15344,treatment,desktop,8,0
10262,control,mobile,7,0
8643,control,mobile,4,0
9762,control,mobile,9,0
12391,treatment,mobile,4,0
17239,treatment,desktop,10,0
3635,control,desktop,10,0
21310,treatment,mobile,10,0
21168,treatment,desktop,2,0
3610,control,desktop,1,0
10444,control,mobile,11,0
8333,control,mobile,6,0
23691,treatment,mobile,2,0
22407,treatment,mobile,14,0
803,control,desktop,4,1
5019,control,desktop,10,0
12092,treatment,mobile,1,0
12592,treatment,desktop,1,0
5394,control,desktop,12,0
13694,treatment,mobile,5,0
7599,control,desktop,4,1
4482,control,desktop,12,0
2549,control,desktop,4,0
17715,treatment,mobile,4,0
20513,treatment,desktop,7,0
888,control,mobile,10,0
2131,control,desktop,3,0
12290,treatment,desktop,6,0
11338,control,mobile,4,0
6476,control,mobile,9,0
7250,control,desktop,6,0
22212,treatment,desktop,4,0
2409,control,mobile,2,0
6746,control,desktop,4,0
11754,control,mobile,9,0
15122,treatment,mobile,2,0
5366,control,mobile,1,1
4553,control,mobile,6,0
22708,treatment,desktop,2,0
10470,control,mobile,5,0
23782,treatment,mobile,6,0
19409,treatment,mobile,5,0
22153,treatment,mobile,14,0
19673,treatment,desktop,11,0
16425,treatment,mobile,8,0
13180,treatment,desktop,9,0
10340,control,mobile,13,0
10322,control,desktop,13,0
6087,control,mobile,1,0
9138,control,mobile,13,0
10112,control,mobile,8,0
10546,control,mobile,13,0
20631,treatment,mobile,8,0
9874,control,mobile,3,0
12230,treatment,mobile,7,0
13717,treatment,desktop,11,0
5895,control,desktop,14,0
19570,treatment,mobile,14,0
19394,treatment,desktop,8,0
5585,control,desktop,9,0
1907,control,mobile,7,0
22632,treatment,mobile,10,0
3715,control,mobile,14,0
22939,treatment,desktop,2,0
16850,treatment,mobile,5,0
10910,control,mobile,14,0
147,control,desktop,14,0
23677,treatment,mobile,5,0
17825,treatment,desktop,4,1
3264,control,desktop,7,0
16227,treatment,desktop,13,0
23946,treatment,mobile,10,1
707,control,desktop,1,0
13965,treatment,desktop,5,0
21741,treatment,mobile,14,0
15260,treatment,desktop,6,0
10974,control,desktop,1,0
9028,control,mobile,2,0
21551,treatment,mobile,14,0
5965,control,desktop,14,0
2228,control,mobile,3,0
3438,control,desktop,9,0
8800,control,mobile,12,0
2349,control,desktop,10,0
22003,treatment,desktop,12,0
19552,treatment,mobile,14,0
22740,treatment,mobile,10,0
10639,control,desktop,4,0
12525,treatment,mobile,5,0
10688,control,mobile,6,1
19985,treatment,mobile,10,0
9455,control,desktop,7,0
12695,treatment,desktop,6,1
17491,treatment,desktop,10,0
11456,control,mobile,5,0
9596,control,mobile,14,0
8405,control,mobile,10,0
2855,control,mobile,3,0
19454,treatment,mobile,10,0
9066,control,mobile,2,0
23983,treatment,desktop,4,0
9850,control,mobile,6,0
7076,control,mobile,8,0
11618,control,mobile,13,0
9057,control,mobile,7,0
22568,treatment,mobile,14,0
22969,treatment,desktop,10,0
7066,control,desktop,7,0
6206,control,mobile,8,1
3315,control,mobile,13,0
18973,treatment,mobile,11,0
4738,control,desktop,13,0
12357,treatment,mobile,8,0
9328,control,mobile,12,0
10514,control,desktop,6,0
2577,control,mobile,3,0
20002,treatment,desktop,10,0
122,control,mobile,14,0
22169,treatment,desktop,12,0
3882,control,mobile,5,0
3137,control,mobile,12,0
10239,control,mobile,8,0
7592,control,desktop,3,0
8119,control,mobile,11,0
600,control,desktop,14,0
12240,treatment,desktop,13,0
10480,control,desktop,9,0
5220,control,mobile,4,0
13129,treatment,desktop,2,0
19055,treatment,mobile,10,0
16989,treatment,mobile,9,0
5251,control,desktop,3,0
13079,treatment,desktop,3,1
20291,treatment,mobile,5,0
17339,treatment,desktop,10,0
9029,control,mobile,9,0
5112,control,mobile,8,0
6738,control,desktop,10,0
11360,control,mobile,13,0
20589,treatment,desktop,11,0
13954,treatment,desktop,1,1
11024,control,mobile,5,0
593,control,mobile,7,0
17879,treatment,mobile,10,0
13667,treatment,desktop,8,0
6686,control,mobile,5,0
13242,treatment,mobile,5,0
22905,treatment,mobile,14,0
21252,treatment,mobile,7,0
21675,treatment,desktop,4,0
16746,treatment,mobile,13,0
19064,treatment,desktop,10,0
114,control,mobile,9,0
6984,control,desktop,5,0
23351,treatment,mobile,5,0
22480,treatment,mobile,11,0
8389,control,mobile,11,0
22984,treatment,desktop,13,0
4233,control,mobile,12,0
9718,control,desktop,1,0
16184,treatment,desktop,12,0
7289,control,mobile,3,0
5639,control,mobile,9,0
21510,treatment,mobile,14,0
23092,treatment,mobile,6,0
8045,control,desktop,11,0
22574,treatment,desktop,2,0
13783,treatment,desktop,10,0
6553,control,desktop,3,0
15029,treatment,mobile,3,0
20776,treatment,desktop,4,0
20238,treatment,mobile,10,0
4727,control,desktop,3,0
13775,treatment,desktop,1,0
350,control,desktop,11,0
20225,treatment,desktop,4,0
14054,treatment,mobile,1,0
7699,control,desktop,5,0
177,control,mobile,9,0
17669,treatment,desktop,1,0
7554,control,desktop,4,0
1184,control,mobile,12,0
14924,treatment,desktop,1,0
2969,control,desktop,12,0
23694,treatment,mobile,1,1
5342,control,desktop,7,0
12097,treatment,desktop,4,0
22699,treatment,mobile,5,1
20640,treatment,desktop,10,0
244,control,mobile,12,0
6395,control,mobile,12,0
10538,control,desktop,10,0
1313,control,desktop,11,0
19501,treatment,desktop,9,0
1810,control,desktop,5,0
19989,treatment,mobile,11,0
14443,treatment,mobile,10,0
17940,treatment,mobile,6,0
9931,control,desktop,1,0
22490,treatment,mobile,4,0
15731,treatment,mobile,11,0
12458,treatment,desktop,5,0
12916,treatment,desktop,12,0
18125,treatment,desktop,6,0
10328,control,mobile,7,0
23823,treatment,mobile,3,0
5604,control,mobile,10,0
5842,control,desktop,6,0
17097,treatment,desktop,14,1
2740,control,mobile,5,0
13924,treatment,mobile,3,0
17109,treatment,mobile,5,0
23259,treatment,mobile,14,0
14048,treatment,mobile,8,0
789,control,mobile,1,0
18241,treatment,mobile,13,1
11874,control,mobile,6,0
6825,control,desktop,4,0
7438,control,mobile,3,0
7563,control,mobile,13,0
3775,control,desktop,2,0
14249,treatment,mobile,7,0
3487,control,mobile,8,0
8805,control,mobile,12,0
17064,treatment,mobile,7,0
4422,control,mobile,1,0
16315,treatment,mobile,3,0
17219,treatment,mobile,14,0
8193,control,mobile,14,0
2609,control,mobile,3,0
6728,control,desktop,1,0
1142,control,desktop,14,0
8792,control,mobile,6,0
13940,treatment,desktop,1,0
10378,control,mobile,13,0
8842,control,mobile,14,0
14567,treatment,desktop,3,0
1290,control,mobile,5,0
10489,control,mobile,8,0
18569,treatment,mobile,2,0
736,control,desktop,4,0
15788,treatment,desktop,3,0
5938,control,desktop,11,0
17593,treatment,mobile,2,0
10217,control,mobile,7,0
20519,treatment,mobile,6,0
15699,treatment,mobile,11,0
17211,treatment,desktop,11,0
14426,treatment,desktop,11,0
20821,treatment,mobile,4,0
1683,control,mobile,13,0
914,control,mobile,12,0
9506,control,desktop,3,0
8067,control,mobile,5,0
14073,treatment,mobile,2,0
8392,control,mobile,7,0
17086,treatment,mobile,12,0
17158,treatment,mobile,11,0
1349,control,desktop,12,0
15541,treatment,mobile,7,0
8159,control,desktop,2,0
4690,control,desktop,1,0
10786,control,desktop,13,0
16427,treatment,desktop,9,1
8576,control,mobile,13,1
9047,control,mobile,5,0
5914,control,desktop,12,0
11617,control,mobile,1,0
19529,treatment,mobile,14,0
6703,control,desktop,3,0
19273,treatment,mobile,1,0
12349,treatment,desktop,4,0
641,control,desktop,13,0
1068,control,mobile,7,0
22035,treatment,desktop,11,0
11662,control,mobile,6,0
9797,control,mobile,10,0
3474,control,mobile,3,0
20226,treatment,mobile,10,0
1348,control,desktop,13,0
23148,treatment,mobile,12,0
17031,treatment,mobile,7,0
11276,control,mobile,4,0
5627,control,desktop,9,0
2908,control,mobile,14,0
2688,control,mobile,13,0
7964,control,desktop,9,0
19130,treatment,mobile,10,0
11153,control,mobile,7,0
1495,control,desktop,10,0
8753,control,mobile,2,0
11886,control,mobile,5,0
7587,control,desktop,3,0
22098,treatment,desktop,6,0
6096,control,mobile,8,0
22171,treatment,mobile,5,0
9526,control,mobile,14,0
21827,treatment,desktop,4,0
12325,treatment,desktop,9,0
12962,treatment,mobile,7,0
23750,treatment,desktop,6,0
21732,treatment,desktop,13,0
20953,treatment,desktop,6,0
9010,control,desktop,8,1
15404,treatment,mobile,5,0
12094,treatment,mobile,12,0
825,control,desktop,7,0
4176,control,mobile,7,0
4733,control,desktop,11,0
7755,control,mobile,13,0
17615,treatment,mobile,3,0
21888,treatment,desktop,4,0
15626,treatment,mobile,2,0
15115,treatment,mobile,8,0
13899,treatment,desktop,13,0
5424,control,mobile,10,0
23923,treatment,mobile,5,0
18330,treatment,desktop,5,0
11739,control,desktop,6,1
20257,treatment,desktop,11,0
10490,control,desktop,7,0
3657,control,mobile,11,0
13948,treatment,mobile,4,0
12548,treatment,mobile,5,0
18287,treatment,desktop,11,0
20433,treatment,desktop,10,0
14155,treatment,mobile,12,0
1736,control,desktop,4,0
22817,treatment,mobile,8,0
13317,treatment,desktop,14,0
3967,control,mobile,11,0
6474,control,mobile,1,0
14110,treatment,mobile,8,0
9326,control,mobile,13,0
11714,control,mobile,7,0
23817,treatment,mobile,7,0
9172,control,desktop,6,1
8219,control,mobile,10,0
3218,control,desktop,1,0
23078,treatment,desktop,1,0
22828,treatment,mobile,13,0
1950,control,mobile,3,0
1983,control,desktop,5,0
5111,control,mobile,3,0
21554,treatment,mobile,1,0
8794,control,desktop,1,0
14313,treatment,mobile,6,0
23353,treatment,mobile,6,0
7367,control,desktop,6,0
16114,treatment,mobile,8,0
22461,treatment,mobile,6,0
1949,control,mobile,9,0
3942,control,desktop,13,0
3248,control,desktop,12,0
5932,control,mobile,1,0
1240,control,mobile,14,0
14312,treatment,mobile,7,0
7064,control,mobile,6,0
15957,treatment,mobile,1,0
21200,treatment,desktop,9,0
20249,treatment,mobile,2,0
14672,treatment,mobile,13,0
12772,treatment,mobile,1,0
1325,control,desktop,8,0
19932,treatment,desktop,11,0
17470,treatment,mobile,5,0
14859,treatment,desktop,7,0
8917,control,desktop,3,0
17509,treatment,mobile,10,0
5159,control,mobile,4,0
5299,control,mobile,6,0
20833,treatment,mobile,9,0
5307,control,mobile,1,0
17299,treatment,mobile,10,0
17073,treatment,desktop,10,0
5303,control,mobile,9,0
11484,control,mobile,2,0
3917,control,mobile,7,0
7164,control,mobile,2,0
22339,treatment,desktop,11,0
2853,control,desktop,2,0
1655,control,mobile,8,0
10598,control,desktop,9,0
16239,treatment,mobile,12,0
617,control,desktop,14,0
23183,treatment,desktop,3,0
19784,treatment,mobile,5,0
11070,control,mobile,12,0
8221,control,mobile,9,0
8579,control,desktop,3,1
3007,control,mobile,13,0
591,control,mobile,1,0
3083,control,desktop,8,0
506,control,mobile,1,0
8272,control,mobile,3,0
15557,treatment,mobile,2,0
17466,treatment,desktop,8,0
22102,treatment,mobile,4,0
16153,treatment,mobile,8,0
2140,control,mobile,7,0
21130,treatment,mobile,7,0
12980,treatment,desktop,4,0
17301,treatment,mobile,5,1
7668,control,mobile,2,0
5379,control,mobile,5,0
3322,control,mobile,9,0
8960,control,mobile,2,0
8376,control,desktop,11,0
14962,treatment,desktop,2,0
5296,control,mobile,12,1
364,control,mobile,1,0
23559,treatment,desktop,9,1
8384,control,desktop,13,0
9089,control,desktop,8,1
17602,treatment,mobile,1,0
2646,control,mobile,9,0
21590,treatment,desktop,8,0
1959,control,mobile,9,0
14113,treatment,mobile,9,0
4510,control,desktop,12,0
5792,control,desktop,1,0
9071,control,mobile,14,0
16367,treatment,mobile,2,0
23899,treatment,mobile,4,0
4161,control,desktop,12,0
21474,treatment,mobile,13,0
21867,treatment,desktop,8,0
3795,control,mobile,5,0
10198,control,mobile,13,0
18376,treatment,mobile,4,0
20205,treatment,desktop,2,0
17983,treatment,mobile,12,0
15482,treatment,mobile,7,0
987,control,mobile,2,0
17005,treatment,desktop,10,1
6458,control,mobile,11,1
17331,treatment,mobile,7,0
10171,control,mobile,13,0
20497,treatment,mobile,13,0
3588,control,mobile,14,0
3943,control,desktop,1,0
18080,treatment,mobile,4,0
3164,control,desktop,12,0
4151,control,desktop,4,0
20264,treatment,mobile,11,0
8826,control,mobile,5,0
2968,control,mobile,9,0
15537,treatment,desktop,6,0
13122,treatment,mobile,8,0
4571,control,desktop,10,0
22298,treatment,desktop,9,0
14698,treatment,mobile,10,0
16916,treatment,desktop,11,1
19308,treatment,mobile,3,0
22442,treatment,mobile,3,0
4480,control,mobile,14,0
5500,control,desktop,13,0
22265,treatment,mobile,8,0
4248,control,mobile,5,0
23176,treatment,mobile,11,0
23916,treatment,mobile,2,0
10048,control,desktop,1,0
9068,control,desktop,5,0
16237,treatment,mobile,6,0
19670,treatment,desktop,14,0
22554,treatment,desktop,7,0
20488,treatment,desktop,9,0
16289,treatment,mobile,1,1
11222,control,desktop,14,0
17196,treatment,mobile,11,0
22788,treatment,desktop,8,0
18039,treatment,mobile,14,0
9893,control,mobile,9,0
17135,treatment,desktop,5,0
13772,treatment,mobile,4,0
17762,treatment,desktop,1,1
3174,control,mobile,14,0
14752,treatment,mobile,1,0
20855,treatment,mobile,9,0
18317,treatment,desktop,7,0
11139,control,desktop,3,0
20525,treatment,mobile,1,0
10521,control,desktop,5,0
992,control,mobile,6,0
17282,treatment,mobile,1,0
12119,treatment,mobile,11,0
7817,control,mobile,1,0
5728,control,mobile,4,0
20353,treatment,mobile,6,0
17767,treatment,mobile,11,0
17346,treatment,desktop,3,0
6542,control,mobile,3,0
22376,treatment,desktop,5,0
3774,control,mobile,4,0
22400,treatment,mobile,5,0
7603,control,mobile,13,0
23322,treatment,desktop,1,0
17587,treatment,desktop,12,0
22210,treatment,mobile,5,0
23407,treatment,mobile,2,0
3893,control,mobile,6,0
10267,control,mobile,11,0
1066,control,desktop,10,0
16953,treatment,mobile,4,0
8180,control,mobile,3,0
314,control,desktop,11,0
12053,treatment,mobile,5,0
15829,treatment,desktop,3,0
18742,treatment,desktop,3,0
6334,control,desktop,3,0
19153,treatment,mobile,8,0
22862,treatment,desktop,3,0
16952,treatment,desktop,1,0
926,control,desktop,8,0
2760,control,mobile,4,0
13968,treatment,mobile,9,0
16292,treatment,desktop,3,0
19952,treatment,desktop,9,0
18425,treatment,mobile,2,0
23320,treatment,desktop,12,0
8321,control,mobile,9,0
11615,control,mobile,5,0
220,control,mobile,8,0
5909,control,desktop,6,0
4524,control,desktop,13,0
18417,treatment,desktop,5,0
3736,control,mobile,1,0
12835,treatment,desktop,10,0
22379,treatment,desktop,5,0
7871,control,mobile,14,0
10845,control,desktop,7,0
23310,treatment,mobile,8,0
2739,control,mobile,5,1
8287,control,mobile,12,0
9258,control,mobile,7,0
19807,treatment,desktop,9,0
1188,control,desktop,3,0
11498,control,desktop,7,0
5102,control,mobile,13,0
20958,treatment,mobile,3,0
4558,control,desktop,8,0
11457,control,desktop,13,0
1965,control,desktop,12,0
11344,control,desktop,14,0
628,control,mobile,8,0
5266,control,desktop,4,0
2420,control,mobile,12,0
13688,treatment,mobile,9,0
12829,treatment,mobile,13,0
7499,control,desktop,9,0
9697,control,desktop,2,0
21095,treatment,mobile,9,0
13500,treatment,mobile,5,0
22434,treatment,mobile,5,0
14351,treatment,desktop,14,0
6787,control,mobile,6,0
20304,treatment,mobile,12,0
10754,control,mobile,1,0
20091,treatment,desktop,7,0
169,control,desktop,9,0
12926,treatment,mobile,11,0
7923,control,mobile,2,0
15924,treatment,mobile,5,0
915,control,mobile,2,0
9179,control,desktop,3,0
13836,treatment,mobile,2,0
14046,treatment,mobile,13,0
19467,treatment,mobile,11,0
9183,control,mobile,3,0
16555,treatment,mobile,10,0
2133,control,desktop,8,0
5164,control,mobile,6,0
8252,control,mobile,13,0
5702,control,mobile,1,0
21417,treatment,mobile,13,0
15241,treatment,mobile,11,0
21700,treatment,mobile,7,0
10148,control,mobile,5,0
22079,treatment,mobile,6,0
19110,treatment,desktop,10,0
11671,control,mobile,4,0
16975,treatment,desktop,5,0
4959,control,mobile,6,0
13020,treatment,mobile,9,0
5045,control,desktop,9,0
11544,control,desktop,9,0
10911,control,desktop,7,0
4055,control,mobile,12,0
11250,control,mobile,10,0
20848,treatment,mobile,1,0
2499,control,mobile,4,0
2171,control,mobile,8,0
17819,treatment,desktop,8,0
21391,treatment,mobile,8,1
20344,treatment,mobile,6,0
11646,control,mobile,2,0
18273,treatment,desktop,2,0
8105,control,mobile,7,0
6748,control,mobile,12,0
17417,treatment,mobile,3,0
10446,control,desktop,5,0
11905,control,mobile,10,0
14128,treatment,mobile,13,0
1893,control,mobile,4,0
19868,treatment,mobile,3,0
23023,treatment,mobile,12,0
3751,control,desktop,10,1
15207,treatment,mobile,9,0
17862,treatment,desktop,8,0
19676,treatment,desktop,1,0
18353,treatment,desktop,12,0
1049,control,mobile,7,0
2302,control,desktop,9,0
4810,control,mobile,5,0
17697,treatment,mobile,6,0
8467,control,desktop,12,0
16298,treatment,mobile,12,0
10280,control,mobile,13,0
16352,treatment,mobile,12,0
10142,control,mobile,4,0
20262,treatment,mobile,8,0
23174,treatment,mobile,7,0
21653,treatment,desktop,2,0
12462,treatment,desktop,7,0
12187,treatment,desktop,8,0
19458,treatment,mobile,4,0
19481,treatment,desktop,12,1
15386,treatment,desktop,10,0
14173,treatment,mobile,1,0
6920,control,desktop,1,0
23022,treatment,desktop,3,0
10437,control,mobile,4,0
1583,control,mobile,14,0
10493,control,mobile,12,0
13602,treatment,mobile,2,0
8683,control,mobile,9,0
19615,treatment,mobile,6,0
19835,treatment,mobile,13,0
7441,control,mobile,4,0
20376,treatment,mobile,9,0
10629,control,mobile,8,0
21266,treatment,mobile,7,0
14095,treatment,mobile,5,0
16287,treatment,mobile,11,0
4793,control,mobile,13,0
15210,treatment,desktop,9,0
9518,control,mobile,8,0
19306,treatment,desktop,11,0
20764,treatment,desktop,3,0
6455,control,mobile,4,0
11241,control,desktop,10,0
12223,treatment,desktop,8,0
18495,treatment,desktop,11,0
4588,control,mobile,5,0
19399,treatment,mobile,3,0
6332,control,mobile,12,0
7333,control,desktop,5,0
1739,control,mobile,11,0
264,control,desktop,13,0
13166,treatment,mobile,4,0
2204,control,mobile,8,0
22820,treatment,mobile,1,0
17121,treatment,mobile,8,0
15708,treatment,desktop,2,0
8762,control,mobile,3,0
2257,control,mobile,3,0
15220,treatment,mobile,14,0
12358,treatment,mobile,4,0
3901,control,mobile,6,0
3590,control,mobile,11,0
17278,treatment,desktop,5,0
19880,treatment,mobile,14,0
18258,treatment,mobile,2,0
15071,treatment,desktop,6,1
17119,treatment,mobile,3,0
16851,treatment,mobile,9,0
10102,control,mobile,14,0
11796,control,mobile,10,0
21183,treatment,mobile,8,1
20657,treatment,desktop,1,0
18104,treatment,mobile,11,0
21819,treatment,desktop,6,0
15922,treatment,mobile,6,0
236,control,desktop,8,0
12778,treatment,mobile,6,0
21787,treatment,mobile,8,0
20054,treatment,desktop,6,0
13549,treatment,mobile,1,0
4280,control,desktop,3,0
398,control,mobile,11,0
4943,control,mobile,8,0
10363,control,mobile,3,0
15914,treatment,desktop,12,0
17322,treatment,mobile,11,0
6996,control,mobile,6,0
15824,treatment,mobile,4,0
3198,control,desktop,14,0
21489,treatment,desktop,8,0
11567,control,desktop,12,0
14946,treatment,desktop,10,0
4703,control,desktop,12,0
6232,control,mobile,8,0
20632,treatment,mobile,6,0
4257,control,mobile,2,0
15826,treatment,mobile,11,0
252,control,desktop,9,0
16242,treatment,desktop,11,0
10520,control,mobile,1,0
910,control,mobile,9,0
19747,treatment,mobile,8,0
21234,treatment,desktop,13,0
11805,control,mobile,5,0
12729,treatment,desktop,5,0
11837,control,desktop,8,0
22710,treatment,mobile,13,0
8737,control,mobile,3,0
9952,control,mobile,3,0
8949,control,desktop,10,0
19657,treatment,mobile,13,0
16767,treatment,mobile,6,1
12310,treatment,mobile,4,0
1225,control,desktop,8,0
18906,treatment,mobile,5,0
9163,control,mobile,1,1
3428,control,desktop,3,0
23980,treatment,mobile,12,0
23956,treatment,mobile,6,0
10302,control,mobile,12,0
9469,control,mobile,11,0
19632,treatment,mobile,5,0
4865,control,mobile,9,0
16204,treatment,mobile,7,0
9825,control,desktop,14,0
6238,control,mobile,14,0
613,control,mobile,8,0
362,control,mobile,6,0
15612,treatment,mobile,11,0
6327,control,mobile,6,0
12947,treatment,mobile,7,0
22921,treatment,desktop,10,0
6320,control,desktop,12,0
9295,control,mobile,7,0
3636,control,desktop,11,0
16942,treatment,mobile,4,0
2498,control,desktop,12,0
950,control,mobile,14,0
4868,control,mobile,7,0
11109,control,mobile,12,0
18994,treatment,mobile,6,0
19275,treatment,mobile,8,0
3781,control,desktop,1,0
477,control,mobile,3,0
15205,treatment,desktop,13,0
361,control,mobile,1,0
17316,treatment,mobile,13,0
9598,control,mobile,5,0
20860,treatment,mobile,3,0
11212,control,mobile,2,0
23062,treatment,desktop,8,0
8887,control,mobile,2,0
4754,control,desktop,13,0
5988,control,mobile,11,0
18871,treatment,desktop,7,0
7952,control,desktop,5,0
8698,control,desktop,8,0
5657,control,mobile,13,0
5955,control,mobile,11,0
8953,control,desktop,14,0
11064,control,mobile,10,0
20355,treatment,mobile,3,0
13937,treatment,mobile,12,0
4181,control,desktop,6,0
2911,control,mobile,7,0
1442,control,desktop,1,0
15729,treatment,desktop,2,0
10856,control,mobile,13,0
9577,control,mobile,10,0
18844,treatment,mobile,2,0
15300,treatment,mobile,14,0
4307,control,mobile,8,0
23297,treatment,mobile,9,0
23596,treatment,desktop,1,0
183,control,desktop,3,0
18138,treatment,desktop,2,1
1310,control,mobile,7,0
4598,control,desktop,8,0
5426,control,mobile,10,0
4305,control,mobile,9,0
4284,control,mobile,10,0
8080,control,desktop,1,0
2337,control,desktop,11,0
6549,control,mobile,4,0
4605,control,mobile,3,0
3436,control,mobile,7,0
14193,treatment,desktop,3,0
2330,control,desktop,5,0
17032,treatment,mobile,6,0
1144,control,mobile,14,0
19239,treatment,mobile,5,0
527,control,desktop,14,0
18574,treatment,mobile,1,0
13871,treatment,desktop,2,0
153,control,desktop,10,0
921,control,mobile,11,0
3529,control,desktop,2,0
559,control,desktop,9,0
16365,treatment,desktop,10,0
3330,control,mobile,5,0
10180,control,mobile,2,0
22967,treatment,mobile,1,0
9917,control,desktop,13,0
12028,treatment,mobile,9,0
20735,treatment,mobile,12,0
3376,control,mobile,3,1
17200,treatment,mobile,6,0
3119,control,desktop,14,0
13458,treatment,mobile,12,0
23610,treatment,desktop,12,0
22694,treatment,mobile,8,0
6216,control,desktop,5,0
21533,treatment,mobile,14,0
22033,treatment,desktop,9,0
128,control,mobile,7,0
20639,treatment,desktop,7,0
14893,treatment,desktop,5,0
4802,control,desktop,5,0
2597,control,desktop,5,0
14532,treatment,desktop,5,0
21664,treatment,mobile,9,0
17214,treatment,mobile,8,0
4052,control,mobile,12,1
12680,treatment,mobile,4,0
12004,treatment,mobile,14,0
13241,treatment,mobile,7,0
9384,control,mobile,3,0
2148,control,mobile,5,0
1780,control,desktop,3,0
15171,treatment,mobile,7,0
13157,treatment,desktop,13,0
9541,control,desktop,14,0
2241,control,desktop,1,0
16041,treatment,desktop,12,0
16244,treatment,mobile,11,0
16435,treatment,desktop,2,0
1611,control,desktop,8,0
6012,control,desktop,8,0
12104,treatment,mobile,13,0
8293,control,desktop,7,0
23187,treatment,desktop,3,0
18982,treatment,mobile,7,0
1306,control,mobile,2,1
21395,treatment,desktop,11,0
10683,control,desktop,14,0
820,control,desktop,4,0
19091,treatment,mobile,13,0
3510,control,desktop,10,0
4446,control,desktop,9,0
7242,control,mobile,4,0
19748,treatment,desktop,11,0
14852,treatment,desktop,11,0
22364,treatment,mobile,11,0
5121,control,mobile,10,0
11698,control,mobile,1,0
19712,treatment,mobile,6,0
16995,treatment,mobile,8,0
14774,treatment,mobile,7,1
2886,control,mobile,8,0
3010,control,desktop,1,0
6975,control,desktop,10,0
23168,treatment,mobile,6,0
130,control,mobile,1,0
9158,control,mobile,6,0
22663,treatment,mobile,11,0
7833,control,desktop,4,0
7446,control,mobile,4,0
16641,treatment,desktop,3,0
17856,treatment,mobile,14,0
22857,treatment,mobile,2,0
7260,control,mobile,11,0
19146,treatment,mobile,1,0
3607,control,mobile,13,0
15384,treatment,mobile,6,0
7692,control,mobile,2,0
4143,control,desktop,13,0
1304,control,mobile,2,0
5279,control,mobile,5,0
16276,treatment,mobile,10,0
6809,control,mobile,1,0
17352,treatment,mobile,1,0
13886,treatment,mobile,14,0
15904,treatment,mobile,13,0
1540,control,mobile,1,1
13252,treatment,mobile,8,0
2189,control,desktop,5,0
22201,treatment,mobile,13,0
11672,control,mobile,7,0
20218,treatment,mobile,11,0
12426,treatment,mobile,1,0
6176,control,mobile,3,0
11094,control,mobile,1,0
4421,control,mobile,12,0
13597,treatment,mobile,2,0
5987,control,mobile,7,0
3648,control,desktop,12,0
17166,treatment,mobile,6,0
10765,control,desktop,10,0
22441,treatment,desktop,8,0
2061,control,desktop,4,0
16040,treatment,desktop,6,0
6001,control,mobile,4,0
6092,control,desktop,1,0
17164,treatment,desktop,9,0
7088,control,mobile,6,0
4270,control,mobile,4,0
2068,control,desktop,13,0
11209,control,desktop,9,0
18900,treatment,mobile,9,0
18540,treatment,desktop,13,0
11808,control,desktop,8,0
22711,treatment,mobile,1,0
15490,treatment,desktop,3,0
18684,treatment,mobile,1,0
3429,control,mobile,5,0
3228,control,mobile,4,0
3889,control,mobile,10,0
13145,treatment,mobile,7,0
22668,treatment,mobile,14,0
13451,treatment,desktop,1,0
1067,control,mobile,13,0
7109,control,mobile,4,0
1503,control,desktop,9,0
1987,control,mobile,7,0
5177,control,desktop,7,0
7800,control,desktop,6,0
12632,treatment,mobile,4,0
12565,treatment,desktop,3,0
8571,control,mobile,7,0
2645,control,desktop,6,0
6983,control,mobile,12,0
17180,treatment,desktop,4,0
21837,treatment,mobile,13,0
18953,treatment,mobile,6,0
8715,control,mobile,3,0
15481,treatment,mobile,9,0
6816,control,mobile,3,0
17012,treatment,desktop,8,0
21218,treatment,mobile,13,0
18849,treatment,desktop,3,1
15426,treatment,desktop,6,0
3426,control,mobile,14,0
9803,control,desktop,5,0
9002,control,mobile,12,0
16286,treatment,mobile,9,0
20622,treatment,mobile,5,0
15979,treatment,mobile,10,0
8584,control,desktop,6,0
10712,control,mobile,2,0
9191,control,mobile,13,0
14965,treatment,desktop,14,0
10253,control,desktop,9,0
14010,treatment,desktop,11,0
4560,control,mobile,8,1
8357,control,desktop,4,0
4139,control,desktop,7,0
20323,treatment,mobile,3,0
3811,control,desktop,2,0
741,control,mobile,3,0
2162,control,desktop,7,0
22839,treatment,mobile,14,0
5071,control,desktop,9,0
22349,treatment,mobile,11,0
10800,control,desktop,13,0
17114,treatment,mobile,12,0
21950,treatment,desktop,13,0
9380,control,desktop,13,0
20835,treatment,desktop,7,0
19072,treatment,mobile,10,0
15282,treatment,desktop,7,0
21518,treatment,desktop,7,0
14617,treatment,desktop,3,0
2644,control,desktop,14,0
22374,treatment,mobile,2,0
7450,control,desktop,13,0
23742,treatment,desktop,4,0
19921,treatment,mobile,5,0
22524,treatment,mobile,14,0
11418,control,mobile,13,1
7694,control,mobile,10,0
4561,control,mobile,13,0
15050,treatment,mobile,3,0
16581,treatment,mobile,6,1
8726,control,mobile,10,0
8714,control,desktop,14,0
14838,treatment,mobile,13,0
5698,control,desktop,9,0
19428,treatment,desktop,10,0
13641,treatment,mobile,11,0
4184,control,mobile,5,0
21149,treatment,mobile,13,1
17353,treatment,mobile,6,0
13011,treatment,desktop,3,0
2195,control,mobile,11,0
23453,treatment,mobile,7,0
23450,treatment,mobile,12,0
22063,treatment,mobile,4,1
373,control,mobile,11,0
8082,control,mobile,12,0
10150,control,mobile,2,0
9426,control,mobile,11,0
9331,control,desktop,14,0
23197,treatment,mobile,14,0
1796,control,mobile,10,0
14658,treatment,desktop,1,0
378,control,mobile,12,0
15735,treatment,desktop,8,0
17195,treatment,mobile,1,0
4021,control,mobile,9,0
18486,treatment,desktop,2,0
1562,control,desktop,11,0
18032,treatment,desktop,9,0
21464,treatment,desktop,10,0
17957,treatment,mobile,8,0
11660,control,mobile,2,0
15101,treatment,desktop,6,0
20533,treatment,mobile,4,0
14499,treatment,mobile,3,0
16886,treatment,mobile,9,0
9356,control,mobile,9,0
9582,control,desktop,14,0
11236,control,desktop,8,0
14381,treatment,mobile,10,0
640,control,desktop,6,0
14854,treatment,desktop,5,0
21613,treatment,mobile,11,0
19779,treatment,desktop,10,0
5344,control,mobile,10,0
2599,control,desktop,14,0
7479,control,mobile,10,0
2774,control,mobile,12,0
14087,treatment,mobile,14,0
16721,treatment,desktop,5,0
23274,treatment,mobile,13,0
11691,control,mobile,5,0
11838,control,desktop,10,0
8799,control,desktop,1,0
14936,treatment,mobile,3,0
509,control,mobile,7,0
6573,control,mobile,9,0
12152,treatment,desktop,9,0
14921,treatment,mobile,5,0
19109,treatment,mobile,13,0
20203,treatment,mobile,11,0
11616,control,mobile,7,0
18336,treatment,mobile,11,0
10255,control,desktop,7,0
18354,treatment,desktop,13,0
23480,treatment,mobile,11,0
2446,control,desktop,4,0
8054,control,mobile,13,0
21596,treatment,mobile,8,0
22784,treatment,mobile,3,0
20096,treatment,desktop,11,0
16803,treatment,mobile,14,0
8994,control,mobile,11,0
21437,treatment,desktop,11,0
16727,treatment,desktop,3,0
17348,treatment,mobile,4,0
13107,treatment,desktop,10,0
3336,control,mobile,5,0
3994,control,mobile,12,0
13930,treatment,mobile,7,0
14247,treatment,mobile,7,0
577,control,desktop,9,0
21490,treatment,desktop,11,0
18491,treatment,mobile,6,0
7987,control,mobile,5,0
1499,control,mobile,11,0
10968,control,mobile,8,0
5646,control,mobile,9,0
16708,treatment,mobile,14,0
19920,treatment,desktop,4,0
5906,control,mobile,5,0
21038,treatment,desktop,11,0
22690,treatment,mobile,7,0
18501,treatment,mobile,7,1
13877,treatment,mobile,4,0
13215,treatment,mobile,6,0
13076,treatment,desktop,3,0
17042,treatment,mobile,1,0
14874,treatment,mobile,3,0
6781,control,mobile,10,0
20348,treatment,desktop,9,0
21831,treatment,mobile,8,0
23978,treatment,desktop,11,0
11000,control,mobile,3,0
23815,treatment,mobile,13,0
8870,control,mobile,6,0
534,control,desktop,3,0
15201,treatment,mobile,13,0
13388,treatment,mobile,1,0
6745,control,mobile,14,0
19151,treatment,desktop,10,0
3379,control,mobile,9,0
13938,treatment,mobile,4,0
5829,control,mobile,14,0
19908,treatment,mobile,9,0
22910,treatment,desktop,6,0
20274,treatment,mobile,5,0
7578,control,mobile,9,0
23099,treatment,desktop,13,0
2864,control,mobile,8,0
4734,control,mobile,14,0
4388,control,mobile,3,0
21504,treatment,desktop,2,0
9446,control,desktop,11,0
19202,treatment,mobile,12,0
3476,control,desktop,12,0
21388,treatment,mobile,12,0
14175,treatment,desktop,5,0
9382,control,mobile,13,0
21422,treatment,desktop,14,0
16329,treatment,mobile,5,0
17836,treatment,mobile,11,0
14376,treatment,mobile,12,0
17897,treatment,mobile,2,0
21,control,desktop,4,0
9388,control,desktop,1,0
14125,treatment,mobile,10,0
7728,control,mobile,8,0
4642,control,mobile,10,0
2603,control,mobile,3,0
21151,treatment,mobile,11,0
15417,treatment,mobile,1,1
21756,treatment,mobile,11,0
502,control,mobile,2,0
17052,treatment,desktop,3,0
7847,control,mobile,5,0
19372,treatment,mobile,4,0
5123,control,desktop,4,0
7276,control,mobile,12,0
16028,treatment,mobile,14,0
2879,control,mobile,4,0
9017,control,desktop,5,0
18000,treatment,mobile,13,0
2318,control,mobile,11,0
12788,treatment,mobile,5,0
219,control,mobile,2,0
7211,control,desktop,6,0
1319,control,mobile,11,0
2906,control,desktop,12,0
12801,treatment,desktop,3,0
10251,control,mobile,4,0
404,control,mobile,1,0
4268,control,desktop,8,0
19491,treatment,desktop,14,0
4684,control,mobile,8,0
6851,control,desktop,12,0
9926,control,desktop,10,0
1914,control,mobile,10,0
14448,treatment,desktop,9,0
7195,control,desktop,2,0
21820,treatment,mobile,3,0
21562,treatment,mobile,3,0
11184,control,mobile,10,0
15078,treatment,desktop,6,0
18078,treatment,mobile,9,0
20597,treatment,mobile,10,0
14440,treatment,desktop,1,0
10594,control,desktop,2,0
1901,control,mobile,11,0
14300,treatment,mobile,9,0
23796,treatment,desktop,6,0
16467,treatment,desktop,14,0
19484,treatment,mobile,7,0
20948,treatment,mobile,12,0
18043,treatment,mobile,14,0
16392,treatment,desktop,8,0
22551,treatment,mobile,14,0
12684,treatment,mobile,4,0
1695,control,desktop,7,0
15845,treatment,mobile,12,0
6489,control,mobile,11,1
7968,control,mobile,8,0
22992,treatment,mobile,7,0
10738,control,mobile,10,0
19888,treatment,mobile,5,0
11633,control,mobile,3,0
4879,control,mobile,8,0
15295,treatment,mobile,13,0
27,control,desktop,13,0
19281,treatment,mobile,5,0
1708,control,mobile,10,0
14250,treatment,desktop,10,0
6202,control,desktop,14,0
15028,treatment,mobile,10,0
18397,treatment,mobile,12,0
19665,treatment,desktop,7,0
17508,treatment,mobile,12,0
20227,treatment,desktop,11,1
2134,control,mobile,13,0
22292,treatment,mobile,14,0
10362,control,desktop,12,0
3328,control,mobile,5,1
14194,treatment,mobile,9,0
20146,treatment,mobile,6,1
19931,treatment,mobile,11,0
5577,control,desktop,10,0
2728,control,mobile,14,0
1059,control,mobile,12,0
9335,control,mobile,6,1
10995,control,mobile,13,0
14716,treatment,mobile,10,0
16476,treatment,mobile,14,0
11424,control,mobile,13,0
5917,control,mobile,4,0
2398,control,mobile,1,0
18539,treatment,mobile,5,0
2251,control,desktop,13,0
2155,control,mobile,11,0
14929,treatment,mobile,6,0
13830,treatment,mobile,6,0
10497,control,mobile,14,0
17329,treatment,desktop,14,0
12747,treatment,mobile,7,0
9571,control,desktop,1,0
3919,control,desktop,11,0
13271,treatment,mobile,12,1
13295,treatment,desktop,2,0
17678,treatment,mobile,14,0
19099,treatment,mobile,14,0
17510,treatment,mobile,4,0
15486,treatment,mobile,10,0
19213,treatment,mobile,6,0
2230,control,mobile,6,1
5295,control,mobile,1,0
18734,treatment,mobile,5,0
22517,treatment,mobile,6,0
12973,treatment,mobile,10,0
955,control,mobile,10,0
11420,control,mobile,12,0
18349,treatment,desktop,5,0
20793,treatment,mobile,1,0
10238,control,desktop,6,0
12113,treatment,desktop,8,0
22614,treatment,desktop,8,0
2682,control,mobile,10,0
11590,control,mobile,4,0
16623,treatment,mobile,10,0
10685,control,mobile,5,0
10517,control,mobile,8,0
21034,treatment,mobile,8,0
22044,treatment,mobile,11,0
12516,treatment,desktop,10,0
104,control,mobile,9,0
21725,treatment,desktop,2,0
21239,treatment,desktop,3,0
14791,treatment,desktop,5,0
1918,control,desktop,4,0
16130,treatment,mobile,8,0
9437,control,mobile,8,0
20367,treatment,mobile,2,0
14088,treatment,mobile,4,0
19477,treatment,mobile,13,0
1335,control,desktop,5,0
3353,control,mobile,14,0
9744,control,mobile,7,0
14233,treatment,desktop,2,0
23349,treatment,mobile,14,0
12819,treatment,mobile,11,0
21076,treatment,desktop,4,0
470,control,desktop,4,0
11797,control,desktop,9,0
3990,control,desktop,4,0
1259,control,mobile,12,0
7940,control,mobile,14,0
8268,control,mobile,1,0
14267,treatment,desktop,8,0
17726,treatment,mobile,5,0
5187,control,mobile,8,0
18296,treatment,mobile,11,0
12107,treatment,mobile,14,0
16355,treatment,mobile,14,0
1294,control,desktop,1,0
18575,treatment,mobile,7,0
19278,treatment,desktop,3,0
10138,control,desktop,9,0
6266,control,mobile,3,0
7859,control,mobile,4,0
3902,control,mobile,7,0
16544,treatment,desktop,14,0
8833,control,desktop,8,0
15320,treatment,mobile,10,0
19357,treatment,desktop,7,0
8250,control,desktop,5,1
3666,control,desktop,3,0
17755,treatment,desktop,6,1
10829,control,desktop,5,0
15587,treatment,desktop,14,0
20446,treatment,mobile,3,0
21462,treatment,mobile,13,0
8354,control,desktop,6,1
681,control,mobile,10,0
647,control,desktop,9,0
23652,treatment,mobile,14,0
2319,control,mobile,6,0
10608,control,desktop,12,0
19457,treatment,desktop,12,0
16034,treatment,mobile,9,0
7102,control,mobile,12,0
5403,control,mobile,3,0
6131,control,mobile,12,0
48,control,mobile,12,0
3594,control,mobile,12,1
14056,treatment,mobile,11,0
15555,treatment,mobile,5,0
392,control,mobile,2,0
14198,treatment,mobile,5,0
530,control,mobile,6,0
9856,control,mobile,10,0
2324,control,mobile,2,0
19434,treatment,desktop,4,0
15363,treatment,mobile,2,0
3796,control,mobile,5,0
19819,treatment,mobile,4,0
20467,treatment,mobile,5,0
3442,control,mobile,3,0
8068,control,desktop,11,0
22038,treatment,desktop,4,0
10696,control,mobile,8,0
3053,control,desktop,6,0
17675,treatment,desktop,4,0
2973,control,mobile,9,0
18482,treatment,desktop,12,0
89,control,mobile,6,0
12887,treatment,mobile,9,0
7898,control,desktop,1,0
22660,treatment,mobile,9,0
5131,control,mobile,6,0
22390,treatment,mobile,5,0
5738,control,mobile,14,0
5711,control,desktop,14,0
18419,treatment,desktop,5,0
133,control,mobile,13,0
15603,treatment,desktop,4,0
1910,control,desktop,5,1
23298,treatment,mobile,8,0
19974,treatment,desktop,7,0
16893,treatment,desktop,3,0
21924,treatment,mobile,9,0
3009,control,desktop,9,0
12122,treatment,desktop,5,0
18756,treatment,mobile,9,0
6893,control,mobile,6,0
20870,treatment,mobile,5,0
7733,control,mobile,5,0
1815,control,mobile,7,0
23240,treatment,mobile,10,0
20612,treatment,desktop,9,0
10752,control,mobile,3,0
20768,treatment,desktop,5,0
7637,control,desktop,8,0
18962,treatment,mobile,12,1
5769,control,mobile,5,0
15138,treatment,mobile,7,0
6263,control,mobile,10,0
9612,control,mobile,1,0
7190,control,mobile,6,0
1481,control,mobile,14,0
3354,control,mobile,7,0
9027,control,mobile,14,0
14978,treatment,desktop,10,0
22280,treatment,mobile,9,0
15087,treatment,desktop,1,0
8099,control,desktop,3,0
19718,treatment,mobile,2,1
6410,control,mobile,5,0
19271,treatment,mobile,4,0
21174,treatment,desktop,14,0
11200,control,desktop,1,0
14620,treatment,mobile,11,0
16871,treatment,mobile,1,0
11869,control,mobile,13,1
20560,treatment,mobile,14,0
16835,treatment,mobile,8,0
18291,treatment,mobile,1,0
14336,treatment,mobile,8,0
18593,treatment,desktop,6,0
16877,treatment,desktop,11,0
22271,treatment,mobile,4,0
1136,control,mobile,3,0
833,control,mobile,3,0
23398,treatment,desktop,2,0
23289,treatment,mobile,1,0
19186,treatment,mobile,2,0
2381,control,mobile,4,0
22731,treatment,mobile,14,0
3483,control,desktop,8,0
9836,control,desktop,7,0
16517,treatment,desktop,4,0
19943,treatment,mobile,14,1
3979,control,mobile,11,0
20859,treatment,mobile,7,0
4960,control,mobile,12,0
6078,control,mobile,8,0
36,control,mobile,2,0
144,control,mobile,5,1
14436,treatment,mobile,9,0
13124,treatment,mobile,10,0
15675,treatment,mobile,10,0
23689,treatment,mobile,9,0
22257,treatment,mobile,11,1
14297,treatment,desktop,11,0
2997,control,desktop,6,0
21968,treatment,mobile,1,0
7329,control,mobile,1,0
7306,control,mobile,4,0
12465,treatment,desktop,8,0
19607,treatment,mobile,5,0
17924,treatment,desktop,5,0
15952,treatment,desktop,6,0
2050,control,mobile,13,0
14896,treatment,desktop,3,0
14732,treatment,mobile,14,0
18700,treatment,desktop,6,0
6024,control,mobile,13,0
15289,treatment,mobile,13,0
2557,control,mobile,6,0
19580,treatment,desktop,3,0
20567,treatment,mobile,7,0
13108,treatment,mobile,11,0
11150,control,mobile,3,0
18471,treatment,mobile,3,0
1400,control,desktop,7,0
3727,control,mobile,5,0
10387,control,desktop,4,0
7440,control,mobile,6,0
2041,control,mobile,13,0
13973,treatment,mobile,14,0
1441,control,mobile,11,0
1376,control,mobile,6,0
18877,treatment,mobile,11,0
3052,control,mobile,5,0
23372,treatment,desktop,1,0
5250,control,mobile,12,0
10023,control,mobile,4,1
5398,control,mobile,5,0
17518,treatment,mobile,6,0
8593,control,mobile,5,0
4647,control,mobile,14,0
13985,treatment,desktop,8,0
17896,treatment,desktop,9,0
17344,treatment,mobile,12,1
19720,treatment,mobile,3,0
6606,control,desktop,1,0
12206,treatment,mobile,4,1
21983,treatment,desktop,10,0
928,control,desktop,12,0
11185,control,mobile,3,0
7489,control,mobile,12,0
11938,control,mobile,4,0
14763,treatment,mobile,4,0
11496,control,mobile,4,0
6231,control,mobile,6,0
20845,treatment,mobile,1,0
14561,treatment,mobile,7,0
8751,control,desktop,9,0
10963,control,desktop,4,0
11372,control,mobile,6,0
12669,treatment,mobile,4,0
1239,control,mobile,8,0
10475,control,mobile,3,0
22111,treatment,mobile,8,0
7944,control,mobile,3,0
14897,treatment,mobile,14,0
5835,control,desktop,2,0
4154,control,mobile,5,0
5259,control,desktop,4,0
13537,treatment,desktop,4,0
18590,treatment,mobile,2,0
6398,control,mobile,11,0
16243,treatment,desktop,11,0
16646,treatment,mobile,4,0
19969,treatment,desktop,12,0
4819,control,mobile,6,0
15565,treatment,desktop,13,0
14429,treatment,mobile,1,0
11534,control,mobile,7,0
8218,control,mobile,8,0
3274,control,desktop,1,0
17841,treatment,desktop,1,0
2,control,desktop,3,0
23330,treatment,mobile,7,0
1976,control,mobile,9,0
1312,control,mobile,12,0
15496,treatment,desktop,2,0
16783,treatment,mobile,5,0
9496,control,desktop,12,0
5666,control,mobile,13,0
3571,control,desktop,14,0
14916,treatment,mobile,4,0
436,control,mobile,9,0
2078,control,desktop,11,0
1713,control,desktop,6,0
5499,control,mobile,11,0
21382,treatment,desktop,11,0
9275,control,desktop,3,0
23261,treatment,desktop,11,0
386,control,desktop,1,0
13778,treatment,mobile,14,0
21268,treatment,mobile,14,0
15702,treatment,mobile,9,0
167,control,desktop,7,0
5229,control,mobile,12,0
21104,treatment,desktop,7,1
8100,control,desktop,12,1
6724,control,mobile,1,0
19948,treatment,mobile,13,0
17688,treatment,mobile,6,0
6062,control,mobile,3,0
9468,control,mobile,7,0
9808,control,mobile,10,0
18377,treatment,desktop,1,0
9502,control,mobile,4,0
82,control,mobile,14,0
10393,control,desktop,2,0
14366,treatment,desktop,5,0
13499,treatment,mobile,13,0
6379,control,mobile,11,0
11948,control,desktop,3,0
7566,control,mobile,1,0
19327,treatment,mobile,5,0
1168,control,mobile,6,0
3488,control,mobile,11,0
22991,treatment,mobile,13,0
12903,treatment,desktop,7,0
622,control,mobile,2,0
8506,control,mobile,3,0
22946,treatment,mobile,4,0
4367,control,mobile,1,1
895,control,desktop,10,0
6575,control,mobile,1,0
21119,treatment,mobile,6,0
16764,treatment,mobile,2,0
9879,control,mobile,10,0
17623,treatment,desktop,9,0
9981,control,mobile,14,0
907,control,desktop,3,0
3729,control,desktop,8,0
14028,treatment,desktop,3,0
12024,treatment,mobile,5,0
12449,treatment,desktop,5,0
3250,control,mobile,12,0
4752,control,desktop,10,0
19793,treatment,mobile,9,0
3402,control,mobile,12,0
19645,treatment,mobile,12,0
19310,treatment,mobile,3,0
4972,control,mobile,2,0
10162,control,mobile,1,0
21134,treatment,mobile,2,1
18214,treatment,desktop,13,0
9955,control,mobile,10,0
21856,treatment,mobile,12,0
17855,treatment,mobile,4,0
18234,treatment,mobile,8,0
8076,control,mobile,10,0
15814,treatment,desktop,14,1
1940,control,mobile,2,0
6229,control,desktop,11,0
21761,treatment,mobile,14,0
9294,control,mobile,14,0
22748,treatment,mobile,12,0
19660,treatment,desktop,10,0
20410,treatment,desktop,5,0
12645,treatment,mobile,13,0
2637,control,mobile,6,0
9656,control,desktop,8,0
14352,treatment,mobile,13,0
11968,control,mobile,13,0
22296,treatment,mobile,4,1
9568,control,mobile,8,0
10680,control,desktop,13,0
11736,control,mobile,8,0
5637,control,mobile,2,0
18464,treatment,desktop,9,0
18924,treatment,mobile,11,0
4497,control,mobile,2,0
16466,treatment,desktop,8,0
3135,control,mobile,2,0
10586,control,desktop,3,0
446,control,desktop,1,0
18096,treatment,mobile,5,0
19475,treatment,mobile,11,0
20498,treatment,mobile,3,0
22725,treatment,mobile,7,0
14999,treatment,mobile,11,0
19230,treatment,mobile,14,0
17035,treatment,desktop,12,0
1488,control,desktop,3,0
21536,treatment,mobile,11,0
23284,treatment,mobile,13,0
7689,control,desktop,13,0
7360,control,mobile,11,0
11361,control,mobile,9,1
17661,treatment,mobile,3,0
11609,control,desktop,14,0
9702,control,mobile,13,0
20030,treatment,desktop,8,0
16071,treatment,mobile,8,0
9222,control,mobile,13,0
8510,control,desktop,4,0
9659,control,desktop,3,0
23283,treatment,desktop,1,0
3258,control,mobile,6,0
3104,control,mobile,3,0
18624,treatment,desktop,7,0
11262,control,desktop,4,0
3752,control,mobile,12,0
818,control,mobile,11,0
18797,treatment,desktop,11,0
12175,treatment,desktop,14,0
20583,treatment,desktop,13,0
16636,treatment,desktop,2,0
19392,treatment,mobile,4,0
10233,control,desktop,12,0
478,control,desktop,1,0
5507,control,mobile,6,0
6037,control,mobile,8,0
8944,control,mobile,10,0
3541,control,desktop,10,0
2989,control,desktop,2,0
23947,treatment,desktop,1,0
2247,control,mobile,9,0
16009,treatment,mobile,12,0
19710,treatment,desktop,12,0
6091,control,desktop,13,0
5153,control,mobile,1,0
11976,control,mobile,10,1
12526,treatment,mobile,11,0
19991,treatment,mobile,10,0
12126,treatment,desktop,14,0
19462,treatment,mobile,1,0
23851,treatment,desktop,8,0
335,control,desktop,4,0
13989,treatment,mobile,7,0
10002,control,desktop,14,0
16793,treatment,mobile,2,0
4507,control,mobile,1,0
4767,control,mobile,14,0
504,control,desktop,2,0
22406,treatment,mobile,2,0
7717,control,mobile,10,0
20521,treatment,mobile,6,0
20759,treatment,desktop,11,0
10121,control,mobile,9,1
8437,control,mobile,4,0
12585,treatment,mobile,2,0
16631,treatment,mobile,14,0
16101,treatment,mobile,13,0
16662,treatment,mobile,12,0
15939,treatment,mobile,4,0
20541,treatment,mobile,14,0
3597,control,mobile,10,0
11175,control,mobile,5,0
7763,control,mobile,10,0
9148,control,mobile,14,0
23993,treatment,mobile,7,0
3150,control,mobile,11,0
20015,treatment,mobile,5,0
8266,control,mobile,14,0
16369,treatment,desktop,2,0
4081,control,mobile,14,0
17412,treatment,mobile,11,0
10543,control,mobile,4,0
17296,treatment,mobile,2,0
7043,control,mobile,10,0
19959,treatment,mobile,13,0
17976,treatment,mobile,3,0
23814,treatment,mobile,14,0
3669,control,mobile,9,0
2809,control,mobile,3,0
15287,treatment,mobile,12,0
18804,treatment,desktop,4,0
17605,treatment,desktop,13,0
18488,treatment,desktop,5,0
4162,control,mobile,1,0
1242,control,mobile,4,0
2099,control,mobile,14,0
19648,treatment,mobile,1,0
2265,control,mobile,7,0
6018,control,mobile,1,0
11740,control,desktop,14,0
6402,control,desktop,1,0
6054,control,desktop,14,0
8174,control,mobile,13,0
19643,treatment,mobile,7,1
7989,control,desktop,5,0
18062,treatment,mobile,5,0
22477,treatment,desktop,10,0
6992,control,mobile,13,0
22291,treatment,desktop,9,0
16037,treatment,desktop,13,0
1596,control,desktop,11,0
5620,control,mobile,7,0
15425,treatment,desktop,11,0
10790,control,mobile,8,0
14196,treatment,desktop,14,0
12287,treatment,mobile,8,0
14718,treatment,desktop,4,0
7319,control,mobile,8,0
11366,control,mobile,5,0
11852,control,mobile,6,0
8028,control,mobile,10,0
9186,control,desktop,4,0
14734,treatment,mobile,14,0
16501,treatment,desktop,11,0
7849,control,mobile,1,0
17959,treatment,mobile,9,0
6422,control,desktop,7,0
22474,treatment,mobile,12,0
10706,control,mobile,2,0
14205,treatment,mobile,11,0
22457,treatment,mobile,1,0
18350,treatment,mobile,13,0
21974,treatment,mobile,7,0
9113,control,desktop,5,0
19799,treatment,mobile,14,0
8899,control,mobile,9,0
10099,control,mobile,1,0
9086,control,mobile,12,0
15523,treatment,mobile,8,0
6655,control,mobile,9,0
5758,control,mobile,6,0
5414,control,desktop,2,0
8114,control,mobile,12,0
3907,control,mobile,4,1
6580,control,mobile,9,0
7037,control,mobile,5,0
13828,treatment,mobile,9,0
11678,control,mobile,6,0
15252,treatment,mobile,11,0
13793,treatment,desktop,7,0
563,control,desktop,7,0
15895,treatment,mobile,3,0
3,control,desktop,5,0
12025,treatment,mobile,11,0
19828,treatment,mobile,11,0
13001,treatment,desktop,3,0
5848,control,mobile,8,1
10947,control,mobile,3,0
15465,treatment,mobile,5,0
23761,treatment,mobile,5,0
7036,control,mobile,12,0
2293,control,desktop,1,0
22321,treatment,mobile,2,0
3837,control,mobile,4,0
22657,treatment,mobile,1,0
12153,treatment,desktop,5,0
14068,treatment,desktop,14,0
8340,control,mobile,4,0
12994,treatment,mobile,2,0
17982,treatment,desktop,12,0
16198,treatment,mobile,9,0
22531,treatment,desktop,3,0
21362,treatment,mobile,12,0
3615,control,mobile,14,0
6590,control,desktop,8,0
23829,treatment,mobile,9,0
9796,control,mobile,11,0
1504,control,mobile,8,0
23813,treatment,mobile,1,1
18016,treatment,mobile,12,0
3229,control,mobile,10,0
11956,control,mobile,12,0
8773,control,desktop,6,0
22235,treatment,mobile,1,0
15293,treatment,desktop,9,0
20726,treatment,mobile,8,1
9748,control,mobile,3,0
19968,treatment,mobile,7,0
22187,treatment,mobile,8,0
21969,treatment,mobile,9,0
7179,control,desktop,7,0
3334,control,mobile,4,1
22281,treatment,desktop,1,0
12991,treatment,mobile,4,0
21220,treatment,desktop,12,0
22471,treatment,mobile,14,0
22631,treatment,mobile,5,0
8327,control,mobile,5,0
4624,control,desktop,6,0
15,control,desktop,3,0
5438,control,mobile,4,1
11545,control,mobile,11,0
46,control,mobile,1,0
1565,control,desktop,5,0
17543,treatment,mobile,5,0
1890,control,mobile,4,0
22636,treatment,desktop,13,0
2443,control,mobile,12,0
19040,treatment,mobile,3,0
15531,treatment,mobile,11,0
6630,control,mobile,5,0
22687,treatment,mobile,5,0
9220,control,mobile,3,0
3616,control,desktop,6,0
21966,treatment,desktop,1,0
4763,control,desktop,12,1
3584,control,mobile,4,0
8864,control,mobile,12,0
12227,treatment,mobile,11,1
23404,treatment,mobile,14,0
6669,control,desktop,7,0
3947,control,mobile,8,0
2417,control,mobile,13,1
12114,treatment,desktop,13,0
6581,control,desktop,4,0
9891,control,mobile,13,0
9581,control,desktop,13,0
14263,treatment,mobile,10,0
5785,control,desktop,12,0
16924,treatment,mobile,3,0
9048,control,mobile,10,0
6645,control,mobile,14,0
3310,control,mobile,11,0
6784,control,mobile,12,0
4120,control,desktop,10,0
18412,treatment,mobile,5,0
13234,treatment,desktop,10,0
11045,control,desktop,6,0
10915,control,mobile,14,0
10053,control,mobile,9,0
15004,treatment,mobile,10,0
4397,control,mobile,2,0
18897,treatment,desktop,11,0
19574,treatment,desktop,13,0
23960,treatment,desktop,14,1
18192,treatment,desktop,5,0
21297,treatment,mobile,2,0
20927,treatment,mobile,1,0
22591,treatment,mobile,11,0
14447,treatment,mobile,5,0
4509,control,desktop,4,0
7011,control,mobile,3,0
4062,control,mobile,12,0
15734,treatment,mobile,7,0
2896,control,desktop,3,0
16836,treatment,mobile,9,0
21116,treatment,mobile,7,1
21699,treatment,mobile,13,0
14923,treatment,mobile,1,0
19074,treatment,desktop,11,0
5866,control,desktop,3,0
11309,control,mobile,4,0
6365,control,desktop,1,0
18727,treatment,mobile,13,0
231,control,mobile,3,0
10883,control,mobile,11,0
12948,treatment,desktop,8,0
19533,treatment,desktop,8,0
21963,treatment,desktop,12,0
5095,control,mobile,5,0
22417,treatment,mobile,13,0
23455,treatment,desktop,3,0
17864,treatment,desktop,11,0
12112,treatment,desktop,11,0
8007,control,mobile,8,0
12753,treatment,desktop,10,0
18461,treatment,mobile,2,0
18447,treatment,desktop,3,0
3561,control,desktop,13,0
14400,treatment,desktop,4,0
15906,treatment,mobile,14,0
14798,treatment,desktop,5,0
21989,treatment,mobile,13,0
20590,treatment,desktop,13,1
4449,control,mobile,6,0
20588,treatment,desktop,13,0
497,control,desktop,8,0
22811,treatment,mobile,13,0
5498,control,mobile,10,0
3343,control,desktop,14,0
13492,treatment,desktop,3,0
15266,treatment,mobile,12,0
10093,control,desktop,4,0
11751,control,mobile,13,0
10087,control,mobile,9,0
23295,treatment,desktop,4,0
2304,control,mobile,11,0
23762,treatment,desktop,1,0
12771,treatment,mobile,3,0
15278,treatment,desktop,12,0
9894,control,desktop,3,0
14380,treatment,mobile,4,1
8988,control,desktop,13,0
4517,control,mobile,6,0
4451,control,mobile,8,1
22119,treatment,mobile,12,0
12169,treatment,desktop,7,0
6657,control,mobile,5,0
16156,treatment,desktop,9,0
5582,control,mobile,2,0
7002,control,mobile,7,0
18594,treatment,mobile,14,0
15800,treatment,desktop,9,0
15955,treatment,mobile,5,0
13583,treatment,mobile,1,0
17330,treatment,desktop,4,0
10670,control,desktop,3,0
21154,treatment,mobile,2,0
15085,treatment,mobile,10,0
5317,control,mobile,12,0
12159,treatment,mobile,1,0
11006,control,mobile,5,0
6942,control,mobile,2,0
13199,treatment,mobile,11,0
15564,treatment,mobile,2,0
13888,treatment,desktop,1,0
23672,treatment,mobile,6,0
4629,control,mobile,6,0
23161,treatment,desktop,4,0
18852,treatment,mobile,7,0
8712,control,desktop,4,0
3740,control,mobile,4,0
11581,control,mobile,8,0
10861,control,mobile,13,1
22854,treatment,mobile,4,0
13493,treatment,mobile,1,0
13125,treatment,desktop,6,0
19162,treatment,mobile,13,0
21342,treatment,mobile,14,0
19964,treatment,desktop,4,0
10231,control,desktop,3,0
8035,control,desktop,2,0
5226,control,desktop,5,0
18841,treatment,desktop,7,0
23888,treatment,mobile,9,0
2647,control,mobile,5,0
10787,control,mobile,12,0
22369,treatment,mobile,2,0
10392,control,mobile,7,0
2544,control,mobile,1,0
12291,treatment,desktop,5,0
14240,treatment,desktop,6,0
5309,control,desktop,10,0
13357,treatment,mobile,2,0
22552,treatment,desktop,2,0
5991,control,desktop,10,0
16364,treatment,desktop,7,1
6734,control,mobile,5,0
13626,treatment,mobile,4,0
2899,control,desktop,1,0
19406,treatment,mobile,6,0
2734,control,mobile,2,0
18103,treatment,desktop,2,0
17568,treatment,desktop,11,0
1970,control,mobile,3,0
658,control,desktop,4,0
12938,treatment,desktop,6,0
12961,treatment,mobile,8,0
10760,control,desktop,12,0
10278,control,desktop,8,0
12515,treatment,mobile,13,0
9647,control,mobile,14,0
21386,treatment,mobile,3,0
1718,control,mobile,11,0
11813,control,desktop,14,0
19770,treatment,mobile,10,0
23921,treatment,mobile,6,0
20979,treatment,mobile,9,0
22150,treatment,mobile,6,0
2006,control,desktop,12,0
16125,treatment,desktop,5,0
838,control,mobile,7,0
12143,treatment,mobile,7,0
5951,control,mobile,9,0
7371,control,mobile,10,0
20941,treatment,mobile,2,0
8530,control,mobile,2,0
9317,control,mobile,1,0
23269,treatment,mobile,9,0
5739,control,mobile,13,0
6154,control,mobile,10,0
18652,treatment,desktop,8,0
6207,control,mobile,1,0
13070,treatment,mobile,5,0
1155,control,desktop,4,0
12983,treatment,mobile,5,0
4877,control,desktop,4,0
3024,control,mobile,13,0
14214,treatment,mobile,6,0
2962,control,mobile,12,0
6513,control,desktop,14,0
13710,treatment,desktop,10,0
3422,control,desktop,10,0
5995,control,mobile,2,0
9260,control,mobile,10,0
4511,control,desktop,4,0
4172,control,desktop,9,0
8339,control,desktop,7,0
12401,treatment,mobile,8,0
1016,control,mobile,9,0
2303,control,desktop,7,0
9884,control,desktop,14,0
3277,control,mobile,11,0
7579,control,mobile,2,0
21469,treatment,mobile,2,0
7001,control,desktop,11,0
8834,control,desktop,5,0
20673,treatment,desktop,8,0
8291,control,desktop,5,0
17411,treatment,mobile,3,0
21906,treatment,mobile,12,0
12756,treatment,mobile,6,0
9049,control,desktop,7,0
5655,control,desktop,10,0
22586,treatment,desktop,8,0
16932,treatment,mobile,6,0
12616,treatment,mobile,5,0
4346,control,desktop,5,0
8462,control,mobile,6,0
42,control,mobile,6,0
12137,treatment,mobile,9,0
11538,control,mobile,6,1
6107,control,desktop,1,0
11434,control,mobile,12,0
7298,control,desktop,8,0
7892,control,desktop,3,0
4876,control,mobile,3,0
12492,treatment,mobile,7,0
8497,control,desktop,1,0
5363,control,mobile,3,0
11856,control,mobile,6,0
8428,control,mobile,2,0
23013,treatment,desktop,12,0
13599,treatment,mobile,12,0
8918,control,desktop,3,0
10243,control,desktop,1,0
2473,control,mobile,8,0
1630,control,mobile,7,0
2139,control,desktop,1,0
21516,treatment,mobile,8,0
21079,treatment,desktop,11,0
2631,control,mobile,4,0
10828,control,desktop,2,0
7675,control,mobile,11,0
19694,treatment,desktop,2,0
2789,control,desktop,9,0
3924,control,desktop,8,0
12108,treatment,desktop,2,0
17267,treatment,mobile,12,0
23521,treatment,desktop,7,0
5252,control,mobile,8,0
20994,treatment,mobile,13,1
22331,treatment,mobile,6,0
11807,control,mobile,2,0
78,control,mobile,12,0
5487,control,desktop,4,0
5975,control,mobile,12,0
11855,control,mobile,4,0
16896,treatment,desktop,14,0
9789,control,desktop,7,0
2506,control,mobile,11,0
22622,treatment,desktop,4,0
20618,treatment,desktop,14,0
16644,treatment,desktop,1,0
15606,treatment,mobile,9,0
9940,control,desktop,6,0
8107,control,desktop,7,0
17003,treatment,mobile,4,0
19257,treatment,desktop,2,0
2033,control,mobile,8,0
18928,treatment,mobile,12,0
14594,treatment,desktop,14,0
19088,treatment,mobile,13,0
16457,treatment,mobile,9,0
5822,control,desktop,9,0
19988,treatment,mobile,8,0
14866,treatment,mobile,9,0
17944,treatment,mobile,13,0
23793,treatment,mobile,5,0
4722,control,desktop,14,0
13392,treatment,mobile,8,0
2289,control,mobile,3,1
9490,control,desktop,2,0
3755,control,mobile,14,0
13407,treatment,mobile,7,0
3033,control,mobile,6,0
23999,treatment,mobile,8,0
6830,control,desktop,8,0
12196,treatment,desktop,4,0
13567,treatment,mobile,9,0
4278,control,mobile,10,0
17225,treatment,mobile,8,0
881,control,desktop,11,0
2890,control,mobile,9,0
17530,treatment,mobile,2,0
3686,control,desktop,12,0
22242,treatment,desktop,4,0
17428,treatment,desktop,11,0
12553,treatment,desktop,8,0
893,control,mobile,10,0
19924,treatment,desktop,13,0
15777,treatment,desktop,4,0
14178,treatment,desktop,3,0
1024,control,desktop,1,0
20971,treatment,desktop,12,0
6397,control,desktop,12,0
12197,treatment,desktop,9,1
8560,control,mobile,5,0
2445,control,mobile,8,1
5621,control,mobile,11,1
2939,control,desktop,9,0
8703,control,mobile,9,0
23234,treatment,mobile,12,0
22684,treatment,mobile,7,0
2883,control,mobile,11,0
16707,treatment,mobile,6,0
19025,treatment,desktop,7,0
3430,control,mobile,7,0
21549,treatment,mobile,14,0
15816,treatment,desktop,5,0
15269,treatment,mobile,10,0
18220,treatment,mobile,4,0
15953,treatment,mobile,4,0
12806,treatment,mobile,9,0
3962,control,desktop,14,0
8474,control,desktop,11,0
13457,treatment,mobile,11,0
19078,treatment,mobile,6,0
1465,control,mobile,3,0
20055,treatment,mobile,7,0
13825,treatment,desktop,9,0
417,control,desktop,1,0
13795,treatment,mobile,8,0
20906,treatment,mobile,14,0
8003,control,mobile,14,0
14454,treatment,desktop,11,0
2091,control,mobile,12,0
6948,control,desktop,3,0
19015,treatment,mobile,3,0
15144,treatment,desktop,1,0
12836,treatment,desktop,10,0
11912,control,desktop,14,0
9454,control,desktop,14,0
4086,control,mobile,7,0
16513,treatment,desktop,12,0
5105,control,mobile,12,0
21625,treatment,mobile,9,0
11152,control,desktop,12,1
3511,control,mobile,6,0
14136,treatment,desktop,9,0
8780,control,desktop,12,0
1058,control,mobile,6,0
1559,control,desktop,8,0
13993,treatment,desktop,8,0
11622,control,mobile,5,0
12889,treatment,desktop,5,1
10656,control,desktop,8,0
9329,control,mobile,8,0
13946,treatment,mobile,7,0
5847,control,desktop,5,0
2156,control,mobile,12,0
20217,treatment,desktop,11,0
615,control,mobile,1,0
16064,treatment,desktop,3,0
17079,treatment,desktop,7,0
19217,treatment,mobile,4,0
17932,treatment,desktop,13,0
14627,treatment,mobile,12,0
2263,control,mobile,5,0
16881,treatment,desktop,5,0
4498,control,mobile,13,0
18531,treatment,desktop,2,0
5525,control,mobile,14,0
22302,treatment,desktop,11,0
14983,treatment,mobile,11,0
2524,control,mobile,4,0
11582,control,mobile,7,0
21155,treatment,desktop,10,0
721,control,mobile,5,0
11595,control,desktop,12,0
15432,treatment,mobile,12,0
15413,treatment,mobile,2,0
13841,treatment,mobile,12,0
8397,control,mobile,14,0
10047,control,desktop,3,0
12065,treatment,mobile,11,0
17133,treatment,mobile,10,0
13891,treatment,mobile,10,0
13442,treatment,mobile,12,0
13345,treatment,mobile,8,0
689,control,mobile,8,0
4403,control,desktop,5,0
6013,control,mobile,3,0
5430,control,mobile,4,0
12395,treatment,desktop,9,0
14925,treatment,desktop,2,0
15117,treatment,mobile,14,0
16469,treatment,mobile,8,0
7840,control,mobile,5,0
21650,treatment,desktop,8,0
9678,control,desktop,6,0
14841,treatment,desktop,3,0
21521,treatment,mobile,14,0
14327,treatment,mobile,3,0
13952,treatment,desktop,10,0
18383,treatment,mobile,12,0
10077,control,mobile,3,0
1395,control,desktop,7,0
22160,treatment,desktop,4,0
3948,control,mobile,6,0
20113,treatment,desktop,11,0
3193,control,mobile,5,0
13082,treatment,desktop,10,0
22714,treatment,mobile,8,0
17970,treatment,desktop,13,0
1318,control,mobile,4,0
3725,control,mobile,4,0
18451,treatment,mobile,11,1
20008,treatment,desktop,8,0
17328,treatment,mobile,5,0
14269,treatment,desktop,1,0
3084,control,mobile,11,0
18293,treatment,mobile,6,0
17220,treatment,desktop,8,0
21029,treatment,mobile,4,0
21822,treatment,desktop,8,0
19656,treatment,mobile,13,0
5501,control,mobile,12,0
6487,control,mobile,10,0
17981,treatment,mobile,10,0
22108,treatment,desktop,9,0
23210,treatment,desktop,12,0
11664,control,mobile,3,0
1007,control,mobile,13,0
18517,treatment,desktop,8,0
19070,treatment,desktop,7,0
18227,treatment,mobile,7,0
5083,control,mobile,1,0
16344,treatment,desktop,9,0
14405,treatment,desktop,11,1
14463,treatment,mobile,5,0
17169,treatment,mobile,13,0
23790,treatment,desktop,13,0
11229,control,mobile,14,0
13355,treatment,mobile,13,0
2312,control,desktop,13,0
6234,control,mobile,10,0
7339,control,desktop,3,0
6435,control,desktop,4,0
6164,control,mobile,5,0
3849,control,desktop,2,0
4473,control,mobile,10,0
6600,control,desktop,13,0
9201,control,desktop,10,0
23958,treatment,mobile,14,0
8134,control,mobile,2,0
2852,control,desktop,12,0
14212,treatment,mobile,10,0
5531,control,mobile,7,0
10782,control,mobile,6,0
951,control,mobile,9,0
8744,control,mobile,13,1
99,control,desktop,4,1
22898,treatment,mobile,4,0
22625,treatment,desktop,9,0
1138,control,desktop,6,0
19700,treatment,desktop,5,0
13393,treatment,desktop,5,0
19884,treatment,mobile,6,0
10801,control,desktop,10,0
2246,control,mobile,12,0
10492,control,mobile,4,0
585,control,mobile,8,0
725,control,mobile,9,1
202,control,desktop,9,0
12867,treatment,desktop,1,0
2435,control,mobile,8,0
8548,control,mobile,2,0
23327,treatment,mobile,11,0
1061,control,mobile,4,0
739,control,mobile,9,0
4829,control,mobile,1,0
20504,treatment,desktop,9,0
22607,treatment,desktop,11,0
10747,control,desktop,7,0
8278,control,desktop,14,0
19845,treatment,mobile,10,0
15534,treatment,mobile,7,0
19108,treatment,mobile,6,0
3444,control,mobile,2,0
22571,treatment,mobile,7,0
21957,treatment,mobile,13,0
23657,treatment,desktop,4,0
12066,treatment,mobile,5,0
415,control,desktop,6,0
15737,treatment,desktop,7,0
7646,control,mobile,13,0
20921,treatment,desktop,11,0
5135,control,desktop,4,0
20042,treatment,mobile,11,0
16449,treatment,desktop,12,0
17928,treatment,mobile,11,0
4813,control,mobile,1,1
10926,control,mobile,10,0
3505,control,desktop,8,0
19291,treatment,mobile,1,0
14384,treatment,mobile,5,0
9995,control,desktop,5,0
22565,treatment,mobile,11,0
4973,control,mobile,2,0
23227,treatment,desktop,4,0
8947,control,desktop,5,0
19497,treatment,desktop,11,0
9421,control,mobile,8,0
21037,treatment,desktop,3,0
909,control,mobile,1,0
22186,treatment,mobile,3,0
4632,control,desktop,8,0
15927,treatment,desktop,11,0
8031,control,mobile,14,0
6810,control,desktop,6,0
19706,treatment,desktop,14,0
3433,control,desktop,8,0
19387,treatment,mobile,12,0
2912,control,mobile,7,0
5897,control,desktop,4,1
199,control,mobile,13,0
21880,treatment,desktop,9,0
7278,control,desktop,1,0
15487,treatment,mobile,1,0
8418,control,mobile,3,0
7381,control,desktop,4,0
16627,treatment,desktop,9,0
20806,treatment,mobile,2,0
21775,treatment,desktop,3,0
11075,control,mobile,4,0
12497,treatment,mobile,9,0
10860,control,desktop,14,0
18171,treatment,mobile,2,0
1602,control,mobile,7,0
4047,control,desktop,2,0
18535,treatment,mobile,14,0
6659,control,desktop,1,0
23935,treatment,mobile,5,0
4149,control,mobile,6,0
15026,treatment,mobile,4,0
14818,treatment,mobile,11,1
9534,control,mobile,8,0
6611,control,mobile,10,0
18595,treatment,desktop,11,0
12044,treatment,mobile,10,1
22136,treatment,mobile,2,0
242,control,desktop,11,0
11857,control,desktop,14,0
15435,treatment,desktop,2,0
23692,treatment,mobile,3,0
7658,control,mobile,8,0
4631,control,desktop,5,0
13342,treatment,mobile,13,0
3370,control,mobile,1,0
8500,control,desktop,14,0
17232,treatment,desktop,13,0
23912,treatment,desktop,4,0
1912,control,desktop,3,0
23687,treatment,mobile,1,1
22488,treatment,mobile,10,0
23569,treatment,mobile,7,0
644,control,desktop,13,0
8079,control,desktop,3,0
8425,control,mobile,8,0
21594,treatment,desktop,8,0
9987,control,mobile,9,0
15051,treatment,mobile,10,0
9262,control,mobile,4,0
7027,control,mobile,5,0
18765,treatment,mobile,6,0
8793,control,mobile,2,0
9822,control,mobile,4,0
2325,control,mobile,6,0
12897,treatment,mobile,9,0
2338,control,desktop,14,0
23490,treatment,mobile,14,0
20563,treatment,desktop,8,0
4606,control,mobile,13,0
3202,control,desktop,9,0
13391,treatment,desktop,14,0
8924,control,mobile,8,0
15577,treatment,mobile,8,0
2459,control,desktop,2,0
4040,control,mobile,10,0
9895,control,mobile,4,0
2025,control,mobile,12,0
17506,treatment,mobile,11,0
12999,treatment,mobile,6,0
12331,treatment,mobile,7,0
7652,control,mobile,8,0
1013,control,desktop,14,1
22922,treatment,mobile,3,0
19618,treatment,desktop,5,0
920,control,mobile,10,0
2559,control,mobile,9,0
1842,control,mobile,6,0
19572,treatment,desktop,13,0
19220,treatment,mobile,2,0
1385,control,desktop,11,0
10237,control,mobile,1,1
22072,treatment,mobile,10,0
4858,control,mobile,3,0
2023,control,mobile,8,0
12335,treatment,mobile,13,0
23445,treatment,mobile,1,0
10613,control,mobile,9,0
17153,treatment,mobile,13,0
19438,treatment,mobile,2,0
5887,control,mobile,6,0
1626,control,mobile,12,1
14080,treatment,mobile,2,0
20007,treatment,mobile,3,0
23256,treatment,mobile,9,1
11933,control,mobile,6,0
12478,treatment,desktop,9,0
17918,treatment,mobile,14,0
21482,treatment,desktop,3,0
14211,treatment,desktop,10,0
5898,control,mobile,10,0
18921,treatment,desktop,13,0
12476,treatment,mobile,12,0
7439,control,desktop,11,0
18757,treatment,mobile,7,0
9971,control,mobile,6,0
18455,treatment,desktop,7,0
16139,treatment,mobile,7,0
6945,control,desktop,10,0
8426,control,desktop,6,0
16089,treatment,mobile,14,0
10813,control,desktop,7,0
11183,control,mobile,10,0
21356,treatment,desktop,1,0
21652,treatment,mobile,6,0
3146,control,mobile,13,0
10863,control,desktop,12,0
16512,treatment,mobile,10,0
2415,control,desktop,2,1
9658,control,desktop,10,0
21327,treatment,mobile,9,0
14183,treatment,mobile,1,0
21707,treatment,mobile,4,0
7307,control,mobile,3,0
295,control,desktop,10,0
12294,treatment,mobile,6,0
50,control,mobile,2,0
4286,control,mobile,6,0
12580,treatment,desktop,9,0
5679,control,mobile,9,0
23670,treatment,desktop,8,0
9970,control,mobile,1,0
14830,treatment,mobile,9,0
1808,control,desktop,1,0
9056,control,mobile,5,0
12474,treatment,desktop,11,0
13618,treatment,mobile,5,0
155,control,mobile,12,0
1798,control,mobile,2,0
12424,treatment,mobile,8,0
15000,treatment,mobile,9,0
1117,control,mobile,1,0
9934,control,mobile,9,0
10184,control,desktop,7,0
15954,treatment,desktop,2,0
11246,control,mobile,2,0
16165,treatment,mobile,2,0
1191,control,mobile,6,0
11123,control,mobile,2,0
21809,treatment,desktop,9,0
19804,treatment,desktop,11,0
19361,treatment,mobile,3,0
19852,treatment,mobile,9,0
13757,treatment,desktop,12,0
10558,control,mobile,5,0
17475,treatment,mobile,9,0
6960,control,mobile,8,0
21714,treatment,mobile,5,0
21776,treatment,mobile,10,0
10069,control,mobile,2,0
16473,treatment,mobile,2,0
7590,control,desktop,9,0
20747,treatment,mobile,6,0
458,control,mobile,14,0
6928,control,desktop,9,0
7201,control,desktop,10,0
4046,control,desktop,7,0
16312,treatment,mobile,4,0
6478,control,mobile,4,0
7872,control,mobile,4,0
64,control,mobile,1,0
2799,control,mobile,12,0
20671,treatment,mobile,8,0
691,control,mobile,12,0
19686,treatment,desktop,2,0
21443,treatment,desktop,7,0
2076,control,mobile,4,0
19834,treatment,mobile,11,0
21626,treatment,desktop,9,0
69,control,mobile,13,0
936,control,mobile,6,0
18596,treatment,mobile,3,0
6556,control,desktop,9,0
13217,treatment,desktop,2,0
15074,treatment,mobile,5,0
19797,treatment,mobile,6,0
7082,control,desktop,6,0
6807,control,mobile,2,0
6027,control,mobile,4,1
21892,treatment,mobile,8,1
1053,control,desktop,3,0
9503,control,mobile,5,0
20705,treatment,mobile,9,1
13631,treatment,mobile,9,0
7842,control,desktop,6,0
8719,control,mobile,3,0
11816,control,mobile,8,0
6026,control,desktop,4,0
5367,control,mobile,7,0
14083,treatment,desktop,6,0
434,control,mobile,4,0
13203,treatment,mobile,3,0
4165,control,mobile,8,0
6579,control,mobile,6,0
6084,control,mobile,1,0
17560,treatment,mobile,11,0
4313,control,mobile,3,0
22548,treatment,desktop,7,0
3236,control,mobile,4,0
22786,treatment,mobile,7,0
21052,treatment,mobile,12,0
7218,control,mobile,11,0
10646,control,mobile,2,0
21836,treatment,desktop,2,0
21412,treatment,mobile,6,0
14642,treatment,desktop,1,0
9747,control,mobile,3,1
9282,control,mobile,10,0
22426,treatment,mobile,3,0
12997,treatment,mobile,1,0
18516,treatment,mobile,8,0
2825,control,mobile,2,1
15677,treatment,mobile,14,0
16306,treatment,mobile,12,0
9688,control,mobile,9,0
12797,treatment,desktop,5,0
17511,treatment,mobile,9,0
10356,control,desktop,9,1
11584,control,desktop,14,0
12964,treatment,mobile,13,0
19174,treatment,desktop,6,0
1660,control,desktop,6,0
20448,treatment,mobile,12,0
23448,treatment,mobile,10,0
15743,treatment,desktop,4,0
20162,treatment,desktop,9,0
17731,treatment,mobile,4,0
13789,treatment,desktop,9,0
3399,control,desktop,1,1
21869,treatment,desktop,1,0
10080,control,mobile,13,0
6373,control,mobile,3,0
12667,treatment,mobile,5,0
9403,control,mobile,7,0
14307,treatment,desktop,3,0
21129,treatment,mobile,3,0
18648,treatment,mobile,14,0
16375,treatment,desktop,9,0
175,control,mobile,14,0
180,control,desktop,5,0
19033,treatment,desktop,1,0
18047,treatment,desktop,8,0
23599,treatment,desktop,7,0
9831,control,mobile,12,0
5050,control,mobile,14,0
16782,treatment,mobile,12,0
20311,treatment,desktop,14,0
10007,control,mobile,14,0
19299,treatment,desktop,8,0
4155,control,mobile,12,0
4327,control,desktop,13,0
22674,treatment,desktop,11,0
14008,treatment,desktop,6,0
3499,control,desktop,9,0
15745,treatment,mobile,4,0
16880,treatment,mobile,14,0
8721,control,desktop,2,0
10964,control,desktop,11,0
10987,control,mobile,11,0
19813,treatment,mobile,10,0
4603,control,desktop,12,0
5302,control,mobile,14,1
1971,control,desktop,14,0
11879,control,mobile,4,0
18758,treatment,desktop,8,0
23663,treatment,mobile,13,0
17737,treatment,mobile,14,0
5542,control,desktop,1,0
15261,treatment,desktop,4,0
23335,treatment,desktop,4,0
3243,control,mobile,10,0
6242,control,desktop,14,0
14165,treatment,mobile,14,0
2356,control,mobile,3,0
6284,control,mobile,11,0
23699,treatment,mobile,5,0
1180,control,mobile,11,0
15943,treatment,mobile,13,0
4014,control,mobile,10,0
5889,control,desktop,8,0
14157,treatment,desktop,5,1
23278,treatment,mobile,4,0
16177,treatment,mobile,4,0
858,control,desktop,8,0
22288,treatment,mobile,6,0
2573,control,mobile,3,0
19841,treatment,mobile,7,0
19470,treatment,mobile,14,0
16035,treatment,desktop,3,0
5416,control,mobile,5,0
3245,control,mobile,14,0
21817,treatment,desktop,7,0
7517,control,desktop,8,0
913,control,mobile,7,0
16430,treatment,desktop,7,0
603,control,mobile,14,0
11277,control,desktop,11,0
3331,control,desktop,3,0
22523,treatment,desktop,2,0
18045,treatment,mobile,3,0
13734,treatment,mobile,9,0
11215,control,mobile,11,0
19329,treatment,mobile,12,1
19269,treatment,desktop,8,0
5332,control,mobile,3,0
18454,treatment,desktop,14,0
17091,treatment,mobile,8,0
3701,control,desktop,8,0
11159,control,mobile,13,0
11081,control,mobile,7,0
17213,treatment,mobile,3,1
7387,control,mobile,6,0
5262,control,mobile,12,0
23647,treatment,desktop,2,0
21186,treatment,mobile,4,0
9383,control,desktop,9,0
2656,control,desktop,7,0
4924,control,desktop,12,0
2693,control,mobile,5,0
21314,treatment,mobile,7,0
8871,control,mobile,12,0
15166,treatment,mobile,2,0
21719,treatment,mobile,6,0
23584,treatment,mobile,14,0
13074,treatment,mobile,11,0
7550,control,desktop,10,0
10100,control,mobile,2,0
528,control,desktop,3,1
5073,control,desktop,1,0
5481,control,mobile,8,1
21810,treatment,mobile,8,0
9650,control,desktop,7,0
8480,control,mobile,7,0
21743,treatment,mobile,12,0
3926,control,desktop,5,0
19328,treatment,mobile,11,0
10751,control,desktop,1,0
17732,treatment,mobile,7,0
12067,treatment,desktop,13,0
6101,control,mobile,11,0
13013,treatment,desktop,10,1
8759,control,mobile,12,0
8241,control,desktop,14,1
17811,treatment,desktop,11,0
9438,control,mobile,9,0
11916,control,mobile,10,0
13283,treatment,mobile,10,0
15791,treatment,mobile,12,0
18108,treatment,mobile,12,0
3514,control,desktop,8,0
8413,control,mobile,11,0
3495,control,mobile,10,0
17045,treatment,mobile,12,0
1251,control,mobile,7,0
23734,treatment,mobile,5,0
13900,treatment,desktop,11,0
12883,treatment,mobile,9,0
5308,control,desktop,11,0
17360,treatment,desktop,10,0
19682,treatment,mobile,4,0
19129,treatment,mobile,13,0
19546,treatment,desktop,2,0
23419,treatment,mobile,11,0
19222,treatment,mobile,3,0
15884,treatment,mobile,14,0
14441,treatment,mobile,14,0
4467,control,mobile,1,0
6563,control,mobile,14,0
2782,control,mobile,2,0
6007,control,desktop,12,0
15705,treatment,mobile,5,0
13098,treatment,mobile,7,0
7724,control,mobile,13,0
7670,control,desktop,14,0
22573,treatment,desktop,11,0
11438,control,mobile,5,0
12373,treatment,desktop,14,0
18339,treatment,mobile,13,0
16798,treatment,desktop,13,0
22454,treatment,mobile,12,0
16770,treatment,desktop,2,0
10374,control,mobile,9,0
22954,treatment,mobile,12,0
4612,control,desktop,9,0
5597,control,mobile,2,0
9118,control,desktop,4,1
20917,treatment,mobile,9,0
23478,treatment,desktop,13,0
7198,control,mobile,1,0
17480,treatment,mobile,4,0
16257,treatment,desktop,6,1
1804,control,desktop,14,0
22014,treatment,mobile,4,0
1070,control,desktop,8,0
15031,treatment,desktop,12,0
7192,control,desktop,11,0
6381,control,mobile,7,0
9695,control,desktop,12,0
16438,treatment,desktop,6,0
21556,treatment,mobile,11,0
17170,treatment,desktop,4,0
14960,treatment,mobile,8,0
8,control,mobile,14,0
10134,control,mobile,6,0
16238,treatment,mobile,12,0
17202,treatment,desktop,9,0
12723,treatment,desktop,9,0
18489,treatment,desktop,6,0
13519,treatment,mobile,10,0
21097,treatment,mobile,2,0
11731,control,desktop,5,0
13755,treatment,mobile,9,0
15889,treatment,desktop,10,1
14273,treatment,mobile,6,0
11224,control,mobile,1,0
22846,treatment,desktop,12,0
5012,control,desktop,3,0
18026,treatment,desktop,2,0
23826,treatment,mobile,1,0
9863,control,mobile,3,1
10645,control,mobile,8,0
19746,treatment,mobile,10,0
15307,treatment,mobile,9,0
356,control,mobile,7,0
23095,treatment,mobile,13,0
14378,treatment,desktop,3,0
11444,control,mobile,9,0
15897,treatment,mobile,6,0
1511,control,desktop,3,0
1634,control,desktop,4,0
7418,control,mobile,10,1
3459,control,mobile,9,0
15152,treatment,mobile,1,0
4350,control,mobile,6,0
14071,treatment,mobile,1,0
20518,treatment,mobile,9,0
1787,control,desktop,10,0
21601,treatment,mobile,7,0
10123,control,mobile,8,0
13491,treatment,mobile,4,0
13862,treatment,mobile,14,0
880,control,mobile,3,0
23371,treatment,desktop,1,0
18100,treatment,mobile,1,0
8964,control,mobile,8,0
21044,treatment,mobile,1,0
112,control,mobile,7,0
12762,treatment,desktop,13,0
20463,treatment,mobile,8,0
2534,control,mobile,2,0
21920,treatment,desktop,2,0
4878,control,mobile,7,0
21460,treatment,mobile,9,1
3820,control,desktop,9,0
18432,treatment,desktop,8,0
14615,treatment,mobile,4,0
5942,control,mobile,3,0
12481,treatment,mobile,3,0
12123,treatment,desktop,4,0
11711,control,mobile,7,0
16260,treatment,mobile,13,0
23783,treatment,desktop,9,0
22181,treatment,mobile,9,0
2518,control,desktop,12,0
2328,control,mobile,14,0
5717,control,mobile,6,0
22941,treatment,desktop,14,0
4146,control,mobile,11,0
11391,control,desktop,2,0
6640,control,desktop,6,0
22154,treatment,mobile,8,0
1831,control,desktop,2,1
22344,treatment,mobile,13,0
7672,control,mobile,6,0
2757,control,mobile,7,0
19962,treatment,mobile,14,0
22595,treatment,mobile,3,0
6757,control,desktop,2,0
795,control,desktop,9,0
8677,control,mobile,7,0
22644,treatment,mobile,4,0
5051,control,desktop,5,0
17639,treatment,mobile,2,0
9269,control,mobile,13,0
4152,control,mobile,4,0
18911,treatment,mobile,5,0
23679,treatment,mobile,3,0
10691,control,mobile,14,0
16679,treatment,desktop,8,0
22803,treatment,mobile,8,0
4166,control,mobile,7,0
10062,control,mobile,1,0
1366,control,mobile,10,0
14730,treatment,desktop,6,0
13638,treatment,mobile,6,0
5373,control,desktop,8,0
712,control,desktop,5,0
23543,treatment,desktop,2,0
22825,treatment,desktop,8,1
5161,control,mobile,11,1
2085,control,desktop,4,0
6452,control,mobile,9,0
12297,treatment,mobile,1,0
11485,control,desktop,9,0
15103,treatment,mobile,11,0
23285,treatment,mobile,11,0
13368,treatment,mobile,12,0
7644,control,mobile,12,0
15139,treatment,desktop,8,0
19312,treatment,mobile,11,0
22422,treatment,mobile,10,0
1163,control,desktop,11,1
19187,treatment,mobile,1,0
7567,control,mobile,3,0
21792,treatment,mobile,1,0
12651,treatment,desktop,10,0
19728,treatment,mobile,2,0
10269,control,mobile,1,0
9128,control,desktop,2,0
413,control,mobile,14,0
2142,control,mobile,13,0
10642,control,desktop,13,0
5798,control,mobile,3,1
17224,treatment,desktop,10,0
22530,treatment,desktop,13,0
13512,treatment,desktop,7,0
877,control,mobile,2,0
3242,control,desktop,9,0
22209,treatment,mobile,7,0
7157,control,mobile,7,0
15255,treatment,mobile,14,0
2294,control,mobile,1,0
7706,control,mobile,12,0
3634,control,mobile,1,0
16882,treatment,mobile,9,0
21916,treatment,desktop,6,0
2640,control,desktop,12,0
9378,control,mobile,1,0
16861,treatment,desktop,14,0
15003,treatment,mobile,2,0
7302,control,desktop,10,1
9924,control,mobile,9,0
159,control,mobile,3,0
10566,control,mobile,8,0
22430,treatment,desktop,1,0
23272,treatment,mobile,14,0
6420,control,mobile,9,0
21539,treatment,desktop,14,0
23797,treatment,mobile,10,0
8825,control,mobile,2,0
18708,treatment,mobile,10,0
9552,control,desktop,2,0
14012,treatment,mobile,13,0
21615,treatment,mobile,9,0
4068,control,desktop,7,0
20854,treatment,mobile,10,0
12500,treatment,desktop,4,0
11908,control,mobile,10,0
5860,control,mobile,12,0
5558,control,mobile,4,0
9817,control,desktop,11,0
17324,treatment,mobile,3,0
17168,treatment,mobile,11,0
4826,control,mobile,2,0
5242,control,desktop,14,0
13113,treatment,mobile,10,0
16828,treatment,mobile,12,0
17037,treatment,mobile,3,0
1848,control,desktop,4,0
14187,treatment,desktop,13,0
8472,control,mobile,11,0
9463,control,mobile,5,0
17771,treatment,desktop,1,0
20241,treatment,desktop,8,0
10476,control,desktop,7,0
14487,treatment,mobile,13,0
23789,treatment,mobile,1,0
15617,treatment,desktop,5,0
21337,treatment,mobile,1,0
10956,control,mobile,12,0
20073,treatment,mobile,2,0
8841,control,mobile,10,0
19006,treatment,desktop,1,0
12226,treatment,mobile,9,0
332,control,desktop,11,1
16020,treatment,mobile,12,0
12522,treatment,desktop,6,0
2077,control,mobile,1,0
20605,treatment,desktop,10,0
22925,treatment,mobile,3,0
9573,control,mobile,2,0
19054,treatment,mobile,6,0
17388,treatment,mobile,12,0
23833,treatment,desktop,10,0
319,control,desktop,8,0
5128,control,mobile,12,0
5544,control,desktop,11,0
2342,control,mobile,2,0
8179,control,mobile,2,0
12207,treatment,mobile,1,0
21449,treatment,desktop,5,0
353,control,mobile,6,0
3056,control,desktop,1,0
7067,control,desktop,3,0
1196,control,mobile,12,0
14770,treatment,mobile,3,0
15622,treatment,mobile,10,0
6760,control,desktop,1,0
10657,control,desktop,10,0
11572,control,mobile,4,0
7825,control,mobile,3,1
15607,treatment,desktop,10,0
23927,treatment,mobile,2,0
20522,treatment,mobile,13,0
13024,treatment,desktop,2,0
15996,treatment,desktop,4,0
21468,treatment,desktop,6,0
17634,treatment,mobile,2,0
14628,treatment,desktop,4,0
19963,treatment,mobile,6,0
4522,control,mobile,14,0
21959,treatment,desktop,10,0
21793,treatment,desktop,10,0
22066,treatment,mobile,7,0
14069,treatment,mobile,4,0
702,control,mobile,4,1
2119,control,desktop,13,0
145,control,desktop,11,0
4864,control,mobile,13,0
13999,treatment,mobile,2,1
3477,control,mobile,3,0
3222,control,mobile,11,0
5547,control,desktop,6,0
6889,control,desktop,13,0
2564,control,mobile,2,0
19456,treatment,mobile,5,0
12183,treatment,mobile,13,0
1002,control,mobile,7,0
14607,treatment,desktop,11,0
1557,control,desktop,9,0
19075,treatment,mobile,1,0
14015,treatment,desktop,2,0
1266,control,mobile,5,0
4456,control,desktop,12,0
14185,treatment,mobile,2,0
105,control,mobile,5,0
17594,treatment,desktop,9,0
14332,treatment,desktop,11,0
8165,control,mobile,13,0
4688,control,desktop,2,0
5974,control,desktop,1,1
23380,treatment,mobile,1,0
12907,treatment,desktop,14,0
4886,control,desktop,8,0
2540,control,mobile,7,0
2931,control,mobile,6,0
5695,control,mobile,3,0
23317,treatment,desktop,5,0
20319,treatment,mobile,12,0
11658,control,mobile,13,0
6,control,mobile,10,0
6494,control,mobile,4,0
8092,control,mobile,7,0
23508,treatment,mobile,1,0
4237,control,desktop,2,0
6517,control,desktop,8,0
12675,treatment,desktop,1,0
13533,treatment,mobile,14,0
5830,control,desktop,14,0
10413,control,desktop,2,0
4134,control,mobile,4,0
4499,control,desktop,7,0
7569,control,mobile,8,0
18371,treatment,mobile,8,0
9977,control,mobile,14,0
2795,control,mobile,13,0
14992,treatment,desktop,5,0
2601,control,mobile,14,1
867,control,mobile,1,0
9731,control,desktop,13,0
750,control,mobile,13,1
6156,control,desktop,4,0
12323,treatment,desktop,10,0
12376,treatment,mobile,7,0
22140,treatment,desktop,6,0
7939,control,desktop,13,0
8236,control,desktop,10,0
22481,treatment,mobile,7,0
21937,treatment,mobile,3,0
471,control,desktop,1,0
6753,control,mobile,14,0
5485,control,desktop,5,0
18022,treatment,mobile,9,0
2722,control,mobile,4,0
3754,control,desktop,12,0
62,control,mobile,5,0
8178,control,desktop,7,0
19264,treatment,mobile,3,0
19818,treatment,mobile,6,0
20059,treatment,mobile,3,0
395,control,mobile,12,0
20208,treatment,mobile,2,0
18187,treatment,desktop,5,0
22855,treatment,desktop,8,0
23504,treatment,mobile,12,0
17961,treatment,mobile,8,0
7806,control,desktop,2,0
19725,treatment,desktop,8,0
10286,control,mobile,10,0
21350,treatment,mobile,1,0
10291,control,mobile,2,0
346,control,mobile,5,0
14179,treatment,mobile,2,0
15575,treatment,mobile,3,0
23491,treatment,desktop,10,1
1218,control,desktop,9,0
22105,treatment,desktop,14,0
2619,control,mobile,8,0
3708,control,mobile,11,0
2361,control,desktop,1,0
22896,treatment,mobile,11,0
23338,treatment,mobile,9,1
4776,control,desktop,13,0
14281,treatment,mobile,11,0
11014,control,mobile,8,0
22585,treatment,desktop,1,0
12717,treatment,desktop,14,0
18992,treatment,desktop,4,0
12931,treatment,desktop,7,0
6204,control,mobile,13,1
22705,treatment,mobile,10,0
18403,treatment,desktop,1,1
2358,control,mobile,5,0
11295,control,mobile,2,0
7402,control,desktop,11,0
7169,control,mobile,13,0
1902,control,desktop,11,0
9892,control,mobile,14,0
9929,control,mobile,13,0
5737,control,desktop,10,0
5202,control,mobile,5,0
16297,treatment,desktop,4,0
7121,control,desktop,12,0
12609,treatment,desktop,14,0
8492,control,desktop,1,0
7921,control,mobile,11,0
2064,control,mobile,7,0
16753,treatment,desktop,14,0
16436,treatment,mobile,8,1
9698,control,mobile,12,1
2831,control,desktop,9,0
2481,control,mobile,7,0
22050,treatment,mobile,1,0
13022,treatment,desktop,4,0
17516,treatment,desktop,6,0
16671,treatment,desktop,5,0
13429,treatment,mobile,12,0
17734,treatment,desktop,6,0
15579,treatment,mobile,9,0
15646,treatment,desktop,5,0
18158,treatment,desktop,1,0
5175,control,mobile,6,0
10814,control,mobile,4,0
12319,treatment,desktop,10,0
11593,control,mobile,13,0
5258,control,mobile,11,0
442,control,mobile,7,0
2536,control,mobile,6,1
14102,treatment,mobile,3,0
14824,treatment,desktop,9,0
4720,control,desktop,14,0
9736,control,desktop,6,0
7837,control,mobile,7,0
3316,control,mobile,3,0
12409,treatment,mobile,11,0
8559,control,mobile,8,0
9462,control,mobile,1,0
2783,control,mobile,6,0
19047,treatment,mobile,14,0
12828,treatment,mobile,5,0
9716,control,desktop,2,0
9802,control,mobile,11,0
3349,control,desktop,7,0
4333,control,desktop,14,0
20743,treatment,desktop,5,0
10095,control,mobile,12,0
8448,control,desktop,14,0
4089,control,mobile,2,0
22881,treatment,desktop,4,1
7309,control,mobile,12,0
9567,control,mobile,9,0
3473,control,desktop,4,0
23619,treatment,desktop,5,0
23592,treatment,mobile,11,0
7883,control,mobile,4,0
21585,treatment,mobile,8,0
7589,control,desktop,12,0
3460,control,mobile,14,0
18552,treatment,mobile,10,0
465,control,mobile,2,0
4185,control,mobile,11,0
12859,treatment,desktop,11,0
18345,treatment,mobile,2,0
761,control,mobile,10,0
5388,control,desktop,2,0
21903,treatment,mobile,12,0
13141,treatment,desktop,7,0
21249,treatment,mobile,10,0
19184,treatment,mobile,6,0
19536,treatment,desktop,9,0
2460,control,desktop,5,0
13010,treatment,mobile,12,0
20964,treatment,mobile,1,0
7514,control,mobile,1,0
5776,control,desktop,6,1
18315,treatment,mobile,9,0
5151,control,mobile,9,0
13448,treatment,mobile,5,0
2083,control,mobile,3,0
16111,treatment,desktop,9,0
20718,treatment,mobile,12,0
5588,control,mobile,12,0
18212,treatment,desktop,7,0
5096,control,desktop,3,1
12622,treatment,mobile,10,0
8117,control,mobile,5,0
10615,control,mobile,13,0
6142,control,desktop,13,0
16934,treatment,mobile,2,0
19597,treatment,desktop,8,0
20229,treatment,mobile,2,0
14043,treatment,mobile,8,0
9821,control,desktop,10,0
8955,control,desktop,11,0
7673,control,desktop,4,0
9815,control,desktop,10,0
22502,treatment,mobile,7,0
5385,control,desktop,2,0
16219,treatment,desktop,3,0
22455,treatment,mobile,3,0
1467,control,mobile,5,0
15666,treatment,desktop,2,0
15761,treatment,mobile,2,0
12629,treatment,mobile,13,0
19816,treatment,desktop,14,0
14298,treatment,mobile,13,0
3143,control,desktop,5,0
8132,control,mobile,6,0
18328,treatment,desktop,11,0
1958,control,desktop,12,0
6661,control,mobile,8,0
18275,treatment,mobile,11,0
19167,treatment,desktop,1,0
3773,control,desktop,5,0
18620,treatment,mobile,3,0
3467,control,mobile,5,0
10281,control,mobile,1,0
3589,control,mobile,14,0
21922,treatment,mobile,10,0
7896,control,mobile,4,0
14597,treatment,mobile,14,0
2463,control,mobile,14,0
495,control,mobile,3,0
2729,control,mobile,4,0
9173,control,desktop,14,0
9369,control,mobile,14,0
316,control,desktop,14,0
19900,treatment,desktop,9,0
388,control,desktop,3,0
22779,treatment,mobile,12,0
10597,control,mobile,11,0
22572,treatment,mobile,3,0
6387,control,desktop,1,0
22912,treatment,mobile,8,0
5877,control,mobile,10,0
12523,treatment,desktop,1,0
5559,control,desktop,7,1
23624,treatment,mobile,13,0
5629,control,desktop,9,0
20716,treatment,desktop,1,0
1272,control,mobile,2,0
3373,control,desktop,14,0
16144,treatment,mobile,7,0
16990,treatment,mobile,6,0
22849,treatment,mobile,4,0
17569,treatment,desktop,1,0
4573,control,mobile,13,0
11741,control,desktop,7,0
19309,treatment,desktop,11,0
18769,treatment,desktop,8,0
19214,treatment,desktop,8,0
8144,control,desktop,11,0
7122,control,desktop,12,1
1370,control,desktop,14,0
5580,control,mobile,10,0
4569,control,desktop,13,0
23277,treatment,desktop,4,0
13575,treatment,mobile,4,0
15522,treatment,desktop,4,0
1088,control,mobile,10,0
12607,treatment,mobile,12,0
555,control,mobile,10,0
12551,treatment,desktop,4,0
777,control,desktop,3,0
19411,treatment,mobile,6,0
6418,control,mobile,12,0
23217,treatment,mobile,4,0
17818,treatment,desktop,7,0
15354,treatment,desktop,14,0
23427,treatment,desktop,3,0
5696,control,mobile,9,0
1992,control,desktop,11,0
2820,control,mobile,9,0
13802,treatment,desktop,3,0
1062,control,mobile,14,0
1782,control,mobile,11,0
3394,control,mobile,14,0
10402,control,mobile,13,0
9522,control,desktop,14,0
12085,treatment,desktop,14,0
7846,control,mobile,7,0
23597,treatment,mobile,2,0
23291,treatment,desktop,12,0
11284,control,desktop,12,0
21758,treatment,mobile,12,0
19528,treatment,mobile,1,0
1222,control,mobile,1,1
18177,treatment,mobile,1,0
1863,control,mobile,7,0
7050,control,desktop,11,0
22185,treatment,mobile,9,0
3608,control,mobile,9,0
11092,control,mobile,10,0
12566,treatment,mobile,12,0
10775,control,desktop,2,0
3265,control,desktop,8,0
10005,control,desktop,1,0
19009,treatment,mobile,8,0
4649,control,desktop,2,0
1279,control,desktop,13,0
7290,control,mobile,12,0
22597,treatment,desktop,1,0
6551,control,desktop,14,0
2496,control,desktop,14,0
21361,treatment,mobile,14,0
18176,treatment,desktop,2,0
4191,control,mobile,7,0
23985,treatment,mobile,5,0
19348,treatment,mobile,5,0
6885,control,desktop,2,0
12535,treatment,mobile,3,0
23479,treatment,mobile,11,0
5931,control,desktop,4,0
14604,treatment,desktop,2,0
23245,treatment,desktop,8,0
1057,control,mobile,8,0
742,control,mobile,14,0
8358,control,mobile,13,0
1146,control,mobile,8,0
444,control,desktop,11,0
18020,treatment,mobile,8,0
391,control,mobile,11,0
5526,control,desktop,2,0
3707,control,mobile,9,0
18390,treatment,desktop,11,0
21632,treatment,mobile,10,0
1920,control,mobile,8,0
9872,control,mobile,4,0
19751,treatment,mobile,9,0
12554,treatment,mobile,1,0
13995,treatment,mobile,9,0
7220,control,desktop,7,0
7494,control,desktop,4,0
8539,control,mobile,5,0
11520,control,mobile,13,0
20023,treatment,mobile,10,0
6543,control,mobile,5,0
19971,treatment,desktop,2,0
15883,treatment,mobile,6,0
14669,treatment,desktop,8,0
17022,treatment,desktop,1,0
21865,treatment,mobile,13,0
9591,control,mobile,14,0
18622,treatment,mobile,10,0
13932,treatment,mobile,14,0
7419,control,desktop,11,0
8809,control,desktop,3,0
8592,control,desktop,9,0
3891,control,mobile,1,0
13044,treatment,mobile,5,0
14293,treatment,mobile,9,0
13920,treatment,mobile,14,0
8057,control,mobile,2,0
17590,treatment,desktop,2,0
22255,treatment,mobile,11,0
20235,treatment,mobile,4,0
20461,treatment,mobile,7,0
12923,treatment,mobile,11,0
3847,control,mobile,9,0
11676,control,mobile,12,1
22879,treatment,desktop,8,0
19913,treatment,mobile,9,1
5937,control,mobile,6,1
4780,control,mobile,13,1
4575,control,mobile,3,0
7223,control,mobile,3,0
18474,treatment,mobile,14,0
12707,treatment,mobile,3,0
12885,treatment,desktop,11,0
4424,control,desktop,6,0
7727,control,mobile,1,0
14278,treatment,mobile,4,0
15585,treatment,mobile,8,0
13237,treatment,desktop,7,0
19016,treatment,desktop,8,0
13787,treatment,mobile,2,0
17521,treatment,desktop,5,0
10980,control,desktop,1,0
12027,treatment,desktop,6,0
4682,control,mobile,12,0
19390,treatment,mobile,9,0
14933,treatment,mobile,9,0
16154,treatment,desktop,2,0
3623,control,desktop,6,0
14408,treatment,desktop,7,0
5001,control,mobile,12,0
6644,control,mobile,4,0
12282,treatment,mobile,1,0
14283,treatment,desktop,8,0
7095,control,mobile,14,0
14272,treatment,mobile,5,0
2486,control,desktop,2,0
4942,control,desktop,13,0
8228,control,mobile,14,0
9364,control,mobile,9,0
6214,control,mobile,9,0
15306,treatment,mobile,13,0
13705,treatment,mobile,13,0
19734,treatment,mobile,7,0
8074,control,desktop,7,1
12006,treatment,mobile,8,0
5927,control,mobile,7,0
6871,control,mobile,4,0
7151,control,desktop,3,0
1714,control,mobile,8,0
21677,treatment,mobile,7,0
5518,control,desktop,8,0
16166,treatment,mobile,8,0
2618,control,desktop,3,0
17290,treatment,mobile,13,0
10294,control,mobile,6,0
9322,control,desktop,3,0
15844,treatment,mobile,12,0
21402,treatment,desktop,10,0
10877,control,desktop,8,0
16403,treatment,mobile,12,0
14164,treatment,mobile,6,0
21302,treatment,desktop,12,0
7434,control,desktop,13,0
16680,treatment,mobile,1,0
15390,treatment,mobile,13,0
16744,treatment,desktop,11,0
2824,control,desktop,11,0
17875,treatment,mobile,10,0
20678,treatment,mobile,7,0
14115,treatment,mobile,4,0
21508,treatment,mobile,2,1
18319,treatment,mobile,14,0
17011,treatment,desktop,13,0
14132,treatment,mobile,9,0
19808,treatment,mobile,9,1
13581,treatment,mobile,2,0
6877,control,desktop,3,0
16876,treatment,desktop,6,0
20347,treatment,mobile,8,0
13330,treatment,desktop,1,0
19395,treatment,mobile,2,0
975,control,mobile,2,0
8965,control,desktop,5,0
17349,treatment,desktop,5,0
17913,treatment,desktop,7,0
21242,treatment,desktop,11,0
18862,treatment,mobile,4,0
8978,control,desktop,11,0
2745,control,mobile,7,0
9520,control,desktop,5,0
20658,treatment,desktop,10,0
14719,treatment,mobile,11,0
10304,control,mobile,10,0
10841,control,mobile,13,0
1623,control,desktop,14,0
11781,control,desktop,3,0
10588,control,desktop,13,0
12219,treatment,desktop,10,0
1293,control,mobile,6,0
19886,treatment,mobile,10,0
22579,treatment,desktop,12,0
18308,treatment,mobile,12,0
7838,control,desktop,3,0
23500,treatment,mobile,12,0
19326,treatment,mobile,12,0
14599,treatment,mobile,12,0
10568,control,desktop,6,0
6891,control,desktop,10,0
5714,control,mobile,11,0
9720,control,mobile,8,0
18084,treatment,mobile,13,0
214,control,mobile,11,0
8055,control,desktop,9,0
23844,treatment,desktop,13,0
20751,treatment,desktop,5,0
10197,control,desktop,11,0
16102,treatment,mobile,7,0
9182,control,mobile,3,0
15330,treatment,mobile,13,0
1722,control,desktop,8,0
2011,control,mobile,11,0
21540,treatment,mobile,9,0
13601,treatment,desktop,8,1
3854,control,mobile,12,0
8722,control,mobile,6,0
2974,control,desktop,14,0
10626,control,mobile,9,0
11932,control,mobile,12,0
14826,treatment,mobile,4,0
6401,control,desktop,1,0
9407,control,mobile,7,0
3543,control,mobile,7,0
15759,treatment,desktop,4,1
21998,treatment,mobile,3,1
6098,control,mobile,5,0
21275,treatment,desktop,6,0
16583,treatment,mobile,5,0
22000,treatment,mobile,6,0
13764,treatment,mobile,2,0
18920,treatment,desktop,6,0
8394,control,desktop,11,0
3900,control,desktop,11,0
20149,treatment,desktop,1,0
17544,treatment,mobile,10,0
5504,control,desktop,9,0
18896,treatment,mobile,14,0
14455,treatment,mobile,12,0
22732,treatment,mobile,3,0
12924,treatment,desktop,7,0
4500,control,mobile,6,0
16015,treatment,mobile,1,0
19017,treatment,mobile,14,0
13847,treatment,mobile,14,0
17852,treatment,mobile,6,0
1014,control,desktop,8,0
14744,treatment,mobile,6,0
10214,control,mobile,12,0
19418,treatment,mobile,9,0
414,control,desktop,1,0
8325,control,desktop,5,0
17971,treatment,desktop,9,0
9480,control,desktop,8,0
8742,control,mobile,9,0
19690,treatment,mobile,11,0
18903,treatment,desktop,9,1
10110,control,mobile,9,0
7783,control,mobile,14,0
8718,control,desktop,14,0
6643,control,desktop,4,0
7814,control,mobile,12,0
19226,treatment,mobile,14,1
22161,treatment,desktop,10,0
5079,control,desktop,11,0
14251,treatment,desktop,11,0
15366,treatment,mobile,5,0
6982,control,mobile,8,0
1738,control,desktop,7,0
20316,treatment,mobile,1,0
2920,control,mobile,8,0
16595,treatment,mobile,11,0
20995,treatment,desktop,10,0
13332,treatment,mobile,8,0
21813,treatment,mobile,10,0
19041,treatment,mobile,6,0
22084,treatment,mobile,4,0
12670,treatment,mobile,12,0
12745,treatment,mobile,4,0
1573,control,desktop,6,0
2193,control,mobile,8,0
3142,control,mobile,13,0
22130,treatment,desktop,9,0
3792,control,desktop,4,0
13534,treatment,mobile,2,0
2339,control,desktop,1,0
6613,control,desktop,11,0
20899,treatment,mobile,12,0
23510,treatment,desktop,6,0
20931,treatment,mobile,8,0
189,control,mobile,4,0
22423,treatment,mobile,7,0
14439,treatment,mobile,1,0
13939,treatment,mobile,4,0
10329,control,desktop,10,0
5681,control,desktop,13,0
12672,treatment,mobile,8,0
1303,control,mobile,12,0
6520,control,desktop,5,0
9067,control,mobile,4,0
15796,treatment,mobile,7,0
16787,treatment,desktop,6,1
8626,control,mobile,7,0
9842,control,mobile,3,0
8316,control,mobile,13,1
14523,treatment,desktop,9,0
17047,treatment,mobile,7,0
7934,control,mobile,9,0
8025,control,mobile,11,0
20312,treatment,mobile,10,1
11332,control,desktop,2,0
22987,treatment,desktop,2,0
23751,treatment,mobile,5,0
18741,treatment,desktop,14,0
13779,treatment,mobile,4,0
2072,control,mobile,4,0
16677,treatment,mobile,9,0
7676,control,mobile,11,0
16519,treatment,desktop,8,0
4834,control,desktop,1,0
15223,treatment,mobile,3,0
7404,control,desktop,12,0
14989,treatment,desktop,1,0
21722,treatment,mobile,14,0
21205,treatment,desktop,13,0
18373,treatment,desktop,1,0
18686,treatment,desktop,9,0
19486,treatment,mobile,1,0
16157,treatment,mobile,2,0
293,control,mobile,2,0
9973,control,desktop,9,0
22891,treatment,mobile,14,0
3395,control,desktop,4,0
14728,treatment,mobile,12,0
6719,control,desktop,8,0
18753,treatment,desktop,12,0
137,control,mobile,14,0
21277,treatment,desktop,13,0
8892,control,mobile,9,0
10763,control,desktop,4,0
21486,treatment,desktop,14,0
16736,treatment,mobile,8,0
3904,control,desktop,13,1
2444,control,mobile,5,0
21898,treatment,desktop,11,0
18950,treatment,mobile,14,0
2298,control,mobile,14,0
21679,treatment,mobile,6,1
13127,treatment,desktop,6,0
3206,control,mobile,2,0
23605,treatment,mobile,8,0
18399,treatment,mobile,12,0
16638,treatment,mobile,6,0
8612,control,mobile,3,0
10354,control,desktop,6,1
22945,treatment,mobile,8,0
14058,treatment,desktop,14,0
1836,control,mobile,12,0
22310,treatment,mobile,11,0
13443,treatment,mobile,7,0
13742,treatment,mobile,5,0
22104,treatment,mobile,9,0
7158,control,mobile,6,0
14253,treatment,desktop,8,0
3086,control,desktop,11,0
4075,control,desktop,12,0
17081,treatment,mobile,3,0
10277,control,mobile,5,0
19838,treatment,desktop,12,0
19905,treatment,mobile,11,0
110,control,mobile,8,0
13204,treatment,desktop,13,0
12768,treatment,mobile,12,0
14537,treatment,mobile,3,0
8633,control,mobile,3,0
5015,control,desktop,13,0
11559,control,mobile,4,0
10891,control,desktop,13,0
19355,treatment,desktop,3,0
4971,control,desktop,4,0
20729,treatment,desktop,9,0
1300,control,mobile,4,0
11818,control,mobile,4,0
18406,treatment,mobile,10,0
23635,treatment,mobile,13,0
12759,treatment,mobile,5,0
22772,treatment,mobile,2,0
16734,treatment,desktop,10,0
14612,treatment,mobile,13,0
10051,control,desktop,12,1
3506,control,mobile,6,0
15163,treatment,mobile,4,0
1578,control,mobile,14,0
9110,control,mobile,12,0
10838,control,desktop,3,0
16335,treatment,mobile,6,0
19246,treatment,mobile,7,0
5384,control,desktop,11,0
11031,control,mobile,10,0
2785,control,mobile,10,0
17420,treatment,mobile,3,0
8229,control,desktop,6,0
21599,treatment,desktop,5,0
22840,treatment,mobile,2,0
15470,treatment,mobile,9,0
16529,treatment,mobile,13,0
1699,control,mobile,2,0
20083,treatment,desktop,3,0
19817,treatment,desktop,11,0
16211,treatment,mobile,7,0
5653,control,desktop,7,0
8088,control,mobile,5,0
14586,treatment,mobile,6,0
18053,treatment,desktop,10,0
7813,control,desktop,5,0
8195,control,mobile,12,0
11704,control,mobile,1,0
11108,control,mobile,14,1
3357,control,mobile,9,0
4681,control,mobile,7,0
7876,control,desktop,12,0
4736,control,desktop,3,0
17415,treatment,desktop,1,0
18436,treatment,desktop,11,0
23127,treatment,mobile,12,0
16751,treatment,desktop,8,0
21466,treatment,desktop,9,0
2478,control,mobile,14,0
9436,control,desktop,4,0
3696,control,desktop,2,0
23173,treatment,mobile,13,0
14555,treatment,mobile,9,0
13970,treatment,desktop,2,0
13714,treatment,desktop,9,0
6751,control,desktop,8,0
22293,treatment,mobile,2,1
5247,control,mobile,8,0
10512,control,mobile,14,0
4589,control,mobile,7,0
7585,control,desktop,9,0
5360,control,desktop,3,0
2371,control,mobile,5,0
14726,treatment,mobile,11,0
19253,treatment,desktop,2,0
2370,control,mobile,3,0
4962,control,desktop,10,0
20370,treatment,mobile,2,0
2673,control,desktop,5,0
13642,treatment,mobile,8,0
9387,control,desktop,7,0
6400,control,mobile,3,0
1092,control,mobile,7,0
2359,control,desktop,10,0
13776,treatment,desktop,7,0
22996,treatment,mobile,5,0
3538,control,desktop,6,0
4861,control,desktop,10,0
13609,treatment,mobile,6,0
23332,treatment,mobile,4,0
23722,treatment,mobile,14,0
22132,treatment,mobile,2,1
13814,treatment,mobile,13,0
4180,control,desktop,3,0
1972,control,mobile,2,0
21219,treatment,mobile,1,0
9494,control,mobile,11,0
16397,treatment,mobile,8,0
5747,control,desktop,10,0
7,control,mobile,5,0
120,control,desktop,6,0
20294,treatment,mobile,4,0
13225,treatment,desktop,4,0
16235,treatment,mobile,13,0
1254,control,desktop,3,0
16759,treatment,mobile,5,0
14419,treatment,mobile,6,0
4115,control,mobile,8,0
1356,control,mobile,13,0
11148,control,mobile,3,0
3750,control,mobile,13,0
11322,control,desktop,8,0
7471,control,mobile,2,1
5700,control,mobile,13,1
14588,treatment,mobile,10,0
19478,treatment,mobile,3,0
4538,control,mobile,7,0
7100,control,mobile,3,0
17517,treatment,mobile,14,0
10034,control,mobile,3,0
8973,control,desktop,1,0
14630,treatment,desktop,10,0
8835,control,mobile,14,0
8881,control,mobile,12,0
14025,treatment,desktop,9,0
5833,control,mobile,10,0
16321,treatment,mobile,12,0
2022,control,mobile,12,0
6049,control,mobile,12,0
1030,control,mobile,11,0
4950,control,mobile,11,0
13532,treatment,desktop,3,0
22305,treatment,desktop,10,0
7046,control,desktop,3,0
23724,treatment,mobile,7,0
3030,control,mobile,4,1
17463,treatment,mobile,4,0
3719,control,mobile,1,0
22362,treatment,mobile,11,0
310,control,desktop,2,1
20571,treatment,mobile,6,0
9142,control,mobile,3,0
13248,treatment,mobile,11,0
72,control,mobile,11,1
17413,treatment,desktop,1,0
7613,control,mobile,2,0
18716,treatment,mobile,8,0
6774,control,desktop,2,0
18578,treatment,mobile,9,0
5137,control,desktop,2,0
2754,control,mobile,10,0
13239,treatment,mobile,14,0
15633,treatment,mobile,10,0
8277,control,desktop,2,0
20617,treatment,desktop,5,1
7054,control,mobile,9,0
21208,treatment,mobile,8,0
9487,control,mobile,12,0
14967,treatment,mobile,8,0
18524,treatment,desktop,7,0
14474,treatment,mobile,3,0
20739,treatment,desktop,8,0
9902,control,desktop,5,1
6307,control,desktop,3,0
6490,control,mobile,3,0
2329,control,mobile,10,0
2663,control,desktop,8,0
17562,treatment,mobile,1,0
20695,treatment,mobile,10,0
19790,treatment,mobile,13,0
22859,treatment,mobile,4,0
17931,treatment,desktop,9,1
22804,treatment,desktop,8,0
12502,treatment,mobile,10,0
13504,treatment,mobile,10,1
188,control,mobile,9,0
16605,treatment,mobile,9,0
1530,control,desktop,10,0
15848,treatment,mobile,9,0
17029,treatment,mobile,9,0
20263,treatment,desktop,6,0
14527,treatment,mobile,1,0
17207,treatment,desktop,4,0
20779,treatment,mobile,8,1
12773,treatment,mobile,12,0
10022,control,mobile,11,0
18247,treatment,desktop,1,0
21878,treatment,desktop,13,0
19062,treatment,desktop,2,0
16843,treatment,mobile,8,0
19452,treatment,desktop,12,0
17581,treatment,desktop,6,0
22354,treatment,desktop,10,0
23260,treatment,desktop,2,0
21710,treatment,desktop,10,0
1693,control,mobile,4,0
5516,control,mobile,9,0
21128,treatment,mobile,11,0
10793,control,mobile,2,0
9097,control,mobile,3,0
6344,control,desktop,1,0
11294,control,mobile,9,0
17076,treatment,mobile,4,1
5313,control,mobile,8,0
21004,treatment,mobile,14,0
9700,control,mobile,11,0
12055,treatment,mobile,10,0
13047,treatment,mobile,8,0
12000,control,mobile,13,0
22245,treatment,desktop,5,0
18674,treatment,desktop,8,1
15268,treatment,mobile,13,0
6117,control,mobile,7,0
23938,treatment,mobile,11,0
3201,control,mobile,13,0
6345,control,mobile,6,0
2051,control,mobile,13,0
8565,control,desktop,9,0
18793,treatment,mobile,4,0
9035,control,mobile,6,0
15616,treatment,mobile,2,0
221,control,mobile,10,0
4015,control,desktop,2,0
15094,treatment,mobile,1,0
9614,control,mobile,13,0
5078,control,mobile,5,0
10397,control,mobile,13,0
8503,control,mobile,5,0
1550,control,mobile,12,0
132,control,mobile,1,0
19864,treatment,mobile,3,0
12292,treatment,desktop,2,0
1788,control,mobile,3,0
12241,treatment,desktop,4,0
6555,control,desktop,9,0
21375,treatment,desktop,3,0
10936,control,desktop,2,0
9381,control,mobile,1,0
16966,treatment,mobile,7,0
6722,control,mobile,12,0
6776,control,mobile,11,0
9353,control,mobile,10,0
280,control,mobile,8,0
9781,control,desktop,9,0
21348,treatment,mobile,8,0
4276,control,mobile,7,0
1995,control,mobile,6,0
22930,treatment,mobile,13,0
14802,treatment,mobile,11,0
15801,treatment,desktop,10,1
5514,control,mobile,12,1
6201,control,desktop,12,0
21306,treatment,mobile,11,0
6884,control,desktop,3,0
19468,treatment,desktop,11,0
16118,treatment,desktop,11,0
7539,control,mobile,8,0
15665,treatment,mobile,5,0
10120,control,mobile,6,0
17294,treatment,mobile,6,0
23537,treatment,desktop,6,0
4987,control,mobile,4,0
5774,control,desktop,3,0
13842,treatment,mobile,6,0
20538,treatment,mobile,9,0
9878,control,mobile,3,0
6621,control,mobile,9,0
12834,treatment,desktop,7,0
3372,control,mobile,13,1
21703,treatment,desktop,10,0
17635,treatment,desktop,4,0
22503,treatment,desktop,4,0
12111,treatment,desktop,14,0
9359,control,desktop,9,0
17160,treatment,mobile,14,0
10541,control,mobile,1,1
17559,treatment,mobile,9,0
16061,treatment,mobile,10,0
15367,treatment,desktop,3,0
13903,treatment,desktop,4,0
9439,control,mobile,5,0
9814,control,mobile,12,0
16054,treatment,mobile,11,0
3995,control,desktop,9,0
15058,treatment,mobile,12,0
8544,control,mobile,13,0
19195,treatment,mobile,14,0
648,control,mobile,11,0
4336,control,desktop,1,0
6602,control,mobile,12,0
7509,control,mobile,3,0
16640,treatment,mobile,12,0
2029,control,mobile,13,0
21854,treatment,mobile,10,0
23824,treatment,mobile,8,0
10855,control,mobile,12,0
16971,treatment,desktop,10,1
11507,control,mobile,10,0
8756,control,mobile,9,0
200,control,mobile,12,0
12493,treatment,mobile,12,0
20479,treatment,mobile,6,0
13923,treatment,mobile,4,0
10030,control,mobile,5,0
5277,control,desktop,9,0
8853,control,desktop,10,0
8104,control,mobile,1,0
16265,treatment,mobile,14,0
22908,treatment,mobile,12,0
5489,control,mobile,3,0
1548,control,desktop,9,0
21718,treatment,desktop,14,0
20842,treatment,mobile,8,0
4457,control,mobile,6,0
7900,control,desktop,7,0
18370,treatment,mobile,14,1
15339,treatment,mobile,4,0
17574,treatment,mobile,2,1
21150,treatment,mobile,6,0
20221,treatment,mobile,4,0
23395,treatment,mobile,13,0
7005,control,desktop,14,0
5575,control,desktop,13,0
17332,treatment,mobile,6,0
19907,treatment,mobile,2,0
11293,control,mobile,2,0
14000,treatment,mobile,9,1
14020,treatment,desktop,7,0
23728,treatment,desktop,1,0
23852,treatment,desktop,3,1
7781,control,mobile,4,0
10701,control,desktop,5,0
5609,control,mobile,6,0
18714,treatment,desktop,8,0
17997,treatment,mobile,11,1
7300,control,mobile,1,0
23706,treatment,mobile,2,1
6593,control,mobile,12,0
6676,control,mobile,2,0
10338,control,desktop,6,0
9109,control,mobile,12,0
23798,treatment,mobile,14,0
20861,treatment,mobile,4,0
2291,control,desktop,2,0
18439,treatment,desktop,14,0
3153,control,mobile,5,0
21247,treatment,mobile,10,0
22519,treatment,mobile,1,0
4999,control,mobile,10,0
10675,control,mobile,7,0
14331,treatment,desktop,8,0
11529,control,desktop,12,0
22345,treatment,mobile,3,0
16326,treatment,mobile,6,0
14738,treatment,mobile,1,0
2592,control,desktop,9,0
4266,control,desktop,1,0
5915,control,desktop,10,0
12918,treatment,mobile,5,0
19672,treatment,mobile,3,0
14683,treatment,mobile,6,0
23040,treatment,desktop,4,0
10798,control,desktop,8,0
1734,control,desktop,10,0
20259,treatment,mobile,8,0
4651,control,mobile,7,0
11368,control,mobile,8,0
7731,control,mobile,13,0
23555,treatment,mobile,11,0
6874,control,desktop,13,0
11502,control,desktop,12,0
11199,control,mobile,7,0
5880,control,mobile,12,0
7712,control,mobile,10,0
13290,treatment,mobile,12,0
5216,control,mobile,1,0
23058,treatment,mobile,13,0
12928,treatment,mobile,2,0
16116,treatment,mobile,14,0
15134,treatment,mobile,4,0
3605,control,desktop,11,0
1638,control,mobile,11,0
20288,treatment,desktop,7,0
11310,control,desktop,5,1
14301,treatment,desktop,11,0
1962,control,desktop,13,0
2456,control,mobile,1,0
6083,control,mobile,6,0
15089,treatment,mobile,12,0
2209,control,mobile,10,0
18149,treatment,mobile,14,0
4587,control,mobile,10,0
23517,treatment,mobile,7,1
7143,control,mobile,4,1
8513,control,mobile,3,0
22042,treatment,mobile,11,0
6668,control,mobile,6,0
20077,treatment,mobile,2,0
11416,control,desktop,4,0
12969,treatment,mobile,8,0
21661,treatment,desktop,10,0
18553,treatment,mobile,3,0
18409,treatment,desktop,8,0
23406,treatment,mobile,6,0
18184,treatment,desktop,11,0
8001,control,mobile,14,0
11822,control,mobile,4,0
17438,treatment,mobile,1,0
10959,control,mobile,14,0
15782,treatment,mobile,1,0
10265,control,desktop,5,0
1320,control,desktop,6,0
5806,control,mobile,8,0
18957,treatment,desktop,7,0
375,control,desktop,2,0
20559,treatment,mobile,4,0
7486,control,desktop,11,0
6528,control,mobile,2,0
25,control,mobile,7,0
16431,treatment,desktop,2,0
11231,control,mobile,2,0
21669,treatment,desktop,14,0
23474,treatment,desktop,14,1
20792,treatment,mobile,13,0
16906,treatment,mobile,4,0
836,control,mobile,12,0
1265,control,desktop,4,0
12139,treatment,desktop,4,1
11777,control,mobile,7,0
8824,control,desktop,10,0
14354,treatment,mobile,14,0
8795,control,desktop,5,1
18806,treatment,desktop,8,1
7447,control,desktop,10,1
15878,treatment,mobile,8,0
6155,control,mobile,3,0
17106,treatment,desktop,7,0
23190,treatment,mobile,12,0
15507,treatment,mobile,12,0
12453,treatment,desktop,7,0
23952,treatment,mobile,2,0
4951,control,mobile,6,0
2950,control,desktop,1,0
13861,treatment,mobile,5,0
21146,treatment,desktop,11,0
18207,treatment,mobile,11,0
15764,treatment,desktop,3,0
14034,treatment,mobile,2,0
13546,treatment,mobile,13,0
18468,treatment,mobile,4,1
6369,control,mobile,8,0
21752,treatment,mobile,6,0
14432,treatment,mobile,13,0
10013,control,mobile,4,0
10816,control,desktop,13,0
12348,treatment,mobile,7,0
15524,treatment,desktop,14,0
5049,control,mobile,2,0
21248,treatment,mobile,5,0
12976,treatment,desktop,12,0
18356,treatment,mobile,1,1
12275,treatment,mobile,5,0
20090,treatment,mobile,10,0
10113,control,desktop,8,1
11124,control,desktop,14,0
18230,treatment,desktop,4,0
11708,control,mobile,13,0
7974,control,mobile,14,0
6038,control,mobile,12,0
11157,control,mobile,4,0
18154,treatment,desktop,9,0
13837,treatment,mobile,8,0
15263,treatment,mobile,5,0
13424,treatment,desktop,11,0
23964,treatment,mobile,12,0
8837,control,mobile,1,0
16498,treatment,mobile,1,0
16448,treatment,desktop,7,0
3255,control,desktop,6,0
16701,treatment,mobile,4,0
13302,treatment,desktop,4,0
7464,control,mobile,13,0
21522,treatment,mobile,8,0
23444,treatment,desktop,4,0
12935,treatment,mobile,14,0
2590,control,mobile,7,0
10769,control,mobile,11,0
19840,treatment,desktop,2,0
8534,control,desktop,6,0
16437,treatment,mobile,8,0
1532,control,desktop,14,0
17558,treatment,mobile,8,0
15391,treatment,desktop,11,0
2803,control,mobile,5,0
17146,treatment,desktop,1,0
6321,control,desktop,13,0
23374,treatment,desktop,12,0
2766,control,mobile,3,0
15586,treatment,mobile,4,0
10332,control,mobile,12,0
21517,treatment,mobile,5,0
15233,treatment,desktop,12,0
11058,control,mobile,12,0
5996,control,mobile,7,0
18223,treatment,desktop,6,0
11997,control,mobile,9,0
15663,treatment,mobile,1,0
22433,treatment,desktop,9,1
6306,control,desktop,12,0
10742,control,mobile,12,0
4061,control,mobile,1,0
8671,control,mobile,7,0
22110,treatment,desktop,11,0
10299,control,mobile,3,0
6744,control,mobile,2,0
23493,treatment,mobile,10,0
16915,treatment,mobile,9,0
18440,treatment,mobile,2,0
9610,control,desktop,3,0
10222,control,mobile,12,0
18696,treatment,mobile,14,0
8429,control,mobile,7,0
1556,control,mobile,2,0
173,control,mobile,8,0
4083,control,mobile,5,0
5966,control,desktop,12,0
17636,treatment,mobile,14,0
10704,control,mobile,10,0
13615,treatment,desktop,6,0
11055,control,desktop,8,0
16304,treatment,desktop,3,0
19002,treatment,mobile,12,0
21458,treatment,mobile,12,0
17138,treatment,mobile,1,0
6165,control,mobile,1,0
13528,treatment,desktop,11,0
10088,control,mobile,3,0
9363,control,mobile,6,0
7595,control,desktop,8,0
17955,treatment,mobile,12,0
12411,treatment,mobile,11,0
21794,treatment,mobile,13,0
12415,treatment,desktop,11,0
4725,control,mobile,10,0
14325,treatment,mobile,14,0
17034,treatment,mobile,11,1
16141,treatment,mobile,13,0
3320,control,mobile,10,0
9482,control,mobile,14,0
11432,control,mobile,13,0
22013,treatment,desktop,9,0
10731,control,desktop,7,0
22756,treatment,mobile,3,0
16817,treatment,desktop,14,0
9760,control,mobile,10,0
16113,treatment,mobile,8,0
19537,treatment,desktop,10,0
10175,control,desktop,5,0
3270,control,mobile,8,0
7618,control,mobile,9,0
2628,control,desktop,4,0
6790,control,mobile,12,0
17842,treatment,desktop,5,0
17078,treatment,mobile,3,0
5391,control,mobile,5,0
19157,treatment,desktop,13,0
12783,treatment,mobile,1,0
13434,treatment,mobile,8,0
16452,treatment,mobile,8,1
21055,treatment,desktop,11,0
14118,treatment,mobile,14,1
2763,control,mobile,1,0
22241,treatment,desktop,12,0
9754,control,mobile,1,0
18422,treatment,desktop,3,0
13212,treatment,mobile,10,0
10812,control,mobile,12,0
18675,treatment,desktop,5,0
10410,control,desktop,10,0
14329,treatment,mobile,7,0
4438,control,mobile,5,0
17338,treatment,mobile,14,0
10610,control,mobile,14,0
10866,control,desktop,6,0
14710,treatment,desktop,14,0
15712,treatment,mobile,3,0
21164,treatment,mobile,11,0
15318,treatment,mobile,5,0
23929,treatment,mobile,5,0
3664,control,mobile,13,0
18889,treatment,desktop,3,0
5283,control,desktop,14,0
4759,control,desktop,8,0
8369,control,mobile,5,0
2522,control,mobile,13,0
22040,treatment,mobile,5,0
21646,treatment,mobile,7,0
8346,control,desktop,9,0
6149,control,mobile,1,0
11050,control,mobile,9,0
9946,control,desktop,11,0
20260,treatment,mobile,5,0
16175,treatment,mobile,12,0
17570,treatment,mobile,6,0
2027,control,mobile,7,0
9751,control,mobile,1,0
7009,control,mobile,10,0
311,control,mobile,9,0
7653,control,mobile,13,0
18925,treatment,desktop,1,1
13588,treatment,mobile,1,0
3403,control,mobile,1,0
12182,treatment,desktop,11,0
21584,treatment,mobile,10,0
18709,treatment,mobile,12,0
10783,control,mobile,12,0
22335,treatment,desktop,13,0
2045,control,desktop,2,0
1103,control,mobile,3,0
3961,control,desktop,4,0
6696,control,desktop,7,0
8535,control,mobile,9,0
21527,treatment,mobile,8,0
7553,control,mobile,4,0
17823,treatment,mobile,3,1
22856,treatment,desktop,2,0
18515,treatment,mobile,13,0
8217,control,mobile,9,0
16813,treatment,mobile,7,0
823,control,mobile,9,0
11551,control,mobile,8,0
21800,treatment,desktop,12,0
14203,treatment,mobile,5,0
7213,control,desktop,11,0
13911,treatment,mobile,1,0
12653,treatment,mobile,12,0
14145,treatment,mobile,5,0
22326,treatment,mobile,11,0
17085,treatment,mobile,11,0
13983,treatment,mobile,2,0
17607,treatment,desktop,12,0
1165,control,mobile,13,0
4869,control,desktop,9,0
9886,control,desktop,6,0
15592,treatment,mobile,7,0
17807,treatment,mobile,3,0
15121,treatment,mobile,11,0
11279,control,desktop,14,0
22678,treatment,mobile,3,0
19510,treatment,mobile,4,0
16062,treatment,mobile,3,0
14610,treatment,mobile,11,0
1131,control,mobile,5,0
22494,treatment,desktop,5,0
13851,treatment,desktop,11,0
13812,treatment,mobile,1,1
10773,control,desktop,6,0
17515,treatment,desktop,1,1
20772,treatment,mobile,5,0
11543,control,mobile,9,0
20040,treatment,mobile,6,0
11436,control,mobile,6,0
2891,control,mobile,10,0
18267,treatment,desktop,7,0
205,control,mobile,9,0
3159,control,desktop,12,0
17753,treatment,mobile,6,0
480,control,mobile,13,0
9445,control,desktop,4,0
19378,treatment,mobile,14,0
5720,control,mobile,9,0
23066,treatment,desktop,5,1
8631,control,mobile,10,0
14598,treatment,mobile,3,0
3129,control,mobile,8,0
23764,treatment,mobile,1,0
2313,control,desktop,6,0
18290,treatment,desktop,12,0
12266,treatment,mobile,14,0
15559,treatment,mobile,14,0
23737,treatment,mobile,9,0
4953,control,mobile,14,0
377,control,desktop,3,0
23052,treatment,desktop,9,0
21335,treatment,mobile,7,0
20111,treatment,desktop,7,0
6888,control,desktop,5,0
4946,control,desktop,2,0
9897,control,mobile,1,0
10698,control,desktop,14,0
19619,treatment,desktop,3,0
12363,treatment,desktop,10,0
1282,control,mobile,6,0
16728,treatment,desktop,11,0
23246,treatment,desktop,7,0
2056,control,desktop,1,0
19731,treatment,desktop,6,0
13184,treatment,desktop,11,0
14697,treatment,desktop,12,0
7651,control,desktop,4,0
5744,control,desktop,9,0
8150,control,mobile,11,0
19578,treatment,mobile,6,0
13250,treatment,mobile,6,0
20523,treatment,desktop,6,0
19519,treatment,desktop,6,0
6569,control,desktop,9,0
9430,control,desktop,11,0
9376,control,mobile,12,0
19523,treatment,mobile,7,0
8186,control,mobile,11,1
10844,control,desktop,13,0
1616,control,desktop,10,0
21915,treatment,desktop,7,0
7187,control,mobile,4,0
4401,control,mobile,9,0
11653,control,mobile,13,0
14996,treatment,mobile,11,0
19882,treatment,desktop,12,0
20610,treatment,mobile,3,0
3553,control,desktop,8,0
23966,treatment,mobile,11,0
1545,control,mobile,5,0
14623,treatment,mobile,13,0
9613,control,mobile,12,0
11560,control,mobile,10,0
1852,control,desktop,4,0
17397,treatment,mobile,3,0
19532,treatment,mobile,4,0
23195,treatment,mobile,11,0
21641,treatment,mobile,1,0
3663,control,desktop,13,0
13905,treatment,desktop,9,0
6664,control,mobile,7,0
21189,treatment,mobile,5,0
20147,treatment,desktop,12,0
7776,control,mobile,10,0
7311,control,desktop,13,0
18215,treatment,desktop,2,0
2797,control,mobile,12,0
5907,control,mobile,7,0
16514,treatment,mobile,5,0
17477,treatment,mobile,6,0
20063,treatment,desktop,8,0
18690,treatment,mobile,7,0
15908,treatment,mobile,10,0
1046,control,desktop,4,0
6548,control,mobile,11,0
7591,control,desktop,4,0
18717,treatment,desktop,3,0
4494,control,desktop,14,0
13229,treatment,mobile,3,0
4566,control,desktop,2,1
19170,treatment,desktop,1,0
17386,treatment,desktop,2,0
18746,treatment,mobile,4,0
19245,treatment,mobile,7,0
7616,control,mobile,3,0
13119,treatment,desktop,13,0
2268,control,mobile,2,0
22219,treatment,desktop,10,0
2419,control,desktop,1,0
15766,treatment,mobile,1,0
20508,treatment,desktop,1,0
17497,treatment,mobile,5,0
6972,control,mobile,12,0
9888,control,mobile,12,0
1374,control,desktop,9,0
2038,control,desktop,13,1
8575,control,mobile,4,0
3987,control,mobile,12,0
23936,treatment,desktop,10,0
8790,control,mobile,8,0
8701,control,desktop,12,0
4847,control,desktop,2,0
2470,control,mobile,5,0
15847,treatment,desktop,11,0
20300,treatment,mobile,3,0
15771,treatment,mobile,1,0
23864,treatment,desktop,12,0
23809,treatment,desktop,12,0
19736,treatment,mobile,3,0
14377,treatment,desktop,8,0
13781,treatment,mobile,3,0
12002,treatment,mobile,3,0
4041,control,desktop,14,0
12489,treatment,desktop,3,0
8452,control,mobile,6,0
23749,treatment,mobile,1,1
21683,treatment,mobile,10,0
18600,treatment,desktop,1,0
5269,control,mobile,8,0
16360,treatment,desktop,13,0
11415,control,mobile,13,0
16477,treatment,desktop,9,0
16903,treatment,desktop,1,0
6791,control,mobile,10,0
7818,control,mobile,11,0
21821,treatment,mobile,12,0
1614,control,desktop,9,0
12704,treatment,desktop,3,0
16255,treatment,mobile,1,0
8828,control,desktop,14,0
16520,treatment,mobile,7,0
20986,treatment,desktop,14,0
13432,treatment,desktop,6,0
4596,control,mobile,2,1
13908,treatment,desktop,11,0
3061,control,mobile,10,0
3783,control,desktop,14,0
3684,control,desktop,11,0
1431,control,mobile,1,1
21414,treatment,desktop,4,0
9847,control,desktop,7,0
13117,treatment,mobile,12,0
11275,control,mobile,12,0
18255,treatment,mobile,5,0
10774,control,mobile,8,0
998,control,mobile,13,0
11585,control,mobile,11,0
2504,control,mobile,14,0
3690,control,desktop,2,0
23468,treatment,mobile,12,0
6919,control,desktop,7,0
5541,control,desktop,3,0
12605,treatment,mobile,13,0
12626,treatment,mobile,3,0
23060,treatment,mobile,10,0
23250,treatment,mobile,6,0
11103,control,mobile,8,0
19119,treatment,mobile,1,0
16808,treatment,desktop,1,1
12417,treatment,desktop,1,0
1723,control,mobile,10,0
7239,control,mobile,6,0
23294,treatment,mobile,14,0
18368,treatment,mobile,6,0
22999,treatment,mobile,9,0
21285,treatment,mobile,13,0
6162,control,mobile,4,0
6805,control,mobile,7,0
2610,control,desktop,4,0
18975,treatment,desktop,9,0
10249,control,mobile,10,0
1608,control,desktop,1,0
11604,control,mobile,1,0
7537,control,mobile,4,0
733,control,mobile,10,0
23710,treatment,mobile,8,0
8161,control,desktop,6,0
5080,control,desktop,10,0
22137,treatment,mobile,7,0
8102,control,desktop,10,0
1594,control,mobile,2,0
11097,control,mobile,7,0
2235,control,desktop,7,0
7880,control,mobile,5,0
4079,control,mobile,10,0
14402,treatment,mobile,14,0
11470,control,desktop,8,0
5310,control,mobile,5,0
15713,treatment,mobile,14,0
11858,control,mobile,7,0
14670,treatment,mobile,5,1
19342,treatment,mobile,12,0
18941,treatment,mobile,3,0
2674,control,desktop,7,0
13918,treatment,mobile,5,0
7527,control,desktop,12,0
18415,treatment,desktop,14,0
19705,treatment,mobile,11,0
15076,treatment,mobile,2,0
16275,treatment,desktop,13,0
1447,control,desktop,14,0
1747,control,desktop,9,0
19902,treatment,mobile,8,0
21802,treatment,mobile,1,0
460,control,mobile,8,0
3046,control,desktop,6,0
9419,control,mobile,14,0
10842,control,desktop,3,0
15506,treatment,mobile,9,0
7749,control,desktop,6,0
16188,treatment,desktop,6,0
12220,treatment,mobile,9,0
22785,treatment,desktop,13,0
20614,treatment,desktop,9,0
14602,treatment,mobile,9,0
461,control,desktop,10,0
235,control,mobile,14,0
2432,control,desktop,14,0
12511,treatment,mobile,4,0
9202,control,desktop,8,0
11417,control,mobile,12,0
2102,control,desktop,13,1
1345,control,mobile,10,0
21245,treatment,mobile,8,0
12902,treatment,desktop,5,0
13315,treatment,desktop,10,0
2978,control,mobile,1,0
9360,control,desktop,1,0
3742,control,mobile,9,0
19267,treatment,desktop,1,0
11164,control,desktop,6,0
17499,treatment,mobile,6,0
22901,treatment,mobile,10,0
23530,treatment,mobile,1,0
12563,treatment,mobile,12,0
9711,control,mobile,14,0
13535,treatment,mobile,3,0
3646,control,desktop,2,0
13864,treatment,desktop,10,0
7488,control,desktop,7,0
14563,treatment,mobile,8,0
12031,treatment,mobile,5,0
10748,control,mobile,6,0
10425,control,mobile,9,0
7269,control,desktop,12,0
23989,treatment,desktop,6,0
1311,control,desktop,1,0
842,control,mobile,12,0
13382,treatment,mobile,5,0
11643,control,desktop,10,0
685,control,mobile,1,0
20115,treatment,mobile,11,0
20449,treatment,desktop,14,0
22144,treatment,mobile,8,0
20506,treatment,desktop,13,0
9042,control,desktop,2,0
16540,treatment,desktop,7,0
3920,control,mobile,10,0
4098,control,mobile,9,0
21685,treatment,desktop,5,0
16562,treatment,mobile,7,0
13910,treatment,mobile,4,0
16345,treatment,mobile,8,0
4169,control,desktop,10,0
18630,treatment,mobile,4,0
22359,treatment,mobile,3,0
16848,treatment,desktop,2,1
9543,control,mobile,12,0
8567,control,mobile,10,0
9633,control,mobile,13,0
22419,treatment,mobile,4,0
7110,control,mobile,14,0
17728,treatment,mobile,4,0
15746,treatment,mobile,5,0
1498,control,mobile,9,0
9561,control,desktop,1,0
5171,control,desktop,8,0
18554,treatment,mobile,6,0
2004,control,mobile,2,0
16325,treatment,mobile,9,0
5192,control,desktop,1,0
17674,treatment,desktop,12,0
10300,control,mobile,11,0
14534,treatment,mobile,5,0
5581,control,desktop,9,0
9301,control,mobile,3,0
11868,control,desktop,14,1
17246,treatment,desktop,10,0
17409,treatment,desktop,4,0
4593,control,desktop,13,0
14559,treatment,mobile,6,0
1280,control,desktop,10,0
3435,control,mobile,4,0
18728,treatment,desktop,11,0
8865,control,desktop,7,0
12414,treatment,desktop,10,0
2947,control,mobile,5,0
2408,control,desktop,4,0
787,control,mobile,7,1
11435,control,desktop,2,0
1932,control,desktop,5,0
23421,treatment,mobile,13,0
16173,treatment,mobile,7,0
17199,treatment,mobile,8,0
8609,control,desktop,9,0
13017,treatment,mobile,13,0
9064,control,desktop,2,0
22569,treatment,mobile,14,0
18265,treatment,mobile,2,0
7626,control,mobile,13,0
3656,control,desktop,3,0
2248,control,mobile,12,0
9896,control,desktop,3,1
14472,treatment,mobile,4,1
11681,control,mobile,14,0
1619,control,mobile,8,0
3029,control,mobile,8,0
20474,treatment,desktop,2,1
871,control,desktop,11,0
20066,treatment,desktop,5,0
15504,treatment,mobile,8,0
16488,treatment,desktop,5,1
21823,treatment,mobile,5,0
11043,control,mobile,4,0
17850,treatment,mobile,10,0
370,control,mobile,1,0
3688,control,desktop,9,0
17000,treatment,mobile,6,0
9835,control,mobile,12,0
16482,treatment,desktop,14,0
19385,treatment,mobile,5,0
13034,treatment,desktop,9,0
22789,treatment,mobile,14,1
11684,control,mobile,4,0
16535,treatment,mobile,12,0
15242,treatment,desktop,13,0
12326,treatment,desktop,14,0
14101,treatment,desktop,1,0
966,control,mobile,13,0
14316,treatment,desktop,11,0
4671,control,desktop,3,0
21750,treatment,desktop,4,0
23886,treatment,desktop,9,0
14507,treatment,mobile,3,0
21020,treatment,desktop,3,0
5536,control,mobile,6,0
18316,treatment,desktop,6,0
17181,treatment,mobile,3,1
10154,control,mobile,2,0
4167,control,mobile,1,0
34,control,mobile,3,0
18609,treatment,desktop,10,0
10674,control,desktop,10,0
21497,treatment,mobile,13,0
19549,treatment,mobile,13,0
9663,control,desktop,11,0
14969,treatment,desktop,7,0
1835,control,desktop,14,0
16409,treatment,desktop,5,0
11193,control,mobile,1,0
13752,treatment,desktop,9,0
11013,control,mobile,12,0
1127,control,desktop,5,0
229,control,mobile,11,0
19730,treatment,mobile,7,0
21420,treatment,mobile,8,0
9875,control,desktop,6,0
12400,treatment,mobile,6,0
17991,treatment,mobile,7,0
1260,control,mobile,5,0
9039,control,desktop,11,1
3930,control,desktop,4,0
17812,treatment,desktop,1,0
7982,control,mobile,10,0
3461,control,mobile,7,0
5668,control,desktop,5,0
11537,control,desktop,5,0
5545,control,mobile,14,0
1479,control,mobile,5,0
22500,treatment,mobile,9,1
18036,treatment,desktop,13,0
7237,control,desktop,6,0
730,control,desktop,4,0
19679,treatment,mobile,2,0
12932,treatment,mobile,14,0
7684,control,mobile,7,0
20569,treatment,mobile,1,0
4024,control,mobile,5,0
6674,control,mobile,8,0
5422,control,mobile,10,0
7283,control,mobile,7,0
6695,control,desktop,6,0
20406,treatment,mobile,8,0
14385,treatment,desktop,10,0
16601,treatment,mobile,2,0
5089,control,desktop,13,0
23411,treatment,mobile,7,0
14457,treatment,mobile,11,0
9083,control,desktop,10,0
7690,control,desktop,3,0
7829,control,mobile,3,0
12643,treatment,mobile,13,0
18891,treatment,mobile,2,0
19188,treatment,mobile,6,0
1462,control,mobile,7,0
4295,control,desktop,2,0
17492,treatment,desktop,1,0
7530,control,mobile,8,0
23156,treatment,mobile,9,0
18130,treatment,mobile,9,0
11095,control,mobile,6,1
10307,control,desktop,5,1
23752,treatment,mobile,3,0
1783,control,mobile,9,0
17464,treatment,mobile,2,0
4326,control,mobile,12,0
19270,treatment,desktop,8,0
3668,control,mobile,14,0
456,control,mobile,9,0
9772,control,mobile,1,0
23723,treatment,mobile,5,0
19698,treatment,mobile,8,0
16146,treatment,mobile,4,0
20187,treatment,mobile,6,0
21269,treatment,mobile,2,0
9006,control,mobile,14,0
14315,treatment,mobile,1,0
1879,control,mobile,8,0
13299,treatment,desktop,11,0
2810,control,mobile,8,0
20056,treatment,desktop,4,0
21292,treatment,desktop,11,0
9101,control,desktop,8,0
13650,treatment,mobile,4,0
5088,control,mobile,14,1
23536,treatment,mobile,12,0
10952,control,mobile,7,0
21947,treatment,mobile,4,0
22696,treatment,mobile,5,0
14052,treatment,mobile,5,0
23608,treatment,mobile,3,0
2186,control,desktop,6,0
20258,treatment,desktop,3,0
6116,control,mobile,5,0
5506,control,desktop,6,0
22333,treatment,desktop,5,0
6041,control,desktop,3,0
12677,treatment,mobile,2,0
5858,control,mobile,3,0
11267,control,mobile,12,0
4386,control,mobile,8,0
322,control,mobile,4,0
17054,treatment,desktop,4,0
5652,control,desktop,11,0
4618,control,desktop,6,1
13453,treatment,mobile,1,0
22986,treatment,desktop,14,0
680,control,mobile,4,0
6150,control,mobile,13,0
2183,control,desktop,11,0
8959,control,mobile,4,1
7029,control,mobile,13,0
17565,treatment,desktop,12,0
22188,treatment,desktop,6,0
3179,control,mobile,8,0
6974,control,mobile,12,0
1651,control,mobile,5,0
12261,treatment,mobile,3,0
17528,treatment,mobile,3,0
20246,treatment,desktop,13,0
19472,treatment,mobile,8,0
17291,treatment,desktop,8,0
11864,control,mobile,7,0
1471,control,mobile,12,0
17280,treatment,desktop,2,0
14935,treatment,desktop,11,0
11478,control,mobile,2,0
20732,treatment,mobile,11,0
9147,control,desktop,6,0
2858,control,mobile,7,0
20251,treatment,mobile,2,0
330,control,mobile,5,0
16959,treatment,mobile,9,0
23172,treatment,desktop,1,0
16100,treatment,mobile,3,0
7966,control,desktop,13,0
19814,treatment,mobile,14,0
22208,treatment,desktop,2,0
11927,control,desktop,10,0
6533,control,mobile,11,0
463,control,mobile,8,0
4364,control,mobile,12,0
8687,control,desktop,10,0
5033,control,desktop,5,0
7641,control,mobile,2,0
6814,control,desktop,6,0
624,control,desktop,5,0
7033,control,mobile,11,0
9505,control,mobile,1,0
16698,treatment,mobile,2,0
13816,treatment,mobile,3,0
20124,treatment,mobile,6,0
12791,treatment,mobile,14,0
22937,treatment,desktop,14,0
18203,treatment,mobile,10,0
22230,treatment,desktop,7,0
7889,control,desktop,13,0
15945,treatment,desktop,6,0
7994,control,mobile,13,0
15214,treatment,mobile,3,0
5905,control,mobile,9,0
14867,treatment,mobile,4,0
10433,control,desktop,4,0
5190,control,mobile,7,0
8478,control,mobile,2,0
9639,control,desktop,11,0
5199,control,mobile,12,0
4839,control,mobile,4,0
1381,control,desktop,10,0
13986,treatment,mobile,1,0
12087,treatment,desktop,2,1
6304,control,mobile,12,0
3290,control,mobile,8,0
11161,control,mobile,7,0
10494,control,desktop,13,0
7268,control,mobile,8,0
20808,treatment,mobile,8,0
23502,treatment,desktop,5,0
3905,control,mobile,12,0
22439,treatment,mobile,3,0
12662,treatment,mobile,13,0
17249,treatment,mobile,9,0
18861,treatment,mobile,2,0
10958,control,desktop,14,0
20005,treatment,desktop,3,0
3765,control,desktop,2,0
7677,control,mobile,9,0
17744,treatment,desktop,11,0
14152,treatment,desktop,7,0
8070,control,mobile,2,0
11682,control,mobile,10,0
15714,treatment,mobile,4,0
14633,treatment,mobile,13,0
14668,treatment,mobile,12,0
9310,control,mobile,12,0
22598,treatment,mobile,7,0
21346,treatment,mobile,7,0
7420,control,mobile,7,0
8689,control,desktop,8,0
22733,treatment,mobile,14,1
1584,control,desktop,6,0
10353,control,desktop,6,0
20656,treatment,mobile,14,1
748,control,desktop,11,0
11525,control,mobile,12,0
19960,treatment,mobile,10,1
16055,treatment,desktop,5,0
9943,control,mobile,8,0
4699,control,desktop,12,0
12848,treatment,desktop,11,0
816,control,mobile,5,0
1823,control,mobile,11,0
3809,control,mobile,10,0
14767,treatment,mobile,11,0
3844,control,desktop,2,0
12552,treatment,desktop,5,0
14848,treatment,desktop,13,1
10295,control,mobile,12,0
19363,treatment,desktop,8,0
7023,control,desktop,10,0
22492,treatment,desktop,12,0
20356,treatment,mobile,9,0
4724,control,mobile,7,0
1082,control,desktop,8,0
23424,treatment,mobile,8,1
11100,control,mobile,7,0
11659,control,mobile,3,0
4090,control,desktop,13,0
9900,control,mobile,14,0
16962,treatment,mobile,2,0
16170,treatment,desktop,14,0
14788,treatment,desktop,4,0
3197,control,desktop,2,0
3420,control,desktop,9,0
265,control,mobile,2,0
781,control,mobile,1,0
10199,control,mobile,8,0
11847,control,mobile,1,0
10101,control,mobile,14,0
1380,control,mobile,3,0
12018,treatment,mobile,14,0
7998,control,mobile,1,0
19500,treatment,desktop,13,0
5589,control,desktop,7,0
9569,control,desktop,9,0
1748,control,mobile,13,0
18110,treatment,desktop,6,0
76,control,desktop,6,0
11718,control,mobile,9,0
23940,treatment,desktop,5,0
9860,control,mobile,12,0
19739,treatment,desktop,6,0
19530,treatment,mobile,2,0
6132,control,mobile,9,0
14592,treatment,mobile,7,0
8552,control,desktop,2,0
21962,treatment,mobile,6,0
9176,control,mobile,7,0
8901,control,mobile,8,0
1820,control,desktop,9,0
9451,control,mobile,2,0
16417,treatment,mobile,2,0
22514,treatment,mobile,12,0
15120,treatment,desktop,10,0
7240,control,desktop,13,0
10206,control,desktop,3,0
12849,treatment,desktop,9,0
22237,treatment,mobile,6,0
19559,treatment,mobile,3,0
13898,treatment,mobile,8,0
15114,treatment,mobile,4,0
15935,treatment,desktop,5,0
19554,treatment,mobile,9,0
2405,control,mobile,13,1
16505,treatment,desktop,3,0
17077,treatment,mobile,2,0
22610,treatment,desktop,8,0
10289,control,desktop,14,0
4017,control,mobile,7,0
21294,treatment,mobile,8,0
14349,treatment,mobile,7,1
11773,control,desktop,7,0
19653,treatment,mobile,11,0
2583,control,mobile,7,0
21873,treatment,mobile,9,0
14966,treatment,desktop,10,0
15934,treatment,mobile,3,0
3946,control,desktop,2,0
9558,control,mobile,2,0
978,control,mobile,7,0
15732,treatment,mobile,1,0
10553,control,mobile,8,0
4215,control,mobile,7,0
17911,treatment,mobile,12,0
11249,control,mobile,12,0
15274,treatment,desktop,14,0
3936,control,desktop,2,0
17566,treatment,mobile,4,0
8814,control,mobile,7,0
9195,control,mobile,13,0
16568,treatment,mobile,14,1
14184,treatment,mobile,4,0
807,control,mobile,7,0
6459,control,mobile,11,0
17561,treatment,mobile,13,0
11098,control,desktop,2,0
2281,control,mobile,10,0
21463,treatment,mobile,7,0
315,control,desktop,8,0
14584,treatment,mobile,6,0
20914,treatment,mobile,1,0
22942,treatment,mobile,9,0
12820,treatment,desktop,13,0
14835,treatment,desktop,2,0
20799,treatment,mobile,1,0
14870,treatment,desktop,9,0
2696,control,mobile,9,0
16396,treatment,desktop,10,0
22270,treatment,mobile,14,0
14850,treatment,mobile,10,0
8663,control,mobile,12,0
5534,control,mobile,6,0
5460,control,mobile,7,0
23881,treatment,desktop,13,0
21397,treatment,desktop,9,0
20827,treatment,mobile,6,0
22449,treatment,mobile,1,0
22437,treatment,mobile,12,0
7208,control,desktop,7,0
14816,treatment,mobile,2,0
2781,control,mobile,9,0
18416,treatment,desktop,10,0
17111,treatment,mobile,10,0
14705,treatment,desktop,6,1
10548,control,mobile,4,0
23729,treatment,mobile,14,0
10499,control,mobile,14,0
18755,treatment,desktop,3,0
10979,control,desktop,13,0
7657,control,mobile,4,0
22107,treatment,desktop,14,1
15569,treatment,mobile,5,0
12736,treatment,mobile,3,0
3617,control,mobile,1,0
22829,treatment,mobile,11,0
14042,treatment,desktop,10,0
15453,treatment,mobile,3,0
3614,control,mobile,10,0
3212,control,desktop,7,0
4655,control,desktop,4,0
18591,treatment,desktop,14,0
13012,treatment,mobile,11,0
22895,treatment,desktop,13,0
14411,treatment,desktop,13,0
6735,control,mobile,3,0
2151,control,mobile,1,0
11475,control,mobile,3,0
22162,treatment,mobile,13,0
13416,treatment,desktop,1,0
3626,control,mobile,3,0
3938,control,desktop,1,0
22916,treatment,desktop,8,0
7452,control,desktop,13,0
7256,control,mobile,5,0
9868,control,mobile,3,0
23917,treatment,desktop,14,0
20211,treatment,mobile,3,1
11242,control,mobile,1,0
7708,control,desktop,14,0
1302,control,mobile,14,0
9648,control,mobile,6,0
8279,control,desktop,6,0
3393,control,mobile,3,0
15571,treatment,mobile,14,0
19209,treatment,desktop,3,1
18086,treatment,mobile,12,0
16907,treatment,mobile,5,0
6110,control,mobile,2,0
20825,treatment,mobile,9,0
1961,control,desktop,6,0
18606,treatment,desktop,14,0
14480,treatment,desktop,2,0
17782,treatment,mobile,12,0
13061,treatment,mobile,14,0
19677,treatment,desktop,5,0
15492,treatment,mobile,9,0
12213,treatment,mobile,10,0
8528,control,desktop,1,0
10700,control,mobile,7,0
12673,treatment,desktop,8,0
22989,treatment,desktop,8,0
22413,treatment,mobile,3,0
6616,control,mobile,9,0
9786,control,mobile,13,0
22081,treatment,desktop,13,0
9022,control,mobile,10,0
9770,control,desktop,3,0
19903,treatment,mobile,9,0
14374,treatment,mobile,9,0
10039,control,mobile,2,0
11025,control,desktop,7,0
19320,treatment,desktop,13,0
22994,treatment,mobile,9,0
21525,treatment,mobile,11,0
2288,control,desktop,6,0
22501,treatment,desktop,10,0
11958,control,desktop,5,0
18541,treatment,mobile,13,0
20736,treatment,mobile,7,0
20185,treatment,mobile,8,0
15558,treatment,desktop,10,0
17451,treatment,mobile,10,0
7257,control,desktop,2,0
14912,treatment,desktop,2,0
15638,treatment,mobile,8,0
4239,control,desktop,5,0
6940,control,desktop,6,0
16768,treatment,mobile,4,0
10770,control,desktop,9,0
5567,control,mobile,9,0
1784,control,desktop,11,0
13564,treatment,desktop,8,0
13595,treatment,mobile,8,0
22974,treatment,mobile,5,0
9007,control,mobile,5,0
12587,treatment,desktop,3,0
6028,control,mobile,2,0
3671,control,mobile,4,0
12173,treatment,desktop,14,0
17402,treatment,desktop,3,0
13487,treatment,mobile,14,0
4232,control,mobile,9,0
827,control,desktop,9,0
5857,control,desktop,11,0
6912,control,mobile,5,0
14844,treatment,mobile,5,0
482,control,desktop,7,0
6019,control,desktop,3,0
18689,treatment,mobile,3,0
3587,control,mobile,9,0
20041,treatment,mobile,8,0
18435,treatment,mobile,14,0
4694,control,mobile,4,0
20911,treatment,desktop,9,0
17342,treatment,mobile,14,0
12737,treatment,desktop,10,0
15358,treatment,mobile,6,0
17340,treatment,mobile,3,0
13433,treatment,mobile,8,0
6308,control,desktop,4,0
1875,control,desktop,3,0
14306,treatment,desktop,5,0
12174,treatment,desktop,6,0
1741,control,mobile,1,0
23512,treatment,desktop,7,0
8648,control,mobile,2,0
12284,treatment,mobile,11,0
19056,treatment,desktop,2,0
10050,control,mobile,7,0
14163,treatment,mobile,7,0
12283,treatment,desktop,11,0
13313,treatment,desktop,9,0
23106,treatment,desktop,9,0
1847,control,mobile,12,0
8863,control,mobile,2,0
13120,treatment,mobile,4,0
22757,treatment,desktop,14,0
18605,treatment,mobile,14,0
7166,control,mobile,14,0
18204,treatment,desktop,11,0
23965,treatment,desktop,2,0
3223,control,mobile,10,0
12161,treatment,mobile,8,0
9079,control,mobile,5,0
17664,treatment,mobile,7,0
9887,control,mobile,3,0
1952,control,desktop,12,1
17216,treatment,desktop,13,0
7191,control,mobile,14,0
16965,treatment,desktop,6,0
21996,treatment,mobile,8,0
12384,treatment,mobile,13,0
18502,treatment,mobile,10,0
15483,treatment,desktop,5,0
10684,control,mobile,1,0
7929,control,desktop,10,0
12992,treatment,desktop,7,0
8678,control,desktop,7,0
23767,treatment,mobile,9,0
19236,treatment,desktop,13,0
19696,treatment,mobile,14,0
8730,control,mobile,10,0
7131,control,mobile,14,0
23481,treatment,mobile,5,0
20672,treatment,desktop,1,0
68,control,desktop,2,0
1576,control,desktop,2,0
13440,treatment,mobile,9,0
23949,treatment,desktop,4,0
21431,treatment,mobile,1,0
16319,treatment,mobile,2,0
7740,control,mobile,3,0
5686,control,mobile,14,0
15676,treatment,desktop,9,0
20373,treatment,mobile,6,0
22617,treatment,mobile,4,0
3678,control,mobile,7,0
4389,control,mobile,14,0
4448,control,mobile,10,1
15088,treatment,mobile,14,1
11306,control,desktop,9,0
3177,control,mobile,4,1
9266,control,desktop,7,0
19102,treatment,mobile,5,0
18033,treatment,mobile,3,0
862,control,mobile,11,0
14197,treatment,mobile,13,0
14494,treatment,mobile,14,0
1925,control,mobile,2,0
15552,treatment,mobile,14,0
792,control,desktop,8,0
18679,treatment,mobile,4,0
2709,control,mobile,6,0
20574,treatment,desktop,7,0
20411,treatment,desktop,1,0
2256,control,mobile,1,0
16892,treatment,mobile,1,0
22806,treatment,mobile,12,0
18547,treatment,desktop,9,0
20443,treatment,mobile,5,0
5410,control,desktop,2,0
18210,treatment,mobile,7,1
7737,control,desktop,8,0
11680,control,mobile,11,0
14919,treatment,mobile,7,0
10129,control,mobile,1,0
22888,treatment,mobile,10,0
18821,treatment,mobile,4,0
11480,control,mobile,4,0
15578,treatment,desktop,6,0
21523,treatment,mobile,1,0
8501,control,desktop,8,0
79,control,mobile,9,0
20301,treatment,desktop,9,0
6502,control,mobile,10,0
3903,control,desktop,1,0
11611,control,mobile,10,0
21198,treatment,mobile,8,0
23346,treatment,mobile,14,0
17374,treatment,mobile,8,0
8572,control,mobile,6,0
19824,treatment,desktop,5,1
10587,control,mobile,4,0
6904,control,desktop,3,0
6788,control,mobile,14,0
16582,treatment,mobile,13,0
18801,treatment,desktop,3,0
20592,treatment,mobile,2,0
3170,control,desktop,5,0
1001,control,mobile,5,0
11586,control,mobile,8,0
10135,control,mobile,13,0
23811,treatment,desktop,1,0
11008,control,mobile,7,0
7787,control,mobile,4,0
389,control,desktop,9,0
2632,control,desktop,6,0
16142,treatment,mobile,4,1
7822,control,desktop,4,0
21658,treatment,desktop,4,0
4783,control,desktop,14,0
17992,treatment,mobile,5,0
4717,control,mobile,5,0
14285,treatment,mobile,5,0
7222,control,mobile,6,0
12882,treatment,desktop,13,0
1490,control,mobile,6,0
18197,treatment,mobile,1,0
3140,control,desktop,3,0
20464,treatment,mobile,1,0
16718,treatment,mobile,7,0
9986,control,mobile,7,0
3077,control,mobile,13,0
19639,treatment,desktop,12,0
4938,control,desktop,6,0
10928,control,mobile,12,0
3096,control,desktop,3,0
956,control,desktop,12,0
8010,control,mobile,6,0
17013,treatment,mobile,13,0
22223,treatment,mobile,9,0
9672,control,mobile,10,0
7204,control,desktop,1,0
20400,treatment,mobile,13,0
20847,treatment,desktop,1,0
2796,control,desktop,1,0
9660,control,mobile,1,0
17099,treatment,desktop,2,1
18499,treatment,mobile,13,0
15248,treatment,mobile,3,0
7623,control,mobile,2,0
15754,treatment,mobile,13,0
23674,treatment,desktop,7,0
15323,treatment,mobile,2,0
17870,treatment,mobile,4,0
5351,control,mobile,4,0
6979,control,mobile,5,0
10849,control,mobile,1,0
20477,treatment,mobile,14,0
11986,control,mobile,13,0
3358,control,desktop,9,0
15783,treatment,mobile,12,0
12467,treatment,desktop,6,0
17793,treatment,mobile,8,0
4394,control,mobile,12,0
7582,control,desktop,9,0
18878,treatment,desktop,8,0
2215,control,mobile,6,0
15480,treatment,desktop,13,0
17612,treatment,mobile,2,0
17803,treatment,mobile,6,0
12689,treatment,desktop,13,0
18226,treatment,desktop,1,0
2581,control,mobile,10,0
20547,treatment,desktop,4,0
21986,treatment,mobile,3,0
11513,control,desktop,7,0
15599,treatment,desktop,12,0
20434,treatment,mobile,12,0
7094,control,mobile,13,0
17449,treatment,desktop,2,0
8098,control,mobile,1,0
1060,control,mobile,9,0
20624,treatment,mobile,13,0
19853,treatment,desktop,1,0
9434,control,desktop,13,1
19307,treatment,mobile,4,0
20600,treatment,mobile,2,0
1580,control,desktop,10,0
1686,control,mobile,5,0
23105,treatment,mobile,11,0
4063,control,mobile,4,0
2489,control,mobile,13,0
1524,control,mobile,6,0
1509,control,mobile,14,0
4875,control,mobile,1,0
23682,treatment,mobile,1,0
5598,control,desktop,2,1
21774,treatment,mobile,4,0
626,control,mobile,10,0
8772,control,mobile,8,0
13507,treatment,desktop,3,0
553,control,desktop,10,0
4071,control,mobile,5,0
23112,treatment,mobile,9,0
17123,treatment,mobile,3,0
5608,control,mobile,6,0
21262,treatment,mobile,9,0
5042,control,desktop,8,0
2602,control,desktop,9,0
21628,treatment,mobile,5,0
14699,treatment,desktop,8,0
22087,treatment,mobile,10,0
13037,treatment,desktop,1,0
13651,treatment,desktop,3,0
19957,treatment,desktop,1,0
4464,control,desktop,10,0
12631,treatment,desktop,11,0
11547,control,desktop,12,0
1186,control,mobile,6,0
1755,control,mobile,1,0
1597,control,desktop,4,0
3969,control,desktop,5,1
16080,treatment,mobile,10,0
6711,control,mobile,12,0
16494,treatment,mobile,2,0
3531,control,desktop,1,0
8903,control,desktop,7,0
22952,treatment,desktop,2,0
8691,control,mobile,8,0
9827,control,mobile,7,0
23489,treatment,desktop,7,0
2952,control,mobile,4,1
9974,control,mobile,10,0
13140,treatment,desktop,13,0
14546,treatment,mobile,8,0
16891,treatment,mobile,3,0
11352,control,mobile,1,1
21378,treatment,mobile,13,0
10501,control,mobile,4,0
18980,treatment,mobile,2,1
19335,treatment,desktop,11,0
18233,treatment,mobile,5,0
8639,control,mobile,5,1
166,control,mobile,6,0
919,control,desktop,13,0
20212,treatment,mobile,8,0
8836,control,mobile,4,0
23562,treatment,desktop,6,1
9769,control,mobile,5,0
15879,treatment,mobile,9,0
2930,control,desktop,2,0
16860,treatment,mobile,11,0
7535,control,mobile,14,0
8494,control,mobile,2,0
14170,treatment,mobile,14,0
8840,control,mobile,7,0
21188,treatment,desktop,12,0
10130,control,mobile,9,0
9876,control,mobile,10,1
11105,control,desktop,11,0
9153,control,mobile,5,0
305,control,desktop,4,0
12378,treatment,mobile,3,0
1931,control,mobile,10,0
812,control,desktop,5,0
7971,control,desktop,11,0
20305,treatment,mobile,1,0
3128,control,mobile,12,0
9681,control,desktop,6,0
22010,treatment,desktop,14,0
14148,treatment,mobile,3,0
23287,treatment,mobile,13,0
11694,control,mobile,9,0
2422,control,mobile,13,0
7969,control,mobile,8,0
2357,control,mobile,4,0
13716,treatment,desktop,5,0
12908,treatment,mobile,10,0
22838,treatment,mobile,11,1
17808,treatment,desktop,9,0
23387,treatment,mobile,6,0
7973,control,desktop,12,0
1632,control,desktop,5,0
17051,treatment,mobile,7,0
19349,treatment,mobile,6,0
277,control,mobile,4,0
8036,control,mobile,6,1
7748,control,desktop,1,0
5667,control,desktop,10,0
18884,treatment,desktop,8,0
11668,control,desktop,12,0
19185,treatment,mobile,14,0
22702,treatment,mobile,6,0
428,control,mobile,14,0
17479,treatment,desktop,9,0
19950,treatment,mobile,12,0
445,control,desktop,12,1
4484,control,mobile,8,0
13774,treatment,mobile,9,0
21871,treatment,desktop,5,0
4873,control,desktop,5,0
942,control,mobile,2,0
6336,control,desktop,9,0
23607,treatment,mobile,4,0
9749,control,desktop,9,0
274,control,mobile,2,0
15258,treatment,mobile,9,0
9343,control,desktop,9,0
21201,treatment,desktop,8,0
2672,control,desktop,7,0
8713,control,desktop,3,1
10917,control,desktop,4,0
15012,treatment,desktop,9,0
12186,treatment,mobile,7,0
23664,treatment,mobile,4,1
4310,control,desktop,11,0
6302,control,mobile,8,0
20332,treatment,mobile,3,0
10000,control,mobile,6,0
337,control,mobile,3,0
2845,control,mobile,4,0
5176,control,mobile,2,0
22652,treatment,desktop,13,0
6515,control,desktop,13,0
14662,treatment,mobile,8,0
14853,treatment,desktop,2,0
6177,control,desktop,10,0
23593,treatment,mobile,13,0
298,control,mobile,4,0
22599,treatment,mobile,10,0
2832,control,desktop,10,0
13353,treatment,mobile,6,0
20496,treatment,desktop,8,0
13960,treatment,desktop,1,0
15832,treatment,desktop,1,0
10091,control,mobile,7,0
13477,treatment,mobile,5,0
22020,treatment,mobile,5,0
22249,treatment,desktop,7,0
14614,treatment,desktop,4,0
17951,treatment,mobile,10,0
675,control,mobile,13,0
6354,control,desktop,2,0
12081,treatment,mobile,7,0
7177,control,mobile,6,1
7171,control,desktop,1,0
21279,treatment,mobile,10,0
12250,treatment,mobile,9,0
13998,treatment,mobile,12,0
15157,treatment,mobile,11,1
4773,control,desktop,10,0
14781,treatment,desktop,12,0
23162,treatment,desktop,14,0
15112,treatment,mobile,14,0
2301,control,mobile,8,0
4970,control,mobile,13,0
22220,treatment,mobile,6,0
345,control,desktop,13,0
4882,control,desktop,1,0
1526,control,mobile,8,0
18955,treatment,desktop,1,0
8504,control,mobile,14,0
14547,treatment,mobile,2,0
13860,treatment,mobile,9,0
9771,control,mobile,9,0
17024,treatment,desktop,7,0
844,control,desktop,13,0
3184,control,desktop,6,0
6355,control,desktop,8,0
22618,treatment,desktop,13,0
3887,control,desktop,12,0
19107,treatment,mobile,4,0
8614,control,mobile,5,0
4415,control,mobile,7,0
11089,control,desktop,3,0
7732,control,mobile,10,0
699,control,desktop,13,0
2893,control,desktop,7,0
8313,control,mobile,3,0
2402,control,mobile,13,0
18974,treatment,mobile,7,0
16160,treatment,mobile,3,1
18166,treatment,mobile,1,0
13823,treatment,mobile,5,0
8886,control,mobile,12,0
4803,control,desktop,8,0
3949,control,desktop,14,0
4998,control,desktop,7,0
14391,treatment,mobile,8,0
18604,treatment,mobile,14,0
13018,treatment,mobile,7,0
14151,treatment,mobile,1,0
2566,control,mobile,4,0
7524,control,desktop,4,0
8895,control,desktop,9,0
6466,control,desktop,6,0
6034,control,mobile,12,0
3098,control,desktop,2,1
5117,control,desktop,3,0
16552,treatment,desktop,14,0
7848,control,mobile,6,0
6429,control,desktop,9,0
67,control,mobile,2,0
10321,control,desktop,9,0
11128,control,mobile,12,0
6386,control,mobile,14,0
16917,treatment,mobile,8,0
18794,treatment,mobile,12,0
19689,treatment,mobile,5,0
426,control,mobile,6,0
14569,treatment,desktop,7,0
22214,treatment,mobile,8,0
21763,treatment,mobile,8,0
14985,treatment,mobile,4,0
522,control,mobile,11,0
5214,control,mobile,14,0
5530,control,desktop,12,0
5288,control,desktop,13,0
23869,treatment,mobile,8,0
17498,treatment,mobile,4,0
5741,control,mobile,6,0
15020,treatment,desktop,4,0
7555,control,desktop,14,0
5778,control,mobile,13,0
7879,control,desktop,7,0
11142,control,mobile,1,0
3559,control,mobile,5,0
3988,control,desktop,1,0
5173,control,mobile,12,0
17707,treatment,desktop,12,0
9474,control,mobile,12,0
16565,treatment,desktop,1,0
17257,treatment,desktop,14,0
9967,control,mobile,8,0
851,control,mobile,1,0
2844,control,desktop,7,0
14543,treatment,mobile,9,0
23872,treatment,desktop,1,0
23776,treatment,mobile,2,0
19469,treatment,mobile,9,0
13253,treatment,mobile,12,0
20891,treatment,mobile,14,0
6562,control,desktop,11,0
8962,control,mobile,11,0
14932,treatment,desktop,12,0
12418,treatment,mobile,6,0
22431,treatment,mobile,5,0
4045,control,mobile,9,0
4892,control,desktop,12,0
16818,treatment,mobile,14,0
9997,control,mobile,7,0
2612,control,mobile,10,0
2494,control,mobile,12,0
23405,treatment,desktop,8,0
11269,control,mobile,5,0
20270,treatment,mobile,3,0
9566,control,desktop,6,0
7347,control,mobile,12,0
1193,control,desktop,9,0
5876,control,desktop,12,0
7679,control,mobile,6,0
2916,control,mobile,10,0
1377,control,mobile,1,0
9779,control,mobile,11,0
8875,control,mobile,2,0
9871,control,mobile,1,0
11060,control,mobile,11,0
1026,control,desktop,9,0
9209,control,mobile,3,0
15642,treatment,desktop,11,0
14994,treatment,desktop,8,0
239,control,desktop,4,0
12218,treatment,desktop,9,0
13685,treatment,desktop,2,0
14,control,mobile,13,0
18056,treatment,mobile,4,0
22874,treatment,mobile,6,0
14713,treatment,desktop,12,0
1919,control,mobile,13,0
17885,treatment,mobile,12,0
20578,treatment,desktop,9,0
15041,treatment,mobile,2,0
18090,treatment,desktop,14,0
23560,treatment,mobile,13,0
11399,control,mobile,13,0
1586,control,mobile,1,0
191,control,mobile,12,0
19003,treatment,mobile,12,1
22213,treatment,desktop,6,0
23712,treatment,mobile,5,0
18704,treatment,desktop,12,0
10975,control,mobile,10,0
2788,control,mobile,13,0
18448,treatment,mobile,11,0
2555,control,desktop,4,0
4977,control,mobile,13,0
23373,treatment,mobile,8,0
3347,control,desktop,10,0
7602,control,mobile,11,0
3034,control,desktop,9,0
18151,treatment,desktop,7,0
7949,control,desktop,1,0
16390,treatment,mobile,13,0
18498,treatment,mobile,12,0
12811,treatment,mobile,4,0
21094,treatment,mobile,11,0
5150,control,desktop,11,0
20192,treatment,desktop,3,0
8103,control,desktop,13,0
19901,treatment,desktop,13,0
6811,control,mobile,7,0
16615,treatment,mobile,9,0
14717,treatment,desktop,7,0
19279,treatment,desktop,7,0
19132,treatment,desktop,1,0
1613,control,mobile,4,0
6953,control,mobile,6,0
10924,control,mobile,10,0
15109,treatment,mobile,14,0
6660,control,desktop,9,0
17193,treatment,mobile,10,0
7607,control,desktop,8,0
2923,control,mobile,6,0
5043,control,mobile,5,0
20689,treatment,desktop,8,0
17336,treatment,mobile,7,0
19567,treatment,mobile,12,0
19027,treatment,mobile,6,0
15511,treatment,desktop,12,0
19621,treatment,mobile,6,0
12507,treatment,desktop,7,0
10469,control,mobile,13,0
21461,treatment,mobile,13,0
13209,treatment,mobile,2,0
13761,treatment,desktop,13,0
12224,treatment,mobile,5,0
19037,treatment,mobile,3,0
3711,control,mobile,10,0
2533,control,mobile,2,0
21914,treatment,mobile,11,0
14303,treatment,mobile,11,0
1857,control,mobile,12,0
4568,control,desktop,13,0
7172,control,desktop,10,0
8550,control,mobile,2,0
19775,treatment,desktop,12,0
4432,control,mobile,7,0
3933,control,mobile,2,0
22787,treatment,mobile,2,0
1161,control,mobile,14,0
13786,treatment,desktop,14,0
5641,control,mobile,11,0
21217,treatment,mobile,8,0
6848,control,desktop,13,0
17894,treatment,desktop,8,0
21978,treatment,mobile,4,0
5662,control,desktop,2,0
19800,treatment,desktop,7,0
339,control,desktop,7,0
9597,control,mobile,8,0
9168,control,desktop,1,0
9905,control,mobile,11,1
4672,control,mobile,7,1
14133,treatment,desktop,6,0
10369,control,mobile,1,0
19919,treatment,desktop,13,0
8096,control,desktop,1,0
16094,treatment,mobile,11,0
13909,treatment,mobile,2,0
1825,control,mobile,6,0
1536,control,desktop,10,0
6032,control,desktop,3,0
12586,treatment,mobile,8,0
19590,treatment,mobile,14,0
9710,control,mobile,1,0
10972,control,desktop,3,0
12537,treatment,desktop,2,0
18893,treatment,desktop,7,0
23379,treatment,desktop,2,0
23476,treatment,desktop,6,1
16191,treatment,mobile,14,0
4630,control,desktop,10,0
19423,treatment,mobile,12,0
6749,control,mobile,9,0
2956,control,mobile,1,0
13843,treatment,desktop,8,0
21087,treatment,mobile,10,0
15327,treatment,mobile,9,0
19011,treatment,desktop,3,0
21816,treatment,desktop,5,0
10583,control,desktop,2,0
7562,control,desktop,14,0
10256,control,mobile,14,0
8447,control,mobile,9,0
18671,treatment,mobile,1,0
8732,control,mobile,10,0
9818,control,desktop,9,1
2669,control,mobile,11,0
23615,treatment,desktop,14,0
1458,control,mobile,11,0
22489,treatment,mobile,5,0
3268,control,mobile,6,0
11398,control,desktop,10,0
23207,treatment,mobile,4,0
14318,treatment,mobile,6,0
4475,control,mobile,10,0
22420,treatment,mobile,2,1
9554,control,desktop,9,0
5370,control,mobile,1,0
14565,treatment,mobile,6,0
18326,treatment,mobile,4,0
9682,control,desktop,12,0
5708,control,mobile,1,1
5808,control,desktop,6,0
22980,treatment,mobile,4,0
10440,control,mobile,14,0
501,control,mobile,11,0
7976,control,mobile,9,0
20675,treatment,desktop,1,0
1520,control,mobile,5,0
21238,treatment,mobile,12,0
20599,treatment,desktop,6,0
2872,control,desktop,12,0
18831,treatment,mobile,13,0
2875,control,mobile,14,0
16955,treatment,mobile,7,0
9742,control,desktop,12,0
20155,treatment,desktop,8,0
22962,treatment,desktop,9,0
11461,control,mobile,7,0
18404,treatment,desktop,7,1
9393,control,desktop,13,1
22897,treatment,desktop,12,0
19330,treatment,desktop,3,0
20616,treatment,mobile,7,0
14256,treatment,desktop,2,0
16081,treatment,desktop,8,0
5094,control,desktop,5,0
17478,treatment,mobile,14,0
16693,treatment,desktop,6,0
8523,control,mobile,6,0
13994,treatment,mobile,3,0
9084,control,mobile,3,0
23192,treatment,mobile,2,0
14765,treatment,mobile,10,0
11463,control,mobile,5,0
5997,control,mobile,11,0
5980,control,desktop,5,0
5000,control,mobile,7,0
18876,treatment,mobile,6,0
1217,control,mobile,12,1
18571,treatment,mobile,6,0
1204,control,mobile,2,0
16715,treatment,mobile,1,0
5231,control,mobile,14,0
14084,treatment,mobile,4,1
4054,control,mobile,3,0
21788,treatment,desktop,3,0
20581,treatment,mobile,14,0
10665,control,desktop,12,0
7161,control,desktop,2,0
9794,control,desktop,10,0
14294,treatment,mobile,13,0
2957,control,desktop,13,0
22765,treatment,desktop,6,0
8749,control,desktop,13,0
8806,control,mobile,6,0
14501,treatment,mobile,9,0
11849,control,desktop,8,1
20088,treatment,desktop,7,0
3530,control,desktop,2,0
21066,treatment,mobile,14,0
6167,control,desktop,9,0
13701,treatment,mobile,6,0
3872,control,desktop,4,0
10545,control,desktop,11,0
15719,treatment,mobile,10,0
4074,control,mobile,6,0
3427,control,mobile,14,0
21301,treatment,desktop,14,0
22612,treatment,desktop,12,0
10074,control,desktop,11,0
22101,treatment,desktop,14,0
7904,control,desktop,14,0
23976,treatment,desktop,7,0
13616,treatment,desktop,3,0
8318,control,desktop,3,0
20850,treatment,mobile,8,0
10140,control,mobile,11,0
6389,control,mobile,3,0
6220,control,mobile,11,0
6408,control,mobile,10,0
3217,control,mobile,14,0
23766,treatment,mobile,14,1
23027,treatment,mobile,2,0
22882,treatment,desktop,8,0
2987,control,desktop,10,0
23859,treatment,mobile,5,1
1537,control,mobile,7,0
8380,control,mobile,4,0
17821,treatment,mobile,3,0
16016,treatment,desktop,4,0
2030,control,mobile,6,0
4933,control,desktop,8,0
261,control,desktop,14,0
7458,control,mobile,5,0
22024,treatment,mobile,6,0
11365,control,desktop,4,0
3413,control,mobile,11,0
17604,treatment,desktop,12,0
22046,treatment,desktop,11,0
19181,treatment,mobile,11,0
3760,control,desktop,2,1
11048,control,mobile,12,0
1489,control,mobile,14,0
22889,treatment,desktop,1,0
5831,control,mobile,7,0
6463,control,mobile,3,0
14347,treatment,mobile,9,0
6148,control,mobile,2,0
4414,control,desktop,9,0
9870,control,mobile,3,0
19983,treatment,desktop,4,0
1379,control,desktop,12,0
22867,treatment,desktop,5,0
20072,treatment,mobile,3,0
14226,treatment,mobile,2,0
13304,treatment,desktop,14,0
14900,treatment,mobile,11,0
16220,treatment,desktop,1,0
21394,treatment,mobile,4,0
9395,control,mobile,3,0
4043,control,desktop,7,0
15408,treatment,mobile,3,0
5571,control,mobile,14,0
17729,treatment,mobile,11,0
4208,control,desktop,2,0
12683,treatment,desktop,4,0
20787,treatment,desktop,13,0
22348,treatment,desktop,3,0
18088,treatment,mobile,14,0
6262,control,desktop,3,1
23367,treatment,desktop,1,0
2894,control,mobile,9,0
22175,treatment,mobile,6,0
21272,treatment,desktop,7,1
11125,control,desktop,2,0
22587,treatment,mobile,3,0
496,control,mobile,11,0
9247,control,mobile,8,0
14678,treatment,mobile,13,0
9956,control,desktop,7,0
11237,control,desktop,7,0
9226,control,mobile,10,0
23046,treatment,desktop,1,0
5941,control,mobile,11,0
15794,treatment,desktop,14,0
958,control,mobile,4,0
12701,treatment,desktop,13,0
941,control,mobile,1,1
10651,control,mobile,5,0
12853,treatment,mobile,13,1
11106,control,mobile,1,0
23649,treatment,desktop,2,0
7551,control,desktop,13,0
11746,control,desktop,4,0
20828,treatment,mobile,9,1
7739,control,desktop,6,0
1417,control,desktop,13,0
15613,treatment,mobile,6,0
17234,treatment,mobile,13,0
11378,control,mobile,5,0
12491,treatment,mobile,7,0
10539,control,desktop,8,0
9608,control,mobile,3,0
22116,treatment,desktop,3,0
23301,treatment,mobile,10,0
20871,treatment,desktop,13,0
12062,treatment,mobile,11,0
6066,control,desktop,10,0
15741,treatment,desktop,13,0
22578,treatment,desktop,1,0
6348,control,mobile,3,0
8018,control,desktop,2,0
16774,treatment,mobile,11,0
2225,control,desktop,13,0
21042,treatment,desktop,3,0
17909,treatment,desktop,14,0
5219,control,mobile,9,0
16132,treatment,desktop,9,0
15244,treatment,mobile,1,0
3721,control,mobile,4,0
3785,control,mobile,14,0
5685,control,desktop,5,0
9352,control,mobile,13,0
1947,control,mobile,14,1
23228,treatment,mobile,13,0
16218,treatment,mobile,14,0
4129,control,desktop,11,0
18465,treatment,mobile,12,0
606,control,mobile,6,0
5467,control,desktop,13,0
4562,control,desktop,9,0
14680,treatment,mobile,10,0
7678,control,desktop,7,0
8888,control,mobile,12,0
18815,treatment,mobile,11,0
18943,treatment,mobile,2,0
19826,treatment,desktop,2,0
9500,control,mobile,11,0
536,control,desktop,4,0
7503,control,desktop,5,0
16124,treatment,mobile,1,0
22238,treatment,desktop,1,0
2744,control,desktop,4,0
16716,treatment,mobile,9,0
13906,treatment,mobile,11,0
12334,treatment,desktop,11,0
14304,treatment,desktop,14,0
7104,control,desktop,4,0
8611,control,mobile,8,0
6403,control,mobile,12,0
11603,control,desktop,11,0
23412,treatment,desktop,10,1
13558,treatment,desktop,13,0
8421,control,mobile,6,0
1268,control,mobile,3,0
7791,control,desktop,12,0
8613,control,mobile,5,0
14403,treatment,desktop,5,1
13563,treatment,desktop,6,0
20883,treatment,desktop,12,0
5825,control,desktop,12,0
8880,control,desktop,10,0
10772,control,desktop,9,1
1998,control,mobile,1,0
5100,control,mobile,12,0
4145,control,mobile,12,0
9117,control,mobile,1,0
22858,treatment,mobile,1,0
20199,treatment,mobile,6,0
13704,treatment,mobile,13,1
1641,control,desktop,8,0
11747,control,mobile,12,0
884,control,desktop,10,0
16839,treatment,mobile,10,0
13316,treatment,desktop,1,0
3585,control,mobile,2,0
18978,treatment,mobile,2,0
2697,control,mobile,5,0
12508,treatment,mobile,4,1
3072,control,mobile,6,0
11464,control,mobile,4,0
10368,control,mobile,3,0
15023,treatment,mobile,6,0
22860,treatment,mobile,9,1
8310,control,mobile,8,0
19120,treatment,desktop,12,0
6823,control,desktop,12,0
2191,control,mobile,1,0
10235,control,mobile,10,0
2993,control,desktop,9,0
20473,treatment,mobile,13,0
13729,treatment,desktop,13,0
18751,treatment,desktop,13,0
15285,treatment,desktop,14,0
4668,control,desktop,11,0
11623,control,mobile,11,0
6609,control,mobile,5,0
20894,treatment,mobile,4,0
10902,control,mobile,7,0
15700,treatment,mobile,12,0
12243,treatment,mobile,13,0
2884,control,mobile,10,0
14793,treatment,desktop,7,0
565,control,mobile,5,0
16558,treatment,desktop,1,0
14348,treatment,mobile,7,0
23736,treatment,mobile,8,0
1189,control,mobile,3,0
2888,control,desktop,3,0
21139,treatment,mobile,10,0
8153,control,mobile,11,0
11292,control,mobile,5,0
9949,control,desktop,10,0
5432,control,desktop,12,1
2675,control,mobile,7,0
18442,treatment,mobile,9,0
11620,control,mobile,14,0
23288,treatment,mobile,4,0
6540,control,desktop,12,0
9253,control,desktop,13,0
6357,control,mobile,9,0
18795,treatment,mobile,13,0
887,control,mobile,9,0
10411,control,mobile,2,0
11840,control,mobile,5,0
14637,treatment,mobile,1,0
3091,control,mobile,11,0
14322,treatment,desktop,13,0
8693,control,mobile,6,0
12868,treatment,mobile,12,0
4531,control,desktop,8,0
22968,treatment,mobile,6,0
15067,treatment,desktop,4,1
9250,control,mobile,11,0
12118,treatment,mobile,9,0
11795,control,mobile,5,0
10581,control,mobile,11,0
20095,treatment,desktop,4,0
15748,treatment,mobile,1,0
9248,control,desktop,4,0
22601,treatment,desktop,1,0
12971,treatment,desktop,10,0
19092,treatment,desktop,5,0
18789,treatment,mobile,14,0
20207,treatment,desktop,3,0
23963,treatment,mobile,11,0
11904,control,desktop,11,0
19684,treatment,mobile,12,1
20404,treatment,mobile,6,0
15049,treatment,mobile,10,0
7709,control,desktop,2,0
3722,control,desktop,2,0
5689,control,mobile,14,0
7570,control,mobile,7,0
3552,control,desktop,6,0
17583,treatment,mobile,12,0
9346,control,mobile,5,0
4534,control,desktop,12,0
223,control,mobile,2,0
9390,control,mobile,11,0
5167,control,desktop,14,0
10172,control,mobile,9,1
8752,control,mobile,1,0
7901,control,desktop,3,0
10719,control,mobile,13,1
5632,control,mobile,9,0
6181,control,mobile,2,0
23982,treatment,desktop,6,0
17609,treatment,desktop,8,0
7473,control,mobile,2,0
6169,control,mobile,13,0
8577,control,mobile,11,0
14238,treatment,mobile,5,0
6739,control,mobile,11,0
17284,treatment,mobile,6,0
11394,control,mobile,2,0
9553,control,desktop,1,0
13261,treatment,mobile,2,0
19160,treatment,mobile,9,0
16491,treatment,desktop,8,1
5,control,desktop,11,0
13275,treatment,desktop,8,0
6113,control,mobile,2,0
16196,treatment,mobile,9,0
20254,treatment,desktop,5,0
19159,treatment,mobile,6,0
8213,control,mobile,14,0
12330,treatment,mobile,14,0
22863,treatment,desktop,12,0
10589,control,mobile,14,0
11112,control,mobile,2,0
9615,control,mobile,5,0
15560,treatment,mobile,8,0
12655,treatment,mobile,6,0
8507,control,desktop,4,0
20478,treatment,desktop,1,0
11232,control,mobile,9,0
17430,treatment,mobile,13,0
9914,control,desktop,4,0
16282,treatment,desktop,2,0
14414,treatment,mobile,13,0
6855,control,desktop,2,0
19855,treatment,desktop,1,0
23035,treatment,mobile,14,0
2526,control,desktop,9,0
3956,control,mobile,7,0
19176,treatment,mobile,3,0
20445,treatment,mobile,8,0
11035,control,mobile,8,0
18737,treatment,desktop,4,0
2477,control,mobile,10,0
11596,control,mobile,14,0
15951,treatment,desktop,4,0
6783,control,mobile,1,0
16875,treatment,mobile,11,0
15420,treatment,mobile,3,0
8488,control,desktop,7,0
12258,treatment,desktop,11,0
23452,treatment,desktop,13,0
15275,treatment,mobile,10,0
13002,treatment,mobile,2,0
1776,control,mobile,4,0
4177,control,mobile,4,0
19382,treatment,mobile,8,0
23355,treatment,desktop,12,0
7887,control,mobile,11,0
4621,control,desktop,5,0
1841,control,mobile,13,0
4212,control,mobile,4,0
174,control,desktop,14,0
1904,control,desktop,8,0
9732,control,desktop,10,0
10515,control,mobile,10,0
3791,control,desktop,3,0
4585,control,mobile,12,0
4012,control,desktop,4,0
4256,control,mobile,5,0
14035,treatment,mobile,12,0
16982,treatment,desktop,10,0
15747,treatment,desktop,6,0
5521,control,desktop,4,0
22443,treatment,mobile,13,0
4211,control,mobile,5,0
12921,treatment,mobile,6,0
1669,control,desktop,8,0
12510,treatment,desktop,8,0
7583,control,mobile,14,0
21618,treatment,mobile,10,0
8553,control,mobile,1,0
14755,treatment,mobile,4,0
18279,treatment,desktop,5,0
11085,control,mobile,13,0
4019,control,mobile,8,0
543,control,mobile,10,0
2129,control,mobile,13,1
9235,control,mobile,4,0
13372,treatment,mobile,6,0
18550,treatment,mobile,7,0
16521,treatment,mobile,14,0
2909,control,mobile,8,0
13505,treatment,mobile,1,0
262,control,desktop,3,0
19317,treatment,desktop,14,0
23661,treatment,desktop,9,0
20794,treatment,mobile,12,0
12517,treatment,desktop,12,0
21498,treatment,mobile,1,0
11702,control,mobile,8,0
5584,control,mobile,12,0
16234,treatment,mobile,11,0
4853,control,mobile,5,0
12129,treatment,mobile,12,0
17287,treatment,desktop,12,0
20060,treatment,mobile,7,0
15434,treatment,desktop,3,0
11977,control,desktop,7,0
15637,treatment,desktop,14,0
5260,control,mobile,12,0
103,control,desktop,3,0
13928,treatment,mobile,2,0
21384,treatment,desktop,9,0
2951,control,desktop,6,0
8455,control,mobile,6,0
14100,treatment,mobile,6,0
140,control,mobile,8,0
6709,control,desktop,13,0
23292,treatment,mobile,7,0
21511,treatment,desktop,10,0
1200,control,mobile,4,0
11571,control,mobile,10,0
14232,treatment,mobile,6,0
2698,control,mobile,5,0
11738,control,mobile,8,0
3693,control,mobile,9,0
17182,treatment,mobile,7,0
409,control,mobile,1,0
8061,control,mobile,10,0
18013,treatment,mobile,11,0
8120,control,mobile,8,0
3132,control,desktop,1,0
7445,control,desktop,6,0
16059,treatment,desktop,12,0
1132,control,desktop,7,0
16123,treatment,mobile,7,0
5900,control,desktop,3,1
17171,treatment,mobile,10,1
13901,treatment,desktop,11,1
23640,treatment,mobile,13,0
23582,treatment,mobile,13,0
9646,control,desktop,4,0
13300,treatment,desktop,7,0
5118,control,desktop,5,0
14849,treatment,desktop,14,0
10707,control,mobile,12,0
14169,treatment,desktop,6,0
7312,control,mobile,9,0
18107,treatment,mobile,5,0
22334,treatment,mobile,9,0
13249,treatment,desktop,2,0
14026,treatment,desktop,4,0
10058,control,mobile,8,0
15335,treatment,mobile,1,0
21608,treatment,desktop,7,0
5435,control,desktop,9,0
6382,control,desktop,11,0
8438,control,mobile,3,0
5165,control,mobile,14,0
3716,control,mobile,2,0
16181,treatment,desktop,12,1
8690,control,mobile,12,0
5075,control,mobile,8,0
21855,treatment,desktop,5,0
16023,treatment,mobile,14,0
13023,treatment,mobile,13,0
3199,control,desktop,11,0
19883,treatment,mobile,9,0
2372,control,desktop,6,0
7962,control,mobile,9,0
9619,control,mobile,3,0
12255,treatment,mobile,2,0
11683,control,mobile,1,0
15835,treatment,mobile,7,0
7605,control,desktop,9,0
19340,treatment,desktop,12,0
12265,treatment,mobile,8,0
12512,treatment,desktop,9,0
3560,control,mobile,11,0
4929,control,mobile,11,0
19453,treatment,desktop,3,0
20710,treatment,mobile,6,0
21637,treatment,desktop,14,0
3364,control,mobile,5,0
20345,treatment,desktop,6,0
18863,treatment,mobile,13,1
17115,treatment,mobile,7,0
1668,control,mobile,13,0
2687,control,mobile,5,0
6157,control,mobile,4,0
7819,control,mobile,1,0
623,control,mobile,4,0
17333,treatment,mobile,7,0
23896,treatment,desktop,14,0
5750,control,mobile,9,0
18983,treatment,desktop,13,0
13945,treatment,desktop,2,0
23898,treatment,mobile,8,0
18750,treatment,desktop,10,0
21791,treatment,desktop,7,0
17376,treatment,mobile,14,0
22736,treatment,mobile,9,0
16005,treatment,mobile,4,0
6280,control,mobile,10,0
1681,control,mobile,12,0
12367,treatment,mobile,8,0
6610,control,desktop,7,0
307,control,mobile,3,0
23959,treatment,mobile,1,0
23051,treatment,mobile,4,0
13543,treatment,mobile,11,0
2860,control,desktop,8,0
19635,treatment,mobile,11,0
7086,control,mobile,9,0
9670,control,mobile,10,0
138,control,desktop,3,0
17968,treatment,mobile,9,0
15072,treatment,mobile,11,0
1009,control,mobile,7,0
4371,control,mobile,9,0
21080,treatment,mobile,14,0
11757,control,mobile,6,0
489,control,mobile,3,0
10109,control,mobile,5,0
23326,treatment,mobile,6,0
4072,control,mobile,10,0
9960,control,desktop,4,0
21148,treatment,desktop,3,0
15034,treatment,mobile,13,0
10803,control,mobile,5,0
18433,treatment,mobile,9,0
6217,control,mobile,11,0
317,control,mobile,1,1
23068,treatment,desktop,6,0
12856,treatment,desktop,12,0
15840,treatment,mobile,14,0
16590,treatment,mobile,14,0
19005,treatment,mobile,1,0
9984,control,desktop,11,0
2819,control,mobile,6,0
14724,treatment,mobile,10,0
524,control,mobile,12,0
19225,treatment,desktop,1,0
5035,control,desktop,5,0
21526,treatment,desktop,12,0
18858,treatment,mobile,2,0
4343,control,mobile,12,0
3654,control,mobile,10,0
4592,control,mobile,12,0
282,control,mobile,8,0
12774,treatment,mobile,11,0
4018,control,desktop,14,0
14416,treatment,mobile,2,0
8919,control,desktop,7,0
20085,treatment,mobile,4,0
2216,control,desktop,14,0
4253,control,mobile,14,0
21195,treatment,mobile,2,0
21315,treatment,mobile,10,0
13852,treatment,mobile,1,0
4536,control,mobile,9,0
9286,control,desktop,3,0
8502,control,desktop,5,0
3540,control,mobile,12,0
7267,control,mobile,14,0
11621,control,mobile,7,0
12724,treatment,desktop,6,0
19726,treatment,desktop,13,0
4374,control,desktop,10,0
1763,control,desktop,1,0
3204,control,desktop,3,0
5904,control,desktop,12,0
7457,control,mobile,6,0
2510,control,mobile,10,0
5476,control,mobile,7,0
11113,control,desktop,7,0
22204,treatment,desktop,2,0
10755,control,desktop,9,0
15353,treatment,mobile,7,0
6189,control,mobile,6,0
17335,treatment,desktop,5,0
3333,control,mobile,10,0
1064,control,mobile,13,0
22615,treatment,mobile,3,0
2223,control,desktop,4,0
9576,control,mobile,6,0
2396,control,mobile,14,0
8989,control,mobile,2,0
4303,control,mobile,3,0
23671,treatment,desktop,13,0
10555,control,mobile,5,0
15236,treatment,mobile,4,0
21588,treatment,mobile,13,0
18621,treatment,desktop,5,0
4113,control,mobile,13,0
20517,treatment,mobile,3,0
21316,treatment,desktop,9,0
18189,treatment,desktop,12,0
9621,control,mobile,12,0
251,control,mobile,2,0
22158,treatment,mobile,7,0
18730,treatment,desktop,2,0
13277,treatment,desktop,8,0
11578,control,mobile,12,0
11156,control,mobile,13,0
14200,treatment,mobile,7,0
1943,control,mobile,13,0
23263,treatment,mobile,5,0
16226,treatment,mobile,6,0
4840,control,mobile,11,0
19354,treatment,desktop,2,0
10637,control,mobile,1,1
15859,treatment,desktop,14,0
23681,treatment,mobile,12,0
6861,control,mobile,11,0
5011,control,desktop,10,0
18388,treatment,desktop,8,0
13394,treatment,mobile,11,0
2128,control,desktop,9,0
10779,control,mobile,6,0
7184,control,desktop,11,0
5022,control,mobile,12,0
2106,control,desktop,4,0
2854,control,desktop,1,0
4485,control,mobile,7,0
7425,control,mobile,1,0
23225,treatment,mobile,2,0
13408,treatment,mobile,6,0
19,control,mobile,2,0
4856,control,mobile,13,0
1364,control,desktop,1,0
14988,treatment,desktop,11,0
23708,treatment,desktop,11,0
4123,control,mobile,10,0
2690,control,mobile,3,0
10116,control,mobile,10,0
15181,treatment,desktop,7,0
8290,control,mobile,7,0
7771,control,mobile,8,0
21859,treatment,mobile,9,1
10115,control,desktop,2,0
3885,control,mobile,5,0
23451,treatment,mobile,9,0
8066,control,mobile,10,0
15308,treatment,desktop,2,0
4627,control,mobile,7,1
18073,treatment,desktop,12,0
12211,treatment,desktop,9,0
20179,treatment,mobile,14,0
16317,treatment,desktop,6,0
11467,control,desktop,8,1
21769,treatment,mobile,5,0
10743,control,mobile,4,0
17351,treatment,mobile,5,0
7696,control,mobile,12,0
21370,treatment,mobile,5,0
4529,control,mobile,1,0
8043,control,mobile,7,0
15380,treatment,mobile,10,0
845,control,desktop,12,0
7310,control,desktop,1,0
18796,treatment,mobile,14,0
22015,treatment,mobile,9,0
16993,treatment,desktop,4,0
20815,treatment,mobile,4,0
16481,treatment,mobile,10,0
7262,control,desktop,3,0
1774,control,mobile,14,0
328,control,mobile,9,0
9354,control,mobile,2,0
13264,treatment,mobile,14,0
13126,treatment,desktop,1,0
20869,treatment,desktop,8,0
17379,treatment,desktop,6,0
1751,control,mobile,2,0
11278,control,desktop,6,0
932,control,mobile,7,1
23470,treatment,desktop,6,0
268,control,desktop,11,0
8934,control,mobile,5,0
6014,control,mobile,13,0
5427,control,desktop,7,0
17295,treatment,desktop,10,0
6507,control,mobile,8,0
5658,control,desktop,13,0
5477,control,desktop,1,0
3339,control,mobile,8,0
8607,control,desktop,4,0
4443,control,desktop,6,0
10063,control,desktop,13,0
23008,treatment,mobile,4,0
20399,treatment,mobile,10,1
21326,treatment,desktop,10,0
1454,control,desktop,10,0
4812,control,mobile,14,0
22363,treatment,mobile,3,0
9259,control,desktop,4,0
9265,control,mobile,9,0
3462,control,mobile,9,0
4051,control,mobile,3,0
8240,control,desktop,5,0
23827,treatment,desktop,11,0
3866,control,desktop,9,0
21777,treatment,mobile,9,0
12091,treatment,desktop,10,1
1544,control,desktop,4,0
15341,treatment,desktop,12,0
10617,control,desktop,11,0
16554,treatment,desktop,4,0
1766,control,mobile,11,0
8348,control,mobile,8,0
13850,treatment,mobile,11,0
4297,control,mobile,12,0
22555,treatment,mobile,11,0
7628,control,desktop,12,0
10962,control,mobile,7,0
18085,treatment,mobile,7,0
16456,treatment,mobile,9,0
9316,control,desktop,6,1
13032,treatment,desktop,14,0
5490,control,mobile,3,0
13572,treatment,mobile,1,0
21259,treatment,desktop,13,0
21670,treatment,desktop,5,0
15892,treatment,mobile,12,0
729,control,desktop,1,0
10073,control,mobile,14,0
6924,control,mobile,10,0
21755,treatment,mobile,13,0
23901,treatment,mobile,4,0
10726,control,mobile,5,0
16807,treatment,mobile,14,0
6453,control,mobile,6,0
12082,treatment,mobile,2,0
1040,control,desktop,12,0
23703,treatment,mobile,5,0
3205,control,mobile,7,0
9976,control,desktop,12,0
6152,control,mobile,3,0
23730,treatment,mobile,9,0
13762,treatment,mobile,2,0
13525,treatment,mobile,8,0
20629,treatment,desktop,8,0
18997,treatment,mobile,12,0
3094,control,mobile,2,0
17524,treatment,desktop,10,0
21611,treatment,mobile,14,0
8590,control,desktop,4,0
6440,control,mobile,14,0
4741,control,mobile,6,1
13867,treatment,desktop,9,0
9159,control,mobile,9,0
18183,treatment,desktop,1,0
10394,control,desktop,2,0
12832,treatment,desktop,11,0
7586,control,mobile,6,0
9637,control,desktop,6,0
19494,treatment,mobile,7,0
3278,control,mobile,6,0
5466,control,mobile,14,0
6050,control,desktop,7,0
12860,treatment,desktop,8,0
10884,control,desktop,11,0
12956,treatment,mobile,3,1
14715,treatment,mobile,4,0
18767,treatment,desktop,10,0
19405,treatment,mobile,5,0
18811,treatment,desktop,3,0
17101,treatment,mobile,9,0
4677,control,mobile,7,0
21241,treatment,mobile,3,0
19945,treatment,mobile,12,0
17096,treatment,mobile,1,1
66,control,mobile,4,0
5704,control,mobile,2,0
7703,control,mobile,14,0
22864,treatment,desktop,7,0
3276,control,mobile,7,0
23754,treatment,mobile,8,0
5143,control,desktop,9,0
10723,control,desktop,3,0
20872,treatment,mobile,10,0
18480,treatment,desktop,11,0
23791,treatment,desktop,10,0
18819,treatment,mobile,14,0
19516,treatment,mobile,13,0
6493,control,desktop,4,0
19019,treatment,desktop,4,0
6329,control,desktop,13,0
2266,control,mobile,12,1
12199,treatment,mobile,7,0
20401,treatment,mobile,9,0
21261,treatment,mobile,3,0
14121,treatment,mobile,2,0
12519,treatment,mobile,3,0
20413,treatment,desktop,13,1
11272,control,mobile,10,0
17261,treatment,mobile,5,0
12072,treatment,mobile,11,0
1733,control,mobile,4,0
2075,control,mobile,11,0
8536,control,desktop,9,0
11758,control,desktop,1,0
203,control,mobile,9,0
11946,control,mobile,2,0
1547,control,desktop,7,0
11610,control,desktop,7,0
19829,treatment,mobile,11,0
22080,treatment,desktop,1,0
7407,control,mobile,3,1
22741,treatment,desktop,5,0
23231,treatment,desktop,8,0
9242,control,desktop,5,0
13058,treatment,desktop,9,1
1029,control,mobile,6,0
22026,treatment,desktop,7,0
18523,treatment,mobile,10,0
7751,control,desktop,5,0
23970,treatment,desktop,11,0
5773,control,mobile,10,0
1610,control,mobile,2,0
5037,control,mobile,5,1
17845,treatment,desktop,11,0
4282,control,mobile,8,0
1072,control,mobile,9,0
1118,control,desktop,6,0
1440,control,desktop,10,0
20863,treatment,mobile,7,0
3984,control,desktop,14,0
686,control,mobile,5,0
12877,treatment,mobile,2,1
21408,treatment,mobile,1,0
18483,treatment,mobile,11,0
10735,control,mobile,10,0
4597,control,mobile,8,0
9453,control,mobile,7,0
20545,treatment,desktop,12,0
10241,control,desktop,12,1
19242,treatment,mobile,4,0
1091,control,desktop,14,0
2374,control,mobile,6,0
11570,control,mobile,4,0
10753,control,desktop,14,0
2705,control,mobile,9,0
10677,control,desktop,10,0
13991,treatment,desktop,10,0
18389,treatment,desktop,13,0
10983,control,desktop,14,0
9450,control,desktop,6,0
5166,control,mobile,14,0
12657,treatment,mobile,9,0
22545,treatment,mobile,5,0
5038,control,mobile,13,0
16780,treatment,mobile,13,0
23865,treatment,mobile,3,0
21376,treatment,mobile,14,0
4817,control,desktop,11,0
14389,treatment,mobile,7,0
13509,treatment,desktop,4,0
10853,control,desktop,7,0
10261,control,desktop,2,0
17784,treatment,mobile,13,0
14500,treatment,mobile,4,0
20164,treatment,desktop,14,0
612,control,mobile,4,0
21569,treatment,mobile,9,0
16507,treatment,mobile,1,0
10468,control,desktop,2,0
17702,treatment,mobile,12,0
9213,control,desktop,4,0
22196,treatment,mobile,1,0
6140,control,desktop,13,0
8889,control,mobile,14,0
704,control,desktop,14,0
4619,control,desktop,9,0
21951,treatment,desktop,3,0
4890,control,desktop,11,0
483,control,mobile,5,0
23845,treatment,mobile,4,0
15467,treatment,mobile,6,0
13444,treatment,mobile,6,0
582,control,mobile,11,0
15410,treatment,mobile,14,0
7176,control,mobile,7,0
18167,treatment,desktop,4,0
19060,treatment,mobile,6,0
20242,treatment,desktop,10,0
4615,control,mobile,4,1
16450,treatment,mobile,13,0
11240,control,mobile,11,0
11406,control,mobile,14,0
4460,control,mobile,9,0
11339,control,mobile,8,0
1206,control,desktop,9,0
20470,treatment,desktop,10,1
4578,control,mobile,8,0
1339,control,desktop,8,0
17677,treatment,mobile,3,0
10247,control,desktop,9,0
7475,control,mobile,13,0
19094,treatment,mobile,10,0
12455,treatment,mobile,6,0
12501,treatment,mobile,2,0
7342,control,desktop,13,0
10825,control,mobile,10,1
2529,control,mobile,11,0
17857,treatment,mobile,3,0
1289,control,desktop,6,0
23650,treatment,mobile,6,0
746,control,desktop,10,0
8859,control,mobile,2,0
15853,treatment,desktop,14,0
7454,control,mobile,13,0
15247,treatment,mobile,8,0
10196,control,mobile,11,0
11873,control,desktop,12,0
20868,treatment,mobile,4,0
8118,control,mobile,3,0
8845,control,mobile,7,0
5947,control,mobile,3,0
18083,treatment,desktop,13,0
22077,treatment,desktop,6,1
6524,control,desktop,8,0
3586,control,mobile,10,0
4148,control,desktop,11,0
18128,treatment,mobile,1,0
18934,treatment,mobile,8,0
17394,treatment,desktop,12,0
17986,treatment,desktop,14,0
10213,control,mobile,1,0
14898,treatment,mobile,3,1
7970,control,desktop,4,1
22470,treatment,mobile,2,0
14368,treatment,mobile,12,0
18916,treatment,desktop,1,0
6009,control,mobile,2,0
12986,treatment,mobile,13,0
8569,control,mobile,6,0
19579,treatment,mobile,9,1
7779,control,mobile,13,0
15046,treatment,mobile,2,0
13333,treatment,desktop,14,0
10870,control,desktop,3,0
19263,treatment,mobile,10,0
17763,treatment,mobile,6,0
1767,control,mobile,9,0
11749,control,mobile,8,0
23018,treatment,mobile,10,0
10488,control,desktop,12,0
14855,treatment,desktop,5,0
9321,control,mobile,7,0
20343,treatment,desktop,14,0
18873,treatment,mobile,8,0
22464,treatment,desktop,14,0
13369,treatment,desktop,9,0
8160,control,mobile,11,0
13648,treatment,mobile,1,0
517,control,desktop,6,0
17765,treatment,mobile,3,0
12543,treatment,desktop,6,0
23449,treatment,mobile,14,0
22515,treatment,desktop,9,0
11612,control,desktop,10,0
163,control,desktop,1,0
12379,treatment,desktop,3,0
19719,treatment,mobile,4,1
15595,treatment,desktop,11,0
9217,control,mobile,14,0
5212,control,mobile,6,1
17173,treatment,mobile,7,0
7666,control,mobile,13,0
10098,control,mobile,14,0
14634,treatment,desktop,2,0
17184,treatment,desktop,8,0
6595,control,desktop,10,0
12461,treatment,desktop,14,0
12435,treatment,desktop,14,0
892,control,desktop,7,0
23902,treatment,mobile,13,0
5224,control,desktop,4,0
19857,treatment,mobile,3,0
14342,treatment,mobile,6,0
18836,treatment,mobile,14,0
8786,control,mobile,7,0
23606,treatment,mobile,10,0
8982,control,desktop,1,0
20904,treatment,mobile,9,0
22831,treatment,mobile,7,0
7478,control,mobile,12,0
10225,control,mobile,12,0
10923,control,mobile,4,0
5270,control,desktop,14,0
17435,treatment,mobile,5,0
21583,treatment,mobile,10,0
12823,treatment,mobile,12,0
8586,control,desktop,4,0
6349,control,mobile,6,1
20822,treatment,desktop,4,0
13520,treatment,mobile,6,0
22027,treatment,mobile,7,0
4581,control,desktop,11,0
1038,control,mobile,6,0
1833,control,desktop,4,0
3492,control,desktop,13,0
19221,treatment,desktop,14,0
2348,control,mobile,4,0
1478,control,desktop,6,0
7870,control,mobile,11,0
20846,treatment,mobile,3,0
15173,treatment,mobile,12,1
7423,control,mobile,4,0
19095,treatment,desktop,7,0
8763,control,mobile,3,0
18114,treatment,desktop,5,0
13808,treatment,mobile,1,0
5749,control,mobile,8,0
14370,treatment,mobile,14,0
14794,treatment,mobile,7,1
1967,control,mobile,5,0
22543,treatment,mobile,13,0
14606,treatment,desktop,9,0
22581,treatment,mobile,13,0
2262,control,desktop,1,0
12483,treatment,mobile,10,0
342,control,mobile,6,0
16603,treatment,desktop,4,0
14103,treatment,desktop,13,0
3522,control,mobile,9,0
4362,control,mobile,3,0
5006,control,desktop,9,0
4580,control,desktop,7,0
20849,treatment,mobile,9,0
620,control,desktop,14,0
14505,treatment,mobile,1,0
21602,treatment,mobile,3,0
23954,treatment,mobile,5,0
14139,treatment,desktop,1,0
15925,treatment,mobile,1,0
15500,treatment,mobile,8,0
2063,control,desktop,1,0
5865,control,mobile,7,0
12633,treatment,mobile,12,0
3313,control,mobile,4,0
1882,control,desktop,10,0
1119,control,desktop,1,0
636,control,mobile,7,0
23931,treatment,mobile,10,0
12056,treatment,desktop,7,0
11542,control,mobile,4,0
2501,control,mobile,11,0
8767,control,mobile,5,0
14234,treatment,mobile,6,0
5174,control,mobile,11,0
21825,treatment,mobile,7,0
11540,control,mobile,2,0
10315,control,mobile,10,0
23700,treatment,desktop,9,0
22507,treatment,mobile,14,0
23456,treatment,mobile,1,0
18760,treatment,mobile,3,0
23169,treatment,desktop,2,0
23770,treatment,mobile,12,0
8433,control,desktop,10,0
23484,treatment,desktop,1,0
23928,treatment,mobile,6,0
5210,control,mobile,7,0
1480,control,mobile,12,1
20357,treatment,desktop,4,0
22388,treatment,desktop,13,0
14122,treatment,mobile,13,0
19875,treatment,mobile,9,0
1176,control,desktop,5,0
5537,control,mobile,4,0
15179,treatment,desktop,7,1
21897,treatment,mobile,13,0
20984,treatment,mobile,8,1
15513,treatment,mobile,4,0
8424,control,desktop,9,0
2250,control,mobile,3,0
8423,control,mobile,4,0
12679,treatment,mobile,11,0
21893,treatment,mobile,6,0
15343,treatment,mobile,13,1
2365,control,mobile,3,0
13902,treatment,mobile,5,0
10398,control,mobile,8,0
12530,treatment,mobile,9,0
19753,treatment,desktop,3,0
22958,treatment,desktop,2,1
10871,control,mobile,2,0
6981,control,desktop,12,0
5940,control,mobile,10,0
12016,treatment,desktop,14,0
6215,control,mobile,3,0
2867,control,mobile,10,0
18379,treatment,mobile,13,0
14760,treatment,desktop,6,0
12019,treatment,mobile,10,0
3954,control,desktop,5,0
2910,control,mobile,3,0
8062,control,mobile,4,0
20604,treatment,mobile,2,0
17186,treatment,mobile,4,0
2238,control,mobile,3,0
14997,treatment,desktop,11,0
2378,control,mobile,5,0
2254,control,desktop,5,0
7961,control,mobile,3,0
22816,treatment,desktop,10,0
7370,control,mobile,14,0
8387,control,mobile,11,0
23532,treatment,desktop,3,0
2273,control,mobile,6,0
13826,treatment,mobile,5,0
23741,treatment,desktop,7,0
232,control,desktop,5,0
13723,treatment,mobile,4,0
22609,treatment,mobile,13,0
17596,treatment,mobile,10,0
18549,treatment,desktop,2,0
20767,treatment,desktop,2,0
2333,control,desktop,14,0
3014,control,mobile,3,0
9916,control,mobile,6,0
22338,treatment,desktop,1,0
22263,treatment,desktop,7,0
14570,treatment,desktop,3,0
4076,control,mobile,4,0
4160,control,mobile,2,0
3355,control,desktop,1,0
15009,treatment,mobile,7,0
14514,treatment,mobile,5,0
8379,control,desktop,1,0
12658,treatment,mobile,8,0
19032,treatment,desktop,14,0
9232,control,mobile,4,0
6385,control,mobile,9,0
5522,control,mobile,3,1
23925,treatment,mobile,11,0
1724,control,mobile,8,0
9267,control,mobile,11,0
12377,treatment,desktop,9,0
14141,treatment,mobile,7,0
13958,treatment,desktop,5,0
20181,treatment,desktop,9,0
21767,treatment,mobile,10,0
764,control,mobile,5,0
14753,treatment,mobile,6,0
12274,treatment,mobile,1,0
9385,control,mobile,11,0
8335,control,mobile,14,0
9157,control,mobile,12,0
14466,treatment,mobile,13,0
1582,control,mobile,13,0
13674,treatment,desktop,2,0
19890,treatment,mobile,11,0
4860,control,mobile,2,0
14579,treatment,desktop,2,0
11198,control,mobile,11,0
8233,control,desktop,11,1
8108,control,mobile,1,0
6662,control,desktop,10,0
13110,treatment,mobile,7,0
18269,treatment,mobile,3,0
1639,control,mobile,3,0
22682,treatment,mobile,12,0
7090,control,mobile,13,0
20820,treatment,mobile,10,0
1571,control,mobile,14,0
4555,control,desktop,1,0
2953,control,mobile,1,0
5494,control,mobile,2,0
9033,control,desktop,1,0
7154,control,mobile,10,0
19641,treatment,desktop,2,0
13822,treatment,mobile,9,0
19178,treatment,mobile,13,0
21085,treatment,mobile,5,0
4223,control,mobile,10,0
18764,treatment,mobile,13,0
20325,treatment,mobile,11,0
23430,treatment,mobile,7,0
9165,control,desktop,11,0
3580,control,desktop,9,0
23043,treatment,desktop,12,0
7688,control,desktop,10,0
6138,control,desktop,3,0
1347,control,mobile,9,0
20296,treatment,mobile,7,0
1954,control,desktop,3,0
1886,control,desktop,4,0
4002,control,mobile,14,0
14568,treatment,mobile,13,0
1071,control,desktop,5,0
8487,control,desktop,3,0
14688,treatment,desktop,11,0
425,control,mobile,12,0
22190,treatment,mobile,7,0
1453,control,mobile,14,0
1845,control,desktop,6,0
22647,treatment,desktop,9,0
11602,control,mobile,3,0
11974,control,mobile,4,0
8992,control,mobile,3,1
4540,control,mobile,14,0
16957,treatment,desktop,1,0
19708,treatment,mobile,13,0
610,control,desktop,2,0
15066,treatment,mobile,7,0
6460,control,desktop,5,1
5626,control,desktop,12,0
2457,control,mobile,1,0
6287,control,mobile,3,0
15385,treatment,mobile,10,0
22236,treatment,mobile,11,0
21749,treatment,desktop,12,0
6845,control,mobile,11,0
23382,treatment,mobile,11,0
13289,treatment,desktop,11,0
10570,control,mobile,5,0
18352,treatment,desktop,11,0
18272,treatment,mobile,13,0
21226,treatment,desktop,1,0
16011,treatment,mobile,6,0
5218,control,mobile,7,0
15393,treatment,mobile,10,0
13183,treatment,mobile,4,0
14871,treatment,desktop,9,0
4779,control,desktop,7,0
18612,treatment,mobile,6,0
2060,control,desktop,1,0
10627,control,mobile,1,0
10179,control,desktop,13,0
11465,control,desktop,5,1
15430,treatment,desktop,4,0
21681,treatment,mobile,3,0
14070,treatment,mobile,8,0
5068,control,mobile,7,0
15057,treatment,mobile,10,0
17385,treatment,mobile,11,0
9129,control,mobile,1,0
9063,control,mobile,5,0
3592,control,desktop,8,0
1101,control,mobile,8,0
6151,control,mobile,7,0
4928,control,mobile,1,1
3813,control,mobile,1,0
18932,treatment,mobile,2,0
493,control,desktop,14,0
17603,treatment,desktop,8,0
3642,control,desktop,7,1
6112,control,desktop,2,0
643,control,mobile,9,0
9112,control,mobile,2,0
6396,control,mobile,6,0
21546,treatment,desktop,2,0
8464,control,desktop,9,1
11363,control,desktop,11,0
5146,control,mobile,10,0
4175,control,desktop,10,0
21120,treatment,mobile,5,0
10250,control,mobile,11,0
8177,control,mobile,3,0
6237,control,mobile,6,0
23203,treatment,desktop,2,0
7409,control,desktop,5,0
7028,control,mobile,1,0
6629,control,desktop,2,0
19114,treatment,mobile,8,0
18998,treatment,mobile,14,0
22191,treatment,mobile,13,0
13613,treatment,mobile,3,0
21754,treatment,desktop,14,0
13435,treatment,mobile,7,0
15475,treatment,mobile,13,0
11878,control,mobile,1,0
9661,control,mobile,12,0
5977,control,desktop,8,0
6789,control,desktop,12,0
23090,treatment,mobile,9,0
4607,control,mobile,11,0
21519,treatment,desktop,9,0
8395,control,desktop,6,0
16032,treatment,desktop,3,0
15052,treatment,desktop,11,0
15706,treatment,mobile,8,0
7293,control,mobile,12,0
7902,control,desktop,13,0
1721,control,mobile,6,0
7373,control,mobile,4,0
6732,control,desktop,6,0
12263,treatment,mobile,3,0
13055,treatment,desktop,12,0
12884,treatment,desktop,7,0
2528,control,desktop,4,0
7055,control,mobile,6,0
22903,treatment,desktop,3,0
20963,treatment,desktop,9,0
11979,control,mobile,10,0
14149,treatment,mobile,13,0
1923,control,desktop,13,0
23553,treatment,mobile,4,0
607,control,desktop,5,0
15685,treatment,desktop,3,0
13544,treatment,desktop,12,0
20540,treatment,mobile,9,0
1790,control,mobile,13,0
12222,treatment,mobile,14,0
5335,control,mobile,4,0
3186,control,mobile,5,0
3293,control,mobile,10,0
22403,treatment,mobile,9,0
16444,treatment,mobile,1,0
9858,control,mobile,10,0
374,control,mobile,5,0
5555,control,mobile,10,0
4957,control,desktop,13,0
619,control,desktop,11,0
7361,control,mobile,8,0
23118,treatment,desktop,3,0
12442,treatment,mobile,3,0
15235,treatment,desktop,1,0
7736,control,desktop,14,0
7453,control,mobile,5,0
15456,treatment,desktop,14,0
10768,control,desktop,14,0
9804,control,mobile,9,1
1336,control,mobile,11,0
3667,control,mobile,5,0
16617,treatment,mobile,9,0
7233,control,mobile,11,0
7114,control,mobile,10,0
8748,control,mobile,11,0
16695,treatment,desktop,10,0
16419,treatment,mobile,1,0
1275,control,desktop,10,1
6457,control,mobile,7,0
11641,control,mobile,12,0
10200,control,desktop,9,0
17023,treatment,desktop,13,0
11205,control,desktop,7,0
17221,treatment,mobile,2,0
5654,control,desktop,10,0
8606,control,mobile,10,0
15154,treatment,desktop,7,0
13471,treatment,desktop,14,0
12628,treatment,desktop,7,0
13187,treatment,desktop,8,0
22593,treatment,mobile,4,0
4660,control,mobile,6,0
1153,control,mobile,10,0
5002,control,mobile,14,0
23942,treatment,mobile,12,0
15349,treatment,desktop,3,0
14609,treatment,desktop,7,0
9410,control,mobile,7,0
6324,control,mobile,13,0
13568,treatment,mobile,2,0
3692,control,mobile,12,0
18081,treatment,desktop,11,1
996,control,mobile,11,0
18408,treatment,mobile,14,0
17994,treatment,desktop,4,0
1560,control,desktop,3,0
12900,treatment,mobile,6,0
5031,control,mobile,11,0
10727,control,mobile,1,0
17274,treatment,mobile,8,0
6603,control,desktop,13,0
6488,control,mobile,4,0
3182,control,mobile,11,0
10809,control,mobile,8,0
8060,control,desktop,11,0
12128,treatment,desktop,13,0
6077,control,mobile,14,0
829,control,desktop,4,0
4941,control,desktop,3,0
20383,treatment,desktop,12,0
6486,control,mobile,2,0
11935,control,desktop,13,0
3909,control,mobile,13,0
5554,control,mobile,10,1
129,control,desktop,1,0
13687,treatment,mobile,6,0
2123,control,mobile,5,0
4805,control,mobile,14,0
21453,treatment,mobile,12,0
22093,treatment,mobile,2,0
12579,treatment,mobile,10,0
11719,control,desktop,12,0
8971,control,desktop,9,0
21624,treatment,mobile,9,0
21635,treatment,mobile,11,0
5757,control,mobile,2,0
7232,control,mobile,14,0
13657,treatment,desktop,6,0
10472,control,desktop,5,0
21850,treatment,mobile,2,0
9707,control,mobile,10,0
7336,control,mobile,8,0
1515,control,desktop,8,0
12327,treatment,mobile,5,0
287,control,desktop,13,0
21477,treatment,desktop,5,0
16972,treatment,desktop,1,0
16717,treatment,mobile,9,0
8471,control,mobile,6,0
7359,control,mobile,9,0
13969,treatment,mobile,5,0
20280,treatment,mobile,14,0
198,control,desktop,9,0
20213,treatment,desktop,6,0
8692,control,mobile,2,0
2716,control,mobile,10,0
19811,treatment,desktop,4,0
3966,control,mobile,3,0
2249,control,mobile,14,0
3789,control,mobile,7,0
20336,treatment,mobile,12,0
2309,control,desktop,1,0
15508,treatment,mobile,9,0
11558,control,desktop,2,0
23566,treatment,desktop,11,0
16336,treatment,mobile,2,0
13773,treatment,desktop,14,0
15491,treatment,desktop,10,0
7356,control,desktop,6,0
7275,control,desktop,10,0
13840,treatment,mobile,6,0
2111,control,mobile,11,0
17345,treatment,mobile,14,0
17727,treatment,mobile,10,0
7905,control,mobile,10,0
10303,control,desktop,10,0
1209,control,desktop,9,0
10336,control,desktop,1,0
22525,treatment,desktop,10,1
5592,control,mobile,1,0
20919,treatment,mobile,1,1
2613,control,desktop,6,0
12944,treatment,mobile,9,0
23300,treatment,mobile,13,0
11735,control,mobile,10,0
15292,treatment,desktop,10,0
6417,control,desktop,2,0
15091,treatment,mobile,5,0
22125,treatment,mobile,7,0
16200,treatment,mobile,9,0
9053,control,mobile,12,0
21949,treatment,mobile,9,0
17378,treatment,mobile,3,0
5053,control,mobile,10,0
15319,treatment,mobile,7,0
15986,treatment,mobile,7,0
2385,control,mobile,3,0
15773,treatment,mobile,4,0
21671,treatment,desktop,11,0
16348,treatment,mobile,10,0
12706,treatment,mobile,11,0
20586,treatment,mobile,9,0
11136,control,desktop,6,0
22179,treatment,mobile,13,0
13030,treatment,desktop,13,0
4820,control,desktop,8,0
14295,treatment,mobile,10,0
22576,treatment,mobile,6,0
5746,control,mobile,10,0
4848,control,mobile,12,0
94,control,mobile,9,0
709,control,desktop,13,0
20455,treatment,mobile,2,0
17758,treatment,mobile,12,0
7986,control,mobile,7,0
21943,treatment,mobile,1,0
23262,treatment,desktop,3,0
8511,control,mobile,14,1
7930,control,mobile,1,0
20392,treatment,mobile,6,0
791,control,mobile,5,0
8498,control,mobile,8,0
14984,treatment,mobile,10,0
18140,treatment,desktop,9,0
16918,treatment,desktop,10,0
20916,treatment,desktop,3,0
8169,control,mobile,4,0
10426,control,mobile,12,0
18617,treatment,mobile,12,0
15515,treatment,mobile,14,0
14038,treatment,mobile,6,0
4674,control,mobile,11,0
14111,treatment,desktop,8,0
22923,treatment,mobile,13,0
1050,control,mobile,12,0
18519,treatment,mobile,1,0
11666,control,mobile,10,0
7810,control,desktop,3,0
6947,control,desktop,12,0
20255,treatment,desktop,12,0
21304,treatment,desktop,9,0
10482,control,desktop,4,0
22028,treatment,desktop,5,0
19664,treatment,mobile,5,1
23515,treatment,desktop,3,0
23159,treatment,mobile,3,0
5913,control,desktop,4,0
2343,control,mobile,10,0
984,control,mobile,11,1
17799,treatment,desktop,13,0
16801,treatment,mobile,14,0
11790,control,mobile,5,0
17967,treatment,mobile,5,0
3263,control,desktop,12,0
5527,control,mobile,1,0
11,control,mobile,10,0
19165,treatment,desktop,11,0
222,control,mobile,8,0
12958,treatment,desktop,14,0
9932,control,mobile,14,0
12289,treatment,mobile,3,0
6409,control,mobile,10,0
10486,control,mobile,2,0
12318,treatment,desktop,12,0
17816,treatment,mobile,5,1
7932,control,mobile,7,0
22411,treatment,desktop,4,0
16929,treatment,mobile,14,0
9628,control,mobile,14,0
4528,control,mobile,10,0
6980,control,mobile,11,0
3611,control,desktop,1,0
294,control,desktop,6,0
6005,control,mobile,3,0
13660,treatment,desktop,1,0
7048,control,mobile,8,0
23296,treatment,mobile,2,0
16105,treatment,mobile,11,0
22043,treatment,mobile,3,0
22134,treatment,mobile,11,0
5713,control,desktop,6,0
13220,treatment,mobile,10,0
21858,treatment,desktop,14,0
1937,control,mobile,14,0
6586,control,mobile,12,0
5673,control,desktop,13,0
7927,control,desktop,3,0
17964,treatment,mobile,13,0
14388,treatment,mobile,7,0
5246,control,desktop,14,0
12132,treatment,mobile,3,0
10178,control,desktop,12,0
3323,control,desktop,14,0
18169,treatment,mobile,1,0
6074,control,mobile,8,0
16667,treatment,mobile,9,1
605,control,mobile,14,0
22948,treatment,mobile,12,0
21093,treatment,mobile,3,0
2199,control,mobile,5,0
14883,treatment,mobile,3,1
22698,treatment,mobile,4,0
381,control,mobile,6,0
16261,treatment,desktop,8,0
2243,control,desktop,13,0
7163,control,desktop,7,0
17277,treatment,mobile,3,0
14847,treatment,mobile,9,0
3507,control,desktop,1,0
22312,treatment,desktop,8,0
1492,control,mobile,4,0
17222,treatment,mobile,6,0
1285,control,mobile,5,0
16412,treatment,mobile,9,0
16002,treatment,mobile,13,0
18663,treatment,desktop,7,0
10938,control,desktop,11,0
1985,control,desktop,10,0
11107,control,mobile,9,0
10791,control,desktop,3,0
18762,treatment,mobile,12,0
16093,treatment,mobile,3,0
22062,treatment,mobile,8,0
20216,treatment,desktop,13,0
19978,treatment,mobile,7,0
10477,control,mobile,4,0
7978,control,mobile,11,0
14510,treatment,desktop,1,1
16933,treatment,desktop,9,0
12254,treatment,mobile,14,0
17126,treatment,mobile,4,0
5611,control,mobile,1,0
20510,treatment,mobile,12,0
1295,control,mobile,4,0
21344,treatment,desktop,5,0
13097,treatment,desktop,1,0
17817,treatment,mobile,10,0
1549,control,mobile,8,0
10569,control,desktop,12,0
15262,treatment,desktop,8,0
731,control,desktop,9,0
6817,control,desktop,14,1
17899,treatment,mobile,14,0
9062,control,mobile,6,0
22250,treatment,mobile,10,0
13294,treatment,desktop,7,0
2453,control,mobile,10,0
13096,treatment,mobile,9,0
13280,treatment,desktop,9,0
15222,treatment,desktop,1,0
3494,control,mobile,5,0
6516,control,desktop,14,0
5034,control,mobile,14,1
14490,treatment,mobile,12,0
2137,control,mobile,6,0
16042,treatment,mobile,2,0
19103,treatment,desktop,6,0
1427,control,mobile,3,0
12392,treatment,mobile,4,0
19437,treatment,desktop,4,0
14909,treatment,desktop,4,0
14693,treatment,mobile,11,0
405,control,mobile,1,1
9433,control,mobile,1,0
1725,control,desktop,9,1
13556,treatment,desktop,5,0
9992,control,desktop,1,0
8783,control,mobile,6,0
21358,treatment,desktop,14,0
10155,control,mobile,11,0
14260,treatment,mobile,7,0
9575,control,desktop,6,0
22511,treatment,mobile,11,0
701,control,mobile,9,0
538,control,desktop,10,0
12700,treatment,desktop,1,0
5230,control,mobile,2,0
14018,treatment,mobile,5,1
8063,control,mobile,2,0
15851,treatment,desktop,13,0
13364,treatment,mobile,6,1
21136,treatment,mobile,14,0
11208,control,mobile,12,0
8771,control,desktop,8,0
19324,treatment,desktop,2,0
6663,control,mobile,11,0
21416,treatment,desktop,14,0
22085,treatment,desktop,12,0
3352,control,desktop,3,0
21501,treatment,mobile,1,0
11151,control,mobile,7,0
20576,treatment,mobile,2,0
21321,treatment,mobile,7,0
7588,control,desktop,5,0
2376,control,mobile,13,0
23893,treatment,mobile,12,0
5364,control,desktop,14,0
8608,control,mobile,8,0
7180,control,mobile,13,1
12559,treatment,mobile,7,0
9588,control,mobile,9,0
3976,control,mobile,7,0
22218,treatment,desktop,1,0
7979,control,mobile,13,0
23581,treatment,mobile,13,0
7313,control,mobile,6,0
7909,control,mobile,1,0
17684,treatment,desktop,7,0
12372,treatment,mobile,6,0
14451,treatment,mobile,12,0
11530,control,desktop,8,0
6160,control,desktop,13,0
7858,control,mobile,3,0
12798,treatment,mobile,9,0
6895,control,desktop,10,0
21059,treatment,mobile,7,0
13683,treatment,desktop,1,0
19118,treatment,desktop,11,0
2983,control,mobile,7,0
2259,control,desktop,7,0
15368,treatment,mobile,9,0
12364,treatment,desktop,3,0
18021,treatment,desktop,1,0
15461,treatment,mobile,5,0
664,control,mobile,3,0
8257,control,mobile,6,0
2353,control,mobile,7,0
22776,treatment,desktop,5,0
8261,control,mobile,4,0
23146,treatment,desktop,5,0
11297,control,desktop,11,0
2487,control,mobile,4,0
4417,control,mobile,10,0
23336,treatment,desktop,11,0
20128,treatment,desktop,2,0
19201,treatment,desktop,11,0
14124,treatment,desktop,9,0
12595,treatment,mobile,8,0
5397,control,desktop,6,0
20752,treatment,desktop,2,0
18372,treatment,mobile,1,0
13727,treatment,mobile,7,0
23328,treatment,mobile,5,0
22358,treatment,mobile,10,0
8942,control,mobile,2,0
4980,control,mobile,7,0
14076,treatment,mobile,9,0
12030,treatment,mobile,6,0
5274,control,mobile,7,0
7243,control,mobile,3,0
22588,treatment,desktop,11,0
9302,control,mobile,1,0
13240,treatment,mobile,10,0
18274,treatment,desktop,4,0
3432,control,desktop,11,0
14701,treatment,desktop,7,0
2975,control,desktop,12,0
13703,treatment,mobile,3,0
5568,control,desktop,11,0
18813,treatment,desktop,2,0
3534,control,mobile,12,0
653,control,mobile,14,0
9058,control,mobile,5,1
22529,treatment,mobile,5,0
18670,treatment,mobile,2,0
12260,treatment,mobile,9,0
3240,control,mobile,5,0
5339,control,desktop,11,0
18964,treatment,mobile,1,0
15145,treatment,desktop,3,0
860,control,mobile,5,0
18694,treatment,mobile,5,0
9793,control,mobile,5,0
4564,control,mobile,1,0
20829,treatment,mobile,6,0
12076,treatment,desktop,10,0
9911,control,mobile,6,0
8876,control,mobile,11,0
6558,control,mobile,1,0
21202,treatment,mobile,5,0
21541,treatment,mobile,2,0
4730,control,mobile,2,0
8587,control,mobile,5,0
157,control,mobile,1,0
14129,treatment,desktop,13,0
15683,treatment,mobile,8,0
16690,treatment,mobile,9,0
13872,treatment,mobile,6,0
2157,control,desktop,11,0
6523,control,mobile,10,0
5104,control,desktop,13,0
16038,treatment,mobile,10,0
453,control,desktop,14,0
11171,control,mobile,11,1
3803,control,desktop,4,0
20988,treatment,desktop,1,0
4852,control,mobile,8,0
4676,control,mobile,9,0
8022,control,mobile,13,0
9844,control,mobile,12,0
15915,treatment,mobile,10,0
10898,control,mobile,14,0
6619,control,desktop,6,0
16937,treatment,desktop,1,0
4174,control,mobile,5,0
22813,treatment,desktop,7,0
6109,control,mobile,4,0
15762,treatment,mobile,13,0
10203,control,mobile,13,1
9996,control,mobile,2,0
16910,treatment,mobile,2,0
5110,control,desktop,8,0
10630,control,desktop,12,0
5114,control,mobile,7,0
19521,treatment,mobile,11,0
9093,control,mobile,7,0
15226,treatment,desktop,12,0
22645,treatment,mobile,7,0
6359,control,mobile,14,0
15563,treatment,desktop,8,0
21499,treatment,mobile,1,0
5138,control,mobile,8,0
7795,control,desktop,11,0
20573,treatment,mobile,10,0
21407,treatment,mobile,6,0
10500,control,mobile,7,0
3067,control,mobile,8,0
7323,control,mobile,9,0
4519,control,mobile,5,0
4584,control,desktop,8,0
23777,treatment,desktop,4,0
14410,treatment,mobile,1,0
11195,control,mobile,1,0
3644,control,mobile,3,0
18608,treatment,mobile,13,0
3311,control,mobile,11,0
4418,control,mobile,1,0
21122,treatment,desktop,1,1
3638,control,desktop,1,0
8734,control,mobile,12,0
17969,treatment,mobile,8,0
13531,treatment,mobile,2,1
5264,control,desktop,9,0
14545,treatment,desktop,10,0
12490,treatment,mobile,5,0
10208,control,mobile,2,0
7388,control,mobile,2,0
15449,treatment,mobile,2,0
21579,treatment,mobile,4,0
12354,treatment,mobile,5,0
16122,treatment,desktop,6,0
602,control,mobile,9,0
8623,control,mobile,4,0
18626,treatment,desktop,10,0
5976,control,mobile,7,0
11056,control,mobile,2,0
2492,control,desktop,13,0
14108,treatment,mobile,13,0
6584,control,mobile,2,0
5311,control,desktop,3,0
13080,treatment,desktop,13,0
15305,treatment,mobile,1,0
23658,treatment,mobile,10,0
7965,control,mobile,14,0
10833,control,mobile,7,0
12040,treatment,mobile,14,0
21934,treatment,mobile,5,0
9174,control,mobile,7,0
2999,control,mobile,6,0
5046,control,mobile,10,0
550,control,mobile,13,0
12347,treatment,desktop,5,0
21371,treatment,mobile,2,0
12987,treatment,desktop,14,0
5103,control,mobile,3,0
7525,control,mobile,12,0
14067,treatment,mobile,12,0
17943,treatment,mobile,12,0
23572,treatment,mobile,6,0
1706,control,mobile,5,0
13078,treatment,mobile,14,0
22409,treatment,mobile,12,0
3424,control,desktop,11,0
7890,control,desktop,3,0
17735,treatment,mobile,10,0
20535,treatment,mobile,11,0
22914,treatment,mobile,13,0
23034,treatment,mobile,2,0
8046,control,mobile,1,0
10173,control,desktop,8,1
2005,control,desktop,11,0
4011,control,mobile,5,0
1757,control,mobile,3,0
8378,control,mobile,14,0
13069,treatment,mobile,9,0
7815,control,mobile,8,0
13747,treatment,mobile,5,0
15709,treatment,desktop,9,1
12682,treatment,desktop,11,0
3565,control,desktop,3,0
14645,treatment,mobile,12,0
8450,control,desktop,12,0
394,control,mobile,12,0
12796,treatment,mobile,12,1
14112,treatment,mobile,7,0
18362,treatment,mobile,6,0
9103,control,desktop,1,0
14944,treatment,mobile,6,0
18525,treatment,mobile,12,0
17268,treatment,mobile,5,1
22654,treatment,mobile,2,0
12742,treatment,desktop,9,0
8813,control,desktop,1,0
10312,control,mobile,7,0
2578,control,desktop,5,0
6712,control,mobile,6,0
10865,control,desktop,9,0
3421,control,mobile,4,0
3300,control,mobile,5,0
21622,treatment,mobile,2,0
21329,treatment,mobile,1,0
6618,control,desktop,4,0
56,control,mobile,7,0
16162,treatment,desktop,11,0
15858,treatment,desktop,2,0
1342,control,mobile,12,0
9913,control,mobile,7,0
13553,treatment,mobile,5,0
23961,treatment,mobile,8,0
2377,control,mobile,14,0
859,control,mobile,11,0
22478,treatment,mobile,14,0
17738,treatment,desktop,7,0
11018,control,desktop,6,0
7396,control,desktop,14,0
9883,control,mobile,5,0
4863,control,mobile,2,0
22672,treatment,mobile,10,0
8155,control,desktop,2,1
23847,treatment,mobile,8,0
23009,treatment,mobile,4,0
1252,control,desktop,4,0
18805,treatment,mobile,10,0
13875,treatment,mobile,4,0
21853,treatment,desktop,13,0
16570,treatment,mobile,9,0
14242,treatment,mobile,11,0
17884,treatment,mobile,9,0
16655,treatment,mobile,11,0
20431,treatment,desktop,10,0
13186,treatment,desktop,13,0
10932,control,mobile,9,0
13560,treatment,mobile,8,0
18577,treatment,desktop,10,0
17482,treatment,mobile,2,0
23979,treatment,mobile,5,0
12805,treatment,mobile,1,1
20299,treatment,desktop,12,0
23054,treatment,mobile,14,0
11846,control,mobile,9,0
18173,treatment,mobile,4,0
13880,treatment,mobile,5,0
6815,control,mobile,10,0
5733,control,mobile,12,0
6624,control,mobile,11,0
5411,control,mobile,5,0
8386,control,desktop,11,0
7270,control,desktop,9,0
5321,control,desktop,12,0
21103,treatment,mobile,12,0
18573,treatment,mobile,10,0
11982,control,mobile,10,0
12305,treatment,mobile,6,0
15370,treatment,mobile,6,0
23498,treatment,mobile,8,0
11688,control,mobile,12,0
12179,treatment,mobile,12,0
9299,control,mobile,9,0
937,control,mobile,8,0
15604,treatment,mobile,1,0
2040,control,mobile,8,0
12011,treatment,desktop,7,0
3652,control,desktop,1,0
19113,treatment,desktop,5,0
8479,control,mobile,5,0
16133,treatment,mobile,11,0
17408,treatment,mobile,6,0
9087,control,desktop,1,0
8912,control,mobile,5,0
4349,control,mobile,3,0
11536,control,mobile,7,0
8688,control,mobile,10,0
19465,treatment,mobile,3,1
17745,treatment,mobile,3,0
399,control,desktop,8,0
21528,treatment,mobile,12,0
1039,control,mobile,8,0
10390,control,mobile,8,0
19612,treatment,desktop,6,0
18122,treatment,mobile,1,0
18307,treatment,desktop,4,0
2264,control,mobile,9,1
10523,control,desktop,1,0
9703,control,desktop,2,1
8908,control,mobile,11,0
8490,control,mobile,5,0
11779,control,mobile,7,0
14820,treatment,mobile,2,0
8669,control,mobile,14,0
903,control,desktop,9,0
17266,treatment,mobile,3,0
14154,treatment,mobile,9,0
13337,treatment,mobile,5,0
57,control,mobile,3,0
8085,control,mobile,10,0
21107,treatment,mobile,13,0
18508,treatment,mobile,1,0
21779,treatment,mobile,6,0
12138,treatment,mobile,10,0
6818,control,desktop,8,0
3991,control,mobile,10,0
5828,control,mobile,1,0
11851,control,mobile,1,0
11897,control,mobile,1,0
8071,control,mobile,14,0
14062,treatment,mobile,13,0
6194,control,mobile,6,0
6588,control,mobile,2,0
7768,control,mobile,5,0
19547,treatment,mobile,9,0
22030,treatment,mobile,9,0
6449,control,desktop,11,0
14789,treatment,mobile,13,0
10345,control,mobile,4,0
767,control,mobile,12,0
15108,treatment,mobile,4,0
4622,control,desktop,1,0
16844,treatment,mobile,2,0
23114,treatment,mobile,12,0
3886,control,desktop,14,0
12952,treatment,mobile,7,0
16043,treatment,desktop,10,0
23076,treatment,mobile,11,0
263,control,desktop,12,0
18784,treatment,mobile,1,0
11703,control,desktop,5,1
20459,treatment,mobile,3,0
14475,treatment,mobile,2,0
9106,control,mobile,13,0
983,control,mobile,12,0
2889,control,mobile,5,0
13513,treatment,mobile,4,0
2537,control,mobile,5,0
3730,control,mobile,14,0
19449,treatment,desktop,7,0
519,control,mobile,2,0
5788,control,desktop,4,0
13942,treatment,desktop,6,0
17116,treatment,mobile,12,0
6801,control,desktop,6,0
15632,treatment,desktop,7,0
13980,treatment,mobile,11,0
5675,control,mobile,13,0
15472,treatment,desktop,7,0
20407,treatment,desktop,7,0
20224,treatment,mobile,12,0
16578,treatment,desktop,10,0
5090,control,desktop,7,0
9114,control,desktop,5,0
3864,control,desktop,1,0
5204,control,mobile,4,0
1228,control,desktop,9,0
22546,treatment,desktop,4,0
1909,control,mobile,8,0
11149,control,desktop,9,0
6316,control,mobile,1,0
10455,control,desktop,13,0
2227,control,desktop,9,0
18030,treatment,desktop,13,0
2475,control,mobile,6,0
1201,control,mobile,14,0
8637,control,desktop,9,0
1051,control,desktop,2,0
21838,treatment,mobile,2,0
21663,treatment,mobile,1,0
5448,control,desktop,6,0
10671,control,desktop,10,0
4948,control,mobile,7,0
16559,treatment,mobile,4,0
2090,control,desktop,13,0
19417,treatment,mobile,8,0
19774,treatment,mobile,10,0
11230,control,desktop,9,0
15054,treatment,mobile,1,0
666,control,mobile,2,0
14207,treatment,desktop,14,0
6626,control,desktop,1,0
21273,treatment,mobile,12,0
2700,control,mobile,3,0
15629,treatment,mobile,8,0
15905,treatment,mobile,5,0
2683,control,mobile,4,0
9572,control,desktop,3,0
7456,control,desktop,6,1
8549,control,desktop,9,0
20349,treatment,mobile,5,0
10342,control,desktop,2,0
18059,treatment,mobile,14,0
5356,control,mobile,13,0
17140,treatment,mobile,11,0
18017,treatment,mobile,6,0
23535,treatment,mobile,1,0
185,control,desktop,12,0
10491,control,mobile,3,0
22266,treatment,mobile,8,0
8951,control,desktop,14,0
21147,treatment,mobile,5,0
925,control,mobile,10,0
23138,treatment,mobile,14,0
17834,treatment,mobile,9,0
8181,control,mobile,14,0
3853,control,mobile,2,0
17520,treatment,mobile,4,0
8137,control,desktop,1,0
12479,treatment,desktop,5,0
9651,control,mobile,6,0
19815,treatment,mobile,3,0
1649,control,mobile,9,0
17910,treatment,desktop,7,0
12361,treatment,mobile,2,0
14797,treatment,desktop,4,0
16790,treatment,mobile,6,0
8987,control,mobile,5,0
7568,control,desktop,14,0
12637,treatment,desktop,1,0
1670,control,desktop,9,0
12013,treatment,desktop,13,0
13548,treatment,mobile,1,0
15978,treatment,mobile,3,0
16665,treatment,mobile,1,0
18335,treatment,mobile,11,0
21668,treatment,desktop,10,0
13897,treatment,desktop,14,0
17017,treatment,mobile,13,0
2028,control,desktop,12,0
1521,control,mobile,5,0
2967,control,desktop,9,0
13659,treatment,mobile,11,0
8910,control,desktop,14,0
6462,control,desktop,9,0
15618,treatment,mobile,9,0
19737,treatment,desktop,13,0
9116,control,desktop,10,0
635,control,mobile,8,0
15611,treatment,mobile,13,0
7878,control,mobile,14,0
23557,treatment,mobile,3,0
19581,treatment,mobile,3,0
11296,control,desktop,7,0
22083,treatment,mobile,5,0
19550,treatment,desktop,13,0
16913,treatment,desktop,1,0
19863,treatment,desktop,13,0
18607,treatment,mobile,3,0
11994,control,mobile,1,0
22643,treatment,desktop,5,0
12941,treatment,mobile,1,0
11635,control,mobile,3,0
20126,treatment,desktop,9,0
12023,treatment,mobile,6,0
8030,control,mobile,4,0
17431,treatment,desktop,7,0
22972,treatment,mobile,4,0
6847,control,mobile,10,0
14220,treatment,mobile,12,0
15733,treatment,mobile,8,0
3761,control,desktop,6,0
7674,control,mobile,11,0
19410,treatment,mobile,11,0
15099,treatment,desktop,12,0
10653,control,mobile,3,0
5455,control,mobile,11,0
6886,control,desktop,4,0
20107,treatment,desktop,11,0
15199,treatment,mobile,9,0
23182,treatment,mobile,14,0
19713,treatment,mobile,8,1
12168,treatment,mobile,7,0
12589,treatment,desktop,6,0
20340,treatment,mobile,13,0
5647,control,mobile,14,0
5870,control,mobile,5,0
6822,control,mobile,10,0
8948,control,mobile,6,0
4322,control,mobile,4,0
16185,treatment,mobile,6,0
13521,treatment,mobile,3,0
13208,treatment,mobile,11,1
5743,control,desktop,5,0
3703,control,mobile,9,0
17462,treatment,mobile,3,0
15372,treatment,desktop,6,0
7349,control,mobile,8,0
7071,control,mobile,9,0
7836,control,mobile,12,0
13636,treatment,desktop,13,0
7144,control,mobile,10,0
13921,treatment,mobile,13,0
5640,control,mobile,5,0
14085,treatment,mobile,3,0
11482,control,mobile,14,0
7656,control,desktop,11,0
12381,treatment,mobile,8,0
23000,treatment,mobile,6,0
13893,treatment,desktop,2,0
14671,treatment,desktop,2,0
2086,control,desktop,3,0
2503,control,desktop,7,0
6721,control,mobile,6,0
7523,control,mobile,8,0
22427,treatment,mobile,1,0
1942,control,mobile,12,0
23389,treatment,mobile,9,0
22451,treatment,mobile,11,0
10396,control,mobile,9,0
14795,treatment,mobile,11,0
17748,treatment,mobile,1,1
1692,control,desktop,10,0
9777,control,desktop,10,0
14335,treatment,desktop,10,0
2479,control,desktop,7,0
18095,treatment,mobile,9,0
17060,treatment,desktop,9,0
18719,treatment,desktop,4,0
19663,treatment,mobile,2,0
18832,treatment,desktop,8,0
11248,control,mobile,3,0
10953,control,desktop,2,0
2742,control,desktop,5,0
3521,control,mobile,8,0
3115,control,mobile,11,0
9627,control,mobile,13,0
3180,control,mobile,12,0
19716,treatment,mobile,13,0
11132,control,desktop,12,0
15874,treatment,desktop,4,0
11077,control,mobile,5,0
12674,treatment,mobile,9,0
17240,treatment,desktop,9,0
8650,control,mobile,11,0
15798,treatment,mobile,10,0
9654,control,mobile,4,0
1139,control,desktop,1,0
473,control,mobile,6,1
23992,treatment,desktop,12,0
13833,treatment,desktop,9,1
3732,control,mobile,4,0
12767,treatment,mobile,3,0
5730,control,mobile,14,0
16378,treatment,mobile,4,0
16305,treatment,mobile,14,0
2232,control,mobile,7,0
6275,control,mobile,6,1
14248,treatment,mobile,9,0
11263,control,mobile,11,0
14777,treatment,mobile,7,0
9743,control,mobile,11,0
23909,treatment,desktop,12,0
6989,control,mobile,8,0
18193,treatment,mobile,4,0
2261,control,mobile,7,0
18357,treatment,mobile,1,0
2455,control,desktop,11,0
23628,treatment,desktop,8,0
15662,treatment,mobile,8,0
946,control,desktop,9,0
20580,treatment,mobile,9,0
21110,treatment,mobile,9,0
5524,control,desktop,10,0
3554,control,mobile,13,0
14722,treatment,desktop,4,0
15645,treatment,desktop,9,0
10416,control,mobile,7,0
18693,treatment,mobile,7,0
13243,treatment,mobile,7,0
13363,treatment,mobile,8,0
5693,control,desktop,7,1
1673,control,desktop,5,0
11247,control,mobile,12,0
938,control,desktop,14,0
5257,control,mobile,6,0
13297,treatment,mobile,8,0
6786,control,desktop,5,0
17947,treatment,mobile,12,0
2902,control,desktop,11,0
6337,control,desktop,7,0
16773,treatment,desktop,4,0
19764,treatment,desktop,12,0
11806,control,mobile,2,0
1167,control,mobile,12,0
9115,control,desktop,11,0
383,control,mobile,10,0
16567,treatment,mobile,2,0
19393,treatment,desktop,13,0
2514,control,mobile,12,0
309,control,desktop,8,0
18469,treatment,desktop,2,0
14053,treatment,desktop,9,0
20321,treatment,mobile,7,0
20996,treatment,mobile,14,0
7219,control,desktop,7,0
14618,treatment,mobile,6,0
20337,treatment,mobile,2,0
15696,treatment,desktop,4,0
23368,treatment,desktop,14,0
11945,control,mobile,11,0
4066,control,mobile,3,0
6921,control,mobile,9,0
16012,treatment,desktop,9,0
14275,treatment,desktop,7,0
1452,control,mobile,12,0
19640,treatment,mobile,11,1
14216,treatment,mobile,10,0
17949,treatment,mobile,9,0
7534,control,desktop,6,0
5628,control,mobile,8,0
19502,treatment,mobile,7,0
1621,control,mobile,14,0
20785,treatment,mobile,2,0
769,control,mobile,3,0
20104,treatment,mobile,9,0
15970,treatment,mobile,8,0
23422,treatment,mobile,11,0
15063,treatment,desktop,7,0
13089,treatment,mobile,12,0
7474,control,mobile,6,0
11140,control,desktop,9,0
10232,control,desktop,5,0
1705,control,mobile,1,0
23924,treatment,mobile,3,0
8207,control,desktop,2,0
22041,treatment,mobile,12,1
5018,control,mobile,5,1
2295,control,mobile,12,0
17152,treatment,desktop,12,0
2480,control,mobile,8,0
16441,treatment,desktop,8,0
11882,control,desktop,5,0
11007,control,mobile,8,0
7472,control,desktop,7,0
3877,control,mobile,2,0
21203,treatment,mobile,7,0
4378,control,mobile,5,0
9312,control,mobile,8,0
7416,control,desktop,2,0
21031,treatment,mobile,12,0
12979,treatment,mobile,5,0
14869,treatment,mobile,11,0
13164,treatment,mobile,7,0
10075,control,mobile,5,0
437,control,desktop,13,0
16003,treatment,mobile,1,0
3253,control,desktop,12,0
4635,control,desktop,5,0
10843,control,mobile,12,0
22039,treatment,desktop,7,0
6796,control,desktop,9,0
2686,control,desktop,1,1
3238,control,desktop,5,0
7845,control,desktop,14,0
9194,control,mobile,14,0
17988,treatment,desktop,9,0
6935,control,mobile,9,0
11170,control,desktop,1,0
23215,treatment,desktop,1,0
15254,treatment,mobile,8,0
23397,treatment,desktop,7,0
18988,treatment,mobile,14,0
7341,control,desktop,9,0
10436,control,desktop,3,0
14836,treatment,desktop,11,0
5406,control,mobile,7,0
348,control,desktop,9,0
9980,control,desktop,3,0
7495,control,desktop,3,0
17185,treatment,mobile,13,0
23201,treatment,mobile,6,0
23136,treatment,mobile,11,0
4405,control,mobile,2,0
11784,control,mobile,13,0
17954,treatment,mobile,14,0
12324,treatment,desktop,6,1
14059,treatment,mobile,1,0
1387,control,mobile,7,0
10252,control,mobile,9,0
16731,treatment,mobile,12,0
1795,control,mobile,1,0
5092,control,desktop,2,0
7358,control,mobile,11,1
23642,treatment,desktop,11,0
23727,treatment,desktop,5,0
3254,control,mobile,14,0
20584,treatment,mobile,6,0
10859,control,desktop,9,0
17307,treatment,mobile,2,0
14498,treatment,mobile,13,0
10984,control,desktop,9,0
19651,treatment,desktop,10,1
3766,control,mobile,2,0
484,control,desktop,5,0
9859,control,mobile,12,0
20955,treatment,mobile,13,0
5943,control,mobile,12,0
3380,control,mobile,7,0
23198,treatment,desktop,2,0
20396,treatment,mobile,7,0
9551,control,desktop,3,0
8897,control,desktop,6,0
16805,treatment,mobile,13,0
645,control,mobile,14,0
13647,treatment,mobile,11,0
8785,control,mobile,8,0
11516,control,desktop,10,0
7087,control,desktop,9,0
8514,control,desktop,11,0
557,control,mobile,4,0
22553,treatment,desktop,9,0
43,control,desktop,8,0
3843,control,mobile,2,0
3469,control,desktop,5,0
16699,treatment,mobile,3,0
3396,control,desktop,5,0
3308,control,desktop,2,0
3071,control,mobile,12,0
7466,control,desktop,9,0
3826,control,desktop,11,0
8145,control,mobile,3,0
2031,control,desktop,6,0
17347,treatment,mobile,7,0
22834,treatment,desktop,6,0
367,control,mobile,11,0
23867,treatment,desktop,3,0
17380,treatment,desktop,11,0
21744,treatment,desktop,4,1
20440,treatment,mobile,14,0
13514,treatment,mobile,5,0
17881,treatment,desktop,4,0
3149,control,desktop,3,0
804,control,mobile,4,0
13190,treatment,desktop,4,0
21311,treatment,desktop,2,0
15581,treatment,mobile,12,0
22074,treatment,mobile,7,0
5386,control,desktop,9,0
14090,treatment,desktop,2,0
22558,treatment,mobile,2,0
11686,control,mobile,11,0
7762,control,desktop,3,0
16635,treatment,desktop,10,0
15447,treatment,desktop,2,0
13428,treatment,mobile,7,0
7379,control,mobile,5,1
7741,control,mobile,6,0
4981,control,desktop,3,0
20112,treatment,desktop,13,0
12256,treatment,desktop,8,0
17452,treatment,desktop,4,0
23660,treatment,mobile,4,0
16349,treatment,mobile,7,0
8729,control,mobile,12,0
6126,control,desktop,11,0
22058,treatment,desktop,5,0
898,control,mobile,12,0
3645,control,mobile,4,1
13324,treatment,desktop,5,0
7866,control,desktop,4,0
14544,treatment,mobile,8,0
12527,treatment,mobile,13,0
23709,treatment,desktop,10,1
18627,treatment,desktop,12,0
6090,control,mobile,9,0
19323,treatment,mobile,5,0
22279,treatment,mobile,2,0
13399,treatment,mobile,13,0
16230,treatment,mobile,5,0
1178,control,mobile,6,0
9776,control,desktop,9,0
16376,treatment,mobile,11,0
20061,treatment,desktop,11,0
22505,treatment,mobile,5,0
7470,control,mobile,7,0
22295,treatment,mobile,13,0
13821,treatment,mobile,10,0
16460,treatment,desktop,5,0
5933,control,desktop,3,0
10682,control,mobile,13,0
7281,control,mobile,14,0
4048,control,desktop,6,0
13604,treatment,mobile,1,0
4765,control,mobile,3,1
4675,control,desktop,14,0
17665,treatment,mobile,13,0
11550,control,desktop,12,0
18718,treatment,mobile,10,0
22535,treatment,desktop,14,0
22613,treatment,desktop,13,0
5512,control,desktop,7,0
21496,treatment,mobile,7,0
20749,treatment,mobile,6,0
16885,treatment,mobile,5,0
14029,treatment,desktop,9,0
9303,control,mobile,3,0
13690,treatment,mobile,8,0
17680,treatment,mobile,9,0
486,control,desktop,5,0
23144,treatment,mobile,4,0
7636,control,mobile,6,0
1022,control,mobile,4,0
2517,control,desktop,2,0
1316,control,desktop,8,0
15394,treatment,desktop,9,0
18252,treatment,mobile,11,0
7080,control,desktop,2,1
23551,treatment,mobile,13,0
12741,treatment,mobile,14,1
1851,control,mobile,2,0
18457,treatment,desktop,4,0
17742,treatment,mobile,4,0
21099,treatment,mobile,5,0
13689,treatment,mobile,3,0
5428,control,desktop,10,0
19026,treatment,desktop,13,0
14583,treatment,mobile,11,0
11367,control,mobile,10,0
2558,control,mobile,8,0
13231,treatment,mobile,3,0
20377,treatment,desktop,12,0
9533,control,mobile,3,0
13092,treatment,mobile,10,0
15455,treatment,mobile,12,0
9214,control,mobile,13,0
8975,control,desktop,1,0
9901,control,desktop,5,0
13497,treatment,mobile,12,0
23668,treatment,mobile,9,0
10686,control,desktop,10,0
5549,control,mobile,5,0
11186,control,desktop,5,0
23177,treatment,mobile,4,0
7843,control,mobile,4,0
20012,treatment,mobile,12,0
11220,control,mobile,9,0
1244,control,mobile,9,0
19809,treatment,desktop,13,0
873,control,desktop,4,0
1437,control,mobile,9,0
20081,treatment,desktop,2,1
13136,treatment,desktop,4,0
11812,control,desktop,8,0
14176,treatment,desktop,7,0
3556,control,mobile,3,0
19461,treatment,desktop,4,0
16853,treatment,desktop,12,1
22762,treatment,mobile,9,0
18824,treatment,mobile,12,0
2299,control,mobile,14,0
21427,treatment,mobile,2,0
18580,treatment,mobile,10,0
5606,control,mobile,6,0
12200,treatment,mobile,12,0
7271,control,mobile,7,0
15365,treatment,desktop,6,0
14206,treatment,mobile,11,1
12239,treatment,mobile,13,0
23184,treatment,mobile,8,0
15463,treatment,mobile,8,0
20798,treatment,mobile,12,1
2168,control,mobile,12,0
9799,control,mobile,5,0
13587,treatment,desktop,9,0
5027,control,mobile,6,0
11168,control,desktop,1,0
21589,treatment,desktop,11,0
4392,control,desktop,10,0
2326,control,desktop,12,0
10025,control,desktop,7,0
12413,treatment,desktop,3,0
7462,control,mobile,1,0
8189,control,desktop,3,0
20944,treatment,mobile,14,0
3627,control,desktop,14,0
17371,treatment,mobile,9,0
13720,treatment,mobile,9,0
8672,control,mobile,12,1
21166,treatment,desktop,6,1
2827,control,mobile,8,0
1720,control,desktop,7,0
16254,treatment,mobile,11,0
17209,treatment,desktop,5,0
2166,control,mobile,6,0
18309,treatment,desktop,9,0
6827,control,mobile,8,0
17306,treatment,desktop,3,0
15917,treatment,desktop,9,0
5443,control,desktop,9,0
4702,control,mobile,6,0
18172,treatment,mobile,9,0
8741,control,desktop,11,0
1627,control,mobile,2,0
18855,treatment,desktop,2,0
1824,control,mobile,4,0
18599,treatment,mobile,3,0
8849,control,mobile,13,0
22766,treatment,mobile,9,0
12188,treatment,mobile,5,0
20990,treatment,desktop,4,0
18209,treatment,mobile,8,0
20248,treatment,mobile,7,0
19927,treatment,mobile,1,0
16714,treatment,mobile,1,0
18636,treatment,mobile,3,0
14938,treatment,desktop,1,0
6033,control,mobile,12,0
7481,control,desktop,10,0
3171,control,desktop,13,0
14224,treatment,mobile,14,0
17230,treatment,mobile,5,0
1600,control,mobile,12,0
18763,treatment,mobile,1,0
6485,control,desktop,1,0
20269,treatment,mobile,3,0
7376,control,mobile,6,0
8242,control,desktop,14,0
23841,treatment,mobile,14,0
9240,control,mobile,5,0
4230,control,mobile,11,0
11316,control,mobile,3,0
13014,treatment,desktop,7,0
15739,treatment,desktop,4,0
716,control,mobile,3,0
23362,treatment,desktop,4,0
20502,treatment,mobile,11,0
23858,treatment,mobile,6,0
5350,control,desktop,10,0
15670,treatment,desktop,1,0
13193,treatment,desktop,7,0
16070,treatment,mobile,7,0
9251,control,desktop,13,0
11713,control,desktop,11,0
14517,treatment,desktop,8,0
594,control,desktop,4,0
16833,treatment,mobile,5,0
21674,treatment,mobile,5,0
4801,control,mobile,2,0
17798,treatment,mobile,1,1
627,control,mobile,6,0
2317,control,desktop,11,0
8985,control,desktop,8,0
4641,control,mobile,1,0
22796,treatment,mobile,1,0
19359,treatment,mobile,10,0
20381,treatment,mobile,13,0
18277,treatment,mobile,10,0
14013,treatment,desktop,11,0
17248,treatment,mobile,6,0
7035,control,desktop,11,0
19925,treatment,mobile,10,0
4399,control,mobile,10,0
11565,control,mobile,5,0
7382,control,desktop,10,0
23600,treatment,mobile,10,0
1752,control,desktop,1,0
6800,control,mobile,14,0
20245,treatment,mobile,3,0
9327,control,desktop,1,1
22450,treatment,mobile,14,0
597,control,mobile,10,0
5779,control,mobile,1,0
4586,control,mobile,3,0
13386,treatment,desktop,10,0
4825,control,mobile,6,1
11315,control,desktop,12,0
2104,control,mobile,9,0
17966,treatment,mobile,12,1
11843,control,desktop,1,0
3850,control,mobile,6,0
10319,control,desktop,7,0
15686,treatment,mobile,10,1
4035,control,mobile,14,0
1487,control,desktop,14,0
1728,control,desktop,11,1
15819,treatment,desktop,7,0
10796,control,mobile,13,0
21479,treatment,mobile,11,0
9080,control,mobile,10,0
1461,control,desktop,4,0
19566,treatment,mobile,6,0
22021,treatment,desktop,6,0
23364,treatment,mobile,14,1
20026,treatment,mobile,3,0
20272,treatment,desktop,12,0
117,control,mobile,5,0
3782,control,mobile,1,0
13133,treatment,mobile,13,0
22289,treatment,mobile,13,0
3044,control,desktop,8,0
4988,control,desktop,4,0
11010,control,mobile,8,0
23654,treatment,desktop,9,0
1969,control,desktop,10,0
20141,treatment,mobile,5,0
10448,control,mobile,1,0
3449,control,mobile,2,0
23464,treatment,desktop,3,0
1980,control,desktop,7,0
15948,treatment,desktop,2,0
20945,treatment,desktop,9,0
3566,control,mobile,7,0
10181,control,desktop,8,0
17854,treatment,mobile,6,0
11101,control,mobile,8,0
5669,control,mobile,4,0
13081,treatment,desktop,6,0
11803,control,desktop,10,0
13151,treatment,desktop,1,0
7687,control,desktop,1,0
5709,control,mobile,5,0
2000,control,desktop,10,0
23495,treatment,mobile,8,0
1978,control,desktop,5,0
1256,control,desktop,7,0
15411,treatment,mobile,9,0
957,control,mobile,14,0
21050,treatment,mobile,13,0
5331,control,desktop,12,0
18280,treatment,desktop,2,0
9372,control,mobile,5,0
566,control,mobile,13,0
18006,treatment,desktop,4,0
23626,treatment,mobile,13,0
14345,treatment,desktop,7,0
23431,treatment,desktop,11,0
7797,control,desktop,6,0
4563,control,desktop,1,0
15206,treatment,desktop,3,0
2454,control,desktop,9,0
8014,control,mobile,8,0
23321,treatment,desktop,3,1
10399,control,mobile,4,0
8050,control,desktop,1,0
7598,control,mobile,4,0
18029,treatment,mobile,3,1
11120,control,mobile,13,0
9712,control,mobile,9,0
23036,treatment,mobile,12,0
23163,treatment,mobile,2,0
23934,treatment,mobile,6,0
9090,control,desktop,4,0
15019,treatment,desktop,10,0
18251,treatment,desktop,13,0
20385,treatment,mobile,5,0
17092,treatment,mobile,7,0
20447,treatment,mobile,4,0
19408,treatment,desktop,13,0
15375,treatment,desktop,9,0
7536,control,desktop,3,0
13679,treatment,mobile,10,0
16408,treatment,mobile,9,0
4547,control,desktop,8,0
11413,control,desktop,13,0
11799,control,mobile,8,0
1113,control,desktop,11,0
9570,control,desktop,7,0
11221,control,mobile,14,0
17714,treatment,mobile,7,0
2059,control,desktop,13,0
3005,control,desktop,9,0
19421,treatment,mobile,9,0
18559,treatment,mobile,12,0
17118,treatment,mobile,12,0
17033,treatment,mobile,5,0
23950,treatment,mobile,9,0
11005,control,desktop,6,0
13152,treatment,mobile,3,0
11042,control,mobile,2,0
19624,treatment,desktop,11,0
945,control,desktop,4,0
17283,treatment,mobile,3,0
5030,control,desktop,10,0
1675,control,mobile,10,0
16503,treatment,mobile,4,0
23133,treatment,mobile,10,0
10009,control,desktop,13,0
12728,treatment,desktop,1,0
12606,treatment,mobile,8,0
3599,control,mobile,14,0
14551,treatment,mobile,1,0
15382,treatment,mobile,11,0
10349,control,mobile,3,0
18109,treatment,desktop,14,0
22976,treatment,desktop,5,1
13226,treatment,mobile,11,1
1363,control,desktop,11,0
18239,treatment,mobile,12,0
11362,control,mobile,9,1
18400,treatment,mobile,10,0
12273,treatment,desktop,14,0
13997,treatment,desktop,7,0
17496,treatment,mobile,6,0
23340,treatment,mobile,8,0
2467,control,desktop,13,0
7235,control,mobile,8,0
5766,control,mobile,10,0
8238,control,mobile,8,0
19353,treatment,mobile,11,0
11953,control,mobile,4,0
14664,treatment,desktop,2,0
4583,control,desktop,8,0
7560,control,desktop,14,0
19669,treatment,mobile,12,0
14392,treatment,desktop,2,0
20148,treatment,desktop,13,0
20520,treatment,mobile,5,0
684,control,desktop,2,0
22671,treatment,mobile,12,0
692,control,desktop,2,0
20273,treatment,mobile,7,0
3863,control,mobile,14,0
14396,treatment,mobile,10,0
23437,treatment,desktop,11,0
14953,treatment,mobile,12,0
13021,treatment,desktop,3,0
17229,treatment,mobile,11,0
21303,treatment,mobile,8,0
21843,treatment,desktop,10,0
954,control,desktop,12,0
590,control,mobile,11,0
7547,control,desktop,11,0
20472,treatment,mobile,13,0
7112,control,desktop,8,0
7047,control,desktop,12,0
19598,treatment,mobile,12,0
3958,control,mobile,9,0
10776,control,mobile,8,0
1916,control,desktop,11,0
3309,control,desktop,6,0
19668,treatment,desktop,8,0
19147,treatment,mobile,10,0
17616,treatment,mobile,6,0
13194,treatment,desktop,5,0
708,control,mobile,13,0
17578,treatment,mobile,10,0
16092,treatment,desktop,13,0
17055,treatment,mobile,14,0
5294,control,mobile,9,0
15703,treatment,desktop,9,0
19977,treatment,desktop,10,0
12103,treatment,mobile,11,0
12620,treatment,mobile,5,0
5217,control,desktop,6,0
15562,treatment,desktop,13,0
19256,treatment,desktop,6,0
18298,treatment,desktop,14,1
18706,treatment,mobile,7,1
14341,treatment,mobile,10,1
18660,treatment,mobile,12,0
16079,treatment,mobile,4,1
16399,treatment,mobile,9,0
17461,treatment,desktop,10,0
20615,treatment,mobile,5,0
1298,control,mobile,8,0
1170,control,desktop,11,0
17946,treatment,desktop,14,0
17542,treatment,desktop,5,0
8197,control,desktop,1,0
7661,control,desktop,5,0
9601,control,mobile,9,0
10641,control,mobile,6,0
7632,control,mobile,5,0
21009,treatment,desktop,9,0
15270,treatment,desktop,11,0
10164,control,mobile,13,0
15477,treatment,desktop,1,1
18200,treatment,desktop,10,0
7529,control,desktop,1,0
11455,control,desktop,1,0
5055,control,mobile,3,0
13088,treatment,desktop,9,0
14513,treatment,desktop,11,0
9910,control,desktop,2,0
13029,treatment,mobile,4,0
9076,control,mobile,7,0
6508,control,mobile,14,0
5063,control,mobile,10,0
8363,control,mobile,8,0
22832,treatment,mobile,6,0
15641,treatment,mobile,8,0
4474,control,mobile,8,0
4808,control,desktop,2,0
19096,treatment,mobile,3,0
21282,treatment,desktop,2,0
7340,control,desktop,7,0
4453,control,desktop,9,0
13349,treatment,mobile,3,0
17792,treatment,desktop,1,0
21984,treatment,desktop,7,0
15868,treatment,desktop,6,0
23211,treatment,mobile,10,0
12306,treatment,desktop,14,0
22577,treatment,desktop,3,0
15347,treatment,mobile,4,0
9989,control,mobile,11,0
18566,treatment,mobile,9,0
2813,control,desktop,12,0
4131,control,mobile,8,0
17416,treatment,mobile,5,0
2360,control,mobile,12,0
4034,control,desktop,8,0
22300,treatment,mobile,10,0
7891,control,mobile,12,0
3963,control,mobile,4,1
14987,treatment,mobile,11,0
10375,control,mobile,4,0
22216,treatment,mobile,14,0
21484,treatment,mobile,3,0
1876,control,mobile,4,0
7443,control,mobile,1,0
654,control,desktop,5,0
8336,control,mobile,5,0
23400,treatment,mobile,6,0
7326,control,desktop,5,0
8684,control,mobile,14,0
19781,treatment,desktop,1,0
935,control,mobile,5,0
8508,control,desktop,11,0
20142,treatment,desktop,9,0
10851,control,mobile,5,0
19551,treatment,mobile,13,0
16065,treatment,mobile,3,0
15135,treatment,desktop,2,0
23313,treatment,mobile,3,1
23403,treatment,mobile,2,0
17838,treatment,mobile,7,0
9207,control,mobile,4,0
7480,control,mobile,13,0
8522,control,mobile,14,0
19210,treatment,mobile,11,0
13579,treatment,mobile,10,0
24,control,desktop,6,0
2838,control,desktop,9,0
10624,control,desktop,1,0
20646,treatment,mobile,8,0
6636,control,desktop,13,0
2752,control,mobile,7,0
14055,treatment,mobile,2,0
17458,treatment,mobile,14,0
7734,control,desktop,12,0
11334,control,mobile,2,0
6970,control,mobile,6,0
10163,control,mobile,14,1
14001,treatment,mobile,4,0
17300,treatment,mobile,4,0
16536,treatment,mobile,4,1
15704,treatment,mobile,3,0
9016,control,mobile,3,0
5196,control,desktop,12,0
172,control,desktop,2,0
18196,treatment,mobile,1,0
19933,treatment,mobile,3,0
15298,treatment,mobile,6,0
23662,treatment,desktop,2,0
14398,treatment,mobile,1,0
14282,treatment,desktop,7,0
23995,treatment,desktop,13,0
13036,treatment,mobile,14,0
15553,treatment,mobile,2,0
19057,treatment,mobile,12,0
291,control,mobile,7,0
579,control,mobile,2,0
5801,control,mobile,5,0
3915,control,mobile,10,0
19042,treatment,desktop,6,0
12063,treatment,desktop,13,0
11057,control,mobile,12,0
8097,control,desktop,2,0
11989,control,mobile,6,0
4218,control,desktop,4,0
12333,treatment,desktop,1,0
21425,treatment,mobile,7,0
10323,control,desktop,4,0
4084,control,mobile,9,0
17446,treatment,desktop,11,0
13354,treatment,mobile,1,0
6680,control,desktop,2,0
21724,treatment,mobile,11,0
15988,treatment,desktop,2,0
9927,control,mobile,9,0
7317,control,mobile,10,0
21223,treatment,mobile,8,1
12393,treatment,mobile,7,0
15424,treatment,mobile,2,0
17549,treatment,mobile,5,0
23780,treatment,desktop,5,0
1360,control,mobile,9,0
23994,treatment,mobile,12,0
4486,control,desktop,3,0
15376,treatment,mobile,8,0
14762,treatment,desktop,3,0
9180,control,desktop,4,0
22521,treatment,mobile,4,0
12661,treatment,desktop,3,0
22448,treatment,desktop,3,0
13692,treatment,mobile,6,0
22463,treatment,mobile,13,1
84,control,desktop,14,0
8301,control,mobile,5,0
2657,control,mobile,3,0
6567,control,mobile,10,0
22036,treatment,mobile,1,0
2574,control,mobile,6,0
12102,treatment,mobile,2,0
15104,treatment,desktop,2,0
11377,control,desktop,12,0
14143,treatment,desktop,4,1
9978,control,desktop,5,0
8666,control,mobile,11,0
3981,control,mobile,6,0
17100,treatment,desktop,4,0
3026,control,mobile,13,0
17440,treatment,desktop,10,0
2423,control,desktop,5,0
18754,treatment,desktop,10,1
19906,treatment,mobile,6,0
16657,treatment,mobile,6,0
13557,treatment,mobile,8,0
5929,control,desktop,10,0
23145,treatment,mobile,7,0
8263,control,desktop,10,0
8034,control,mobile,3,1
2066,control,desktop,12,0
18678,treatment,desktop,11,0
12815,treatment,mobile,12,0
11411,control,mobile,1,0
11472,control,desktop,2,0
13200,treatment,mobile,2,0
16483,treatment,desktop,10,0
23769,treatment,mobile,6,0
10846,control,desktop,14,0
8977,control,desktop,12,0
20025,treatment,mobile,14,0
20018,treatment,mobile,11,0
14427,treatment,mobile,2,0
4996,control,mobile,10,0
6496,control,mobile,4,0
19752,treatment,desktop,12,0
15787,treatment,mobile,14,0
14188,treatment,mobile,6,0
2917,control,mobile,13,0
17206,treatment,mobile,9,0
854,control,desktop,3,1
9342,control,mobile,5,0
22424,treatment,desktop,13,0
15373,treatment,desktop,8,0
14580,treatment,mobile,13,0
21805,treatment,mobile,2,0
13195,treatment,mobile,12,0
1884,control,desktop,5,0
8359,control,desktop,10,0
18145,treatment,mobile,8,0
8089,control,mobile,6,0
22381,treatment,desktop,2,0
16267,treatment,desktop,2,0
2901,control,mobile,6,0
13326,treatment,mobile,9,0
18066,treatment,desktop,8,0
2414,control,desktop,8,0
5249,control,mobile,11,0
1443,control,mobile,14,0
1856,control,desktop,6,0
11265,control,desktop,10,0
4003,control,mobile,12,0
9607,control,mobile,1,0
20565,treatment,desktop,14,0
10741,control,mobile,3,0
9460,control,mobile,4,0
13077,treatment,desktop,5,0
5649,control,mobile,11,0
14881,treatment,mobile,10,0
11850,control,desktop,7,0
12477,treatment,mobile,9,0
10606,control,mobile,7,0
21112,treatment,mobile,14,0
11130,control,desktop,9,0
17315,treatment,mobile,3,0
4031,control,mobile,3,0
5240,control,mobile,12,0
8473,control,desktop,2,0
5502,control,mobile,5,0
13681,treatment,mobile,6,0
18493,treatment,mobile,2,0
7538,control,mobile,7,0
20946,treatment,mobile,3,0
1102,control,mobile,14,0
22848,treatment,desktop,8,0
13728,treatment,mobile,14,0
22956,treatment,mobile,14,0
3794,control,desktop,8,0
13059,treatment,mobile,1,0
14449,treatment,mobile,11,0
6136,control,desktop,9,0
19802,treatment,desktop,1,0
12691,treatment,desktop,12,0
3672,control,mobile,2,0
4044,control,desktop,7,0
15790,treatment,desktop,2,0
22009,treatment,desktop,10,0
1037,control,mobile,9,0
20094,treatment,mobile,3,0
13780,treatment,desktop,8,0
20908,treatment,mobile,11,0
21299,treatment,mobile,13,0
1892,control,mobile,4,0
23384,treatment,mobile,3,0
15218,treatment,mobile,3,1
13915,treatment,mobile,4,0
14786,treatment,mobile,3,0
19287,treatment,desktop,14,0
19192,treatment,desktop,8,0
16856,treatment,desktop,8,0
22721,treatment,mobile,1,0
23266,treatment,mobile,5,0
4404,control,mobile,9,0
11700,control,desktop,2,1
14600,treatment,desktop,5,0
19596,treatment,desktop,7,0
1762,control,desktop,12,0
19046,treatment,mobile,7,0
14526,treatment,desktop,8,0
22174,treatment,mobile,4,0
8410,control,desktop,11,0
3573,control,mobile,8,0
9019,control,mobile,7,0
813,control,mobile,8,0
10554,control,desktop,4,0
17878,treatment,desktop,11,0
9300,control,mobile,4,0
2207,control,desktop,2,0
10715,control,mobile,6,0
10978,control,mobile,11,0
4958,control,mobile,8,0
18610,treatment,desktop,4,0
12309,treatment,desktop,10,0
1541,control,mobile,13,0
16402,treatment,mobile,5,0
9105,control,desktop,1,0
19893,treatment,desktop,14,0
14652,treatment,mobile,5,0
3282,control,mobile,6,0
9853,control,mobile,11,0
19760,treatment,desktop,11,0
18190,treatment,mobile,5,0
2643,control,mobile,1,0
23542,treatment,mobile,4,0
270,control,mobile,8,0
18669,treatment,desktop,12,0
16691,treatment,mobile,11,0
3027,control,desktop,14,0
17640,treatment,mobile,5,1
22032,treatment,desktop,13,0
21649,treatment,desktop,13,0
15310,treatment,mobile,1,0
17276,treatment,mobile,8,0
19215,treatment,mobile,3,0
3166,control,desktop,7,1
14515,treatment,desktop,12,0
4395,control,desktop,13,0
16532,treatment,mobile,7,0
8659,control,desktop,2,0
11258,control,mobile,3,0
9188,control,mobile,7,0
13173,treatment,mobile,9,0
8697,control,desktop,2,0
8615,control,mobile,14,0
17828,treatment,desktop,2,0
22638,treatment,mobile,6,0
17903,treatment,desktop,1,0
13390,treatment,mobile,9,0
5984,control,mobile,11,0
13771,treatment,mobile,14,0
22351,treatment,desktop,5,0
5206,control,mobile,2,0
20670,treatment,mobile,2,0
2958,control,desktop,1,0
14709,treatment,mobile,6,0
12352,treatment,mobile,7,0
22704,treatment,desktop,8,0
16569,treatment,mobile,5,0
5320,control,mobile,12,0
12308,treatment,mobile,7,0
20679,treatment,mobile,8,0
19823,treatment,mobile,5,0
8867,control,mobile,5,0
6539,control,desktop,2,0
7185,control,desktop,10,0
17848,treatment,mobile,1,1
7444,control,mobile,14,0
17490,treatment,mobile,6,0
7212,control,mobile,7,0
18249,treatment,mobile,4,0
16977,treatment,mobile,14,0
14222,treatment,desktop,6,0
20625,treatment,mobile,10,0
12080,treatment,mobile,9,0
14508,treatment,mobile,5,0
22819,treatment,desktop,1,0
4420,control,mobile,10,0
16362,treatment,mobile,14,0
10417,control,mobile,13,1
1672,control,mobile,7,0
14779,treatment,mobile,4,0
20062,treatment,desktop,4,0
11909,control,mobile,13,0
3699,control,mobile,3,0
10889,control,desktop,5,0
8883,control,mobile,7,0
1137,control,mobile,13,1
20335,treatment,mobile,12,1
21982,treatment,mobile,13,0
5241,control,mobile,14,0
17984,treatment,mobile,12,0
8198,control,mobile,6,0
6763,control,mobile,10,0
6692,control,mobile,3,0
7391,control,mobile,8,0
18655,treatment,mobile,14,0
1338,control,desktop,5,0
9557,control,desktop,14,0
7248,control,mobile,12,0
843,control,mobile,4,0
573,control,mobile,12,0
17974,treatment,mobile,5,0
16208,treatment,mobile,4,0
9945,control,desktop,3,0
10943,control,mobile,12,0
17641,treatment,mobile,14,1
12313,treatment,mobile,4,0
16414,treatment,desktop,11,0
20683,treatment,mobile,2,0
901,control,desktop,6,0
7427,control,mobile,12,0
16338,treatment,mobile,9,0
4396,control,mobile,2,0
12610,treatment,mobile,6,0
380,control,desktop,12,0
22677,treatment,desktop,4,0
4693,control,mobile,1,0
19474,treatment,desktop,6,0
13285,treatment,mobile,10,1
16954,treatment,mobile,5,0
6221,control,mobile,11,0
7051,control,mobile,1,0
4306,control,desktop,12,0
611,control,mobile,6,0
8441,control,mobile,2,0
18777,treatment,mobile,14,0
599,control,mobile,13,0
801,control,mobile,8,0
8184,control,desktop,10,1
23981,treatment,mobile,4,0
4844,control,mobile,1,0
4059,control,mobile,3,0
20161,treatment,mobile,8,0
5570,control,mobile,9,0
7816,control,mobile,5,0
2177,control,desktop,13,0
16010,treatment,desktop,1,0
10254,control,mobile,8,0
6675,control,mobile,2,0
7099,control,desktop,1,0
6959,control,mobile,6,0
23713,treatment,mobile,11,0
18500,treatment,mobile,6,0
22729,treatment,desktop,7,0
12603,treatment,desktop,10,0
11574,control,mobile,5,0
16090,treatment,mobile,4,0
21114,treatment,mobile,2,0
16001,treatment,mobile,9,0
12802,treatment,mobile,5,0
6175,control,desktop,10,0
2881,control,mobile,12,0
6335,control,mobile,7,0
6286,control,desktop,1,0
6819,control,mobile,3,0
3655,control,mobile,3,0
17084,treatment,desktop,3,1
17189,treatment,desktop,2,0
2213,control,mobile,6,0
23048,treatment,desktop,10,0
19010,treatment,mobile,12,0
16742,treatment,desktop,4,0
16158,treatment,desktop,13,0
2787,control,desktop,10,0
1534,control,mobile,14,0
12480,treatment,mobile,3,0
9662,control,mobile,11,0
2520,control,desktop,2,0
1963,control,mobile,3,0
17749,treatment,mobile,4,0
5032,control,mobile,12,0
23701,treatment,mobile,14,0
2394,control,mobile,10,0
9459,control,desktop,6,0
21265,treatment,mobile,4,0
22957,treatment,mobile,12,0
10636,control,mobile,3,0
976,control,desktop,11,0
21446,treatment,desktop,13,0
17705,treatment,desktop,12,0
17154,treatment,desktop,1,0
15068,treatment,mobile,1,0
16076,treatment,desktop,8,0
6677,control,mobile,4,0
15399,treatment,mobile,4,0
19301,treatment,desktop,8,0
289,control,mobile,11,0
3078,control,mobile,12,0
12184,treatment,mobile,11,0
19149,treatment,mobile,5,0
15257,treatment,mobile,13,0
3289,control,mobile,13,0
21891,treatment,desktop,13,0
18305,treatment,mobile,3,0
5722,control,mobile,8,0
12937,treatment,mobile,2,0
23339,treatment,mobile,7,0
10279,control,desktop,6,0
11987,control,mobile,7,0
19193,treatment,desktop,13,0
22913,treatment,mobile,7,0
14079,treatment,desktop,1,0
22963,treatment,mobile,6,0
15849,treatment,mobile,3,0
15614,treatment,mobile,2,0
9254,control,desktop,6,0
6042,control,mobile,6,0
23003,treatment,mobile,3,0
11143,control,desktop,14,1
3910,control,mobile,3,0
15083,treatment,desktop,14,0
22018,treatment,desktop,11,0
2570,control,desktop,13,0
3475,control,desktop,8,0
4544,control,mobile,7,0
8360,control,mobile,8,0
16908,treatment,desktop,2,0
8909,control,desktop,12,0
18424,treatment,mobile,9,0
12034,treatment,mobile,3,0
7681,control,desktop,14,0
11528,control,mobile,4,0
5368,control,desktop,10,0
10808,control,desktop,4,0
10708,control,mobile,10,0
3508,control,mobile,12,0
15401,treatment,mobile,10,0
3788,control,desktop,2,0
11065,control,mobile,8,0
19316,treatment,mobile,8,0
14324,treatment,mobile,5,0
10992,control,mobile,1,0
16434,treatment,desktop,3,0
15744,treatment,mobile,11,0
3832,control,desktop,5,0
10912,control,desktop,14,0
16922,treatment,mobile,5,0
22159,treatment,desktop,2,0
4358,control,desktop,2,0
6059,control,mobile,12,0
14558,treatment,desktop,9,0
17824,treatment,mobile,3,0
14937,treatment,desktop,7,0
21494,treatment,desktop,3,0
11225,control,mobile,2,0
16393,treatment,mobile,14,0
23357,treatment,mobile,10,0
10709,control,desktop,2,0
16183,treatment,mobile,2,0
8788,control,mobile,11,0
22076,treatment,desktop,13,0
450,control,mobile,1,0
16596,treatment,mobile,10,0
20587,treatment,desktop,1,0
18009,treatment,mobile,6,0
6031,control,mobile,10,1
17746,treatment,mobile,11,0
14638,treatment,mobile,7,0
1292,control,mobile,7,0
4906,control,mobile,12,0
9775,control,mobile,3,0
5483,control,mobile,6,0
7629,control,desktop,10,0
16013,treatment,desktop,7,1
6834,control,desktop,8,0
23354,treatment,mobile,13,0
15140,treatment,mobile,12,0
7832,control,desktop,1,0
9969,control,mobile,9,0
6081,control,desktop,2,0
10618,control,mobile,8,0
13401,treatment,mobile,14,0
19613,treatment,desktop,13,0
16674,treatment,mobile,13,0
3417,control,desktop,6,0
16086,treatment,mobile,8,0
21182,treatment,mobile,4,0
1822,control,desktop,14,0
2105,control,mobile,7,0
22985,treatment,desktop,9,0
88,control,mobile,13,0
21156,treatment,desktop,8,0
14934,treatment,mobile,11,0
7401,control,mobile,5,0
4479,control,mobile,10,0
498,control,desktop,1,0
3125,control,mobile,13,0
9920,control,desktop,6,0
10806,control,desktop,6,0
22892,treatment,mobile,7,0
10159,control,mobile,6,0
3743,control,mobile,11,0
20505,treatment,desktop,6,0
18631,treatment,mobile,8,0
2826,control,mobile,4,0
7357,control,mobile,6,0
6501,control,mobile,12,0
9495,control,desktop,8,0
5463,control,mobile,14,0
23006,treatment,mobile,14,0
13656,treatment,mobile,2,0
13639,treatment,desktop,12,0
22847,treatment,desktop,8,0
15647,treatment,mobile,12,0
3200,control,mobile,6,0
13238,treatment,mobile,7,0
23509,treatment,mobile,3,0
12846,treatment,mobile,7,0
5797,control,mobile,9,0
22282,treatment,desktop,11,0
21077,treatment,mobile,6,0
12412,treatment,mobile,13,0
23819,treatment,mobile,7,0
1933,control,desktop,10,0
1120,control,desktop,6,0
799,control,mobile,8,0
14833,treatment,mobile,3,0
964,control,mobile,9,0
17796,treatment,mobile,3,0
11158,control,desktop,12,0
11895,control,mobile,4,0
12765,treatment,desktop,9,0
15965,treatment,desktop,1,0
5304,control,mobile,1,0
22090,treatment,desktop,8,0
3298,control,mobile,11,0
6909,control,desktop,1,0
13675,treatment,desktop,3,0
10283,control,mobile,7,0
21413,treatment,mobile,7,0
2863,control,desktop,5,0
10036,control,mobile,4,0
15439,treatment,mobile,7,0
2938,control,desktop,7,0
22526,treatment,mobile,1,0
634,control,mobile,6,1
4220,control,desktop,1,0
20862,treatment,desktop,2,0
2282,control,mobile,7,0
7006,control,mobile,1,0
19098,treatment,desktop,9,0
1164,control,desktop,8,0
14885,treatment,mobile,11,0
3097,control,desktop,9,0
11579,control,desktop,8,0
12457,treatment,desktop,1,1
14442,treatment,mobile,7,0
18586,treatment,mobile,4,0
17281,treatment,mobile,7,0
6572,control,mobile,13,0
9167,control,mobile,3,0
7150,control,mobile,3,0
3443,control,mobile,2,0
15940,treatment,mobile,4,0
2234,control,mobile,2,0
11179,control,mobile,4,0
15793,treatment,desktop,4,0
4296,control,mobile,4,0
14641,treatment,mobile,2,0
12210,treatment,mobile,6,0
19436,treatment,mobile,2,0
23696,treatment,mobile,8,1
1224,control,mobile,5,0
12880,treatment,desktop,8,0
22277,treatment,mobile,10,0
15594,treatment,desktop,11,0
4178,control,desktop,2,0
12355,treatment,mobile,5,0
1898,control,mobile,2,0
17383,treatment,desktop,14,0
13931,treatment,mobile,1,0
16969,treatment,mobile,4,0
21581,treatment,mobile,5,0
4714,control,mobile,3,0
7760,control,desktop,10,0
2218,control,mobile,10,0
8403,control,mobile,2,0
8122,control,mobile,1,0
23359,treatment,desktop,4,0
13431,treatment,mobile,8,0
12872,treatment,mobile,4,0
6372,control,mobile,6,0
8872,control,desktop,12,0
17372,treatment,mobile,5,0
8694,control,desktop,14,0
3181,control,mobile,8,0
2233,control,mobile,14,0
609,control,mobile,3,1
6063,control,mobile,7,0
21283,treatment,mobile,14,0
7571,control,mobile,6,0
10293,control,mobile,2,0
7506,control,desktop,5,0
5888,control,desktop,13,0
8936,control,mobile,10,0
6095,control,mobile,13,0
21126,treatment,mobile,3,0
18651,treatment,desktop,14,0
6604,control,mobile,14,0
17892,treatment,desktop,13,0
10720,control,mobile,10,0
18025,treatment,mobile,3,0
21152,treatment,mobile,7,0
2591,control,mobile,10,0
14707,treatment,desktop,12,0
9972,control,mobile,5,0
546,control,mobile,7,0
20898,treatment,desktop,9,0
13056,treatment,desktop,3,0
18748,treatment,mobile,9,0
4363,control,mobile,1,0
1424,control,mobile,14,0
22172,treatment,mobile,5,0
13800,treatment,desktop,3,0
8443,control,mobile,3,0
1382,control,desktop,7,0
4744,control,desktop,9,0
19080,treatment,mobile,14,0
15228,treatment,mobile,13,0
4845,control,mobile,2,0
23167,treatment,desktop,14,0
9245,control,mobile,14,0
3099,control,mobile,1,0
4447,control,desktop,5,0
13103,treatment,mobile,6,0
8112,control,mobile,8,0
10985,control,desktop,13,0
23939,treatment,desktop,7,0
2410,control,desktop,3,0
4122,control,mobile,7,1
13366,treatment,desktop,10,0
4272,control,desktop,1,0
7617,control,mobile,4,0
6399,control,desktop,7,0
9559,control,desktop,5,0
318,control,mobile,11,0
17136,treatment,mobile,1,0
13207,treatment,mobile,7,0
16301,treatment,desktop,6,0
21945,treatment,desktop,1,0
23117,treatment,mobile,5,1
17785,treatment,mobile,2,0
22940,treatment,desktop,2,0
17421,treatment,mobile,4,0
16857,treatment,mobile,2,0
7152,control,mobile,2,0
9721,control,desktop,10,1
5827,control,desktop,8,0
20655,treatment,mobile,12,0
6193,control,mobile,14,0
2217,control,desktop,6,0
13498,treatment,desktop,7,0
6017,control,desktop,5,0
23459,treatment,mobile,9,0
14005,treatment,desktop,4,0
18768,treatment,desktop,9,0
23887,treatment,mobile,5,0
11473,control,mobile,7,0
3581,control,mobile,13,0
21030,treatment,desktop,12,0
1994,control,mobile,9,0
1514,control,mobile,10,0
15584,treatment,mobile,14,0
8116,control,mobile,1,0
9320,control,desktop,7,0
824,control,mobile,9,0
6274,control,mobile,6,0
11342,control,desktop,7,0
16140,treatment,desktop,3,0
15846,treatment,desktop,5,0
7231,control,desktop,4,0
6106,control,mobile,11,0
2400,control,mobile,1,0
4496,control,mobile,8,0
12894,treatment,desktop,5,0
2354,control,mobile,12,0
14845,treatment,mobile,5,0
11761,control,mobile,8,0
23854,treatment,desktop,14,0
9404,control,mobile,12,0
3786,control,mobile,9,0
9696,control,desktop,1,0
327,control,mobile,1,0
15648,treatment,desktop,8,0
2717,control,desktop,4,0
10403,control,mobile,2,0
1502,control,mobile,9,0
18221,treatment,mobile,9,0
2296,control,mobile,13,0
22189,treatment,desktop,12,0
11720,control,mobile,6,0
1878,control,desktop,6,0
8665,control,mobile,11,0
9046,control,desktop,11,0
19910,treatment,mobile,1,1
22635,treatment,mobile,11,0
12131,treatment,desktop,5,0
11476,control,mobile,9,0
7958,control,desktop,5,0
2352,control,desktop,5,0
13503,treatment,mobile,1,0
11371,control,mobile,2,0
790,control,mobile,14,0
14135,treatment,mobile,7,0
1843,control,mobile,14,0
10679,control,desktop,5,1
6279,control,desktop,4,0
7415,control,mobile,5,0
19381,treatment,mobile,10,0
10885,control,mobile,14,0
10260,control,mobile,10,0
17021,treatment,mobile,14,0
12876,treatment,mobile,5,0
10429,control,desktop,14,0
18301,treatment,desktop,10,0
13426,treatment,desktop,2,0
2101,control,mobile,12,0
18257,treatment,desktop,8,0
18661,treatment,mobile,7,0
10892,control,desktop,7,0
12781,treatment,mobile,11,0
3728,control,desktop,8,0
9600,control,desktop,9,0
18077,treatment,mobile,14,0
5265,control,desktop,13,0
1012,control,desktop,10,0
23558,treatment,desktop,6,0
1297,control,mobile,6,0
13005,treatment,desktop,3,0
14796,treatment,mobile,1,0
343,control,mobile,13,1
10461,control,desktop,3,0
9578,control,mobile,9,0
8294,control,mobile,12,0
6525,control,desktop,7,0
12714,treatment,desktop,2,0
14886,treatment,mobile,3,0
7155,control,desktop,12,0
19183,treatment,desktop,2,0
11283,control,mobile,14,0
20975,treatment,desktop,5,0
15402,treatment,mobile,3,0
11910,control,desktop,1,0
13865,treatment,mobile,3,0
4262,control,mobile,11,0
11099,control,mobile,13,0
15556,treatment,mobile,12,0
9122,control,mobile,10,0
5690,control,mobile,8,0
10067,control,mobile,8,0
8355,control,desktop,8,0
241,control,desktop,5,0
17250,treatment,mobile,10,0
5953,control,mobile,12,0
17658,treatment,desktop,9,0
17212,treatment,mobile,4,0
20286,treatment,desktop,6,0
21887,treatment,mobile,1,0
3287,control,desktop,3,1
20390,treatment,desktop,5,0
22395,treatment,desktop,14,0
1457,control,desktop,9,0
20807,treatment,mobile,7,0
4770,control,mobile,7,0
17264,treatment,mobile,5,0
19741,treatment,desktop,5,0
8862,control,mobile,11,0
17175,treatment,mobile,2,0
23358,treatment,mobile,4,0
10982,control,desktop,10,0
20099,treatment,mobile,3,1
11033,control,desktop,1,1
9640,control,desktop,1,0
4290,control,mobile,9,0
19433,treatment,mobile,12,0
8422,control,mobile,6,0
15926,treatment,desktop,3,0
260,control,desktop,1,0
10296,control,mobile,2,0
109,control,mobile,1,0
1861,control,mobile,12,0
3110,control,mobile,5,0
8581,control,mobile,6,0
13163,treatment,desktop,1,0
131,control,desktop,10,0
22375,treatment,desktop,6,0
5387,control,mobile,6,0
21923,treatment,desktop,4,0
21022,treatment,mobile,3,0
16048,treatment,mobile,7,0
15336,treatment,mobile,2,0
23499,treatment,desktop,9,0
22324,treatment,desktop,12,0
2015,control,mobile,7,0
13205,treatment,mobile,2,0
20585,treatment,desktop,7,0
17474,treatment,desktop,9,0
19233,treatment,mobile,4,0
11723,control,mobile,9,0
22770,treatment,desktop,5,0
14290,treatment,mobile,4,0
754,control,mobile,13,0
21057,treatment,mobile,3,0
5688,control,desktop,7,0
7835,control,mobile,10,0
13415,treatment,mobile,13,0
12993,treatment,mobile,13,0
13067,treatment,mobile,6,0
13482,treatment,mobile,13,0
5885,control,desktop,1,0
7972,control,mobile,14,0
3117,control,mobile,12,0
16788,treatment,desktop,6,0
15414,treatment,mobile,14,0
19683,treatment,mobile,6,0
12277,treatment,desktop,2,0
17670,treatment,mobile,12,0
15369,treatment,mobile,3,0
587,control,mobile,9,0
997,control,mobile,13,0
18286,treatment,desktop,3,0
1389,control,desktop,6,0
10585,control,mobile,7,1
7279,control,mobile,12,0
18235,treatment,mobile,12,0
9632,control,mobile,9,0
15059,treatment,desktop,2,0
21932,treatment,mobile,1,0
10678,control,desktop,10,0
21844,treatment,mobile,7,0
21895,treatment,mobile,7,0
6792,control,desktop,3,0
9368,control,mobile,7,0
21849,treatment,desktop,4,0
752,control,mobile,12,0
22608,treatment,mobile,8,0
10156,control,mobile,13,0
6799,control,desktop,9,0
9444,control,desktop,5,0
7573,control,mobile,4,0
17548,treatment,mobile,3,0
23100,treatment,mobile,8,0
23243,treatment,desktop,2,0
1592,control,mobile,5,0
13288,treatment,mobile,3,0
11995,control,desktop,10,0
12953,treatment,mobile,1,0
8095,control,desktop,8,0
2393,control,desktop,4,0
13956,treatment,mobile,5,0
5198,control,mobile,14,0
8519,control,desktop,1,0
14636,treatment,desktop,3,0
22228,treatment,mobile,11,0
4064,control,mobile,3,0
22199,treatment,mobile,12,0
11804,control,desktop,9,0
8570,control,mobile,5,0
12735,treatment,mobile,3,0
17622,treatment,desktop,14,0
18299,treatment,mobile,3,1
23611,treatment,mobile,10,0
21383,treatment,desktop,8,0
18155,treatment,mobile,5,0
1922,control,mobile,13,0
7649,control,desktop,5,0
5517,control,mobile,14,0
13811,treatment,mobile,2,0
16049,treatment,desktop,14,0
19778,treatment,desktop,6,0
12236,treatment,desktop,5,0
14771,treatment,mobile,10,0
6518,control,mobile,14,0
4245,control,mobile,11,0
3986,control,mobile,4,0
17044,treatment,mobile,5,0
21089,treatment,mobile,9,0
5826,control,mobile,11,0
15627,treatment,desktop,11,0
17127,treatment,desktop,12,0
5468,control,mobile,10,1
12702,treatment,mobile,14,0
15444,treatment,mobile,14,0
14863,treatment,mobile,9,1
19490,treatment,mobile,3,0
4895,control,mobile,8,0
9961,control,mobile,5,0
10424,control,mobile,7,0
20442,treatment,mobile,11,0
18510,treatment,mobile,2,0
11188,control,desktop,3,0
1939,control,desktop,6,0
10540,control,mobile,12,0
440,control,mobile,8,0
20568,treatment,mobile,5,0
20032,treatment,desktop,5,0
20928,treatment,mobile,6,0
6171,control,mobile,12,0
143,control,mobile,7,0
19471,treatment,mobile,9,0
16869,treatment,desktop,3,0
6698,control,mobile,11,0
22767,treatment,desktop,11,0
1617,control,desktop,3,0
9594,control,desktop,4,0
19266,treatment,mobile,9,0
11893,control,desktop,13,0
8420,control,desktop,4,0
19697,treatment,desktop,11,0
10019,control,desktop,1,0
22929,treatment,desktop,2,0
13863,treatment,mobile,8,0
107,control,mobile,4,0
732,control,desktop,11,0
11308,control,mobile,4,0
3273,control,desktop,1,0
8124,control,desktop,8,0
21101,treatment,mobile,9,0
6883,control,mobile,3,0
22781,treatment,mobile,14,0
17252,treatment,mobile,14,0
23962,treatment,desktop,9,0
16186,treatment,mobile,5,0
6718,control,mobile,2,0
16576,treatment,desktop,14,0
8223,control,desktop,3,1
19499,treatment,desktop,7,1
15533,treatment,mobile,11,1
5732,control,mobile,10,0
4329,control,mobile,11,0
14918,treatment,mobile,3,0
6929,control,mobile,13,1
13106,treatment,mobile,9,0
11969,control,mobile,1,0
8259,control,mobile,14,0
4859,control,mobile,10,0
15065,treatment,mobile,7,0
22274,treatment,desktop,9,0
10041,control,desktop,7,0
17210,treatment,mobile,1,0
9479,control,mobile,1,0
15554,treatment,mobile,1,0
12427,treatment,mobile,9,0
12021,treatment,mobile,12,0
2285,control,desktop,7,0
9792,control,desktop,6,0
3118,control,mobile,11,1
3602,control,desktop,5,0
18289,treatment,mobile,8,0
16735,treatment,mobile,10,0
2692,control,mobile,14,0
14340,treatment,mobile,5,0
8556,control,mobile,5,0
1513,control,desktop,6,0
18391,treatment,desktop,1,0
22797,treatment,mobile,7,0
8505,control,desktop,6,0
6631,control,mobile,6,0
13818,treatment,mobile,9,0
5981,control,mobile,12,0
4643,control,desktop,5,0
7634,control,mobile,10,0
11233,control,desktop,14,0
12419,treatment,desktop,10,0
6926,control,mobile,1,0
12886,treatment,desktop,10,0
22059,treatment,mobile,8,0
5142,control,mobile,9,0
21766,treatment,mobile,8,0
4260,control,mobile,7,0
20690,treatment,desktop,5,0
21289,treatment,desktop,2,0
4600,control,mobile,4,0
17800,treatment,desktop,10,0
22809,treatment,mobile,3,0
8417,control,mobile,9,0
22637,treatment,mobile,12,0
11709,control,desktop,11,1
17255,treatment,desktop,8,0
6197,control,mobile,5,0
5469,control,mobile,14,1
7292,control,desktop,6,0
17028,treatment,mobile,2,0
10837,control,mobile,9,0
22099,treatment,desktop,4,0
23860,treatment,mobile,10,0
13845,treatment,mobile,14,0
19593,treatment,mobile,10,0
23910,treatment,mobile,13,0
2173,control,desktop,2,0
21027,treatment,desktop,9,0
18881,treatment,mobile,7,0
19403,treatment,mobile,3,0
13033,treatment,mobile,11,0
11264,control,desktop,8,0
21472,treatment,mobile,8,0
352,control,desktop,3,0
8249,control,mobile,13,1
20471,treatment,mobile,14,0
5935,control,mobile,3,0
7217,control,mobile,9,0
11887,control,mobile,3,0
22402,treatment,desktop,4,0
17303,treatment,desktop,12,0
4207,control,mobile,7,0
20977,treatment,mobile,10,0
22605,treatment,desktop,9,1
16847,treatment,mobile,8,0
18178,treatment,mobile,10,0
2865,control,desktop,9,0
12135,treatment,mobile,9,0
6667,control,mobile,4,0
15543,treatment,mobile,7,0
1278,control,desktop,14,0
11759,control,mobile,14,1
6477,control,desktop,14,0
7980,control,mobile,13,1
6254,control,desktop,12,0
7686,control,mobile,8,0
4070,control,desktop,14,0
12271,treatment,desktop,13,0
22873,treatment,mobile,14,0
22538,treatment,desktop,3,0
18710,treatment,mobile,14,0
17858,treatment,desktop,12,0
9532,control,desktop,6,0
1529,control,desktop,8,0
16810,treatment,desktop,3,0
2641,control,desktop,14,0
20858,treatment,mobile,8,0
10909,control,mobile,7,0
6589,control,desktop,3,0
18136,treatment,desktop,9,0
5894,control,desktop,9,0
9243,control,mobile,7,0
3485,control,mobile,11,0
21491,treatment,desktop,9,0
23843,treatment,desktop,9,0
12195,treatment,mobile,12,0
13484,treatment,mobile,5,0
21278,treatment,mobile,10,0
13598,treatment,desktop,11,0
18899,treatment,mobile,9,0
13550,treatment,mobile,8,0
14691,treatment,mobile,10,0
6622,control,mobile,14,0
20103,treatment,mobile,5,1
1135,control,mobile,9,0
11508,control,mobile,7,1
16664,treatment,mobile,3,0
10840,control,mobile,7,0
23561,treatment,mobile,6,0
16454,treatment,desktop,2,0
697,control,mobile,13,0
3810,control,mobile,12,0
15725,treatment,desktop,4,0
3496,control,mobile,13,0
7682,control,desktop,8,0
3176,control,desktop,10,0
2221,control,desktop,12,0
6311,control,mobile,2,0
12130,treatment,desktop,12,0
16050,treatment,mobile,13,0
17630,treatment,mobile,13,0
20451,treatment,mobile,7,0
11082,control,mobile,2,0
10689,control,mobile,13,1
2689,control,mobile,12,0
4527,control,mobile,8,0
1078,control,mobile,2,0
17009,treatment,desktop,8,0
12032,treatment,desktop,4,0
14217,treatment,mobile,2,0
1850,control,mobile,5,0
21639,treatment,mobile,1,0
19237,treatment,mobile,14,0
10820,control,desktop,6,0
11573,control,desktop,6,0
9763,control,mobile,9,0
20308,treatment,desktop,11,0
13065,treatment,desktop,1,0
11862,control,desktop,10,0
97,control,mobile,10,0
17363,treatment,mobile,7,0
15753,treatment,mobile,9,0
7750,control,mobile,9,0
3807,control,mobile,10,0
7125,control,desktop,7,0
8459,control,mobile,1,0
23808,treatment,mobile,7,0
7383,control,mobile,6,0
4409,control,desktop,9,0
3880,control,mobile,7,0
1369,control,mobile,14,0
16484,treatment,mobile,4,0
5493,control,desktop,7,0
18479,treatment,desktop,9,0
3578,control,mobile,2,0
6378,control,mobile,13,0
8265,control,desktop,10,0
15570,treatment,desktop,3,0
14741,treatment,desktop,5,0
17905,treatment,desktop,11,0
23763,treatment,mobile,6,0
9348,control,desktop,1,0
171,control,mobile,5,0
19386,treatment,desktop,2,0
16658,treatment,desktop,10,0
17523,treatment,mobile,3,1
4747,control,mobile,10,0
9127,control,mobile,9,0
15855,treatment,mobile,3,0
8211,control,mobile,3,0
23410,treatment,desktop,9,0
3154,control,mobile,8,0
8258,control,desktop,1,0
18044,treatment,desktop,3,0
12482,treatment,mobile,7,0
5771,control,mobile,7,0
12705,treatment,desktop,3,0
5566,control,desktop,13,0
7106,control,mobile,1,0
20366,treatment,mobile,2,0
11144,control,mobile,10,0
7254,control,desktop,10,0
9417,control,mobile,3,0
14889,treatment,desktop,9,0
23180,treatment,desktop,5,0
9401,control,mobile,14,0
4116,control,desktop,9,0
14246,treatment,mobile,11,0
11091,control,mobile,3,0
16372,treatment,desktop,10,0
4658,control,mobile,1,0
23653,treatment,mobile,6,0
6521,control,desktop,8,0
19402,treatment,desktop,2,0
18637,treatment,mobile,8,0
6376,control,mobile,4,0
1563,control,desktop,4,1
12485,treatment,mobile,3,0
15774,treatment,desktop,1,0
3423,control,mobile,13,0
9735,control,mobile,12,0
7149,control,mobile,7,0
2429,control,mobile,5,0
12640,treatment,mobile,5,0
4610,control,desktop,7,0
14839,treatment,mobile,3,0
18297,treatment,mobile,5,0
9408,control,mobile,10,0
9375,control,desktop,7,0
3279,control,mobile,2,0
20482,treatment,mobile,6,0
8617,control,mobile,3,0
1197,control,desktop,2,0
5060,control,mobile,8,0
14902,treatment,desktop,3,0
4244,control,desktop,11,0
1111,control,mobile,3,0
6184,control,mobile,13,0
23633,treatment,mobile,10,0
12775,treatment,desktop,4,0
23155,treatment,mobile,12,0
233,control,desktop,4,1
12431,treatment,mobile,11,0
12037,treatment,desktop,9,0
13565,treatment,mobile,13,0
982,control,mobile,7,0
2737,control,mobile,10,0
21935,treatment,mobile,12,0
12710,treatment,mobile,9,0
20267,treatment,mobile,7,0
11355,control,mobile,8,0
23778,treatment,desktop,7,0
2483,control,mobile,6,0
8997,control,mobile,14,0
8843,control,desktop,12,0
13006,treatment,mobile,12,0
6111,control,desktop,12,0
7669,control,mobile,3,0
13291,treatment,mobile,12,0
3858,control,desktop,6,0
15990,treatment,desktop,4,1
14574,treatment,mobile,6,0
1482,control,mobile,4,0
4772,control,mobile,10,0
3997,control,desktop,9,0
21644,treatment,mobile,6,0
13130,treatment,desktop,9,1
16685,treatment,mobile,1,0
3085,control,desktop,11,0
15852,treatment,mobile,11,0
11915,control,mobile,13,0
11492,control,desktop,4,0
1148,control,desktop,3,0
16063,treatment,mobile,9,0
18323,treatment,mobile,3,0
10977,control,mobile,12,0
4264,control,mobile,10,0
14596,treatment,desktop,8,0
646,control,mobile,4,0
3748,control,desktop,9,1
19311,treatment,mobile,3,0
13950,treatment,mobile,2,0
4985,control,mobile,5,0
20342,treatment,desktop,11,0
16205,treatment,mobile,3,0
13201,treatment,desktop,6,0
6123,control,mobile,6,0
8855,control,desktop,14,0
20201,treatment,desktop,8,0
20667,treatment,desktop,6,0
21927,treatment,desktop,5,0
11580,control,desktop,6,0
8364,control,desktop,2,0
4400,control,desktop,14,0
11172,control,mobile,13,0
1806,control,desktop,5,0
14191,treatment,mobile,1,0
2679,control,desktop,3,0
17614,treatment,mobile,9,0
3450,control,desktop,7,0
10143,control,mobile,10,0
21587,treatment,desktop,1,0
1429,control,desktop,11,0
7324,control,mobile,12,0
15106,treatment,mobile,6,0
3828,control,mobile,4,0
8675,control,mobile,12,0
22564,treatment,desktop,7,0
17455,treatment,mobile,5,0
12109,treatment,mobile,6,0
9169,control,mobile,10,0
9592,control,mobile,5,0
5899,control,mobile,10,0
10764,control,desktop,11,0
2869,control,desktop,14,0
14518,treatment,mobile,3,0
876,control,mobile,11,0
7546,control,mobile,7,0
9244,control,mobile,10,0
16121,treatment,mobile,13,0
23740,treatment,desktop,6,0
10498,control,mobile,10,0
883,control,mobile,2,0
19869,treatment,desktop,11,0
4025,control,mobile,7,0
18917,treatment,desktop,13,0
7130,control,mobile,3,0
12089,treatment,mobile,11,0
3001,control,mobile,1,0
2991,control,mobile,4,0
1797,control,mobile,4,0
4915,control,desktop,8,0
18329,treatment,mobile,12,0
15314,treatment,mobile,13,1
20387,treatment,desktop,3,0
3178,control,mobile,12,0
11877,control,desktop,2,0
15180,treatment,mobile,4,0
6897,control,desktop,12,0
17860,treatment,mobile,14,0
10881,control,mobile,13,0
18360,treatment,mobile,1,0
418,control,desktop,13,0
9472,control,mobile,14,0
22575,treatment,mobile,8,0
5936,control,desktop,3,0
101,control,mobile,8,0
14413,treatment,mobile,10,0
21913,treatment,mobile,8,0
567,control,desktop,7,1
18783,treatment,mobile,13,0
19261,treatment,mobile,12,0
15196,treatment,desktop,13,0
19249,treatment,mobile,2,0
14406,treatment,desktop,8,0
225,control,mobile,9,0
12170,treatment,desktop,13,0
15400,treatment,mobile,8,0
10966,control,mobile,14,0
11577,control,mobile,9,0
17804,treatment,mobile,8,0
15427,treatment,desktop,10,0
7581,control,mobile,7,0
23984,treatment,desktop,10,0
537,control,mobile,13,0
5814,control,desktop,6,0
11314,control,desktop,8,0
12341,treatment,desktop,8,0
3749,control,desktop,3,0
3114,control,mobile,6,0
4850,control,desktop,10,0
3230,control,desktop,12,0
14942,treatment,mobile,6,0
14792,treatment,mobile,12,0
3805,control,mobile,13,0
9861,control,desktop,3,0
17554,treatment,mobile,13,0
7938,control,mobile,9,0
7855,control,mobile,14,0
4352,control,mobile,14,0
21598,treatment,mobile,10,0
15042,treatment,mobile,1,0
16150,treatment,mobile,9,0
16273,treatment,mobile,13,0
14913,treatment,desktop,3,0
1416,control,mobile,8,1
22520,treatment,mobile,12,0
22719,treatment,desktop,5,0
13896,treatment,desktop,6,1
11936,control,mobile,10,0
20665,treatment,mobile,2,0
5059,control,desktop,8,0
1128,control,mobile,1,0
2017,control,mobile,6,0
8906,control,mobile,1,0
7556,control,mobile,7,0
8009,control,desktop,5,0
21125,treatment,mobile,14,0
12086,treatment,mobile,14,0
848,control,desktop,7,0
16383,treatment,mobile,5,1
22468,treatment,desktop,5,0
20708,treatment,desktop,4,0
7576,control,mobile,8,0
11854,control,mobile,9,0
9133,control,mobile,9,0
5010,control,mobile,13,0
19688,treatment,mobile,11,0
14476,treatment,desktop,4,0
4513,control,desktop,12,0
706,control,desktop,4,0
15185,treatment,mobile,3,0
3574,control,mobile,10,0
12061,treatment,desktop,4,0
16384,treatment,mobile,9,0
13104,treatment,mobile,13,0
21961,treatment,desktop,4,0
7075,control,mobile,9,0
19942,treatment,mobile,14,0
22616,treatment,mobile,2,0
5523,control,mobile,12,0
3650,control,mobile,13,0
21340,treatment,mobile,12,0
12234,treatment,desktop,4,0
8661,control,mobile,8,0
19367,treatment,mobile,3,0
3709,control,mobile,5,0
4740,control,desktop,4,0
468,control,mobile,14,0
14875,treatment,mobile,7,0
2386,control,desktop,5,0
10451,control,desktop,8,0
9164,control,mobile,2,0
6857,control,desktop,13,0
4775,control,mobile,6,0
3464,control,mobile,11,0
20539,treatment,mobile,12,0
14787,treatment,desktop,5,0
21253,treatment,mobile,6,0
17014,treatment,desktop,4,0
21682,treatment,mobile,9,0
1574,control,desktop,12,0
21909,treatment,mobile,6,0
6020,control,mobile,7,1
19750,treatment,mobile,8,0
13004,treatment,mobile,10,0
21163,treatment,desktop,13,0
5595,control,desktop,3,0
8941,control,mobile,10,0
13917,treatment,mobile,14,0
13459,treatment,mobile,2,0
4214,control,mobile,4,0
16725,treatment,desktop,6,0
4095,control,desktop,1,0
2562,control,mobile,3,0
13000,treatment,mobile,1,0
17917,treatment,desktop,14,0
3064,control,mobile,3,0
6537,control,desktop,3,0
9325,control,mobile,5,0
14011,treatment,desktop,3,0
18458,treatment,desktop,2,0
340,control,desktop,6,0
2887,control,desktop,8,0
12936,treatment,mobile,14,0
21537,treatment,desktop,10,0
13844,treatment,desktop,11,0
19553,treatment,desktop,4,0
14729,treatment,desktop,11,0
4932,control,mobile,11,0
3841,control,mobile,10,0
22360,treatment,mobile,7,0
1640,control,mobile,1,0
20774,treatment,desktop,11,0
3982,control,mobile,4,0
7984,control,mobile,4,0
17418,treatment,desktop,14,0
20084,treatment,desktop,10,0
3625,control,mobile,11,0
23861,treatment,mobile,7,0
6407,control,mobile,4,0
6536,control,desktop,1,0
2367,control,mobile,3,0
5663,control,desktop,14,0
10484,control,mobile,4,0
19268,treatment,mobile,9,0
11345,control,mobile,7,0
11810,control,mobile,4,0
4006,control,mobile,6,0
11210,control,desktop,8,0
21175,treatment,mobile,6,0
7648,control,desktop,8,0
5444,control,desktop,11,0
9605,control,mobile,12,0
21106,treatment,desktop,9,0
5659,control,mobile,5,0
6139,control,desktop,12,1
14061,treatment,mobile,14,0
9951,control,mobile,6,0
3011,control,mobile,10,0
18780,treatment,mobile,14,0
2163,control,mobile,12,0
5268,control,desktop,14,0
22377,treatment,desktop,10,0
3928,control,desktop,4,0
5020,control,mobile,7,0
6467,control,mobile,8,0
1977,control,mobile,8,0
19847,treatment,desktop,7,0
2505,control,mobile,10,0
4008,control,desktop,3,0
16228,treatment,desktop,13,0
578,control,desktop,11,0
23472,treatment,mobile,2,0
9475,control,desktop,6,0
14930,treatment,mobile,5,0
8878,control,mobile,14,0
1344,control,desktop,4,0
10335,control,mobile,1,0
16852,treatment,mobile,1,0
21676,treatment,desktop,4,0
23085,treatment,mobile,3,0
20152,treatment,desktop,1,0
12269,treatment,mobile,7,0
9296,control,desktop,1,0
23801,treatment,mobile,12,0
7331,control,mobile,8,0
19053,treatment,desktop,10,1
11925,control,mobile,3,0
21975,treatment,desktop,1,0
11350,control,mobile,2,0
3089,control,mobile,4,0
16351,treatment,mobile,13,0
16266,treatment,mobile,14,1
15055,treatment,mobile,7,0
3221,control,mobile,8,0
6257,control,desktop,4,0
13879,treatment,mobile,9,0
11133,control,mobile,14,0
17041,treatment,mobile,2,0
6578,control,mobile,1,0
14320,treatment,desktop,6,0
7045,control,desktop,8,0
15807,treatment,desktop,10,1
10749,control,mobile,4,0
11388,control,mobile,2,0
4304,control,desktop,7,0
20750,treatment,mobile,2,0
19956,treatment,mobile,14,0
21796,treatment,desktop,12,0
9452,control,desktop,9,0
21698,treatment,desktop,11,0
6245,control,mobile,13,0
4546,control,desktop,8,0
13031,treatment,mobile,1,0
5508,control,desktop,11,1
12026,treatment,desktop,12,0
2727,control,mobile,9,0
22267,treatment,mobile,11,0
18585,treatment,mobile,4,0
451,control,mobile,2,0
14694,treatment,mobile,13,0
20832,treatment,mobile,13,0
10395,control,mobile,8,0
10996,control,desktop,8,0
23643,treatment,mobile,14,0
22885,treatment,mobile,7,0
1491,control,desktop,9,0
17414,treatment,desktop,7,0
2830,control,mobile,11,0
6209,control,mobile,2,0
20468,treatment,desktop,2,0
6022,control,mobile,4,0
12246,treatment,desktop,14,0
9190,control,mobile,6,0
11583,control,desktop,12,0
12446,treatment,mobile,12,0
1955,control,desktop,3,0
17019,treatment,mobile,2,0
18144,treatment,mobile,10,0
10044,control,desktop,9,0
23820,treatment,mobile,9,0
923,control,mobile,2,0
23082,treatment,desktop,8,0
12115,treatment,mobile,12,0
16046,treatment,desktop,4,0
1605,control,desktop,6,1
22541,treatment,mobile,5,0
5054,control,desktop,6,0
2635,control,mobile,12,0
5474,control,mobile,14,0
20403,treatment,desktop,8,0
8651,control,mobile,7,0
1826,control,mobile,5,0
19161,treatment,mobile,12,0
13979,treatment,mobile,9,0
9394,control,mobile,7,0
12550,treatment,desktop,7,0
8717,control,mobile,10,0
20760,treatment,mobile,6,0
6641,control,desktop,4,0
10076,control,desktop,11,0
313,control,mobile,1,0
11239,control,mobile,7,0
4956,control,mobile,9,0
21721,treatment,mobile,12,0
774,control,mobile,4,0
4156,control,mobile,10,0
9904,control,desktop,6,0
10104,control,mobile,1,0
20936,treatment,mobile,13,0
18384,treatment,mobile,10,0
23545,treatment,mobile,12,0
13606,treatment,mobile,11,0
11983,control,mobile,3,0
20875,treatment,mobile,8,0
17286,treatment,mobile,5,0
15441,treatment,mobile,10,0
22173,treatment,desktop,3,0
3548,control,desktop,8,0
19525,treatment,desktop,5,0
5505,control,mobile,14,0
4112,control,mobile,10,1
22506,treatment,desktop,3,0
7572,control,desktop,9,0
7084,control,mobile,2,1
2775,control,desktop,2,0
10762,control,mobile,8,0
23432,treatment,desktop,11,0
5048,control,mobile,11,0
16670,treatment,desktop,11,0
18960,treatment,mobile,1,0
19544,treatment,mobile,6,0
10151,control,desktop,7,0
17471,treatment,mobile,10,0
10003,control,desktop,1,0
23575,treatment,desktop,8,0
18759,treatment,mobile,2,0
23771,treatment,mobile,8,0
4141,control,mobile,4,0
23305,treatment,desktop,4,0
7894,control,mobile,12,0
23913,treatment,mobile,3,0
14528,treatment,mobile,2,0
12862,treatment,desktop,2,0
476,control,mobile,13,0
21332,treatment,desktop,5,0
16423,treatment,mobile,14,0
22700,treatment,mobile,12,0
16294,treatment,mobile,9,0
9072,control,mobile,2,0
8682,control,desktop,7,0
2615,control,desktop,8,0
5719,control,desktop,10,1
1309,control,mobile,14,0
20773,treatment,desktop,12,0
5736,control,mobile,8,0
9537,control,mobile,9,0
5786,control,mobile,4,0
16928,treatment,mobile,4,0
23857,treatment,desktop,1,0
1350,control,mobile,9,0
23007,treatment,desktop,10,0
17228,treatment,mobile,1,0
4657,control,desktop,13,0
11207,control,mobile,10,0
16973,treatment,mobile,5,0
17920,treatment,mobile,1,0
4795,control,mobile,6,0
13511,treatment,mobile,12,0
16758,treatment,desktop,14,0
10152,control,mobile,6,0
15863,treatment,desktop,1,0
16031,treatment,desktop,3,0
4910,control,mobile,2,0
4556,control,mobile,8,0
22679,treatment,mobile,14,0
11162,control,mobile,7,0
13678,treatment,desktop,4,0
1765,control,desktop,8,0
15217,treatment,mobile,1,0
687,control,mobile,11,0
6639,control,desktop,12,0
13135,treatment,desktop,8,0
11715,control,desktop,8,0
5282,control,desktop,9,0
17,control,desktop,2,0
14976,treatment,desktop,6,0
2114,control,mobile,4,1
8297,control,desktop,7,0
20101,treatment,desktop,10,0
3689,control,mobile,14,0
21770,treatment,desktop,6,0
9689,control,mobile,13,0
18194,treatment,mobile,5,0
20047,treatment,mobile,2,0
1812,control,mobile,11,0
20930,treatment,desktop,13,0
1818,control,desktop,11,0
16784,treatment,mobile,13,0
12855,treatment,mobile,2,0
11252,control,mobile,10,1
17999,treatment,desktop,6,0
14462,treatment,desktop,3,0
14279,treatment,mobile,12,0
17672,treatment,mobile,5,0
2895,control,desktop,5,1
8328,control,mobile,2,1
10218,control,mobile,7,0
21811,treatment,mobile,1,0
10827,control,mobile,12,0
3517,control,desktop,8,0
9964,control,mobile,9,0
15466,treatment,mobile,11,0
13708,treatment,mobile,11,0
1854,control,mobile,13,0
21258,treatment,desktop,9,0
17124,treatment,mobile,10,0
12840,treatment,mobile,6,0
6048,control,desktop,7,0
14504,treatment,desktop,5,1
21056,treatment,desktop,1,0
15519,treatment,mobile,2,0
379,control,mobile,13,0
16859,treatment,mobile,5,0
19001,treatment,mobile,1,0
16458,treatment,desktop,6,0
23072,treatment,mobile,5,0
14382,treatment,mobile,13,0
5405,control,mobile,12,0
14531,treatment,desktop,4,0
1764,control,desktop,4,0
15093,treatment,mobile,12,0
23279,treatment,mobile,3,0
1988,control,mobile,14,0
10070,control,mobile,11,0
16250,treatment,mobile,13,0
15272,treatment,mobile,10,0
28,control,mobile,10,0
3148,control,mobile,2,0
10939,control,mobile,10,0
1791,control,mobile,13,0
1528,control,mobile,5,0
22365,treatment,mobile,8,0
14993,treatment,mobile,11,0
17644,treatment,mobile,12,0
12648,treatment,desktop,13,0
16464,treatment,mobile,13,0
23244,treatment,mobile,6,0
7059,control,desktop,5,0
23447,treatment,mobile,6,0
18236,treatment,mobile,14,0
19350,treatment,mobile,9,0
15695,treatment,mobile,4,0
19844,treatment,desktop,2,0
13713,treatment,desktop,2,1
4894,control,mobile,1,0
13318,treatment,desktop,14,0
7558,control,mobile,1,1
5924,control,desktop,6,0
19496,treatment,mobile,10,0
4005,control,mobile,11,0
17553,treatment,mobile,10,0
703,control,mobile,10,0
12744,treatment,mobile,12,1
6247,control,mobile,11,0
3272,control,desktop,9,0
22927,treatment,mobile,7,0
2136,control,desktop,10,0
19541,treatment,mobile,13,0
20758,treatment,mobile,1,0
9790,control,mobile,9,0
19691,treatment,mobile,4,0
3670,control,mobile,6,0
18866,treatment,mobile,13,0
11427,control,mobile,9,0
12190,treatment,desktop,2,0
11302,control,mobile,3,0
17773,treatment,desktop,14,1
16386,treatment,mobile,8,0
12567,treatment,mobile,12,1
21131,treatment,mobile,11,1
10114,control,mobile,4,0
13051,treatment,desktop,14,0
1428,control,mobile,14,0
20796,treatment,desktop,7,0
2556,control,desktop,7,0
3344,control,desktop,11,0
14864,treatment,mobile,3,0
3040,control,mobile,9,0
8484,control,mobile,7,0
10496,control,mobile,14,0
4283,control,mobile,11,0
15311,treatment,desktop,2,0
19203,treatment,desktop,2,0
22168,treatment,mobile,14,0
10406,control,mobile,14,0
20783,treatment,mobile,9,0
8391,control,mobile,5,0
723,control,mobile,7,0
1924,control,desktop,10,0
5540,control,desktop,7,0
5538,control,mobile,2,0
16682,treatment,mobile,9,0
3763,control,desktop,9,0
15351,treatment,mobile,6,0
529,control,mobile,11,0
9491,control,desktop,5,0
2145,control,desktop,13,0
12368,treatment,mobile,3,0
1786,control,mobile,7,0
16026,treatment,desktop,7,0
4153,control,desktop,3,0
521,control,mobile,8,0
22491,treatment,desktop,9,0
2121,control,mobile,1,0
21341,treatment,mobile,13,0
12690,treatment,mobile,13,0
500,control,desktop,2,0
12800,treatment,mobile,9,1
8625,control,mobile,1,0
6730,control,desktop,9,0
670,control,desktop,9,0
16356,treatment,desktop,5,0
14585,treatment,desktop,9,0
20771,treatment,mobile,2,0
20318,treatment,desktop,12,0
6347,control,desktop,4,0
8856,control,desktop,10,0
13116,treatment,mobile,5,0
9098,control,mobile,5,0
6293,control,desktop,14,0
6701,control,desktop,7,0
13748,treatment,desktop,13,0
20165,treatment,desktop,7,0
14758,treatment,mobile,1,0
1187,control,mobile,3,0
20840,treatment,mobile,2,1
21374,treatment,desktop,6,0
121,control,desktop,12,0
160,control,mobile,9,0
1321,control,mobile,9,0
164,control,desktop,1,0
15361,treatment,desktop,13,0
20838,treatment,desktop,4,0
13765,treatment,desktop,7,0
8580,control,mobile,1,0
11898,control,desktop,11,0
676,control,mobile,11,0
23716,treatment,mobile,12,0
16264,treatment,desktop,9,0
22651,treatment,mobile,7,0
13756,treatment,mobile,5,0
15998,treatment,mobile,10,0
18854,treatment,mobile,9,1
8642,control,mobile,3,0
15958,treatment,mobile,8,0
11669,control,mobile,11,0
9623,control,mobile,1,0
16136,treatment,mobile,6,0
16176,treatment,mobile,14,0
9965,control,mobile,2,0
23318,treatment,mobile,5,0
548,control,mobile,4,0
20960,treatment,mobile,1,0
16626,treatment,mobile,3,0
2110,control,desktop,12,0
23953,treatment,desktop,12,0
18168,treatment,mobile,7,0
16586,treatment,desktop,12,0
12996,treatment,mobile,5,0
10330,control,mobile,8,0
20330,treatment,mobile,12,0
9993,control,desktop,14,0
15442,treatment,mobile,9,0
3702,control,desktop,4,0
17693,treatment,mobile,4,0
22655,treatment,desktop,12,0
12681,treatment,mobile,2,0
16262,treatment,mobile,10,0
1483,control,mobile,5,0
2684,control,desktop,7,0
10873,control,mobile,11,0
17015,treatment,mobile,10,0
14695,treatment,mobile,8,0
1322,control,mobile,7,0
23848,treatment,mobile,4,0
23905,treatment,mobile,8,0
4542,control,mobile,10,0
18150,treatment,mobile,2,0
1044,control,mobile,8,0
11763,control,desktop,13,0
7227,control,desktop,3,0
5136,control,mobile,7,0
23314,treatment,mobile,1,0
19105,treatment,mobile,5,0
4274,control,desktop,11,0
12070,treatment,mobile,6,0
7348,control,desktop,7,0
10623,control,desktop,6,0
8939,control,mobile,5,0
2292,control,mobile,2,0
10139,control,mobile,11,0
20493,treatment,desktop,2,0
4664,control,desktop,6,0
184,control,mobile,7,0
18117,treatment,mobile,2,0
21694,treatment,desktop,13,0
23915,treatment,mobile,2,0
12099,treatment,desktop,13,0
2748,control,desktop,3,0
18186,treatment,mobile,6,0
258,control,mobile,2,0
16314,treatment,mobile,10,0
5884,control,mobile,6,0
23612,treatment,desktop,10,0
2730,control,mobile,5,0
18942,treatment,mobile,2,0
21426,treatment,mobile,5,0
9761,control,mobile,5,0
20853,treatment,desktop,13,0
12686,treatment,desktop,2,0
757,control,mobile,2,0
879,control,mobile,13,0
18497,treatment,mobile,3,0
2691,control,mobile,13,0
572,control,mobile,5,0
9223,control,desktop,5,0
23695,treatment,desktop,1,0
253,control,desktop,12,0
22594,treatment,mobile,7,0
19594,treatment,mobile,10,0
20027,treatment,mobile,11,0
8356,control,mobile,7,0
13768,treatment,mobile,4,0
19564,treatment,mobile,12,0
3451,control,desktop,9,0
9962,control,mobile,12,0
21012,treatment,mobile,12,0
10456,control,mobile,7,0
21307,treatment,desktop,1,0
21194,treatment,desktop,2,0
8280,control,mobile,12,0
17529,treatment,desktop,1,0
15178,treatment,mobile,9,0
12332,treatment,mobile,8,0
19860,treatment,desktop,10,0
22681,treatment,mobile,3,1
10890,control,desktop,2,0
1215,control,mobile,1,0
15111,treatment,mobile,10,0
17925,treatment,desktop,7,0
15876,treatment,mobile,11,0
12177,treatment,desktop,8,0
12804,treatment,mobile,14,0
20135,treatment,desktop,3,0
1652,control,mobile,13,0
402,control,mobile,14,0
3196,control,mobile,6,0
18673,treatment,mobile,8,0
6826,control,mobile,10,0
3079,control,desktop,1,0
467,control,mobile,7,0
17159,treatment,mobile,12,0
2834,control,desktop,5,0
1034,control,mobile,9,0
4821,control,mobile,8,0
3404,control,mobile,10,0
21058,treatment,desktop,14,0
1659,control,mobile,6,0
19652,treatment,mobile,9,0
21621,treatment,desktop,3,0
16045,treatment,desktop,12,0
21730,treatment,mobile,10,0
22357,treatment,mobile,8,0
19889,treatment,desktop,3,0
18868,treatment,mobile,6,0
19104,treatment,mobile,5,0
11906,control,desktop,3,0
3447,control,mobile,11,0
11965,control,mobile,12,0
17877,treatment,mobile,11,0
17580,treatment,desktop,8,0
8676,control,mobile,5,0
14016,treatment,desktop,13,0
19993,treatment,mobile,1,0
4082,control,mobile,2,0
10513,control,mobile,3,0
17325,treatment,desktop,11,0
2458,control,mobile,14,0
14878,treatment,desktop,11,0
9249,control,mobile,10,0
22703,treatment,mobile,14,0
1473,control,mobile,14,0
9683,control,desktop,10,0
20315,treatment,mobile,1,1
17188,treatment,desktop,9,0
6375,control,desktop,14,0
23806,treatment,mobile,3,0
17426,treatment,mobile,1,0
9140,control,desktop,12,0
17381,treatment,mobile,9,0
13343,treatment,desktop,14,0
5671,control,mobile,13,0
3778,control,mobile,2,0
15902,treatment,desktop,4,0
8288,control,mobile,2,0
21353,treatment,desktop,13,0
20182,treatment,mobile,6,0
2677,control,mobile,5,0
2462,control,mobile,12,1
21577,treatment,mobile,10,0
4857,control,desktop,8,0
3659,control,desktop,2,0
22769,treatment,desktop,6,0
14810,treatment,mobile,14,0
15720,treatment,desktop,10,0
2815,control,mobile,3,0
22378,treatment,mobile,3,0
7245,control,mobile,6,0
13696,treatment,mobile,14,0
12503,treatment,desktop,9,0
303,control,mobile,14,0
5254,control,mobile,2,0
8208,control,desktop,5,0
16421,treatment,mobile,5,0
1074,control,mobile,2,0
499,control,mobile,1,0
16293,treatment,desktop,7,0
7018,control,mobile,3,0
6174,control,mobile,8,0
9851,control,desktop,7,0
12433,treatment,mobile,1,1
12740,treatment,desktop,14,0
23693,treatment,mobile,6,0
19918,treatment,desktop,6,0
10937,control,mobile,7,0
13949,treatment,mobile,13,0
23235,treatment,mobile,4,0
23794,treatment,desktop,14,0
2511,control,mobile,4,0
7004,control,desktop,14,0
535,control,desktop,10,0
12663,treatment,mobile,6,0
3326,control,desktop,7,0
19735,treatment,desktop,14,0
7988,control,mobile,14,0
5267,control,desktop,12,0
13480,treatment,desktop,6,0
11842,control,mobile,1,0
13402,treatment,mobile,11,0
11011,control,mobile,7,0
11177,control,desktop,5,0
5440,control,desktop,14,0
2427,control,mobile,10,0
13496,treatment,desktop,14,0
1397,control,mobile,4,0
12764,treatment,desktop,11,0
14289,treatment,mobile,14,0
18040,treatment,mobile,4,0
4634,control,mobile,7,0
10625,control,mobile,8,0
18139,treatment,mobile,11,0
13322,treatment,desktop,7,0
1129,control,mobile,4,0
6124,control,mobile,8,0
4836,control,mobile,14,0
3088,control,mobile,14,0
19295,treatment,mobile,9,0
20746,treatment,desktop,7,0
3731,control,mobile,1,0
18603,treatment,mobile,7,0
17456,treatment,mobile,4,0
7839,control,mobile,6,0
21980,treatment,mobile,6,0
21124,treatment,desktop,1,0
2960,control,mobile,8,0
13189,treatment,mobile,7,0
3911,control,desktop,13,0
14975,treatment,mobile,11,0
494,control,mobile,2,0
16377,treatment,mobile,12,0
9890,control,mobile,12,0
11632,control,mobile,1,0
21024,treatment,mobile,13,0
6278,control,desktop,14,0
9225,control,desktop,12,0
14479,treatment,desktop,11,0
3401,control,mobile,8,0
23282,treatment,mobile,8,0
16385,treatment,mobile,4,0
14153,treatment,mobile,14,0
5601,control,mobile,11,0
4761,control,mobile,2,0
13102,treatment,desktop,11,0
4000,control,desktop,6,0
21705,treatment,mobile,9,0
10158,control,mobile,2,0
21338,treatment,mobile,11,0
10788,control,mobile,13,0
15250,treatment,mobile,5,0
11626,control,mobile,4,0
2546,control,mobile,12,0
5007,control,mobile,14,0
7253,control,mobile,3,0
9054,control,mobile,6,1
18070,treatment,mobile,11,0
13671,treatment,mobile,3,0
14390,treatment,mobile,8,0
23257,treatment,mobile,11,0
11554,control,desktop,8,0
5362,control,mobile,6,0
12837,treatment,desktop,2,0
5148,control,desktop,8,0
9293,control,desktop,5,0
20006,treatment,mobile,3,0
13673,treatment,mobile,8,0
18640,treatment,desktop,14,0
20495,treatment,desktop,9,0
13485,treatment,desktop,9,0
15808,treatment,mobile,4,0
9184,control,desktop,14,0
300,control,mobile,7,0
14659,treatment,desktop,2,0
9483,control,desktop,14,0
12312,treatment,desktop,4,0
13763,treatment,mobile,4,0
8465,control,mobile,14,0
1938,control,desktop,3,0
13293,treatment,mobile,6,0
18175,treatment,mobile,5,0
10847,control,desktop,6,0
12441,treatment,mobile,4,0
15973,treatment,mobile,12,0
12232,treatment,desktop,3,0
9156,control,desktop,3,0
17895,treatment,mobile,9,0
23356,treatment,mobile,6,0
7693,control,desktop,9,0
20913,treatment,mobile,2,0
878,control,mobile,9,0
23800,treatment,mobile,7,0
4680,control,mobile,1,1
2946,control,desktop,4,1
1234,control,mobile,14,0
6438,control,desktop,3,0
10125,control,mobile,1,0
7210,control,desktop,4,0
21086,treatment,mobile,11,0
21538,treatment,mobile,9,0
1227,control,mobile,10,0
3241,control,mobile,3,0
18094,treatment,mobile,12,0
15184,treatment,mobile,12,0
12110,treatment,desktop,13,0
6253,control,mobile,6,0
2604,control,mobile,2,0
18839,treatment,mobile,12,0
10534,control,desktop,11,0
23538,treatment,mobile,3,0
22669,treatment,mobile,4,0
10596,control,mobile,8,0
6706,control,desktop,8,0
5793,control,mobile,2,0
7777,control,desktop,11,0
10382,control,mobile,2,0
22780,treatment,desktop,12,0
12844,treatment,mobile,6,0
15471,treatment,mobile,11,0
11392,control,mobile,4,0
14577,treatment,desktop,8,0
2389,control,mobile,4,0
621,control,mobile,1,0
19211,treatment,mobile,5,0
9489,control,mobile,3,0
16534,treatment,mobile,6,0
15321,treatment,mobile,7,0
15830,treatment,mobile,11,0
9816,control,mobile,10,0
17556,treatment,desktop,6,1
20004,treatment,desktop,11,0
16577,treatment,mobile,12,0
22692,treatment,mobile,3,1
7364,control,mobile,6,0
228,control,mobile,12,0
19448,treatment,desktop,11,0
18063,treatment,mobile,9,0
20275,treatment,desktop,9,0
21728,treatment,desktop,13,0
6297,control,mobile,4,0
7120,control,desktop,1,0
20514,treatment,desktop,14,0
21874,treatment,mobile,10,0
15322,treatment,mobile,3,0
10052,control,desktop,13,0
4901,control,desktop,5,0
7821,control,mobile,5,0
12659,treatment,mobile,9,0
13662,treatment,mobile,2,0
18823,treatment,mobile,14,0
16270,treatment,desktop,14,0
2269,control,mobile,5,0
9233,control,mobile,11,0
1269,control,mobile,1,1
15204,treatment,mobile,7,0
22165,treatment,mobile,4,0
18405,treatment,mobile,7,0
3016,control,mobile,2,0
21428,treatment,desktop,2,1
14488,treatment,mobile,10,0
18037,treatment,mobile,14,0
13192,treatment,mobile,11,0
10133,control,desktop,1,0
1211,control,mobile,8,0
20572,treatment,mobile,5,0
2036,control,mobile,1,0
1522,control,desktop,14,0
5791,control,mobile,12,0
13652,treatment,desktop,5,0
12693,treatment,mobile,4,0
10386,control,mobile,5,0
2617,control,mobile,6,0
15758,treatment,mobile,9,0
2286,control,desktop,9,0
430,control,desktop,6,1
7053,control,mobile,7,0
7946,control,mobile,1,0
32,control,mobile,11,0
16622,treatment,mobile,8,0
3023,control,mobile,11,0
1518,control,desktop,6,0
40,control,mobile,12,0
17725,treatment,mobile,10,0
19563,treatment,mobile,12,0
4648,control,desktop,12,0
18342,treatment,mobile,2,0
16619,treatment,desktop,11,0
21693,treatment,mobile,11,0
21409,treatment,desktop,10,0
12618,treatment,mobile,1,0
6071,control,desktop,7,0
22893,treatment,desktop,2,0
9185,control,mobile,14,0
21209,treatment,desktop,8,0
14065,treatment,desktop,2,0
4028,control,mobile,6,0
16316,treatment,mobile,14,0
4426,control,mobile,10,0
6985,control,mobile,11,0
7369,control,mobile,1,0
2585,control,desktop,13,0
20158,treatment,mobile,11,0
3439,control,mobile,13,0
10955,control,mobile,10,0
4918,control,mobile,4,0
11743,control,mobile,11,0
9680,control,desktop,14,0
11321,control,mobile,2,0
3890,control,mobile,7,0
3523,control,mobile,6,0
15312,treatment,mobile,7,0
7886,control,mobile,3,0
1930,control,mobile,2,0
20620,treatment,desktop,14,0
19745,treatment,mobile,2,0
19347,treatment,mobile,1,0
21689,treatment,mobile,10,0
23232,treatment,mobile,8,0
18744,treatment,mobile,14,0
5040,control,mobile,6,0
8147,control,mobile,9,0
1143,control,mobile,6,0
18246,treatment,desktop,1,0
16733,treatment,mobile,10,0
21840,treatment,desktop,14,0
3306,control,mobile,4,0
4961,control,mobile,5,0
8844,control,desktop,10,0
1371,control,desktop,10,0
11733,control,desktop,11,0
16504,treatment,desktop,3,0
20648,treatment,desktop,8,0
6583,control,mobile,3,0
14199,treatment,mobile,3,0
13622,treatment,mobile,11,0
5181,control,mobile,14,0
22808,treatment,mobile,4,0
10228,control,desktop,8,0
4920,control,desktop,12,0
23012,treatment,mobile,1,0
18411,treatment,desktop,11,0
21896,treatment,desktop,11,0
21808,treatment,mobile,2,0
18340,treatment,mobile,9,0
1220,control,mobile,1,0
12715,treatment,desktop,13,0
6756,control,desktop,14,0
2567,control,mobile,1,0
16309,treatment,desktop,6,0
23409,treatment,mobile,14,0
19955,treatment,desktop,14,0
20972,treatment,desktop,3,0
21701,treatment,mobile,3,0
13139,treatment,mobile,5,0
5920,control,desktop,13,0
10836,control,mobile,9,0
6505,control,mobile,10,0
15469,treatment,mobile,2,0
11145,control,mobile,11,0
12314,treatment,desktop,14,1
15200,treatment,mobile,1,0
2449,control,mobile,6,0
15125,treatment,mobile,8,0
19180,treatment,mobile,9,1
2736,control,desktop,6,0
17236,treatment,mobile,4,0
22583,treatment,mobile,4,0
11509,control,mobile,6,0
595,control,desktop,6,0
10524,control,mobile,6,0
13066,treatment,mobile,8,0
22943,treatment,mobile,5,0
15302,treatment,desktop,13,0
751,control,desktop,10,0
22751,treatment,mobile,13,0
14395,treatment,mobile,5,0
16,control,desktop,8,0
7115,control,mobile,2,0
14980,treatment,mobile,6,0
21548,treatment,desktop,7,0
22317,treatment,mobile,14,0
17555,treatment,mobile,9,0
2892,control,desktop,6,0
1944,control,mobile,8,0
20351,treatment,desktop,8,0
16541,treatment,mobile,6,0
9005,control,mobile,11,0
13791,treatment,mobile,8,0
349,control,mobile,7,0
14503,treatment,mobile,9,0
9477,control,mobile,9,0
21630,treatment,mobile,1,0
9903,control,mobile,1,1
22950,treatment,desktop,5,0
19124,treatment,mobile,2,0
1840,control,mobile,7,0
995,control,desktop,3,0
397,control,mobile,8,0
4413,control,mobile,13,0
18818,treatment,mobile,13,1
16212,treatment,mobile,11,0
9283,control,desktop,6,1
11213,control,mobile,6,0
16777,treatment,mobile,8,1
17370,treatment,desktop,11,0
21401,treatment,desktop,11,0
9330,control,mobile,13,0
6683,control,mobile,4,0
10934,control,desktop,12,0
22176,treatment,mobile,13,0
15107,treatment,mobile,5,0
11725,control,desktop,3,0
2794,control,mobile,3,0
7455,control,mobile,2,0
19021,treatment,desktop,4,0
6294,control,desktop,2,0
21706,treatment,mobile,7,0
2927,control,mobile,2,0
12750,treatment,mobile,13,0
22924,treatment,desktop,14,0
10412,control,desktop,6,0
20279,treatment,desktop,1,0
5077,control,mobile,8,0
9166,control,mobile,2,0
17780,treatment,mobile,12,0
5082,control,desktop,10,0
20306,treatment,mobile,10,0
21323,treatment,desktop,6,0
7280,control,desktop,13,1
20866,treatment,mobile,2,0
19164,treatment,mobile,8,0
4271,control,desktop,7,0
10954,control,mobile,5,0
14712,treatment,mobile,6,0
4683,control,desktop,2,0
6990,control,desktop,11,0
9778,control,mobile,9,0
7060,control,desktop,9,0
19953,treatment,mobile,7,0
8460,control,mobile,13,0
13015,treatment,mobile,11,0
6251,control,mobile,11,0
14438,treatment,desktop,13,0
23418,treatment,desktop,9,0
5761,control,mobile,4,0
4231,control,desktop,11,0
16446,treatment,mobile,1,0
14314,treatment,desktop,6,0
4986,control,desktop,8,0
14142,treatment,desktop,9,0
21485,treatment,mobile,8,0
6952,control,desktop,7,0
4707,control,mobile,7,0
10988,control,desktop,13,0
4824,control,desktop,6,0
19914,treatment,mobile,12,0
20515,treatment,desktop,3,0
17718,treatment,desktop,8,0
6072,control,desktop,14,0
8957,control,desktop,12,0
11546,control,mobile,5,1
19179,treatment,desktop,14,0
12726,treatment,mobile,5,0
20391,treatment,mobile,11,0
19440,treatment,desktop,8,1
21870,treatment,mobile,2,0
19216,treatment,mobile,8,0
3400,control,desktop,14,0
12545,treatment,desktop,3,0
19848,treatment,mobile,2,1
17567,treatment,desktop,7,0
22653,treatment,mobile,13,0
6710,control,desktop,12,0
18848,treatment,mobile,9,0
14665,treatment,desktop,8,0
6813,control,desktop,10,0
3992,control,mobile,9,0
3362,control,mobile,7,0
6694,control,mobile,10,0
6898,control,mobile,9,0
19881,treatment,mobile,13,0
3551,control,mobile,14,0
18825,treatment,mobile,8,0
20105,treatment,mobile,5,0
6346,control,mobile,7,0
20038,treatment,mobile,1,0
17880,treatment,desktop,4,0
259,control,mobile,7,0
9441,control,mobile,10,0
23746,treatment,mobile,13,0
21560,treatment,mobile,8,0
2898,control,mobile,10,0
6934,control,mobile,7,0
15995,treatment,mobile,10,0
4226,control,mobile,5,0
23275,treatment,mobile,2,0
9013,control,mobile,5,0
7040,control,mobile,11,0
20983,treatment,mobile,7,0
13966,treatment,desktop,10,0
13338,treatment,desktop,4,0
4846,control,desktop,1,0
19232,treatment,desktop,8,0
14284,treatment,desktop,11,0
20133,treatment,desktop,2,0
19439,treatment,mobile,2,0
20281,treatment,mobile,3,0
16197,treatment,mobile,1,0
22259,treatment,desktop,5,0
16363,treatment,mobile,6,0
18075,treatment,desktop,8,1
18646,treatment,desktop,14,0
2580,control,mobile,12,0
3144,control,desktop,12,0
14409,treatment,desktop,3,0
5154,control,desktop,6,0
12042,treatment,desktop,4,0
3923,control,mobile,10,1
11710,control,desktop,13,1
1207,control,mobile,5,0
12604,treatment,mobile,7,0
2904,control,mobile,14,0
16815,treatment,desktop,9,0
22761,treatment,desktop,12,0
9966,control,mobile,8,0
20035,treatment,mobile,11,0
7697,control,desktop,14,0
11809,control,mobile,8,0
11918,control,desktop,13,0
10090,control,mobile,2,0
9653,control,desktop,11,0
15959,treatment,mobile,1,0
16556,treatment,mobile,7,0
6729,control,mobile,12,0
11370,control,mobile,11,0
9160,control,mobile,2,0
13536,treatment,mobile,4,0
12749,treatment,mobile,4,0
20074,treatment,desktop,3,1
12945,treatment,mobile,6,0
7773,control,mobile,14,0
9215,control,desktop,12,0
194,control,desktop,4,0
11636,control,desktop,12,0
18995,treatment,mobile,9,0
13817,treatment,mobile,8,0
23932,treatment,desktop,7,0
4289,control,mobile,10,0
21438,treatment,desktop,14,0
20912,treatment,mobile,3,0
22459,treatment,mobile,3,0
14131,treatment,desktop,10,0
2055,control,desktop,3,0
4434,control,mobile,12,0
17592,treatment,mobile,3,1
2600,control,desktop,4,0
14502,treatment,mobile,7,0
14286,treatment,mobile,14,0
2201,control,mobile,3,0
1676,control,desktop,8,0
2476,control,mobile,12,0
19302,treatment,desktop,3,0
7178,control,desktop,1,1
8850,control,mobile,1,0
4334,control,mobile,8,0
16110,treatment,mobile,8,0
16206,treatment,desktop,2,0
13829,treatment,mobile,9,0
12858,treatment,mobile,7,0
320,control,desktop,12,0
15631,treatment,mobile,14,0
659,control,desktop,4,0
16827,treatment,mobile,7,0
16475,treatment,mobile,4,0
21617,treatment,mobile,7,0
2802,control,mobile,11,0
2662,control,mobile,1,0
8381,control,mobile,14,0
16515,treatment,mobile,13,0
21936,treatment,mobile,4,0
17814,treatment,mobile,13,0
6914,control,desktop,5,1
8481,control,mobile,14,0
17263,treatment,mobile,12,0
10240,control,desktop,14,0
9358,control,desktop,8,0
6882,control,desktop,7,0
2512,control,mobile,7,0
2070,control,mobile,8,0
2776,control,mobile,13,0
10705,control,desktop,9,0
23251,treatment,desktop,10,0
12154,treatment,mobile,2,0
10575,control,desktop,8,0
5882,control,mobile,8,0
1023,control,mobile,10,0
410,control,desktop,1,0
11978,control,desktop,9,0
15329,treatment,mobile,3,0
1844,control,mobile,6,0
3558,control,mobile,14,0
11981,control,mobile,5,0
7286,control,mobile,5,0
19876,treatment,desktop,11,0
23348,treatment,mobile,3,0
1208,control,mobile,1,0
3385,control,mobile,6,0
21834,treatment,desktop,14,0
13596,treatment,desktop,4,0
19756,treatment,mobile,4,0
6599,control,mobile,4,0
5396,control,mobile,3,0
15539,treatment,mobile,8,0
14860,treatment,mobile,13,0
21812,treatment,desktop,3,0
8595,control,mobile,2,0
11638,control,mobile,2,0
9774,control,mobile,7,0
4318,control,mobile,11,0
11644,control,desktop,1,0
15538,treatment,desktop,10,0
19966,treatment,desktop,13,0
11439,control,mobile,5,0
4964,control,mobile,2,0
17682,treatment,desktop,4,0
14302,treatment,desktop,3,0
7448,control,mobile,8,0
11568,control,mobile,5,0
1274,control,desktop,14,1
3800,control,mobile,13,0
1115,control,mobile,5,0
8710,control,desktop,2,0
21028,treatment,desktop,11,0
18005,treatment,mobile,1,0
8419,control,desktop,2,0
22724,treatment,mobile,8,0
3583,control,desktop,5,0
18904,treatment,mobile,1,0
14723,treatment,desktop,5,0
8599,control,mobile,6,0
3491,control,mobile,10,0
20819,treatment,desktop,2,0
22152,treatment,mobile,10,0
7351,control,mobile,2,0
12141,treatment,mobile,10,0
22990,treatment,mobile,3,0
7405,control,desktop,5,0
20781,treatment,mobile,5,0
4481,control,desktop,14,0
22737,treatment,mobile,2,0
15478,treatment,desktop,4,0
19885,treatment,desktop,13,0
19190,treatment,desktop,5,0
23446,treatment,mobile,14,0
16841,treatment,mobile,9,0
776,control,mobile,12,0
20659,treatment,desktop,11,0
2835,control,mobile,1,1
15679,treatment,mobile,10,0
14156,treatment,mobile,13,0
20132,treatment,mobile,2,0
2611,control,mobile,12,0
17302,treatment,mobile,4,0
23311,treatment,desktop,10,0
4026,control,mobile,10,0
14601,treatment,desktop,10,0
17781,treatment,desktop,3,0
9349,control,desktop,8,0
15941,treatment,mobile,8,0
15105,treatment,mobile,4,0
23307,treatment,mobile,1,1
8516,control,mobile,4,0
6168,control,mobile,6,1
17706,treatment,desktop,13,0
22070,treatment,mobile,7,0
18952,treatment,mobile,10,0
16167,treatment,mobile,3,0
14277,treatment,mobile,14,0
12468,treatment,desktop,5,0
20700,treatment,mobile,14,0
6163,control,mobile,1,0
1409,control,mobile,6,0
20669,treatment,mobile,1,0
23895,treatment,mobile,3,0
12257,treatment,mobile,3,0
6394,control,desktop,9,0
22791,treatment,mobile,1,0
22222,treatment,mobile,11,0
14851,treatment,desktop,8,0
7097,control,mobile,8,0
22254,treatment,mobile,11,1
14595,treatment,desktop,9,0
18276,treatment,mobile,10,0
10400,control,mobile,7,1
12959,treatment,desktop,4,0
9699,control,desktop,13,0
510,control,mobile,3,0
6971,control,desktop,9,0
3804,control,desktop,5,0
17813,treatment,mobile,13,0
5841,control,mobile,4,0
2576,control,desktop,4,0
2614,control,desktop,10,0
6481,control,mobile,7,0
4007,control,desktop,14,0
13101,treatment,mobile,11,0
11755,control,mobile,2,0
1365,control,mobile,2,0
19404,treatment,mobile,12,0
2469,control,mobile,8,0
16523,treatment,mobile,14,0
15297,treatment,mobile,1,0
1862,control,desktop,4,0
1085,control,desktop,5,0
7565,control,mobile,9,0
11259,control,desktop,3,0
20009,treatment,mobile,10,0
20890,treatment,mobile,4,0
13221,treatment,mobile,14,0
10969,control,mobile,4,0
3516,control,mobile,2,0
17437,treatment,mobile,11,0
17720,treatment,desktop,7,0
4036,control,desktop,12,0
23153,treatment,desktop,14,0
23755,treatment,mobile,3,1
23943,treatment,desktop,1,0
17703,treatment,mobile,1,0
19785,treatment,desktop,12,0
13759,treatment,desktop,1,1
5491,control,mobile,4,0
18645,treatment,mobile,5,0
16630,treatment,mobile,7,0
9795,control,desktop,11,1
21686,treatment,desktop,1,0
15082,treatment,desktop,10,0
22447,treatment,mobile,6,0
17387,treatment,mobile,4,0
6004,control,desktop,5,0
3203,control,mobile,8,0
3266,control,mobile,3,0
8660,control,mobile,3,0
11287,control,desktop,3,0
19262,treatment,mobile,2,0
12229,treatment,mobile,5,0
10174,control,mobile,6,0
19223,treatment,desktop,12,0
13760,treatment,mobile,13,0
8444,control,mobile,5,0
18079,treatment,mobile,7,0
7788,control,mobile,1,1
4735,control,desktop,2,0
5893,control,mobile,13,0
8596,control,desktop,10,0
23678,treatment,mobile,11,0
1423,control,desktop,11,0
2236,control,mobile,13,0
16940,treatment,mobile,5,0
7808,control,desktop,6,0
8562,control,mobile,14,0
20527,treatment,mobile,2,0
17712,treatment,desktop,11,0
15346,treatment,mobile,14,0
22557,treatment,mobile,1,0
17473,treatment,desktop,2,0
10122,control,desktop,3,0
4308,control,mobile,8,0
17962,treatment,mobile,5,0
5697,control,mobile,7,1
20881,treatment,mobile,10,0
17633,treatment,desktop,10,0
14420,treatment,mobile,6,0
9933,control,desktop,2,0
21815,treatment,mobile,3,0
8838,control,desktop,12,0
5790,control,mobile,7,0
4697,control,mobile,6,0
7136,control,desktop,14,0
3458,control,desktop,12,0
5312,control,mobile,11,0
7203,control,mobile,12,0
18514,treatment,mobile,14,0
9420,control,mobile,10,0
4249,control,desktop,8,0
22928,treatment,mobile,12,0
22707,treatment,mobile,11,0
15415,treatment,mobile,1,0
23237,treatment,mobile,11,0
433,control,mobile,10,0
8006,control,desktop,11,0
16247,treatment,desktop,4,0
19071,treatment,desktop,7,0
2992,control,mobile,6,0
12096,treatment,desktop,7,0
8026,control,mobile,11,0
3918,control,desktop,14,0
4372,control,mobile,9,0
16873,treatment,mobile,14,0
7145,control,mobile,3,0
11076,control,mobile,10,0
11917,control,desktop,14,0
2334,control,desktop,12,0
18695,treatment,mobile,10,0
18619,treatment,mobile,4,0
9374,control,mobile,4,0
4430,control,desktop,3,0
16740,treatment,mobile,14,0
181,control,desktop,3,0
4298,control,mobile,11,0
7258,control,mobile,2,0
3302,control,mobile,11,1
19899,treatment,mobile,1,0
19600,treatment,desktop,4,0
22332,treatment,mobile,11,0
65,control,mobile,8,0
13375,treatment,mobile,3,0
5578,control,desktop,8,0
1974,control,desktop,9,1
616,control,desktop,2,0
12940,treatment,desktop,10,0
2811,control,mobile,5,0
3823,control,desktop,8,0
5684,control,mobile,7,0
11673,control,mobile,1,0
8782,control,mobile,3,0
5222,control,desktop,1,0
23821,treatment,desktop,11,0
1033,control,desktop,13,0
21385,treatment,mobile,5,0
21393,treatment,desktop,1,0
23025,treatment,desktop,8,0
2240,control,mobile,8,0
15118,treatment,mobile,8,0
3215,control,mobile,10,0
11386,control,mobile,2,0
11335,control,desktop,9,0
23137,treatment,desktop,1,0
10282,control,desktop,12,0
6147,control,desktop,9,0
17505,treatment,desktop,13,0
5613,control,desktop,6,0
6055,control,mobile,6,0
10379,control,desktop,9,0
2550,control,desktop,9,0
1551,control,desktop,2,0
18181,treatment,mobile,9,0
9034,control,mobile,7,0
8131,control,mobile,4,0
9414,control,desktop,7,0
23170,treatment,mobile,12,0
12968,treatment,mobile,10,0
4939,control,mobile,8,0
3095,control,desktop,2,1
6708,control,mobile,5,0
20998,treatment,mobile,7,1
19636,treatment,desktop,1,0
8212,control,desktop,6,0
7430,control,desktop,5,0
695,control,mobile,11,0
4983,control,mobile,9,1
18909,treatment,mobile,6,0
3753,control,mobile,3,1
6030,control,desktop,7,0
17172,treatment,mobile,7,0
15716,treatment,mobile,8,0
21665,treatment,desktop,5,0
17319,treatment,desktop,4,0
13895,treatment,desktop,12,0
19934,treatment,mobile,8,0
14817,treatment,desktop,5,0
23589,treatment,mobile,7,0
16096,treatment,desktop,5,0
403,control,desktop,8,0
1386,control,mobile,9,0
20611,treatment,desktop,5,0
10084,control,mobile,1,0
2595,control,mobile,4,0
13483,treatment,mobile,10,0
4611,control,desktop,3,0
17094,treatment,mobile,7,0
19584,treatment,mobile,10,0
8956,control,mobile,12,0
18133,treatment,desktop,6,0
15880,treatment,mobile,6,0
354,control,mobile,8,0
6860,control,mobile,8,0
20017,treatment,desktop,12,0
14468,treatment,desktop,1,0
10510,control,mobile,5,1
10941,control,desktop,11,0
8551,control,mobile,1,1
13049,treatment,mobile,3,0
11423,control,desktop,4,0
20999,treatment,desktop,5,0
20536,treatment,desktop,14,0
10407,control,mobile,12,0
9635,control,mobile,2,0
1226,control,desktop,10,0
19922,treatment,mobile,3,0
3935,control,mobile,2,0
8619,control,mobile,11,0
14955,treatment,mobile,8,0
15993,treatment,desktop,5,0
5318,control,mobile,4,0
17398,treatment,mobile,7,0
21014,treatment,mobile,8,0
1330,control,mobile,7,0
5563,control,mobile,2,0
10071,control,desktop,2,0
632,control,mobile,3,1
11828,control,mobile,10,0
22229,treatment,mobile,2,0
23165,treatment,mobile,4,0
2046,control,mobile,9,0
17410,treatment,mobile,8,0
4710,control,desktop,3,0
4228,control,desktop,9,0
13617,treatment,mobile,7,1
23588,treatment,mobile,4,0
22399,treatment,mobile,1,0
22202,treatment,desktop,12,0
21771,treatment,desktop,3,0
13007,treatment,mobile,9,0
16370,treatment,mobile,7,0
7954,control,desktop,7,0
12711,treatment,desktop,3,0
8345,control,desktop,7,0
448,control,mobile,1,0
19722,treatment,mobile,1,0
13048,treatment,mobile,6,0
4292,control,mobile,5,0
14550,treatment,desktop,11,0
18441,treatment,desktop,12,0
2840,control,desktop,3,0
17621,treatment,desktop,1,0
17469,treatment,desktop,2,0
5488,control,desktop,12,0
23759,treatment,desktop,13,0
9332,control,desktop,14,0
12755,treatment,desktop,13,0
2627,control,desktop,13,0
4332,control,desktop,9,0
19352,treatment,mobile,4,0
18647,treatment,desktop,7,0
18266,treatment,mobile,7,0
16155,treatment,mobile,3,0
21298,treatment,mobile,10,0
10655,control,mobile,4,0
14619,treatment,desktop,12,0
690,control,desktop,10,0
3093,control,desktop,6,0
15680,treatment,mobile,12,0
2252,control,desktop,8,0
7701,control,mobile,1,0
1151,control,desktop,5,0
14292,treatment,desktop,7,0
5244,control,desktop,1,0
14572,treatment,mobile,13,0
20661,treatment,desktop,10,0
15249,treatment,desktop,10,0
20243,treatment,desktop,13,0
15827,treatment,mobile,2,0
17117,treatment,mobile,5,0
14663,treatment,desktop,7,0
18895,treatment,desktop,9,0
209,control,mobile,8,0
779,control,mobile,7,0
16451,treatment,mobile,4,0
20453,treatment,desktop,2,0
18046,treatment,mobile,1,0
6086,control,mobile,5,0
7659,control,mobile,7,0
19344,treatment,mobile,8,0
419,control,mobile,7,0
15918,treatment,mobile,9,0
13798,treatment,mobile,6,0
5781,control,mobile,14,0
11410,control,mobile,7,0
604,control,mobile,4,0
6750,control,mobile,11,0
23408,treatment,mobile,9,0
2014,control,mobile,6,1
17043,treatment,mobile,5,0
19915,treatment,mobile,10,0
7574,control,desktop,8,0
2161,control,mobile,10,0
21072,treatment,mobile,8,0
23286,treatment,mobile,7,0
20239,treatment,mobile,13,0
753,control,mobile,9,0
16159,treatment,mobile,8,1
4713,control,mobile,11,0
20480,treatment,mobile,3,0
9950,control,mobile,11,0
5182,control,mobile,13,0
3772,control,desktop,14,0
20167,treatment,desktop,7,0
18853,treatment,mobile,7,0
21678,treatment,mobile,2,0
17355,treatment,mobile,14,0
17382,treatment,desktop,2,0
9146,control,mobile,2,0
5802,control,desktop,2,0
20106,treatment,mobile,9,0
7805,control,mobile,7,0
14363,treatment,mobile,7,0
14027,treatment,mobile,13,0
13707,treatment,mobile,12,0
23253,treatment,desktop,4,0
10452,control,mobile,14,0
17938,treatment,mobile,7,0
16689,treatment,mobile,14,0
9719,control,desktop,2,0
2527,control,mobile,3,0
15730,treatment,desktop,11,0
7947,control,desktop,11,0
23629,treatment,mobile,5,0
18481,treatment,mobile,4,0
3870,control,desktop,9,0
22336,treatment,mobile,14,0
14433,treatment,mobile,4,0
17907,treatment,desktop,9,0
7031,control,mobile,8,0
9432,control,desktop,9,0
20202,treatment,mobile,6,0
5404,control,mobile,8,1
13292,treatment,mobile,14,0
17859,treatment,mobile,10,0
21580,treatment,mobile,10,0
3673,control,desktop,10,0
23787,treatment,mobile,4,0
8538,control,mobile,9,1
17404,treatment,mobile,2,0
10165,control,mobile,9,0
9193,control,mobile,4,0
9988,control,mobile,12,0
2816,control,desktop,13,0
11346,control,mobile,10,0
18101,treatment,desktop,11,0
23015,treatment,mobile,3,0
15882,treatment,mobile,10,0
20232,treatment,mobile,7,0
20483,treatment,mobile,4,0
19318,treatment,desktop,10,0
6690,control,desktop,3,0
8940,control,mobile,5,0
4995,control,mobile,7,0
6364,control,desktop,2,0
10097,control,desktop,13,0
23871,treatment,desktop,5,0
23918,treatment,desktop,9,0
3630,control,mobile,5,0
2200,control,mobile,8,0
1800,control,mobile,12,0
13782,treatment,mobile,10,1
18888,treatment,mobile,5,0
1438,control,mobile,7,0
21659,treatment,mobile,12,1
19106,treatment,mobile,8,0
18219,treatment,desktop,7,0
5674,control,mobile,7,0
23361,treatment,desktop,2,0
12398,treatment,mobile,9,1
11190,control,desktop,13,0
3537,control,mobile,8,0
22919,treatment,mobile,3,0
13515,treatment,mobile,11,0
10085,control,desktop,2,0
19112,treatment,mobile,4,0
11829,control,mobile,13,0
23890,treatment,mobile,7,0
12463,treatment,mobile,10,0
23270,treatment,desktop,11,0
20029,treatment,mobile,10,0
13718,treatment,mobile,3,0
2847,control,mobile,1,0
20660,treatment,desktop,6,0
17883,treatment,mobile,14,0
6961,control,mobile,9,0
12338,treatment,desktop,3,0
18028,treatment,mobile,2,0
8846,control,mobile,2,0
19583,treatment,mobile,10,1
8038,control,mobile,6,0
981,control,mobile,9,0
21481,treatment,mobile,13,0
19407,treatment,mobile,10,0
4121,control,desktop,9,0
12506,treatment,desktop,2,0
18703,treatment,mobile,6,0
21392,treatment,mobile,1,0
19373,treatment,mobile,11,0
1572,control,mobile,3,0
8404,control,mobile,14,0
15195,treatment,mobile,11,0
6406,control,desktop,8,0
8135,control,mobile,2,0
1598,control,mobile,3,0
5081,control,mobile,13,0
2176,control,mobile,11,0
4608,control,mobile,7,0
17531,treatment,mobile,5,0
9333,control,desktop,8,0
15276,treatment,mobile,10,0
9882,control,mobile,12,0
5795,control,mobile,9,0
23669,treatment,desktop,13,0
5423,control,desktop,9,0
13054,treatment,mobile,12,0
7263,control,mobile,5,0
23290,treatment,mobile,7,0
16428,treatment,mobile,12,0
15092,treatment,mobile,1,0
22095,treatment,desktop,12,0
15501,treatment,mobile,12,0
10927,control,mobile,9,0
2214,control,desktop,3,0
20702,treatment,mobile,10,0
3106,control,mobile,6,0
9985,control,mobile,5,0
9102,control,desktop,7,0
13740,treatment,mobile,13,0
16748,treatment,mobile,2,0
13876,treatment,desktop,9,0
1021,control,desktop,3,0
1606,control,mobile,14,0
21818,treatment,mobile,5,0
22146,treatment,mobile,1,1
17519,treatment,mobile,4,1
4192,control,mobile,6,0
6260,control,desktop,10,0
917,control,mobile,12,0
19981,treatment,mobile,12,0
12665,treatment,desktop,13,0
15580,treatment,desktop,2,0
21532,treatment,mobile,1,0
3000,control,mobile,4,0
10961,control,desktop,2,0
947,control,mobile,12,0
6526,control,mobile,8,0
3939,control,mobile,3,0
3944,control,desktop,8,0
6269,control,desktop,11,1
8896,control,mobile,13,1
19795,treatment,desktop,3,0
17275,treatment,mobile,12,0
21545,treatment,mobile,8,0
7752,control,mobile,13,0
21184,treatment,desktop,14,0
23977,treatment,mobile,4,0
20049,treatment,mobile,10,0
17488,treatment,mobile,13,0
4771,control,mobile,2,0
7793,control,mobile,1,0
7520,control,mobile,3,0
11429,control,mobile,9,0
22527,treatment,desktop,7,0
5760,control,mobile,8,0
15037,treatment,mobile,4,0
20954,treatment,mobile,9,0
6839,control,mobile,5,0
6652,control,desktop,4,0
4353,control,desktop,9,0
18667,treatment,mobile,2,0
22872,treatment,desktop,7,0
16164,treatment,mobile,11,0
3256,control,mobile,10,0
7412,control,desktop,3,0
6425,control,desktop,11,0
10316,control,mobile,2,0
18520,treatment,mobile,8,0
20462,treatment,mobile,12,0
11627,control,mobile,11,0
20287,treatment,desktop,3,0
21852,treatment,mobile,2,0
23047,treatment,desktop,11,0
6843,control,desktop,11,0
18697,treatment,mobile,10,0
2718,control,mobile,8,0
17598,treatment,mobile,9,0
16509,treatment,mobile,11,0
9912,control,mobile,2,0
10391,control,mobile,7,1
5879,control,desktop,4,0
5529,control,mobile,8,0
18072,treatment,desktop,12,0
1401,control,desktop,2,0
19234,treatment,desktop,3,1
8728,control,mobile,5,0
9830,control,mobile,6,0
11491,control,mobile,4,0
16943,treatment,mobile,5,0
12925,treatment,mobile,14,0
5520,control,desktop,10,0
20110,treatment,mobile,8,0
17176,treatment,mobile,14,0
18641,treatment,desktop,4,0
12870,treatment,mobile,13,0
2900,control,mobile,9,0
13627,treatment,mobile,3,0
21305,treatment,mobile,14,0
366,control,mobile,13,1
21473,treatment,mobile,5,1
420,control,mobile,13,0
5862,control,mobile,12,0
8435,control,desktop,6,0
2913,control,desktop,7,0
1241,control,desktop,10,0
9292,control,desktop,3,0
21847,treatment,mobile,5,0
15621,treatment,mobile,1,0
9092,control,mobile,10,0
17978,treatment,mobile,8,0
2009,control,mobile,1,0
22783,treatment,mobile,1,0
10149,control,desktop,9,0
14892,treatment,mobile,5,0
23598,treatment,mobile,14,0
2874,control,mobile,6,0
6000,control,desktop,5,0
19063,treatment,mobile,4,0
22680,treatment,mobile,9,0
2914,control,mobile,6,0
9616,control,mobile,4,0
14050,treatment,mobile,6,0
7374,control,mobile,2,0
21926,treatment,mobile,6,0
5347,control,mobile,12,0
22117,treatment,mobile,5,0
18602,treatment,mobile,7,0
21423,treatment,desktop,9,1
9078,control,mobile,2,0
6545,control,desktop,8,0
6804,control,mobile,6,0
10531,control,mobile,8,0
23465,treatment,mobile,8,0
22798,treatment,mobile,7,0
3955,control,mobile,8,0
1587,control,desktop,9,0
10212,control,mobile,12,0
12403,treatment,desktop,12,1
14735,treatment,desktop,13,0
22596,treatment,desktop,10,0
2639,control,desktop,11,0
5061,control,mobile,8,0
15283,treatment,mobile,14,0
22775,treatment,mobile,1,0
6052,control,mobile,4,0
5116,control,desktop,6,0
1430,control,mobile,13,0
21330,treatment,mobile,7,0
2474,control,mobile,9,0
179,control,desktop,2,0
963,control,mobile,2,0
18611,treatment,mobile,4,0
14656,treatment,desktop,14,0
5784,control,desktop,6,0
490,control,mobile,12,0
3640,control,mobile,3,0
12520,treatment,mobile,8,0
6531,control,desktop,14,0
1996,control,mobile,14,0
10191,control,mobile,10,0
9603,control,mobile,1,0
9228,control,mobile,6,0
9764,control,mobile,7,0
10195,control,desktop,9,0
23937,treatment,mobile,5,0
8537,control,mobile,13,0
20725,treatment,mobile,14,0
15033,treatment,mobile,10,0
18295,treatment,mobile,14,0
10878,control,desktop,1,0
2761,control,mobile,10,0
9131,control,desktop,5,0
22851,treatment,desktop,5,1
3165,control,mobile,3,0
16138,treatment,desktop,5,0
21328,treatment,mobile,12,0
21651,treatment,mobile,4,0
11051,control,mobile,1,0
22822,treatment,desktop,11,0
13819,treatment,mobile,12,0
10274,control,desktop,8,0
1979,control,mobile,14,0
10759,control,mobile,2,0
17227,treatment,desktop,6,0
1496,control,desktop,11,0
3971,control,desktop,12,0
4412,control,desktop,13,1
17020,treatment,desktop,5,0
8927,control,mobile,4,0
19862,treatment,desktop,14,0
15891,treatment,mobile,5,0
22328,treatment,mobile,5,0
15929,treatment,mobile,10,0
11902,control,mobile,9,0
11034,control,desktop,1,0
11009,control,desktop,5,0
21255,treatment,desktop,8,0
8929,control,desktop,1,0
3168,control,mobile,8,0
22303,treatment,mobile,2,0
17149,treatment,mobile,12,1
14673,treatment,mobile,3,0
9671,control,mobile,7,0
20902,treatment,mobile,4,0
17646,treatment,mobile,5,0
15303,treatment,desktop,2,0
1811,control,mobile,10,0
12578,treatment,desktop,13,1
19561,treatment,desktop,5,0
5890,control,desktop,8,0
9379,control,mobile,14,0
10693,control,mobile,1,0
11298,control,desktop,5,0
11951,control,mobile,3,0
11333,control,mobile,9,0
9855,control,mobile,12,0
21921,treatment,mobile,2,0
1678,control,mobile,11,1
11701,control,desktop,1,0
13753,treatment,mobile,2,0
21257,treatment,desktop,14,0
2792,control,desktop,7,0
4458,control,mobile,1,0
3937,control,mobile,5,0
7301,control,mobile,9,0
23388,treatment,mobile,8,0
20329,treatment,mobile,14,0
6222,control,mobile,6,0
4922,control,mobile,2,0
22233,treatment,mobile,11,0
4967,control,desktop,2,0
8146,control,mobile,11,0
8295,control,desktop,1,0
22008,treatment,mobile,13,0
23720,treatment,mobile,4,0
18774,treatment,mobile,1,0
1868,control,mobile,2,0
5429,control,mobile,10,0
10227,control,mobile,14,0
1957,control,desktop,11,0
9968,control,mobile,8,0
9038,control,mobile,14,0
19654,treatment,desktop,11,0
11985,control,desktop,7,0
13181,treatment,desktop,3,0
1872,control,desktop,13,0
9841,control,desktop,4,0
22826,treatment,mobile,9,0
4117,control,desktop,14,0
7056,control,mobile,2,0
12473,treatment,mobile,9,0
11765,control,mobile,5,0
18431,treatment,mobile,7,0
16722,treatment,desktop,4,0
1086,control,mobile,1,0
12708,treatment,mobile,14,0
11592,control,desktop,5,0
14236,treatment,desktop,9,0
5442,control,mobile,7,0
5158,control,mobile,10,0
21400,treatment,desktop,12,0
10930,control,desktop,14,0
22012,treatment,mobile,6,0
4579,control,desktop,5,1
21696,treatment,mobile,10,0
12208,treatment,mobile,1,0
14843,treatment,mobile,11,0
23073,treatment,mobile,5,0
8686,control,mobile,13,0
17743,treatment,mobile,12,0
12874,treatment,desktop,4,0
897,control,mobile,1,0
10287,control,desktop,14,0
6261,control,desktop,13,0
655,control,mobile,5,0
16025,treatment,mobile,8,0
17891,treatment,desktop,1,1
16610,treatment,mobile,11,0
20566,treatment,mobile,12,0
12721,treatment,mobile,8,0
11819,control,desktop,7,1
17460,treatment,mobile,13,0
19030,treatment,mobile,6,0
10011,control,desktop,14,0
7389,control,mobile,11,0
18905,treatment,mobile,11,0
14876,treatment,desktop,14,1
13941,treatment,mobile,1,0
10266,control,mobile,14,0
19199,treatment,mobile,3,0
8058,control,mobile,6,0
22485,treatment,desktop,12,0
17395,treatment,desktop,7,0
14646,treatment,mobile,3,0
4790,control,mobile,9,0
13868,treatment,mobile,5,0
21839,treatment,mobile,7,1
20064,treatment,mobile,8,0
13672,treatment,desktop,4,0
7142,control,mobile,3,0
1404,control,mobile,9,0
23186,treatment,desktop,2,0
7426,control,mobile,4,0
23439,treatment,mobile,5,0
20481,treatment,desktop,3,0
16291,treatment,mobile,10,0
15062,treatment,desktop,12,0
16311,treatment,mobile,7,0
11614,control,mobile,3,0
9288,control,desktop,5,0
6114,control,desktop,10,0
18856,treatment,desktop,1,0
15150,treatment,mobile,8,0
15991,treatment,mobile,11,0
113,control,mobile,7,0
5691,control,mobile,14,0
21369,treatment,mobile,2,0
10504,control,mobile,8,0
18420,treatment,mobile,12,0
15362,treatment,desktop,14,0
5234,control,mobile,12,0
15639,treatment,mobile,12,0
16099,treatment,desktop,14,0
23622,treatment,mobile,9,0
8754,control,mobile,11,0
9241,control,mobile,7,0
9324,control,mobile,14,0
8093,control,desktop,7,0
7057,control,desktop,10,0
6956,control,mobile,14,0
10532,control,desktop,2,0
7620,control,mobile,7,0
3550,control,mobile,2,0
74,control,desktop,10,0
810,control,mobile,1,0
12731,treatment,desktop,10,0
20887,treatment,desktop,7,0
13427,treatment,desktop,1,0
14520,treatment,mobile,9,0
14210,treatment,desktop,3,0
6973,control,mobile,11,0
18680,treatment,desktop,3,0
2047,control,desktop,11,0
16988,treatment,mobile,7,0
20237,treatment,mobile,7,0
23836,treatment,mobile,14,1
17337,treatment,desktop,6,0
2340,control,mobile,4,0
9586,control,desktop,4,0
8139,control,desktop,11,0
2966,control,desktop,14,0
5462,control,mobile,1,0
8012,control,mobile,13,0
7081,control,desktop,1,0
23254,treatment,mobile,4,0
23087,treatment,desktop,2,0
15920,treatment,mobile,14,0
14783,treatment,mobile,4,0
8857,control,mobile,4,0
4235,control,desktop,1,0
22368,treatment,desktop,5,0
23842,treatment,desktop,13,0
23083,treatment,desktop,14,0
20797,treatment,mobile,6,0
9134,control,mobile,1,0
15077,treatment,mobile,12,0
6506,control,desktop,14,1
1358,control,desktop,14,0
12780,treatment,mobile,1,0
9725,control,mobile,8,0
14239,treatment,mobile,5,1
19076,treatment,mobile,3,0
9606,control,mobile,10,0
8248,control,desktop,11,0
8052,control,mobile,11,0
23594,treatment,mobile,10,0
2260,control,desktop,4,0
11980,control,mobile,13,0
16353,treatment,desktop,12,0
4885,control,desktop,7,0
21851,treatment,mobile,3,0
2279,control,mobile,4,0
14603,treatment,mobile,4,0
12380,treatment,mobile,13,0
12538,treatment,mobile,11,0
2780,control,mobile,13,0
9285,control,mobile,1,0
4565,control,mobile,13,0
9791,control,mobile,3,0
3631,control,desktop,1,0
23975,treatment,desktop,12,0
11764,control,mobile,3,1
17711,treatment,desktop,8,0
1968,control,mobile,14,0
1870,control,desktop,4,0
1956,control,desktop,3,0
21691,treatment,mobile,6,0
665,control,mobile,11,0
13473,treatment,mobile,14,0
18320,treatment,desktop,14,0
22532,treatment,mobile,8,0
1662,control,mobile,10,0
10711,control,mobile,12,0
19912,treatment,mobile,6,0
2065,control,mobile,10,0
11996,control,mobile,5,0
16666,treatment,mobile,7,1
6362,control,desktop,3,0
18803,treatment,mobile,7,0
9255,control,mobile,7,0
22570,treatment,mobile,12,0
146,control,mobile,2,0
23807,treatment,desktop,1,0
10186,control,mobile,8,0
10789,control,desktop,7,0
5692,control,desktop,11,0
7851,control,mobile,8,0
14747,treatment,desktop,12,0
23199,treatment,desktop,14,0
20923,treatment,desktop,14,0
14888,treatment,desktop,8,0
14621,treatment,mobile,1,0
8311,control,mobile,12,0
9599,control,mobile,3,0
1749,control,desktop,4,0
20712,treatment,mobile,3,0
4258,control,mobile,14,0
5687,control,desktop,11,0
2589,control,mobile,7,0
15780,treatment,desktop,10,0
13623,treatment,mobile,3,0
15040,treatment,mobile,4,0
6512,control,mobile,13,1
15313,treatment,desktop,7,0
6759,control,mobile,13,0
14631,treatment,desktop,2,0
9885,control,desktop,13,0
770,control,mobile,6,0
8209,control,mobile,1,0
5820,control,desktop,11,0
17618,treatment,mobile,13,0
17973,treatment,mobile,10,0
23280,treatment,mobile,2,0
6969,control,mobile,6,0
16572,treatment,mobile,13,0
267,control,mobile,1,0
3175,control,mobile,7,0
20642,treatment,desktop,7,0
333,control,desktop,2,0
23030,treatment,mobile,4,0
23507,treatment,mobile,12,0
22718,treatment,mobile,2,0
23315,treatment,desktop,8,0
21073,treatment,mobile,11,0
20173,treatment,desktop,1,0
16545,treatment,desktop,4,0
23212,treatment,mobile,6,0
23665,treatment,mobile,13,0
4750,control,desktop,9,0
20452,treatment,mobile,11,0
10431,control,desktop,11,0
17367,treatment,mobile,14,0
16919,treatment,mobile,12,0
5816,control,mobile,4,0
11387,control,mobile,8,0
2560,control,mobile,14,0
19873,treatment,mobile,6,0
12205,treatment,desktop,2,0
15968,treatment,mobile,13,0
3412,control,mobile,1,0
9727,control,desktop,2,0
4947,control,desktop,9,0
18840,treatment,desktop,8,0
196,control,desktop,13,0
21610,treatment,desktop,7,0
21829,treatment,mobile,3,0
11226,control,mobile,7,1
19661,treatment,mobile,2,0
13171,treatment,desktop,7,1
11776,control,mobile,12,0
15130,treatment,mobile,12,0
363,control,mobile,8,0
19101,treatment,desktop,11,0
4221,control,mobile,14,0
9237,control,mobile,3,0
21544,treatment,desktop,14,0
20076,treatment,mobile,10,0
9287,control,mobile,14,0
6598,control,mobile,13,0
1373,control,desktop,4,0
3687,control,mobile,12,0
6058,control,desktop,12,0
3271,control,mobile,6,0
215,control,desktop,8,0
7501,control,desktop,9,0
23835,treatment,mobile,9,0
13310,treatment,desktop,9,0
1056,control,desktop,13,0
16945,treatment,mobile,1,0
18702,treatment,mobile,3,0
3267,control,desktop,8,0
10364,control,desktop,3,0
17783,treatment,mobile,1,0
23614,treatment,mobile,4,0
22566,treatment,mobile,12,0
11907,control,mobile,13,0
9351,control,mobile,5,0
18418,treatment,mobile,14,0
21008,treatment,desktop,13,0
11354,control,mobile,11,0
23483,treatment,desktop,5,0
5891,control,mobile,3,0
7244,control,mobile,5,0
20369,treatment,desktop,14,0
3239,control,mobile,4,0
213,control,desktop,13,0
11493,control,mobile,3,0
21723,treatment,mobile,9,0
18347,treatment,desktop,1,0
22544,treatment,desktop,4,0
15379,treatment,mobile,4,0
20375,treatment,desktop,9,0
3528,control,desktop,12,0
3662,control,mobile,13,0
1230,control,mobile,11,0
20717,treatment,mobile,7,0
18534,treatment,mobile,9,0
13976,treatment,mobile,3,0
16901,treatment,mobile,14,0
5107,control,mobile,11,0
22313,treatment,mobile,2,0
7229,control,desktop,11,1
4908,control,mobile,13,0
30,control,desktop,11,0
8440,control,desktop,4,0
4520,control,desktop,12,0
18788,treatment,mobile,11,0
21824,treatment,desktop,8,0
10236,control,desktop,5,0
13804,treatment,mobile,2,0
8589,control,mobile,3,0
16549,treatment,desktop,8,0
11003,control,mobile,12,0
22184,treatment,mobile,5,0
11899,control,mobile,14,0
18726,treatment,mobile,1,0
18038,treatment,desktop,5,0
1035,control,mobile,14,0
6777,control,mobile,6,1
18735,treatment,mobile,5,0
3591,control,desktop,6,1
20157,treatment,desktop,8,0
18118,treatment,desktop,7,0
7716,control,desktop,1,0
10744,control,desktop,6,0
8515,control,mobile,10,0
18875,treatment,desktop,13,0
20577,treatment,desktop,4,0
360,control,desktop,1,0
15932,treatment,mobile,3,0
19916,treatment,mobile,9,0
2019,control,mobile,6,0
10081,control,desktop,6,0
18035,treatment,mobile,12,0
13397,treatment,mobile,9,0
4179,control,desktop,4,0
19629,treatment,mobile,7,0
5716,control,desktop,9,0
5867,control,mobile,6,0
772,control,mobile,5,0
22861,treatment,mobile,11,0
18120,treatment,desktop,2,0
7476,control,mobile,11,0
2311,control,desktop,11,0
2903,control,desktop,11,0
3003,control,desktop,1,0
23868,treatment,desktop,12,0
3275,control,desktop,12,0
9341,control,desktop,5,0
16609,treatment,mobile,5,0
2013,control,mobile,1,0
17651,treatment,mobile,5,0
7997,control,mobile,14,0
14235,treatment,mobile,9,0
4991,control,mobile,12,1
21711,treatment,desktop,13,0
13347,treatment,mobile,8,0
4715,control,desktop,14,0
14714,treatment,desktop,13,0
3437,control,mobile,11,0
2706,control,mobile,12,0
7216,control,desktop,12,0
10604,control,desktop,9,0
9767,control,mobile,5,0
11090,control,desktop,14,0
22818,treatment,mobile,14,0
23920,treatment,desktop,6,0
17660,treatment,desktop,3,0
7431,control,desktop,12,1
2793,control,desktop,5,0
19777,treatment,mobile,1,0
9538,control,mobile,13,0
10729,control,desktop,14,0
16732,treatment,desktop,6,0
457,control,desktop,11,0
657,control,mobile,3,0
21212,treatment,desktop,7,0
20641,treatment,desktop,7,0
1354,control,mobile,3,0
2661,control,desktop,2,0
2948,control,mobile,1,1
518,control,desktop,7,0
12124,treatment,mobile,3,0
18278,treatment,mobile,7,0
999,control,mobile,1,0
11820,control,desktop,11,0
19854,treatment,desktop,7,0
8882,control,mobile,4,1
20484,treatment,mobile,11,0
4639,control,desktop,11,0
4955,control,desktop,14,0
12336,treatment,mobile,12,0
22157,treatment,mobile,12,0
5044,control,desktop,11,0
5596,control,mobile,4,0
3127,control,desktop,5,0
15389,treatment,mobile,9,0
14299,treatment,mobile,8,0
9208,control,mobile,9,0
16791,treatment,mobile,8,0
8968,control,mobile,5,0
16285,treatment,desktop,11,0
18429,treatment,mobile,13,0
21005,treatment,mobile,3,0
15985,treatment,mobile,14,0
5970,control,mobile,13,1
12531,treatment,mobile,9,0
10082,control,mobile,6,0
4077,control,mobile,5,0
12397,treatment,desktop,6,0
11514,control,mobile,10,0
14424,treatment,mobile,1,0
16172,treatment,desktop,7,0
6557,control,desktop,11,0
13988,treatment,mobile,6,0
15806,treatment,mobile,9,0
10758,control,mobile,5,0
19617,treatment,mobile,2,0
1054,control,mobile,10,0
1497,control,desktop,3,0
19866,treatment,desktop,6,0
13042,treatment,mobile,14,0
2229,control,mobile,3,0
9511,control,desktop,2,0
2791,control,mobile,14,0
6688,control,desktop,11,0
10298,control,desktop,7,0
7197,control,mobile,8,0
20266,treatment,mobile,7,0
16019,treatment,mobile,4,0
13767,treatment,mobile,10,0
15975,treatment,mobile,4,0
9687,control,mobile,9,0
16455,treatment,desktop,3,0
23316,treatment,mobile,10,0
576,control,mobile,1,0
21712,treatment,mobile,9,0
18814,treatment,desktop,6,0
10078,control,desktop,1,0
12594,treatment,mobile,3,0
9389,control,mobile,13,0
21772,treatment,mobile,8,0
6993,control,mobile,9,0
17391,treatment,mobile,1,0
1236,control,mobile,13,0
6443,control,mobile,12,0
11407,control,mobile,14,1
17103,treatment,desktop,11,0
12321,treatment,desktop,7,0
2719,control,mobile,13,0
16463,treatment,mobile,2,0
6685,control,desktop,10,0
12238,treatment,mobile,10,0
23926,treatment,mobile,6,0
14986,treatment,desktop,10,0
2743,control,mobile,6,0
15403,treatment,mobile,5,0
17110,treatment,mobile,9,0
17663,treatment,desktop,7,0
10119,control,desktop,5,0
9664,control,desktop,3,0
6268,control,mobile,10,0
6065,control,mobile,5,0
11217,control,mobile,6,0
4841,control,desktop,14,0
22510,treatment,mobile,11,0
11443,control,mobile,2,0
3869,control,mobile,3,0
18874,treatment,mobile,12,1
21798,treatment,desktop,10,0
22815,treatment,mobile,7,0
12575,treatment,desktop,4,0
23239,treatment,mobile,12,0
10971,control,desktop,11,0
18018,treatment,desktop,7,0
19360,treatment,mobile,4,0
23396,treatment,mobile,10,0
18910,treatment,desktop,9,0
7801,control,mobile,7,0
3876,control,mobile,1,0
5610,control,mobile,1,0
23570,treatment,desktop,8,0
1799,control,desktop,5,0
1116,control,mobile,1,0
2897,control,mobile,10,0
21319,treatment,mobile,7,0
20594,treatment,mobile,14,0
20001,treatment,desktop,12,0
5812,control,desktop,1,0
8151,control,mobile,8,1
1096,control,desktop,9,0
13118,treatment,mobile,4,0
14186,treatment,desktop,5,0
13446,treatment,mobile,10,0
18623,treatment,desktop,12,0
2158,control,desktop,14,0
17912,treatment,mobile,6,0
19127,treatment,mobile,13,0
9081,control,desktop,10,0
1250,control,mobile,8,0
20621,treatment,mobile,9,0
3489,control,mobile,11,0
23892,treatment,mobile,10,0
10438,control,desktop,8,1
13848,treatment,mobile,1,0
21071,treatment,mobile,12,1
5390,control,desktop,11,0
23487,treatment,desktop,5,0
12825,treatment,mobile,2,0
6906,control,mobile,6,0
3852,control,mobile,13,0
11049,control,mobile,12,0
18643,treatment,mobile,10,0
22389,treatment,desktop,14,0
14192,treatment,mobile,10,0
22715,treatment,mobile,2,0
5183,control,mobile,10,0
8597,control,desktop,10,0
18847,treatment,desktop,10,0
19830,treatment,desktop,11,0
5759,control,mobile,12,0
14319,treatment,mobile,1,0
12965,treatment,mobile,14,0
15169,treatment,mobile,13,0
9398,control,desktop,11,0
4213,control,desktop,5,0
2379,control,desktop,3,0
6200,control,mobile,8,0
4269,control,mobile,9,0
19321,treatment,desktop,7,0
22243,treatment,mobile,10,0
18444,treatment,mobile,8,0
7355,control,mobile,9,0
21925,treatment,mobile,12,0
22534,treatment,mobile,6,0
4833,control,mobile,7,1
16468,treatment,desktop,9,0
11093,control,mobile,14,0
17205,treatment,mobile,9,0
8260,control,mobile,14,0
10309,control,desktop,7,0
21214,treatment,desktop,11,0
13168,treatment,desktop,1,0
19721,treatment,mobile,9,0
18292,treatment,mobile,1,0
4441,control,mobile,14,0
10804,control,mobile,2,0
10756,control,mobile,5,0
8776,control,desktop,1,0
16134,treatment,mobile,9,0
23063,treatment,mobile,5,0
12098,treatment,mobile,7,0
21389,treatment,mobile,3,0
18229,treatment,mobile,9,0
18894,treatment,mobile,2,0
22666,treatment,desktop,7,0
17789,treatment,mobile,8,0
5227,control,desktop,12,0
15545,treatment,desktop,3,0
19252,treatment,desktop,7,0
4428,control,mobile,1,0
8224,control,mobile,13,0
1982,control,mobile,5,0
2242,control,mobile,3,0
13632,treatment,mobile,10,0
12571,treatment,mobile,14,0
19396,treatment,desktop,2,0
8969,control,mobile,8,0
12194,treatment,mobile,13,0
19136,treatment,mobile,8,0
1698,control,mobile,13,0
6966,control,mobile,1,0
2096,control,mobile,3,0
10918,control,mobile,2,0
16846,treatment,mobile,6,1
5593,control,mobile,3,0
11789,control,desktop,12,0
929,control,mobile,1,0
22092,treatment,mobile,9,0
3700,control,mobile,12,0
8127,control,desktop,14,0
23632,treatment,mobile,12,0
12730,treatment,desktop,2,0
10439,control,desktop,3,0
717,control,desktop,11,0
18396,treatment,desktop,8,0
3931,control,mobile,9,0
3744,control,desktop,1,0
6754,control,mobile,10,0
23010,treatment,mobile,3,0
8533,control,mobile,2,0
15843,treatment,mobile,1,0
20762,treatment,mobile,5,0
5195,control,mobile,4,0
3787,control,desktop,9,0
7069,control,mobile,11,0
23393,treatment,mobile,14,0
3019,control,mobile,5,0
1433,control,mobile,5,0
20925,treatment,mobile,1,0
312,control,mobile,13,0
20633,treatment,desktop,11,0
11952,control,desktop,12,0
20039,treatment,mobile,9,0
10925,control,mobile,5,0
13359,treatment,mobile,3,0
16152,treatment,desktop,4,0
11870,control,desktop,6,0
14022,treatment,desktop,10,0
15825,treatment,mobile,12,0
17730,treatment,desktop,2,0
19623,treatment,desktop,2,1
17297,treatment,desktop,12,0
9739,control,mobile,10,0
512,control,mobile,3,0
5014,control,desktop,13,0
17631,treatment,mobile,10,0
18614,treatment,mobile,5,1
21619,treatment,mobile,13,0
852,control,mobile,4,0
9595,control,desktop,6,0
17869,treatment,mobile,5,1
8040,control,desktop,3,0
13305,treatment,mobile,3,0
10290,control,desktop,12,0
9023,control,desktop,3,0
542,control,mobile,11,0
15190,treatment,mobile,10,0
19031,treatment,mobile,6,0
3105,control,desktop,2,0
6318,control,mobile,6,0
3103,control,mobile,6,0
13052,treatment,mobile,8,0
16302,treatment,mobile,6,0
2258,control,mobile,1,0
12356,treatment,mobile,9,0
12320,treatment,desktop,2,0
21263,treatment,mobile,10,0
7507,control,mobile,4,0
321,control,mobile,11,0
10409,control,mobile,14,0
10105,control,mobile,4,0
6535,control,mobile,6,0
3378,control,mobile,8,0
6186,control,mobile,3,1
16761,treatment,mobile,1,0
20214,treatment,mobile,13,0
22384,treatment,mobile,6,0
8445,control,desktop,1,0
18830,treatment,mobile,3,0
20992,treatment,mobile,14,0
2472,control,desktop,8,0
324,control,mobile,1,0
10057,control,mobile,2,0
22380,treatment,desktop,12,0
23002,treatment,mobile,11,0
8902,control,mobile,8,0
11129,control,mobile,9,0
17444,treatment,desktop,13,0
16277,treatment,mobile,1,0
16874,treatment,mobile,8,1
15516,treatment,desktop,14,0
1043,control,mobile,5,0
5922,control,mobile,12,0
8545,control,mobile,14,0
12164,treatment,desktop,2,0
14144,treatment,mobile,14,0
2208,control,mobile,11,0
14823,treatment,desktop,12,0
7853,control,mobile,2,0
6023,control,desktop,4,0
12985,treatment,mobile,5,0
14972,treatment,desktop,11,0
15182,treatment,desktop,10,0
22048,treatment,desktop,5,0
11281,control,desktop,11,0
4431,control,mobile,7,0
19156,treatment,mobile,1,0
8818,control,desktop,3,0
17050,treatment,mobile,14,0
4570,control,desktop,1,0
15992,treatment,mobile,2,0
16295,treatment,mobile,3,0
17167,treatment,mobile,11,0
9428,control,desktop,5,0
17215,treatment,desktop,13,0
3888,control,mobile,2,0
19940,treatment,desktop,4,1
16401,treatment,mobile,11,0
6699,control,mobile,7,0
14956,treatment,mobile,11,0
16194,treatment,mobile,11,0
20031,treatment,mobile,8,0
9740,control,mobile,1,0
12359,treatment,mobile,12,0
14036,treatment,mobile,4,0
8915,control,mobile,3,0
9362,control,desktop,6,0
16499,treatment,mobile,7,0
4659,control,desktop,6,1
14146,treatment,mobile,1,0
12547,treatment,desktop,8,0
1273,control,desktop,14,0
7498,control,desktop,12,0
14801,treatment,desktop,9,0
218,control,mobile,10,1
8815,control,mobile,8,0
4884,control,mobile,8,0
8529,control,mobile,3,0
17467,treatment,mobile,4,0
13686,treatment,mobile,3,0
20920,treatment,desktop,13,0
7544,control,mobile,10,0
6923,control,mobile,11,0
4782,control,mobile,13,0
16752,treatment,desktop,5,0
18201,treatment,mobile,1,0
2972,control,mobile,2,0
7325,control,mobile,8,0
22034,treatment,desktop,6,0
19445,treatment,mobile,4,1
20327,treatment,desktop,8,1
1542,control,mobile,9,0
4914,control,mobile,11,0
23686,treatment,desktop,10,0
5834,control,mobile,1,0
20685,treatment,mobile,9,0
10529,control,mobile,9,0
13699,treatment,desktop,8,0
15900,treatment,mobile,12,0
18946,treatment,mobile,8,0
9800,control,mobile,4,0
16296,treatment,mobile,1,0
10190,control,desktop,7,0
13709,treatment,desktop,4,0
22414,treatment,mobile,5,0
1470,control,mobile,2,0
13552,treatment,mobile,7,0
23666,treatment,mobile,12,0
20532,treatment,mobile,11,0
11774,control,desktop,12,0
9065,control,desktop,13,0
1055,control,mobile,14,0
2332,control,desktop,3,0
14359,treatment,mobile,13,0
11074,control,desktop,7,0
11028,control,mobile,10,0
16320,treatment,mobile,14,0
16911,treatment,desktop,5,0
20487,treatment,mobile,5,1
3247,control,mobile,7,0
6963,control,mobile,2,0
19858,treatment,mobile,13,0
14356,treatment,mobile,6,0
4078,control,desktop,9,0
15053,treatment,mobile,14,0
21894,treatment,mobile,8,0
20120,treatment,desktop,9,0
20320,treatment,mobile,10,0
23435,treatment,desktop,11,0
5327,control,mobile,9,0
549,control,mobile,13,0
8812,control,desktop,10,0
5607,control,desktop,7,0
10221,control,mobile,9,1
8605,control,desktop,8,0
5777,control,mobile,8,0
96,control,mobile,12,0
7078,control,mobile,6,0
1097,control,mobile,9,0
896,control,desktop,12,0
12365,treatment,desktop,7,1
18597,treatment,mobile,8,0
22054,treatment,mobile,9,0
8343,control,mobile,6,0
3108,control,mobile,6,0
3544,control,desktop,6,0
1702,control,mobile,8,1
12621,treatment,mobile,13,0
5985,control,mobile,8,0
10740,control,mobile,4,1
16516,treatment,desktop,2,0
19687,treatment,desktop,3,0
6591,control,mobile,8,0
11397,control,mobile,13,0
22052,treatment,desktop,12,0
2112,control,mobile,8,0
4911,control,desktop,3,0
523,control,mobile,7,0
7003,control,mobile,13,0
5573,control,desktop,13,0
8352,control,mobile,5,0
12165,treatment,mobile,14,0
14903,treatment,mobile,2,0
18969,treatment,mobile,2,0
256,control,mobile,5,0
13502,treatment,desktop,12,0
1407,control,desktop,7,1
3892,control,mobile,4,0
19259,treatment,desktop,1,1
17671,treatment,mobile,11,0
886,control,mobile,12,0
23591,treatment,desktop,13,0
3214,control,mobile,11,0
19034,treatment,desktop,4,0
18472,treatment,mobile,8,0
21415,treatment,desktop,7,0
21933,treatment,mobile,1,0
3712,control,desktop,3,0
11631,control,desktop,7,0
20780,treatment,mobile,1,0
2362,control,mobile,2,0
11750,control,mobile,11,0
3965,control,desktop,1,0
21090,treatment,desktop,11,0
1900,control,desktop,3,0
19218,treatment,mobile,1,0
7638,control,mobile,2,0
4365,control,mobile,6,0
21001,treatment,mobile,9,0
13510,treatment,mobile,6,0
10026,control,mobile,11,0
21940,treatment,desktop,12,0
10334,control,desktop,2,0
18398,treatment,mobile,6,0
6258,control,mobile,9,0
17083,treatment,mobile,13,0
14057,treatment,mobile,3,0
23080,treatment,mobile,9,0
22938,treatment,desktop,14,0
13870,treatment,desktop,12,0
2305,control,mobile,9,0
13964,treatment,desktop,9,0
16948,treatment,mobile,4,0
8315,control,mobile,5,0
23188,treatment,mobile,11,0
14552,treatment,mobile,12,0
9708,control,mobile,10,0
3970,control,mobile,13,0
6298,control,mobile,7,0
20194,treatment,mobile,10,0
12568,treatment,desktop,2,0
18512,treatment,mobile,7,0
6767,control,mobile,9,0
14461,treatment,mobile,9,0
9476,control,mobile,5,0
20552,treatment,mobile,6,0
2779,control,desktop,4,0
18985,treatment,mobile,14,0
9365,control,mobile,5,0
5453,control,desktop,7,0
3609,control,mobile,4,0
2284,control,desktop,3,0
19163,treatment,desktop,4,0
19518,treatment,mobile,1,0
9528,control,mobile,7,0
3391,control,mobile,10,0
20402,treatment,mobile,3,0
11800,control,desktop,12,0
44,control,mobile,8,0
9435,control,desktop,2,0
211,control,desktop,1,0
20050,treatment,desktop,8,0
7321,control,desktop,3,0
1543,control,desktop,6,0
21365,treatment,mobile,1,1
4302,control,desktop,12,0
10028,control,mobile,1,0
9730,control,mobile,3,0
12534,treatment,desktop,4,0
2482,control,desktop,7,0
11699,control,mobile,2,0
21221,treatment,mobile,12,0
1394,control,desktop,6,0
16546,treatment,mobile,6,0
15267,treatment,desktop,5,0
16868,treatment,desktop,8,0
17279,treatment,desktop,9,0
22166,treatment,mobile,10,0
22550,treatment,mobile,10,0
3745,control,mobile,14,0
14582,treatment,desktop,9,0
11575,control,mobile,3,0
16462,treatment,desktop,13,0
10638,control,mobile,1,0
2491,control,mobile,12,0
6870,control,mobile,3,0
19304,treatment,desktop,3,0
14063,treatment,mobile,1,0
18359,treatment,mobile,9,0
4554,control,mobile,13,0
3038,control,mobile,12,0
8388,control,desktop,9,0
13461,treatment,desktop,7,0
16538,treatment,mobile,7,0
1063,control,mobile,13,0
8044,control,desktop,4,0
18733,treatment,mobile,14,0
8101,control,mobile,6,0
9843,control,mobile,2,0
14949,treatment,mobile,11,0
12464,treatment,mobile,11,0
15831,treatment,desktop,10,0
21695,treatment,desktop,12,0
11446,control,mobile,3,0
17788,treatment,mobile,2,0
14367,treatment,mobile,3,0
15763,treatment,mobile,6,0
23091,treatment,mobile,8,0
21561,treatment,desktop,9,0
10024,control,mobile,9,1
12929,treatment,mobile,12,0
21911,treatment,mobile,12,0
11016,control,desktop,8,0
19492,treatment,mobile,14,0
16621,treatment,mobile,12,0
10561,control,desktop,6,0
6995,control,desktop,9,0
9014,control,desktop,2,0
21530,treatment,mobile,5,0
8408,control,mobile,10,0
17472,treatment,desktop,7,1
8830,control,mobile,5,1
23825,treatment,mobile,12,0
3269,control,mobile,7,0
10273,control,desktop,9,0
12151,treatment,desktop,13,0
19891,treatment,mobile,3,0
13309,treatment,mobile,10,0
21488,treatment,desktop,9,0
678,control,mobile,7,0
16981,treatment,mobile,1,0
4337,control,mobile,14,0
19144,treatment,mobile,7,0
5178,control,desktop,13,0
11088,control,mobile,6,0
17613,treatment,desktop,11,0
23242,treatment,mobile,3,0
6444,control,mobile,1,0
14828,treatment,mobile,3,0
11201,control,mobile,13,0
21604,treatment,mobile,5,0
8230,control,desktop,1,0
16229,treatment,mobile,9,0
13574,treatment,desktop,1,0
3207,control,mobile,1,1
14221,treatment,mobile,8,0
1801,control,mobile,4,0
11390,control,desktop,11,0
14093,treatment,desktop,7,0
22883,treatment,mobile,7,0
3262,control,desktop,13,0
7174,control,mobile,3,0
9001,control,desktop,1,0
6119,control,mobile,8,0
17950,treatment,mobile,2,0
22112,treatment,desktop,2,0
2703,control,mobile,10,0
22712,treatment,mobile,12,0
22771,treatment,desktop,14,0
14422,treatment,mobile,10,0
5586,control,mobile,2,0
11941,control,desktop,2,0
18536,treatment,desktop,9,0
9963,control,mobile,5,0
13134,treatment,desktop,2,0
16845,treatment,desktop,1,0
20993,treatment,mobile,9,0
18137,treatment,desktop,14,0
12251,treatment,desktop,13,0
14661,treatment,desktop,5,1
9230,control,desktop,3,0
2508,control,mobile,1,0
23688,treatment,desktop,13,0
23056,treatment,desktop,9,0
22646,treatment,mobile,12,0
14041,treatment,mobile,2,0
12611,treatment,desktop,3,0
22290,treatment,mobile,12,0
6587,control,desktop,14,0
5412,control,mobile,8,0
9728,control,desktop,14,0
6648,control,mobile,13,0
23583,treatment,desktop,4,0
22691,treatment,desktop,11,0
21313,treatment,desktop,10,0
15080,treatment,mobile,8,0
19849,treatment,desktop,3,0
16645,treatment,mobile,12,0
4751,control,mobile,7,0
14478,treatment,mobile,8,0
11872,control,desktop,10,0
19765,treatment,mobile,1,1
11393,control,desktop,3,0
23457,treatment,mobile,5,0
19658,treatment,desktop,11,0
6352,control,mobile,2,0
3629,control,mobile,12,0
19044,treatment,mobile,13,0
9564,control,desktop,1,0
890,control,desktop,13,0
15110,treatment,mobile,5,0
9423,control,mobile,11,0
11605,control,mobile,1,0
6867,control,desktop,7,0
7228,control,mobile,9,0
21919,treatment,desktop,6,0
18561,treatment,mobile,4,0
4989,control,mobile,11,1
5361,control,desktop,12,0
23870,treatment,desktop,14,0
1213,control,mobile,8,0
12546,treatment,desktop,7,0
10858,control,mobile,14,0
720,control,mobile,3,0
19303,treatment,mobile,4,0
22487,treatment,desktop,13,0
13153,treatment,desktop,9,0
6290,control,desktop,10,0
359,control,desktop,5,0
16036,treatment,mobile,4,0
16439,treatment,desktop,8,0
8573,control,desktop,4,0
6918,control,mobile,6,0
9546,control,desktop,5,0
11848,control,mobile,2,0
21419,treatment,desktop,9,0
10724,control,desktop,1,0
9284,control,desktop,13,0
16272,treatment,desktop,9,0
13854,treatment,desktop,14,0
15517,treatment,mobile,3,0
16511,treatment,mobile,9,0
10767,control,desktop,10,0
6890,control,mobile,11,0
5560,control,mobile,12,0
4838,control,desktop,10,1
20236,treatment,mobile,11,0
8477,control,desktop,9,0
13043,treatment,desktop,11,1
12793,treatment,desktop,11,0
21040,treatment,desktop,10,0
23903,treatment,desktop,5,0
14560,treatment,mobile,11,0
1235,control,desktop,11,0
3598,control,desktop,4,0
19289,treatment,mobile,8,0
7365,control,desktop,7,0
13115,treatment,desktop,13,0
9442,control,mobile,12,0
17270,treatment,mobile,2,0
4440,control,mobile,13,0
2165,control,mobile,13,0
5782,control,desktop,11,0
13276,treatment,desktop,3,0
23241,treatment,desktop,13,0
18529,treatment,mobile,12,0
7432,control,mobile,6,0
19277,treatment,mobile,6,1
6256,control,desktop,2,0
20721,treatment,desktop,14,0
944,control,desktop,14,0
14213,treatment,mobile,11,0
4976,control,mobile,9,0
1913,control,desktop,1,0
16222,treatment,desktop,11,0
7875,control,desktop,2,0
12934,treatment,mobile,9,0
16837,treatment,mobile,4,0
18639,treatment,mobile,5,0
11305,control,mobile,13,0
21762,treatment,desktop,8,0
15025,treatment,mobile,10,0
1133,control,desktop,12,0
22278,treatment,desktop,1,0
7137,control,desktop,1,0
7320,control,mobile,6,0
6108,control,mobile,9,0
5329,control,mobile,13,0
20465,treatment,desktop,7,0
23838,treatment,mobile,2,0
13176,treatment,desktop,4,0
8541,control,mobile,2,0
1653,control,mobile,8,0
3257,control,desktop,3,0
13721,treatment,mobile,6,0
5275,control,desktop,2,0
491,control,mobile,3,0
23033,treatment,mobile,3,0
15018,treatment,mobile,1,0
16865,treatment,mobile,11,0
10264,control,mobile,9,0
