reading_id,hours_since_service,load_pct,vibration_mm_s,coolant_c,failed
1,576.2,50.65,2.001,43.1,0
2,356.4,36.86,2.312,39.39,0
3,408.2,53.86,2.394,35.8,0
4,198.7,82.13,0.897,26.82,0
5,934.3,58.0,4.569,48.71,0
6,701.2,75.45,2.243,47.62,0
7,287.0,55.19,1.516,35.7,0
8,226.1,70.19,4.968,43.16,0
9,706.8,54.8,1.663,40.41,0
10,511.9,55.87,1.804,36.5,0
11,458.3,47.38,10.818,40.04,0
12,687.8,64.05,0.977,32.16,1
13,276.8,70.24,2.035,32.64,1
14,632.0,19.73,1.759,34.95,0
15,1292.4,42.84,3.199,27.83,1
16,467.4,74.02,4.259,28.16,1
17,116.0,48.06,3.235,41.05,0
18,451.2,46.23,0.763,34.79,0
19,487.3,62.07,2.421,46.42,0
20,203.6,63.29,2.27,35.92,0
21,279.2,77.5,0.985,41.23,0
22,651.0,62.82,2.358,42.73,0
23,161.0,70.41,2.009,28.32,1
24,854.7,43.15,1.231,33.64,0
25,611.9,65.13,2.749,42.77,0
26,248.1,62.38,0.852,39.83,0
27,469.8,57.27,2.206,25.8,1
28,359.0,9.37,2.092,44.91,0
29,676.2,72.69,1.995,40.85,1
30,182.9,48.77,1.628,30.15,0
31,299.1,70.15,1.12,40.64,0
32,369.4,71.19,1.719,38.96,0
33,673.4,17.06,1.33,47.96,0
34,212.9,26.27,5.431,29.37,0
35,55.8,74.0,1.694,36.41,0
36,352.3,63.54,1.719,36.25,0
37,97.6,21.69,2.118,43.2,0
38,614.7,81.05,1.018,38.63,0
39,96.1,73.37,3.401,32.86,0
40,119.0,41.94,1.459,38.35,0
41,251.4,55.89,2.952,34.32,0
42,139.9,31.13,2.703,29.24,0
43,209.5,41.56,1.846,29.18,0
44,512.3,50.21,2.445,44.62,0
45,932.6,76.25,3.61,41.78,1
46,335.3,44.69,1.402,35.35,0
47,341.8,45.19,2.018,37.01,0
48,865.4,29.41,1.657,34.14,0
49,449.4,79.75,4.787,49.83,1
50,1022.4,76.6,1.088,37.53,1
51,95.6,57.62,4.103,32.3,0
52,134.9,79.26,1.522,47.38,0
53,1700.8,64.88,1.631,41.54,0
54,275.0,40.11,1.286,37.94,0
55,416.3,76.09,3.156,34.92,0
56,221.8,80.44,2.375,51.73,0
57,431.3,27.45,3.377,26.34,0
58,454.4,21.65,1.913,44.14,0
59,84.9,68.34,0.918,33.01,0
60,232.9,49.18,0.992,24.46,0
61,549.8,77.25,1.705,40.72,0
62,505.6,65.15,4.594,31.68,0
63,424.4,73.47,3.107,29.63,1
64,212.4,84.45,5.521,31.15,1
65,398.7,47.48,2.792,38.17,1
66,418.5,86.51,1.304,35.98,1
67,202.1,23.87,3.228,33.32,1
68,296.1,68.37,1.14,43.62,0
69,662.3,57.59,1.811,44.07,0
70,502.2,19.72,2.655,46.02,0
71,481.3,64.6,0.88,36.23,0
72,799.9,96.51,1.218,47.35,0
73,995.1,50.77,2.895,40.36,0
74,436.4,24.03,1.081,32.26,0
75,469.4,56.7,4.449,36.38,0
76,516.1,78.63,1.111,34.67,0
77,744.2,33.02,4.341,39.57,0
78,416.3,54.64,1.642,40.0,0
79,125.3,80.32,2.649,25.78,0
80,481.9,57.92,0.82,43.83,0
81,328.8,43.71,4.705,33.68,1
82,317.2,74.7,3.589,47.99,0
83,555.6,69.78,1.73,47.9,0
84,35.2,61.77,2.945,27.55,0
85,249.6,30.57,1.51,36.68,0
86,309.4,61.84,1.309,42.37,0
87,600.8,79.73,1.423,27.63,1
88,551.7,18.76,2.431,38.21,0
89,136.1,15.23,0.619,48.3,0
90,446.0,70.93,1.266,44.86,0
91,429.8,27.18,3.795,39.9,0
92,730.2,58.98,1.786,40.04,0
93,1651.0,32.94,2.339,51.07,0
94,177.5,49.04,6.792,39.55,0
95,323.3,66.8,2.588,43.47,0
96,662.3,15.97,2.192,58.65,0
97,431.7,57.73,1.038,47.32,0
98,771.1,75.23,2.578,38.69,0
99,142.4,77.02,1.575,46.72,0
100,533.6,16.33,1.151,48.37,0
101,288.8,34.53,3.321,32.6,0
102,109.3,31.49,2.207,36.13,0
103,232.0,43.34,4.035,40.4,0
104,400.7,45.01,2.32,38.14,0
105,354.5,41.22,1.797,31.1,1
106,414.4,51.16,1.946,30.76,0
107,309.7,12.33,2.198,43.02,0
108,87.0,25.44,1.78,41.31,0
109,328.3,27.94,2.767,36.86,0
110,213.1,43.47,1.282,27.12,0
111,643.6,71.98,1.704,33.03,1
112,309.1,18.74,1.606,46.93,1
113,74.3,70.1,3.634,42.4,0
114,473.6,79.92,5.59,38.32,0
115,263.9,26.92,2.257,30.5,0
116,268.7,36.29,0.817,40.66,0
117,202.6,85.82,2.402,33.67,1
118,245.1,63.46,1.92,45.47,0
119,449.4,66.13,3.19,41.71,1
120,276.5,30.05,3.265,37.45,0
121,319.7,46.97,1.736,41.98,0
122,731.0,23.89,4.721,41.39,0
123,934.1,17.37,1.391,31.27,0
124,132.6,89.76,0.713,47.69,0
125,96.6,80.56,0.759,39.92,0
126,416.1,67.35,2.434,43.94,0
127,103.7,78.59,2.219,35.06,0
128,456.4,73.15,2.809,42.59,0
129,218.9,85.48,3.09,42.4,0
130,444.2,77.44,4.878,36.1,1
131,529.8,45.3,2.845,43.84,1
132,954.1,76.29,1.35,49.76,0
133,311.4,78.49,1.71,37.62,0
134,1247.5,60.02,2.353,41.16,0
135,151.3,68.94,1.949,38.58,0
136,359.9,84.81,1.017,28.12,1
137,354.1,54.53,1.989,43.86,0
138,406.4,22.82,1.388,34.61,0
139,213.4,32.32,0.82,37.18,0
140,504.2,9.09,2.692,47.44,0
141,124.7,65.93,3.609,28.67,0
142,1203.4,45.55,0.9,39.39,0
143,450.0,43.41,1.234,33.8,0
144,592.4,27.75,3.585,37.85,0
145,65.8,51.69,2.018,41.17,0
146,583.3,52.12,3.458,37.26,0
147,265.8,20.17,0.993,40.89,0
148,224.3,23.23,1.221,32.61,0
149,340.5,27.31,1.841,30.67,0
150,702.2,75.17,2.757,42.6,0
151,439.2,36.51,1.425,36.95,0
152,376.8,62.92,3.654,47.01,0
153,465.4,21.66,3.544,42.76,0
154,146.9,50.01,1.625,38.47,0
155,445.9,37.4,0.959,41.45,0
156,285.9,45.68,3.234,37.9,1
157,475.6,31.73,2.735,49.22,0
158,1506.0,44.91,1.496,42.14,0
159,123.7,22.85,1.56,36.69,0
160,323.8,54.03,2.089,42.33,0
161,446.4,47.33,1.936,28.94,0
162,363.3,48.13,4.553,33.7,0
163,140.7,66.6,2.423,31.61,0
164,511.8,18.76,7.077,36.55,0
165,650.4,76.21,2.257,41.21,0
166,603.5,67.4,2.089,41.72,0
167,75.0,42.06,1.918,30.12,0
168,500.9,68.87,4.444,49.18,1
169,248.9,48.86,2.959,28.41,0
170,264.9,59.55,2.03,42.24,0
171,225.3,77.94,2.419,33.66,1
172,138.2,36.74,3.228,37.02,0
173,157.0,11.58,1.757,41.48,0
174,439.5,20.44,1.01,33.32,0
175,557.8,58.32,2.771,45.99,0
176,718.6,72.48,3.272,43.75,1
177,80.6,80.7,1.961,46.23,0
178,1457.9,81.22,0.593,51.02,1
179,855.4,56.35,0.8,40.58,0
180,282.2,37.92,1.022,47.06,0
181,97.0,36.72,3.304,38.4,0
182,329.9,76.93,1.369,32.91,0
183,146.8,57.92,1.795,31.36,0
184,131.4,76.01,4.973,46.27,0
185,205.1,78.37,2.088,33.25,0
186,58.9,21.08,0.749,33.9,0
187,451.4,31.4,3.68,20.15,0
188,259.3,64.16,3.154,45.52,0
189,140.9,16.09,2.191,28.91,0
190,152.3,47.87,2.489,35.76,0
191,400.0,43.77,4.174,33.53,0
192,91.1,61.86,2.566,41.52,0
193,989.4,74.62,2.779,29.9,1
194,108.2,82.0,5.604,39.38,0
195,427.3,52.2,6.45,35.79,0
196,296.4,16.57,2.498,42.19,0
197,769.7,57.22,2.313,36.56,1
198,286.8,61.68,2.707,44.84,0
199,711.9,40.79,4.281,47.89,0
200,170.6,53.32,1.747,46.83,0
201,722.5,75.42,2.461,30.88,1
202,187.9,33.41,1.456,23.19,0
203,501.0,33.15,5.81,42.84,0
204,238.2,38.79,0.912,46.65,0
205,102.5,60.82,1.332,43.21,0
206,465.2,74.12,1.253,35.73,0
207,872.3,57.17,2.465,45.2,0
208,266.5,30.65,1.653,48.24,0
209,320.9,76.4,3.636,34.78,1
210,413.5,5.91,1.13,45.34,0
211,700.5,28.97,2.438,37.48,0
212,1066.6,73.5,1.628,47.35,0
213,837.6,57.61,2.094,53.43,0
214,373.6,86.55,1.629,43.55,0
215,375.7,77.53,2.536,41.79,0
216,192.0,58.01,1.038,45.05,0
217,717.8,53.56,2.339,27.64,1
218,203.9,43.33,1.881,31.07,0
219,372.6,79.19,2.875,32.11,0
220,801.9,44.82,3.893,44.51,0
221,303.9,60.8,6.207,38.82,0
222,298.3,85.19,1.925,40.24,1
223,134.8,50.08,1.733,48.18,0
224,1046.0,49.65,1.866,33.01,0
225,485.8,87.66,1.391,25.95,1
226,644.0,84.46,1.587,43.27,0
227,532.0,19.1,1.027,36.0,0
228,149.5,52.42,1.698,38.78,0
229,451.1,36.14,4.254,34.98,1
230,427.4,35.23,2.283,37.08,0
231,119.0,46.93,1.76,29.09,0
232,180.0,80.93,2.442,42.22,0
233,1513.9,46.82,3.324,42.55,1
234,554.8,74.33,1.895,42.48,0
235,296.8,77.91,0.75,35.01,0
236,132.2,51.44,2.088,35.46,0
237,437.3,32.04,1.126,27.53,0
238,163.4,66.41,1.975,44.76,0
239,126.1,41.16,1.025,31.44,0
240,385.3,21.19,2.586,49.79,0
241,925.8,6.93,2.105,37.78,0
242,287.8,90.43,2.523,38.93,1
243,432.3,23.57,2.944,26.7,0
244,1515.5,75.37,10.984,34.49,1
245,354.4,54.51,0.996,30.03,0
246,549.2,50.13,3.203,42.34,0
247,23.2,64.39,2.651,30.94,0
248,834.7,82.09,2.83,38.91,1
249,1085.4,83.08,1.577,45.32,1
250,145.8,68.26,1.766,40.09,0
251,401.1,59.01,2.116,36.61,0
252,95.2,20.4,0.738,24.6,0
253,359.4,51.93,1.378,39.2,0
254,278.0,90.68,3.128,41.87,0
255,211.8,12.83,1.609,40.52,0
256,990.6,66.41,1.667,30.68,0
257,223.1,76.63,3.136,39.85,0
258,168.3,37.67,0.971,39.52,0
259,172.6,35.21,2.613,39.79,0
260,466.9,66.98,9.346,36.33,1
261,271.6,70.86,1.004,26.63,1
262,403.0,30.11,0.993,48.33,0
263,538.9,59.38,1.302,46.77,0
264,348.9,93.03,2.075,35.62,1
265,829.2,39.04,0.722,36.51,0
266,1119.0,67.06,4.346,46.04,1
267,419.3,79.81,2.246,41.97,1
268,91.4,56.41,0.99,37.61,0
269,373.1,55.79,4.1,42.52,0
270,178.0,70.63,2.718,36.92,0
271,181.7,15.96,4.52,42.08,0
272,346.6,29.54,1.401,32.82,0
273,538.2,74.45,1.542,43.32,0
274,515.3,38.7,4.038,37.04,0
275,209.8,46.99,1.214,41.05,0
276,141.4,48.34,1.488,37.77,0
277,475.8,73.03,0.876,36.68,0
278,446.8,57.58,2.731,40.64,0
279,34.5,59.09,1.796,28.66,0
280,260.2,70.57,2.383,47.45,0
281,477.5,47.25,2.854,46.72,0
282,416.8,80.62,3.543,33.95,1
283,399.5,69.86,0.869,35.85,0
284,631.1,77.55,3.457,41.05,0
285,559.6,34.73,2.084,37.41,0
286,301.4,35.95,1.718,41.28,0
287,441.6,54.57,3.913,26.39,0
288,153.1,56.26,2.622,41.42,0
289,343.8,24.2,3.981,33.95,0
290,946.8,66.55,1.497,31.18,1
291,406.8,29.9,1.616,30.7,0
292,143.5,17.89,3.687,34.01,0
293,616.9,80.54,1.979,41.4,0
294,297.9,18.37,1.606,43.38,0
295,1092.5,29.94,2.837,32.08,1
296,339.0,80.53,2.281,45.23,0
297,590.1,60.28,1.195,37.74,0
298,315.5,72.48,2.027,32.36,0
299,92.7,45.96,3.184,31.83,0
300,1028.0,24.16,1.586,32.79,0
301,282.3,76.2,1.486,37.51,0
302,292.8,76.94,1.38,31.71,0
303,684.7,16.67,1.907,34.76,0
304,412.4,68.83,1.369,45.74,0
305,542.6,34.41,1.795,39.69,0
306,413.7,39.27,2.517,28.91,0
307,738.9,47.77,1.847,31.71,0
308,423.9,59.99,2.717,40.27,0
309,312.6,66.73,2.665,40.21,0
310,236.1,71.73,1.596,51.25,0
311,443.7,74.85,3.828,40.16,0
312,400.0,75.03,2.045,35.14,0
313,209.6,84.6,4.822,39.44,0
314,379.9,69.3,1.183,41.17,0
315,442.1,76.9,5.182,39.92,1
316,792.7,47.64,1.998,50.56,0
317,94.9,39.62,1.343,42.07,0
318,115.5,69.61,1.085,37.98,0
319,255.2,62.66,2.078,38.12,0
320,795.1,34.81,0.715,40.21,0
321,283.0,25.87,1.552,28.52,0
322,379.9,35.09,1.615,39.56,0
323,120.0,56.93,3.001,35.95,0
324,776.6,73.42,1.581,38.86,1
325,623.6,59.77,3.086,25.51,0
326,433.9,30.22,1.286,47.02,0
327,440.7,60.97,0.801,49.12,0
328,173.4,33.36,2.691,31.89,0
329,731.7,82.34,2.526,33.05,1
330,64.2,74.13,2.619,44.88,0
331,586.5,29.94,1.473,28.46,0
332,314.8,65.95,2.207,42.09,0
333,573.4,61.73,2.247,53.58,0
334,682.0,84.65,3.931,32.02,1
335,224.0,59.54,2.136,27.14,0
336,561.9,37.14,1.919,42.01,0
337,407.3,59.78,1.7,40.7,0
338,81.9,37.69,1.441,36.93,0
339,56.8,15.9,1.461,35.46,0
340,636.7,46.48,1.913,34.39,0
341,260.5,74.01,1.648,41.42,0
342,280.3,74.21,4.169,42.52,0
343,137.9,48.94,3.306,48.34,0
344,478.3,52.68,4.378,31.4,0
345,613.7,73.9,2.27,43.68,0
346,416.6,69.81,2.022,41.87,0
347,97.6,59.39,2.249,35.9,0
348,630.7,90.91,4.446,40.22,1
349,189.0,66.23,4.755,32.82,0
350,269.7,86.81,2.097,27.04,1
351,392.9,37.54,1.59,43.71,0
352,514.7,75.07,4.042,35.35,1
353,147.0,71.53,0.8,39.69,0
354,329.7,67.67,1.647,35.34,0
355,396.1,23.88,2.318,46.68,0
356,454.6,40.56,2.041,29.72,1
357,615.0,72.8,6.484,32.57,1
358,63.9,28.81,4.538,39.29,0
359,175.2,85.92,5.65,46.73,1
360,214.4,52.01,2.172,36.54,0
361,676.7,38.92,1.827,41.07,0
362,268.4,66.57,1.926,40.33,0
363,443.3,27.22,1.415,29.24,0
364,35.4,41.95,3.116,36.86,0
365,615.3,50.79,1.463,44.21,0
366,240.3,62.1,0.906,43.05,0
367,463.9,75.77,3.601,40.43,1
368,92.8,65.03,2.414,37.47,0
369,364.5,38.89,2.55,24.36,0
370,716.6,45.66,2.568,51.22,0
371,306.3,90.61,3.457,37.49,1
372,830.6,41.69,3.433,37.83,0
373,266.0,33.88,2.776,44.6,0
374,423.3,28.83,5.643,40.06,0
375,698.8,38.2,1.642,46.44,0
376,772.2,36.72,0.53,36.66,0
377,187.7,21.46,1.737,36.56,0
378,178.5,64.89,2.935,42.16,0
379,189.0,87.36,1.554,37.73,0
380,199.1,63.76,6.43,41.89,0
381,327.5,68.69,2.011,37.26,1
382,1035.0,63.98,2.501,33.57,1
383,265.8,60.8,3.976,44.69,0
384,560.0,66.94,2.167,35.06,0
385,72.6,36.67,1.424,36.09,0
386,362.2,36.74,2.372,41.16,0
387,690.2,61.14,1.982,40.16,0
388,42.4,50.43,5.445,38.85,0
389,207.3,53.16,1.426,33.95,0
390,272.7,56.4,1.806,38.16,0
391,628.4,37.58,3.928,32.96,0
392,355.5,49.33,1.923,44.6,0
393,634.8,24.88,2.129,39.22,0
394,291.1,39.32,2.766,44.99,0
395,515.6,51.71,2.916,38.77,0
396,274.7,46.71,2.326,35.78,0
397,361.1,24.62,2.727,49.84,0
398,354.0,38.61,2.81,39.71,0
399,20.8,89.92,4.649,39.62,0
400,167.8,47.69,2.066,28.79,0
401,529.3,50.04,0.572,36.54,0
402,726.8,75.38,4.359,37.51,1
403,237.8,55.45,2.42,26.87,1
404,409.3,17.87,1.472,34.08,0
405,797.2,83.1,4.664,35.28,0
406,142.1,47.36,1.037,38.4,0
407,615.3,50.22,2.552,42.05,0
408,299.3,87.88,1.851,47.48,1
409,241.6,89.61,0.933,37.58,1
410,439.7,40.84,1.13,46.39,0
411,404.7,85.41,1.634,40.84,0
412,278.6,15.87,2.735,41.61,0
413,300.9,54.5,2.531,34.84,0
414,706.6,23.29,1.105,40.37,0
415,314.9,24.82,1.497,38.53,0
416,693.4,50.67,0.86,34.18,0
417,289.4,69.22,1.579,41.92,0
418,386.2,69.27,3.884,28.98,1
419,510.9,62.86,2.024,30.11,1
420,356.1,43.51,2.669,40.12,0
421,412.0,81.55,3.823,36.09,0
422,323.1,66.8,3.141,38.01,0
423,704.7,45.38,1.113,43.93,0
424,353.9,96.47,4.404,34.11,1
425,646.1,40.12,1.327,34.75,0
426,405.0,34.31,1.52,39.89,0
427,294.7,25.23,2.536,39.55,0
428,822.6,44.55,2.425,43.81,0
429,359.3,67.6,1.975,40.58,0
430,589.3,74.77,0.411,36.46,0
431,150.8,46.66,1.653,51.21,0
432,147.0,63.64,1.846,38.54,0
433,380.0,66.45,6.576,42.6,1
434,482.5,86.77,1.265,42.04,1
435,339.0,31.67,3.536,40.41,0
436,770.2,74.23,0.848,30.12,1
437,787.9,38.76,6.002,34.85,1
438,123.6,30.38,2.255,49.07,0
439,130.7,52.73,2.124,42.02,0
440,688.9,81.77,1.35,40.93,0
441,155.2,43.02,2.113,46.04,0
442,620.0,61.15,5.039,35.87,0
443,332.2,64.43,1.948,28.88,1
444,259.7,53.71,2.258,43.41,0
445,647.0,73.71,5.893,41.86,1
446,154.1,49.93,1.596,39.83,0
447,372.8,46.95,1.352,33.51,0
448,157.7,27.5,3.025,42.5,0
449,672.7,64.24,1.074,28.66,0
450,342.7,22.19,1.313,46.08,0
451,896.0,22.28,2.445,43.62,0
452,364.3,78.07,5.323,27.93,1
453,258.9,55.9,3.582,36.93,0
454,593.3,20.63,2.568,37.4,0
455,167.8,63.79,2.955,41.93,0
456,858.6,63.75,1.05,42.09,0
457,385.3,24.93,1.218,32.3,0
458,359.0,57.01,1.053,42.78,0
459,208.1,42.64,2.851,44.86,0
460,489.6,97.27,1.549,36.15,1
461,269.7,47.65,3.739,46.73,0
462,193.7,24.34,1.289,48.3,0
463,696.9,75.84,4.424,36.27,0
464,328.3,74.5,8.857,36.6,0
465,461.6,21.03,3.769,35.49,0
466,696.0,48.08,0.711,41.44,0
467,462.5,14.26,8.362,28.09,0
468,141.3,28.25,2.585,31.48,0
469,128.5,29.93,1.521,42.62,0
470,334.1,7.26,1.277,36.24,0
471,629.9,70.3,2.492,36.87,0
472,309.8,45.98,4.338,31.46,0
473,76.0,50.66,16.048,43.6,0
474,570.1,32.44,2.762,47.38,0
475,350.1,25.82,1.791,47.35,0
476,336.5,27.53,1.021,31.1,0
477,468.8,81.42,1.323,33.26,0
478,334.5,57.57,3.377,38.49,0
479,1552.1,60.95,2.883,49.09,0
480,272.9,66.12,0.606,40.7,0
481,637.6,45.58,1.856,34.21,0
482,517.9,39.05,0.983,42.3,0
483,104.2,81.55,1.999,29.17,0
484,430.9,68.27,1.349,34.48,0
485,77.0,44.82,3.688,47.39,0
486,607.0,81.86,0.958,37.88,0
487,346.3,68.92,1.625,51.32,0
488,683.5,35.12,1.176,40.69,0
489,465.9,47.89,1.575,31.97,0
490,679.1,59.74,4.993,33.29,0
491,1534.6,91.9,1.739,34.1,1
492,688.0,38.47,0.695,46.62,0
493,516.9,55.06,6.441,41.02,0
494,387.3,56.44,2.296,46.35,0
495,577.8,40.59,2.196,27.5,0
496,973.6,55.79,2.041,38.46,1
497,226.2,41.05,1.447,38.47,0
498,346.0,31.09,4.941,34.98,1
499,159.1,60.52,1.337,36.75,0
500,648.9,61.94,3.114,32.78,1
501,261.2,32.9,2.974,46.3,0
502,673.3,67.17,1.39,42.33,0
503,415.8,90.74,2.141,27.14,1
504,417.2,32.16,2.111,32.58,0
505,167.0,54.02,3.254,42.42,0
506,593.6,56.25,1.903,41.94,0
507,157.2,82.03,1.929,36.37,0
508,316.8,58.81,2.591,42.93,0
509,448.7,51.27,2.282,35.01,0
510,276.7,64.17,1.994,43.46,1
511,68.4,75.89,2.436,35.96,0
512,183.6,25.28,2.823,42.65,0
513,199.1,50.11,3.69,40.31,0
514,765.1,79.86,2.074,33.69,0
515,287.0,10.39,4.242,45.66,0
516,468.1,45.06,2.06,37.32,0
517,113.4,40.74,2.144,16.91,0
518,749.2,46.86,1.106,45.35,0
519,577.1,82.24,2.837,38.99,1
520,602.7,52.63,3.38,40.18,0
521,716.5,53.29,4.045,40.65,0
522,504.2,53.19,2.949,37.94,0
523,90.3,77.9,1.336,33.54,0
524,1250.5,71.69,1.065,40.16,0
525,246.5,24.61,1.618,32.59,0
526,51.1,59.56,2.457,41.92,0
527,269.7,72.17,2.416,28.42,1
528,414.4,37.87,1.676,28.11,0
529,247.0,81.0,4.794,35.1,0
530,29.9,82.67,0.796,40.52,0
531,247.4,75.88,1.388,36.77,0
532,464.0,78.78,3.804,25.28,0
533,312.6,61.18,1.606,36.67,0
534,198.9,29.44,1.36,37.52,0
535,327.4,75.11,2.849,30.14,0
536,273.3,70.46,2.772,39.75,0
537,335.2,63.66,2.931,42.07,0
538,432.9,94.05,2.91,31.11,1
539,454.3,49.29,1.494,40.54,0
540,935.2,38.17,1.393,33.68,0
541,1175.3,21.71,1.639,41.05,0
542,103.6,40.97,2.742,38.24,0
543,104.5,54.92,2.373,32.97,0
544,136.1,53.79,3.315,33.08,0
545,86.9,47.35,1.593,32.94,0
546,989.4,65.6,1.403,38.38,0
547,735.6,41.31,3.06,38.32,0
548,320.5,81.08,0.953,39.96,0
549,427.7,29.79,0.789,23.53,0
550,290.1,53.37,1.441,33.42,0
551,598.5,59.64,0.96,38.12,0
552,109.4,8.21,3.218,39.29,0
553,479.0,35.47,3.124,29.52,0
554,441.4,25.8,1.383,48.27,0
555,504.2,45.49,2.697,45.09,0
556,921.6,30.29,2.1,37.55,0
557,262.6,37.34,4.379,40.75,0
558,56.5,53.48,1.648,27.47,0
559,440.6,56.62,1.571,33.33,0
560,219.0,29.64,1.62,48.41,0
561,321.3,93.53,1.73,34.3,1
562,216.6,27.45,3.472,52.02,0
563,230.0,74.15,3.564,42.32,0
564,181.7,49.96,1.12,34.17,0
565,470.5,63.25,1.538,32.55,0
566,352.9,62.62,1.272,35.95,0
567,272.8,81.81,2.357,39.97,0
568,1241.0,17.68,2.368,36.54,0
569,207.9,66.36,3.519,42.31,1
570,481.8,57.68,1.736,38.92,1
571,222.2,42.94,1.549,39.08,0
572,1180.9,74.24,1.945,33.15,1
573,256.9,90.47,1.417,38.43,0
574,478.5,75.43,2.35,51.05,0
575,79.8,15.02,1.59,33.04,0
576,210.4,79.31,0.564,29.5,1
577,114.8,34.81,2.498,27.09,0
578,363.9,55.49,1.014,42.01,0
579,464.5,7.59,1.438,41.32,0
580,183.5,54.31,1.148,34.73,0
581,228.6,47.4,4.368,38.28,0
582,406.6,86.88,1.2,39.96,1
583,274.3,69.32,3.285,47.67,0
584,266.0,74.74,2.07,29.32,0
585,76.4,68.43,0.774,40.33,0
586,152.9,19.38,1.325,42.24,0
587,635.4,80.14,6.311,37.41,1
588,687.6,45.89,2.158,43.7,0
589,58.5,14.04,2.296,45.23,0
590,718.3,17.86,1.884,35.65,1
591,531.1,82.37,2.994,32.52,1
592,706.8,63.78,1.193,43.37,1
593,299.3,81.63,0.817,40.89,0
594,874.8,52.07,1.783,39.49,0
595,176.6,72.41,1.148,39.07,0
596,280.8,61.1,2.377,48.0,0
597,846.2,28.24,3.415,35.05,0
598,326.6,69.38,1.555,46.26,0
599,131.7,53.8,4.153,42.74,0
600,275.9,81.03,2.131,40.2,0
601,274.9,69.46,1.75,45.1,0
602,704.2,51.51,4.468,38.67,0
603,55.1,60.24,0.871,29.87,1
604,669.6,8.84,1.13,36.0,0
605,201.9,78.26,2.087,38.08,0
606,110.2,66.59,4.642,39.68,0
607,637.5,39.03,1.713,37.91,0
608,271.1,10.72,1.02,38.64,0
609,450.6,91.6,1.374,35.07,1
610,644.1,27.53,1.216,31.07,0
611,227.3,18.84,3.661,41.04,0
612,1050.3,39.19,2.618,37.26,0
613,238.7,64.31,2.626,38.17,0
614,154.2,37.96,2.484,33.8,0
615,551.3,73.32,2.061,34.78,1
616,832.5,75.68,3.527,39.03,0
617,831.2,46.26,1.449,40.29,0
618,262.0,59.05,1.568,41.71,0
619,502.7,18.13,3.863,38.91,0
620,463.2,49.02,2.027,41.5,0
621,569.5,58.81,0.798,33.91,0
622,354.1,27.08,2.402,46.27,0
623,557.5,60.03,1.565,42.29,0
624,594.6,55.7,4.011,26.92,0
625,974.9,86.18,2.787,41.21,1
626,606.9,15.2,1.402,29.74,0
627,44.3,59.24,4.277,42.28,0
628,225.6,31.22,2.941,42.66,0
629,308.4,40.86,4.843,40.02,0
630,457.6,19.78,2.179,36.45,0
631,78.6,51.36,1.484,39.78,0
632,545.3,44.11,3.033,20.36,0
633,106.7,72.72,2.869,41.76,0
634,572.4,27.79,2.072,33.99,0
635,508.9,45.7,1.284,51.56,0
636,728.3,42.98,1.809,30.39,0
637,705.7,63.54,1.965,35.8,0
638,293.6,27.44,0.814,27.47,0
639,884.8,63.44,1.781,35.53,0
640,572.2,72.15,2.886,30.84,1
641,200.7,53.06,1.164,15.1,0
642,314.4,60.51,7.895,31.67,0
643,227.7,51.18,2.874,25.95,0
644,636.4,56.53,1.202,41.07,0
645,297.4,39.53,1.406,33.24,0
646,664.4,93.27,2.006,38.41,1
647,501.9,84.5,3.732,41.99,1
648,247.3,15.01,1.054,40.77,0
649,486.9,35.2,1.044,35.89,0
650,467.0,65.35,4.47,24.66,1
651,539.9,19.38,1.959,29.85,0
652,600.2,47.12,0.962,28.56,0
653,758.4,62.94,2.45,20.88,0
654,506.1,36.8,1.511,43.79,0
655,541.4,56.2,1.394,33.34,0
656,727.7,13.75,2.486,34.4,0
657,687.8,68.79,1.361,39.77,0
658,571.3,30.43,1.57,36.33,0
659,530.8,69.62,3.286,39.9,0
660,1088.1,77.65,1.744,54.12,0
661,1000.8,70.04,0.608,36.49,0
662,487.9,71.73,4.178,38.73,0
663,38.7,64.76,3.647,35.5,0
664,344.8,59.9,1.672,29.51,0
665,744.8,26.28,1.207,41.71,0
666,161.4,28.01,1.316,36.14,0
667,349.7,62.01,1.311,40.03,0
668,789.2,36.44,1.831,33.73,0
669,237.0,42.71,1.901,47.14,0
670,932.9,67.55,1.944,38.53,0
671,679.5,67.57,1.625,45.3,0
672,510.3,39.97,1.167,45.0,0
673,558.1,62.12,1.346,31.82,0
674,251.2,38.91,3.123,49.63,0
675,464.6,92.75,3.054,35.51,1
676,507.4,72.52,2.021,35.4,0
677,89.3,65.45,2.751,56.71,0
678,387.9,26.85,1.022,42.91,0
679,320.9,85.53,1.902,46.44,0
680,846.0,61.92,1.256,34.91,0
681,178.6,49.89,0.915,32.59,0
682,680.1,35.85,1.373,36.96,0
683,783.2,61.26,1.117,39.93,1
684,636.2,77.82,1.575,45.28,1
685,90.1,71.3,1.024,37.95,0
686,265.7,52.25,1.403,32.15,0
687,617.0,91.82,1.362,41.03,1
688,299.3,64.52,1.938,28.81,1
689,748.3,54.09,2.193,50.25,0
690,231.3,49.59,1.615,24.86,0
691,383.4,98.62,4.074,32.94,1
692,247.8,94.5,1.309,36.74,0
693,50.0,46.82,1.055,36.74,0
694,228.8,93.95,2.189,22.52,1
695,970.2,11.82,1.307,43.96,0
696,261.1,71.1,0.775,44.84,0
697,863.6,56.54,1.197,44.37,0
698,175.0,43.15,2.035,44.3,0
699,210.7,63.72,4.085,40.87,1
700,534.4,67.16,1.133,34.95,0
701,135.6,74.53,2.614,31.55,0
702,898.1,36.52,2.047,38.92,0
703,753.5,42.48,3.363,28.81,0
704,364.8,12.04,4.775,42.64,0
705,383.6,20.02,2.05,37.15,0
706,859.6,41.69,2.41,29.33,0
707,830.0,53.02,2.477,37.09,0
708,442.1,89.31,3.38,32.29,1
709,111.0,80.52,2.984,43.47,0
710,1031.0,43.37,3.785,42.74,0
711,54.1,42.9,3.93,32.62,0
712,742.6,72.51,1.407,40.43,0
713,688.5,21.45,4.004,39.2,1
714,504.9,28.83,2.579,36.54,0
715,594.5,43.47,2.197,38.98,0
716,398.9,48.99,2.525,32.86,1
717,413.3,16.01,1.72,32.03,0
718,67.3,62.01,1.444,41.92,0
719,590.4,40.94,1.029,34.43,0
720,604.7,45.79,1.294,38.29,0
721,220.0,52.03,2.934,39.53,0
722,421.0,65.14,1.524,43.14,0
723,160.9,75.15,1.58,36.84,0
724,366.2,24.94,1.993,43.75,0
725,188.2,69.36,2.65,27.92,0
726,1060.2,36.34,1.725,36.64,0
727,275.4,62.41,3.836,38.58,0
728,409.1,65.33,0.891,43.76,0
729,292.8,42.46,2.978,30.44,0
730,45.0,31.88,1.043,47.15,0
731,111.9,78.64,1.613,32.37,0
732,212.5,60.51,6.124,43.83,0
733,296.4,56.94,1.081,36.26,0
734,84.4,52.18,3.433,37.95,0
735,458.6,62.14,2.841,39.14,0
736,135.1,28.55,1.154,27.96,0
737,1003.2,85.09,1.275,37.45,0
738,414.3,74.54,1.773,35.52,0
739,60.9,68.91,2.427,40.95,0
740,749.2,67.6,2.552,35.73,0
741,537.1,79.98,1.8,41.54,1
742,622.9,83.59,1.699,38.07,0
743,318.1,79.85,4.597,40.54,0
744,690.7,42.96,1.548,47.02,0
745,135.5,33.52,2.032,37.51,0
746,484.2,54.41,0.961,44.83,0
747,345.7,48.28,1.957,36.55,0
748,352.4,69.13,2.168,27.58,1
749,607.0,49.86,2.45,33.21,0
750,212.8,81.89,3.489,37.26,0
751,278.0,48.93,1.367,37.78,0
752,1140.7,25.62,4.667,46.82,0
753,256.5,53.46,2.912,38.81,0
754,364.8,33.8,1.884,43.18,0
755,179.1,37.48,1.042,39.43,0
756,389.1,30.38,0.918,38.77,0
757,630.9,39.13,5.154,35.98,0
758,301.9,30.41,1.571,42.26,0
759,119.3,76.43,2.574,46.94,0
760,703.8,38.32,2.175,35.46,0
761,655.3,89.65,1.609,41.19,1
762,320.8,26.48,1.281,30.38,0
763,286.7,68.32,2.612,32.97,0
764,574.6,56.38,4.437,33.91,0
765,149.6,81.94,3.886,30.14,1
766,300.4,61.16,3.429,31.76,0
767,184.0,45.78,2.245,33.61,0
768,563.5,44.37,0.9,48.12,0
769,349.2,84.37,1.584,35.04,0
770,197.0,67.09,1.538,29.65,0
771,1200.4,61.91,1.595,41.67,0
772,129.1,56.86,4.444,35.98,0
773,94.9,59.45,1.786,39.45,0
774,366.2,43.99,3.538,31.86,0
775,370.5,65.24,1.585,37.2,0
776,441.3,79.59,3.647,39.77,1
777,258.6,57.19,4.036,37.03,0
778,651.2,52.61,2.211,38.67,0
779,179.1,66.86,1.869,23.11,0
780,41.2,89.08,1.626,33.55,0
781,432.3,58.3,1.897,46.25,0
782,272.5,58.68,0.974,45.1,0
783,254.0,45.01,2.59,38.46,1
784,385.7,48.17,5.26,37.13,0
785,227.6,37.77,2.943,36.3,0
786,350.0,79.38,4.33,37.06,1
787,841.3,20.98,1.053,37.11,0
788,717.2,24.25,9.869,53.28,0
789,628.9,10.4,3.311,38.32,0
790,252.4,29.21,1.97,32.5,0
791,298.8,80.61,3.333,43.67,0
792,505.5,61.88,1.509,38.12,0
793,658.1,74.43,2.131,38.35,0
794,1323.4,73.76,2.586,36.24,1
795,213.6,83.38,2.287,37.63,0
796,467.2,84.31,7.527,32.35,1
797,390.9,40.64,4.821,32.96,0
798,229.4,45.55,2.423,41.71,0
799,329.0,57.61,1.448,38.45,0
800,229.0,59.87,1.69,38.08,0
801,365.0,48.33,2.672,44.63,0
802,380.1,67.67,5.016,41.15,1
803,709.0,56.11,8.437,36.58,0
804,509.3,67.12,3.06,31.41,0
805,226.0,84.42,1.471,38.66,0
806,215.7,53.71,2.011,41.75,0
807,494.4,56.93,2.319,35.31,0
808,538.9,16.85,3.255,43.82,0
809,82.2,52.93,1.356,38.94,0
810,378.9,86.94,1.889,37.09,1
811,815.5,56.43,3.269,48.27,0
812,224.7,88.01,3.557,32.79,1
813,381.2,17.93,1.67,40.47,0
814,387.9,44.18,1.288,40.56,0
815,44.0,80.12,5.368,33.25,0
816,163.2,53.09,1.485,42.6,0
817,621.8,61.35,1.627,38.39,0
818,791.0,35.68,8.421,35.43,0
819,1094.6,31.82,1.542,44.59,0
820,603.9,42.33,2.172,24.1,0
821,97.2,78.12,1.303,29.02,0
822,334.9,88.22,0.918,31.06,0
823,514.3,68.83,3.447,38.34,0
824,289.3,28.35,3.12,38.24,0
825,1004.1,94.73,10.354,31.07,1
826,65.7,36.69,2.011,32.12,0
827,373.5,81.37,1.983,42.83,0
828,129.9,68.32,2.404,44.85,0
829,295.8,31.77,2.151,40.25,0
830,79.1,34.06,1.849,39.59,0
831,151.8,77.9,1.99,38.51,0
832,640.1,77.16,2.643,32.17,1
833,114.9,57.24,2.723,36.2,0
834,706.8,36.5,1.566,32.11,0
835,639.4,29.16,4.777,48.75,0
836,314.8,81.18,5.201,43.07,0
837,439.2,76.03,2.355,38.52,1
838,214.1,22.95,1.472,39.74,0
839,420.8,92.82,4.235,43.93,1
840,297.7,59.07,3.06,39.01,0
841,358.2,38.51,2.093,35.86,0
842,482.2,44.98,1.719,45.48,0
843,202.7,49.95,2.199,45.5,0
844,375.3,42.33,1.63,34.76,0
845,523.1,33.78,1.579,32.85,0
846,646.1,52.12,0.865,45.59,0
847,1359.3,87.81,1.158,38.85,1
848,512.7,84.5,0.714,30.96,1
849,309.8,23.25,1.442,30.56,0
850,697.1,51.27,4.651,20.01,1
851,118.0,34.16,9.066,26.3,0
852,464.9,51.71,1.032,36.14,0
853,685.7,39.34,4.565,51.3,0
854,283.4,76.86,1.301,32.25,1
855,260.3,58.36,2.305,40.72,0
856,264.9,67.83,3.317,38.63,0
857,63.0,15.99,1.185,46.2,0
858,815.7,25.36,1.81,44.64,0
859,193.9,46.02,1.985,31.54,0
860,1109.3,59.75,1.497,32.32,0
861,1055.6,16.15,5.723,31.13,0
862,721.6,66.25,1.509,33.45,1
863,407.5,49.55,2.804,23.45,1
864,469.5,67.89,3.871,38.43,1
865,524.8,54.52,1.868,43.28,0
866,521.8,32.3,2.524,28.66,1
867,436.9,60.23,0.945,37.25,0
868,196.8,55.31,1.104,37.87,0
869,23.3,25.0,2.192,50.72,0
870,340.5,62.31,2.758,30.41,0
871,585.8,78.29,2.313,34.43,1
872,283.1,44.23,2.999,48.9,0
873,457.4,28.25,2.608,38.55,1
874,718.8,68.51,1.273,29.9,0
875,291.0,51.13,3.45,37.71,0
876,36.8,20.18,2.108,45.26,0
877,35.6,35.73,1.561,37.67,0
878,590.2,57.95,2.364,32.06,0
879,118.8,93.7,1.96,28.82,1
880,262.6,71.01,1.738,37.13,1
881,434.4,83.7,7.532,36.42,1
882,236.4,59.72,2.758,25.22,0
883,233.0,73.39,3.57,37.64,0
884,170.1,68.34,1.709,28.48,0
885,788.6,85.44,2.614,48.72,1
886,119.0,72.74,1.589,33.85,0
887,420.3,49.97,3.309,37.84,0
888,687.6,62.02,2.886,39.96,0
889,467.0,39.96,3.364,34.8,0
890,335.3,61.07,1.045,50.91,0
891,90.8,79.81,3.506,31.76,1
892,214.4,15.45,1.717,32.33,0
893,277.1,77.36,2.618,37.73,0
894,249.6,93.91,1.565,43.46,1
895,781.7,74.74,3.118,36.56,1
896,598.7,73.21,1.766,28.12,1
897,205.9,89.32,3.103,39.8,1
898,621.6,40.43,3.395,38.24,0
899,218.0,75.01,10.423,23.71,0
900,335.5,41.1,2.277,34.87,0
901,513.6,37.61,5.46,33.06,0
902,133.0,43.26,4.253,38.62,0
903,846.2,85.56,4.721,39.37,1
904,141.2,20.33,2.466,29.61,0
905,350.5,73.71,4.226,26.1,0
906,247.7,55.95,6.458,30.51,1
907,205.2,36.59,1.133,33.48,0
908,290.5,24.83,1.762,42.7,0
909,635.0,29.54,1.247,34.53,0
910,166.1,22.77,1.634,42.19,0
911,601.5,74.14,1.043,45.4,0
912,90.2,80.14,2.58,49.03,0
913,392.6,40.49,1.586,40.3,0
914,310.2,51.2,2.131,43.18,0
915,468.3,14.07,6.753,22.29,0
916,282.2,26.23,7.435,28.78,0
917,270.4,50.09,1.751,41.68,0
918,622.4,71.72,0.96,30.93,1
919,897.2,57.95,2.177,24.94,1
920,1362.5,57.55,6.891,38.1,0
921,516.5,86.82,3.752,37.49,0
922,261.0,52.2,1.077,41.28,0
923,534.8,90.25,3.753,37.37,0
924,635.7,78.83,3.628,42.66,0
925,286.8,63.44,2.118,38.36,0
926,2162.1,74.99,1.141,32.68,1
927,386.3,67.28,2.271,35.04,1
928,641.3,37.71,1.884,49.87,0
929,545.7,41.29,1.439,45.19,0
930,343.2,77.53,1.849,44.24,0
931,642.1,31.83,4.341,41.81,0
932,467.2,42.97,2.796,42.38,0
933,622.0,17.67,2.242,36.82,0
934,338.0,30.03,1.837,51.24,0
935,513.5,43.57,2.314,48.22,0
936,189.2,45.1,2.068,44.05,0
937,1009.3,76.49,2.841,32.23,1
938,881.0,64.15,3.225,34.5,1
939,241.2,37.09,2.894,38.97,0
940,483.8,83.78,3.431,41.69,1
941,117.6,71.74,1.282,33.31,0
942,330.4,39.66,2.328,36.03,0
943,170.8,66.22,0.688,42.04,0
944,705.1,44.82,3.015,40.4,0
945,279.2,51.26,1.85,46.35,0
946,279.9,53.93,1.123,48.02,0
947,197.0,66.95,3.062,29.53,0
948,194.3,29.58,1.679,35.41,0
949,641.1,34.81,3.107,36.86,0
950,420.1,53.03,1.584,32.82,0
951,661.3,62.79,0.842,45.12,0
952,278.1,64.07,1.904,42.61,0
953,321.0,75.6,1.423,29.21,1
954,523.0,47.26,6.606,38.78,0
955,276.9,87.13,1.504,35.78,0
956,674.9,75.88,4.95,34.28,1
957,235.9,50.07,0.911,35.45,0
958,616.4,67.46,3.897,45.01,0
959,25.9,52.88,2.935,44.65,0
960,725.8,24.26,1.234,41.22,0
961,759.2,69.48,1.989,46.04,0
962,354.2,81.74,3.617,34.62,0
963,291.7,63.92,2.106,43.39,0
964,310.2,43.47,0.857,42.85,0
965,274.1,26.79,2.119,41.68,0
966,358.2,36.24,3.979,30.27,0
967,852.9,67.33,2.271,36.2,1
968,478.7,80.23,1.052,38.12,0
969,322.0,78.46,2.224,38.44,0
970,644.3,63.28,2.834,33.68,0
971,475.6,66.49,0.733,38.66,0
972,596.0,79.13,3.633,51.2,0
973,692.0,56.22,0.621,44.59,0
974,418.2,81.38,2.897,35.27,1
975,225.2,15.09,3.65,28.68,0
976,410.2,39.58,2.338,35.11,0
977,165.2,21.43,2.649,47.12,0
978,169.0,82.0,2.576,39.57,0
979,21.7,29.16,4.224,35.27,0
980,292.3,63.83,0.471,36.9,0
981,549.1,91.11,2.189,39.0,1
982,321.3,31.81,3.121,27.53,0
983,195.0,41.66,3.056,35.04,0
984,602.6,42.75,0.987,50.62,0
985,542.8,86.87,0.972,45.73,0
986,375.5,41.17,1.337,44.52,0
987,163.5,72.92,1.35,35.08,0
988,377.9,34.5,1.783,36.39,0
989,167.4,35.06,0.906,44.43,0
990,646.4,51.65,3.024,28.61,0
991,1448.3,77.42,2.367,34.52,0
992,316.4,35.09,2.472,42.46,0
993,534.7,54.59,0.815,32.54,1
994,181.1,35.59,2.609,45.36,0
995,513.8,52.8,2.995,43.82,0
996,513.2,59.55,1.314,33.68,1
997,152.2,62.23,1.069,23.31,0
998,214.3,73.78,0.665,38.02,0
999,547.1,49.67,1.347,42.62,0
1000,250.0,73.78,2.605,44.77,0
1001,594.4,19.44,1.884,32.91,0
1002,716.0,76.97,1.404,41.89,0
1003,593.8,68.62,2.591,40.74,0
1004,435.3,59.54,1.745,39.57,0
1005,564.7,83.64,3.293,33.25,1
1006,181.9,22.55,1.339,34.22,0
1007,999.3,42.8,1.705,38.43,0
1008,723.0,10.83,1.173,30.04,0
1009,949.3,42.14,3.743,42.98,0
1010,79.3,24.83,1.509,56.81,0
1011,519.5,27.59,1.776,36.87,0
1012,248.5,79.83,1.677,42.0,0
1013,151.8,41.19,2.117,36.4,0
1014,217.7,18.47,4.118,49.88,0
1015,439.3,37.27,0.569,39.05,1
1016,195.2,46.49,2.861,28.73,0
1017,838.0,48.53,2.329,33.07,0
1018,674.8,38.82,2.412,34.93,1
1019,1034.5,52.02,3.223,23.23,0
1020,396.8,67.24,5.901,43.13,0
1021,334.4,22.17,3.99,22.69,0
1022,945.5,78.5,0.672,38.19,0
1023,284.7,56.17,4.238,40.18,0
1024,458.3,18.59,3.005,36.64,0
1025,636.4,50.28,1.642,45.66,0
1026,238.5,75.77,2.168,42.98,0
1027,1057.7,63.87,3.514,49.41,0
1028,882.9,66.46,5.321,47.25,1
1029,497.2,90.64,2.687,35.33,1
1030,692.2,67.03,1.486,45.38,0
1031,103.4,26.11,2.764,48.26,0
1032,706.9,71.92,3.369,38.23,1
1033,579.8,70.52,2.857,43.84,0
1034,672.3,42.86,1.137,23.68,0
1035,299.1,44.6,1.297,36.85,0
1036,834.0,60.8,2.616,36.53,1
1037,904.1,85.81,1.194,39.81,1
1038,359.2,97.04,2.726,30.6,1
1039,590.4,47.26,2.882,45.03,0
1040,896.9,58.78,2.192,46.91,0
1041,158.1,71.76,0.738,39.96,0
1042,155.0,35.22,1.777,36.29,0
1043,312.8,56.22,4.462,37.11,0
1044,674.4,78.74,1.277,37.24,0
1045,1194.2,46.14,6.147,31.19,0
1046,311.5,57.94,1.962,46.2,0
1047,415.0,37.41,1.276,36.38,0
1048,190.6,68.52,1.87,29.35,0
1049,114.2,33.04,3.756,27.76,0
1050,143.5,26.54,1.004,42.66,0
1051,611.0,73.06,1.895,43.35,0
1052,965.5,66.55,1.295,32.02,1
1053,67.0,27.63,2.717,31.78,0
1054,153.6,66.73,4.784,26.45,1
1055,399.1,14.4,3.106,39.83,0
1056,209.1,70.7,1.611,26.23,0
1057,282.0,53.55,1.75,37.94,1
1058,620.8,68.14,2.252,48.76,0
1059,182.2,70.82,2.595,35.19,0
1060,934.5,59.33,2.946,40.23,1
1061,377.3,80.34,2.691,41.47,1
1062,708.2,71.36,1.57,36.36,0
1063,1200.6,53.82,1.336,30.69,0
1064,195.5,83.0,1.21,34.83,0
1065,386.7,29.9,2.446,45.92,0
1066,61.2,32.88,2.974,28.44,0
1067,425.3,26.89,2.011,31.84,0
1068,185.5,69.69,2.235,37.5,0
1069,766.3,18.83,1.736,38.56,0
1070,205.9,23.5,1.958,37.71,0
1071,194.8,84.63,2.455,53.57,1
1072,569.4,62.55,1.455,43.59,0
1073,339.1,69.74,2.705,27.99,1
1074,380.7,89.45,2.374,36.52,1
1075,997.8,67.32,1.306,40.57,0
1076,226.9,40.57,2.432,41.78,0
1077,174.7,39.04,3.866,30.76,0
1078,400.1,19.05,1.108,42.24,0
1079,434.9,62.29,1.864,49.16,0
1080,325.0,86.32,1.638,39.23,0
1081,228.6,46.06,3.025,41.91,0
1082,469.9,68.35,3.637,44.53,1
1083,455.5,32.63,2.273,39.72,0
1084,600.8,71.21,2.969,50.04,1
1085,594.5,29.33,2.891,30.27,0
1086,491.8,64.22,1.712,42.9,0
1087,625.9,84.73,3.968,34.91,1
1088,191.3,52.7,2.629,37.94,0
1089,928.4,92.88,3.57,30.78,1
1090,878.9,81.16,0.448,43.99,0
1091,319.4,36.99,2.541,47.98,0
1092,455.4,61.22,1.416,40.4,0
1093,365.7,63.04,3.512,33.37,0
1094,442.5,27.78,2.846,30.77,0
1095,539.1,75.57,2.166,27.0,1
1096,216.6,77.29,1.302,36.36,0
1097,672.1,51.38,2.114,32.31,1
1098,801.4,21.01,6.417,39.31,1
1099,119.4,38.0,2.254,33.54,0
1100,761.3,52.69,2.501,39.74,0
1101,810.2,51.98,3.872,36.45,0
1102,1321.3,28.85,1.042,26.74,0
1103,221.8,76.07,2.07,34.59,1
1104,299.0,50.95,1.403,29.9,0
1105,115.8,32.33,0.949,37.2,0
1106,229.0,74.07,3.16,34.71,0
1107,951.6,53.67,1.007,38.02,0
1108,176.5,27.88,2.168,34.33,0
1109,77.3,69.01,0.652,40.79,0
1110,325.2,43.19,2.856,33.3,0
1111,335.4,62.52,1.439,41.28,0
1112,754.9,41.54,1.527,37.11,0
1113,211.5,70.2,2.479,28.22,1
1114,50.8,88.36,1.994,38.35,0
1115,667.3,39.32,1.327,35.47,0
1116,734.0,50.67,4.831,34.82,0
1117,688.3,23.62,0.615,42.96,0
1118,531.1,78.38,1.315,41.4,0
1119,532.1,45.04,2.104,38.44,0
1120,424.3,50.87,1.272,42.97,0
1121,696.6,72.87,2.772,38.26,0
1122,288.8,48.56,1.632,37.27,0
1123,193.5,56.23,2.355,27.47,0
1124,379.3,83.62,2.822,43.1,1
1125,742.2,20.07,2.201,45.55,0
1126,296.5,73.43,1.646,44.6,0
1127,415.6,73.2,1.084,36.33,1
1128,278.7,83.89,1.968,33.71,0
1129,223.4,31.24,2.189,45.39,0
1130,494.8,58.49,3.017,28.25,0
1131,281.8,67.49,2.922,36.08,1
1132,663.9,63.99,2.328,42.83,1
1133,263.5,57.11,1.247,33.41,0
1134,81.0,46.88,2.836,46.83,0
1135,48.5,59.86,0.954,50.66,0
1136,349.8,52.94,3.898,36.67,0
1137,88.5,72.24,1.25,31.63,0
1138,277.6,33.73,1.042,45.6,0
1139,626.4,91.02,1.891,28.11,1
1140,204.3,86.4,4.743,37.45,1
1141,257.9,56.66,2.618,35.45,1
1142,219.7,92.82,2.784,34.17,0
1143,162.1,49.61,1.785,35.47,0
1144,263.8,57.33,5.573,38.96,0
1145,475.3,43.19,1.003,38.53,0
1146,590.6,67.19,1.51,35.54,1
1147,119.0,24.54,2.617,36.32,0
1148,399.3,29.39,3.45,35.16,0
1149,486.6,58.42,2.9,43.88,0
1150,139.1,64.45,1.397,36.86,0
1151,715.6,40.23,5.108,27.42,0
1152,121.5,63.53,1.19,44.17,0
1153,20.0,60.06,5.402,46.08,0
1154,336.9,22.47,2.569,39.71,0
1155,649.7,33.34,1.308,25.01,0
1156,25.2,35.23,4.139,37.38,0
1157,354.4,60.91,3.126,37.78,0
1158,711.9,53.65,1.855,39.26,0
1159,271.3,36.78,1.92,31.82,0
1160,326.6,74.66,0.939,28.47,1
1161,564.4,39.01,1.86,31.65,0
1162,372.3,73.53,11.103,40.29,1
1163,574.1,49.21,4.426,23.83,1
1164,175.9,69.15,1.876,29.62,0
1165,161.0,63.58,1.962,36.3,0
1166,359.7,89.6,4.265,36.52,0
1167,882.0,81.85,2.361,38.63,1
1168,844.6,22.26,0.853,31.2,0
1169,888.3,34.02,3.309,41.2,0
1170,455.4,13.32,3.358,40.33,0
1171,701.2,35.53,1.631,30.02,0
1172,300.8,51.67,4.452,38.46,0
1173,143.3,38.96,1.596,41.8,0
1174,317.1,91.58,2.56,47.05,0
1175,234.8,60.49,2.459,37.68,0
1176,678.5,12.94,1.853,45.03,0
1177,372.3,51.49,0.917,36.91,0
1178,206.2,68.14,2.813,34.0,0
1179,664.6,74.22,5.123,40.37,1
1180,465.6,63.19,0.664,33.95,0
1181,450.5,44.92,1.347,38.47,0
1182,264.7,32.26,1.535,35.9,0
1183,325.7,22.53,1.878,37.97,0
1184,295.9,59.5,2.465,39.8,0
1185,316.3,36.48,0.708,50.82,0
1186,363.2,24.14,1.934,35.86,0
1187,308.8,75.55,3.789,43.18,1
1188,83.1,57.08,0.867,37.4,0
1189,162.9,92.39,6.121,51.34,0
1190,360.8,71.03,0.814,36.6,0
1191,111.7,43.75,1.564,34.54,0
1192,733.1,71.46,1.15,37.11,0
1193,89.3,32.59,5.188,40.15,0
1194,776.9,38.47,1.354,35.7,0
1195,423.0,82.54,2.394,41.62,0
1196,393.7,51.63,1.573,34.37,0
1197,943.7,60.74,2.014,34.46,0
1198,206.7,45.67,2.356,33.16,0
1199,214.9,47.53,1.93,38.68,0
1200,204.2,40.96,3.197,39.81,0
1201,754.8,36.54,1.962,35.65,0
1202,214.5,37.33,1.32,34.57,0
1203,984.2,67.5,4.657,44.47,0
1204,384.6,60.47,2.158,45.55,0
1205,9.6,60.06,1.877,51.7,0
1206,436.8,53.54,1.913,34.57,0
1207,720.9,91.12,3.317,38.27,1
1208,269.7,84.14,1.843,30.78,0
1209,295.5,82.37,1.698,23.04,1
1210,480.2,52.87,2.472,38.85,0
1211,217.9,59.73,1.284,38.48,0
1212,250.0,55.59,1.888,36.12,0
1213,760.5,48.02,0.861,32.7,0
1214,166.5,58.84,1.951,41.37,0
1215,791.8,71.5,1.643,45.78,1
1216,348.3,70.65,4.087,35.07,0
1217,150.9,36.24,0.977,34.31,0
1218,157.4,88.8,1.152,33.44,0
1219,298.5,71.65,2.887,44.91,0
1220,664.8,54.61,3.407,36.25,0
1221,1181.0,63.5,1.363,32.12,1
1222,335.9,59.42,2.422,37.92,0
1223,325.0,88.12,2.281,36.11,1
1224,525.5,50.54,3.559,27.86,0
1225,672.6,64.44,2.857,35.12,0
1226,218.3,43.82,1.661,36.43,0
1227,587.4,15.65,1.216,42.18,0
1228,255.0,57.12,0.536,46.57,0
1229,183.5,82.96,3.712,35.78,0
1230,996.2,63.7,1.606,47.19,0
1231,829.0,33.7,2.855,45.47,0
1232,780.5,77.49,4.117,25.8,1
1233,305.9,63.78,1.322,20.49,1
1234,1517.0,52.72,1.53,40.77,0
1235,268.5,82.36,5.079,30.2,1
1236,724.3,34.58,1.673,43.36,0
1237,102.2,46.69,1.056,50.52,0
1238,69.8,27.86,4.131,30.01,0
1239,66.2,38.39,1.565,33.18,0
1240,438.5,60.57,1.59,53.03,0
1241,162.8,54.87,3.964,35.05,0
1242,38.8,78.51,1.199,28.58,0
1243,1100.9,68.02,1.402,32.21,0
1244,813.9,36.72,6.43,35.76,1
1245,377.7,57.63,1.45,39.97,0
1246,624.2,87.85,2.741,38.8,1
1247,564.5,27.14,2.078,44.95,0
1248,263.0,29.49,6.645,37.61,0
1249,596.1,43.17,6.477,29.73,1
1250,381.0,40.39,3.863,43.73,0
1251,76.8,41.83,1.462,56.0,0
1252,350.4,47.69,2.57,41.94,0
1253,799.7,79.23,1.763,51.53,0
1254,64.4,85.75,0.803,33.12,0
1255,43.8,88.65,1.15,37.5,0
1256,211.1,41.27,1.294,35.9,0
1257,490.3,26.55,1.999,36.64,0
1258,153.4,34.18,2.22,36.47,0
1259,315.8,79.81,3.305,45.05,0
1260,572.6,59.8,0.919,36.83,0
1261,260.6,88.3,3.01,35.48,0
1262,314.0,28.57,0.907,42.3,0
1263,295.3,67.52,2.103,42.39,0
1264,777.0,55.11,5.227,31.24,1
1265,232.6,51.11,3.698,41.23,1
1266,270.5,60.99,1.42,30.47,0
1267,389.9,28.02,4.704,36.16,0
1268,410.3,58.6,2.779,30.27,0
1269,488.5,30.91,5.74,23.08,0
1270,540.1,40.18,2.299,27.12,0
1271,222.4,39.68,1.428,42.42,0
1272,316.1,51.51,1.616,37.82,0
1273,252.7,56.13,1.473,37.3,0
1274,553.8,22.33,1.566,46.71,0
1275,927.0,84.94,3.465,26.86,1
1276,758.4,51.35,1.583,33.99,0
1277,262.9,46.22,1.564,30.55,0
1278,375.0,70.88,3.377,40.49,0
1279,63.7,55.99,3.797,36.68,0
1280,538.5,33.45,3.344,34.1,0
1281,313.5,80.7,1.94,36.2,1
1282,72.0,39.24,2.221,31.85,0
1283,862.5,96.32,3.421,44.41,1
1284,94.8,77.9,2.755,42.42,0
1285,419.4,63.96,1.085,33.25,0
1286,590.6,45.19,1.47,42.58,0
1287,104.3,80.69,2.236,32.58,1
1288,975.1,34.42,1.303,38.53,1
1289,366.5,65.83,2.431,37.16,0
1290,349.8,51.51,1.629,41.28,0
1291,182.5,68.32,1.803,33.77,0
1292,70.4,37.0,1.332,25.62,0
1293,130.9,63.45,1.338,39.3,1
1294,239.9,44.25,2.163,23.07,0
1295,234.5,60.2,2.042,44.05,0
1296,80.4,85.59,3.96,29.19,1
1297,152.0,65.01,1.841,46.19,0
1298,324.5,89.61,2.637,40.8,1
1299,210.5,62.06,3.389,46.13,0
1300,550.4,41.59,3.241,36.35,0
1301,161.6,19.99,1.415,38.96,0
1302,192.0,73.62,2.235,41.85,0
1303,481.2,76.13,0.623,41.03,0
1304,428.3,28.55,0.94,37.6,0
1305,562.1,29.08,3.202,32.6,0
1306,574.5,6.23,1.129,43.8,0
1307,243.7,49.73,1.631,42.59,0
1308,255.8,39.84,4.179,38.83,0
1309,854.6,37.07,3.395,34.6,0
1310,221.9,34.38,4.528,46.16,0
1311,373.9,44.57,1.357,36.94,0
1312,467.4,19.49,3.131,46.66,0
1313,158.6,61.85,2.855,39.44,0
1314,445.9,54.41,1.324,25.82,0
1315,559.8,58.37,3.218,39.52,0
1316,608.6,75.26,2.858,49.6,0
1317,136.1,26.21,2.815,39.37,0
1318,510.9,86.63,1.222,46.82,0
1319,144.8,7.98,0.962,41.06,0
1320,222.8,67.56,3.854,46.91,0
1321,259.5,68.83,3.385,37.51,0
1322,189.4,39.31,2.237,29.72,0
1323,1159.9,46.0,3.478,34.41,0
1324,546.2,62.66,1.199,37.64,0
1325,1221.9,70.27,1.714,42.67,0
1326,551.2,28.16,2.209,38.67,0
1327,610.7,19.26,3.046,46.66,0
1328,888.9,58.53,0.976,38.55,0
1329,775.1,31.26,1.813,43.05,0
1330,234.1,85.64,2.85,50.55,0
1331,1363.5,32.81,3.4,47.72,0
1332,757.7,23.34,2.132,47.03,0
1333,1581.7,38.16,1.697,53.61,0
1334,86.4,31.87,1.805,24.58,0
1335,428.3,21.17,2.986,23.39,0
1336,466.0,44.19,3.729,38.82,0
1337,685.4,67.05,0.861,48.47,0
1338,131.9,57.0,3.265,49.71,0
1339,162.7,89.81,3.178,30.19,1
1340,505.0,46.01,1.724,47.22,0
1341,438.3,65.46,2.09,36.72,0
1342,508.7,76.06,3.531,35.51,1
1343,398.3,65.56,3.017,40.32,0
1344,880.0,58.0,2.641,36.96,0
1345,474.6,51.59,1.34,28.69,0
1346,147.5,64.88,1.028,49.84,0
1347,1031.6,74.79,1.813,44.48,0
1348,317.5,47.36,1.499,48.37,0
1349,414.6,80.9,5.909,41.15,0
1350,141.8,42.12,1.299,46.75,0
1351,322.4,87.97,4.189,39.91,0
1352,820.7,65.34,2.665,33.5,1
1353,572.6,67.55,6.156,39.16,1
1354,618.9,43.92,0.802,39.7,0
1355,612.7,51.94,3.069,50.48,0
1356,196.9,86.28,7.363,44.87,1
1357,353.3,37.83,2.894,33.18,0
1358,256.4,31.87,1.071,46.49,0
1359,82.7,45.69,2.189,36.47,0
1360,377.4,23.77,3.798,42.18,0
1361,340.9,50.26,2.284,43.26,0
1362,324.0,77.74,3.481,44.23,0
1363,38.7,69.09,0.952,47.48,1
1364,534.7,42.19,2.354,35.23,0
1365,381.3,68.54,0.543,35.19,0
1366,236.7,48.57,5.329,41.09,0
1367,704.0,37.27,2.621,31.61,0
1368,114.8,74.94,3.641,36.5,0
1369,1402.4,73.0,3.735,31.79,0
1370,85.7,85.03,3.334,28.69,1
1371,1002.8,33.87,0.75,40.33,0
1372,912.3,71.13,1.354,37.38,0
1373,166.7,6.52,5.615,33.06,0
1374,1225.2,25.73,3.241,38.83,0
1375,255.9,40.04,0.782,38.89,0
1376,155.5,56.86,4.278,48.12,0
1377,876.3,85.7,2.45,45.11,1
1378,1863.0,89.16,2.367,35.08,1
1379,408.5,54.48,1.683,42.87,0
1380,64.7,34.48,2.533,44.71,0
1381,699.8,18.12,4.529,45.79,0
1382,602.9,67.11,1.333,39.66,0
1383,374.2,26.05,0.932,47.83,0
1384,178.4,35.04,1.092,44.72,0
1385,495.4,34.02,3.866,40.9,0
1386,388.6,77.39,2.422,19.52,1
1387,304.1,81.06,2.329,33.4,0
1388,894.0,44.43,0.88,30.46,0
1389,617.5,39.94,3.016,41.85,0
1390,244.9,23.09,3.495,38.56,0
1391,397.9,45.27,7.069,31.8,0
1392,348.9,39.85,2.123,26.77,0
1393,362.1,24.79,1.629,33.34,0
1394,460.1,85.34,1.928,28.64,0
1395,143.5,86.99,1.305,35.6,0
1396,446.5,61.57,2.588,39.41,0
1397,105.6,86.51,1.069,39.91,0
1398,599.5,57.01,0.67,26.3,0
1399,777.1,81.24,1.981,28.61,1
1400,444.3,22.21,3.697,34.67,0
1401,572.0,24.18,1.933,33.65,0
1402,236.1,68.69,1.929,42.35,0
1403,77.5,34.34,0.756,39.04,0
1404,277.5,62.19,0.603,35.12,0
1405,468.8,56.9,0.461,37.36,0
1406,220.0,77.23,7.43,28.75,0
1407,109.3,61.43,1.538,48.32,0
1408,154.5,54.32,2.851,38.07,0
1409,373.7,47.17,1.564,34.94,1
1410,464.3,10.03,2.51,38.68,0
1411,243.7,63.34,1.822,40.02,0
1412,198.2,57.42,1.29,39.76,0
1413,542.0,80.55,3.066,23.54,1
1414,258.3,59.77,0.798,32.66,0
1415,590.9,33.59,5.476,38.52,0
1416,538.4,60.44,0.948,35.93,0
1417,375.3,59.98,1.712,49.4,0
1418,1143.3,48.45,0.635,50.28,0
1419,183.6,32.4,1.402,38.0,0
1420,338.0,24.65,1.982,41.88,0
1421,738.0,55.02,1.063,32.47,0
1422,812.6,63.45,6.446,36.71,1
1423,602.9,38.69,0.991,40.58,0
1424,744.7,56.01,0.891,26.44,0
1425,872.4,48.03,4.33,48.25,0
1426,596.5,55.31,1.865,33.29,0
1427,321.8,76.03,2.527,38.3,0
1428,273.8,38.36,3.833,50.34,0
1429,1690.9,31.92,2.316,41.82,0
1430,398.8,49.52,2.092,28.54,0
1431,272.9,59.87,2.5,28.44,0
1432,316.0,58.15,3.965,41.87,0
1433,1048.0,98.64,1.407,28.54,1
1434,207.7,59.07,1.015,30.95,0
1435,426.4,5.56,1.921,38.56,0
1436,27.4,38.01,2.788,43.87,0
1437,677.3,76.67,2.106,37.18,0
1438,647.0,14.12,1.524,43.91,0
1439,560.8,39.93,1.626,36.69,0
1440,176.2,56.04,2.865,37.53,0
1441,118.7,98.12,1.113,34.55,1
1442,293.3,73.9,2.451,29.68,0
1443,710.1,43.59,2.259,35.08,0
1444,308.1,82.04,1.293,46.6,0
1445,485.8,72.45,3.62,40.13,0
1446,92.3,71.56,0.844,36.62,1
1447,376.1,31.75,1.55,41.23,0
1448,612.7,28.56,2.487,40.22,0
1449,276.7,37.79,2.136,42.92,0
1450,193.9,43.34,1.048,27.24,0
1451,188.4,52.12,5.66,36.92,0
1452,666.4,35.02,3.373,36.45,0
1453,928.7,44.8,0.85,39.57,0
1454,250.2,73.2,1.664,34.52,0
1455,383.8,32.29,1.991,32.39,0
1456,1051.4,11.52,3.786,38.29,0
1457,700.4,76.74,2.186,42.22,0
1458,203.5,19.68,1.709,40.56,0
1459,198.2,47.18,2.054,42.83,0
1460,836.8,56.45,2.567,57.63,0
1461,108.7,94.33,1.322,36.99,0
1462,210.9,63.18,3.087,42.76,0
1463,247.8,76.21,1.508,35.04,0
1464,1145.0,54.91,1.551,27.09,1
1465,259.2,84.25,1.201,40.0,0
1466,604.0,68.41,2.354,42.53,1
1467,295.0,52.71,1.27,36.01,0
1468,361.7,59.3,1.626,36.69,0
1469,108.1,41.33,1.033,35.87,0
1470,512.1,64.92,3.435,39.29,0
1471,256.8,70.95,1.634,29.68,0
1472,548.9,42.0,3.518,42.61,0
1473,502.1,68.04,2.161,37.82,0
1474,172.7,25.85,1.392,49.4,0
1475,204.0,20.66,2.054,33.08,0
1476,134.0,21.02,2.356,39.87,0
1477,284.8,39.4,2.768,37.39,0
1478,749.0,60.86,2.056,34.65,0
1479,478.5,67.25,2.037,38.33,0
1480,77.0,65.95,2.815,44.37,0
1481,311.2,5.17,3.102,42.61,0
1482,115.7,38.04,2.099,35.45,0
1483,341.0,82.17,1.387,47.16,0
1484,772.1,43.46,5.7,35.18,0
1485,129.2,46.51,3.795,45.81,0
1486,1194.0,84.15,2.752,47.71,0
1487,272.0,66.32,1.59,34.78,0
1488,234.1,20.41,2.7,35.69,0
1489,58.4,17.99,0.849,43.01,0
1490,306.0,98.15,2.756,48.13,0
1491,6.6,50.1,1.772,48.63,0
1492,283.4,73.33,2.091,33.82,0
1493,894.3,96.03,2.016,37.44,1
1494,281.9,33.37,1.301,39.82,0
1495,176.0,57.89,1.742,37.85,0
1496,579.8,67.64,1.33,38.08,0
1497,139.6,31.97,1.435,44.89,0
1498,271.1,72.02,1.311,45.1,0
1499,212.4,20.07,4.417,45.12,0
1500,347.9,38.06,1.083,44.63,0
1501,970.4,28.74,2.64,36.52,0
1502,775.6,39.59,1.992,27.61,0
1503,903.8,90.59,1.844,48.76,0
1504,438.0,55.32,1.823,45.31,0
1505,93.5,88.56,2.03,30.3,1
1506,73.2,42.51,2.432,27.98,0
1507,1123.8,57.53,4.963,53.82,0
1508,535.3,12.36,2.918,43.85,0
1509,409.1,78.92,4.484,41.19,1
1510,367.2,93.39,5.428,26.01,1
1511,987.5,69.25,1.467,43.71,0
1512,473.5,58.39,1.819,32.22,0
1513,245.8,46.18,1.13,45.59,0
1514,297.2,61.42,2.216,38.64,0
1515,487.7,14.32,2.485,34.53,0
1516,229.3,68.82,1.527,36.14,0
1517,288.5,19.48,0.898,37.35,0
1518,364.1,57.61,1.211,33.64,1
1519,607.7,26.94,1.678,37.95,0
1520,289.9,46.63,1.091,50.72,0
1521,276.4,80.93,4.387,34.02,0
1522,518.1,57.25,2.878,25.75,1
1523,1614.3,59.3,1.036,32.85,0
1524,262.3,35.87,0.869,25.31,0
1525,1020.0,76.18,2.476,34.17,1
1526,389.4,65.21,4.866,33.53,0
1527,82.9,65.71,1.077,32.91,0
1528,394.0,22.65,1.618,41.08,0
1529,110.1,66.85,1.943,36.01,0
1530,138.7,34.2,1.414,33.1,0
1531,416.4,59.53,3.955,37.52,0
1532,190.2,34.91,2.789,39.02,0
1533,296.0,63.83,1.884,38.73,0
1534,619.6,56.93,1.681,40.2,0
1535,323.7,78.57,0.88,38.26,0
1536,377.9,65.4,3.419,38.61,0
1537,258.0,53.14,1.91,44.76,0
1538,262.9,13.12,5.414,33.06,0
1539,414.9,43.89,5.016,44.15,0
1540,550.5,72.04,1.729,37.34,1
1541,110.7,15.98,1.13,32.83,0
1542,405.1,52.47,2.306,46.26,0
1543,971.7,24.19,3.939,44.43,0
1544,1133.4,54.45,5.154,37.91,1
1545,551.3,88.77,2.12,22.66,0
1546,369.5,37.81,1.967,41.2,0
1547,298.2,24.88,1.055,42.27,0
1548,187.3,17.27,1.013,31.0,0
1549,667.7,60.4,2.227,30.25,0
1550,439.7,61.6,2.841,42.35,0
1551,122.7,53.51,1.113,41.96,0
1552,208.9,84.65,6.404,44.15,0
1553,801.8,36.82,4.943,28.02,0
1554,714.1,33.82,2.436,43.99,0
1555,529.6,37.65,2.695,24.95,0
1556,610.5,80.57,3.442,38.09,1
1557,292.8,51.34,1.417,38.19,1
1558,866.3,30.07,5.254,44.8,0
1559,1082.2,53.1,0.629,40.98,0
1560,372.6,39.1,6.699,31.09,0
1561,338.5,27.85,1.43,30.0,0
1562,314.7,88.66,1.582,34.38,1
1563,162.8,92.4,0.867,39.53,1
1564,277.3,35.04,3.447,25.37,0
1565,1236.3,44.19,1.268,32.81,0
1566,526.0,57.04,4.566,38.13,0
1567,97.6,60.63,1.41,38.39,0
1568,165.6,18.45,4.222,33.39,0
1569,584.0,37.84,3.625,42.34,0
1570,107.8,52.64,3.349,39.29,0
1571,365.7,39.17,3.873,39.58,0
1572,295.5,35.78,1.686,42.14,0
1573,37.4,79.49,2.459,39.29,0
1574,350.4,70.53,4.807,49.16,0
1575,339.0,23.78,1.232,32.61,0
1576,99.6,64.28,2.137,33.43,0
1577,246.9,42.45,1.542,48.89,0
1578,369.3,24.64,2.89,33.03,0
1579,850.8,26.53,1.23,25.3,0
1580,823.4,41.68,2.014,36.07,0
1581,786.0,42.39,2.446,32.46,0
1582,752.1,13.79,1.22,38.76,0
1583,575.5,59.95,3.208,45.65,0
1584,124.3,57.62,3.07,31.19,1
1585,116.2,22.09,8.357,46.66,0
1586,288.2,44.02,2.404,34.72,0
1587,826.0,41.14,1.959,38.45,0
1588,575.6,51.94,4.128,46.26,0
1589,231.7,41.6,5.2,38.45,0
1590,215.7,50.97,0.964,37.55,0
1591,616.4,62.97,2.577,42.72,0
1592,568.6,72.72,4.394,40.28,1
1593,421.9,12.41,3.52,33.16,0
1594,256.9,71.85,1.448,32.74,0
1595,294.6,40.93,1.026,39.92,0
1596,1085.3,95.98,2.408,32.39,1
1597,362.2,72.97,2.131,38.4,0
1598,138.1,73.83,3.017,38.91,0
1599,1331.2,89.31,1.126,37.99,1
1600,310.9,72.21,1.033,33.36,1
1601,594.5,66.12,0.793,41.75,0
1602,175.9,48.44,1.716,43.73,0
1603,425.6,29.99,1.507,34.69,0
1604,107.0,26.33,2.848,33.93,0
1605,230.8,57.65,3.583,42.05,0
1606,315.0,84.94,1.575,35.01,1
1607,927.0,26.44,2.014,43.3,0
1608,316.8,71.12,1.205,31.31,0
1609,253.2,63.46,1.493,31.46,0
1610,379.9,69.81,1.141,31.01,0
1611,626.5,70.69,3.984,38.05,1
1612,444.4,87.46,1.833,44.87,1
1613,955.2,51.91,1.688,34.18,0
1614,414.8,51.17,1.092,37.83,0
1615,304.0,20.02,4.128,44.89,0
1616,404.5,88.52,1.413,32.89,1
1617,99.5,32.32,8.909,52.74,0
1618,607.9,80.2,2.062,39.95,0
1619,616.0,49.81,3.496,31.07,0
1620,271.1,70.96,6.793,39.41,0
1621,304.1,33.26,3.201,30.52,0
1622,505.2,52.91,0.969,37.0,0
1623,176.8,38.27,2.333,39.77,1
1624,437.7,57.63,4.387,46.31,0
1625,607.2,75.0,4.3,44.56,1
1626,925.2,45.56,0.948,32.64,0
1627,416.4,40.05,2.213,38.24,0
1628,660.0,90.79,2.45,27.58,1
1629,355.9,85.15,2.187,42.81,0
1630,1304.0,90.21,2.316,33.23,1
1631,269.3,38.88,2.915,50.29,0
1632,287.1,50.8,2.133,31.48,0
1633,1022.1,96.55,1.874,48.81,1
1634,364.2,75.41,0.971,54.43,0
1635,239.0,19.64,4.012,49.68,0
1636,561.8,63.6,1.092,29.27,1
1637,386.1,91.61,1.561,38.99,1
1638,423.3,95.2,2.867,43.05,1
1639,610.8,54.72,2.603,34.16,0
1640,161.9,41.23,1.187,39.05,0
1641,882.1,84.93,3.264,32.99,0
1642,208.5,38.89,5.653,46.43,0
1643,919.3,55.87,5.69,47.06,0
1644,789.4,59.09,1.84,43.18,0
1645,1039.7,35.93,5.257,27.84,0
1646,527.4,72.06,2.494,49.22,0
1647,224.8,46.51,3.52,36.84,0
1648,402.9,68.96,3.543,38.57,1
1649,730.1,54.63,3.18,35.36,0
1650,467.4,34.74,2.239,33.27,0
1651,829.0,51.8,5.134,37.9,0
1652,444.5,51.84,2.549,37.32,0
1653,768.9,86.69,1.372,53.54,1
1654,348.3,57.74,1.909,41.27,0
1655,284.5,66.84,2.621,46.27,0
1656,272.1,33.13,3.402,32.68,0
1657,419.9,78.24,3.565,30.13,1
1658,665.5,30.02,1.58,39.09,0
1659,779.6,68.15,2.799,40.65,0
1660,280.3,38.61,1.651,37.62,0
1661,97.6,60.52,1.287,43.21,0
1662,416.5,55.05,2.156,29.47,0
1663,332.8,61.34,1.836,36.67,0
1664,440.8,42.91,2.002,30.65,0
1665,445.5,65.7,3.852,34.19,0
1666,562.8,67.68,2.381,32.29,1
1667,573.9,78.02,2.188,30.47,0
1668,306.9,83.94,2.159,39.85,0
1669,250.6,69.08,3.499,21.76,0
1670,667.6,54.27,2.888,31.4,1
1671,444.8,83.09,2.044,36.06,1
1672,578.7,43.85,1.534,35.94,0
1673,368.5,12.14,1.1,33.92,0
1674,818.4,74.86,2.696,57.16,0
1675,104.4,36.98,2.721,43.76,0
1676,463.9,35.73,1.793,37.22,0
1677,500.8,85.56,3.359,43.85,0
1678,591.1,78.25,3.891,33.52,1
1679,290.5,63.9,0.733,26.78,0
1680,717.6,54.98,1.866,38.22,1
1681,307.4,56.33,1.998,47.8,0
1682,1223.4,79.25,2.461,35.55,1
1683,355.0,95.53,0.688,24.48,1
1684,308.4,59.17,3.094,49.82,0
1685,731.2,44.8,1.868,45.81,0
1686,281.8,80.88,1.558,52.64,0
1687,276.0,49.58,1.095,47.34,0
1688,649.5,79.27,1.074,41.94,0
1689,334.7,88.68,2.421,39.99,1
1690,587.8,65.46,3.297,39.17,1
1691,343.6,72.47,2.338,51.99,0
1692,321.6,47.8,10.088,45.04,0
1693,363.9,90.66,1.232,39.06,1
1694,435.9,76.89,1.77,32.56,0
1695,661.8,82.62,1.065,36.35,1
1696,173.2,79.9,1.451,45.01,0
1697,561.4,8.84,1.818,41.88,0
1698,453.6,48.53,2.484,27.46,0
1699,498.8,55.51,3.134,39.18,0
1700,477.7,53.02,2.274,33.23,0
1701,241.1,65.06,2.493,33.09,0
1702,498.9,69.39,1.633,41.99,0
1703,185.2,83.64,1.322,36.86,0
1704,184.0,28.29,1.279,37.47,0
1705,779.3,45.66,1.482,29.99,0
1706,769.9,50.18,1.129,28.41,0
1707,478.0,72.88,1.029,35.13,1
1708,382.2,18.52,1.31,34.84,0
1709,927.1,26.11,2.908,36.61,0
1710,269.1,50.59,3.281,35.22,0
1711,186.0,31.35,1.19,23.81,0
1712,205.1,70.33,2.021,33.72,0
1713,647.5,72.42,2.73,44.91,0
1714,401.2,31.31,5.181,36.85,0
1715,855.3,43.57,3.79,32.3,1
1716,158.1,18.9,1.842,42.01,0
1717,432.1,78.52,2.779,40.42,0
1718,397.9,14.72,0.796,20.11,0
1719,313.4,23.47,1.69,29.75,0
1720,209.1,60.04,5.584,35.93,0
1721,312.4,61.9,2.404,31.19,0
1722,97.8,53.68,1.012,32.75,0
1723,204.8,72.66,1.963,33.22,0
1724,459.4,45.43,1.514,35.57,0
1725,467.0,43.33,0.636,39.84,0
1726,592.8,45.01,1.147,23.93,0
1727,769.1,20.18,1.518,34.01,0
1728,114.3,64.64,4.008,35.59,0
1729,219.2,62.22,1.435,37.37,0
1730,599.9,93.42,2.317,27.12,1
1731,642.0,50.64,1.005,43.82,0
1732,387.2,65.34,2.779,22.75,1
1733,239.4,49.87,3.215,40.64,0
1734,121.1,55.14,1.503,43.27,0
1735,192.0,61.9,1.693,44.86,0
1736,311.0,70.27,2.387,39.47,0
1737,536.3,47.71,3.251,40.44,0
1738,438.3,62.02,2.373,44.49,1
1739,257.0,40.28,0.72,40.95,0
1740,223.3,72.62,1.108,52.57,0
1741,166.6,80.15,1.657,40.25,0
1742,156.2,84.41,4.497,28.39,1
1743,684.9,47.91,0.66,36.05,0
1744,967.0,48.62,1.436,49.03,0
1745,320.5,58.14,2.539,32.61,1
1746,697.1,24.8,1.082,32.21,0
1747,185.7,39.84,6.173,36.97,0
1748,502.1,43.53,2.011,35.61,0
1749,101.0,74.86,2.789,47.38,0
1750,408.5,78.04,3.137,42.62,1
1751,114.7,60.46,2.223,34.64,0
1752,246.1,66.93,3.595,40.14,0
1753,296.7,63.03,5.172,37.06,0
1754,483.3,7.55,1.108,36.44,0
1755,398.3,35.19,1.38,41.34,0
1756,149.6,49.53,3.374,24.23,0
1757,519.8,9.16,2.309,26.51,0
1758,72.2,90.0,4.421,50.58,0
1759,133.5,70.87,3.145,31.91,1
1760,518.2,73.47,4.315,40.9,0
1761,276.1,55.24,4.684,30.17,0
1762,748.4,42.0,5.054,33.26,0
1763,371.5,56.86,1.738,38.92,0
1764,168.2,72.99,3.581,38.35,0
1765,599.8,29.34,1.205,27.43,0
1766,520.2,56.02,2.263,38.07,0
1767,101.2,75.05,2.573,39.14,0
1768,210.6,21.43,2.334,39.06,0
1769,78.4,31.49,2.165,36.65,0
1770,1226.2,69.58,1.861,34.67,1
1771,783.6,27.77,0.619,25.01,0
1772,367.1,15.79,1.966,31.64,0
1773,28.7,69.58,2.392,38.38,0
1774,155.1,54.59,3.309,42.46,0
1775,323.8,67.89,2.773,37.4,0
1776,823.2,43.35,2.587,34.27,1
1777,311.0,56.1,1.178,41.33,0
1778,167.8,71.12,1.402,49.49,0
1779,497.5,51.08,1.22,31.61,0
1780,577.8,89.11,2.082,39.1,0
1781,228.9,51.67,1.18,34.44,0
1782,392.4,43.44,5.11,34.02,0
1783,78.3,70.46,0.762,39.61,0
1784,230.6,70.2,1.471,35.12,0
1785,353.2,77.8,2.239,47.39,0
1786,348.7,53.63,1.419,32.79,0
1787,335.8,72.93,3.297,43.62,0
1788,612.1,62.66,3.967,32.2,1
1789,557.0,81.01,1.117,27.83,1
1790,180.4,24.0,2.917,33.46,0
1791,229.5,44.86,4.822,29.16,1
1792,632.3,76.13,1.227,47.15,0
1793,757.8,96.8,4.176,45.28,1
1794,387.6,66.36,2.727,34.87,0
1795,482.9,44.51,2.295,46.23,0
1796,799.1,65.23,2.419,30.1,1
1797,178.9,76.94,2.274,38.07,0
1798,441.5,80.87,1.984,38.95,0
1799,366.4,48.16,1.922,50.12,0
1800,52.2,66.16,0.859,45.26,0
1801,261.1,78.73,3.647,33.49,1
1802,157.5,11.9,1.337,35.02,0
1803,114.4,35.06,5.084,56.12,0
1804,181.1,79.33,1.438,38.25,1
1805,438.1,90.65,2.012,34.96,1
1806,174.7,64.88,0.76,33.9,0
1807,477.7,36.48,1.704,44.39,0
1808,702.7,23.41,4.312,33.53,0
1809,183.4,34.34,2.148,36.12,0
1810,329.2,58.39,1.401,38.16,0
1811,308.2,28.86,2.353,37.59,0
1812,211.2,88.71,1.989,33.59,1
1813,338.3,58.49,2.414,34.64,0
1814,309.6,29.47,2.388,34.04,0
1815,135.3,72.9,0.992,43.38,0
1816,483.5,52.07,1.773,36.68,0
1817,789.9,23.83,1.231,39.53,0
1818,187.8,28.0,0.994,47.69,0
1819,393.5,30.37,0.882,31.75,0
1820,484.2,94.66,1.188,39.41,0
1821,780.0,58.88,3.847,28.07,0
1822,36.7,89.37,3.27,39.34,0
1823,671.9,11.26,2.389,40.41,0
1824,183.7,94.49,4.772,27.28,1
1825,258.6,20.4,1.126,32.11,0
1826,586.8,63.6,3.228,37.84,1
1827,293.1,54.09,2.051,37.6,0
1828,308.9,58.59,4.408,37.78,0
1829,397.9,48.1,1.836,42.23,0
1830,466.2,45.94,1.218,39.28,0
1831,434.3,77.0,1.248,35.08,0
1832,512.8,30.89,1.679,28.21,0
1833,585.4,82.29,2.884,38.37,1
1834,511.5,25.66,1.83,33.33,0
1835,523.8,62.73,4.832,31.23,0
1836,259.0,68.06,2.567,35.34,0
1837,201.4,37.66,5.86,37.07,0
1838,363.1,28.83,2.066,33.11,0
1839,658.1,32.45,5.166,33.35,0
1840,228.1,64.25,3.164,39.18,0
1841,377.8,69.38,1.491,42.74,0
1842,136.7,36.56,1.95,35.43,0
1843,479.0,45.97,1.668,36.65,0
1844,208.9,53.06,2.32,45.95,0
1845,466.9,58.86,6.08,44.76,0
1846,307.4,25.17,1.138,29.55,0
1847,200.4,89.54,1.022,39.9,0
1848,212.2,4.71,1.723,40.13,0
1849,550.0,59.33,2.027,34.14,0
1850,324.9,25.94,3.506,41.73,0
1851,445.9,64.56,2.062,50.95,0
1852,605.6,60.31,4.771,29.28,0
1853,128.8,62.56,2.503,41.48,0
1854,406.2,85.69,0.636,49.26,0
1855,718.8,64.91,5.946,35.77,1
1856,293.0,71.99,3.722,38.47,0
1857,164.2,62.24,3.913,49.66,0
1858,475.5,56.75,1.35,38.96,1
1859,348.3,83.65,1.339,48.5,0
1860,65.5,69.25,2.494,47.43,0
1861,661.7,49.65,3.807,38.9,0
1862,195.4,73.78,1.943,40.04,0
1863,172.1,59.33,1.013,42.85,0
1864,289.3,27.8,3.451,34.44,0
1865,223.1,56.3,3.148,40.88,0
1866,297.1,31.36,1.052,49.64,0
1867,144.0,66.25,7.019,45.79,0
1868,256.1,72.75,1.172,44.58,0
1869,426.1,28.4,2.079,34.29,0
1870,432.6,59.54,4.696,40.88,1
1871,582.6,61.14,1.656,36.8,1
1872,230.8,24.17,2.212,34.55,0
1873,576.9,84.63,4.133,36.79,1
1874,320.8,42.18,1.888,35.56,0
1875,318.3,59.69,1.215,39.23,0
1876,505.9,31.82,1.581,25.56,0
1877,503.8,5.64,0.65,41.62,0
1878,368.9,46.41,0.965,37.34,0
1879,454.2,56.39,1.639,37.94,0
1880,130.7,42.62,1.812,37.35,0
1881,289.1,48.26,2.745,34.23,0
1882,354.4,30.04,6.125,32.83,0
1883,501.7,39.15,1.842,41.24,0
1884,62.9,80.7,4.493,29.02,0
1885,842.8,85.68,1.942,40.75,1
1886,285.5,43.38,2.411,37.55,0
1887,122.4,55.35,3.434,36.05,0
1888,99.7,47.59,2.273,37.68,0
1889,1088.8,82.06,3.285,33.27,1
1890,1139.5,33.47,3.143,23.23,1
1891,339.5,70.87,3.362,39.21,0
1892,396.9,56.66,1.528,44.93,0
1893,479.4,53.52,2.408,30.44,0
1894,362.3,12.64,1.15,35.99,0
1895,1065.9,45.81,1.418,38.53,0
1896,383.2,73.87,0.632,35.15,0
1897,146.1,70.91,2.459,33.82,0
1898,379.2,70.0,2.028,33.49,0
1899,582.0,42.75,1.267,34.28,0
1900,486.8,22.69,1.295,33.46,0
1901,496.9,75.07,3.24,58.03,0
1902,417.7,35.02,2.664,40.26,0
1903,257.6,43.87,2.545,40.56,0
1904,585.9,27.1,1.833,37.17,0
1905,260.0,38.66,2.256,36.86,0
1906,409.3,71.25,4.73,32.44,1
1907,166.2,45.36,1.741,43.55,0
1908,532.6,50.91,3.909,31.83,0
1909,104.6,72.76,1.499,40.75,0
1910,338.7,85.71,2.473,37.08,1
1911,390.8,67.85,4.916,41.06,0
1912,332.8,54.94,2.791,34.36,0
1913,1030.9,34.37,2.645,37.56,0
1914,185.9,53.21,2.11,43.92,0
1915,1181.0,31.66,1.79,41.3,0
1916,355.7,82.41,1.405,40.03,0
1917,613.1,75.89,1.719,39.82,1
1918,910.4,62.89,3.53,49.53,0
1919,283.3,74.52,0.837,43.43,0
1920,853.2,57.46,3.226,32.48,0
1921,555.8,52.85,1.275,39.89,0
1922,223.6,55.1,1.488,35.95,0
1923,250.1,52.65,3.721,46.73,0
1924,367.7,62.65,1.141,32.49,0
1925,342.3,39.06,1.973,46.47,0
1926,1267.3,59.08,2.031,40.41,0
1927,262.6,59.58,0.696,41.2,0
1928,407.6,10.61,2.742,46.67,0
1929,441.7,58.52,1.356,24.64,1
1930,516.2,42.56,1.985,42.92,0
1931,164.9,85.1,2.189,42.81,0
1932,503.4,49.76,2.722,31.07,0
1933,294.9,44.11,4.033,37.28,0
1934,1040.7,19.71,2.234,51.74,0
1935,847.6,60.45,2.984,36.9,0
1936,307.2,17.25,2.642,40.98,0
1937,260.3,74.03,2.935,40.54,0
1938,284.0,43.45,1.436,37.88,0
1939,68.0,24.48,3.331,24.76,0
1940,447.8,97.34,1.156,39.91,1
1941,395.3,79.89,5.11,38.72,1
1942,236.9,48.81,2.536,32.54,0
1943,209.8,49.13,1.53,27.0,0
1944,580.4,56.61,2.216,40.66,0
1945,160.1,41.03,5.844,45.46,0
1946,197.1,52.45,3.725,28.67,0
1947,893.5,74.02,1.061,45.53,1
1948,280.2,49.94,0.751,43.29,0
1949,1073.6,64.29,1.82,26.72,0
1950,541.9,60.46,1.552,39.6,0
1951,576.0,36.84,2.115,39.77,0
1952,280.4,59.98,2.477,23.1,0
1953,808.4,64.34,3.066,35.6,0
1954,1115.7,83.75,2.134,43.24,1
1955,63.1,70.08,0.835,30.31,0
1956,304.6,63.5,3.114,47.96,0
1957,274.5,41.13,1.861,44.36,0
1958,131.7,36.59,5.246,22.68,0
1959,37.5,43.08,3.114,33.75,0
1960,341.9,40.76,2.638,39.98,0
1961,256.3,36.67,1.037,31.83,0
1962,533.3,70.55,1.446,30.43,1
1963,783.9,61.09,2.043,32.69,0
1964,306.7,59.56,2.482,32.13,0
1965,534.4,86.82,0.43,34.27,1
1966,528.2,73.36,3.113,39.05,0
1967,655.1,47.35,1.334,38.59,0
1968,1202.7,69.58,4.52,33.67,1
1969,660.3,92.5,2.132,40.76,0
1970,217.9,67.87,1.469,40.79,0
1971,560.5,43.64,5.596,40.8,0
1972,719.3,78.21,1.041,37.49,1
1973,200.4,68.67,2.384,42.62,0
1974,275.0,40.28,6.28,43.69,0
1975,664.5,45.12,4.54,34.75,0
1976,445.7,43.06,2.617,40.63,0
1977,91.9,34.97,4.41,47.88,0
1978,909.4,48.2,3.77,39.31,0
1979,164.0,87.91,1.218,35.41,0
1980,528.8,39.94,6.12,39.93,0
1981,236.9,57.55,4.424,31.42,0
1982,148.7,42.12,1.939,42.58,0
1983,101.6,18.57,2.027,43.58,0
1984,75.7,86.13,1.191,39.82,0
1985,288.7,34.76,1.056,30.38,1
1986,154.3,78.45,2.043,42.57,0
1987,260.0,72.55,6.547,31.89,0
1988,477.4,87.37,3.474,38.5,0
1989,239.8,56.64,1.785,30.16,0
1990,857.2,34.35,0.679,36.83,0
1991,236.9,12.3,3.224,38.68,0
1992,414.1,35.41,0.861,37.68,0
1993,181.9,49.71,1.308,40.97,0
1994,383.7,73.61,9.797,36.91,0
1995,630.1,64.7,3.983,40.51,0
1996,400.2,82.58,1.85,37.64,0
1997,589.5,29.18,0.887,33.97,0
1998,590.2,58.96,1.457,26.49,1
1999,152.6,28.94,1.368,42.14,0
2000,229.8,53.98,1.577,32.11,0
2001,488.1,47.21,1.156,38.64,0
2002,455.1,86.32,1.312,18.68,1
2003,383.8,78.64,1.409,31.87,1
2004,293.6,20.01,2.957,44.15,0
2005,482.8,53.96,3.179,37.17,0
2006,410.4,19.93,1.018,31.79,0
2007,183.4,73.83,3.34,35.98,0
2008,528.3,61.01,2.542,32.51,0
2009,471.7,19.74,1.048,33.89,0
2010,496.4,47.15,2.542,36.25,0
2011,160.1,64.89,2.999,33.5,0
2012,192.3,62.6,1.713,38.01,0
2013,171.1,57.71,1.077,38.24,0
2014,307.8,56.46,1.566,41.8,0
2015,1207.2,43.05,1.503,37.78,0
2016,730.3,84.46,1.697,27.98,1
2017,358.5,63.67,2.894,29.44,1
2018,230.6,54.6,2.459,50.92,0
2019,400.6,43.98,1.339,43.98,0
2020,102.3,56.45,1.535,34.65,0
2021,849.9,68.14,1.595,35.89,0
2022,386.1,36.09,3.032,37.23,0
2023,10.2,10.35,1.677,46.22,0
2024,293.8,14.86,8.329,39.6,0
2025,310.8,86.02,2.329,41.3,1
2026,411.2,57.3,1.449,35.87,0
2027,588.7,63.48,2.874,24.11,1
2028,296.3,69.14,2.624,35.62,0
2029,527.8,65.93,1.447,25.53,1
2030,246.4,34.42,3.344,31.05,0
2031,135.8,73.11,1.285,45.55,0
2032,539.6,18.41,2.584,37.87,0
2033,1024.5,72.12,1.66,36.58,1
2034,464.4,55.88,1.116,36.61,0
2035,426.5,45.48,2.211,37.2,0
2036,165.4,95.23,0.878,39.34,0
2037,413.8,84.09,1.924,24.82,1
2038,569.8,74.05,2.724,33.31,1
2039,326.7,53.07,3.872,34.17,0
2040,231.7,46.27,1.797,28.33,0
2041,250.5,32.34,4.288,33.35,0
2042,714.7,82.66,3.609,36.42,1
2043,239.0,26.02,0.989,40.59,0
2044,357.1,62.93,2.195,32.17,0
2045,704.4,77.87,3.435,38.52,0
2046,237.0,33.55,2.653,43.92,0
2047,703.0,32.37,3.072,35.87,0
2048,370.0,47.11,3.546,34.62,0
2049,483.4,39.22,3.538,45.46,0
2050,362.7,61.63,1.624,38.17,0
2051,212.3,44.0,1.834,33.64,0
2052,776.5,53.34,3.114,30.54,1
2053,74.4,67.39,4.563,22.6,0
2054,163.2,67.34,2.368,31.79,0
2055,373.1,58.68,2.189,41.65,0
2056,313.4,32.55,1.809,46.16,0
2057,372.5,64.45,2.103,41.47,0
2058,511.1,68.35,1.02,42.34,0
2059,126.9,69.84,2.558,35.79,0
2060,305.2,49.86,1.714,26.65,0
2061,587.4,89.46,3.561,39.07,0
2062,192.7,67.32,0.878,39.28,0
2063,254.5,34.1,1.52,33.73,0
2064,280.6,37.82,2.904,48.45,0
2065,126.4,23.03,3.558,45.58,0
2066,849.7,56.95,0.849,40.99,0
2067,694.1,11.0,2.469,42.48,0
2068,403.2,52.12,1.681,25.0,0
2069,597.6,52.59,2.622,33.54,1
2070,727.1,44.31,1.871,36.34,0
2071,692.8,64.68,3.074,32.83,1
2072,520.4,35.89,2.729,37.1,0
2073,317.7,84.98,3.133,37.37,1
2074,150.7,55.6,1.411,37.51,0
2075,137.7,36.24,1.957,49.08,0
2076,1066.5,15.68,3.053,36.23,0
2077,229.9,39.74,5.067,35.72,0
2078,244.8,33.19,2.414,37.81,0
2079,439.4,12.9,3.123,34.53,0
2080,486.0,16.39,1.819,28.94,0
2081,164.4,47.77,11.665,30.07,1
2082,297.7,72.06,4.958,40.55,0
2083,126.9,51.08,0.572,47.1,0
2084,360.6,71.71,2.735,21.11,1
2085,246.4,45.15,0.958,27.96,0
2086,440.9,36.08,1.986,41.03,0
2087,152.9,81.25,1.239,43.73,0
2088,76.8,24.63,1.52,24.18,0
2089,111.4,27.13,0.438,40.36,0
2090,192.4,80.68,2.242,44.23,1
2091,39.1,82.09,2.589,42.72,0
2092,373.9,72.27,1.653,36.19,0
2093,783.5,46.41,3.828,29.6,0
2094,17.4,22.25,3.832,24.8,0
2095,266.1,36.37,0.823,50.38,0
2096,156.4,67.61,1.756,41.76,0
2097,173.8,74.89,2.174,30.07,1
2098,260.6,54.8,3.033,26.8,0
2099,493.9,69.46,1.355,43.03,1
2100,799.0,49.23,0.764,36.71,0
2101,435.8,55.91,1.459,39.47,0
2102,659.7,64.4,1.145,46.96,0
2103,304.5,64.45,1.95,36.41,0
2104,379.9,26.22,2.22,39.79,0
2105,68.0,42.64,1.13,34.39,0
2106,451.4,15.0,1.95,26.68,0
2107,60.0,88.78,1.325,37.05,0
2108,484.6,48.07,2.31,39.91,0
2109,390.1,35.9,2.529,42.74,0
2110,832.8,46.02,0.915,46.65,0
2111,479.9,69.87,2.109,56.55,0
2112,24.1,50.37,2.75,46.11,0
2113,417.0,79.81,1.886,31.08,1
2114,293.9,75.02,2.898,32.52,1
2115,738.3,51.51,1.456,39.29,0
2116,661.2,81.55,7.557,35.17,1
2117,147.3,38.73,5.054,45.3,0
2118,749.2,56.04,9.974,42.86,0
2119,413.5,25.0,2.456,45.11,0
2120,539.6,63.39,3.848,38.1,0
2121,288.4,68.98,3.693,35.27,0
2122,950.1,36.84,0.954,36.13,0
2123,210.7,23.13,4.517,35.77,0
2124,368.2,18.5,1.282,25.61,0
2125,31.5,69.38,1.852,41.8,0
2126,785.4,34.03,1.233,40.24,0
2127,69.6,32.24,2.43,45.8,0
2128,504.4,77.43,2.536,29.02,1
2129,184.5,59.14,1.814,33.74,0
2130,211.7,81.56,1.245,44.51,0
2131,348.6,40.18,1.984,38.42,0
2132,316.1,56.14,1.25,39.42,0
2133,308.6,37.63,2.858,49.74,0
2134,803.6,82.39,1.488,41.86,1
2135,24.4,90.66,1.807,41.43,0
2136,268.9,84.39,1.723,36.76,0
2137,233.2,28.95,0.623,30.9,1
2138,577.9,57.74,4.489,31.31,1
2139,419.9,51.74,0.731,37.61,0
2140,917.7,74.37,2.053,35.74,1
2141,785.8,46.6,2.604,51.0,0
2142,642.1,23.53,4.026,39.74,0
2143,311.5,87.83,1.468,21.52,1
2144,365.3,71.44,3.84,40.02,0
2145,866.6,64.24,2.557,46.3,0
2146,198.6,68.06,2.496,29.07,0
2147,127.6,68.8,1.731,30.61,0
2148,267.9,16.51,1.719,27.11,0
2149,270.2,77.71,6.616,42.15,1
2150,614.5,46.67,1.902,45.15,0
2151,1171.7,43.35,1.465,33.51,0
2152,444.3,62.78,4.274,45.33,0
2153,243.1,61.07,0.967,40.48,0
2154,58.9,64.22,10.547,46.76,0
2155,585.4,30.89,1.7,31.8,1
2156,1006.1,83.23,5.485,36.74,1
2157,361.7,84.03,2.285,37.63,1
2158,910.0,54.03,4.23,37.99,1
2159,337.1,52.41,4.938,44.65,0
2160,630.0,69.16,2.079,35.24,0
2161,194.9,84.63,8.89,51.82,0
2162,533.2,23.18,4.227,34.41,0
2163,723.0,59.9,3.456,47.12,0
2164,312.3,39.95,1.146,43.77,0
2165,308.1,82.27,1.854,41.27,0
2166,891.0,29.45,3.333,39.09,0
2167,145.6,69.42,3.614,42.86,0
2168,131.1,62.4,1.149,28.04,0
2169,166.0,22.12,1.782,24.66,0
2170,732.6,44.97,2.333,32.27,0
2171,870.5,30.03,2.288,46.12,0
2172,1267.8,65.85,2.161,28.83,1
2173,1422.4,10.5,4.665,22.91,0
2174,159.3,45.49,6.044,26.99,0
2175,554.5,54.95,2.021,44.94,0
2176,234.2,70.14,0.765,38.5,0
2177,988.6,89.9,2.078,43.2,1
2178,186.7,77.48,1.74,32.04,0
2179,686.2,83.68,0.66,51.14,0
2180,268.7,71.8,1.453,44.34,0
2181,416.7,82.83,1.66,34.09,0
2182,246.4,83.35,2.101,50.12,0
2183,1064.2,71.42,2.98,43.42,1
2184,775.2,67.71,2.304,31.58,0
2185,608.8,61.72,1.873,45.55,0
2186,531.4,44.08,1.966,36.41,0
2187,971.3,16.24,2.99,41.86,0
2188,228.0,16.09,1.929,22.67,0
2189,847.9,63.56,1.017,37.56,0
2190,441.6,66.98,2.789,33.02,0
2191,498.6,56.31,5.948,41.98,0
2192,583.1,66.6,2.412,38.78,0
2193,164.5,54.73,1.937,34.34,0
2194,557.2,38.38,2.419,47.94,0
2195,156.6,31.01,1.855,34.96,0
2196,452.8,61.3,1.642,33.32,0
2197,540.2,75.99,1.631,37.98,1
2198,322.1,7.41,1.895,30.26,0
2199,217.3,87.73,1.91,32.21,0
2200,94.5,35.05,0.887,36.29,0
2201,512.8,63.18,2.262,29.79,0
2202,149.5,30.37,2.586,39.4,0
2203,82.7,47.51,1.724,34.77,0
2204,276.4,42.16,0.382,34.72,0
2205,500.2,55.76,2.65,32.25,1
2206,172.8,64.26,1.319,40.3,0
2207,172.9,56.98,2.299,39.77,0
2208,299.1,54.64,3.299,37.35,0
2209,140.7,56.6,0.847,45.13,0
2210,752.6,77.88,8.479,36.12,1
2211,323.2,51.25,2.548,40.86,0
2212,796.3,38.59,1.555,37.46,0
2213,181.1,53.36,5.641,36.78,0
2214,720.4,57.65,3.017,40.49,0
2215,259.1,49.92,3.518,41.47,0
2216,731.9,11.85,3.589,36.84,0
2217,217.4,44.33,4.403,43.92,0
2218,1464.7,35.73,7.171,34.36,0
2219,648.5,52.0,1.475,37.9,0
2220,380.6,50.97,1.825,36.21,0
2221,595.2,31.82,4.365,45.14,0
2222,248.4,48.66,1.05,33.79,0
2223,797.0,62.44,2.534,52.38,0
2224,274.9,63.36,1.033,36.39,0
2225,1213.6,53.22,1.312,30.55,0
2226,291.5,49.13,0.616,40.08,0
2227,664.9,86.55,1.378,33.78,1
2228,934.5,62.65,5.23,37.08,1
2229,138.6,38.1,2.88,28.36,0
2230,676.7,97.74,2.742,40.18,1
2231,331.6,70.67,1.937,30.61,1
2232,177.5,9.85,0.874,39.42,0
2233,356.9,61.84,2.946,37.84,0
2234,135.8,54.54,2.409,50.28,0
2235,83.5,48.72,3.156,44.12,0
2236,251.8,46.13,0.672,47.67,0
2237,92.2,55.5,2.055,42.05,0
2238,200.0,17.55,3.228,39.44,0
2239,388.3,38.91,2.917,39.51,0
2240,580.6,42.37,1.508,36.05,0
2241,461.0,63.4,2.63,37.12,0
2242,610.2,84.93,2.853,32.62,1
2243,734.1,51.18,2.723,35.03,0
2244,410.8,43.99,1.435,34.41,0
2245,637.4,71.64,1.231,32.55,0
2246,1735.5,41.69,2.28,40.91,0
2247,472.4,50.96,3.399,33.74,0
2248,74.6,66.64,2.345,37.73,0
2249,242.6,73.58,3.259,31.65,1
2250,630.5,58.04,3.379,36.29,1
2251,382.5,37.48,1.543,44.86,0
2252,61.7,53.97,1.427,43.95,0
2253,229.3,62.39,2.94,37.73,0
2254,122.0,61.17,0.806,40.71,0
2255,528.9,23.95,4.995,34.73,0
2256,171.2,58.95,1.083,43.64,0
2257,281.6,15.33,3.623,35.55,0
2258,347.5,39.7,1.08,48.71,0
2259,303.4,29.4,1.398,37.64,0
2260,479.2,88.68,0.703,32.33,1
2261,289.5,66.21,3.385,38.45,0
2262,139.4,71.43,2.133,33.75,0
2263,202.3,59.12,3.385,34.0,0
2264,415.5,44.62,1.775,37.58,1
2265,271.1,14.99,2.359,32.52,0
2266,1024.4,49.35,5.177,46.89,0
2267,297.8,27.42,2.869,36.62,0
2268,91.6,46.12,2.192,35.22,0
2269,135.3,72.1,5.305,39.42,0
2270,135.6,57.07,1.424,32.17,0
2271,406.7,32.49,1.742,32.93,0
2272,180.3,14.61,0.489,39.27,0
2273,193.6,48.8,2.617,32.7,1
2274,170.9,19.07,0.617,38.75,0
2275,305.3,41.12,1.956,29.55,0
2276,330.1,74.82,5.142,54.12,0
2277,742.5,16.05,3.946,35.14,0
2278,555.6,46.49,3.038,36.21,1
2279,853.3,48.77,2.357,30.7,0
2280,606.1,91.05,1.885,42.06,1
2281,403.5,11.32,5.835,34.16,0
2282,442.0,30.74,4.293,30.62,0
2283,847.7,61.11,2.974,43.65,0
2284,686.8,76.53,1.422,38.14,0
2285,243.5,28.86,1.941,53.2,0
2286,1114.6,16.71,1.292,55.15,0
2287,393.6,50.14,1.726,43.15,0
2288,734.6,36.81,0.987,36.55,0
2289,443.9,42.13,2.577,30.47,0
2290,187.1,29.82,0.979,38.53,0
2291,664.5,65.7,3.602,22.59,1
2292,217.1,12.9,5.867,34.38,0
2293,585.5,72.39,3.288,36.24,0
2294,338.1,80.92,3.109,40.89,0
2295,440.5,77.98,0.781,37.89,0
2296,117.9,49.19,2.787,36.8,0
2297,548.2,58.28,1.541,34.96,0
2298,295.5,20.0,2.588,29.32,0
2299,202.2,16.03,1.849,38.44,0
2300,303.6,37.63,2.739,24.34,0
2301,138.9,13.22,1.748,35.57,0
2302,1136.5,18.81,3.515,27.68,1
2303,763.3,74.96,2.79,41.58,0
2304,547.8,37.45,0.936,24.8,0
2305,219.3,71.59,2.64,27.67,1
2306,392.0,38.98,3.224,35.65,0
2307,591.0,71.87,1.513,43.92,0
2308,805.6,28.86,2.043,40.63,0
2309,251.6,22.14,7.563,35.66,0
2310,188.2,62.93,2.073,29.27,0
2311,326.7,75.71,1.792,54.15,0
2312,303.7,56.88,2.672,32.51,0
2313,90.7,51.2,0.744,45.56,0
2314,655.5,72.95,3.453,32.25,1
2315,332.2,58.27,0.971,44.68,0
2316,536.6,69.0,1.863,38.68,0
2317,89.1,41.95,1.23,30.37,0
2318,411.2,72.71,2.037,34.48,0
2319,684.0,38.63,2.59,34.08,0
2320,220.8,60.14,5.479,36.95,0
2321,500.9,87.21,1.762,41.23,1
2322,325.4,60.84,2.131,35.94,0
2323,105.0,40.46,1.13,35.52,0
2324,316.4,39.96,4.394,29.51,0
2325,806.3,76.81,2.304,48.79,0
2326,253.7,67.55,2.693,40.1,1
2327,537.7,87.59,3.075,42.05,1
2328,321.2,49.73,1.789,34.96,0
2329,335.9,37.38,2.228,41.8,0
2330,397.4,63.27,0.913,34.44,1
2331,656.1,62.27,10.911,43.9,1
2332,232.5,50.79,3.221,46.52,0
2333,95.6,32.37,1.846,40.34,0
2334,33.1,34.3,1.991,37.84,0
2335,620.0,69.08,2.32,34.17,0
2336,774.5,76.0,3.429,40.6,0
2337,168.2,49.17,1.702,38.67,0
2338,680.0,73.99,1.803,42.75,0
2339,327.1,64.12,1.809,40.91,0
2340,286.9,59.17,1.713,38.58,0
2341,98.5,69.07,1.905,37.18,0
2342,129.0,42.42,0.896,33.15,0
2343,136.1,10.78,1.351,31.43,0
2344,681.1,78.01,3.552,28.52,1
2345,513.2,50.14,1.257,42.18,0
2346,602.0,90.16,1.707,56.06,1
2347,937.0,79.27,2.002,41.5,0
2348,610.1,55.68,3.035,29.12,1
2349,561.7,30.92,1.075,42.63,0
2350,368.4,57.1,5.886,54.04,0
2351,527.8,51.67,1.564,47.42,0
2352,123.1,83.42,1.168,37.08,0
2353,145.1,43.17,1.464,42.1,0
2354,371.8,61.42,3.206,31.53,1
2355,315.2,38.23,1.395,40.02,0
2356,267.6,25.21,0.977,32.23,0
2357,933.9,60.76,2.032,42.84,0
2358,543.2,51.94,0.687,41.53,0
2359,110.8,48.48,4.25,40.42,0
2360,377.9,42.65,1.355,40.06,0
2361,612.7,81.9,1.546,31.8,0
2362,158.0,52.21,2.314,31.74,0
2363,679.5,94.77,2.574,24.78,1
2364,123.5,33.23,5.556,44.0,0
2365,627.6,58.45,2.63,35.6,1
2366,223.4,27.18,3.86,42.85,0
2367,74.6,71.82,2.186,31.15,0
2368,416.1,10.68,2.473,37.59,0
2369,145.8,67.01,3.471,33.48,1
2370,303.8,40.55,3.532,32.1,0
2371,682.3,70.53,2.575,37.5,0
2372,419.5,46.37,2.679,29.65,0
2373,233.4,63.54,2.787,36.21,0
2374,243.5,42.25,2.468,37.15,0
2375,130.1,30.85,1.222,41.66,0
2376,602.4,89.07,4.181,31.39,1
2377,1042.1,69.06,3.868,28.88,1
2378,306.2,68.89,3.926,35.69,1
2379,361.7,41.46,1.864,43.65,0
2380,239.5,63.55,3.033,37.64,0
2381,250.7,51.31,2.415,35.58,0
2382,326.4,42.48,1.276,37.51,0
2383,223.8,55.26,2.774,35.32,0
2384,387.0,54.14,2.452,30.81,0
2385,454.0,34.96,1.488,46.63,0
2386,277.4,43.8,1.96,43.59,0
2387,312.2,55.9,2.084,35.48,0
2388,452.0,24.95,3.69,27.06,0
2389,682.2,66.35,2.134,25.77,1
2390,1264.8,74.57,2.251,42.27,1
2391,284.7,65.45,4.183,31.13,1
2392,167.0,54.63,2.395,40.57,0
2393,178.1,43.76,3.526,25.27,0
2394,94.8,48.43,3.467,32.37,0
2395,100.6,65.64,1.644,46.46,0
2396,404.8,36.83,3.09,33.03,0
2397,110.8,53.56,4.352,29.56,1
2398,372.2,67.76,1.873,38.07,0
2399,1835.1,67.08,1.561,25.0,1
2400,552.7,60.81,0.741,38.42,0
2401,351.7,58.82,2.196,32.99,0
2402,569.5,52.18,1.799,41.03,0
2403,120.1,77.59,1.519,41.0,0
2404,461.2,34.63,4.938,46.59,0
2405,199.3,65.91,2.101,46.28,0
2406,25.5,48.79,4.043,43.43,0
2407,296.6,29.82,2.869,55.76,0
2408,265.4,35.46,3.39,33.18,0
2409,467.4,43.47,1.641,29.37,0
2410,798.1,18.47,3.668,28.25,0
2411,216.6,81.7,6.337,36.41,0
2412,511.4,48.8,1.188,36.14,0
2413,251.6,38.77,2.335,34.9,0
2414,446.0,85.29,1.004,30.76,1
2415,79.3,36.84,1.092,38.87,0
2416,778.0,89.85,2.643,39.89,1
2417,135.8,47.46,5.033,44.22,0
2418,289.0,49.01,3.465,37.07,0
2419,306.1,66.99,0.965,23.96,0
2420,694.4,54.47,2.117,36.62,0
2421,328.7,76.51,1.288,28.8,0
2422,368.5,28.41,3.276,35.11,0
2423,208.8,79.16,0.712,35.27,0
2424,264.5,59.66,2.007,41.27,0
2425,110.1,39.01,2.353,34.53,0
2426,202.1,63.19,4.175,40.96,0
2427,1095.5,10.25,0.913,41.56,0
2428,169.4,22.15,3.56,28.53,0
2429,868.5,54.12,6.819,49.43,0
2430,704.3,44.65,3.74,47.58,0
2431,525.5,87.23,2.265,30.71,1
2432,727.4,93.69,1.185,33.52,1
2433,327.5,87.05,5.01,32.94,1
2434,534.5,30.27,4.754,36.49,0
2435,182.7,68.28,1.315,38.43,0
2436,636.2,26.84,4.126,38.3,0
2437,338.5,59.94,4.69,41.54,1
2438,367.2,16.02,2.446,36.61,0
2439,269.0,56.38,2.351,33.36,0
2440,205.7,65.85,2.681,23.21,1
2441,405.5,61.91,2.421,34.25,0
2442,708.6,56.78,0.474,30.89,1
2443,257.4,84.18,2.766,31.45,0
2444,195.4,64.71,1.424,31.46,0
2445,125.2,57.44,0.99,41.14,0
2446,223.8,24.3,1.717,38.79,0
2447,352.5,72.25,1.94,44.06,0
2448,1083.1,77.57,6.343,27.77,1
2449,1421.6,37.86,2.66,33.01,0
2450,1136.1,38.96,6.499,39.23,1
2451,434.2,57.85,1.276,30.81,0
2452,276.3,79.44,3.133,27.2,1
2453,678.3,18.19,2.554,40.09,0
2454,525.0,31.47,1.285,40.67,0
2455,442.1,5.46,1.333,41.12,0
2456,479.1,48.13,5.358,46.85,0
2457,308.0,27.03,5.12,32.67,1
2458,370.0,66.39,1.537,45.48,0
2459,189.3,42.48,2.684,48.44,0
2460,398.9,24.1,2.973,40.72,0
2461,1069.6,69.93,1.427,52.48,0
2462,470.3,71.6,2.287,26.01,1
2463,117.0,32.34,3.393,48.71,0
2464,849.2,58.08,0.924,37.8,1
2465,861.7,25.16,1.058,31.2,0
2466,449.6,79.73,1.716,41.43,0
2467,364.4,52.34,0.995,37.39,0
2468,372.2,70.48,3.292,27.97,0
2469,392.1,56.53,1.568,51.25,0
2470,124.4,42.15,1.654,32.95,0
2471,448.1,71.23,2.294,30.58,0
2472,382.3,40.01,1.209,33.64,0
2473,875.0,83.33,3.253,40.03,0
2474,74.9,62.71,1.33,42.51,0
2475,479.4,67.72,0.927,37.12,0
2476,555.9,43.77,5.56,31.64,0
2477,396.4,33.56,3.033,50.45,0
2478,192.8,6.33,9.375,38.0,0
2479,250.3,34.88,2.806,37.19,0
2480,99.6,72.21,4.245,32.88,0
2481,212.4,19.22,2.337,30.86,0
2482,257.8,43.93,1.471,38.8,0
2483,24.6,58.73,2.81,28.37,0
2484,886.3,95.95,2.534,33.42,1
2485,136.8,22.4,9.287,39.36,0
2486,201.8,18.51,1.295,47.76,0
2487,191.7,58.25,1.51,29.53,0
2488,221.4,32.11,2.531,34.08,0
2489,150.7,67.4,5.877,50.3,1
2490,319.2,80.72,1.874,38.11,0
2491,165.8,36.1,3.578,37.76,0
2492,330.5,87.79,1.61,40.86,1
2493,744.9,83.48,1.048,33.13,1
2494,356.9,61.71,1.858,32.01,0
2495,204.2,48.91,5.281,34.86,1
2496,408.3,63.9,1.975,35.89,0
2497,439.5,70.17,2.852,39.31,0
2498,388.5,28.29,4.17,31.31,0
2499,334.3,87.57,0.889,33.38,1
2500,798.6,68.31,2.796,33.45,0
2501,661.7,53.78,2.172,39.87,0
2502,199.5,71.6,1.963,38.37,0
2503,1420.7,23.64,1.481,37.15,0
2504,690.5,39.48,2.709,39.64,0
2505,349.8,35.93,1.358,38.02,0
2506,32.1,62.55,1.329,34.81,0
2507,373.7,14.31,1.736,32.86,0
2508,561.9,46.54,2.598,27.96,0
2509,1252.7,58.53,1.793,33.2,0
2510,188.6,89.12,1.866,42.12,0
2511,456.4,28.97,4.612,44.03,0
2512,266.2,67.7,1.928,40.14,0
2513,233.1,69.79,2.353,44.53,0
2514,356.6,84.9,1.065,46.04,0
2515,970.1,72.68,1.422,37.28,0
2516,66.2,65.49,3.165,34.15,0
2517,651.5,57.24,4.148,36.22,1
2518,365.9,80.65,1.035,50.62,0
2519,391.5,57.48,1.821,39.82,0
2520,884.8,47.27,2.609,33.4,0
2521,142.8,47.01,3.699,41.61,0
2522,312.8,70.05,1.204,35.25,0
2523,280.4,39.72,1.711,49.42,0
2524,525.1,52.34,1.395,36.2,0
2525,617.6,88.18,2.539,44.46,1
2526,234.1,59.83,5.094,30.15,0
2527,200.1,67.59,3.654,32.75,1
2528,980.0,88.62,1.259,26.98,1
2529,312.8,87.03,3.753,45.84,0
2530,211.2,56.26,0.924,39.11,0
2531,697.7,43.15,1.814,34.26,0
2532,923.3,79.17,4.015,32.87,1
2533,652.4,65.61,1.852,43.28,0
2534,153.4,30.94,10.53,43.63,0
2535,980.8,70.84,3.268,40.53,0
2536,627.5,68.59,1.307,45.48,0
2537,215.3,71.74,0.98,39.99,0
2538,125.4,58.11,1.563,22.71,0
2539,302.5,50.47,1.548,48.67,0
2540,221.2,36.72,3.224,44.33,0
2541,333.4,42.89,1.677,24.93,0
2542,280.2,52.67,2.381,42.57,0
2543,154.2,50.08,2.341,33.67,0
2544,449.4,49.46,3.326,50.17,0
2545,55.4,88.82,0.764,37.91,1
2546,199.4,37.7,3.385,33.99,0
2547,737.4,44.17,1.946,38.44,0
2548,314.7,88.53,2.873,49.43,0
2549,626.1,42.64,1.839,59.12,0
2550,178.9,85.78,1.91,40.35,1
2551,337.3,83.72,0.497,32.93,0
2552,525.1,69.33,8.972,42.47,0
2553,25.5,37.68,3.344,35.67,0
2554,447.3,47.71,1.316,31.39,0
2555,171.3,21.33,1.612,34.19,0
2556,476.6,74.18,3.031,39.96,0
2557,150.1,58.59,1.941,43.62,0
2558,366.1,53.82,1.615,39.78,0
2559,166.3,91.33,2.346,33.84,0
2560,231.1,55.74,3.165,41.25,0
2561,492.8,57.24,2.393,35.9,0
2562,332.7,51.89,3.901,38.58,1
2563,967.9,29.72,6.525,33.79,0
2564,354.7,23.09,0.788,23.54,0
2565,733.5,79.33,6.315,25.31,1
2566,481.1,21.7,2.001,39.39,0
2567,531.4,41.8,1.428,30.74,0
2568,526.2,53.44,2.692,39.43,0
2569,744.3,10.15,3.58,27.91,0
2570,504.0,78.85,2.634,36.81,0
2571,273.5,86.4,2.573,42.98,1
2572,323.3,63.02,2.422,24.47,1
2573,444.6,70.18,1.377,38.39,0
2574,544.5,39.62,4.798,42.08,0
2575,656.2,32.03,0.637,33.0,0
2576,221.1,70.39,1.61,31.02,1
2577,420.1,50.03,3.551,39.98,0
2578,451.8,27.11,1.982,55.09,0
2579,527.8,44.87,1.363,36.49,0
2580,512.4,35.2,1.154,40.5,0
2581,995.3,46.95,2.31,38.39,0
2582,198.1,72.6,3.282,29.73,0
2583,38.9,22.25,0.826,44.14,0
2584,191.5,88.06,1.675,35.79,0
2585,458.1,40.14,4.166,51.18,0
2586,132.5,74.56,1.888,36.68,0
2587,308.3,76.4,0.938,46.4,1
2588,85.7,70.31,0.596,30.99,0
2589,214.0,58.16,3.477,46.32,0
2590,231.4,89.09,1.078,30.46,0
2591,106.0,30.56,1.276,31.55,0
2592,189.6,55.36,1.722,38.45,0
2593,381.5,73.06,4.548,44.06,0
2594,581.1,44.96,1.699,43.48,0
2595,99.5,28.64,3.522,30.09,0
2596,391.4,38.78,2.253,32.61,0
2597,186.6,86.74,3.119,46.26,0
2598,232.8,66.87,2.559,34.73,0
2599,264.5,49.72,3.365,36.88,0
2600,666.4,51.93,2.494,34.69,0
2601,83.3,38.3,2.033,32.67,0
2602,1280.1,73.95,1.824,47.58,0
2603,216.7,69.13,1.035,42.55,0
2604,623.7,38.61,3.991,29.77,0
2605,69.6,48.98,2.945,27.16,0
2606,122.1,75.81,2.113,31.32,0
2607,486.3,53.31,2.673,35.53,0
2608,407.3,64.65,1.182,29.15,0
2609,65.6,33.6,4.11,43.21,0
2610,537.9,69.84,1.276,35.09,0
2611,890.1,29.18,2.652,34.13,0
2612,555.7,66.53,1.089,33.37,0
2613,158.8,50.76,1.331,34.43,0
2614,813.5,16.96,2.146,36.6,0
2615,738.8,51.32,3.545,33.39,0
2616,257.2,44.97,1.434,37.14,0
2617,704.7,69.86,5.384,43.49,1
2618,156.7,72.47,0.363,42.3,0
2619,249.6,37.19,1.175,36.36,0
2620,820.7,31.62,0.63,33.62,0
2621,452.1,52.26,2.134,39.38,0
2622,491.2,42.24,2.027,39.67,0
2623,591.7,49.38,2.449,50.73,0
2624,492.6,57.38,1.205,36.54,0
2625,243.4,28.01,0.711,46.36,0
2626,86.0,57.02,1.983,30.86,0
2627,440.7,45.83,0.622,39.67,0
2628,720.1,38.7,0.682,35.94,0
2629,893.7,49.48,0.806,29.58,0
2630,309.6,31.22,1.95,51.55,0
2631,354.7,21.41,2.025,25.35,0
2632,1179.5,24.51,2.602,40.97,0
2633,786.7,57.97,3.134,37.54,1
2634,679.3,18.25,1.694,37.54,0
2635,380.6,55.89,2.116,43.93,0
2636,501.2,71.74,3.54,36.46,1
2637,177.7,44.7,1.824,36.88,0
2638,128.6,72.94,2.542,41.62,0
2639,156.4,61.77,1.449,27.43,0
2640,242.8,37.4,1.169,31.28,0
2641,892.3,34.78,2.463,30.39,0
2642,1230.2,56.75,1.8,27.06,0
2643,704.9,47.23,2.253,35.84,0
2644,82.0,80.48,3.684,46.2,0
2645,401.5,22.42,1.295,36.45,0
2646,508.5,26.48,1.265,36.67,0
2647,1087.7,81.34,0.628,45.14,1
2648,489.2,59.13,1.86,34.93,0
2649,639.6,18.4,4.546,38.77,0
2650,544.3,50.81,1.513,56.59,0
2651,351.8,68.33,5.693,37.88,0
2652,543.2,11.69,3.624,44.16,0
2653,1092.4,27.84,2.65,38.74,0
2654,101.3,31.72,3.439,46.83,0
2655,372.9,65.2,5.807,51.59,0
2656,343.1,31.81,1.518,32.12,0
2657,422.6,27.61,3.506,35.12,0
2658,751.3,28.39,2.051,37.44,1
2659,327.6,55.88,1.022,33.92,0
2660,146.2,58.73,2.225,47.36,0
2661,436.0,25.78,0.686,34.16,0
2662,319.0,90.15,2.82,27.8,0
2663,126.8,50.42,3.593,43.18,0
2664,545.0,10.92,1.875,41.17,0
2665,389.2,12.75,1.98,34.51,0
2666,509.5,84.53,3.605,42.43,1
2667,323.7,59.44,1.283,27.02,1
2668,788.4,35.81,2.208,31.36,0
2669,1002.8,24.49,2.621,37.86,0
2670,265.7,61.56,2.962,36.32,0
2671,46.5,48.15,2.547,31.2,1
2672,383.1,65.05,1.096,43.75,0
2673,75.0,46.9,1.59,21.03,0
2674,317.2,51.23,2.05,33.39,0
2675,285.3,56.73,2.173,37.77,1
2676,1397.8,43.24,2.937,37.96,0
2677,382.3,88.38,2.544,32.28,0
2678,179.6,64.81,2.351,32.26,0
2679,1312.0,45.38,0.999,47.33,0
2680,344.6,36.47,4.063,39.51,0
2681,161.4,55.11,1.559,36.77,0
2682,408.2,78.31,1.563,46.06,1
2683,407.6,93.47,2.167,43.12,1
2684,194.5,66.28,1.715,42.92,0
2685,292.7,77.34,3.864,40.06,0
2686,826.0,55.04,2.425,30.04,1
2687,849.2,33.59,4.351,37.9,0
2688,304.3,41.43,9.411,53.85,0
2689,1192.5,44.58,2.031,43.63,0
2690,634.3,42.39,1.431,35.94,0
2691,746.9,10.71,2.113,36.6,0
2692,622.2,80.74,1.547,41.8,0
2693,164.2,67.08,1.972,35.68,0
2694,566.9,51.01,2.046,38.9,0
2695,554.0,45.14,1.717,34.35,0
2696,122.0,71.52,3.945,43.63,0
2697,125.6,53.01,1.245,41.29,0
2698,146.9,52.28,2.006,46.48,0
2699,780.6,42.03,1.124,45.14,0
2700,1518.0,76.31,1.333,44.82,1
2701,1021.9,73.98,2.357,40.69,0
2702,778.9,65.5,1.117,46.04,0
2703,104.5,56.83,1.809,42.24,0
2704,906.8,71.18,1.217,41.56,0
2705,446.2,58.39,1.96,38.1,0
2706,787.9,73.78,0.865,36.76,0
2707,263.9,38.65,7.835,30.39,1
2708,324.3,42.71,1.494,34.94,0
2709,252.8,62.1,2.825,39.64,0
2710,580.1,89.09,6.337,46.69,1
2711,156.8,67.12,2.197,33.87,0
2712,177.9,67.88,5.454,30.14,0
2713,339.6,87.03,1.649,38.37,0
2714,399.5,66.81,2.177,46.1,0
2715,461.4,44.0,2.456,47.66,0
2716,475.1,45.15,1.198,35.75,0
2717,689.6,22.61,1.684,42.58,0
2718,541.5,64.04,1.164,34.45,0
2719,385.2,80.58,1.931,33.67,1
2720,84.2,18.12,1.805,27.62,0
2721,211.2,88.02,3.753,37.95,1
2722,463.9,81.88,2.115,30.52,1
2723,757.0,33.76,1.301,24.81,0
2724,171.1,55.81,1.924,32.11,0
2725,334.2,68.4,1.667,44.59,0
2726,555.9,51.32,1.905,29.08,0
2727,784.7,77.11,1.402,32.6,1
2728,638.4,42.95,0.634,43.38,0
2729,681.9,44.81,2.792,35.44,0
2730,1031.0,40.14,1.016,39.69,0
2731,180.1,71.67,4.059,31.82,1
2732,67.0,48.6,2.767,42.9,0
2733,536.3,78.27,2.362,40.88,1
2734,444.7,75.49,2.052,43.71,1
2735,732.1,55.97,2.243,41.51,0
2736,463.7,46.88,0.77,23.36,0
2737,67.4,82.32,1.333,39.84,0
2738,391.0,38.96,3.083,41.82,0
2739,134.2,85.09,0.751,40.12,0
2740,532.9,69.3,1.351,38.52,0
2741,566.9,34.71,1.719,29.48,0
2742,170.6,65.1,2.385,34.24,0
2743,249.8,36.37,2.562,34.37,0
2744,216.0,49.24,2.559,41.59,0
2745,285.9,66.56,1.094,44.2,0
2746,446.2,35.32,1.533,32.61,1
2747,312.1,61.88,4.589,34.07,0
2748,245.4,63.52,2.326,39.08,0
2749,233.1,89.67,2.709,37.48,1
2750,103.0,61.95,1.866,33.72,0
2751,715.6,45.14,2.161,40.28,0
2752,540.2,51.3,4.868,46.88,0
2753,408.0,48.12,1.08,33.76,0
2754,1199.9,50.21,2.641,43.42,0
2755,327.3,57.8,1.348,40.91,0
2756,481.8,69.34,1.943,41.74,1
2757,697.8,39.54,5.441,48.96,0
2758,156.5,57.48,5.325,37.81,0
2759,214.3,89.94,3.495,35.48,1
2760,206.1,28.28,0.856,40.93,0
2761,435.1,39.97,2.708,41.72,0
2762,49.6,68.58,1.151,35.25,0
2763,252.6,48.97,1.597,33.1,0
2764,845.4,63.12,3.741,34.58,0
2765,610.2,46.69,1.597,33.61,0
2766,545.5,73.55,3.69,30.91,1
2767,732.8,27.08,3.014,44.82,0
2768,227.3,53.36,3.266,41.06,0
2769,556.2,41.61,2.881,32.59,0
2770,454.5,23.12,2.457,45.84,0
2771,409.2,28.14,1.962,35.57,0
2772,373.9,80.93,3.01,32.39,1
2773,1057.2,10.35,7.595,34.58,0
2774,276.4,51.91,0.428,29.06,0
2775,271.1,46.66,1.545,29.19,0
2776,406.6,31.14,4.482,42.1,0
2777,208.4,47.27,2.088,40.06,0
2778,140.5,72.39,1.673,28.42,0
2779,439.3,38.28,2.699,39.8,0
2780,550.9,58.5,1.197,24.06,0
2781,89.9,42.09,3.658,39.41,0
2782,575.0,36.21,1.741,30.61,0
2783,413.7,72.81,1.371,42.67,0
2784,163.6,67.87,1.545,35.65,0
2785,984.7,76.36,2.186,33.57,0
2786,686.6,59.34,2.477,43.38,0
2787,184.8,17.04,3.976,30.33,0
2788,88.1,23.5,1.416,36.2,0
2789,896.8,68.48,2.507,29.76,1
2790,318.2,77.79,1.945,46.23,0
2791,313.7,21.28,2.787,47.56,0
2792,298.0,50.19,1.546,40.17,0
2793,114.9,37.03,1.307,44.05,0
2794,263.9,53.38,0.858,41.99,0
2795,962.7,79.23,1.193,45.68,0
2796,598.7,14.11,1.64,23.56,1
2797,199.4,87.37,2.453,35.84,1
2798,177.1,23.17,6.579,40.88,0
2799,475.4,48.17,1.331,49.4,0
2800,367.8,56.95,1.733,42.93,0
2801,913.8,57.2,2.529,32.56,0
2802,610.3,54.38,2.837,44.79,0
2803,1600.3,63.24,1.553,37.19,1
2804,81.6,70.65,1.908,45.6,0
2805,732.2,81.3,2.215,30.23,1
2806,813.2,62.16,6.473,34.29,0
2807,971.3,53.73,2.732,37.14,1
2808,173.9,64.34,2.017,32.88,0
2809,259.0,66.5,6.058,35.93,0
2810,76.5,10.52,1.781,42.35,0
2811,1382.9,82.31,3.553,37.48,1
2812,666.0,83.72,1.112,25.36,0
2813,515.2,31.13,3.211,36.18,0
2814,435.4,58.39,2.336,44.07,0
2815,688.4,73.23,2.473,31.2,1
2816,243.9,81.14,2.095,30.96,1
2817,313.5,56.28,1.662,38.16,0
2818,436.3,73.35,2.869,30.62,1
2819,248.2,22.65,1.575,41.43,0
2820,132.9,36.24,1.555,21.77,0
2821,707.2,55.23,1.903,51.32,0
2822,55.2,59.69,2.878,41.81,0
2823,348.5,34.17,2.404,29.05,0
2824,325.6,39.49,1.862,49.1,0
2825,1109.4,37.95,2.013,39.19,1
2826,363.2,70.86,3.798,37.11,0
2827,235.0,57.16,2.263,36.32,1
2828,200.2,76.84,2.115,33.39,1
2829,355.9,59.37,1.623,38.17,0
2830,249.5,90.2,0.846,43.44,0
2831,815.9,45.9,3.071,38.87,0
2832,300.6,86.46,3.595,36.26,0
2833,249.6,51.08,1.869,37.5,0
2834,663.6,59.16,3.613,44.53,0
2835,275.2,60.1,1.095,51.59,0
2836,1094.6,48.35,7.25,40.67,0
2837,564.0,34.26,4.496,37.84,0
2838,231.3,52.44,3.776,57.7,0
2839,899.2,17.96,0.836,41.57,0
2840,113.2,72.12,1.927,38.37,0
2841,129.5,64.9,2.799,34.23,1
2842,145.7,70.62,1.511,28.38,0
2843,210.7,43.22,5.642,42.93,0
2844,539.6,32.17,1.226,32.56,0
2845,230.8,62.94,0.807,37.63,0
2846,1927.1,68.2,1.088,34.55,1
2847,124.3,47.65,1.283,28.87,0
2848,268.7,30.18,1.45,46.94,0
2849,357.8,61.73,2.271,37.5,0
2850,380.9,86.48,2.928,40.55,0
2851,199.7,53.62,1.449,50.08,0
2852,640.3,68.69,1.119,42.19,0
2853,558.7,38.01,1.6,31.9,0
2854,86.4,39.38,3.025,43.57,0
2855,271.7,51.98,2.937,30.94,0
2856,400.1,54.83,1.402,36.99,0
2857,110.1,63.99,2.042,29.97,0
2858,136.5,83.1,1.325,47.36,0
2859,241.6,54.16,1.648,40.8,0
2860,265.4,80.51,1.791,38.6,1
2861,45.8,72.73,1.86,44.58,0
2862,447.5,58.45,1.361,30.23,0
2863,705.9,90.28,5.546,31.76,1
2864,938.1,43.02,2.212,30.43,0
2865,725.2,63.39,4.462,29.95,0
2866,156.9,19.72,1.951,33.74,0
2867,546.4,65.5,1.909,55.1,0
2868,297.3,27.72,1.485,34.42,0
2869,480.9,75.44,2.741,34.44,0
2870,86.1,63.85,3.44,40.91,0
2871,489.5,29.17,4.635,35.69,0
2872,222.2,64.33,1.031,47.26,0
2873,353.1,10.42,7.034,42.07,0
2874,1459.6,16.56,2.863,36.14,0
2875,402.9,67.99,1.722,37.24,0
2876,498.6,40.74,2.572,36.89,0
2877,253.0,59.12,2.191,52.09,0
2878,186.3,46.93,2.99,36.66,0
2879,639.9,91.59,2.552,38.96,1
2880,261.8,57.92,1.197,34.43,0
2881,163.7,63.19,3.881,41.7,0
2882,257.4,57.85,1.37,51.53,0
2883,337.4,16.68,2.609,43.92,0
2884,419.9,32.59,1.024,36.33,0
2885,310.8,83.0,1.954,37.5,0
2886,450.2,65.48,2.12,41.59,0
2887,434.9,65.69,2.806,38.25,0
2888,242.7,25.89,1.029,36.52,0
2889,297.4,52.08,5.39,40.16,0
2890,60.6,75.43,5.463,48.03,0
2891,519.1,35.77,1.987,32.66,0
2892,126.2,95.2,3.949,48.68,0
2893,271.4,94.63,1.242,27.18,1
2894,1204.6,83.04,2.516,34.26,1
2895,300.4,51.75,2.334,42.07,1
2896,451.6,59.74,2.882,36.07,0
2897,653.2,58.45,4.285,42.88,0
2898,1219.5,93.28,1.12,24.66,1
2899,269.9,79.46,1.273,21.26,1
2900,483.5,69.2,2.115,25.19,1
2901,401.5,77.68,5.314,54.14,0
2902,231.5,58.46,0.706,43.14,0
2903,582.7,50.48,2.286,40.53,0
2904,132.5,61.14,5.941,32.5,0
2905,1132.7,25.67,1.317,46.62,0
2906,386.2,12.5,2.347,36.71,0
2907,1029.2,46.82,2.255,43.05,0
2908,603.1,62.59,3.929,39.78,0
2909,600.9,48.06,1.136,39.3,0
2910,168.5,43.16,5.532,35.23,0
2911,225.2,16.59,2.367,35.25,0
2912,399.5,30.5,1.141,43.16,0
2913,353.7,67.98,0.879,20.59,1
2914,293.3,57.04,3.661,41.04,0
2915,402.1,22.8,5.239,47.46,0
2916,1078.7,85.49,5.304,42.15,0
2917,364.3,40.48,2.113,28.97,0
2918,273.1,28.0,3.585,27.53,0
2919,137.1,90.81,0.656,22.96,1
2920,501.8,34.77,3.01,34.85,0
2921,392.3,79.31,4.139,30.41,0
2922,79.3,58.24,1.67,28.27,0
2923,373.4,23.51,4.006,27.92,0
2924,1050.8,72.67,2.58,40.65,0
2925,516.4,43.67,4.179,35.05,0
2926,1298.2,76.43,2.593,49.35,1
2927,471.3,67.87,3.35,42.91,1
2928,411.2,45.86,1.47,22.39,0
2929,243.0,62.87,1.243,34.81,0
2930,627.5,72.88,1.089,37.71,0
2931,351.7,56.9,5.694,47.12,0
2932,452.9,51.65,2.033,31.08,0
2933,330.8,65.53,1.132,36.72,0
2934,666.3,12.97,2.344,51.2,0
2935,261.1,47.56,1.78,36.12,0
2936,601.7,28.61,2.298,22.93,0
2937,257.0,65.6,3.104,37.0,0
2938,212.3,96.56,1.028,30.82,1
2939,165.7,35.11,2.584,48.3,0
2940,766.6,86.17,3.171,27.92,1
2941,408.8,96.15,2.46,44.14,1
2942,136.3,70.68,4.261,30.07,0
2943,551.6,50.59,1.655,40.83,0
2944,274.7,20.05,2.983,40.96,0
2945,479.1,39.17,1.863,46.86,0
2946,199.7,53.86,1.953,47.94,0
2947,233.4,73.98,2.718,48.52,0
2948,363.2,22.9,1.098,43.2,0
2949,540.1,66.35,1.568,33.09,0
2950,361.6,37.1,1.86,40.4,0
2951,162.6,73.32,2.703,52.6,0
2952,220.4,75.24,1.299,27.45,0
2953,581.5,97.95,0.92,42.08,1
2954,456.1,18.97,2.46,33.13,0
2955,248.2,63.53,1.786,40.75,0
2956,355.2,28.7,1.77,40.42,0
2957,1850.9,34.38,0.906,41.99,0
2958,531.4,35.98,2.338,45.74,0
2959,587.5,63.36,1.876,40.6,0
2960,292.8,43.02,0.741,34.53,0
2961,163.0,53.64,3.617,28.47,0
2962,160.1,22.37,4.259,37.74,0
2963,366.3,84.97,0.434,38.59,0
2964,179.5,43.13,1.091,28.78,0
2965,310.8,5.24,3.269,37.84,0
2966,324.5,57.02,2.882,44.96,0
2967,223.8,9.65,1.147,30.3,0
2968,163.5,34.43,3.203,43.95,0
2969,613.0,29.34,0.999,51.29,0
2970,1086.1,71.76,2.305,45.67,1
2971,476.8,59.62,3.106,34.17,1
2972,1027.7,55.58,3.039,33.97,1
2973,115.7,33.23,1.848,39.73,1
2974,248.9,28.29,0.873,41.74,0
2975,690.8,33.85,2.983,43.42,0
2976,817.4,59.72,3.478,36.32,0
2977,1139.0,61.03,1.564,38.11,0
2978,300.8,48.9,2.627,40.35,0
2979,360.6,36.75,2.158,45.42,0
2980,405.6,43.66,4.859,51.1,0
2981,161.5,71.31,9.877,45.58,0
2982,623.9,22.16,1.354,37.62,0
2983,803.8,48.01,1.233,42.52,0
2984,183.4,49.92,1.458,44.22,0
2985,1041.0,59.73,1.411,34.56,1
2986,781.6,74.08,2.008,36.78,1
2987,141.9,26.53,3.033,32.29,0
2988,284.5,30.73,2.387,31.42,0
2989,519.4,24.12,1.354,38.81,0
2990,723.8,69.83,8.07,37.42,1
2991,238.3,89.01,2.666,32.67,0
2992,391.8,72.61,3.281,44.59,0
2993,330.8,84.55,1.268,42.89,0
2994,300.8,78.8,5.012,41.37,1
2995,281.7,51.3,1.455,30.65,0
2996,572.5,48.45,1.704,34.91,0
2997,341.8,60.5,1.178,24.85,0
2998,552.0,26.59,2.741,39.85,0
2999,631.5,40.11,0.789,38.77,0
3000,130.7,43.48,2.437,38.59,0
3001,588.7,65.45,2.99,40.18,0
3002,969.1,8.68,2.862,47.27,0
3003,761.0,73.07,1.307,40.43,1
3004,253.1,93.97,2.887,39.5,0
3005,149.9,25.12,1.064,38.65,0
3006,1162.4,61.66,2.356,36.35,0
3007,179.4,64.27,1.17,42.78,0
3008,310.7,62.6,1.561,44.93,0
3009,235.5,38.58,2.229,42.33,0
3010,410.2,52.83,0.714,33.8,0
3011,360.5,40.22,2.471,38.08,1
3012,271.2,37.35,1.543,29.64,0
3013,270.6,79.68,2.083,31.54,1
3014,1027.0,72.53,10.665,40.1,1
3015,1098.5,62.19,1.404,30.27,1
3016,366.6,64.18,2.466,36.74,0
3017,209.1,28.07,2.503,27.36,0
3018,122.3,63.35,2.268,48.52,0
3019,294.2,80.38,1.283,28.03,0
3020,160.5,23.91,0.948,50.72,0
3021,282.2,34.7,1.095,41.67,0
3022,869.0,89.41,3.611,48.59,1
3023,400.0,34.26,2.615,30.82,0
3024,309.0,18.21,2.568,29.61,0
3025,108.9,81.49,7.685,44.75,0
3026,762.1,81.62,2.038,45.21,0
3027,274.0,48.97,4.121,39.32,0
3028,890.7,57.38,4.12,23.55,0
3029,607.0,63.87,2.285,47.62,0
3030,370.5,58.95,2.28,32.52,0
3031,408.0,63.6,4.614,52.61,0
3032,133.2,88.03,2.808,36.0,1
3033,338.5,96.92,2.257,29.35,1
3034,434.0,67.58,2.794,39.86,0
3035,408.6,46.76,2.5,37.45,0
3036,376.0,68.27,1.256,44.1,1
3037,158.6,86.72,1.102,44.17,0
3038,512.0,64.8,1.856,35.46,0
3039,715.9,26.52,3.156,41.78,0
3040,307.0,20.16,9.89,40.04,0
3041,310.0,57.09,0.917,41.21,0
3042,385.4,26.85,1.422,43.4,0
3043,311.4,15.28,1.917,25.16,0
3044,632.5,48.57,2.634,51.04,0
3045,292.0,73.29,0.894,43.94,0
3046,269.8,58.02,1.443,44.69,0
3047,471.3,62.16,3.479,47.32,0
3048,1037.7,25.06,1.893,33.71,0
3049,632.2,63.73,3.42,29.32,0
3050,324.2,13.07,2.732,51.34,0
3051,659.0,72.0,1.543,32.11,0
3052,294.6,37.39,3.894,31.09,0
3053,108.4,42.31,1.959,32.94,0
3054,973.8,70.88,0.948,22.58,0
3055,541.9,86.38,1.921,35.39,1
3056,706.5,58.53,1.886,45.78,0
3057,108.0,7.12,4.937,39.13,0
3058,219.6,90.77,0.719,33.62,0
3059,193.9,29.22,0.993,37.05,0
3060,61.6,81.92,1.731,37.55,0
3061,413.6,65.32,1.33,47.52,0
3062,133.2,78.78,1.41,42.16,0
3063,630.0,62.85,1.556,33.11,0
3064,737.2,49.33,1.081,36.99,1
3065,480.4,18.74,2.228,33.16,0
3066,186.9,62.42,3.786,29.92,0
3067,96.9,59.35,1.062,42.72,0
3068,389.5,84.36,1.612,47.28,0
3069,643.6,9.69,1.378,32.08,0
3070,196.0,53.79,3.241,41.15,0
3071,85.8,57.41,1.232,29.41,0
3072,635.4,52.26,1.309,30.35,1
3073,322.7,39.39,1.97,39.55,0
3074,154.0,45.69,1.209,39.29,0
3075,377.0,76.56,2.191,48.97,0
3076,191.6,39.45,2.386,39.95,0
3077,406.1,53.83,2.171,33.22,1
3078,266.6,61.04,2.124,27.28,0
3079,874.2,47.7,2.996,40.93,0
3080,208.2,76.4,1.297,38.3,0
3081,408.7,29.48,3.031,35.31,0
3082,166.6,53.54,1.906,37.65,0
3083,207.3,67.81,2.146,30.62,0
3084,151.9,64.12,4.835,42.09,0
3085,224.2,68.59,1.412,37.06,0
3086,184.3,45.84,1.795,30.03,0
3087,348.7,18.13,2.574,36.05,0
3088,970.3,81.69,1.6,45.18,0
3089,275.5,50.07,3.928,46.37,0
3090,560.1,81.2,2.108,37.91,0
3091,576.4,82.11,2.459,36.2,1
3092,103.7,82.94,2.447,42.08,0
3093,342.5,58.5,1.897,33.38,0
3094,430.4,65.35,1.061,41.07,0
3095,513.7,42.92,1.595,33.62,0
3096,786.0,71.32,5.896,33.3,1
3097,531.9,33.49,1.336,35.41,0
3098,214.6,57.5,1.555,34.73,0
3099,445.5,22.39,1.419,37.15,0
3100,270.1,71.09,5.865,31.99,0
3101,77.2,59.05,2.329,36.47,0
3102,993.0,70.17,2.851,41.44,0
3103,208.3,58.47,7.792,42.83,0
3104,506.0,38.41,2.449,39.56,0
3105,271.5,58.29,1.567,25.09,0
3106,212.9,88.14,2.507,30.7,1
3107,40.5,69.91,1.758,29.25,0
3108,398.8,36.35,0.82,37.11,0
3109,1178.0,30.74,0.869,35.07,0
3110,428.4,18.26,1.409,37.92,0
3111,498.8,70.84,1.229,43.22,0
3112,455.0,70.95,1.904,23.41,0
3113,1179.9,37.8,2.775,46.46,0
3114,442.2,45.51,3.241,37.06,0
3115,665.0,48.52,1.884,44.0,0
3116,392.3,74.38,3.856,28.33,0
3117,731.1,85.46,1.619,36.85,1
3118,692.8,6.77,2.844,33.14,0
3119,355.4,27.83,1.674,39.16,1
3120,375.7,39.0,1.677,36.52,0
3121,709.6,22.05,3.058,31.89,0
3122,522.3,64.16,1.676,28.68,0
3123,844.9,65.4,0.877,30.29,0
3124,707.7,51.3,4.006,47.51,0
3125,214.3,23.17,1.444,34.69,0
3126,239.1,58.38,1.425,41.07,0
3127,85.4,33.95,5.389,41.8,0
3128,621.1,42.43,1.589,35.35,0
3129,59.8,59.72,1.632,46.06,0
3130,299.6,52.68,3.941,31.75,0
3131,17.0,30.03,1.22,34.32,0
3132,414.7,76.97,1.607,40.71,1
3133,737.5,63.58,0.986,41.11,0
3134,345.4,81.89,1.889,39.43,1
3135,104.7,91.09,2.683,44.93,0
3136,52.8,14.44,2.143,30.78,0
3137,281.6,37.56,1.575,32.44,0
3138,906.3,56.0,1.193,30.58,0
3139,395.4,28.67,2.733,39.71,0
3140,891.0,65.67,2.419,34.88,1
3141,590.6,26.55,4.807,24.95,0
3142,495.5,77.32,1.515,35.23,1
3143,557.9,12.84,3.083,26.3,0
3144,345.9,18.2,2.093,56.39,0
3145,128.4,21.41,1.216,29.52,0
3146,406.6,56.34,9.88,37.1,0
3147,42.7,48.65,3.418,48.09,0
3148,299.0,93.63,2.802,26.55,1
3149,491.9,54.72,1.564,46.38,0
3150,236.7,42.02,2.542,38.82,0
3151,352.1,50.5,2.751,39.81,0
3152,117.2,73.09,3.357,39.47,1
3153,60.3,36.95,2.497,25.14,0
3154,264.9,83.36,0.831,52.43,0
3155,237.9,63.51,3.658,32.84,0
3156,396.9,26.51,2.926,43.03,0
3157,663.1,76.21,3.774,32.12,1
3158,539.5,72.46,1.78,53.73,0
3159,667.1,60.81,1.526,19.23,1
3160,308.7,13.15,0.952,39.53,0
3161,387.5,55.04,1.705,22.13,0
3162,251.2,58.92,1.728,38.61,0
3163,267.8,56.52,1.866,36.28,0
3164,238.6,49.09,1.575,38.82,0
3165,58.0,41.17,0.953,44.81,0
3166,917.9,30.42,3.954,38.83,0
3167,187.8,19.44,1.75,35.82,0
3168,951.9,95.02,3.515,33.34,1
3169,236.4,17.61,1.991,22.31,0
3170,1108.5,25.56,3.342,33.94,0
3171,318.8,89.27,0.868,43.04,0
3172,1025.2,32.58,1.813,34.19,0
3173,76.8,79.13,1.351,28.62,1
3174,122.2,78.32,2.984,33.37,0
3175,108.6,16.95,4.462,49.78,0
3176,205.8,54.63,2.391,44.24,0
3177,117.1,40.98,1.796,44.52,0
3178,1017.1,26.92,1.373,49.37,0
3179,332.6,78.28,1.19,37.69,0
3180,527.1,75.49,2.691,50.59,0
3181,260.3,60.21,1.499,31.46,1
3182,395.0,66.89,3.01,34.98,0
3183,340.1,82.67,5.808,34.07,1
3184,818.8,79.92,3.353,37.09,1
3185,383.9,85.46,1.895,35.72,1
3186,126.7,63.32,0.876,45.03,0
3187,164.6,30.39,1.507,43.32,0
3188,299.5,32.98,1.74,30.28,1
3189,736.6,77.6,1.778,39.58,1
3190,505.6,89.56,3.819,35.29,1
3191,136.2,50.44,3.517,37.58,0
3192,70.6,46.93,1.913,38.15,0
3193,254.5,45.26,4.727,34.09,0
3194,308.8,69.9,3.333,40.61,1
3195,499.2,18.81,2.862,40.31,0
3196,421.4,87.51,2.427,33.96,0
3197,325.5,34.51,2.048,30.51,0
3198,105.9,68.16,4.674,45.23,0
3199,1010.2,20.61,1.939,33.83,0
3200,191.0,54.93,0.949,38.24,0
3201,230.0,67.96,5.871,38.42,0
3202,519.3,63.14,2.626,40.48,0
3203,259.8,60.82,2.463,42.87,0
3204,216.8,38.41,0.955,29.35,0
3205,487.8,46.87,2.198,44.83,0
3206,478.3,39.41,2.037,51.29,0
3207,389.6,91.44,2.129,39.62,1
3208,187.1,49.99,0.558,43.51,0
3209,425.1,23.11,3.985,34.57,0
3210,293.9,45.22,1.36,36.4,0
3211,165.3,70.38,2.136,41.11,0
3212,972.0,82.45,1.387,30.21,1
3213,359.1,14.33,2.091,44.11,0
3214,331.2,69.24,1.701,31.16,0
3215,386.6,38.02,2.292,39.73,0
3216,498.9,89.91,0.601,38.04,1
3217,951.8,88.13,2.532,33.49,1
3218,606.6,73.73,4.419,48.49,0
3219,333.8,26.95,0.878,54.75,0
3220,1026.5,34.48,3.736,34.73,0
3221,223.5,42.05,5.784,34.9,0
3222,194.5,67.68,4.006,42.59,0
3223,532.8,54.3,2.497,26.02,1
3224,819.5,41.31,2.312,38.14,0
3225,1372.7,54.55,1.794,30.58,1
3226,784.6,78.64,2.447,46.88,0
3227,78.7,31.31,1.056,32.54,0
3228,653.3,79.8,2.437,34.17,1
3229,897.7,77.23,1.711,39.18,0
3230,60.2,60.35,2.998,48.72,0
3231,1288.4,24.66,1.143,36.71,0
3232,214.6,13.8,2.121,30.19,0
3233,483.4,50.41,1.189,35.97,0
3234,993.7,51.39,2.849,52.4,0
3235,110.1,43.17,2.02,48.12,0
3236,119.7,90.71,0.478,43.73,0
3237,526.8,91.23,1.254,33.23,1
3238,722.5,58.7,3.283,41.05,0
3239,288.9,58.9,3.685,41.73,0
3240,252.3,36.16,2.689,29.44,0
3241,223.8,74.71,1.025,43.45,0
3242,340.9,59.31,1.742,37.28,1
3243,475.4,68.71,1.414,41.66,0
3244,767.9,52.99,5.237,40.66,1
3245,345.1,67.19,2.821,34.35,0
3246,245.1,16.0,1.479,35.34,0
3247,765.3,61.63,2.178,49.88,0
3248,200.4,23.26,2.55,40.43,0
3249,269.1,72.19,1.333,32.34,0
3250,364.3,43.25,1.516,43.13,0
3251,260.7,49.82,2.819,45.95,0
3252,1285.4,65.43,1.432,41.71,1
3253,360.5,42.49,1.493,32.08,0
3254,332.9,81.57,1.757,50.4,0
3255,798.5,41.8,3.487,47.11,0
3256,195.8,85.02,4.049,39.0,1
3257,337.5,60.77,2.159,28.32,0
3258,120.6,71.83,1.756,34.75,0
3259,429.6,71.69,0.451,41.02,0
3260,776.0,44.03,3.502,44.79,1
3261,647.4,46.05,3.17,40.05,0
3262,221.3,81.28,4.024,30.48,1
3263,591.4,48.45,2.086,43.15,0
3264,393.4,81.4,2.971,34.59,1
3265,329.5,16.06,3.154,42.16,0
3266,191.1,71.55,1.465,41.95,0
3267,178.0,43.08,5.278,22.47,0
3268,134.6,90.07,1.548,37.22,0
3269,646.0,51.33,2.212,32.32,0
3270,332.7,79.85,2.187,26.18,1
3271,378.9,57.42,2.184,36.71,0
3272,823.2,41.54,2.599,36.2,0
3273,238.8,62.91,1.84,35.86,0
3274,423.8,29.98,1.12,42.69,0
3275,304.6,78.6,1.624,44.7,0
3276,532.9,87.48,4.874,31.99,1
3277,236.5,49.47,3.745,38.44,0
3278,356.2,30.55,3.356,42.27,0
3279,635.2,63.89,0.857,34.0,0
3280,363.0,40.91,3.445,28.4,0
3281,303.9,74.53,1.128,33.25,0
3282,316.7,53.72,3.021,40.45,0
3283,291.3,74.3,2.104,34.12,0
3284,814.2,75.81,1.695,43.93,0
3285,349.0,29.28,1.181,46.4,0
3286,137.7,90.29,2.733,36.01,0
3287,147.1,74.94,2.662,32.68,0
3288,1218.5,50.73,2.641,28.35,0
3289,543.2,70.45,2.452,42.49,0
3290,403.5,11.76,1.215,40.2,0
3291,469.7,19.6,1.739,35.45,0
3292,735.4,27.46,2.591,37.82,0
3293,238.7,56.66,1.301,51.38,0
3294,159.4,12.17,2.381,46.16,0
3295,393.4,35.25,3.669,36.28,0
3296,632.3,21.72,1.345,44.34,0
3297,126.6,49.04,3.409,18.84,0
3298,776.2,29.18,3.053,41.08,0
3299,887.7,57.44,2.883,39.56,0
3300,123.3,63.74,6.722,29.82,0
3301,635.9,39.79,1.605,40.48,0
3302,320.8,50.76,2.762,28.71,0
3303,756.3,44.9,1.159,36.03,1
3304,284.1,75.17,2.105,30.42,0
3305,147.5,84.73,1.526,39.21,0
3306,731.8,36.4,4.837,45.67,0
3307,305.9,67.51,0.788,38.38,0
3308,707.2,84.46,1.771,35.43,0
3309,1768.8,46.21,2.457,38.48,0
3310,262.5,47.73,10.523,34.1,0
3311,234.7,76.67,3.111,39.72,0
3312,336.7,41.09,2.404,29.33,0
3313,381.6,79.09,1.289,33.5,0
3314,416.6,34.38,4.597,29.61,0
3315,280.3,33.66,0.874,42.85,0
3316,505.0,69.78,1.452,45.07,1
3317,637.3,14.77,2.16,35.91,0
3318,1293.1,71.17,2.785,35.93,1
3319,880.4,72.03,1.89,38.07,1
3320,346.0,45.95,2.921,27.84,0
3321,616.8,58.86,1.674,33.08,0
3322,899.0,68.43,8.541,38.67,1
3323,570.1,81.35,2.315,54.25,0
3324,231.0,29.08,1.961,36.26,0
3325,561.0,34.67,2.179,42.89,0
3326,139.7,46.37,4.167,42.7,0
3327,327.2,95.51,3.372,48.18,0
3328,312.7,29.11,2.224,41.4,0
3329,514.5,55.95,1.917,35.51,1
3330,446.7,47.84,0.589,46.53,0
3331,268.6,48.5,1.04,40.3,0
3332,550.0,24.86,1.032,41.08,0
3333,1034.2,56.95,1.707,35.13,0
3334,411.8,42.3,2.569,37.27,0
3335,191.7,38.61,2.223,37.33,0
3336,391.0,40.46,3.924,48.52,0
3337,321.6,81.3,1.902,40.8,0
3338,428.5,21.67,1.448,43.88,0
3339,192.4,63.28,3.104,42.55,0
3340,323.2,41.31,2.209,41.34,0
3341,776.8,53.97,4.481,37.22,1
3342,1241.5,71.66,1.35,32.22,1
3343,172.5,16.27,1.13,39.29,0
3344,26.8,57.01,2.255,42.95,0
3345,389.1,44.07,3.925,38.03,0
3346,115.7,40.54,2.72,43.43,0
3347,434.5,24.87,1.955,38.99,0
3348,302.0,69.98,2.527,45.18,1
3349,1205.5,38.56,1.632,41.57,0
3350,91.4,35.18,2.516,33.58,0
3351,431.1,81.14,1.12,32.7,0
3352,1298.7,48.48,1.688,46.04,0
3353,210.3,92.69,1.17,37.33,0
3354,1133.0,12.52,3.967,36.78,0
3355,572.4,61.54,0.8,38.63,0
3356,290.9,49.04,2.173,38.02,0
3357,346.7,68.39,4.338,44.51,1
3358,731.7,43.22,1.773,32.05,0
3359,434.3,28.53,2.839,35.78,0
3360,322.7,40.61,2.957,39.35,0
3361,1160.0,41.22,3.785,30.44,0
3362,429.1,80.85,1.504,48.71,0
3363,1161.9,55.69,2.56,45.85,0
3364,405.0,45.39,0.895,46.69,0
3365,161.9,12.14,1.813,36.76,0
3366,950.1,59.93,3.168,42.54,1
3367,204.4,42.0,1.395,37.75,0
3368,167.6,75.68,6.037,38.9,1
3369,606.0,40.6,3.276,44.45,0
3370,299.2,64.09,3.714,49.95,0
3371,362.5,52.81,2.467,30.28,0
3372,309.4,78.77,1.633,42.59,0
3373,839.4,45.4,2.726,33.87,0
3374,319.3,66.85,0.579,43.51,0
3375,360.1,64.44,0.854,36.06,0
3376,181.6,19.63,0.879,31.76,0
3377,868.1,83.86,2.789,39.63,1
3378,364.9,64.91,2.207,41.51,0
3379,369.5,51.09,2.45,37.39,0
3380,215.1,34.79,3.76,40.96,0
3381,608.9,58.21,2.041,20.43,1
3382,107.6,67.34,3.778,34.99,1
3383,344.6,79.26,1.985,35.46,0
3384,466.7,43.62,1.647,27.98,0
3385,78.8,42.79,1.154,40.57,0
3386,195.6,34.29,2.699,41.86,0
3387,530.7,40.03,3.676,50.01,0
3388,289.8,56.58,1.357,35.57,0
3389,376.9,50.99,3.768,39.35,0
3390,163.3,44.7,4.989,33.53,0
3391,875.7,71.13,4.08,25.16,1
3392,463.0,28.11,4.09,36.9,0
3393,302.1,57.21,3.49,37.33,0
3394,158.6,25.63,1.652,34.62,0
3395,552.8,42.52,1.754,26.13,0
3396,375.5,61.58,2.864,38.66,0
3397,581.3,46.63,5.152,49.3,0
3398,354.0,79.04,2.919,40.68,0
3399,142.5,73.06,1.512,43.12,0
3400,405.1,78.4,1.197,31.03,0
3401,434.4,34.98,1.257,29.04,1
3402,323.2,71.71,3.161,45.93,0
3403,794.4,86.73,3.115,34.23,0
3404,395.3,83.33,7.201,43.66,0
3405,153.1,57.88,5.279,34.05,0
3406,793.0,58.92,1.98,30.88,0
3407,477.1,82.02,1.858,35.11,1
3408,203.1,59.04,2.893,38.57,0
3409,241.0,39.92,1.968,41.31,0
3410,254.4,66.95,1.866,37.49,0
3411,382.8,40.06,1.131,28.99,0
3412,1204.2,57.63,7.15,44.36,1
3413,84.1,17.58,4.284,30.44,0
3414,193.2,30.35,3.283,46.04,0
3415,387.0,55.59,1.262,39.13,0
3416,463.0,57.84,1.304,34.01,0
3417,208.9,77.58,3.257,36.16,0
3418,837.9,38.3,1.443,33.98,0
3419,524.7,46.33,4.887,39.61,0
3420,1225.2,28.02,3.228,32.59,0
3421,181.6,36.04,2.109,38.9,0
3422,709.3,56.3,1.835,33.85,0
3423,406.2,29.03,1.143,29.09,0
3424,254.2,40.04,4.428,41.26,0
3425,313.8,27.95,2.075,26.77,0
3426,510.7,30.04,1.443,44.63,0
3427,321.7,11.6,2.206,34.7,0
3428,404.6,49.16,2.308,40.73,0
3429,612.5,61.29,2.494,45.46,1
3430,215.5,73.09,2.269,35.38,1
3431,175.0,54.83,3.054,44.18,0
3432,287.4,89.88,2.615,46.12,1
3433,248.2,61.28,1.708,42.35,0
3434,451.1,52.05,1.179,36.61,1
3435,459.7,28.78,1.669,35.46,0
3436,206.2,42.2,3.909,39.19,0
3437,583.6,63.66,2.856,29.92,0
3438,310.5,61.49,1.435,31.71,0
3439,591.0,49.13,2.431,29.73,0
3440,372.5,38.67,1.407,36.13,0
3441,106.4,43.68,2.395,32.22,0
3442,143.0,58.26,1.791,42.96,0
3443,336.2,56.26,2.603,30.39,1
3444,135.4,60.47,1.58,37.02,0
3445,465.7,42.25,1.684,45.33,0
3446,1429.2,69.89,1.516,43.31,0
3447,243.9,51.15,3.273,34.35,0
3448,278.0,24.58,4.008,39.75,0
3449,318.5,39.62,1.48,25.08,0
3450,325.2,36.51,2.588,38.22,0
3451,68.5,67.19,2.256,36.71,0
3452,655.9,59.73,4.563,41.77,0
3453,404.3,47.07,4.227,48.39,0
3454,337.7,84.72,3.359,36.19,1
3455,167.5,90.6,2.657,40.22,1
3456,335.8,41.66,2.503,33.15,0
3457,549.2,66.04,1.486,36.46,1
3458,423.0,92.87,3.621,46.76,0
3459,337.0,71.93,1.08,35.19,1
3460,365.0,77.42,6.582,37.17,1
3461,273.2,6.8,2.933,41.69,0
3462,193.7,57.46,4.504,42.2,0
3463,49.6,77.19,2.023,39.22,0
3464,671.1,60.14,4.449,47.36,0
3465,290.1,56.21,1.573,45.74,0
3466,79.8,18.75,1.812,34.5,0
3467,395.3,72.41,2.546,37.83,0
3468,167.3,72.61,2.262,38.94,0
3469,777.7,60.68,1.708,39.34,0
3470,588.5,53.93,3.847,41.35,0
3471,154.3,49.78,1.233,31.26,0
3472,851.7,55.44,2.966,39.61,1
3473,737.5,38.71,4.054,37.53,0
3474,2052.5,67.89,0.844,26.05,0
3475,1101.6,79.9,0.761,32.77,1
3476,795.0,52.06,0.835,37.4,0
3477,856.7,92.46,1.168,38.09,1
3478,102.8,37.18,1.805,43.22,0
3479,536.1,50.77,1.562,36.34,1
3480,703.1,84.43,2.699,35.13,0
3481,203.9,10.11,4.225,38.26,0
3482,512.0,56.74,0.864,45.0,0
3483,1312.2,50.05,3.614,42.02,0
3484,400.6,62.36,2.308,49.6,0
3485,621.4,70.9,2.333,40.96,0
3486,310.5,52.49,2.481,37.57,0
3487,717.8,43.19,1.361,27.25,0
3488,246.2,97.34,2.082,32.48,0
3489,259.1,40.2,4.101,40.68,0
3490,225.4,46.89,4.709,47.33,0
3491,501.3,21.63,1.807,39.78,0
3492,414.2,80.3,1.708,44.13,0
3493,728.0,29.33,2.987,37.22,0
3494,890.1,44.88,1.469,38.93,0
3495,713.8,56.43,1.972,45.02,0
3496,315.0,39.73,1.22,34.48,0
3497,437.7,67.93,4.463,44.36,0
3498,233.6,40.98,1.5,39.28,0
3499,305.8,30.57,0.548,33.81,0
3500,457.6,71.62,3.358,41.0,1
3501,402.8,52.37,2.017,27.86,0
3502,396.9,42.7,3.462,36.4,0
3503,189.0,60.06,1.637,36.16,1
3504,576.8,72.57,0.973,34.62,1
3505,147.6,49.58,4.078,46.18,0
3506,262.3,70.37,1.683,42.61,0
3507,175.7,67.05,1.628,42.26,0
3508,493.3,82.67,2.748,29.23,1
3509,367.1,24.37,1.15,46.83,0
3510,475.7,53.89,2.223,35.2,0
3511,496.6,60.61,1.503,28.7,0
3512,508.9,80.03,1.537,29.03,1
3513,178.4,18.22,4.56,40.92,0
3514,248.7,49.59,2.679,33.69,0
3515,506.2,54.9,5.11,29.71,1
3516,983.3,89.14,4.255,49.11,0
3517,449.9,62.56,1.646,35.95,0
3518,181.2,53.78,1.078,29.44,0
3519,325.2,41.71,2.749,42.32,0
3520,544.8,25.94,4.777,27.49,0
3521,242.6,42.17,0.976,43.4,0
3522,389.8,32.13,2.419,37.53,0
3523,121.5,78.02,1.112,45.64,0
3524,778.0,47.68,6.535,38.29,0
3525,342.9,60.96,2.43,37.44,0
3526,857.0,77.84,2.701,29.68,1
3527,743.0,58.44,0.894,26.71,0
3528,154.0,23.37,1.681,40.11,0
3529,767.7,54.01,2.101,37.31,0
3530,546.6,64.43,3.392,44.88,0
3531,318.7,21.74,1.602,37.11,0
3532,250.2,79.76,1.704,46.77,0
3533,270.9,39.15,2.9,28.43,0
3534,327.9,73.17,1.324,30.79,0
3535,301.9,32.58,3.263,35.75,0
3536,243.4,28.23,1.634,35.64,0
3537,64.7,46.93,2.269,33.88,0
3538,306.6,32.3,2.749,40.63,0
3539,210.4,35.42,0.593,37.97,0
3540,811.6,57.57,2.988,27.5,1
3541,343.5,29.31,1.589,34.59,0
3542,192.8,40.19,1.58,41.62,0
3543,430.8,37.45,1.486,24.88,0
3544,633.5,65.63,0.68,34.61,0
3545,215.3,23.44,1.086,29.35,0
3546,239.2,45.88,3.48,28.06,0
3547,257.9,47.06,2.766,53.18,0
3548,237.4,50.79,1.022,37.51,0
3549,147.9,11.72,1.18,39.49,0
3550,572.9,35.42,4.312,30.15,1
3551,471.2,34.9,0.92,40.17,0
3552,373.9,22.38,4.888,50.2,0
3553,361.9,86.1,2.364,37.27,1
3554,444.7,28.38,2.626,45.87,0
3555,202.0,61.85,1.327,45.08,0
3556,380.3,22.7,1.847,38.09,0
3557,393.9,54.36,3.106,36.31,0
3558,220.6,31.9,4.068,39.94,0
3559,647.6,41.6,2.169,42.6,0
3560,964.9,86.05,1.764,48.4,0
3561,451.4,30.66,1.914,38.35,0
3562,477.8,33.35,3.849,46.67,0
3563,109.3,86.41,9.014,39.27,1
3564,210.7,56.26,0.883,35.48,0
3565,386.4,80.94,2.461,27.03,1
3566,718.1,46.04,0.813,37.1,0
3567,887.6,36.95,0.691,30.55,0
3568,386.5,42.88,1.536,35.9,0
3569,862.6,40.06,2.254,39.03,0
3570,585.1,73.32,1.853,45.29,0
3571,35.0,47.73,3.91,34.78,0
3572,313.4,35.7,2.92,38.65,0
3573,619.7,26.66,3.164,48.44,0
3574,341.6,63.36,1.108,45.34,0
3575,348.5,59.43,1.716,38.24,1
3576,206.0,33.66,1.306,38.78,0
3577,236.6,49.57,3.588,46.97,0
3578,268.0,19.68,1.637,42.45,0
3579,466.3,68.0,2.251,39.19,0
3580,306.4,90.5,3.405,34.56,0
3581,136.6,48.33,1.03,43.11,0
3582,470.7,60.97,2.581,43.66,0
3583,174.8,38.01,1.943,40.55,0
3584,223.2,89.92,6.032,41.88,1
3585,222.8,26.93,3.868,37.77,0
3586,1174.7,98.03,1.243,48.03,1
3587,522.1,27.79,1.524,24.59,0
3588,839.8,41.51,0.842,32.3,0
3589,483.9,54.49,2.287,26.47,0
3590,127.9,60.84,2.621,36.62,0
3591,363.4,70.08,2.21,36.02,0
3592,515.3,64.8,2.471,33.3,0
3593,327.8,82.33,0.788,41.21,0
3594,522.8,71.52,3.295,36.73,0
3595,489.1,62.11,1.473,46.64,0
3596,433.3,78.94,1.923,45.41,0
3597,317.8,40.92,1.461,38.04,0
3598,828.1,19.23,0.882,35.91,0
3599,416.2,67.34,2.597,21.82,1
3600,422.9,55.03,3.106,31.69,0
3601,241.9,24.28,4.181,42.23,0
3602,247.4,29.78,3.504,34.48,0
3603,432.0,62.67,2.061,45.58,0
3604,374.8,59.55,2.502,35.36,1
3605,397.6,36.64,2.022,35.56,0
3606,79.1,61.42,4.056,33.64,0
3607,484.8,41.16,1.621,32.76,0
3608,398.6,75.07,1.494,37.34,1
3609,38.8,53.47,2.929,37.35,0
3610,165.5,77.99,3.249,47.82,0
3611,328.2,65.55,2.736,35.03,1
3612,596.9,77.08,2.464,44.01,1
3613,288.1,81.27,2.702,43.65,0
3614,120.8,47.51,1.914,32.23,0
3615,163.9,56.9,4.469,35.86,1
3616,111.8,56.02,1.984,36.44,0
3617,434.0,54.43,2.329,38.97,1
3618,509.8,23.05,1.203,41.79,0
3619,561.1,61.08,3.331,36.91,0
3620,439.2,35.28,3.565,46.04,0
3621,382.2,39.44,4.737,33.12,0
3622,43.4,49.98,1.626,45.92,0
3623,588.8,19.86,5.82,40.33,0
3624,756.1,66.11,2.21,39.79,0
3625,116.3,52.46,1.614,38.84,0
3626,705.8,12.23,2.17,39.49,0
3627,339.9,69.8,1.543,25.0,0
3628,866.4,19.98,1.19,33.18,0
3629,149.0,44.59,2.585,36.03,0
3630,254.0,70.96,2.326,41.64,0
3631,100.0,47.88,1.609,40.46,0
3632,80.1,56.22,3.282,41.43,0
3633,523.9,40.14,4.128,40.69,0
3634,304.2,50.76,2.664,36.62,0
3635,154.3,48.89,5.257,43.52,0
3636,978.7,81.44,3.605,43.38,0
3637,938.3,22.41,3.069,35.9,0
3638,471.3,49.48,1.171,30.72,0
3639,523.9,50.77,2.14,37.45,0
3640,83.3,27.34,0.692,38.73,0
3641,396.4,59.55,1.696,41.57,0
3642,706.8,36.51,2.621,49.94,0
3643,357.4,52.39,4.473,31.85,0
3644,185.1,77.08,3.831,44.46,1
3645,346.5,43.14,5.319,41.63,0
3646,94.2,39.4,1.187,34.42,0
3647,130.4,81.3,3.778,39.38,1
3648,372.2,27.12,4.076,41.89,0
3649,402.7,76.57,2.213,34.65,1
3650,250.5,80.75,1.427,32.34,0
3651,991.6,47.11,1.419,38.33,0
3652,635.3,83.96,1.235,34.16,0
3653,372.3,22.72,0.94,29.85,0
3654,343.8,71.81,3.337,25.7,1
3655,198.4,61.35,1.775,42.1,0
3656,645.8,53.53,4.301,38.26,1
3657,54.2,76.33,3.051,34.03,0
3658,182.2,59.74,1.125,54.58,0
3659,114.2,44.55,1.096,27.07,0
3660,636.4,65.83,5.743,37.09,1
3661,296.6,30.18,2.507,31.95,0
3662,308.0,81.3,0.855,31.8,0
3663,388.3,72.17,1.037,36.38,0
3664,420.4,79.43,2.81,35.88,0
3665,274.9,31.47,1.459,42.25,1
3666,779.1,51.52,2.549,38.33,0
3667,66.1,82.45,2.045,27.85,0
3668,110.8,88.87,1.075,50.66,0
3669,197.7,62.07,3.569,27.68,1
3670,474.8,73.07,6.14,34.78,1
3671,452.6,79.58,2.222,36.68,0
3672,203.4,42.76,1.947,44.68,0
3673,759.7,19.12,3.496,30.34,0
3674,218.4,76.61,1.915,26.5,1
3675,187.3,74.29,1.429,34.58,0
3676,789.4,91.95,3.447,36.35,1
3677,247.8,28.67,4.435,28.06,0
3678,639.8,27.35,1.583,39.02,0
3679,392.6,24.99,3.951,35.16,0
3680,1231.8,28.91,1.967,38.73,0
3681,635.3,20.36,1.782,33.33,0
3682,314.2,78.71,1.358,33.34,1
3683,201.5,38.02,4.569,34.87,0
3684,283.2,75.26,2.466,48.68,0
3685,400.7,36.38,0.855,41.13,0
3686,738.9,25.09,1.921,34.71,0
3687,281.1,60.54,3.384,23.05,0
3688,356.8,82.22,1.104,34.27,0
3689,682.5,53.56,2.404,46.05,0
3690,823.9,59.13,2.285,36.57,0
3691,184.3,38.1,2.646,29.9,0
3692,354.4,67.23,1.207,33.75,0
3693,310.7,39.52,1.722,46.08,0
3694,599.0,49.29,3.214,30.73,1
3695,322.0,46.85,1.577,31.51,0
3696,511.4,67.98,3.874,34.64,0
3697,223.6,24.55,1.635,43.4,0
3698,337.3,60.6,2.64,31.13,1
3699,591.3,39.86,1.028,33.17,0
3700,439.9,53.47,1.32,40.1,0
3701,575.3,86.71,1.092,42.04,0
3702,513.4,85.9,2.385,33.04,0
3703,337.1,62.9,3.639,40.95,1
3704,317.6,84.23,3.607,42.61,1
3705,586.2,64.37,2.824,35.17,0
3706,1097.5,69.52,1.521,30.71,1
3707,155.5,59.42,1.923,39.39,0
3708,253.5,49.77,2.757,38.77,0
3709,427.9,33.35,1.226,48.63,0
3710,250.7,28.0,1.605,40.06,0
3711,472.0,33.97,2.728,29.53,0
3712,471.6,50.9,2.046,30.55,0
3713,608.7,30.44,2.564,35.25,0
3714,801.4,31.55,3.454,37.53,0
3715,498.9,40.27,3.72,37.25,0
3716,110.5,73.52,1.051,27.01,0
3717,22.9,37.29,1.389,48.18,0
3718,1123.8,21.7,5.933,47.64,0
3719,1333.0,64.1,5.655,45.9,0
3720,556.1,75.72,1.249,34.21,1
3721,186.6,96.81,1.664,27.63,1
3722,760.2,72.81,1.695,33.58,1
3723,350.1,96.57,2.085,49.1,1
3724,351.5,42.34,2.679,37.49,0
3725,452.9,38.82,3.077,42.57,0
3726,568.9,75.58,0.604,28.8,1
3727,199.4,23.06,2.014,36.62,0
3728,739.2,69.43,1.147,36.7,1
3729,416.0,31.53,3.747,32.3,0
3730,647.5,62.51,6.726,41.65,1
3731,224.5,74.18,2.653,47.99,0
3732,549.8,74.64,1.843,40.16,0
3733,708.8,67.08,2.124,41.64,0
3734,487.2,21.44,4.295,32.47,0
3735,111.9,85.68,2.322,36.94,0
3736,549.1,64.85,1.419,42.96,0
3737,625.7,30.47,2.702,46.79,0
3738,179.1,65.52,1.367,31.79,0
3739,468.3,84.43,1.393,39.99,0
3740,112.0,41.63,2.935,34.89,0
3741,255.3,52.79,2.703,46.95,0
3742,468.2,63.41,3.313,36.03,0
3743,975.3,49.7,1.863,34.92,1
3744,426.7,53.82,1.374,44.57,0
3745,470.3,6.13,1.061,28.48,0
3746,393.4,43.39,3.317,35.41,0
3747,305.4,22.79,3.607,48.62,0
3748,176.8,76.72,1.55,48.71,0
3749,73.5,59.04,2.436,47.54,0
3750,540.8,74.45,3.105,45.56,1
3751,387.6,60.87,7.425,40.86,0
3752,318.3,44.67,1.912,32.41,0
3753,1082.4,83.82,2.27,28.95,0
3754,86.5,27.46,7.292,41.95,0
3755,444.6,13.83,2.209,35.85,0
3756,288.8,46.84,2.232,43.95,0
3757,522.4,21.45,2.095,44.08,0
3758,86.0,81.01,0.89,46.26,0
3759,651.4,44.89,0.6,33.98,0
3760,78.9,39.89,1.637,26.64,0
3761,257.4,15.07,2.561,44.61,0
3762,85.4,77.09,4.987,36.13,0
3763,330.1,18.89,4.175,38.34,0
3764,351.4,14.42,2.146,45.54,0
3765,593.0,64.9,1.847,37.06,0
3766,160.2,49.5,1.144,42.0,0
3767,643.5,66.29,2.058,38.75,0
3768,70.2,51.06,1.428,39.85,0
3769,183.9,44.42,7.196,39.72,0
3770,289.9,80.67,1.579,26.9,1
3771,128.5,45.21,1.146,37.84,0
3772,314.4,44.61,2.114,43.94,0
3773,660.2,28.13,1.636,41.54,0
3774,781.3,39.63,3.876,38.74,0
3775,784.6,59.19,2.873,39.09,0
3776,261.8,75.07,7.625,40.13,0
3777,527.9,61.09,5.349,38.9,0
3778,395.1,22.46,1.666,40.03,0
3779,152.6,19.06,1.917,31.72,0
3780,188.9,55.29,5.01,34.35,0
3781,151.3,70.23,1.668,52.89,0
3782,464.9,37.44,2.568,39.18,0
3783,589.3,71.07,2.396,39.07,0
3784,347.0,41.83,1.603,34.08,0
3785,145.3,73.98,2.306,37.49,0
3786,573.1,35.32,1.593,28.92,0
3787,95.6,54.48,2.162,35.28,0
3788,208.2,53.43,1.455,36.47,0
3789,940.4,37.1,2.381,38.1,0
3790,290.7,75.08,1.799,36.24,1
3791,284.5,56.98,0.825,45.1,0
3792,78.2,62.69,0.731,47.47,0
3793,116.2,68.0,4.018,34.58,0
3794,388.2,78.54,1.636,33.47,0
3795,317.8,69.38,3.32,34.78,1
3796,335.0,52.25,4.079,22.32,1
3797,221.0,76.19,2.088,34.7,0
3798,834.8,44.5,2.108,42.13,0
3799,485.6,48.89,1.104,30.02,0
3800,85.5,74.54,0.854,46.12,0
3801,353.4,15.54,0.841,38.67,0
3802,430.5,26.75,4.322,22.09,0
3803,207.9,46.26,3.251,37.14,0
3804,241.0,91.02,3.848,57.58,0
3805,347.5,88.38,2.149,37.56,1
3806,512.5,82.21,1.677,40.42,0
3807,912.8,74.89,5.47,32.51,1
3808,189.4,14.7,1.146,40.36,0
3809,727.2,67.19,2.835,40.36,0
3810,313.1,26.52,2.179,28.99,0
3811,387.3,46.42,1.086,36.17,0
3812,150.3,61.8,0.838,24.46,0
3813,485.0,52.66,1.244,34.25,0
3814,281.0,40.27,1.102,37.76,0
3815,479.0,36.76,3.076,38.3,0
3816,256.9,66.01,2.011,49.05,0
3817,431.3,81.71,3.473,34.05,1
3818,237.0,22.71,4.752,40.05,0
3819,784.7,63.15,2.619,43.37,0
3820,563.8,55.34,2.189,36.1,0
3821,611.2,65.08,1.324,40.5,0
3822,136.8,25.37,3.684,33.08,0
3823,544.6,91.95,5.092,31.11,1
3824,432.1,35.6,2.591,43.83,0
3825,125.9,71.66,2.037,30.2,0
3826,789.3,80.15,3.489,33.15,1
3827,240.7,97.24,4.307,42.89,1
3828,292.5,51.29,2.031,47.99,0
3829,955.2,51.35,2.191,35.91,0
3830,131.6,40.23,1.681,27.69,0
3831,226.5,51.92,3.708,24.85,0
3832,430.5,57.13,0.911,30.62,0
3833,177.4,32.33,1.849,27.83,0
3834,44.3,48.58,1.131,41.95,0
3835,263.9,42.37,1.655,30.69,1
3836,676.1,65.91,6.067,29.3,0
3837,857.9,79.51,2.682,38.15,1
3838,476.0,55.97,1.876,36.6,0
3839,593.4,30.66,1.743,43.17,0
3840,951.3,20.85,0.538,22.74,0
3841,284.3,57.27,2.231,40.01,0
3842,893.4,72.94,2.78,33.86,1
3843,179.2,30.29,1.864,34.06,0
3844,1125.9,52.81,4.228,36.13,1
3845,845.8,77.36,5.348,35.61,1
3846,157.9,76.12,2.29,40.28,0
3847,1201.6,51.89,6.323,26.17,1
3848,688.5,31.62,1.158,34.61,0
3849,457.5,47.21,2.07,45.22,0
3850,178.2,58.34,1.408,31.4,0
3851,109.1,49.41,2.943,35.57,0
3852,419.2,75.39,1.527,30.09,0
3853,418.3,64.41,1.249,43.1,0
3854,656.5,55.79,1.402,31.79,0
3855,234.0,38.17,1.323,25.84,0
3856,386.7,53.11,3.708,48.03,0
3857,196.6,21.63,1.789,46.32,0
3858,266.4,71.76,1.714,32.2,0
3859,1126.0,66.1,1.135,33.86,1
3860,214.6,69.33,0.967,30.52,0
3861,147.3,70.62,0.733,45.69,0
3862,657.5,60.02,2.803,30.98,0
3863,672.1,21.09,4.556,42.87,0
3864,456.9,57.3,1.807,38.29,0
3865,257.0,56.76,1.828,39.36,0
3866,1211.2,45.9,0.799,47.3,0
3867,105.0,46.78,1.952,48.0,1
3868,112.8,71.26,1.718,46.11,0
3869,272.3,58.88,3.982,40.65,0
3870,477.8,46.12,1.586,39.58,0
3871,460.6,11.95,0.744,32.18,0
3872,359.2,68.14,3.486,36.0,0
3873,225.9,33.43,2.525,39.88,0
3874,297.0,18.46,1.673,37.74,0
3875,945.6,77.47,1.362,32.4,1
3876,91.3,44.33,2.709,29.0,0
3877,763.8,26.19,4.352,37.18,0
3878,215.3,64.53,4.275,33.28,1
3879,243.2,35.07,0.584,36.62,0
3880,947.2,81.44,1.629,45.02,1
3881,156.1,20.26,0.779,50.18,0
3882,1921.5,43.03,1.379,42.93,0
3883,817.1,91.16,1.061,30.56,1
3884,146.2,58.11,2.354,35.38,0
3885,1016.8,57.48,3.196,39.52,0
3886,94.2,41.45,5.991,42.88,0
3887,607.1,64.44,1.91,29.35,0
3888,600.5,39.44,1.47,39.19,0
3889,830.3,66.38,3.739,39.56,1
3890,195.6,45.7,0.587,26.7,0
3891,159.7,36.03,1.323,43.75,0
3892,785.2,67.63,1.116,46.92,0
3893,267.7,82.51,4.27,45.79,0
3894,1470.6,19.26,1.715,31.34,0
3895,450.0,67.17,2.402,42.08,1
3896,561.1,28.13,6.202,38.96,0
3897,67.2,21.18,1.842,40.01,0
3898,204.6,57.15,1.33,46.69,0
3899,423.0,24.97,1.575,34.05,0
3900,364.8,83.72,1.606,38.07,0
3901,383.5,73.92,2.155,38.09,0
3902,429.7,47.01,2.087,41.51,0
3903,329.2,61.04,1.099,39.47,0
3904,491.8,80.15,1.512,51.23,0
3905,848.1,20.07,0.974,24.14,0
3906,153.8,36.36,3.742,43.17,0
3907,464.6,40.32,2.604,41.55,0
3908,795.2,81.17,1.636,35.08,0
3909,463.6,28.24,0.818,34.43,0
3910,470.8,62.43,2.539,44.82,0
3911,388.3,23.43,2.006,32.05,0
3912,262.2,49.66,4.466,51.13,0
3913,406.1,63.44,1.528,40.86,0
3914,440.8,38.24,4.101,40.31,0
3915,1005.0,42.14,2.111,43.18,0
3916,246.7,35.75,2.528,35.86,0
3917,97.8,57.14,1.71,37.99,0
3918,592.9,33.36,7.265,38.41,0
3919,299.1,83.85,2.013,31.36,1
3920,297.7,42.46,8.282,45.18,0
3921,259.4,10.34,4.135,35.39,0
3922,539.4,12.65,1.533,33.02,0
3923,723.7,60.53,4.137,44.08,1
3924,60.1,88.35,2.777,48.48,0
3925,409.3,54.55,1.141,36.97,0
3926,568.8,59.46,0.503,39.33,0
3927,272.4,66.28,2.512,38.91,0
3928,491.2,61.32,4.702,37.36,0
3929,726.0,63.71,1.774,41.91,0
3930,700.7,80.22,6.742,43.06,1
3931,377.7,54.79,2.924,48.11,0
3932,365.7,35.47,2.122,30.53,0
3933,695.3,48.17,1.819,39.17,0
3934,658.8,83.66,3.289,40.74,0
3935,250.9,35.13,3.057,36.79,0
3936,274.5,48.86,2.01,44.49,0
3937,98.1,39.84,3.01,25.89,0
3938,216.5,77.61,7.974,37.51,1
3939,478.6,17.71,4.285,20.28,1
3940,525.0,75.5,3.775,37.26,1
3941,183.1,46.25,6.451,27.61,0
3942,750.4,75.67,3.366,23.98,1
3943,1047.5,62.37,3.161,31.09,1
3944,647.8,73.94,1.786,49.68,0
3945,209.6,83.13,0.976,24.72,0
3946,358.9,72.4,1.413,32.5,0
3947,699.3,65.76,1.109,31.64,0
3948,943.5,44.21,3.967,40.06,0
3949,184.1,88.37,3.96,30.84,1
3950,266.8,60.67,1.943,27.95,0
3951,579.5,64.12,1.32,27.74,0
3952,252.7,33.65,0.514,25.52,0
3953,319.6,33.21,2.515,32.06,0
3954,246.3,20.96,1.313,29.41,0
3955,131.1,51.73,2.363,35.91,0
3956,109.6,13.58,0.778,37.33,0
3957,301.6,62.04,1.338,41.3,0
3958,111.4,40.01,1.329,33.25,0
3959,256.4,68.77,3.242,30.13,1
3960,391.9,62.02,1.428,37.39,0
3961,97.1,88.26,1.612,33.04,0
3962,676.7,49.17,13.307,37.87,1
3963,259.6,12.54,2.164,38.8,0
3964,327.7,54.42,3.527,34.48,1
3965,314.7,46.05,1.535,29.04,0
3966,349.0,77.42,3.407,37.07,1
3967,160.4,71.32,2.535,39.74,0
3968,401.4,86.72,1.015,35.62,0
3969,360.4,40.57,2.504,37.6,0
3970,560.8,22.75,3.038,37.39,0
3971,152.4,69.89,4.187,32.14,0
3972,510.4,81.81,0.781,35.86,0
3973,232.1,23.61,1.936,42.06,0
3974,254.9,63.44,1.643,37.78,0
3975,65.3,20.65,2.997,43.2,0
3976,39.1,40.52,2.067,39.32,0
3977,645.2,70.68,2.112,55.64,0
3978,140.1,16.42,3.175,33.66,0
3979,149.2,24.58,5.822,29.91,0
3980,571.0,80.27,2.08,29.73,1
3981,923.4,85.45,1.605,51.91,0
3982,138.7,44.1,1.554,39.37,0
3983,168.2,44.79,3.091,28.24,0
3984,472.1,50.6,4.796,42.47,0
3985,329.6,79.12,2.923,44.97,1
3986,245.4,54.79,2.828,39.25,0
3987,675.1,39.51,1.948,32.12,0
3988,1866.8,56.39,1.324,40.37,1
3989,312.4,53.35,1.737,45.44,0
3990,409.2,55.01,3.733,45.0,0
3991,661.2,46.78,1.62,41.07,0
3992,429.6,83.09,4.044,53.6,0
3993,145.4,23.06,1.05,37.7,0
3994,732.0,52.55,1.747,39.0,1
3995,309.2,47.48,1.56,44.74,0
3996,521.1,78.87,2.311,51.78,0
3997,443.7,49.77,2.258,45.82,0
3998,178.2,46.1,3.135,38.76,0
3999,608.7,43.16,2.419,43.0,0
4000,261.7,57.96,1.996,36.44,0
4001,957.1,47.53,1.741,31.97,0
4002,205.3,19.95,7.822,38.76,0
4003,671.2,59.6,2.218,35.16,0
4004,593.4,55.77,1.468,31.55,0
4005,170.3,44.83,3.122,27.21,0
4006,631.1,52.31,1.322,32.38,0
4007,511.3,67.35,3.892,36.93,0
4008,518.2,73.0,1.991,35.11,1
4009,691.7,72.55,2.666,39.35,1
4010,240.5,53.23,3.513,41.31,0
4011,580.1,82.09,1.335,32.59,1
4012,66.0,21.1,0.554,33.88,0
4013,859.5,28.11,2.197,38.35,0
4014,1021.3,25.45,3.037,44.48,0
4015,158.8,33.19,0.868,48.11,0
4016,347.7,82.25,3.307,36.48,0
4017,552.4,30.47,0.385,38.44,0
4018,275.4,95.65,1.258,41.16,0
4019,121.1,12.94,0.952,43.77,0
4020,211.3,69.64,1.241,31.48,0
4021,228.5,63.01,1.768,36.31,1
4022,138.4,66.3,2.862,25.49,0
4023,620.2,28.62,1.5,44.57,0
4024,166.3,10.33,1.492,42.04,0
4025,225.1,32.22,2.325,27.49,0
4026,269.5,42.27,2.542,42.62,0
4027,111.6,35.56,2.045,44.62,0
4028,46.8,41.66,3.603,38.39,0
4029,223.1,31.32,3.894,34.46,0
4030,214.5,84.87,4.792,28.77,1
4031,174.2,34.99,1.84,42.38,0
4032,203.3,44.03,1.793,42.44,0
4033,54.1,39.34,1.08,39.75,0
4034,476.7,44.75,0.633,48.34,0
4035,53.9,92.42,1.109,36.18,0
4036,269.3,52.46,2.198,35.95,0
4037,621.4,43.38,1.163,47.19,0
4038,171.9,75.22,2.594,30.72,0
4039,235.6,60.18,1.736,20.4,0
4040,348.5,11.2,1.704,39.28,0
4041,326.8,44.76,4.999,48.82,0
4042,563.1,16.3,2.559,47.24,0
4043,303.8,52.22,3.018,37.99,0
4044,97.3,49.68,2.951,37.43,0
4045,256.5,68.72,4.764,38.75,0
4046,91.2,52.29,3.097,50.25,0
4047,308.6,81.63,3.714,39.75,0
4048,389.3,32.45,0.983,45.74,0
4049,279.8,53.14,1.887,47.0,0
4050,726.4,63.36,2.683,37.41,1
4051,552.9,72.02,2.312,41.51,1
4052,628.5,77.23,1.153,28.07,1
4053,270.4,74.18,2.072,40.22,0
4054,655.6,48.37,1.854,30.49,0
4055,271.8,80.24,2.865,38.79,1
4056,405.6,80.64,1.268,33.33,0
4057,236.1,32.88,0.746,37.24,0
4058,942.5,77.72,1.237,35.82,0
4059,369.1,52.05,3.833,37.07,0
4060,557.6,30.82,2.191,42.96,0
4061,141.5,37.85,2.38,31.54,0
4062,465.3,72.11,1.148,41.51,0
4063,155.8,67.7,3.116,32.75,1
4064,634.0,27.21,1.556,39.35,0
4065,94.8,50.91,2.592,38.43,0
4066,705.9,43.71,1.066,39.84,0
4067,237.9,38.58,4.364,27.76,0
4068,361.8,69.79,2.09,32.81,0
4069,299.7,34.64,2.368,40.37,0
4070,545.4,49.93,2.237,44.19,0
4071,294.2,74.16,1.853,37.76,0
4072,426.1,79.79,2.663,36.66,0
4073,204.5,31.66,2.254,25.77,0
4074,506.8,60.51,1.181,39.38,0
4075,384.8,49.52,3.102,46.86,0
4076,131.9,34.81,4.632,38.35,0
4077,166.3,32.19,1.189,41.3,0
4078,81.4,30.29,1.01,34.45,0
4079,864.4,70.4,2.748,37.44,1
4080,247.1,98.37,5.04,40.54,1
4081,173.3,48.13,0.439,33.94,0
4082,117.5,9.5,1.942,38.18,0
4083,583.7,71.7,2.531,35.37,0
4084,37.0,64.68,1.302,37.47,0
4085,104.9,78.32,3.801,46.37,0
4086,204.0,52.29,2.32,43.29,0
4087,278.7,46.07,2.332,47.0,1
4088,217.8,66.99,3.909,40.07,0
4089,421.3,48.25,1.506,50.89,0
4090,51.0,63.02,1.404,34.85,0
4091,686.8,87.19,3.56,41.26,0
4092,672.7,48.77,2.378,44.2,0
4093,231.0,43.42,1.866,31.27,0
4094,197.7,60.31,0.501,34.45,0
4095,803.2,63.36,2.462,41.42,0
4096,639.7,38.27,1.027,41.24,0
4097,484.7,66.93,4.043,35.7,1
4098,450.7,48.94,1.838,22.26,0
4099,554.1,46.45,6.812,44.48,0
4100,595.2,61.37,0.772,40.55,0
4101,188.5,19.07,0.476,37.27,0
4102,278.3,67.84,1.366,39.82,0
4103,140.7,52.59,2.638,37.09,0
4104,314.6,63.88,1.312,32.05,1
4105,693.0,48.06,1.321,43.29,0
4106,213.2,70.18,0.972,48.7,0
4107,322.3,90.56,1.662,34.5,1
4108,204.3,50.6,2.535,52.79,0
4109,265.6,17.86,6.646,35.09,0
4110,175.9,6.75,2.876,38.78,0
4111,350.5,40.96,2.25,33.59,0
4112,621.0,30.63,0.461,32.54,0
4113,106.3,50.59,3.229,44.7,0
4114,185.9,19.98,1.434,39.04,0
4115,334.5,76.65,1.982,29.97,1
4116,176.9,20.04,1.649,33.48,0
4117,389.4,32.33,1.872,38.37,0
4118,476.3,96.69,2.526,28.84,0
4119,1063.2,77.09,3.419,37.2,0
4120,664.3,73.91,3.831,36.85,1
4121,257.4,46.41,2.065,35.52,0
4122,133.6,54.42,3.449,38.98,0
4123,232.3,77.66,2.122,39.44,0
4124,431.5,72.32,1.305,41.65,0
4125,760.2,80.79,6.586,37.04,1
4126,315.9,21.78,4.283,46.76,0
4127,827.6,78.54,1.059,51.39,0
4128,310.9,66.66,1.883,33.26,0
4129,191.9,60.6,2.114,38.38,0
4130,147.2,56.39,0.711,21.12,0
4131,670.2,44.96,1.698,34.89,0
4132,370.7,40.88,4.556,51.05,0
4133,1076.3,44.57,1.416,33.23,0
4134,1028.9,63.18,3.866,46.48,0
4135,520.7,25.79,3.323,50.42,0
4136,985.2,32.95,1.079,33.01,0
4137,324.7,46.92,1.57,40.93,0
4138,756.7,64.92,1.456,26.66,0
4139,183.1,54.66,4.08,33.85,1
4140,565.3,86.15,1.573,38.55,1
4141,840.2,41.79,0.87,40.33,0
4142,825.5,55.2,2.648,41.96,0
4143,639.7,70.82,1.791,36.9,0
4144,512.7,48.77,1.297,35.7,0
4145,1764.1,73.6,1.3,33.98,1
4146,848.0,77.08,3.103,43.02,1
4147,343.3,74.69,2.879,39.4,0
4148,882.9,67.21,1.178,44.76,0
4149,481.9,31.78,3.108,43.5,0
4150,445.0,49.13,2.941,49.77,0
4151,519.4,60.56,2.528,44.85,0
4152,185.4,51.45,2.124,39.34,0
4153,195.4,57.81,2.656,37.3,0
4154,573.5,61.55,3.882,23.95,1
4155,240.1,48.84,1.623,36.8,0
4156,339.7,51.6,4.871,38.33,1
4157,71.2,71.24,1.899,29.3,0
4158,345.4,68.93,1.392,40.95,0
4159,906.4,61.86,2.523,39.77,0
4160,407.5,69.15,0.731,35.33,0
4161,190.6,44.56,2.256,45.87,0
4162,378.0,33.35,2.115,35.83,0
4163,617.3,62.82,1.892,37.05,0
4164,1046.4,57.2,2.061,43.2,0
4165,203.2,26.87,1.73,42.57,0
4166,407.8,77.36,1.916,41.06,0
4167,262.7,54.57,1.621,39.98,0
4168,136.6,70.27,3.191,34.86,0
4169,1163.5,83.95,1.732,35.89,0
4170,834.0,20.52,3.151,34.28,0
4171,394.1,73.46,2.688,29.06,1
4172,215.4,58.68,0.914,27.65,1
4173,395.6,43.79,0.605,50.53,0
4174,148.1,73.68,8.719,43.67,1
4175,530.4,97.18,0.991,20.79,1
4176,449.0,37.55,2.691,42.14,0
4177,421.1,59.17,2.408,30.71,1
4178,345.0,49.89,0.642,35.03,0
4179,249.3,83.77,1.29,29.25,1
4180,252.0,36.82,0.808,44.17,0
4181,385.2,45.32,1.68,38.94,0
4182,266.8,57.19,1.628,36.46,0
4183,433.4,63.76,2.394,37.31,0
4184,579.5,46.81,1.858,36.43,0
4185,477.4,53.79,0.891,36.66,0
4186,979.6,93.03,3.209,31.19,1
4187,414.1,82.64,2.455,41.28,0
4188,575.2,58.74,1.397,30.63,0
4189,1043.8,38.27,2.049,47.56,0
4190,276.8,81.71,3.012,34.65,1
4191,347.2,48.3,0.815,40.37,0
4192,656.2,36.63,2.873,29.4,0
4193,723.4,17.95,1.266,54.97,0
4194,209.8,28.29,2.718,32.97,0
4195,216.9,88.57,1.066,53.39,0
4196,123.7,39.19,3.308,39.35,0
4197,593.0,51.5,2.193,39.43,0
4198,1055.2,24.88,1.236,42.13,0
4199,147.5,73.0,2.254,35.15,0
4200,584.9,77.86,4.88,27.56,1
4201,849.5,35.31,0.978,23.95,0
4202,226.3,85.23,1.456,33.99,0
4203,580.7,38.39,1.824,32.85,0
4204,902.0,49.64,1.337,31.28,0
4205,172.0,47.75,1.295,45.69,0
4206,128.9,58.39,0.955,41.03,0
4207,469.8,43.55,1.86,36.68,0
4208,499.1,68.73,2.899,43.35,0
4209,572.3,78.35,3.218,31.17,1
4210,349.8,46.21,7.253,39.57,0
4211,467.3,41.84,5.53,33.18,0
4212,508.2,84.93,4.346,32.18,1
4213,304.4,72.96,1.045,36.7,0
4214,265.1,29.91,2.703,43.89,0
4215,127.1,35.79,2.905,38.25,0
4216,145.7,35.85,2.561,43.56,0
4217,492.8,46.98,2.36,39.74,0
4218,405.1,58.73,2.914,46.7,0
4219,268.8,47.67,2.831,29.97,1
4220,199.0,24.47,8.689,42.89,0
4221,188.1,68.44,0.756,37.41,0
4222,629.7,74.75,0.632,23.83,0
4223,122.5,63.22,4.336,38.4,0
4224,255.7,80.72,4.609,39.04,0
4225,479.2,84.2,2.554,34.74,1
4226,483.5,9.95,2.452,33.36,0
4227,111.5,18.44,3.702,43.05,0
4228,85.0,57.18,3.347,39.73,0
4229,358.6,42.05,0.859,42.82,0
4230,447.3,23.42,2.359,37.63,0
4231,194.4,69.54,1.081,50.2,0
4232,190.1,67.28,3.609,33.92,0
4233,53.7,68.12,1.895,46.56,0
4234,476.7,49.88,10.312,38.94,0
4235,361.0,69.29,3.324,32.47,1
4236,202.1,67.56,2.438,42.34,0
4237,137.3,81.43,5.092,45.56,0
4238,264.4,34.63,3.803,31.34,0
4239,274.6,76.7,3.743,36.48,0
4240,316.8,34.64,3.217,33.29,0
4241,385.9,81.42,2.335,46.92,1
4242,375.2,29.66,2.965,47.77,0
4243,125.1,62.95,1.928,33.02,0
4244,362.2,41.17,3.581,33.49,0
4245,707.7,68.84,1.246,31.58,0
4246,237.4,48.62,2.057,27.78,1
4247,560.2,62.34,0.731,47.34,0
4248,571.2,83.53,1.623,32.13,0
4249,303.6,68.67,1.614,35.76,0
4250,163.6,57.01,1.766,42.66,0
4251,282.0,49.46,3.908,38.71,0
4252,400.9,66.68,1.479,36.97,0
4253,303.0,66.67,1.848,33.04,0
4254,231.1,65.73,1.161,26.1,0
4255,1518.7,61.96,1.197,44.75,0
4256,497.4,85.36,4.208,36.99,0
4257,523.7,34.61,1.828,37.4,0
4258,319.9,46.95,2.711,26.89,0
4259,766.3,51.27,3.108,23.66,0
4260,325.1,69.67,2.045,41.28,0
4261,30.7,86.77,2.037,37.19,0
4262,307.8,27.29,4.327,40.06,0
4263,199.2,51.6,3.202,45.96,0
4264,354.6,57.1,1.716,45.11,0
4265,1379.5,20.96,1.227,37.72,0
4266,217.3,62.01,4.176,30.96,0
4267,268.6,61.51,2.786,43.97,1
4268,349.7,63.45,1.838,44.92,0
4269,208.4,68.98,0.854,40.81,0
4270,514.4,62.8,1.861,29.81,0
4271,449.0,58.71,4.878,30.13,0
4272,640.1,36.92,1.288,41.76,0
4273,531.8,73.17,3.107,32.3,1
4274,341.6,52.37,2.81,48.89,0
4275,125.7,57.55,3.853,43.06,0
4276,548.8,30.65,2.127,35.65,0
4277,83.8,32.48,2.67,36.31,0
4278,285.8,93.57,0.591,37.02,0
4279,710.7,74.09,2.422,40.54,1
4280,775.9,51.9,3.399,32.02,0
4281,84.7,60.71,2.505,46.81,0
4282,188.6,55.0,0.646,46.68,0
4283,869.2,44.31,1.383,38.36,0
4284,181.9,27.78,4.184,38.42,0
4285,241.0,84.22,2.127,38.95,1
4286,464.8,62.83,2.057,42.11,0
4287,391.7,53.3,3.324,42.69,0
4288,211.6,67.48,3.719,43.66,0
4289,268.1,47.54,0.884,37.44,0
4290,621.8,49.45,1.444,40.7,0
4291,94.2,63.28,6.392,40.28,0
4292,797.0,55.21,2.683,43.14,0
4293,55.9,48.81,2.767,49.57,0
4294,884.7,16.41,2.457,46.68,0
4295,133.7,46.1,1.724,26.69,0
4296,318.7,22.97,3.847,22.9,0
4297,364.5,88.18,1.315,29.29,0
4298,600.1,70.56,2.538,29.83,0
4299,500.5,34.67,2.406,38.46,0
4300,117.6,32.12,1.317,32.66,0
4301,253.4,28.26,1.199,52.3,0
4302,350.8,80.99,1.655,44.99,0
4303,78.1,14.55,3.283,48.03,0
4304,129.8,77.15,1.438,35.03,0
4305,166.7,63.92,1.607,30.22,0
4306,800.8,40.51,1.714,46.41,0
4307,483.7,56.39,1.092,36.15,0
4308,380.0,33.44,2.877,36.24,0
4309,131.0,33.89,1.288,44.44,0
4310,293.3,12.19,1.354,41.16,0
4311,578.4,26.16,2.077,38.82,0
4312,521.2,73.7,2.831,41.74,0
4313,335.6,49.13,3.345,43.67,0
4314,263.0,10.36,4.355,47.19,0
4315,377.1,96.25,1.225,38.39,0
4316,222.2,70.59,1.421,39.78,0
4317,145.5,59.71,1.713,42.48,0
4318,479.0,19.51,1.482,39.53,0
4319,669.5,59.44,3.572,30.78,1
4320,128.9,73.83,4.558,41.28,1
4321,209.0,35.2,3.222,27.93,0
4322,255.7,20.73,1.073,38.92,0
4323,373.5,28.67,1.26,36.61,0
4324,332.3,37.04,1.535,29.25,0
4325,256.2,22.4,4.024,41.15,0
4326,318.0,18.4,1.768,52.47,0
4327,147.4,65.04,1.624,36.99,0
4328,189.9,63.08,2.333,40.89,0
4329,362.8,45.69,2.366,39.81,0
4330,1098.4,63.66,1.897,38.66,0
4331,432.8,65.06,3.712,29.15,0
4332,336.8,79.79,1.145,50.06,0
4333,615.4,33.06,3.562,39.55,0
4334,503.7,45.91,1.114,35.83,0
4335,368.7,35.78,0.896,39.27,0
4336,816.8,57.06,1.091,54.16,0
4337,503.6,19.38,3.932,37.38,0
4338,287.9,53.36,1.531,37.53,0
4339,811.0,71.21,1.782,35.39,1
4340,183.5,73.34,1.476,44.98,0
4341,280.4,61.43,3.05,29.83,0
4342,254.6,43.98,0.558,46.48,0
4343,403.9,80.52,1.969,32.86,1
4344,505.1,56.21,0.802,38.3,0
4345,100.6,27.19,4.591,44.57,0
4346,450.1,31.69,2.808,36.32,0
4347,590.3,16.27,2.442,46.66,0
4348,405.9,64.14,1.233,43.61,0
4349,343.8,56.86,1.043,53.87,0
4350,168.0,30.8,3.572,28.3,0
4351,169.1,82.96,2.172,35.35,1
4352,508.3,75.8,1.653,33.83,0
4353,407.5,18.93,2.112,39.48,0
4354,165.1,45.14,4.33,33.54,0
4355,547.4,47.23,3.046,24.84,1
4356,289.5,51.5,2.658,37.07,0
4357,164.2,59.65,1.831,58.57,0
4358,127.8,24.49,2.599,44.82,0
4359,322.4,69.52,2.413,36.85,1
4360,893.4,74.57,2.638,39.49,0
4361,424.8,27.41,3.366,32.17,0
4362,492.1,83.4,1.056,49.32,0
4363,463.0,35.48,2.649,38.37,0
4364,310.2,55.77,3.481,29.0,1
4365,162.1,42.93,1.065,28.09,0
4366,396.5,51.97,4.215,34.38,0
4367,384.6,58.33,2.939,38.42,0
4368,390.0,15.21,4.429,44.17,0
4369,306.6,17.41,2.009,29.05,0
4370,171.5,60.29,1.567,33.76,0
4371,1286.2,73.0,3.316,34.26,0
4372,402.1,74.98,3.456,45.59,0
4373,238.6,31.22,1.308,34.58,0
4374,828.1,94.54,2.369,35.55,1
4375,408.9,70.5,1.539,36.77,0
4376,286.3,80.6,1.927,40.89,0
4377,564.5,51.73,1.842,37.58,0
4378,517.0,53.21,1.07,39.97,0
4379,157.2,56.78,2.366,47.18,0
4380,628.3,85.32,1.963,47.25,0
4381,954.8,31.24,1.304,40.7,0
4382,192.7,51.58,1.744,33.75,0
4383,904.0,63.69,1.419,38.76,1
4384,635.1,84.65,2.18,47.97,0
4385,381.2,39.72,2.714,35.7,0
4386,162.0,55.89,1.565,45.09,0
4387,959.9,64.94,1.065,25.98,1
4388,359.2,46.75,1.125,35.44,1
4389,603.9,76.22,1.807,42.3,1
4390,101.7,61.99,2.826,40.37,0
4391,848.6,36.57,2.64,32.84,1
4392,727.7,64.49,1.907,27.7,1
4393,185.4,59.78,0.662,41.66,0
4394,216.9,57.56,1.98,41.91,0
4395,158.8,64.58,2.529,43.3,0
4396,422.2,76.6,2.619,42.66,0
4397,338.8,56.08,2.477,42.71,0
4398,610.5,37.16,2.833,31.44,0
4399,1023.6,53.2,5.204,32.87,1
4400,1101.8,43.91,3.293,33.61,0
4401,395.9,52.4,0.658,38.42,0
4402,403.0,45.08,2.372,29.75,0
4403,779.5,57.85,8.99,39.23,1
4404,360.0,30.25,1.249,42.17,0
4405,689.0,93.23,2.591,43.39,1
4406,382.7,52.18,1.201,42.73,0
4407,360.1,44.72,0.91,40.66,0
4408,602.8,64.28,1.505,39.93,0
4409,587.2,64.02,0.752,26.97,0
4410,1078.4,85.01,2.052,46.9,0
4411,648.9,53.14,2.049,42.94,0
4412,110.5,38.08,3.301,34.69,0
4413,685.4,65.58,1.34,37.09,0
4414,561.2,73.58,2.495,40.31,1
4415,435.3,57.59,0.67,33.29,0
4416,119.4,4.76,2.083,42.33,0
4417,528.6,93.48,3.008,33.2,1
4418,388.5,65.79,1.715,27.24,0
4419,321.1,71.36,1.087,33.1,0
4420,21.4,30.51,0.573,37.34,0
4421,357.6,77.03,2.375,39.37,0
4422,759.7,33.38,2.589,40.75,0
4423,58.3,73.67,1.487,34.06,0
4424,240.3,71.11,2.994,34.55,0
4425,499.2,24.86,1.084,34.03,0
4426,682.5,76.34,1.335,43.77,0
4427,455.2,58.39,2.701,37.59,1
4428,306.7,60.18,2.822,44.3,0
4429,286.0,51.17,1.766,32.18,1
4430,409.9,93.87,1.677,32.47,1
4431,770.6,58.02,0.726,45.08,0
4432,353.9,9.55,3.681,37.93,0
4433,131.8,32.49,1.245,38.53,0
4434,387.0,56.25,1.624,40.1,0
4435,309.2,43.62,2.925,37.96,0
4436,48.6,88.48,2.263,42.47,0
4437,540.7,51.62,2.489,36.56,0
4438,232.4,67.25,1.514,48.59,0
4439,376.9,44.78,3.399,39.4,0
4440,379.6,33.53,1.999,32.25,1
4441,489.0,77.75,2.518,27.17,1
4442,127.8,76.72,2.598,26.3,0
4443,264.0,26.07,1.974,36.02,0
4444,278.8,40.99,1.501,39.47,0
4445,836.6,59.47,3.894,41.06,0
4446,1048.1,65.44,2.354,39.24,0
4447,372.9,77.05,2.184,49.65,1
4448,681.8,11.12,1.489,35.0,0
4449,421.9,59.15,3.262,35.95,0
4450,137.1,38.23,3.526,37.99,0
4451,520.0,54.71,1.181,39.83,0
4452,172.7,36.78,1.388,28.29,0
4453,185.7,22.0,1.968,41.5,0
4454,177.2,95.15,0.883,27.76,1
4455,395.3,40.57,2.031,42.88,0
4456,203.0,49.09,1.304,33.94,0
4457,139.5,19.22,2.094,38.28,0
4458,20.3,67.21,2.636,47.36,0
4459,254.7,51.2,1.808,53.25,0
4460,648.3,51.83,1.633,38.32,0
4461,883.5,45.09,1.375,32.84,0
4462,407.5,35.63,1.962,43.93,0
4463,91.3,55.3,1.688,37.17,0
4464,316.6,5.22,2.494,44.62,0
4465,246.3,22.59,2.052,40.32,0
4466,324.7,67.6,2.144,43.71,0
4467,473.1,98.91,2.667,28.9,1
4468,1029.2,46.45,3.893,35.17,0
4469,978.3,65.17,1.718,33.39,1
4470,943.4,27.41,2.941,49.65,0
4471,755.6,76.39,1.681,34.69,1
4472,233.7,59.83,3.126,42.79,0
4473,502.2,79.77,2.716,44.19,1
4474,611.3,52.48,2.119,27.87,1
4475,570.9,72.98,2.576,34.07,0
4476,433.9,52.94,0.868,36.44,0
4477,317.8,26.05,2.304,34.84,0
4478,548.7,11.57,2.214,40.83,0
4479,668.6,53.8,1.943,40.56,1
4480,231.4,72.63,1.41,33.46,0
4481,57.6,43.36,1.22,40.64,0
4482,733.4,27.78,1.508,38.38,0
4483,111.0,36.31,1.85,33.25,0
4484,233.6,21.62,1.84,35.66,0
4485,346.6,53.86,1.704,32.39,0
4486,188.9,75.64,0.738,39.65,0
4487,93.9,90.46,1.556,31.87,0
4488,381.6,44.94,1.334,46.27,0
4489,1136.4,26.51,9.044,34.83,1
4490,131.9,55.19,2.247,34.25,0
4491,427.0,46.72,1.39,52.8,0
4492,616.6,40.88,2.55,38.99,0
4493,527.3,48.37,2.311,40.37,0
4494,229.8,57.06,5.487,35.0,0
4495,1304.9,63.03,2.476,41.1,0
4496,587.5,88.21,0.974,24.51,1
4497,260.0,54.86,4.689,49.75,0
4498,836.0,24.72,1.092,33.65,0
4499,396.7,63.24,3.03,31.86,0
4500,241.0,62.82,0.896,39.74,0
4501,275.5,70.45,0.333,36.25,0
4502,238.5,90.21,3.426,37.67,0
4503,295.1,21.18,1.227,37.06,0
4504,498.7,77.93,0.559,39.94,0
4505,104.7,25.44,3.136,45.0,0
4506,56.1,78.13,2.812,33.21,0
4507,247.3,38.48,1.368,41.67,0
4508,240.1,66.92,2.205,49.83,0
4509,589.0,68.57,2.363,33.83,0
4510,216.6,69.21,1.221,41.43,0
4511,432.7,18.54,1.108,36.29,0
4512,555.5,76.26,1.736,27.59,0
4513,585.9,42.86,1.114,45.19,0
4514,599.3,32.93,3.887,42.4,0
4515,965.2,69.18,2.262,41.74,1
4516,235.2,79.1,7.142,27.23,1
4517,299.2,85.54,1.906,38.95,0
4518,451.1,20.75,4.653,33.76,1
4519,280.8,33.42,1.067,29.51,0
4520,593.8,72.45,2.666,38.78,1
4521,602.1,62.93,1.451,30.75,1
4522,341.4,61.65,1.971,38.91,0
4523,173.7,49.46,6.594,22.26,0
4524,1220.6,48.34,6.185,45.65,0
4525,117.8,61.11,1.799,36.51,1
4526,177.9,82.48,4.304,48.76,0
4527,934.7,42.11,2.874,37.54,0
4528,653.5,66.53,1.677,20.21,0
4529,382.6,69.93,1.576,39.37,0
4530,56.7,61.66,2.566,30.74,0
4531,412.2,31.58,5.85,41.52,0
4532,241.2,44.72,2.846,45.42,0
4533,346.0,77.65,0.94,35.75,0
4534,303.1,84.99,1.772,29.78,1
4535,253.6,85.11,2.977,22.38,1
4536,383.2,70.46,1.955,35.45,0
4537,999.5,76.85,3.381,30.18,1
4538,162.6,71.29,1.601,43.3,0
4539,223.1,93.48,1.225,31.7,1
4540,388.0,62.29,1.818,39.28,0
4541,471.2,64.08,1.129,49.58,0
4542,215.1,55.17,2.056,44.67,0
4543,375.4,71.62,4.058,45.54,0
4544,461.6,21.21,0.91,40.64,0
4545,154.5,82.18,8.002,34.61,0
4546,840.0,75.8,3.518,29.37,1
4547,295.2,53.56,1.305,44.41,0
4548,608.0,8.74,0.659,35.92,0
4549,807.9,13.61,3.485,34.54,0
4550,707.2,93.38,4.959,48.96,1
4551,475.8,52.17,1.643,35.39,0
4552,218.4,42.18,2.277,42.64,0
4553,146.4,74.9,1.628,38.98,0
4554,383.3,58.98,8.367,42.32,0
4555,1064.8,35.42,1.558,37.56,0
4556,562.4,52.44,3.364,37.96,0
4557,378.0,61.58,2.727,27.63,0
4558,33.4,51.54,3.636,37.45,0
4559,635.1,44.0,4.98,42.48,0
4560,395.6,54.14,3.634,43.81,0
4561,742.3,71.35,1.98,43.92,0
4562,197.4,18.37,1.902,33.53,0
4563,126.6,76.48,2.381,41.57,0
4564,322.5,38.96,1.194,37.16,0
4565,242.8,28.05,1.813,38.26,0
4566,129.6,24.76,1.959,30.44,0
4567,324.5,36.5,2.567,50.06,0
4568,89.5,23.87,4.431,36.12,0
4569,327.8,57.67,1.36,41.39,0
4570,648.6,68.61,3.393,42.9,0
4571,321.2,33.34,6.208,47.98,0
4572,190.6,75.79,1.767,24.72,1
4573,124.8,52.25,2.377,35.42,0
4574,1011.3,55.2,0.433,39.9,0
4575,70.1,48.82,1.718,25.81,0
4576,1078.5,40.65,0.79,44.92,0
4577,188.9,34.52,1.91,48.41,0
4578,802.3,88.37,1.568,42.22,0
4579,736.4,38.2,4.147,35.93,1
4580,579.1,74.01,2.356,45.98,0
4581,641.1,29.73,3.38,29.54,0
4582,917.2,59.55,1.461,41.43,0
4583,631.4,39.1,1.31,41.02,0
4584,187.4,94.14,0.724,39.65,0
4585,434.9,41.5,5.005,37.15,0
4586,391.5,45.75,3.485,40.73,0
4587,403.2,72.88,2.243,34.16,0
4588,943.8,54.46,1.122,40.18,0
4589,470.8,52.94,3.708,36.68,0
4590,284.3,55.76,1.451,34.72,0
4591,184.0,93.56,1.442,27.28,1
4592,1049.2,78.95,1.841,31.94,1
4593,676.9,37.49,1.683,25.51,0
4594,137.0,28.59,1.028,50.1,0
4595,416.2,49.48,4.079,41.29,0
4596,132.2,25.9,2.031,35.64,0
4597,161.6,24.36,3.989,33.22,0
4598,307.6,55.19,4.637,26.18,0
4599,172.2,87.92,1.93,35.29,1
4600,483.5,24.25,2.668,39.91,0
4601,272.6,43.89,1.304,39.95,0
4602,371.5,82.64,3.553,33.99,0
4603,35.4,38.1,2.195,42.64,0
4604,244.2,70.08,2.497,36.59,0
4605,336.0,65.05,1.278,42.66,0
4606,320.9,81.93,1.687,37.66,1
4607,82.9,27.38,2.616,45.19,0
4608,897.2,78.22,2.917,31.85,1
4609,485.7,58.62,1.849,41.55,0
4610,367.2,59.0,2.674,42.23,0
4611,379.6,58.26,0.384,44.22,0
4612,504.2,66.9,3.138,32.0,1
4613,235.5,68.75,2.668,36.69,0
4614,318.2,24.38,2.253,48.58,0
4615,142.6,54.87,0.592,43.37,0
4616,318.1,66.61,4.664,31.41,1
4617,644.8,36.14,1.186,30.33,0
4618,838.4,84.22,1.681,27.6,1
4619,344.1,29.48,2.148,47.66,0
4620,441.7,62.46,1.261,32.91,0
4621,167.4,36.76,1.104,51.39,0
4622,227.0,45.09,2.149,34.2,0
4623,389.0,38.88,2.128,36.78,0
4624,524.4,78.55,0.749,33.91,0
4625,506.5,68.48,4.488,41.45,0
4626,161.1,75.79,1.442,39.07,0
4627,203.9,51.3,0.815,37.63,0
4628,537.3,22.23,1.448,26.41,0
4629,438.6,89.59,3.105,45.44,1
4630,732.5,60.17,2.573,37.28,1
4631,200.7,46.18,1.633,27.05,1
4632,345.1,60.15,4.487,41.22,0
4633,654.1,56.43,1.378,40.91,0
4634,698.4,55.8,1.244,33.68,0
4635,312.1,23.72,0.962,34.03,0
4636,146.4,56.09,1.759,40.65,0
4637,71.5,82.95,0.651,39.57,0
4638,383.7,42.23,2.077,40.52,0
4639,338.5,24.42,0.933,26.02,0
4640,406.7,25.7,1.332,42.07,0
4641,192.8,66.52,2.827,28.69,0
4642,384.9,22.07,3.02,42.04,0
4643,845.1,32.94,1.012,36.85,0
4644,1435.4,50.93,1.48,31.34,1
4645,157.7,81.55,1.752,44.22,0
4646,293.5,48.87,1.687,40.17,0
4647,383.7,66.1,4.085,42.43,0
4648,113.0,50.95,4.155,40.18,0
4649,685.2,46.14,2.018,34.49,0
4650,293.7,91.29,1.472,35.78,1
4651,612.0,68.24,1.831,44.87,0
4652,343.1,51.91,4.652,36.23,0
4653,494.6,92.62,2.675,34.49,1
4654,436.8,57.0,1.644,24.66,1
4655,205.8,55.09,1.967,40.93,0
4656,400.3,37.58,2.139,44.42,0
4657,241.5,53.7,2.349,39.45,0
4658,104.0,61.27,1.616,23.31,0
4659,835.3,80.66,1.328,32.1,1
4660,471.6,30.29,1.212,36.89,0
4661,938.7,87.65,3.018,39.08,0
4662,992.8,58.31,1.099,41.62,0
4663,175.7,77.37,2.404,29.33,1
4664,55.6,13.15,4.737,43.46,0
4665,811.9,74.63,1.881,35.18,1
4666,248.7,63.23,2.888,29.68,0
4667,481.2,38.03,1.692,40.25,0
4668,98.9,34.52,2.422,39.03,0
4669,92.6,45.32,0.952,30.59,0
4670,305.3,82.9,2.451,33.25,1
4671,504.9,36.61,1.124,35.39,0
4672,91.2,50.33,1.815,29.28,0
4673,654.0,65.5,1.546,41.19,0
4674,292.3,76.3,2.718,38.26,1
4675,392.1,29.32,1.555,35.79,0
4676,287.6,43.84,1.078,25.47,0
4677,192.0,28.14,3.751,29.8,0
4678,65.5,17.96,3.05,38.43,0
4679,278.6,81.49,2.806,48.49,0
4680,158.6,68.29,3.323,31.72,0
4681,323.2,36.11,1.717,40.82,0
4682,247.0,51.88,1.804,42.66,0
4683,497.7,88.12,1.47,33.11,1
4684,397.0,60.81,1.402,28.65,0
4685,174.5,36.62,1.813,35.74,0
4686,822.8,87.47,3.082,38.84,1
4687,177.3,52.72,1.442,38.77,0
4688,39.0,46.54,1.071,28.85,0
4689,87.5,65.54,1.05,40.68,0
4690,252.7,94.01,1.103,35.23,0
4691,341.3,55.74,3.527,27.0,0
4692,627.1,47.94,1.489,30.59,0
4693,580.4,45.96,1.082,41.39,0
4694,362.9,70.72,1.684,43.75,0
4695,664.2,35.4,2.309,43.73,0
4696,267.7,71.07,3.327,44.06,0
4697,355.8,86.06,1.592,29.67,0
4698,386.2,68.61,3.289,36.5,0
4699,629.5,70.78,0.802,31.31,0
4700,331.6,70.36,1.696,33.63,0
4701,153.1,82.73,1.836,30.76,1
4702,668.1,61.9,1.567,47.65,0
4703,511.0,30.4,6.445,36.95,0
4704,997.5,63.76,2.923,29.68,1
4705,479.4,45.84,3.805,46.31,0
4706,141.4,80.0,1.411,33.29,0
4707,367.7,63.24,6.375,47.16,0
4708,371.8,42.24,2.768,43.37,0
4709,526.8,49.58,2.88,44.01,0
4710,253.1,71.35,2.466,48.98,0
4711,508.9,40.97,1.686,44.02,0
4712,195.3,85.43,1.733,26.92,0
4713,94.6,34.0,2.919,34.44,0
4714,606.7,55.65,2.022,33.79,1
4715,846.7,88.1,2.639,45.07,0
4716,428.3,95.41,4.956,39.27,1
4717,318.0,62.82,2.154,30.45,0
4718,210.7,49.13,3.94,44.16,0
4719,10.5,74.23,1.875,30.96,0
4720,715.6,71.05,3.69,38.81,1
4721,854.9,85.37,3.945,29.76,1
4722,124.8,35.34,0.777,29.75,0
4723,632.0,35.28,1.171,40.34,0
4724,1356.8,64.0,5.254,39.88,1
4725,457.1,71.53,1.957,37.38,1
4726,486.6,64.98,1.415,30.49,0
4727,426.9,33.52,1.44,35.52,0
4728,404.8,51.78,2.201,40.71,0
4729,512.5,70.29,2.572,32.72,1
4730,498.4,57.61,1.01,31.95,0
4731,206.8,76.43,4.727,30.66,0
4732,593.4,67.35,1.002,32.15,0
4733,203.5,70.64,2.951,37.31,0
4734,1076.7,41.94,2.123,32.81,0
4735,740.8,29.05,1.531,35.12,0
4736,141.4,58.4,0.846,48.85,0
4737,449.5,86.39,4.321,32.67,1
4738,299.4,75.38,3.031,42.63,0
4739,160.9,44.68,1.348,32.54,0
4740,466.1,38.07,1.92,42.76,0
4741,302.2,38.6,2.853,37.44,0
4742,467.0,23.02,1.034,39.38,0
4743,153.7,59.51,2.417,41.06,0
4744,316.6,67.98,0.955,31.65,0
4745,757.1,31.14,3.922,37.26,0
4746,232.7,81.82,8.225,36.25,1
4747,603.2,66.7,1.84,49.77,0
4748,215.2,70.64,1.786,31.79,0
4749,655.6,60.68,1.874,33.87,0
4750,56.6,16.51,1.565,40.67,0
4751,161.5,78.74,7.282,31.86,0
4752,128.9,73.93,2.23,36.39,0
4753,725.7,76.57,7.299,45.56,1
4754,227.2,31.9,3.568,36.71,0
4755,513.6,12.73,5.245,45.82,0
4756,335.7,45.72,0.763,37.64,0
4757,251.9,55.68,1.769,38.08,0
4758,244.6,30.58,2.327,36.49,0
4759,193.4,70.24,1.031,42.09,0
4760,272.3,18.87,1.253,38.85,0
4761,174.2,36.89,1.095,38.75,0
4762,282.6,83.72,2.38,42.15,1
4763,299.0,21.83,2.057,47.01,0
4764,431.5,66.2,0.979,39.36,0
4765,188.0,56.52,1.195,28.95,0
4766,403.7,58.71,1.845,40.54,0
4767,328.0,79.41,2.117,39.76,0
4768,237.8,60.5,4.198,48.86,0
4769,769.3,93.24,1.034,30.41,1
4770,1106.6,48.91,2.847,38.06,0
4771,511.5,27.94,2.959,40.0,0
4772,404.8,59.47,3.001,36.34,0
4773,1382.1,34.84,1.645,30.96,0
4774,592.6,45.78,1.39,56.57,0
4775,237.9,82.44,1.156,40.34,0
4776,240.9,34.58,1.712,37.73,0
4777,510.8,28.59,0.906,27.39,0
4778,1238.4,73.37,2.729,37.89,1
4779,84.6,73.46,2.397,35.36,0
4780,475.3,95.08,1.056,45.03,1
4781,168.4,53.58,2.844,37.73,1
4782,80.1,89.36,1.305,31.44,0
4783,66.8,64.34,2.563,40.34,0
4784,590.9,54.12,2.123,46.89,0
4785,388.1,74.2,1.966,32.81,1
4786,368.3,10.19,1.402,36.74,0
4787,717.3,62.21,2.477,46.43,0
4788,136.1,52.89,0.874,46.61,0
4789,248.1,50.13,1.62,39.79,0
4790,207.5,23.15,4.395,36.85,0
4791,1094.0,73.48,1.222,46.91,0
4792,245.9,46.48,2.001,39.06,0
4793,390.0,40.96,3.391,31.94,1
4794,540.6,64.82,2.317,44.7,0
4795,223.1,66.37,1.641,30.11,1
4796,371.0,65.57,1.147,29.67,1
4797,821.1,74.6,1.925,36.37,0
4798,627.5,59.17,1.07,45.54,1
4799,221.9,64.7,3.024,31.99,0
4800,776.1,84.51,4.107,28.22,1
4801,158.1,78.16,3.408,37.98,1
4802,338.4,30.15,1.129,42.79,0
4803,516.1,62.33,1.216,35.67,0
4804,592.0,29.42,3.098,39.14,0
4805,158.4,57.64,1.689,38.12,0
4806,413.9,53.8,2.909,46.91,0
4807,402.3,81.94,2.771,41.79,0
4808,452.8,68.06,1.765,42.08,0
4809,240.7,35.77,2.455,39.59,0
4810,936.9,31.38,1.23,45.27,0
4811,320.4,82.17,4.303,31.29,1
4812,113.9,32.74,3.326,26.73,0
4813,35.8,51.09,1.332,46.17,0
4814,334.0,54.32,2.799,34.93,0
4815,250.3,67.07,9.164,33.24,0
4816,317.8,46.19,1.994,35.5,0
4817,297.2,54.63,1.449,37.97,0
4818,299.5,63.15,0.594,29.35,0
4819,211.2,39.09,1.857,38.34,0
4820,1063.9,83.37,2.992,32.18,1
4821,821.7,85.87,1.489,28.5,0
4822,196.9,71.42,1.686,42.08,0
4823,512.1,51.93,2.099,43.79,0
4824,363.7,49.38,3.666,32.45,0
4825,230.9,76.11,2.849,49.28,0
4826,265.7,64.05,1.104,35.26,0
4827,151.7,59.95,0.988,30.53,0
4828,302.1,57.89,2.525,51.19,0
4829,482.2,32.45,0.925,40.88,0
4830,292.5,26.09,2.615,41.6,0
4831,622.4,69.08,1.178,44.44,0
4832,248.9,71.11,0.721,27.26,0
4833,339.0,33.29,3.076,38.21,0
4834,395.8,39.97,2.179,28.5,0
4835,814.0,48.46,1.395,32.23,0
4836,617.3,80.93,5.191,34.53,1
4837,860.7,66.24,1.257,38.0,0
4838,310.1,51.93,0.936,47.55,0
4839,478.6,47.4,7.914,32.78,0
4840,506.5,23.3,2.421,44.33,0
4841,163.5,83.82,2.756,30.19,1
4842,199.0,73.32,3.423,47.33,0
4843,216.7,48.72,6.889,40.94,0
4844,355.8,17.63,0.499,41.66,0
4845,40.1,7.21,1.263,39.79,0
4846,369.1,81.27,2.337,44.03,0
4847,539.3,7.96,1.56,35.84,1
4848,303.9,27.76,1.962,39.95,0
4849,129.5,82.16,1.616,31.88,1
4850,743.4,51.81,4.319,32.51,0
4851,468.9,30.47,2.396,38.16,0
4852,246.4,30.86,0.417,45.48,0
4853,19.9,13.43,1.925,33.34,0
4854,423.9,38.76,4.528,33.97,0
4855,283.9,27.57,1.326,40.96,0
4856,367.2,51.32,0.933,49.65,0
4857,347.0,13.63,5.053,37.31,0
4858,114.7,73.34,3.206,40.51,0
4859,513.7,62.73,1.292,58.54,0
4860,184.1,66.16,1.864,45.92,0
4861,602.9,53.59,1.871,39.58,0
4862,580.0,52.23,1.652,40.87,0
4863,555.5,26.19,0.656,28.88,0
4864,503.7,29.66,1.574,41.9,0
4865,1892.3,50.04,1.928,34.51,1
4866,431.8,50.72,2.691,36.04,0
4867,81.7,62.9,1.192,30.49,0
4868,318.7,46.52,3.33,40.74,0
4869,208.2,84.85,0.665,30.42,1
4870,231.5,24.3,1.952,33.08,0
4871,208.3,43.16,1.651,27.75,0
4872,306.1,45.23,1.263,31.24,0
4873,614.0,22.22,2.774,34.7,0
4874,76.6,37.81,2.815,32.46,0
4875,961.1,30.91,2.106,35.21,0
4876,118.3,31.15,2.584,35.24,0
4877,359.7,17.95,2.867,36.45,0
4878,155.4,35.99,2.418,33.04,0
4879,612.4,43.8,4.05,45.11,0
4880,241.0,37.43,1.139,32.61,0
4881,166.1,57.63,3.083,30.69,0
4882,227.8,29.21,0.934,34.11,0
4883,822.4,31.16,2.085,32.76,0
4884,678.4,52.53,4.158,37.21,0
4885,706.9,30.45,1.303,35.56,0
4886,478.0,59.56,1.888,41.22,0
4887,548.9,55.46,4.669,36.16,0
4888,271.5,32.23,5.11,30.85,0
4889,139.5,32.96,4.764,39.17,0
4890,369.7,75.41,7.014,29.93,0
4891,387.1,58.86,1.718,42.75,0
4892,467.0,87.74,1.309,39.92,0
4893,762.2,56.25,1.492,32.43,0
4894,385.1,21.69,2.182,48.23,0
4895,519.4,55.11,5.137,45.73,0
4896,627.8,72.75,2.226,37.85,1
4897,118.8,69.82,0.76,42.83,0
4898,452.9,55.59,2.704,30.25,0
4899,125.1,43.32,1.242,35.92,0
4900,34.2,68.39,2.704,32.12,0
4901,768.0,50.58,3.222,34.93,0
4902,230.7,53.08,1.035,43.17,0
4903,838.5,52.65,1.597,46.25,0
4904,295.2,34.0,2.267,32.21,0
4905,1013.6,14.2,1.412,40.26,0
4906,323.3,81.08,3.484,22.07,1
4907,669.9,8.98,2.651,40.56,0
4908,308.1,61.14,0.782,40.84,0
4909,622.9,48.75,3.712,36.51,0
4910,401.1,34.99,1.938,42.36,0
4911,549.4,64.36,0.732,42.66,0
4912,1111.6,54.37,4.114,38.67,1
4913,462.5,32.82,2.642,22.17,0
4914,462.5,83.22,3.214,31.39,1
4915,273.6,33.94,2.148,42.66,0
4916,177.4,45.57,0.661,50.2,0
4917,331.6,70.65,1.323,46.15,0
4918,315.6,30.76,3.081,32.11,0
4919,766.4,88.59,1.327,34.59,1
4920,855.0,36.95,2.901,44.23,0
4921,354.2,68.92,2.072,40.68,1
4922,342.3,72.03,1.28,30.5,0
4923,1252.4,32.94,3.505,32.77,1
4924,827.5,36.07,1.001,31.98,0
4925,198.0,53.84,1.09,37.24,0
4926,791.7,38.57,3.101,41.35,0
4927,472.6,51.61,0.864,40.85,0
4928,486.4,42.47,1.427,46.03,0
4929,959.4,48.87,6.486,35.55,0
4930,239.6,36.22,2.811,27.04,0
4931,581.3,60.8,2.952,44.71,0
4932,112.8,51.91,1.53,39.37,0
4933,650.9,59.9,2.609,32.78,1
4934,526.2,43.41,1.336,43.71,0
4935,476.3,77.69,2.331,22.7,0
4936,203.8,70.7,2.902,39.77,1
4937,979.1,48.43,1.274,40.67,0
4938,446.7,23.94,1.87,40.33,0
4939,59.0,54.81,2.93,30.6,0
4940,202.8,61.86,5.224,29.46,0
4941,1071.7,76.55,3.089,39.0,1
4942,332.6,92.12,1.72,41.52,0
4943,264.0,76.7,1.53,44.26,0
4944,245.0,18.35,1.372,38.26,0
4945,332.9,91.56,3.388,28.38,1
4946,454.6,56.98,3.522,34.17,0
4947,373.0,58.35,3.36,43.84,1
4948,1030.9,66.93,1.51,37.7,0
4949,307.9,20.01,1.812,39.1,0
4950,566.1,91.39,2.355,49.92,1
4951,690.2,47.19,1.93,36.74,0
4952,159.3,44.06,3.384,27.14,0
4953,888.4,55.95,5.484,44.01,0
4954,174.5,60.66,2.062,38.63,0
4955,240.9,76.0,2.959,44.24,0
4956,1075.8,86.37,1.722,35.17,1
4957,175.4,38.45,1.394,44.84,0
4958,614.4,44.8,0.878,49.91,0
4959,428.8,52.75,3.427,31.38,1
4960,692.8,92.41,3.279,40.28,1
4961,710.4,19.75,1.152,35.92,0
4962,222.1,54.33,1.107,49.5,0
4963,455.2,52.02,1.281,39.31,0
4964,709.1,82.81,3.849,44.45,1
4965,481.9,18.78,3.935,33.2,0
4966,318.7,44.16,1.133,39.85,0
4967,429.3,35.75,2.095,47.5,0
4968,208.0,64.71,1.6,35.64,0
4969,549.1,41.64,2.522,30.31,0
4970,41.7,76.54,2.062,39.85,0
4971,514.3,39.86,0.783,36.87,0
4972,537.6,25.77,1.344,41.82,0
4973,454.7,24.5,1.156,36.72,0
4974,733.2,49.27,4.308,41.41,0
4975,120.6,55.38,1.113,45.64,0
4976,973.3,66.54,5.064,45.6,0
4977,581.4,47.59,3.126,34.72,0
4978,296.9,51.54,2.427,40.7,0
4979,316.4,69.53,0.644,33.05,0
4980,271.2,74.17,4.192,43.83,0
4981,441.8,53.83,1.035,37.75,0
4982,215.0,66.3,2.502,24.49,1
4983,600.2,79.18,1.052,44.86,0
4984,226.3,55.31,7.898,33.23,0
4985,692.1,59.08,4.512,37.08,1
4986,226.5,73.31,2.517,30.02,1
4987,165.7,47.58,1.673,41.72,0
4988,535.1,60.33,2.701,38.96,1
4989,163.4,17.88,1.229,19.13,0
4990,706.7,43.92,0.4,34.44,0
4991,474.7,67.94,3.489,40.05,0
4992,82.6,54.0,1.114,32.96,0
4993,320.9,93.63,1.859,34.74,1
4994,308.1,57.64,3.699,43.36,0
4995,263.6,75.44,5.703,35.12,1
4996,600.9,67.01,1.428,33.23,0
4997,267.7,61.07,1.387,35.96,0
4998,605.5,40.72,3.533,34.42,0
4999,260.5,67.21,1.171,37.99,0
5000,525.4,16.4,2.136,40.38,0
5001,290.8,6.91,2.876,42.97,0
5002,883.2,57.26,1.689,51.18,0
5003,143.2,51.46,3.102,32.43,0
5004,443.8,63.43,2.335,37.28,1
5005,466.2,56.89,2.546,37.74,0
5006,306.5,74.78,4.23,41.98,0
5007,532.0,69.0,1.413,44.59,0
5008,475.6,86.41,2.564,50.22,0
5009,279.0,84.93,3.49,35.1,0
5010,493.2,53.54,2.686,39.38,0
5011,335.0,78.14,0.78,34.35,0
5012,733.7,34.54,0.982,43.15,0
5013,68.6,42.66,3.166,33.65,0
5014,58.3,82.01,2.053,32.46,0
5015,379.7,17.53,2.171,30.5,0
5016,250.5,63.93,2.793,39.7,0
5017,1030.6,76.94,2.129,46.64,0
5018,522.5,30.14,1.735,46.63,0
5019,185.4,41.5,1.274,45.73,0
5020,277.4,50.13,2.018,36.92,0
5021,341.0,38.92,1.783,37.5,0
5022,348.8,57.02,1.742,50.22,0
5023,533.7,46.94,2.566,35.5,0
5024,615.4,57.93,2.39,37.99,0
5025,66.4,48.88,2.327,39.21,0
5026,247.2,63.76,4.921,51.98,0
5027,565.5,63.8,6.146,37.88,0
5028,793.3,39.58,4.463,34.66,0
5029,495.1,87.0,3.272,46.85,0
5030,217.3,67.94,1.631,41.92,0
5031,356.1,32.53,2.258,29.24,1
5032,215.0,23.56,2.996,34.44,0
5033,978.6,88.48,3.066,48.0,1
5034,171.6,10.21,10.848,40.32,0
5035,171.4,79.23,1.388,32.08,0
5036,428.4,42.48,2.475,47.54,0
5037,163.3,70.04,3.142,39.88,0
5038,238.0,69.1,1.778,47.08,0
5039,189.0,57.18,2.897,31.18,0
5040,379.7,89.5,2.373,45.27,1
5041,1031.9,32.38,2.06,34.06,0
5042,445.0,61.79,0.952,44.19,0
5043,362.2,48.08,1.238,46.98,0
5044,682.9,30.29,5.087,34.11,0
5045,311.1,12.3,0.961,39.17,0
5046,627.9,70.65,3.426,32.81,0
5047,667.5,61.4,2.129,37.82,0
5048,296.4,36.74,1.944,33.73,0
5049,191.7,75.76,1.328,27.43,1
5050,247.6,51.23,7.087,44.77,0
5051,298.4,65.12,1.356,32.45,0
5052,479.3,34.44,1.626,23.22,0
5053,507.2,66.36,0.913,31.03,1
5054,185.0,36.62,3.453,38.31,0
5055,215.3,24.36,1.168,31.95,0
5056,107.3,31.66,1.921,27.1,0
5057,734.5,73.58,1.372,37.11,0
5058,910.4,83.04,0.823,43.36,1
5059,410.5,71.45,2.865,49.09,0
5060,261.7,62.22,1.755,37.59,0
5061,720.7,55.65,4.51,33.92,0
5062,303.0,70.59,1.561,39.59,0
5063,101.5,46.74,2.339,39.53,0
5064,207.2,33.94,1.429,32.35,0
5065,277.9,61.85,3.065,34.36,0
5066,243.5,86.15,6.45,45.64,1
5067,481.9,40.43,1.579,31.0,0
5068,400.9,84.27,1.369,37.82,0
5069,411.0,66.99,2.97,36.02,0
5070,174.7,79.6,1.044,41.2,0
5071,225.8,66.28,3.277,34.58,0
5072,293.6,81.95,2.342,45.42,1
5073,300.6,44.15,4.269,29.28,0
5074,192.6,45.76,1.889,39.27,0
5075,597.0,53.24,5.106,39.86,0
5076,318.3,17.95,1.549,34.68,0
5077,548.6,63.88,2.585,36.42,0
5078,213.5,37.74,1.882,26.27,0
5079,206.9,44.22,1.961,36.95,0
5080,506.6,73.17,1.855,36.8,0
5081,984.0,55.87,3.198,31.71,0
5082,293.6,13.81,1.148,43.62,0
5083,606.2,75.35,8.135,28.47,1
5084,260.1,75.09,1.911,42.79,0
5085,684.9,27.98,2.018,41.89,0
5086,97.0,78.76,0.934,49.79,0
5087,388.9,58.47,2.157,45.96,0
5088,139.0,54.83,2.129,40.7,0
5089,74.5,61.99,1.664,35.76,0
5090,219.9,23.51,4.525,40.73,0
5091,349.7,38.28,1.326,51.65,0
5092,902.3,39.98,3.43,38.27,0
5093,311.9,58.36,2.966,38.56,0
5094,183.8,76.16,4.568,44.68,0
5095,509.8,51.42,0.646,44.28,0
5096,257.9,16.17,0.978,36.02,0
5097,334.4,86.05,2.468,38.16,1
5098,466.4,36.4,2.414,34.3,0
5099,517.0,40.08,4.084,26.68,0
5100,144.8,33.38,2.476,43.08,0
5101,226.1,72.27,2.075,36.5,0
5102,407.0,43.57,2.629,30.9,0
5103,91.2,32.53,1.698,40.02,0
5104,226.4,17.6,0.618,33.26,0
5105,340.9,45.0,1.53,40.7,0
5106,464.1,61.39,2.022,41.27,0
5107,130.4,66.86,1.71,39.24,0
5108,598.1,44.34,2.478,39.99,0
5109,627.2,75.6,1.663,41.65,0
5110,134.5,77.58,1.513,26.8,0
5111,278.7,68.58,5.065,33.8,0
5112,306.4,60.28,2.829,34.74,1
5113,226.2,43.64,4.543,37.49,0
5114,529.3,28.24,2.829,42.13,0
5115,610.5,78.01,2.276,41.06,0
5116,499.2,35.64,1.261,33.68,0
5117,651.2,52.57,1.31,38.83,0
5118,428.3,58.95,2.151,48.57,0
5119,283.0,13.47,1.266,20.27,0
5120,327.0,66.87,1.734,43.81,0
5121,486.2,83.32,0.977,47.62,0
5122,628.4,56.44,5.252,34.73,0
5123,520.2,52.06,2.08,33.61,1
5124,444.7,30.95,1.789,41.27,0
5125,1129.6,10.06,0.794,31.34,0
5126,448.3,68.82,3.154,47.28,0
5127,440.9,54.58,1.463,36.42,0
5128,167.0,76.39,0.751,34.15,0
5129,336.0,57.19,4.998,45.09,0
5130,1454.0,83.12,2.357,36.01,1
5131,593.6,31.65,2.272,33.68,0
5132,196.3,19.26,1.738,48.76,0
5133,263.6,79.17,1.54,37.63,0
5134,53.8,60.4,2.047,44.48,0
5135,104.1,55.42,2.672,33.72,0
5136,670.6,44.13,0.964,44.32,0
5137,253.1,74.58,2.713,30.14,1
5138,866.8,55.82,7.747,33.35,0
5139,327.6,27.54,1.312,41.09,0
5140,287.5,92.15,1.018,26.85,1
5141,724.1,73.63,4.73,33.03,1
5142,460.7,18.79,5.048,41.82,0
5143,352.6,35.84,1.917,28.04,0
5144,472.9,56.61,5.294,38.04,1
5145,388.5,45.85,2.743,39.51,0
5146,802.5,28.23,2.098,46.06,0
5147,226.0,39.25,0.828,33.82,0
5148,252.9,89.08,3.326,34.9,1
5149,351.9,39.92,2.833,35.02,0
5150,625.4,60.68,2.501,41.58,0
5151,625.7,73.69,0.786,45.25,0
5152,694.6,39.33,1.808,38.75,0
5153,372.9,65.31,1.0,32.04,0
5154,354.4,68.81,4.083,27.51,1
5155,102.4,35.8,1.511,47.84,0
5156,221.2,34.16,1.088,38.16,0
5157,278.2,59.54,3.756,32.25,0
5158,688.2,77.74,2.205,33.99,0
5159,174.6,56.34,1.993,48.0,0
5160,817.5,79.38,1.781,24.34,1
5161,72.3,54.13,1.744,29.15,0
5162,813.9,71.61,3.968,39.51,1
5163,462.0,48.59,1.322,40.11,0
5164,131.6,27.32,1.953,44.55,0
5165,258.8,57.51,1.059,53.7,0
5166,148.8,50.18,1.031,32.63,0
5167,241.0,63.99,2.104,40.73,1
5168,100.5,86.25,1.877,42.19,0
5169,481.2,22.88,1.592,51.22,0
5170,833.4,51.95,3.18,25.74,0
5171,567.5,10.64,2.571,54.98,0
5172,247.5,53.52,2.188,34.21,0
5173,112.9,93.34,1.775,46.92,0
5174,580.8,31.38,3.768,38.56,0
5175,170.1,48.02,2.07,37.21,0
5176,866.7,34.18,1.711,37.49,0
5177,477.7,85.27,2.189,51.13,1
5178,598.6,73.36,1.521,38.67,0
5179,251.8,59.81,2.104,35.87,0
5180,462.5,55.87,2.08,39.66,0
5181,554.5,51.03,2.639,23.79,1
5182,939.0,58.02,1.27,59.54,0
5183,903.3,72.45,1.455,38.3,1
5184,1392.4,39.34,2.339,28.36,0
5185,511.9,37.8,1.112,37.23,0
5186,345.9,21.15,1.453,34.59,0
5187,90.9,31.73,1.717,49.67,0
5188,153.7,84.62,3.193,44.1,0
5189,1159.4,53.33,1.967,48.9,0
5190,651.6,23.98,2.559,34.4,0
5191,433.1,43.07,2.069,44.08,0
5192,475.6,52.23,0.841,34.72,0
5193,126.2,53.67,1.474,43.95,0
5194,864.6,35.21,1.37,36.8,0
5195,207.0,22.06,2.394,46.7,0
5196,305.8,36.35,0.998,34.32,0
5197,318.7,57.87,3.225,29.46,0
5198,325.7,57.06,1.19,26.95,0
5199,914.2,62.35,2.383,35.27,0
5200,867.8,73.78,1.483,30.84,1
5201,400.7,31.03,5.104,38.97,0
5202,417.6,62.08,1.429,36.47,1
5203,395.0,68.08,1.912,31.77,0
5204,443.4,45.95,1.089,40.97,0
5205,159.9,78.64,1.633,28.39,0
5206,342.2,95.53,2.083,50.13,1
5207,579.4,40.81,1.139,37.96,0
5208,170.3,80.28,0.792,40.0,0
5209,360.0,34.87,3.25,39.04,0
5210,677.8,24.53,1.985,32.56,0
5211,403.4,61.7,0.724,43.48,0
5212,78.6,50.55,0.575,39.09,0
5213,339.9,47.99,4.454,38.27,0
5214,639.5,83.13,1.137,40.21,0
5215,760.9,46.82,1.966,36.3,0
5216,931.9,66.35,0.743,39.22,1
5217,182.6,22.14,3.983,24.37,1
5218,652.5,91.37,2.491,35.82,1
5219,532.0,48.06,1.697,41.07,0
5220,597.6,53.49,1.146,32.5,1
5221,602.2,52.45,2.976,38.94,0
5222,354.6,88.31,1.106,43.59,0
5223,500.6,56.71,1.669,27.18,0
5224,566.8,65.05,1.936,43.54,0
5225,838.8,82.17,5.318,45.32,1
5226,487.2,88.71,1.588,36.51,1
5227,673.9,65.11,8.678,30.8,1
5228,148.2,11.32,1.529,30.31,0
5229,205.6,49.93,1.783,34.98,0
5230,953.5,22.14,2.986,36.62,0
5231,415.6,60.88,0.938,39.18,0
5232,392.4,94.31,1.659,45.1,0
5233,511.8,59.97,2.02,35.46,0
5234,385.9,38.44,2.331,36.63,0
5235,794.4,46.21,1.812,38.94,0
5236,282.7,77.25,1.956,47.16,0
5237,665.9,69.31,0.462,46.98,0
5238,446.0,30.89,1.862,34.26,0
5239,1235.6,67.37,3.832,30.92,1
5240,416.6,90.3,0.959,38.69,0
5241,82.7,42.77,2.392,37.2,0
5242,932.4,60.39,2.446,45.18,0
5243,440.3,96.15,0.896,39.66,1
5244,310.7,67.7,2.173,38.57,0
5245,99.1,57.48,7.104,36.98,0
5246,153.0,85.75,2.956,31.26,0
5247,365.6,68.06,0.845,35.0,1
5248,252.6,80.18,1.629,50.0,0
5249,289.0,58.64,2.161,33.01,0
5250,356.7,30.72,2.803,30.97,0
5251,614.4,41.31,1.675,30.18,0
5252,365.8,71.91,2.076,35.33,0
5253,533.8,33.25,4.819,36.61,0
5254,211.1,97.5,1.38,51.68,1
5255,1099.2,81.62,3.881,47.8,0
5256,432.2,58.31,1.408,42.12,0
5257,182.0,23.05,1.249,37.24,0
5258,184.5,89.91,1.899,36.92,1
5259,709.0,88.43,3.2,38.52,1
5260,416.1,42.68,1.729,40.8,0
5261,344.4,70.9,2.132,31.25,1
5262,94.2,47.21,1.044,22.59,0
5263,114.0,72.97,2.095,38.16,0
5264,192.9,60.22,1.781,43.03,0
5265,94.8,21.68,2.421,35.21,0
5266,1098.6,41.12,3.362,35.38,0
5267,486.0,53.92,1.727,29.07,0
5268,590.0,79.26,1.932,44.31,0
5269,501.6,78.78,1.751,36.71,1
5270,125.9,42.18,4.072,35.64,0
5271,390.6,62.65,2.234,37.49,0
5272,738.5,47.8,3.629,41.63,0
5273,312.9,39.87,4.631,40.37,0
5274,840.2,73.02,1.674,34.99,1
5275,233.1,52.88,3.352,53.22,0
5276,1141.5,74.94,2.533,39.21,1
5277,360.4,75.45,4.101,37.28,0
5278,903.6,41.65,1.734,37.06,0
5279,229.1,32.72,1.303,52.84,0
5280,109.4,68.16,1.888,46.1,0
5281,118.6,64.18,5.534,43.14,0
5282,316.8,31.96,2.725,46.37,0
5283,185.1,18.68,2.198,45.53,0
5284,512.5,20.99,1.125,47.73,0
5285,747.0,73.41,3.171,34.91,1
5286,93.8,52.96,1.027,41.87,0
5287,421.0,75.01,2.772,46.71,0
5288,434.2,66.49,2.621,42.77,0
5289,918.4,69.28,2.594,36.22,0
5290,206.6,36.31,3.15,35.74,0
5291,169.0,6.71,1.945,23.91,0
5292,236.6,94.17,3.988,51.35,0
5293,69.9,33.51,1.125,28.51,0
5294,207.3,41.11,1.872,33.83,0
5295,150.6,85.31,1.568,32.2,0
5296,511.4,32.11,1.22,31.76,0
5297,261.8,44.27,2.409,41.38,0
5298,501.2,83.76,1.428,31.16,1
5299,451.0,31.61,4.061,36.71,0
5300,265.2,38.48,1.554,37.47,0
5301,245.3,88.28,1.772,36.03,0
5302,104.2,34.18,1.231,43.63,0
5303,251.9,27.8,1.054,36.64,0
5304,469.4,78.58,7.274,40.16,1
5305,433.5,63.19,1.678,36.11,0
5306,436.0,58.95,4.148,28.69,0
5307,431.0,4.7,0.754,36.56,0
5308,192.4,42.46,1.344,34.26,0
5309,579.1,58.21,1.088,27.63,0
5310,734.4,90.64,0.535,40.12,1
5311,786.4,91.98,3.717,38.28,1
5312,351.4,74.87,2.626,48.45,0
5313,408.9,26.66,2.416,35.52,0
5314,473.6,70.48,0.88,30.93,1
5315,128.8,82.83,3.442,29.55,1
5316,401.6,17.71,3.326,41.64,0
5317,404.0,71.26,12.591,41.56,0
5318,503.9,61.29,2.384,32.64,0
5319,955.9,54.95,1.421,35.03,0
5320,237.1,99.33,1.165,40.1,0
5321,319.7,40.86,1.93,24.3,0
5322,485.9,37.79,2.618,42.15,0
5323,648.3,48.72,3.127,28.83,0
5324,384.7,81.75,5.902,43.47,1
5325,329.7,70.67,2.114,39.29,0
5326,600.0,54.05,1.782,22.47,0
5327,78.3,53.98,2.516,45.22,0
5328,335.3,72.8,2.453,25.21,1
5329,1392.8,27.97,1.478,44.58,0
5330,65.2,55.44,5.881,34.58,0
5331,136.7,48.41,2.128,35.45,0
5332,279.0,55.88,0.821,31.62,0
5333,642.4,29.88,1.41,49.91,0
5334,209.5,87.9,2.492,40.51,1
5335,897.6,26.54,1.659,44.98,0
5336,821.1,33.98,2.677,41.42,0
5337,846.6,39.56,1.063,39.42,0
5338,351.9,31.15,1.001,36.78,0
5339,209.3,36.68,1.714,40.15,0
5340,405.3,40.6,3.252,37.16,0
5341,582.7,80.74,2.437,33.31,0
5342,253.3,59.58,7.055,40.39,1
5343,219.6,19.92,2.009,40.98,0
5344,522.2,77.35,1.717,37.45,0
5345,193.0,23.95,4.399,42.0,0
5346,603.6,89.3,1.343,33.84,1
5347,522.3,80.32,1.62,35.91,0
5348,390.2,48.5,1.992,32.38,0
5349,249.7,66.19,2.258,45.69,0
5350,1108.3,42.19,2.063,48.3,0
5351,272.3,48.06,0.87,27.87,0
5352,840.1,74.84,1.165,33.94,0
5353,330.9,57.77,0.442,44.64,0
5354,807.1,48.85,2.115,39.65,0
5355,407.9,17.87,1.093,48.85,0
5356,88.6,65.39,3.665,49.48,1
5357,468.5,29.85,2.729,36.66,0
5358,356.7,42.28,3.907,39.57,0
5359,67.4,84.79,5.408,43.57,0
5360,791.8,67.2,4.684,38.03,0
5361,359.2,42.64,2.58,38.88,0
5362,533.7,55.48,3.219,47.46,0
5363,609.1,33.81,5.542,36.75,0
5364,161.1,71.72,2.229,37.96,0
5365,149.0,77.07,0.785,49.17,0
5366,446.5,64.7,2.236,37.99,0
5367,324.1,32.5,2.715,32.57,0
5368,562.4,93.29,2.547,37.57,1
5369,241.0,40.46,4.55,38.19,0
5370,699.7,83.33,1.435,31.85,1
5371,276.8,28.64,1.648,20.81,0
5372,400.2,36.57,1.467,43.34,0
5373,196.2,81.07,0.629,29.38,1
5374,298.7,59.11,2.38,44.36,0
5375,649.6,58.34,1.037,24.05,0
5376,1283.4,68.55,1.492,37.12,1
5377,321.5,34.78,2.405,40.04,0
5378,162.2,27.41,2.847,35.39,0
5379,113.2,61.16,4.219,43.49,0
5380,957.0,78.26,0.67,41.86,1
5381,134.9,19.8,3.714,34.32,0
5382,132.6,56.63,2.216,35.51,0
5383,1080.9,47.46,3.424,30.87,0
5384,1297.7,58.94,4.549,42.68,0
5385,382.7,65.45,1.465,31.7,0
5386,132.1,61.12,2.38,28.94,0
5387,227.1,52.17,1.859,37.0,0
5388,981.5,20.8,2.549,32.93,1
5389,385.4,60.59,1.221,39.86,1
5390,712.0,27.81,1.242,31.73,0
5391,406.7,76.38,1.906,28.49,1
5392,307.8,14.0,1.16,28.64,0
5393,645.6,26.32,2.489,28.62,0
5394,882.8,77.34,2.824,43.83,0
5395,491.1,39.32,1.3,30.0,0
5396,239.2,55.79,7.238,35.82,0
5397,386.0,55.05,2.279,35.16,0
5398,218.8,59.11,3.153,41.53,0
5399,232.2,89.23,1.193,42.46,0
5400,726.9,56.19,1.678,46.19,0
5401,94.6,41.16,1.668,30.59,0
5402,364.2,47.41,2.428,34.13,0
5403,472.8,57.2,2.783,32.45,0
5404,536.9,75.07,1.246,29.84,0
5405,1104.7,47.08,1.694,32.01,0
5406,197.4,29.11,2.052,51.55,0
5407,23.7,46.6,2.537,32.73,0
5408,269.6,21.26,1.92,54.01,0
5409,112.6,36.28,0.96,48.45,0
5410,591.9,21.68,3.025,38.56,0
5411,138.9,88.33,3.97,27.54,0
5412,520.4,81.5,1.498,38.16,0
5413,292.9,60.71,1.753,27.77,0
5414,1047.7,49.58,1.398,44.34,0
5415,177.9,83.25,1.635,36.31,0
5416,739.0,30.21,1.445,41.44,0
5417,518.1,42.1,3.317,35.37,0
5418,204.9,73.75,1.444,33.09,0
5419,503.8,36.95,3.499,45.2,0
5420,201.4,65.9,1.593,29.17,0
5421,502.5,19.63,1.723,43.64,0
5422,99.4,50.37,1.288,34.41,0
5423,464.2,35.5,0.696,37.96,0
5424,1154.4,69.06,2.333,28.97,0
5425,97.2,18.67,2.491,34.13,0
5426,317.4,34.59,0.981,29.21,0
5427,218.9,47.8,2.207,23.38,1
5428,160.5,75.02,2.427,31.1,0
5429,159.0,24.79,1.846,48.74,0
5430,293.4,64.33,3.234,42.09,0
5431,298.8,45.53,9.387,25.43,1
5432,587.4,94.83,1.003,41.49,0
5433,793.4,56.27,4.828,36.03,1
5434,73.7,46.52,2.443,33.02,0
5435,255.5,60.76,1.14,31.54,0
5436,156.3,59.52,2.391,25.06,0
5437,276.6,30.22,4.413,36.99,0
5438,617.4,51.03,5.109,35.05,0
5439,564.8,82.14,2.957,37.44,0
5440,356.4,38.81,2.928,40.42,0
5441,361.8,73.32,2.28,26.58,0
5442,319.6,27.95,1.922,40.51,0
5443,304.3,41.11,1.428,37.06,0
5444,349.6,36.98,3.28,36.07,0
5445,785.2,90.76,1.809,33.83,1
5446,338.4,42.52,1.38,30.42,0
5447,644.0,88.96,1.662,40.24,0
5448,595.4,73.74,5.898,43.85,0
5449,826.6,41.39,0.877,29.64,0
5450,250.7,42.61,1.946,38.79,0
5451,55.6,68.92,1.924,40.65,0
5452,475.4,71.42,4.71,35.16,0
5453,262.2,71.57,2.88,26.29,0
5454,513.2,83.97,3.641,37.84,1
5455,357.9,58.68,1.522,47.1,0
5456,188.1,29.19,2.024,45.55,0
5457,284.4,52.94,2.416,33.18,0
5458,145.5,43.06,2.138,36.29,0
5459,388.0,74.15,3.077,31.59,0
5460,161.8,25.64,1.044,35.6,0
5461,342.1,70.17,2.464,34.33,1
5462,429.8,46.05,2.572,32.11,0
5463,562.5,45.78,5.614,38.96,0
5464,387.7,34.62,1.437,32.0,0
5465,149.7,61.86,2.453,48.35,0
5466,829.9,80.39,1.628,40.88,0
5467,141.8,51.07,2.026,44.07,0
5468,237.3,45.8,2.452,41.78,0
5469,493.5,65.81,3.481,41.53,1
5470,173.9,64.41,2.587,41.02,0
5471,1141.8,41.79,6.422,37.21,0
5472,55.7,61.22,1.99,29.38,0
5473,306.5,76.7,2.962,29.71,0
5474,1087.0,49.65,2.372,46.74,0
5475,836.2,44.69,5.084,40.04,0
5476,148.3,58.36,4.92,40.7,0
5477,1048.3,91.71,5.234,28.37,1
5478,237.1,31.95,5.61,43.05,0
5479,409.3,40.51,3.97,45.62,0
5480,371.1,8.54,1.968,36.17,0
5481,738.1,75.41,0.852,41.62,0
5482,414.5,81.07,2.111,39.3,0
5483,1156.7,53.8,2.986,44.25,0
5484,433.0,68.77,1.428,35.62,0
5485,306.1,28.26,2.232,45.92,0
5486,619.8,39.74,0.833,41.35,0
5487,858.6,34.6,2.545,33.28,0
5488,608.1,43.99,3.6,44.79,0
5489,825.1,26.48,2.232,49.61,0
5490,351.8,51.0,4.949,34.42,0
5491,88.9,55.12,3.664,40.6,0
5492,197.7,39.74,2.146,36.44,0
5493,962.9,28.37,1.712,41.54,0
5494,122.5,35.76,2.421,44.34,0
5495,261.1,50.15,2.864,32.18,0
5496,193.7,40.88,2.511,36.88,0
5497,654.3,52.77,1.966,43.08,0
5498,246.4,38.62,1.173,31.82,0
5499,377.6,76.9,4.474,38.99,0
5500,255.8,59.47,1.438,34.2,0
5501,851.1,84.64,2.297,44.64,0
5502,248.9,62.34,1.604,29.76,0
5503,515.3,66.7,2.046,54.72,0
5504,276.9,61.39,1.954,40.36,0
5505,308.2,25.91,3.083,43.14,0
5506,210.0,80.6,2.765,18.54,1
5507,555.2,49.68,5.56,33.75,0
5508,179.8,58.59,0.999,44.46,0
5509,62.7,74.89,1.269,44.44,0
5510,406.2,27.41,1.477,48.78,0
5511,292.8,85.78,1.775,40.24,0
5512,246.5,38.68,1.877,37.44,0
5513,80.7,42.82,1.758,32.01,0
5514,711.2,56.72,1.343,29.95,0
5515,1304.1,47.11,2.343,49.76,0
5516,144.2,53.83,1.365,40.0,0
5517,33.8,31.74,2.553,42.04,0
5518,257.7,21.41,1.329,45.37,0
5519,807.8,71.02,1.204,27.58,1
5520,172.0,48.35,0.989,41.95,0
5521,549.3,56.66,1.497,51.85,0
5522,342.1,93.84,1.07,42.21,0
5523,238.5,41.98,1.457,36.78,0
5524,314.1,39.23,1.066,43.36,0
5525,712.2,63.95,2.938,32.21,1
5526,229.6,68.96,1.518,30.57,0
5527,797.1,82.63,1.252,35.74,0
5528,318.7,86.92,4.324,41.83,1
5529,260.2,67.34,2.703,34.98,0
5530,420.1,15.38,2.86,40.79,0
5531,235.4,68.74,1.704,28.86,0
5532,344.4,16.33,1.232,31.48,0
5533,526.1,49.29,2.454,32.72,0
5534,780.5,4.2,1.16,36.3,0
5535,716.6,55.34,5.372,32.41,1
5536,199.9,60.88,2.761,40.38,0
5537,485.3,63.57,2.86,33.23,0
5538,849.5,18.48,0.877,48.96,0
5539,265.3,68.7,3.235,43.22,0
5540,784.4,15.96,1.564,32.39,0
5541,293.6,21.45,1.748,37.39,0
5542,306.6,46.97,1.223,50.9,0
5543,838.1,88.04,1.608,38.53,0
5544,490.3,57.75,3.655,34.28,0
5545,171.6,17.01,2.043,31.14,0
5546,557.3,29.66,2.482,34.21,0
5547,1721.0,38.18,5.434,40.68,0
5548,102.4,69.76,3.533,49.96,0
5549,331.1,62.54,1.871,48.94,0
5550,439.0,18.92,1.736,31.22,0
5551,755.0,33.71,2.123,37.75,0
5552,180.7,22.72,1.855,36.37,0
5553,690.4,12.39,1.366,44.03,0
5554,381.0,24.8,5.807,36.08,0
5555,382.5,81.3,1.216,42.07,0
5556,514.9,59.33,3.656,44.11,0
5557,704.6,35.56,7.221,23.79,1
5558,200.5,34.99,2.177,33.49,0
5559,335.4,58.92,2.159,36.55,0
5560,1122.2,65.11,2.069,37.27,0
5561,715.2,84.1,2.391,30.7,1
5562,99.3,51.53,3.237,23.3,0
5563,286.9,82.91,1.094,42.08,0
5564,120.8,82.35,1.621,40.24,0
5565,330.4,66.42,3.144,36.95,0
5566,408.9,34.85,1.453,25.31,0
5567,462.0,13.26,2.641,36.01,0
5568,488.9,26.25,5.201,35.81,0
5569,1015.1,62.81,2.201,27.84,0
5570,206.1,87.44,2.747,32.14,0
5571,171.6,77.34,1.19,50.22,0
5572,433.6,53.42,1.605,43.61,0
5573,808.5,32.83,1.442,32.51,0
5574,505.2,70.43,1.566,32.4,0
5575,123.1,71.79,2.96,41.36,0
5576,312.1,41.23,0.879,44.34,0
5577,614.3,55.05,1.549,35.39,0
5578,512.0,75.51,1.336,30.0,1
5579,115.2,62.0,0.826,42.42,0
5580,271.0,48.36,3.8,33.77,0
5581,275.6,81.83,1.084,35.96,0
5582,131.6,62.47,3.549,35.01,0
5583,185.7,58.64,2.219,29.04,0
5584,534.2,9.78,2.484,36.93,0
5585,1016.5,37.15,2.861,50.71,0
5586,180.5,3.58,1.809,36.5,0
5587,333.3,64.98,5.209,27.5,1
5588,148.7,57.68,1.77,37.55,0
5589,309.6,43.77,2.726,40.68,0
5590,610.9,67.58,1.452,41.65,0
5591,409.2,68.69,1.823,26.69,1
5592,561.6,62.77,1.842,24.86,0
5593,268.7,33.52,2.444,33.09,0
5594,133.0,72.43,2.477,42.75,0
5595,188.0,47.64,2.238,31.89,0
5596,344.8,74.2,2.413,42.65,0
5597,551.9,49.7,3.163,43.02,1
5598,218.9,66.08,1.001,39.23,0
5599,382.5,91.57,1.325,32.0,0
5600,467.3,50.4,1.801,45.42,0
5601,613.3,79.58,2.2,51.25,0
5602,600.7,49.16,1.583,25.67,0
5603,1131.4,73.7,2.087,41.47,1
5604,615.9,28.43,2.707,42.19,0
5605,657.3,63.73,3.37,46.36,0
5606,94.7,51.75,3.024,34.7,0
5607,299.4,27.72,3.311,44.3,0
5608,640.8,5.44,2.005,41.48,0
5609,633.2,52.62,1.046,32.27,0
5610,157.9,41.99,3.452,34.93,0
5611,701.4,45.89,1.859,31.39,0
5612,379.6,41.99,1.496,44.57,0
5613,682.1,87.83,0.588,45.62,0
5614,273.7,42.73,1.524,33.43,0
5615,397.6,68.33,1.979,30.24,0
5616,428.5,29.2,3.196,37.28,0
5617,484.4,54.86,4.31,30.42,0
5618,273.5,70.96,3.237,39.17,0
5619,527.8,63.02,2.36,29.16,1
5620,205.3,65.65,1.406,37.0,0
5621,807.5,50.85,1.496,37.61,0
5622,499.6,65.69,1.696,36.01,0
5623,529.5,66.3,0.753,37.99,0
5624,696.1,57.23,2.106,38.15,0
5625,559.7,50.02,1.792,37.39,0
5626,1188.9,36.35,1.771,39.61,0
5627,675.7,61.04,2.649,35.68,0
5628,321.4,57.11,3.047,31.79,0
5629,368.5,79.03,1.609,51.11,0
5630,774.1,51.43,3.256,25.41,0
5631,362.5,52.94,2.52,46.54,0
5632,274.9,30.67,0.762,32.34,0
5633,616.3,57.29,2.374,43.25,0
5634,259.1,72.82,2.342,30.0,0
5635,266.6,61.61,3.138,37.22,0
5636,148.2,51.82,2.757,43.86,0
5637,146.2,19.27,1.767,41.91,0
5638,643.2,45.39,0.739,33.46,0
5639,122.9,23.66,1.017,39.21,0
5640,208.0,78.34,4.263,37.15,0
5641,326.7,61.14,1.477,37.43,0
5642,826.2,47.28,3.115,35.53,1
5643,450.9,54.66,1.094,36.91,0
5644,414.7,17.07,3.616,32.5,0
5645,218.8,80.06,2.144,35.02,1
5646,257.8,59.63,2.77,40.68,0
5647,132.7,54.12,2.229,34.99,0
5648,417.3,75.82,0.861,33.32,0
5649,795.6,26.42,1.864,39.98,0
5650,709.3,97.65,0.723,39.88,0
5651,250.5,35.18,1.318,46.11,0
5652,374.6,38.49,3.137,51.39,0
5653,419.8,50.09,1.821,44.58,0
5654,442.9,83.51,3.159,31.81,0
5655,200.9,20.55,0.826,27.64,1
5656,171.5,51.66,2.0,32.65,0
5657,160.2,67.11,3.714,33.03,0
5658,30.9,75.78,0.959,32.95,0
5659,810.9,36.31,3.104,40.34,0
5660,385.4,72.72,3.453,35.82,0
5661,431.1,61.5,2.189,33.85,0
5662,321.5,62.15,3.709,48.76,0
5663,634.6,67.64,2.609,37.85,0
5664,361.0,65.52,1.972,41.48,0
5665,436.3,59.88,2.114,39.81,0
5666,563.1,29.14,0.576,51.1,0
5667,721.9,11.37,2.251,41.8,0
5668,506.7,46.62,1.307,36.73,0
5669,420.1,88.7,1.564,37.71,0
5670,514.5,61.98,0.999,38.23,0
5671,252.5,45.6,1.857,29.93,0
5672,147.0,56.33,1.314,33.77,0
5673,425.8,62.04,1.165,26.79,0
5674,157.7,66.65,5.747,44.33,0
5675,94.9,45.87,8.342,41.29,0
5676,527.0,66.0,1.311,31.61,0
5677,360.7,26.46,3.032,39.29,0
5678,632.1,54.11,2.955,26.45,0
5679,338.8,61.8,1.435,42.51,0
5680,383.8,87.14,2.228,34.12,1
5681,1005.9,37.16,0.937,38.81,0
5682,586.1,25.88,2.512,38.1,0
5683,392.8,53.17,3.984,31.53,0
5684,258.3,32.9,2.833,33.54,0
5685,124.2,86.1,2.834,39.48,1
5686,505.4,15.37,2.179,36.25,0
5687,923.4,68.53,1.304,28.21,0
5688,272.5,37.0,1.773,35.05,0
5689,338.1,27.44,1.22,26.48,0
5690,383.5,72.53,4.01,42.09,0
5691,374.5,20.79,1.444,37.44,0
5692,170.0,35.26,2.143,42.54,0
5693,354.4,25.54,1.006,49.93,0
5694,813.7,75.61,2.319,51.8,0
5695,221.4,83.22,0.811,54.84,0
5696,291.1,40.5,3.453,37.2,0
5697,229.0,82.17,0.762,40.34,0
5698,692.0,56.88,1.326,44.81,0
5699,164.0,73.35,3.166,40.31,0
5700,343.9,40.15,1.178,22.03,0
5701,230.7,84.44,1.085,50.44,0
5702,494.7,71.69,1.239,36.72,0
5703,517.4,37.18,2.138,25.88,0
5704,359.7,44.16,4.343,41.27,0
5705,245.0,84.87,2.578,47.02,0
5706,953.3,38.8,2.043,29.49,0
5707,348.3,62.77,5.042,36.15,1
5708,452.0,77.83,0.609,25.43,1
5709,281.7,72.74,0.985,35.37,0
5710,427.7,49.48,1.643,42.79,0
5711,703.6,25.41,1.12,39.88,0
5712,913.4,24.87,1.99,28.81,0
5713,125.9,43.47,1.162,44.4,0
5714,159.5,60.43,3.773,37.18,0
5715,257.8,79.49,2.999,41.24,0
5716,185.5,29.96,1.845,41.72,0
5717,647.0,23.0,1.353,46.79,0
5718,138.7,59.42,1.394,27.64,0
5719,434.5,67.73,0.784,38.25,0
5720,747.9,66.08,0.807,28.01,1
5721,116.0,75.22,2.589,28.09,0
5722,385.8,63.92,1.231,47.58,0
5723,372.7,13.12,4.688,30.6,0
5724,140.9,76.59,3.161,26.34,0
5725,289.9,39.47,0.923,37.24,0
5726,319.5,44.12,0.667,32.81,0
5727,531.8,50.68,3.315,43.76,0
5728,171.6,19.32,2.071,40.99,0
5729,338.4,89.85,2.25,48.94,0
5730,534.5,64.47,5.977,30.75,1
5731,181.8,33.29,2.129,30.16,0
5732,384.6,76.64,1.531,40.43,1
5733,355.3,40.91,2.47,36.0,0
5734,276.2,53.07,5.016,40.21,0
5735,232.4,22.69,3.416,47.62,0
5736,229.1,53.24,5.022,36.52,0
5737,172.0,48.94,1.034,33.36,0
5738,901.6,65.87,0.516,35.36,0
5739,320.2,85.16,3.167,34.04,1
5740,132.0,61.11,1.485,41.41,0
5741,774.8,74.35,2.031,38.83,0
5742,397.6,59.41,1.454,46.27,0
5743,775.4,51.96,1.901,39.8,0
5744,322.4,8.8,0.713,40.13,0
5745,496.9,82.83,3.945,20.97,1
5746,116.9,38.15,1.248,39.01,0
5747,112.1,30.02,2.681,43.37,0
5748,186.0,56.51,2.068,46.5,0
5749,249.2,80.42,2.59,46.55,0
5750,323.9,88.2,1.301,28.43,1
5751,285.3,54.31,1.571,43.02,0
5752,322.0,81.43,1.348,32.35,0
5753,518.3,62.74,2.895,51.52,0
5754,846.4,29.34,1.018,36.5,0
5755,47.1,39.44,1.368,37.54,0
5756,578.6,60.08,2.231,43.99,0
5757,552.7,69.18,1.193,26.87,0
5758,282.1,49.04,2.066,48.34,0
5759,349.9,68.78,2.541,40.67,0
5760,438.0,57.78,1.35,51.15,0
5761,311.8,48.83,1.827,34.07,0
5762,174.4,69.31,3.33,41.62,0
5763,363.0,72.11,3.069,49.11,0
5764,544.3,29.88,3.699,41.03,0
5765,130.8,68.9,1.529,25.93,0
5766,561.2,60.81,2.26,42.81,0
5767,741.0,57.25,1.964,43.72,0
5768,802.5,58.33,2.494,43.44,0
5769,214.5,50.74,11.815,39.55,0
5770,694.5,28.17,3.142,29.74,0
5771,238.1,40.66,4.134,32.45,0
5772,293.6,37.29,1.602,44.77,0
5773,400.2,48.82,1.334,35.68,0
5774,325.8,89.69,1.997,30.91,1
5775,743.1,49.13,4.945,27.86,0
5776,830.7,68.24,1.508,40.05,0
5777,182.7,40.66,2.045,43.23,0
5778,968.6,72.49,2.586,25.92,1
5779,1039.3,67.39,1.844,34.53,0
5780,188.8,78.58,1.309,36.79,0
5781,361.4,49.43,4.02,38.7,1
5782,429.1,45.47,1.366,41.14,0
5783,326.2,44.21,2.057,38.68,0
5784,470.3,28.88,5.352,39.03,0
5785,214.8,57.78,1.639,38.32,0
5786,196.3,83.19,3.363,47.55,1
5787,551.9,58.46,1.191,33.17,0
5788,386.8,22.03,1.106,41.86,0
5789,136.1,79.43,1.947,34.5,0
5790,730.1,68.16,2.781,26.32,1
5791,381.8,70.31,1.409,39.49,0
5792,487.4,65.67,1.832,35.85,0
5793,183.6,75.13,1.442,37.83,0
5794,236.6,80.4,1.814,46.81,0
5795,999.2,45.88,1.093,35.01,0
5796,1259.0,40.65,1.83,32.28,0
5797,331.6,60.86,3.337,39.65,0
5798,271.2,65.52,3.468,44.27,0
5799,727.5,59.44,3.347,36.65,0
5800,472.4,78.25,0.699,38.38,1
5801,867.7,54.8,1.943,36.25,0
5802,238.5,68.72,1.71,23.29,1
5803,307.7,43.45,1.929,34.08,0
5804,191.2,38.51,2.984,29.03,0
5805,39.0,54.42,1.579,41.85,0
5806,446.6,65.84,4.402,29.01,1
5807,182.2,51.22,2.836,46.98,0
5808,347.3,67.02,6.12,30.97,0
5809,211.2,54.56,2.727,45.4,0
5810,299.6,73.27,1.372,34.26,1
5811,131.9,55.75,2.125,35.47,0
5812,403.4,32.68,1.663,44.97,0
5813,1186.5,40.87,1.985,37.61,0
5814,35.1,27.21,2.178,40.67,0
5815,352.2,47.58,2.529,36.58,0
5816,602.1,33.76,2.96,38.27,0
5817,298.7,47.15,2.893,33.85,0
5818,167.4,42.73,1.948,47.48,0
5819,878.2,34.18,3.341,37.54,0
5820,254.2,67.66,1.055,38.83,0
5821,410.2,65.19,2.221,32.3,0
5822,442.3,38.55,4.093,43.1,0
5823,606.0,66.71,2.793,34.85,1
5824,410.1,85.43,4.173,30.52,1
5825,525.7,79.84,1.686,36.67,0
5826,54.0,58.75,1.247,52.62,0
5827,840.7,70.16,2.145,36.92,0
5828,558.9,33.41,2.368,18.66,0
5829,483.3,61.33,1.372,46.88,0
5830,334.1,32.75,0.77,28.75,0
5831,314.9,23.43,1.569,44.19,0
5832,101.7,73.15,3.363,36.31,0
5833,521.8,54.76,0.78,39.78,0
5834,57.2,70.14,2.487,41.44,0
5835,192.1,33.9,1.481,43.39,0
5836,532.2,83.37,0.834,32.37,1
5837,68.2,62.26,1.556,38.15,0
5838,76.6,42.43,0.886,36.09,0
5839,1025.1,53.73,4.246,41.81,0
5840,935.2,56.69,2.689,31.17,0
5841,562.4,47.76,1.665,35.82,1
5842,494.9,79.05,2.645,38.04,0
5843,509.6,74.78,2.841,34.69,1
5844,671.2,22.91,1.711,46.72,0
5845,507.4,56.37,1.502,39.81,0
5846,599.1,75.85,4.969,39.22,1
5847,211.3,35.25,2.864,30.93,0
5848,145.8,86.32,1.941,39.35,1
5849,346.4,74.46,3.474,39.4,1
5850,673.3,79.45,1.106,24.66,0
5851,619.0,48.07,1.486,42.25,0
5852,419.8,28.55,1.847,36.78,0
5853,682.3,57.55,3.807,44.78,0
5854,187.5,29.67,1.784,42.28,0
5855,76.5,39.04,1.763,30.39,0
5856,1320.0,88.71,2.717,38.3,1
5857,148.2,77.41,1.794,41.54,0
5858,221.0,66.35,1.513,42.35,0
5859,191.3,59.13,4.0,32.43,0
5860,525.5,74.95,1.105,45.99,0
5861,179.3,64.47,1.368,30.61,0
5862,557.0,22.36,1.471,43.15,0
5863,376.9,47.65,3.826,33.76,0
5864,400.9,36.53,4.594,34.43,0
5865,485.3,29.05,1.682,42.36,0
5866,611.9,22.48,1.183,34.51,0
5867,409.6,20.4,2.478,29.48,0
5868,139.2,40.97,1.44,30.52,0
5869,231.8,77.79,2.608,42.14,0
5870,484.7,67.78,0.998,37.6,1
5871,369.8,72.15,1.536,36.92,0
5872,672.1,58.56,2.362,30.54,0
5873,458.0,79.1,1.661,36.87,1
5874,170.8,75.91,1.261,37.06,0
5875,520.5,88.78,2.86,40.01,1
5876,613.5,68.06,2.768,33.19,1
5877,367.0,29.16,1.623,34.83,0
5878,280.9,47.45,3.089,29.68,0
5879,576.7,96.73,0.599,26.24,1
5880,100.6,80.54,3.252,46.85,0
5881,166.4,51.38,1.616,39.83,0
5882,290.4,77.7,3.985,49.99,0
5883,372.2,85.11,1.952,43.97,0
5884,258.4,49.84,1.472,50.73,0
5885,113.6,64.63,3.815,41.26,0
5886,339.5,45.28,1.648,37.68,0
5887,220.1,45.11,1.738,37.37,0
5888,556.4,60.15,1.41,35.54,0
5889,300.6,59.06,1.828,45.83,0
5890,156.2,75.52,3.732,48.17,0
5891,457.7,79.88,5.038,37.55,0
5892,529.4,80.11,2.72,39.93,0
5893,566.0,36.13,1.393,26.73,0
5894,140.7,24.62,4.524,43.16,0
5895,457.4,24.38,2.789,51.54,0
5896,269.8,50.65,2.26,26.47,1
5897,94.7,66.7,2.366,37.52,1
5898,237.3,20.67,2.12,29.7,0
5899,447.4,54.46,4.98,45.79,0
5900,1028.6,54.17,3.055,49.97,0
5901,1206.3,49.03,3.561,36.87,0
5902,629.2,76.85,4.472,28.49,1
5903,762.3,53.38,1.615,43.78,0
5904,126.5,53.15,6.278,37.89,0
5905,396.6,78.24,0.726,37.02,0
5906,227.0,55.56,1.975,34.8,0
5907,372.8,36.48,2.121,44.08,0
5908,922.5,26.12,1.986,34.36,0
5909,757.9,70.69,3.628,40.57,1
5910,389.6,65.88,4.205,36.84,0
5911,558.8,40.38,1.678,37.32,0
5912,397.1,59.02,1.062,33.08,0
5913,300.5,81.5,2.651,38.83,0
5914,1180.6,30.8,2.704,37.44,1
5915,716.5,62.89,2.508,43.4,0
5916,774.9,82.0,1.904,35.27,1
5917,187.1,14.39,1.853,39.14,0
5918,552.2,72.71,1.319,43.45,0
5919,688.0,32.35,1.684,41.22,0
5920,311.6,56.14,2.891,41.37,0
5921,531.9,43.19,2.995,50.92,0
5922,219.2,22.54,2.383,30.87,0
5923,354.5,65.97,3.074,39.79,1
5924,165.2,59.74,2.651,46.8,0
5925,200.4,65.85,3.152,38.35,0
5926,188.8,56.04,1.642,35.14,0
5927,202.3,38.1,2.183,39.71,0
5928,38.0,83.27,3.222,41.87,0
5929,139.6,34.27,4.382,43.51,0
5930,525.5,72.64,2.233,28.28,1
5931,59.4,61.98,6.362,40.19,0
5932,249.8,64.61,3.903,49.3,0
5933,383.5,51.86,2.564,26.28,0
5934,382.2,45.59,4.812,53.85,0
5935,87.5,6.96,3.342,35.42,0
5936,776.4,82.27,2.252,41.99,1
5937,319.1,29.04,3.419,42.54,0
5938,256.2,71.25,2.231,37.51,0
5939,339.9,50.49,5.885,40.81,0
5940,611.8,15.82,0.995,44.79,0
5941,411.0,84.68,2.526,31.23,1
5942,1020.9,63.49,2.8,38.19,1
5943,241.6,50.43,0.765,38.81,0
5944,204.3,73.08,2.825,45.51,0
5945,231.7,55.04,1.882,30.88,0
5946,363.2,56.82,2.585,44.85,0
5947,618.2,69.17,1.663,42.7,0
5948,666.4,47.36,2.319,34.23,1
5949,382.4,63.47,0.843,42.25,0
5950,77.1,79.32,4.45,40.85,0
5951,882.6,45.68,1.322,37.38,0
5952,616.9,61.73,0.999,41.34,0
5953,498.5,28.58,3.019,37.62,0
5954,716.8,54.43,3.099,25.46,1
5955,193.9,28.52,3.013,27.3,0
5956,372.5,22.34,1.74,45.2,0
5957,768.7,42.09,1.995,40.2,0
5958,583.0,51.52,2.914,33.42,0
5959,355.1,34.93,1.886,42.48,0
5960,282.8,68.06,2.77,44.99,0
5961,920.3,48.23,2.438,45.45,0
5962,919.4,30.3,3.135,44.27,0
5963,222.3,86.28,1.984,38.47,1
5964,607.2,76.83,2.783,29.63,0
5965,102.5,37.8,4.909,37.33,0
5966,154.5,33.75,1.274,44.98,0
5967,352.0,84.43,1.389,37.39,0
5968,49.5,62.27,0.67,31.08,0
5969,359.1,75.96,3.13,33.51,1
5970,160.3,66.46,1.019,41.75,0
5971,441.0,50.16,2.502,40.37,0
5972,775.8,29.37,3.513,31.41,1
5973,175.3,9.9,3.464,44.73,0
5974,200.1,58.26,1.374,40.52,0
5975,280.2,50.56,1.943,25.73,0
5976,718.3,69.81,3.818,28.98,0
5977,557.2,27.65,5.171,43.4,0
5978,437.1,27.5,1.629,38.37,0
5979,679.3,52.33,3.612,36.03,0
5980,664.8,66.07,2.763,43.31,0
5981,307.5,40.73,3.318,35.94,0
5982,456.7,67.95,1.097,44.67,0
5983,1232.6,57.96,1.478,48.34,1
5984,85.2,80.95,1.346,37.29,0
5985,253.7,44.67,3.335,43.33,0
5986,670.8,58.7,2.715,27.33,1
5987,314.7,89.3,1.403,40.24,0
5988,633.0,73.65,2.738,31.74,0
5989,1016.6,89.61,1.322,38.59,1
5990,247.4,24.87,1.089,22.03,0
5991,570.3,34.69,2.106,45.77,0
5992,859.9,72.57,3.486,30.88,1
5993,167.6,54.22,1.888,44.41,0
5994,55.9,90.79,1.621,39.97,0
5995,266.3,41.22,1.848,41.34,0
5996,183.4,74.73,2.611,33.06,0
5997,415.2,54.95,1.828,39.55,0
5998,385.6,43.55,4.415,40.79,0
5999,282.0,37.03,1.316,44.45,0
6000,176.2,39.19,1.107,43.44,0
6001,868.1,64.55,5.099,38.84,0
6002,787.6,45.66,1.329,40.55,0
6003,115.4,42.16,1.392,52.62,0
6004,201.8,53.57,4.609,49.15,0
6005,411.4,58.15,1.329,37.83,0
6006,362.3,47.59,1.64,37.79,0
6007,1019.0,47.79,3.695,40.4,0
6008,330.6,39.84,1.77,28.65,0
6009,259.7,38.92,2.911,38.07,0
6010,205.3,56.91,1.695,25.64,0
6011,632.4,56.74,1.566,49.86,0
6012,348.3,33.62,1.765,39.52,0
6013,236.0,61.63,0.943,44.89,0
6014,224.8,53.84,2.993,36.53,0
6015,116.5,81.64,1.982,34.2,0
6016,233.0,57.35,2.547,39.92,0
6017,756.0,23.18,3.329,18.96,0
6018,362.9,58.34,6.528,25.17,0
6019,262.7,24.03,2.146,32.73,0
6020,194.2,45.09,4.734,33.38,0
6021,396.2,73.85,3.843,36.0,1
6022,676.3,50.49,4.236,42.87,0
6023,1044.8,74.55,2.042,42.32,0
6024,96.5,70.21,2.931,42.98,0
6025,318.5,80.3,9.796,29.69,1
6026,336.4,18.31,1.648,33.48,0
6027,1165.6,81.99,1.63,43.01,1
6028,456.5,86.6,2.242,41.09,0
6029,463.5,38.8,2.137,35.85,0
6030,251.7,63.2,1.436,44.07,0
6031,1934.4,27.47,3.015,35.47,0
6032,139.7,63.14,4.294,46.0,0
6033,289.2,44.62,1.26,29.9,0
6034,340.0,67.35,0.911,47.13,0
6035,672.1,87.68,3.234,42.74,1
6036,103.0,63.5,6.292,37.9,0
6037,844.5,18.31,0.799,47.27,0
6038,287.0,18.75,2.479,37.66,0
6039,453.7,66.01,1.115,32.82,1
6040,284.7,82.6,1.947,38.5,1
6041,128.8,49.35,6.416,38.34,0
6042,1040.0,65.37,7.91,31.48,1
6043,568.4,50.42,1.574,32.71,0
6044,107.0,51.55,1.978,35.8,0
6045,184.3,40.8,1.912,37.08,0
6046,666.3,31.16,3.772,33.03,0
6047,327.6,45.82,2.858,28.8,0
6048,176.8,75.35,2.997,38.33,1
6049,874.5,42.34,2.513,29.24,0
6050,533.8,92.63,1.848,30.73,1
6051,138.2,39.01,1.913,22.47,0
6052,84.6,99.42,1.887,26.15,1
6053,139.2,21.55,2.787,41.78,0
6054,521.3,24.63,3.902,38.84,0
6055,1587.1,73.78,5.218,38.57,1
6056,404.0,77.49,2.241,36.32,0
6057,937.7,22.39,2.951,42.13,0
6058,367.8,57.36,2.687,41.71,0
6059,851.2,66.74,1.108,61.03,0
6060,239.7,8.44,2.942,45.05,0
6061,286.6,50.58,3.303,40.48,0
6062,86.7,44.8,2.608,36.17,0
6063,305.5,16.38,0.924,44.9,0
6064,401.7,49.98,1.979,28.45,0
6065,249.9,40.32,2.03,35.32,0
6066,302.7,48.84,1.307,44.15,0
6067,168.6,56.33,2.676,47.8,0
6068,760.8,63.08,5.443,34.04,1
6069,356.6,74.69,1.236,38.27,1
6070,543.5,22.61,1.792,51.28,0
6071,696.6,57.83,6.181,53.34,0
6072,92.8,39.74,2.308,47.65,0
6073,742.4,75.41,1.429,44.2,1
6074,560.3,22.88,1.393,50.8,0
6075,420.5,68.0,2.575,26.62,0
6076,427.0,13.38,1.273,46.1,0
6077,574.2,52.78,4.991,41.08,1
6078,528.0,52.94,4.033,52.01,0
6079,524.2,12.51,1.095,41.57,0
6080,167.5,47.65,4.576,43.29,0
6081,264.8,59.91,2.086,35.01,0
6082,457.2,40.36,3.723,31.88,0
6083,514.3,20.25,3.369,43.46,0
6084,63.5,40.66,3.372,39.12,0
6085,584.3,76.59,1.48,27.12,0
6086,558.6,71.22,1.509,35.41,0
6087,897.8,11.77,3.106,40.51,0
6088,953.4,45.18,1.574,41.93,0
6089,529.4,10.61,3.432,42.6,0
6090,523.0,50.75,2.476,41.52,0
6091,76.1,39.15,1.542,44.37,0
6092,287.0,79.96,2.484,40.49,0
6093,368.0,23.79,1.102,40.55,0
6094,699.1,18.42,2.853,40.24,0
6095,189.5,56.79,3.28,36.72,1
6096,562.5,61.79,2.061,29.62,0
6097,639.6,72.16,1.002,36.31,1
6098,281.6,31.45,2.743,39.7,0
6099,247.0,70.85,1.756,42.87,0
6100,252.3,66.85,2.746,43.55,0
6101,1112.4,46.07,1.921,43.32,0
6102,364.0,6.99,0.83,24.62,0
6103,343.2,77.41,0.819,34.98,1
6104,800.6,49.26,2.481,46.43,0
6105,518.0,60.83,1.603,41.25,0
6106,455.0,59.68,3.092,24.74,1
6107,45.8,88.24,2.251,48.3,0
6108,396.6,78.03,2.324,34.67,0
6109,627.4,92.19,3.478,27.39,1
6110,259.9,24.91,2.916,37.45,0
6111,869.3,68.79,11.621,43.98,0
6112,1030.3,67.21,1.447,43.27,0
6113,312.9,37.89,1.868,26.2,0
6114,235.8,30.57,3.071,39.73,0
6115,578.5,87.62,1.818,48.74,0
6116,724.3,72.06,1.478,24.44,1
6117,90.1,55.2,6.161,33.71,0
6118,340.4,35.47,0.959,35.06,0
6119,192.1,37.51,1.425,44.62,0
6120,256.0,74.89,4.08,39.73,0
6121,172.1,63.03,2.069,42.99,0
6122,105.4,38.28,1.18,42.91,0
6123,396.0,65.71,1.169,27.38,0
6124,436.7,48.78,1.495,37.66,0
6125,369.4,33.83,3.229,28.97,0
6126,284.9,77.54,0.669,43.75,0
6127,125.7,29.22,2.258,35.77,0
6128,124.9,33.72,2.132,42.98,0
6129,397.1,87.62,3.101,42.74,1
6130,212.9,19.9,1.642,33.04,0
6131,1150.1,91.37,3.204,29.95,1
6132,67.5,66.41,1.238,41.01,0
6133,313.4,49.91,1.057,45.77,0
6134,610.3,78.45,1.122,38.86,0
6135,370.2,70.09,4.023,30.7,0
6136,295.6,58.87,2.812,36.77,0
6137,601.5,47.19,1.039,23.44,1
6138,647.5,41.17,2.585,48.88,0
6139,79.1,24.61,2.3,39.96,0
6140,1032.4,69.71,1.596,38.39,0
6141,65.5,52.08,4.163,34.61,0
6142,375.3,17.56,3.645,37.47,0
6143,548.7,78.88,4.258,39.43,1
6144,162.2,31.24,0.933,38.14,0
6145,573.9,74.97,1.285,31.95,0
6146,556.5,84.72,2.017,24.14,0
6147,565.4,75.91,1.53,39.94,1
6148,388.0,44.83,1.406,45.25,0
6149,147.7,36.29,3.323,35.8,0
6150,176.3,90.59,1.789,54.93,0
6151,379.2,34.6,3.521,38.86,0
6152,386.1,74.84,0.553,32.64,0
6153,377.9,62.13,2.72,44.13,0
6154,562.1,71.18,4.198,43.77,1
6155,196.3,68.54,2.684,43.58,0
6156,407.7,84.47,2.138,44.41,0
6157,577.8,46.51,4.068,45.23,0
6158,587.3,21.5,4.574,34.51,0
6159,1104.7,54.78,5.036,30.74,1
6160,360.8,52.23,0.968,37.59,0
6161,597.2,53.88,2.287,49.38,0
6162,333.2,68.83,3.362,35.97,0
6163,167.7,42.43,4.118,42.78,0
6164,173.0,61.65,2.726,50.09,0
6165,365.9,46.15,3.074,17.14,0
6166,614.1,25.34,3.924,39.78,0
6167,507.4,53.36,1.552,26.34,0
6168,559.9,49.62,0.742,40.98,0
6169,68.7,63.67,0.864,36.78,0
6170,849.2,81.06,4.548,34.56,1
6171,490.7,40.01,2.124,40.25,0
6172,621.6,61.67,7.565,49.0,0
6173,635.1,70.42,1.527,31.99,1
6174,242.3,45.31,0.69,53.78,0
6175,483.5,22.06,4.349,34.87,0
6176,807.8,42.15,3.417,41.4,1
6177,372.4,55.47,0.824,34.64,0
6178,33.1,39.09,1.611,31.24,0
6179,1570.4,50.57,1.842,44.5,0
6180,197.2,90.2,2.165,37.52,1
6181,405.3,27.62,4.737,40.14,0
6182,423.2,34.07,2.622,49.54,0
6183,100.7,89.43,2.337,33.0,1
6184,897.7,51.28,3.428,39.53,0
6185,458.2,59.38,2.593,47.14,0
6186,292.9,55.96,6.439,30.59,1
6187,513.8,49.58,1.873,46.8,0
6188,631.6,57.36,1.645,48.29,0
6189,434.8,88.42,2.688,48.91,0
6190,405.4,59.63,1.07,39.25,0
6191,241.6,20.41,3.2,36.13,0
6192,1215.2,35.53,2.156,39.53,0
6193,114.5,69.46,0.929,31.03,0
6194,672.7,84.59,1.239,38.94,1
6195,544.2,38.62,2.498,37.39,0
6196,533.6,39.55,2.019,32.21,1
6197,704.8,66.7,2.791,37.15,0
6198,113.5,32.42,1.019,29.87,0
6199,335.7,41.05,3.421,34.93,0
6200,689.9,76.54,2.28,49.73,0
6201,225.6,47.81,2.989,35.72,0
6202,188.5,95.79,1.232,41.24,1
6203,292.7,75.77,0.863,40.42,0
6204,651.1,62.61,1.858,34.99,0
6205,201.3,32.95,1.914,35.74,0
6206,244.6,77.84,1.021,37.21,0
6207,604.0,64.47,1.96,34.36,0
6208,417.5,76.97,1.828,36.38,0
6209,57.6,42.83,1.223,28.28,0
6210,216.7,13.99,1.179,39.08,0
6211,224.8,40.24,3.934,40.99,0
6212,399.9,31.62,2.008,22.6,0
6213,351.2,66.22,0.658,34.87,0
6214,213.4,29.04,2.952,45.3,0
6215,102.8,21.88,1.408,43.39,0
6216,298.3,90.07,2.38,28.2,1
6217,165.3,84.97,2.393,22.48,1
6218,225.9,73.11,1.684,31.24,0
6219,308.9,51.67,1.628,51.03,0
6220,107.6,21.25,2.537,33.87,0
6221,372.3,57.78,1.903,44.77,0
6222,978.5,24.75,1.3,36.57,0
6223,874.1,13.99,1.637,33.41,0
6224,464.9,48.04,1.795,39.22,0
6225,221.1,47.11,1.524,39.02,0
6226,242.7,65.92,2.328,39.77,0
6227,1391.7,69.74,2.579,30.76,1
6228,429.4,49.29,3.083,34.09,0
6229,466.1,66.84,2.968,40.92,0
6230,309.9,38.59,1.664,40.97,0
6231,743.4,46.79,1.274,33.07,0
6232,813.7,29.75,3.297,36.78,0
6233,170.6,55.12,5.347,37.07,0
6234,207.6,3.36,1.897,40.73,0
6235,305.3,27.77,3.15,39.17,0
6236,287.6,76.71,1.702,30.8,0
6237,139.7,71.5,1.67,48.06,0
6238,545.9,71.85,2.41,35.26,0
6239,589.7,24.09,1.704,35.34,0
6240,356.0,82.89,2.434,50.12,0
6241,222.5,48.92,5.053,40.38,0
6242,339.0,91.48,1.149,40.56,1
6243,205.8,76.81,1.216,49.65,0
6244,320.7,56.75,2.905,25.62,1
6245,499.2,78.35,0.701,34.19,0
6246,1359.4,64.92,3.542,40.5,0
6247,633.0,18.28,1.715,38.5,0
6248,221.6,54.71,2.587,41.09,0
6249,289.9,71.88,1.642,22.43,0
6250,314.8,38.79,3.924,36.25,0
6251,92.9,92.61,1.064,38.07,1
6252,324.3,32.8,1.945,47.24,0
6253,456.3,17.55,2.602,37.58,0
6254,768.3,56.05,1.263,27.78,1
6255,506.9,80.61,5.351,34.72,1
6256,183.8,27.25,2.45,30.52,0
6257,133.2,33.15,0.623,43.64,0
6258,216.8,37.77,1.714,36.75,0
6259,520.0,76.21,3.402,43.01,0
6260,225.9,55.28,3.202,43.71,0
6261,630.1,51.35,2.308,32.88,0
6262,344.5,74.61,1.219,41.52,0
6263,594.1,45.73,3.929,41.75,1
6264,341.5,58.23,4.643,38.05,0
6265,150.5,82.23,1.347,39.32,0
6266,129.7,44.74,2.073,29.8,0
6267,374.4,7.06,1.147,47.87,0
6268,278.7,37.97,2.479,35.77,0
6269,109.7,48.9,2.04,46.49,0
6270,204.7,44.18,0.85,32.55,0
6271,219.0,32.51,2.689,32.65,0
6272,353.3,81.3,1.905,52.56,0
6273,110.4,47.02,1.235,38.92,0
6274,500.8,21.11,3.859,28.46,0
6275,573.2,84.25,0.601,47.07,0
6276,339.5,67.13,1.303,33.99,0
6277,426.0,29.04,1.333,42.35,0
6278,405.2,30.54,4.986,46.38,0
6279,305.5,87.15,0.845,31.31,0
6280,239.9,45.44,3.634,40.43,0
6281,887.5,63.97,1.109,39.68,0
6282,1047.0,24.26,4.391,34.04,1
6283,352.4,36.27,2.015,38.08,0
6284,544.9,70.45,2.179,28.32,1
6285,169.2,65.86,1.249,43.61,0
6286,207.1,29.2,0.957,38.01,0
6287,506.2,22.24,1.781,42.48,0
6288,226.2,60.52,7.146,37.42,0
6289,506.5,58.06,2.293,45.99,0
6290,673.5,52.02,2.699,37.15,0
6291,522.7,81.74,1.785,28.09,1
6292,350.3,56.76,1.655,45.38,0
6293,514.0,43.53,3.42,45.92,0
6294,305.5,52.11,5.033,36.06,0
6295,627.7,78.72,1.404,47.74,0
6296,341.7,52.47,1.646,29.34,0
6297,258.5,41.34,1.637,29.36,0
6298,595.8,50.42,2.234,39.77,0
6299,523.7,45.61,1.296,30.52,0
6300,122.2,63.98,0.841,37.42,0
6301,656.3,50.6,0.972,27.94,0
6302,392.1,34.1,1.092,30.19,0
6303,93.5,30.69,3.713,34.77,0
6304,259.6,77.1,1.416,32.69,0
6305,541.8,34.99,2.737,33.45,0
6306,1221.5,78.19,1.7,32.52,1
6307,130.5,58.14,1.215,45.17,0
6308,294.6,31.78,1.772,35.45,0
6309,777.1,33.51,2.848,46.75,0
6310,410.7,41.41,2.852,32.15,0
6311,256.7,50.06,3.024,42.73,0
6312,316.9,5.21,0.265,40.98,0
6313,483.5,66.44,1.859,46.26,0
6314,227.8,73.43,2.675,40.11,1
6315,264.9,59.68,0.959,44.55,0
6316,560.5,71.97,2.703,46.25,0
6317,289.1,41.17,1.262,36.14,0
6318,819.3,36.01,1.578,47.25,0
6319,334.0,21.07,1.483,34.4,0
6320,339.3,53.63,1.614,46.76,0
6321,632.2,25.09,1.94,34.18,0
6322,445.6,87.61,3.438,30.49,1
6323,168.5,37.2,2.545,38.29,0
6324,547.4,40.38,0.886,40.31,0
6325,196.7,62.33,5.012,32.66,0
6326,406.8,66.65,1.394,32.88,0
6327,141.7,57.91,2.422,33.49,0
6328,414.8,86.75,2.08,42.61,0
6329,412.6,52.19,2.98,47.2,0
6330,182.8,68.75,1.215,43.46,0
6331,301.1,60.73,1.081,31.73,0
6332,108.4,66.48,2.341,31.75,0
6333,134.9,55.34,1.107,36.79,0
6334,167.9,76.66,2.075,36.77,0
6335,112.5,43.34,1.185,35.09,0
6336,323.4,77.25,1.747,31.95,0
6337,256.0,86.66,0.947,29.67,1
6338,328.1,61.12,1.932,37.86,0
6339,478.0,19.19,4.835,34.43,0
6340,529.6,84.54,1.868,35.34,1
6341,593.9,11.92,6.552,32.49,1
6342,464.5,62.79,1.337,31.46,0
6343,730.6,35.41,5.035,18.8,0
6344,53.5,83.15,2.784,27.56,1
6345,1348.0,30.17,1.721,37.0,0
6346,110.2,72.41,3.412,35.95,0
6347,305.2,44.1,1.714,49.88,0
6348,2245.1,34.75,4.998,40.41,0
6349,194.3,90.29,1.869,46.72,0
6350,252.5,64.47,3.483,43.82,0
6351,421.6,79.94,2.3,44.75,0
6352,418.1,81.17,2.518,42.85,1
6353,236.7,47.92,2.956,56.49,0
6354,481.2,60.65,2.115,32.33,1
6355,325.2,76.69,1.827,33.86,0
6356,252.9,28.42,2.443,31.38,0
6357,88.3,83.29,0.876,37.55,0
6358,394.7,28.93,2.031,42.76,0
6359,916.0,76.42,2.434,37.33,1
6360,230.9,55.16,3.546,20.83,1
6361,167.3,79.01,1.513,41.18,0
6362,44.5,45.16,1.421,33.74,0
6363,719.5,36.51,1.342,33.01,0
6364,728.6,60.14,1.61,34.73,0
6365,248.3,95.03,1.093,36.53,0
6366,597.9,67.15,2.09,34.49,0
6367,425.4,61.15,1.628,45.14,0
6368,156.5,77.77,2.755,21.8,0
6369,711.0,65.46,2.435,45.14,0
6370,712.2,4.76,1.9,43.46,0
6371,55.5,69.35,0.994,34.65,0
6372,116.8,36.45,2.13,41.92,0
6373,31.6,19.61,2.545,39.39,0
6374,673.7,25.8,1.828,33.44,0
6375,851.3,82.08,3.76,48.65,1
6376,470.3,47.55,2.183,33.49,0
6377,79.0,36.5,3.484,52.67,0
6378,344.3,65.37,2.092,36.29,0
6379,245.6,77.92,3.1,44.35,0
6380,441.9,41.31,7.637,36.69,1
6381,53.5,51.25,5.044,46.34,0
6382,517.3,46.57,2.487,32.32,0
6383,365.8,12.42,2.604,42.38,0
6384,484.8,62.16,1.745,39.15,1
6385,1580.6,40.02,3.229,52.69,0
6386,562.5,95.54,3.304,39.7,1
6387,535.7,46.13,2.042,42.6,0
6388,661.4,71.1,2.192,33.32,0
6389,454.4,57.52,1.839,33.88,0
6390,67.5,28.44,4.492,44.16,0
6391,201.5,45.13,4.264,29.22,0
6392,72.7,46.0,2.303,43.83,0
6393,480.9,88.73,8.274,30.72,1
6394,1315.1,75.37,2.789,45.9,1
6395,1018.4,62.66,1.474,38.17,1
6396,698.7,87.1,2.501,38.43,1
6397,242.7,78.36,1.869,31.9,0
6398,557.1,6.17,1.766,42.43,0
6399,178.5,59.5,3.294,40.01,0
6400,201.4,63.58,1.178,36.1,0
6401,140.1,78.5,2.221,46.09,0
6402,145.0,66.44,1.108,35.37,0
6403,111.8,54.16,2.11,36.96,0
6404,207.1,45.72,0.893,33.18,0
6405,194.1,52.36,2.034,39.28,0
6406,478.3,55.4,1.969,44.0,0
6407,284.6,75.24,0.945,43.35,0
6408,322.7,36.01,0.997,30.38,0
6409,324.1,87.48,1.188,37.89,0
6410,634.5,33.53,3.394,41.07,0
6411,312.1,59.18,3.252,37.38,0
6412,197.6,76.58,1.733,37.71,1
6413,378.0,22.21,2.692,51.34,0
6414,228.4,34.79,1.65,43.6,0
6415,514.1,84.46,2.268,41.76,1
6416,474.2,79.84,0.814,32.79,0
6417,376.0,69.95,0.685,40.94,0
6418,881.7,60.05,1.563,45.18,0
6419,1085.7,30.15,1.832,32.34,0
6420,192.6,48.05,1.46,33.71,0
6421,408.4,53.98,5.075,47.23,0
6422,146.9,30.72,3.304,32.01,0
6423,293.8,58.93,1.388,33.68,0
6424,284.4,60.54,2.098,39.97,1
6425,346.0,43.63,5.557,44.71,0
6426,391.7,80.82,1.886,49.67,0
6427,141.4,69.11,0.436,33.69,1
6428,351.9,81.91,1.931,44.52,1
6429,145.6,60.98,0.942,37.77,0
6430,166.7,45.55,2.032,44.38,0
6431,360.3,50.4,0.862,42.21,0
6432,145.5,3.66,15.785,43.07,0
6433,470.7,45.89,1.809,33.21,0
6434,208.0,52.39,3.958,37.56,0
6435,166.3,50.09,3.015,42.88,0
6436,106.6,59.33,2.344,40.05,0
6437,240.5,64.73,1.388,37.8,0
6438,94.5,18.17,0.78,25.11,0
6439,239.8,31.98,7.899,56.33,0
6440,433.2,66.41,6.913,43.69,0
6441,636.4,74.69,0.737,34.57,0
6442,204.5,56.46,1.184,38.12,0
6443,210.4,45.78,2.603,38.04,0
6444,331.5,36.07,1.293,35.6,0
6445,291.7,50.64,2.574,46.15,0
6446,459.0,40.75,0.753,34.1,0
6447,177.4,79.17,1.367,47.58,0
6448,436.4,37.91,1.623,42.51,0
6449,372.4,39.98,2.788,40.55,0
6450,407.2,19.9,1.193,26.49,0
6451,173.9,26.69,2.334,33.12,0
6452,602.8,65.35,0.788,38.99,0
6453,486.1,55.64,2.054,36.75,0
6454,522.2,24.51,1.875,32.94,0
6455,423.9,71.27,0.967,45.12,0
6456,157.2,42.33,2.41,37.74,0
6457,51.9,86.68,4.706,39.83,1
6458,458.6,21.34,1.581,41.9,0
6459,1280.8,64.81,11.105,32.54,1
6460,2071.6,25.32,7.568,33.58,0
6461,419.2,31.38,6.157,42.32,0
6462,331.2,54.24,2.431,41.36,0
6463,374.3,16.76,2.152,41.01,0
6464,398.8,68.38,1.557,43.76,0
6465,945.9,37.12,4.7,38.28,0
6466,734.7,61.11,2.264,41.33,0
6467,720.0,50.11,4.332,44.28,0
6468,567.8,26.85,2.531,39.83,0
6469,782.9,65.79,3.175,45.48,0
6470,157.5,86.19,2.782,42.9,1
6471,597.6,69.69,1.065,40.3,0
6472,332.0,83.87,0.829,31.51,0
6473,44.2,39.36,0.994,43.96,0
6474,250.6,47.66,0.683,35.69,0
6475,387.8,52.82,3.884,34.29,0
6476,934.4,60.46,1.357,42.05,0
6477,349.8,45.62,4.969,37.49,0
6478,674.2,69.19,0.773,39.33,0
6479,55.7,73.28,1.476,33.87,0
6480,979.1,55.21,4.009,37.9,1
6481,682.1,23.17,1.986,43.52,0
6482,921.9,77.94,2.379,32.21,1
6483,126.0,83.74,1.424,36.31,0
6484,347.3,88.68,5.169,25.85,0
6485,469.3,47.35,1.745,32.84,0
6486,419.1,85.48,1.633,37.08,0
6487,518.7,21.18,1.394,39.2,0
6488,162.4,38.65,1.577,35.01,0
6489,374.6,33.67,3.35,37.0,0
6490,570.0,44.12,1.934,30.71,0
6491,186.9,28.4,2.712,39.17,0
6492,228.7,61.31,2.159,45.8,0
6493,289.1,35.15,1.135,35.74,0
6494,566.2,46.25,2.951,31.01,1
6495,1051.3,26.47,3.567,38.67,0
6496,31.4,60.42,0.936,44.4,0
6497,226.3,48.66,1.571,33.69,0
6498,204.3,44.06,1.69,49.85,0
6499,45.5,54.7,1.281,30.91,0
6500,1615.8,71.19,1.772,39.35,1
6501,680.9,84.05,3.373,26.12,1
6502,212.1,18.58,1.089,44.1,0
6503,548.8,65.97,1.274,38.2,1
6504,742.5,43.5,1.085,36.62,0
6505,467.7,44.42,1.517,25.63,0
6506,1555.8,84.79,1.925,39.82,1
6507,767.5,81.44,3.537,36.72,1
6508,476.5,47.36,2.357,37.95,0
6509,409.8,84.76,2.075,43.75,0
6510,673.2,68.52,1.666,35.39,0
6511,629.6,58.89,2.326,43.45,1
6512,76.6,40.53,1.263,37.74,0
6513,666.9,49.46,2.658,40.69,0
6514,224.2,11.89,1.165,33.9,0
6515,357.4,51.78,1.58,35.66,0
6516,241.1,59.93,3.044,36.08,0
6517,948.6,55.65,11.252,37.88,0
6518,374.8,70.65,2.187,31.65,1
6519,162.7,77.4,1.299,43.21,0
6520,588.6,38.38,0.402,32.94,0
6521,369.1,60.4,1.892,44.07,0
6522,210.9,45.78,1.032,43.18,0
6523,381.9,61.78,2.39,37.82,0
6524,976.2,65.38,2.557,39.82,0
6525,224.2,49.61,2.213,34.13,0
6526,235.8,83.14,4.916,42.63,1
6527,335.9,36.29,0.711,35.03,0
6528,205.8,46.39,2.045,44.23,0
6529,317.9,43.56,1.332,43.96,0
6530,648.4,64.52,5.084,52.75,1
6531,464.2,32.01,1.458,37.9,0
6532,73.9,33.38,1.309,37.17,0
6533,387.6,88.46,3.082,35.02,1
6534,773.4,13.01,7.574,20.76,0
6535,297.0,67.1,0.921,40.81,0
6536,591.7,66.94,4.081,28.99,1
6537,399.6,31.34,1.272,44.57,0
6538,743.4,49.72,3.468,42.53,0
6539,421.5,93.7,4.226,38.39,1
6540,714.5,27.33,4.16,40.07,0
6541,404.3,49.92,3.405,34.57,0
6542,459.2,69.82,1.448,48.06,0
6543,569.2,68.64,4.02,46.93,0
6544,62.6,20.49,2.981,45.8,0
6545,1014.5,55.54,2.679,32.13,0
6546,324.5,10.21,2.416,36.33,0
6547,569.4,26.33,1.912,30.37,0
6548,348.8,85.26,3.348,44.44,1
6549,341.9,78.2,1.83,47.84,1
6550,537.5,57.06,2.829,34.2,1
6551,234.6,43.49,1.929,42.3,0
6552,192.1,84.32,0.445,44.75,0
6553,274.2,23.69,0.965,41.64,0
6554,469.5,39.76,0.983,45.92,0
6555,482.9,70.86,1.613,42.27,0
6556,48.1,50.42,2.303,33.69,0
6557,20.4,65.21,5.169,38.03,0
6558,44.9,46.6,0.805,42.41,0
6559,187.6,35.37,7.351,40.93,0
6560,297.3,67.5,2.048,39.63,0
6561,927.1,20.58,2.822,29.56,0
6562,455.1,25.22,0.538,35.59,0
6563,569.8,39.23,1.101,44.58,0
6564,185.4,73.22,2.407,40.53,1
6565,361.3,80.68,1.366,35.53,0
6566,316.5,57.92,2.455,39.28,0
6567,461.1,78.85,2.758,37.44,1
6568,540.1,20.81,2.066,42.53,0
6569,381.8,56.63,2.108,44.01,0
6570,181.3,19.55,2.491,49.33,0
6571,551.4,44.73,7.356,44.22,0
6572,489.1,58.48,1.783,39.66,0
6573,516.4,42.84,2.127,55.6,0
6574,210.7,38.87,1.544,41.38,0
6575,325.8,89.98,3.085,27.59,1
6576,386.9,66.5,0.942,37.0,0
6577,176.8,51.9,2.885,29.03,0
6578,241.1,34.67,4.658,27.04,1
6579,223.4,49.19,2.444,36.82,0
6580,600.1,20.67,2.209,24.54,0
6581,641.8,70.26,0.858,29.13,1
6582,203.4,44.26,1.624,40.47,0
6583,463.6,55.56,0.786,41.79,0
6584,379.4,28.0,1.907,40.11,0
6585,61.2,39.94,1.974,34.0,0
6586,367.7,74.49,2.777,34.84,1
6587,275.0,22.9,2.09,38.66,0
6588,110.6,44.95,2.174,32.32,0
6589,333.5,82.55,3.174,44.99,1
6590,508.7,66.79,4.732,36.87,1
6591,174.5,65.48,2.712,33.51,0
6592,406.0,61.42,6.416,45.67,0
6593,688.9,67.32,1.792,30.83,0
6594,532.0,74.93,5.749,35.66,1
6595,134.2,79.06,1.659,42.55,0
6596,364.2,47.98,3.714,34.2,0
6597,447.0,69.96,2.807,39.13,0
6598,565.7,39.13,1.443,42.37,0
6599,820.2,46.55,2.407,35.34,0
6600,705.3,64.84,2.838,53.54,0
6601,695.4,43.03,5.975,42.56,0
6602,450.3,71.55,2.359,39.31,0
6603,517.1,47.3,1.816,50.28,0
6604,321.8,60.78,2.841,28.73,0
6605,892.5,85.48,1.544,34.46,0
6606,342.1,62.35,2.215,41.56,1
6607,601.2,22.96,3.92,45.73,0
6608,204.6,41.5,2.761,43.74,0
6609,122.7,65.17,1.011,39.06,0
6610,363.3,62.08,1.761,28.61,0
6611,83.2,62.66,4.536,31.72,0
6612,272.3,27.11,1.911,41.96,0
6613,356.4,50.29,1.791,34.99,0
6614,517.0,46.8,1.127,40.04,0
6615,260.1,65.19,4.424,49.72,0
6616,216.7,74.75,2.8,45.76,0
6617,302.7,50.75,3.742,30.15,1
6618,230.4,54.45,3.008,51.08,0
6619,213.6,65.63,1.746,41.33,0
6620,443.0,44.96,3.532,39.45,1
6621,1930.9,23.24,2.461,29.83,0
6622,285.8,62.56,2.83,31.6,1
6623,250.0,88.92,2.095,39.42,1
6624,446.0,48.94,1.961,39.36,1
6625,190.0,54.76,1.578,34.1,0
6626,46.1,43.94,1.354,38.63,0
6627,236.1,53.14,2.395,38.68,0
6628,99.1,43.92,2.974,38.39,0
6629,384.7,43.15,2.15,46.09,0
6630,492.5,37.97,2.111,45.77,0
6631,112.8,81.26,2.587,36.99,0
6632,298.6,60.66,1.206,33.08,0
6633,961.7,59.51,1.395,50.5,0
6634,890.6,59.65,1.11,44.66,0
6635,139.0,70.74,1.74,39.75,1
6636,149.3,85.56,1.38,31.42,0
6637,13.9,42.96,2.346,33.93,0
6638,1051.2,86.59,1.717,32.52,0
6639,257.9,48.6,0.984,29.1,0
6640,286.6,54.36,5.843,33.85,0
6641,933.6,89.87,3.154,43.68,1
6642,353.4,51.28,4.965,41.35,0
6643,432.9,68.63,2.418,40.16,0
6644,287.7,73.09,3.742,32.81,1
6645,1256.5,75.82,0.566,38.71,1
6646,522.3,67.93,3.649,45.34,0
6647,290.4,71.8,1.186,36.08,0
6648,429.5,11.95,3.045,22.18,0
6649,322.8,78.85,1.945,38.29,1
6650,186.1,81.94,2.694,31.88,1
6651,501.0,23.46,7.845,42.42,0
6652,242.2,80.64,1.185,25.51,0
6653,147.3,43.37,2.127,41.12,0
6654,561.9,45.13,1.925,44.06,0
6655,478.0,27.76,1.665,28.56,0
6656,478.9,78.96,1.644,39.21,0
6657,92.2,19.77,2.867,48.9,0
6658,1055.9,58.12,1.668,36.29,0
6659,304.3,34.53,1.484,33.14,0
6660,201.1,71.47,1.045,48.79,0
6661,363.7,59.53,2.736,43.57,0
6662,540.7,50.57,1.762,52.08,0
6663,858.8,59.22,1.111,38.14,0
6664,1442.8,28.43,2.052,29.8,0
6665,240.6,11.66,4.233,37.74,0
6666,448.3,84.72,1.853,39.49,1
6667,90.3,26.34,0.699,42.83,0
6668,172.2,10.5,1.813,36.24,0
6669,36.3,74.77,1.109,42.29,0
6670,296.7,44.36,1.567,40.67,0
6671,590.8,38.38,3.177,41.89,0
6672,521.6,77.52,7.137,40.74,1
6673,53.7,51.71,2.271,46.84,0
6674,578.8,55.31,2.579,34.46,0
6675,300.2,39.84,2.229,28.46,0
6676,424.9,62.72,1.534,38.74,0
6677,293.4,78.68,1.2,33.87,0
6678,312.2,26.12,2.99,36.74,0
6679,87.2,18.69,1.094,35.77,0
6680,586.0,62.37,3.779,33.4,0
6681,541.4,48.43,2.563,28.78,0
6682,85.5,27.93,2.517,46.82,0
6683,398.1,85.81,2.33,33.55,0
6684,98.1,40.73,1.499,30.81,0
6685,662.0,71.02,2.509,27.93,1
6686,239.8,79.92,2.366,42.12,0
6687,698.2,70.47,2.346,48.7,0
6688,101.8,45.47,1.172,32.11,0
6689,642.3,62.3,2.57,38.41,0
6690,170.7,81.02,2.126,32.16,0
6691,314.5,92.61,2.383,51.52,0
6692,479.2,49.07,2.385,34.9,0
6693,561.1,48.38,1.801,43.64,0
6694,480.2,69.32,1.85,38.89,0
6695,631.2,79.73,1.224,33.5,0
6696,287.7,26.83,6.024,38.39,0
6697,624.4,65.06,2.582,48.95,0
6698,132.0,38.54,2.218,41.15,0
6699,499.1,24.85,1.221,41.81,0
6700,812.1,91.91,2.73,40.38,0
6701,673.3,77.48,1.516,39.2,0
6702,727.7,53.16,5.149,42.7,0
6703,437.0,43.52,1.968,44.86,0
6704,537.4,55.53,2.266,39.37,0
6705,450.5,79.01,2.379,40.48,1
6706,454.0,59.83,3.583,31.9,0
6707,705.0,34.4,1.65,46.72,0
6708,207.8,49.72,2.276,41.11,0
6709,507.6,30.28,2.767,32.86,1
6710,470.6,39.59,2.14,38.08,0
6711,512.6,68.69,0.757,30.94,0
6712,874.6,52.8,1.758,38.3,0
6713,345.6,35.91,2.05,42.54,0
6714,667.4,65.94,2.404,38.36,0
6715,473.4,81.01,1.809,37.98,0
6716,498.2,56.93,1.878,46.24,0
6717,85.4,58.93,1.451,37.89,0
6718,178.5,70.82,3.608,30.84,0
6719,355.3,89.55,1.395,38.28,1
6720,381.4,55.17,2.587,46.03,0
6721,558.6,35.54,4.901,34.46,0
6722,512.8,34.14,0.914,37.36,0
6723,740.3,64.75,1.251,48.7,0
6724,431.0,68.04,1.927,36.76,0
6725,280.1,39.97,1.268,46.12,0
6726,421.1,81.71,2.349,41.39,1
6727,280.2,67.59,3.46,44.36,0
6728,671.8,47.73,4.233,35.47,0
6729,812.4,72.63,1.276,47.85,0
6730,247.4,49.77,6.341,36.87,0
6731,1611.8,40.35,1.26,37.03,0
6732,222.0,43.33,1.211,32.66,0
6733,202.0,61.78,1.629,47.99,0
6734,502.2,19.01,1.419,41.67,0
6735,548.4,33.25,0.513,46.78,0
6736,78.2,45.28,1.446,38.28,0
6737,208.4,15.48,2.426,27.14,0
6738,323.7,51.93,5.854,41.34,0
6739,614.3,76.81,4.641,34.72,1
6740,418.2,76.07,1.151,42.81,0
6741,643.4,80.31,0.768,41.25,0
6742,365.8,33.84,2.177,41.51,0
6743,496.7,61.92,0.939,42.22,0
6744,283.5,31.8,3.093,34.46,0
6745,1184.7,84.03,2.24,38.8,1
6746,149.7,69.72,3.078,40.9,0
6747,456.4,60.14,1.1,34.51,0
6748,339.9,90.54,3.454,35.69,0
6749,879.0,44.58,2.336,42.64,0
6750,779.6,13.76,2.969,41.02,0
6751,371.6,53.47,1.018,36.5,0
6752,455.2,73.26,1.848,33.71,0
6753,428.7,39.7,2.998,30.3,0
6754,1460.3,52.69,2.604,31.74,1
6755,341.4,89.59,1.735,47.41,0
6756,575.1,74.27,1.538,30.05,1
6757,197.4,62.01,0.573,39.35,0
6758,310.4,79.77,3.435,39.27,1
6759,324.9,36.57,1.349,47.76,0
6760,1133.2,41.47,1.38,36.69,0
6761,192.1,80.34,2.567,48.27,0
6762,207.1,77.58,0.654,42.66,0
6763,297.3,42.43,1.558,47.79,0
6764,312.4,67.69,1.15,29.75,0
6765,257.0,46.28,1.074,45.52,0
6766,209.4,11.3,3.535,33.92,0
6767,430.9,61.86,2.988,35.35,0
6768,140.2,77.26,12.086,44.06,1
6769,948.2,66.91,2.71,42.26,1
6770,740.1,60.04,1.782,43.87,0
6771,53.7,59.23,3.257,41.3,0
6772,38.6,46.4,2.438,42.3,0
6773,261.4,48.75,0.93,38.21,0
6774,530.8,81.77,2.526,42.02,1
6775,87.0,52.19,1.897,40.05,0
6776,95.8,28.3,4.154,36.32,0
6777,323.7,79.16,1.104,37.07,1
6778,488.2,15.77,1.048,37.51,0
6779,51.2,24.6,2.279,40.57,0
6780,772.3,60.77,3.517,51.96,1
6781,278.7,27.42,1.772,33.69,0
6782,389.4,18.39,1.016,38.73,0
6783,324.9,64.94,0.965,31.68,0
6784,95.3,67.71,0.355,39.34,0
6785,116.6,55.16,2.062,36.69,0
6786,176.7,34.85,2.708,45.66,0
6787,321.8,47.18,5.348,37.17,1
6788,418.1,54.13,3.658,41.86,0
6789,282.2,60.04,3.002,44.76,0
6790,683.5,62.3,2.055,38.83,0
6791,451.1,60.52,3.627,40.81,0
6792,143.7,53.62,3.117,38.37,0
6793,203.1,27.06,1.264,38.2,0
6794,238.3,28.5,1.252,39.99,0
6795,692.5,62.95,1.21,25.56,1
6796,512.6,80.42,3.632,37.83,1
6797,245.1,50.64,2.881,31.87,0
6798,535.3,49.4,0.809,34.99,0
6799,222.5,40.07,0.721,32.8,0
6800,451.8,57.29,3.354,36.94,0
6801,94.6,56.83,0.796,32.0,0
6802,491.1,71.93,1.44,46.2,0
6803,1031.5,59.56,1.189,36.94,0
6804,426.0,94.49,2.768,40.7,1
6805,1194.1,74.24,3.422,27.62,0
6806,97.8,47.37,1.996,27.14,0
6807,217.4,77.33,1.544,43.97,0
6808,471.2,29.63,0.826,42.28,0
6809,975.0,62.48,1.382,30.07,1
6810,387.0,20.49,1.423,49.61,0
6811,358.6,18.35,1.663,38.17,0
6812,83.5,50.17,3.774,44.7,0
6813,319.6,63.21,4.633,45.74,0
6814,520.3,79.77,1.092,47.32,1
6815,719.9,59.27,1.938,39.57,0
6816,142.7,30.06,2.257,29.78,0
6817,268.0,28.62,2.075,33.13,0
6818,331.5,29.24,1.24,35.32,0
6819,915.4,42.97,9.446,35.21,1
6820,107.4,8.54,2.23,35.87,0
6821,179.6,90.19,1.125,49.22,0
6822,364.3,56.72,2.199,39.36,0
6823,11.8,73.95,1.854,35.42,0
6824,150.4,42.11,2.382,31.65,0
6825,187.3,62.86,1.542,31.09,0
6826,477.7,53.93,1.409,35.67,1
6827,202.4,74.51,2.719,45.52,0
6828,177.0,43.05,5.878,27.47,0
6829,213.6,33.57,5.011,26.1,0
6830,606.1,73.37,1.368,48.94,0
6831,632.2,78.92,2.718,28.51,1
6832,1033.7,62.37,1.473,41.98,1
6833,673.5,39.78,1.833,30.37,0
6834,638.9,60.18,7.907,41.47,0
6835,421.2,79.2,1.82,32.91,0
6836,893.8,75.74,2.297,34.37,1
6837,196.1,43.09,1.818,38.75,0
6838,91.3,65.6,1.675,36.67,0
6839,439.0,63.8,7.594,41.19,1
6840,543.6,76.26,2.081,30.76,1
6841,1372.2,60.1,1.998,31.66,0
6842,233.1,26.11,2.5,37.66,0
6843,127.0,88.56,2.33,42.61,0
6844,634.9,66.15,4.117,46.16,0
6845,616.3,57.96,3.56,46.11,0
6846,167.4,77.48,0.913,39.86,0
6847,640.1,72.01,3.997,51.32,0
6848,1193.6,17.22,1.193,37.51,0
6849,102.8,63.61,2.328,37.79,0
6850,57.1,32.65,2.604,41.66,0
6851,203.7,17.55,0.912,33.25,0
6852,170.0,86.94,2.951,34.47,1
6853,460.8,27.74,1.747,31.18,0
6854,334.2,70.83,1.427,48.14,0
6855,415.9,47.29,6.615,44.41,0
6856,393.6,83.46,1.676,35.78,1
6857,298.1,28.69,3.994,37.09,0
6858,382.8,47.26,1.298,50.34,0
6859,408.8,16.2,2.459,30.99,0
6860,149.3,42.01,3.616,41.69,0
6861,98.4,74.67,1.966,38.49,0
6862,58.1,54.85,4.885,29.26,1
6863,439.7,18.49,1.606,44.51,0
6864,320.7,26.27,3.744,49.38,0
6865,368.4,75.96,2.821,36.8,1
6866,363.6,81.75,1.766,40.58,0
6867,423.3,66.72,1.175,43.37,0
6868,517.7,32.38,2.079,42.04,0
6869,132.7,65.84,4.13,27.62,1
6870,75.8,66.03,2.354,37.76,0
6871,1338.9,47.89,1.437,36.67,0
6872,800.9,84.58,5.329,47.22,1
6873,165.1,37.89,3.685,38.84,0
6874,450.7,71.65,1.432,41.5,0
6875,241.9,75.7,3.221,42.24,0
6876,328.1,54.93,1.138,43.56,0
6877,193.9,69.17,1.585,44.22,0
6878,399.5,68.33,0.877,28.46,0
6879,609.5,72.55,1.029,45.71,0
6880,738.4,28.89,2.788,38.19,0
6881,786.4,96.54,8.547,50.83,1
6882,775.0,63.94,1.178,40.7,0
6883,221.2,88.82,3.943,43.08,1
6884,299.3,11.1,3.797,37.0,0
6885,634.2,65.31,1.564,48.12,0
6886,609.5,49.98,1.999,34.96,0
6887,235.8,7.66,1.959,40.62,0
6888,411.1,37.67,1.077,40.41,0
6889,737.6,40.56,1.12,45.08,0
6890,671.0,25.98,1.089,39.75,0
6891,405.7,85.14,1.881,30.72,0
6892,444.5,43.99,3.915,31.3,0
6893,496.4,80.27,1.603,44.33,0
6894,391.1,72.23,1.206,28.73,0
6895,115.1,85.95,0.947,37.84,0
6896,295.9,51.05,2.759,26.12,1
6897,438.5,26.74,5.413,46.21,0
6898,144.1,66.92,3.057,38.1,0
6899,224.8,93.52,0.863,36.8,0
6900,258.7,38.31,2.217,30.63,0
6901,164.3,82.1,0.842,24.17,1
6902,585.7,67.91,0.899,40.26,0
6903,427.0,73.08,1.671,42.21,0
6904,423.1,81.09,2.143,44.96,0
6905,830.4,17.98,1.753,33.64,0
6906,380.8,59.81,1.584,32.87,0
6907,244.2,32.19,1.975,35.81,0
6908,293.3,80.81,1.587,42.55,1
6909,196.0,54.88,4.569,26.29,0
6910,393.3,36.65,3.161,31.99,0
6911,565.3,66.44,2.277,38.47,0
6912,700.8,45.62,6.107,52.97,1
6913,418.6,82.7,2.183,45.12,0
6914,319.3,52.26,4.461,45.82,0
6915,107.1,77.23,1.923,36.23,0
6916,343.9,95.93,0.979,39.31,1
6917,401.5,19.23,4.04,31.97,0
6918,210.0,77.35,2.65,34.64,1
6919,864.3,31.31,2.283,30.16,1
6920,103.1,76.24,2.434,35.41,1
6921,75.9,45.63,3.035,46.24,0
6922,509.5,42.68,1.771,33.97,0
6923,1252.9,69.08,2.393,35.5,1
6924,857.8,62.94,3.501,32.51,0
6925,473.7,57.08,0.993,46.11,0
6926,192.1,44.5,1.532,45.53,0
6927,256.5,69.29,1.535,31.66,1
6928,623.4,52.61,2.206,23.41,0
6929,401.9,84.13,2.193,44.9,0
6930,490.4,29.32,3.123,34.05,0
6931,252.9,37.78,2.331,40.4,0
6932,365.7,65.67,1.727,42.56,0
6933,136.3,76.68,4.69,40.07,1
6934,674.0,62.82,1.874,41.29,1
6935,47.3,44.29,0.746,35.23,0
6936,656.7,60.4,4.911,28.63,0
6937,426.7,69.42,1.526,31.63,1
6938,629.9,77.3,1.777,38.53,0
6939,201.5,75.86,3.087,41.37,0
6940,313.0,52.1,1.93,48.34,0
6941,248.9,31.98,1.2,34.6,0
6942,934.9,77.29,0.996,43.6,0
6943,208.7,75.53,2.485,38.93,0
6944,396.2,33.15,5.185,48.8,0
6945,681.7,72.79,3.489,38.97,1
6946,94.5,61.95,1.921,36.21,0
6947,276.1,40.98,3.116,30.31,0
6948,242.9,49.32,1.267,29.04,0
6949,438.9,27.62,1.916,41.03,0
6950,167.0,24.78,2.063,41.69,0
6951,462.7,38.14,3.949,30.1,0
6952,360.1,37.95,1.572,46.13,0
6953,312.8,75.21,7.121,34.04,1
6954,510.6,49.5,5.026,44.21,0
6955,555.6,64.56,1.083,30.81,0
6956,367.6,46.44,1.764,28.2,0
6957,415.3,43.23,1.011,51.64,0
6958,586.5,44.61,1.314,48.04,0
6959,1090.2,24.73,0.963,37.63,0
6960,235.4,93.49,0.933,30.21,1
6961,266.8,56.88,1.098,32.59,0
6962,185.4,49.05,0.878,38.2,0
6963,371.9,56.42,3.829,26.69,1
6964,650.6,75.09,1.388,43.18,0
6965,311.9,81.47,4.235,39.79,1
6966,653.2,35.9,1.182,48.31,0
6967,705.4,56.25,0.898,46.87,0
6968,465.6,57.34,1.506,31.14,0
6969,101.6,73.71,0.89,31.29,0
6970,370.5,31.86,2.408,29.34,1
6971,260.0,52.09,1.94,40.41,0
6972,210.2,99.17,1.418,37.11,1
6973,438.3,13.24,2.693,45.43,0
6974,469.0,38.74,3.259,33.72,0
6975,826.8,59.05,3.216,27.86,1
6976,119.0,57.64,1.604,34.96,1
6977,167.9,27.91,2.045,45.72,0
6978,237.4,31.62,1.348,35.45,0
6979,355.9,49.32,1.776,27.09,0
6980,431.9,36.31,4.575,35.18,0
6981,463.9,72.74,2.846,37.4,0
6982,242.9,27.91,1.584,45.08,0
6983,1032.6,60.26,0.602,46.14,0
6984,541.0,24.25,2.102,40.62,0
6985,50.4,60.91,2.108,30.44,0
6986,1100.3,53.82,2.182,36.84,0
6987,340.3,85.14,2.344,43.92,1
6988,596.5,96.17,0.825,34.42,1
6989,622.5,55.61,3.603,46.4,0
6990,392.0,55.11,1.538,38.3,0
6991,737.7,27.19,2.353,23.07,0
6992,131.3,75.06,1.396,39.53,0
6993,389.6,55.02,3.626,40.27,0
6994,519.8,49.58,1.066,45.33,0
6995,523.4,61.58,5.159,37.61,0
6996,555.8,84.74,3.145,34.27,1
6997,275.4,51.71,2.645,45.39,0
6998,496.0,72.28,1.607,32.74,1
6999,343.7,65.15,1.001,30.78,0
7000,632.3,43.42,3.9,42.74,0
7001,116.1,71.51,2.746,50.43,0
7002,524.6,89.58,1.508,43.46,1
7003,957.3,81.96,1.269,41.87,0
7004,780.4,72.57,2.404,38.18,0
7005,233.1,49.25,2.094,44.66,0
7006,561.0,62.0,4.097,39.55,0
7007,125.7,47.15,0.809,35.41,0
7008,138.2,61.24,1.978,40.53,0
7009,516.0,74.44,1.014,53.1,0
7010,120.3,75.74,3.532,43.57,0
7011,311.5,30.45,1.644,39.06,0
7012,221.2,50.97,2.707,43.31,0
7013,118.4,44.84,2.721,32.38,0
7014,382.4,60.29,2.086,33.79,0
7015,552.1,80.89,1.671,29.98,1
7016,510.9,21.52,3.848,43.59,0
7017,594.4,14.34,2.695,33.47,0
7018,402.0,44.78,1.404,23.62,0
7019,384.8,47.21,1.876,44.82,0
7020,471.8,77.35,2.851,36.41,0
7021,235.5,68.72,1.162,39.23,0
7022,696.1,42.06,0.97,41.7,0
7023,291.7,65.59,1.92,37.56,0
7024,322.7,54.99,1.907,37.47,0
7025,512.5,67.1,1.954,45.19,0
7026,914.6,24.48,2.53,48.64,0
7027,397.7,47.62,1.049,35.45,0
7028,484.6,85.53,2.594,42.94,1
7029,576.1,90.87,1.496,36.03,1
7030,151.8,33.83,2.169,24.43,0
7031,229.9,80.4,3.69,40.93,0
7032,448.1,96.87,2.215,34.57,0
7033,154.7,85.71,1.293,50.64,0
7034,568.9,70.39,1.798,43.12,0
7035,111.7,50.82,0.927,38.19,0
7036,669.3,72.28,3.45,35.28,1
7037,49.9,53.02,1.955,45.99,0
7038,475.6,44.51,1.583,30.3,0
7039,382.0,14.45,1.986,44.51,0
7040,340.4,68.98,2.075,39.86,0
7041,216.2,56.85,0.62,31.8,0
7042,219.0,47.33,1.202,29.95,0
7043,39.8,46.53,3.464,42.71,0
7044,86.7,47.27,1.086,37.01,0
7045,463.4,68.81,2.863,32.86,0
7046,383.3,69.88,2.327,34.37,0
7047,452.2,71.16,4.322,33.9,1
7048,509.3,64.08,2.584,35.52,0
7049,271.3,48.94,1.219,29.32,0
7050,356.1,83.81,2.661,51.7,0
7051,120.5,39.72,2.798,41.16,0
7052,640.9,42.68,1.455,36.36,0
7053,721.2,62.67,1.125,43.8,0
7054,1459.6,73.93,2.726,49.0,1
7055,354.4,37.24,6.635,38.47,0
7056,647.4,56.2,1.22,44.28,0
7057,103.9,88.34,2.645,35.49,1
7058,471.7,28.97,3.227,43.97,0
7059,576.5,63.26,3.717,40.69,1
7060,699.1,48.14,3.408,34.54,0
7061,85.5,86.02,2.692,34.98,0
7062,941.6,28.77,0.887,46.01,0
7063,424.9,56.12,1.269,40.41,0
7064,355.6,84.58,1.493,40.46,0
7065,116.2,17.26,1.401,34.93,0
7066,153.1,30.78,2.126,46.62,0
7067,153.5,41.84,1.706,44.93,0
7068,35.2,60.04,0.584,29.59,0
7069,74.9,58.96,2.61,31.22,0
7070,195.8,68.76,2.091,35.43,0
7071,404.9,34.88,5.334,42.23,0
7072,283.0,66.53,1.73,42.03,0
7073,573.3,62.47,1.142,35.32,0
7074,520.9,40.58,6.496,30.15,1
7075,1130.9,89.42,1.879,43.13,1
7076,96.1,53.83,3.518,33.75,0
7077,646.4,53.5,2.444,44.43,0
7078,555.6,93.5,2.594,41.85,1
7079,782.6,70.01,2.948,33.55,1
7080,224.3,54.94,3.859,38.26,0
7081,77.8,51.87,0.963,36.02,0
7082,186.3,88.62,1.306,47.52,0
7083,485.5,30.54,2.198,27.67,1
7084,242.2,40.57,1.358,36.37,0
7085,468.7,58.03,2.33,36.83,0
7086,168.0,64.45,2.17,25.97,1
7087,163.6,45.8,1.536,33.31,0
7088,515.5,70.05,1.409,36.98,0
7089,272.7,72.58,2.034,30.0,0
7090,382.3,52.4,1.167,45.3,0
7091,303.3,88.44,1.482,35.37,1
7092,59.8,33.29,1.491,33.05,0
7093,377.0,45.73,5.065,28.54,0
7094,206.0,78.76,2.118,31.7,0
7095,269.8,69.78,1.371,35.48,0
7096,154.2,47.64,0.745,41.97,0
7097,201.4,47.61,1.996,43.12,0
7098,694.0,88.86,1.851,34.1,1
7099,726.3,5.5,3.215,34.78,0
7100,197.1,59.4,2.75,52.76,0
7101,537.5,50.27,2.062,43.76,0
7102,227.4,52.05,1.266,33.99,0
7103,332.4,80.77,1.697,43.53,0
7104,233.6,43.66,11.154,39.66,0
7105,393.5,32.76,5.875,48.5,0
7106,909.3,79.69,2.414,39.9,1
7107,874.6,45.5,1.893,34.2,1
7108,604.1,60.48,4.171,39.09,0
7109,630.1,38.42,2.326,38.53,0
7110,429.7,49.79,2.588,47.49,0
7111,72.5,32.39,1.168,48.65,0
7112,832.1,44.84,3.591,41.02,0
7113,292.9,28.35,3.742,33.9,0
7114,180.5,69.73,0.607,31.71,0
7115,554.0,34.76,1.634,46.57,0
7116,269.8,33.78,4.347,49.81,0
7117,289.5,56.63,5.164,50.44,0
7118,273.6,48.47,2.101,37.19,0
7119,160.8,83.53,2.377,37.7,1
7120,451.3,93.14,1.191,38.44,0
7121,348.0,91.16,0.7,37.99,1
7122,85.7,36.53,3.891,28.2,0
7123,1337.8,60.45,1.198,42.68,0
7124,77.3,50.28,0.977,44.99,0
7125,895.9,88.21,2.861,46.74,0
7126,339.6,34.32,1.493,31.3,0
7127,286.9,74.44,2.377,33.29,0
7128,440.6,39.62,4.99,35.31,0
7129,331.8,47.78,1.3,40.0,0
7130,86.3,65.1,9.677,37.25,0
7131,1152.3,28.03,2.126,26.64,1
7132,105.3,49.06,0.74,45.69,0
7133,518.8,42.1,2.588,37.04,0
7134,500.6,81.51,2.907,30.38,1
7135,171.3,74.82,1.249,39.1,0
7136,82.3,26.01,2.562,39.2,0
7137,213.6,56.4,1.545,41.89,0
7138,211.5,64.95,1.79,22.12,0
7139,491.1,63.23,1.257,43.43,0
7140,273.9,31.25,2.705,22.3,0
7141,308.6,45.32,2.98,40.22,0
7142,87.5,65.63,3.01,47.49,0
7143,412.4,60.36,3.264,37.91,0
7144,1290.5,55.73,1.255,45.76,0
7145,590.8,53.44,2.691,28.68,1
7146,132.6,71.44,2.318,26.31,1
7147,640.0,40.44,2.538,43.56,0
7148,486.1,21.22,3.944,42.58,0
7149,376.6,76.93,1.201,40.54,0
7150,206.8,65.25,4.161,46.74,0
7151,258.0,36.86,2.404,48.93,0
7152,347.5,67.64,1.957,35.01,0
7153,673.7,41.07,1.263,38.51,0
7154,431.0,58.7,1.997,61.13,0
7155,371.4,57.84,1.294,31.79,0
7156,440.4,19.67,2.299,32.34,0
7157,191.3,74.09,3.884,44.24,0
7158,66.2,52.7,2.158,43.73,0
7159,109.1,57.97,3.244,39.3,0
7160,339.7,76.31,2.556,29.37,1
7161,710.0,51.27,1.288,43.9,0
7162,538.9,74.35,0.811,41.13,0
7163,108.3,60.61,2.101,30.18,0
7164,96.4,39.54,2.986,51.5,0
7165,588.3,48.47,1.277,33.74,0
7166,831.1,52.32,1.248,35.13,1
7167,375.8,71.28,1.574,42.2,0
7168,137.1,69.05,5.528,32.49,0
7169,201.4,31.01,0.461,40.58,0
7170,464.5,34.94,2.555,38.82,0
7171,461.1,14.73,4.74,40.69,0
7172,503.9,91.73,1.755,39.66,0
7173,613.1,80.34,3.192,44.68,1
7174,190.3,36.61,3.085,39.83,0
7175,216.9,25.97,1.776,43.98,0
7176,428.3,60.47,3.361,40.34,0
7177,272.8,7.11,1.151,42.92,0
7178,1015.1,71.9,2.474,42.82,0
7179,1770.4,46.21,1.32,33.92,0
7180,416.0,81.32,6.514,56.0,0
7181,141.6,23.93,1.7,32.93,0
7182,774.1,65.82,9.499,42.07,0
7183,226.8,23.36,2.798,39.61,0
7184,623.2,63.13,1.747,29.86,0
7185,384.3,35.36,3.719,33.44,0
7186,1114.8,89.05,0.951,34.51,1
7187,185.3,38.83,2.516,34.23,0
7188,874.8,94.98,1.861,33.77,1
7189,509.8,48.26,1.762,25.15,0
7190,347.2,62.92,4.319,38.59,0
7191,424.6,77.83,3.081,37.06,1
7192,237.3,69.26,2.567,25.72,0
7193,529.7,35.55,1.856,34.61,0
7194,289.7,65.78,4.033,41.43,0
7195,279.0,59.01,1.419,33.1,0
7196,304.5,36.33,0.954,40.8,0
7197,169.3,45.97,2.363,43.59,0
7198,358.2,72.18,6.252,30.92,1
7199,44.8,51.43,0.515,41.93,0
7200,54.8,59.31,3.453,36.29,0
7201,174.1,40.64,2.901,44.46,0
7202,244.8,54.65,1.766,40.46,0
7203,784.3,56.71,1.695,42.83,0
7204,770.1,60.94,2.907,31.34,0
7205,270.3,35.06,1.882,36.61,0
7206,200.5,27.47,2.476,34.31,0
7207,249.7,77.68,1.714,32.51,1
7208,151.5,26.1,2.29,35.65,0
7209,135.0,51.21,1.18,34.13,0
7210,351.5,63.23,0.984,34.1,0
7211,677.2,90.7,1.888,40.0,1
7212,126.2,67.98,3.615,41.79,0
7213,495.2,46.63,1.9,32.1,0
7214,551.2,49.49,2.795,40.52,0
7215,248.2,25.36,1.144,37.45,0
7216,783.6,41.31,1.609,44.31,0
7217,1129.4,55.49,6.23,38.58,0
7218,1067.8,72.67,1.62,45.6,0
7219,240.6,83.25,4.373,45.13,1
7220,435.0,58.07,3.575,46.24,0
7221,36.2,13.18,1.663,36.09,0
7222,568.8,59.75,1.707,30.43,0
7223,281.4,94.69,1.827,41.0,1
7224,438.8,48.49,1.915,31.47,0
7225,549.0,27.94,2.324,30.56,0
7226,1377.0,69.5,2.14,41.96,1
7227,769.4,85.82,2.495,36.6,0
7228,87.2,67.82,4.959,33.64,0
7229,319.1,86.56,1.353,40.33,1
7230,457.4,40.18,1.194,42.23,0
7231,580.5,62.37,1.683,33.12,0
7232,979.0,61.82,1.039,36.02,1
7233,785.1,46.48,2.353,34.86,0
7234,299.9,43.44,1.204,43.28,0
7235,179.7,72.05,1.801,40.14,0
7236,151.2,31.08,2.106,43.75,0
7237,115.4,52.31,1.889,37.42,0
7238,115.3,56.89,1.529,43.5,0
7239,578.8,55.07,2.825,41.99,0
7240,1152.4,82.03,4.509,42.4,1
7241,865.3,53.05,1.525,26.82,0
7242,305.0,39.2,2.64,37.23,0
7243,399.1,59.13,0.684,41.88,0
7244,162.8,80.94,2.594,38.1,0
7245,322.7,54.51,0.8,43.06,0
7246,47.5,28.81,2.514,37.11,0
7247,480.7,38.33,2.094,33.36,0
7248,440.1,38.23,4.376,34.94,0
7249,264.1,75.52,1.091,46.31,0
7250,695.0,28.22,1.086,39.31,0
7251,459.9,51.47,1.929,31.61,0
7252,305.1,75.71,2.674,41.82,0
7253,94.7,50.78,4.24,47.43,0
7254,402.5,66.71,2.919,29.52,1
7255,264.5,52.43,3.449,32.91,0
7256,175.8,85.08,2.443,39.08,1
7257,256.2,26.04,3.616,44.56,0
7258,401.6,36.82,1.68,33.05,0
7259,464.3,46.16,1.926,50.44,0
7260,453.1,88.93,2.593,48.53,0
7261,743.0,77.22,1.749,46.43,1
7262,625.9,21.43,3.149,40.38,0
7263,139.9,71.17,0.929,42.16,0
7264,731.4,70.75,2.127,30.91,1
7265,388.3,41.3,2.656,42.62,0
7266,928.5,23.17,0.656,43.11,0
7267,573.0,69.92,15.141,47.71,1
7268,229.9,43.89,0.775,48.4,0
7269,416.0,90.53,3.515,36.1,1
7270,157.6,75.82,1.493,35.1,0
7271,735.2,19.47,1.068,29.98,0
7272,497.1,33.69,0.771,33.2,0
7273,402.4,40.78,4.897,44.54,0
7274,301.4,91.86,0.626,46.18,0
7275,315.3,64.43,1.111,33.05,0
7276,250.8,40.39,0.939,28.4,0
7277,343.4,45.59,2.329,40.14,0
7278,143.3,79.34,1.767,32.16,0
7279,280.3,61.87,1.294,46.73,0
7280,529.5,55.86,5.277,34.1,1
7281,332.8,24.76,2.048,34.95,0
7282,121.4,73.04,1.442,39.19,0
7283,280.5,84.28,0.953,25.93,0
7284,604.6,45.0,1.714,37.97,0
7285,83.6,67.2,1.881,39.6,0
7286,65.6,75.24,0.75,36.77,0
7287,264.1,13.4,2.731,31.45,0
7288,385.6,35.35,2.295,32.66,0
7289,334.2,21.93,2.268,39.5,0
7290,257.7,27.84,5.013,35.46,0
7291,376.3,25.78,1.045,45.49,0
7292,214.9,66.54,3.707,48.31,0
7293,647.8,31.76,1.911,40.86,0
7294,689.4,55.68,4.028,44.47,0
7295,469.1,35.54,1.572,41.54,0
7296,572.8,16.53,0.822,41.0,0
7297,507.2,47.06,5.391,32.61,1
7298,404.1,86.78,0.925,39.47,0
7299,839.9,61.36,2.804,34.78,0
7300,290.4,63.33,1.02,40.21,0
7301,350.3,70.09,1.177,37.46,0
7302,307.1,44.32,2.812,27.79,0
7303,247.8,46.73,3.193,37.69,0
7304,290.6,18.01,2.776,42.73,0
7305,268.5,56.45,2.485,32.41,0
7306,921.6,64.51,3.735,41.24,0
7307,365.7,61.44,1.797,49.5,0
7308,327.0,29.25,1.283,39.75,0
7309,272.1,49.2,1.69,49.02,0
7310,377.2,85.77,2.56,52.2,1
7311,696.4,79.63,2.015,46.23,0
7312,186.1,52.74,0.928,30.97,0
7313,470.7,67.4,2.326,39.07,0
7314,339.6,48.53,1.357,39.26,0
7315,278.4,87.24,2.651,37.76,1
7316,78.3,76.78,2.972,34.12,0
7317,1087.5,31.46,3.92,53.42,0
7318,462.9,92.21,1.582,33.39,0
7319,231.3,83.95,2.253,41.36,0
7320,337.2,19.4,1.518,47.54,0
7321,170.5,78.24,1.329,31.67,0
7322,119.9,75.75,2.822,32.82,0
7323,134.7,56.56,6.49,42.94,0
7324,175.4,74.86,5.152,44.2,0
7325,97.0,73.52,2.65,29.43,1
7326,871.0,57.77,2.107,33.27,0
7327,547.3,48.7,0.916,38.84,0
7328,137.4,43.71,2.018,33.55,0
7329,180.7,28.76,1.79,41.51,0
7330,135.7,67.19,1.521,34.9,0
7331,176.4,53.25,1.221,35.28,0
7332,423.6,67.91,3.071,27.55,0
7333,211.7,54.71,2.938,33.7,0
7334,603.0,43.35,2.024,39.22,0
7335,1273.6,81.99,1.274,31.64,1
7336,584.3,84.53,1.09,28.94,1
7337,194.3,89.59,3.863,38.72,1
7338,1134.3,68.05,0.885,35.94,0
7339,277.8,36.17,1.312,39.89,0
7340,996.6,44.43,4.811,49.05,0
7341,625.6,53.89,4.175,39.2,0
7342,535.9,69.26,1.385,37.36,0
7343,388.5,81.49,3.827,46.09,0
7344,311.2,77.55,2.266,31.47,0
7345,125.5,76.55,1.039,38.19,0
7346,777.8,84.98,2.398,37.16,1
7347,440.3,64.51,2.629,45.15,0
7348,558.9,51.01,4.931,51.08,0
7349,243.4,78.1,1.832,47.74,0
7350,231.2,29.72,1.609,40.15,0
7351,466.3,26.09,2.189,41.03,0
7352,663.7,18.04,1.409,43.55,0
7353,686.8,25.87,1.158,43.02,0
7354,986.7,74.25,1.12,44.78,0
7355,223.7,55.62,0.784,49.25,0
7356,430.2,70.73,3.074,36.08,1
7357,390.6,64.74,4.098,34.68,0
7358,244.3,70.31,2.395,42.65,1
7359,219.8,20.75,0.812,35.98,0
7360,379.8,64.36,3.245,34.37,0
7361,391.8,35.25,0.822,36.27,0
7362,488.4,45.93,3.676,35.22,0
7363,298.8,66.95,0.981,44.86,0
7364,242.8,84.95,1.519,38.35,1
7365,357.1,24.83,1.001,30.39,0
7366,368.5,76.61,2.199,28.89,0
7367,515.4,62.11,4.22,31.15,0
7368,903.5,13.48,0.629,39.06,0
7369,1079.7,73.54,3.043,31.96,1
7370,251.8,50.18,1.028,34.71,0
7371,560.6,84.46,2.731,35.04,1
7372,436.3,62.64,0.473,40.98,0
7373,888.9,59.03,1.656,32.1,0
7374,683.8,61.26,1.278,36.8,0
7375,48.9,60.75,1.87,33.04,0
7376,320.9,78.84,6.207,41.41,1
7377,363.8,50.93,1.166,42.8,0
7378,514.4,25.36,0.443,47.46,0
7379,553.4,26.28,6.564,33.3,0
7380,312.2,54.63,1.757,36.39,0
7381,466.8,66.75,1.355,36.34,0
7382,370.5,84.7,2.24,32.4,1
7383,1184.8,10.85,5.953,36.61,1
7384,98.4,75.17,3.368,35.12,0
7385,767.0,50.52,1.156,30.7,0
7386,329.4,27.41,1.373,40.87,0
7387,351.0,20.82,2.481,31.0,0
7388,629.1,15.61,1.694,51.67,0
7389,226.5,76.55,2.133,39.95,0
7390,425.7,45.24,1.178,46.47,0
7391,189.8,54.73,3.818,44.34,0
7392,288.9,45.07,1.053,34.98,0
7393,728.2,78.29,0.964,31.76,0
7394,226.3,65.01,2.389,49.7,0
7395,726.4,43.74,3.107,42.8,0
7396,102.4,59.1,2.114,38.8,1
7397,127.7,39.58,1.405,47.43,0
7398,247.0,19.95,2.425,41.68,0
7399,333.4,68.47,2.289,42.79,0
7400,894.0,62.19,1.727,40.16,1
7401,318.6,95.64,1.079,26.71,1
7402,240.5,66.29,1.188,43.87,0
7403,602.7,31.5,1.843,24.84,1
7404,300.3,46.9,2.091,37.19,0
7405,710.9,75.37,2.833,32.37,1
7406,149.5,48.17,2.679,39.48,0
7407,173.9,55.93,2.149,43.56,0
7408,628.7,49.4,3.303,44.92,0
7409,330.8,50.29,0.926,40.82,0
7410,287.1,72.28,1.394,40.56,0
7411,324.8,86.42,1.828,40.41,1
7412,891.0,53.84,0.753,42.2,0
7413,277.1,26.29,2.834,31.1,0
7414,68.2,36.92,1.348,56.67,0
7415,445.4,76.22,8.439,46.51,1
7416,712.3,68.25,2.359,48.3,0
7417,442.8,54.22,3.552,48.79,0
7418,1221.3,78.97,2.285,36.52,0
7419,996.0,46.21,2.032,28.05,0
7420,106.0,71.31,3.019,32.5,0
7421,1001.9,21.74,1.201,33.49,0
7422,450.5,30.12,1.43,38.41,0
7423,138.3,28.41,2.855,49.6,0
7424,164.5,64.37,1.696,34.02,0
7425,594.9,33.32,1.981,40.17,0
7426,529.1,44.31,5.675,23.6,0
7427,260.8,97.63,0.718,36.96,1
7428,439.7,25.43,2.332,27.47,0
7429,472.5,68.55,3.238,33.77,1
7430,524.8,51.94,2.622,42.86,0
7431,204.6,70.78,2.365,39.84,0
7432,556.4,34.84,6.522,39.5,0
7433,285.9,76.32,2.339,27.63,1
7434,380.9,58.64,1.815,41.28,0
7435,510.6,58.85,3.1,32.0,0
7436,224.6,25.96,0.96,28.3,0
7437,730.3,65.36,2.277,51.12,1
7438,279.2,26.92,2.101,34.37,0
7439,99.2,30.19,1.178,34.54,0
7440,516.9,17.26,1.593,45.13,0
7441,665.3,35.34,1.606,38.96,0
7442,426.6,10.73,2.538,25.62,0
7443,142.9,24.2,2.18,37.2,0
7444,306.5,61.48,0.855,33.24,0
7445,582.4,78.07,2.367,37.53,1
7446,275.5,36.94,1.161,33.22,0
7447,469.5,85.26,3.436,37.71,1
7448,400.1,53.0,2.153,36.79,0
7449,165.3,46.27,5.377,25.56,1
7450,60.2,71.47,1.537,21.35,1
7451,1257.0,67.09,6.258,38.19,0
7452,323.1,62.81,3.058,42.17,0
7453,140.3,64.8,0.857,27.7,0
7454,208.2,36.19,2.177,30.63,0
7455,224.1,61.81,0.629,35.9,0
7456,541.7,73.65,4.98,37.42,1
7457,535.9,58.68,3.4,33.98,0
7458,440.1,58.05,0.937,37.66,0
7459,303.8,33.69,2.582,34.03,0
7460,424.4,54.45,2.069,42.73,0
7461,353.3,31.66,4.509,37.42,0
7462,496.7,34.91,1.349,37.0,0
7463,237.5,54.25,0.96,45.43,0
7464,73.1,71.3,0.786,35.42,0
7465,717.6,26.59,2.907,35.14,0
7466,349.2,23.55,1.839,37.62,0
7467,14.5,74.36,2.344,34.38,0
7468,298.1,71.09,3.296,37.94,0
7469,609.9,70.39,1.27,35.93,1
7470,619.5,96.73,2.181,37.04,1
7471,77.2,43.54,2.44,28.87,0
7472,376.2,32.29,4.416,52.66,0
7473,1227.2,11.97,2.228,44.13,0
7474,500.5,55.89,1.523,33.88,0
7475,164.1,23.6,1.621,45.0,0
7476,473.6,22.33,2.064,40.69,0
7477,411.3,44.65,1.557,44.54,0
7478,172.4,60.58,3.478,28.78,0
7479,248.4,70.13,2.378,39.29,0
7480,441.4,79.37,2.402,31.77,1
7481,653.1,90.81,1.878,43.11,1
7482,208.2,69.19,3.821,40.95,0
7483,253.0,73.26,1.2,42.94,0
7484,527.4,51.52,4.829,34.29,0
7485,349.9,38.17,1.47,45.99,0
7486,664.4,51.89,1.618,36.74,0
7487,232.6,54.73,1.608,39.8,0
7488,290.8,82.72,1.986,45.54,0
7489,1105.7,93.46,1.368,48.83,0
7490,822.2,57.58,3.546,43.25,1
7491,146.0,61.01,2.21,43.27,0
7492,444.1,39.9,1.973,23.8,0
7493,153.4,83.06,3.868,37.62,0
7494,402.0,19.18,1.632,31.75,0
7495,104.7,71.22,2.09,36.07,0
7496,435.1,70.22,0.739,34.9,0
7497,846.3,72.61,1.562,37.21,1
7498,336.3,34.62,1.821,31.11,0
7499,300.4,89.12,6.013,37.32,1
7500,380.0,60.94,1.263,38.2,0
7501,957.3,6.28,1.617,34.18,0
7502,465.5,65.86,2.322,30.99,1
7503,1026.2,22.72,1.293,38.49,0
7504,147.1,69.91,5.028,26.57,1
7505,755.3,33.54,1.497,42.16,0
7506,443.0,82.16,0.746,42.35,0
7507,600.7,59.0,3.873,30.3,1
7508,192.1,76.79,1.326,35.7,0
7509,462.7,45.35,4.977,41.16,0
7510,520.1,46.36,1.659,41.13,0
7511,111.6,41.6,1.535,41.11,0
7512,785.6,60.75,1.927,40.13,0
7513,405.8,32.7,2.458,30.46,0
7514,137.7,42.72,0.919,35.96,0
7515,638.6,24.27,1.911,37.77,0
7516,54.5,62.04,4.924,39.61,0
7517,525.7,51.31,2.189,34.56,0
7518,46.0,72.94,5.053,42.98,0
7519,774.6,21.21,1.786,35.51,0
7520,299.5,48.75,4.597,38.03,1
7521,916.8,54.14,1.395,38.57,0
7522,528.3,54.09,2.521,34.65,0
7523,116.1,53.64,2.025,42.77,0
7524,1032.3,58.33,1.465,36.17,0
7525,645.4,84.96,1.352,39.1,0
7526,1303.0,45.39,3.431,28.21,1
7527,263.3,46.67,3.062,38.31,0
7528,321.7,80.95,1.402,44.59,0
7529,513.2,46.21,2.129,47.72,0
7530,168.2,37.9,3.629,23.02,0
7531,306.3,82.93,2.466,28.1,1
7532,702.1,55.03,1.673,40.51,0
7533,204.5,73.32,2.902,41.32,0
7534,453.1,59.64,1.572,39.09,0
7535,159.5,73.01,0.965,39.05,0
7536,344.9,25.59,4.743,37.85,0
7537,641.6,77.8,2.65,40.25,1
7538,475.4,21.84,1.943,31.78,0
7539,364.4,65.05,2.326,33.84,0
7540,351.9,56.74,1.611,40.25,0
7541,324.8,36.0,3.428,27.97,0
7542,104.1,61.82,1.266,39.71,0
7543,683.0,25.9,1.079,25.65,0
7544,235.4,20.43,2.499,37.28,0
7545,369.6,58.07,2.218,37.84,0
7546,580.6,46.27,2.134,42.36,0
7547,126.1,38.39,2.484,44.19,0
7548,305.0,80.86,2.901,24.72,1
7549,477.1,78.89,2.401,36.17,1
7550,298.6,76.7,1.541,42.06,0
7551,115.1,58.28,2.532,45.16,0
7552,685.0,70.42,2.34,39.52,0
7553,405.3,51.36,0.924,30.43,0
7554,425.5,59.25,3.973,39.71,0
7555,1059.1,64.41,3.736,30.58,1
7556,561.9,80.45,1.675,34.53,1
7557,147.3,27.31,2.191,50.68,0
7558,614.4,62.55,2.562,40.07,0
7559,287.3,20.82,2.783,25.8,1
7560,153.8,35.56,2.226,36.83,0
7561,57.0,74.78,1.847,39.62,0
7562,279.6,33.7,2.925,44.13,0
7563,209.2,74.3,1.765,44.17,0
7564,599.3,19.71,2.221,35.45,0
7565,818.3,65.11,4.073,38.69,0
7566,549.3,39.71,3.108,30.52,0
7567,272.1,42.89,1.757,34.9,0
7568,907.2,63.62,2.839,35.68,1
7569,693.5,61.33,3.533,42.97,0
7570,522.7,36.94,1.392,53.94,0
7571,526.5,73.29,1.841,36.17,0
7572,945.2,33.95,1.865,34.2,0
7573,203.8,51.82,1.044,38.59,0
7574,347.6,87.89,1.723,41.36,0
7575,748.5,70.82,1.241,40.98,0
7576,111.5,56.67,1.942,39.23,0
7577,569.7,24.87,0.948,41.93,0
7578,213.5,68.07,2.238,35.78,0
7579,317.0,44.14,9.038,35.02,0
7580,368.9,39.22,3.94,31.54,0
7581,318.8,50.55,2.531,39.84,0
7582,416.9,65.22,0.589,47.11,0
7583,441.0,75.34,2.485,49.1,0
7584,200.6,39.54,1.707,28.98,0
7585,166.2,35.08,2.297,38.74,0
7586,427.9,25.55,0.994,46.04,0
7587,202.9,59.74,0.521,49.36,0
7588,194.8,66.09,1.406,35.79,0
7589,76.5,31.99,3.525,42.57,0
7590,770.7,46.12,2.114,43.03,0
7591,360.5,70.49,1.908,36.8,0
7592,99.8,69.21,3.233,31.58,0
7593,180.1,74.64,2.063,35.07,0
7594,372.8,71.06,1.67,40.14,0
7595,155.6,53.96,0.924,42.78,0
7596,239.0,80.72,1.871,37.94,0
7597,201.2,72.74,1.999,24.77,0
7598,302.4,71.36,3.31,35.4,0
7599,146.6,32.23,1.475,31.63,0
7600,322.4,60.92,2.749,38.37,0
7601,839.5,41.51,1.723,46.16,0
7602,251.1,49.17,1.691,41.66,0
7603,181.7,34.51,3.288,33.9,0
7604,517.9,56.96,1.544,32.08,0
7605,373.8,85.46,1.421,37.34,1
7606,814.4,53.46,3.905,39.03,0
7607,454.6,73.46,2.969,42.85,0
7608,387.4,53.83,0.818,40.62,0
7609,124.6,44.39,7.121,37.33,0
7610,173.8,98.08,1.882,44.91,0
7611,435.6,69.53,0.778,41.5,0
7612,487.8,24.89,1.798,38.5,0
7613,733.5,37.83,1.267,27.14,0
7614,286.0,42.07,1.517,35.41,0
7615,249.9,68.7,3.999,40.88,0
7616,209.8,54.41,1.752,38.34,0
7617,182.0,33.43,1.609,26.82,0
7618,351.5,70.43,4.229,46.19,0
7619,1080.1,72.75,2.258,49.32,0
7620,639.9,53.3,0.987,38.85,0
7621,362.4,27.57,2.514,36.18,0
7622,239.8,51.64,0.771,42.27,0
7623,704.7,26.38,1.436,29.0,0
7624,58.6,48.02,1.48,26.62,0
7625,365.9,35.02,2.023,35.31,0
7626,63.3,40.21,2.72,34.83,0
7627,252.3,59.24,1.75,34.98,1
7628,364.7,95.78,3.727,44.1,1
7629,710.2,46.71,1.937,45.23,0
7630,609.4,43.1,2.267,23.22,0
7631,873.9,57.72,2.016,43.25,0
7632,145.6,68.16,3.055,33.94,0
7633,387.2,86.58,2.509,37.83,1
7634,386.3,24.23,1.745,34.22,0
7635,164.2,86.59,2.207,45.45,0
7636,79.1,36.95,2.166,30.49,0
7637,91.6,68.72,0.797,37.2,0
7638,268.5,49.85,1.581,28.13,0
7639,415.3,51.0,1.173,44.46,0
7640,726.4,70.02,0.839,34.79,0
7641,322.1,77.44,3.273,41.94,0
7642,787.6,42.71,3.526,38.62,0
7643,356.4,94.65,0.94,39.8,1
7644,945.8,83.56,1.043,38.17,1
7645,61.6,92.02,2.262,28.68,0
7646,327.9,54.72,3.489,40.91,0
7647,202.8,79.28,2.979,42.58,1
7648,179.4,58.01,0.716,30.24,0
7649,779.2,78.08,1.401,33.49,1
7650,177.6,74.94,3.667,42.24,0
7651,737.1,41.34,1.794,40.27,0
7652,628.6,71.23,1.377,46.49,0
7653,753.6,80.05,1.589,35.84,1
7654,312.9,45.31,1.787,43.43,0
7655,492.7,19.34,1.48,38.69,0
7656,138.4,5.05,2.556,34.99,0
7657,178.8,60.44,1.658,30.02,0
7658,421.6,94.59,1.969,30.75,1
7659,928.7,56.44,8.398,42.29,0
7660,1111.0,76.39,1.843,45.88,0
7661,206.7,76.39,2.009,44.17,1
7662,263.4,39.67,2.328,28.86,0
7663,552.7,51.11,2.25,38.19,0
7664,469.0,46.9,3.984,24.13,1
7665,441.7,88.0,3.203,21.21,1
7666,887.4,55.17,1.395,27.52,1
7667,702.0,71.99,1.126,32.83,0
7668,313.0,90.07,2.627,47.58,0
7669,601.5,72.08,2.646,37.57,0
7670,213.2,57.39,4.688,30.59,0
7671,309.0,30.25,1.269,35.81,0
7672,204.3,67.19,2.828,33.81,0
7673,225.5,45.74,2.167,41.51,0
7674,509.6,28.23,2.154,33.26,0
7675,290.0,50.5,1.953,37.0,0
7676,199.7,35.97,1.494,34.89,0
7677,236.6,53.5,1.463,43.35,0
7678,425.2,25.83,6.218,53.3,0
7679,156.3,62.77,2.229,42.45,0
7680,209.3,69.8,4.526,41.1,0
7681,296.2,61.89,2.066,43.77,0
7682,367.3,47.09,3.314,51.79,0
7683,496.3,46.56,3.859,37.93,0
7684,265.1,70.47,2.86,22.84,1
7685,458.8,55.31,1.031,35.48,0
7686,269.4,15.83,7.545,41.66,0
7687,200.0,71.54,1.161,42.19,0
7688,454.5,80.41,1.737,37.32,1
7689,176.4,94.73,2.394,38.27,0
7690,228.2,66.7,1.329,30.15,0
7691,695.5,88.37,1.351,45.19,0
7692,587.3,63.03,2.664,31.78,1
7693,174.1,20.93,2.05,33.17,0
7694,448.7,62.2,2.024,41.45,0
7695,131.5,51.74,1.8,44.72,0
7696,35.9,70.64,1.979,40.54,0
7697,74.3,46.16,1.728,41.19,0
7698,285.1,71.95,3.729,41.65,0
7699,325.1,86.77,2.127,36.75,0
7700,430.5,59.11,2.022,38.84,0
7701,117.1,50.41,1.911,41.52,0
7702,870.1,61.5,1.787,42.9,0
7703,640.0,66.75,1.368,40.11,0
7704,247.5,48.9,2.045,38.24,0
7705,438.0,69.58,3.335,30.94,1
7706,213.2,61.5,2.726,49.8,0
7707,255.8,55.04,1.55,32.9,0
7708,80.0,43.68,1.763,29.66,0
7709,208.2,87.8,1.073,41.08,0
7710,925.1,48.78,1.307,39.89,0
7711,936.7,46.84,3.508,38.81,0
7712,1302.1,22.15,1.409,45.39,0
7713,65.2,73.51,4.669,38.47,0
7714,780.2,38.46,2.838,37.99,0
7715,287.6,54.78,2.971,31.07,0
7716,223.9,83.0,1.419,49.71,0
7717,565.5,92.16,1.851,29.47,1
7718,702.8,36.95,1.504,38.08,0
7719,394.8,41.17,5.34,49.33,0
7720,320.7,64.71,2.179,54.92,0
7721,543.3,20.54,0.897,36.55,0
7722,425.6,58.05,3.939,43.94,0
7723,127.2,40.39,2.306,47.66,0
7724,317.8,22.76,3.732,41.94,0
7725,821.7,48.4,2.979,33.76,0
7726,213.8,52.26,2.304,41.55,0
7727,55.2,48.21,2.93,33.15,0
7728,424.4,38.54,1.803,37.33,0
7729,351.7,57.35,1.487,34.77,0
7730,1095.5,60.29,2.219,50.17,0
7731,572.0,49.88,3.009,36.67,0
7732,348.7,43.19,2.087,36.2,0
7733,374.3,47.79,1.907,40.17,0
7734,623.1,69.7,2.674,40.49,0
7735,91.3,26.41,6.452,40.71,0
7736,145.4,69.71,1.177,35.3,0
7737,639.8,74.39,2.723,44.94,0
7738,627.2,18.94,2.082,33.22,0
7739,596.5,25.12,0.856,41.15,0
7740,1764.8,26.04,2.59,44.02,0
7741,438.3,15.77,1.276,21.46,0
7742,462.1,39.87,1.818,48.56,0
7743,333.5,55.7,0.7,24.27,0
7744,450.2,62.42,2.108,25.24,1
7745,265.9,69.96,0.797,45.49,0
7746,134.6,40.33,2.568,50.07,0
7747,281.5,73.1,1.733,27.95,1
7748,477.8,57.15,2.11,35.11,1
7749,479.9,89.51,2.578,50.02,0
7750,929.9,60.25,1.054,38.37,0
7751,458.7,39.44,1.911,31.23,0
7752,123.5,32.8,2.173,43.27,0
7753,1221.1,41.78,5.329,32.98,0
7754,526.8,53.45,3.268,34.13,1
7755,183.4,29.6,3.483,41.13,0
7756,168.8,42.35,4.836,38.8,1
7757,543.1,45.64,1.97,46.34,0
7758,808.8,88.78,1.279,28.63,1
7759,984.1,73.42,3.72,36.31,1
7760,413.0,60.25,2.41,42.13,0
7761,102.5,59.27,2.19,28.32,0
7762,412.6,52.24,2.054,43.24,0
7763,161.6,84.6,4.969,30.38,1
7764,204.7,31.33,1.494,41.96,0
7765,267.7,60.84,5.849,46.87,0
7766,388.0,88.9,1.949,35.49,1
7767,223.9,73.09,2.35,46.65,0
7768,719.1,18.84,2.384,42.22,0
7769,436.6,46.57,0.743,43.64,0
7770,883.4,64.44,2.147,35.8,0
7771,458.9,19.35,1.213,53.26,0
7772,318.6,44.33,4.552,34.25,0
7773,825.9,43.73,2.006,43.09,0
7774,45.7,78.99,2.812,40.47,0
7775,420.9,77.22,2.493,39.82,1
7776,424.5,66.39,1.033,39.64,0
7777,472.2,57.66,6.038,38.34,0
7778,377.7,56.65,4.193,41.48,0
7779,970.4,70.99,1.069,32.77,0
7780,677.1,71.23,1.423,39.93,0
7781,469.0,74.22,2.705,38.98,0
7782,313.6,64.61,2.714,38.3,0
7783,314.3,55.89,3.206,43.73,0
7784,114.0,91.95,1.97,35.8,0
7785,168.1,78.06,1.807,30.76,1
7786,1089.5,31.78,1.011,35.61,0
7787,450.3,77.62,1.559,40.51,0
7788,170.0,82.56,1.414,25.69,1
7789,329.8,24.01,1.023,37.06,0
7790,171.7,70.54,1.737,38.29,0
7791,966.8,45.51,1.391,41.48,0
7792,367.5,74.43,3.539,48.97,0
7793,250.3,67.3,2.328,40.11,0
7794,714.3,87.32,1.625,30.08,1
7795,87.8,91.25,2.18,45.8,0
7796,651.5,60.8,1.522,41.82,0
7797,461.3,67.02,1.86,37.92,0
7798,389.7,58.23,3.233,40.99,0
7799,451.0,88.73,3.315,35.84,1
7800,308.2,56.39,3.058,48.88,0
7801,260.7,50.75,0.404,37.5,0
7802,1261.5,66.11,1.112,34.72,1
7803,448.0,54.51,1.222,56.41,0
7804,52.8,65.02,2.469,43.48,0
7805,169.3,46.02,3.556,36.88,0
7806,948.0,80.07,2.338,45.05,0
7807,208.8,58.15,2.132,47.23,0
7808,154.3,63.72,3.262,32.2,0
7809,132.7,58.98,4.207,33.33,0
7810,1163.0,47.46,1.986,47.91,0
7811,820.4,78.93,1.421,30.24,1
7812,615.4,25.47,3.02,42.76,0
7813,226.8,75.8,1.17,47.36,0
7814,340.1,93.4,1.367,55.19,0
7815,286.2,70.35,1.754,37.64,0
7816,265.0,39.39,3.535,30.68,0
7817,209.3,26.05,4.022,50.15,0
7818,821.4,52.72,1.133,41.33,0
7819,452.9,51.26,0.948,37.85,0
7820,428.5,50.89,1.574,36.26,0
7821,1303.1,64.41,2.125,31.16,1
7822,452.2,61.71,3.191,38.15,0
7823,472.5,70.49,2.139,38.47,0
7824,586.6,10.58,11.196,40.4,0
7825,116.4,37.75,1.156,33.7,0
7826,1067.9,65.15,2.205,32.43,0
7827,704.7,53.46,3.037,47.74,0
7828,407.4,83.65,3.155,39.46,1
7829,624.1,88.03,0.919,37.58,0
7830,181.4,28.11,2.75,40.58,0
7831,398.9,63.27,0.593,44.83,0
7832,769.0,44.8,2.179,45.69,0
7833,268.2,57.93,3.309,40.57,0
7834,423.7,52.04,7.74,38.77,0
7835,192.7,41.06,5.296,32.01,0
7836,197.4,87.9,2.507,45.79,0
7837,234.5,63.16,1.131,39.24,0
7838,658.2,41.88,3.835,26.96,1
7839,115.2,87.3,2.312,27.78,1
7840,895.8,8.67,3.459,26.95,0
7841,633.7,67.63,2.868,38.3,0
7842,172.9,76.21,2.281,42.19,0
7843,171.4,66.26,1.839,31.1,0
7844,569.6,7.95,1.018,44.4,0
7845,1165.1,14.14,2.551,31.89,0
7846,821.7,18.75,1.043,49.88,0
7847,562.1,36.67,2.038,34.61,0
7848,593.1,47.88,1.935,33.29,0
7849,870.8,31.74,8.394,46.89,0
7850,459.3,86.28,1.334,45.0,0
7851,238.1,93.07,2.086,40.99,1
7852,784.9,59.45,1.033,35.86,0
7853,207.0,54.21,1.014,21.86,0
7854,351.4,84.42,2.225,37.31,1
7855,85.6,61.39,1.442,30.29,0
7856,136.6,26.41,2.273,48.71,0
7857,319.2,86.42,0.966,47.83,0
7858,415.5,71.87,3.217,18.7,1
7859,192.2,29.05,1.046,44.98,0
7860,722.9,22.37,1.499,47.34,0
7861,874.4,53.08,0.767,34.7,0
7862,581.8,62.67,2.772,38.2,0
7863,855.5,45.72,1.535,37.93,0
7864,161.0,94.48,4.086,29.59,1
7865,595.5,33.82,1.966,25.54,0
7866,492.6,55.16,2.805,33.5,0
7867,736.0,58.31,5.063,38.92,1
7868,99.6,31.9,1.785,36.38,0
7869,117.0,59.75,2.343,34.57,0
7870,634.6,26.54,5.679,28.55,0
7871,472.4,46.01,3.049,35.46,0
7872,255.6,83.27,6.146,53.85,0
7873,54.5,18.02,1.78,33.86,0
7874,354.6,73.99,5.841,36.04,1
7875,135.9,91.86,1.896,31.81,1
7876,215.3,73.96,1.286,32.38,0
7877,467.0,53.27,1.89,42.73,0
7878,691.8,26.19,3.576,44.86,0
7879,119.0,51.21,2.228,37.15,0
7880,608.6,23.62,1.936,39.19,0
7881,577.5,45.31,1.246,44.89,0
7882,125.4,6.32,0.753,39.11,0
7883,220.3,33.05,1.327,43.83,0
7884,464.2,53.06,2.582,33.43,0
7885,637.6,79.34,2.544,37.69,0
7886,552.1,12.63,1.383,35.96,0
7887,450.0,49.36,1.243,38.59,0
7888,389.7,39.39,3.525,41.15,0
7889,422.3,51.75,1.881,44.9,0
7890,265.4,18.62,1.449,45.98,0
7891,427.4,90.67,1.042,38.96,0
7892,963.8,36.49,5.473,33.44,0
7893,806.2,49.17,1.641,31.64,1
7894,177.9,48.2,2.287,35.63,0
7895,187.7,78.02,1.297,46.63,0
7896,1031.0,32.79,1.928,39.78,0
7897,393.8,75.7,6.274,27.95,1
7898,259.9,33.0,1.68,37.31,0
7899,148.2,35.59,1.724,28.15,0
7900,206.4,39.19,2.152,29.0,0
7901,301.2,39.1,2.406,47.52,0
7902,280.3,54.84,1.708,35.1,0
7903,289.4,73.38,2.201,30.16,0
7904,258.8,48.35,1.525,37.81,0
7905,407.6,86.57,2.14,34.47,0
7906,309.9,24.32,1.354,40.99,0
7907,223.6,74.22,0.56,39.61,0
7908,843.8,45.17,1.422,44.22,0
7909,618.4,67.29,3.718,27.38,1
7910,567.0,46.0,2.849,39.61,0
7911,386.6,42.09,1.526,43.91,0
7912,682.2,63.69,2.431,32.53,0
7913,309.1,44.83,2.571,30.8,0
7914,152.3,82.63,3.308,34.21,0
7915,772.2,68.98,1.087,33.76,0
7916,171.4,86.41,0.912,34.37,0
7917,701.3,83.3,2.55,36.47,1
7918,147.6,62.16,1.924,29.35,0
7919,498.2,30.6,1.06,37.7,0
7920,1013.0,75.98,3.916,33.68,1
7921,20.7,70.26,5.15,34.21,0
7922,411.0,50.07,3.376,31.24,0
7923,137.0,74.81,2.941,34.02,1
7924,364.0,21.75,1.848,35.08,0
7925,244.8,40.35,1.052,29.95,0
7926,344.0,68.44,1.425,32.1,0
7927,281.3,29.41,1.903,25.96,0
7928,156.8,83.09,6.889,32.57,0
7929,870.0,58.83,0.63,40.49,0
7930,268.8,65.06,1.54,34.62,0
7931,611.4,37.2,7.641,40.34,0
7932,149.9,91.73,0.876,35.12,1
7933,224.1,83.73,4.158,37.37,1
7934,392.0,64.28,3.018,47.5,0
7935,226.9,73.61,3.381,31.9,1
7936,353.4,70.77,1.351,32.63,0
7937,1238.4,58.39,1.501,42.31,0
7938,595.0,53.18,1.272,35.87,0
7939,397.1,53.49,1.308,34.15,0
7940,238.8,81.05,1.295,38.58,0
7941,335.6,27.95,1.58,33.62,0
7942,373.7,19.39,1.917,26.19,0
7943,113.7,61.16,2.074,35.51,0
7944,368.5,79.77,2.657,47.9,0
7945,626.5,45.61,1.163,43.61,0
7946,762.2,61.84,2.677,35.17,0
7947,238.6,61.16,1.024,38.53,0
7948,617.7,3.54,1.929,49.24,0
7949,259.9,58.03,1.922,36.06,1
7950,628.0,59.52,3.933,34.78,0
7951,236.5,67.67,2.001,34.84,1
7952,55.9,90.07,1.657,43.16,0
7953,277.6,82.38,1.893,41.46,1
7954,336.9,51.42,1.042,36.08,0
7955,430.6,51.68,0.898,41.78,0
7956,393.8,87.71,4.103,43.46,0
7957,804.8,56.83,2.458,29.21,0
7958,665.1,70.82,2.361,34.07,0
7959,633.4,29.94,6.663,30.2,0
7960,207.1,75.35,2.195,39.25,0
7961,656.7,27.51,3.867,40.46,0
7962,999.2,48.35,2.182,40.24,0
7963,956.6,75.23,1.482,41.05,0
7964,1396.5,21.2,0.549,30.67,0
7965,216.9,74.15,3.187,35.45,0
7966,209.7,68.62,4.513,25.27,1
7967,549.0,36.16,0.773,45.84,0
7968,173.8,48.42,1.789,45.96,0
7969,457.1,55.27,3.773,49.98,0
7970,84.7,31.02,5.325,35.09,0
7971,235.5,59.34,2.138,41.69,0
7972,148.7,28.89,5.681,29.39,0
7973,104.0,44.33,1.937,36.33,0
7974,394.7,76.2,3.193,46.56,0
7975,570.1,66.48,5.97,26.46,1
7976,292.8,69.75,0.835,37.23,0
7977,555.4,20.75,3.862,38.36,0
7978,382.8,42.01,2.4,44.84,0
7979,122.3,29.01,3.107,31.03,0
7980,1117.5,47.91,1.363,31.48,0
7981,276.7,34.97,3.962,38.77,0
7982,104.1,40.23,2.843,35.38,0
7983,540.7,78.13,2.559,46.9,1
7984,804.5,25.54,1.258,33.21,0
7985,642.5,33.81,1.361,38.91,0
7986,296.3,26.43,2.562,37.69,0
7987,1199.9,61.62,5.276,46.94,0
7988,335.5,98.32,4.258,49.08,0
7989,266.6,69.83,2.024,48.16,1
7990,521.8,39.86,2.862,38.09,0
7991,987.8,65.16,2.411,35.65,0
7992,171.3,69.8,2.143,39.5,0
7993,363.8,16.39,3.38,36.01,1
7994,259.4,73.99,2.773,41.75,0
7995,324.5,36.44,2.159,28.29,0
7996,244.9,31.29,0.948,41.7,0
7997,145.1,17.64,1.34,34.94,0
7998,426.9,74.68,2.821,31.94,1
7999,695.8,48.74,1.051,32.77,0
8000,206.6,81.68,3.74,29.72,0
8001,230.1,16.78,1.821,53.95,0
8002,251.0,47.9,1.014,42.04,1
8003,672.1,55.3,2.933,47.54,0
8004,131.2,57.38,1.399,45.22,0
8005,396.0,86.26,0.747,38.24,0
8006,816.7,37.0,4.388,37.02,0
8007,261.5,78.95,0.715,46.53,0
8008,396.4,37.79,8.294,32.28,0
8009,261.1,23.84,0.873,44.24,0
8010,336.0,50.95,4.877,42.3,0
8011,706.3,35.14,1.245,35.09,0
8012,195.7,28.98,3.079,37.05,0
8013,671.8,57.43,3.2,39.22,0
8014,598.0,25.75,2.839,28.09,1
8015,176.9,33.91,1.532,32.53,0
8016,473.3,85.68,0.985,40.09,1
8017,904.6,73.44,1.096,31.24,0
8018,941.1,88.43,3.425,39.6,1
8019,749.1,91.55,0.907,31.33,1
8020,377.9,73.7,3.166,33.6,1
8021,147.3,38.1,1.905,37.09,0
8022,320.2,68.87,2.452,33.44,1
8023,362.1,42.73,1.607,47.0,0
8024,351.8,73.08,2.024,37.23,0
8025,170.1,80.56,3.574,33.49,0
8026,405.4,77.59,3.313,48.97,1
8027,1234.3,48.0,2.45,32.91,0
8028,257.3,71.94,1.6,45.95,0
8029,287.7,56.38,3.132,42.77,0
8030,283.8,53.1,2.587,37.58,0
8031,643.2,57.96,0.925,37.81,0
8032,491.8,58.33,1.735,43.96,0
8033,342.0,28.92,1.278,42.05,0
8034,224.7,72.06,6.031,28.5,1
8035,277.1,50.18,0.763,40.68,0
8036,191.5,74.74,2.673,37.19,0
8037,200.8,42.33,1.983,34.95,0
8038,535.5,47.74,2.35,41.54,0
8039,750.4,63.05,0.884,33.96,0
8040,427.4,86.57,1.934,36.41,1
8041,407.4,32.92,1.306,43.47,0
8042,426.2,81.14,1.815,32.39,0
8043,604.2,38.72,2.19,39.31,0
8044,272.7,52.54,3.985,33.85,0
8045,369.5,66.77,1.308,42.47,0
8046,347.4,58.67,1.089,40.28,0
8047,80.8,16.22,3.709,48.88,0
8048,355.4,40.94,9.701,29.11,0
8049,350.0,83.67,1.265,32.57,1
8050,214.1,75.16,3.752,28.09,0
8051,119.6,58.16,1.42,46.15,0
8052,529.0,20.43,2.391,31.03,0
8053,638.1,58.86,2.589,36.92,0
8054,560.0,54.54,1.711,37.92,0
8055,1007.3,82.89,3.206,43.21,1
8056,307.6,71.72,1.443,38.12,0
8057,866.5,33.55,5.057,35.86,1
8058,516.0,34.15,4.05,26.94,0
8059,678.1,49.34,3.263,37.45,1
8060,107.7,56.49,6.952,35.53,0
8061,187.3,27.52,2.225,46.86,0
8062,320.0,78.12,1.394,38.43,0
8063,344.0,16.09,1.831,36.25,0
8064,271.0,89.49,2.304,37.74,0
8065,440.5,30.07,0.886,28.22,0
8066,890.6,41.58,2.109,25.78,0
8067,437.0,78.38,3.775,32.3,1
8068,1583.0,47.56,2.142,39.11,0
8069,436.5,33.39,1.543,38.69,0
8070,214.7,26.8,1.794,32.95,0
8071,39.4,25.02,0.614,40.77,0
8072,112.7,39.72,1.953,43.57,0
8073,449.2,48.89,3.463,39.72,0
8074,637.3,53.19,2.992,54.64,0
8075,1064.5,81.95,1.759,23.93,1
8076,631.7,41.35,2.068,32.58,1
8077,329.6,34.25,2.761,45.22,0
8078,161.1,20.22,1.868,30.72,0
8079,230.7,48.07,1.849,36.91,0
8080,63.4,28.37,1.41,30.06,0
8081,480.7,33.58,0.857,43.53,0
8082,710.8,32.56,1.666,40.83,0
8083,164.0,67.97,1.905,40.47,0
8084,286.9,39.35,2.648,33.68,0
8085,170.1,33.77,1.708,38.75,0
8086,517.2,73.23,3.944,41.5,0
8087,90.0,85.04,2.724,38.32,0
8088,348.4,43.52,0.658,50.77,0
8089,1051.3,72.67,1.611,38.06,0
8090,393.1,72.54,1.816,35.73,0
8091,207.3,62.17,2.094,37.65,0
8092,572.8,54.88,1.232,29.22,1
8093,208.4,32.34,1.681,36.92,0
8094,104.9,65.53,2.701,45.23,0
8095,672.0,56.41,2.975,33.56,0
8096,237.7,72.6,1.674,38.59,0
8097,366.5,19.72,3.384,23.86,0
8098,202.0,71.29,1.612,42.3,0
8099,110.1,47.48,1.941,47.16,0
8100,168.0,32.82,4.704,35.96,0
8101,441.3,40.08,1.533,40.25,0
8102,232.7,43.19,3.92,43.81,1
8103,229.5,64.27,3.822,40.71,0
8104,850.6,69.82,1.819,41.31,0
8105,736.8,71.24,1.275,39.85,0
8106,348.4,54.5,1.021,27.92,0
8107,477.4,86.94,2.648,34.09,1
8108,565.2,70.8,0.717,23.4,0
8109,98.5,72.62,2.264,45.87,0
8110,232.7,79.86,6.202,44.54,0
8111,493.8,78.47,3.628,46.46,1
8112,41.7,52.53,2.268,37.56,0
8113,101.0,39.73,1.761,43.53,0
8114,135.6,30.76,2.13,42.98,0
8115,127.3,73.26,1.489,41.94,0
8116,279.4,72.24,1.048,44.97,0
8117,1199.7,41.94,2.717,41.26,0
8118,376.0,77.95,1.172,44.43,0
8119,153.7,48.65,0.565,34.65,0
8120,899.5,85.99,4.395,35.34,1
8121,362.5,77.18,0.93,38.89,0
8122,491.6,35.18,2.506,31.49,0
8123,188.6,6.26,2.424,30.48,0
8124,479.2,53.85,1.714,20.96,1
8125,344.1,62.64,3.096,36.69,0
8126,143.4,62.34,2.312,34.15,0
8127,487.8,66.45,5.447,40.12,1
8128,595.5,29.25,0.823,28.4,0
8129,342.6,67.87,1.42,48.2,0
8130,66.2,73.6,2.939,35.28,0
8131,497.5,49.59,3.015,52.49,0
8132,1037.9,34.72,4.17,45.7,0
8133,256.5,66.52,3.438,37.95,0
8134,265.5,72.43,1.494,40.35,0
8135,281.5,50.01,3.977,34.17,0
8136,743.2,73.12,2.13,52.95,0
8137,176.4,29.07,0.973,46.0,0
8138,108.5,74.24,1.568,28.85,1
8139,65.7,39.99,2.292,27.67,0
8140,130.6,45.62,1.669,48.34,0
8141,432.5,34.31,1.48,36.14,0
8142,662.4,24.5,3.774,35.99,0
8143,896.2,62.92,0.837,36.81,0
8144,278.1,84.34,0.843,43.23,0
8145,218.6,81.04,1.68,36.2,0
8146,149.9,59.01,5.876,32.99,0
8147,484.2,18.95,1.392,33.84,0
8148,441.5,52.88,1.128,37.45,0
8149,190.0,36.22,3.001,43.49,0
8150,413.9,75.35,12.359,30.45,1
8151,52.8,34.62,2.159,34.39,0
8152,82.6,39.99,1.704,25.23,1
8153,167.0,25.29,0.694,33.03,0
8154,474.5,41.57,2.567,41.55,0
8155,346.5,83.38,1.143,44.42,0
8156,139.6,72.24,1.477,40.22,0
8157,568.8,23.23,1.113,48.91,0
8158,560.3,75.76,0.599,36.46,0
8159,189.6,39.42,1.357,34.88,0
8160,863.9,70.35,1.53,35.41,0
8161,452.4,86.0,1.119,30.43,1
8162,905.7,26.98,2.708,42.09,0
8163,246.8,28.35,0.939,30.38,0
8164,204.0,30.0,1.071,41.02,0
8165,247.1,44.48,2.921,42.34,0
8166,221.9,58.15,1.896,43.13,0
8167,170.0,67.5,0.648,56.26,0
8168,494.2,58.59,2.556,35.56,0
8169,443.3,44.89,1.781,48.89,0
8170,581.6,34.69,3.37,37.62,0
8171,630.1,79.08,0.782,42.18,0
8172,161.7,92.34,2.582,49.11,0
8173,1007.1,87.28,2.717,38.99,1
8174,566.5,46.17,7.265,36.28,0
8175,487.5,46.45,1.787,40.09,0
8176,113.9,57.38,3.203,27.43,0
8177,147.5,66.95,2.047,37.18,0
8178,861.6,8.36,4.22,39.82,0
8179,506.1,19.7,4.2,28.87,1
8180,190.6,77.9,2.827,36.87,0
8181,428.1,51.95,1.871,37.09,0
8182,199.3,20.03,2.296,32.27,0
8183,565.0,20.42,2.195,40.85,0
8184,1491.8,82.81,1.896,29.9,1
8185,43.2,83.39,3.645,47.74,0
8186,288.5,42.82,1.797,39.86,0
8187,511.1,64.93,1.22,29.69,0
8188,362.1,42.13,7.469,45.98,0
8189,440.9,65.83,1.734,42.86,0
8190,440.4,31.1,0.978,47.21,0
8191,144.0,86.73,4.404,25.13,0
8192,165.1,83.51,2.788,48.55,0
8193,293.6,49.45,4.58,38.32,0
8194,114.4,63.45,2.336,33.42,0
8195,392.0,69.36,1.264,21.1,0
8196,184.9,43.37,4.466,44.36,0
8197,47.8,28.55,10.59,32.73,0
8198,596.6,48.38,1.278,35.09,0
8199,706.5,43.66,1.325,50.3,0
8200,457.1,62.29,1.622,32.88,0
8201,170.7,44.49,1.601,41.33,0
8202,291.3,22.47,0.906,45.05,0
8203,557.1,66.37,1.954,34.18,0
8204,326.3,58.53,1.671,28.36,0
8205,113.2,21.69,2.559,37.65,0
8206,366.4,60.55,3.67,31.84,1
8207,195.0,31.71,2.492,47.94,0
8208,368.2,8.03,1.858,27.19,0
8209,111.5,43.72,0.739,32.95,0
8210,513.2,64.7,2.976,36.47,0
8211,1057.5,63.98,0.794,40.45,0
8212,223.8,50.69,1.148,58.77,0
8213,272.0,22.8,2.452,29.81,0
8214,616.2,27.78,2.398,30.34,0
8215,543.2,29.91,1.084,53.75,0
8216,210.2,22.35,2.393,39.28,0
8217,265.0,16.79,2.407,38.3,0
8218,733.9,66.09,0.737,37.5,0
8219,167.1,23.92,1.488,44.32,0
8220,718.3,20.98,1.675,51.24,0
8221,701.1,47.95,0.991,28.75,0
8222,115.1,50.27,3.781,47.28,0
8223,1013.7,83.52,2.344,45.43,0
8224,292.7,38.6,2.589,33.26,0
8225,417.7,60.32,3.017,39.42,0
8226,486.8,36.6,3.224,46.31,0
8227,595.1,77.01,0.932,35.85,0
8228,591.6,29.02,1.18,45.09,0
8229,365.6,38.64,1.903,39.83,0
8230,266.2,53.57,1.634,44.57,0
8231,253.1,39.29,3.985,37.43,0
8232,751.6,36.46,0.992,36.2,0
8233,851.5,69.7,0.6,46.5,0
8234,224.0,34.26,1.991,30.07,0
8235,818.0,44.36,1.47,48.31,0
8236,1058.2,90.76,1.248,38.45,1
8237,394.4,52.19,2.821,43.25,0
8238,696.9,74.54,0.739,33.77,1
8239,88.6,85.6,1.141,43.59,0
8240,631.7,30.17,1.102,42.99,0
8241,144.9,75.96,2.924,39.0,1
8242,175.0,33.74,1.839,40.3,0
8243,466.5,64.17,7.403,27.01,1
8244,596.6,27.93,2.323,33.6,0
8245,11.3,45.07,1.864,39.76,0
8246,468.9,74.19,1.61,42.48,0
8247,224.3,21.71,3.731,41.9,0
8248,205.6,13.92,1.995,50.65,0
8249,414.4,72.38,3.734,30.07,0
8250,589.0,49.16,2.274,39.5,0
8251,478.2,71.18,3.908,34.94,0
8252,408.1,86.14,1.012,34.61,0
8253,169.1,49.45,1.254,33.64,0
8254,838.0,21.68,2.652,38.24,0
8255,355.2,64.01,2.281,28.97,1
8256,685.3,39.83,2.413,33.32,0
8257,860.4,83.29,4.513,40.31,1
8258,400.1,50.69,2.94,40.6,0
8259,336.6,64.91,1.858,18.35,1
8260,834.5,25.67,1.749,42.19,0
8261,378.7,55.82,2.455,38.36,0
8262,552.1,43.94,0.539,24.97,0
8263,544.9,65.13,2.134,44.14,0
8264,291.4,77.87,2.389,33.77,1
8265,430.4,28.72,4.411,46.42,0
8266,222.2,77.8,1.859,31.07,0
8267,201.7,35.37,3.676,32.13,0
8268,442.4,25.14,3.013,41.5,0
8269,54.3,90.45,2.042,40.83,0
8270,178.9,33.6,2.761,47.24,0
8271,918.5,47.67,3.828,33.46,0
8272,329.4,17.53,0.88,32.92,0
8273,675.7,43.91,0.757,38.88,0
8274,193.1,38.69,1.459,39.35,0
8275,278.4,45.28,0.667,32.43,0
8276,1037.1,56.06,5.342,36.92,0
8277,202.7,86.89,2.47,35.77,0
8278,474.1,65.09,3.685,41.13,0
8279,403.3,20.16,1.116,36.03,0
8280,413.1,79.46,1.305,40.84,0
8281,290.5,55.87,2.394,46.35,0
8282,260.5,40.57,2.289,37.28,0
8283,71.6,30.78,4.44,35.68,0
8284,162.9,30.86,3.488,42.54,0
8285,320.8,33.13,2.441,46.94,0
8286,206.4,49.26,1.723,33.5,0
8287,400.6,40.01,0.926,36.91,0
8288,236.1,83.06,6.686,41.34,1
8289,563.7,24.24,2.683,38.29,0
8290,384.7,73.06,1.059,32.13,0
8291,814.5,47.09,1.369,43.23,0
8292,496.5,32.77,4.251,38.11,0
8293,389.2,40.61,1.105,33.66,0
8294,350.1,38.38,0.604,43.74,0
8295,268.2,79.16,2.832,36.76,0
8296,928.9,64.55,3.239,39.92,1
8297,284.3,45.26,0.942,41.68,0
8298,366.6,81.57,1.508,23.93,1
8299,392.7,69.67,3.089,48.53,1
8300,262.6,46.18,2.799,45.39,0
8301,661.8,37.8,0.794,47.28,0
8302,448.5,34.59,1.786,37.87,0
8303,339.4,35.53,1.162,34.82,0
8304,1185.5,22.68,2.509,44.37,0
8305,795.1,59.55,2.193,37.87,0
8306,561.1,57.15,1.494,36.85,0
8307,422.0,33.27,1.023,30.47,0
8308,136.2,68.91,2.728,37.09,0
8309,57.5,43.79,2.536,41.65,0
8310,660.8,43.82,2.435,37.8,0
8311,131.1,24.69,1.678,38.2,0
8312,150.3,31.19,3.073,39.33,0
8313,473.8,43.74,1.57,34.22,0
8314,246.1,72.13,6.944,34.22,0
8315,508.5,25.03,4.638,40.75,0
8316,102.1,75.87,3.681,43.22,0
8317,562.8,65.89,3.088,47.44,0
8318,506.2,61.53,6.582,38.8,1
8319,212.3,55.84,3.727,42.93,0
8320,467.8,87.88,1.108,46.28,0
8321,860.8,35.86,3.015,39.83,0
8322,204.8,64.16,2.436,36.03,0
8323,779.0,50.27,3.442,41.99,0
8324,325.2,62.33,3.201,31.39,0
8325,571.0,72.27,3.307,36.21,0
8326,171.5,81.32,4.47,45.56,0
8327,337.0,83.96,0.885,38.48,0
8328,276.9,40.12,4.83,44.76,1
8329,343.1,37.47,2.545,45.25,0
8330,136.5,23.87,2.1,42.82,0
8331,130.1,85.82,1.737,45.42,0
8332,142.7,85.43,1.448,38.6,1
8333,681.1,56.88,1.094,39.27,0
8334,777.5,70.22,3.171,37.59,0
8335,112.5,83.26,8.095,38.14,0
8336,192.2,48.07,3.501,44.87,0
8337,273.4,80.58,3.955,38.3,1
8338,543.3,57.02,2.032,36.17,0
8339,675.4,26.99,4.299,39.9,0
8340,474.8,40.26,3.103,42.26,0
8341,263.2,77.63,0.674,32.74,0
8342,491.4,60.7,1.802,32.6,0
8343,472.1,38.71,1.384,38.69,0
8344,302.3,18.09,1.703,31.35,0
8345,480.9,55.36,1.909,42.58,0
8346,357.3,82.19,1.887,43.88,0
8347,145.8,77.38,1.788,37.16,0
8348,247.5,49.46,4.164,33.92,0
8349,846.8,50.82,1.759,39.28,0
8350,702.1,32.63,2.728,53.96,0
8351,239.6,42.31,1.231,31.61,0
8352,955.0,74.56,1.773,37.46,0
8353,396.4,85.45,1.42,40.65,0
8354,648.2,38.97,1.974,37.61,0
8355,430.4,23.82,2.369,40.88,0
8356,612.4,55.66,1.448,29.0,0
8357,328.5,47.32,0.822,40.04,0
8358,440.0,59.13,1.318,35.59,0
8359,426.3,58.27,2.948,40.07,0
8360,1068.3,69.6,1.431,35.4,1
8361,419.1,70.17,1.878,26.36,1
8362,420.0,30.67,1.727,41.25,0
8363,772.3,53.8,3.884,49.66,0
8364,174.2,63.03,2.457,43.39,0
8365,145.0,59.91,3.253,26.72,0
8366,221.2,53.0,1.803,45.87,0
8367,474.2,28.86,3.027,38.04,0
8368,361.5,28.49,1.9,32.66,0
8369,754.9,39.87,4.178,44.93,0
8370,280.8,69.99,3.219,32.51,1
8371,388.1,53.54,0.979,36.76,0
8372,285.7,64.93,2.181,32.23,0
8373,327.2,50.4,3.267,46.55,0
8374,324.0,33.71,1.703,31.86,0
8375,933.7,23.17,2.31,38.19,0
8376,555.9,82.97,0.97,48.93,0
8377,371.0,50.28,3.422,32.85,0
8378,165.5,76.82,5.686,45.53,1
8379,501.4,70.11,3.95,42.39,0
8380,57.8,27.79,2.103,52.47,0
8381,524.8,65.34,2.283,47.5,0
8382,307.1,47.89,1.771,36.57,0
8383,261.8,45.43,1.819,29.21,0
8384,426.3,90.51,1.323,48.36,0
8385,747.3,86.81,1.386,25.28,1
8386,477.7,84.43,0.821,40.55,0
8387,632.3,27.43,1.166,47.5,0
8388,1727.1,73.49,1.787,35.56,1
8389,170.6,39.81,3.047,43.97,0
8390,434.7,84.27,1.618,46.15,0
8391,135.9,77.03,1.708,39.52,0
8392,616.2,57.8,2.322,30.77,0
8393,396.8,50.84,1.604,29.38,0
8394,241.6,74.32,2.506,38.37,0
8395,1562.2,29.95,3.692,31.58,1
8396,537.0,26.68,1.962,26.33,0
8397,199.4,26.91,3.908,33.33,0
8398,314.3,43.19,1.121,43.47,0
8399,511.0,62.13,2.7,39.36,0
8400,2081.3,61.47,1.814,37.17,1
8401,619.3,72.72,0.801,40.15,0
8402,169.3,38.09,1.82,45.74,0
8403,382.2,38.89,1.403,46.89,0
8404,533.2,63.78,2.945,34.62,0
8405,429.6,19.13,7.981,39.44,0
8406,349.7,34.16,0.649,40.21,0
8407,179.3,36.94,5.694,33.49,0
8408,464.9,88.25,2.502,33.96,1
8409,155.8,4.41,2.952,37.82,0
8410,1277.5,9.55,2.652,36.85,0
8411,162.0,72.45,1.725,31.18,0
8412,609.0,42.11,1.011,41.5,0
8413,209.8,25.33,2.04,31.13,0
8414,269.8,48.9,2.35,32.25,0
8415,231.1,44.93,1.845,45.61,0
8416,596.1,57.89,0.641,35.88,0
8417,628.1,41.69,1.836,41.13,0
8418,94.8,51.07,2.052,39.01,1
8419,400.7,15.66,2.956,41.74,0
8420,288.9,76.76,1.826,51.75,0
8421,710.4,32.29,1.349,44.43,0
8422,454.6,25.42,4.529,37.64,1
8423,78.3,87.44,1.569,37.34,1
8424,758.2,42.83,1.941,42.73,0
8425,902.1,79.76,1.372,34.34,1
8426,501.1,49.6,2.77,39.17,0
8427,162.7,64.22,3.513,39.59,0
8428,173.0,77.0,1.705,48.43,0
8429,377.4,60.4,0.896,37.91,0
8430,1155.3,56.99,1.206,39.25,0
8431,227.4,67.04,6.457,35.02,0
8432,182.3,52.45,2.017,35.88,0
8433,174.1,27.52,2.369,36.02,0
8434,594.8,33.83,1.408,37.3,1
8435,508.5,74.71,3.011,27.69,1
8436,547.5,37.78,0.728,34.05,0
8437,744.4,74.01,1.417,43.64,0
8438,334.7,89.67,1.851,22.25,1
8439,854.3,35.21,2.39,43.67,0
8440,1173.8,53.62,5.653,34.16,1
8441,387.9,59.03,4.575,40.31,0
8442,72.5,47.88,2.477,40.44,0
8443,555.5,70.04,4.558,43.31,0
8444,312.7,52.09,0.701,42.54,0
8445,831.3,54.73,1.225,26.96,0
8446,324.7,43.58,3.347,30.29,0
8447,486.1,59.53,2.462,31.68,1
8448,361.9,57.55,2.036,33.75,0
8449,82.1,81.53,2.663,34.93,0
8450,929.3,33.49,2.524,39.64,0
8451,173.4,64.53,5.499,42.53,0
8452,436.9,49.75,5.139,45.93,0
8453,726.1,51.15,1.077,38.73,0
8454,404.0,96.27,1.554,41.16,1
8455,412.9,69.78,1.275,37.79,0
8456,224.4,19.92,1.588,42.96,0
8457,254.5,49.6,7.144,40.26,0
8458,1125.5,40.05,3.235,44.43,0
8459,210.5,35.63,5.89,34.91,0
8460,284.8,22.73,2.8,40.15,0
8461,572.9,29.86,4.245,28.4,0
8462,393.4,88.5,2.479,32.98,0
8463,331.6,58.07,3.224,27.3,1
8464,174.3,51.74,1.706,36.45,0
8465,522.1,79.83,1.02,49.4,0
8466,529.8,27.76,0.971,48.78,0
8467,208.4,17.29,1.09,28.46,0
8468,178.3,83.43,1.308,43.9,0
8469,923.8,90.78,2.639,36.12,1
8470,674.5,23.32,1.991,39.57,0
8471,277.5,42.83,3.423,42.11,0
8472,790.6,46.21,2.614,47.81,0
8473,331.0,50.18,2.714,44.53,0
8474,172.1,44.05,3.391,25.58,0
8475,623.4,62.53,2.366,39.33,0
8476,174.2,63.7,1.942,38.24,0
8477,108.4,34.14,4.208,36.76,0
8478,581.6,59.11,3.354,34.32,1
8479,597.1,34.41,1.079,34.92,0
8480,290.7,67.84,1.562,36.73,0
8481,337.3,77.91,2.161,36.18,1
8482,914.7,48.41,0.441,38.23,0
8483,219.0,15.26,2.411,48.17,0
8484,235.1,50.89,5.312,42.26,0
8485,114.9,62.45,3.428,43.62,0
8486,397.8,31.57,1.356,34.09,0
8487,385.3,32.05,1.338,42.02,0
8488,373.5,56.48,1.228,35.91,0
8489,775.5,25.23,1.561,41.21,0
8490,534.6,28.4,3.384,36.56,0
8491,288.3,81.56,2.898,28.78,1
8492,743.0,55.83,0.977,35.35,0
8493,203.1,94.88,1.361,34.4,0
8494,801.9,70.89,4.0,42.92,0
8495,188.7,31.91,2.587,23.3,0
8496,594.6,41.91,1.33,42.02,0
8497,1129.2,31.19,2.022,41.49,0
8498,247.0,42.32,0.988,27.77,0
8499,565.4,67.96,5.209,35.1,1
8500,379.8,83.25,3.618,43.89,1
8501,335.2,47.16,1.004,35.6,0
8502,269.4,48.92,1.879,44.64,0
8503,390.7,30.09,2.352,40.17,1
8504,978.3,22.5,3.698,35.64,0
8505,873.9,26.31,4.343,39.61,0
8506,288.1,75.64,2.053,52.73,0
8507,399.9,76.17,4.156,45.69,0
8508,228.3,24.71,1.767,51.37,0
8509,376.0,73.38,3.378,42.67,1
8510,332.5,55.26,1.556,32.31,0
8511,65.6,43.87,3.199,29.84,0
8512,815.9,78.21,1.846,32.16,1
8513,237.1,88.03,1.58,39.65,1
8514,135.7,61.36,0.982,37.21,0
8515,491.1,49.87,3.227,36.25,0
8516,761.1,61.25,1.217,39.39,0
8517,411.3,66.57,1.898,28.42,0
8518,649.8,39.06,0.885,38.77,0
8519,851.9,35.99,1.647,41.68,0
8520,127.2,39.65,2.104,37.54,0
8521,970.8,65.73,2.25,27.78,1
8522,571.4,20.38,1.078,39.93,0
8523,651.4,17.19,2.491,40.0,0
8524,223.0,54.71,2.238,37.16,1
8525,348.9,81.3,5.171,31.18,0
8526,796.7,92.54,1.44,35.08,1
8527,709.0,47.72,1.339,44.14,0
8528,454.3,70.33,2.082,35.74,1
8529,355.9,59.82,2.414,39.51,0
8530,257.3,51.32,0.613,33.63,0
8531,1018.8,21.59,1.254,25.96,0
8532,262.3,16.67,3.779,32.0,0
8533,459.2,37.77,2.237,35.49,1
8534,892.9,76.77,1.944,30.76,1
8535,286.9,56.25,3.661,44.14,0
8536,359.8,71.45,1.289,33.97,0
8537,128.0,77.93,1.905,40.22,0
8538,308.8,14.36,2.226,41.3,0
8539,536.9,78.74,1.096,26.69,1
8540,759.7,67.02,1.057,38.32,0
8541,253.0,50.07,1.167,39.04,0
8542,394.9,37.21,1.669,40.69,0
8543,199.9,77.73,3.118,39.73,0
8544,221.7,44.06,3.277,46.5,0
8545,138.8,30.26,1.364,27.23,0
8546,923.0,4.15,2.171,38.5,0
8547,635.4,37.35,1.445,41.66,0
8548,397.8,64.0,2.197,41.11,0
8549,216.7,9.43,0.695,32.85,0
8550,309.6,64.33,1.85,34.34,0
8551,1100.3,70.31,1.739,33.44,1
8552,211.0,76.17,1.313,41.35,0
8553,531.9,71.27,4.146,47.22,0
8554,1244.9,58.8,7.08,36.33,0
8555,525.8,67.09,2.615,52.19,0
8556,227.8,22.29,2.449,49.76,0
8557,74.2,54.47,1.613,41.81,0
8558,681.0,58.5,1.757,41.03,0
8559,273.7,31.05,0.927,37.06,0
8560,362.0,59.11,2.681,49.63,0
8561,182.7,26.95,1.575,34.8,0
8562,1292.5,43.83,5.428,44.5,0
8563,483.6,44.51,2.831,42.57,0
8564,94.6,55.01,2.483,37.0,0
8565,871.9,79.84,1.894,44.58,1
8566,222.7,64.72,3.183,43.19,0
8567,782.1,49.78,1.52,45.72,0
8568,267.4,58.22,3.791,42.2,0
8569,269.0,68.01,2.521,41.18,1
8570,285.1,84.04,1.045,36.41,1
8571,471.3,48.35,0.963,46.7,0
8572,256.7,16.37,2.222,31.73,0
8573,56.8,30.68,2.839,40.4,0
8574,752.1,46.24,1.975,32.84,0
8575,299.7,83.42,2.912,37.73,1
8576,359.0,92.68,5.583,45.36,1
8577,785.2,8.03,2.992,38.89,0
8578,463.5,40.73,4.675,43.6,0
8579,506.8,48.95,2.869,44.38,0
8580,937.8,14.65,2.393,34.16,0
8581,668.7,30.92,4.77,34.57,0
8582,188.9,82.21,1.634,40.39,0
8583,720.7,88.71,1.081,42.96,1
8584,293.4,45.66,2.839,43.51,0
8585,227.8,44.63,1.471,35.29,0
8586,342.0,88.28,2.486,43.65,1
8587,573.4,64.42,1.835,38.51,0
8588,272.8,22.71,3.613,36.82,0
8589,869.5,86.3,0.889,39.06,1
8590,192.1,21.66,3.174,51.87,0
8591,139.4,53.36,7.306,47.81,0
8592,347.3,73.36,3.727,42.02,0
8593,501.9,40.18,1.992,43.24,0
8594,415.3,74.8,0.545,45.59,0
8595,162.5,43.96,1.984,39.4,0
8596,910.3,57.69,1.024,43.18,0
8597,47.3,37.66,0.705,41.35,0
8598,730.0,55.35,1.322,28.52,0
8599,198.5,32.5,2.631,51.54,0
8600,234.9,79.76,2.191,39.17,1
8601,295.0,64.08,2.534,25.52,0
8602,392.3,60.85,2.532,38.08,0
8603,686.5,66.99,1.759,32.74,0
8604,399.1,15.08,1.478,33.1,0
8605,979.6,79.65,1.795,30.42,0
8606,389.6,72.05,3.182,36.67,1
8607,280.4,65.2,3.879,39.28,0
8608,94.0,57.71,2.391,43.62,0
8609,835.4,68.15,2.733,42.66,0
8610,516.7,78.99,1.743,42.28,0
8611,406.3,45.77,2.589,49.32,0
8612,225.2,74.25,3.165,49.13,0
8613,191.1,73.83,1.654,32.96,0
8614,396.7,69.24,2.103,36.58,1
8615,323.5,37.13,5.131,33.44,0
8616,345.6,77.9,1.146,45.77,0
8617,355.2,51.27,2.461,45.36,0
8618,825.2,60.06,1.92,20.39,1
8619,757.4,85.33,0.703,40.63,1
8620,287.0,58.87,3.257,40.99,0
8621,89.3,48.49,3.251,38.03,0
8622,502.2,62.4,1.304,37.59,0
8623,361.7,28.02,0.797,40.25,0
8624,157.3,28.51,4.451,36.07,0
8625,927.3,36.17,2.809,39.98,0
8626,946.2,34.76,3.552,30.99,0
8627,202.4,43.29,1.327,42.26,0
8628,255.3,50.1,1.49,39.54,0
8629,283.6,42.03,1.318,31.3,0
8630,167.8,27.21,5.522,45.48,0
8631,142.5,68.08,1.691,32.51,0
8632,959.9,66.81,2.422,41.7,0
8633,199.1,41.44,1.913,45.9,0
8634,701.1,54.76,2.85,33.85,1
8635,168.0,45.9,3.786,26.51,0
8636,943.2,48.05,4.565,29.59,1
8637,687.8,18.43,3.88,39.59,0
8638,305.6,85.95,1.401,25.59,0
8639,82.3,56.95,1.528,35.08,0
8640,181.4,70.95,4.536,44.14,0
8641,373.0,54.43,2.002,24.64,0
8642,892.4,49.56,2.971,44.63,1
8643,1024.0,69.33,2.314,38.88,0
8644,567.4,61.59,2.606,45.87,0
8645,481.6,36.93,5.357,39.69,0
8646,167.1,21.76,2.043,43.88,0
8647,142.9,64.36,1.587,45.19,0
8648,132.7,42.16,0.974,17.08,0
8649,736.6,22.52,1.974,30.96,0
8650,284.4,58.21,2.184,36.78,0
8651,748.0,79.82,2.524,38.6,0
8652,725.5,35.68,2.256,33.52,0
8653,463.2,64.88,4.316,27.02,1
8654,84.7,5.54,1.691,42.84,0
8655,170.5,81.35,2.158,20.3,1
8656,362.8,50.12,1.736,44.82,0
8657,307.3,56.33,0.897,36.78,0
8658,990.9,65.66,2.337,28.4,1
8659,182.9,50.22,1.287,50.42,0
8660,905.5,88.98,1.708,27.42,1
8661,161.5,47.86,5.081,37.4,0
8662,844.3,20.46,1.868,43.56,0
8663,402.2,51.12,3.545,28.0,0
8664,181.9,47.44,2.846,33.24,1
8665,157.8,68.1,2.157,37.0,0
8666,558.6,80.7,2.166,35.26,1
8667,339.0,64.27,1.39,36.65,0
8668,306.4,12.65,1.572,42.64,0
8669,632.3,78.24,3.699,37.39,1
8670,1317.5,61.76,2.077,39.8,1
8671,18.5,59.92,1.436,36.23,0
8672,523.4,43.75,2.631,26.73,0
8673,1005.3,53.41,2.106,41.12,0
8674,679.8,84.22,3.17,38.64,1
8675,750.6,55.23,2.56,31.3,0
8676,274.8,60.9,1.374,48.21,0
8677,253.6,37.58,5.928,23.17,1
8678,434.3,47.1,2.906,39.04,1
8679,451.9,64.79,4.528,33.37,1
8680,728.6,43.23,1.176,36.92,0
8681,115.9,86.41,2.065,27.88,1
8682,391.8,53.47,2.069,42.21,0
8683,313.1,42.51,1.608,43.21,0
8684,412.8,63.53,1.385,37.08,0
8685,143.1,43.72,1.21,33.64,0
8686,646.2,25.81,1.424,28.06,0
8687,560.1,39.43,2.283,46.97,0
8688,643.7,31.07,1.163,27.57,0
8689,411.6,27.54,2.464,39.22,0
8690,253.7,70.39,1.772,31.17,0
8691,253.9,42.4,1.412,36.77,0
8692,571.0,79.13,3.118,41.42,1
8693,300.8,72.69,3.998,34.03,0
8694,513.7,55.85,2.543,33.22,0
8695,303.8,51.41,6.722,36.95,0
8696,841.7,35.43,1.419,41.26,0
8697,578.6,58.53,1.487,29.66,0
8698,430.7,70.95,1.045,42.42,0
8699,302.9,71.73,1.042,33.65,0
8700,1287.8,6.15,1.59,27.1,0
8701,271.7,71.44,1.458,44.32,0
8702,152.9,46.51,6.495,44.91,0
8703,285.4,86.67,2.675,43.47,0
8704,414.7,83.82,2.764,40.78,1
8705,206.9,49.55,1.224,42.46,0
8706,180.8,55.79,2.152,30.27,0
8707,864.3,64.6,1.472,40.04,0
8708,285.2,17.6,2.218,30.0,0
8709,504.6,85.23,1.927,34.27,1
8710,187.2,90.07,2.284,40.17,1
8711,312.5,10.84,5.152,33.13,0
8712,1240.0,67.92,4.093,49.52,0
8713,203.3,72.24,2.107,47.23,0
8714,219.3,20.63,3.89,33.32,0
8715,601.4,59.36,1.65,39.05,0
8716,361.3,26.98,1.565,41.91,0
8717,442.9,12.74,2.802,27.39,0
8718,616.5,95.21,0.855,36.56,1
8719,235.0,82.56,3.398,37.67,0
8720,272.4,15.67,3.895,43.72,0
8721,85.3,75.22,3.026,32.55,1
8722,623.5,51.6,3.167,43.2,0
8723,148.6,28.74,5.957,43.08,0
8724,703.9,36.72,2.059,40.58,0
8725,274.6,11.81,2.546,33.82,0
8726,380.1,92.07,2.996,28.09,1
8727,347.8,68.95,3.556,30.3,0
8728,503.4,51.79,6.644,53.59,0
8729,596.4,65.12,7.017,35.76,0
8730,456.9,63.39,3.05,40.27,1
8731,473.1,44.15,4.179,44.23,0
8732,153.8,74.11,4.337,38.28,1
8733,866.8,18.54,3.728,44.91,0
8734,515.4,48.8,1.429,39.04,0
8735,374.6,32.84,0.473,32.53,0
8736,274.8,31.14,3.278,30.48,0
8737,361.2,63.45,1.041,33.79,0
8738,727.3,54.03,3.431,37.76,0
8739,408.3,60.24,7.308,36.58,0
8740,548.7,45.73,2.82,36.19,0
8741,442.6,80.83,1.792,35.68,1
8742,824.5,29.15,2.62,30.71,0
8743,314.8,49.86,2.008,37.32,0
8744,173.2,69.68,3.378,49.54,0
8745,573.8,39.93,2.398,35.91,0
8746,187.2,53.17,2.618,31.84,0
8747,325.1,47.49,5.135,47.71,0
8748,186.5,75.3,0.661,37.46,0
8749,229.4,54.1,8.271,33.32,1
8750,840.6,73.38,3.196,43.99,0
8751,163.7,51.59,2.852,31.45,0
8752,344.1,61.1,1.112,23.28,0
8753,68.2,62.97,2.943,35.69,0
8754,300.4,53.78,2.578,27.19,1
8755,613.3,72.83,5.025,49.18,0
8756,281.5,61.56,2.417,36.87,0
8757,277.3,13.47,3.863,45.52,0
8758,236.0,51.59,1.922,40.78,0
8759,110.1,86.37,2.822,47.8,0
8760,729.8,24.95,3.179,46.3,0
8761,483.4,62.15,2.416,38.05,1
8762,33.0,41.63,1.404,36.77,0
8763,137.3,65.72,3.237,30.77,0
8764,388.1,41.16,2.836,26.69,0
8765,522.8,59.5,1.68,34.63,0
8766,1441.4,48.54,1.884,47.43,0
8767,123.4,39.75,1.193,31.97,0
8768,547.6,61.0,6.111,33.65,0
8769,145.1,44.1,1.069,34.54,0
8770,578.4,86.0,2.06,36.23,1
8771,363.9,10.68,1.211,48.71,0
8772,448.8,22.04,2.173,47.82,0
8773,214.8,80.02,1.93,44.64,0
8774,342.3,31.12,3.188,41.98,0
8775,65.4,46.8,2.548,35.45,0
8776,536.5,79.81,0.757,34.81,1
8777,56.5,45.27,2.649,34.22,0
8778,163.2,82.28,1.545,37.46,0
8779,237.8,30.62,1.599,27.91,0
8780,220.3,67.64,9.01,42.2,0
8781,269.0,86.03,3.248,40.72,0
8782,571.3,55.45,2.701,39.86,0
8783,30.7,48.14,3.407,41.58,0
8784,153.4,72.73,3.097,35.97,0
8785,301.2,80.96,5.566,37.02,1
8786,445.5,77.0,2.426,32.32,1
8787,212.8,70.48,3.486,41.21,0
8788,517.8,71.39,2.441,29.86,0
8789,336.1,40.64,3.468,46.6,0
8790,391.2,70.86,0.886,45.85,0
8791,351.8,78.95,1.119,42.54,1
8792,403.5,31.08,1.286,40.11,0
8793,189.8,45.78,1.388,50.31,0
8794,89.9,93.1,1.418,35.47,0
8795,484.5,21.9,2.699,38.4,0
8796,232.2,59.92,0.463,33.69,0
8797,292.3,90.39,1.718,33.87,1
8798,820.1,82.42,3.392,26.81,1
8799,1029.1,21.73,5.42,33.16,0
8800,149.4,37.51,2.622,32.29,0
8801,301.0,51.28,0.725,43.13,0
8802,307.2,57.22,3.123,26.38,0
8803,205.2,24.57,2.676,38.77,0
8804,822.2,33.88,1.43,36.74,0
8805,555.0,58.14,3.629,45.1,0
8806,363.8,68.42,3.877,43.43,0
8807,180.4,30.83,3.394,31.75,0
8808,581.3,69.41,2.077,44.82,0
8809,238.8,77.09,2.452,44.76,0
8810,602.9,71.82,2.41,38.07,0
8811,176.7,95.96,1.14,25.86,1
8812,341.3,73.97,0.903,31.69,0
8813,679.3,90.43,3.192,27.54,1
8814,366.6,71.13,0.958,25.69,1
8815,300.1,48.38,0.775,41.68,0
8816,108.3,54.67,3.509,37.51,0
8817,414.2,70.89,3.771,42.63,0
8818,168.1,53.59,2.785,47.18,0
8819,591.4,48.18,1.463,35.44,0
8820,1374.8,21.28,1.583,32.58,1
8821,139.8,46.8,2.572,36.13,0
8822,1199.9,68.44,2.729,44.57,0
8823,477.8,25.06,5.281,40.2,0
8824,1448.0,68.75,2.829,35.69,1
8825,845.5,86.88,2.27,40.21,1
8826,220.4,55.97,1.428,38.12,0
8827,207.3,75.19,0.965,38.53,0
8828,515.6,67.26,1.554,39.73,0
8829,599.8,83.07,3.115,29.67,1
8830,294.5,54.58,0.448,36.54,0
8831,458.0,59.54,3.051,42.29,0
8832,252.6,46.74,2.872,49.07,0
8833,253.1,66.47,2.625,47.54,0
8834,338.2,52.22,0.43,45.49,0
8835,364.2,66.26,1.325,33.48,0
8836,463.0,21.36,2.348,41.38,0
8837,186.3,19.0,2.336,45.62,0
8838,138.4,66.27,1.657,29.49,0
8839,417.3,41.61,1.775,39.9,0
8840,198.9,63.06,1.893,34.2,0
8841,839.6,59.52,1.818,31.24,1
8842,1441.0,47.07,3.927,41.83,0
8843,595.5,52.93,3.251,34.66,0
8844,588.9,75.47,2.367,36.74,1
8845,829.3,47.95,1.343,28.22,0
8846,471.5,95.98,0.964,31.0,1
8847,702.0,61.55,2.071,41.06,0
8848,1017.5,47.82,0.65,30.95,0
8849,381.2,88.15,2.022,42.11,0
8850,327.7,67.11,2.007,35.2,0
8851,583.7,46.44,3.883,35.13,0
8852,475.1,39.05,5.159,32.95,0
8853,352.9,63.94,1.844,48.33,0
8854,623.1,52.7,1.75,41.87,0
8855,224.7,88.8,5.22,42.99,1
8856,483.8,50.73,1.91,34.54,0
8857,239.5,37.11,1.505,45.78,0
8858,587.9,31.07,1.57,49.7,0
8859,180.4,69.3,3.596,39.03,0
8860,213.7,28.17,5.203,37.9,0
8861,346.7,35.88,2.199,47.25,0
8862,585.1,41.83,3.824,34.18,0
8863,200.3,48.25,1.805,30.02,0
8864,700.5,72.64,1.137,47.61,0
8865,173.1,47.77,3.698,30.1,0
8866,384.4,35.34,1.301,37.39,0
8867,646.6,32.48,3.582,41.09,0
8868,269.3,63.51,2.525,42.88,0
8869,449.3,49.56,2.628,32.5,1
8870,608.1,47.29,1.491,52.41,0
8871,255.4,64.59,1.03,48.37,0
8872,582.0,73.14,2.467,46.28,1
8873,164.9,21.19,0.65,36.14,0
8874,736.4,36.72,3.249,49.34,0
8875,328.9,66.42,4.037,39.67,0
8876,370.2,72.58,4.708,39.39,1
8877,211.6,64.27,0.629,44.08,0
8878,1279.4,77.2,1.084,40.85,0
8879,318.1,42.53,0.918,31.96,0
8880,211.8,38.58,1.077,34.94,0
8881,981.5,56.62,5.662,34.02,0
8882,187.5,26.94,2.369,29.99,0
8883,759.3,83.06,1.382,31.81,0
8884,163.9,54.34,2.062,38.93,0
8885,595.5,47.25,1.881,39.8,0
8886,368.2,43.74,1.628,35.83,0
8887,611.3,57.21,1.156,37.5,0
8888,477.3,59.83,0.709,30.99,0
8889,279.6,52.13,0.918,44.18,0
8890,335.6,70.84,2.842,40.83,1
8891,407.0,44.51,1.708,42.37,0
8892,107.3,45.47,3.861,38.06,0
8893,311.0,50.64,2.354,30.81,0
8894,80.4,74.52,3.171,45.72,0
8895,220.9,60.17,2.878,51.15,0
8896,865.1,66.2,1.156,43.36,0
8897,460.6,85.83,3.88,43.13,1
8898,324.8,36.97,1.466,34.32,0
8899,234.8,62.16,1.098,34.58,0
8900,353.6,42.72,2.465,32.18,0
8901,809.0,75.9,7.544,31.15,1
8902,722.6,69.2,1.855,40.36,1
8903,223.0,86.29,4.57,28.53,1
8904,385.4,53.53,3.429,36.74,0
8905,169.2,84.12,1.371,36.85,0
8906,383.7,42.93,9.369,33.25,0
8907,419.6,41.98,2.727,36.41,0
8908,1122.0,37.13,2.784,35.13,0
8909,178.8,42.73,3.68,30.81,0
8910,353.5,39.05,1.152,42.99,0
8911,121.3,76.22,1.495,36.32,1
8912,619.8,25.75,1.632,39.33,0
8913,477.0,33.45,2.542,33.27,0
8914,214.9,73.75,4.198,35.15,1
8915,196.5,49.49,1.197,23.85,0
8916,492.9,44.67,1.297,33.21,0
8917,513.9,44.03,2.016,24.03,0
8918,162.6,18.0,2.264,34.15,0
8919,550.5,77.59,3.007,41.54,1
8920,511.1,11.25,3.551,37.1,0
8921,369.6,6.11,3.724,43.8,0
8922,560.2,40.16,2.987,41.7,0
8923,388.1,78.09,1.405,31.12,0
8924,413.0,27.19,5.341,34.7,1
8925,169.8,52.71,4.461,46.79,0
8926,550.2,89.0,2.68,39.52,1
8927,405.7,41.79,3.193,40.33,0
8928,250.9,58.98,0.94,43.24,0
8929,584.7,46.18,1.567,43.17,0
8930,265.1,92.71,2.482,40.94,1
8931,666.1,62.26,3.847,28.53,0
8932,468.2,65.65,1.854,41.98,0
8933,152.3,65.69,5.332,42.26,0
8934,875.3,90.79,1.05,32.86,1
8935,93.8,57.17,2.814,33.65,0
8936,1113.3,61.65,6.342,44.79,0
8937,470.2,34.3,3.324,39.3,0
8938,345.3,56.65,2.237,33.78,0
8939,478.7,77.67,1.745,33.61,1
8940,794.7,24.48,1.796,35.75,0
8941,91.4,43.08,1.902,30.81,0
8942,357.8,25.43,1.118,32.61,0
8943,191.0,31.8,1.113,34.6,0
8944,371.1,69.19,1.019,36.67,0
8945,354.4,25.1,4.392,45.54,0
8946,762.4,54.56,1.576,48.23,0
8947,462.9,59.32,1.618,35.44,0
8948,1132.3,35.04,2.463,27.72,0
8949,282.4,39.32,3.586,29.78,0
8950,180.6,61.41,2.73,32.15,0
8951,249.5,69.44,3.363,31.54,0
8952,485.2,63.62,1.825,39.11,0
8953,236.0,33.87,2.584,24.15,0
8954,932.6,48.65,1.538,38.09,0
8955,245.5,80.84,1.999,29.1,1
8956,234.4,77.75,2.864,44.05,0
8957,290.9,38.44,2.548,35.01,0
8958,739.9,56.28,1.014,35.51,0
8959,773.5,45.83,4.44,38.9,0
8960,773.1,63.53,1.831,39.82,0
8961,409.3,63.73,3.285,35.21,0
8962,91.7,79.47,1.7,43.84,0
8963,209.3,75.62,2.402,38.91,0
8964,213.7,19.57,1.387,28.96,0
8965,639.6,42.12,2.799,42.1,0
8966,378.9,19.27,2.491,27.01,0
8967,177.7,72.42,0.956,48.85,0
8968,662.0,59.0,1.923,38.58,0
8969,122.3,47.6,3.135,31.04,0
8970,318.5,77.63,4.961,47.15,0
8971,250.5,11.42,2.365,42.35,0
8972,344.0,76.11,2.536,36.72,1
8973,121.2,70.17,1.301,38.6,0
8974,1369.0,4.97,1.168,46.26,0
8975,376.2,83.51,2.541,45.04,0
8976,410.3,58.83,2.873,41.95,0
8977,279.2,46.07,1.838,28.67,0
8978,418.8,63.6,3.26,38.82,1
8979,145.4,82.85,1.936,32.33,0
8980,630.1,41.43,3.816,33.5,0
8981,340.0,42.28,1.908,45.11,0
8982,233.1,68.5,1.091,50.92,0
8983,614.9,25.88,3.629,39.49,0
8984,694.7,72.5,2.659,42.75,0
8985,261.9,82.42,1.863,45.53,0
8986,543.6,58.6,1.068,35.8,0
8987,538.5,69.42,2.297,37.19,0
8988,934.7,85.96,3.887,29.9,1
8989,716.0,62.49,1.304,40.77,0
8990,390.1,73.83,4.748,43.79,0
8991,175.3,81.7,1.703,40.84,0
8992,690.5,55.11,3.541,39.33,0
8993,267.9,47.52,1.383,37.19,0
8994,252.9,41.64,1.441,32.39,0
8995,886.3,22.8,3.269,40.95,1
8996,106.0,79.5,1.485,43.29,0
8997,81.4,59.26,1.974,38.53,0
8998,405.5,78.77,4.108,41.62,0
8999,451.2,71.01,2.016,37.76,1
9000,458.2,52.44,2.914,32.7,0
9001,403.6,77.52,6.294,39.07,0
9002,278.2,53.37,2.484,44.14,0
9003,335.0,51.33,2.107,39.94,0
9004,303.8,65.38,3.39,44.65,0
9005,109.3,68.97,3.69,53.15,0
9006,705.7,25.37,1.44,40.62,0
9007,311.0,47.59,1.952,37.73,0
9008,445.1,28.13,0.739,29.51,0
9009,394.8,94.76,1.863,34.37,1
9010,112.0,71.58,2.442,35.03,0
9011,154.1,25.68,3.023,34.19,0
9012,670.3,75.21,2.173,42.38,0
9013,431.5,60.61,1.371,40.84,0
9014,206.1,59.16,0.853,42.47,0
9015,53.7,65.78,3.871,35.85,0
9016,502.1,91.35,1.225,34.61,1
9017,675.0,20.46,5.199,40.81,0
9018,808.6,50.63,4.484,43.77,1
9019,514.7,77.41,3.533,38.71,0
9020,104.4,28.29,2.488,30.53,0
9021,603.0,57.56,2.512,40.29,0
9022,311.0,73.53,2.417,31.99,0
9023,269.5,34.6,1.404,29.19,0
9024,110.9,61.09,2.715,38.53,0
9025,741.0,85.3,1.788,38.96,1
9026,301.8,58.14,0.923,33.59,0
9027,485.6,30.62,1.417,36.21,0
9028,70.5,56.09,0.586,33.34,0
9029,115.7,70.68,1.077,41.93,0
9030,457.1,70.78,3.241,35.8,0
9031,152.9,12.94,4.653,41.44,0
9032,421.7,55.02,1.587,48.71,0
9033,339.0,65.77,2.396,40.6,0
9034,158.5,59.14,0.689,25.7,1
9035,110.4,59.01,0.721,28.49,0
9036,262.2,62.27,0.959,54.08,0
9037,275.7,72.72,1.241,28.71,1
9038,586.2,60.43,1.241,32.9,0
9039,400.6,68.12,1.527,42.08,0
9040,396.4,87.59,2.494,37.86,0
9041,417.6,14.8,1.032,37.81,0
9042,613.1,55.24,2.211,39.17,0
9043,995.7,40.31,1.106,27.58,0
9044,215.5,18.71,4.392,48.57,0
9045,459.2,57.92,0.766,32.72,0
9046,333.3,56.73,3.946,39.13,0
9047,314.3,92.77,1.872,43.96,0
9048,564.7,92.8,0.714,44.44,1
9049,330.6,49.17,1.398,37.34,0
9050,652.8,87.45,0.655,21.87,1
9051,283.5,33.96,1.597,47.37,0
9052,29.8,53.68,1.365,37.63,0
9053,511.3,47.04,2.126,34.42,0
9054,229.5,76.45,3.305,36.19,1
9055,259.1,76.94,3.352,37.01,0
9056,97.8,63.61,1.262,39.73,0
9057,477.8,89.29,1.824,50.5,0
9058,651.1,25.42,1.953,43.03,0
9059,78.7,38.51,1.588,55.22,0
9060,283.1,28.14,2.876,37.8,0
9061,518.8,23.22,1.247,30.46,0
9062,689.3,30.84,4.817,37.3,0
9063,792.1,37.63,2.732,37.97,0
9064,486.8,56.33,6.312,33.88,1
9065,285.7,57.79,1.599,31.01,0
9066,582.4,18.34,3.839,35.7,0
9067,385.8,42.83,1.705,41.43,0
9068,443.0,83.44,1.124,34.83,0
9069,672.3,63.3,1.086,23.91,1
9070,242.4,57.58,1.048,40.67,0
9071,502.5,42.52,1.587,46.05,0
9072,447.3,52.2,2.537,30.85,0
9073,882.6,56.75,1.616,34.33,1
9074,659.0,59.0,1.859,34.9,0
9075,139.9,40.69,1.46,41.4,0
9076,329.2,33.97,4.927,40.32,0
9077,456.9,78.99,0.705,34.48,0
9078,233.0,74.65,6.842,38.46,0
9079,127.4,56.02,0.827,40.49,0
9080,419.1,21.57,0.777,38.75,0
9081,523.5,50.42,2.622,38.44,0
9082,251.2,78.42,1.558,32.53,0
9083,334.4,85.01,2.832,41.37,1
9084,600.7,59.46,1.033,39.84,0
9085,47.0,34.81,1.544,26.8,0
9086,239.5,18.25,1.262,50.37,0
9087,296.9,37.81,1.477,50.26,0
9088,274.8,90.6,2.728,42.14,1
9089,370.8,54.53,1.61,39.95,0
9090,171.1,14.72,0.924,41.17,0
9091,226.3,41.17,4.598,43.7,0
9092,638.5,66.61,3.266,35.41,0
9093,324.9,34.42,0.68,34.12,0
9094,243.3,66.31,4.802,45.25,0
9095,96.0,77.87,1.292,45.21,0
9096,533.4,17.62,3.479,39.05,0
9097,610.8,53.73,2.931,39.96,0
9098,304.8,22.5,1.967,40.66,0
9099,594.1,25.05,2.386,45.69,0
9100,720.0,84.49,1.644,37.5,0
9101,809.5,14.8,2.002,35.38,0
9102,382.1,62.45,2.667,34.28,0
9103,147.5,84.94,2.678,46.69,0
9104,880.6,82.44,2.936,34.96,1
9105,1035.4,38.33,1.596,38.78,0
9106,426.8,30.61,3.088,37.59,0
9107,363.6,82.2,6.106,41.28,1
9108,612.3,48.61,1.294,44.59,0
9109,368.6,48.78,0.856,29.25,1
9110,468.7,73.2,2.898,38.05,0
9111,521.5,55.2,1.707,44.69,0
9112,172.1,48.84,2.502,43.18,0
9113,332.0,19.33,1.8,41.04,0
9114,338.2,75.45,6.338,49.2,0
9115,263.0,57.03,2.074,43.18,0
9116,229.8,30.92,2.675,48.24,0
9117,504.0,53.26,3.08,38.16,0
9118,467.2,76.47,2.238,48.54,1
9119,469.7,57.83,3.646,34.27,0
9120,605.0,87.32,1.774,44.07,1
9121,75.3,40.62,6.753,31.68,0
9122,75.5,23.59,2.56,36.01,0
9123,388.7,35.43,2.071,41.65,0
9124,351.3,35.92,2.994,35.84,0
9125,530.8,44.22,2.593,30.69,0
9126,430.3,56.05,2.311,44.62,0
9127,898.2,52.59,3.138,37.33,0
9128,160.2,34.17,1.4,32.13,0
9129,278.3,56.43,0.999,35.48,0
9130,410.1,57.07,1.642,34.27,0
9131,193.4,42.11,2.745,39.1,0
9132,384.3,38.51,0.867,31.86,0
9133,201.5,40.02,2.029,32.66,0
9134,174.8,28.96,1.296,42.33,0
9135,428.2,52.51,7.149,32.35,1
9136,372.1,70.05,1.38,54.22,0
9137,205.7,80.67,2.254,34.83,0
9138,892.2,29.72,2.77,42.67,0
9139,1253.5,45.79,4.069,34.68,0
9140,264.5,56.11,4.835,35.61,0
9141,163.7,57.57,1.465,42.99,0
9142,494.1,65.63,2.757,33.27,1
9143,593.5,73.42,1.877,31.82,1
9144,391.4,65.32,1.358,39.01,0
9145,478.9,49.25,3.64,40.19,0
9146,345.1,67.05,3.966,45.49,0
9147,74.9,46.31,3.105,38.88,0
9148,685.4,48.59,4.209,40.95,0
9149,323.3,86.93,5.736,40.47,1
9150,640.8,36.13,2.31,40.25,0
9151,702.8,32.46,0.802,30.23,0
9152,543.9,87.41,3.865,42.62,1
9153,201.2,31.89,1.794,40.11,0
9154,319.8,39.25,6.856,42.1,0
9155,828.1,50.71,5.32,45.09,1
9156,989.9,56.69,1.343,42.41,0
9157,251.8,31.7,2.013,35.37,0
9158,486.8,54.66,0.823,39.0,0
9159,197.3,50.54,1.849,41.39,0
9160,530.1,62.61,1.087,41.58,0
9161,124.4,21.14,1.171,38.08,0
9162,310.6,84.01,3.828,44.98,1
9163,281.9,18.7,2.041,47.7,0
9164,481.2,63.46,1.21,25.89,0
9165,164.8,35.72,2.505,36.52,0
9166,285.1,77.85,2.091,36.15,1
9167,849.5,55.21,3.445,38.47,0
9168,134.5,41.81,1.001,33.63,0
9169,828.9,58.18,2.028,35.22,0
9170,272.8,72.77,2.57,38.8,0
9171,858.3,28.86,4.66,29.7,1
9172,325.1,82.73,3.063,36.82,0
9173,87.6,59.55,3.278,34.26,0
9174,128.0,26.21,1.736,44.37,0
9175,469.7,58.04,1.968,45.59,0
9176,789.8,65.67,2.8,36.64,0
9177,846.1,78.13,2.269,38.35,1
9178,334.2,56.14,1.14,33.07,0
9179,330.1,64.1,2.118,37.27,0
9180,150.6,51.25,2.016,43.81,0
9181,314.3,33.24,1.937,38.95,0
9182,318.7,59.38,4.747,30.59,0
9183,239.2,25.45,4.204,42.93,0
9184,423.4,72.17,4.15,39.65,0
9185,310.4,45.33,1.525,39.34,0
9186,534.3,36.67,1.074,28.11,0
9187,1426.3,28.01,5.802,38.65,0
9188,280.6,31.24,1.627,43.3,0
9189,179.5,9.59,1.849,38.31,0
9190,567.3,29.24,1.192,35.81,0
9191,552.2,52.73,1.525,51.45,0
9192,497.8,65.67,1.985,47.46,0
9193,532.2,27.25,1.674,41.77,0
9194,683.9,30.65,1.601,39.13,0
9195,230.0,71.24,1.972,31.53,0
9196,435.3,63.85,1.513,29.09,1
9197,1289.7,21.46,2.362,37.94,0
9198,699.5,88.56,0.47,40.36,0
9199,290.7,32.82,1.952,39.01,0
9200,167.5,51.05,2.058,34.21,0
9201,155.1,54.69,2.52,57.99,0
9202,135.2,52.24,3.086,31.8,0
9203,326.2,51.13,2.009,46.1,1
9204,122.4,37.89,1.298,39.79,0
9205,552.3,20.79,2.687,39.58,0
9206,340.9,77.47,4.375,44.66,0
9207,401.7,31.45,1.275,43.37,0
9208,430.6,32.19,0.917,43.02,0
9209,577.1,71.05,2.75,38.55,1
9210,327.9,24.18,1.55,23.21,0
9211,554.5,71.5,3.91,38.25,0
9212,188.8,79.7,1.606,36.27,0
9213,290.0,43.12,1.478,28.88,0
9214,237.2,38.55,2.222,31.84,0
9215,200.1,44.02,1.983,33.33,0
9216,305.4,43.39,1.076,35.0,0
9217,409.6,69.84,0.9,36.46,0
9218,470.9,57.75,2.888,36.28,1
9219,173.3,57.01,3.764,47.19,0
9220,423.2,65.67,1.102,40.73,0
9221,263.5,44.35,1.04,33.48,0
9222,383.6,86.2,6.531,44.22,1
9223,187.5,21.14,1.569,33.81,0
9224,178.9,56.91,2.013,40.52,0
9225,454.3,43.11,0.939,23.12,0
9226,411.1,82.69,2.569,46.07,1
9227,161.4,73.73,2.335,41.06,0
9228,427.2,58.21,2.103,42.36,0
9229,826.5,63.8,3.058,34.28,1
9230,380.6,19.21,1.32,36.88,0
9231,403.3,56.35,0.655,49.32,0
9232,831.5,46.35,0.749,41.27,0
9233,629.6,41.32,4.122,39.96,0
9234,249.1,69.71,2.068,38.69,1
9235,313.5,74.2,2.447,31.52,0
9236,491.7,56.13,4.506,30.08,0
9237,473.2,61.68,2.102,37.9,0
9238,432.5,91.24,1.749,39.53,1
9239,243.6,52.67,2.405,33.58,0
9240,1055.0,52.09,1.022,34.82,0
9241,998.6,59.93,2.889,38.27,1
9242,205.3,55.14,2.7,31.1,0
9243,254.7,51.04,1.349,42.91,0
9244,282.4,60.7,1.813,34.25,0
9245,943.9,47.91,2.942,49.05,0
9246,527.7,62.28,1.889,38.75,0
9247,194.2,86.33,2.174,27.34,1
9248,646.7,49.13,2.514,39.02,0
9249,864.5,63.83,0.975,27.63,0
9250,111.8,57.3,6.628,44.68,0
9251,181.6,43.79,2.924,51.42,0
9252,790.0,74.38,1.854,45.96,0
9253,509.8,66.47,3.102,36.29,1
9254,788.9,38.32,3.656,31.09,0
9255,114.8,36.03,4.255,35.07,0
9256,656.2,37.48,1.909,50.79,0
9257,301.3,41.69,3.438,40.74,0
9258,238.9,57.33,1.688,41.07,0
9259,890.7,42.71,3.226,35.13,0
9260,213.1,60.1,1.138,37.28,0
9261,253.6,45.66,1.395,35.76,0
9262,349.8,23.79,1.701,34.79,0
9263,479.5,63.86,2.19,39.8,0
9264,367.6,86.65,1.548,44.7,0
9265,728.4,42.67,1.149,42.48,1
9266,562.4,81.91,3.416,28.09,1
9267,286.9,58.46,2.151,21.06,0
9268,308.2,67.92,4.555,39.51,1
9269,836.4,44.2,2.281,24.03,1
9270,62.3,25.21,4.517,36.09,0
9271,903.1,27.19,1.67,38.67,0
9272,105.5,45.61,3.823,45.53,0
9273,538.5,44.91,2.783,31.7,0
9274,370.0,43.72,2.123,39.66,0
9275,305.7,66.01,1.539,30.95,0
9276,261.6,6.54,3.357,35.78,0
9277,231.5,15.8,2.112,34.19,0
9278,816.1,82.36,3.589,47.31,1
9279,324.1,24.28,1.608,43.4,0
9280,779.1,39.85,1.031,39.82,0
9281,176.5,24.28,2.333,41.05,0
9282,207.3,88.46,0.777,44.1,0
9283,245.2,72.12,5.258,45.22,1
9284,651.3,40.5,2.756,37.57,0
9285,243.8,29.81,3.538,38.3,0
9286,129.9,53.12,1.873,26.87,0
9287,225.6,15.09,1.449,43.09,0
9288,533.7,59.17,1.569,31.02,0
9289,359.5,69.09,2.342,23.67,0
9290,95.4,57.59,1.689,39.76,0
9291,130.2,59.04,0.998,28.67,0
9292,780.9,48.25,1.924,43.7,0
9293,253.6,65.62,2.505,49.89,0
9294,386.2,56.79,2.075,33.37,0
9295,314.1,81.12,2.11,30.58,0
9296,198.1,67.48,2.671,40.38,0
9297,368.0,63.89,1.911,41.49,0
9298,1059.9,41.19,1.862,29.4,0
9299,70.2,16.14,2.246,33.17,0
9300,198.3,71.19,8.781,35.3,1
9301,1199.8,63.76,4.354,44.83,0
9302,352.6,85.5,0.91,39.94,0
9303,36.0,41.28,1.978,49.53,0
9304,642.2,37.23,2.08,36.06,1
9305,416.7,55.52,1.109,43.47,0
9306,257.4,57.2,1.281,35.38,0
9307,421.5,34.77,2.655,36.3,0
9308,588.1,79.64,2.008,35.69,0
9309,65.7,40.25,1.331,29.59,0
9310,236.2,41.58,5.747,34.07,0
9311,30.6,66.12,1.66,38.5,0
9312,320.6,75.91,2.301,40.0,0
9313,127.6,45.28,1.15,27.45,0
9314,447.0,93.67,2.571,46.8,1
9315,1188.3,52.87,1.872,23.4,1
9316,451.9,56.2,3.959,54.83,0
9317,214.4,39.53,2.18,33.64,0
9318,188.2,70.68,2.933,40.74,0
9319,252.8,43.93,2.281,33.03,0
9320,693.2,52.43,2.148,41.05,0
9321,468.1,76.38,4.745,34.79,1
9322,631.2,68.76,3.028,38.83,0
9323,1083.9,32.36,2.64,46.69,0
9324,282.0,61.37,3.327,19.79,1
9325,177.7,46.26,4.281,35.74,0
9326,294.2,48.93,1.552,36.01,0
9327,485.5,56.49,1.543,41.1,0
9328,278.5,39.87,1.569,41.4,0
9329,1101.2,38.69,2.072,37.35,0
9330,205.9,36.83,2.604,48.79,0
9331,257.5,32.81,3.106,31.29,0
9332,586.0,55.69,1.808,44.22,0
9333,342.7,86.18,2.304,39.71,1
9334,830.3,21.33,1.467,48.99,1
9335,493.8,43.03,4.837,32.0,1
9336,291.0,25.94,4.331,38.69,0
9337,443.6,81.55,0.819,39.75,0
9338,400.1,23.38,1.357,37.09,0
9339,1368.9,36.3,5.027,41.03,0
9340,1099.1,53.67,1.178,34.39,0
9341,226.6,81.71,5.619,35.51,1
9342,677.6,43.58,5.742,27.31,1
9343,148.9,42.18,3.168,31.14,0
9344,77.2,70.85,0.828,34.97,0
9345,664.1,11.23,3.116,31.51,0
9346,486.0,89.03,2.01,34.77,1
9347,368.0,68.2,1.608,25.18,1
9348,677.7,50.32,1.534,32.77,0
9349,187.2,43.82,1.282,25.5,0
9350,627.7,8.99,1.323,37.9,0
9351,512.0,41.36,0.891,37.65,0
9352,104.3,62.4,4.339,54.43,0
9353,783.5,33.91,1.431,41.4,0
9354,166.5,62.79,3.421,39.81,0
9355,1150.8,32.99,8.737,36.69,0
9356,458.3,65.69,3.25,35.31,0
9357,369.7,58.49,0.88,43.0,0
9358,385.0,78.41,3.018,39.01,0
9359,384.0,46.68,0.834,43.02,0
9360,190.3,75.33,2.276,34.53,0
9361,805.4,79.54,1.636,26.27,1
9362,321.8,13.62,1.22,37.59,0
9363,142.0,45.19,3.486,31.24,0
9364,181.0,30.72,1.346,27.17,0
9365,346.0,83.75,2.874,34.95,0
9366,174.3,30.48,4.218,26.74,0
9367,492.9,36.66,2.446,24.37,0
9368,81.0,44.11,3.546,45.1,0
9369,329.3,46.57,5.357,45.86,0
9370,464.8,68.01,1.221,27.68,1
9371,259.7,62.63,3.551,42.22,0
9372,437.3,84.94,1.293,40.72,0
9373,399.1,45.49,1.684,49.36,0
9374,543.8,19.53,1.093,25.64,0
9375,857.5,79.52,3.026,33.19,1
9376,799.9,80.64,2.091,38.55,1
9377,499.1,80.6,5.369,45.86,1
9378,615.7,59.12,1.54,27.7,0
9379,384.2,86.59,2.398,41.37,1
9380,212.2,40.29,3.481,37.73,0
9381,329.9,47.46,0.812,38.67,0
9382,770.7,83.04,2.716,37.84,1
9383,181.9,41.98,1.872,34.26,0
9384,216.8,22.09,1.825,42.62,0
9385,126.5,38.78,4.682,31.01,0
9386,599.3,33.59,1.936,49.06,0
9387,975.4,95.63,3.078,39.6,1
9388,113.3,39.16,1.296,40.58,0
9389,736.5,74.97,1.054,36.54,1
9390,191.1,40.04,2.891,43.34,0
9391,650.4,30.11,1.766,34.64,0
9392,670.1,22.52,3.378,35.91,0
9393,658.9,27.56,2.84,51.01,0
9394,73.3,35.21,8.123,30.98,0
9395,396.7,85.26,1.994,35.27,1
9396,287.1,59.71,1.737,39.52,0
9397,790.3,55.47,2.837,45.27,0
9398,557.6,68.23,1.417,49.42,0
9399,393.2,93.22,0.857,33.77,1
9400,387.5,37.96,2.027,33.57,0
9401,430.6,72.61,2.384,31.27,1
9402,275.9,17.18,0.804,36.72,0
9403,370.3,27.73,2.329,29.63,0
9404,168.3,71.21,0.886,40.16,0
9405,286.0,90.52,2.759,41.58,0
9406,511.8,40.46,2.576,21.97,0
9407,565.4,57.53,1.899,33.71,0
9408,684.9,36.92,1.23,37.23,0
9409,577.4,50.56,5.184,37.19,0
9410,1139.4,83.35,2.087,28.37,1
9411,162.3,89.65,3.503,34.8,1
9412,289.1,19.56,3.205,43.64,0
9413,494.3,26.99,0.605,50.47,0
9414,191.6,70.49,1.38,50.71,0
9415,253.7,68.77,2.384,50.84,0
9416,892.3,30.72,5.249,36.07,0
9417,366.0,86.84,2.782,33.48,1
9418,922.2,59.37,1.742,40.1,0
9419,210.9,26.93,2.157,37.94,0
9420,373.9,16.38,0.425,49.55,0
9421,242.7,18.75,1.393,40.26,0
9422,331.0,36.68,0.626,44.39,0
9423,269.3,56.81,2.869,36.29,0
9424,564.0,54.85,2.209,33.6,1
9425,458.3,42.7,1.262,36.58,0
9426,546.2,65.58,1.812,30.29,1
9427,237.3,52.32,1.167,42.5,0
9428,242.7,81.88,2.315,39.96,1
9429,408.6,58.82,1.995,41.57,0
9430,1076.4,56.82,2.137,42.33,0
9431,1159.6,33.54,7.651,45.15,0
9432,396.4,31.11,0.738,40.92,0
9433,382.3,42.78,2.284,33.51,0
9434,553.8,65.93,1.341,39.44,0
9435,690.5,44.57,2.299,42.84,0
9436,726.5,61.84,0.8,31.77,0
9437,214.8,60.1,1.128,38.98,0
9438,297.5,66.25,1.329,37.16,0
9439,579.9,58.06,2.66,41.63,0
9440,199.1,76.92,2.697,33.5,0
9441,644.3,69.35,4.009,40.8,0
9442,319.4,45.12,3.244,38.59,0
9443,522.8,91.36,4.067,34.26,1
9444,211.3,12.94,1.521,34.39,0
9445,723.6,38.33,0.962,36.88,0
9446,195.9,40.92,6.968,37.99,0
9447,721.3,57.19,3.735,48.38,0
9448,672.6,46.64,1.608,29.82,1
9449,183.3,40.12,1.196,38.24,0
9450,410.4,64.35,1.169,46.57,0
9451,263.7,48.05,2.231,32.1,0
9452,205.8,16.36,1.221,53.96,0
9453,1180.7,72.31,5.013,46.75,1
9454,629.4,14.94,5.195,40.27,0
9455,1162.3,62.85,1.801,40.03,1
9456,523.3,38.49,1.392,47.06,0
9457,257.8,93.23,1.915,38.84,1
9458,1004.7,21.88,1.028,22.65,0
9459,553.0,75.21,1.919,45.18,0
9460,265.2,74.03,1.607,39.84,0
9461,1000.6,35.47,4.806,49.43,0
9462,483.7,48.32,1.178,39.88,0
9463,121.1,42.45,2.018,30.45,0
9464,155.4,24.98,4.445,36.64,0
9465,371.9,44.28,1.748,33.38,0
9466,965.3,69.47,0.872,48.19,0
9467,170.9,70.52,4.312,32.75,0
9468,443.9,67.04,3.333,38.4,1
9469,1627.0,54.13,1.258,37.42,0
9470,1231.6,81.2,2.369,44.29,1
9471,280.3,71.14,3.73,39.78,0
9472,91.6,96.04,1.164,28.63,0
9473,115.9,71.39,3.41,38.86,0
9474,241.1,56.65,0.81,41.23,0
9475,285.3,49.31,0.94,37.25,0
9476,396.9,24.27,1.5,42.19,0
9477,362.6,52.31,1.902,30.76,0
9478,361.3,50.12,2.582,31.17,0
9479,194.9,53.01,3.202,41.2,0
9480,524.6,57.14,1.253,49.79,0
9481,283.4,72.16,1.919,39.53,0
9482,412.7,89.6,2.109,31.62,1
9483,745.0,15.61,3.223,42.21,0
9484,227.6,79.33,3.008,43.72,0
9485,237.5,42.34,1.157,36.6,0
9486,538.8,59.23,2.476,39.15,0
9487,672.1,64.26,2.947,26.29,0
9488,721.6,38.83,0.965,40.28,0
9489,141.4,19.88,1.468,51.56,0
9490,1100.0,56.11,2.326,29.63,1
9491,275.7,53.09,1.078,37.11,0
9492,511.0,62.72,1.56,32.99,0
9493,245.8,34.22,2.856,26.29,0
9494,1267.0,55.58,5.602,46.35,0
9495,226.1,86.97,2.094,39.89,1
9496,343.4,53.11,1.637,42.08,0
9497,474.3,68.37,0.572,35.43,0
9498,462.9,66.63,3.272,39.82,0
9499,825.9,39.87,3.26,38.11,0
9500,250.4,50.32,2.28,29.1,1
9501,237.4,9.45,1.639,34.99,0
9502,248.7,63.08,1.584,39.38,0
9503,512.0,36.95,3.233,39.11,0
9504,295.1,48.8,1.829,38.26,0
9505,832.5,35.52,1.261,36.77,0
9506,228.5,49.22,2.573,27.73,0
9507,1157.8,58.71,3.415,28.22,1
9508,175.6,72.39,4.802,39.88,1
9509,1107.4,62.5,1.364,29.94,0
9510,701.2,69.21,1.025,53.38,0
9511,282.5,30.63,3.218,40.44,0
9512,220.3,87.07,1.431,28.23,1
9513,167.3,50.65,2.778,35.18,0
9514,138.1,56.43,3.468,39.26,0
9515,181.0,35.11,2.265,27.61,0
9516,727.0,36.64,1.623,34.72,0
9517,388.9,39.37,1.507,43.63,0
9518,345.3,11.44,2.742,33.01,0
9519,394.7,81.95,1.95,47.76,0
9520,377.8,35.0,3.393,46.38,0
9521,314.0,41.48,1.774,44.82,0
9522,453.4,88.37,3.201,42.9,0
9523,593.9,92.91,2.924,37.91,1
9524,1464.2,20.2,2.158,46.79,0
9525,75.6,48.03,3.304,37.45,0
9526,224.5,69.9,1.756,37.97,0
9527,327.1,35.66,2.738,40.67,0
9528,212.2,48.88,3.653,30.73,0
9529,375.4,89.6,2.496,29.99,1
9530,715.3,50.21,3.226,36.83,0
9531,612.7,72.01,1.313,43.91,0
9532,177.4,56.89,3.363,44.69,0
9533,418.1,58.16,4.074,38.35,0
9534,116.4,68.54,1.738,24.95,0
9535,138.5,31.38,0.867,33.61,0
9536,223.6,54.72,1.569,34.73,0
9537,456.7,62.99,1.845,42.87,0
9538,819.3,73.92,1.186,36.85,0
9539,620.2,65.64,2.877,31.67,1
9540,139.1,74.78,2.593,34.83,1
9541,336.2,60.84,3.728,29.22,0
9542,826.2,82.38,4.123,34.98,1
9543,338.0,51.94,2.199,37.1,0
9544,137.8,72.07,1.126,33.06,0
9545,163.2,44.48,3.066,48.14,0
9546,379.9,60.37,2.189,40.82,0
9547,295.7,37.37,1.426,41.73,0
9548,1430.8,77.01,0.62,39.2,0
9549,319.9,85.53,3.508,43.76,0
9550,71.2,27.18,1.632,37.44,0
9551,571.6,54.22,2.092,40.85,0
9552,513.5,81.87,1.204,27.6,0
9553,117.1,81.49,2.166,43.41,0
9554,423.5,56.71,1.413,34.78,0
9555,97.6,65.15,1.946,33.18,0
9556,738.6,24.34,2.842,42.71,1
9557,257.8,30.45,2.378,37.78,0
9558,333.0,48.21,0.614,31.1,0
9559,194.7,20.37,2.725,42.79,0
9560,994.7,89.48,1.177,43.52,0
9561,392.7,41.78,2.069,28.72,0
9562,707.4,10.39,1.899,34.11,0
9563,252.8,33.09,2.702,27.4,0
9564,428.2,31.09,2.098,48.46,0
9565,56.2,64.67,1.377,27.8,0
9566,500.9,89.91,1.303,42.72,1
9567,454.2,68.19,1.93,35.55,0
9568,818.3,46.14,1.278,38.18,0
9569,714.2,89.05,2.504,37.9,1
9570,119.0,54.78,1.778,33.05,0
9571,517.4,4.67,7.028,42.94,0
9572,512.9,35.25,1.291,26.18,0
9573,1647.0,34.3,1.861,34.84,0
9574,225.7,40.19,1.221,34.21,0
9575,346.3,59.93,2.36,34.4,0
9576,676.9,53.31,3.365,37.01,1
9577,529.7,83.19,1.737,35.52,1
9578,51.6,28.28,2.283,35.23,0
9579,251.2,63.31,2.888,45.07,0
9580,426.9,40.79,2.047,28.18,1
9581,288.0,93.73,4.257,32.94,0
9582,467.3,26.86,0.788,35.73,0
9583,246.5,44.89,1.657,31.63,0
9584,361.5,60.88,1.598,29.54,0
9585,330.8,55.85,1.633,50.45,0
9586,485.3,96.3,3.179,35.58,1
9587,283.5,80.01,1.579,42.17,0
9588,621.6,71.97,2.567,40.08,0
9589,752.3,28.03,2.362,42.08,0
9590,213.4,55.5,3.228,27.2,0
9591,370.5,45.35,1.768,28.28,0
9592,450.6,58.8,2.964,40.53,1
9593,353.7,63.88,2.075,31.62,0
9594,401.1,22.98,4.095,40.02,0
9595,414.2,33.42,1.825,52.86,0
9596,493.4,63.39,3.318,37.82,0
9597,885.6,72.97,1.999,42.75,0
9598,433.7,24.0,2.642,40.25,0
9599,411.4,37.17,7.007,43.43,0
9600,108.1,26.95,3.781,37.45,0
9601,153.5,85.1,1.246,53.63,0
9602,218.2,56.27,0.905,28.15,0
9603,752.2,69.4,2.182,42.57,0
9604,75.0,85.91,2.637,43.62,0
9605,606.2,54.19,4.401,46.85,0
9606,547.9,82.87,0.714,37.07,0
9607,376.6,49.08,0.935,33.25,0
9608,415.0,79.59,1.534,43.26,0
9609,1053.0,78.03,2.155,46.48,1
9610,501.6,49.95,1.938,37.78,0
9611,487.5,73.27,2.649,36.77,0
9612,420.3,26.35,9.461,43.02,0
9613,211.9,76.88,3.824,39.77,0
9614,140.1,71.08,1.012,28.88,0
9615,445.1,73.93,2.167,23.96,1
9616,50.6,34.02,1.333,46.53,0
9617,310.7,35.86,6.682,33.17,0
9618,367.2,43.58,3.533,35.64,0
9619,267.9,44.55,0.451,38.64,0
9620,219.5,77.55,1.631,37.5,0
9621,844.4,45.68,4.848,27.71,0
9622,393.3,65.7,1.69,35.4,0
9623,766.7,82.35,5.288,40.62,1
9624,655.7,57.66,2.8,37.14,1
9625,1229.7,53.16,3.254,48.35,0
9626,130.7,61.12,1.833,44.24,0
9627,397.0,8.62,1.749,43.52,0
9628,1030.3,92.45,5.542,33.29,1
9629,198.0,44.7,0.675,36.57,0
9630,567.9,37.16,4.378,45.01,0
9631,109.7,43.23,1.209,36.83,0
9632,350.8,68.7,1.035,34.93,0
9633,378.6,25.31,1.161,52.1,0
9634,137.9,51.48,1.859,32.28,0
9635,526.4,42.56,0.751,32.97,0
9636,167.9,22.85,1.171,41.0,0
9637,587.3,58.05,1.499,39.89,0
9638,244.0,62.35,1.577,42.42,0
9639,1259.4,43.03,1.364,30.34,1
9640,459.0,39.82,1.628,43.98,0
9641,760.5,42.71,2.534,35.22,0
9642,63.4,68.89,3.726,29.79,0
9643,402.1,84.84,1.61,45.04,0
9644,623.1,77.13,1.486,35.93,0
9645,217.1,68.11,3.153,36.25,0
9646,978.3,41.42,4.456,35.62,1
9647,135.8,37.7,7.251,45.17,0
9648,163.8,44.8,3.565,34.05,0
9649,1583.2,46.78,2.029,33.41,0
9650,390.1,33.51,0.501,37.15,0
9651,289.2,76.6,1.308,42.14,0
9652,254.4,58.45,1.27,36.15,0
9653,246.1,40.74,2.063,49.45,0
9654,161.8,79.16,1.922,35.65,0
9655,586.3,75.06,1.384,39.17,1
9656,330.8,71.18,4.017,35.58,1
9657,176.1,39.49,2.189,47.78,0
9658,620.0,70.49,2.182,46.21,0
9659,153.0,56.28,2.268,39.04,0
9660,625.6,46.83,1.586,20.84,0
9661,297.1,81.3,2.591,38.53,0
9662,671.5,35.34,3.284,29.23,1
9663,208.7,80.6,3.351,31.68,1
9664,277.2,72.53,2.196,37.72,1
9665,1128.7,90.14,2.076,43.12,1
9666,315.7,59.21,2.348,48.45,0
9667,420.1,47.4,2.938,38.46,0
9668,484.5,36.11,5.668,41.1,0
9669,265.7,35.22,1.817,38.03,0
9670,379.2,67.08,1.972,44.62,0
9671,1176.6,58.41,1.971,46.31,0
9672,128.5,40.41,1.499,28.81,0
9673,848.5,64.48,2.313,22.9,0
9674,674.0,55.46,2.979,34.09,0
9675,314.6,29.83,0.75,48.84,0
9676,53.5,31.9,3.562,24.12,0
9677,64.1,22.78,1.975,42.03,0
9678,642.5,76.2,3.232,38.45,1
9679,141.4,58.84,1.227,46.29,0
9680,8.4,53.29,2.702,42.39,0
9681,251.7,85.35,2.967,40.95,1
9682,644.5,45.92,1.334,33.87,0
9683,389.4,73.37,1.279,35.08,0
9684,902.4,87.12,1.315,29.96,1
9685,327.2,30.41,2.007,33.6,0
9686,51.4,51.54,7.193,36.49,0
9687,194.5,23.9,1.782,39.79,0
9688,293.5,60.42,2.421,43.75,0
9689,154.1,30.31,3.415,40.87,0
9690,1316.1,54.16,1.648,39.9,0
9691,416.7,21.47,0.936,38.31,0
9692,75.3,72.77,4.259,41.9,0
9693,958.1,96.01,3.327,33.73,1
9694,286.7,60.24,1.25,29.11,0
9695,432.0,95.8,2.148,46.83,0
9696,783.9,83.6,0.638,41.23,0
9697,782.4,58.24,1.443,36.74,0
9698,727.3,42.88,1.859,46.65,0
9699,1003.1,56.86,2.195,38.57,1
9700,144.0,57.01,1.473,27.25,0
9701,468.2,62.26,1.734,37.49,0
9702,1037.1,60.49,2.538,39.13,1
9703,450.6,62.04,2.835,43.54,0
9704,453.5,74.67,1.617,24.26,1
9705,429.5,76.49,2.341,37.67,0
9706,93.6,84.3,4.111,35.16,1
9707,483.7,47.3,1.221,45.03,0
9708,112.5,81.36,4.798,40.15,0
9709,361.9,60.19,1.961,30.69,0
9710,872.8,60.89,5.98,40.75,1
9711,131.8,38.38,2.61,40.56,0
9712,749.9,64.58,1.415,54.14,0
9713,347.0,85.09,1.472,27.23,1
9714,789.4,70.3,1.144,28.97,0
9715,348.3,56.75,2.962,41.85,0
9716,369.7,38.99,2.806,38.65,0
9717,175.8,7.07,1.935,36.59,0
9718,17.6,61.91,0.766,34.94,0
9719,1518.5,82.78,0.831,47.51,0
9720,616.0,42.6,2.264,39.41,0
9721,244.1,68.61,3.444,43.72,0
9722,144.0,57.28,1.257,42.2,0
9723,815.3,75.9,2.587,43.44,0
9724,101.8,49.08,6.503,39.97,0
9725,516.3,72.56,2.777,44.5,0
9726,518.6,53.15,3.962,46.63,0
9727,189.5,60.92,4.161,33.88,0
9728,167.8,19.01,1.574,28.98,0
9729,400.2,57.92,3.044,49.46,0
9730,303.2,88.62,4.824,36.54,0
9731,103.0,21.99,1.862,34.62,0
9732,319.8,4.14,1.273,39.1,0
9733,219.5,42.45,0.943,44.11,0
9734,822.8,60.65,1.777,41.51,1
9735,88.3,54.66,1.661,36.4,0
9736,297.9,45.89,1.178,38.44,0
9737,213.8,51.72,1.122,48.29,0
9738,310.5,24.1,1.165,43.05,0
9739,80.9,22.9,0.868,36.17,0
9740,534.0,70.8,1.692,48.27,0
9741,310.7,82.83,1.504,44.11,0
9742,509.5,62.39,3.374,35.16,1
9743,369.7,61.97,1.417,26.51,0
9744,123.4,60.22,2.88,32.04,0
9745,1627.8,77.08,1.351,34.41,1
9746,135.3,47.78,2.96,41.83,0
9747,498.7,57.34,1.856,38.43,0
9748,392.0,57.25,1.699,42.71,0
9749,264.1,92.73,5.367,32.49,1
9750,1033.6,62.04,2.036,36.38,0
9751,145.0,35.77,1.327,42.87,0
9752,737.1,94.04,2.646,38.27,0
9753,447.1,40.87,2.555,40.58,0
9754,488.5,35.65,3.999,38.97,0
9755,904.6,63.76,1.247,38.33,0
9756,441.3,66.89,1.916,38.09,0
9757,537.4,66.83,1.104,41.29,0
9758,222.9,76.08,2.686,52.55,0
9759,642.4,89.13,3.504,37.95,1
9760,703.7,54.73,1.444,42.25,0
9761,765.5,41.01,1.396,24.56,1
9762,148.4,72.25,1.944,42.23,0
9763,197.5,26.52,0.949,29.76,0
9764,245.4,79.52,2.55,41.33,0
9765,183.4,65.06,1.112,41.64,0
9766,296.8,47.52,10.125,34.96,0
9767,465.8,55.46,7.031,35.2,0
9768,438.8,18.1,1.211,35.37,0
9769,107.1,55.15,2.475,43.05,0
9770,1284.6,51.86,1.572,41.61,0
9771,332.8,73.81,4.29,40.22,0
9772,155.9,88.5,1.02,31.97,0
9773,577.7,45.08,2.102,38.52,0
9774,183.1,36.01,2.996,27.58,1
9775,221.3,84.56,3.304,40.62,0
9776,1547.0,37.25,1.06,24.37,0
9777,701.0,40.87,4.139,40.91,0
9778,375.4,16.85,2.101,34.87,0
9779,220.5,8.12,3.121,35.33,0
9780,437.3,61.91,2.15,37.67,0
9781,966.2,89.81,2.88,32.97,1
9782,1060.9,59.03,2.22,34.68,1
9783,198.3,87.12,4.336,36.63,1
9784,656.1,91.05,5.237,32.58,1
9785,1031.8,79.66,1.858,25.57,1
9786,543.6,75.01,11.469,47.52,0
9787,381.9,47.9,2.739,32.44,0
9788,552.2,59.3,1.164,36.93,0
9789,114.2,32.23,1.785,30.37,0
9790,120.3,50.44,2.072,35.77,0
9791,236.0,62.93,2.307,36.09,0
9792,890.6,88.16,0.778,19.5,1
9793,792.4,42.77,1.539,42.76,0
9794,382.4,43.35,5.675,35.99,0
9795,271.2,72.21,4.662,37.0,1
9796,210.4,36.52,0.976,36.43,0
9797,407.6,80.07,1.932,39.83,0
9798,240.0,59.12,2.294,47.15,0
9799,317.3,38.34,1.342,42.66,0
9800,885.8,64.7,1.039,40.34,0
9801,691.9,64.47,1.252,21.72,1
9802,534.0,63.65,1.082,33.91,1
9803,579.1,69.22,1.525,45.22,0
9804,418.3,32.62,3.299,28.05,0
9805,436.1,60.71,2.812,34.14,0
9806,272.4,74.33,2.227,35.89,0
9807,1221.0,76.64,2.801,28.75,1
9808,441.3,52.92,1.431,32.84,1
9809,221.5,95.18,1.469,32.71,1
9810,572.0,43.66,3.019,39.83,0
9811,153.0,51.26,1.235,36.43,1
9812,203.2,59.18,2.146,50.24,0
9813,434.2,36.24,1.912,42.6,0
9814,129.5,61.58,1.658,40.9,0
9815,549.2,16.17,4.688,47.36,0
9816,460.2,31.92,1.776,31.45,0
9817,211.4,52.36,1.523,38.09,0
9818,50.0,18.07,1.429,36.11,0
9819,784.9,30.0,0.994,45.03,0
9820,789.2,40.75,1.335,51.93,0
9821,180.7,70.26,2.309,35.56,0
9822,364.7,82.37,3.22,42.36,0
9823,822.8,59.11,4.372,44.57,0
9824,271.4,58.65,2.895,36.51,0
9825,135.9,17.61,1.545,36.65,0
9826,675.4,69.22,0.926,38.37,1
9827,1215.2,7.57,4.22,36.41,0
9828,145.0,79.93,6.123,38.94,0
9829,97.8,71.84,3.911,52.2,0
9830,294.2,63.23,1.749,35.77,0
9831,226.8,34.23,1.455,55.94,0
9832,229.4,67.66,5.343,47.68,0
9833,208.4,74.3,5.084,42.32,0
9834,99.6,76.12,2.295,47.27,0
9835,637.3,28.22,1.212,35.85,0
9836,639.5,49.15,0.976,39.74,0
9837,142.2,45.39,0.907,55.36,0
9838,312.2,53.87,2.295,34.89,0
9839,772.4,70.75,2.124,39.34,1
9840,366.2,59.28,2.474,45.04,0
9841,360.4,45.58,2.748,42.59,0
9842,1199.1,51.92,3.735,29.66,0
9843,78.9,11.59,3.579,35.99,0
9844,816.2,94.05,3.773,34.12,1
9845,48.6,65.52,1.458,35.17,0
9846,477.3,76.33,2.393,27.82,1
9847,389.0,77.94,2.365,39.78,0
9848,534.9,53.35,2.36,38.9,0
9849,195.0,39.95,1.312,42.14,0
9850,516.0,38.52,0.908,45.36,0
9851,788.9,98.6,0.996,35.69,1
9852,256.2,51.24,0.947,28.83,1
9853,273.6,55.19,1.363,29.11,1
9854,267.2,63.96,1.585,42.99,0
9855,842.3,68.82,1.442,29.69,1
9856,1017.5,77.19,3.242,34.43,0
9857,399.4,54.54,2.907,37.97,0
9858,203.5,57.87,4.152,38.82,0
9859,323.2,64.46,1.829,31.63,0
9860,722.1,81.42,1.549,48.1,0
9861,422.9,60.45,0.958,29.66,0
9862,267.6,42.77,1.094,41.05,0
9863,584.2,59.96,3.196,47.96,0
9864,497.0,45.86,5.083,42.99,0
9865,55.2,60.95,1.366,42.05,0
9866,76.2,50.6,2.449,43.98,0
9867,375.1,23.42,2.651,41.76,0
9868,107.0,35.44,3.296,38.84,0
9869,280.7,20.93,3.401,42.84,0
9870,87.3,81.97,8.608,40.35,0
9871,480.0,73.94,4.376,42.13,0
9872,243.6,66.19,2.884,34.92,0
9873,684.1,82.87,2.509,37.82,1
9874,1268.4,45.42,2.107,30.58,0
9875,689.8,81.65,2.491,42.43,1
9876,761.0,69.05,1.822,35.9,0
9877,634.9,40.38,3.576,36.92,0
9878,260.0,58.07,1.406,46.46,0
9879,55.0,15.48,2.954,47.67,0
9880,107.5,53.17,1.833,37.65,0
9881,744.8,35.7,1.624,36.24,0
9882,753.7,82.93,7.185,36.37,1
9883,157.9,67.66,2.66,46.54,0
9884,258.6,54.22,1.726,27.78,1
9885,495.6,57.77,2.205,49.3,0
9886,382.4,58.24,2.644,43.81,0
9887,627.1,27.82,0.805,45.05,0
9888,306.4,58.85,2.675,47.2,0
9889,135.8,49.54,3.726,35.34,0
9890,467.3,59.31,1.678,44.31,0
9891,292.7,28.75,3.889,46.99,0
9892,296.3,78.98,1.692,39.21,1
9893,413.9,60.02,2.286,38.21,0
9894,384.6,46.39,5.068,41.88,0
9895,163.8,39.81,5.108,45.84,0
9896,121.2,20.69,1.911,48.5,0
9897,234.8,90.19,2.288,41.99,0
9898,32.3,27.7,3.738,35.86,0
9899,811.2,66.94,2.216,37.8,0
9900,474.4,31.78,2.94,35.86,0
9901,222.3,58.52,2.195,33.2,0
9902,209.8,76.48,2.807,45.12,0
9903,833.4,60.3,1.709,28.69,0
9904,687.0,29.41,3.134,40.76,0
9905,21.4,68.33,3.02,40.39,0
9906,111.6,19.9,3.189,35.75,0
9907,342.7,77.95,0.787,43.87,0
9908,99.9,66.72,1.938,24.77,0
9909,305.4,64.02,1.734,44.64,0
9910,307.2,72.04,2.423,45.35,0
9911,526.9,73.28,2.284,29.07,1
9912,249.1,47.2,1.759,42.4,0
9913,422.0,33.51,3.988,45.57,0
9914,442.5,45.3,1.627,34.74,0
9915,637.4,43.31,0.727,32.32,0
9916,309.2,36.91,3.212,43.27,0
9917,122.1,35.2,1.694,41.54,0
9918,528.9,56.32,1.043,41.04,0
9919,105.1,24.56,5.882,33.69,0
9920,91.7,23.49,1.367,38.46,0
9921,536.1,40.31,1.649,40.63,0
9922,277.8,21.86,1.37,39.42,0
9923,436.9,28.09,1.406,31.55,0
9924,68.6,61.52,2.98,35.1,0
9925,423.7,56.78,1.101,31.77,0
9926,872.3,83.75,1.035,41.43,1
9927,323.5,24.86,4.747,33.39,0
9928,370.0,25.19,4.271,38.23,0
9929,72.6,78.1,2.286,43.65,0
9930,612.3,49.22,1.445,43.73,0
9931,118.7,71.5,2.584,33.33,0
9932,470.1,11.26,1.884,41.48,0
9933,769.9,76.83,1.592,36.45,1
9934,586.9,55.38,2.433,46.75,0
9935,397.3,93.02,1.347,37.85,0
9936,484.3,57.76,3.466,37.93,1
9937,40.0,64.82,1.568,36.5,0
9938,746.4,46.49,0.797,45.65,0
9939,254.6,77.82,2.861,28.78,1
9940,186.3,24.76,1.12,30.24,0
9941,308.9,35.76,2.466,49.99,0
9942,132.5,22.85,1.714,23.39,0
9943,443.5,23.15,1.627,30.21,0
9944,438.9,74.53,2.889,39.39,0
9945,491.8,45.85,6.993,28.62,1
9946,174.5,54.66,3.737,39.81,0
9947,565.5,52.86,1.08,26.93,0
9948,389.0,81.91,3.047,40.76,0
9949,191.2,79.02,1.986,39.69,0
9950,418.8,37.38,1.788,44.47,0
9951,432.9,30.4,3.493,30.75,0
9952,429.9,65.43,1.163,31.13,1
9953,202.9,68.1,5.088,35.94,1
9954,611.2,48.61,0.741,27.79,0
9955,791.4,35.76,2.842,34.36,0
9956,235.0,34.64,4.412,33.48,0
9957,532.6,71.79,1.055,47.45,0
9958,439.6,58.64,2.965,28.93,1
9959,313.9,44.57,2.171,30.57,0
9960,491.8,71.51,1.856,40.3,0
9961,643.4,42.72,1.353,38.98,0
9962,1054.7,58.6,1.968,31.78,1
9963,365.4,46.45,1.007,45.28,0
9964,752.0,89.39,2.279,31.6,1
9965,293.1,74.69,1.083,33.15,0
9966,696.6,54.45,2.579,39.05,0
9967,183.5,67.32,1.484,39.58,0
9968,378.8,52.83,2.603,50.81,0
9969,200.1,17.53,1.108,42.33,0
9970,267.8,96.3,1.406,35.02,1
9971,946.7,75.43,4.054,41.83,0
9972,220.1,54.31,1.029,35.82,0
9973,659.4,32.98,3.473,36.26,0
9974,269.3,10.45,1.26,47.65,0
9975,230.7,49.07,4.161,36.84,0
9976,149.2,70.04,1.699,34.23,0
9977,736.3,63.63,1.755,40.9,0
9978,615.4,36.43,1.851,25.82,0
9979,1150.1,69.38,3.515,40.24,1
9980,308.8,25.21,8.637,43.17,0
9981,382.2,92.25,2.948,35.41,1
9982,615.7,72.13,2.653,25.65,1
9983,551.1,50.2,2.076,41.94,0
9984,866.9,46.44,2.51,35.32,1
9985,250.0,53.32,2.401,44.0,0
9986,744.4,99.12,1.602,43.66,1
9987,405.2,39.92,2.073,40.09,0
9988,262.8,79.21,1.314,44.3,1
9989,219.2,73.44,2.536,33.45,1
9990,173.1,48.83,1.147,31.75,0
9991,33.5,62.0,0.935,28.02,0
9992,122.7,41.79,2.107,25.76,0
9993,411.0,58.02,1.653,43.15,0
9994,271.7,84.28,2.908,38.67,1
9995,509.4,11.01,2.47,40.72,0
9996,192.5,71.93,3.214,49.65,0
9997,82.5,38.98,4.588,41.02,0
9998,415.5,39.3,0.815,27.84,0
9999,505.9,44.9,2.263,35.71,0
10000,356.2,54.17,2.289,43.87,0
10001,607.9,14.52,1.26,49.83,0
10002,252.4,46.89,2.047,40.42,0
10003,284.9,54.26,2.028,38.13,0
10004,519.3,59.47,0.914,48.81,0
10005,112.5,35.57,1.323,50.86,0
10006,105.0,95.36,2.811,37.8,1
10007,372.0,64.44,3.727,33.83,0
10008,129.8,72.08,2.899,26.33,0
10009,278.4,80.01,1.193,37.1,0
10010,519.9,73.0,2.831,35.57,1
10011,629.3,31.48,1.815,39.2,1
10012,626.9,22.46,9.051,43.3,0
10013,751.2,28.78,2.622,48.0,0
10014,630.7,28.66,0.985,35.63,0
10015,1055.4,71.28,2.662,38.39,0
10016,147.9,71.7,1.694,31.39,0
10017,315.4,47.53,0.948,35.43,0
10018,457.4,62.1,2.038,36.64,0
10019,518.9,71.37,1.401,43.69,0
10020,419.0,65.79,4.073,25.49,0
10021,993.3,53.59,0.955,39.58,0
10022,463.9,64.27,3.014,40.67,0
10023,477.4,38.7,0.88,44.62,0
10024,401.1,60.52,1.878,44.44,1
10025,489.0,35.35,1.369,32.03,0
10026,306.9,70.87,2.74,35.39,0
10027,506.9,67.28,9.536,42.32,1
10028,572.3,77.82,1.778,32.37,1
10029,541.9,51.37,2.453,38.74,0
10030,441.9,39.28,2.448,40.25,0
10031,308.6,46.68,1.126,37.98,0
10032,559.2,55.87,1.135,41.62,0
10033,166.2,67.29,1.156,31.93,1
10034,931.9,60.18,3.946,38.58,0
10035,43.1,11.18,1.949,50.33,0
10036,412.1,86.29,2.735,33.88,1
10037,1019.9,85.24,0.648,18.39,1
10038,270.2,70.82,1.071,42.66,0
10039,549.1,63.54,1.549,44.35,0
10040,194.0,65.9,2.208,28.11,0
10041,105.5,58.63,2.283,21.93,0
10042,235.8,41.67,2.199,35.3,0
10043,142.0,53.56,4.203,41.34,0
10044,554.6,35.22,1.012,38.34,0
10045,375.5,44.32,2.185,44.25,0
10046,207.2,58.84,2.078,39.3,0
10047,340.1,8.66,1.336,24.37,0
10048,294.8,71.24,1.19,45.7,0
10049,585.2,35.33,4.932,34.14,1
10050,172.5,71.64,2.28,34.56,0
10051,717.8,30.64,2.844,40.62,0
10052,58.8,69.38,2.64,30.32,0
10053,656.4,62.64,3.532,44.06,0
10054,126.9,35.23,1.253,22.62,0
10055,374.3,39.71,2.757,40.09,0
10056,1036.6,80.5,7.277,23.67,1
10057,316.8,21.63,2.884,34.03,0
10058,161.7,44.4,1.928,29.87,0
10059,178.7,61.99,2.774,44.11,1
10060,382.4,58.58,1.251,32.07,0
10061,191.3,70.95,3.665,21.51,0
10062,1013.5,64.28,4.539,39.42,0
10063,267.2,62.47,1.872,46.21,0
10064,177.1,51.52,1.363,34.22,0
10065,229.6,28.55,3.21,41.29,0
10066,601.4,80.87,1.342,21.75,1
10067,966.2,78.28,0.488,41.89,0
10068,802.6,52.7,4.115,49.7,0
10069,1510.7,79.11,3.766,39.34,1
10070,389.2,73.23,0.876,44.79,0
10071,925.2,47.08,2.528,35.62,0
10072,667.9,70.21,1.697,48.23,0
10073,519.8,55.76,1.279,25.25,0
10074,657.3,47.4,2.074,44.98,0
10075,253.0,61.54,2.374,40.99,0
10076,205.2,56.64,4.118,34.39,0
10077,737.2,81.51,2.176,33.5,1
10078,596.8,27.97,1.178,32.15,0
10079,66.2,78.23,1.363,46.67,0
10080,294.3,59.51,1.34,47.33,0
10081,292.5,47.49,1.198,42.63,0
10082,294.3,33.03,2.251,35.62,0
10083,431.9,88.16,3.429,43.58,1
10084,508.3,76.02,2.845,34.9,1
10085,227.4,58.34,2.03,37.7,0
10086,67.7,46.74,2.26,35.28,0
10087,224.8,64.39,3.354,33.77,0
10088,256.1,23.69,2.524,35.33,0
10089,553.1,19.61,1.195,48.95,0
10090,433.0,77.64,5.739,44.51,1
10091,603.8,86.7,2.732,37.57,1
10092,118.6,60.77,2.315,39.67,0
10093,394.3,29.82,1.033,36.06,0
10094,154.1,72.31,1.586,36.83,1
10095,307.9,15.77,1.795,37.23,0
10096,641.2,80.44,1.294,32.71,0
10097,1017.1,44.33,3.185,25.92,0
10098,149.0,24.33,2.753,42.73,0
10099,1158.0,89.52,3.079,30.55,1
10100,426.9,70.7,0.617,40.81,0
10101,56.5,46.99,0.954,41.72,0
10102,662.5,55.1,2.301,30.66,0
10103,385.7,51.6,2.813,35.77,0
10104,116.0,41.3,1.794,40.62,0
10105,339.8,58.51,1.755,31.09,0
10106,244.1,75.44,1.185,33.17,0
10107,487.7,44.3,2.356,44.99,0
10108,554.4,50.04,2.066,40.94,0
10109,721.6,43.19,3.532,33.31,1
10110,403.0,44.59,0.64,28.93,0
10111,189.7,38.76,2.255,50.12,0
10112,350.2,12.09,4.904,46.77,0
10113,526.5,39.71,1.512,33.86,0
10114,349.3,76.7,2.48,44.07,0
10115,913.3,19.21,1.942,51.91,0
10116,499.3,59.75,2.704,31.41,0
10117,795.6,47.39,1.752,24.72,0
10118,157.2,62.03,3.996,33.85,0
10119,123.6,52.7,2.416,33.76,0
10120,1013.3,36.72,3.975,40.51,0
10121,702.8,39.93,1.934,36.42,0
10122,495.0,70.72,0.92,47.85,0
10123,844.2,71.55,2.507,40.64,0
10124,333.1,64.4,3.85,39.11,0
10125,211.4,51.13,3.503,28.44,0
10126,121.7,34.51,3.708,36.32,0
10127,381.7,71.57,2.023,37.41,0
10128,398.6,58.75,2.746,49.62,0
10129,230.9,64.06,1.368,37.79,0
10130,303.9,69.61,3.64,30.8,0
10131,698.2,76.75,3.927,35.14,1
10132,673.1,66.36,1.413,32.09,0
10133,287.9,77.4,1.941,39.65,0
10134,597.7,13.16,2.792,36.42,0
10135,555.7,48.92,1.014,36.61,0
10136,1184.4,24.16,1.393,31.6,0
10137,287.7,66.13,1.9,37.84,1
10138,915.0,49.29,2.505,33.04,1
10139,325.9,7.59,1.911,54.11,0
10140,319.6,63.51,1.322,30.52,0
10141,411.3,64.88,1.831,26.69,0
10142,468.5,82.7,3.055,47.6,0
10143,266.4,44.33,4.607,31.64,1
10144,258.0,63.6,4.086,35.78,0
10145,231.5,73.42,1.708,35.32,0
10146,1109.6,46.74,4.5,33.54,1
10147,1047.8,70.02,1.189,30.63,1
10148,149.1,98.43,2.43,45.66,1
10149,304.7,61.54,0.943,43.32,0
10150,710.9,60.76,4.71,42.61,0
10151,639.5,58.01,2.574,32.85,1
10152,182.5,52.75,3.982,27.46,0
10153,423.5,81.75,3.657,38.59,0
10154,444.0,53.08,4.481,51.01,0
10155,94.8,68.51,4.116,38.24,0
10156,622.6,95.32,2.367,33.92,1
10157,68.3,50.53,3.07,40.31,0
10158,430.4,39.08,1.319,39.08,0
10159,464.8,34.52,0.852,43.6,0
10160,118.9,62.27,4.95,38.43,0
10161,583.7,55.04,1.526,28.59,0
10162,114.9,54.4,3.089,39.67,0
10163,69.9,78.83,3.395,38.3,0
10164,746.4,47.4,2.367,45.62,0
10165,71.2,48.71,2.363,32.54,0
10166,98.2,69.45,1.371,36.08,0
10167,33.4,78.48,3.744,41.61,0
10168,511.4,88.92,8.731,45.66,1
10169,44.8,83.62,2.788,30.86,0
10170,230.6,88.64,1.255,38.87,1
10171,237.9,43.35,2.873,36.05,0
10172,178.9,49.66,3.32,36.97,0
10173,394.2,65.51,2.388,36.14,0
10174,81.7,54.29,2.141,48.19,0
10175,232.4,69.95,2.521,35.41,0
10176,397.4,72.8,3.431,42.19,0
10177,516.4,38.66,2.373,32.47,0
10178,422.4,82.81,0.932,36.14,0
10179,153.6,35.28,2.282,35.91,0
10180,919.2,33.77,1.485,46.01,0
10181,438.9,32.77,1.03,40.92,0
10182,143.3,80.28,0.846,35.66,0
10183,273.5,43.35,5.161,28.41,0
10184,243.8,62.42,0.667,39.29,0
10185,454.3,94.85,1.783,36.64,0
10186,672.5,64.11,1.638,41.73,0
10187,213.1,71.31,1.214,34.86,0
10188,396.1,81.09,1.286,32.43,1
10189,522.5,37.33,2.104,36.95,0
10190,40.8,72.5,3.481,33.15,0
10191,604.9,46.86,2.093,27.19,1
10192,635.5,47.77,2.478,29.07,1
10193,397.9,39.61,1.272,30.85,0
10194,292.5,31.37,2.546,53.03,0
10195,58.1,87.15,5.129,31.03,1
10196,581.6,78.74,1.563,43.07,1
10197,729.5,41.26,3.064,32.16,1
10198,685.1,43.5,1.789,44.77,0
10199,280.8,86.71,3.653,36.66,1
10200,458.9,42.07,2.379,32.82,0
10201,264.0,85.78,2.071,29.24,0
10202,551.1,67.97,0.954,30.65,1
10203,202.5,55.68,1.924,30.72,0
10204,735.0,55.4,1.671,21.85,0
10205,1247.6,40.79,1.4,40.02,0
10206,498.8,20.59,1.797,28.41,0
10207,434.7,53.22,0.434,39.27,0
10208,286.2,54.35,3.231,43.59,0
10209,361.3,31.2,7.886,47.31,0
10210,317.1,84.55,4.368,44.37,1
10211,377.4,42.62,1.987,42.25,0
10212,137.0,15.28,1.009,25.04,0
10213,71.4,59.81,1.987,48.54,0
10214,1071.5,12.35,2.429,43.18,0
10215,373.4,33.69,1.681,33.05,0
10216,641.0,31.16,2.996,35.7,0
10217,275.8,64.96,2.91,49.08,0
10218,386.0,32.15,0.895,35.88,0
10219,348.2,74.89,2.379,44.79,1
10220,635.0,26.26,3.974,37.5,1
10221,377.3,58.91,4.965,43.09,0
10222,537.1,72.14,1.185,37.28,0
10223,514.7,61.12,1.19,39.31,0
10224,318.6,59.55,2.154,40.39,0
10225,534.1,50.88,3.014,38.92,0
10226,666.2,12.71,1.682,35.83,0
10227,422.6,41.33,4.237,46.54,0
10228,419.0,58.21,1.603,41.22,0
10229,678.3,23.83,1.509,38.17,0
10230,564.5,23.4,2.448,35.75,0
10231,295.8,33.78,1.354,15.96,0
10232,296.0,55.56,1.547,25.51,0
10233,423.4,57.59,3.225,44.41,0
10234,136.7,45.84,1.731,39.31,0
10235,440.6,95.67,3.795,40.92,0
10236,307.9,87.32,9.195,35.79,1
10237,844.2,38.07,3.23,20.26,0
10238,220.3,79.93,1.989,38.4,0
10239,206.0,64.43,3.897,37.94,0
10240,522.3,56.94,1.948,33.62,0
10241,348.3,31.79,2.581,22.61,1
10242,61.4,69.2,2.726,37.76,0
10243,390.8,47.77,2.929,37.92,0
10244,92.8,37.15,1.64,41.27,0
10245,742.7,72.43,5.947,36.33,1
10246,324.2,48.71,3.867,47.46,0
10247,498.8,51.91,4.197,38.72,0
10248,296.2,39.23,1.689,45.94,0
10249,402.5,75.37,1.808,31.34,0
10250,259.9,70.73,3.651,34.2,1
10251,547.7,48.92,0.831,38.53,0
10252,541.6,11.83,1.116,50.36,0
10253,340.7,44.16,1.175,37.91,0
10254,89.0,23.22,1.872,31.92,0
10255,193.7,58.15,1.997,43.69,1
10256,95.5,22.88,1.846,47.74,0
10257,401.1,78.12,2.942,41.64,1
10258,496.4,71.3,0.737,47.5,0
10259,548.3,29.97,3.383,43.82,0
10260,918.4,85.15,2.311,35.57,1
10261,195.8,23.46,5.447,37.51,0
10262,418.1,78.86,1.51,29.49,1
10263,813.9,32.95,1.286,35.28,0
10264,456.9,53.27,2.891,32.25,0
10265,68.9,36.26,1.186,37.92,0
10266,425.3,77.21,1.035,27.7,1
10267,215.9,39.89,2.566,44.03,0
10268,546.8,34.93,0.933,39.02,0
10269,245.7,58.95,1.849,44.58,0
10270,254.6,57.22,2.149,38.07,0
10271,112.7,53.39,3.233,41.06,0
10272,726.2,23.62,1.322,38.18,0
10273,485.5,49.81,2.246,34.13,0
10274,257.5,74.57,2.534,43.25,0
10275,111.6,48.91,0.669,41.37,0
10276,356.5,65.9,2.444,46.77,0
10277,486.9,55.06,1.535,34.48,0
10278,466.2,59.41,4.322,36.51,0
10279,383.3,61.14,0.948,52.34,0
10280,373.5,72.73,1.036,45.86,0
10281,240.3,47.14,2.182,34.46,0
10282,138.9,61.02,1.524,39.76,0
10283,185.5,5.21,2.123,43.36,0
10284,358.7,46.18,2.665,38.42,0
10285,51.3,33.66,1.322,42.33,0
10286,938.8,67.96,2.733,31.89,1
10287,234.4,72.56,1.723,33.81,1
10288,410.5,26.41,1.815,42.65,0
10289,336.4,86.65,2.365,52.99,0
10290,625.8,55.48,1.239,38.0,0
10291,121.1,84.71,3.098,32.2,0
10292,372.6,61.66,0.78,35.27,0
10293,301.9,39.99,1.569,47.63,0
10294,290.6,63.78,1.758,43.55,0
10295,250.4,73.37,2.221,38.11,0
10296,760.8,47.0,1.058,36.76,0
10297,585.7,37.11,1.834,38.23,0
10298,411.1,38.76,2.666,38.82,0
10299,871.3,33.72,3.258,40.8,0
10300,1044.9,13.32,2.475,34.15,0
10301,464.9,40.13,2.011,29.8,0
10302,159.1,59.53,1.341,30.95,0
10303,532.7,62.92,4.109,40.42,1
10304,491.5,43.27,3.322,35.19,0
10305,202.0,49.35,3.419,32.69,0
10306,978.4,12.39,2.721,33.54,0
10307,595.5,45.69,12.813,44.79,0
10308,497.5,13.58,1.129,42.26,0
10309,313.3,40.46,0.762,46.28,0
10310,370.4,59.65,2.107,43.11,0
10311,179.9,53.58,2.547,33.3,0
10312,734.5,18.28,0.69,32.29,0
10313,281.3,77.52,1.447,45.16,0
10314,352.9,61.38,3.038,41.59,0
10315,367.8,65.66,1.924,44.75,0
10316,911.5,33.58,1.175,43.29,0
10317,155.7,37.98,5.08,36.39,0
10318,142.9,39.71,0.819,36.62,1
10319,82.2,53.0,2.468,37.66,0
10320,426.3,71.54,0.756,35.93,0
10321,107.5,43.15,1.676,54.41,0
10322,805.3,37.39,3.608,41.05,0
10323,218.3,65.26,2.579,46.42,0
10324,250.6,32.11,1.383,32.29,0
10325,206.8,42.09,2.716,42.16,0
10326,431.5,62.65,2.151,36.38,1
10327,213.2,64.92,1.26,37.74,0
10328,1036.8,31.34,2.647,34.79,0
10329,485.9,39.4,1.889,41.2,0
10330,232.1,31.35,2.22,39.3,0
10331,286.7,68.95,2.419,33.98,0
10332,74.2,45.38,2.514,37.08,0
10333,288.3,76.32,3.186,40.04,0
10334,163.8,63.5,0.967,40.97,0
10335,229.0,64.02,1.227,25.47,0
10336,294.3,92.98,3.893,48.06,1
10337,101.6,42.11,1.989,46.09,0
10338,301.0,57.96,1.833,36.4,0
10339,8.5,88.61,0.967,24.57,0
10340,262.8,49.43,1.754,45.92,0
10341,485.7,30.8,5.114,34.66,0
10342,295.6,58.34,1.179,38.68,0
10343,232.4,83.18,4.184,40.72,0
10344,714.5,66.87,2.769,49.1,0
10345,369.1,54.71,1.528,45.78,0
10346,277.9,32.3,1.107,38.15,0
10347,380.5,79.87,5.263,40.51,0
10348,325.6,44.7,0.852,36.58,0
10349,255.9,68.82,4.121,39.62,1
10350,175.5,59.95,2.044,38.82,0
10351,589.6,58.62,2.227,42.3,0
10352,176.0,58.87,4.395,39.61,0
10353,109.6,53.12,0.872,27.34,0
10354,429.9,40.38,2.337,43.59,0
10355,265.3,77.75,1.463,38.86,0
10356,676.4,33.96,2.386,26.9,1
10357,196.7,76.4,4.565,37.01,0
10358,659.6,72.28,1.706,30.43,0
10359,633.4,88.14,1.196,30.99,1
10360,744.3,65.81,3.171,21.7,1
10361,205.2,55.51,2.186,30.3,0
10362,93.6,87.79,2.65,41.02,1
10363,461.8,18.03,2.38,23.08,0
10364,586.0,74.69,3.098,34.35,1
10365,761.4,57.51,0.575,40.18,0
10366,470.4,83.82,2.146,29.39,1
10367,59.3,24.27,4.24,40.39,0
10368,124.4,47.57,3.391,38.13,0
10369,175.7,60.98,2.51,30.46,0
10370,969.9,76.32,4.157,37.0,0
10371,233.8,48.37,4.737,33.79,0
10372,237.7,14.49,3.308,42.12,0
10373,641.0,46.68,4.387,31.38,0
10374,538.4,26.79,1.737,28.13,0
10375,945.8,84.66,1.993,29.37,0
10376,232.8,62.5,3.46,47.12,0
10377,368.6,58.79,1.216,33.56,0
10378,624.3,43.11,0.618,39.23,0
10379,320.1,58.26,3.432,31.04,0
10380,262.2,38.01,2.039,46.11,0
10381,661.3,26.82,1.244,31.11,0
10382,1005.6,60.68,6.555,40.6,1
10383,468.7,52.88,2.571,34.6,0
10384,186.2,67.96,0.989,28.17,0
10385,641.1,84.99,1.494,30.25,1
10386,429.5,28.59,3.648,41.5,0
10387,677.7,74.87,3.6,27.9,1
10388,252.7,62.86,2.818,31.73,0
10389,661.8,43.09,1.734,43.11,0
10390,214.1,21.51,3.109,42.21,0
10391,469.5,80.4,3.792,39.51,0
10392,875.3,59.31,1.912,32.53,1
10393,536.2,36.01,1.517,33.97,0
10394,187.3,56.26,1.087,40.62,0
10395,371.8,58.83,3.556,40.52,0
10396,805.3,38.75,0.965,33.64,0
10397,546.1,69.21,1.569,37.14,0
10398,407.5,58.93,1.582,42.5,0
10399,406.3,71.06,1.717,35.92,0
10400,302.5,75.02,3.444,33.67,0
10401,1033.7,71.49,1.572,42.7,0
10402,67.9,58.19,2.488,52.4,0
10403,112.9,77.19,1.667,40.72,0
10404,401.2,59.62,1.32,40.94,0
10405,966.1,65.72,1.354,39.27,1
10406,223.4,72.82,0.725,39.61,0
10407,261.5,61.73,2.277,39.97,0
10408,227.0,16.68,7.73,45.56,0
10409,804.0,41.08,2.194,32.34,0
10410,468.4,34.1,1.49,41.76,0
10411,610.3,21.45,1.024,43.5,0
10412,291.1,45.92,0.801,35.42,0
10413,189.9,63.65,1.857,35.6,0
10414,195.1,17.3,2.022,32.93,0
10415,394.9,37.46,2.524,37.98,0
10416,384.3,9.7,9.39,42.61,0
10417,1017.6,53.17,2.253,41.2,0
10418,271.0,69.02,1.85,30.67,1
10419,110.1,82.49,1.469,38.19,0
10420,896.1,49.51,2.041,45.45,0
10421,460.5,64.24,2.3,38.53,0
10422,292.7,25.39,2.23,43.82,0
10423,237.3,29.83,0.85,38.94,0
10424,744.1,91.64,1.799,46.99,1
10425,460.5,70.79,3.217,40.66,0
10426,498.4,66.98,3.207,41.2,0
10427,347.9,72.98,2.014,43.35,0
10428,587.9,64.66,3.084,44.2,0
10429,188.1,51.12,3.602,40.47,0
10430,563.9,56.08,1.645,27.86,0
10431,1029.9,4.49,10.014,39.77,0
10432,294.7,62.24,3.997,40.04,0
10433,382.1,53.71,0.846,34.4,0
10434,159.2,35.71,0.939,36.08,0
10435,244.7,25.13,1.364,31.18,0
10436,247.9,82.92,2.03,40.87,0
10437,624.7,45.8,3.909,25.67,0
10438,463.5,53.48,3.755,42.87,0
10439,1273.4,54.44,1.123,41.73,0
10440,549.3,15.18,2.085,47.49,0
10441,269.3,28.34,1.814,49.36,0
10442,1208.3,17.93,5.68,42.4,0
10443,388.2,63.46,1.717,32.24,0
10444,256.7,89.62,4.683,37.62,1
10445,219.6,39.79,0.949,36.25,0
10446,1257.0,45.85,1.933,34.75,0
10447,716.7,35.33,1.577,36.82,0
10448,194.8,61.62,0.921,35.6,0
10449,329.1,71.78,2.95,39.69,1
10450,577.4,28.12,2.414,46.51,0
10451,365.2,38.77,2.947,30.83,0
10452,718.0,32.0,1.68,43.5,0
10453,180.6,69.78,1.19,31.04,0
10454,302.5,84.18,5.366,34.12,1
10455,177.7,70.26,1.874,37.18,0
10456,515.1,26.28,1.479,38.08,0
10457,505.7,12.13,1.829,32.69,0
10458,594.4,86.13,3.98,37.77,0
10459,528.1,76.86,1.397,33.93,0
10460,180.7,45.39,4.814,31.6,0
10461,398.3,41.19,1.965,41.41,0
10462,1575.9,57.23,2.989,33.31,1
10463,949.7,95.25,2.614,33.66,1
10464,162.3,38.73,1.212,39.92,0
10465,293.9,42.03,3.493,40.98,0
10466,298.1,71.13,1.911,31.83,1
10467,314.6,72.99,1.642,35.15,1
10468,20.9,50.48,4.171,43.55,0
10469,283.8,68.02,1.975,23.11,0
10470,532.4,39.69,1.457,29.77,0
10471,163.0,43.46,2.233,35.93,0
10472,462.8,84.81,2.964,36.58,1
10473,571.3,23.37,1.116,41.99,0
10474,688.2,46.61,1.842,46.03,0
10475,468.3,65.23,4.18,44.97,0
10476,94.9,55.63,1.003,47.0,0
10477,120.9,77.15,1.91,27.72,0
10478,280.0,38.87,1.524,41.02,0
10479,196.9,43.29,1.187,31.39,0
10480,153.2,61.51,2.188,36.94,0
10481,313.7,72.89,2.186,40.38,1
10482,353.8,73.62,1.724,32.95,0
10483,184.3,62.02,2.015,26.83,0
10484,696.5,55.71,2.055,39.72,0
10485,469.3,67.4,2.35,30.84,0
10486,503.5,35.55,2.633,45.28,0
10487,1190.9,73.45,2.036,35.49,0
10488,288.3,72.81,1.723,43.5,1
10489,738.6,17.56,4.524,48.74,0
10490,220.3,57.33,1.286,42.96,0
10491,549.1,71.34,2.111,45.69,0
10492,752.4,46.29,1.494,39.18,0
10493,783.7,60.51,0.895,35.72,1
10494,181.6,40.61,1.772,40.02,0
10495,353.3,44.43,1.501,43.15,0
10496,261.8,59.4,3.141,35.42,0
10497,559.7,33.13,3.955,37.38,0
10498,838.8,26.63,3.914,29.5,0
10499,735.0,55.1,1.51,37.68,0
10500,118.0,33.97,3.549,32.7,0
10501,219.0,15.24,1.253,44.29,0
10502,322.7,49.05,2.37,23.45,0
10503,170.5,72.0,1.124,34.56,0
10504,223.3,80.33,1.776,27.73,0
10505,197.8,25.42,4.745,32.22,0
10506,395.9,42.01,2.735,42.23,0
10507,247.2,93.06,1.687,33.27,0
10508,150.0,62.31,0.609,29.59,0
10509,634.2,50.72,1.557,42.68,0
10510,1773.3,23.38,1.449,45.76,0
10511,859.2,45.31,3.044,38.3,0
10512,378.3,43.39,1.711,46.1,0
10513,636.5,67.38,2.051,40.39,0
10514,147.8,43.2,2.05,38.79,0
10515,136.5,40.33,2.305,36.13,0
10516,298.3,61.21,1.606,37.47,0
10517,562.8,47.76,1.836,43.13,0
10518,86.8,78.08,1.346,46.74,0
10519,110.4,42.35,2.312,42.23,0
10520,257.5,68.1,3.465,38.56,0
10521,481.4,73.77,1.763,34.77,0
10522,405.5,64.0,3.933,37.6,0
10523,132.8,51.64,2.039,33.3,0
10524,139.8,79.39,0.793,34.04,0
10525,368.0,46.12,0.964,33.1,0
10526,356.2,38.58,1.293,31.52,0
10527,333.8,64.51,1.118,36.42,0
10528,230.2,72.21,2.31,40.61,0
10529,235.3,53.65,1.076,27.46,0
10530,268.5,36.72,2.611,42.83,0
10531,177.6,8.99,2.411,40.55,0
10532,209.4,40.43,1.994,43.78,0
10533,299.8,64.1,1.052,37.93,0
10534,574.9,82.73,2.12,30.96,1
10535,911.6,38.15,2.78,27.24,1
10536,461.1,87.58,2.21,37.83,1
10537,107.2,48.2,3.149,44.49,0
10538,304.9,79.82,2.56,37.94,0
10539,58.1,69.86,1.789,33.34,0
10540,595.9,44.17,10.737,35.25,0
10541,303.5,59.7,3.45,36.49,0
10542,308.0,68.46,2.844,47.34,0
10543,696.6,17.29,2.641,39.76,1
10544,202.7,35.24,3.751,42.83,0
10545,131.6,27.33,2.663,31.39,0
10546,469.1,57.49,1.7,35.1,0
10547,372.0,96.63,1.705,27.26,0
10548,474.7,44.77,2.702,35.18,0
10549,581.5,21.77,1.465,29.34,0
10550,275.8,53.43,1.601,35.35,0
10551,130.8,35.88,2.863,44.28,0
10552,849.5,78.81,1.951,30.98,1
10553,115.9,57.55,4.285,36.58,0
10554,513.9,30.68,2.686,42.57,0
10555,127.8,60.36,1.771,52.68,0
10556,551.3,62.94,1.924,36.44,0
10557,264.1,23.58,2.17,45.26,0
10558,149.1,48.47,1.414,33.06,0
10559,838.0,53.48,1.331,33.58,0
10560,424.1,65.82,1.949,35.76,0
10561,470.3,76.87,4.581,32.85,0
10562,276.2,67.58,3.564,35.99,0
10563,444.6,19.93,1.386,40.41,0
10564,390.3,71.73,8.846,31.08,0
10565,1273.2,54.9,0.93,31.95,0
10566,1454.0,79.22,4.514,39.11,1
10567,503.1,81.91,0.706,37.64,0
10568,190.6,69.26,1.927,36.81,0
10569,814.5,55.59,0.953,33.08,0
10570,312.5,43.94,5.558,40.84,0
10571,412.1,31.98,1.785,50.52,0
10572,274.0,64.8,4.568,43.79,0
10573,160.1,56.08,1.525,38.93,0
10574,541.7,47.34,2.053,46.53,0
10575,236.9,67.22,6.893,37.96,0
10576,493.6,22.16,2.72,29.24,0
10577,475.6,51.71,2.676,35.37,0
10578,237.7,63.27,1.573,36.66,0
10579,220.7,79.82,3.59,33.7,1
10580,461.3,46.78,4.77,28.57,0
10581,200.1,91.37,1.985,37.46,0
10582,286.8,28.65,1.532,48.49,0
10583,314.7,42.26,1.704,35.96,0
10584,708.6,62.81,1.046,29.72,1
10585,367.7,67.85,2.964,43.43,0
10586,214.0,70.82,3.415,33.03,0
10587,615.5,99.6,1.781,29.67,1
10588,189.8,88.98,1.727,32.82,1
10589,1058.6,55.87,0.642,37.03,0
10590,599.7,40.42,1.649,29.07,0
10591,272.8,83.49,2.096,30.06,1
10592,188.3,62.11,2.943,41.31,1
10593,136.0,68.22,2.19,39.48,0
10594,98.7,13.53,1.62,39.27,0
10595,592.5,96.94,1.975,35.77,1
10596,267.7,50.62,2.452,39.08,0
10597,665.0,69.22,2.265,30.87,1
10598,130.7,50.64,9.464,43.57,0
10599,299.3,48.78,0.892,34.69,0
10600,394.9,70.2,3.133,20.87,1
10601,309.6,80.89,1.898,39.1,0
10602,93.3,56.01,5.444,35.49,0
10603,567.8,75.92,4.553,35.93,1
10604,368.5,60.4,2.041,26.15,0
10605,1022.1,43.38,2.554,54.01,0
10606,23.5,57.05,2.185,44.06,0
10607,427.1,63.06,2.703,43.75,0
10608,534.5,47.98,7.933,25.38,0
10609,100.0,20.31,2.577,40.08,0
10610,192.7,84.54,2.736,44.52,0
10611,740.4,78.02,2.502,37.49,0
10612,299.9,82.44,3.241,37.64,0
10613,250.3,64.71,1.991,40.3,0
10614,95.9,51.44,1.001,34.05,0
10615,87.4,37.59,1.285,33.27,0
10616,292.2,39.99,1.086,36.89,0
10617,261.3,71.26,3.191,40.77,0
10618,412.4,32.84,1.577,38.38,0
10619,262.5,63.48,2.761,39.93,0
10620,642.2,25.74,1.718,45.39,0
10621,353.4,25.31,0.996,20.37,0
10622,489.8,34.89,1.903,32.42,0
10623,473.4,93.22,2.395,36.73,1
10624,607.5,91.41,2.288,39.27,1
10625,738.6,77.07,0.957,45.12,0
10626,328.9,33.32,1.908,34.96,0
10627,269.6,64.63,4.059,35.48,1
10628,133.4,31.26,0.917,40.25,0
10629,184.9,80.67,2.658,42.66,0
10630,841.0,52.45,1.804,53.98,0
10631,492.7,33.02,2.343,47.36,0
10632,156.0,62.25,3.61,38.71,0
10633,92.3,63.62,3.12,39.51,0
10634,129.4,67.53,3.795,33.23,0
10635,507.6,48.02,1.825,28.65,0
10636,628.7,56.6,1.92,47.3,0
10637,545.3,78.76,1.609,40.13,0
10638,233.0,45.36,1.529,37.13,0
10639,518.6,35.96,1.781,29.28,0
10640,273.3,75.81,1.575,38.76,0
10641,436.4,63.86,1.674,34.31,1
10642,456.3,56.05,2.563,36.36,0
10643,403.2,12.58,1.564,32.4,0
10644,395.7,48.79,1.383,43.91,0
10645,470.9,53.03,3.292,43.1,0
10646,335.3,44.95,3.557,38.1,0
10647,799.4,77.37,1.304,36.96,0
10648,50.0,58.32,4.665,37.19,0
10649,347.2,42.11,3.131,40.33,0
10650,338.8,54.8,1.781,41.49,0
10651,970.2,47.45,1.274,37.11,1
10652,252.1,36.91,2.806,30.95,0
10653,354.3,26.47,1.984,36.93,0
10654,88.5,25.71,1.821,31.09,0
10655,290.8,78.46,2.631,48.59,0
10656,655.9,95.47,1.262,38.53,1
10657,322.5,70.65,1.428,43.54,0
10658,599.4,29.6,1.947,36.87,1
10659,210.8,46.16,2.033,40.77,0
10660,262.4,64.98,0.926,41.84,0
10661,261.6,62.27,1.721,23.01,1
10662,405.2,33.29,1.821,48.6,0
10663,411.9,73.39,1.987,30.71,1
10664,708.8,48.79,2.42,37.09,0
10665,577.2,67.33,2.045,40.55,0
10666,22.2,74.03,0.982,39.67,0
10667,172.6,54.22,2.79,44.93,0
10668,114.9,64.74,2.05,38.84,0
10669,334.0,37.7,2.364,46.02,0
10670,166.6,71.42,1.049,32.07,0
10671,884.2,52.64,5.39,23.37,1
10672,849.1,17.96,1.673,38.26,0
10673,1038.9,57.27,1.087,37.36,0
10674,411.1,82.29,2.957,35.15,0
10675,400.5,61.2,1.239,34.45,0
10676,734.8,44.3,5.416,48.9,0
10677,594.4,45.16,4.099,41.96,0
10678,371.5,49.22,0.967,36.78,0
10679,356.3,21.14,2.457,29.52,0
10680,141.1,53.59,1.392,17.32,0
10681,184.2,83.85,1.623,37.91,0
10682,259.4,78.76,1.958,29.28,0
10683,574.8,18.82,2.299,26.81,0
10684,335.7,41.44,4.89,42.54,0
10685,208.0,88.87,1.863,38.55,1
10686,552.5,51.89,4.058,38.67,0
10687,277.7,74.86,1.549,44.4,0
10688,582.2,49.77,1.614,33.53,0
10689,604.3,56.52,2.132,33.55,0
10690,118.2,40.19,0.883,38.01,0
10691,370.7,98.26,4.3,45.75,1
10692,941.1,74.56,2.153,42.73,1
10693,662.3,70.9,0.861,25.53,1
10694,287.1,59.6,2.291,29.08,0
10695,1103.9,37.37,2.486,31.95,0
10696,415.2,26.98,2.946,47.58,0
10697,437.3,60.04,2.034,44.05,0
10698,351.5,76.82,2.162,45.74,0
10699,281.5,53.36,2.228,49.04,0
10700,833.2,54.85,1.495,40.13,0
10701,173.7,70.92,2.026,41.27,0
10702,220.5,72.67,1.571,44.38,0
10703,277.7,94.83,1.773,30.89,1
10704,789.3,60.37,3.05,39.33,0
10705,538.2,38.93,2.244,48.77,0
10706,233.8,46.89,4.056,38.07,0
10707,134.2,28.49,2.158,40.68,0
10708,353.6,36.32,2.915,48.34,0
10709,777.9,75.3,0.97,45.09,1
10710,183.9,34.46,2.237,38.57,0
10711,123.0,37.88,6.204,36.13,0
10712,876.2,30.13,2.728,52.81,0
10713,536.2,75.87,1.127,36.81,1
10714,154.8,79.73,3.586,33.39,0
10715,977.2,53.38,2.198,33.33,0
10716,369.7,88.81,3.426,37.75,1
10717,866.1,27.84,2.137,39.45,0
10718,1190.7,51.69,3.181,30.4,0
10719,707.0,80.36,3.306,46.55,0
10720,43.1,41.77,2.899,33.11,0
10721,624.6,88.38,1.761,30.81,1
10722,73.8,47.11,2.645,50.98,0
10723,130.2,76.02,3.027,43.0,0
10724,632.0,56.1,3.819,43.86,0
10725,380.0,22.58,2.425,44.01,0
10726,278.6,43.99,5.994,31.54,0
10727,156.4,71.07,0.725,37.0,0
10728,400.5,45.96,4.364,44.22,0
10729,366.7,31.15,1.883,44.12,0
10730,146.4,43.05,0.746,35.37,0
10731,198.8,77.02,2.82,41.29,0
10732,1234.5,54.41,1.451,35.46,0
10733,99.3,81.44,0.999,34.96,0
10734,394.3,57.71,2.734,47.13,0
10735,150.2,54.3,3.768,34.75,0
10736,349.8,80.92,5.829,33.77,1
10737,174.5,45.22,1.269,39.55,0
10738,512.9,46.79,3.437,35.55,0
10739,427.7,35.15,1.905,45.75,0
10740,465.3,54.59,0.986,41.12,0
10741,182.6,48.49,1.95,36.93,0
10742,490.5,36.88,3.525,33.08,0
10743,406.1,63.31,2.713,34.71,0
10744,97.4,36.61,3.311,33.14,0
10745,295.1,25.72,1.964,41.35,0
10746,157.1,76.18,1.26,36.5,0
10747,205.8,86.94,1.268,27.86,0
10748,1404.5,25.12,1.904,41.5,0
10749,288.8,45.99,3.016,46.58,0
10750,59.5,79.75,4.063,45.56,0
10751,80.3,31.63,1.397,45.46,0
10752,531.2,24.99,3.79,22.89,0
10753,253.8,83.03,1.572,51.28,0
10754,279.2,90.29,0.725,40.59,1
10755,168.5,62.87,1.712,34.68,0
10756,311.8,51.4,4.706,42.59,0
10757,529.5,64.95,1.581,39.26,0
10758,103.6,83.81,4.539,28.83,0
10759,212.1,23.66,4.134,47.61,0
10760,306.5,32.07,1.414,40.45,0
10761,411.7,22.16,1.889,41.65,0
10762,286.5,5.99,2.228,33.92,0
10763,274.4,53.6,4.933,29.77,1
10764,451.5,75.25,1.448,36.08,0
10765,82.3,55.31,0.807,38.27,0
10766,388.7,17.45,4.182,36.17,1
10767,817.4,67.63,3.294,35.15,0
10768,505.3,46.38,2.241,44.25,0
10769,420.6,69.57,1.054,41.01,0
10770,65.2,57.43,1.083,42.12,0
10771,564.5,61.26,1.51,42.04,0
10772,650.2,87.43,1.538,35.37,1
10773,606.4,91.63,1.797,37.36,0
10774,229.5,65.79,1.841,48.9,0
10775,210.1,20.96,5.742,32.13,0
10776,31.3,19.84,3.798,29.93,0
10777,400.6,86.96,2.462,34.9,1
10778,720.8,32.38,8.97,39.1,0
10779,287.1,74.36,4.493,39.72,1
10780,32.4,73.28,1.564,30.68,0
10781,188.5,74.56,1.479,35.29,0
10782,144.5,48.64,3.79,28.5,0
10783,168.6,25.97,1.79,41.72,0
10784,549.1,67.52,3.191,29.17,1
10785,587.8,42.85,2.637,34.89,0
10786,163.8,72.41,1.541,38.88,0
10787,358.8,53.11,1.048,26.94,0
10788,628.2,59.61,1.487,42.94,0
10789,58.5,9.05,2.487,46.42,0
10790,435.8,35.01,5.197,43.33,0
10791,110.1,69.99,1.124,40.15,0
10792,387.2,48.92,1.734,38.06,0
10793,1425.2,75.4,2.452,39.77,1
10794,202.5,95.95,2.533,43.68,0
10795,384.6,69.16,2.417,31.32,1
10796,528.7,25.42,3.388,44.18,0
10797,461.1,32.44,2.01,33.39,0
10798,220.7,19.7,2.125,37.19,0
10799,177.7,53.1,1.816,47.5,0
10800,783.7,30.78,2.631,36.91,0
10801,234.6,27.73,0.513,45.99,0
10802,331.5,88.8,0.823,34.55,1
10803,460.2,62.02,1.907,40.78,0
10804,629.5,49.76,0.94,38.96,0
10805,213.3,50.61,3.569,33.56,0
10806,686.2,73.58,8.886,35.55,1
10807,385.6,50.39,2.24,38.42,0
10808,211.2,73.8,0.99,36.03,0
10809,1056.6,44.45,3.612,44.04,0
10810,427.1,25.07,2.349,53.32,0
10811,378.3,37.17,1.594,27.63,0
10812,214.5,63.61,1.169,47.3,0
10813,434.7,75.06,2.58,42.9,0
10814,364.6,88.23,1.658,29.14,1
10815,361.2,63.7,0.85,35.32,0
10816,791.2,32.25,1.911,38.75,0
10817,131.0,70.51,0.459,32.83,1
10818,502.2,46.6,2.876,33.22,0
10819,398.4,65.91,2.152,43.14,0
10820,662.3,25.68,1.399,43.13,0
10821,130.3,32.19,3.518,20.55,0
10822,434.0,24.65,2.192,39.67,0
10823,428.9,53.71,2.245,39.28,0
10824,246.5,80.53,1.774,29.32,1
10825,46.3,40.67,2.265,44.76,0
10826,226.5,51.86,1.255,49.18,0
10827,149.1,31.37,2.42,35.6,0
10828,325.5,67.27,3.259,35.74,0
10829,327.7,67.17,2.81,31.6,0
10830,95.7,67.85,3.272,25.74,0
10831,297.0,19.21,1.944,52.54,0
10832,105.0,29.45,2.318,39.36,0
10833,546.4,52.24,1.932,24.33,0
10834,1083.1,50.19,2.373,40.91,0
10835,90.2,88.02,0.924,39.16,0
10836,741.5,48.14,2.467,33.72,0
10837,431.7,75.04,3.631,41.88,0
10838,614.0,32.7,2.314,38.94,0
10839,283.4,38.78,3.145,43.02,0
10840,243.3,14.1,6.502,31.8,0
10841,308.6,66.6,2.605,43.1,0
10842,78.8,76.78,2.642,46.26,0
10843,565.3,27.97,1.799,32.73,0
10844,292.4,57.65,0.904,32.6,0
10845,317.9,88.72,3.037,40.02,1
10846,278.1,78.29,1.769,37.97,1
10847,157.7,89.51,1.757,38.56,1
10848,633.0,34.31,7.932,46.38,0
10849,167.9,65.55,5.944,33.28,1
10850,326.4,60.77,1.19,29.19,0
10851,189.5,44.27,1.754,28.38,0
10852,42.1,44.46,1.228,41.88,0
10853,508.8,44.37,1.672,46.18,0
10854,468.7,71.01,1.199,38.6,1
10855,477.4,66.53,3.432,26.04,1
10856,757.1,72.17,0.641,32.54,0
10857,362.3,46.97,1.461,53.78,0
10858,100.1,75.33,0.648,37.23,0
10859,485.7,33.61,1.399,46.47,0
10860,71.2,66.75,1.279,39.26,0
10861,390.9,56.25,1.973,28.49,0
10862,217.0,26.93,1.657,42.24,0
10863,199.2,16.74,4.602,44.92,0
10864,284.1,56.18,4.866,21.36,0
10865,239.0,67.49,1.225,29.63,0
10866,313.1,65.88,1.099,27.23,0
10867,486.2,66.21,5.687,30.32,0
10868,431.0,81.86,1.139,44.93,1
10869,704.8,9.6,1.406,43.12,0
10870,209.0,61.43,1.951,38.78,0
10871,223.4,64.45,2.274,32.48,0
10872,230.3,34.91,3.713,41.15,0
10873,68.6,79.8,2.991,40.55,0
10874,497.5,50.55,3.57,40.94,0
10875,738.7,28.28,3.039,39.0,0
10876,438.3,75.35,1.19,46.34,0
10877,191.4,62.29,3.239,45.66,0
10878,335.3,79.98,1.084,38.86,1
10879,63.1,49.84,2.129,37.14,0
10880,1055.1,51.21,0.739,50.02,0
10881,252.7,60.14,1.551,37.03,0
10882,103.8,68.18,1.454,38.78,0
10883,177.6,75.0,1.67,39.13,0
10884,194.9,45.4,4.637,37.54,0
10885,792.7,45.23,3.242,40.45,0
10886,599.3,39.38,1.41,26.43,1
10887,1448.8,54.29,4.003,37.96,0
10888,1149.2,35.48,2.836,36.43,0
10889,571.4,39.18,2.636,25.27,0
10890,351.8,58.91,4.898,39.72,0
10891,149.7,70.76,2.839,35.7,0
10892,475.6,30.05,2.174,37.57,0
10893,113.5,67.13,1.46,40.51,0
10894,334.1,50.54,5.524,38.37,0
10895,629.6,36.9,1.099,45.81,0
10896,348.9,34.28,3.538,34.25,0
10897,110.1,74.72,5.144,37.84,0
10898,88.1,61.03,0.851,38.14,0
10899,91.4,62.73,3.454,43.56,0
10900,557.4,47.36,0.927,32.7,0
10901,568.9,11.27,1.631,38.24,0
10902,363.5,71.45,1.329,42.32,0
10903,129.4,66.09,1.821,37.63,0
10904,76.7,60.57,2.829,36.71,0
10905,361.6,47.78,3.193,30.17,0
10906,480.4,77.07,2.543,39.38,0
10907,329.5,79.27,2.742,48.27,1
10908,508.4,30.0,1.487,50.58,0
10909,532.4,96.48,3.248,47.55,1
10910,766.9,18.53,1.377,40.97,0
10911,598.9,51.64,5.169,24.63,1
10912,626.3,61.51,2.298,39.85,1
10913,149.0,42.82,1.63,31.96,0
10914,510.5,75.83,1.71,37.65,0
10915,403.2,77.6,1.894,40.11,0
10916,512.6,76.87,1.077,28.81,0
10917,255.9,51.79,2.284,31.61,0
10918,225.0,37.81,1.087,44.23,0
10919,1131.6,60.66,2.318,46.23,0
10920,217.1,88.39,3.375,36.45,0
10921,381.1,91.04,2.804,38.71,1
10922,338.3,71.62,4.441,24.8,0
10923,301.5,30.07,2.048,31.73,0
10924,724.9,77.55,3.527,37.78,1
10925,913.4,8.54,2.676,20.94,1
10926,243.6,27.85,3.519,27.97,0
10927,168.0,66.87,1.57,31.94,0
10928,264.4,62.97,1.437,43.26,0
10929,118.3,78.38,1.783,37.11,0
10930,481.0,77.78,0.754,36.5,0
10931,237.2,40.0,4.822,41.57,0
10932,283.0,60.66,2.09,49.34,0
10933,1205.6,75.63,4.759,31.05,1
10934,538.0,37.5,0.48,40.04,0
10935,167.0,31.3,1.189,34.11,0
10936,292.1,75.22,0.665,24.66,1
10937,910.7,43.1,2.502,48.18,0
10938,770.7,14.75,1.747,45.88,0
10939,439.6,36.33,4.558,34.23,1
10940,490.7,45.42,2.835,48.0,1
10941,613.0,67.53,1.76,46.26,0
10942,472.1,11.21,3.786,38.09,0
10943,280.3,67.85,2.127,39.33,0
10944,664.7,66.34,1.921,40.91,0
10945,246.9,71.86,2.003,27.79,0
10946,1047.9,21.81,4.261,40.53,0
10947,198.3,56.14,2.184,30.3,0
10948,342.5,55.41,1.314,38.9,0
10949,481.3,65.27,1.22,41.48,0
10950,461.1,71.25,1.367,32.33,0
10951,100.7,78.57,1.972,39.69,0
10952,123.9,11.08,2.012,22.61,0
10953,739.2,52.74,1.986,39.51,0
10954,457.8,35.33,2.913,41.43,0
10955,221.8,76.56,2.346,44.2,1
10956,840.0,79.83,3.132,35.02,1
10957,154.1,29.16,1.8,29.04,0
10958,372.4,61.2,4.008,37.28,0
10959,868.3,29.91,1.002,44.03,0
10960,221.8,58.47,0.978,27.28,0
10961,777.6,59.28,1.277,48.2,0
10962,304.0,74.56,4.883,39.11,0
10963,419.6,66.27,3.99,31.59,0
10964,359.1,73.27,4.081,41.69,0
10965,1772.6,80.24,1.455,41.27,1
10966,744.3,46.21,1.92,38.98,0
10967,621.6,24.38,1.56,49.82,0
10968,666.7,64.75,4.958,39.59,0
10969,73.8,68.22,2.424,34.48,0
10970,166.5,63.23,1.357,48.8,0
10971,687.4,41.0,2.058,39.9,0
10972,500.5,30.76,1.987,33.96,0
10973,348.3,27.93,1.974,35.02,0
10974,178.4,79.36,1.181,36.24,0
10975,953.2,92.69,1.972,23.28,1
10976,246.8,57.81,2.095,54.26,0
10977,166.6,35.08,3.433,44.7,0
10978,35.4,73.81,3.457,45.54,0
10979,487.5,52.5,1.062,32.58,0
10980,258.2,10.28,1.189,47.5,0
10981,188.7,54.07,1.016,36.91,0
10982,203.2,85.83,1.55,43.08,0
10983,342.2,28.89,3.498,37.98,1
10984,894.5,75.13,3.543,43.69,0
10985,355.9,58.81,4.293,30.5,1
10986,596.6,23.12,3.033,36.53,0
10987,682.7,77.98,2.454,36.6,0
10988,440.6,57.24,3.004,39.36,0
10989,474.1,76.86,4.541,31.46,0
10990,207.9,64.38,5.412,35.05,0
10991,624.9,71.93,2.697,51.68,0
10992,730.1,82.43,1.215,34.78,0
10993,228.4,43.89,2.029,29.54,0
10994,598.8,26.52,2.999,39.98,0
10995,137.4,9.52,1.155,39.67,0
10996,346.0,40.12,4.404,36.54,0
10997,477.4,50.56,3.842,39.26,0
10998,386.0,70.77,4.82,37.75,0
10999,496.1,60.4,0.954,41.52,0
11000,260.5,71.19,2.126,31.51,0
11001,883.3,72.64,1.974,31.27,1
11002,252.8,68.2,2.424,51.69,0
11003,366.7,80.36,2.501,34.89,0
11004,415.5,72.42,1.087,42.74,0
11005,491.1,60.26,1.427,29.11,0
11006,466.1,49.32,1.735,42.3,0
11007,117.7,68.61,2.525,26.28,1
11008,198.9,37.14,2.202,38.97,0
11009,75.6,66.26,1.709,45.08,0
11010,497.6,29.4,4.515,47.37,0
11011,403.4,34.59,2.246,47.93,0
11012,547.8,18.8,1.61,41.01,0
11013,168.4,93.08,4.142,36.6,1
11014,491.8,73.68,1.705,42.68,0
11015,424.5,37.67,2.07,31.04,0
11016,588.4,79.59,1.942,42.94,0
11017,383.1,81.66,3.378,37.27,1
11018,445.3,38.07,2.698,34.03,0
11019,396.5,67.25,3.311,35.08,1
11020,214.8,46.22,2.269,36.99,0
11021,295.6,79.88,0.534,35.28,0
11022,207.0,82.92,1.64,41.84,0
11023,267.7,70.93,1.475,36.55,0
11024,231.0,60.64,1.726,19.24,1
11025,487.8,58.03,0.895,42.85,0
11026,42.7,44.49,3.807,43.76,0
11027,257.6,94.13,1.982,33.08,0
11028,179.0,33.05,2.436,47.93,0
11029,521.7,80.34,0.954,38.14,0
11030,280.1,60.13,1.518,44.14,0
11031,656.9,36.38,0.569,39.44,0
11032,167.6,50.36,2.679,44.78,0
11033,929.6,31.91,7.854,37.58,0
11034,700.4,23.93,1.443,34.75,0
11035,606.7,45.05,6.158,44.92,0
11036,473.6,85.6,1.757,34.93,1
11037,353.5,34.88,1.777,49.72,0
11038,801.6,78.33,1.965,45.83,0
11039,316.0,38.08,2.509,44.04,0
11040,964.0,34.04,2.449,25.3,1
11041,282.2,60.92,1.852,39.46,0
11042,600.4,79.83,4.269,37.46,1
11043,691.7,84.92,0.732,38.6,0
11044,364.1,79.05,1.963,29.15,1
11045,323.3,32.96,2.742,24.04,0
11046,215.8,53.97,1.352,30.76,0
11047,358.4,13.17,1.451,40.97,0
11048,141.2,82.82,4.385,33.04,1
11049,720.9,23.9,1.705,30.26,0
11050,89.4,32.03,2.781,42.79,0
11051,396.4,58.08,4.863,35.29,0
11052,234.8,83.1,3.116,37.22,0
11053,349.9,42.36,4.979,34.3,0
11054,272.3,58.9,0.667,40.53,0
11055,891.4,62.83,2.436,36.65,1
11056,747.2,89.6,4.693,32.86,1
11057,383.2,43.39,1.02,49.03,0
11058,165.6,82.64,3.326,40.71,0
11059,145.5,78.77,1.116,45.01,0
11060,360.8,78.1,3.233,39.85,0
11061,88.4,89.88,2.345,43.82,1
11062,136.2,83.12,2.723,36.26,1
11063,650.2,91.81,11.487,28.5,1
11064,515.6,70.43,1.367,30.79,0
11065,509.3,79.82,0.903,39.28,0
11066,115.5,14.53,1.706,29.78,0
11067,1353.5,24.88,0.963,36.22,0
11068,870.4,45.92,2.161,39.5,0
11069,97.1,47.01,2.033,38.04,0
11070,636.1,89.34,1.806,39.54,1
11071,121.7,87.47,3.512,43.41,0
11072,476.6,43.91,2.911,50.7,0
11073,701.7,62.13,1.688,34.03,0
11074,241.4,17.44,3.023,42.34,0
11075,1091.7,32.33,0.655,33.79,0
11076,314.3,36.09,0.388,37.72,0
11077,256.7,26.96,3.55,36.56,0
11078,292.6,87.98,1.464,30.25,0
11079,446.7,33.13,1.865,41.81,0
11080,305.6,24.75,1.268,41.04,0
11081,297.2,67.17,1.239,37.04,0
11082,732.2,69.01,2.703,43.94,0
11083,442.7,34.52,2.602,48.73,0
11084,380.6,52.93,1.413,27.62,0
11085,109.0,82.57,2.708,37.61,0
11086,268.9,68.56,2.011,52.67,0
11087,307.0,83.17,2.296,47.71,1
11088,184.2,32.34,1.7,47.7,0
11089,421.8,39.23,1.002,48.85,0
11090,551.5,85.82,1.863,45.56,1
11091,298.2,87.49,2.02,35.8,1
11092,390.8,47.46,0.972,32.94,1
11093,536.4,97.53,2.198,45.25,1
11094,191.1,10.42,1.377,30.08,0
11095,374.8,59.79,4.093,41.12,0
11096,255.5,60.28,0.737,25.6,0
11097,786.1,32.5,7.441,41.12,0
11098,421.8,75.18,1.014,48.21,0
11099,492.1,76.43,5.373,27.29,0
11100,245.7,76.21,1.489,28.63,1
11101,385.5,43.43,3.562,31.7,0
11102,437.7,73.13,1.15,23.73,1
11103,1273.7,36.32,1.284,42.41,0
11104,235.8,46.63,3.458,29.51,0
11105,305.3,69.84,1.975,34.13,1
11106,872.8,42.12,1.456,34.71,0
11107,919.7,59.29,2.469,43.2,0
11108,143.3,49.21,2.398,31.98,0
11109,395.8,53.51,2.426,37.09,0
11110,309.1,40.61,7.438,31.44,0
11111,339.7,68.43,1.614,34.54,1
11112,1021.2,65.9,1.098,30.86,1
11113,201.5,59.58,1.069,30.15,0
11114,305.7,67.46,4.024,38.57,0
11115,211.3,85.46,1.155,30.93,1
11116,393.4,34.05,0.924,35.08,0
11117,252.9,30.84,3.114,42.93,0
11118,266.9,92.42,4.206,39.86,1
11119,122.2,74.69,1.783,38.06,0
11120,259.3,86.74,4.779,52.26,1
11121,423.9,29.8,4.168,38.92,0
11122,577.1,48.77,1.703,47.04,0
11123,446.2,29.06,2.633,29.26,0
11124,748.9,35.07,1.381,36.3,0
11125,530.7,57.95,0.601,44.95,0
11126,506.8,91.66,5.741,39.21,1
11127,1716.8,10.27,6.019,46.65,0
11128,293.3,40.33,5.223,37.7,0
11129,246.3,23.46,1.661,31.29,0
11130,201.7,76.37,2.701,34.76,0
11131,186.6,51.41,0.899,39.14,0
11132,453.3,93.85,4.215,46.01,1
11133,359.1,61.74,1.85,40.65,0
11134,68.0,50.68,2.587,43.34,0
11135,134.6,70.38,2.356,35.76,0
11136,704.7,56.51,3.401,37.94,0
11137,524.7,50.9,1.996,39.38,0
11138,130.2,92.53,1.655,28.68,0
11139,659.9,80.79,5.313,28.92,1
11140,455.6,61.45,1.543,39.45,0
11141,316.6,81.33,2.384,23.51,0
11142,327.7,44.35,2.392,33.14,0
11143,774.0,78.3,2.429,42.41,0
11144,640.1,44.58,1.655,31.62,0
11145,139.9,47.84,1.921,31.31,0
11146,181.5,16.94,1.789,39.55,0
11147,411.9,34.38,2.242,39.37,0
11148,134.5,55.64,1.701,38.51,0
11149,338.6,29.63,4.41,25.08,0
11150,172.0,33.25,1.974,41.77,0
11151,314.0,20.06,1.941,40.54,0
11152,155.3,66.13,1.86,49.88,0
11153,595.0,73.81,0.544,41.08,1
11154,369.2,69.12,1.293,43.46,0
11155,274.8,34.93,0.82,35.66,0
11156,782.2,95.39,1.268,37.61,1
11157,411.3,73.22,0.613,43.11,0
11158,875.4,62.75,2.199,41.6,0
11159,137.0,61.15,1.355,28.02,0
11160,44.8,26.98,5.559,37.91,0
11161,267.0,47.21,2.171,39.84,0
11162,578.6,25.48,2.792,44.58,0
11163,1034.7,62.78,2.809,35.42,1
11164,550.3,30.79,0.862,28.52,0
11165,396.4,41.19,3.803,35.26,0
11166,156.4,17.91,3.087,43.66,0
11167,227.6,53.46,1.39,26.15,1
11168,296.1,58.61,3.79,19.73,0
11169,814.5,50.75,0.881,32.38,0
11170,528.1,59.07,2.43,19.51,1
11171,777.2,59.73,4.121,31.74,0
11172,740.8,42.62,1.665,29.75,0
11173,208.8,87.55,1.933,42.69,0
11174,450.2,42.93,5.901,32.52,0
11175,328.9,65.27,6.582,47.49,0
11176,624.5,69.16,0.814,34.5,0
11177,147.1,29.86,1.52,48.7,0
11178,181.7,69.63,1.36,45.18,0
11179,272.9,76.21,0.909,36.44,0
11180,422.6,19.47,2.704,28.69,0
11181,514.6,17.93,1.731,33.48,0
11182,158.8,72.2,3.362,31.0,0
11183,348.0,30.65,7.781,40.81,0
11184,720.2,41.34,1.84,41.27,0
11185,1008.0,90.07,4.882,36.98,1
11186,255.1,86.54,2.637,35.96,1
11187,213.2,79.17,6.259,47.34,0
11188,285.1,84.54,1.746,23.07,0
11189,434.0,75.94,3.372,34.6,0
11190,276.7,90.7,0.929,30.67,1
11191,164.1,28.48,2.432,43.73,0
11192,676.9,42.97,1.911,29.64,1
11193,329.4,21.02,0.792,37.83,0
11194,399.1,70.33,1.964,31.18,0
11195,346.7,19.96,0.833,40.85,0
11196,482.1,54.99,2.869,31.11,1
11197,490.2,30.53,2.045,33.73,0
11198,168.6,72.67,4.659,42.39,0
11199,253.7,72.25,6.166,33.57,0
11200,85.6,38.73,2.835,39.71,0
11201,307.7,76.54,3.081,36.48,1
11202,460.9,41.88,3.279,26.4,0
11203,493.7,69.43,1.236,39.14,0
11204,161.3,88.99,1.494,36.86,1
11205,103.6,13.46,1.941,39.33,0
11206,229.5,64.13,2.87,40.37,0
11207,682.6,59.18,1.255,28.63,0
11208,202.8,32.36,1.706,30.69,0
11209,699.2,16.58,3.031,28.88,0
11210,538.6,41.48,3.105,30.93,1
11211,353.0,53.37,3.908,42.21,0
11212,98.7,59.64,2.977,35.14,0
11213,476.3,10.11,2.058,34.57,0
11214,401.6,69.42,1.255,34.51,0
11215,247.3,44.91,0.78,40.91,0
11216,68.6,33.8,3.37,38.65,1
11217,174.5,62.1,1.822,26.31,0
11218,779.7,14.26,2.405,41.5,0
11219,318.9,61.63,1.594,50.18,0
11220,153.0,72.4,1.42,32.92,0
11221,331.7,63.71,1.955,33.47,0
11222,929.2,35.46,3.351,39.56,0
11223,481.1,21.1,0.804,22.01,0
11224,476.9,42.8,3.571,38.58,0
11225,324.5,29.77,2.529,42.34,0
11226,593.5,75.0,3.942,39.12,1
11227,808.2,35.67,5.32,38.21,0
11228,657.4,70.46,5.518,42.6,1
11229,513.2,39.33,1.6,32.16,1
11230,320.0,56.44,4.213,29.9,0
11231,282.3,98.04,2.855,35.84,1
11232,276.9,81.28,2.713,39.95,1
11233,211.1,26.34,1.814,33.91,0
11234,571.1,67.21,1.488,39.85,0
11235,617.0,49.25,2.19,43.04,0
11236,789.8,41.44,1.192,43.09,0
11237,242.5,47.06,5.757,34.84,0
11238,211.4,51.68,2.215,34.73,0
11239,1039.5,38.35,4.384,41.0,0
11240,795.1,61.49,3.958,35.0,0
11241,160.8,73.81,3.403,33.77,0
11242,255.9,71.23,3.205,42.88,0
11243,1017.5,66.56,1.126,31.8,1
11244,393.0,22.16,1.451,32.07,0
11245,402.0,38.38,1.231,40.91,0
11246,295.7,46.93,1.057,37.21,0
11247,732.8,71.06,2.835,38.95,0
11248,400.4,86.19,1.85,51.91,0
11249,101.5,37.03,2.08,35.89,0
11250,562.8,50.3,1.117,37.45,0
11251,484.0,46.77,2.312,29.41,1
11252,651.4,53.03,2.243,37.95,0
11253,383.4,69.27,2.216,35.77,0
11254,145.9,13.98,1.458,32.23,1
11255,647.5,56.89,3.099,45.5,0
11256,358.5,23.01,1.192,24.96,0
11257,626.8,76.8,4.829,36.87,1
11258,792.9,36.37,1.051,43.92,0
11259,631.0,71.4,3.368,35.53,0
11260,490.3,45.23,3.009,43.1,0
11261,68.5,63.35,3.559,34.86,0
11262,130.3,77.16,1.702,44.9,0
11263,240.1,63.37,1.738,42.16,0
11264,164.8,67.29,2.351,43.44,0
11265,469.9,58.7,1.633,41.06,0
11266,290.5,61.84,2.497,32.11,0
11267,985.2,44.32,1.188,41.76,0
11268,137.7,57.13,6.531,36.81,0
11269,307.4,29.28,5.639,47.73,0
11270,696.3,50.72,1.877,39.09,0
11271,392.7,36.11,2.731,29.8,0
11272,343.6,69.34,0.944,41.01,0
11273,493.9,21.59,1.26,38.97,0
11274,514.6,28.55,1.144,28.43,0
11275,679.0,70.66,1.513,45.42,0
11276,574.9,73.37,2.161,40.8,0
11277,739.4,72.18,3.13,29.07,1
11278,246.3,71.6,5.463,48.14,0
11279,144.7,62.83,3.023,51.26,0
11280,109.4,84.26,2.226,36.57,0
11281,288.9,48.6,2.651,36.75,0
11282,61.6,28.16,1.823,26.67,0
11283,669.1,29.41,2.636,38.73,0
11284,588.8,33.34,0.83,24.9,0
11285,415.7,12.23,1.163,46.18,0
11286,1509.0,45.48,2.542,27.59,0
11287,1045.7,62.33,1.605,28.48,1
11288,72.8,24.11,1.26,44.53,0
11289,971.1,18.07,0.74,47.53,0
11290,231.1,75.63,3.406,49.27,0
11291,425.1,63.11,1.454,31.59,0
11292,147.9,32.98,2.067,45.23,0
11293,521.0,52.06,3.712,32.72,1
11294,144.3,71.97,1.06,42.45,0
11295,402.6,95.2,2.272,42.78,1
11296,726.3,54.86,1.498,42.54,0
11297,146.7,91.3,1.239,25.0,1
11298,236.8,50.42,2.428,40.62,1
11299,1330.4,50.47,2.614,25.44,0
11300,959.4,89.0,1.575,34.15,1
11301,545.2,57.7,3.249,41.31,0
11302,141.5,75.2,2.529,42.48,0
11303,136.7,93.71,1.104,31.69,0
11304,82.6,32.99,1.621,31.34,0
11305,1778.7,35.0,1.039,50.11,0
11306,362.9,62.0,1.36,43.57,0
11307,525.6,61.74,4.055,41.26,0
11308,1415.8,70.8,1.105,38.59,0
11309,389.1,86.87,3.531,32.39,1
11310,502.1,79.44,2.034,34.51,1
11311,794.9,74.81,2.249,45.45,0
11312,262.4,60.07,4.098,48.6,0
11313,286.4,27.76,4.446,36.48,0
11314,638.3,55.1,2.141,31.13,0
11315,525.7,45.77,2.219,26.33,0
11316,311.4,63.13,1.216,39.56,1
11317,833.5,53.58,2.423,40.55,0
11318,452.4,30.38,2.954,28.76,0
11319,341.0,67.86,2.041,33.72,0
11320,529.0,54.95,2.188,51.49,0
11321,353.5,62.19,1.947,37.63,0
11322,324.1,29.84,1.609,45.06,0
11323,584.1,16.95,1.289,40.11,0
11324,640.7,82.99,4.182,34.03,1
11325,505.7,27.0,2.418,31.51,0
11326,88.9,41.64,4.474,46.68,0
11327,525.6,32.86,4.176,42.8,0
11328,163.6,7.55,3.064,38.69,0
11329,313.6,60.36,3.588,40.0,1
11330,115.6,90.33,1.521,35.67,0
11331,143.4,62.09,2.121,43.51,0
11332,226.4,55.38,2.319,25.59,1
11333,131.7,82.46,1.377,33.41,0
11334,1036.3,18.59,1.419,40.7,0
11335,556.9,75.23,2.603,51.23,0
11336,413.6,68.7,1.911,41.0,0
11337,1060.3,36.43,0.888,39.65,0
11338,795.8,55.79,2.866,35.65,1
11339,94.4,41.46,4.509,28.72,0
11340,305.6,18.08,1.071,41.22,0
11341,514.8,89.34,3.174,44.42,1
11342,302.1,53.02,1.967,31.31,0
11343,361.2,37.65,1.307,37.58,0
11344,312.4,59.99,1.641,31.55,0
11345,177.3,59.65,1.015,42.88,0
11346,572.5,47.49,3.058,43.32,0
11347,692.4,27.16,4.864,31.69,0
11348,344.9,43.8,1.506,36.79,0
11349,477.0,42.51,5.748,30.63,1
11350,405.3,58.86,2.006,40.62,0
11351,359.6,51.1,2.994,37.37,0
11352,331.0,44.18,2.493,41.96,0
11353,517.0,65.68,1.529,34.76,0
11354,688.0,47.66,3.635,37.36,0
11355,145.4,60.42,1.39,37.43,1
11356,526.9,40.02,0.981,40.59,0
11357,297.8,68.56,3.349,51.5,0
11358,259.6,71.51,1.809,48.74,0
11359,183.6,79.03,1.997,39.87,0
11360,448.0,75.83,1.58,35.93,1
11361,570.0,78.11,1.558,30.82,1
11362,191.9,46.05,1.669,34.39,0
11363,1005.9,30.13,1.353,46.72,0
11364,256.0,36.89,1.615,46.0,0
11365,450.5,62.01,1.996,44.63,0
11366,291.2,46.8,4.152,49.11,0
11367,116.3,45.11,1.124,34.33,0
11368,237.2,31.21,1.351,42.8,0
11369,220.2,47.76,3.326,30.54,0
11370,223.7,67.85,3.469,42.66,1
11371,70.8,28.69,6.314,41.47,0
11372,485.8,72.01,0.996,50.59,0
11373,364.7,80.25,4.138,47.65,0
11374,384.0,79.39,2.903,43.73,0
11375,690.9,67.14,2.765,25.12,1
11376,558.3,49.88,1.568,34.78,0
11377,337.5,61.04,2.247,28.86,0
11378,844.1,37.48,2.059,39.28,0
11379,160.0,92.63,4.156,44.57,1
11380,588.4,45.92,1.893,40.51,0
11381,242.4,64.44,4.995,35.51,1
11382,133.3,49.8,2.794,36.88,0
11383,412.5,41.9,1.066,39.2,0
11384,390.9,33.32,1.516,51.27,0
11385,576.0,92.87,4.54,49.68,0
11386,1156.5,50.76,1.582,41.26,0
11387,379.2,28.62,1.247,42.15,0
11388,409.1,71.45,1.627,44.78,1
11389,618.7,56.19,6.732,38.66,1
11390,279.7,53.43,3.017,44.84,0
11391,164.3,18.25,1.744,40.1,0
11392,120.0,15.63,4.569,41.2,0
11393,1430.1,19.46,5.216,32.2,1
11394,438.1,76.63,4.228,45.66,0
11395,309.8,49.19,1.812,44.34,0
11396,109.6,13.03,2.938,38.65,0
11397,246.6,85.24,2.652,50.68,0
11398,173.7,30.47,2.14,34.05,0
11399,672.1,55.06,4.405,34.11,0
11400,1116.6,45.44,2.817,34.4,0
11401,393.1,94.59,2.154,41.88,0
11402,305.2,28.85,1.541,39.68,0
11403,149.8,63.99,1.414,28.89,0
11404,185.3,78.13,2.63,36.06,0
11405,530.6,78.19,2.199,39.34,0
11406,329.6,32.22,1.941,30.88,0
11407,206.2,62.14,3.361,44.8,0
11408,477.8,69.81,1.751,33.42,1
11409,108.6,44.94,4.143,36.45,0
11410,465.9,40.93,6.32,41.78,0
11411,310.4,24.21,2.292,29.98,0
11412,591.9,64.99,1.418,38.99,0
11413,74.6,70.98,3.542,34.3,0
11414,328.3,51.44,5.47,32.83,0
11415,353.0,61.37,1.958,48.65,0
11416,56.7,51.72,1.316,42.1,0
11417,137.6,40.02,1.512,37.52,0
11418,421.1,48.17,1.083,34.15,0
11419,345.4,65.45,1.632,42.14,0
11420,196.7,80.55,1.309,34.11,0
11421,175.7,58.38,4.261,28.55,0
11422,1453.9,85.8,2.348,32.35,1
11423,985.8,36.0,3.83,44.65,0
11424,559.2,46.49,3.046,29.13,0
11425,426.1,95.44,4.021,35.18,1
11426,667.1,42.45,2.058,36.41,0
11427,210.0,89.03,1.483,40.33,0
11428,626.5,45.47,0.721,39.12,0
11429,92.1,66.41,2.984,44.05,0
11430,367.1,7.44,1.475,42.79,0
11431,935.9,87.72,2.467,46.47,1
11432,110.6,71.4,3.374,27.41,1
11433,781.1,68.03,2.909,35.42,1
11434,931.5,97.4,7.388,50.14,1
11435,347.2,74.15,1.749,45.58,0
11436,263.5,53.51,1.403,44.09,0
11437,308.1,27.86,2.413,40.7,0
11438,317.3,77.75,3.12,35.68,0
11439,435.5,43.82,0.832,44.39,0
11440,257.2,62.41,1.839,37.69,0
11441,183.2,77.44,2.063,38.65,0
11442,558.5,16.21,3.101,39.53,0
11443,226.0,58.68,2.906,44.75,0
11444,159.0,40.81,1.836,42.79,0
11445,421.5,55.73,3.818,36.56,0
11446,188.0,57.02,2.086,34.41,0
11447,258.2,61.95,7.564,41.55,0
11448,221.5,68.64,2.769,34.93,1
11449,42.6,15.28,2.02,38.16,0
11450,197.7,76.02,2.654,37.6,0
11451,825.9,64.45,3.325,40.98,1
11452,154.6,74.66,2.228,47.7,0
11453,312.9,44.97,2.784,35.29,0
11454,585.9,30.11,1.514,34.68,0
11455,446.3,33.61,1.317,41.28,0
11456,328.9,71.98,1.349,38.58,0
11457,190.3,70.84,0.762,31.96,0
11458,403.2,54.69,6.209,38.16,0
11459,270.0,63.21,2.365,36.16,0
11460,229.8,35.37,2.99,29.87,0
11461,1123.7,49.64,0.945,41.97,0
11462,283.1,38.19,1.771,51.43,0
11463,493.6,79.42,1.619,28.86,0
11464,199.4,49.92,1.876,28.77,0
11465,402.6,81.02,2.22,39.38,1
11466,677.2,37.64,1.926,40.36,0
11467,505.5,49.3,1.932,37.5,0
11468,533.6,60.61,0.886,31.58,1
11469,328.6,73.26,1.552,32.46,0
11470,595.7,72.01,5.152,44.42,0
11471,369.8,39.07,1.291,39.79,0
11472,262.2,30.57,2.869,31.68,0
11473,591.5,85.66,1.668,34.92,0
11474,345.8,23.15,1.961,41.38,0
11475,167.0,11.73,4.733,36.5,0
11476,674.9,52.52,0.729,37.66,0
11477,224.8,39.44,1.376,33.81,0
11478,166.7,60.41,1.295,37.48,0
11479,1003.5,46.02,2.764,37.48,0
11480,724.0,75.29,1.259,45.32,0
11481,182.7,77.78,1.984,37.17,0
11482,71.3,63.95,4.346,29.55,0
11483,493.2,64.64,2.06,36.62,0
11484,549.6,18.39,1.808,33.18,0
11485,967.9,50.78,1.842,43.22,0
11486,257.2,38.97,4.097,35.8,0
11487,383.7,19.08,2.145,36.93,0
11488,510.6,55.78,1.627,24.74,0
11489,1004.9,68.64,1.61,26.23,1
11490,554.1,63.24,2.106,25.28,1
11491,479.8,66.7,6.059,37.85,1
11492,686.7,38.68,1.36,36.23,0
11493,184.1,79.0,1.21,41.32,0
11494,667.0,75.86,1.817,37.12,0
11495,1868.7,59.64,3.399,42.4,1
11496,154.0,75.63,2.765,39.93,0
11497,1032.2,77.11,1.432,36.36,1
11498,396.4,91.5,2.5,36.87,1
11499,225.4,74.51,0.603,38.04,0
11500,601.9,57.44,2.013,39.19,0
11501,328.6,52.06,4.14,33.0,1
11502,299.2,46.66,1.763,38.18,0
11503,520.6,57.44,1.282,27.1,0
11504,281.9,68.07,2.319,37.07,1
11505,581.6,84.29,1.906,40.43,1
11506,885.4,70.56,4.332,46.86,1
11507,239.7,58.59,2.17,21.55,0
11508,158.4,28.98,3.849,37.46,0
11509,398.1,44.52,1.242,34.39,0
11510,380.3,87.64,1.378,36.6,0
11511,111.3,51.27,9.36,34.82,0
11512,463.9,49.74,2.254,35.85,0
11513,672.7,41.75,0.614,52.37,0
11514,121.1,81.51,2.858,48.2,0
11515,84.2,82.25,2.185,25.09,1
11516,83.9,53.12,2.823,45.83,0
11517,435.3,42.7,1.264,37.38,0
11518,181.0,18.3,1.471,30.4,0
11519,399.1,63.49,2.107,42.48,0
11520,161.8,35.74,4.985,36.43,0
11521,499.4,27.93,4.028,40.47,0
11522,168.2,59.25,1.177,42.7,0
11523,421.3,33.8,1.933,32.5,0
11524,571.7,39.07,1.59,58.05,0
11525,768.3,62.97,6.404,36.36,0
11526,199.7,88.54,0.689,33.25,1
11527,220.5,60.12,2.406,33.79,0
11528,448.1,40.03,1.819,34.22,0
11529,101.4,65.57,2.59,41.8,0
11530,178.8,83.52,1.457,31.66,0
11531,408.9,50.96,1.802,42.8,0
11532,143.8,31.12,0.912,40.77,0
11533,272.6,48.16,0.765,46.75,0
11534,269.5,68.63,1.646,53.56,0
11535,1425.3,56.9,3.981,37.97,1
11536,424.2,62.43,2.013,34.87,0
11537,242.7,76.08,2.605,41.49,0
11538,158.4,46.33,1.085,42.03,0
11539,359.4,75.41,0.812,47.77,0
11540,367.8,67.6,1.048,40.42,0
11541,599.2,68.59,2.564,34.28,1
11542,362.0,52.5,2.584,29.74,0
11543,66.4,40.49,0.88,36.13,0
11544,278.1,40.53,2.467,37.35,0
11545,1047.1,42.53,1.214,47.17,0
11546,470.9,77.37,1.939,46.29,0
11547,177.9,60.31,1.382,40.9,0
11548,256.4,52.88,1.419,41.89,0
11549,437.5,17.57,3.538,23.66,0
11550,121.4,40.71,2.18,46.86,0
11551,558.5,40.69,9.337,30.95,0
11552,35.4,36.67,3.05,37.71,0
11553,57.8,87.71,1.205,27.55,0
11554,475.2,58.13,2.796,45.33,0
11555,246.5,87.75,3.365,40.43,1
11556,416.6,67.93,1.985,40.8,0
11557,124.3,39.2,2.062,32.48,0
11558,261.2,66.91,0.93,49.53,0
11559,1179.1,70.27,0.796,39.5,0
11560,558.8,57.98,1.576,32.85,0
11561,301.5,50.7,4.399,31.49,1
11562,325.6,19.31,0.957,26.54,0
11563,576.7,70.16,2.973,41.95,1
11564,325.0,58.84,1.435,43.9,0
11565,227.8,18.86,3.207,33.38,0
11566,263.7,58.04,1.719,34.16,0
11567,724.2,92.46,2.015,34.81,1
11568,303.5,38.88,2.122,42.81,0
11569,398.6,29.59,1.829,33.36,0
11570,465.8,47.02,1.37,43.79,0
11571,1307.4,79.52,2.75,37.1,1
11572,207.4,13.86,4.113,43.96,0
11573,348.4,79.32,0.872,51.06,0
11574,235.2,81.07,1.068,37.96,0
11575,443.6,52.51,4.226,42.62,0
11576,890.9,41.43,3.555,51.16,0
11577,313.2,70.45,3.071,34.93,0
11578,830.7,17.09,0.809,33.39,0
11579,894.2,57.73,9.969,42.69,0
11580,820.3,21.76,2.267,50.81,0
11581,141.7,22.87,1.286,30.66,0
11582,370.9,47.68,3.286,40.76,0
11583,407.5,27.02,1.865,44.87,0
11584,945.7,77.7,3.148,41.37,0
11585,417.8,54.62,3.016,39.0,0
11586,345.8,35.39,1.664,42.27,0
11587,332.3,41.04,0.555,43.82,0
11588,190.1,57.79,1.655,35.42,0
11589,844.3,86.75,5.338,37.11,1
11590,761.4,86.82,2.049,48.0,0
11591,226.8,65.4,1.725,38.58,0
11592,141.3,26.05,3.216,30.96,1
11593,538.3,51.67,2.362,30.22,1
11594,787.9,59.93,1.518,45.74,1
11595,644.4,51.76,1.33,39.91,0
11596,247.8,33.26,1.107,44.41,0
11597,81.7,11.25,2.54,34.61,0
11598,1070.4,42.7,2.626,43.68,0
11599,339.4,56.57,1.52,46.63,0
11600,576.2,73.02,4.227,29.1,1
11601,379.4,21.14,1.324,41.8,0
11602,148.8,53.07,1.368,36.74,0
11603,706.8,24.04,1.896,44.94,0
11604,560.1,69.01,1.85,35.16,0
11605,392.5,63.06,1.667,36.78,0
11606,1168.1,75.74,1.606,37.64,0
11607,184.0,42.39,0.875,20.79,0
11608,41.8,51.21,2.227,39.65,0
11609,398.1,46.71,2.915,36.4,0
11610,93.1,54.84,1.127,31.86,0
11611,692.7,64.4,2.747,35.69,1
11612,381.6,58.06,1.199,35.35,0
11613,277.2,63.04,1.783,42.97,0
11614,537.2,77.51,2.818,34.39,1
11615,443.1,79.38,4.068,30.16,0
11616,118.7,51.41,0.313,34.31,0
11617,145.8,63.48,2.674,34.45,0
11618,401.7,68.08,4.971,32.34,0
11619,844.2,30.85,3.356,40.99,0
11620,349.5,32.48,1.156,31.96,0
11621,78.6,49.64,4.351,32.95,0
11622,358.1,61.23,3.048,46.61,0
11623,332.6,31.35,2.526,35.66,0
11624,396.1,57.2,1.105,32.95,1
11625,1750.5,56.61,2.019,36.64,0
11626,187.8,27.06,1.555,49.26,0
11627,334.9,90.1,2.049,53.6,0
11628,573.6,57.22,1.112,36.06,0
11629,274.0,20.12,1.609,33.6,0
11630,429.7,81.43,1.861,33.03,1
11631,314.8,60.92,4.07,26.79,0
11632,363.7,55.64,1.966,51.37,0
11633,274.7,67.29,3.233,39.94,0
11634,539.4,35.75,3.43,40.49,0
11635,439.0,38.19,1.83,31.37,0
11636,1629.4,43.48,2.545,40.13,0
11637,373.6,56.28,2.118,49.56,0
11638,252.0,9.27,1.923,30.25,0
11639,299.2,86.46,1.647,41.2,0
11640,613.7,73.2,1.558,50.66,0
11641,543.3,57.5,2.852,47.16,0
11642,846.0,24.41,0.901,51.48,0
11643,193.7,58.33,3.384,30.2,1
11644,901.7,12.55,3.229,29.26,1
11645,242.9,47.12,1.387,32.47,1
11646,477.1,27.76,2.883,55.48,0
11647,429.5,75.28,2.925,45.09,0
11648,175.8,63.13,2.303,33.95,0
11649,381.5,66.7,1.846,42.89,0
11650,355.3,16.91,6.952,45.01,0
11651,250.5,78.58,0.945,32.79,0
11652,334.4,70.4,1.521,35.46,0
11653,940.5,50.04,2.464,41.49,0
11654,732.5,20.15,2.988,26.91,0
11655,143.2,56.23,2.217,52.24,0
11656,469.4,27.28,1.543,36.92,0
11657,547.1,22.47,2.506,48.69,0
11658,67.8,51.59,2.934,50.39,0
11659,206.0,65.07,2.821,49.3,0
11660,354.5,74.09,3.284,35.59,0
11661,857.5,71.79,6.014,42.37,0
11662,267.4,19.31,1.426,39.3,0
11663,478.1,43.68,1.787,41.79,0
11664,653.4,82.19,1.975,35.84,0
11665,572.1,72.25,1.124,33.87,0
11666,172.6,67.12,2.446,44.28,0
11667,919.9,45.22,1.999,45.44,0
11668,394.5,68.78,0.641,25.82,0
11669,362.0,26.1,1.026,35.91,0
11670,240.8,41.17,3.305,46.44,0
11671,554.5,35.98,2.292,41.25,0
11672,153.5,65.32,0.98,38.09,0
11673,271.2,60.25,2.172,33.3,0
11674,172.4,65.3,4.738,42.13,1
11675,902.0,36.98,2.524,28.33,0
11676,1008.8,54.87,2.207,44.18,0
11677,693.6,68.72,1.873,38.3,0
11678,379.5,58.43,6.113,26.43,0
11679,557.0,81.92,2.976,42.32,1
11680,240.2,14.36,2.916,31.42,0
11681,566.0,6.45,2.689,37.53,0
11682,248.2,54.27,2.931,37.35,0
11683,474.1,91.54,4.033,32.03,1
11684,271.8,35.94,3.907,46.22,0
11685,100.9,68.62,1.355,47.07,0
11686,449.1,33.12,1.108,39.61,0
11687,532.9,27.14,1.452,35.95,0
11688,81.7,82.44,1.448,31.84,0
11689,261.4,44.53,1.773,36.41,0
11690,193.7,23.2,2.038,39.74,0
11691,830.1,67.32,3.693,44.7,1
11692,164.6,75.68,2.949,47.11,1
11693,251.0,45.88,3.97,35.35,0
11694,408.7,40.5,1.674,46.64,0
11695,599.3,5.69,2.46,32.22,1
11696,403.4,34.59,1.893,43.85,0
11697,344.3,19.87,1.59,36.65,0
11698,538.0,57.58,0.768,46.36,0
11699,508.5,53.37,2.889,37.03,0
11700,845.9,29.37,2.776,30.77,0
11701,522.6,57.79,1.516,26.99,0
11702,567.6,56.85,0.905,42.07,0
11703,405.1,52.73,1.753,53.37,0
11704,296.0,40.41,4.342,32.27,0
11705,281.1,10.05,0.805,40.43,0
11706,282.3,39.07,2.985,42.56,0
11707,555.8,42.99,6.714,35.42,0
11708,124.7,79.61,0.993,46.17,0
11709,913.6,32.1,2.563,45.87,0
11710,448.4,64.89,1.479,42.27,0
11711,167.2,91.7,3.411,40.62,1
11712,712.0,31.89,1.092,32.83,0
11713,474.0,62.39,3.003,41.05,0
11714,696.2,39.93,1.997,51.46,0
11715,222.0,51.5,2.814,41.46,1
11716,395.2,24.89,5.774,54.8,0
11717,344.9,74.4,1.429,37.36,0
11718,52.3,68.32,2.781,37.95,0
11719,369.3,76.52,4.485,47.76,0
11720,352.9,67.05,1.03,48.25,0
11721,291.3,77.5,5.213,37.63,1
11722,1276.2,75.76,3.312,41.67,1
11723,155.6,72.8,1.977,34.37,0
11724,1064.5,33.89,1.939,43.44,0
11725,119.8,67.61,1.778,31.47,0
11726,121.3,49.87,2.652,40.45,0
11727,878.1,70.19,1.535,26.35,1
11728,412.7,61.06,0.584,40.99,0
11729,343.0,34.9,0.711,42.39,0
11730,106.0,77.9,4.739,36.5,0
11731,428.1,57.4,0.807,32.03,0
11732,405.9,54.36,3.639,34.19,0
11733,436.1,66.76,5.076,39.86,1
11734,422.4,29.36,2.609,38.0,0
11735,470.7,62.67,4.508,32.51,0
11736,98.3,60.75,1.389,34.71,0
11737,244.6,65.38,2.279,47.91,0
11738,404.8,49.52,1.048,36.38,0
11739,582.5,67.45,4.136,38.75,1
11740,566.3,59.07,1.943,37.27,0
11741,475.0,49.67,3.61,34.07,0
11742,515.0,16.19,2.161,30.52,0
11743,498.0,13.23,2.317,43.57,0
11744,388.3,49.02,1.442,42.18,0
11745,434.3,55.85,1.271,38.16,0
11746,460.1,69.63,2.918,27.28,1
11747,823.6,60.69,1.232,39.0,0
11748,132.7,36.76,3.289,41.6,0
11749,415.8,74.75,2.071,27.09,1
11750,531.5,74.63,2.66,49.01,1
11751,136.7,72.17,2.212,47.28,0
11752,278.8,78.9,7.1,58.27,0
11753,337.4,82.58,2.965,40.69,0
11754,319.7,55.28,1.659,42.07,0
11755,309.4,39.99,2.853,40.12,0
11756,668.5,27.0,2.858,42.99,0
11757,566.4,50.85,0.909,35.48,0
11758,392.3,61.11,2.103,36.47,0
11759,241.2,38.84,1.941,52.09,0
11760,98.7,35.68,2.406,28.77,0
11761,120.0,61.65,2.45,37.16,0
11762,751.6,80.35,2.678,36.57,1
11763,505.0,59.84,4.813,44.4,0
11764,445.2,73.2,3.769,41.76,0
11765,424.7,47.18,0.947,47.26,0
11766,408.6,63.5,2.913,37.0,0
11767,833.9,23.65,0.76,30.83,0
11768,531.2,31.5,2.757,49.49,0
11769,215.6,61.85,1.753,45.44,0
11770,351.3,23.58,1.231,36.14,0
11771,260.4,79.57,2.729,38.98,0
11772,627.7,52.43,3.363,31.93,1
11773,82.3,52.56,3.134,39.05,0
11774,296.8,72.48,3.659,38.36,0
11775,180.2,78.44,1.712,20.43,1
11776,746.2,48.49,2.509,40.12,0
11777,173.1,44.65,1.759,38.15,0
11778,1103.7,86.28,1.497,42.98,1
11779,467.3,8.48,2.645,39.43,0
11780,256.5,49.36,2.448,47.78,0
11781,186.9,84.52,1.528,28.26,1
11782,359.7,70.2,2.163,41.68,0
11783,635.8,65.16,1.493,32.27,0
11784,402.6,85.25,2.372,33.85,1
11785,399.5,14.9,2.22,34.49,0
11786,523.7,66.97,2.171,40.99,0
11787,725.6,49.47,1.898,40.93,0
11788,218.9,55.96,3.618,38.49,0
11789,311.7,16.99,3.236,39.01,0
11790,665.3,88.94,4.463,36.66,1
11791,242.8,55.64,1.976,29.64,0
11792,141.7,70.85,2.97,24.72,1
11793,50.4,34.62,3.053,47.29,0
11794,483.8,60.89,1.634,39.74,0
11795,140.5,53.81,1.29,46.75,0
11796,119.2,69.45,2.482,33.63,0
11797,250.0,58.06,3.526,39.38,0
11798,450.9,53.03,2.05,44.54,0
11799,381.1,47.66,3.916,42.66,0
11800,583.6,64.64,4.287,44.72,0
11801,162.7,84.7,1.682,37.08,0
11802,1273.1,79.17,2.495,47.55,1
11803,412.7,76.13,2.561,39.98,1
11804,519.7,34.68,2.618,29.32,0
11805,384.5,49.17,3.334,34.12,0
11806,163.1,92.88,2.064,37.79,1
11807,57.6,51.23,1.084,43.03,0
11808,311.9,13.6,2.407,42.0,0
11809,476.2,75.4,3.072,45.6,0
11810,279.4,56.93,3.007,52.7,0
11811,260.2,52.0,1.335,29.04,0
11812,69.0,26.07,1.97,44.39,0
11813,220.1,42.7,4.687,49.99,0
11814,312.9,39.18,1.619,38.92,0
11815,775.0,39.96,2.398,38.26,0
11816,558.4,28.96,1.402,38.15,0
11817,174.7,29.74,2.992,32.32,0
11818,407.8,59.15,1.312,43.69,0
11819,461.9,85.27,5.832,33.47,1
11820,655.0,92.59,1.275,39.36,1
11821,262.4,85.75,2.01,45.83,1
11822,1075.9,41.99,2.803,39.69,0
11823,660.2,32.03,3.726,48.05,1
11824,660.5,57.01,3.861,38.43,1
11825,341.5,57.08,1.604,32.61,0
11826,190.9,45.09,2.39,37.71,0
11827,355.9,67.98,3.113,37.82,1
11828,785.2,93.1,1.297,42.2,1
11829,820.8,65.2,6.579,20.8,1
11830,210.0,48.38,1.501,36.87,0
11831,948.1,59.68,3.663,51.31,0
11832,132.8,25.57,1.404,44.86,0
11833,587.5,57.83,2.685,45.91,0
11834,473.8,55.47,1.891,47.1,0
11835,115.0,62.6,3.418,37.97,0
11836,487.8,81.68,3.212,39.06,1
11837,828.3,74.94,1.091,32.7,0
11838,411.8,38.1,6.374,35.43,0
11839,1400.2,66.14,2.568,46.36,0
11840,225.0,35.39,3.849,35.83,0
11841,532.9,90.81,1.676,32.6,1
11842,369.0,55.51,5.396,41.85,0
11843,474.4,75.7,1.387,36.42,0
11844,158.8,44.35,1.928,24.19,0
11845,229.6,23.87,5.604,38.72,0
11846,119.7,35.71,2.293,44.23,0
11847,1318.1,41.6,2.335,37.4,0
11848,543.8,67.13,1.596,29.6,0
11849,291.2,84.91,2.584,39.59,1
11850,586.8,62.63,4.389,32.38,1
11851,241.1,84.39,2.71,36.17,0
11852,71.8,52.95,1.673,30.14,0
11853,362.6,40.48,3.843,27.6,0
11854,82.3,59.23,2.358,32.27,0
11855,637.5,55.18,1.834,38.81,0
11856,296.8,49.18,1.274,41.3,0
11857,278.6,92.01,1.413,42.41,0
11858,200.9,18.97,1.355,38.02,0
11859,900.6,31.46,2.133,30.33,0
11860,268.2,53.12,2.311,41.47,0
11861,196.4,80.37,2.415,48.59,0
11862,384.8,94.13,1.924,49.41,0
11863,285.8,20.95,5.332,37.14,0
11864,449.9,90.53,3.356,35.53,1
11865,201.6,30.36,1.136,30.67,0
11866,154.4,80.64,4.369,38.41,0
11867,1304.7,24.39,4.73,38.7,0
11868,673.2,37.74,1.357,31.92,0
11869,314.9,61.22,2.762,44.24,1
11870,896.9,38.22,4.152,27.84,1
11871,163.8,23.78,3.289,37.3,0
11872,698.0,86.36,2.124,30.91,1
11873,540.3,54.11,1.206,35.77,0
11874,423.9,34.05,1.108,47.7,0
11875,484.8,69.22,5.194,31.42,1
11876,209.5,45.11,4.834,32.15,0
11877,142.5,47.05,2.801,42.87,0
11878,347.0,49.66,1.74,32.63,0
11879,229.2,91.27,2.093,42.35,1
11880,351.3,61.12,1.825,43.25,0
11881,588.9,63.26,1.332,43.52,1
11882,183.1,57.35,3.036,33.96,0
11883,251.4,27.59,1.612,30.21,0
11884,289.4,62.51,3.226,44.66,0
11885,417.8,83.81,1.496,36.05,1
11886,743.2,42.34,0.893,35.14,0
11887,754.0,33.1,2.719,42.76,0
11888,551.3,69.11,4.502,47.47,0
11889,534.8,28.55,1.726,29.89,0
11890,464.1,63.18,1.883,44.05,0
11891,466.1,44.32,2.148,37.62,0
11892,281.6,27.07,1.69,40.37,0
11893,152.1,57.38,1.59,42.69,0
11894,608.3,81.53,1.232,36.19,1
11895,105.7,77.97,1.343,30.36,0
11896,843.2,47.57,2.157,40.43,0
11897,356.2,7.33,0.366,43.44,0
11898,371.7,71.79,1.56,26.01,1
11899,853.3,33.41,2.575,40.05,0
11900,159.1,51.37,0.737,29.85,0
11901,677.3,22.51,1.654,36.46,0
11902,336.3,15.69,1.519,33.49,0
11903,320.0,39.12,2.871,42.8,0
11904,394.4,27.37,3.268,45.25,0
11905,311.5,62.09,2.852,28.72,0
11906,252.1,44.94,1.619,35.86,0
11907,613.9,56.93,2.702,38.13,0
11908,212.8,38.11,1.303,29.74,0
11909,227.6,36.25,3.62,48.24,0
11910,268.7,77.36,0.733,39.49,0
11911,534.0,65.06,1.49,37.35,0
11912,341.6,63.56,1.693,30.38,0
11913,237.0,18.8,1.762,42.91,0
11914,364.2,96.21,2.933,35.37,0
11915,435.3,56.87,1.799,36.69,0
11916,316.8,72.8,2.754,28.21,1
11917,557.3,25.36,2.232,42.0,0
11918,91.3,27.38,3.423,33.45,0
11919,488.0,21.81,3.965,53.41,0
11920,994.6,21.69,1.709,47.54,0
11921,262.9,42.26,4.585,34.56,0
11922,222.7,53.38,1.128,32.08,0
11923,433.5,19.12,0.836,42.45,0
11924,436.7,38.87,1.157,39.42,0
11925,713.3,46.78,1.739,38.28,0
11926,512.0,78.71,1.757,42.32,1
11927,138.8,52.12,1.142,37.52,0
11928,198.6,75.29,4.069,44.12,0
11929,115.7,58.6,2.53,37.72,0
11930,632.1,23.65,12.984,34.97,0
11931,400.9,31.72,3.337,35.73,0
11932,387.6,81.89,0.906,42.73,0
11933,259.6,59.77,1.239,38.5,0
11934,215.1,80.27,3.041,32.52,0
11935,569.2,60.94,4.052,41.49,0
11936,530.7,66.29,1.65,32.09,0
11937,283.1,78.35,1.67,38.48,0
11938,136.5,79.0,2.42,27.04,0
11939,262.9,72.41,1.488,38.97,0
11940,591.6,73.35,3.36,34.42,1
11941,135.4,90.35,0.791,40.27,0
11942,760.7,35.61,2.848,50.57,0
11943,517.5,11.71,1.682,33.82,0
11944,331.6,89.17,1.897,33.06,0
11945,1322.3,39.7,3.735,39.58,0
11946,175.0,43.15,5.233,42.39,0
11947,389.8,50.23,0.803,36.37,0
11948,1009.9,29.9,1.408,33.53,0
11949,237.9,77.12,1.541,47.08,0
11950,391.8,78.05,2.102,38.86,0
11951,697.0,74.58,2.895,31.39,1
11952,313.6,60.69,2.994,40.36,0
11953,531.6,30.57,3.014,35.4,0
11954,437.2,46.47,2.251,29.54,0
11955,137.3,50.48,1.771,40.44,0
11956,206.4,60.76,1.798,37.69,0
11957,319.2,32.74,1.72,41.04,0
11958,362.2,19.1,3.112,38.57,0
11959,591.3,50.76,2.538,35.29,1
11960,191.0,67.37,2.642,30.99,0
11961,614.6,38.62,1.849,36.81,0
11962,317.7,52.11,1.067,35.89,0
11963,232.6,50.34,6.885,38.44,0
11964,139.6,43.54,1.917,45.94,0
11965,931.3,45.85,3.242,39.35,0
11966,67.7,12.18,4.225,46.42,0
11967,43.1,28.9,3.118,36.98,0
11968,393.4,68.22,2.826,32.51,0
11969,236.5,78.61,2.03,45.82,1
11970,116.9,72.66,3.625,37.55,0
11971,137.0,90.26,0.693,45.21,0
11972,274.7,29.96,3.134,33.59,0
11973,545.1,45.44,3.059,44.36,0
11974,733.2,59.39,3.299,42.6,0
11975,322.6,54.84,1.925,48.19,0
11976,179.6,80.95,0.912,44.66,0
11977,803.0,84.79,4.416,24.71,1
11978,248.6,46.85,1.414,34.64,0
11979,258.9,68.29,3.087,38.9,0
11980,259.3,93.58,1.206,43.09,0
11981,371.6,51.38,3.209,25.35,0
11982,309.4,11.73,2.976,33.6,0
11983,994.9,55.66,1.55,29.07,0
11984,137.1,29.18,3.321,21.93,0
11985,393.0,13.68,1.772,34.14,0
11986,342.2,48.32,2.938,20.82,1
11987,47.6,21.67,3.658,34.1,0
11988,316.2,42.46,2.045,35.18,0
11989,938.7,69.8,3.026,24.1,0
11990,847.7,59.86,2.176,46.87,0
11991,391.6,37.19,2.739,20.91,0
11992,288.8,26.67,0.963,29.75,0
11993,463.1,79.81,2.105,34.01,0
11994,682.0,60.33,2.331,27.77,1
11995,558.0,12.12,2.397,37.42,0
11996,351.8,22.75,1.513,40.5,0
11997,326.9,66.74,1.63,39.05,0
11998,440.1,64.75,2.408,56.91,0
11999,517.5,93.58,2.672,43.47,1
12000,417.1,17.23,2.494,28.94,0
12001,1122.4,88.74,3.608,27.08,1
12002,251.9,86.85,2.144,42.35,0
12003,1404.6,63.57,1.988,30.87,1
12004,411.2,18.21,6.257,18.19,0
12005,807.9,28.48,2.156,44.79,0
12006,505.0,55.6,1.59,25.27,1
12007,209.6,18.6,1.946,40.09,0
12008,343.5,70.41,1.218,43.17,0
12009,424.7,65.84,3.707,42.61,0
12010,675.5,8.64,1.35,30.31,0
12011,465.7,15.15,3.79,45.04,0
12012,528.6,28.17,0.813,40.85,0
12013,1187.4,61.17,2.695,42.22,0
12014,537.0,34.23,0.625,41.92,0
12015,563.0,41.43,1.116,33.48,0
12016,552.6,52.32,1.435,33.55,0
12017,498.7,26.6,4.901,38.53,0
12018,379.0,93.82,1.701,35.52,1
12019,905.1,78.45,1.583,35.46,0
12020,170.3,27.21,5.484,43.62,0
12021,196.9,34.28,3.238,41.07,0
12022,192.4,55.89,1.31,33.51,0
12023,286.5,40.71,2.018,46.83,0
12024,295.1,92.85,1.685,35.04,1
12025,248.9,35.9,1.668,32.0,0
12026,393.1,69.49,2.357,37.71,0
12027,251.5,35.31,1.187,34.54,0
12028,505.7,61.05,3.47,45.65,0
12029,764.7,79.69,0.945,40.14,0
12030,328.8,50.4,1.979,35.95,0
12031,626.4,61.93,1.121,42.28,0
12032,182.2,37.27,1.828,41.41,0
12033,1137.5,48.08,1.505,43.23,0
12034,676.6,44.08,2.164,30.06,0
12035,142.6,76.88,2.351,47.22,1
12036,867.1,46.53,4.904,29.86,1
12037,310.9,64.99,1.026,38.73,0
12038,289.2,16.77,1.53,48.02,0
12039,393.2,51.7,4.127,31.19,0
12040,238.7,69.09,2.54,41.11,0
12041,182.8,49.87,1.002,38.84,0
12042,408.0,55.92,2.885,33.77,0
12043,643.4,32.26,0.97,32.33,0
12044,397.5,41.32,2.759,19.22,1
12045,192.6,27.3,3.002,38.54,0
12046,446.8,41.16,1.362,31.63,0
12047,132.4,70.17,3.09,38.04,0
12048,197.9,38.28,5.177,39.02,0
12049,146.3,45.48,5.671,41.31,0
12050,151.0,47.43,1.766,34.05,0
12051,384.2,28.01,2.777,31.71,0
12052,550.4,15.67,0.772,36.26,0
12053,246.3,49.0,0.964,44.01,0
12054,102.8,48.21,0.43,40.32,0
12055,185.1,18.24,0.945,29.61,0
12056,429.5,63.12,2.459,44.63,0
12057,530.4,57.59,2.157,35.79,0
12058,289.5,52.61,4.211,36.31,0
12059,201.8,58.91,3.143,34.72,0
12060,55.5,49.77,2.067,45.27,0
12061,124.6,57.4,2.117,44.82,0
12062,497.8,60.77,3.309,39.88,0
12063,160.3,72.54,1.238,35.24,0
12064,75.2,22.21,1.623,30.26,0
12065,638.1,66.24,0.571,35.94,0
12066,479.2,48.52,0.758,27.69,1
12067,826.2,60.05,2.37,39.62,0
12068,71.4,19.73,1.435,39.88,0
12069,327.2,56.63,1.262,30.04,0
12070,1225.2,71.79,3.584,42.95,0
12071,150.0,49.32,1.212,24.95,0
12072,138.3,37.81,3.899,32.57,0
12073,683.1,78.54,5.47,45.23,0
12074,374.0,76.21,1.613,34.46,0
12075,1437.8,26.82,1.069,41.51,0
12076,148.1,57.91,1.831,31.96,0
12077,1051.0,45.41,1.456,40.09,0
12078,195.1,1.05,1.508,39.9,0
12079,734.8,51.51,1.771,36.93,0
12080,174.6,89.09,1.448,40.48,1
12081,621.8,34.89,0.86,45.73,0
12082,159.2,47.25,2.679,33.15,0
12083,18.2,75.49,1.471,42.96,0
12084,444.2,49.9,2.414,34.67,0
12085,233.7,41.96,2.387,43.52,0
12086,343.5,61.61,2.483,36.17,0
12087,218.1,79.62,2.554,40.51,0
12088,351.7,46.39,2.015,34.98,0
12089,336.7,26.84,2.08,41.17,0
12090,700.1,63.9,0.602,32.66,0
12091,271.0,36.82,0.891,29.5,0
12092,211.5,80.33,0.755,42.75,0
12093,480.9,35.89,2.17,51.24,0
12094,198.9,47.99,3.455,33.23,0
12095,327.2,44.52,2.172,32.68,0
12096,652.8,51.11,1.819,38.11,0
12097,494.3,34.6,3.259,32.25,0
12098,82.6,85.79,0.716,39.64,0
12099,531.8,78.18,1.618,38.24,1
12100,936.4,38.45,1.987,39.91,1
12101,422.3,15.32,2.347,41.38,1
12102,476.0,61.89,1.91,35.61,1
12103,260.8,87.69,1.874,24.4,1
12104,592.0,54.09,2.129,32.1,0
12105,765.7,63.82,0.941,30.73,0
12106,185.3,11.26,1.465,49.44,0
12107,401.4,86.71,1.708,33.5,1
12108,584.5,42.27,1.24,46.72,0
12109,323.8,28.39,6.636,39.24,0
12110,80.4,92.44,1.667,32.17,0
12111,457.2,38.98,5.074,35.13,0
12112,358.2,39.37,5.653,37.41,0
12113,340.8,69.54,1.537,37.9,0
12114,263.3,36.54,1.022,42.33,0
12115,220.4,25.43,3.458,49.57,0
12116,197.0,26.98,2.309,38.78,0
12117,324.2,57.29,3.686,31.61,0
12118,692.2,48.29,3.296,21.61,1
12119,209.0,18.0,1.338,38.66,0
12120,450.2,53.19,1.648,44.2,0
12121,112.8,66.5,2.746,43.55,0
12122,171.5,69.92,1.95,41.84,0
12123,341.6,23.42,1.137,36.84,0
12124,224.2,64.05,2.021,43.9,0
12125,581.2,45.35,5.514,39.11,0
12126,314.5,72.91,0.878,46.63,0
12127,379.4,94.92,1.344,44.75,1
12128,375.6,34.69,1.278,26.87,0
12129,192.4,49.27,1.729,42.21,0
12130,635.6,29.61,2.088,37.89,0
12131,298.4,78.88,1.596,48.51,0
12132,690.6,43.12,1.724,42.31,0
12133,697.9,49.56,3.55,38.87,0
12134,95.7,61.0,1.269,26.88,0
12135,571.1,77.13,0.638,40.99,0
12136,161.6,46.84,1.293,45.94,0
12137,54.0,39.14,1.879,43.54,0
12138,689.0,80.76,0.561,32.98,1
12139,73.2,47.41,2.532,31.93,0
12140,189.6,18.22,1.725,36.31,0
12141,316.2,53.65,3.731,38.54,0
12142,1020.0,62.01,6.804,25.14,1
12143,1063.5,49.17,2.721,36.14,0
12144,583.8,85.53,3.084,34.04,1
12145,847.1,71.97,0.871,47.36,1
12146,591.4,40.26,2.366,43.76,0
12147,394.1,30.43,1.669,45.33,0
12148,536.3,66.77,3.333,33.12,1
12149,94.4,79.49,1.296,40.76,0
12150,668.9,67.8,1.194,37.61,0
12151,1011.2,49.78,1.206,31.01,0
12152,314.2,83.55,1.544,36.64,0
12153,511.8,50.55,1.313,37.71,0
12154,635.6,72.07,2.686,38.06,1
12155,318.7,56.29,2.66,35.32,0
12156,277.1,16.64,2.39,50.4,0
12157,896.2,89.87,4.409,38.83,1
12158,306.8,93.2,1.026,44.86,1
12159,405.4,35.78,2.202,35.98,0
12160,707.4,85.55,1.746,39.98,1
12161,87.6,56.05,1.685,30.56,0
12162,550.7,77.42,7.779,37.65,1
12163,235.6,26.0,2.635,46.76,0
12164,441.5,71.03,1.283,33.57,0
12165,669.9,9.12,2.605,43.17,0
12166,168.5,83.64,2.035,37.59,0
12167,257.1,54.72,1.003,41.0,0
12168,463.7,35.77,2.33,37.89,0
12169,448.1,89.48,4.451,39.72,1
12170,151.6,37.36,3.057,39.54,0
12171,283.0,64.17,5.354,42.75,0
12172,403.0,55.87,2.293,40.58,0
12173,602.6,39.9,0.915,42.73,0
12174,238.3,49.05,1.168,41.84,0
12175,175.9,66.84,2.874,27.32,1
12176,1153.5,52.07,1.888,33.49,1
12177,295.4,40.62,2.372,35.25,0
12178,351.4,56.38,0.81,38.02,0
12179,358.7,48.65,1.562,37.44,0
12180,263.7,13.14,5.033,39.44,0
12181,598.4,22.47,1.739,38.56,0
12182,420.7,55.21,1.721,40.89,1
12183,768.2,52.61,2.074,36.03,0
12184,696.0,48.33,1.401,33.79,0
12185,287.6,75.7,3.579,33.46,1
12186,566.7,42.31,2.091,44.1,0
12187,876.0,27.63,3.727,44.11,0
12188,895.0,96.56,2.263,37.09,1
12189,1274.1,32.07,1.733,34.94,1
12190,343.7,79.52,1.201,45.51,0
12191,214.7,64.65,2.764,26.76,0
12192,467.4,22.64,2.126,44.76,0
12193,822.0,65.88,1.498,31.3,1
12194,608.1,89.78,2.953,44.76,1
12195,84.8,61.61,1.181,40.22,0
12196,122.8,79.15,1.846,33.81,0
12197,621.0,57.96,1.32,20.71,1
12198,198.5,77.39,1.706,46.67,0
12199,312.0,74.68,3.172,45.58,1
12200,908.0,47.32,0.584,39.05,0
12201,1369.4,64.05,1.49,46.71,0
12202,727.1,30.37,0.778,33.63,0
12203,86.1,58.06,5.285,29.56,0
12204,664.3,65.63,2.114,30.13,1
12205,261.2,77.4,2.813,41.88,1
12206,345.8,45.89,3.999,37.66,0
12207,282.9,91.32,1.411,26.47,1
12208,485.6,16.97,2.815,39.55,0
12209,481.8,61.98,1.408,38.63,0
12210,601.0,73.59,1.5,46.08,0
12211,214.8,80.81,4.279,30.92,0
12212,62.1,24.46,0.909,35.36,0
12213,241.0,67.15,1.869,29.06,0
12214,368.1,43.34,4.124,42.41,0
12215,135.7,40.49,1.178,22.45,0
12216,555.6,74.02,2.084,37.51,0
12217,1078.8,28.58,1.292,46.6,0
12218,541.5,77.95,5.714,35.04,1
12219,189.1,69.22,2.351,38.97,0
12220,911.9,59.1,2.272,35.95,0
12221,94.7,36.72,2.492,29.02,0
12222,321.0,33.77,0.825,44.27,0
12223,378.8,34.64,3.183,40.49,0
12224,359.5,38.63,0.688,48.52,0
12225,458.6,92.06,1.188,34.89,1
12226,644.7,42.89,1.354,41.99,0
12227,363.3,25.61,4.105,37.55,0
12228,527.5,78.68,2.523,38.99,0
12229,396.5,76.34,2.06,36.63,1
12230,1025.2,67.77,5.52,31.75,1
12231,698.1,59.14,2.055,50.36,0
12232,619.1,55.45,0.698,27.18,0
12233,225.1,43.09,2.301,31.43,0
12234,224.9,81.28,7.466,49.34,1
12235,783.3,29.87,2.536,36.9,0
12236,371.9,80.8,2.295,31.96,1
12237,468.7,90.92,9.542,46.61,0
12238,130.4,44.28,1.646,35.09,0
12239,867.5,23.23,6.498,29.8,0
12240,537.6,38.93,4.153,28.54,0
12241,417.4,68.88,1.46,28.18,0
12242,1389.9,50.5,3.104,38.25,1
12243,629.9,71.14,3.865,29.42,1
12244,127.8,72.22,2.578,30.51,0
12245,455.0,74.5,4.752,31.08,1
12246,462.7,64.86,1.784,36.58,0
12247,75.7,9.44,2.425,31.58,0
12248,511.5,77.53,2.499,34.33,0
12249,936.0,34.7,1.337,32.57,0
12250,1044.1,56.62,1.106,31.8,0
12251,833.3,64.39,2.432,30.12,1
12252,176.2,22.04,1.847,42.0,0
12253,572.1,23.91,2.087,32.54,0
12254,656.7,26.9,3.769,35.72,0
12255,360.6,6.07,1.97,33.84,0
12256,135.6,64.84,1.893,42.37,0
12257,510.8,98.39,2.199,30.78,1
12258,146.9,56.91,1.69,20.71,0
12259,600.3,51.8,3.209,48.72,0
12260,330.4,43.47,5.051,30.78,0
12261,178.0,66.4,0.862,34.47,0
12262,537.0,85.65,1.033,19.1,1
12263,347.2,95.66,5.933,45.97,1
12264,543.3,29.88,1.631,36.75,0
12265,239.9,75.06,0.998,35.41,0
12266,400.4,15.82,2.868,29.07,1
12267,470.7,27.21,2.108,41.34,0
12268,503.7,41.98,2.32,34.97,0
12269,69.7,50.84,1.422,31.47,0
12270,70.9,30.61,0.933,34.18,0
12271,277.7,74.88,3.02,29.41,1
12272,128.3,68.99,2.749,21.6,0
12273,254.6,74.47,3.362,35.42,1
12274,307.3,51.25,1.345,42.27,0
12275,363.5,35.35,1.354,35.66,0
12276,411.6,11.83,5.151,47.86,0
12277,145.3,13.75,2.244,45.22,0
12278,117.2,70.74,2.743,49.11,0
12279,89.9,47.11,2.895,37.73,0
12280,262.8,82.28,1.926,39.37,1
12281,347.0,46.01,1.755,25.1,1
12282,500.4,87.85,1.264,36.48,0
12283,295.5,41.21,1.329,48.59,0
12284,635.3,58.6,1.114,37.93,0
12285,235.1,70.8,1.974,48.53,0
12286,649.2,78.16,1.724,37.49,0
12287,239.9,52.83,2.338,50.51,0
12288,393.9,42.41,1.803,48.86,0
12289,1521.7,53.22,2.389,29.11,1
12290,622.9,96.81,0.879,35.61,1
12291,223.1,80.83,1.454,29.74,1
12292,360.9,59.57,1.855,34.27,0
12293,366.4,34.77,2.087,43.81,0
12294,343.0,12.39,2.96,37.13,0
12295,265.1,48.05,3.261,34.86,0
12296,305.3,84.08,1.239,26.25,1
12297,337.7,72.38,1.87,33.73,1
12298,635.4,26.64,2.278,37.44,0
12299,145.4,68.81,4.663,38.23,0
12300,325.6,45.25,2.451,36.94,0
12301,72.3,96.57,4.497,45.44,0
12302,616.7,45.78,1.572,36.4,0
12303,637.0,55.47,0.889,47.28,0
12304,448.0,29.32,1.675,36.84,0
12305,504.9,74.36,5.646,41.53,1
12306,182.2,77.01,1.746,41.84,0
12307,585.5,32.11,2.42,35.21,1
12308,489.7,66.91,2.318,36.65,0
12309,191.1,16.77,2.589,40.03,0
12310,603.5,67.37,3.877,26.82,1
12311,52.6,46.68,1.554,29.34,0
12312,45.3,76.51,1.742,37.07,0
12313,302.1,62.01,0.773,43.31,0
12314,372.6,75.52,2.84,50.32,0
12315,626.8,86.67,1.662,42.66,0
12316,477.3,86.46,6.974,47.71,1
12317,136.6,45.0,1.183,39.32,0
12318,479.3,46.42,1.341,45.65,0
12319,706.3,46.86,1.287,32.86,0
12320,857.3,19.4,3.921,41.31,0
12321,316.8,48.91,1.648,38.68,0
12322,433.6,40.21,3.755,42.97,0
12323,219.6,90.86,2.197,38.56,1
12324,74.6,74.4,2.887,45.92,0
12325,98.4,21.47,1.303,45.5,0
12326,443.3,38.72,3.691,41.14,0
12327,381.2,48.76,2.913,43.97,0
12328,197.8,58.4,3.059,43.1,0
12329,470.7,52.08,3.507,25.49,0
12330,201.6,43.72,1.459,37.28,0
12331,226.6,40.31,2.053,34.27,0
12332,78.1,9.99,2.376,41.49,0
12333,662.3,26.96,1.084,31.18,0
12334,338.3,53.98,1.871,24.94,0
12335,264.7,48.44,4.203,46.39,0
12336,382.3,14.63,3.459,40.78,0
12337,381.4,36.92,2.401,54.55,0
12338,142.6,73.02,1.419,52.35,0
12339,611.8,88.07,0.689,39.25,0
12340,200.5,34.06,6.935,32.44,0
12341,633.7,61.9,3.309,35.78,0
12342,740.9,38.91,0.884,31.01,0
12343,274.9,18.49,2.42,31.71,0
12344,464.1,63.14,2.678,41.71,0
12345,257.9,44.05,7.0,39.44,0
12346,180.8,91.03,2.356,39.53,0
12347,817.6,72.45,4.958,29.47,1
12348,167.9,88.65,1.568,43.79,0
12349,736.5,62.66,2.7,38.58,0
12350,263.9,46.13,7.117,32.59,0
12351,190.3,23.95,2.166,38.59,0
12352,736.1,55.27,2.342,38.57,0
12353,202.8,69.76,0.792,52.88,0
12354,248.8,89.25,3.462,34.6,0
12355,849.8,68.36,5.731,41.62,1
12356,880.5,80.92,1.348,23.05,1
12357,193.3,44.56,1.299,40.04,0
12358,539.6,74.25,0.723,31.3,0
12359,491.5,74.61,3.585,36.24,0
12360,390.2,10.56,1.464,48.36,0
12361,154.2,88.22,1.27,41.73,0
12362,259.2,64.22,1.493,49.4,0
12363,355.6,45.25,3.742,46.33,0
12364,317.6,27.25,2.877,22.92,0
12365,893.4,59.71,1.561,40.52,0
12366,307.0,42.92,4.546,31.63,1
12367,1129.6,35.77,5.456,34.79,1
12368,159.7,17.36,2.465,37.33,0
12369,418.1,71.13,1.117,34.09,0
12370,1647.6,25.98,1.776,29.5,0
12371,1343.6,34.56,1.084,39.68,0
12372,749.0,70.27,2.832,28.25,1
12373,325.3,60.61,4.548,44.24,0
12374,601.5,86.79,2.582,29.4,1
12375,602.6,29.45,3.021,28.27,0
12376,710.9,37.48,5.887,34.87,0
12377,170.1,16.24,2.013,44.16,0
12378,143.7,84.01,3.423,30.65,1
12379,680.8,81.34,2.047,36.83,0
12380,789.8,59.49,1.462,43.41,0
12381,238.9,42.53,2.84,31.72,0
12382,696.5,36.26,3.834,35.43,0
12383,720.7,47.04,4.121,33.58,0
12384,291.6,30.98,4.356,48.45,0
12385,483.0,38.74,5.68,49.24,1
12386,77.7,55.63,1.036,41.42,0
12387,268.1,58.74,2.381,48.25,0
12388,717.9,46.38,1.873,38.62,0
12389,565.1,76.66,7.636,35.24,1
12390,431.8,23.06,2.513,36.45,0
12391,594.9,48.98,1.008,40.97,0
12392,249.3,50.47,1.038,35.16,0
12393,767.3,92.82,0.86,27.87,0
12394,592.7,55.66,2.164,31.49,0
12395,233.8,61.64,2.13,51.93,0
12396,363.9,74.78,1.501,26.17,0
12397,201.2,44.71,1.738,28.29,0
12398,337.3,77.22,2.154,33.45,1
12399,565.4,62.72,0.763,38.61,0
12400,404.5,90.93,1.964,38.39,1
12401,717.4,71.58,3.117,38.59,0
12402,114.2,44.18,2.146,36.57,0
12403,188.5,59.3,1.273,31.96,0
12404,506.2,62.79,4.679,44.52,0
12405,517.1,37.35,1.408,37.02,0
12406,65.9,61.5,1.368,33.5,0
12407,152.0,51.62,2.129,36.84,0
12408,557.6,58.75,0.976,40.66,0
12409,319.4,70.35,2.23,39.44,0
12410,484.3,43.52,3.915,36.82,0
12411,524.8,25.62,2.428,41.4,0
12412,208.1,15.98,2.096,49.04,0
12413,279.0,87.58,1.846,43.15,0
12414,785.1,82.98,1.638,25.5,1
12415,685.6,28.36,1.791,36.06,0
12416,147.5,44.26,2.468,46.7,0
12417,579.3,61.64,2.234,40.7,0
12418,814.6,34.07,1.482,24.09,0
12419,787.2,55.7,4.629,31.41,0
12420,228.0,34.87,5.918,38.16,0
12421,173.7,26.35,1.164,34.83,0
12422,231.6,37.45,2.008,39.87,0
12423,169.3,39.19,1.047,35.96,0
12424,147.8,36.27,6.074,46.97,0
12425,80.0,55.56,1.439,31.1,0
12426,468.2,38.59,1.737,29.22,0
12427,897.1,45.07,2.552,44.35,0
12428,170.8,43.39,2.261,51.05,0
12429,560.6,54.6,3.704,32.8,0
12430,337.6,35.79,3.57,41.21,0
12431,278.7,50.07,0.933,36.08,0
12432,86.6,18.0,1.44,25.29,0
12433,616.5,26.06,2.423,42.49,0
12434,1281.2,48.46,3.317,55.45,0
12435,576.0,35.67,1.167,42.13,0
12436,700.0,66.17,3.487,42.24,0
12437,173.1,58.72,1.095,36.3,0
12438,293.9,47.18,3.78,42.65,0
12439,224.6,33.85,4.906,41.27,0
12440,937.9,18.79,0.784,46.42,0
12441,125.9,89.93,1.066,31.88,1
12442,555.0,46.51,2.407,46.07,0
12443,207.1,56.54,6.304,30.22,1
12444,71.6,52.03,1.127,28.59,0
12445,197.7,58.23,5.226,32.37,0
12446,46.0,49.21,3.928,42.12,0
12447,247.0,28.55,2.457,30.78,0
12448,1016.8,14.07,2.238,38.29,0
12449,168.4,47.45,2.454,48.33,0
12450,188.0,34.71,2.806,26.79,1
12451,199.9,66.44,1.482,46.71,0
12452,540.9,71.45,1.709,37.04,1
12453,360.4,47.21,1.073,39.91,0
12454,445.3,28.19,3.524,38.82,0
12455,1285.3,64.88,5.12,33.31,1
12456,302.1,49.71,2.403,33.93,0
12457,264.0,44.74,2.542,18.03,0
12458,195.3,45.73,3.973,44.93,0
12459,839.1,82.84,2.808,49.63,1
12460,321.4,48.79,1.305,29.62,0
12461,667.5,50.14,2.541,32.36,0
12462,244.1,22.46,3.548,39.39,0
12463,869.5,67.61,1.347,41.36,0
12464,1140.0,30.96,2.509,41.63,0
12465,300.5,57.11,1.439,33.46,0
12466,251.5,45.31,1.293,41.96,0
12467,530.7,62.98,2.435,50.43,0
12468,64.3,77.67,2.082,28.95,0
12469,72.6,26.59,0.52,37.93,0
12470,394.9,70.71,5.304,28.59,1
12471,198.3,65.95,1.858,37.34,0
12472,473.8,33.85,5.641,38.55,0
12473,554.1,38.48,1.254,37.45,0
12474,141.7,47.95,1.483,36.72,0
12475,278.7,75.97,1.845,40.14,0
12476,313.4,48.28,0.879,38.17,0
12477,320.8,54.7,1.718,41.04,0
12478,145.7,78.77,2.562,44.51,0
12479,388.1,73.42,3.161,39.39,1
12480,722.2,55.87,1.564,36.29,0
12481,295.6,78.39,7.724,33.39,1
12482,247.8,92.0,3.843,43.49,0
12483,171.1,69.39,1.645,31.68,0
12484,1022.2,76.49,2.019,29.54,1
12485,334.2,45.58,1.363,38.44,0
12486,358.2,45.47,1.203,33.84,0
12487,338.7,44.57,1.623,49.47,0
12488,1033.7,74.21,2.991,36.2,1
12489,726.0,46.77,4.416,37.64,0
12490,377.6,54.64,2.735,29.79,0
12491,201.1,81.5,4.325,24.62,1
12492,465.7,62.02,2.39,25.84,0
12493,437.4,36.11,2.744,38.25,0
12494,182.7,66.42,0.977,34.61,1
12495,837.6,15.92,1.834,32.17,0
12496,120.0,84.41,2.953,33.24,1
12497,228.3,46.27,1.152,44.73,0
12498,893.9,48.83,1.525,44.35,0
12499,579.5,56.17,2.678,32.1,0
12500,468.3,49.07,2.32,41.69,0
12501,308.2,34.09,1.448,42.58,0
12502,601.7,69.06,0.845,29.59,0
12503,149.3,58.87,3.798,41.07,0
12504,1510.2,42.46,2.228,34.38,0
12505,319.3,56.01,1.03,33.43,0
12506,231.5,82.32,1.318,33.77,1
12507,567.0,96.55,0.837,37.64,1
12508,390.2,79.16,1.506,30.67,1
12509,185.2,31.65,3.024,35.99,0
12510,292.0,67.06,2.108,27.91,0
12511,283.6,49.52,2.849,51.58,0
12512,369.8,75.92,1.586,41.81,1
12513,824.2,20.85,3.573,38.96,0
12514,595.7,39.56,1.873,37.59,0
12515,100.8,79.87,3.642,29.88,0
12516,737.6,21.5,1.688,40.06,0
12517,121.6,77.06,1.946,33.76,1
12518,1403.0,76.6,3.432,37.35,1
12519,368.8,61.95,0.983,41.0,0
12520,348.8,58.15,1.442,26.16,0
12521,399.7,50.65,1.291,36.07,0
12522,326.8,43.67,1.975,38.65,0
12523,100.0,42.95,2.161,26.75,0
12524,414.5,24.91,1.948,37.64,0
12525,349.0,50.59,3.466,35.07,1
12526,460.3,32.38,3.604,49.95,0
12527,327.3,64.78,0.936,36.2,0
12528,558.6,59.14,0.767,47.49,0
12529,214.1,31.72,2.769,39.2,0
12530,242.1,53.4,2.026,46.04,0
12531,213.0,45.98,2.497,49.7,0
12532,188.0,65.21,3.815,35.89,0
12533,221.5,68.24,1.379,37.75,0
12534,222.3,51.6,2.907,37.44,0
12535,548.4,81.88,2.033,24.92,1
12536,440.7,17.61,2.484,23.85,0
12537,483.5,46.12,1.857,30.89,0
12538,562.1,41.48,5.796,42.38,0
12539,307.1,64.9,2.89,42.17,0
12540,882.0,7.25,1.911,34.16,0
12541,452.1,47.95,2.568,34.06,1
12542,166.0,25.69,2.759,39.16,0
12543,492.7,50.33,0.668,32.43,0
12544,225.0,27.54,3.242,33.94,0
12545,136.4,50.02,0.737,43.85,0
12546,221.0,47.42,1.608,32.69,0
12547,537.6,7.85,3.095,50.03,0
12548,383.1,46.21,6.003,31.24,0
12549,584.0,39.97,1.435,34.59,1
12550,96.3,54.54,0.545,35.09,0
12551,304.8,22.3,3.037,41.99,0
12552,454.8,75.17,3.49,35.02,0
12553,611.9,27.54,3.544,32.99,0
12554,528.9,54.96,2.124,55.62,0
12555,316.8,48.77,2.238,39.73,0
12556,889.2,84.49,2.306,33.73,0
12557,272.4,73.17,7.231,41.99,0
12558,265.8,10.73,2.307,41.31,0
12559,539.8,27.44,5.693,43.91,0
12560,674.8,64.12,2.874,44.03,1
12561,637.0,52.04,1.111,47.19,0
12562,399.2,25.99,6.053,31.42,0
12563,175.0,26.45,3.116,41.36,0
12564,428.9,63.52,2.438,40.95,0
12565,229.3,72.43,2.966,40.69,0
12566,347.7,38.73,5.924,30.68,0
12567,285.8,77.41,3.757,30.71,1
12568,375.1,50.56,2.242,44.59,0
12569,356.3,29.32,1.751,31.94,0
12570,312.6,60.24,3.539,35.13,0
12571,374.4,71.89,2.579,28.23,0
12572,297.7,73.18,1.08,43.89,0
12573,141.2,30.34,2.272,38.99,0
12574,608.1,15.22,2.628,36.32,0
12575,140.1,55.46,2.449,41.92,0
12576,387.1,83.65,2.562,41.08,1
12577,706.2,75.31,0.628,46.85,0
12578,225.4,73.31,1.128,35.76,0
12579,772.5,45.39,2.435,33.62,0
12580,379.9,58.08,3.038,36.49,0
12581,879.6,54.24,1.184,39.4,0
12582,502.0,75.66,1.814,29.88,1
12583,179.7,4.17,1.287,41.47,0
12584,79.8,38.86,2.379,47.19,0
12585,352.3,76.95,1.658,52.0,0
12586,377.9,67.72,2.216,35.29,0
12587,325.0,78.1,2.252,34.45,0
12588,373.1,37.35,2.511,44.07,0
12589,283.8,54.57,3.277,50.58,0
12590,53.5,69.84,1.534,35.49,0
12591,362.0,73.85,2.013,52.61,0
12592,237.8,65.73,0.94,41.0,0
12593,130.4,59.11,3.207,46.22,0
12594,252.6,51.16,2.942,25.31,0
12595,353.5,71.82,2.16,33.53,0
12596,395.9,10.32,1.282,38.18,0
12597,252.5,58.56,1.424,41.48,0
12598,39.3,44.5,2.144,40.6,0
12599,520.0,13.2,1.669,49.11,0
12600,227.5,35.73,1.892,24.75,0
12601,337.3,44.48,2.322,37.6,0
12602,515.9,40.02,3.017,37.17,0
12603,224.8,44.81,4.938,31.73,0
12604,453.9,63.62,1.781,39.54,0
12605,288.6,18.67,0.414,34.55,0
12606,494.3,89.92,1.784,34.46,1
12607,660.8,37.63,4.108,41.64,0
12608,609.2,45.53,5.197,47.98,0
12609,480.1,75.53,2.515,47.36,0
12610,293.5,39.58,3.293,30.04,0
12611,149.5,28.99,3.944,34.39,0
12612,215.9,53.04,0.829,37.91,0
12613,157.4,66.85,1.635,39.73,0
12614,263.2,75.2,2.137,42.27,0
12615,263.5,48.07,3.021,52.53,0
12616,426.1,32.4,5.185,34.3,0
12617,458.6,81.96,1.476,40.37,0
12618,401.1,27.44,3.128,31.49,0
12619,654.3,71.75,2.781,42.9,0
12620,542.6,29.86,2.069,39.92,0
12621,156.0,63.09,0.923,31.67,0
12622,415.6,78.58,4.65,39.08,1
12623,567.1,48.28,2.926,40.32,0
12624,619.9,32.33,2.48,43.64,0
12625,1215.5,42.02,1.365,44.32,0
12626,137.6,70.27,1.393,37.03,0
12627,302.2,45.08,2.081,35.91,0
12628,432.8,75.14,3.198,36.9,1
12629,262.9,51.75,1.542,34.7,0
12630,718.7,87.49,1.345,39.89,1
12631,402.5,9.33,2.389,40.94,0
12632,261.0,80.48,2.57,46.17,1
12633,608.7,63.56,1.654,37.09,1
12634,208.1,54.35,1.494,45.31,0
12635,347.8,43.0,2.27,37.39,0
12636,240.0,35.36,2.557,42.63,0
12637,82.9,34.26,4.951,32.47,0
12638,664.3,73.51,3.268,45.23,0
12639,335.3,26.98,2.836,32.1,0
12640,435.8,52.57,2.656,28.78,1
12641,75.9,44.83,2.847,34.3,0
12642,185.1,63.03,2.92,36.05,0
12643,225.7,73.91,2.069,33.39,1
12644,273.8,61.54,2.322,42.58,0
12645,544.3,72.66,2.076,39.84,0
12646,270.7,28.82,1.885,39.45,0
12647,132.9,77.38,4.215,41.91,0
12648,149.9,22.81,1.194,35.78,0
12649,191.7,69.59,1.394,33.65,0
12650,447.1,73.03,2.585,49.88,0
12651,99.4,47.37,1.433,31.53,0
12652,421.4,66.44,1.68,30.61,0
12653,282.6,86.41,0.736,46.23,0
12654,526.0,61.11,3.446,42.53,0
12655,655.0,41.53,0.488,33.69,0
12656,954.4,46.13,2.023,24.8,0
12657,131.6,74.22,2.408,39.44,0
12658,357.8,78.74,1.225,47.07,1
12659,482.1,57.62,2.232,37.93,0
12660,388.2,76.9,1.022,36.94,0
12661,220.2,66.45,1.666,27.87,1
12662,416.6,28.12,0.978,37.53,0
12663,509.1,47.27,1.715,24.6,1
12664,351.8,48.75,2.06,42.33,1
12665,878.3,76.24,2.158,46.65,1
12666,573.8,50.36,5.684,30.83,0
12667,282.4,79.73,1.128,37.97,0
12668,289.7,36.44,2.922,41.38,0
12669,260.4,72.11,2.368,43.88,0
12670,758.0,61.78,1.54,47.1,0
12671,311.1,19.39,1.301,31.71,0
12672,696.1,52.0,1.308,35.3,0
12673,504.6,74.31,2.433,40.83,0
12674,921.8,45.09,2.024,36.35,0
12675,452.3,47.14,2.694,27.19,0
12676,620.7,47.54,1.579,38.95,0
12677,522.6,67.12,1.025,40.21,0
12678,591.5,39.76,1.779,25.83,0
12679,220.8,48.19,2.623,41.91,0
12680,4.8,49.28,1.474,55.05,0
12681,113.2,53.26,2.525,34.82,0
12682,631.0,34.54,2.691,39.1,0
12683,398.8,37.42,1.845,31.09,0
12684,425.6,56.26,2.119,41.68,0
12685,103.6,37.44,2.729,41.35,0
12686,421.4,51.79,1.847,32.2,0
12687,332.9,21.98,4.778,39.96,0
12688,826.2,78.88,1.535,38.75,0
12689,113.8,54.17,2.023,28.79,0
12690,554.2,38.13,1.476,40.39,0
12691,115.6,52.38,0.843,36.13,0
12692,229.3,18.54,2.424,40.35,0
12693,93.5,64.51,3.32,40.95,0
12694,232.2,39.67,2.851,33.32,0
12695,673.5,82.1,2.278,41.29,1
12696,295.4,63.05,6.682,44.47,0
12697,226.3,37.62,1.52,44.04,0
12698,408.6,72.5,2.37,33.2,1
12699,319.0,22.03,7.152,40.51,0
12700,255.1,92.0,3.969,36.12,1
12701,277.3,76.01,0.959,35.95,0
12702,237.8,71.08,3.144,39.02,1
12703,226.8,12.71,1.354,37.01,0
12704,421.0,41.01,1.145,44.0,0
12705,489.0,50.01,1.444,41.95,0
12706,137.4,25.06,1.017,33.56,0
12707,231.4,91.37,1.359,34.71,0
12708,685.8,58.58,1.911,46.68,0
12709,178.6,81.58,1.752,42.19,0
12710,645.1,86.88,3.525,37.56,1
12711,262.6,15.75,3.588,33.83,0
12712,730.5,85.22,1.896,36.23,1
12713,240.4,31.23,3.185,29.76,0
12714,483.6,72.92,5.136,29.77,0
12715,368.8,96.74,5.032,25.07,1
12716,164.6,58.25,1.439,45.42,0
12717,545.3,55.0,3.87,30.16,0
12718,406.6,32.14,3.982,31.62,0
12719,646.9,37.69,3.4,41.48,0
12720,302.8,68.43,2.004,43.16,0
12721,490.0,39.5,0.719,47.28,0
12722,193.9,31.25,3.377,52.15,0
12723,137.1,24.48,1.071,38.74,0
12724,994.7,76.17,3.147,41.77,1
12725,1109.7,67.55,1.072,40.75,0
12726,569.5,93.73,2.14,30.51,1
12727,188.1,43.77,1.035,23.27,0
12728,171.7,43.67,7.408,27.35,0
12729,917.7,45.23,1.454,40.31,1
12730,239.2,63.19,2.506,36.48,0
12731,380.1,69.44,0.69,34.13,0
12732,744.7,57.31,1.92,37.58,0
12733,245.5,19.99,2.441,40.06,0
12734,216.5,60.13,3.376,34.18,0
12735,90.1,42.79,2.117,40.78,0
12736,703.6,45.57,1.543,34.37,0
12737,806.3,33.22,5.256,50.89,0
12738,309.0,70.43,1.803,31.56,0
12739,377.7,65.1,2.598,33.62,0
12740,420.9,9.14,1.353,47.07,0
12741,453.1,29.56,1.98,35.66,0
12742,684.1,29.83,3.188,50.7,0
12743,195.1,53.25,0.83,27.96,0
12744,372.9,39.72,1.857,33.71,0
12745,234.9,70.81,4.357,40.66,0
12746,685.2,66.97,1.559,39.93,1
12747,277.9,12.2,2.068,41.19,0
12748,669.6,39.76,1.453,45.86,0
12749,216.0,75.33,4.961,29.02,0
12750,268.3,79.93,1.792,44.15,0
12751,305.3,74.03,0.873,34.76,0
12752,192.6,44.03,2.42,51.34,0
12753,615.0,51.63,6.26,43.47,0
12754,126.8,62.66,3.708,39.83,0
12755,618.4,73.89,6.83,41.67,1
12756,398.9,34.98,1.77,40.7,0
12757,142.9,60.22,2.888,37.36,0
12758,587.2,66.67,2.498,40.99,0
12759,462.4,36.88,1.366,35.02,0
12760,814.8,64.84,4.844,47.36,0
12761,465.6,50.69,3.602,35.7,0
12762,140.9,72.63,1.285,36.65,0
12763,518.0,91.63,1.508,37.0,1
12764,384.3,72.1,1.469,39.35,0
12765,825.6,29.93,2.413,34.21,0
12766,273.8,55.17,1.293,48.07,0
12767,212.2,32.0,1.631,36.26,0
12768,298.6,59.99,1.547,26.13,0
12769,715.2,30.84,2.441,47.08,0
12770,267.2,65.19,2.895,44.5,0
12771,308.8,79.65,1.581,36.23,0
12772,285.5,60.89,0.758,40.78,0
12773,370.4,68.74,0.919,40.51,0
12774,402.2,56.36,3.646,42.2,0
12775,751.2,72.02,1.167,40.91,1
12776,140.8,75.28,2.853,40.34,0
12777,385.3,36.15,1.547,33.56,0
12778,1165.6,83.66,1.155,42.49,0
12779,1044.0,45.15,1.625,38.6,0
12780,1200.7,57.48,2.033,32.18,0
12781,748.3,48.72,2.107,47.64,0
12782,726.3,75.55,1.236,34.01,0
12783,397.0,76.2,1.296,40.33,0
12784,82.6,45.34,3.465,50.35,0
12785,334.2,22.38,1.692,25.8,0
12786,474.8,19.84,0.869,41.81,0
12787,731.4,36.4,2.63,29.14,0
12788,419.5,49.11,1.599,36.67,0
12789,503.1,90.2,5.635,39.71,1
12790,317.4,88.3,1.962,35.71,0
12791,362.4,89.84,1.091,39.21,1
12792,217.9,71.91,1.463,38.97,0
12793,502.3,34.75,1.344,38.91,0
12794,373.4,73.64,1.41,33.18,0
12795,144.4,91.13,1.136,35.87,0
12796,474.2,90.34,1.487,31.33,1
12797,118.3,59.24,1.069,32.85,0
12798,340.1,30.84,1.911,35.82,0
12799,223.8,49.59,4.603,44.72,0
12800,240.4,49.04,1.169,34.82,0
12801,525.9,14.88,3.482,35.97,0
12802,158.7,29.87,2.366,46.4,0
12803,1182.2,98.26,2.873,33.87,1
12804,310.8,63.72,1.061,44.97,0
12805,294.9,40.9,2.112,36.9,0
12806,989.4,74.74,1.267,39.72,1
12807,524.9,38.28,1.9,48.3,0
12808,277.0,43.58,4.341,38.83,0
12809,480.0,89.43,5.347,45.51,0
12810,523.7,21.6,2.198,37.19,1
12811,26.6,67.62,1.707,33.42,0
12812,160.8,31.08,1.254,35.47,0
12813,598.7,39.47,1.39,44.02,0
12814,315.0,67.2,2.704,42.41,0
12815,715.0,18.81,1.238,39.19,0
12816,626.3,51.25,0.882,31.02,0
12817,674.9,45.4,4.913,39.23,0
12818,470.2,56.37,4.021,41.96,0
12819,478.0,77.21,2.655,38.71,0
12820,280.5,33.45,6.63,40.25,0
12821,1013.6,37.34,1.788,44.96,0
12822,390.2,73.4,2.503,36.97,0
12823,376.1,83.91,2.012,37.7,1
12824,417.5,46.27,2.124,43.42,0
12825,274.7,22.16,2.626,37.74,0
12826,570.8,96.85,1.934,40.21,0
12827,1364.9,25.4,3.519,37.23,0
12828,262.8,15.3,4.272,32.8,0
12829,226.6,78.04,3.02,47.99,0
12830,135.5,60.35,2.735,36.68,0
12831,153.8,35.22,1.333,33.72,0
12832,403.0,36.49,2.773,47.69,0
12833,793.3,45.52,2.26,45.9,0
12834,155.0,41.16,2.77,32.44,0
12835,247.2,49.76,4.957,47.13,0
12836,893.0,52.07,1.266,40.91,0
12837,336.8,85.44,5.083,43.31,1
12838,282.5,73.7,4.027,25.87,1
12839,293.3,15.86,3.516,32.79,0
12840,468.1,75.63,2.262,35.02,0
12841,780.6,34.57,2.031,37.44,0
12842,345.6,68.48,0.996,27.99,0
12843,326.8,62.01,2.906,38.01,0
12844,656.7,74.38,1.755,45.5,1
12845,577.1,55.87,0.579,43.37,0
12846,705.3,54.68,2.275,48.03,0
12847,823.8,66.86,0.763,34.76,0
12848,318.9,55.2,3.114,30.42,0
12849,176.6,29.21,2.4,36.89,0
12850,249.5,61.53,2.361,45.91,0
12851,98.9,39.07,2.704,50.27,0
12852,820.4,37.87,1.062,28.42,0
12853,550.9,65.63,2.832,34.97,0
12854,325.1,68.98,4.305,30.39,1
12855,342.4,65.14,0.787,33.79,0
12856,305.9,20.31,1.518,38.94,0
12857,154.8,14.48,7.719,50.97,0
12858,936.7,89.21,1.155,38.29,1
12859,47.5,69.91,1.09,42.06,0
12860,484.9,51.85,1.213,40.16,0
12861,383.0,14.97,1.42,40.22,0
12862,23.5,90.08,2.784,33.44,0
12863,531.4,57.86,1.634,40.28,0
12864,546.0,7.15,1.638,35.42,0
12865,1015.0,45.73,0.881,40.4,0
12866,373.0,34.05,2.18,37.64,0
12867,242.0,21.74,2.485,48.91,0
12868,345.6,55.44,3.73,25.02,1
12869,281.8,76.96,4.247,38.0,1
12870,530.1,37.98,1.619,28.77,0
12871,481.3,39.31,3.162,37.43,0
12872,500.8,60.53,1.872,33.81,0
12873,332.9,37.47,2.892,25.44,1
12874,892.0,89.55,1.98,25.4,1
12875,207.1,43.58,3.15,42.48,0
12876,295.3,69.1,1.471,38.07,0
12877,116.5,60.16,4.031,29.72,0
12878,270.9,81.29,7.298,45.23,0
12879,1034.8,76.03,7.462,28.52,1
12880,869.8,35.84,3.136,36.14,0
12881,1491.6,55.86,4.07,54.28,0
12882,655.0,70.42,1.422,38.36,0
12883,247.5,35.03,3.673,44.5,0
12884,282.9,46.23,3.639,37.64,0
12885,295.9,71.62,1.966,31.12,0
12886,692.8,83.3,3.23,61.46,0
12887,362.3,94.64,1.161,34.95,1
12888,864.8,46.84,2.776,44.16,0
12889,321.7,22.28,1.819,30.81,0
12890,133.4,66.78,4.034,37.86,0
12891,589.1,94.38,2.95,26.61,1
12892,309.9,69.92,4.216,27.41,0
12893,672.7,59.78,1.825,37.16,0
12894,226.5,87.01,1.256,41.12,0
12895,992.3,68.2,3.102,36.51,0
12896,691.3,71.73,3.695,33.4,1
12897,87.6,32.79,5.484,38.26,0
12898,829.0,25.62,1.222,35.02,0
12899,290.4,78.53,1.404,29.66,0
12900,618.9,52.1,3.343,46.71,0
12901,152.3,58.8,1.031,40.8,0
12902,250.0,70.84,1.246,29.06,0
12903,818.7,18.54,2.091,37.82,1
12904,653.5,58.94,3.523,34.79,0
12905,511.7,49.13,1.816,31.77,0
12906,183.1,77.12,2.937,41.13,0
12907,236.0,68.13,1.079,35.97,0
12908,1144.2,66.71,1.458,43.32,1
12909,231.0,36.2,1.796,35.57,0
12910,319.2,64.46,1.953,26.59,1
12911,146.7,10.86,1.011,46.62,0
12912,1421.8,43.45,1.622,48.82,0
12913,167.7,81.24,2.812,42.36,1
12914,800.5,64.84,1.756,41.61,0
12915,232.8,62.59,1.108,26.9,0
12916,275.8,60.62,0.791,48.22,0
12917,1327.4,82.82,2.162,34.11,1
12918,252.1,61.48,0.984,28.17,0
12919,809.8,52.62,0.966,30.3,0
12920,221.5,39.15,1.843,31.85,0
12921,232.3,66.08,1.588,31.46,1
12922,393.2,47.55,6.194,39.13,1
12923,929.5,40.03,0.591,28.32,0
12924,781.5,17.46,4.703,39.03,0
12925,121.1,77.2,1.974,49.91,0
12926,309.0,96.9,5.68,30.07,1
12927,204.5,41.14,1.753,32.45,0
12928,713.8,38.95,1.079,44.92,0
12929,564.0,78.02,2.596,35.44,1
12930,534.4,92.05,1.578,37.53,0
12931,980.3,26.2,1.847,38.14,0
12932,102.3,44.59,2.051,45.93,0
12933,495.6,60.2,1.133,33.25,0
12934,210.1,64.56,1.633,40.97,0
12935,142.4,25.49,1.368,42.02,0
12936,680.7,61.27,0.767,48.93,0
12937,220.0,55.77,1.572,36.95,0
12938,483.4,76.83,1.01,34.14,0
12939,49.2,34.84,2.102,36.0,0
12940,458.4,76.38,1.705,36.78,0
12941,248.3,45.91,3.239,30.35,0
12942,410.4,87.9,0.782,43.33,1
12943,632.0,15.78,1.798,38.05,0
12944,216.4,57.38,4.445,43.59,0
12945,232.7,40.99,1.1,35.3,0
12946,249.1,16.55,1.677,33.37,0
12947,230.1,48.71,2.798,46.28,0
12948,190.7,42.97,4.226,30.19,0
12949,659.9,27.58,6.225,44.79,0
12950,288.2,16.97,1.497,36.42,0
12951,656.0,59.42,0.622,42.34,0
12952,305.6,63.04,1.532,51.87,0
12953,25.0,61.18,1.574,33.99,0
12954,558.2,26.95,2.521,40.12,0
12955,1053.5,72.0,3.816,43.26,0
12956,211.1,68.45,2.208,43.68,0
12957,495.0,41.22,2.833,28.4,0
12958,526.0,65.72,1.233,42.73,0
12959,155.6,21.65,1.152,49.64,0
12960,186.5,67.74,1.561,32.31,0
12961,1006.0,86.79,1.987,36.24,1
12962,437.6,47.45,3.348,43.13,0
12963,710.9,64.05,2.478,47.5,1
12964,44.0,43.16,2.13,43.36,0
12965,1008.8,25.3,2.541,42.78,0
12966,562.4,44.91,1.112,31.87,0
12967,472.8,64.17,3.44,39.39,0
12968,345.5,72.6,2.229,32.96,1
12969,371.7,33.79,2.597,38.19,0
12970,310.5,65.58,0.766,34.88,0
12971,267.9,27.57,1.189,36.8,0
12972,268.0,35.12,2.325,26.17,0
12973,1096.8,50.63,3.312,32.95,1
12974,290.5,70.47,3.834,38.46,0
12975,1477.9,44.93,1.019,51.37,0
12976,1064.0,43.37,1.796,42.29,0
12977,152.2,29.28,2.746,42.73,0
12978,218.5,13.5,4.452,40.15,0
12979,444.2,73.11,1.429,31.77,0
12980,340.5,38.81,3.528,38.56,0
12981,498.8,54.08,0.441,39.89,0
12982,491.4,34.61,2.578,45.06,0
12983,120.6,80.37,1.839,49.63,0
12984,540.8,18.72,1.706,38.33,0
12985,668.9,54.89,2.329,36.99,0
12986,456.9,53.68,7.545,52.71,0
12987,351.0,73.42,1.599,39.38,0
12988,151.9,77.31,1.053,33.82,0
12989,172.3,28.07,1.472,46.24,0
12990,173.3,33.99,1.478,42.78,0
12991,332.9,21.11,3.576,35.02,0
12992,802.1,46.03,3.204,48.72,0
12993,301.7,47.83,2.964,43.49,0
12994,354.0,48.35,0.988,38.22,0
12995,375.1,35.84,1.366,44.43,0
12996,695.1,10.96,4.039,48.43,0
12997,896.8,47.23,0.811,42.4,0
12998,844.3,38.08,2.452,31.22,0
12999,361.2,38.95,3.125,37.59,0
13000,276.6,0.86,1.346,40.17,0
13001,243.8,29.78,1.641,37.36,0
13002,35.1,62.9,1.315,43.66,0
13003,530.1,75.91,1.28,37.83,0
13004,590.4,75.36,1.82,35.97,0
13005,819.8,53.75,1.776,31.3,1
13006,283.6,76.67,7.55,38.22,0
13007,233.6,72.01,3.09,31.63,1
13008,569.3,91.85,1.055,48.82,1
13009,303.9,6.27,2.454,33.67,0
13010,383.7,67.57,1.383,30.88,1
13011,292.6,21.84,1.02,36.76,0
13012,603.4,58.88,3.203,45.63,0
13013,343.0,75.39,2.777,20.93,1
13014,431.8,50.81,3.037,43.68,0
13015,143.6,37.98,2.165,33.78,0
13016,387.9,48.49,2.075,31.77,0
13017,415.5,35.69,5.015,36.14,0
13018,332.7,70.58,2.562,36.8,1
13019,261.4,92.56,1.859,43.02,1
13020,228.4,61.07,1.333,38.83,0
13021,522.0,26.28,2.948,44.54,0
13022,360.3,55.95,3.284,48.93,0
13023,439.6,85.45,0.786,31.0,0
13024,688.6,68.47,3.259,27.48,1
13025,1325.2,30.46,1.379,50.97,0
13026,349.7,71.65,4.566,35.4,1
13027,724.1,82.73,1.925,34.5,1
13028,87.0,44.33,0.835,46.21,0
13029,723.8,87.02,1.742,39.2,1
13030,389.7,13.07,2.73,33.54,0
13031,415.3,46.18,1.092,44.95,0
13032,436.2,45.02,2.023,28.91,0
13033,512.2,80.0,2.544,58.36,0
13034,440.2,11.59,1.553,27.13,0
13035,125.4,53.58,1.576,24.82,1
13036,412.1,97.75,3.662,36.63,1
13037,158.7,31.01,2.327,32.02,0
13038,376.3,34.28,3.262,28.89,0
13039,212.6,26.22,2.383,43.65,0
13040,304.6,18.69,1.982,38.6,0
13041,190.0,57.7,1.608,35.73,0
13042,504.5,71.1,0.933,33.07,0
13043,614.2,38.81,1.524,38.14,0
13044,257.8,43.38,1.819,29.24,0
13045,221.1,35.51,1.918,34.12,0
13046,254.5,91.06,2.268,43.25,0
13047,565.2,67.69,5.547,31.62,1
13048,1541.4,58.52,1.588,30.06,1
13049,893.2,61.1,3.696,46.77,0
13050,342.8,72.53,1.446,45.27,0
13051,425.3,75.69,4.112,28.86,1
13052,82.6,76.61,1.076,33.04,0
13053,405.8,33.36,1.255,43.95,0
13054,93.7,34.58,2.237,41.89,0
13055,213.7,34.56,0.784,42.43,0
13056,422.3,40.9,1.922,49.27,0
13057,66.7,68.91,3.328,37.59,0
13058,425.2,44.27,7.053,31.95,0
13059,576.2,52.08,2.492,46.07,1
13060,101.3,15.39,2.289,34.03,0
13061,557.1,15.98,0.721,35.04,0
13062,60.4,66.3,1.109,35.66,0
13063,734.6,68.01,1.892,36.82,0
13064,227.6,67.01,3.326,38.45,0
13065,920.8,60.14,1.243,35.18,0
13066,183.6,58.72,0.48,41.77,0
13067,403.9,93.89,4.143,44.24,1
13068,680.2,82.95,3.351,35.44,1
13069,214.9,21.94,0.572,41.73,0
13070,380.5,65.95,3.152,28.04,1
13071,494.1,71.29,2.861,39.71,0
13072,590.8,65.91,1.304,40.79,0
13073,190.0,74.4,2.096,34.77,0
13074,257.5,13.57,2.469,41.98,0
13075,306.0,85.45,3.011,34.71,1
13076,372.6,31.21,2.039,40.97,0
13077,273.9,15.48,2.359,37.73,0
13078,193.6,81.2,2.455,48.51,0
13079,808.4,68.28,2.764,63.69,0
13080,1278.6,84.34,1.332,23.96,0
13081,732.0,57.26,2.554,30.84,0
13082,791.8,72.11,2.998,41.51,0
13083,803.4,50.89,0.958,30.2,0
13084,872.0,43.03,1.214,41.11,0
13085,647.9,65.24,4.888,44.45,0
13086,678.1,71.7,1.409,35.52,0
13087,151.2,82.91,3.301,28.43,1
13088,296.1,32.09,3.341,30.96,0
13089,409.2,80.23,1.157,44.49,0
13090,440.6,72.98,2.47,38.58,1
13091,629.6,46.88,2.602,33.2,0
13092,365.9,81.08,2.295,44.66,0
13093,487.9,46.3,1.607,35.42,0
13094,478.7,48.29,3.639,40.67,0
13095,539.0,54.87,1.799,42.66,0
13096,1054.8,49.55,1.698,45.71,1
13097,992.1,57.53,1.776,38.41,1
13098,455.5,72.1,3.674,40.56,0
13099,218.8,79.62,4.279,33.08,0
13100,447.1,43.03,2.694,35.06,0
13101,143.0,4.92,3.863,36.84,0
13102,322.3,55.5,1.262,39.63,0
13103,174.5,70.89,0.556,31.37,0
13104,178.5,45.74,1.64,45.61,0
13105,330.6,67.45,1.058,29.75,1
13106,584.2,46.2,2.05,41.99,0
13107,127.3,70.21,1.32,31.16,0
13108,247.1,84.92,2.034,27.09,1
13109,33.2,21.37,1.352,40.65,0
13110,322.3,63.73,2.6,29.35,1
13111,461.1,69.41,2.067,27.87,1
13112,249.7,54.39,1.469,29.3,0
13113,246.9,91.67,3.472,36.64,1
13114,1307.6,21.14,2.869,40.47,0
13115,455.4,79.75,1.143,36.35,0
13116,319.3,57.43,1.825,41.1,0
13117,136.4,78.51,3.621,41.74,0
13118,155.7,43.21,1.207,34.37,0
13119,555.5,72.37,1.942,39.77,0
13120,892.8,21.98,2.0,38.75,0
13121,95.9,39.3,4.747,42.38,0
13122,357.0,42.12,3.441,40.25,0
13123,96.5,65.38,1.342,27.33,0
13124,451.0,72.63,1.173,43.65,0
13125,242.3,77.71,2.204,51.44,0
13126,365.2,81.4,1.837,35.09,0
13127,339.1,70.28,1.658,52.36,0
13128,632.6,14.05,2.096,38.21,0
13129,256.8,37.82,4.433,38.05,0
13130,500.4,32.55,1.917,49.36,0
13131,430.6,53.66,2.555,36.92,0
13132,249.5,13.93,2.933,34.29,0
13133,159.2,30.59,3.341,31.95,0
13134,371.9,33.57,2.338,37.41,0
13135,97.5,52.34,0.781,34.9,0
13136,472.6,91.22,2.995,39.51,1
13137,218.6,79.44,8.576,44.13,0
13138,118.6,31.37,4.35,39.35,0
13139,726.9,46.32,0.923,27.73,0
13140,680.8,58.87,1.952,44.43,0
13141,621.1,35.62,2.811,51.33,0
13142,379.7,53.57,1.868,39.52,0
13143,657.8,98.0,1.309,41.88,1
13144,418.2,41.36,6.408,34.01,0
13145,106.7,65.6,3.917,31.62,0
13146,115.3,68.88,3.775,17.71,1
13147,62.6,66.35,1.562,36.88,0
13148,485.1,77.24,2.079,34.03,1
13149,225.1,67.9,3.361,45.22,0
13150,1490.9,69.72,0.901,45.98,1
13151,1196.0,42.4,1.425,41.29,0
13152,277.0,65.68,2.5,47.69,0
13153,442.3,48.24,3.221,43.49,0
13154,691.5,26.48,5.081,25.08,0
13155,212.2,36.83,2.028,32.39,0
13156,48.5,62.31,4.529,20.07,0
13157,288.2,71.23,2.595,34.76,0
13158,763.2,52.9,1.401,30.64,0
13159,98.5,74.67,2.756,41.6,0
13160,367.5,79.81,2.507,46.68,0
13161,678.4,47.97,0.576,38.43,0
13162,960.6,36.33,2.55,43.04,0
13163,44.6,55.12,1.73,39.9,0
13164,231.5,30.02,2.684,37.3,0
13165,1037.8,75.6,1.343,58.13,1
13166,173.9,60.29,1.696,36.95,0
13167,807.0,71.04,1.603,34.9,1
13168,586.8,61.28,2.724,37.91,0
13169,264.0,85.76,4.392,44.41,0
13170,612.5,46.54,1.294,40.7,0
13171,188.4,5.81,0.804,30.52,0
13172,259.2,64.34,2.117,40.64,0
13173,407.6,65.89,3.808,39.35,0
13174,359.1,70.72,1.763,32.44,1
13175,348.6,30.11,3.541,27.42,0
13176,836.8,85.23,3.445,42.81,0
13177,115.0,65.03,3.67,49.22,0
13178,477.8,45.83,2.379,38.68,0
13179,582.7,27.44,2.321,33.14,0
13180,152.5,53.8,1.616,32.1,0
13181,127.9,24.73,1.689,42.34,0
13182,267.8,69.48,1.169,37.09,0
13183,420.2,43.24,0.643,36.73,0
13184,940.0,33.45,2.112,39.45,0
13185,676.8,35.59,1.716,28.83,0
13186,602.6,32.84,1.324,38.01,0
13187,1756.7,83.26,1.403,28.2,1
13188,458.5,69.18,3.378,22.72,1
13189,257.9,48.72,3.148,33.91,0
13190,1145.0,69.63,0.552,29.7,0
13191,284.4,28.97,3.758,29.53,0
13192,725.0,64.41,3.017,40.49,0
13193,298.6,45.77,1.434,29.05,0
13194,773.9,61.28,2.209,26.56,1
13195,550.5,77.17,1.907,27.36,0
13196,94.3,37.85,0.919,35.05,0
13197,317.7,49.23,1.249,38.87,0
13198,397.9,73.26,4.351,37.03,0
13199,708.1,63.32,2.108,25.12,0
13200,131.8,21.39,0.899,45.55,0
13201,1015.8,72.29,0.934,35.07,0
13202,495.7,40.7,2.608,34.49,0
13203,336.2,37.8,3.121,35.1,0
13204,831.9,68.59,1.42,46.07,0
13205,743.9,20.8,1.548,30.42,0
13206,193.0,55.41,2.652,38.92,0
13207,638.1,40.5,1.74,29.7,0
13208,677.4,26.65,4.587,30.24,0
13209,159.2,32.85,2.559,38.03,0
13210,410.8,92.49,2.894,25.21,1
13211,120.9,50.94,2.19,36.19,0
13212,683.9,89.72,2.075,37.73,1
13213,305.8,83.32,3.454,37.6,0
13214,554.2,64.17,2.39,39.66,0
13215,929.7,50.94,2.075,40.94,0
13216,251.0,51.01,1.151,30.62,0
13217,433.3,43.42,4.747,38.74,0
13218,589.7,41.03,0.798,39.89,0
13219,195.2,39.82,3.369,37.49,0
13220,385.5,20.31,2.248,29.96,0
13221,336.0,33.27,3.091,26.9,0
13222,439.9,63.9,3.679,40.53,0
13223,303.7,81.82,3.183,50.1,0
13224,449.3,84.56,1.415,42.29,1
13225,503.7,30.6,2.679,32.19,0
13226,295.4,65.14,1.278,38.43,0
13227,379.8,54.76,6.253,33.97,1
13228,389.9,58.16,3.273,35.87,0
13229,205.8,64.12,0.758,37.55,0
13230,260.4,79.44,1.783,38.14,0
13231,250.5,7.38,4.237,45.33,0
13232,304.1,84.2,1.016,35.89,0
13233,130.3,82.79,1.761,32.62,0
13234,450.0,65.42,1.909,43.53,0
13235,880.2,35.39,2.306,32.21,0
13236,464.5,60.05,2.995,40.6,0
13237,1140.2,58.64,1.053,36.49,0
13238,726.8,42.51,1.043,43.99,0
13239,341.3,84.65,2.448,31.74,0
13240,661.4,45.83,2.71,41.17,0
13241,802.6,27.85,2.974,34.8,0
13242,1195.1,55.97,2.03,36.92,0
13243,240.5,71.34,2.538,33.55,0
13244,229.3,66.76,3.376,45.05,0
13245,271.9,33.9,3.621,38.0,0
13246,204.2,59.78,6.144,44.26,0
13247,516.4,95.28,1.207,45.6,0
13248,189.0,63.75,2.45,42.74,0
13249,482.0,33.52,1.818,38.4,0
13250,535.8,67.17,1.865,49.33,0
13251,526.7,81.3,1.92,41.41,0
13252,540.2,72.32,1.688,35.85,0
13253,985.4,71.78,4.66,39.56,1
13254,366.2,47.02,0.4,43.28,0
13255,1177.4,29.85,0.892,42.57,0
13256,1012.0,39.74,2.537,30.78,0
13257,854.1,36.72,1.764,46.66,0
13258,406.2,50.38,2.236,49.1,0
13259,538.8,50.78,1.007,36.54,0
13260,428.2,37.7,3.46,36.85,0
13261,36.7,89.11,3.572,25.94,1
13262,95.3,45.08,2.853,33.45,0
13263,734.7,31.99,3.77,37.66,0
13264,514.2,46.27,0.806,30.26,0
13265,493.8,38.01,1.298,38.27,0
13266,226.8,23.04,1.697,29.79,0
13267,541.1,46.77,6.985,20.85,1
13268,474.1,61.35,1.773,42.21,0
13269,307.2,58.39,2.468,28.01,0
13270,1166.1,33.37,1.933,36.62,0
13271,229.6,78.03,1.486,17.98,1
13272,782.6,70.83,2.03,39.25,1
13273,198.5,70.78,0.917,40.47,0
13274,233.4,63.63,1.512,31.48,0
13275,336.7,36.38,3.73,43.06,0
13276,875.9,74.3,2.135,36.92,0
13277,173.9,28.78,0.702,44.23,0
13278,849.5,94.7,2.443,28.3,1
13279,497.1,66.67,1.884,36.72,0
13280,960.5,59.25,1.619,38.11,0
13281,32.2,46.17,4.316,35.83,0
13282,373.8,47.7,1.756,34.53,0
13283,456.9,32.77,2.745,44.58,0
13284,356.5,68.72,0.503,40.09,0
13285,209.3,45.86,5.725,31.98,0
13286,156.2,59.11,2.716,30.5,0
13287,668.1,57.75,1.58,27.25,0
13288,402.8,50.28,3.244,30.24,0
13289,295.5,25.33,3.105,45.39,0
13290,222.8,46.96,7.254,34.51,0
13291,114.9,38.4,1.819,51.25,0
13292,434.8,36.61,3.666,37.23,0
13293,781.6,37.95,8.35,37.19,0
13294,376.1,37.22,2.616,27.5,0
13295,153.4,31.18,2.465,45.91,0
13296,541.5,49.49,1.712,41.22,0
13297,756.7,85.92,3.179,41.17,1
13298,491.8,36.81,3.916,30.35,0
13299,782.2,46.18,3.471,51.5,0
13300,244.9,17.26,2.165,29.4,1
13301,260.9,52.85,1.341,46.72,0
13302,237.2,38.53,7.063,48.19,0
13303,348.1,28.76,3.202,37.19,0
13304,236.2,56.11,1.892,36.74,0
13305,61.9,52.22,1.871,41.04,0
13306,263.6,54.06,1.099,43.59,0
13307,177.5,74.04,0.949,42.88,0
13308,294.1,47.65,3.73,47.12,0
13309,544.8,20.53,2.603,35.86,0
13310,879.9,44.16,4.472,37.8,0
13311,420.6,59.69,3.106,46.24,0
13312,771.6,64.08,1.227,42.19,0
13313,368.1,69.88,1.415,29.22,0
13314,702.6,76.9,3.027,33.26,0
13315,277.0,52.79,1.901,34.03,0
13316,812.2,45.63,2.035,43.99,0
13317,274.1,59.32,2.116,41.49,0
13318,205.0,21.16,1.991,31.96,0
13319,353.1,60.86,1.301,27.89,1
13320,191.1,71.98,1.201,37.5,0
13321,212.6,33.09,0.585,37.9,0
13322,798.0,62.33,3.082,18.2,1
13323,636.3,43.04,3.363,48.0,0
13324,186.9,74.99,0.486,46.96,0
13325,400.5,81.61,3.538,43.66,0
13326,257.7,79.61,1.29,40.16,0
13327,438.6,36.56,2.654,32.95,0
13328,330.2,78.7,2.981,31.68,1
13329,151.8,36.39,1.735,34.06,0
13330,1066.2,65.64,1.685,44.75,1
13331,267.3,50.27,1.687,42.78,0
13332,943.9,14.11,1.374,37.73,0
13333,565.8,63.42,3.642,38.39,0
13334,739.3,75.23,2.543,42.27,1
13335,383.9,53.58,1.865,38.34,0
13336,253.0,70.47,4.464,41.55,0
13337,281.8,26.77,0.995,34.62,0
13338,734.8,70.28,3.191,47.06,0
13339,162.0,86.17,2.352,36.0,0
13340,337.4,30.58,2.265,33.94,0
13341,377.3,39.3,0.529,36.44,0
13342,547.6,82.26,1.772,40.37,0
13343,474.5,80.72,2.642,46.29,0
13344,299.0,56.94,1.029,37.92,1
13345,610.7,63.68,1.323,63.42,0
13346,743.9,64.28,1.375,37.49,0
13347,639.0,69.05,2.221,34.05,1
13348,113.0,78.29,0.875,45.44,0
13349,543.4,89.27,1.025,35.04,0
13350,209.3,82.15,2.898,36.87,0
13351,726.2,25.54,3.114,45.48,0
13352,462.7,85.62,1.776,40.16,0
13353,387.2,87.03,1.674,43.5,0
13354,544.3,37.22,2.104,39.94,0
13355,514.2,47.41,2.55,40.19,0
13356,537.3,58.89,2.366,41.89,0
13357,51.3,16.67,1.795,40.51,0
13358,503.5,83.0,2.259,40.79,0
13359,834.1,78.42,5.232,37.49,1
13360,312.9,40.37,3.115,44.72,0
13361,49.5,89.12,4.05,37.08,1
13362,221.9,86.4,2.509,35.69,1
13363,354.8,52.71,1.181,40.39,0
13364,552.0,15.98,1.553,34.19,0
13365,649.0,46.75,1.336,31.32,0
13366,500.2,72.38,3.17,46.17,0
13367,381.0,34.7,3.069,29.27,0
13368,370.9,63.15,5.582,43.74,0
13369,315.6,13.63,1.026,45.48,0
13370,151.1,59.46,1.738,45.18,0
13371,205.3,49.66,1.2,32.47,0
13372,848.2,27.38,0.76,43.2,0
13373,620.2,16.64,2.805,29.91,0
13374,69.7,64.76,2.436,40.5,0
13375,710.5,52.84,4.203,43.29,1
13376,438.1,50.27,2.655,28.17,0
13377,791.4,53.92,1.301,35.82,0
13378,163.2,75.86,1.842,26.2,1
13379,420.7,62.41,1.685,43.51,1
13380,285.4,33.69,1.939,40.58,0
13381,409.9,76.68,1.9,38.41,1
13382,722.2,72.29,1.95,32.5,1
13383,641.2,58.02,2.816,39.97,0
13384,273.7,49.27,3.147,39.1,0
13385,644.4,58.86,3.558,28.45,0
13386,253.1,15.15,1.448,39.41,0
13387,571.8,45.0,3.566,27.39,0
13388,384.3,57.75,3.297,45.32,0
13389,375.8,43.69,1.857,33.76,0
13390,893.5,50.69,3.395,40.48,0
13391,706.8,62.72,1.141,38.35,1
13392,1369.2,41.54,4.659,38.78,1
13393,1001.4,46.11,1.23,27.92,1
13394,191.7,54.67,2.69,41.36,0
13395,450.9,80.58,4.06,35.54,1
13396,731.5,55.59,2.558,30.87,1
13397,246.5,59.65,2.889,31.59,1
13398,376.6,77.46,2.668,30.14,1
13399,270.8,31.61,3.14,44.71,0
13400,373.7,14.79,1.334,30.51,0
13401,1322.4,68.56,1.557,39.53,1
13402,37.1,44.92,3.694,40.87,0
13403,198.5,87.2,1.458,36.52,0
13404,186.4,46.22,1.353,31.49,0
13405,569.5,61.22,3.79,33.39,1
13406,96.3,34.85,1.515,34.05,0
13407,330.2,11.87,2.23,37.56,0
13408,383.7,71.4,3.547,33.33,0
13409,694.7,51.65,1.532,38.11,1
13410,112.7,31.61,1.891,51.19,0
13411,359.5,36.62,0.715,31.94,0
13412,231.5,77.7,3.056,35.14,1
13413,866.7,41.93,2.063,40.43,0
13414,1004.8,55.08,0.427,28.24,0
13415,490.4,63.72,1.104,39.69,0
13416,435.0,71.34,0.99,31.53,0
13417,189.0,55.08,2.617,44.44,0
13418,598.7,60.88,1.174,36.92,0
13419,163.7,72.19,1.707,51.62,0
13420,506.5,42.46,3.33,44.54,0
13421,1008.6,70.63,1.74,40.3,0
13422,140.8,51.82,2.543,30.25,0
13423,951.1,25.64,2.754,39.35,0
13424,146.3,59.97,1.562,37.74,0
13425,728.2,7.92,1.853,29.1,0
13426,52.1,12.16,1.481,49.69,0
13427,168.2,79.35,1.139,36.05,0
13428,1775.7,45.35,2.021,42.41,0
13429,601.4,54.64,1.701,30.61,0
13430,411.2,21.36,2.373,38.13,0
13431,368.6,35.55,3.945,40.53,0
13432,225.6,58.34,3.156,40.59,0
13433,556.6,68.21,1.743,35.19,0
13434,129.4,43.56,0.843,26.61,0
13435,323.1,62.18,1.081,32.23,0
13436,402.5,85.48,5.782,40.8,0
13437,271.3,26.25,1.996,40.0,0
13438,562.3,62.06,0.652,43.75,0
13439,225.0,24.22,1.567,40.72,0
13440,206.2,45.32,4.111,23.45,0
13441,217.5,42.66,2.115,36.96,0
13442,468.6,41.88,2.125,37.92,0
13443,258.1,21.84,0.685,30.65,0
13444,517.1,60.62,2.189,28.05,1
13445,581.5,76.13,2.254,47.42,1
13446,215.2,87.59,1.454,34.37,0
13447,254.3,51.96,0.407,30.57,0
13448,404.8,65.45,1.25,39.86,0
13449,482.0,38.24,2.009,37.0,0
13450,172.4,57.49,1.42,46.24,0
13451,594.2,82.51,2.142,29.84,1
13452,361.4,57.55,1.156,41.05,0
13453,400.8,58.75,4.48,33.81,0
13454,263.9,63.51,1.613,35.49,1
13455,658.5,44.83,1.933,36.64,1
13456,276.0,32.82,4.543,20.95,0
13457,775.8,64.55,1.383,38.74,0
13458,847.2,91.9,5.763,38.32,1
13459,367.6,69.24,0.792,42.67,0
13460,325.2,34.33,3.191,44.51,0
13461,342.4,55.82,2.501,48.34,0
13462,1011.9,22.28,3.019,37.3,0
13463,429.5,48.88,1.94,38.47,0
13464,887.9,39.75,1.558,45.9,0
13465,206.1,86.53,3.834,38.99,0
13466,157.3,80.21,3.063,40.91,0
13467,594.0,28.33,1.725,35.83,0
13468,899.2,31.88,0.561,43.14,0
13469,599.5,66.39,3.101,36.02,0
13470,518.6,98.28,1.284,39.93,1
13471,440.6,58.48,2.101,36.79,0
13472,863.4,60.01,0.739,24.36,0
13473,683.0,52.59,4.87,33.75,1
13474,548.1,24.61,5.02,35.68,0
13475,298.5,65.07,1.354,31.01,0
13476,79.8,45.28,2.315,45.02,0
13477,330.1,34.98,3.305,35.39,0
13478,218.7,71.19,1.635,33.72,0
13479,187.3,57.63,2.339,47.77,0
13480,910.9,28.72,3.465,46.8,1
13481,140.6,75.11,1.548,31.76,0
13482,493.6,78.35,2.206,39.38,1
13483,815.1,61.36,1.474,41.31,0
13484,98.4,69.37,1.112,38.86,0
13485,320.3,53.4,1.905,43.46,1
13486,152.6,65.02,1.746,34.2,0
13487,269.4,50.1,1.538,51.65,0
13488,383.0,33.07,2.011,34.76,0
13489,320.5,82.91,1.383,35.12,0
13490,197.6,42.84,3.758,40.22,0
13491,444.7,47.33,2.564,38.95,0
13492,354.3,45.92,4.913,40.11,1
13493,488.0,67.91,2.312,34.55,1
13494,66.5,32.61,1.348,40.28,0
13495,793.8,76.97,3.014,34.59,1
13496,866.2,39.32,1.607,46.89,0
13497,355.4,34.08,1.449,43.73,0
13498,459.4,59.61,1.67,40.5,0
13499,416.1,44.83,1.464,40.43,0
13500,264.6,94.2,1.667,50.53,0
13501,22.7,36.64,3.522,41.83,0
13502,400.8,41.22,4.099,38.1,0
13503,65.3,75.79,1.402,33.14,0
13504,52.4,79.48,1.817,30.24,0
13505,565.7,71.6,2.532,37.63,0
13506,625.3,43.78,2.504,31.5,0
13507,176.4,65.79,1.658,43.15,0
13508,461.4,83.16,2.099,29.78,1
13509,437.8,51.43,1.449,33.04,0
13510,750.2,37.8,5.341,51.41,0
13511,306.6,55.2,2.718,30.26,0
13512,186.9,55.34,0.94,42.7,0
13513,364.2,41.85,3.048,41.41,0
13514,489.8,56.18,1.326,29.55,0
13515,292.5,48.66,1.916,35.39,0
13516,290.8,35.63,2.31,45.17,0
13517,600.8,65.94,1.067,39.22,0
13518,388.9,58.17,0.816,45.43,0
13519,220.7,32.23,1.529,49.62,0
13520,250.0,44.43,3.085,35.28,0
13521,428.8,33.18,1.676,34.3,0
13522,152.3,81.97,0.361,38.54,0
13523,422.8,49.46,1.875,31.56,0
13524,490.0,69.21,4.403,41.95,0
13525,123.0,39.55,2.607,35.35,0
13526,571.1,71.16,2.925,36.56,0
13527,91.3,81.1,1.923,39.96,0
13528,290.3,20.84,2.78,34.35,0
13529,102.8,66.97,4.115,41.16,0
13530,1231.5,66.59,2.794,31.28,1
13531,301.5,38.76,2.019,41.63,0
13532,161.1,93.35,1.715,42.19,0
13533,548.5,40.81,1.879,35.0,0
13534,220.2,15.28,1.121,41.82,0
13535,487.0,56.75,1.946,35.67,0
13536,407.8,82.2,1.254,31.77,0
13537,319.8,61.8,2.878,38.08,1
13538,538.1,23.83,3.65,45.67,0
13539,440.7,70.46,1.452,37.44,0
13540,59.2,37.25,2.953,31.51,0
13541,175.6,95.14,3.785,38.06,1
13542,617.4,62.64,2.622,43.59,0
13543,784.9,69.58,1.111,40.94,0
13544,586.4,60.07,2.107,40.46,0
13545,199.7,63.5,1.736,42.92,1
13546,532.9,67.99,1.636,28.21,1
13547,41.6,38.61,2.148,36.47,0
13548,671.1,57.89,2.286,32.35,1
13549,719.6,46.73,1.149,41.67,0
13550,319.9,56.54,5.289,51.2,0
13551,396.2,41.13,2.079,37.6,0
13552,764.7,83.66,1.616,37.15,1
13553,574.3,26.87,3.414,33.99,0
13554,351.8,66.8,2.201,39.48,0
13555,345.8,97.26,1.817,38.91,1
13556,205.3,84.5,0.837,45.37,0
13557,478.4,95.68,1.829,46.04,1
13558,340.0,71.68,2.588,37.83,1
13559,696.9,39.79,1.403,37.86,0
13560,255.3,61.37,2.326,47.41,0
13561,325.9,56.51,2.794,41.02,0
13562,516.5,22.68,1.416,31.75,0
13563,719.1,82.49,1.992,41.45,1
13564,701.9,97.77,0.837,42.04,0
13565,388.1,57.12,2.645,42.61,0
13566,104.4,36.67,6.908,42.85,0
13567,244.4,57.87,2.048,40.31,0
13568,636.3,90.98,1.573,41.65,0
13569,292.7,76.58,1.316,36.1,0
13570,468.4,72.44,1.73,18.63,1
13571,50.8,47.27,3.745,43.42,0
13572,779.1,25.49,3.197,38.73,0
13573,156.5,59.52,4.103,25.83,1
13574,358.6,71.83,1.289,41.94,0
13575,67.5,37.13,1.073,36.68,0
13576,152.8,75.21,1.396,38.82,0
13577,70.7,26.86,3.525,27.19,0
13578,540.4,40.68,2.379,44.47,1
13579,144.1,29.76,2.284,36.57,0
13580,336.6,15.64,2.374,41.6,0
13581,207.1,76.89,0.981,35.12,1
13582,221.8,18.86,1.441,47.48,0
13583,541.8,55.43,2.405,41.82,0
13584,678.8,59.41,1.433,29.88,0
13585,156.8,32.66,2.191,37.61,0
13586,15.8,82.75,2.551,38.31,0
13587,521.2,54.35,3.207,43.43,0
13588,592.7,65.12,1.668,41.11,0
13589,258.0,70.1,0.6,35.5,0
13590,322.8,78.08,0.706,49.68,0
13591,29.1,65.46,1.305,38.69,0
13592,777.6,83.58,1.413,32.65,1
13593,371.4,17.36,1.057,23.97,0
13594,411.6,70.44,6.745,38.1,1
13595,169.8,62.76,1.932,29.72,0
13596,411.0,25.75,2.285,34.28,0
13597,298.6,64.55,3.392,35.07,0
13598,302.6,78.77,1.405,38.88,0
13599,142.4,72.1,1.106,40.15,0
13600,172.3,30.51,2.061,40.28,0
13601,1063.7,31.16,1.408,34.0,0
13602,99.0,16.45,1.46,42.98,0
13603,260.6,46.05,4.33,39.85,0
13604,175.0,78.9,1.293,46.14,0
13605,674.3,77.37,2.007,21.9,1
13606,107.3,42.95,2.789,31.77,0
13607,734.8,63.07,1.146,36.88,0
13608,429.5,85.03,3.792,38.07,1
13609,459.9,82.1,1.378,29.48,0
13610,810.9,53.88,4.864,39.83,0
13611,214.6,36.01,1.706,43.04,0
13612,129.0,65.9,3.91,42.18,0
13613,607.8,89.63,1.584,25.38,1
13614,562.3,72.09,1.697,40.73,0
13615,341.6,39.41,6.831,26.7,0
13616,626.9,19.69,0.564,30.34,0
13617,349.3,75.84,4.293,50.6,0
13618,552.8,11.48,3.139,33.57,0
13619,303.6,51.92,1.698,43.91,0
13620,508.2,34.67,5.282,42.44,0
13621,92.4,66.96,1.319,47.6,0
13622,261.0,54.92,1.578,45.45,0
13623,183.5,44.87,2.031,31.32,0
13624,352.4,43.64,2.758,34.09,1
13625,187.2,53.66,0.538,46.07,0
13626,704.8,59.51,2.498,30.73,1
13627,153.8,80.59,1.639,24.25,1
13628,914.5,49.89,1.181,33.35,1
13629,72.4,44.76,1.626,39.55,0
13630,907.0,78.43,1.623,30.47,1
13631,836.8,72.36,1.921,46.19,0
13632,135.3,71.44,1.534,39.22,0
13633,545.0,53.94,1.714,32.11,0
13634,185.2,22.91,2.866,32.67,0
13635,374.0,83.67,2.203,30.17,1
13636,581.2,71.09,2.588,34.01,1
13637,445.6,63.17,1.876,46.76,0
13638,164.9,64.24,3.059,38.55,0
13639,611.7,82.49,2.228,43.77,1
13640,542.5,36.52,1.385,29.17,0
13641,473.6,42.53,1.652,41.21,0
13642,179.9,66.2,0.943,41.38,0
13643,458.2,65.84,2.619,31.78,0
13644,1049.2,15.9,3.206,41.19,0
13645,384.9,55.32,3.68,36.73,0
13646,62.0,86.76,3.664,35.03,0
13647,324.6,61.47,2.559,34.35,0
13648,305.5,54.95,1.609,36.51,0
13649,204.1,48.15,2.136,39.86,0
13650,343.6,48.6,2.997,43.43,0
13651,196.8,33.11,3.847,50.82,0
13652,919.2,27.6,2.469,34.34,1
13653,345.6,33.42,4.022,33.0,0
13654,961.0,23.75,1.761,22.54,0
13655,137.2,51.29,0.914,36.26,0
13656,336.3,60.32,2.117,26.78,0
13657,596.2,80.39,2.592,34.57,0
13658,500.0,79.11,3.079,42.63,0
13659,503.6,88.01,4.091,39.03,1
13660,562.9,24.29,2.765,39.36,0
13661,464.3,62.46,1.906,49.44,0
13662,346.9,81.28,2.002,35.32,0
13663,511.4,57.92,0.994,39.24,0
13664,356.7,56.11,0.97,39.8,0
13665,370.4,95.61,1.708,37.85,1
13666,240.5,31.26,1.347,45.81,0
13667,302.2,66.92,1.729,33.24,0
13668,467.4,26.72,4.011,32.19,0
13669,349.8,22.53,1.912,28.93,0
13670,459.4,20.24,3.66,29.65,0
13671,683.0,52.19,3.702,39.83,0
13672,322.5,71.64,2.688,41.45,1
13673,522.5,43.03,0.919,36.05,0
13674,239.1,82.1,1.308,44.15,0
13675,530.6,60.9,2.168,33.93,0
13676,113.0,44.43,1.801,38.79,0
13677,677.4,21.87,1.547,33.15,0
13678,827.5,44.71,2.958,46.25,0
13679,780.9,50.13,1.289,35.53,0
13680,350.1,57.98,4.781,36.07,0
13681,38.1,23.98,1.862,39.64,0
13682,685.1,69.63,1.358,33.64,1
13683,599.5,17.42,1.022,49.61,0
13684,509.9,57.37,4.115,48.61,0
13685,523.9,78.88,1.697,33.96,0
13686,547.8,58.46,6.111,35.67,0
13687,441.2,88.82,3.012,34.45,0
13688,213.1,47.6,1.956,39.73,0
13689,1514.2,43.39,2.198,27.93,0
13690,281.2,25.54,3.913,37.15,0
13691,1030.5,39.27,1.741,34.28,0
13692,366.9,44.2,0.935,29.26,0
13693,286.9,67.77,0.929,39.11,0
13694,100.0,52.73,1.576,36.07,0
13695,714.9,67.97,2.208,27.44,0
13696,382.3,72.14,1.953,35.14,0
13697,240.4,68.23,2.355,42.72,0
13698,294.0,89.45,2.033,38.9,1
13699,921.7,12.88,2.05,43.18,0
13700,185.4,52.32,2.714,55.12,0
13701,107.0,29.92,2.086,42.63,0
13702,461.5,50.73,3.081,37.87,0
13703,827.0,94.79,1.702,36.01,0
13704,421.9,20.36,2.587,43.65,0
13705,121.5,19.09,3.845,46.85,0
13706,130.4,72.7,1.023,27.72,0
13707,748.0,39.22,2.461,36.41,0
13708,453.5,55.27,2.502,40.21,0
13709,300.4,66.35,3.032,42.31,0
13710,329.6,89.13,1.481,37.14,1
13711,413.4,32.77,1.363,38.77,0
13712,127.4,64.82,1.133,40.28,0
13713,134.2,27.75,1.661,45.15,0
13714,233.1,54.46,1.096,37.19,0
13715,18.8,51.65,1.652,26.65,0
13716,67.4,26.36,1.062,40.93,0
13717,578.5,67.0,3.835,36.41,0
13718,195.3,59.58,1.512,34.02,0
13719,637.5,44.55,1.461,23.8,1
13720,557.9,82.37,1.694,30.15,0
13721,402.1,73.06,2.51,45.32,1
13722,1172.0,54.94,1.444,28.17,1
13723,276.1,37.5,1.603,38.87,0
13724,366.0,13.06,3.717,47.57,0
13725,559.0,33.92,3.597,42.15,0
13726,563.9,88.16,2.074,37.91,1
13727,618.5,62.64,4.497,33.99,0
13728,512.2,17.38,1.814,45.1,0
13729,242.0,67.19,2.844,27.5,1
13730,284.2,73.01,2.358,30.06,0
13731,263.0,26.25,2.26,34.18,0
13732,536.6,55.89,1.794,39.41,0
13733,99.8,69.18,2.382,49.03,0
13734,418.1,94.22,4.177,21.99,1
13735,237.9,54.22,1.104,39.21,0
13736,262.3,51.43,3.731,41.62,0
13737,332.1,59.74,5.603,39.85,0
13738,642.7,61.28,1.329,34.99,0
13739,305.1,58.76,2.1,32.36,0
13740,443.6,74.53,1.516,37.89,0
13741,679.8,66.75,3.949,42.77,1
13742,111.8,40.66,2.453,36.83,0
13743,468.2,66.18,2.434,36.44,1
13744,137.7,40.25,2.644,46.39,0
13745,691.6,12.15,3.892,37.76,0
13746,764.2,83.38,4.704,35.17,0
13747,403.3,72.22,0.837,34.79,1
13748,396.4,43.65,6.686,33.04,1
13749,245.9,39.7,7.558,44.0,0
13750,965.6,76.25,5.192,33.08,1
13751,1441.7,34.21,2.74,43.51,0
13752,253.9,40.51,5.995,34.04,0
13753,804.3,35.67,1.778,38.91,0
13754,498.7,68.2,1.262,47.41,0
13755,623.9,84.15,1.449,32.66,0
13756,343.2,60.89,1.763,38.11,1
13757,811.6,72.92,1.786,46.15,0
13758,582.1,67.82,2.014,40.7,0
13759,321.3,53.72,3.541,43.3,0
13760,348.8,56.28,13.997,27.81,1
13761,462.4,57.51,3.514,40.59,0
13762,461.0,51.28,1.842,24.68,1
13763,113.1,60.49,2.822,38.07,0
13764,352.7,68.69,1.477,31.9,0
13765,486.2,89.84,1.832,31.08,1
13766,1120.7,30.35,3.991,44.38,0
13767,217.4,44.69,2.651,24.12,0
13768,141.2,73.66,3.873,32.81,0
13769,282.7,38.65,1.936,30.6,0
13770,823.0,60.53,1.25,27.75,0
13771,208.7,40.42,1.989,32.82,0
13772,953.5,64.3,2.092,45.34,0
13773,308.6,54.1,1.473,32.05,0
13774,594.8,59.66,1.465,33.01,0
13775,337.2,86.93,2.752,33.82,1
13776,640.5,84.92,1.614,35.96,0
13777,158.7,64.09,4.096,33.51,0
13778,190.9,47.73,2.563,30.44,0
13779,294.9,53.3,3.097,47.23,0
13780,713.1,16.11,3.744,34.81,0
13781,651.1,54.23,2.777,38.74,0
13782,386.3,25.64,1.81,40.44,1
13783,633.8,64.79,1.476,35.58,0
13784,229.3,66.28,3.838,35.5,0
13785,405.6,36.62,3.391,51.16,0
13786,214.5,26.99,0.803,40.71,0
13787,64.9,41.77,2.576,22.32,0
13788,593.7,58.29,1.307,48.59,0
13789,339.3,51.6,3.379,34.33,0
13790,374.8,60.01,1.041,52.85,0
13791,348.8,74.76,1.025,32.27,0
13792,759.2,26.46,1.195,37.51,0
13793,443.7,89.17,1.294,37.07,1
13794,477.6,67.59,4.669,38.33,1
13795,129.6,79.67,2.423,33.88,1
13796,136.0,57.18,0.921,40.16,0
13797,412.9,48.16,7.199,39.38,0
13798,438.5,59.68,4.846,30.97,1
13799,108.0,37.56,2.387,36.74,0
13800,432.1,59.16,0.764,41.62,0
13801,539.4,69.17,1.783,38.3,0
13802,59.1,57.09,2.408,40.83,0
13803,316.6,18.31,1.325,37.44,1
13804,193.5,25.98,2.024,37.59,0
13805,652.0,86.05,1.905,27.35,1
13806,634.0,80.84,1.362,38.48,0
13807,669.5,24.76,7.494,36.13,0
13808,56.8,84.34,1.342,49.05,0
13809,287.9,55.12,1.567,42.74,0
13810,457.5,41.41,2.144,41.0,0
13811,335.9,35.76,3.496,42.95,0
13812,426.4,70.7,1.58,41.41,0
13813,562.2,55.57,1.546,38.74,0
13814,631.1,92.54,1.916,43.54,0
13815,24.5,54.01,1.781,45.2,0
13816,485.7,53.77,1.569,43.97,0
13817,666.9,47.01,2.426,44.55,0
13818,207.9,58.95,2.222,33.69,0
13819,135.3,34.55,1.065,40.44,0
13820,273.4,31.13,1.603,32.99,0
13821,156.1,27.28,0.623,45.38,0
13822,112.7,20.37,4.409,35.42,0
13823,79.1,11.64,2.715,42.71,0
13824,348.0,64.84,1.443,47.93,0
13825,921.2,40.85,2.685,32.95,1
13826,298.6,86.43,2.505,42.19,1
13827,80.1,7.55,1.966,33.84,0
13828,526.2,47.44,3.705,34.51,1
13829,380.6,36.8,1.419,40.26,0
13830,290.6,36.98,1.549,32.92,0
13831,475.6,22.59,3.167,41.21,0
13832,413.3,83.69,4.107,43.11,0
13833,496.4,72.16,4.351,39.61,1
13834,805.3,65.23,0.725,48.45,0
13835,527.4,37.02,1.279,47.6,0
13836,294.0,78.35,2.268,37.42,0
13837,842.2,43.49,2.688,44.19,0
13838,518.4,44.76,3.95,27.31,0
13839,223.6,87.16,1.083,35.72,1
13840,446.1,34.13,2.515,38.49,0
13841,758.2,35.83,1.05,45.12,0
13842,262.5,21.37,2.227,30.66,0
13843,609.1,27.33,0.81,43.22,0
13844,277.5,62.95,3.12,38.22,0
13845,598.3,45.39,0.918,29.53,0
13846,499.9,78.2,2.145,37.16,1
13847,829.7,56.3,1.688,45.03,0
13848,237.6,83.56,3.142,50.08,0
13849,301.8,51.5,1.645,37.07,0
13850,213.7,75.21,2.802,44.76,0
13851,249.7,54.92,3.205,34.21,0
13852,411.8,26.18,1.893,46.42,0
13853,404.5,55.81,1.45,47.86,0
13854,181.0,26.53,3.575,26.91,0
13855,385.2,62.23,1.009,51.67,1
13856,800.4,25.89,1.491,36.85,0
13857,30.2,52.63,0.882,38.9,0
13858,315.3,77.06,2.67,38.36,1
13859,1166.0,42.96,1.103,27.46,0
13860,271.9,62.9,2.934,34.23,1
13861,407.1,31.12,2.964,48.3,0
13862,549.4,47.38,1.168,29.21,0
13863,169.7,27.26,1.652,30.8,0
13864,74.0,26.07,1.373,44.38,0
13865,276.2,40.92,4.693,34.29,0
13866,307.6,54.17,3.686,42.18,0
13867,88.0,43.05,2.859,52.57,0
13868,545.9,47.25,2.266,38.12,0
13869,189.4,25.28,5.067,31.98,1
13870,467.7,42.18,1.813,36.39,0
13871,222.6,64.9,1.879,29.91,0
13872,639.8,63.76,2.092,41.12,0
13873,96.7,78.1,3.445,40.35,0
13874,240.9,18.49,1.219,54.55,0
13875,708.7,22.61,2.632,40.34,0
13876,348.4,79.63,3.447,55.92,0
13877,317.3,52.52,2.172,41.03,0
13878,322.9,43.57,1.646,47.58,0
13879,333.7,85.34,2.443,46.14,1
13880,186.0,63.96,1.711,39.26,0
13881,166.5,35.32,2.661,39.36,0
13882,140.9,8.16,0.854,41.1,0
13883,333.2,82.07,3.272,44.39,0
13884,197.8,81.84,2.3,31.01,0
13885,169.3,75.9,2.765,46.34,1
13886,716.6,63.35,2.38,30.32,0
13887,167.7,75.87,1.988,45.57,0
13888,660.8,51.32,1.352,41.4,0
13889,65.1,68.39,2.078,24.2,0
13890,121.5,75.67,1.23,33.02,0
13891,429.9,31.26,1.735,32.82,0
13892,1126.6,70.1,2.644,44.4,0
13893,245.8,72.57,5.725,31.82,1
13894,643.8,37.85,1.676,28.48,0
13895,211.7,39.59,2.275,38.77,0
13896,428.1,44.7,0.861,43.71,0
13897,178.9,80.99,1.105,38.56,1
13898,615.7,70.45,1.903,47.29,1
13899,294.7,66.82,2.669,39.81,0
13900,428.0,56.38,1.795,43.62,0
13901,179.7,35.67,1.655,44.78,0
13902,107.8,44.61,2.477,34.65,0
13903,37.1,59.01,3.84,43.4,0
13904,56.1,75.42,2.051,51.54,0
13905,157.2,54.75,0.724,31.22,0
13906,592.9,55.63,2.491,35.8,0
13907,370.5,80.02,3.701,33.11,1
13908,382.6,65.22,3.241,37.47,1
13909,113.8,63.29,2.349,36.28,0
13910,1077.3,69.81,4.076,23.28,0
13911,453.4,93.27,1.432,44.1,1
13912,336.2,46.19,9.312,36.53,0
13913,205.7,46.44,1.983,36.22,0
13914,570.2,73.15,1.721,32.55,0
13915,617.3,57.51,2.503,28.02,1
13916,177.8,42.12,3.041,46.32,0
13917,310.9,65.9,1.196,34.25,0
13918,368.7,31.17,1.673,46.41,0
13919,82.5,70.04,3.479,30.07,0
13920,164.0,75.17,0.635,42.38,0
13921,1170.0,18.5,2.83,36.56,1
13922,560.3,33.46,2.603,41.84,0
13923,195.0,70.49,3.496,38.36,0
13924,595.1,77.85,2.87,39.08,1
13925,512.3,56.42,1.118,38.35,0
13926,406.0,66.99,1.564,29.37,1
13927,676.0,52.6,3.518,27.19,0
13928,201.1,23.89,1.429,42.99,0
13929,1144.2,66.5,3.378,44.47,0
13930,412.8,45.27,3.767,41.2,0
13931,214.3,80.14,1.255,28.57,0
13932,347.0,58.47,3.737,29.49,0
13933,760.5,91.53,6.615,43.77,1
13934,563.2,46.58,3.761,30.98,0
13935,549.6,75.01,2.821,39.36,0
13936,543.4,34.16,1.15,43.98,0
13937,903.2,48.38,2.763,29.86,0
13938,1014.7,67.12,2.819,33.44,1
13939,464.4,41.9,0.941,36.67,0
13940,1003.7,69.35,4.206,50.03,0
13941,378.2,30.88,0.618,46.36,0
13942,131.0,50.7,1.936,35.22,0
13943,135.2,8.24,2.29,37.31,0
13944,357.7,61.17,1.421,38.4,0
13945,641.4,53.64,2.074,46.91,0
13946,222.7,85.12,3.569,42.14,0
13947,288.2,47.5,2.851,36.8,0
13948,258.4,49.76,3.317,37.74,0
13949,460.1,56.2,1.254,31.54,0
13950,470.9,78.3,1.139,40.41,0
13951,325.2,53.05,2.15,44.1,0
13952,391.6,35.16,1.929,41.56,0
13953,871.5,22.26,1.824,26.54,0
13954,89.2,15.67,2.536,44.18,0
13955,1267.5,35.73,2.551,28.52,1
13956,282.3,63.54,5.112,36.26,1
13957,446.2,62.22,4.077,44.36,0
13958,660.3,96.87,1.035,40.3,1
13959,244.7,41.59,1.006,36.08,0
13960,565.7,49.04,1.832,35.79,0
13961,406.7,65.78,5.359,33.51,1
13962,571.5,66.99,4.302,33.2,1
13963,1271.9,76.33,1.778,38.37,1
13964,374.7,12.01,3.064,53.87,0
13965,1025.9,56.41,2.21,32.34,0
13966,653.3,53.19,1.545,41.51,0
13967,637.6,69.85,1.786,43.4,0
13968,53.1,62.76,3.411,29.95,0
13969,558.4,64.78,3.002,35.99,0
13970,127.2,94.36,5.11,31.33,1
13971,603.8,37.0,1.015,37.67,0
13972,812.1,60.82,2.952,33.67,1
13973,131.3,81.85,3.207,38.73,0
13974,269.7,35.8,1.254,34.09,0
13975,499.3,24.06,1.044,31.69,0
13976,323.5,29.59,1.456,40.83,0
13977,253.1,57.25,4.1,29.1,0
13978,740.9,50.09,1.907,39.36,0
13979,478.1,33.33,4.733,36.77,0
13980,612.8,65.85,3.408,36.12,0
13981,91.2,55.42,3.159,38.44,0
13982,707.9,48.33,1.732,52.92,0
13983,124.0,44.79,4.18,33.47,0
13984,477.8,87.8,2.065,40.56,1
13985,501.3,43.89,1.277,27.68,0
13986,465.1,32.73,2.025,43.41,0
13987,77.3,26.94,3.86,36.83,0
13988,466.0,11.6,3.639,32.33,0
13989,287.6,45.47,0.883,50.77,0
13990,303.7,78.88,2.203,42.25,0
13991,404.5,42.78,1.236,38.18,0
13992,186.5,72.9,1.737,36.51,0
13993,514.2,74.88,2.351,34.17,1
13994,100.5,57.17,3.292,38.09,0
13995,267.3,68.77,3.195,23.65,1
13996,578.5,7.06,1.03,28.92,0
13997,102.6,51.05,6.507,38.33,0
13998,399.6,70.05,6.19,48.09,0
13999,672.5,79.3,3.586,37.3,1
14000,202.5,35.1,1.768,29.75,0
14001,707.0,52.03,5.052,39.39,1
14002,711.9,36.0,0.987,31.41,0
14003,415.7,68.38,1.237,28.87,1
14004,835.2,47.09,1.464,57.2,0
14005,885.3,48.39,1.838,44.94,0
14006,466.5,50.1,3.722,45.7,0
14007,118.4,43.27,2.462,37.71,0
14008,233.9,43.67,2.505,36.68,0
14009,147.6,62.25,3.448,41.47,0
14010,587.8,20.53,2.532,33.19,0
14011,432.7,58.19,1.529,35.26,0
14012,90.2,87.36,4.743,45.3,0
14013,430.5,22.91,4.513,41.4,0
14014,381.9,40.91,1.816,43.34,1
14015,207.9,39.44,3.646,39.39,0
14016,956.2,70.43,2.934,35.87,0
14017,638.0,77.52,1.534,29.02,1
14018,512.7,16.42,2.033,39.47,0
14019,987.7,82.82,3.777,34.27,1
14020,531.1,60.63,1.702,50.59,0
14021,270.4,55.39,3.187,40.27,0
14022,378.3,48.48,1.579,36.67,0
14023,996.6,74.78,1.982,47.62,1
14024,666.1,15.12,5.2,40.75,0
14025,521.5,64.21,3.017,40.99,0
14026,623.3,35.84,1.577,38.05,0
14027,359.5,56.11,0.708,37.08,0
14028,174.7,52.3,1.113,44.3,0
14029,1537.2,61.2,2.182,16.7,1
14030,119.5,27.16,1.612,37.49,0
14031,371.0,40.03,2.149,28.64,0
14032,471.7,83.23,1.227,44.36,1
14033,496.3,25.06,0.818,39.71,0
14034,61.3,75.65,1.833,33.36,0
14035,121.9,72.93,3.211,32.8,0
14036,454.2,57.9,1.99,33.45,1
14037,400.9,92.05,3.812,27.26,1
14038,184.7,65.0,1.027,47.03,0
14039,131.1,11.17,5.095,36.7,0
14040,102.7,46.44,2.148,40.44,0
14041,377.6,47.37,2.884,34.86,0
14042,581.2,36.54,1.933,40.37,0
14043,230.2,44.04,2.752,35.23,0
14044,94.5,73.01,1.919,39.33,0
14045,460.4,54.46,2.291,35.26,0
14046,45.9,63.99,1.636,31.88,0
14047,143.2,50.29,1.3,45.71,0
14048,374.4,47.22,1.923,37.41,0
14049,1055.8,46.16,0.951,31.25,0
14050,421.3,39.07,2.331,31.3,0
14051,368.9,67.58,1.26,37.45,0
14052,484.6,53.55,2.489,38.73,1
14053,184.8,33.94,1.439,34.75,0
14054,257.0,96.33,3.557,34.5,1
14055,693.9,41.82,2.11,39.16,0
14056,445.9,13.61,2.513,30.44,0
14057,413.2,16.48,2.274,49.84,0
14058,299.0,38.96,1.13,39.45,0
14059,385.2,45.71,2.716,42.31,0
14060,461.7,59.27,9.68,27.82,1
14061,342.5,35.71,1.228,34.97,0
14062,358.3,30.92,1.959,29.39,0
14063,468.0,48.33,1.518,56.06,0
14064,502.1,19.37,1.448,45.62,0
14065,296.4,61.82,1.737,49.63,0
14066,601.8,55.2,0.958,50.73,0
14067,246.9,74.58,0.708,30.87,0
14068,883.0,34.37,2.323,35.16,0
14069,214.5,46.41,4.55,36.22,0
14070,835.0,71.1,3.915,46.48,1
14071,152.8,61.12,2.168,26.82,0
14072,806.8,64.69,3.845,33.79,0
14073,388.4,66.16,2.125,35.16,0
14074,52.6,77.77,1.604,33.2,0
14075,1171.1,44.9,1.363,35.87,0
14076,743.9,78.32,0.796,40.41,1
14077,434.0,63.76,2.996,45.37,0
14078,541.1,51.39,4.102,38.25,1
14079,326.4,26.91,1.738,40.98,0
14080,321.7,39.52,3.574,41.85,0
14081,552.1,39.67,0.868,33.67,0
14082,160.6,29.19,2.074,28.08,0
14083,326.4,47.92,1.092,25.1,0
14084,146.8,57.74,2.469,44.01,0
14085,131.5,60.27,3.435,33.44,0
14086,384.4,72.47,3.745,29.91,1
14087,899.1,76.94,3.072,53.23,0
14088,404.8,49.19,4.247,38.67,1
14089,602.9,64.68,7.341,45.35,0
14090,384.8,64.69,1.686,43.75,1
14091,226.5,67.56,1.976,43.84,0
14092,143.0,63.3,1.652,41.12,0
14093,478.5,74.14,2.053,39.67,0
14094,58.8,49.08,1.304,47.62,0
14095,381.6,23.08,1.25,26.32,0
14096,915.7,65.0,1.482,44.33,0
14097,396.4,58.68,3.039,30.33,0
14098,233.3,81.47,0.829,35.89,0
14099,622.7,54.42,1.361,55.02,0
14100,290.8,71.93,4.304,30.08,0
14101,207.0,47.55,1.007,29.82,0
14102,564.7,18.2,0.955,29.56,0
14103,476.1,15.29,0.802,26.38,0
14104,749.5,38.34,2.247,36.4,0
14105,722.5,61.18,2.352,27.06,1
14106,198.0,35.8,3.579,43.0,0
14107,291.6,65.74,2.421,43.46,1
14108,132.4,81.42,0.828,33.64,0
14109,423.5,63.89,0.926,42.56,0
14110,771.6,8.58,2.877,38.56,0
14111,705.1,67.9,1.531,34.46,1
14112,607.6,57.71,1.774,32.96,0
14113,324.1,80.78,1.684,27.9,1
14114,591.6,23.91,0.665,39.43,0
14115,582.1,55.11,1.089,41.12,0
14116,558.7,39.74,0.953,26.46,0
14117,36.4,53.85,1.484,42.93,0
14118,389.5,70.37,1.832,45.79,0
14119,175.1,58.16,3.895,29.87,1
14120,752.6,64.94,11.408,34.53,1
14121,100.6,23.72,1.16,37.28,0
14122,143.1,44.84,3.004,34.81,0
14123,454.2,55.62,1.415,53.49,0
14124,357.9,79.55,2.711,43.25,0
14125,683.1,27.01,4.071,44.98,0
14126,342.9,41.39,0.836,40.11,0
14127,394.1,39.82,4.997,51.13,0
14128,530.3,71.45,3.904,44.44,0
14129,363.9,79.62,1.48,50.01,0
14130,1051.2,79.09,1.27,39.98,0
14131,753.3,46.27,1.833,39.33,0
14132,439.9,17.88,1.778,40.38,0
14133,296.7,52.03,1.734,41.94,0
14134,240.8,98.52,0.88,39.32,0
14135,329.0,70.06,2.125,39.09,0
14136,200.7,85.34,3.339,32.61,0
14137,759.4,15.63,2.36,41.92,0
14138,586.9,83.76,1.361,35.43,1
14139,208.0,76.61,1.951,45.08,0
14140,527.7,50.95,2.372,46.35,1
14141,373.9,28.24,1.116,34.56,0
14142,741.9,43.45,2.647,36.78,0
14143,153.8,68.98,1.967,42.54,0
14144,124.7,74.68,2.589,49.4,0
14145,1135.6,71.44,2.429,25.57,1
14146,252.2,58.63,1.587,42.16,0
14147,985.8,24.79,1.493,39.68,0
14148,132.9,64.72,2.547,34.33,0
14149,400.2,70.6,0.986,35.86,0
14150,499.6,7.23,3.771,47.84,0
14151,353.5,62.35,0.663,45.93,0
14152,219.7,29.87,5.009,36.89,0
14153,816.4,18.29,2.5,41.46,0
14154,59.1,37.57,1.684,51.89,0
14155,375.3,38.91,1.404,35.14,0
14156,542.3,51.99,2.82,42.73,0
14157,732.0,66.87,2.211,39.32,1
14158,234.8,43.63,3.666,31.0,0
14159,468.5,36.08,4.016,36.26,0
14160,420.9,59.47,3.231,35.98,0
14161,442.1,28.71,2.608,33.27,0
14162,140.6,64.78,0.724,46.6,0
14163,283.6,36.84,3.231,42.24,0
14164,407.8,48.85,3.722,42.13,0
14165,128.0,69.57,0.699,43.86,0
14166,768.7,64.64,1.225,40.44,0
14167,666.9,54.5,3.145,37.32,0
14168,226.9,87.12,2.67,39.2,0
14169,692.1,79.09,6.773,43.41,1
14170,173.5,55.41,2.786,40.46,0
14171,65.9,57.24,2.129,43.17,0
14172,591.6,81.99,6.161,41.69,1
14173,192.1,44.22,4.595,35.01,0
14174,342.2,65.6,5.393,42.88,1
14175,217.6,43.88,0.706,40.48,0
14176,491.6,92.86,2.321,39.18,1
14177,406.9,59.01,1.452,30.87,0
14178,323.2,73.89,2.321,29.13,1
14179,66.3,61.0,1.607,34.34,0
14180,622.5,50.95,4.483,49.27,0
14181,846.9,47.93,1.688,35.26,0
14182,501.1,11.37,0.969,38.45,0
14183,209.4,97.31,2.077,30.56,1
14184,312.6,86.6,3.526,43.63,0
14185,621.2,60.35,1.267,45.63,0
14186,269.0,43.59,2.056,54.1,0
14187,362.3,23.66,0.848,43.09,0
14188,425.5,78.6,3.092,32.73,1
14189,225.7,36.94,1.547,30.57,0
14190,303.5,77.28,1.996,41.69,0
14191,938.0,56.35,0.889,49.31,0
14192,629.2,92.29,4.891,38.0,1
14193,183.7,66.03,1.102,37.36,0
14194,655.8,85.25,1.711,35.31,0
14195,470.6,2.71,4.197,29.37,0
14196,505.4,41.58,2.403,33.54,0
14197,174.8,43.05,4.149,36.52,0
14198,283.8,35.57,3.106,42.94,0
14199,506.4,78.11,1.246,36.77,0
14200,481.7,55.18,2.313,38.72,0
14201,162.6,83.32,4.719,32.11,0
14202,655.8,80.39,4.818,42.75,0
14203,1352.3,90.55,2.446,36.06,1
14204,287.9,76.49,1.425,37.55,0
14205,254.6,52.93,5.547,35.49,0
14206,76.3,77.87,1.694,40.62,0
14207,161.4,40.34,2.807,44.55,0
14208,488.2,67.19,1.815,38.34,0
14209,622.9,54.61,5.441,35.28,0
14210,287.7,79.13,0.614,38.29,0
14211,324.1,43.34,2.615,33.35,0
14212,383.6,39.55,3.18,31.63,0
14213,451.5,84.37,4.185,37.98,0
14214,105.7,63.94,1.359,35.9,0
14215,81.4,38.25,2.179,37.81,0
14216,228.5,63.54,1.713,37.24,0
14217,492.3,36.22,1.164,41.13,0
14218,367.6,45.78,2.735,42.67,0
14219,614.0,30.1,1.066,35.93,0
14220,524.2,44.74,1.919,35.6,0
14221,195.3,34.36,1.922,32.11,0
14222,386.3,56.23,1.687,36.45,0
14223,440.3,62.23,2.043,51.81,0
14224,603.0,58.22,0.988,36.16,1
14225,385.3,44.16,2.11,40.38,0
14226,75.4,73.94,4.708,36.58,0
14227,230.1,67.95,2.007,38.0,0
14228,375.2,84.27,2.051,30.0,1
14229,58.1,78.77,2.374,34.28,0
14230,638.0,89.2,4.951,47.3,1
14231,333.2,88.5,3.313,44.19,0
14232,190.1,61.76,1.22,40.83,0
14233,475.7,81.74,4.526,41.61,0
14234,218.4,54.13,1.402,35.41,0
14235,1186.4,51.11,1.166,31.53,0
14236,95.1,70.46,1.433,47.4,0
14237,321.9,56.96,1.569,40.99,0
14238,218.5,42.67,4.049,32.44,0
14239,514.4,25.34,1.407,42.77,0
14240,1671.0,26.89,1.622,53.76,0
14241,355.1,17.56,2.383,42.64,0
14242,1389.5,80.64,1.712,32.47,1
14243,437.2,87.09,1.301,43.4,1
14244,714.6,81.62,2.884,48.64,1
14245,379.2,56.27,1.674,40.0,0
14246,500.8,63.91,3.067,42.36,1
14247,490.6,42.92,1.984,33.2,0
14248,524.9,58.91,2.187,38.7,0
14249,102.8,70.3,1.355,35.36,0
14250,167.9,75.69,1.971,32.95,0
14251,58.1,85.89,1.973,37.34,0
14252,218.7,65.55,0.844,41.16,0
14253,421.1,64.27,2.93,32.49,0
14254,278.8,49.84,1.953,40.82,0
14255,197.3,52.15,2.645,41.17,0
14256,367.2,78.79,1.445,34.05,1
14257,268.8,75.02,3.833,20.88,1
14258,453.0,74.32,1.748,39.57,0
14259,233.6,42.19,1.828,26.97,0
14260,287.1,50.29,0.811,39.06,0
14261,380.6,75.52,1.912,36.73,0
14262,241.7,80.79,3.689,56.96,0
14263,382.4,16.85,2.788,35.52,0
14264,352.0,64.19,2.372,33.13,1
14265,664.1,36.13,2.201,32.96,0
14266,769.1,41.32,1.451,46.01,0
14267,445.7,51.08,1.759,37.27,0
14268,142.9,95.26,3.531,29.86,1
14269,503.8,59.61,4.504,43.78,0
14270,893.3,41.32,2.01,43.8,0
14271,730.8,59.84,0.701,36.91,0
14272,528.1,69.25,0.81,31.92,0
14273,361.6,62.51,1.576,37.29,1
14274,924.7,75.31,2.121,37.97,0
14275,304.8,36.37,1.815,33.83,0
14276,333.8,70.44,2.771,30.32,1
14277,673.6,59.95,1.635,36.79,0
14278,263.5,74.73,1.133,42.02,0
14279,642.8,59.59,0.923,46.1,0
14280,127.8,68.17,1.663,32.26,0
14281,105.3,14.4,1.349,43.66,0
14282,710.1,41.04,1.421,40.5,0
14283,150.7,57.19,0.722,45.3,0
14284,445.8,64.79,2.526,47.42,0
14285,447.2,60.54,2.192,32.58,0
14286,392.2,74.78,1.587,44.12,0
14287,233.5,89.53,2.238,46.42,0
14288,176.3,57.06,1.06,44.74,0
14289,452.7,69.72,3.595,44.44,0
14290,221.1,47.53,3.462,44.45,0
14291,225.9,25.08,1.922,25.24,0
14292,48.4,51.73,1.067,47.16,0
14293,116.7,64.53,4.503,32.37,0
14294,785.5,67.63,2.036,45.5,0
14295,286.6,32.92,2.598,34.36,0
14296,771.4,74.44,4.231,44.72,0
14297,338.5,68.19,2.929,43.19,0
14298,458.0,72.67,1.302,47.51,0
14299,464.4,68.19,1.502,37.06,0
14300,634.1,57.4,1.23,36.0,0
14301,356.5,61.55,2.013,36.63,0
14302,325.5,20.46,4.881,41.7,0
14303,261.0,53.17,1.233,35.53,0
14304,687.4,84.33,3.469,44.69,0
14305,290.9,37.42,1.027,21.95,0
14306,427.3,62.26,4.223,47.47,0
14307,870.0,46.82,0.858,31.87,0
14308,184.6,40.54,2.064,35.09,0
14309,393.7,61.69,0.994,36.51,1
14310,568.4,48.36,2.08,33.73,0
14311,308.1,63.49,2.639,27.53,0
14312,263.1,71.23,2.275,37.99,0
14313,461.4,24.6,2.603,30.54,0
14314,814.8,48.48,2.653,37.25,0
14315,417.1,36.25,2.466,45.17,0
14316,304.5,7.31,3.628,46.77,0
14317,423.1,55.76,2.127,44.13,0
14318,933.5,83.36,2.794,40.88,0
14319,10.2,71.11,4.237,41.82,0
14320,292.4,22.53,1.862,34.85,0
14321,617.3,30.33,1.851,38.47,0
14322,64.8,63.43,1.415,29.87,0
14323,357.2,66.26,2.825,42.15,0
14324,202.9,63.34,2.279,31.41,0
14325,178.8,51.39,1.699,33.56,0
14326,416.0,44.17,2.696,48.97,0
14327,221.4,61.75,2.676,36.01,0
14328,129.3,58.96,1.202,37.52,0
14329,114.6,41.08,3.692,38.98,0
14330,942.8,90.95,2.413,36.08,1
14331,367.4,32.29,1.572,30.28,0
14332,563.8,51.03,1.057,43.69,0
14333,667.3,35.74,1.247,38.33,0
14334,397.2,79.72,1.56,39.23,0
14335,179.0,86.27,3.11,36.83,0
14336,327.7,88.17,1.882,44.73,0
14337,693.8,10.57,1.502,38.56,0
14338,223.9,38.4,0.918,36.13,0
14339,681.8,63.06,0.872,40.36,0
14340,306.0,32.88,1.678,38.74,0
14341,476.1,55.98,0.343,45.92,0
14342,743.6,52.89,1.89,47.78,0
14343,585.7,35.1,2.406,39.95,0
14344,615.7,71.96,2.911,29.49,1
14345,269.7,45.32,1.15,43.86,0
14346,185.9,81.81,1.646,29.17,0
14347,168.8,66.65,1.219,37.43,0
14348,557.0,79.41,4.834,29.27,1
14349,395.6,68.34,1.09,36.17,0
14350,137.1,63.02,1.362,39.16,0
14351,615.9,81.66,5.922,39.54,1
14352,241.0,63.39,1.201,42.52,0
14353,209.4,87.25,2.728,33.15,0
14354,126.8,66.33,1.383,36.28,0
14355,286.8,68.36,4.666,57.94,0
14356,1160.0,28.71,2.198,30.76,0
14357,379.0,51.51,1.039,37.87,0
14358,249.2,54.09,5.416,40.98,0
14359,323.6,70.21,2.201,20.52,0
14360,583.0,57.0,2.044,39.31,0
14361,314.5,71.35,2.566,45.38,0
14362,400.6,48.35,3.551,31.5,0
14363,231.2,71.82,3.265,42.02,0
14364,357.0,38.31,1.367,31.62,0
14365,613.1,23.56,1.407,46.81,0
14366,727.0,72.08,0.985,32.39,0
14367,588.6,63.75,2.27,43.9,0
14368,266.3,77.67,1.231,45.8,0
14369,602.6,80.8,1.713,37.91,1
14370,563.5,50.1,1.162,43.59,0
14371,270.6,46.26,2.433,37.97,0
14372,240.5,24.01,1.655,38.19,0
14373,261.7,50.98,1.297,34.57,0
14374,717.6,29.5,2.081,45.87,0
14375,365.0,49.27,2.081,33.1,0
14376,355.6,56.61,1.317,45.85,0
14377,194.3,67.6,3.103,20.92,0
14378,286.7,41.12,4.433,44.38,0
14379,828.0,27.78,4.048,34.65,0
14380,248.7,38.59,0.746,45.83,0
14381,291.9,80.57,1.933,33.85,0
14382,304.9,91.63,1.711,35.71,1
14383,295.7,54.25,4.677,29.47,0
14384,543.2,47.98,0.92,33.8,0
14385,928.5,59.81,0.729,42.84,0
14386,754.4,38.31,3.725,38.0,0
14387,360.3,50.66,1.636,23.13,0
14388,186.5,65.96,0.816,27.11,0
14389,1606.5,44.41,4.914,33.26,1
14390,128.9,30.11,1.633,33.28,0
14391,630.4,39.95,1.74,35.93,0
14392,453.8,76.28,1.625,29.65,1
14393,352.3,7.04,2.695,38.26,0
14394,196.4,75.59,2.11,52.16,0
14395,299.0,31.03,2.509,43.35,0
14396,411.3,21.7,2.783,46.58,0
14397,398.8,57.69,1.555,25.44,0
14398,137.7,43.14,4.243,36.25,0
14399,128.6,49.72,1.981,50.03,0
14400,359.7,3.49,0.791,34.66,0
14401,165.9,52.96,1.593,32.73,0
14402,558.2,48.03,5.342,36.38,0
14403,883.4,65.16,1.693,46.82,0
14404,234.1,58.06,3.202,47.29,0
14405,735.8,49.2,0.797,31.94,0
14406,435.1,41.97,9.545,38.89,1
14407,756.3,13.99,1.691,34.35,0
14408,313.0,50.98,1.113,36.62,0
14409,442.0,71.05,0.744,44.17,0
14410,123.1,48.15,0.883,39.98,0
14411,85.6,65.12,2.211,36.77,0
14412,245.8,18.26,1.069,41.03,0
14413,594.7,44.25,2.903,35.54,0
14414,721.4,42.4,0.634,38.68,0
14415,212.7,42.95,1.717,38.46,0
14416,684.6,64.73,1.967,35.48,0
14417,366.9,20.68,0.925,40.93,0
14418,336.2,36.25,1.993,35.52,0
14419,409.9,51.32,1.059,33.05,0
14420,329.2,60.74,1.517,48.47,0
14421,525.0,25.55,0.413,48.17,0
14422,449.7,40.82,4.959,36.06,0
14423,177.9,86.26,4.41,38.59,0
14424,291.7,73.84,1.461,38.89,0
14425,580.9,61.78,1.695,37.75,0
14426,292.7,56.45,1.039,50.08,0
14427,420.7,34.12,2.427,41.94,0
14428,707.1,41.66,1.657,40.58,0
14429,507.2,43.54,1.891,33.58,1
14430,757.9,71.87,1.687,27.63,1
14431,332.6,74.74,0.905,51.88,0
14432,746.5,68.53,1.738,31.02,0
14433,455.7,30.17,3.644,38.73,0
14434,1066.7,64.19,1.82,40.78,0
14435,1018.9,35.49,5.281,40.29,0
14436,485.8,63.24,1.373,33.87,0
14437,626.5,83.52,1.064,43.73,1
14438,748.9,82.04,2.222,31.05,1
14439,243.4,45.08,1.26,35.48,0
14440,493.8,57.87,3.569,41.43,0
14441,477.2,50.91,1.573,34.04,0
14442,354.0,86.55,6.655,42.73,0
14443,296.4,59.34,2.008,36.0,0
14444,137.1,55.55,3.814,41.96,0
14445,551.1,49.95,2.281,38.06,0
14446,299.2,58.93,1.243,46.2,0
14447,725.2,67.3,4.038,35.24,0
14448,118.9,25.31,3.239,30.72,0
14449,856.3,45.84,0.585,26.27,0
14450,544.2,41.91,2.65,29.94,0
14451,149.9,54.82,1.712,37.26,0
14452,742.1,92.43,2.679,42.23,1
14453,438.4,80.1,1.269,49.46,0
14454,388.2,49.42,2.673,38.29,0
14455,335.7,33.91,3.902,35.63,0
14456,144.5,58.96,0.844,29.38,0
14457,743.5,37.32,3.522,48.07,0
14458,492.5,43.14,2.902,37.33,0
14459,422.3,21.07,1.255,44.31,0
14460,1011.1,75.05,1.451,27.95,0
14461,1035.2,79.1,2.537,38.56,1
14462,567.6,90.39,0.978,35.25,1
14463,175.4,38.85,3.76,31.45,0
14464,310.0,57.17,1.548,37.69,0
14465,639.3,25.73,1.036,27.7,0
14466,1056.6,84.58,3.196,40.62,0
14467,1073.8,62.56,2.749,38.01,0
14468,756.2,14.7,2.208,33.9,0
14469,369.2,53.17,1.644,31.44,0
14470,364.6,39.22,0.632,42.34,0
14471,114.4,38.76,4.675,33.93,0
14472,113.1,64.63,3.519,35.56,0
14473,356.7,72.66,1.955,18.79,1
14474,659.9,75.91,1.951,47.42,0
14475,135.6,70.82,1.501,38.81,0
14476,734.2,60.34,1.119,37.07,1
14477,1261.3,28.88,1.735,28.45,0
14478,761.9,83.65,3.608,45.96,0
14479,557.6,95.89,1.201,28.47,1
14480,77.4,49.35,2.787,34.02,0
14481,326.7,47.19,2.008,44.45,0
14482,46.2,76.76,1.765,31.55,0
14483,385.7,29.77,1.205,44.34,0
14484,365.3,45.56,1.458,39.58,0
14485,619.1,68.57,1.104,38.2,0
14486,510.3,54.82,2.609,38.25,0
14487,51.7,61.75,1.857,38.37,0
14488,1220.9,56.63,3.655,30.89,1
14489,213.1,73.28,2.409,46.46,0
14490,59.3,34.69,1.11,43.77,0
14491,480.7,57.5,6.429,46.14,0
14492,463.0,40.5,1.002,38.42,0
14493,347.0,47.21,1.404,31.87,0
14494,134.8,42.76,2.198,43.47,0
14495,539.4,52.63,2.359,39.47,1
14496,55.4,22.18,1.429,32.07,0
14497,120.3,41.23,3.05,35.36,0
14498,180.2,87.99,2.438,37.14,1
14499,1151.5,60.14,4.151,40.6,1
14500,324.0,61.17,1.287,46.9,0
14501,507.7,56.67,0.778,30.26,0
14502,166.6,53.96,1.465,34.24,0
14503,269.2,41.5,1.908,34.98,0
14504,551.9,75.62,3.595,39.95,1
14505,326.9,82.72,2.387,48.38,0
14506,343.5,50.5,1.172,36.99,0
14507,552.7,80.84,2.134,41.83,0
14508,443.5,26.64,2.499,52.86,0
14509,34.6,32.42,4.177,43.94,0
14510,175.0,64.85,4.511,31.79,0
14511,722.2,79.31,1.18,39.16,1
14512,248.3,18.2,1.064,23.99,0
14513,192.4,15.68,1.572,42.54,0
14514,313.6,20.78,3.197,40.08,0
14515,795.7,38.5,3.163,28.87,0
14516,281.5,33.89,4.311,31.79,0
14517,121.7,27.3,2.335,47.78,0
14518,592.7,31.08,3.422,42.56,0
14519,392.9,85.67,1.816,27.75,1
14520,210.5,48.96,4.241,41.25,0
14521,66.6,55.42,1.526,47.47,0
14522,323.1,52.6,2.904,37.63,0
14523,249.9,78.61,2.291,33.89,0
14524,154.4,43.24,0.85,37.07,0
14525,211.1,12.27,2.894,44.3,0
14526,216.6,47.75,0.648,38.56,0
14527,330.0,41.78,3.29,41.54,0
14528,423.8,38.33,0.753,43.75,0
14529,212.9,36.56,1.124,45.57,0
14530,247.6,47.59,1.926,38.16,1
14531,446.2,85.57,3.313,42.81,0
14532,861.3,28.87,2.458,30.85,0
14533,345.9,34.46,0.767,42.54,0
14534,494.6,39.19,1.28,31.27,0
14535,154.6,59.69,3.399,24.91,0
14536,39.8,52.23,1.216,23.88,0
14537,304.3,18.17,1.46,34.62,0
14538,152.9,41.54,2.759,50.21,0
14539,794.1,61.69,2.931,43.86,0
14540,943.6,87.25,1.494,37.13,1
14541,702.5,83.63,2.904,37.98,1
14542,307.8,49.66,0.943,37.0,0
14543,238.1,85.42,4.549,41.52,0
14544,270.8,48.63,2.761,35.99,0
14545,555.7,34.65,1.501,34.5,0
14546,258.1,56.51,2.532,34.37,0
14547,94.7,23.5,1.869,38.93,0
14548,379.8,57.75,1.768,34.75,0
14549,537.6,85.56,3.247,39.0,1
14550,428.8,51.64,2.461,40.08,0
14551,572.4,81.89,1.545,31.33,0
14552,129.8,86.77,2.61,43.05,0
14553,146.5,55.88,1.465,28.77,0
14554,787.6,48.81,3.668,43.33,0
14555,256.1,33.94,2.861,27.64,0
14556,597.3,76.38,1.779,44.78,0
14557,205.3,57.32,0.598,33.68,0
14558,167.6,85.19,2.563,50.28,0
14559,122.0,27.75,1.468,48.69,0
14560,98.6,75.06,4.117,35.66,1
14561,486.5,89.56,1.039,41.34,1
14562,72.1,57.24,1.646,44.24,0
14563,449.4,16.71,2.522,43.45,0
14564,433.7,47.75,1.763,43.11,0
14565,1258.3,68.27,1.851,42.15,0
14566,243.5,51.33,2.394,50.52,0
14567,526.2,20.67,3.875,36.1,0
14568,115.8,31.61,2.965,31.15,0
14569,767.3,87.58,1.327,39.13,1
14570,144.8,39.58,3.883,42.62,0
14571,243.4,49.87,1.48,50.46,0
14572,478.9,23.57,1.248,39.19,0
14573,561.7,86.47,2.919,30.37,1
14574,1374.5,68.02,0.739,33.94,0
14575,48.7,48.46,3.138,34.84,0
14576,237.8,31.44,1.232,34.52,0
14577,431.4,28.87,1.318,22.95,0
14578,253.3,49.75,1.76,35.99,0
14579,106.6,48.56,2.427,37.55,0
14580,223.1,55.08,6.528,51.12,0
14581,663.0,58.83,3.91,41.43,1
14582,963.2,12.9,0.977,39.64,0
14583,275.7,25.0,2.343,44.22,0
14584,216.1,78.66,1.054,46.0,0
14585,686.7,24.86,2.402,30.58,0
14586,357.5,69.55,1.211,46.28,0
14587,347.3,83.04,0.942,41.36,0
14588,272.3,78.73,1.594,34.89,0
14589,614.8,14.11,1.951,20.53,0
14590,209.7,43.84,1.842,39.96,0
14591,696.7,85.25,2.702,38.44,1
14592,626.3,71.81,3.1,32.3,1
14593,804.0,81.19,3.23,52.44,0
14594,79.2,14.74,2.173,40.35,0
14595,340.2,35.22,1.37,51.01,0
14596,379.3,31.22,0.831,39.86,0
14597,712.5,44.68,3.746,31.21,1
14598,1053.4,41.29,4.493,41.13,0
14599,1290.6,46.02,1.044,41.59,0
14600,815.6,34.29,5.207,39.4,0
14601,120.2,67.72,3.027,21.04,1
14602,196.2,56.88,1.544,47.67,0
14603,273.9,19.08,1.734,36.64,0
14604,544.6,73.37,2.027,21.04,0
14605,49.9,24.26,1.494,39.8,0
14606,422.5,59.4,3.356,24.91,0
14607,720.7,42.23,1.348,35.01,0
14608,261.4,37.52,3.351,34.74,0
14609,97.5,29.81,2.841,31.38,0
14610,586.0,38.77,1.544,43.12,0
14611,964.8,46.41,1.399,40.95,0
14612,568.8,73.82,0.992,39.55,0
14613,421.3,93.22,1.837,39.06,0
14614,210.7,80.12,1.571,28.43,0
14615,423.8,32.36,4.74,43.11,0
14616,428.2,33.63,2.62,53.48,0
14617,972.5,37.89,1.743,38.36,0
14618,602.7,28.68,4.927,36.08,0
14619,30.2,62.4,1.821,43.03,0
14620,744.3,88.54,1.785,55.71,1
14621,414.7,86.02,3.45,43.07,0
14622,494.2,78.82,1.294,36.67,0
14623,160.3,48.77,3.406,44.08,0
14624,818.6,28.1,1.499,31.95,0
14625,123.5,41.95,1.995,41.11,0
14626,593.4,92.46,5.162,29.57,1
14627,689.7,7.84,4.791,28.62,0
14628,1323.5,43.96,2.857,33.68,0
14629,72.0,28.52,5.277,42.29,0
14630,360.9,63.07,2.397,44.76,0
14631,604.3,33.71,3.398,39.88,0
14632,658.6,45.86,3.552,37.69,0
14633,112.2,56.65,1.036,33.92,0
14634,614.2,98.28,2.62,35.59,1
14635,183.9,67.37,5.11,45.7,0
14636,640.0,5.48,2.559,31.66,0
14637,675.1,32.97,0.884,38.38,0
14638,772.4,52.87,1.653,44.63,0
14639,70.5,57.41,1.793,35.24,0
14640,396.1,31.99,0.553,32.71,0
14641,338.5,46.53,4.5,38.62,0
14642,477.4,63.97,2.402,53.87,0
14643,376.4,49.03,5.515,33.54,1
14644,340.2,59.39,3.648,33.8,0
14645,380.3,39.59,1.179,22.88,1
14646,489.9,46.08,1.713,45.39,0
14647,385.1,82.39,2.232,31.8,1
14648,92.0,16.28,3.346,35.61,0
14649,256.3,47.99,4.38,28.69,0
14650,636.0,22.5,1.786,46.22,0
14651,1567.1,55.8,2.951,38.84,0
14652,815.0,55.03,2.015,44.24,0
14653,154.9,54.43,1.016,37.67,0
14654,227.1,47.93,3.94,49.24,0
14655,325.7,63.84,3.932,37.45,0
14656,954.0,5.07,1.457,41.14,0
14657,308.1,7.83,2.391,30.46,0
14658,237.5,30.84,1.778,38.76,0
14659,381.4,57.33,1.119,51.15,0
14660,500.7,80.72,5.45,42.2,1
14661,276.4,49.36,2.543,40.47,0
14662,635.0,42.72,1.813,38.87,0
14663,258.1,54.99,1.66,41.57,0
14664,792.3,91.29,2.822,44.67,1
14665,209.7,35.94,2.274,37.48,0
14666,52.7,54.97,1.832,40.05,0
14667,345.0,45.86,3.566,35.88,1
14668,49.3,27.58,3.037,38.31,0
14669,191.3,70.05,1.839,42.08,0
14670,113.4,27.8,2.438,42.33,0
14671,651.1,68.49,1.182,42.69,0
14672,246.3,84.1,1.776,42.18,0
14673,340.4,41.81,3.176,43.11,0
14674,413.3,24.32,2.793,40.31,0
14675,331.2,67.02,3.722,35.85,0
14676,173.2,79.93,2.553,28.74,1
14677,393.8,26.68,0.569,50.52,0
14678,860.4,76.19,1.397,40.9,0
14679,288.0,32.84,2.057,44.1,0
14680,328.3,43.79,0.976,44.78,0
14681,365.2,62.17,1.439,27.07,0
14682,692.7,64.63,3.136,33.35,0
14683,316.3,44.33,1.172,37.04,0
14684,92.1,17.61,3.832,33.98,0
14685,126.4,36.68,2.386,43.1,0
14686,413.0,69.4,1.228,36.14,0
14687,387.3,79.87,1.669,41.18,0
14688,127.4,46.0,1.939,45.36,0
14689,199.0,67.31,2.076,31.27,0
14690,843.4,56.76,4.135,19.58,0
14691,144.5,47.56,2.02,44.27,0
14692,209.8,62.83,3.558,41.33,0
14693,1108.8,14.46,2.058,44.88,0
14694,336.4,87.4,0.7,34.6,1
14695,216.6,52.42,2.06,39.37,0
14696,401.8,30.64,3.24,56.87,0
14697,160.8,71.1,1.816,36.67,0
14698,1045.9,60.82,1.173,38.05,0
14699,347.4,68.76,3.683,40.85,0
14700,230.6,28.7,3.335,41.18,0
14701,241.9,36.47,1.087,33.36,0
14702,537.5,41.2,2.603,48.83,0
14703,200.4,46.48,2.514,43.27,0
14704,427.7,24.03,4.184,41.4,0
14705,569.2,27.14,5.743,28.86,0
14706,570.9,67.05,4.127,43.19,0
14707,377.5,77.74,0.783,43.66,0
14708,230.1,32.82,1.765,43.45,0
14709,180.7,21.71,3.683,23.19,0
14710,107.6,60.18,3.563,30.84,0
14711,576.4,25.58,1.755,38.29,0
14712,215.7,49.52,1.92,40.44,0
14713,319.3,88.2,4.573,37.09,0
14714,172.6,7.9,2.222,39.8,0
14715,466.2,55.6,3.192,28.1,0
14716,1021.8,39.06,2.533,42.85,1
14717,225.8,76.93,0.967,34.71,0
14718,683.3,81.43,2.416,45.59,1
14719,754.6,72.7,3.056,44.99,0
14720,579.7,42.81,1.533,51.04,0
14721,766.3,75.89,1.5,34.94,1
14722,556.0,72.43,1.829,42.16,0
14723,157.5,16.62,1.465,45.36,0
14724,257.9,13.48,1.615,39.55,0
14725,230.7,71.45,1.957,37.43,1
14726,563.8,75.92,3.495,41.12,1
14727,485.6,75.57,1.294,34.31,0
14728,202.2,61.26,2.066,45.66,0
14729,142.4,49.4,0.774,38.3,0
14730,419.5,7.51,1.393,44.61,0
14731,331.4,37.08,2.143,46.46,0
14732,174.3,10.27,1.786,37.13,0
14733,1045.2,16.91,1.046,32.81,0
14734,247.3,84.65,1.267,39.93,0
14735,122.4,39.69,3.291,29.96,0
14736,692.5,45.8,2.704,40.43,0
14737,210.3,63.14,2.949,41.16,0
14738,1300.2,39.33,2.134,35.12,1
14739,235.7,45.54,2.524,43.37,0
14740,266.3,76.34,2.019,46.08,0
14741,152.0,79.37,1.546,36.79,0
14742,213.4,40.53,3.003,33.0,0
14743,25.2,49.81,1.785,34.44,0
14744,672.1,52.75,2.083,43.31,0
14745,382.4,64.18,1.51,37.56,0
14746,154.5,66.54,1.217,35.17,0
14747,1149.2,48.84,2.721,43.55,0
14748,262.6,41.68,4.631,40.44,0
14749,140.8,93.7,1.98,35.94,1
14750,167.2,73.45,1.139,39.43,0
14751,560.9,62.38,1.431,37.48,0
14752,555.8,17.69,1.006,38.03,0
14753,464.1,88.95,1.718,45.51,0
14754,247.2,18.97,2.148,40.32,0
14755,159.0,80.84,1.001,34.62,0
14756,205.0,63.34,2.254,37.39,0
14757,386.7,65.27,0.924,26.85,0
14758,528.2,55.34,3.098,39.5,0
14759,588.0,74.68,1.715,28.05,0
14760,242.2,50.33,0.866,39.93,0
14761,447.1,86.85,1.108,48.35,0
14762,254.7,24.42,2.848,32.82,0
14763,1915.9,69.03,2.398,50.43,1
14764,242.0,66.85,2.017,35.94,0
14765,805.0,31.11,1.908,44.48,0
14766,564.7,72.64,1.756,45.43,0
14767,68.2,37.64,2.415,31.49,0
14768,13.4,49.74,1.726,28.72,0
14769,375.5,87.3,1.693,44.22,0
14770,379.6,71.21,1.806,41.07,0
14771,169.4,62.47,1.142,28.6,0
14772,842.4,63.87,6.57,31.06,1
14773,768.8,69.72,3.548,29.79,1
14774,603.6,73.28,1.018,37.27,0
14775,442.1,78.68,3.27,40.9,1
14776,394.6,24.84,2.466,40.65,0
14777,183.6,85.92,2.679,35.44,0
14778,548.3,78.19,1.885,27.5,1
14779,528.5,28.58,4.351,44.84,0
14780,998.9,53.2,1.94,23.03,0
14781,296.9,27.42,0.708,45.55,0
14782,338.1,76.87,0.96,29.03,0
14783,78.7,56.09,1.2,42.54,0
14784,92.0,17.94,1.056,36.68,0
14785,398.4,75.13,0.716,25.8,0
14786,217.1,20.8,1.067,40.1,0
14787,362.9,57.17,5.654,34.41,1
14788,198.6,25.77,1.55,37.47,0
14789,124.5,86.25,4.601,42.0,0
14790,967.7,43.51,2.631,36.67,0
14791,314.8,54.36,0.85,41.85,0
14792,473.6,52.29,1.728,34.48,0
14793,1148.7,33.01,2.686,36.8,0
14794,214.2,45.71,0.943,28.23,0
14795,321.1,26.51,1.02,42.46,0
14796,228.8,36.45,1.655,37.33,0
14797,393.5,68.99,4.762,41.89,0
14798,680.5,16.88,1.737,34.97,0
14799,96.8,76.58,1.588,35.84,1
14800,705.0,69.39,6.455,39.29,0
14801,319.8,15.86,2.739,43.68,0
14802,314.2,69.06,3.938,49.4,0
14803,240.4,64.42,3.059,39.5,0
14804,251.4,66.42,4.334,41.97,0
14805,321.5,27.18,0.908,25.49,0
14806,685.3,73.14,6.137,35.86,1
14807,91.9,75.36,0.923,30.82,0
14808,172.0,51.9,0.886,40.51,0
14809,393.4,40.43,1.07,43.39,0
14810,171.0,73.7,1.498,31.52,1
14811,69.2,52.71,1.408,32.58,0
14812,633.9,81.09,2.447,31.64,1
14813,59.2,56.17,2.639,37.65,0
14814,688.8,75.24,2.746,32.8,0
14815,707.8,22.95,0.376,18.93,0
14816,598.1,71.71,0.922,38.72,0
14817,471.8,24.04,1.518,34.61,0
14818,442.5,25.21,2.965,48.69,0
14819,605.3,15.69,1.897,40.98,0
14820,1048.4,66.62,2.959,37.48,1
14821,828.5,58.91,3.114,41.32,0
14822,516.2,14.09,2.7,39.46,0
14823,444.0,35.78,1.504,37.34,0
14824,410.1,60.06,2.401,40.82,0
14825,297.5,53.94,4.318,27.31,0
14826,270.2,61.04,1.58,45.79,0
14827,365.1,36.25,4.778,45.48,0
14828,642.7,80.71,4.126,39.51,0
14829,62.9,61.87,2.468,23.95,0
14830,467.9,16.78,3.734,31.45,0
14831,830.4,47.71,1.604,47.72,0
14832,115.5,29.46,0.999,43.73,0
14833,583.3,77.89,1.955,35.5,1
14834,346.5,70.11,1.357,31.77,0
14835,311.6,40.62,1.881,40.26,0
14836,250.6,38.07,2.232,53.85,0
14837,147.7,30.79,1.521,36.57,0
14838,444.6,86.61,1.137,29.72,1
14839,373.9,46.76,1.559,26.82,0
14840,357.7,76.78,3.716,42.18,0
14841,889.6,61.02,2.9,47.4,0
14842,227.1,14.65,2.595,40.32,0
14843,445.1,58.83,1.852,40.47,0
14844,707.0,32.71,2.574,35.12,0
14845,335.5,89.17,1.878,42.61,1
14846,329.7,38.77,2.287,40.42,0
14847,522.5,42.41,3.028,40.74,0
14848,604.1,24.92,1.261,27.02,0
14849,114.5,43.67,3.908,38.6,0
14850,614.8,59.59,2.946,42.55,0
14851,70.0,57.4,2.21,26.83,0
14852,391.0,40.46,1.71,34.51,0
14853,301.1,42.59,1.783,30.57,0
14854,27.0,39.6,1.443,38.64,0
14855,533.5,33.85,2.963,37.79,0
14856,169.0,54.28,2.214,22.65,1
14857,253.0,57.02,1.352,19.59,0
14858,146.7,23.25,1.266,32.93,0
14859,265.6,69.67,1.652,36.0,0
14860,449.9,89.58,1.729,33.45,1
14861,146.8,46.21,0.84,40.03,0
14862,463.6,40.51,1.277,30.51,0
14863,735.2,71.76,8.134,36.51,1
14864,342.6,50.02,2.393,38.02,0
14865,596.9,95.9,1.859,34.91,1
14866,328.3,85.67,2.099,33.91,0
14867,604.8,49.14,3.378,57.06,1
14868,679.7,30.08,2.118,44.85,0
14869,685.8,78.72,1.108,28.36,1
14870,196.5,54.36,1.928,35.71,0
14871,217.2,51.78,2.997,30.99,0
14872,142.7,45.09,1.446,39.85,0
14873,506.6,70.8,1.757,26.53,1
14874,918.8,86.84,1.116,33.74,0
14875,197.0,88.18,2.397,49.09,0
14876,596.9,92.97,4.31,28.63,1
14877,585.7,78.71,1.135,45.3,0
14878,117.3,69.28,2.832,37.97,0
14879,367.3,48.64,2.369,34.6,0
14880,251.8,9.13,1.405,34.05,0
14881,548.9,54.54,1.833,44.14,0
14882,423.2,56.51,2.527,25.52,0
14883,248.6,55.73,2.819,45.28,0
14884,486.0,46.67,4.585,34.44,0
14885,219.8,29.86,2.277,47.24,0
14886,843.4,16.03,4.126,43.32,0
14887,573.4,83.77,3.03,38.38,0
14888,61.2,49.24,3.811,42.26,0
14889,488.8,43.51,1.579,41.58,0
14890,330.5,45.42,4.27,40.46,0
14891,801.6,54.41,1.845,36.36,1
14892,249.3,24.24,2.58,43.91,0
14893,461.6,31.14,2.542,37.43,0
14894,415.8,63.87,1.687,47.47,0
14895,96.1,31.95,3.071,32.04,1
14896,238.9,67.92,3.827,29.63,0
14897,186.0,52.39,2.007,47.34,0
14898,632.9,54.91,5.562,37.74,0
14899,153.0,26.9,1.175,49.28,0
14900,544.6,55.31,3.805,47.9,0
14901,446.1,33.9,1.417,41.34,0
14902,248.6,55.91,0.885,43.41,0
14903,1050.2,32.25,2.898,36.4,0
14904,879.7,88.01,3.133,36.83,1
14905,312.3,85.74,2.209,48.4,0
14906,1284.5,47.34,1.552,30.51,0
14907,687.1,32.76,0.884,39.94,0
14908,708.0,54.41,12.819,45.57,0
14909,536.3,36.04,2.239,42.38,0
14910,708.2,32.61,0.605,37.78,0
14911,224.2,33.65,1.643,39.77,0
14912,505.2,90.25,4.671,50.06,1
14913,819.3,59.38,2.773,39.67,0
14914,335.1,73.42,0.766,43.44,0
14915,675.4,54.22,1.083,40.7,0
14916,282.4,61.0,1.01,36.84,0
14917,641.3,76.24,3.53,42.73,0
14918,589.4,55.95,1.418,36.79,0
14919,196.8,25.58,2.073,32.46,0
14920,447.6,29.23,1.266,27.48,0
14921,440.8,78.25,3.041,34.34,0
14922,244.6,69.21,3.179,38.16,0
14923,259.2,19.39,1.958,36.72,0
14924,1523.3,75.01,3.679,37.15,0
14925,506.5,31.9,1.041,41.66,0
14926,34.9,70.15,2.624,43.03,0
14927,347.3,56.36,1.061,32.01,0
14928,648.6,60.31,2.365,33.16,0
14929,221.5,44.85,3.996,31.03,0
14930,444.0,31.24,1.586,41.04,0
14931,299.7,64.65,1.195,30.3,0
14932,316.1,80.11,1.083,46.49,0
14933,99.1,63.21,1.229,40.23,0
14934,385.9,64.87,0.684,42.99,0
14935,297.8,56.9,1.449,35.82,0
14936,58.4,57.53,2.362,32.92,0
14937,596.5,93.65,5.393,43.98,1
14938,337.3,7.47,2.637,39.23,0
14939,439.2,86.42,1.015,33.12,1
14940,465.2,68.7,5.342,34.11,0
14941,81.1,41.57,1.801,36.9,0
14942,251.6,40.75,2.933,32.31,0
14943,542.8,35.73,3.501,27.05,0
14944,884.4,68.64,3.57,32.94,1
14945,119.1,91.64,1.343,38.33,0
14946,34.7,32.04,4.223,36.7,0
14947,299.1,75.15,1.848,40.13,0
14948,72.2,43.38,2.194,27.23,0
14949,70.5,32.33,1.867,42.14,0
14950,861.5,13.52,1.001,54.8,0
14951,128.7,9.53,2.91,37.27,0
14952,357.3,32.27,6.691,41.85,1
14953,652.8,72.58,6.936,41.36,0
14954,82.7,64.82,1.519,48.91,0
14955,278.3,74.67,0.994,37.64,0
14956,430.8,80.52,3.181,33.05,1
14957,472.3,44.4,2.667,36.43,1
14958,184.3,36.58,1.769,30.46,0
14959,655.0,47.88,2.777,27.02,0
14960,229.2,36.53,2.011,45.26,0
14961,677.3,20.27,1.305,33.69,0
14962,635.8,57.03,1.81,33.58,0
14963,372.7,84.79,6.9,39.26,1
14964,42.4,62.32,3.357,35.22,0
14965,294.6,60.21,3.511,34.4,0
14966,446.4,41.69,1.7,26.21,0
14967,524.6,56.07,1.012,30.19,1
14968,122.2,88.26,1.867,28.4,1
14969,75.4,31.45,1.592,30.7,0
14970,422.8,74.46,1.027,29.16,0
14971,970.1,33.59,1.218,31.9,0
14972,1298.9,14.64,1.109,31.93,0
14973,206.4,36.99,2.775,41.6,0
14974,838.1,74.2,3.698,45.16,0
14975,310.8,63.04,0.993,38.15,0
14976,313.5,83.77,3.539,37.07,1
14977,418.6,76.4,0.519,40.4,0
14978,989.2,49.86,1.354,47.24,1
14979,364.7,42.45,3.469,45.3,0
14980,199.6,35.24,0.75,35.64,0
14981,711.7,37.98,4.071,35.94,1
14982,175.4,86.71,3.078,35.33,0
14983,627.2,48.66,1.531,43.29,0
14984,481.8,58.54,2.575,38.54,0
14985,633.0,42.82,2.085,39.79,0
14986,209.2,61.04,5.513,38.22,0
14987,436.1,26.49,4.875,29.72,0
14988,179.4,56.55,2.345,39.68,1
14989,174.6,45.62,2.738,45.69,0
14990,178.8,67.43,4.091,32.86,1
14991,344.9,46.15,1.132,38.8,0
14992,75.9,16.59,2.391,44.55,0
14993,94.1,33.18,2.293,29.85,0
14994,517.7,28.64,0.909,48.2,0
14995,297.8,81.14,1.531,38.54,0
14996,618.0,62.61,1.222,33.54,0
14997,453.3,29.72,1.14,44.59,0
14998,159.0,15.61,1.376,35.84,0
14999,222.8,61.58,1.438,42.38,0
15000,150.3,23.56,0.946,44.44,0
15001,360.2,65.44,3.024,47.83,0
15002,888.5,48.87,3.303,43.12,1
15003,194.2,41.23,1.772,36.94,0
15004,184.5,21.69,1.233,40.5,0
15005,456.3,44.9,2.507,35.28,0
15006,1135.4,61.75,3.785,32.94,1
15007,568.0,52.18,1.06,34.5,1
15008,482.2,40.47,1.773,31.92,0
15009,214.4,51.85,1.195,33.56,0
15010,343.8,67.77,3.797,29.44,1
15011,769.1,45.74,2.521,43.0,0
15012,438.9,29.63,2.981,35.27,0
15013,237.2,93.73,1.07,47.14,0
15014,1152.3,74.66,2.328,28.34,0
15015,324.4,38.61,4.78,39.08,0
15016,361.4,46.6,3.231,38.55,0
15017,408.1,43.87,2.526,40.33,0
15018,166.9,94.45,1.443,20.83,1
15019,361.1,19.87,4.064,29.6,0
15020,578.2,94.05,1.52,37.88,0
15021,325.7,40.71,3.04,36.1,0
15022,381.4,79.59,1.862,44.5,0
15023,97.8,60.78,1.626,39.05,0
15024,309.9,56.1,2.883,42.39,1
15025,450.5,30.54,2.035,22.13,0
15026,593.4,73.23,2.279,39.87,1
15027,854.0,39.66,2.227,38.2,0
15028,329.9,60.0,3.618,49.7,0
15029,1143.3,34.72,5.312,38.93,0
15030,369.6,57.74,2.375,39.4,0
15031,393.0,41.15,1.104,43.2,0
15032,215.9,75.59,1.106,47.03,0
15033,500.3,51.18,3.021,36.68,0
15034,814.8,44.99,1.461,19.04,0
15035,276.0,18.07,4.515,46.24,0
15036,822.9,26.31,2.112,50.54,0
15037,464.7,81.26,1.049,38.38,1
15038,330.0,55.43,8.07,20.82,0
15039,900.3,33.85,1.493,24.36,0
15040,560.4,88.82,1.197,22.61,1
15041,947.1,50.29,1.669,47.9,0
15042,572.9,43.32,2.51,34.25,0
15043,414.5,36.01,1.647,37.91,0
15044,582.2,49.51,2.323,44.93,0
15045,131.9,68.29,3.573,25.8,0
15046,227.3,87.78,2.251,31.47,1
15047,163.7,94.03,3.957,36.86,1
15048,146.2,67.61,2.317,38.43,0
15049,559.5,92.5,2.453,40.61,1
15050,154.4,69.74,1.563,41.74,0
15051,69.2,48.91,1.592,32.36,0
15052,117.8,63.43,4.019,41.31,0
15053,328.8,47.94,1.622,49.31,0
15054,433.5,39.23,3.881,49.08,0
15055,164.0,58.6,1.144,38.15,0
15056,736.8,88.25,2.615,40.2,0
15057,141.8,13.67,2.239,28.48,0
15058,412.8,55.31,1.012,28.51,0
15059,222.6,52.91,5.137,36.44,0
15060,521.1,40.15,0.921,34.96,0
15061,633.6,47.97,1.6,39.21,0
15062,372.0,81.59,0.837,41.14,0
15063,775.1,72.38,2.902,35.06,1
15064,290.4,70.43,4.64,36.61,0
15065,562.8,68.76,3.426,46.7,1
15066,229.8,42.2,0.867,42.38,0
15067,169.0,37.36,1.882,32.45,0
15068,132.6,70.49,1.352,28.01,0
15069,285.9,82.42,1.929,29.59,0
15070,481.9,69.27,1.542,28.5,1
15071,496.0,8.24,1.749,34.92,0
15072,405.1,79.02,2.145,44.5,0
15073,480.7,25.54,1.857,38.34,0
15074,616.6,42.82,1.348,43.12,0
15075,202.7,50.75,4.801,42.91,0
15076,507.0,50.19,1.635,39.3,0
15077,1540.1,56.53,2.721,51.21,0
15078,699.1,71.25,3.053,27.56,1
15079,562.2,79.3,2.591,33.99,0
15080,149.9,23.9,1.372,36.37,0
15081,694.0,91.55,0.819,31.23,1
15082,185.5,81.73,2.832,41.69,0
15083,280.9,48.32,3.003,36.93,1
15084,169.1,90.22,5.538,36.35,1
15085,962.7,67.95,1.04,38.57,0
15086,283.3,73.7,3.943,30.89,1
15087,692.5,32.57,2.201,24.78,0
15088,224.9,54.06,3.256,35.59,0
15089,518.9,76.42,1.683,38.71,0
15090,687.8,30.46,6.357,36.04,0
15091,426.0,61.65,1.439,39.55,0
15092,225.8,76.03,1.361,36.62,0
15093,128.1,58.26,3.166,45.71,0
15094,716.1,29.08,1.378,32.07,0
15095,544.5,13.98,1.662,36.73,0
15096,138.1,90.98,0.811,37.48,0
15097,423.0,46.78,1.835,36.84,0
15098,257.8,58.93,1.515,40.38,0
15099,360.8,54.38,1.784,42.44,0
15100,395.3,75.41,2.155,37.29,0
15101,563.3,13.07,1.581,40.81,0
15102,190.7,11.54,2.033,26.44,0
15103,253.8,89.79,1.704,27.07,1
15104,456.4,61.18,1.921,31.62,0
15105,220.6,70.82,5.667,39.3,0
15106,242.1,52.56,2.377,39.69,0
15107,684.6,38.47,1.568,24.7,0
15108,197.3,9.72,0.53,34.54,0
15109,551.2,28.71,1.152,40.17,0
15110,362.5,44.36,2.128,44.18,0
15111,591.1,60.13,0.726,38.38,1
15112,254.0,26.25,1.67,37.27,0
15113,258.8,27.14,2.262,28.71,0
15114,595.7,44.4,2.893,50.45,0
15115,806.2,52.98,1.709,45.89,1
15116,852.5,54.17,2.765,33.43,1
15117,837.7,72.84,2.427,31.94,0
15118,403.8,40.0,0.827,33.94,0
15119,129.2,73.33,2.164,36.02,1
15120,402.6,11.39,3.792,28.71,0
15121,694.3,33.68,3.247,34.46,0
15122,550.2,67.44,2.046,43.2,0
15123,283.4,56.54,1.276,47.57,0
15124,170.3,42.32,2.837,36.65,0
15125,420.6,48.68,2.158,41.46,0
15126,168.1,26.5,4.177,45.22,0
15127,635.9,79.72,1.068,40.95,0
15128,459.6,77.36,5.001,30.93,1
15129,391.0,90.61,2.946,36.65,0
15130,226.7,45.04,3.345,37.72,0
15131,368.1,39.93,1.657,27.8,0
15132,733.2,69.56,5.922,41.24,1
15133,489.6,58.12,2.717,38.13,0
15134,397.1,36.54,2.525,54.32,0
15135,383.0,38.75,1.144,31.75,0
15136,746.5,64.08,2.451,42.53,0
15137,461.7,67.26,3.731,47.31,0
15138,172.9,44.62,3.921,42.14,0
15139,811.3,43.26,0.805,25.24,0
15140,694.1,83.21,2.39,48.7,0
15141,1050.2,75.41,2.172,32.66,0
15142,565.3,72.78,4.128,33.06,1
15143,277.2,56.95,1.468,38.02,0
15144,295.8,51.31,1.591,47.53,0
15145,984.3,48.72,3.012,31.32,0
15146,1014.8,65.25,0.741,43.78,0
15147,464.9,34.82,1.052,44.6,0
15148,933.6,38.78,1.921,30.41,0
15149,963.7,32.35,3.026,49.76,1
15150,671.4,58.92,1.648,43.29,0
15151,377.5,30.5,1.944,29.05,0
15152,109.4,76.69,2.45,35.96,0
15153,184.7,69.37,2.025,42.06,0
15154,362.5,48.24,1.489,34.59,0
15155,110.8,55.5,3.454,30.41,0
15156,512.9,51.52,0.574,39.94,0
15157,158.4,63.28,2.89,31.25,0
15158,370.7,77.92,2.875,38.31,1
15159,114.8,64.76,1.32,43.39,0
15160,324.0,45.58,2.321,37.19,0
15161,428.6,77.11,5.327,40.16,0
15162,319.7,52.55,1.963,49.95,0
15163,988.9,78.29,4.354,41.84,1
15164,108.1,60.31,1.153,45.87,0
15165,650.8,36.43,2.21,26.32,0
15166,455.3,43.54,1.064,47.01,0
15167,791.8,54.18,1.175,38.58,0
15168,30.4,8.06,2.688,36.02,0
15169,333.5,91.97,2.757,42.64,0
15170,54.4,79.56,0.58,28.76,0
15171,244.6,52.95,2.064,44.9,0
15172,239.8,48.29,3.303,40.73,0
15173,140.1,76.04,3.208,32.22,0
15174,565.8,22.47,3.351,40.26,0
15175,274.6,20.57,1.315,40.39,0
15176,967.9,56.65,2.125,41.82,1
15177,767.5,37.36,2.264,42.12,0
15178,654.5,60.39,1.701,32.45,0
15179,604.7,58.41,2.163,38.07,0
15180,103.5,58.33,1.528,34.56,0
15181,94.8,50.38,2.287,39.02,1
15182,370.6,19.1,2.697,41.5,0
15183,262.3,25.84,0.807,34.12,0
15184,84.6,63.61,3.153,34.81,0
15185,473.8,52.82,1.53,39.67,0
15186,180.7,70.42,1.914,34.19,0
15187,381.5,70.53,2.082,46.48,0
15188,80.3,63.04,2.604,44.93,0
15189,94.1,41.88,1.165,42.79,0
15190,191.7,38.2,2.306,33.69,0
15191,124.5,74.75,1.432,43.09,0
15192,406.2,71.01,3.468,35.62,0
15193,80.6,92.18,4.809,32.67,1
15194,330.8,30.13,1.28,36.98,0
15195,280.6,43.77,1.303,34.25,1
15196,343.9,52.21,5.165,32.63,0
15197,392.1,55.93,1.782,34.71,1
15198,436.6,70.43,1.041,27.04,1
15199,508.4,17.9,1.225,34.13,0
15200,87.0,69.24,2.36,42.05,0
15201,152.7,13.38,2.668,33.54,0
15202,383.4,39.68,8.208,37.9,0
15203,478.5,22.16,3.073,44.9,0
15204,186.8,52.94,0.976,29.13,0
15205,507.9,82.26,1.094,37.94,0
15206,306.0,21.36,1.574,39.56,0
15207,118.9,56.64,3.253,32.38,0
15208,402.9,66.29,0.807,55.17,0
15209,704.6,69.0,3.983,41.29,0
15210,289.3,61.7,2.706,45.16,0
15211,122.5,16.73,0.689,35.81,0
15212,218.0,59.08,5.872,34.24,1
15213,590.5,94.55,3.792,45.92,1
15214,57.6,72.82,1.937,39.19,0
15215,773.1,83.18,2.837,35.58,1
15216,444.6,34.3,3.36,52.62,0
15217,774.9,78.48,1.087,38.48,0
15218,326.3,35.39,0.623,34.72,0
15219,266.4,42.96,2.644,35.09,0
15220,170.5,24.61,2.199,47.75,0
15221,224.3,48.81,2.423,42.58,0
15222,291.0,81.88,2.524,43.25,1
15223,353.8,53.32,1.791,30.51,0
15224,394.1,9.05,4.819,42.32,0
15225,58.4,47.27,1.415,36.74,0
15226,91.8,84.97,2.917,36.3,0
15227,51.0,52.87,1.445,35.82,0
15228,1159.8,52.26,3.348,35.04,0
15229,39.3,56.0,1.579,40.25,0
15230,226.0,72.29,2.939,51.08,0
15231,628.3,36.73,1.631,48.24,0
15232,611.5,45.03,2.493,39.91,0
15233,768.7,47.01,3.252,38.32,0
15234,189.0,42.72,3.162,34.09,0
15235,553.8,45.27,1.474,29.62,0
15236,287.0,64.18,2.807,37.9,1
15237,125.6,61.18,3.991,30.3,0
15238,775.2,49.64,1.297,33.46,1
15239,285.2,41.47,1.411,38.96,0
15240,399.9,89.46,2.114,34.14,0
15241,974.1,24.65,2.657,43.06,0
15242,702.6,45.49,2.222,26.0,0
15243,505.1,67.71,1.034,40.55,1
15244,869.2,49.05,2.161,29.9,0
15245,640.7,9.2,1.515,30.32,0
15246,344.5,27.1,2.834,34.78,0
15247,96.0,89.39,1.07,42.35,0
15248,159.3,18.13,1.056,38.17,0
15249,212.7,45.55,2.07,30.71,0
15250,424.5,43.29,2.938,44.35,0
15251,817.7,73.23,4.304,31.74,1
15252,553.2,42.49,2.574,36.02,0
15253,309.9,63.98,2.765,38.41,0
15254,178.4,48.91,1.798,30.29,0
15255,145.7,58.47,2.482,51.69,0
15256,352.9,43.09,2.068,40.41,0
15257,444.4,62.02,0.76,44.3,0
15258,865.8,34.59,3.425,24.56,0
15259,296.6,82.13,1.509,39.75,0
15260,626.9,82.56,1.556,33.55,0
15261,116.9,59.11,3.743,29.88,1
15262,345.2,59.18,2.62,48.82,0
15263,459.1,70.86,2.534,32.24,0
15264,280.9,70.47,3.08,40.94,0
15265,1420.5,20.81,1.29,36.91,0
15266,411.6,17.4,1.277,32.75,0
15267,375.8,44.95,1.334,46.54,0
15268,379.6,81.6,1.317,41.67,0
15269,453.9,97.6,0.508,36.86,1
15270,363.2,56.16,3.034,40.51,0
15271,584.3,54.71,3.783,29.24,1
15272,248.4,43.55,1.879,45.29,0
15273,205.8,38.35,1.894,36.93,0
15274,803.4,70.97,2.209,48.95,0
15275,159.6,45.17,0.663,35.5,0
15276,567.7,75.82,4.993,40.97,1
15277,159.9,56.14,2.278,33.81,0
15278,753.8,70.71,5.684,51.55,0
15279,88.7,64.45,2.15,39.06,0
15280,325.4,40.92,4.463,38.24,0
15281,586.0,31.28,2.247,44.36,0
15282,545.7,85.52,3.028,47.83,0
15283,592.8,67.43,1.716,31.57,0
15284,444.4,53.84,2.681,43.94,1
15285,161.8,44.45,1.081,29.21,0
15286,162.5,44.94,1.069,41.04,0
15287,174.1,72.37,2.981,21.94,0
15288,1419.6,57.37,1.341,23.3,1
15289,455.9,57.95,1.361,34.96,0
15290,108.9,65.46,0.885,35.67,0
15291,148.7,93.78,1.55,27.91,1
15292,131.5,46.03,0.787,39.32,0
15293,765.3,45.42,6.577,39.8,1
15294,738.6,49.09,4.4,47.93,0
15295,205.9,22.49,3.941,28.03,0
15296,174.1,42.31,2.993,34.68,0
15297,780.6,47.47,1.376,35.12,1
15298,332.2,50.23,3.689,29.46,0
15299,164.1,85.4,4.631,34.13,0
15300,17.7,27.56,1.366,34.58,0
15301,409.3,89.12,3.15,38.46,1
15302,338.2,51.22,1.818,40.32,0
15303,163.3,64.92,1.461,42.27,0
15304,319.7,58.65,1.284,39.25,0
15305,297.7,35.2,2.73,34.5,0
15306,635.3,54.38,1.548,38.8,0
15307,135.4,41.03,3.873,30.99,0
15308,124.5,51.59,1.575,41.47,0
15309,358.4,45.03,7.15,30.47,1
15310,600.1,49.34,1.728,28.45,0
15311,42.2,65.72,2.896,36.96,0
15312,114.6,78.45,2.439,40.2,0
15313,336.9,63.09,2.587,34.64,0
15314,606.6,81.23,1.029,40.87,0
15315,428.6,22.22,0.397,29.55,0
15316,214.5,59.19,2.053,32.47,0
15317,830.4,23.61,3.834,41.75,0
15318,149.4,39.19,3.304,39.96,0
15319,294.5,93.09,2.948,50.01,0
15320,459.3,34.76,0.751,34.9,0
15321,421.1,16.44,1.119,30.88,0
15322,422.8,9.82,2.029,30.12,0
15323,1108.7,58.37,1.506,41.39,0
15324,287.6,65.78,0.741,35.54,0
15325,225.1,18.37,0.747,36.55,0
15326,725.4,30.28,1.37,30.67,0
15327,289.0,82.68,4.074,37.98,1
15328,613.7,52.38,0.841,38.1,0
15329,551.6,55.18,1.081,33.47,1
15330,70.1,71.33,1.608,45.49,0
15331,525.7,5.89,2.48,36.97,0
15332,387.6,74.77,4.009,43.87,0
15333,856.0,38.01,1.224,40.7,0
15334,406.0,65.73,1.666,33.36,0
15335,960.9,41.0,3.087,42.09,0
15336,459.8,37.72,3.649,35.02,1
15337,275.9,53.08,3.245,31.81,0
15338,401.4,45.51,3.14,29.47,0
15339,351.5,85.95,0.634,36.27,1
15340,748.6,40.61,2.594,42.13,0
15341,815.4,24.69,4.164,45.04,0
15342,395.3,54.8,2.381,31.53,0
15343,368.8,13.93,6.668,37.85,0
15344,484.7,64.76,1.986,43.93,0
15345,246.4,57.06,5.894,30.11,0
15346,253.4,39.44,2.656,32.94,0
15347,593.0,17.85,0.861,44.95,0
15348,598.0,43.24,0.427,41.13,0
15349,302.6,68.66,1.533,41.99,0
15350,428.3,53.63,2.819,47.47,0
15351,351.2,51.88,0.753,37.44,0
15352,353.3,49.4,1.69,28.39,0
15353,246.1,58.17,0.835,45.2,0
15354,377.9,28.75,1.191,30.01,0
15355,330.1,88.97,1.821,40.7,0
15356,832.8,92.09,3.049,41.88,1
15357,270.7,74.49,3.654,30.39,1
15358,281.6,56.32,1.205,47.28,0
15359,643.6,41.19,1.036,30.18,0
15360,356.0,69.96,1.055,42.67,0
15361,154.4,48.73,2.285,43.11,0
15362,422.8,55.17,2.185,41.13,0
15363,435.7,41.27,3.39,24.9,0
15364,87.6,31.69,1.607,42.22,0
15365,523.0,65.39,2.897,46.19,0
15366,439.6,28.62,0.62,39.63,0
15367,893.4,81.22,2.702,32.65,1
15368,29.7,36.79,3.146,43.23,0
15369,301.9,49.2,3.422,42.33,0
15370,654.8,57.37,1.638,39.78,0
15371,294.7,33.63,6.677,32.95,0
15372,475.5,52.17,2.806,35.57,0
15373,337.9,34.03,0.564,28.97,0
15374,429.4,97.78,0.962,37.8,1
15375,177.1,65.85,0.833,32.65,0
15376,530.5,36.31,1.746,34.84,0
15377,393.5,25.47,2.177,41.77,0
15378,64.3,9.61,2.106,26.47,0
15379,676.0,45.71,1.3,39.65,0
15380,529.0,22.27,1.733,41.63,0
15381,328.7,51.14,1.983,34.6,0
15382,519.8,96.21,2.552,41.32,1
15383,330.3,41.74,0.784,34.24,0
15384,349.3,35.25,2.158,32.34,0
15385,1032.2,73.72,5.393,23.85,1
15386,569.1,18.77,2.221,31.11,0
15387,298.5,64.21,0.729,40.8,0
15388,756.9,69.83,1.676,34.17,1
15389,506.4,65.59,2.428,40.0,0
15390,31.5,49.95,1.627,33.12,0
15391,691.2,38.38,1.001,31.05,0
15392,613.1,54.86,2.882,38.09,1
15393,403.2,56.42,0.949,41.73,0
15394,608.1,45.89,4.278,52.22,0
15395,287.8,62.62,5.037,37.41,0
15396,392.1,21.28,3.852,40.98,0
15397,585.0,37.53,1.304,37.85,0
15398,91.6,47.39,1.561,46.04,0
15399,899.9,46.99,1.364,42.28,0
15400,412.4,38.59,1.618,42.71,0
15401,876.7,20.46,3.616,39.89,0
15402,70.8,63.27,5.965,39.09,0
15403,205.9,64.35,1.34,38.96,0
15404,578.4,68.26,3.831,37.11,0
15405,405.4,38.99,2.925,35.82,0
15406,1130.5,58.26,1.047,49.39,0
15407,211.8,58.38,1.234,42.01,0
15408,388.9,64.09,3.879,33.86,0
15409,119.0,73.67,6.892,37.77,0
15410,515.2,9.12,2.066,34.18,0
15411,841.5,41.5,3.107,25.45,0
15412,153.9,48.77,2.48,23.76,0
15413,515.9,42.37,3.934,43.99,0
15414,556.8,24.58,3.536,38.06,0
15415,155.2,23.39,2.618,41.19,0
15416,231.4,79.72,4.578,42.39,1
15417,80.3,89.29,0.906,29.71,0
15418,628.9,62.07,1.971,34.53,0
15419,620.3,76.6,5.863,36.04,1
15420,232.4,77.03,1.189,33.67,0
15421,650.4,55.93,3.473,34.58,1
15422,103.2,63.31,7.278,39.31,0
15423,372.3,52.3,2.325,44.05,1
15424,288.3,44.99,3.19,39.76,0
15425,709.5,81.74,4.977,40.3,0
15426,626.5,42.22,1.527,48.69,0
15427,316.8,94.38,5.812,34.46,1
15428,459.4,50.0,2.573,42.87,0
15429,213.9,27.59,2.308,38.91,0
15430,236.9,58.88,5.012,44.0,0
15431,724.8,18.2,2.446,43.88,0
15432,386.9,51.31,4.888,32.74,0
15433,277.0,37.78,2.737,35.38,0
15434,579.2,66.54,0.561,44.85,0
15435,298.0,87.55,2.428,43.46,1
15436,484.0,74.08,2.581,48.7,0
15437,573.3,93.55,4.884,33.92,1
15438,173.9,37.83,1.825,39.78,0
15439,488.4,44.99,0.647,43.78,0
15440,491.5,48.98,1.307,39.77,0
15441,697.4,57.83,1.025,35.21,0
15442,785.8,32.1,2.223,37.17,0
15443,94.1,46.95,0.762,49.77,0
15444,145.6,88.62,2.643,57.12,0
15445,193.7,45.17,3.438,35.1,0
15446,745.5,43.73,1.26,35.73,0
15447,477.3,86.6,0.973,41.3,1
15448,379.3,22.53,1.167,39.52,0
15449,506.8,33.94,0.918,43.73,0
15450,152.6,60.68,2.059,42.59,0
15451,700.2,88.38,0.464,33.62,1
15452,478.7,55.27,2.721,44.26,0
15453,821.8,97.94,1.842,21.61,1
15454,333.5,32.23,2.728,42.08,0
15455,109.7,64.89,1.893,40.14,0
15456,185.4,95.38,3.516,41.95,1
15457,302.2,12.65,1.274,40.79,0
15458,511.5,51.39,3.599,38.0,0
15459,210.8,77.58,0.984,36.33,1
15460,234.3,64.93,3.378,39.81,0
15461,167.0,63.74,1.061,37.59,0
15462,419.1,53.19,4.974,41.83,0
15463,398.0,67.04,1.778,52.32,0
15464,49.5,38.7,1.534,34.52,0
15465,355.1,39.34,0.946,36.24,0
15466,201.0,72.15,0.89,33.56,0
15467,591.1,80.45,1.448,38.17,0
15468,211.2,31.16,2.94,38.12,0
15469,172.7,65.06,1.306,39.89,0
15470,376.2,29.07,2.223,32.05,0
15471,249.7,42.94,1.794,47.25,0
15472,259.7,54.46,0.624,44.91,0
15473,1075.8,23.52,2.034,33.23,0
15474,591.3,43.73,3.85,41.53,0
15475,261.7,54.64,7.529,28.75,1
15476,110.8,47.01,1.577,41.55,0
15477,335.2,42.7,1.166,30.22,0
15478,871.9,74.98,1.983,53.02,0
15479,757.3,84.62,3.031,30.54,1
15480,1123.4,64.12,1.336,32.67,0
15481,354.2,33.05,1.517,34.16,0
15482,872.0,37.23,2.686,41.63,0
15483,512.7,25.05,5.452,37.26,0
15484,344.1,54.93,2.212,47.08,0
15485,1103.0,42.95,3.925,49.26,0
15486,208.0,72.35,1.901,38.61,0
15487,223.8,92.82,2.03,54.0,0
15488,87.9,25.4,2.722,35.86,0
15489,155.5,58.2,1.236,30.28,0
15490,546.1,44.21,3.956,41.08,0
15491,655.7,42.41,3.777,30.49,0
15492,556.4,76.36,1.878,35.11,1
15493,154.5,45.21,1.295,34.6,0
15494,157.6,61.69,1.596,36.91,0
15495,705.5,27.08,2.579,46.39,0
15496,238.6,87.35,2.767,37.64,0
15497,291.7,54.68,5.014,43.91,0
15498,519.9,60.14,2.054,36.87,0
15499,201.1,41.96,8.208,39.44,1
15500,497.2,89.32,3.521,36.83,1
15501,327.0,48.62,0.814,38.83,0
15502,351.3,23.72,1.305,22.6,0
15503,615.3,91.69,2.054,45.15,1
15504,254.5,47.65,1.55,44.27,0
15505,86.5,72.99,1.592,40.88,0
15506,477.0,57.36,2.818,41.55,0
15507,530.2,69.26,0.786,38.68,0
15508,204.2,62.03,1.407,39.93,0
15509,550.0,50.18,1.313,46.22,0
15510,125.7,52.0,1.932,26.37,0
15511,307.9,78.03,5.941,35.9,1
15512,796.8,81.45,3.847,41.47,1
15513,773.1,45.5,1.785,37.0,0
15514,78.0,56.51,2.526,43.88,0
15515,1650.7,29.32,2.492,38.9,0
15516,290.3,86.25,2.329,40.84,1
15517,283.1,51.56,1.589,45.37,0
15518,202.3,79.08,1.281,36.52,0
15519,748.4,20.24,1.802,38.47,0
15520,314.1,55.86,3.044,29.49,0
15521,332.7,67.3,0.93,40.76,0
15522,716.2,38.37,1.035,30.25,0
15523,209.9,20.55,8.243,35.92,0
15524,850.1,34.79,2.402,46.77,0
15525,183.2,86.15,0.627,32.56,0
15526,661.4,52.97,0.993,43.62,0
15527,828.9,37.89,8.041,24.76,1
15528,795.8,44.54,2.743,43.8,1
15529,195.8,39.57,0.762,31.87,0
15530,315.9,60.63,3.085,29.84,0
15531,490.0,95.93,0.702,38.27,1
15532,194.1,62.26,1.263,34.08,0
15533,324.3,38.33,5.559,43.61,0
15534,65.2,40.7,0.819,37.27,0
15535,398.8,37.16,1.436,44.97,0
15536,435.4,70.78,0.642,43.08,0
15537,158.4,76.0,3.86,33.44,0
15538,723.1,58.6,1.374,44.97,0
15539,172.4,58.13,1.2,47.23,0
15540,131.8,34.46,2.923,33.87,0
15541,386.9,12.17,3.376,45.91,0
15542,759.9,65.01,1.266,39.5,0
15543,136.1,29.12,6.226,38.69,0
15544,435.5,37.11,1.321,30.97,0
15545,115.1,49.86,1.137,43.54,0
15546,152.1,34.67,0.678,49.32,0
15547,342.8,48.02,1.16,32.94,0
15548,206.6,60.28,1.045,41.1,0
15549,135.7,32.15,1.381,31.7,1
15550,155.7,56.88,0.614,33.52,0
15551,280.6,40.51,4.043,26.67,0
15552,300.6,22.71,1.63,28.07,0
15553,123.7,78.05,1.36,38.85,0
15554,217.4,83.92,1.537,27.25,1
15555,169.4,82.27,0.95,32.98,0
15556,474.0,61.3,1.492,22.0,0
15557,179.6,73.65,4.821,37.42,1
15558,1209.8,93.97,3.625,46.17,0
15559,632.9,40.14,2.423,34.35,0
15560,345.7,57.16,2.99,34.98,0
15561,558.3,34.56,2.96,44.92,0
15562,334.0,28.67,3.326,36.08,0
15563,129.6,42.47,1.215,44.16,0
15564,779.2,61.58,1.507,42.59,0
15565,150.7,76.27,1.469,31.54,0
15566,205.6,35.33,1.16,37.27,0
15567,211.7,83.12,1.556,38.94,1
15568,38.8,17.26,6.471,35.55,0
15569,201.8,67.63,5.868,43.52,0
15570,295.7,19.52,1.331,46.37,0
15571,178.8,34.26,3.327,33.19,0
15572,452.1,71.02,3.296,42.19,0
15573,1408.7,46.3,1.784,36.92,0
15574,308.6,57.46,3.353,37.61,0
15575,285.0,45.11,3.007,45.1,0
15576,538.5,36.74,1.279,24.31,0
15577,802.0,84.86,5.596,25.88,1
15578,744.8,63.76,1.787,34.04,0
15579,275.3,81.42,3.291,36.16,0
15580,64.2,33.96,2.587,31.55,0
15581,54.0,14.62,5.316,32.67,0
15582,1284.0,38.61,1.407,38.91,0
15583,346.6,43.42,2.296,43.24,0
15584,275.7,54.5,1.903,35.69,0
15585,252.8,84.1,1.687,41.75,0
15586,133.1,59.37,3.283,39.28,0
15587,478.9,58.21,1.053,40.75,0
15588,36.7,85.3,3.975,31.63,0
15589,151.9,30.45,6.317,40.78,0
15590,71.4,14.27,1.795,33.94,0
15591,269.8,85.58,3.114,41.13,1
15592,130.6,75.96,4.74,38.23,1
15593,174.6,32.6,2.547,31.03,0
15594,123.6,77.86,1.809,27.64,0
15595,542.4,41.19,3.006,35.39,0
15596,205.7,79.22,1.148,48.62,0
15597,238.1,53.2,1.664,33.81,0
15598,198.1,41.75,2.024,47.18,0
15599,312.1,65.05,2.19,34.63,0
15600,422.9,40.4,2.453,29.41,0
15601,746.0,61.08,2.749,38.62,0
15602,603.9,46.56,4.065,44.2,0
15603,451.1,53.89,5.132,41.51,0
15604,591.1,36.06,3.901,46.32,0
15605,29.5,34.59,2.126,33.87,0
15606,782.2,49.78,2.813,30.67,0
15607,307.1,56.8,1.402,52.19,0
15608,826.1,30.29,1.817,41.4,0
15609,272.3,69.99,3.044,38.84,0
15610,343.6,34.65,3.129,46.24,0
15611,582.8,53.67,5.15,39.35,1
15612,163.5,55.3,1.374,46.31,0
15613,591.1,32.97,2.075,33.41,0
15614,529.3,85.62,2.212,39.47,1
15615,120.3,27.03,0.675,36.66,0
15616,492.1,81.75,3.014,36.28,1
15617,192.4,46.56,2.371,30.45,0
15618,565.7,48.72,0.674,27.16,0
15619,702.5,28.64,4.138,44.67,0
15620,208.4,76.83,1.113,32.9,0
15621,1515.9,72.68,3.014,38.27,0
15622,317.1,78.54,3.515,34.12,1
15623,864.5,51.25,3.153,42.77,0
15624,105.3,56.2,1.557,38.57,0
15625,752.5,39.95,1.575,28.89,0
15626,288.2,52.02,4.751,25.76,0
15627,964.9,26.13,2.423,48.35,0
15628,244.6,52.82,1.485,40.98,0
15629,288.3,75.33,1.759,50.52,0
15630,273.8,9.28,3.436,36.97,0
15631,98.6,94.24,0.963,31.43,0
15632,590.2,18.56,4.269,25.93,0
15633,192.1,72.47,1.746,39.81,0
15634,308.3,64.57,1.156,42.47,0
15635,601.9,47.8,0.374,44.5,0
15636,268.6,35.13,0.825,36.22,0
15637,52.2,63.51,1.948,34.48,0
15638,1172.8,52.29,2.343,36.23,0
15639,132.6,60.86,2.956,32.77,0
15640,253.7,22.6,0.902,36.1,0
15641,339.6,28.67,1.284,43.58,0
15642,1277.5,43.19,1.469,30.1,0
15643,398.4,70.07,2.117,42.63,0
15644,293.3,42.65,1.814,39.0,0
15645,140.6,22.55,1.281,28.41,0
15646,1185.4,40.67,5.636,34.89,0
15647,881.9,46.45,1.125,40.95,0
15648,251.0,73.71,1.132,35.06,0
15649,303.6,70.45,4.175,31.66,1
15650,515.2,53.91,0.895,37.04,0
15651,484.0,42.34,2.304,27.94,0
15652,446.0,33.45,2.153,41.74,0
15653,217.8,17.08,3.023,36.71,0
15654,477.4,38.37,1.071,35.82,0
15655,262.9,55.01,1.178,35.32,0
15656,465.7,46.74,1.708,35.72,0
15657,799.6,32.39,4.853,29.56,0
15658,424.8,45.6,1.796,40.46,0
15659,126.9,40.53,1.959,35.92,0
15660,524.4,91.9,1.339,37.91,1
15661,149.2,79.41,1.65,48.73,0
15662,346.6,6.0,1.278,40.02,0
15663,346.8,57.65,1.817,39.98,0
15664,272.9,55.45,2.016,35.93,0
15665,433.7,38.4,1.554,25.77,1
15666,141.8,36.36,2.451,38.29,0
15667,489.0,68.14,1.03,47.81,0
15668,406.5,55.56,0.969,38.97,0
15669,134.0,47.8,4.175,36.57,0
15670,455.4,67.1,2.731,28.95,0
15671,1128.8,49.06,1.152,31.73,0
15672,557.0,33.42,1.374,40.9,0
15673,162.0,42.52,1.391,41.19,0
15674,212.6,69.85,1.364,44.5,0
15675,81.4,73.69,2.332,41.28,0
15676,157.5,51.2,2.481,35.52,0
15677,265.6,71.13,2.22,31.46,0
15678,75.1,74.09,0.796,32.93,0
15679,192.2,24.81,2.734,44.98,0
15680,43.7,85.28,0.625,30.82,0
15681,402.6,85.16,3.685,39.66,1
15682,432.1,24.71,1.884,50.73,0
15683,772.8,9.53,2.173,32.98,0
15684,579.7,71.61,2.6,36.7,0
15685,452.3,63.96,1.862,35.26,0
15686,422.7,55.19,1.461,46.01,0
15687,364.1,59.39,0.982,40.61,0
15688,404.6,20.41,3.4,31.24,0
15689,261.4,73.27,5.391,38.1,0
15690,197.5,50.43,1.554,41.21,0
15691,140.0,56.98,1.655,39.94,0
15692,774.0,48.64,1.116,40.01,0
15693,235.8,19.99,2.505,38.89,0
15694,445.4,66.05,1.329,47.67,0
15695,355.0,67.61,1.516,42.45,0
15696,1228.6,70.92,4.673,38.52,0
15697,501.1,39.66,1.574,34.47,0
15698,103.2,63.55,0.854,26.27,0
15699,90.1,76.49,1.071,42.98,0
15700,203.7,81.54,1.053,49.67,0
15701,272.4,61.77,4.082,42.4,0
15702,930.9,70.75,1.292,50.66,0
15703,76.7,37.85,0.863,44.77,0
15704,335.0,52.43,0.587,35.54,0
15705,971.3,80.67,2.187,41.53,1
15706,278.2,61.14,1.17,38.55,0
15707,309.8,31.91,1.33,47.75,0
15708,627.9,80.49,5.343,38.41,1
15709,11.7,66.0,0.702,40.79,0
15710,198.9,31.42,1.74,29.27,0
15711,1007.0,78.29,1.45,30.18,1
15712,287.4,52.37,3.599,43.38,0
15713,82.0,45.6,3.604,27.53,0
15714,890.0,68.55,1.412,32.48,1
15715,496.6,50.09,0.679,37.39,0
15716,365.5,87.0,2.78,38.46,1
15717,298.0,40.54,5.732,29.33,0
15718,301.0,62.27,0.711,40.62,0
15719,537.2,44.9,6.639,25.2,1
15720,319.8,62.58,2.952,39.33,0
15721,520.8,43.64,1.578,41.95,0
15722,1212.3,88.08,2.341,38.45,1
15723,121.9,29.96,2.362,41.72,0
15724,626.7,94.17,2.913,49.88,0
15725,966.0,84.2,1.47,29.17,1
15726,795.5,58.31,5.08,44.47,0
15727,191.1,77.5,2.183,40.92,0
15728,685.3,34.24,1.709,50.0,0
15729,170.0,49.42,1.628,42.74,0
15730,197.2,26.66,4.701,45.72,0
15731,284.2,71.35,1.234,32.59,0
15732,227.5,53.99,1.993,37.63,0
15733,582.3,60.98,1.461,42.23,0
15734,904.3,29.36,3.439,38.77,0
15735,61.5,53.81,1.492,40.59,0
15736,685.1,31.49,1.718,40.87,0
15737,326.4,19.93,1.494,41.72,0
15738,304.5,68.02,2.861,50.86,0
15739,157.1,80.66,3.509,33.86,1
15740,868.1,70.09,5.057,37.12,1
15741,76.8,50.18,2.147,34.26,0
15742,698.4,67.84,4.752,31.65,0
15743,360.9,28.57,1.049,49.8,0
15744,781.4,69.11,1.802,32.23,1
15745,442.0,57.7,1.981,30.06,0
15746,177.5,32.11,2.277,37.49,0
15747,125.9,60.08,1.383,44.81,0
15748,729.7,78.7,1.052,42.24,0
15749,237.5,25.5,1.698,42.36,0
15750,346.0,25.99,1.691,47.65,0
15751,315.6,84.57,1.383,30.91,0
15752,492.8,29.66,2.767,30.33,0
15753,537.6,40.46,2.224,46.79,0
15754,443.1,39.23,2.021,32.82,1
15755,465.8,85.24,2.85,28.34,0
15756,173.5,61.83,3.754,45.28,0
15757,283.1,57.41,4.914,31.12,1
15758,255.3,78.18,6.837,48.97,0
15759,596.8,42.61,0.884,34.85,0
15760,217.8,33.53,3.114,50.95,0
15761,256.2,80.89,2.009,38.98,0
15762,604.0,23.31,4.347,40.96,0
15763,574.0,45.29,1.594,45.62,0
15764,778.8,59.75,1.467,42.41,0
15765,243.7,23.48,2.835,43.04,0
15766,182.5,80.63,2.302,42.51,1
15767,165.9,43.61,2.027,38.07,0
15768,316.4,50.91,2.271,42.33,0
15769,330.9,21.8,2.688,33.02,0
15770,794.7,80.58,0.976,46.36,0
15771,166.6,52.86,1.312,41.02,0
15772,315.8,82.46,1.088,34.74,0
15773,236.2,53.12,3.296,23.52,1
15774,335.2,78.3,2.588,28.83,1
15775,595.4,56.4,1.858,33.59,0
15776,104.2,35.63,1.833,33.41,0
15777,333.4,10.48,4.07,40.65,0
15778,668.5,45.31,2.951,31.08,0
15779,458.2,67.98,4.388,39.52,0
15780,151.9,37.59,1.389,29.95,0
15781,147.6,72.25,1.04,35.9,0
15782,408.8,78.88,5.573,38.89,1
15783,880.6,17.97,1.67,42.48,0
15784,201.2,76.0,3.202,37.53,1
15785,481.3,48.6,1.675,28.94,0
15786,382.2,65.33,3.713,42.13,0
15787,98.5,74.68,2.529,36.31,0
15788,410.6,35.65,2.836,39.82,0
15789,590.0,9.75,4.471,26.65,0
15790,843.7,48.54,6.858,45.16,0
15791,734.6,81.36,1.136,48.91,0
15792,750.2,67.64,2.775,44.86,1
15793,891.1,55.37,1.93,36.97,0
15794,227.5,93.73,10.13,39.0,1
15795,523.7,78.16,2.764,32.12,1
15796,903.1,43.19,5.24,31.3,0
15797,134.1,58.27,1.14,42.45,0
15798,343.5,84.81,1.151,40.24,1
15799,66.2,47.25,1.66,36.68,0
15800,921.0,50.61,1.309,43.36,0
15801,210.1,43.87,2.06,33.86,0
15802,463.7,76.15,1.225,41.71,0
15803,131.1,61.2,2.033,34.56,0
15804,339.4,86.97,1.031,33.07,0
15805,540.4,69.25,2.154,41.23,1
15806,113.7,38.68,2.139,30.81,0
15807,377.8,52.78,4.939,40.77,0
15808,555.4,45.19,4.086,34.79,0
15809,644.7,60.66,2.219,45.66,0
15810,151.9,59.77,1.641,39.2,0
15811,135.2,61.7,2.974,27.71,0
15812,459.8,81.36,2.12,31.38,1
15813,462.9,43.92,0.719,34.81,0
15814,704.7,21.27,1.273,27.97,1
15815,445.3,85.94,3.047,40.75,1
15816,472.9,51.07,1.2,47.01,0
15817,201.8,75.57,1.806,25.83,0
15818,258.1,48.42,0.742,37.72,0
15819,311.0,54.54,3.406,29.09,1
15820,529.8,82.89,1.845,38.73,0
15821,218.7,82.62,1.908,48.52,0
15822,171.3,59.97,1.446,42.49,0
15823,236.0,67.07,3.505,49.89,0
15824,732.4,62.73,5.058,36.95,1
15825,411.7,44.34,0.689,38.88,0
15826,589.4,48.63,1.074,45.17,0
15827,92.9,39.72,1.939,44.42,0
15828,734.1,16.56,2.956,54.86,0
15829,196.4,46.04,2.906,38.01,1
15830,392.2,41.81,4.093,30.47,0
15831,114.3,63.44,2.532,39.09,0
15832,166.1,91.91,6.44,36.46,1
15833,169.3,21.47,2.828,41.28,0
15834,616.2,67.0,1.563,28.1,0
15835,416.8,44.43,2.349,30.63,0
15836,427.8,25.89,4.516,43.65,0
15837,439.1,43.73,2.775,39.47,0
15838,82.5,35.21,1.985,48.07,0
15839,282.4,25.48,4.242,40.76,0
15840,50.0,95.24,1.089,47.07,0
15841,326.0,67.92,2.399,40.72,0
15842,586.2,50.76,1.173,53.46,0
15843,398.9,43.37,2.053,35.9,0
15844,185.1,79.47,2.624,39.93,1
15845,514.6,48.76,4.183,39.69,0
15846,442.3,41.93,4.328,33.24,0
15847,308.8,37.84,1.58,46.7,0
15848,271.8,62.66,8.237,50.39,0
15849,78.3,31.63,1.636,35.23,0
15850,73.6,82.28,1.449,30.43,0
15851,176.7,60.37,1.329,41.56,0
15852,333.2,11.76,0.917,34.32,0
15853,212.8,30.87,1.487,42.25,0
15854,234.2,37.33,3.036,40.73,0
15855,56.9,93.47,3.406,39.51,0
15856,212.4,14.63,1.615,21.73,0
15857,884.7,78.11,1.249,34.65,0
15858,733.7,82.84,6.799,35.42,1
15859,297.1,44.12,1.986,28.49,0
15860,778.3,56.43,1.652,41.28,0
15861,88.2,70.23,1.945,34.38,0
15862,282.0,80.32,1.979,42.09,0
15863,300.2,16.02,2.421,46.31,0
15864,190.7,57.24,1.064,36.99,0
15865,222.3,27.27,2.281,30.14,0
15866,364.4,54.49,2.983,41.05,0
15867,377.5,67.4,5.172,31.54,0
15868,164.3,36.68,3.863,39.41,0
15869,718.1,70.1,1.91,36.25,0
15870,250.1,50.59,3.823,44.29,0
15871,468.8,50.93,3.117,59.43,0
15872,357.1,75.64,0.409,30.15,0
15873,198.8,53.8,3.443,27.07,0
15874,214.9,21.35,1.309,35.66,0
15875,609.7,78.57,3.199,36.68,1
15876,985.8,66.59,2.877,36.08,1
15877,626.7,55.61,1.145,32.83,0
15878,556.2,52.97,2.992,36.3,0
15879,246.8,62.74,1.76,39.07,0
15880,115.5,87.1,2.886,39.36,0
15881,264.2,82.14,0.433,34.48,0
15882,276.4,88.38,0.97,35.05,1
15883,1009.9,55.94,4.223,29.26,0
15884,217.5,68.43,1.151,38.71,0
15885,260.2,34.32,2.977,33.07,0
15886,141.2,25.13,1.496,43.38,0
15887,559.4,7.4,2.626,41.2,0
15888,235.8,42.46,2.59,31.99,0
15889,431.6,74.83,2.679,43.47,1
15890,1233.4,40.52,1.944,31.98,0
15891,861.0,60.92,5.234,35.66,0
15892,132.8,27.84,4.592,36.49,0
15893,211.7,82.52,2.49,31.64,0
15894,802.8,50.12,2.631,29.54,0
15895,594.3,66.3,1.587,37.53,1
15896,234.4,81.2,1.539,30.03,1
15897,128.4,83.47,1.012,33.07,0
15898,1028.0,55.28,2.197,38.12,1
15899,266.0,73.36,2.209,39.86,0
15900,300.3,70.32,1.371,30.46,1
15901,388.4,69.2,6.154,45.07,0
15902,572.5,40.95,4.722,45.09,0
15903,432.9,75.33,0.921,41.99,0
15904,115.8,8.67,2.423,36.14,0
15905,566.1,33.06,3.042,41.5,0
15906,968.8,48.18,5.096,33.01,1
15907,369.0,76.88,2.23,38.63,0
15908,325.0,37.84,3.925,34.11,0
15909,159.3,84.1,2.592,29.4,0
15910,353.9,69.84,2.634,41.37,0
15911,522.1,54.8,7.227,37.8,0
15912,340.3,72.52,3.095,46.22,0
15913,168.6,53.85,1.2,48.82,0
15914,683.8,80.03,0.76,47.6,0
15915,240.8,53.96,3.769,33.89,0
15916,274.5,47.07,2.415,27.71,0
15917,138.9,12.16,1.172,40.74,0
15918,301.9,60.75,3.893,42.31,0
15919,166.0,26.7,3.489,34.35,0
15920,576.9,28.79,1.346,39.11,0
15921,395.6,75.28,1.363,29.58,1
15922,579.6,70.91,2.909,39.7,0
15923,348.2,5.34,2.97,45.97,0
15924,517.0,73.17,2.525,40.68,0
15925,618.3,24.23,1.72,47.07,0
15926,328.4,84.53,2.886,42.9,1
15927,312.5,59.81,1.311,31.08,0
15928,412.6,87.84,2.75,36.05,1
15929,229.3,26.39,8.11,35.88,0
15930,118.1,49.02,3.091,44.37,0
15931,522.7,66.72,0.752,44.23,0
15932,134.9,44.04,1.22,29.64,0
15933,256.1,60.9,2.835,28.71,1
15934,131.0,52.16,2.271,39.2,0
15935,393.2,62.02,2.527,43.71,1
15936,246.0,38.04,0.74,43.07,0
15937,226.1,72.45,1.426,31.06,0
15938,502.1,15.15,1.846,37.75,0
15939,208.7,43.37,0.871,32.87,0
15940,303.1,88.3,1.928,37.72,1
15941,265.4,14.73,5.77,38.27,0
15942,419.6,28.46,0.966,27.3,0
15943,541.0,56.17,0.951,34.62,0
15944,173.5,73.36,2.726,44.69,0
15945,164.0,40.72,1.677,39.89,0
15946,96.3,68.57,4.43,40.67,0
15947,793.4,65.7,3.114,37.69,0
15948,242.1,49.62,4.187,39.57,0
15949,378.4,64.12,1.648,40.5,0
15950,140.6,16.97,1.419,39.55,0
15951,347.7,33.35,3.072,25.95,0
15952,611.4,57.37,0.874,41.21,0
15953,332.2,70.4,1.848,34.36,0
15954,456.4,32.65,2.863,41.57,0
15955,85.2,61.13,5.387,42.48,0
15956,603.8,75.97,5.337,32.63,1
15957,801.5,42.85,5.278,44.24,0
15958,355.5,54.46,0.74,38.61,0
15959,473.3,38.43,3.687,37.14,0
15960,504.9,37.83,6.381,26.71,0
15961,220.0,29.31,2.315,40.56,0
15962,432.5,80.99,5.538,28.81,1
15963,593.7,49.33,0.993,49.79,0
15964,447.2,53.49,1.199,47.32,0
15965,886.0,45.68,1.877,41.74,0
15966,208.9,32.03,2.758,27.76,0
15967,296.4,32.29,2.486,37.89,0
15968,274.5,80.54,2.834,44.74,0
15969,388.2,79.62,2.189,29.75,1
15970,1147.7,79.9,1.084,38.88,0
15971,386.6,10.14,0.92,38.12,0
15972,181.3,31.34,0.505,37.79,0
15973,266.4,18.4,2.328,28.65,1
15974,350.0,22.2,1.171,29.92,0
15975,803.9,34.47,2.591,32.34,0
15976,286.6,60.74,6.129,29.72,0
15977,335.7,28.79,1.349,35.45,0
15978,632.3,64.78,2.171,31.86,0
15979,514.1,46.86,2.271,29.14,0
15980,224.4,62.06,1.899,47.71,0
15981,279.0,38.11,4.028,35.07,0
15982,957.8,73.0,2.649,35.57,1
15983,750.8,76.82,1.474,33.01,1
15984,247.3,66.49,1.031,34.64,0
15985,1040.5,64.43,2.729,42.75,0
15986,708.7,72.07,5.918,41.58,1
15987,186.2,50.13,1.525,31.05,0
15988,301.5,61.21,3.264,35.08,0
15989,760.4,30.85,1.83,39.62,0
15990,303.6,57.64,3.682,29.27,1
15991,323.8,41.16,0.956,44.37,0
15992,111.9,44.9,2.45,42.76,0
15993,1436.7,71.4,1.893,32.91,1
15994,358.7,92.06,2.957,35.43,1
15995,296.9,74.97,0.888,38.66,0
15996,408.7,47.95,4.148,38.88,1
15997,140.3,13.62,2.963,32.06,0
15998,169.6,41.48,3.705,34.15,0
15999,321.5,29.98,2.187,41.04,0
16000,316.0,25.49,2.426,35.74,0
16001,20.8,59.0,1.471,39.86,0
16002,221.8,37.32,0.329,26.58,0
16003,386.6,55.15,3.519,32.56,0
16004,317.5,72.99,2.918,44.05,0
16005,532.9,57.77,3.778,34.45,0
16006,210.8,59.9,1.149,46.61,0
16007,112.0,47.02,1.43,32.11,0
16008,620.3,66.91,2.032,43.53,0
16009,567.8,39.96,2.595,27.42,0
16010,972.1,71.68,2.026,44.14,1
16011,236.9,59.8,1.741,38.99,1
16012,792.4,38.1,4.641,37.4,0
16013,281.9,27.71,1.099,35.69,0
16014,511.0,55.16,3.097,38.17,0
16015,653.6,66.46,0.753,43.37,0
16016,1204.2,95.84,2.026,51.02,1
16017,834.8,63.74,2.018,36.56,0
16018,96.6,27.79,1.139,27.06,0
16019,29.1,45.42,2.032,39.98,0
16020,623.6,27.79,1.957,37.82,0
16021,284.3,27.68,6.447,31.13,0
16022,328.1,64.04,0.928,35.87,0
16023,403.5,66.12,1.96,47.32,0
16024,305.7,39.65,2.901,39.7,0
16025,652.6,27.42,0.618,35.51,0
16026,173.8,63.07,0.43,39.16,0
16027,411.2,85.53,0.915,38.93,0
16028,165.0,30.18,6.251,31.81,0
16029,521.4,53.55,0.921,28.66,0
16030,336.8,50.43,2.381,32.45,0
16031,811.3,70.67,1.013,39.64,0
16032,639.5,34.29,5.316,38.87,0
16033,928.1,21.44,2.038,30.33,0
16034,338.6,43.37,1.286,30.73,0
16035,790.0,45.55,1.902,38.34,0
16036,365.1,41.74,3.315,42.48,0
16037,742.7,75.87,2.105,34.6,0
16038,220.4,34.19,2.104,32.75,0
16039,407.3,38.29,1.996,42.45,0
16040,987.7,19.38,1.092,30.84,0
16041,88.2,73.36,1.671,47.99,0
16042,352.1,83.1,2.112,33.67,1
16043,223.3,81.57,1.587,41.63,0
16044,261.1,66.78,2.468,40.69,0
16045,359.4,86.39,1.909,48.4,0
16046,1046.4,71.34,3.827,41.69,1
16047,153.7,51.27,2.352,28.73,0
16048,472.5,32.99,1.601,30.07,0
16049,194.9,68.12,2.551,36.9,0
16050,135.5,65.48,5.991,26.99,0
16051,226.7,87.6,4.195,33.53,1
16052,225.3,73.72,1.643,34.79,1
16053,165.8,27.54,1.107,41.15,0
16054,132.4,66.31,1.433,34.77,0
16055,208.4,57.57,3.362,41.78,0
16056,779.3,61.74,0.638,33.67,0
16057,80.8,63.36,2.529,34.31,0
16058,286.7,28.55,1.413,44.13,0
16059,280.7,50.16,1.887,32.07,0
16060,405.6,31.6,0.942,39.04,0
16061,433.5,14.98,0.863,33.35,0
16062,424.2,34.78,3.112,35.19,0
16063,262.5,69.06,2.253,36.68,1
16064,133.9,21.05,1.867,53.4,0
16065,266.9,58.51,3.259,39.78,0
16066,580.0,53.48,0.979,33.16,0
16067,149.1,51.73,1.858,45.98,0
16068,282.2,36.91,0.973,35.23,0
16069,176.1,58.45,3.613,36.14,0
16070,547.8,26.41,5.583,38.49,0
16071,524.3,52.17,4.369,35.42,0
16072,612.4,92.43,0.752,42.04,1
16073,638.7,40.52,0.79,36.41,1
16074,226.8,73.99,5.27,26.33,0
16075,217.6,43.73,2.285,51.86,0
16076,108.0,95.28,3.437,39.21,1
16077,300.5,58.47,3.229,38.21,0
16078,345.5,59.81,1.664,26.85,0
16079,135.6,57.42,6.632,46.16,0
16080,370.4,55.71,1.375,45.94,0
16081,435.2,54.4,3.164,42.02,0
16082,435.8,29.33,2.177,25.95,0
16083,248.8,48.48,1.126,41.4,0
16084,165.8,58.55,1.754,42.68,0
16085,226.3,7.06,2.681,36.74,0
16086,234.5,71.89,1.57,47.2,0
16087,161.2,63.93,1.633,37.98,0
16088,848.6,69.9,3.892,32.61,1
16089,662.5,68.59,1.714,39.07,0
16090,556.1,37.5,4.224,43.14,0
16091,573.7,62.8,3.283,40.16,0
16092,229.7,65.01,1.469,45.24,0
16093,658.6,87.74,1.961,30.44,1
16094,1139.1,84.64,1.582,41.28,1
16095,58.8,57.32,2.15,45.2,0
16096,507.9,97.21,1.903,36.87,1
16097,764.1,70.39,3.107,31.15,1
16098,392.0,58.87,1.628,39.08,1
16099,94.6,42.93,1.622,32.21,0
16100,186.8,63.38,5.107,35.78,0
16101,279.7,88.64,1.065,45.19,0
16102,307.6,67.14,1.46,35.06,0
16103,689.2,64.43,4.38,25.92,1
16104,203.8,17.91,1.045,41.02,0
16105,439.1,20.08,1.75,34.62,0
16106,146.4,65.61,0.829,32.11,0
16107,908.7,53.86,0.916,30.8,0
16108,317.8,18.85,0.877,39.96,0
16109,439.4,19.53,3.715,36.84,0
16110,269.2,75.12,2.579,33.8,1
16111,168.3,85.33,2.376,46.63,0
16112,1844.3,84.1,0.889,29.49,1
16113,75.0,25.44,2.27,35.03,0
16114,364.8,57.94,1.699,38.9,0
16115,152.8,50.2,2.963,43.08,0
16116,445.2,51.43,1.642,33.8,0
16117,76.6,42.16,1.835,31.77,0
16118,80.8,24.57,2.795,38.47,0
16119,201.3,37.74,1.549,43.07,0
16120,198.0,60.59,1.429,39.22,0
16121,173.6,54.13,2.466,42.11,0
16122,189.6,31.86,1.759,38.5,0
16123,482.0,52.98,1.483,28.98,0
16124,33.6,73.93,2.06,44.65,0
16125,204.9,43.05,1.724,33.43,0
16126,156.4,54.62,3.038,43.44,0
16127,440.3,60.78,1.855,36.67,0
16128,490.5,51.66,1.977,39.62,0
16129,473.9,28.95,0.938,36.99,0
16130,1259.9,69.28,8.513,43.3,0
16131,468.1,62.74,4.555,39.24,0
16132,661.0,34.29,4.319,29.17,0
16133,718.6,57.43,1.549,44.46,0
16134,601.3,40.84,1.164,49.27,0
16135,215.0,64.56,1.966,40.34,1
16136,736.9,39.22,2.207,26.1,1
16137,387.8,44.46,4.081,31.35,1
16138,178.1,73.86,3.965,42.74,0
16139,562.6,67.52,5.219,37.65,0
16140,555.9,76.15,1.303,35.23,0
16141,511.4,53.91,2.667,39.04,0
16142,200.0,67.33,1.168,40.52,0
16143,354.6,30.13,2.049,40.0,0
16144,155.1,47.27,1.245,26.9,0
16145,773.9,57.42,3.57,26.1,1
16146,482.8,56.28,1.262,41.42,0
16147,308.3,59.01,1.432,41.1,1
16148,537.3,60.57,4.952,35.07,0
16149,105.8,78.07,1.102,48.12,0
16150,401.3,20.49,1.943,42.16,0
16151,718.9,50.72,1.332,38.61,0
16152,453.5,27.13,2.53,30.11,0
16153,729.1,55.55,2.047,45.4,1
16154,284.5,39.01,3.693,36.5,0
16155,253.3,73.8,6.571,48.0,0
16156,145.1,80.31,0.987,32.7,0
16157,318.1,89.63,2.16,35.91,0
16158,308.9,1.91,7.008,49.56,0
16159,222.8,51.58,2.038,27.45,0
16160,581.5,60.66,3.33,38.49,0
16161,92.5,92.95,2.997,44.92,0
16162,173.2,44.69,1.826,39.38,0
16163,937.7,68.89,4.09,28.48,0
16164,252.3,59.35,1.305,38.16,0
16165,329.2,72.6,3.752,41.75,0
16166,333.5,15.33,7.269,34.87,0
16167,378.4,57.44,0.92,48.75,0
16168,128.5,37.93,1.204,36.07,0
16169,991.4,71.72,2.235,49.58,0
16170,641.8,13.62,3.148,37.27,0
16171,579.8,65.48,3.534,45.13,1
16172,796.8,41.81,2.385,37.12,0
16173,160.6,82.67,2.102,27.35,1
16174,72.0,90.92,6.353,52.8,1
16175,318.3,57.75,1.419,44.56,0
16176,458.8,37.79,2.86,43.33,0
16177,257.7,12.15,0.195,26.35,0
16178,90.7,70.2,2.692,35.25,0
16179,238.9,25.79,2.993,31.72,0
16180,469.7,83.61,1.947,44.6,1
16181,684.9,29.24,2.906,30.22,0
16182,249.1,15.76,7.5,32.15,0
16183,629.0,70.48,1.537,34.85,0
16184,575.4,62.25,2.21,27.0,1
16185,221.3,78.26,0.506,41.74,0
16186,390.9,62.67,1.431,41.84,0
16187,570.5,79.75,1.67,40.03,0
16188,363.0,38.45,2.828,42.15,0
16189,709.8,78.42,2.763,37.24,0
16190,271.3,69.4,1.641,33.41,0
16191,692.8,86.9,2.76,44.22,1
16192,161.9,53.44,0.957,43.54,0
16193,259.8,41.78,2.679,30.33,0
16194,198.2,50.64,7.31,40.42,0
16195,532.4,17.85,1.896,34.22,0
16196,446.7,45.23,0.482,39.47,0
16197,692.1,53.27,2.394,44.82,0
16198,835.6,46.73,0.754,28.47,0
16199,434.4,71.53,2.688,19.94,1
16200,457.5,57.61,1.631,38.75,1
16201,302.8,61.03,1.973,34.25,0
16202,320.6,48.52,1.622,40.25,0
16203,206.7,27.42,0.992,41.2,0
16204,656.9,51.4,1.365,40.12,0
16205,110.9,22.54,3.078,29.03,0
16206,414.6,58.35,2.991,36.75,0
16207,843.7,70.17,1.675,47.48,0
16208,323.9,85.37,1.393,38.19,0
16209,154.0,62.73,1.947,41.7,0
16210,817.9,51.42,2.631,27.44,1
16211,244.1,58.21,0.98,31.61,0
16212,278.6,47.8,3.502,46.15,0
16213,780.1,94.47,1.097,32.59,1
16214,308.5,65.26,1.811,46.53,1
16215,202.4,73.41,2.701,39.8,0
16216,247.4,85.25,1.448,36.65,1
16217,1120.9,65.77,1.926,40.67,0
16218,577.7,77.86,1.256,41.62,0
16219,224.8,75.74,1.288,44.4,1
16220,133.9,77.71,4.042,44.44,0
16221,641.0,55.36,1.472,35.55,0
16222,74.1,20.53,4.584,46.56,0
16223,89.7,49.7,3.272,40.28,0
16224,374.2,88.77,2.356,48.78,0
16225,1038.5,24.7,9.537,41.41,0
16226,330.6,75.29,1.705,38.59,0
16227,313.0,81.87,1.471,26.24,1
16228,353.8,61.55,2.389,39.7,1
16229,381.5,59.91,1.331,39.06,0
16230,256.1,23.64,2.126,36.82,0
16231,215.8,43.85,2.999,39.11,0
16232,280.9,43.44,0.784,21.31,0
16233,504.6,48.45,1.246,29.65,0
16234,262.2,56.33,1.105,44.06,0
16235,456.4,36.22,1.103,31.11,0
16236,175.1,26.46,2.184,38.07,0
16237,130.3,29.41,2.538,49.01,0
16238,853.9,9.36,3.164,30.15,0
16239,301.2,60.08,1.114,39.88,0
16240,270.8,74.9,1.103,42.86,0
16241,788.1,88.14,2.454,28.29,1
16242,416.4,56.03,3.08,44.0,1
16243,325.0,41.31,1.159,46.55,0
16244,74.8,60.88,2.764,38.91,0
16245,44.4,75.14,3.612,32.63,0
16246,438.8,31.42,2.663,48.95,0
16247,331.9,56.77,1.193,37.7,0
16248,118.1,50.18,2.03,43.85,0
16249,149.9,39.74,3.034,41.08,0
16250,447.8,46.46,1.018,26.22,1
16251,104.2,87.45,2.043,36.54,0
16252,753.7,49.48,1.696,31.22,0
16253,1559.9,61.55,9.102,42.54,0
16254,266.9,69.41,1.677,36.96,0
16255,1378.5,39.04,2.046,48.08,0
16256,531.9,55.61,1.501,32.55,0
16257,331.6,55.38,2.118,36.64,0
16258,252.6,75.15,3.446,33.23,1
16259,405.5,50.02,0.961,37.15,0
16260,571.9,7.18,2.139,34.93,0
16261,64.5,77.0,1.018,31.43,0
16262,453.6,79.65,1.82,29.39,1
16263,243.9,48.43,3.359,40.83,0
16264,520.4,76.33,2.686,40.36,1
16265,1001.2,37.33,1.102,28.21,0
16266,387.7,42.92,2.943,44.57,0
16267,719.1,23.98,0.798,35.28,0
16268,88.7,59.99,2.453,42.24,0
16269,446.2,51.32,3.324,44.1,0
16270,197.1,54.52,1.457,37.51,0
16271,682.1,52.82,1.472,37.94,0
16272,406.9,12.55,2.792,32.18,0
16273,352.8,49.01,2.637,46.89,0
16274,452.2,77.7,2.193,36.93,0
16275,125.8,28.46,1.516,43.35,0
16276,272.1,72.34,1.998,39.3,0
16277,157.1,41.57,2.669,34.94,0
16278,610.4,23.35,1.695,48.02,0
16279,219.6,42.74,0.865,30.69,0
16280,755.6,49.51,1.63,38.79,0
16281,38.4,71.17,8.264,29.52,0
16282,198.2,19.65,2.227,46.56,0
16283,651.3,77.95,1.934,40.41,0
16284,134.3,39.41,1.864,39.77,0
16285,219.6,80.01,1.422,35.38,0
16286,661.9,44.49,1.691,38.41,0
16287,849.0,46.85,1.808,32.8,0
16288,116.8,89.04,2.808,32.96,0
16289,964.6,47.44,0.623,51.48,0
16290,213.7,74.32,3.086,33.96,0
16291,317.3,30.83,2.438,31.95,0
16292,172.4,81.5,4.482,48.81,0
16293,177.0,64.23,3.159,32.13,0
16294,59.1,46.96,1.139,40.08,0
16295,538.6,41.35,2.364,35.34,0
16296,239.4,67.78,2.212,29.26,1
16297,604.2,55.57,3.215,42.3,0
16298,266.5,55.05,2.847,45.87,0
16299,371.2,75.69,3.679,43.47,0
16300,533.2,57.4,6.378,32.79,0
16301,535.5,81.32,1.344,41.67,1
16302,292.1,45.65,2.135,51.28,0
16303,487.6,70.7,2.7,43.3,0
16304,464.4,88.51,3.291,40.64,0
16305,384.5,41.51,4.449,42.2,0
16306,435.0,40.89,0.816,45.0,0
16307,145.5,27.37,1.729,37.55,0
16308,47.3,68.32,1.952,41.18,0
16309,630.8,18.24,2.813,42.84,0
16310,833.0,53.42,3.141,46.87,0
16311,542.9,25.76,1.309,32.74,0
16312,429.0,52.32,1.433,33.63,0
16313,782.0,52.74,2.942,39.29,0
16314,228.9,92.04,2.851,32.73,1
16315,477.3,69.48,1.901,28.91,0
16316,300.5,28.08,3.199,36.91,0
16317,266.4,66.62,2.057,29.82,0
16318,110.8,79.4,2.259,41.76,0
16319,66.5,55.39,3.586,38.12,0
16320,384.6,27.42,2.587,39.7,0
16321,234.1,65.14,2.487,46.15,0
16322,357.5,18.59,3.271,48.71,0
16323,503.1,53.02,1.445,60.19,0
16324,102.0,88.23,2.919,32.44,1
16325,872.2,54.71,1.358,37.7,1
16326,246.6,45.7,1.934,37.17,0
16327,829.4,86.58,6.891,36.79,1
16328,1040.6,43.02,2.085,34.05,0
16329,389.8,43.79,1.95,31.69,0
16330,1505.2,65.47,1.338,33.83,1
16331,527.8,30.49,5.561,43.08,0
16332,551.2,43.72,2.39,42.76,0
16333,232.8,61.21,2.026,41.34,0
16334,448.9,55.47,3.694,32.35,1
16335,350.8,41.23,4.472,32.04,0
16336,379.3,72.19,3.643,44.64,0
16337,527.9,75.63,1.775,39.03,1
16338,722.9,55.52,4.331,30.43,1
16339,159.4,18.43,0.366,49.61,0
16340,228.8,40.32,2.525,42.33,0
16341,141.2,33.01,1.96,20.57,0
16342,378.7,56.1,1.512,29.25,0
16343,617.7,40.36,1.964,44.65,0
16344,867.4,42.47,3.217,50.61,0
16345,553.0,69.36,1.538,31.82,0
16346,1057.2,70.28,1.316,42.12,0
16347,670.7,60.6,3.253,43.49,0
16348,401.4,37.31,1.059,37.44,0
16349,426.3,74.54,2.095,19.01,1
16350,407.1,33.18,3.002,44.37,0
16351,136.1,36.88,3.343,44.32,0
16352,634.5,67.9,3.715,45.11,1
16353,224.2,59.84,2.571,20.42,1
16354,641.4,34.26,3.772,40.23,0
16355,364.3,44.57,1.761,52.11,0
16356,347.4,74.76,1.428,37.89,0
16357,773.7,70.53,2.097,49.41,0
16358,375.5,72.36,3.491,36.98,1
16359,343.4,23.42,2.515,45.68,0
16360,539.7,68.78,7.606,41.7,0
16361,803.8,81.62,1.314,48.31,0
16362,154.8,64.68,3.124,30.32,0
16363,332.0,35.64,2.947,43.64,0
16364,631.8,90.59,2.209,35.21,1
16365,198.9,55.77,1.723,28.4,0
16366,384.8,46.41,1.485,41.78,0
16367,420.0,69.93,2.105,32.53,1
16368,636.7,37.33,1.092,32.9,0
16369,761.4,92.16,2.262,38.34,0
16370,369.2,73.5,1.608,26.3,1
16371,514.7,84.85,1.703,35.71,1
16372,634.0,35.15,1.268,41.1,0
16373,173.5,76.71,1.515,28.25,0
16374,1006.7,40.39,3.909,38.97,1
16375,485.5,53.21,2.416,35.62,0
16376,343.7,74.89,0.761,38.38,0
16377,146.8,44.89,1.512,35.29,0
16378,102.4,77.87,2.905,40.41,0
16379,827.2,46.91,2.491,36.04,0
16380,1007.8,45.21,2.87,32.76,0
16381,710.2,82.05,1.669,31.43,1
16382,199.9,36.62,1.386,43.01,0
16383,887.7,41.17,1.681,38.11,0
16384,349.4,74.15,6.797,39.63,1
16385,607.8,73.49,9.129,46.01,1
16386,328.9,57.67,3.981,29.9,0
16387,589.8,47.52,2.212,33.59,0
16388,973.9,51.13,2.549,45.0,0
16389,598.5,38.39,5.395,34.75,0
16390,367.5,51.48,1.797,37.19,0
16391,241.2,60.59,1.502,33.49,0
16392,649.4,23.72,2.114,33.31,0
16393,600.7,81.75,1.277,36.51,1
16394,415.1,29.53,2.011,46.78,0
16395,178.9,76.5,3.283,46.06,0
16396,183.6,47.7,2.16,37.59,0
16397,691.5,49.11,1.447,35.11,0
16398,893.9,58.34,1.286,45.44,0
16399,1871.2,45.39,1.003,37.95,0
16400,118.6,86.77,4.356,33.87,1
16401,655.9,54.36,1.5,32.13,0
16402,208.4,29.48,4.474,37.76,0
16403,259.7,77.56,3.185,17.48,1
16404,537.3,57.87,0.844,50.56,0
16405,193.3,43.06,2.269,38.3,0
16406,245.1,37.3,1.362,33.22,0
16407,158.0,42.53,2.331,44.95,0
16408,663.7,31.93,3.201,43.59,0
16409,285.9,62.21,1.238,38.84,0
16410,96.9,65.46,1.788,35.19,0
16411,385.0,42.82,0.757,33.83,0
16412,239.8,87.16,2.127,52.02,0
16413,745.9,51.78,1.466,31.5,0
16414,537.7,17.63,2.991,37.23,0
16415,570.5,63.16,2.792,41.88,0
16416,155.0,78.65,1.355,50.16,0
16417,401.8,37.35,2.222,46.84,0
16418,623.9,40.9,2.72,34.25,1
16419,812.0,64.26,1.594,50.64,0
16420,600.7,83.58,5.388,37.39,1
16421,735.8,41.92,2.174,25.69,0
16422,365.7,36.81,5.334,41.25,0
16423,611.7,73.1,1.998,46.17,0
16424,112.6,50.92,0.996,33.42,0
16425,292.3,42.22,1.295,33.21,0
16426,720.1,48.33,0.524,30.76,0
16427,531.7,87.96,2.721,29.11,1
16428,800.9,63.92,1.196,44.77,0
16429,82.4,62.07,2.115,37.52,0
16430,554.4,82.32,1.839,22.12,0
16431,376.4,70.26,1.131,37.23,0
16432,228.8,37.5,4.781,44.31,0
16433,215.7,35.85,5.328,39.89,0
16434,969.6,62.04,2.331,34.34,0
16435,545.1,82.87,2.446,51.21,0
16436,176.8,87.6,1.076,39.86,0
16437,674.3,56.24,0.936,36.11,0
16438,261.9,53.05,1.519,45.34,0
16439,893.7,42.93,7.325,31.06,1
16440,531.7,63.69,1.364,46.23,0
16441,156.4,68.34,1.798,34.63,0
16442,293.7,62.73,2.514,26.6,1
16443,51.6,19.85,7.27,35.01,0
16444,243.8,10.24,4.209,26.59,0
16445,232.7,59.02,2.817,35.9,0
16446,800.5,59.62,2.927,37.49,0
16447,970.8,34.6,3.959,40.53,0
16448,645.7,58.84,2.196,35.48,1
16449,855.6,79.19,1.244,43.66,1
16450,179.6,34.49,3.627,48.67,0
16451,455.6,50.65,2.091,32.2,0
16452,309.4,88.25,1.25,31.8,1
16453,313.8,88.37,0.756,42.89,0
16454,164.3,87.13,2.255,36.51,0
16455,718.4,79.27,2.901,28.33,1
16456,129.6,34.28,4.342,45.91,0
16457,208.4,27.99,8.443,45.74,0
16458,198.0,52.71,2.319,26.82,0
16459,966.4,34.63,2.936,35.75,0
16460,391.1,42.81,2.207,32.36,0
16461,114.6,67.87,3.592,38.2,0
16462,342.4,43.52,4.266,30.78,0
16463,46.5,28.23,1.338,32.93,0
16464,388.9,61.41,1.604,41.24,0
16465,313.2,69.31,1.29,52.48,0
16466,176.7,71.75,0.783,24.2,0
16467,36.5,62.01,2.03,35.21,0
16468,92.0,14.28,1.968,43.75,0
16469,380.4,66.93,1.797,45.12,0
16470,276.1,75.79,4.49,38.64,1
16471,748.7,35.07,1.882,46.54,0
16472,715.4,51.84,1.677,36.11,0
16473,180.6,78.12,1.804,31.56,1
16474,510.0,53.52,0.631,38.21,1
16475,440.8,71.73,0.843,41.6,0
16476,258.1,90.06,1.143,46.81,0
16477,818.9,21.71,2.709,33.73,0
16478,296.8,82.0,1.901,38.76,0
16479,247.1,45.34,4.911,42.66,0
16480,283.4,32.66,1.487,39.68,0
16481,231.1,31.33,2.681,37.47,0
16482,352.4,32.01,3.012,34.26,0
16483,588.5,35.73,0.921,44.0,0
16484,250.8,79.32,1.886,45.29,0
16485,516.1,36.28,2.048,37.09,0
16486,265.2,67.96,1.155,32.32,0
16487,318.5,84.27,0.865,46.28,0
16488,345.5,43.71,6.173,36.74,0
16489,329.8,67.79,3.757,25.4,0
16490,420.8,31.24,2.441,41.76,1
16491,530.2,48.94,2.021,46.32,0
16492,231.6,19.2,3.68,40.21,0
16493,131.5,15.09,2.236,40.4,0
16494,643.0,57.54,1.65,32.56,0
16495,382.9,48.75,1.799,38.23,0
16496,285.3,35.82,1.691,36.25,0
16497,484.3,84.99,2.744,38.75,1
16498,479.2,18.22,2.881,39.78,0
16499,1295.8,63.37,1.209,46.75,0
16500,852.0,40.65,0.864,47.05,0
16501,269.0,66.01,1.663,41.23,0
16502,250.7,9.97,1.581,40.18,0
16503,554.1,45.43,6.035,36.65,0
16504,351.2,65.1,1.584,38.93,0
16505,297.0,41.16,0.771,33.11,0
16506,390.1,75.16,2.477,35.44,0
16507,866.2,58.06,1.727,32.69,1
16508,182.1,89.1,2.208,37.33,1
16509,458.7,42.58,1.203,38.8,0
16510,659.8,54.41,0.96,46.79,0
16511,396.8,68.55,3.071,34.98,1
16512,349.3,66.25,2.365,41.16,1
16513,448.3,42.27,0.79,38.62,0
16514,657.0,26.59,1.722,40.64,0
16515,219.9,55.99,1.618,28.26,0
16516,276.8,66.52,3.252,37.89,0
16517,504.4,73.34,1.552,29.85,1
16518,531.6,28.8,5.749,22.7,0
16519,475.0,33.89,2.106,34.95,0
16520,142.6,48.82,1.44,50.37,0
16521,834.0,58.0,1.946,41.83,0
16522,292.8,32.04,1.17,33.9,0
16523,265.5,33.07,2.394,40.5,0
16524,358.6,36.43,3.124,32.41,0
16525,724.6,49.52,2.989,42.97,1
16526,117.6,70.73,1.581,35.8,0
16527,259.6,74.67,2.908,43.55,0
16528,538.7,54.63,2.095,33.83,0
16529,475.4,57.54,1.598,37.62,0
16530,486.1,58.55,1.646,44.33,0
16531,637.1,63.28,1.336,31.25,0
16532,442.2,76.36,2.225,33.6,0
16533,561.1,39.53,1.271,31.61,0
16534,415.7,50.16,1.619,39.69,0
16535,300.2,60.51,0.925,25.91,0
16536,505.8,90.21,1.565,35.95,1
16537,206.4,67.82,6.323,43.64,1
16538,119.9,56.62,0.997,34.86,0
16539,433.0,74.26,1.069,40.81,0
16540,695.9,71.35,3.805,40.36,0
16541,1011.4,47.23,1.097,36.79,0
16542,523.6,93.71,1.983,40.81,1
16543,147.1,67.09,5.774,39.06,0
16544,382.5,88.11,1.048,47.18,0
16545,847.1,38.48,0.947,41.7,0
16546,390.3,48.48,1.927,35.44,0
16547,660.2,40.26,1.52,44.01,0
16548,307.2,16.87,5.36,32.24,0
16549,715.7,66.46,3.32,45.99,0
16550,313.1,45.33,1.64,30.14,0
16551,314.6,82.64,1.012,36.37,0
16552,360.3,71.7,0.783,39.3,0
16553,191.4,82.21,3.619,32.56,1
16554,464.8,28.03,2.256,42.37,0
16555,759.8,61.59,3.371,28.37,0
16556,198.5,32.58,4.421,44.52,0
16557,224.6,54.29,1.878,42.4,0
16558,583.3,86.01,2.124,41.3,0
16559,312.6,39.19,1.429,39.45,0
16560,266.0,50.82,1.15,46.9,0
16561,95.6,76.61,2.534,47.78,0
16562,1193.1,47.42,2.507,39.24,0
16563,353.3,24.65,1.946,35.81,0
16564,112.4,61.65,2.546,29.24,0
16565,441.5,63.63,3.402,28.12,1
16566,302.5,65.08,3.652,38.73,0
16567,830.1,44.51,3.205,47.94,1
16568,430.1,79.01,1.908,34.83,1
16569,512.6,77.43,1.731,48.26,0
16570,627.3,68.08,1.176,41.86,1
16571,384.3,76.07,1.759,37.79,0
16572,331.8,65.33,2.117,28.95,1
16573,219.2,32.83,1.169,35.86,0
16574,364.9,66.69,2.431,36.09,0
16575,412.0,12.08,2.471,49.2,0
16576,777.3,17.47,2.463,43.83,0
16577,570.5,74.22,2.382,41.14,0
16578,317.7,40.31,1.316,32.68,0
16579,342.5,44.96,4.605,47.55,0
16580,742.8,51.2,1.541,41.64,0
16581,88.1,75.69,2.521,44.05,0
16582,507.7,71.75,1.147,37.06,0
16583,242.0,29.97,1.032,44.91,0
16584,158.0,39.34,4.866,40.8,0
16585,226.5,28.35,1.189,36.19,0
16586,322.3,32.44,0.959,54.87,0
16587,56.2,74.33,2.078,41.23,0
16588,339.1,82.13,1.871,41.01,0
16589,229.0,66.59,2.412,43.72,0
16590,65.7,84.25,2.593,35.33,0
16591,82.6,52.75,2.566,37.65,0
16592,1065.4,37.53,5.667,42.98,1
16593,527.6,84.6,5.573,51.21,0
16594,27.4,25.05,2.092,42.27,0
16595,776.0,31.68,1.783,41.08,0
16596,626.0,26.02,1.977,34.96,0
16597,333.3,75.22,0.842,35.37,0
16598,325.0,79.65,2.92,39.49,0
16599,936.2,69.85,3.997,39.2,0
16600,867.5,50.83,4.226,47.32,0
16601,96.9,83.07,2.494,37.6,0
16602,503.3,41.86,1.404,35.89,0
16603,173.1,46.01,1.701,44.99,0
16604,554.9,80.39,6.538,34.33,1
16605,539.2,33.67,3.365,48.72,0
16606,310.5,76.95,1.496,39.81,0
16607,102.8,46.15,1.786,41.22,0
16608,973.2,56.53,3.359,37.25,0
16609,417.6,59.18,3.872,30.78,0
16610,315.9,35.77,2.884,26.79,0
16611,551.1,17.02,1.295,41.27,0
16612,263.5,65.61,0.826,35.75,0
16613,508.4,75.2,0.749,33.24,0
16614,301.6,61.59,2.326,40.06,0
16615,225.1,80.55,2.329,40.09,0
16616,233.1,50.54,2.237,30.0,1
16617,604.1,81.74,2.48,46.03,0
16618,158.6,56.8,5.679,44.44,0
16619,82.6,37.05,1.769,40.95,0
16620,624.6,79.82,1.365,30.3,1
16621,668.2,60.8,0.731,39.27,0
16622,214.1,47.01,1.735,36.68,0
16623,649.4,84.93,2.927,31.82,1
16624,1021.4,47.49,1.055,43.45,0
16625,258.5,80.36,7.202,42.71,0
16626,384.6,58.77,1.113,43.39,0
16627,973.1,65.18,0.617,36.7,1
16628,542.6,58.37,6.558,35.26,1
16629,790.0,14.46,1.564,46.18,0
16630,161.9,47.53,1.558,29.97,0
16631,249.6,71.09,2.71,50.55,0
16632,218.4,42.56,1.944,31.51,0
16633,799.6,55.56,4.35,35.85,0
16634,263.1,30.93,3.584,29.74,0
16635,184.0,37.96,4.526,32.22,0
16636,375.2,27.13,3.106,31.48,0
16637,284.9,33.15,3.001,31.14,0
16638,200.4,74.03,1.595,34.27,0
16639,1150.3,90.73,1.895,32.07,1
16640,426.9,62.03,1.591,40.87,0
16641,118.5,42.81,1.265,43.6,0
16642,551.7,66.21,2.983,41.21,0
16643,378.5,82.85,1.632,31.17,1
16644,375.1,25.91,3.512,36.62,0
16645,153.1,79.54,2.551,42.14,1
16646,368.3,86.8,1.384,58.09,1
16647,168.2,27.93,5.357,52.71,0
16648,549.2,24.47,1.889,31.58,0
16649,79.9,53.24,3.382,37.94,0
16650,369.5,55.3,2.64,41.52,0
16651,64.9,21.73,2.986,36.8,0
16652,66.5,33.61,1.03,39.98,0
16653,782.7,65.41,1.92,45.86,0
16654,1093.8,60.55,2.466,44.8,1
16655,438.1,70.2,3.891,49.78,0
16656,948.7,53.01,3.703,49.29,0
16657,96.8,15.88,3.695,38.83,0
16658,370.5,63.59,1.605,50.08,0
16659,1161.7,70.81,1.276,35.4,1
16660,718.8,24.23,3.87,45.18,0
16661,714.0,34.04,1.02,49.16,0
16662,236.9,76.78,4.703,32.28,1
16663,247.1,67.79,2.382,32.42,1
16664,432.3,58.39,1.195,29.91,0
16665,213.4,24.97,2.521,38.9,0
16666,338.4,77.97,3.767,42.42,0
16667,436.4,52.63,1.882,31.96,0
16668,429.0,23.81,1.964,43.88,0
16669,874.8,24.41,3.188,41.12,0
16670,267.8,89.17,3.506,43.37,1
16671,388.4,67.03,2.193,42.95,0
16672,376.6,65.42,1.893,43.96,0
16673,687.3,39.7,1.356,34.77,0
16674,152.2,92.5,5.434,44.69,0
16675,185.4,64.52,3.971,34.02,0
16676,738.0,79.37,3.16,44.77,0
16677,581.3,37.15,5.716,40.27,0
16678,402.3,72.44,6.953,39.53,1
16679,178.5,54.19,1.489,39.04,0
16680,284.8,32.3,1.59,36.14,0
16681,152.0,11.03,3.586,38.33,0
16682,720.7,56.37,1.051,49.3,0
16683,593.0,63.09,3.384,28.25,0
16684,445.9,76.11,2.887,44.25,0
16685,369.4,24.01,2.056,47.2,0
16686,161.3,11.74,3.525,27.54,0
16687,381.6,80.83,2.547,36.3,1
16688,656.5,57.58,1.903,48.31,0
16689,111.7,58.34,8.359,42.29,0
16690,387.7,48.72,0.983,35.06,0
16691,496.2,53.63,2.938,34.24,0
16692,151.0,40.24,1.408,36.08,0
16693,518.0,74.62,5.232,39.66,1
16694,446.5,42.69,1.501,35.13,1
16695,761.7,78.47,1.994,31.33,1
16696,296.3,90.12,2.682,36.54,1
16697,384.0,45.07,2.444,35.49,0
16698,418.1,73.25,0.91,40.52,0
16699,670.9,58.86,1.658,39.54,0
16700,253.6,53.89,0.91,38.7,0
16701,195.0,11.15,2.977,26.99,0
16702,1226.6,41.34,1.796,40.4,0
16703,165.8,69.74,2.921,30.53,0
16704,269.4,61.31,3.188,29.75,1
16705,959.2,58.31,1.419,43.71,0
16706,254.3,75.9,1.654,37.58,0
16707,524.6,28.83,5.225,37.69,0
16708,191.4,82.36,1.41,44.87,0
16709,165.6,60.38,1.057,41.45,0
16710,263.3,85.32,1.207,44.76,0
16711,270.4,34.61,1.4,30.85,0
16712,1054.8,53.99,3.58,44.31,0
16713,133.9,60.22,2.254,36.69,0
16714,318.8,89.17,2.253,41.25,1
16715,848.9,39.21,1.477,47.52,0
16716,384.0,86.05,2.717,42.7,0
16717,323.4,50.51,1.031,41.95,0
16718,617.9,60.77,2.768,36.09,1
16719,589.7,46.51,1.358,33.15,0
16720,569.5,43.86,1.591,35.91,0
16721,1604.5,26.84,5.028,35.52,0
16722,467.7,70.82,2.372,37.9,0
16723,186.0,58.34,2.849,48.57,0
16724,549.1,29.37,3.478,39.68,0
16725,171.1,37.22,1.481,31.66,0
16726,150.1,46.12,0.798,37.87,1
16727,163.5,18.57,1.152,40.12,0
16728,562.4,40.64,2.392,32.37,0
16729,713.7,78.04,1.792,29.65,1
16730,88.2,47.6,3.256,37.58,0
16731,281.5,30.71,1.904,40.15,0
16732,319.6,58.94,1.297,30.68,0
16733,651.4,61.13,1.546,43.47,0
16734,255.6,46.31,1.853,37.35,0
16735,373.6,62.35,2.928,36.86,1
16736,248.9,45.97,0.758,41.13,0
16737,295.5,86.58,3.867,17.5,1
16738,311.9,31.5,2.845,25.63,1
16739,326.9,86.68,2.855,27.2,1
16740,1012.7,69.46,1.092,33.41,0
16741,235.8,55.32,3.037,36.36,0
16742,319.4,44.95,3.317,31.3,0
16743,401.3,19.38,1.983,41.45,0
16744,709.3,43.32,1.284,38.65,0
16745,243.6,18.16,2.043,35.97,0
16746,563.9,31.55,1.565,33.01,0
16747,222.8,56.3,0.495,33.72,0
16748,399.4,88.55,3.169,39.18,1
16749,271.3,51.07,0.814,32.64,0
16750,242.5,84.44,1.511,39.39,0
16751,877.7,41.59,1.2,27.19,0
16752,309.6,35.14,1.717,29.37,0
16753,159.7,62.91,1.831,38.83,0
16754,537.7,33.48,1.259,42.1,0
16755,283.6,53.68,1.467,34.47,0
16756,406.7,30.47,4.215,22.81,0
16757,469.0,52.67,1.785,42.19,0
16758,423.6,24.49,3.093,37.02,0
16759,785.8,37.93,4.696,40.58,1
16760,534.3,43.35,2.45,41.85,0
16761,175.2,50.85,1.662,33.51,0
16762,177.8,79.21,2.19,38.01,0
16763,317.6,29.29,1.423,41.24,0
16764,156.2,91.12,1.99,44.91,0
16765,271.4,29.08,1.682,45.95,0
16766,456.0,92.6,1.403,32.92,1
16767,231.5,45.03,0.983,46.58,0
16768,741.7,16.28,2.989,38.04,0
16769,646.0,51.88,2.15,23.26,1
16770,786.7,50.68,3.72,26.23,0
16771,309.2,52.02,1.643,36.43,0
16772,463.7,64.45,3.248,36.68,0
16773,222.7,71.78,3.436,45.68,0
16774,318.3,92.32,5.255,36.81,1
16775,364.2,66.59,1.955,45.36,0
16776,227.7,20.09,1.581,43.15,0
16777,369.9,80.79,1.364,38.58,0
16778,584.5,48.33,4.471,44.44,0
16779,126.0,65.84,2.038,45.2,0
16780,484.7,20.61,1.676,34.81,0
16781,181.1,17.92,1.085,39.63,0
16782,598.3,35.3,2.945,45.0,0
16783,1257.8,20.17,3.182,34.28,0
16784,126.0,86.25,1.856,35.48,1
16785,289.8,65.9,1.536,42.78,0
16786,539.7,54.51,2.518,37.74,0
16787,166.4,73.32,1.002,38.12,0
16788,75.6,25.35,1.679,45.53,0
16789,512.4,90.16,1.491,53.09,0
16790,125.0,34.44,2.447,38.43,0
16791,123.9,87.16,2.088,34.52,1
16792,335.2,58.89,4.128,50.78,0
16793,94.3,76.75,1.197,43.82,0
16794,255.7,23.57,2.415,32.69,0
16795,261.0,82.1,2.832,37.21,0
16796,221.3,55.67,2.245,42.44,0
16797,123.7,49.8,2.61,39.28,0
16798,249.2,71.92,2.789,30.81,0
16799,375.8,58.66,1.44,48.58,0
16800,532.4,51.54,1.772,37.39,0
16801,215.2,18.35,1.433,47.71,0
16802,574.9,58.58,3.654,46.24,0
16803,383.3,58.32,5.086,36.66,0
16804,371.1,39.89,2.129,41.2,0
16805,338.9,76.71,1.277,40.86,0
16806,578.7,74.63,3.349,41.15,0
16807,445.0,42.83,1.174,42.91,0
16808,630.4,61.09,4.896,45.38,1
16809,484.2,28.85,2.727,28.67,0
16810,178.1,79.38,2.411,34.58,0
16811,261.0,51.29,0.696,31.17,0
16812,321.2,93.96,1.932,32.62,1
16813,312.9,52.73,0.778,37.53,0
16814,897.8,61.54,0.819,36.68,0
16815,222.3,56.89,1.311,41.31,0
16816,899.2,67.39,2.018,50.36,0
16817,516.1,42.04,1.17,47.74,0
16818,140.1,36.8,1.733,30.08,0
16819,971.5,55.23,2.97,44.82,0
16820,393.6,63.8,4.525,48.42,0
16821,353.3,90.0,3.751,45.87,1
16822,183.7,26.45,2.139,39.46,0
16823,754.5,63.41,1.952,42.98,0
16824,400.8,52.69,1.061,55.66,0
16825,530.0,44.54,3.495,42.38,0
16826,328.7,45.2,3.057,35.55,0
16827,106.9,19.3,2.833,39.8,0
16828,415.0,17.66,1.351,38.46,0
16829,410.2,8.14,1.999,38.21,1
16830,449.8,53.58,1.061,33.71,0
16831,498.2,77.48,1.587,46.92,0
16832,450.7,89.77,2.927,31.91,1
16833,642.1,65.21,2.497,32.02,0
16834,448.6,39.01,3.223,36.03,0
16835,143.2,37.61,1.631,40.49,0
16836,402.8,82.33,2.575,43.2,1
16837,93.2,47.77,1.058,41.95,0
16838,205.8,22.93,1.906,39.24,0
16839,298.0,76.51,4.223,52.63,0
16840,185.8,44.03,1.347,29.18,0
16841,306.9,57.23,1.093,43.92,0
16842,355.9,61.51,3.438,33.44,0
16843,332.4,62.54,1.628,42.67,0
16844,495.6,36.47,3.197,40.98,0
16845,228.9,49.96,6.983,28.19,0
16846,369.7,96.31,1.583,39.69,0
16847,632.6,53.3,0.861,43.81,0
16848,224.4,18.74,3.141,36.19,0
16849,1303.8,78.45,1.348,53.83,1
16850,436.1,28.47,1.657,33.72,1
16851,355.2,74.19,0.962,48.29,0
16852,626.0,75.81,1.234,41.41,1
16853,365.1,64.71,1.759,40.06,0
16854,343.8,50.07,2.842,32.81,0
16855,488.4,70.09,1.946,41.46,0
16856,84.6,61.64,2.654,32.55,0
16857,546.2,20.15,10.292,43.64,0
16858,106.1,23.23,0.986,38.58,0
16859,321.1,37.81,3.376,44.69,0
16860,242.8,57.93,2.885,46.12,0
16861,791.2,40.16,1.549,37.71,0
16862,460.0,62.65,2.908,41.95,0
16863,268.4,49.01,1.319,32.96,0
16864,233.0,65.29,3.732,25.48,0
16865,710.5,88.01,1.311,35.21,1
16866,732.4,76.63,2.243,37.02,1
16867,222.2,66.53,2.073,34.27,0
16868,332.9,56.79,2.423,36.17,0
16869,410.3,77.04,1.308,32.38,0
16870,123.6,87.54,6.145,39.81,1
16871,630.4,47.2,4.046,31.16,0
16872,315.6,22.5,3.443,36.39,0
16873,173.7,65.41,1.628,28.42,0
16874,142.7,59.51,2.088,31.72,0
16875,215.8,56.82,1.735,37.18,0
16876,497.2,26.79,1.105,40.84,0
16877,468.6,82.87,1.306,37.92,0
16878,654.0,26.2,4.144,24.68,0
16879,213.4,66.02,1.394,40.23,0
16880,160.4,75.02,2.693,41.21,0
16881,692.1,63.95,0.755,45.1,0
16882,330.8,55.78,2.694,49.38,0
16883,637.2,52.09,2.124,35.85,0
16884,758.8,52.6,1.176,37.84,0
16885,1282.4,64.97,1.033,50.58,0
16886,237.9,54.53,2.553,26.8,0
16887,276.7,13.11,0.787,30.32,0
16888,397.2,51.37,0.996,36.05,0
16889,1087.8,25.56,1.993,48.64,0
16890,398.0,47.81,1.518,41.89,0
16891,466.4,53.27,0.86,19.84,0
16892,558.5,23.97,5.966,36.56,0
16893,416.2,28.13,1.884,47.78,0
16894,961.4,48.52,1.155,36.63,0
16895,272.2,80.1,1.205,32.66,1
16896,448.1,39.78,1.788,25.93,0
16897,925.1,48.31,4.641,42.84,0
16898,324.6,32.07,1.862,39.21,0
16899,733.1,82.24,1.3,24.66,1
16900,656.5,54.29,2.123,34.37,0
16901,186.5,59.03,2.832,51.03,0
16902,141.6,30.39,1.974,41.1,0
16903,395.8,55.66,4.257,42.09,0
16904,747.5,33.29,2.321,44.24,0
16905,513.5,45.83,7.982,33.77,0
16906,540.8,57.73,2.005,42.1,0
16907,222.5,79.37,1.448,32.86,0
16908,824.3,76.7,1.539,36.15,0
16909,413.3,66.3,1.565,50.69,0
16910,356.1,96.88,2.568,30.72,1
16911,183.9,70.38,4.716,25.15,1
16912,568.9,29.77,5.094,39.07,0
16913,95.4,52.57,3.344,36.7,0
16914,748.6,73.4,1.741,43.8,1
16915,208.8,54.5,1.256,26.89,0
16916,214.6,31.97,1.163,42.85,0
16917,326.1,12.84,1.951,37.08,0
16918,515.8,45.75,2.095,19.93,0
16919,499.9,74.88,2.507,42.13,0
16920,389.4,66.31,1.777,33.95,0
16921,164.6,69.0,1.473,25.02,0
16922,161.7,70.52,1.595,43.05,0
16923,220.3,79.85,3.756,30.49,0
16924,647.8,56.93,6.643,33.46,1
16925,211.4,29.84,2.053,46.1,0
16926,665.1,59.18,3.691,43.92,0
16927,597.9,47.99,1.924,35.55,0
16928,610.9,52.79,2.943,42.64,0
16929,685.0,66.89,0.71,27.24,1
16930,898.4,71.76,1.678,43.71,0
16931,271.8,63.8,1.058,30.7,0
16932,353.2,44.4,0.667,37.05,0
16933,239.0,84.41,3.99,47.21,0
16934,658.5,19.48,2.486,41.82,0
16935,428.5,82.84,5.434,38.5,1
16936,213.4,81.38,1.609,29.36,0
16937,77.7,33.48,1.671,49.34,0
16938,790.1,79.58,2.46,37.17,1
16939,767.0,70.53,1.024,34.44,1
16940,154.3,26.23,2.827,34.15,0
16941,428.1,59.27,3.782,34.94,0
16942,352.0,71.53,1.695,33.38,0
16943,307.3,74.42,1.982,44.62,1
16944,81.4,56.66,2.01,31.57,0
16945,293.1,28.8,4.754,41.71,0
16946,225.7,47.76,1.641,30.16,0
16947,252.6,42.81,1.802,35.61,0
16948,70.6,68.97,3.078,44.07,0
16949,174.2,47.26,0.696,42.39,0
16950,540.3,53.54,3.779,35.06,0
16951,357.6,27.78,1.62,37.25,0
16952,291.1,85.76,2.188,24.47,1
16953,735.8,60.48,1.043,48.74,0
16954,389.3,50.23,1.725,46.01,0
16955,377.1,65.57,2.738,47.0,0
16956,513.5,81.31,1.883,48.99,0
16957,518.0,40.99,1.816,37.54,0
16958,226.0,29.45,1.544,22.99,0
16959,530.3,79.39,2.772,42.24,1
16960,495.7,69.06,0.871,31.47,0
16961,638.7,37.9,1.312,42.73,0
16962,290.2,37.66,4.822,48.7,0
16963,914.9,78.91,2.203,31.13,0
16964,414.6,78.52,1.923,52.31,0
16965,113.8,66.1,1.61,41.2,0
16966,162.4,76.38,1.093,45.43,0
16967,225.1,86.02,1.811,43.1,0
16968,198.0,83.93,5.671,39.71,1
16969,200.2,18.62,1.817,33.98,0
16970,443.2,59.85,3.711,44.11,0
16971,255.5,57.31,3.085,46.86,0
16972,313.7,28.56,2.835,38.2,0
16973,414.3,47.61,3.051,44.71,0
16974,128.1,49.15,3.788,53.64,0
16975,207.8,50.58,2.835,44.65,0
16976,523.6,84.88,2.251,43.93,0
16977,957.8,38.7,1.318,44.87,0
16978,710.0,37.31,2.849,33.97,0
16979,717.2,46.31,1.383,41.62,0
16980,543.7,57.78,1.782,32.86,0
16981,421.7,77.96,2.321,35.71,0
16982,762.7,26.8,2.326,41.5,0
16983,242.9,68.49,1.621,38.37,0
16984,406.6,61.36,3.789,44.99,0
16985,756.7,41.66,1.408,37.38,0
16986,101.7,77.72,1.696,36.11,0
16987,1336.1,46.35,2.153,46.85,0
16988,378.1,79.58,3.257,41.61,1
16989,277.2,64.35,1.018,42.9,0
16990,502.6,52.81,1.16,32.54,0
16991,141.7,96.77,2.538,44.81,1
16992,171.2,2.81,1.202,32.2,0
16993,1167.5,19.16,5.576,39.29,0
16994,753.5,96.66,1.483,40.5,1
16995,178.8,65.13,1.297,37.87,0
16996,106.4,47.35,0.81,31.96,0
16997,716.6,65.8,0.917,39.2,0
16998,212.2,49.43,4.741,33.76,0
16999,1187.9,60.41,4.338,37.74,1
17000,147.7,37.15,2.349,47.5,0
17001,513.9,17.53,1.587,38.45,0
17002,519.4,18.01,1.768,32.9,0
17003,382.0,69.75,4.543,36.52,0
17004,130.1,55.38,1.309,41.98,0
17005,566.4,80.05,1.596,42.14,0
17006,444.2,49.12,2.507,42.38,0
17007,366.9,55.88,10.075,31.84,0
17008,107.8,62.92,2.946,39.49,0
17009,61.4,35.43,0.943,41.22,0
17010,743.5,80.39,0.527,34.91,0
17011,406.5,58.97,4.428,45.08,1
17012,69.4,65.21,1.788,34.89,0
17013,468.1,24.51,4.316,40.68,0
17014,197.0,35.71,2.462,40.16,0
17015,311.2,59.83,1.695,39.87,0
17016,219.2,20.67,1.92,49.8,0
17017,620.1,36.13,5.268,36.22,0
17018,243.6,38.9,1.312,42.36,0
17019,118.6,68.87,0.909,37.55,0
17020,695.9,58.82,1.468,37.87,0
17021,428.9,55.03,1.607,38.13,0
17022,86.2,72.9,3.617,40.31,0
17023,969.2,60.7,1.069,35.06,0
17024,594.0,53.39,2.064,31.12,0
17025,286.8,86.08,2.515,30.8,1
17026,246.1,49.09,4.329,28.95,0
17027,285.6,69.07,1.938,41.42,0
17028,36.3,50.82,1.593,49.25,0
17029,152.0,54.5,2.076,39.48,0
17030,690.1,77.29,2.618,37.16,1
17031,497.2,75.95,2.276,32.94,0
17032,1084.7,68.42,7.415,40.64,0
17033,522.6,46.01,3.486,40.51,0
17034,313.2,67.42,4.482,28.23,1
17035,152.9,34.96,3.212,39.07,0
17036,323.0,49.24,2.363,39.13,0
17037,503.2,62.95,3.681,31.35,1
17038,309.3,72.5,0.671,42.78,0
17039,473.4,24.43,1.536,39.84,0
17040,342.4,73.27,2.426,36.93,0
17041,1015.9,42.2,1.162,43.4,0
17042,663.0,40.6,6.731,48.47,1
17043,550.3,50.73,2.764,39.27,0
17044,232.8,72.73,1.59,34.82,0
17045,628.6,71.19,3.434,32.16,1
17046,86.3,22.35,3.55,35.92,0
17047,162.2,68.01,3.344,46.49,0
17048,240.1,68.44,2.282,43.54,0
17049,177.1,42.15,1.597,32.67,0
17050,317.4,62.16,2.816,44.28,0
17051,651.1,34.18,2.475,34.53,1
17052,345.6,42.16,0.949,39.19,0
17053,274.8,27.05,1.715,39.72,0
17054,669.0,58.47,2.711,30.11,0
17055,459.9,59.93,1.717,23.22,1
17056,117.7,43.59,0.478,26.65,0
17057,1004.3,65.02,1.965,30.22,1
17058,352.2,54.72,1.301,40.54,0
17059,366.9,39.0,1.253,51.69,0
17060,453.7,44.64,3.044,41.45,0
17061,1030.0,19.41,1.692,38.14,0
17062,196.5,46.25,2.367,32.39,0
17063,594.9,44.02,2.037,43.15,0
17064,297.1,48.33,3.062,29.3,0
17065,537.1,42.21,1.633,40.73,0
17066,333.1,32.34,3.011,30.95,0
17067,613.1,35.09,1.232,36.08,0
17068,1301.6,55.5,5.034,38.0,1
17069,17.5,85.74,1.237,37.1,0
17070,355.5,59.82,1.072,33.31,0
17071,313.3,69.18,1.877,49.63,1
17072,378.8,39.61,2.593,38.22,0
17073,277.2,40.31,4.237,33.29,0
17074,845.2,54.41,3.597,38.85,0
17075,407.0,81.38,1.027,49.45,0
17076,39.5,50.93,2.814,48.91,0
17077,368.7,52.4,1.899,31.25,0
17078,526.0,72.44,1.474,31.68,1
17079,52.2,52.16,7.516,29.24,0
17080,433.2,85.37,2.308,38.99,1
17081,772.5,47.14,4.597,27.87,1
17082,419.0,53.45,1.629,35.72,0
17083,337.9,53.27,0.814,50.63,0
17084,716.3,58.9,2.623,43.37,0
17085,385.3,59.69,2.572,43.33,0
17086,140.8,73.95,0.913,22.42,1
17087,202.3,69.22,0.949,26.47,0
17088,154.0,42.13,3.79,36.57,0
17089,500.8,83.21,2.068,37.69,0
17090,301.2,52.99,5.82,40.59,0
17091,344.7,66.26,3.43,46.28,0
17092,507.2,33.5,1.034,40.83,1
17093,473.1,26.49,0.842,44.24,0
17094,470.2,74.31,2.659,46.38,0
17095,853.3,75.43,1.825,47.88,0
17096,392.4,68.73,2.656,40.6,0
17097,110.2,25.71,0.803,35.72,0
17098,279.7,83.97,4.291,37.83,1
17099,367.8,65.05,1.181,46.91,0
17100,977.4,34.79,1.199,27.67,1
17101,122.6,35.86,4.11,34.4,0
17102,862.4,48.33,1.051,52.37,0
17103,966.6,49.73,1.571,47.86,1
17104,995.8,80.99,1.028,23.81,1
17105,610.0,25.86,3.855,28.65,0
17106,233.7,41.42,2.607,32.05,0
17107,739.7,55.67,2.958,38.29,0
17108,787.0,57.56,1.849,37.72,0
17109,392.9,41.17,4.523,53.93,0
17110,394.0,77.18,1.025,39.46,0
17111,439.8,79.84,2.897,39.73,0
17112,126.6,13.44,1.765,49.2,0
17113,220.8,45.26,1.276,41.02,0
17114,151.2,70.31,1.473,35.86,0
17115,469.4,66.95,3.5,38.0,1
17116,628.5,40.63,0.965,40.2,0
17117,445.8,79.08,2.73,40.91,0
17118,637.3,20.55,4.14,36.98,0
17119,291.6,57.68,0.914,42.63,0
17120,106.9,26.81,2.242,26.7,0
17121,274.1,77.0,0.504,37.83,0
17122,691.9,46.53,2.744,39.92,0
17123,450.5,27.54,1.785,32.67,0
17124,239.1,96.03,1.358,47.49,0
17125,684.7,34.52,1.513,42.36,0
17126,1223.8,34.98,1.82,46.77,0
17127,382.5,62.56,1.388,41.63,0
17128,80.8,53.03,5.351,37.08,1
17129,46.6,47.68,2.519,42.22,0
17130,567.9,84.95,1.504,42.05,1
17131,413.2,35.15,1.432,26.77,0
17132,85.7,59.03,5.198,40.07,0
17133,133.4,58.65,1.958,33.91,0
17134,855.8,42.33,1.021,25.48,1
17135,526.8,38.26,2.14,40.82,0
17136,1031.8,64.14,3.602,31.72,1
17137,124.4,65.26,0.837,37.55,0
17138,209.5,65.85,1.879,31.33,0
17139,685.4,72.66,5.133,34.0,1
17140,897.7,47.01,1.781,41.48,0
17141,425.0,74.28,4.636,44.46,0
17142,292.6,61.43,2.846,38.93,0
17143,268.2,51.88,2.311,32.83,0
17144,382.2,67.57,4.292,36.1,0
17145,206.9,71.53,2.987,32.85,0
17146,229.4,58.56,0.609,37.3,0
17147,248.9,53.34,1.88,35.23,0
17148,631.8,80.15,3.664,29.25,1
17149,226.9,63.65,2.134,32.84,0
17150,300.0,33.46,0.681,36.1,0
17151,395.9,58.77,2.542,39.66,1
17152,429.4,69.89,1.856,38.03,0
17153,623.5,87.1,4.568,40.55,1
17154,737.2,23.08,1.413,35.13,0
17155,458.0,18.37,1.247,30.35,0
17156,703.4,74.33,2.577,29.25,1
17157,511.2,27.9,1.331,38.22,0
17158,199.5,79.61,1.731,39.29,1
17159,853.7,77.59,2.584,43.22,1
17160,419.5,73.04,1.915,33.55,0
17161,912.1,55.07,4.136,31.17,0
17162,368.7,44.98,2.728,32.65,0
17163,422.7,61.58,1.631,40.12,0
17164,726.4,49.19,2.748,46.26,0
17165,643.8,51.81,3.381,34.12,1
17166,759.2,32.28,2.241,40.09,0
17167,903.2,67.6,2.58,36.65,1
17168,772.0,70.81,2.923,36.68,0
17169,641.9,88.77,2.221,35.81,1
17170,418.3,34.16,1.423,48.91,0
17171,427.4,58.84,2.214,36.22,0
17172,341.5,32.17,1.493,34.93,0
17173,252.0,40.69,1.585,56.27,0
17174,113.5,48.76,2.302,37.15,0
17175,596.9,19.94,2.179,36.05,0
17176,260.4,41.15,1.831,33.71,0
17177,279.4,23.04,1.606,44.32,0
17178,844.6,53.93,1.609,29.46,0
17179,497.2,52.8,2.216,49.05,0
17180,1000.3,17.55,2.23,31.69,0
17181,247.1,35.78,1.995,39.44,0
17182,417.8,38.53,1.423,36.05,0
17183,227.4,43.55,2.38,30.43,0
17184,271.2,67.81,4.41,51.63,0
17185,86.0,11.78,3.126,38.57,0
17186,644.8,82.38,4.627,41.32,0
17187,360.0,69.03,2.598,29.97,0
17188,224.3,45.1,2.207,43.01,0
17189,312.7,53.3,2.25,34.33,0
17190,140.1,95.76,4.23,34.49,1
17191,61.1,85.76,2.035,40.38,0
17192,234.8,59.65,1.381,41.64,0
17193,569.6,79.87,1.122,36.65,1
17194,472.0,87.67,1.71,34.31,1
17195,320.8,59.67,1.987,56.8,0
17196,347.3,88.66,2.546,39.21,1
17197,567.2,50.94,1.399,32.71,0
17198,693.9,79.88,2.489,49.13,0
17199,745.0,45.64,1.47,39.25,0
17200,1061.2,21.66,3.782,22.9,1
17201,190.9,46.52,1.566,30.77,0
17202,452.5,18.11,3.543,32.0,0
17203,155.4,22.06,1.997,43.22,0
17204,347.6,30.77,2.107,31.73,0
17205,544.2,73.22,2.229,53.88,0
17206,471.1,73.71,1.17,37.06,0
17207,1135.8,61.18,3.969,39.12,1
17208,133.6,33.53,1.281,45.43,0
17209,157.1,69.09,1.41,46.31,0
17210,684.3,75.52,1.859,44.25,0
17211,344.5,43.83,3.368,42.3,0
17212,537.1,29.09,2.475,43.14,0
17213,592.7,71.12,2.421,36.06,0
17214,453.5,50.34,3.233,35.73,0
17215,859.2,60.77,3.342,46.59,0
17216,182.4,44.5,4.523,22.02,1
17217,387.7,45.97,3.208,31.28,0
17218,879.9,71.23,3.912,21.2,1
17219,262.1,42.75,1.147,42.78,0
17220,849.4,42.37,1.735,43.07,0
17221,641.4,23.11,1.883,35.9,0
17222,645.7,38.1,1.4,28.07,0
17223,674.7,46.77,1.127,49.85,0
17224,445.9,63.22,4.746,42.12,0
17225,371.6,90.88,2.19,33.93,1
17226,725.7,28.23,3.92,30.31,0
17227,100.3,70.56,1.334,36.43,0
17228,113.1,30.44,4.589,30.98,0
17229,636.6,70.52,2.498,37.75,0
17230,458.8,23.26,1.344,39.45,0
17231,307.0,61.14,1.436,42.45,0
17232,802.9,33.81,3.852,32.01,0
17233,674.9,30.13,2.552,29.34,0
17234,565.8,7.0,2.12,27.88,0
17235,926.1,40.32,1.422,34.15,0
17236,47.3,81.13,1.008,35.01,0
17237,543.8,57.79,1.12,40.21,0
17238,395.4,90.39,5.609,43.76,0
17239,231.7,33.08,4.294,29.9,0
17240,595.6,47.19,2.711,47.38,0
17241,231.7,52.53,2.777,32.49,0
17242,417.9,73.28,1.358,42.08,0
17243,415.6,25.38,2.919,46.85,0
17244,404.6,11.58,0.95,39.83,0
17245,774.0,51.2,0.895,25.79,0
17246,317.8,45.35,1.483,41.36,0
17247,385.1,48.38,1.918,30.54,0
17248,675.3,53.01,1.833,33.4,0
17249,469.1,80.61,1.304,34.44,1
17250,566.5,37.92,1.447,40.64,0
17251,1192.5,69.79,1.294,40.75,0
17252,408.6,56.25,1.81,31.36,0
17253,508.6,68.82,1.765,39.56,0
17254,195.7,74.16,1.784,34.67,0
17255,297.2,40.59,1.389,35.24,0
17256,204.9,88.01,1.841,47.14,1
17257,376.9,45.7,0.958,43.41,0
17258,859.0,19.21,2.146,46.84,1
17259,417.7,72.69,0.873,46.02,0
17260,241.1,51.85,2.042,31.42,0
17261,507.2,83.58,3.241,30.71,1
17262,445.0,58.42,4.932,33.69,0
17263,614.0,45.93,2.858,29.96,0
17264,291.5,45.78,1.621,33.31,0
17265,248.1,23.44,6.674,39.65,0
17266,244.4,41.34,0.77,34.32,0
17267,396.9,29.26,2.701,25.61,0
17268,535.4,69.76,0.651,31.86,0
17269,280.4,92.0,5.165,31.25,1
17270,270.7,26.33,1.063,45.6,0
17271,444.9,26.33,1.645,42.48,0
17272,230.2,72.35,2.373,33.28,0
17273,245.8,60.36,3.878,34.62,0
17274,99.6,40.08,2.889,48.5,0
17275,1693.0,60.22,0.86,40.01,1
17276,505.1,29.31,4.169,26.2,1
17277,1430.4,77.79,1.12,27.68,0
17278,292.6,70.89,1.36,48.51,0
17279,363.7,86.67,1.226,40.29,1
17280,315.9,64.84,1.807,43.67,0
17281,879.9,59.45,1.736,41.13,0
17282,569.7,35.69,2.695,45.23,0
17283,626.3,33.66,1.302,36.6,0
17284,227.0,56.47,2.602,31.53,0
17285,633.1,87.23,1.816,42.2,1
17286,749.5,34.06,1.254,47.38,0
17287,172.9,60.85,2.525,44.38,0
17288,1175.5,57.79,2.933,31.95,0
17289,298.6,22.48,1.513,27.61,0
17290,155.4,56.8,1.177,41.35,0
17291,600.7,60.75,1.087,32.37,0
17292,70.5,18.1,1.416,38.18,0
17293,623.4,90.01,1.737,33.48,1
17294,172.5,63.21,3.231,31.18,0
17295,266.5,25.28,4.345,47.41,0
17296,618.3,49.56,4.368,32.85,0
17297,452.2,64.0,1.928,32.7,0
17298,383.0,38.22,2.126,38.1,0
17299,235.5,37.01,1.055,42.01,0
17300,249.4,82.57,1.329,45.03,0
17301,775.9,59.7,4.559,53.6,0
17302,77.0,51.32,1.101,45.67,0
17303,170.1,72.34,1.001,40.0,0
17304,585.0,59.72,1.349,43.72,0
17305,50.7,41.56,4.81,33.42,0
17306,237.5,57.71,2.264,43.72,0
17307,511.8,64.75,2.577,38.79,1
17308,580.4,41.11,1.653,41.45,0
17309,294.9,79.64,2.324,40.78,0
17310,445.2,62.36,0.892,33.26,0
17311,573.6,61.3,1.795,37.04,0
17312,417.1,53.43,3.234,32.33,0
17313,485.9,76.34,4.476,42.83,1
17314,177.3,60.18,2.147,46.62,0
17315,296.7,77.81,2.089,34.27,0
17316,153.8,36.31,4.429,33.6,0
17317,615.9,78.07,2.455,39.62,0
17318,393.4,74.79,1.038,42.67,0
17319,899.7,75.8,2.397,36.15,0
17320,376.9,58.7,1.585,41.75,0
17321,626.9,36.85,2.437,45.83,0
17322,770.1,49.01,3.078,39.09,0
17323,239.3,39.93,2.721,38.62,0
17324,1203.9,65.29,2.107,31.0,0
17325,330.9,51.36,1.51,32.61,0
17326,565.7,36.3,2.156,44.64,0
17327,462.9,58.99,1.444,39.56,0
17328,146.4,50.69,1.599,41.89,0
17329,394.9,49.09,2.703,44.56,0
17330,489.3,82.93,0.81,30.21,1
17331,415.2,41.64,0.921,28.48,0
17332,27.3,77.46,2.656,31.55,0
17333,227.9,76.58,1.261,40.53,0
17334,48.6,44.43,1.504,33.97,0
17335,400.0,43.08,6.272,35.66,0
17336,279.8,80.46,3.819,38.63,0
17337,697.1,43.76,1.84,39.97,0
17338,934.3,34.05,1.393,40.25,0
17339,333.4,66.53,0.91,37.96,0
17340,456.4,53.7,0.813,26.12,0
17341,272.1,25.22,1.419,42.78,0
17342,850.8,64.4,3.166,43.74,1
17343,624.2,31.74,1.923,44.38,0
17344,259.3,84.03,3.202,31.49,1
17345,139.6,57.88,1.306,26.89,0
17346,376.1,74.63,1.263,32.48,0
17347,129.5,64.84,2.728,45.05,0
17348,309.7,58.0,2.739,33.62,0
17349,264.0,33.1,1.659,30.15,0
17350,150.8,20.96,2.085,38.54,0
17351,294.8,68.16,2.564,42.33,0
17352,402.2,74.66,4.931,35.22,0
17353,381.1,21.7,1.718,43.19,0
17354,316.1,94.03,5.279,30.2,0
17355,355.9,84.09,5.847,37.5,1
17356,813.2,72.68,2.062,45.41,1
17357,187.4,91.1,3.041,34.93,0
17358,502.2,76.85,2.681,29.16,1
17359,243.0,84.94,2.497,38.98,0
17360,420.9,63.57,2.545,37.47,0
17361,266.4,86.43,3.054,47.05,0
17362,454.5,86.62,4.677,45.45,1
17363,653.9,54.07,2.058,41.11,0
17364,269.4,75.71,2.514,49.39,0
17365,338.9,71.97,1.525,42.85,0
17366,371.3,37.25,1.767,52.95,0
17367,778.5,44.36,3.69,35.98,0
17368,380.2,63.6,1.907,30.73,0
17369,208.4,83.22,1.601,52.16,0
17370,360.9,50.47,5.219,32.2,0
17371,476.4,91.08,1.603,34.03,1
17372,162.1,43.08,2.512,46.65,0
17373,618.8,35.99,4.825,42.68,0
17374,219.1,28.86,1.599,43.92,0
17375,503.2,48.6,2.256,41.0,0
17376,721.0,47.58,1.236,29.77,0
17377,497.3,34.96,0.763,38.07,0
17378,179.2,34.59,1.089,52.32,0
17379,875.7,76.99,1.366,33.62,0
17380,120.9,59.29,1.784,37.69,0
17381,306.9,27.28,7.136,34.14,0
17382,466.5,80.89,0.922,47.0,0
17383,349.9,44.05,3.614,37.22,0
17384,89.7,65.29,3.31,48.72,0
17385,188.1,76.44,1.183,33.36,0
17386,321.4,24.51,1.315,38.2,0
17387,225.2,90.19,1.308,34.65,1
17388,66.8,26.58,0.933,43.26,0
17389,342.5,80.7,1.174,44.63,0
17390,291.3,18.63,2.047,49.24,0
17391,208.1,35.6,5.192,39.36,1
17392,760.3,38.32,2.307,32.91,0
17393,347.8,76.85,1.611,34.37,1
17394,363.3,63.79,1.699,40.08,0
17395,317.8,63.91,2.024,48.75,0
17396,371.0,64.67,1.779,28.8,0
17397,954.6,69.47,1.823,27.06,0
17398,273.1,80.59,2.605,51.21,1
17399,458.9,46.08,3.361,30.87,1
17400,651.9,42.18,1.959,32.69,0
17401,655.8,16.12,1.951,45.38,0
17402,696.8,37.17,4.373,41.95,0
17403,598.8,56.48,4.251,36.81,0
17404,1163.7,60.75,3.034,37.61,0
17405,796.0,43.13,7.733,30.98,1
17406,451.6,31.44,0.843,40.06,0
17407,48.8,47.19,1.295,36.96,0
17408,177.5,59.34,1.571,47.13,0
17409,838.5,38.09,1.209,25.28,0
17410,296.0,31.72,0.799,44.14,0
17411,102.1,38.93,1.637,41.27,0
17412,141.8,75.49,4.022,39.37,0
17413,142.4,58.67,3.336,43.08,0
17414,1207.8,26.2,0.688,40.71,0
17415,440.9,64.21,2.49,25.41,1
17416,657.8,53.84,5.054,37.73,0
17417,475.3,20.53,4.377,41.16,0
17418,606.2,26.2,3.016,49.47,0
17419,708.2,49.69,4.044,42.45,0
17420,215.2,62.84,1.069,39.68,0
17421,496.7,76.55,3.07,36.92,0
17422,579.9,65.37,1.311,37.8,0
17423,197.6,72.98,2.044,39.86,0
17424,369.4,35.44,4.736,31.84,0
17425,183.8,59.13,1.85,42.21,0
17426,872.9,63.86,2.008,31.17,0
17427,531.0,80.25,5.839,25.89,1
17428,156.5,55.12,2.873,43.46,1
17429,641.2,51.05,1.498,29.51,0
17430,542.6,58.78,1.366,40.56,0
17431,152.3,71.53,1.658,50.57,0
17432,267.2,82.63,1.7,40.21,0
17433,122.6,39.85,1.68,31.06,0
17434,345.7,83.58,1.14,37.14,1
17435,439.9,42.23,2.981,27.58,1
17436,366.3,33.78,0.974,44.67,0
17437,947.1,16.68,1.17,36.51,0
17438,735.9,66.69,1.626,36.72,1
17439,62.6,27.45,13.495,42.47,0
17440,200.7,75.63,2.334,51.6,0
17441,103.2,44.89,2.427,48.8,0
17442,555.7,34.48,1.704,39.3,0
17443,898.3,20.61,1.994,42.97,0
17444,541.6,29.19,2.685,50.68,0
17445,230.0,56.32,2.425,39.47,0
17446,786.9,20.12,1.049,32.85,0
17447,810.7,59.72,2.912,40.71,0
17448,800.4,62.26,1.288,39.14,1
17449,100.1,58.51,1.399,31.39,0
17450,363.5,32.75,0.362,38.73,0
17451,236.4,28.02,5.381,40.14,0
17452,308.7,33.39,1.36,35.86,0
17453,186.3,66.61,1.406,27.7,0
17454,444.5,96.77,2.055,41.55,1
17455,144.4,76.63,1.818,25.7,1
17456,224.7,42.54,1.823,35.62,0
17457,304.2,24.64,1.66,36.93,0
17458,402.0,86.22,1.842,33.23,1
17459,195.6,45.22,1.977,41.11,0
17460,1089.1,39.03,3.573,50.18,0
17461,83.2,23.92,3.11,26.76,0
17462,465.0,47.17,1.729,52.48,0
17463,451.4,23.6,1.204,40.12,0
17464,109.9,40.1,2.4,39.01,0
17465,495.8,85.55,4.055,32.45,1
17466,262.9,89.27,2.117,29.57,1
17467,178.9,75.38,1.838,42.53,0
17468,315.8,37.94,1.248,34.46,0
17469,174.7,24.2,5.016,41.15,0
17470,305.9,21.51,2.244,26.62,1
17471,831.6,27.96,1.991,32.11,0
17472,402.2,48.45,3.44,46.31,0
17473,557.9,85.64,2.167,31.62,1
17474,624.3,64.31,2.075,35.9,0
17475,420.0,80.93,1.414,24.68,1
17476,221.7,38.41,1.197,38.3,0
17477,657.7,82.07,4.625,31.85,1
17478,349.2,43.68,4.257,24.26,0
17479,823.3,54.75,2.135,36.03,0
17480,440.5,58.09,1.069,27.04,1
17481,67.3,91.61,5.982,30.63,1
17482,215.0,83.16,4.409,36.27,0
17483,532.6,40.45,1.572,35.28,0
17484,383.1,27.87,2.156,31.77,0
17485,252.9,73.71,1.058,26.92,0
17486,82.1,63.36,3.379,34.46,0
17487,136.2,59.54,1.998,30.27,0
17488,781.9,77.49,1.909,41.17,0
17489,232.5,74.42,3.223,47.64,0
17490,400.0,61.92,2.927,35.33,0
17491,502.1,6.02,1.817,34.0,0
17492,305.4,67.32,1.88,37.35,0
17493,580.0,62.03,1.154,30.64,0
17494,746.4,35.54,1.787,32.87,0
17495,76.2,9.64,0.743,33.31,0
17496,163.3,34.24,1.588,39.95,1
17497,823.0,29.76,2.304,36.25,0
17498,325.4,68.89,3.472,44.46,0
17499,673.1,33.93,1.363,43.32,0
17500,234.1,49.26,2.516,43.24,0
17501,425.4,41.36,6.194,48.5,1
17502,205.3,40.95,0.343,35.3,0
17503,456.4,88.74,1.214,33.36,1
17504,809.3,73.97,0.485,38.41,0
17505,398.6,69.08,1.514,38.41,0
17506,541.0,40.61,1.222,32.54,0
17507,550.6,57.55,2.292,30.34,0
17508,209.3,16.25,3.6,28.93,0
17509,992.1,48.18,1.993,40.45,0
17510,209.7,39.1,1.555,38.28,0
17511,644.4,14.89,2.193,40.57,0
17512,637.8,78.96,2.977,34.56,1
17513,657.4,31.56,1.721,29.17,0
17514,228.2,42.47,1.378,36.9,0
17515,180.1,55.25,1.547,49.82,0
17516,363.7,63.77,1.205,31.48,1
17517,288.7,59.37,2.738,34.0,0
17518,44.1,68.1,0.877,37.7,0
17519,256.2,64.76,0.897,39.66,0
17520,380.1,49.26,3.6,35.37,0
17521,174.9,26.07,1.582,54.65,0
17522,228.0,80.75,1.426,23.87,1
17523,503.6,50.15,3.539,39.61,0
17524,238.9,47.55,2.823,43.04,0
17525,712.0,39.42,1.337,37.5,0
17526,389.6,36.08,2.045,46.83,0
17527,490.8,85.68,2.569,42.13,0
17528,376.8,29.13,1.509,43.85,0
17529,1179.3,66.56,6.085,45.68,1
17530,192.3,81.32,3.987,26.36,1
17531,229.7,38.82,2.802,31.6,0
17532,101.7,85.95,1.237,36.09,0
17533,352.8,83.87,5.056,26.77,0
17534,437.7,84.61,1.846,34.29,1
17535,537.0,62.13,3.463,43.99,1
17536,742.8,64.31,5.253,43.99,1
17537,235.8,25.45,1.475,34.25,0
17538,69.9,67.88,1.452,35.78,0
17539,102.2,55.5,1.734,38.69,0
17540,184.1,77.38,4.211,33.31,0
17541,767.5,68.79,3.196,26.09,1
17542,116.2,41.46,1.423,38.03,0
17543,494.3,27.67,1.028,26.0,0
17544,226.0,70.86,3.158,35.31,1
17545,260.1,67.89,1.141,46.47,0
17546,323.8,52.83,0.953,29.8,0
17547,317.4,69.62,3.516,44.02,0
17548,471.9,28.89,1.973,32.73,0
17549,297.2,67.82,1.418,21.91,1
17550,54.0,43.66,5.082,56.06,0
17551,66.9,66.27,2.118,34.3,0
17552,276.9,73.54,3.767,43.0,0
17553,857.8,34.31,4.715,41.21,1
17554,323.0,86.35,0.558,41.67,0
17555,817.1,59.96,1.527,30.15,0
17556,400.8,54.37,1.483,35.24,0
17557,387.5,31.89,3.668,41.54,0
17558,278.7,41.79,4.631,39.12,0
17559,137.3,59.47,1.604,44.39,0
17560,611.5,66.92,2.772,42.18,0
17561,363.6,87.92,0.725,38.68,0
17562,577.3,91.24,2.799,27.39,1
17563,441.6,54.63,1.617,35.65,0
17564,189.0,32.01,0.716,36.08,0
17565,192.5,62.04,1.465,33.23,1
17566,274.2,84.73,1.144,49.29,0
17567,478.7,59.6,2.111,37.56,0
17568,229.6,25.86,2.122,47.46,0
17569,405.4,66.22,3.088,44.31,0
17570,362.9,67.24,1.319,39.73,0
17571,1154.8,44.39,1.317,38.47,0
17572,279.5,57.84,2.234,36.52,0
17573,328.2,81.33,1.348,33.42,0
17574,533.4,60.35,3.387,47.29,0
17575,350.1,64.66,3.102,47.58,0
17576,220.0,33.78,0.611,36.3,0
17577,1006.5,61.08,3.02,42.93,1
17578,262.2,60.57,2.633,43.35,0
17579,385.8,49.24,2.231,40.96,0
17580,580.9,18.09,2.091,51.37,0
17581,1480.9,23.67,1.553,38.84,0
17582,419.1,34.96,5.039,31.64,0
17583,279.6,53.87,4.348,55.29,0
17584,168.4,62.78,4.645,45.06,0
17585,547.3,64.78,2.921,34.75,0
17586,282.8,51.48,3.019,40.8,0
17587,128.3,68.9,2.092,32.18,0
17588,377.5,80.37,4.871,31.34,1
17589,324.1,71.09,1.511,40.84,0
17590,398.3,79.28,3.406,31.77,1
17591,192.9,90.92,1.977,34.15,0
17592,691.9,82.22,2.422,39.65,0
17593,281.2,76.27,1.892,36.94,0
17594,672.6,50.52,1.038,42.72,0
17595,188.1,43.43,1.881,38.36,0
17596,622.6,31.17,4.122,41.55,0
17597,220.8,40.43,2.207,38.47,0
17598,469.7,36.35,4.853,38.66,1
17599,514.9,65.15,1.274,47.14,0
17600,172.0,31.68,3.364,37.21,0
17601,355.6,60.12,2.273,37.22,0
17602,193.2,66.94,2.946,34.18,0
17603,171.5,60.43,2.924,39.25,0
17604,253.4,70.13,3.275,52.24,0
17605,364.3,84.12,2.862,35.36,1
17606,123.2,81.52,0.883,43.34,0
17607,436.0,35.17,2.403,31.67,0
17608,385.9,70.81,2.035,35.56,0
17609,1340.3,41.11,0.903,28.93,0
17610,72.5,80.99,2.124,40.49,0
17611,407.2,78.3,2.426,39.1,1
17612,640.6,68.09,1.225,49.08,0
17613,767.4,42.58,2.498,42.49,0
17614,235.1,86.83,1.699,31.38,1
17615,550.5,40.46,2.303,42.63,0
17616,656.8,54.37,1.978,43.76,0
17617,591.5,38.94,2.064,47.78,0
17618,537.1,66.34,2.079,36.39,0
17619,413.6,37.12,1.502,36.75,0
17620,307.3,65.44,4.549,31.73,0
17621,297.5,20.08,7.11,37.46,0
17622,646.1,20.99,1.529,27.95,0
17623,307.7,63.29,1.576,47.4,0
17624,136.8,52.71,1.339,32.88,0
17625,533.9,89.33,2.893,34.32,1
17626,399.9,65.28,2.122,39.33,0
17627,630.5,47.08,1.485,48.38,0
17628,454.5,43.3,1.125,40.17,0
17629,701.1,53.29,4.223,41.92,0
17630,317.3,45.9,7.02,35.19,0
17631,326.9,54.97,1.923,28.72,0
17632,348.1,83.28,2.014,47.01,0
17633,103.8,42.94,0.864,30.52,0
17634,383.2,56.7,1.993,44.4,0
17635,418.3,81.06,1.107,43.3,1
17636,496.3,54.58,3.002,33.08,0
17637,820.6,91.89,2.54,30.83,1
17638,234.1,69.8,2.102,37.58,0
17639,349.7,42.92,2.248,41.49,0
17640,261.7,62.95,1.292,37.06,0
17641,109.0,39.72,2.99,31.81,0
17642,242.7,67.05,1.452,44.51,0
17643,340.5,77.36,1.601,39.36,0
17644,414.7,45.72,0.914,42.92,0
17645,649.2,25.37,2.745,35.29,0
17646,212.7,52.83,2.485,45.51,0
17647,403.6,21.36,3.176,39.64,0
17648,539.1,29.77,0.644,32.1,0
17649,843.2,63.59,6.473,32.9,0
17650,735.9,45.27,2.782,44.11,0
17651,122.5,50.06,3.064,35.95,0
17652,269.2,66.87,2.8,40.85,0
17653,452.8,67.06,1.727,34.38,0
17654,106.7,54.54,1.758,37.86,0
17655,394.8,63.77,1.683,45.59,0
17656,186.6,58.9,4.205,37.22,1
17657,87.5,72.93,3.66,40.81,0
17658,583.3,23.94,3.052,33.17,0
17659,357.2,53.49,1.782,42.66,0
17660,470.7,84.22,2.81,45.88,0
17661,100.0,41.78,1.828,46.79,0
17662,226.0,64.88,2.046,47.89,0
17663,284.5,77.31,0.695,41.58,0
17664,47.7,39.87,1.572,40.99,0
17665,986.1,85.43,1.653,32.34,1
17666,406.0,57.85,0.522,41.7,0
17667,343.1,58.11,6.363,37.06,0
17668,633.3,42.99,2.134,35.82,1
17669,139.2,30.31,2.777,39.74,0
17670,811.3,40.74,1.579,29.36,1
17671,866.5,62.17,1.703,41.78,0
17672,663.2,46.95,1.599,32.32,0
17673,653.4,68.23,2.482,29.61,1
17674,259.6,54.59,0.759,29.68,0
17675,1129.0,58.57,2.976,42.32,1
17676,430.4,68.48,1.747,32.25,0
17677,603.6,48.79,4.515,51.63,0
17678,546.0,43.36,0.965,39.2,0
17679,315.4,45.99,1.235,40.98,0
17680,114.2,53.39,1.91,35.17,0
17681,305.3,44.91,2.315,29.51,0
17682,512.4,60.31,0.831,42.34,0
17683,179.5,19.29,1.619,44.85,0
17684,545.3,60.4,2.186,38.45,0
17685,318.8,69.83,2.411,32.38,0
17686,218.2,25.03,2.975,32.37,0
17687,214.4,31.51,3.182,43.19,0
17688,157.2,73.88,0.734,29.14,1
17689,300.9,31.16,3.467,46.65,0
17690,565.2,75.92,3.384,41.81,1
17691,387.4,54.89,2.354,48.14,0
17692,471.3,38.21,1.43,48.37,0
17693,273.3,59.74,2.526,51.28,0
17694,143.0,59.19,0.843,27.07,0
17695,347.7,42.0,2.426,35.53,0
17696,219.8,60.68,1.332,39.48,0
17697,441.3,49.56,2.887,37.64,0
17698,362.1,66.88,0.793,33.43,0
17699,533.6,64.98,1.751,27.07,1
17700,240.9,95.96,2.037,37.88,1
17701,107.5,27.85,0.949,45.67,0
17702,115.1,59.17,2.21,44.26,0
17703,231.2,46.99,1.498,29.47,0
17704,163.7,57.02,2.709,44.75,0
17705,469.9,33.01,2.74,45.78,0
17706,150.5,56.5,1.413,39.47,0
17707,58.4,42.05,3.75,39.34,0
17708,361.6,70.25,1.307,39.14,0
17709,614.1,35.2,1.159,34.23,0
17710,213.4,28.48,1.146,44.55,0
17711,315.0,57.01,3.1,45.31,0
17712,91.9,63.79,2.141,34.46,0
17713,99.3,47.97,3.548,41.3,0
17714,399.1,67.46,2.361,42.1,0
17715,207.9,66.12,1.257,29.12,0
17716,103.9,63.98,6.432,43.32,0
17717,257.1,30.66,2.48,49.6,0
17718,616.3,18.02,1.731,37.29,0
17719,260.8,67.01,1.072,37.8,1
17720,92.6,56.71,1.191,38.95,0
17721,394.5,73.96,0.93,38.99,0
17722,200.1,70.91,1.991,38.19,0
17723,237.4,82.98,0.845,45.27,0
17724,406.7,38.77,3.299,33.98,0
17725,434.0,38.57,0.744,40.7,0
17726,156.9,38.97,1.938,37.26,0
17727,228.7,48.73,1.174,35.96,0
17728,178.6,59.7,3.128,41.08,1
17729,254.1,52.54,2.367,39.22,0
17730,84.1,52.03,1.881,31.28,0
17731,632.7,27.36,4.222,25.88,0
17732,995.9,20.74,2.504,34.46,0
17733,575.5,31.3,1.691,36.98,0
17734,647.5,28.21,1.821,45.24,0
17735,426.3,69.61,2.935,39.43,1
17736,268.1,69.43,3.819,39.09,0
17737,650.5,72.89,0.922,31.5,0
17738,849.2,41.16,3.39,19.9,1
17739,315.5,71.31,0.989,39.66,0
17740,171.9,71.34,1.833,34.12,0
17741,258.4,90.43,1.372,31.92,1
17742,408.8,68.61,0.762,46.86,0
17743,877.9,43.21,1.181,24.16,0
17744,491.8,57.99,2.01,37.53,0
17745,328.8,30.9,0.356,39.11,0
17746,89.3,81.4,3.113,39.15,0
17747,305.0,77.04,4.12,35.12,1
17748,75.7,38.69,5.285,33.45,0
17749,424.4,87.96,1.086,33.47,0
17750,330.2,58.34,1.712,48.78,0
17751,291.2,23.37,2.336,42.55,0
17752,860.7,75.57,1.028,37.61,1
17753,501.4,26.34,2.663,44.7,0
17754,376.1,79.73,2.223,47.4,1
17755,255.9,80.86,1.758,37.52,0
17756,227.2,33.74,3.007,49.83,0
17757,168.2,62.59,1.484,44.77,0
17758,356.2,79.36,2.801,42.41,0
17759,307.0,59.8,5.164,35.51,0
17760,433.8,86.37,1.517,35.21,0
17761,455.6,47.11,1.536,40.65,0
17762,382.9,70.77,2.991,31.62,0
17763,681.2,13.92,1.607,40.56,0
17764,201.6,80.64,2.164,26.46,1
17765,705.6,63.81,1.882,38.01,0
17766,87.3,47.01,5.428,41.99,0
17767,226.8,62.87,8.859,39.54,0
17768,496.1,38.79,1.971,40.91,0
17769,297.3,55.65,3.344,42.06,0
17770,755.0,38.41,1.479,52.06,0
17771,796.4,57.67,2.424,39.11,0
17772,134.0,43.41,1.687,43.73,0
17773,182.5,8.2,0.808,39.48,0
17774,360.8,70.09,0.974,39.26,0
17775,598.6,82.91,1.474,42.67,1
17776,362.9,79.1,2.458,38.37,0
17777,708.4,79.79,11.22,40.39,1
17778,345.1,75.32,1.037,42.83,0
17779,292.9,21.68,1.25,39.2,0
17780,354.9,75.92,5.866,38.65,0
17781,616.3,82.63,1.036,35.87,1
17782,691.3,57.34,1.853,38.32,0
17783,128.2,65.65,1.392,31.73,0
17784,306.6,65.98,4.209,45.78,0
17785,783.9,42.0,2.602,42.27,0
17786,556.8,72.79,6.907,36.95,1
17787,290.3,30.85,1.808,29.26,0
17788,680.7,61.8,1.438,47.38,0
17789,432.0,48.75,1.941,31.4,0
17790,503.1,66.47,1.638,37.56,0
17791,307.8,77.06,0.605,37.43,1
17792,390.8,82.34,2.57,48.34,1
17793,857.8,45.43,6.472,32.42,1
17794,523.6,55.32,2.623,50.96,0
17795,415.5,64.86,1.572,41.28,0
17796,714.8,28.91,3.305,25.59,0
17797,168.7,69.96,5.242,47.09,0
17798,558.7,68.41,4.285,34.97,0
17799,23.2,84.14,1.726,35.46,0
17800,491.3,34.84,1.312,39.69,0
17801,1328.9,68.29,4.42,49.59,1
17802,1451.9,36.27,2.089,38.42,0
17803,127.8,56.6,2.08,36.83,1
17804,507.6,44.56,1.562,38.82,0
17805,527.1,31.58,1.316,32.53,0
17806,231.8,77.37,1.283,35.83,0
17807,566.0,71.98,2.548,33.61,0
17808,270.8,14.07,1.738,35.82,0
17809,644.4,24.37,0.783,24.81,0
17810,313.9,71.93,1.641,36.13,0
17811,160.1,72.82,2.284,35.59,0
17812,757.5,31.55,2.608,38.87,0
17813,25.6,61.29,2.816,29.16,0
17814,157.4,92.25,0.817,47.35,0
17815,864.6,28.8,1.69,32.0,0
17816,301.2,80.88,2.514,44.1,0
17817,505.8,17.16,4.329,32.57,0
17818,86.0,77.23,2.713,40.74,0
17819,326.3,36.0,1.749,34.12,0
17820,795.0,27.33,5.389,46.38,0
17821,474.6,70.24,1.826,38.2,0
17822,921.0,84.8,4.072,39.12,1
17823,578.3,49.52,2.289,36.43,0
17824,167.4,66.33,0.762,45.82,0
17825,293.9,26.8,4.966,38.28,0
17826,154.7,69.02,1.385,47.09,0
17827,605.9,49.66,4.368,42.51,1
17828,379.2,43.19,2.297,34.28,0
17829,55.3,24.52,6.657,41.65,0
17830,198.7,36.22,1.806,44.29,0
17831,337.9,15.84,1.978,31.03,0
17832,466.9,44.98,2.998,45.16,0
17833,211.5,35.24,2.61,43.12,0
17834,885.3,49.94,3.428,45.28,0
17835,635.7,45.64,0.78,42.17,0
17836,813.0,79.8,8.109,35.08,1
17837,863.5,78.74,1.371,40.45,1
17838,167.4,59.97,0.745,32.82,0
17839,494.2,25.2,2.109,44.52,0
17840,329.6,77.01,1.629,45.95,0
17841,210.7,23.04,3.905,46.59,0
17842,137.0,7.39,1.224,38.38,0
17843,123.6,61.34,1.003,43.56,0
17844,398.4,20.28,1.312,21.12,0
17845,385.2,76.04,3.163,37.63,1
17846,303.1,36.21,2.78,32.82,1
17847,256.5,32.38,3.27,34.7,0
17848,623.4,42.17,4.471,34.3,1
17849,631.8,77.62,1.228,42.21,1
17850,316.1,21.12,2.024,39.92,0
17851,108.4,34.51,2.856,37.49,0
17852,1071.4,44.19,1.575,41.31,0
17853,656.9,64.95,2.115,49.0,0
17854,290.5,35.5,3.051,48.38,0
17855,481.3,20.1,2.11,30.84,0
17856,299.9,25.06,3.176,32.32,0
17857,821.9,53.1,1.096,32.96,0
17858,824.5,50.04,2.145,26.52,1
17859,102.6,69.09,6.309,43.6,0
17860,290.9,54.54,2.841,35.94,0
17861,182.1,80.32,2.224,43.43,0
17862,749.7,53.52,2.512,35.79,0
17863,249.4,7.27,1.333,39.03,0
17864,335.6,35.49,1.075,43.41,0
17865,516.7,20.07,1.565,34.8,0
17866,208.1,63.12,1.267,40.81,1
17867,132.8,47.19,1.401,35.69,0
17868,453.0,48.57,1.379,36.13,0
17869,307.6,44.85,1.283,32.07,0
17870,54.7,69.69,2.949,41.86,0
17871,302.2,67.16,3.944,25.19,1
17872,572.8,28.06,0.623,37.0,0
17873,97.3,59.54,4.698,40.17,0
17874,747.6,48.32,1.115,35.44,0
17875,414.0,52.39,1.425,39.71,0
17876,324.0,32.39,3.492,34.69,0
17877,330.8,18.27,3.918,30.75,0
17878,351.7,9.49,1.243,50.82,0
17879,436.8,59.92,1.509,47.16,0
17880,176.3,53.83,1.131,44.0,0
17881,372.2,20.25,3.304,35.06,0
17882,729.2,46.78,1.428,28.21,0
17883,432.6,60.96,5.074,41.41,1
17884,210.1,36.9,1.627,40.55,0
17885,1089.4,82.15,2.251,29.26,1
17886,140.9,53.1,2.685,44.4,0
17887,216.5,59.23,3.118,29.48,0
17888,1440.3,48.21,1.304,40.34,0
17889,442.9,77.95,2.198,43.82,1
17890,429.8,29.74,1.123,36.32,0
17891,581.5,79.02,0.853,36.31,0
17892,662.9,37.6,1.532,42.03,0
17893,446.3,64.83,2.174,40.82,0
17894,420.7,51.27,1.68,42.15,0
17895,248.6,33.62,1.955,30.51,0
17896,198.2,91.13,1.198,42.52,1
17897,903.6,28.1,3.683,36.5,0
17898,434.1,75.18,2.434,43.85,0
17899,382.4,57.22,0.966,39.97,0
17900,447.3,56.47,3.91,45.67,0
17901,584.7,69.82,2.106,30.61,0
17902,113.7,47.06,1.837,32.14,0
17903,530.7,21.78,0.762,40.82,0
17904,73.0,35.8,3.123,40.93,0
17905,274.4,39.11,2.812,37.52,0
17906,446.0,33.08,7.325,34.06,0
17907,842.7,46.4,2.799,35.46,0
17908,484.1,46.29,1.799,40.19,0
17909,616.5,76.85,2.867,35.22,1
17910,208.8,26.94,2.419,41.53,0
17911,249.7,42.56,3.385,42.39,0
17912,328.5,47.66,2.58,45.54,0
17913,434.7,54.42,1.735,33.63,0
17914,335.4,58.11,3.826,37.81,1
17915,259.4,93.25,3.143,44.75,0
17916,570.9,68.61,1.891,32.81,0
17917,278.3,60.9,2.461,39.87,0
17918,616.9,60.69,0.781,33.95,0
17919,557.5,42.14,1.419,34.23,0
17920,568.8,55.5,1.173,37.8,0
17921,535.3,33.59,2.456,40.0,0
17922,147.7,68.44,2.761,47.63,0
17923,400.0,67.04,1.694,48.14,0
17924,448.2,44.02,1.12,28.91,0
17925,693.8,23.97,1.109,37.84,0
17926,279.3,75.48,1.644,42.44,0
17927,315.1,48.41,1.451,41.71,0
17928,655.4,15.92,1.84,47.58,0
17929,1273.6,36.37,3.042,38.59,0
17930,418.0,67.83,1.637,40.38,1
17931,424.2,27.64,1.363,24.47,0
17932,733.2,46.08,4.697,39.3,0
17933,216.4,65.91,4.971,40.21,0
17934,234.1,68.19,1.644,35.77,0
17935,458.3,62.59,2.912,31.28,0
17936,38.6,45.24,1.09,43.36,0
17937,283.2,55.06,3.819,33.72,0
17938,723.4,39.1,3.093,29.69,0
17939,506.8,67.49,5.614,38.84,1
17940,558.9,45.72,1.008,42.74,0
17941,433.4,72.59,1.959,38.81,0
17942,700.1,63.52,0.514,39.87,0
17943,97.6,84.37,6.206,33.03,0
17944,456.2,16.67,4.605,33.91,0
17945,254.1,8.28,2.772,35.42,0
17946,410.7,82.72,2.504,25.41,0
17947,837.2,76.3,2.79,43.01,1
17948,1231.9,85.81,1.134,29.32,1
17949,170.9,88.68,2.872,20.54,0
17950,447.5,24.09,1.854,42.49,0
17951,108.0,22.29,3.373,41.48,0
17952,281.8,35.56,2.255,49.57,0
17953,147.8,53.64,5.189,41.63,0
17954,480.4,5.16,5.052,34.16,0
17955,188.8,92.64,0.905,42.03,0
17956,169.5,31.95,2.53,39.35,0
17957,710.5,85.46,2.519,27.15,1
17958,288.0,36.38,2.085,31.16,0
17959,164.1,74.31,1.432,50.6,0
17960,767.0,51.51,1.739,45.11,0
17961,588.2,32.04,1.282,37.11,0
17962,269.1,19.54,3.076,41.7,0
17963,188.6,90.02,2.45,31.47,0
17964,288.4,26.55,1.339,31.03,0
17965,167.8,68.89,3.073,41.07,0
17966,837.4,40.69,6.299,47.24,0
17967,380.1,39.88,2.659,40.3,0
17968,200.0,36.84,1.577,40.48,0
17969,715.2,49.11,2.426,23.69,1
17970,127.0,31.42,4.349,29.0,0
17971,813.8,69.01,1.507,45.22,0
17972,800.7,76.58,1.157,24.05,1
17973,415.3,62.94,2.599,42.92,0
17974,546.7,80.5,3.217,27.64,0
17975,543.8,44.29,0.874,29.05,0
17976,262.2,46.57,1.502,30.91,0
17977,198.1,18.78,1.247,25.47,0
17978,197.9,59.97,1.082,35.48,0
17979,461.4,88.45,0.969,39.96,1
17980,820.7,82.37,4.615,43.43,1
17981,230.8,52.07,3.494,33.66,0
17982,286.6,29.56,6.424,33.86,0
17983,596.7,78.87,1.763,46.23,0
17984,192.2,48.06,2.099,27.64,0
17985,391.4,55.59,2.935,45.9,0
17986,995.8,71.67,1.687,39.68,1
17987,42.8,63.15,2.37,25.82,0
17988,1040.9,73.46,2.547,38.46,1
17989,465.6,75.22,6.987,36.89,1
17990,260.6,14.41,4.001,39.22,0
17991,676.8,14.11,1.892,29.6,0
17992,604.6,71.26,4.446,42.31,0
17993,399.2,50.46,2.914,40.66,0
17994,550.0,64.83,1.094,34.02,0
17995,14.5,27.1,2.693,32.68,0
17996,500.4,22.8,11.614,41.71,0
17997,249.2,29.36,2.321,30.08,0
17998,417.4,47.94,1.471,45.0,0
17999,997.9,76.81,1.327,40.09,0
18000,456.1,36.98,1.952,35.47,0
18001,413.4,36.09,2.397,45.45,0
18002,589.5,72.95,1.384,34.67,1
18003,664.1,61.28,6.481,34.65,0
18004,425.5,44.47,3.821,43.03,0
18005,924.9,71.38,2.197,29.53,1
18006,426.1,73.22,5.427,31.98,1
18007,553.6,29.64,8.596,29.82,0
18008,668.7,50.03,1.089,39.72,0
18009,510.3,74.69,4.24,28.75,0
18010,1433.5,55.2,2.226,34.32,0
18011,84.7,43.43,3.867,42.03,0
18012,310.6,18.44,3.305,40.65,0
18013,201.0,64.65,2.246,41.71,0
18014,156.3,66.31,3.159,34.13,0
18015,162.9,59.97,3.312,45.35,0
18016,1406.4,70.4,2.975,44.73,1
18017,511.3,53.56,2.618,41.98,0
18018,703.5,53.03,5.041,45.1,0
18019,371.2,34.87,2.818,23.1,0
18020,297.9,44.14,2.771,43.67,1
18021,392.4,49.37,1.332,42.85,0
18022,359.8,89.37,2.094,34.08,1
18023,129.6,70.67,6.617,45.46,0
18024,524.6,21.07,3.825,43.55,0
18025,348.6,85.71,3.066,44.74,0
18026,452.0,25.81,3.297,44.24,0
18027,293.5,20.49,0.576,39.75,0
18028,92.9,45.81,1.58,46.88,0
18029,574.9,61.24,1.563,36.06,0
18030,470.0,44.9,1.637,34.94,0
18031,582.1,79.96,0.849,35.43,1
18032,235.4,62.07,3.95,39.36,0
18033,119.3,57.43,4.341,40.74,0
18034,115.8,78.08,1.661,42.92,0
18035,695.4,3.14,1.902,45.4,0
18036,585.6,80.47,1.32,46.4,0
18037,413.8,57.17,2.26,41.34,0
18038,1181.8,84.21,3.213,26.2,1
18039,239.8,29.55,0.767,31.55,0
18040,475.9,74.16,1.929,42.65,0
18041,470.4,61.01,2.029,34.63,0
18042,387.4,75.02,2.096,43.24,1
18043,167.9,46.91,4.51,34.13,0
18044,420.6,53.06,2.392,49.44,0
18045,465.9,59.4,1.849,38.42,0
18046,305.2,48.39,1.552,30.53,0
18047,157.6,13.88,6.602,41.87,0
18048,772.2,49.66,1.076,39.43,0
18049,475.7,43.98,2.797,40.87,0
18050,624.8,40.31,1.47,41.31,0
18051,516.2,76.43,2.198,46.32,0
18052,752.0,76.46,3.339,50.23,0
18053,366.3,90.15,1.567,40.71,1
18054,470.5,53.32,1.747,31.94,0
18055,169.9,89.16,1.434,41.55,0
18056,563.0,35.52,1.125,32.15,0
18057,122.9,65.69,1.85,36.0,0
18058,311.6,68.81,2.381,27.39,1
18059,151.1,46.95,1.916,43.6,0
18060,484.9,63.7,1.109,37.87,0
18061,470.2,50.06,9.765,40.01,0
18062,421.1,46.73,8.327,34.66,0
18063,760.9,46.38,1.558,38.56,0
18064,608.0,34.7,1.552,43.13,0
18065,251.8,85.06,0.945,38.19,0
18066,377.0,51.58,6.734,34.35,1
18067,188.6,39.47,2.397,36.24,0
18068,573.7,13.85,1.437,32.73,1
18069,454.2,84.73,1.343,25.81,0
18070,260.8,10.24,2.615,34.24,0
18071,182.9,65.63,3.454,37.57,0
18072,252.0,36.03,2.486,37.0,0
18073,345.2,26.2,1.689,41.26,0
18074,924.2,78.21,1.94,37.17,1
18075,328.6,29.68,3.673,36.98,0
18076,432.7,44.81,1.425,43.2,0
18077,120.2,68.67,1.149,40.5,0
18078,991.2,31.06,2.203,24.33,1
18079,150.2,38.03,2.849,48.66,0
18080,337.1,42.17,2.175,37.45,0
18081,239.1,46.7,2.769,41.26,0
18082,676.1,86.52,3.486,40.0,1
18083,690.6,62.79,1.43,35.64,0
18084,370.3,15.14,2.242,33.84,0
18085,372.2,63.98,1.547,27.5,0
18086,388.5,62.24,1.76,34.56,0
18087,366.8,38.64,1.545,42.6,0
18088,528.7,48.12,2.362,38.42,0
18089,655.7,62.94,1.196,41.06,0
18090,158.1,72.75,2.178,46.41,0
18091,171.6,27.83,2.706,39.81,0
18092,794.8,28.95,2.187,35.88,0
18093,1261.8,44.48,1.285,31.67,0
18094,333.5,58.19,4.053,36.17,0
18095,767.6,24.29,1.881,46.95,0
18096,397.1,50.97,2.936,44.79,1
18097,297.5,18.2,0.569,37.8,0
18098,718.1,73.24,1.691,31.66,0
18099,517.7,61.23,2.636,44.38,0
18100,260.1,76.51,1.328,34.92,0
18101,167.2,82.24,2.965,39.52,0
18102,259.7,71.38,1.084,47.4,0
18103,344.9,22.54,1.832,43.47,0
18104,440.6,72.22,1.303,32.39,0
18105,376.8,21.3,2.741,36.76,0
18106,332.5,51.27,1.803,32.43,0
18107,288.6,57.88,1.524,41.12,0
18108,494.7,68.33,1.566,34.3,0
18109,704.5,27.32,1.42,42.81,0
18110,237.4,79.19,2.081,44.77,1
18111,240.0,54.63,2.915,34.02,0
18112,250.8,66.82,8.201,43.98,0
18113,451.2,77.48,0.534,35.27,0
18114,739.0,86.85,8.6,26.77,1
18115,168.7,48.41,2.055,41.53,0
18116,179.1,54.01,2.333,34.98,0
18117,520.4,93.52,1.369,37.24,1
18118,295.6,47.81,1.939,32.27,0
18119,169.4,59.89,1.244,40.42,0
18120,557.0,58.57,1.248,38.69,0
18121,432.8,51.76,1.189,36.38,0
18122,557.7,84.21,1.858,41.89,0
18123,437.7,75.79,2.77,38.06,1
18124,399.9,56.39,6.536,34.09,1
18125,241.4,33.23,1.087,38.6,0
18126,511.4,65.36,2.522,38.4,0
18127,334.3,68.17,2.461,34.67,1
18128,630.1,70.34,1.751,41.59,0
18129,444.3,33.35,0.696,38.39,0
18130,244.7,50.98,1.561,41.85,0
18131,203.0,69.43,3.194,34.73,0
18132,834.4,80.17,3.9,32.91,1
18133,470.8,25.55,3.08,42.52,0
18134,102.9,15.89,4.853,42.88,0
18135,67.5,38.6,4.453,39.08,0
18136,311.9,21.18,3.452,40.62,0
18137,599.9,59.87,2.036,38.7,0
18138,453.1,61.87,3.657,39.59,0
18139,403.5,50.7,2.093,47.16,0
18140,368.5,67.73,4.946,39.73,1
18141,534.6,46.1,3.083,31.56,0
18142,188.6,11.96,3.936,47.02,0
18143,252.8,58.08,4.321,37.75,0
18144,339.6,56.77,2.538,31.43,0
18145,1213.7,68.03,0.577,42.4,0
18146,417.7,32.46,3.383,41.36,0
18147,140.4,24.96,2.738,39.21,0
18148,751.3,88.41,2.855,43.52,1
18149,654.0,49.42,3.809,26.54,0
18150,332.6,67.01,6.621,39.27,0
18151,669.8,58.12,1.868,38.27,1
18152,330.9,66.89,2.524,47.6,0
18153,742.2,45.22,1.561,38.11,0
18154,502.0,28.29,0.673,33.91,0
18155,453.0,48.6,2.709,36.81,1
18156,166.6,39.96,1.971,40.38,0
18157,171.1,48.8,1.078,31.2,0
18158,891.0,70.43,2.706,33.08,1
18159,382.5,21.35,0.852,28.06,0
18160,346.3,48.19,1.776,30.5,1
18161,637.7,72.89,2.153,48.6,0
18162,660.1,81.72,6.64,41.23,1
18163,125.6,37.13,3.252,48.84,0
18164,274.9,72.31,1.981,27.77,1
18165,202.5,25.95,1.224,38.89,0
18166,127.3,8.07,2.364,34.46,0
18167,207.2,82.77,1.217,32.0,0
18168,1159.1,26.52,2.88,30.41,0
18169,319.6,76.65,1.171,32.7,1
18170,107.8,42.77,1.842,41.36,0
18171,1189.3,40.17,0.928,28.22,0
18172,206.2,67.93,3.042,38.08,0
18173,379.6,49.16,2.036,36.82,0
18174,237.4,31.07,5.486,40.45,0
18175,189.6,95.3,3.528,42.91,1
18176,255.1,54.59,2.17,38.01,0
18177,389.7,20.59,3.668,33.74,0
18178,773.7,71.87,1.76,37.37,0
18179,304.6,57.78,1.345,41.57,0
18180,232.9,38.99,2.094,35.93,0
18181,823.3,42.8,1.44,37.26,0
18182,461.8,95.03,2.541,43.84,1
18183,262.6,42.82,1.669,34.0,0
18184,227.8,44.16,3.489,46.93,0
18185,516.3,26.55,1.443,38.52,0
18186,364.4,39.84,2.091,41.15,0
18187,252.9,60.33,3.767,30.72,0
18188,455.7,28.94,2.807,34.99,0
18189,745.3,57.93,0.905,51.4,0
18190,577.5,69.03,2.781,37.59,0
18191,546.5,86.79,2.315,39.52,1
18192,341.4,49.43,0.872,24.81,0
18193,223.4,80.04,3.128,31.58,0
18194,423.7,40.0,0.73,27.3,0
18195,221.3,51.47,3.896,40.24,0
18196,314.0,31.02,1.074,46.67,0
18197,248.5,12.02,1.223,30.31,0
18198,154.6,37.69,1.034,39.79,0
18199,448.8,89.83,6.845,43.84,0
18200,165.6,47.91,3.244,46.05,0
18201,728.3,64.26,2.676,43.78,0
18202,533.1,37.45,3.04,39.47,0
18203,320.7,46.93,1.783,39.8,0
18204,138.8,33.43,1.579,25.37,0
18205,284.2,70.23,1.175,32.98,0
18206,195.9,77.54,2.373,43.13,0
18207,227.8,63.89,3.756,36.88,0
18208,485.8,76.84,1.775,36.1,0
18209,40.4,67.68,1.575,41.49,0
18210,798.6,72.73,1.5,40.79,0
18211,244.7,80.68,5.712,30.54,1
18212,534.5,64.42,1.16,33.42,0
18213,474.9,50.23,8.727,31.4,0
18214,553.0,57.0,2.234,40.51,0
18215,496.1,52.66,2.235,38.88,0
18216,713.3,59.84,1.118,29.93,0
18217,155.9,74.34,0.912,36.33,0
18218,892.8,56.09,3.027,37.96,0
18219,792.6,43.48,1.553,31.0,0
18220,413.8,14.88,5.423,48.16,0
18221,666.2,61.55,3.809,41.22,0
18222,295.8,43.31,1.605,26.33,1
18223,146.1,55.07,3.776,26.84,0
18224,133.3,51.8,1.962,43.73,0
18225,416.9,45.27,0.857,40.04,0
18226,183.1,43.3,1.312,37.02,0
18227,222.1,59.69,1.828,32.07,0
18228,602.8,41.43,3.108,24.87,0
18229,245.1,75.64,1.593,46.41,0
18230,256.0,57.27,2.175,39.58,0
18231,302.7,60.99,1.95,43.49,0
18232,258.9,52.83,1.291,41.53,0
18233,204.5,51.05,2.398,45.34,0
18234,27.5,23.58,1.288,33.27,0
18235,182.9,80.29,1.794,50.95,0
18236,148.2,78.15,1.353,28.39,0
18237,373.4,27.82,2.447,40.01,0
18238,585.6,51.37,0.953,28.68,0
18239,107.7,52.78,4.171,23.41,0
18240,737.8,80.58,1.051,33.15,1
18241,396.1,46.23,1.703,44.48,0
18242,177.7,50.76,0.995,45.66,0
18243,1182.1,62.68,2.075,28.1,1
18244,1153.1,61.46,1.791,44.42,0
18245,1039.1,36.39,2.889,45.5,0
18246,682.6,89.49,2.093,35.45,1
18247,304.4,68.48,0.988,31.76,0
18248,983.2,43.31,2.278,44.0,0
18249,178.5,80.48,1.898,33.8,1
18250,268.3,80.2,2.661,38.08,0
18251,79.3,31.26,0.718,42.66,0
18252,142.6,68.41,1.601,39.26,0
18253,373.2,56.77,0.474,33.9,0
18254,312.8,81.51,3.987,25.8,1
18255,594.5,46.83,3.091,29.31,0
18256,708.6,81.88,5.858,36.08,1
18257,591.6,82.26,2.59,35.73,1
18258,512.1,66.42,1.115,39.15,0
18259,105.0,91.07,3.571,34.64,0
18260,903.0,42.42,1.708,41.76,0
18261,301.8,21.41,1.083,43.54,0
18262,560.5,52.95,1.834,42.08,0
18263,213.1,49.53,1.818,46.77,0
18264,76.6,65.94,5.134,39.93,0
18265,1440.3,61.49,1.02,47.55,0
18266,317.1,82.38,2.264,31.14,1
18267,377.0,62.5,2.764,30.02,0
18268,606.4,78.64,2.527,29.79,1
18269,233.8,64.87,1.79,26.81,0
18270,481.5,57.64,2.374,33.44,0
18271,183.6,42.09,3.259,41.08,0
18272,688.0,55.78,1.001,37.22,0
18273,548.4,41.18,3.593,38.73,0
18274,173.0,35.22,1.234,29.37,0
18275,880.7,82.83,1.754,45.42,0
18276,120.5,83.06,1.355,36.81,0
18277,184.5,60.63,2.134,45.2,0
18278,674.8,62.0,1.679,34.05,1
18279,334.9,72.9,2.181,38.04,0
18280,178.5,56.96,1.339,49.98,0
18281,289.4,53.37,1.875,40.71,0
18282,99.6,57.8,1.761,43.31,0
18283,551.5,41.79,1.147,46.4,0
18284,228.5,63.65,2.27,38.47,0
18285,220.5,64.98,0.791,32.94,0
18286,370.8,55.5,2.322,42.36,0
18287,509.4,32.03,3.929,32.15,1
18288,336.3,51.07,0.563,41.93,0
18289,660.9,77.64,1.036,29.15,0
18290,143.4,62.87,1.122,41.16,0
18291,118.8,78.13,2.478,32.25,0
18292,229.2,23.97,1.132,39.74,0
18293,1084.4,27.06,12.628,43.96,0
18294,425.1,75.06,2.011,53.39,0
18295,16.9,59.0,1.76,32.38,0
18296,207.4,16.88,4.961,37.93,0
18297,442.1,52.42,4.42,46.13,0
18298,675.5,71.21,1.755,30.9,0
18299,182.1,70.98,0.851,37.59,0
18300,123.7,41.59,2.061,47.17,0
18301,316.5,13.86,0.966,27.9,0
18302,408.0,64.42,4.552,36.03,0
18303,496.9,52.04,1.718,46.82,0
18304,125.4,41.56,1.692,44.65,0
18305,122.6,70.8,1.573,45.96,0
18306,391.5,53.6,3.07,33.29,0
18307,236.1,69.67,2.19,49.34,0
18308,647.8,81.42,2.786,37.82,1
18309,300.3,39.33,2.642,51.4,0
18310,240.0,62.62,1.35,44.91,0
18311,542.3,56.52,4.611,44.51,0
18312,33.4,64.61,3.3,28.59,0
18313,770.7,83.1,1.947,49.41,0
18314,775.7,51.57,1.571,32.04,0
18315,121.6,21.01,3.469,34.79,0
18316,644.3,71.62,3.442,35.83,0
18317,160.2,52.71,2.512,42.39,0
18318,794.3,87.19,2.018,33.18,1
18319,366.1,48.35,7.969,35.61,1
18320,438.8,69.23,2.362,27.82,0
18321,713.5,67.93,1.807,17.01,1
18322,213.6,70.02,1.883,37.29,1
18323,272.1,43.39,1.762,42.46,0
18324,390.7,45.06,1.818,30.69,0
18325,843.9,32.75,2.567,46.69,0
18326,298.5,57.09,1.975,38.23,0
18327,565.7,87.02,1.51,47.96,1
18328,135.6,83.56,1.142,34.8,0
18329,428.2,48.02,2.201,34.71,0
18330,581.5,31.64,2.906,43.22,0
18331,234.6,79.16,1.775,38.16,1
18332,302.0,73.34,4.586,41.89,0
18333,91.0,36.58,3.411,43.23,0
18334,358.2,49.71,1.99,44.16,0
18335,466.1,39.85,4.27,42.3,0
18336,525.2,78.64,5.764,40.58,1
18337,123.7,31.58,0.515,43.98,0
18338,358.1,70.54,2.016,44.33,0
18339,408.6,57.08,1.639,37.25,0
18340,174.1,15.68,1.338,36.43,0
18341,128.6,41.14,3.318,30.71,0
18342,243.5,54.14,2.237,32.69,0
18343,1115.5,63.96,1.422,23.18,1
18344,638.4,64.68,2.66,31.69,0
18345,402.3,13.51,0.914,41.37,0
18346,948.2,55.06,2.922,40.46,0
18347,464.7,69.56,2.06,43.56,0
18348,1310.6,54.73,1.925,40.12,0
18349,198.5,43.99,1.411,23.86,0
18350,201.6,38.54,0.647,41.65,0
18351,1357.7,40.5,0.519,44.23,0
18352,470.0,7.46,1.746,42.94,0
18353,275.5,46.0,3.964,37.33,0
18354,189.0,61.27,2.882,33.03,0
18355,297.6,14.63,4.95,36.5,0
18356,1009.5,43.32,3.206,38.22,0
18357,528.5,49.49,1.053,31.62,1
18358,368.3,19.54,0.87,46.71,0
18359,386.1,40.62,0.974,40.38,0
18360,58.9,48.84,6.607,31.03,0
18361,486.0,41.09,2.15,44.82,0
18362,722.8,15.81,1.893,31.52,0
18363,710.9,57.44,2.106,36.38,0
18364,1095.8,15.59,1.901,41.37,0
18365,952.5,45.53,1.374,39.52,0
18366,113.6,10.28,0.908,43.24,0
18367,155.5,87.8,1.847,37.85,0
18368,145.6,64.38,3.212,35.07,0
18369,395.1,36.51,3.232,28.88,0
18370,65.7,91.51,0.915,44.28,0
18371,89.2,68.58,0.736,38.15,0
18372,859.2,80.06,3.113,32.06,1
18373,356.6,80.07,3.584,41.18,0
18374,384.9,62.71,1.125,37.28,0
18375,680.5,82.79,0.857,44.68,0
18376,844.8,24.92,0.746,39.14,0
18377,229.1,31.47,0.841,30.16,0
18378,664.7,90.92,3.214,49.53,1
18379,453.7,52.87,1.608,41.92,0
18380,280.0,45.92,4.212,34.53,0
18381,500.3,79.08,3.127,46.8,0
18382,460.8,68.71,5.641,36.95,0
18383,812.1,57.38,0.934,42.6,0
18384,254.4,31.25,1.853,40.54,0
18385,285.6,69.95,4.17,35.97,1
18386,274.5,13.42,1.202,26.44,0
18387,67.3,55.79,1.748,35.61,0
18388,579.7,77.32,5.384,38.46,1
18389,790.3,90.64,2.705,43.16,1
18390,704.9,26.13,4.616,28.23,0
18391,272.7,69.11,4.718,35.98,0
18392,163.0,42.2,1.492,27.02,0
18393,291.9,71.97,4.074,34.86,0
18394,241.4,57.99,2.79,26.83,0
18395,462.1,46.6,2.185,29.67,0
18396,1122.2,54.31,1.735,44.33,0
18397,932.7,20.27,0.887,37.6,0
18398,201.6,57.87,0.816,35.9,0
18399,129.6,34.37,1.094,50.29,0
18400,227.6,50.49,1.675,44.1,0
18401,292.6,41.98,1.736,54.92,0
18402,272.8,58.22,1.736,16.84,0
18403,416.9,93.68,4.512,32.99,1
18404,372.9,41.05,3.077,31.71,0
18405,191.0,67.42,3.496,44.64,0
18406,463.6,74.05,1.265,40.7,1
18407,883.5,30.4,1.126,36.64,0
18408,444.9,13.21,5.654,36.02,0
18409,671.5,44.61,2.813,39.08,0
18410,517.7,62.78,1.19,44.28,0
18411,584.7,33.98,3.136,35.11,0
18412,431.4,53.01,1.301,31.45,0
18413,427.9,44.18,2.07,34.92,0
18414,456.4,50.75,2.231,48.92,0
18415,133.1,31.55,1.15,37.08,0
18416,508.2,49.8,0.884,28.68,0
18417,257.8,43.68,2.228,26.11,0
18418,222.0,74.15,0.834,39.6,0
18419,179.3,64.54,0.814,36.99,0
18420,884.7,87.14,1.957,43.71,1
18421,151.4,39.69,3.871,40.89,0
18422,1423.6,35.69,3.966,38.11,0
18423,719.5,51.15,1.394,36.8,0
18424,230.6,35.65,1.467,46.49,0
18425,261.8,63.96,2.922,33.37,0
18426,496.9,36.36,1.654,38.85,0
18427,226.9,56.99,3.58,39.04,0
18428,477.1,39.57,2.846,34.35,0
18429,504.5,57.87,2.07,38.37,0
18430,40.6,63.64,3.766,52.64,0
18431,186.4,73.87,2.695,50.56,0
18432,525.1,58.83,2.37,35.99,0
18433,103.0,34.61,4.619,39.58,0
18434,728.7,59.53,1.703,39.82,0
18435,501.7,50.92,1.418,36.95,0
18436,308.4,31.24,2.039,47.45,0
18437,417.7,80.61,1.428,27.68,1
18438,556.8,41.22,4.54,42.95,0
18439,354.6,55.78,3.856,22.33,1
18440,1443.3,64.9,1.688,34.92,1
18441,161.8,38.51,1.908,31.97,0
18442,180.7,22.74,1.489,39.01,0
18443,781.3,32.05,2.929,40.35,0
18444,295.9,58.07,3.066,48.24,0
18445,251.4,93.63,3.26,40.49,1
18446,416.7,15.86,2.393,36.79,0
18447,221.5,55.65,3.294,32.42,0
18448,742.4,68.85,1.4,35.3,0
18449,406.3,83.21,1.454,40.41,1
18450,328.8,35.5,1.103,39.68,0
18451,363.0,72.44,1.92,39.61,0
18452,329.7,16.51,6.01,42.61,0
18453,651.2,56.45,2.523,36.96,1
18454,105.9,41.87,2.298,38.41,0
18455,216.0,90.01,1.997,41.14,0
18456,446.3,58.71,2.289,45.1,0
18457,318.5,46.45,3.822,42.9,0
18458,302.1,17.53,2.116,47.0,0
18459,144.5,57.63,4.97,32.76,0
18460,355.3,42.07,1.268,36.32,0
18461,474.4,15.19,1.31,31.15,1
18462,424.9,73.54,2.508,49.84,0
18463,154.2,65.23,4.666,41.78,0
18464,203.9,53.1,3.002,33.86,0
18465,267.2,53.4,4.267,28.73,0
18466,278.6,80.49,2.52,35.89,0
18467,260.7,69.27,1.424,39.23,0
18468,759.6,68.37,2.44,37.76,0
18469,245.8,58.2,1.353,38.29,0
18470,1209.1,62.55,1.623,45.44,0
18471,263.6,71.75,3.147,41.38,0
18472,677.3,57.14,1.925,25.48,0
18473,379.5,75.61,2.118,36.24,1
18474,164.8,66.77,7.774,41.21,0
18475,156.6,41.24,1.802,39.37,0
18476,600.5,42.59,3.991,39.27,0
18477,156.1,12.87,5.211,48.2,0
18478,139.9,26.21,1.975,51.16,0
18479,311.6,60.41,0.678,38.56,0
18480,220.5,59.54,1.739,33.41,0
18481,168.3,41.32,1.608,43.55,0
18482,424.7,39.06,4.415,33.71,0
18483,246.6,55.3,2.781,39.71,0
18484,110.2,59.16,1.444,26.05,0
18485,299.3,69.65,2.977,44.02,0
18486,813.3,56.89,0.822,37.55,0
18487,112.5,42.42,0.927,45.09,0
18488,281.1,31.23,1.604,45.7,0
18489,75.9,77.43,4.554,39.98,0
18490,729.3,29.41,0.72,38.21,0
18491,213.3,76.24,1.644,37.48,0
18492,285.2,34.36,3.373,46.78,0
18493,287.4,18.4,2.161,39.76,0
18494,957.2,79.58,2.735,32.13,1
18495,1067.9,48.41,2.019,46.95,0
18496,1078.1,44.4,0.713,25.17,0
18497,224.7,68.07,2.164,35.06,0
18498,551.5,60.88,7.833,30.5,0
18499,541.7,87.77,1.045,39.07,1
18500,454.5,26.13,2.065,33.09,0
18501,466.4,50.44,4.157,30.45,0
18502,809.9,66.84,1.723,32.9,1
18503,159.5,81.86,2.147,33.92,1
18504,344.7,80.29,3.3,36.88,1
18505,128.8,61.71,3.387,28.68,1
18506,163.6,25.88,0.947,41.83,0
18507,465.1,37.44,1.546,47.37,0
18508,322.3,34.77,3.451,37.19,0
18509,290.3,83.56,3.422,35.59,1
18510,343.0,54.64,2.477,34.04,0
18511,745.4,49.08,1.764,36.08,0
18512,550.2,41.88,2.69,37.0,0
18513,483.6,81.33,1.437,46.62,0
18514,684.1,56.83,2.105,36.6,0
18515,379.7,58.33,0.559,38.63,0
18516,518.0,39.09,0.866,39.61,0
18517,490.1,77.14,2.541,38.1,1
18518,358.8,68.36,1.463,31.24,0
18519,688.8,37.38,3.66,31.98,0
18520,489.0,62.32,1.055,38.06,1
18521,120.7,27.91,3.802,35.14,0
18522,120.4,49.62,2.498,36.34,0
18523,548.5,65.08,3.35,38.8,0
18524,144.5,91.05,1.522,39.53,1
18525,405.7,71.26,4.082,33.77,1
18526,658.1,57.91,4.548,50.38,0
18527,340.5,22.01,2.617,32.97,0
18528,307.7,76.27,2.377,39.48,0
18529,351.6,17.61,2.684,37.74,0
18530,376.7,60.53,2.708,30.98,0
18531,283.6,51.23,1.965,39.97,0
18532,735.6,63.51,3.243,41.26,0
18533,69.9,91.7,1.549,40.21,0
18534,380.7,54.5,1.378,44.36,0
18535,570.2,39.87,0.944,36.95,0
18536,308.4,61.54,0.516,43.34,0
18537,835.3,81.28,2.075,28.88,0
18538,315.6,32.94,1.85,46.06,0
18539,322.3,63.07,2.948,30.32,1
18540,189.3,64.87,2.004,37.03,0
18541,443.0,36.83,1.358,28.47,0
18542,320.5,83.2,1.181,26.09,1
18543,655.2,54.72,2.484,43.0,0
18544,572.9,44.85,1.636,29.27,0
18545,365.1,37.39,1.254,33.66,0
18546,664.8,73.16,2.492,35.14,0
18547,514.9,58.76,3.886,40.77,0
18548,245.7,41.45,0.956,37.22,0
18549,182.0,70.86,1.269,39.01,0
18550,454.6,50.3,1.249,40.9,0
18551,227.4,40.06,3.705,41.57,0
18552,607.8,44.28,0.654,34.37,0
18553,137.2,65.25,0.748,28.62,0
18554,568.4,32.05,4.526,31.14,0
18555,293.9,75.24,3.69,37.12,1
18556,579.7,23.11,1.284,34.23,1
18557,832.2,43.48,1.529,30.22,0
18558,411.2,40.63,1.723,45.13,0
18559,393.6,26.31,2.225,34.07,0
18560,58.5,80.88,2.191,35.25,0
18561,618.6,72.77,1.691,42.45,0
18562,967.7,53.74,1.401,37.22,0
18563,238.6,4.64,1.841,33.41,0
18564,693.7,36.4,2.753,43.37,0
18565,698.6,73.79,2.894,49.09,0
18566,294.9,46.7,1.973,45.94,0
18567,1178.9,81.08,0.705,33.61,1
18568,434.9,8.71,1.629,42.22,0
18569,498.0,30.99,1.59,39.59,0
18570,986.4,76.54,2.397,44.67,0
18571,625.5,47.25,3.099,44.1,0
18572,775.4,26.17,4.311,34.39,0
18573,809.4,51.87,1.412,38.57,1
18574,1078.9,31.39,2.66,36.55,0
18575,444.1,65.2,1.254,28.07,0
18576,368.6,33.26,6.713,30.4,1
18577,498.1,13.79,1.547,35.38,0
18578,299.3,14.44,3.989,33.89,0
18579,823.2,27.17,2.456,32.43,0
18580,254.8,61.15,2.105,41.34,0
18581,329.1,85.2,1.295,36.03,1
18582,592.7,58.39,1.44,36.17,0
18583,338.0,32.6,1.86,37.37,0
18584,312.7,52.18,5.479,37.51,0
18585,370.3,53.1,1.75,26.96,0
18586,550.8,51.9,2.189,29.96,1
18587,514.4,56.12,1.857,35.99,0
18588,416.1,71.27,2.788,35.45,1
18589,724.4,63.06,1.394,38.1,0
18590,671.0,26.53,1.159,34.26,0
18591,181.5,70.88,2.015,31.91,0
18592,564.0,25.43,4.514,23.43,0
18593,640.1,62.85,2.112,29.5,0
18594,236.0,90.2,3.643,46.32,0
18595,446.7,91.85,3.5,35.7,1
18596,283.5,60.98,1.541,45.04,0
18597,576.7,52.27,6.235,35.74,1
18598,417.6,49.98,1.761,54.09,0
18599,272.7,58.61,1.554,40.95,0
18600,354.1,89.05,3.364,42.94,0
18601,635.5,12.15,1.224,35.28,0
18602,956.1,24.28,3.031,32.93,0
18603,336.0,59.09,4.518,37.32,0
18604,284.8,48.09,1.668,38.27,0
18605,589.6,68.6,0.953,42.51,0
18606,288.4,7.49,2.12,39.22,0
18607,320.9,62.37,1.626,42.49,0
18608,146.5,85.87,1.665,46.98,0
18609,177.6,33.44,1.369,28.88,0
18610,384.2,51.91,1.65,38.43,0
18611,843.0,56.66,2.586,35.79,1
18612,366.5,76.07,1.884,37.95,0
18613,614.0,21.57,2.416,35.45,1
18614,677.3,19.28,1.515,36.99,0
18615,65.2,41.6,2.138,44.55,0
18616,850.4,39.55,1.32,26.47,0
18617,403.0,79.78,2.49,45.28,0
18618,258.9,77.94,2.232,38.88,0
18619,59.0,49.72,2.664,36.76,0
18620,285.9,42.33,1.934,29.31,0
18621,281.5,39.44,2.022,36.88,0
18622,233.8,76.73,2.042,44.63,0
18623,440.5,76.61,1.737,39.11,1
18624,806.1,54.4,4.405,39.81,1
18625,517.1,34.36,0.84,45.78,0
18626,63.9,44.92,1.74,32.15,0
18627,758.5,28.32,3.573,35.2,0
18628,622.1,7.07,1.355,28.72,0
18629,181.7,56.41,2.074,33.37,0
18630,165.6,73.34,8.71,31.6,0
18631,310.2,69.99,1.526,44.13,0
18632,83.1,52.23,1.933,32.91,0
18633,130.1,56.55,6.149,44.38,0
18634,945.6,15.57,1.319,39.18,0
18635,298.9,60.63,1.022,32.32,0
18636,358.7,85.85,5.054,44.98,1
18637,436.9,32.53,2.326,42.54,0
18638,1030.0,49.0,1.008,39.8,0
18639,101.5,58.24,1.647,29.81,0
18640,396.4,51.34,4.057,45.51,0
18641,723.4,59.47,1.729,38.72,0
18642,701.1,39.06,2.428,41.91,0
18643,418.6,54.14,2.288,39.45,0
18644,53.1,60.65,1.436,26.91,0
18645,437.3,37.25,0.895,33.1,0
18646,371.5,15.85,2.078,42.42,0
18647,583.7,49.88,1.736,31.33,1
18648,260.2,42.39,1.706,46.44,0
18649,504.2,67.18,1.613,30.65,1
18650,343.1,26.88,1.343,48.32,0
18651,90.1,21.99,0.836,40.31,0
18652,582.7,48.9,1.827,30.31,1
18653,623.9,69.5,1.455,40.98,1
18654,429.0,75.07,1.942,37.68,1
18655,384.1,61.84,2.003,35.24,0
18656,504.2,34.58,2.389,45.97,0
18657,582.2,56.76,1.416,24.59,0
18658,806.6,45.76,0.998,30.64,0
18659,302.7,35.55,1.801,39.95,0
18660,367.8,61.83,1.231,33.29,0
18661,316.3,63.6,3.049,41.44,0
18662,77.4,63.96,1.461,45.15,0
18663,300.5,77.77,1.379,52.02,0
18664,218.5,61.51,1.474,38.61,0
18665,797.0,92.35,1.255,35.59,0
18666,460.4,52.32,4.016,24.98,0
18667,251.1,30.16,1.299,38.51,0
18668,707.0,56.28,2.7,38.67,0
18669,251.3,37.43,1.288,37.77,0
18670,333.9,81.67,1.18,32.31,0
18671,273.6,11.29,2.558,38.03,0
18672,437.5,48.21,3.134,39.42,0
18673,562.6,43.35,2.768,49.67,0
18674,339.2,75.83,1.749,42.01,1
18675,680.1,30.49,1.497,38.17,0
18676,217.8,87.81,2.653,41.36,1
18677,266.3,77.06,4.565,42.37,1
18678,1325.4,84.56,2.309,48.3,1
18679,769.7,85.4,1.718,23.7,1
18680,343.0,43.87,1.266,47.54,0
18681,542.4,54.45,3.019,44.75,0
18682,147.0,95.07,2.964,26.63,1
18683,484.5,28.62,2.635,41.29,0
18684,379.1,81.3,3.638,40.38,1
18685,227.7,16.09,2.996,37.91,0
18686,290.4,52.31,2.286,39.56,0
18687,859.4,59.22,0.896,34.14,0
18688,199.6,45.97,2.473,34.56,0
18689,295.3,63.94,2.229,45.99,0
18690,246.8,25.66,3.159,35.67,0
18691,445.6,45.63,2.803,41.49,0
18692,227.1,17.38,1.899,45.72,0
18693,420.8,28.94,2.206,26.76,0
18694,205.0,39.87,1.952,38.47,0
18695,291.1,92.84,0.903,49.31,0
18696,693.5,72.7,5.676,39.76,1
18697,1086.6,36.94,1.007,42.13,0
18698,260.7,72.17,4.152,43.18,0
18699,326.3,44.42,3.025,40.12,0
18700,390.7,55.2,1.788,46.57,0
18701,647.4,58.17,1.571,32.79,1
18702,190.1,33.05,2.374,46.55,0
18703,573.2,19.77,1.404,31.36,0
18704,560.8,40.52,2.655,38.23,1
18705,260.6,75.63,2.075,28.5,1
18706,410.5,69.92,0.65,30.92,0
18707,721.1,98.61,2.937,37.66,1
18708,323.1,25.5,2.344,39.49,0
18709,178.8,49.0,0.438,47.37,0
18710,168.0,70.99,2.27,34.02,0
18711,618.8,55.08,2.201,34.81,0
18712,779.8,84.46,2.566,30.61,1
18713,853.9,68.61,1.033,42.42,0
18714,215.7,58.77,2.709,32.93,1
18715,309.9,44.02,7.079,36.66,0
18716,278.8,55.42,2.467,33.32,0
18717,888.5,48.73,1.093,30.14,0
18718,156.5,38.12,1.687,26.84,0
18719,523.0,48.7,4.631,48.41,0
18720,909.5,44.52,3.034,33.76,0
18721,625.2,73.92,2.425,49.06,0
18722,862.9,41.42,2.773,31.3,1
18723,559.7,35.59,2.19,31.75,0
18724,432.8,59.08,1.665,24.98,0
18725,398.5,68.17,0.326,35.17,0
18726,245.0,87.68,2.592,38.98,0
18727,251.1,44.56,1.192,38.19,0
18728,994.0,59.2,2.512,43.25,0
18729,788.3,68.53,1.215,33.46,0
18730,196.7,77.09,2.378,53.14,0
18731,479.9,47.64,1.211,34.39,0
18732,500.5,62.09,3.216,37.28,0
18733,702.6,77.2,1.693,31.74,1
18734,230.5,67.76,0.895,46.71,0
18735,471.0,89.07,1.74,43.49,1
18736,294.8,24.9,1.261,37.21,0
18737,129.5,47.67,2.452,42.74,0
18738,81.5,61.03,1.487,38.96,0
18739,126.6,39.41,5.684,43.91,0
18740,418.3,42.41,5.542,27.47,0
18741,572.4,64.11,2.878,39.19,1
18742,440.0,22.33,2.404,28.84,0
18743,95.3,80.74,0.904,42.73,0
18744,415.0,64.06,1.768,44.4,0
18745,545.4,34.25,2.794,24.36,0
18746,402.3,69.55,2.279,39.49,0
18747,720.1,32.3,2.227,39.48,0
18748,285.6,72.77,2.407,36.48,0
18749,597.7,29.46,3.4,34.07,0
18750,1083.1,67.35,2.046,46.47,0
18751,221.8,30.13,2.089,27.86,0
18752,291.1,68.36,1.398,40.6,0
18753,467.3,82.2,5.334,37.36,1
18754,741.5,84.94,3.625,28.66,1
18755,741.9,36.33,2.684,34.16,0
18756,175.3,76.85,2.129,32.05,0
18757,391.4,45.78,4.58,35.39,0
18758,242.1,14.45,1.503,39.34,0
18759,389.4,49.11,0.911,41.47,0
18760,237.2,75.28,2.997,40.7,1
18761,394.6,31.78,1.108,37.15,0
18762,361.4,71.58,2.889,16.63,1
18763,323.2,30.18,1.899,43.42,0
18764,517.0,68.97,7.286,32.7,1
18765,418.7,46.87,2.374,41.78,0
18766,633.5,77.56,2.256,43.63,0
18767,438.2,81.05,1.594,34.61,0
18768,340.5,47.28,1.608,46.4,0
18769,175.7,54.01,1.555,40.31,0
18770,156.8,77.88,7.982,49.13,0
18771,327.2,23.41,1.599,40.3,0
18772,344.2,67.85,3.047,37.08,0
18773,963.0,36.71,1.429,31.82,1
18774,300.1,47.14,0.919,37.84,0
18775,103.5,74.88,2.265,46.04,0
18776,582.7,75.68,1.308,43.45,0
18777,408.5,17.43,1.602,28.71,0
18778,233.9,62.48,2.786,21.26,0
18779,229.9,43.47,3.045,32.94,0
18780,397.9,43.57,0.588,27.8,0
18781,319.4,70.32,3.408,41.64,0
18782,377.9,87.64,1.161,35.91,1
18783,386.1,85.17,1.375,43.66,0
18784,533.7,71.15,1.243,34.24,1
18785,528.0,51.27,2.394,38.96,0
18786,264.8,31.85,2.849,39.21,0
18787,796.9,15.77,1.964,29.12,0
18788,659.6,40.73,1.157,22.85,0
18789,393.4,32.3,1.813,46.47,0
18790,55.2,29.08,0.796,39.73,0
18791,742.7,49.92,1.36,38.16,0
18792,326.5,51.97,1.349,42.97,0
18793,876.1,35.41,2.629,46.59,0
18794,318.4,89.42,3.697,42.02,1
18795,909.2,57.14,1.507,38.68,0
18796,186.5,33.65,1.417,40.16,0
18797,182.1,77.96,1.623,37.37,0
18798,323.9,65.94,1.17,27.85,1
18799,613.4,49.47,3.826,41.72,0
18800,529.2,81.22,1.422,40.41,1
18801,677.2,50.14,0.997,29.97,0
18802,287.0,67.32,1.578,37.36,0
18803,54.8,37.04,5.653,40.92,0
18804,272.0,49.14,0.756,35.46,0
18805,176.8,36.31,1.368,37.78,0
18806,336.8,47.78,1.528,38.99,0
18807,263.6,58.34,4.68,30.78,1
18808,656.3,72.61,1.363,37.24,1
18809,516.6,76.39,0.651,31.8,0
18810,218.1,64.79,5.176,27.08,0
18811,72.2,29.97,2.249,31.32,0
18812,705.5,70.9,3.822,39.74,0
18813,225.1,41.07,1.835,37.85,0
18814,201.9,68.15,0.738,23.76,0
18815,135.0,89.61,1.073,25.41,1
18816,925.0,33.23,1.811,37.11,0
18817,127.0,25.62,1.093,38.49,0
18818,63.2,60.18,1.584,43.68,0
18819,254.7,59.45,6.823,43.91,0
18820,669.2,74.3,1.583,40.4,0
18821,306.4,10.41,2.368,42.63,0
18822,253.4,32.6,2.164,52.08,0
18823,280.5,57.0,1.526,41.86,0
18824,613.0,39.0,1.933,39.18,0
18825,610.1,45.49,1.795,38.45,0
18826,494.9,29.46,0.815,45.06,0
18827,311.9,48.81,3.987,39.39,0
18828,179.5,55.58,1.794,41.72,1
18829,367.7,30.99,2.338,28.48,0
18830,236.3,55.71,1.239,30.81,0
18831,828.9,38.94,0.404,38.14,0
18832,841.3,51.03,1.828,35.86,0
18833,288.8,16.12,1.298,37.14,0
18834,291.3,21.99,0.826,37.84,1
18835,302.8,42.49,1.588,36.1,0
18836,467.9,57.09,2.327,31.1,0
18837,304.5,58.25,1.556,31.41,0
18838,726.5,76.5,4.056,40.14,0
18839,477.9,45.83,1.448,38.78,0
18840,386.0,36.55,1.427,47.36,0
18841,609.7,79.64,4.399,47.56,0
18842,458.1,64.51,3.386,24.53,1
18843,544.7,33.25,1.363,38.45,0
18844,283.7,66.85,2.62,28.18,0
18845,309.7,38.97,1.781,43.65,0
18846,637.1,32.68,1.533,37.87,0
18847,607.6,34.83,2.532,39.84,0
18848,109.6,81.47,1.096,41.36,0
18849,582.1,83.14,0.991,42.39,0
18850,878.4,64.92,1.77,45.69,0
18851,247.9,95.28,1.208,35.39,1
18852,296.1,75.42,1.034,31.67,0
18853,206.6,22.97,1.495,38.53,0
18854,672.5,66.23,1.201,37.0,1
18855,427.5,73.18,1.685,41.58,0
18856,321.1,31.34,1.243,31.88,0
18857,423.4,64.66,2.417,35.76,0
18858,659.0,71.79,5.513,41.73,0
18859,299.8,45.82,2.585,40.89,0
18860,507.4,41.34,3.221,41.41,0
18861,337.6,58.95,0.79,36.91,0
18862,417.8,71.67,0.977,29.56,1
18863,321.7,75.16,1.421,20.83,0
18864,1064.1,77.65,3.311,37.02,1
18865,225.3,34.8,1.948,37.45,0
18866,395.1,29.65,0.627,33.76,0
18867,260.6,52.59,3.705,37.36,0
18868,362.8,44.06,4.196,33.39,0
18869,156.7,77.86,5.312,35.06,1
18870,44.0,55.85,4.246,46.41,0
18871,650.3,25.91,1.202,41.84,0
18872,116.5,75.77,1.279,41.63,0
18873,21.2,71.39,3.986,23.76,0
18874,341.0,32.62,0.85,36.67,0
18875,655.7,46.65,2.971,32.5,0
18876,237.1,40.83,2.801,32.24,0
18877,792.4,72.95,2.46,37.89,0
18878,1153.4,72.17,2.361,49.97,1
18879,123.3,59.56,3.032,29.35,1
18880,506.1,88.5,2.227,41.07,1
18881,322.5,22.32,2.289,35.71,0
18882,128.2,76.86,2.043,41.4,0
18883,404.7,62.55,4.903,39.04,0
18884,305.1,68.6,1.103,32.82,0
18885,781.0,68.42,1.835,44.49,0
18886,271.7,26.64,0.789,47.74,0
18887,911.4,55.81,1.731,37.77,0
18888,644.1,74.51,1.64,32.18,0
18889,164.8,78.34,1.065,30.48,0
18890,522.1,43.56,0.758,41.31,0
18891,731.1,45.06,2.616,35.57,0
18892,438.5,32.25,1.781,30.28,0
18893,354.3,9.81,5.576,39.46,0
18894,301.1,56.59,2.232,47.17,0
18895,325.3,51.67,2.583,24.49,0
18896,528.3,20.12,0.884,38.43,0
18897,617.8,41.53,3.101,41.83,0
18898,136.4,57.24,3.905,52.41,0
18899,340.8,16.0,3.639,37.96,0
18900,557.9,63.76,4.776,30.21,0
18901,721.2,44.29,2.193,40.12,0
18902,407.9,11.71,1.422,40.57,0
18903,1268.5,42.23,1.445,32.08,0
18904,1440.2,43.77,3.998,45.03,1
18905,356.1,88.73,2.369,39.57,1
18906,236.2,76.98,1.171,33.97,0
18907,446.2,30.2,2.084,31.4,0
18908,59.9,48.64,1.579,38.72,0
18909,175.4,44.72,1.419,42.13,0
18910,971.6,30.4,7.813,45.43,0
18911,270.5,87.2,3.523,14.26,0
18912,399.4,38.24,1.597,41.69,0
18913,357.4,51.67,3.444,40.53,0
18914,158.4,54.87,1.728,27.17,0
18915,280.0,52.67,4.149,37.04,0
18916,551.5,67.78,5.252,35.7,1
18917,820.1,66.5,2.977,37.17,1
18918,330.7,76.79,1.7,35.12,1
18919,215.4,26.66,5.734,32.57,0
18920,1172.1,35.34,1.923,36.13,0
18921,122.1,80.18,2.163,27.66,0
18922,485.6,94.13,3.068,34.59,1
18923,789.3,44.82,1.851,29.13,0
18924,363.2,60.09,1.711,39.08,0
18925,833.9,44.4,4.15,34.74,0
18926,246.3,44.26,6.637,40.49,0
18927,285.2,52.17,0.571,35.15,0
18928,491.7,71.61,1.392,31.32,0
18929,322.9,90.5,2.022,34.63,1
18930,630.4,25.22,0.575,32.24,0
18931,425.3,58.5,2.104,34.92,0
18932,327.9,85.82,1.379,39.52,0
18933,226.4,85.57,1.297,28.23,0
18934,104.5,69.37,0.781,24.96,0
18935,489.3,59.03,1.464,42.96,0
18936,298.6,61.4,2.74,42.91,0
18937,821.5,68.46,1.164,36.45,0
18938,330.6,45.62,1.373,43.91,0
18939,1066.0,14.76,3.716,40.55,1
18940,578.3,56.22,1.926,45.47,0
18941,380.6,85.61,2.418,42.63,1
18942,129.1,52.56,1.984,36.68,0
18943,411.7,17.17,1.772,19.4,0
18944,119.1,29.71,1.103,39.56,0
18945,84.8,68.64,1.989,22.33,0
18946,226.2,61.06,3.354,24.66,0
18947,538.3,54.83,0.81,28.86,0
18948,177.1,11.24,2.134,43.07,0
18949,313.0,30.09,3.431,32.72,0
18950,217.0,88.21,0.772,37.37,0
18951,638.6,76.8,2.537,22.07,1
18952,224.9,69.88,1.943,36.68,0
18953,340.7,76.37,2.776,39.6,1
18954,527.7,63.92,2.224,38.45,1
18955,281.2,88.27,4.805,36.68,1
18956,232.4,86.48,2.793,37.48,1
18957,343.0,64.31,0.859,31.94,0
18958,205.8,49.37,1.504,47.95,0
18959,830.6,51.81,1.063,45.65,0
18960,872.2,90.75,1.67,34.58,1
18961,390.2,62.12,4.034,40.24,0
18962,193.7,51.34,1.626,35.56,0
18963,458.4,7.8,4.422,34.04,0
18964,284.8,34.81,2.166,31.27,0
18965,995.6,72.55,1.737,36.54,0
18966,198.8,83.21,1.264,32.93,0
18967,525.8,24.68,1.994,38.13,0
18968,93.6,84.97,1.234,34.9,1
18969,275.7,78.02,1.254,40.85,0
18970,874.9,62.27,7.169,39.84,1
18971,255.0,27.02,5.016,39.59,0
18972,1219.2,66.11,1.134,43.48,0
18973,767.1,37.73,2.13,29.25,0
18974,102.6,62.41,2.448,36.07,0
18975,779.9,59.49,1.448,45.54,0
18976,651.0,30.22,3.76,32.63,0
18977,644.7,3.23,1.718,29.68,1
18978,176.8,57.55,1.474,39.84,0
18979,347.8,26.68,1.781,28.42,0
18980,133.7,78.65,1.189,44.24,0
18981,231.4,78.34,1.427,39.19,0
18982,227.9,75.21,1.738,34.1,0
18983,266.5,30.35,1.094,48.99,0
18984,476.4,61.04,2.011,41.49,0
18985,491.3,47.28,1.096,37.42,0
18986,222.7,41.71,1.544,46.62,0
18987,366.4,62.74,2.695,36.96,0
18988,157.3,58.4,1.467,30.62,0
18989,175.6,70.16,3.127,35.11,1
18990,483.8,50.61,5.041,29.01,0
18991,263.0,34.58,1.27,44.16,0
18992,236.3,80.47,1.878,31.9,0
18993,352.7,37.92,1.938,31.01,0
18994,1006.9,57.63,2.206,36.91,1
18995,640.5,46.39,1.484,27.64,0
18996,96.6,19.02,0.599,29.05,0
18997,373.2,56.14,2.736,46.05,1
18998,63.7,45.16,2.673,32.26,0
18999,117.9,78.8,0.909,37.48,0
19000,788.1,54.87,4.496,39.42,0
19001,239.0,87.07,3.159,43.14,0
19002,802.2,48.37,1.437,35.77,0
19003,297.4,79.03,2.112,32.19,0
19004,790.1,93.94,2.077,51.78,0
19005,124.5,47.77,4.818,35.98,0
19006,716.6,58.72,2.087,43.57,0
19007,499.9,38.46,4.989,39.52,1
19008,358.0,86.34,2.652,37.9,1
19009,735.8,50.04,2.205,28.62,0
19010,329.9,7.85,0.812,42.84,0
19011,310.3,24.37,3.169,33.17,0
19012,141.4,57.87,2.705,42.98,0
19013,447.4,69.99,2.201,43.76,0
19014,538.6,68.45,2.58,30.1,0
19015,238.6,62.04,2.598,36.08,0
19016,716.0,59.0,1.915,36.7,0
19017,481.4,41.68,3.239,41.08,0
19018,282.6,60.77,1.511,42.19,0
19019,953.5,26.48,2.248,40.25,0
19020,130.6,69.66,3.441,39.88,0
19021,445.7,57.9,3.795,35.99,0
19022,816.0,50.8,1.105,35.44,0
19023,464.4,68.68,5.352,42.19,0
19024,75.9,40.12,1.655,39.79,0
19025,147.7,52.84,2.855,37.53,0
19026,278.7,43.21,0.978,36.93,0
19027,104.0,61.01,1.885,39.58,0
19028,234.8,32.96,1.347,39.25,0
19029,265.1,80.55,2.382,44.51,1
19030,701.2,41.95,1.327,30.16,0
19031,466.2,89.04,2.759,35.49,1
19032,333.1,15.08,1.85,34.44,0
19033,452.7,76.11,2.857,37.89,1
19034,654.3,58.2,1.645,34.6,0
19035,133.8,75.29,1.585,37.87,0
19036,132.1,56.76,1.776,47.68,0
19037,183.5,44.89,1.497,50.42,0
19038,349.7,5.86,1.507,48.67,0
19039,531.0,54.62,3.137,40.01,0
19040,241.4,64.33,1.545,40.81,0
19041,263.8,74.36,1.76,30.32,1
19042,421.1,22.33,2.378,37.3,0
19043,511.8,13.42,2.372,42.57,0
19044,333.3,66.57,0.843,41.51,0
19045,758.3,57.03,3.988,32.41,1
19046,429.1,67.86,3.269,41.46,0
19047,394.6,48.95,1.527,46.01,0
19048,580.0,38.88,1.068,31.32,0
19049,1382.8,41.65,2.64,25.97,0
19050,1201.2,24.29,1.828,41.64,0
19051,213.9,89.11,2.021,39.02,0
19052,363.9,47.6,2.72,42.37,0
19053,191.7,88.16,4.964,34.37,0
19054,213.3,64.36,1.365,32.84,0
19055,216.8,27.38,3.401,38.86,0
19056,340.4,29.44,2.552,39.71,0
19057,324.9,30.85,1.603,36.43,0
19058,95.8,34.19,5.384,33.06,0
19059,230.7,57.75,1.706,29.78,0
19060,379.1,64.01,2.521,43.86,0
19061,139.7,52.13,3.623,29.93,0
19062,440.2,77.31,2.528,29.28,1
19063,164.0,21.43,5.417,44.48,0
19064,290.8,63.17,3.148,36.49,0
19065,475.6,61.59,2.644,40.13,0
19066,867.9,51.43,1.449,42.34,0
19067,304.1,86.0,2.323,40.92,0
19068,402.1,51.37,3.722,41.28,0
19069,961.8,68.34,1.323,42.88,0
19070,22.9,57.12,2.17,43.83,0
19071,155.1,46.12,3.363,45.91,0
19072,550.9,57.81,1.028,31.39,0
19073,245.4,62.94,8.107,46.78,0
19074,473.3,75.71,2.338,37.21,0
19075,341.9,14.71,1.593,38.3,0
19076,767.7,72.47,1.029,32.87,0
19077,649.7,47.75,1.688,31.11,1
19078,208.5,62.85,1.196,41.82,0
19079,261.1,44.82,2.108,35.27,0
19080,1133.9,23.91,2.095,36.34,0
19081,584.7,33.84,2.68,35.56,0
19082,527.1,38.83,3.276,39.88,1
19083,419.4,34.71,0.925,30.03,0
19084,725.0,63.63,1.273,43.7,0
19085,150.3,77.14,2.603,40.24,0
19086,149.4,47.27,0.758,36.69,0
19087,427.1,59.39,1.831,42.03,0
19088,455.4,20.43,1.279,46.95,0
19089,208.7,29.23,2.616,33.95,0
19090,346.9,34.33,0.905,44.51,0
19091,75.9,77.98,2.855,37.87,0
19092,709.1,33.03,0.991,33.62,0
19093,449.1,58.49,0.967,41.61,0
19094,604.0,44.76,4.079,41.63,0
19095,214.4,45.56,7.176,33.4,0
19096,340.8,52.86,0.381,43.17,0
19097,43.9,57.5,3.581,26.62,0
19098,223.3,80.61,2.76,35.38,0
19099,672.8,26.74,2.394,39.56,0
19100,889.9,37.29,1.238,33.32,0
19101,814.2,27.29,1.887,44.2,0
19102,914.1,83.02,1.676,21.18,1
19103,246.8,16.59,1.686,35.21,0
19104,283.5,55.11,1.739,48.4,0
19105,781.4,58.29,10.37,34.55,1
19106,644.4,44.02,3.749,41.65,0
19107,592.1,65.48,1.161,33.65,0
19108,347.1,60.12,3.175,43.48,0
19109,196.5,50.25,2.229,38.63,0
19110,549.4,33.18,2.148,46.28,0
19111,469.5,51.44,1.316,35.36,0
19112,421.8,67.34,3.973,33.14,0
19113,261.9,95.23,1.328,45.54,0
19114,344.8,80.78,2.556,40.03,1
19115,387.7,57.25,0.928,29.54,0
19116,571.2,81.74,1.66,28.62,0
19117,200.2,21.99,1.565,38.65,0
19118,226.7,18.47,2.163,30.43,0
19119,372.3,64.71,0.598,47.37,0
19120,82.4,69.26,1.036,43.19,0
19121,128.4,60.38,2.304,43.05,0
19122,210.6,11.16,4.874,35.43,0
19123,660.1,57.35,8.895,46.26,0
19124,451.8,68.75,2.475,27.9,1
19125,188.7,68.82,0.956,39.27,0
19126,583.1,40.79,1.853,39.95,0
19127,367.6,67.88,3.679,37.32,0
19128,238.7,72.55,0.971,40.63,0
19129,639.6,62.08,2.101,32.4,1
19130,1221.0,19.29,2.587,36.42,0
19131,1189.1,74.9,2.068,39.91,0
19132,99.0,74.82,2.59,41.22,0
19133,64.6,94.15,7.829,42.04,1
19134,427.1,81.45,3.57,37.29,0
19135,471.1,83.65,2.127,30.98,1
19136,452.3,55.45,1.197,36.03,0
19137,496.3,74.89,1.617,19.88,0
19138,812.1,22.56,3.713,41.77,0
19139,381.6,26.98,1.664,26.08,0
19140,697.8,57.24,2.818,39.72,0
19141,433.1,75.25,1.735,33.9,0
19142,494.1,67.12,1.299,32.19,0
19143,57.1,59.41,1.911,44.62,0
19144,378.7,43.15,1.566,32.72,0
19145,480.7,63.72,7.019,42.54,1
19146,954.0,29.05,1.496,35.89,0
19147,218.1,35.29,5.377,38.32,0
19148,285.3,70.88,1.521,43.47,0
19149,252.8,44.98,1.68,35.17,0
19150,525.5,60.26,0.666,37.55,0
19151,730.0,83.95,1.753,36.09,1
19152,233.7,83.41,3.014,39.95,0
19153,244.4,25.95,2.812,54.04,0
19154,187.1,45.82,1.88,44.33,0
19155,39.3,95.78,1.752,34.96,0
19156,268.5,81.51,4.532,33.17,1
19157,282.5,56.64,4.028,31.0,0
19158,223.9,21.46,0.882,34.97,0
19159,999.9,48.02,0.711,29.16,0
19160,385.8,27.86,1.026,30.91,0
19161,411.6,63.42,1.319,29.96,0
19162,656.1,65.76,3.452,40.05,1
19163,699.2,94.36,2.101,36.4,1
19164,248.9,42.71,1.925,34.44,0
19165,491.3,43.69,4.213,45.13,0
19166,903.5,73.81,3.893,34.95,1
19167,245.5,66.41,5.109,23.94,1
19168,368.4,31.0,1.507,34.42,0
19169,355.6,40.97,1.235,31.51,0
19170,346.1,78.59,2.51,33.63,0
19171,478.8,29.63,4.89,28.06,0
19172,475.9,12.96,2.792,36.44,0
19173,659.8,46.51,1.913,35.64,0
19174,538.7,27.8,2.297,45.47,0
19175,122.0,72.33,1.598,38.53,0
19176,1240.9,65.68,3.796,44.89,0
19177,224.3,31.34,4.455,47.01,0
19178,365.8,49.38,2.077,40.97,0
19179,82.8,54.24,3.286,28.67,0
19180,127.9,46.85,1.856,45.06,0
19181,99.4,39.18,1.242,38.57,0
19182,266.6,70.98,1.939,30.22,0
19183,240.9,67.42,2.543,42.21,0
19184,392.3,17.77,2.104,40.47,0
19185,417.2,33.24,1.456,44.06,0
19186,197.2,66.14,2.83,30.23,0
19187,475.2,43.43,3.812,32.18,0
19188,215.8,76.93,2.337,41.44,0
19189,355.1,86.42,2.9,40.25,1
19190,536.8,35.02,1.977,39.61,0
19191,645.1,85.32,3.512,45.34,1
19192,443.1,51.34,1.49,44.46,0
19193,266.5,58.01,5.822,32.79,1
19194,123.5,59.51,2.833,23.11,0
19195,159.0,12.39,3.63,34.43,0
19196,93.6,82.54,0.721,44.12,1
19197,464.0,40.75,0.862,35.26,0
19198,193.6,91.12,0.678,40.3,0
19199,419.3,77.68,1.241,40.41,0
19200,355.7,97.61,2.37,38.99,0
19201,318.7,58.17,2.111,35.21,0
19202,205.6,39.11,2.059,46.45,0
19203,144.5,26.21,2.238,39.88,0
19204,841.3,29.34,2.298,33.21,0
19205,389.1,40.54,4.653,44.2,0
19206,130.2,19.31,2.265,31.75,1
19207,1040.9,67.05,1.876,30.17,1
19208,160.3,90.15,4.772,35.82,1
19209,122.0,16.12,2.229,41.94,0
19210,176.6,47.41,1.43,31.02,0
19211,498.0,78.46,5.482,40.47,0
19212,489.8,57.4,4.728,41.74,0
19213,196.2,47.48,0.855,37.7,0
19214,383.5,56.36,2.319,28.31,0
19215,112.3,29.46,1.644,37.34,0
19216,289.8,40.63,2.076,37.11,0
19217,686.8,64.63,3.076,37.95,0
19218,363.8,18.07,2.724,46.27,0
19219,323.2,46.36,1.364,47.29,0
19220,275.4,42.23,3.662,39.02,0
19221,861.5,4.5,1.422,38.22,0
19222,228.5,57.8,5.286,42.74,0
19223,625.0,50.39,1.416,37.73,0
19224,271.1,50.55,1.755,43.31,0
19225,262.0,37.17,1.683,28.27,0
19226,219.2,87.16,3.452,34.78,1
19227,1063.9,32.03,1.013,37.65,0
19228,664.4,58.21,3.168,37.28,1
19229,625.8,43.8,2.56,38.71,0
19230,442.2,4.73,1.666,32.65,0
19231,500.2,73.0,1.714,43.02,0
19232,698.9,31.44,1.362,33.83,0
19233,1105.8,32.91,2.252,38.82,0
19234,158.6,60.03,2.937,26.2,1
19235,537.2,73.95,2.493,40.91,0
19236,283.2,65.03,2.03,28.14,0
19237,213.1,70.79,2.054,42.9,0
19238,221.2,36.07,1.186,36.24,0
19239,103.1,61.97,7.521,53.47,0
19240,356.0,15.35,1.737,39.98,0
19241,552.0,13.05,2.64,33.02,0
19242,205.0,5.21,1.757,39.34,0
19243,203.8,87.67,2.266,38.18,1
19244,332.5,80.59,5.748,44.74,1
19245,579.4,56.85,1.663,42.53,0
19246,390.1,81.53,1.433,48.82,0
19247,193.8,69.27,1.741,42.33,0
19248,645.6,68.17,0.765,39.28,0
19249,370.9,80.81,3.393,28.9,1
19250,585.8,17.48,2.797,38.92,0
19251,86.0,77.8,2.288,35.04,0
19252,375.7,46.63,2.359,43.48,0
19253,821.8,12.95,1.873,44.81,0
19254,536.7,69.14,2.148,49.51,1
19255,361.9,45.73,2.857,33.18,0
19256,281.0,48.91,2.854,39.36,0
19257,121.6,83.23,1.936,28.34,1
19258,157.7,76.85,1.79,32.73,0
19259,129.9,98.05,1.672,43.18,1
19260,699.4,41.98,2.586,38.56,0
19261,537.4,57.46,2.166,40.48,0
19262,665.5,48.87,1.731,29.43,0
19263,368.0,74.69,1.761,44.45,0
19264,197.4,62.01,3.459,45.43,0
19265,1298.2,84.1,3.399,32.19,1
19266,82.3,45.68,1.027,42.98,0
19267,355.0,22.84,1.121,43.01,0
19268,655.8,29.58,0.695,28.3,0
19269,239.2,46.75,1.01,40.87,0
19270,199.5,55.82,2.306,39.97,0
19271,360.4,58.32,4.643,39.18,1
19272,95.0,71.48,2.101,42.12,1
19273,201.0,51.76,3.446,40.8,0
19274,405.8,87.33,2.556,39.05,0
19275,690.6,66.8,1.687,46.58,0
19276,158.0,70.5,3.262,46.96,0
19277,112.1,43.08,3.773,28.39,0
19278,669.1,71.59,3.989,33.74,1
19279,812.5,53.22,2.463,38.21,0
19280,239.9,69.29,2.242,46.44,0
19281,263.1,31.56,1.064,28.92,0
19282,627.4,33.49,2.999,44.28,0
19283,229.6,76.64,1.723,33.23,0
19284,519.8,27.24,1.991,48.37,0
19285,159.2,80.23,2.31,39.18,0
19286,463.3,16.75,2.357,45.79,0
19287,824.8,61.16,3.762,44.55,0
19288,686.8,24.91,1.73,19.2,0
19289,803.9,72.84,2.186,37.62,1
19290,530.2,70.85,4.035,49.39,1
19291,104.3,74.94,1.346,35.19,0
19292,257.5,56.49,3.646,37.09,0
19293,237.5,10.55,3.508,47.76,0
19294,216.0,77.18,1.523,43.15,0
19295,369.6,33.24,1.483,38.33,0
19296,116.2,87.4,2.386,40.04,0
19297,457.7,59.77,2.668,36.59,0
19298,434.8,20.11,1.955,36.0,0
19299,166.6,29.7,1.174,33.36,0
19300,575.9,50.97,3.713,30.53,0
19301,420.3,80.11,3.278,37.05,1
19302,239.8,70.25,2.326,31.58,0
19303,245.6,44.8,3.716,29.44,0
19304,322.8,44.4,2.053,37.45,0
19305,110.2,86.06,4.289,50.09,0
19306,458.7,46.87,0.852,37.04,0
19307,152.7,67.48,1.871,31.54,0
19308,413.0,76.19,2.869,28.04,1
19309,859.0,11.96,0.997,31.89,0
19310,99.0,64.31,2.364,35.7,0
19311,519.3,60.67,4.332,49.21,0
19312,220.2,69.8,3.221,40.24,0
19313,310.8,26.02,1.086,45.09,0
19314,375.1,72.86,6.697,31.83,0
19315,258.0,36.02,4.697,47.81,0
19316,268.6,41.1,3.468,35.62,0
19317,749.0,41.13,2.441,46.31,0
19318,956.2,73.43,1.731,36.06,0
19319,123.7,88.16,3.66,43.52,0
19320,216.6,65.57,3.182,34.66,1
19321,538.8,42.29,1.446,28.05,0
19322,581.3,78.56,3.372,39.76,1
19323,320.0,19.9,1.621,38.58,0
19324,157.6,42.3,1.627,26.19,0
19325,498.3,79.01,2.899,35.1,0
19326,259.6,43.02,8.665,40.12,0
19327,258.8,58.5,13.21,40.0,0
19328,156.8,62.87,2.739,40.42,0
19329,184.9,48.09,3.577,35.95,0
19330,274.4,58.67,1.163,35.43,0
19331,873.6,19.69,2.82,34.48,0
19332,169.5,29.07,9.671,40.43,1
19333,1271.3,23.36,1.462,35.92,0
19334,431.3,56.69,1.925,38.82,0
19335,438.9,42.1,0.813,43.76,0
19336,1573.6,33.84,0.905,39.63,0
19337,181.1,35.21,5.697,33.93,0
19338,242.3,70.43,1.018,42.9,0
19339,420.7,51.58,3.391,32.14,0
19340,437.4,51.66,1.123,37.05,0
19341,157.4,53.33,2.956,35.78,0
19342,98.8,85.38,2.042,33.89,0
19343,308.8,43.27,2.273,38.73,0
19344,317.9,49.27,0.99,24.15,0
19345,550.0,50.61,1.786,29.72,0
19346,327.4,25.54,2.278,35.1,0
19347,420.6,61.5,1.631,28.31,0
19348,143.9,69.82,4.308,29.43,0
19349,244.4,56.2,1.103,38.24,0
19350,246.2,74.22,5.271,37.68,0
19351,291.6,51.13,2.535,39.32,0
19352,349.1,13.22,1.685,48.31,0
19353,314.8,68.7,1.817,40.47,0
19354,602.9,30.14,1.065,47.75,0
19355,248.6,51.29,3.257,49.26,0
19356,42.3,61.22,1.57,41.6,0
19357,803.1,61.54,3.78,32.48,0
19358,121.2,68.24,2.462,34.88,1
19359,216.1,25.25,5.291,33.59,0
19360,673.7,69.91,1.239,28.26,0
19361,695.8,81.09,2.75,37.98,0
19362,258.1,35.12,1.563,40.43,0
19363,84.0,56.07,3.965,23.56,1
19364,743.2,89.91,2.296,45.78,0
19365,41.0,45.11,2.002,46.56,0
19366,61.0,38.99,6.561,55.4,0
19367,274.4,66.3,2.201,28.8,0
19368,511.3,43.12,4.038,38.07,0
19369,465.1,53.3,2.931,38.79,0
19370,425.7,50.41,1.436,47.9,0
19371,246.0,88.27,5.209,42.49,0
19372,331.5,77.59,0.94,36.94,0
19373,102.3,63.97,2.725,46.15,0
19374,200.5,51.06,1.113,21.65,0
19375,275.8,89.61,1.143,45.97,0
19376,147.1,64.09,1.032,38.15,1
19377,697.2,57.76,2.867,37.21,0
19378,230.5,52.57,2.018,36.47,0
19379,779.2,68.67,1.218,33.06,0
19380,407.0,30.36,2.219,47.96,0
19381,239.8,35.7,1.639,39.41,0
19382,278.4,46.46,6.637,37.26,0
19383,1129.1,31.32,3.016,42.69,0
19384,885.3,68.42,0.671,37.51,1
19385,356.3,49.59,2.545,33.39,0
19386,199.8,64.32,2.011,33.78,0
19387,128.1,64.74,1.669,45.84,0
19388,77.7,49.45,2.345,37.26,0
19389,565.7,81.0,2.533,20.16,1
19390,550.0,49.59,3.246,37.18,0
19391,699.0,35.89,3.213,28.99,0
19392,476.6,19.68,0.931,28.89,0
19393,588.1,78.93,2.458,33.67,1
19394,477.2,35.04,1.618,33.55,0
19395,197.6,48.52,1.103,34.03,0
19396,151.8,71.34,5.12,29.34,0
19397,541.0,46.17,0.337,39.52,0
19398,613.6,42.49,3.159,30.64,0
19399,469.9,67.77,1.789,37.91,1
19400,523.9,54.56,0.845,42.41,0
19401,187.4,57.68,1.479,43.04,0
19402,366.4,20.5,2.973,36.2,0
19403,352.6,42.3,4.232,33.53,0
19404,452.9,67.65,1.995,44.99,0
19405,283.6,57.97,2.511,53.89,0
19406,705.2,54.78,5.559,44.85,0
19407,456.4,88.5,2.963,59.46,0
19408,173.5,85.52,1.836,45.92,1
19409,103.0,37.53,1.707,25.55,0
19410,145.1,29.41,3.325,43.43,0
19411,232.2,40.25,1.83,43.12,0
19412,295.7,37.07,1.645,39.52,0
19413,167.0,39.41,0.763,36.17,0
19414,180.1,40.69,3.311,46.61,0
19415,240.8,34.98,1.59,28.71,0
19416,578.3,11.29,1.267,33.42,0
19417,434.4,75.06,7.946,36.18,1
19418,236.4,62.19,2.366,35.6,1
19419,255.1,73.12,3.218,34.31,1
19420,852.7,75.94,3.275,29.71,1
19421,366.5,96.86,0.832,43.33,1
19422,457.2,78.94,3.675,31.06,1
19423,429.6,46.95,1.607,36.14,1
19424,418.9,35.06,2.33,29.06,0
19425,499.3,53.09,2.239,54.0,0
19426,116.0,74.89,1.512,27.66,0
19427,504.2,66.36,7.573,36.36,1
19428,286.0,32.93,1.105,39.93,0
19429,525.8,82.16,2.977,38.02,1
19430,663.0,51.02,1.043,57.6,0
19431,621.6,70.95,1.647,45.12,0
19432,187.3,57.7,2.803,37.26,0
19433,245.0,81.79,2.042,23.17,0
19434,293.0,47.72,3.286,43.18,0
19435,631.5,36.03,1.854,45.05,0
19436,402.5,15.11,2.022,46.81,0
19437,231.5,28.58,2.565,34.73,0
19438,735.9,44.14,2.582,28.66,1
19439,325.6,31.59,1.929,31.43,0
19440,401.3,77.96,0.992,26.32,1
19441,915.5,45.93,2.06,36.64,0
19442,524.2,44.53,0.885,45.81,0
19443,364.7,65.04,2.298,34.02,0
19444,137.1,60.2,1.295,32.7,0
19445,544.1,59.82,2.322,40.12,0
19446,127.6,20.07,0.769,39.03,0
19447,567.8,18.31,1.226,37.4,0
19448,392.9,24.22,1.852,34.78,0
19449,362.0,65.05,1.806,39.63,0
19450,343.0,33.61,2.452,41.63,0
19451,184.8,76.46,2.992,36.31,0
19452,111.8,34.33,0.898,35.37,0
19453,653.4,48.32,3.599,38.05,0
19454,342.1,43.71,5.404,39.09,0
19455,395.8,14.19,1.421,33.53,0
19456,277.3,35.37,1.35,35.51,0
19457,248.8,36.13,3.136,29.28,0
19458,400.4,63.42,1.677,41.11,0
19459,772.1,51.93,0.705,29.73,0
19460,642.4,96.14,1.553,43.65,1
19461,425.2,19.49,3.482,20.31,0
19462,66.0,55.77,1.309,29.86,0
19463,415.9,44.85,1.416,32.12,0
19464,653.6,28.96,1.779,24.06,0
19465,457.0,56.19,2.166,39.92,0
19466,215.5,60.07,1.115,38.64,0
19467,524.8,53.49,1.644,37.1,0
19468,206.2,27.1,2.943,45.23,0
19469,474.8,28.88,1.447,39.08,0
19470,522.3,60.78,1.65,36.77,0
19471,186.9,18.17,0.967,36.47,0
19472,721.3,78.08,4.153,40.65,0
19473,347.7,61.49,1.984,22.23,1
19474,473.6,82.74,2.781,42.64,0
19475,39.2,92.42,4.946,40.26,0
19476,256.1,54.89,0.653,32.9,0
19477,333.8,45.6,3.737,40.77,0
19478,848.3,25.95,1.707,31.19,0
19479,382.0,9.0,2.073,31.11,0
19480,464.2,42.14,3.964,45.01,0
19481,192.3,60.48,2.996,37.42,0
19482,313.3,49.06,1.818,41.11,0
19483,228.8,27.12,2.655,31.38,0
19484,243.4,69.15,2.405,26.9,0
19485,51.4,49.47,4.403,36.09,0
19486,341.1,69.71,1.745,20.95,1
19487,1271.9,22.06,3.405,24.0,0
19488,437.5,42.35,2.081,45.6,0
19489,416.0,56.31,3.198,37.59,0
19490,329.7,70.13,2.181,46.07,1
19491,369.8,83.63,2.597,34.87,1
19492,499.3,61.57,1.056,27.82,1
19493,316.1,76.07,3.858,34.96,1
19494,538.7,86.43,1.419,40.91,1
19495,1131.1,62.47,2.401,25.15,1
19496,1308.9,72.96,1.11,44.27,1
19497,309.3,54.62,1.423,27.36,0
19498,380.5,65.5,2.096,29.97,1
19499,491.9,75.48,1.992,36.93,0
19500,33.4,58.78,1.441,44.53,0
19501,206.7,57.31,3.43,30.3,0
19502,263.4,80.86,2.165,33.64,0
19503,446.0,88.61,5.373,47.54,0
19504,129.5,50.26,1.45,34.39,0
19505,556.8,67.45,3.837,45.78,0
19506,158.4,42.58,2.745,48.43,0
19507,320.9,61.69,4.326,28.67,0
19508,246.6,32.2,1.742,40.09,0
19509,868.5,37.05,0.945,34.47,0
19510,404.3,45.35,2.8,46.05,0
19511,114.5,30.6,0.869,35.19,0
19512,129.5,40.06,0.864,42.14,0
19513,459.0,49.89,1.24,47.38,0
19514,379.7,54.94,0.799,37.57,0
19515,371.5,66.44,3.816,29.04,1
19516,400.3,58.54,1.455,42.45,0
19517,134.0,25.23,2.527,37.53,0
19518,163.4,72.34,0.888,29.87,0
19519,275.2,32.75,1.888,34.37,0
19520,251.9,58.47,5.177,44.56,0
19521,512.3,8.17,4.489,42.08,0
19522,130.3,26.88,4.515,47.86,0
19523,410.8,50.81,1.636,34.23,0
19524,269.0,63.13,0.708,36.26,1
19525,398.9,69.24,2.029,31.77,1
19526,366.9,58.18,2.2,39.13,0
19527,318.7,76.56,1.662,47.36,0
19528,411.9,56.93,4.591,27.07,0
19529,236.2,16.83,4.41,45.57,0
19530,954.8,23.77,1.793,42.57,0
19531,611.1,90.93,1.175,28.36,1
19532,53.8,52.65,3.851,34.28,0
19533,874.0,64.51,1.438,35.63,0
19534,134.0,49.91,4.01,40.9,0
19535,921.9,76.36,2.723,37.0,1
19536,599.5,37.94,1.947,21.05,0
19537,246.4,45.29,3.578,54.93,0
19538,365.9,64.66,5.159,44.33,1
19539,790.6,42.52,2.066,36.74,0
19540,582.3,59.36,1.729,43.8,0
19541,661.8,64.18,4.502,36.98,0
19542,369.2,37.83,6.854,39.63,0
19543,119.1,57.07,1.876,35.07,0
19544,608.2,54.03,1.594,44.51,0
19545,248.7,60.18,1.78,36.95,0
19546,159.6,70.06,3.232,44.36,0
19547,823.0,75.27,2.161,48.77,1
19548,763.4,58.28,4.364,46.32,1
19549,573.8,88.53,3.187,41.0,1
19550,369.9,59.5,1.476,50.97,0
19551,748.8,52.6,1.241,36.65,0
19552,486.9,63.79,2.301,33.38,0
19553,743.3,52.13,3.645,40.31,0
19554,100.0,22.42,1.141,41.87,0
19555,259.7,88.92,2.845,44.55,0
19556,303.3,52.16,1.198,34.6,0
19557,98.5,69.72,4.322,31.11,0
19558,568.9,70.55,0.768,49.11,0
19559,824.1,90.95,5.151,40.42,1
19560,1358.8,36.65,1.683,41.18,0
19561,167.9,40.44,0.835,43.05,0
19562,448.3,34.29,2.809,36.41,0
19563,604.7,34.56,2.132,30.38,0
19564,1145.2,53.89,6.159,37.37,0
19565,462.3,82.82,4.404,43.32,0
19566,548.8,64.2,1.787,30.9,1
19567,498.1,69.16,1.964,53.57,0
19568,315.9,95.97,4.03,37.55,1
19569,234.7,60.45,1.85,34.14,0
19570,52.9,51.54,1.92,26.97,0
19571,549.3,81.51,1.852,46.56,0
19572,549.0,63.8,1.707,36.98,0
19573,144.1,36.66,1.247,32.05,0
19574,551.9,47.56,1.782,36.41,0
19575,116.0,7.95,2.102,36.1,0
19576,504.5,26.75,1.779,33.18,0
19577,721.3,46.04,2.796,44.15,0
19578,563.9,27.78,1.875,37.63,0
19579,144.9,57.22,5.556,26.88,0
19580,173.5,74.15,2.238,37.29,0
19581,381.9,37.75,4.113,38.51,0
19582,470.2,38.0,1.51,44.78,0
19583,591.8,31.08,1.87,37.4,0
19584,259.0,76.91,2.828,32.34,0
19585,782.0,85.21,4.736,29.38,1
19586,261.1,43.57,2.904,38.65,0
19587,473.5,74.47,4.018,41.83,0
19588,736.9,65.15,1.553,32.47,1
19589,537.4,57.81,3.685,38.37,0
19590,922.9,39.31,3.761,27.92,1
19591,585.7,92.08,2.608,38.73,0
19592,496.0,83.67,1.582,40.14,0
19593,634.2,73.63,3.346,27.94,1
19594,257.6,75.22,0.345,56.41,0
19595,1011.7,73.34,1.987,42.1,0
19596,233.1,27.94,1.487,33.93,0
19597,1368.5,25.6,3.19,30.63,0
19598,894.8,80.1,3.36,47.6,0
19599,328.3,56.39,1.933,40.38,0
19600,193.7,39.62,1.051,27.85,0
19601,583.3,70.55,2.44,28.57,0
19602,553.8,25.85,2.034,45.28,0
19603,1067.8,90.22,2.315,30.37,1
19604,275.5,50.35,1.368,44.38,0
19605,482.6,71.51,2.078,31.25,1
19606,618.5,64.53,1.795,37.19,0
19607,267.0,72.63,1.655,36.92,0
19608,788.4,71.59,1.426,32.54,0
19609,181.6,60.06,3.276,38.84,0
19610,595.3,26.09,8.142,31.09,0
19611,401.1,88.68,1.589,39.77,0
19612,114.3,75.11,3.687,39.35,0
19613,439.7,71.68,1.343,33.99,1
19614,385.9,64.67,4.307,52.28,0
19615,186.9,61.5,2.367,32.49,0
19616,346.6,33.0,2.246,42.45,0
19617,98.8,57.85,1.844,36.97,0
19618,294.6,39.76,2.512,39.98,0
19619,140.8,94.41,7.893,37.9,1
19620,1484.9,36.0,4.103,39.45,0
19621,356.2,80.36,2.48,34.14,1
19622,122.6,61.04,2.139,33.49,0
19623,328.7,75.99,1.5,40.77,0
19624,586.0,60.67,2.016,30.82,0
19625,392.3,63.88,1.346,50.28,0
19626,318.2,87.26,1.082,41.89,0
19627,88.3,78.84,2.241,21.38,0
19628,320.3,33.16,2.339,27.25,0
19629,481.7,79.73,1.207,32.23,0
19630,900.6,56.49,1.822,29.3,0
19631,787.9,60.64,3.197,36.39,1
19632,728.6,36.63,1.75,37.06,0
19633,355.5,42.11,0.963,32.05,0
19634,236.1,26.05,1.817,33.67,0
19635,631.7,73.68,6.596,49.22,0
19636,113.7,41.07,1.133,41.57,0
19637,660.8,74.48,0.9,33.48,1
19638,658.5,22.06,1.387,43.24,0
19639,299.1,68.07,2.287,39.57,0
19640,492.6,58.22,2.906,35.65,0
19641,100.2,80.86,4.145,46.8,0
19642,943.3,79.13,1.115,40.38,1
19643,179.3,20.52,3.258,35.79,0
19644,71.9,62.53,1.192,50.56,0
19645,430.6,62.19,1.237,42.03,0
19646,605.0,88.15,1.254,48.57,1
19647,374.3,96.63,2.527,29.84,1
19648,271.9,25.15,1.768,38.9,0
19649,140.8,67.14,2.363,42.46,0
19650,357.2,45.28,0.823,36.98,0
19651,111.6,73.14,3.968,37.65,1
19652,24.7,54.54,1.895,51.46,0
19653,35.6,21.85,0.622,40.23,0
19654,198.3,67.65,2.925,35.78,0
19655,87.9,65.25,1.562,35.32,0
19656,350.5,59.25,2.316,43.67,0
19657,390.1,30.92,4.74,27.53,1
19658,182.6,56.43,1.702,42.26,0
19659,373.0,35.21,1.492,46.57,0
19660,719.2,54.03,1.661,36.77,0
19661,690.4,42.74,2.111,51.85,0
19662,202.9,37.91,2.358,35.4,0
19663,178.1,69.95,1.489,30.9,0
19664,72.6,47.1,2.577,35.47,0
19665,146.9,39.69,1.222,41.74,0
19666,434.3,68.47,1.473,43.86,0
19667,282.5,47.45,4.807,42.21,0
19668,595.3,54.96,2.49,30.83,1
19669,482.9,57.65,1.317,35.0,0
19670,178.9,7.61,1.237,44.63,0
19671,560.7,70.76,2.808,32.12,0
19672,403.9,95.38,2.988,45.12,0
19673,369.0,83.45,1.64,42.03,1
19674,269.4,73.04,1.414,31.21,1
19675,405.1,63.91,4.145,41.54,0
19676,109.3,74.61,1.854,31.94,0
19677,495.4,22.95,4.753,20.01,1
19678,242.5,82.65,3.069,33.14,0
19679,198.1,80.26,1.965,30.67,1
19680,949.1,79.13,7.276,38.85,1
19681,335.4,71.08,1.58,23.13,1
19682,280.5,77.56,3.129,49.94,0
19683,381.3,79.62,2.269,35.96,0
19684,414.7,96.6,1.186,45.9,0
19685,401.9,73.93,3.905,30.56,1
19686,148.2,62.25,1.402,41.41,0
19687,389.9,44.19,2.266,34.1,0
19688,609.6,43.8,2.5,37.39,0
19689,446.2,84.88,5.099,40.2,0
19690,283.4,35.78,2.172,43.37,0
19691,635.2,73.5,3.021,42.51,0
19692,1021.0,35.32,0.97,44.03,0
19693,221.8,60.5,1.8,32.89,0
19694,251.2,60.9,3.839,32.42,0
19695,110.8,85.81,7.466,25.48,1
19696,1276.7,43.47,2.834,37.11,0
19697,562.3,55.24,2.397,30.45,0
19698,361.1,68.78,1.407,39.29,1
19699,321.0,60.34,2.089,40.62,0
19700,668.5,24.9,2.626,48.6,0
19701,478.3,51.04,1.992,38.68,0
19702,478.6,44.98,1.582,36.42,0
19703,760.6,46.17,1.771,46.27,0
19704,241.7,91.14,1.606,38.84,0
19705,675.5,81.3,4.574,34.78,1
19706,243.8,83.54,1.262,46.79,0
19707,456.4,82.49,2.281,31.89,0
19708,373.9,40.59,3.689,35.11,0
19709,216.4,41.9,2.657,28.87,0
19710,146.6,79.69,1.372,37.8,0
19711,1014.6,49.31,3.739,46.87,0
19712,51.7,63.4,1.174,43.67,0
19713,210.0,52.47,2.814,35.18,0
19714,478.1,21.37,1.514,50.25,0
19715,96.5,37.81,3.057,41.26,0
19716,335.2,43.26,3.312,39.5,1
19717,815.1,45.13,2.078,35.55,0
19718,1080.8,44.94,5.932,34.98,0
19719,167.9,39.86,1.716,31.97,0
19720,412.9,73.98,3.095,35.88,0
19721,200.4,77.03,2.631,36.03,0
19722,91.4,39.8,1.951,37.98,0
19723,530.7,79.86,4.235,43.41,1
19724,703.8,21.68,1.428,38.18,0
19725,121.8,36.45,4.187,42.03,0
19726,55.7,61.39,2.321,39.6,0
19727,265.0,62.38,0.973,31.09,0
19728,423.6,41.86,1.579,29.37,0
19729,330.8,44.53,1.057,46.55,0
19730,805.9,64.77,0.963,38.22,0
19731,230.0,80.18,0.551,39.54,0
19732,352.0,83.35,3.274,28.31,1
19733,429.5,72.86,1.931,34.34,0
19734,468.0,69.27,1.698,43.68,0
19735,535.6,15.81,2.165,38.18,0
19736,889.9,16.53,2.688,30.76,1
19737,740.1,29.5,1.759,22.06,0
19738,677.5,69.36,1.486,34.03,0
19739,293.0,67.78,1.7,26.59,0
19740,314.4,33.54,3.261,50.96,0
19741,595.6,81.47,2.342,29.07,1
19742,230.5,36.69,1.402,33.74,0
19743,1156.6,47.05,2.363,38.63,0
19744,140.4,41.07,4.879,35.88,0
19745,308.0,22.73,2.028,36.73,0
19746,601.4,41.24,0.877,33.45,0
19747,610.0,78.1,1.512,25.0,0
19748,442.5,55.76,2.294,33.0,0
19749,334.9,77.87,1.445,42.34,0
19750,166.0,72.4,2.195,36.94,0
19751,159.8,83.59,1.072,35.67,1
19752,428.5,61.48,1.206,32.72,0
19753,194.5,16.52,2.178,35.24,0
19754,107.5,36.51,1.061,32.66,0
19755,302.2,63.1,2.4,37.29,0
19756,137.0,35.4,4.023,33.61,0
19757,332.1,23.91,1.318,42.15,0
19758,742.1,46.77,1.513,37.66,0
19759,83.3,65.63,1.591,43.93,0
19760,313.3,63.48,2.581,35.0,0
19761,1174.4,46.59,1.559,38.0,0
19762,329.0,45.27,1.402,30.82,0
19763,97.9,19.02,1.425,38.11,0
19764,565.4,85.93,1.995,28.5,1
19765,433.2,62.46,1.359,46.29,0
19766,103.7,52.28,4.301,35.39,0
19767,367.1,97.55,2.454,38.69,1
19768,362.1,71.35,1.956,40.01,1
19769,61.0,18.5,1.527,46.73,0
19770,701.9,48.61,3.34,30.59,0
19771,258.7,48.94,0.938,36.31,0
19772,196.5,45.5,1.303,38.28,0
19773,581.2,88.47,3.716,45.03,0
19774,1334.7,67.07,0.377,37.88,0
19775,218.7,49.85,3.262,38.83,0
19776,962.8,45.4,4.982,33.14,0
19777,360.1,85.15,2.136,44.16,0
19778,724.6,59.41,1.958,26.96,0
19779,132.1,19.51,2.927,32.5,0
19780,556.0,77.91,2.568,33.04,1
19781,492.3,24.69,4.22,38.88,0
19782,784.2,89.9,1.569,34.13,1
19783,310.6,20.48,1.959,35.9,0
19784,167.2,64.66,2.665,38.31,0
19785,174.6,56.37,1.448,34.55,0
19786,1055.5,40.64,1.427,25.52,1
19787,348.8,59.33,2.394,40.74,0
19788,562.4,81.26,0.627,40.23,1
19789,217.5,61.14,1.971,41.03,0
19790,629.3,33.81,2.35,23.97,0
19791,534.3,49.39,2.722,26.39,0
19792,241.9,50.15,1.209,36.28,0
19793,417.5,60.61,2.198,36.5,0
19794,821.4,32.27,2.153,38.94,0
19795,181.5,90.23,2.028,37.63,1
19796,138.5,66.63,2.014,41.54,0
19797,260.2,73.77,2.513,48.53,0
19798,1345.5,72.12,2.531,37.88,1
19799,144.4,48.21,4.063,51.01,0
19800,221.9,68.19,4.52,40.23,0
19801,1041.5,71.09,1.466,39.65,1
19802,309.0,92.47,2.089,43.76,1
19803,727.2,70.59,1.935,45.58,0
19804,1611.2,42.48,3.574,38.67,1
19805,338.5,68.77,3.611,36.5,0
19806,348.2,57.62,0.973,32.79,0
19807,116.5,54.54,3.887,41.34,0
19808,225.6,17.17,4.912,48.83,0
19809,314.0,64.33,2.85,45.86,0
19810,364.8,49.22,2.756,39.28,0
19811,715.5,48.19,1.148,34.38,1
19812,754.4,31.65,1.66,51.29,0
19813,234.1,14.23,3.634,34.86,0
19814,305.4,49.12,0.988,37.02,0
19815,373.2,11.07,2.066,38.18,0
19816,116.9,69.12,3.065,41.92,0
19817,255.2,22.1,3.711,21.57,0
19818,486.0,67.17,1.585,44.77,0
19819,143.9,48.33,2.471,41.66,0
19820,385.0,62.55,0.843,35.27,0
19821,413.8,81.58,1.774,32.26,1
19822,16.8,32.47,1.661,46.19,0
19823,886.5,48.03,3.594,41.84,0
19824,749.8,27.77,2.547,31.49,0
19825,313.2,72.76,1.243,39.94,0
19826,984.0,31.3,1.204,35.18,0
19827,178.9,41.07,1.743,41.57,0
19828,564.5,42.95,1.284,32.2,0
19829,155.1,45.75,0.473,36.84,0
19830,478.8,23.68,1.562,32.26,0
19831,813.1,62.5,1.478,45.95,0
19832,757.7,82.01,1.787,22.01,1
19833,160.9,22.58,4.683,35.77,0
19834,318.8,69.62,1.982,34.48,0
19835,303.7,63.63,1.324,39.97,0
19836,461.4,68.04,2.067,35.07,0
19837,401.2,86.86,1.949,29.72,1
19838,312.8,41.7,1.255,40.05,0
19839,120.8,83.03,6.551,43.17,0
19840,515.3,45.52,1.308,29.21,0
19841,884.9,64.71,1.49,33.83,1
19842,447.3,92.11,3.978,37.78,0
19843,242.6,65.25,5.001,34.72,0
19844,786.4,38.93,2.142,26.08,0
19845,97.9,24.66,5.333,34.62,0
19846,432.7,58.59,2.042,35.54,0
19847,103.2,40.62,4.083,39.23,0
19848,506.9,57.04,2.392,21.41,0
19849,455.5,32.54,0.662,30.29,0
19850,700.2,79.01,1.445,44.19,0
19851,398.2,68.47,0.805,42.81,0
19852,357.0,57.11,5.443,34.95,0
19853,328.7,36.59,1.502,23.26,0
19854,171.7,59.87,2.013,43.57,0
19855,446.4,66.32,1.13,32.63,0
19856,559.0,41.88,0.395,36.88,0
19857,605.1,70.77,2.925,40.79,1
19858,130.1,27.64,3.032,37.93,0
19859,757.4,51.26,1.573,46.8,0
19860,461.4,15.02,5.74,33.9,0
19861,798.6,62.39,2.241,51.63,0
19862,583.8,39.37,0.934,33.72,0
19863,79.1,66.33,2.195,36.98,0
19864,428.5,48.21,3.091,32.07,0
19865,1105.5,78.75,1.11,38.08,0
19866,631.8,86.24,5.124,37.61,1
19867,278.4,60.19,3.377,32.68,0
19868,420.7,84.13,8.816,37.86,1
19869,331.1,76.04,7.003,40.54,1
19870,370.4,80.5,0.912,50.65,0
19871,626.2,59.01,3.987,35.28,1
19872,290.4,67.65,2.854,43.6,0
19873,168.1,59.04,3.344,43.92,0
19874,561.3,33.4,1.363,40.77,0
19875,121.4,74.99,2.885,34.82,1
19876,398.0,49.79,2.137,27.38,0
19877,1506.9,77.98,1.501,29.38,1
19878,287.0,59.02,1.273,42.92,0
19879,143.0,27.93,3.161,45.87,0
19880,519.0,53.01,4.43,43.56,0
19881,234.3,45.6,3.079,39.4,0
19882,85.2,40.34,2.894,43.09,0
19883,487.5,39.49,2.26,46.67,0
19884,775.2,75.32,2.236,43.06,1
19885,130.9,24.79,2.166,35.8,0
19886,243.4,20.35,2.028,43.07,0
19887,272.1,83.25,1.407,45.4,0
19888,219.6,51.86,0.797,32.26,0
19889,550.4,59.49,1.955,43.18,1
19890,431.8,51.19,2.842,36.68,0
19891,279.0,21.81,5.271,37.95,0
19892,557.4,51.44,2.191,38.58,0
19893,363.0,48.07,2.232,43.02,0
19894,298.5,77.71,2.759,29.7,0
19895,565.9,42.13,1.598,57.31,0
19896,441.8,45.78,2.108,23.02,1
19897,89.8,22.12,0.951,40.26,0
19898,494.7,64.21,2.35,49.71,1
19899,531.5,45.84,3.175,36.25,0
19900,377.7,79.16,1.214,36.88,0
19901,227.7,74.67,2.596,37.26,1
19902,322.1,76.29,1.909,42.71,0
19903,239.2,70.34,3.834,48.35,0
19904,295.6,63.86,3.656,39.75,0
19905,960.6,58.83,1.194,29.03,1
19906,353.0,49.89,5.79,38.69,0
19907,550.6,22.46,1.677,40.21,0
19908,265.6,88.86,2.099,35.93,1
19909,145.4,37.51,4.662,37.08,0
19910,528.5,49.51,1.125,38.31,0
19911,229.3,80.12,1.334,26.75,1
19912,272.3,24.95,1.047,42.7,0
19913,643.3,81.37,11.51,38.56,1
19914,1128.5,77.8,2.942,35.84,1
19915,261.3,66.26,2.683,34.72,0
19916,325.2,44.32,2.851,39.24,0
19917,483.4,41.32,1.522,22.48,0
19918,482.9,34.93,3.421,35.68,0
19919,430.7,66.92,0.452,39.46,0
19920,257.7,53.31,0.952,32.45,0
19921,464.4,59.37,1.544,31.72,1
19922,411.9,87.0,1.386,27.37,1
19923,163.6,18.28,1.285,31.28,0
19924,106.3,60.56,0.526,29.2,0
19925,447.0,62.71,1.692,34.14,0
19926,97.7,69.79,4.325,20.32,0
19927,191.0,43.06,1.992,43.18,0
19928,603.8,76.97,1.051,30.58,0
19929,69.9,86.57,1.939,44.41,0
19930,229.9,34.35,3.445,29.83,0
19931,112.3,57.64,3.397,34.89,0
19932,550.7,37.22,3.282,56.46,0
19933,251.6,56.4,1.544,39.32,0
19934,223.0,45.5,1.89,44.41,0
19935,154.0,53.7,3.589,34.99,0
19936,324.0,78.44,2.327,45.08,0
19937,265.0,19.39,2.904,37.73,0
19938,167.9,52.68,1.799,43.54,0
19939,190.8,17.36,2.376,37.14,0
19940,653.7,68.24,3.64,37.76,0
19941,435.8,59.08,2.764,37.17,0
19942,743.1,84.88,2.178,48.41,1
19943,306.5,53.04,5.446,38.17,0
19944,381.1,20.0,0.386,40.81,0
19945,544.9,40.13,3.688,41.03,0
19946,189.0,67.48,3.449,41.11,0
19947,415.0,70.15,3.619,41.93,0
19948,140.4,58.35,3.166,53.21,0
19949,899.9,66.03,2.381,40.22,0
19950,168.2,67.0,3.299,43.76,1
19951,432.6,81.2,3.59,38.14,1
19952,353.3,51.63,1.948,46.09,0
19953,497.9,40.66,1.921,30.5,0
19954,363.0,13.36,1.236,53.45,0
19955,218.2,57.6,1.216,45.96,0
19956,567.2,64.98,1.071,38.37,0
19957,336.7,79.26,2.869,39.37,0
19958,96.9,65.47,2.192,49.81,1
19959,211.7,85.85,2.576,45.78,0
19960,321.7,59.49,2.098,32.56,0
19961,870.8,22.18,2.952,34.47,0
19962,119.4,57.88,1.304,33.31,0
19963,281.4,33.42,1.494,47.13,0
19964,666.6,53.0,3.569,45.5,1
19965,114.3,52.74,1.82,31.59,0
19966,216.1,49.83,0.931,32.55,0
19967,172.9,57.23,4.428,34.09,0
19968,338.8,91.85,1.764,46.35,0
19969,767.8,25.97,0.77,36.02,0
19970,226.2,62.0,2.938,23.11,0
19971,717.1,18.8,1.969,39.34,0
19972,258.7,45.68,3.42,41.11,0
19973,491.7,38.54,1.197,46.12,0
19974,78.5,93.78,1.374,45.02,0
19975,306.3,19.98,4.607,50.55,0
19976,202.4,84.74,1.996,26.07,1
19977,1347.7,8.98,1.137,37.59,0
19978,524.4,69.64,1.973,33.96,1
19979,505.6,68.63,1.168,40.3,0
19980,201.5,64.33,2.52,33.7,0
19981,529.5,11.44,1.232,32.74,0
19982,662.5,69.03,1.54,44.2,1
19983,223.7,70.75,2.923,38.84,0
19984,434.7,64.93,3.266,34.09,0
19985,866.8,35.78,2.8,35.61,0
19986,726.5,81.83,1.304,50.18,1
19987,425.3,17.49,2.759,35.66,0
19988,204.1,96.09,1.751,47.59,1
19989,468.5,46.32,3.272,45.57,0
19990,380.3,31.04,1.817,27.95,0
19991,587.7,68.68,1.649,22.36,1
19992,657.0,35.81,1.132,35.88,0
19993,415.7,24.48,1.387,31.68,0
19994,281.2,41.59,2.679,43.47,0
19995,420.4,80.57,0.398,34.3,0
19996,174.7,53.02,1.46,37.15,0
19997,275.3,74.87,2.15,36.52,0
19998,494.5,21.84,1.8,36.43,0
19999,237.3,63.37,0.748,43.97,0
20000,496.8,52.37,1.754,35.91,1
