user_id,variant,device,day,converted
S-000001,treatment,mobile,5,0
S-000002,treatment,mobile,11,0
S-000003,treatment,mobile,4,0
S-000004,treatment,mobile,14,0
S-000005,control,desktop,12,0
S-000006,control,desktop,4,0
S-000007,control,desktop,1,0
S-000008,treatment,mobile,14,0
S-000009,control,desktop,7,0
S-000010,control,desktop,5,0
S-000011,control,desktop,4,0
S-000012,treatment,mobile,13,0
S-000013,control,desktop,12,0
S-000014,control,desktop,6,0
S-000015,control,desktop,14,1
S-000016,control,desktop,7,0
S-000017,control,mobile,9,0
S-000018,treatment,mobile,8,0
S-000019,treatment,mobile,14,0
S-000020,treatment,desktop,12,0
S-000021,treatment,desktop,2,0
S-000022,control,desktop,7,0
S-000023,control,desktop,3,0
S-000024,treatment,mobile,12,0
S-000025,control,desktop,5,0
S-000026,treatment,mobile,3,0
S-000027,control,desktop,3,0
S-000028,control,desktop,3,1
S-000029,treatment,mobile,3,0
S-000030,control,desktop,6,0
S-000031,treatment,desktop,1,0
S-000032,treatment,mobile,3,0
S-000033,control,desktop,13,0
S-000034,treatment,mobile,13,0
S-000035,control,desktop,13,0
S-000036,control,desktop,11,0
S-000037,control,desktop,10,0
S-000038,treatment,mobile,6,0
S-000039,control,desktop,12,0
S-000040,treatment,mobile,9,0
S-000041,control,desktop,14,0
S-000042,treatment,mobile,11,0
S-000043,treatment,mobile,1,0
S-000044,treatment,mobile,4,1
S-000045,control,desktop,6,0
S-000046,treatment,mobile,14,0
S-000047,control,desktop,5,0
S-000048,control,desktop,10,0
S-000049,treatment,mobile,4,0
S-000050,treatment,mobile,3,0
S-000051,control,desktop,2,0
S-000052,control,desktop,12,0
S-000053,treatment,mobile,14,0
S-000054,treatment,mobile,7,0
S-000055,control,desktop,7,0
S-000056,control,mobile,8,0
S-000057,treatment,mobile,14,0
S-000058,treatment,desktop,9,0
S-000059,control,desktop,3,0
S-000060,treatment,desktop,3,1
S-000061,treatment,mobile,13,0
S-000062,control,desktop,13,0
S-000063,treatment,mobile,6,0
S-000064,treatment,mobile,11,0
S-000065,control,desktop,5,0
S-000066,treatment,desktop,3,0
S-000067,treatment,desktop,12,0
S-000068,treatment,desktop,6,1
S-000069,control,desktop,13,0
S-000070,treatment,mobile,7,0
S-000071,control,desktop,4,0
S-000072,treatment,desktop,10,0
S-000073,control,desktop,3,0
S-000074,control,desktop,5,0
S-000075,control,desktop,2,0
S-000076,treatment,mobile,1,0
S-000077,control,mobile,5,0
S-000078,control,mobile,7,0
S-000079,control,desktop,1,0
S-000080,treatment,mobile,7,0
S-000081,treatment,mobile,11,0
S-000082,treatment,mobile,2,0
S-000083,control,desktop,8,0
S-000084,treatment,mobile,2,0
S-000085,control,desktop,10,0
S-000086,control,desktop,3,0
S-000087,control,mobile,7,0
S-000088,control,desktop,9,0
S-000089,treatment,mobile,12,0
S-000090,control,desktop,7,0
S-000091,control,desktop,10,0
S-000092,control,desktop,7,1
S-000093,treatment,mobile,10,0
S-000094,control,mobile,6,0
S-000095,control,desktop,8,0
S-000096,control,mobile,4,0
S-000097,control,desktop,9,0
S-000098,treatment,mobile,12,0
S-000099,treatment,mobile,4,0
S-000100,control,mobile,8,0
S-000101,control,desktop,3,1
S-000102,control,desktop,13,0
S-000103,control,desktop,6,1
S-000104,control,desktop,12,0
S-000105,treatment,mobile,10,0
S-000106,treatment,mobile,11,0
S-000107,control,desktop,13,0
S-000108,control,desktop,4,0
S-000109,treatment,desktop,6,0
S-000110,treatment,mobile,2,0
S-000111,treatment,mobile,5,0
S-000112,control,desktop,8,0
S-000113,control,desktop,11,1
S-000114,treatment,desktop,12,0
S-000115,control,desktop,13,0
S-000116,treatment,desktop,7,0
S-000117,control,desktop,13,0
S-000118,control,desktop,11,1
S-000119,control,desktop,4,0
S-000120,control,desktop,13,0
S-000121,control,mobile,3,0
S-000122,treatment,mobile,10,0
S-000123,control,desktop,10,1
S-000124,control,mobile,13,0
S-000125,control,mobile,9,0
S-000126,control,desktop,12,0
S-000127,treatment,mobile,14,0
S-000128,control,desktop,4,0
S-000129,treatment,mobile,12,0
S-000130,control,mobile,9,0
S-000131,treatment,mobile,12,0
S-000132,treatment,mobile,14,0
S-000133,treatment,desktop,11,1
S-000134,treatment,mobile,12,0
S-000135,treatment,mobile,10,0
S-000136,treatment,desktop,12,0
S-000137,control,desktop,6,0
S-000138,control,desktop,13,0
S-000139,control,mobile,6,0
S-000140,control,mobile,7,0
S-000141,control,mobile,1,0
S-000142,treatment,mobile,11,0
S-000143,treatment,mobile,3,0
S-000144,control,desktop,12,0
S-000145,treatment,mobile,7,0
S-000146,control,desktop,5,0
S-000147,treatment,desktop,9,1
S-000148,treatment,mobile,14,0
S-000149,control,desktop,4,0
S-000150,treatment,mobile,6,0
S-000151,treatment,mobile,3,1
S-000152,control,mobile,4,0
S-000153,control,desktop,10,1
S-000154,control,desktop,3,0
S-000155,control,desktop,1,1
S-000156,control,desktop,7,0
S-000157,control,desktop,11,0
S-000158,control,desktop,2,1
S-000159,treatment,mobile,2,0
S-000160,control,desktop,2,0
S-000161,control,desktop,3,0
S-000162,control,desktop,13,1
S-000163,control,desktop,2,0
S-000164,treatment,mobile,14,0
S-000165,control,desktop,8,0
S-000166,treatment,mobile,9,0
S-000167,control,desktop,6,0
S-000168,treatment,mobile,2,0
S-000169,treatment,mobile,12,0
S-000170,control,desktop,6,0
S-000171,control,desktop,3,0
S-000172,treatment,desktop,8,0
S-000173,control,desktop,9,0
S-000174,treatment,mobile,2,0
S-000175,control,desktop,1,0
S-000176,control,desktop,14,0
S-000177,control,desktop,9,0
S-000178,treatment,desktop,2,0
S-000179,control,mobile,5,1
S-000180,treatment,mobile,13,0
S-000181,treatment,mobile,9,0
S-000182,treatment,mobile,13,0
S-000183,treatment,mobile,1,1
S-000184,treatment,mobile,4,0
S-000185,control,mobile,11,0
S-000186,treatment,mobile,12,0
S-000187,treatment,mobile,13,0
S-000188,treatment,mobile,5,0
S-000189,control,mobile,4,0
S-000190,treatment,mobile,9,0
S-000191,control,desktop,14,1
S-000192,treatment,mobile,13,0
S-000193,control,desktop,7,1
S-000194,control,mobile,13,0
S-000195,control,mobile,11,0
S-000196,treatment,mobile,7,0
S-000197,control,desktop,8,0
S-000198,treatment,mobile,11,0
S-000199,treatment,mobile,6,0
S-000200,treatment,mobile,12,0
S-000201,control,desktop,13,1
S-000202,treatment,mobile,12,0
S-000203,control,desktop,12,1
S-000204,control,mobile,5,0
S-000205,treatment,desktop,6,0
S-000206,treatment,mobile,10,0
S-000207,treatment,mobile,14,0
S-000208,control,desktop,4,1
S-000209,control,desktop,13,0
S-000210,control,desktop,11,1
S-000211,control,mobile,3,0
S-000212,control,mobile,12,0
S-000213,control,desktop,9,0
S-000214,control,desktop,9,0
S-000215,treatment,mobile,10,0
S-000216,treatment,mobile,5,0
S-000217,treatment,mobile,3,0
S-000218,treatment,mobile,10,0
S-000219,control,desktop,8,0
S-000220,control,desktop,13,0
S-000221,control,mobile,6,0
S-000222,control,desktop,7,0
S-000223,treatment,mobile,6,0
S-000224,control,desktop,6,0
S-000225,control,desktop,12,0
S-000226,control,mobile,8,0
S-000227,control,desktop,11,0
S-000228,treatment,mobile,12,0
S-000229,control,desktop,1,0
S-000230,control,mobile,5,0
S-000231,treatment,mobile,8,0
S-000232,control,desktop,10,0
S-000233,control,desktop,10,1
S-000234,treatment,mobile,11,0
S-000235,treatment,mobile,11,0
S-000236,treatment,mobile,5,0
S-000237,treatment,mobile,12,0
S-000238,treatment,mobile,8,0
S-000239,control,mobile,3,0
S-000240,treatment,desktop,3,0
S-000241,treatment,mobile,11,0
S-000242,treatment,mobile,1,0
S-000243,treatment,mobile,14,0
S-000244,treatment,mobile,13,0
S-000245,control,mobile,11,0
S-000246,treatment,mobile,1,0
S-000247,control,desktop,8,0
S-000248,treatment,mobile,4,0
S-000249,treatment,mobile,9,0
S-000250,treatment,mobile,8,0
S-000251,treatment,mobile,5,0
S-000252,control,mobile,13,0
S-000253,control,desktop,11,0
S-000254,treatment,mobile,12,0
S-000255,treatment,mobile,8,0
S-000256,control,desktop,13,0
S-000257,control,desktop,10,0
S-000258,control,desktop,10,0
S-000259,treatment,mobile,2,0
S-000260,control,desktop,10,0
S-000261,treatment,mobile,9,0
S-000262,control,desktop,5,1
S-000263,treatment,mobile,14,0
S-000264,control,desktop,2,0
S-000265,treatment,mobile,12,0
S-000266,treatment,mobile,2,0
S-000267,treatment,desktop,13,0
S-000268,treatment,mobile,11,0
S-000269,treatment,mobile,4,0
S-000270,treatment,mobile,8,0
S-000271,control,mobile,7,0
S-000272,treatment,mobile,11,0
S-000273,control,mobile,2,0
S-000274,treatment,mobile,11,0
S-000275,control,mobile,10,0
S-000276,control,desktop,1,0
S-000277,control,desktop,3,0
S-000278,treatment,desktop,12,0
S-000279,treatment,mobile,1,0
S-000280,control,desktop,13,0
S-000281,treatment,mobile,1,0
S-000282,control,desktop,6,0
S-000283,control,desktop,3,1
S-000284,control,mobile,14,0
S-000285,control,desktop,5,0
S-000286,control,mobile,13,1
S-000287,control,desktop,4,0
S-000288,control,desktop,8,0
S-000289,treatment,mobile,12,1
S-000290,control,mobile,7,0
S-000291,treatment,desktop,11,1
S-000292,treatment,mobile,4,1
S-000293,control,desktop,14,1
S-000294,control,desktop,10,0
S-000295,control,desktop,1,1
S-000296,control,desktop,4,0
S-000297,control,desktop,3,0
S-000298,treatment,mobile,3,0
S-000299,control,mobile,1,0
S-000300,treatment,desktop,13,1
S-000301,control,desktop,12,0
S-000302,control,mobile,3,0
S-000303,treatment,mobile,12,0
S-000304,treatment,mobile,3,0
S-000305,control,mobile,12,0
S-000306,control,desktop,10,0
S-000307,control,desktop,1,1
S-000308,control,desktop,1,0
S-000309,treatment,mobile,6,0
S-000310,treatment,mobile,6,1
S-000311,treatment,mobile,13,0
S-000312,treatment,desktop,3,0
S-000313,treatment,mobile,4,0
S-000314,treatment,mobile,13,0
S-000315,control,desktop,7,1
S-000316,control,mobile,10,0
S-000317,control,desktop,5,0
S-000318,treatment,mobile,14,1
S-000319,control,desktop,13,0
S-000320,control,desktop,4,0
S-000321,treatment,desktop,13,0
S-000322,control,mobile,3,0
S-000323,control,desktop,2,0
S-000324,treatment,mobile,14,0
S-000325,control,desktop,2,0
S-000326,control,desktop,10,0
S-000327,control,mobile,11,0
S-000328,control,desktop,3,0
S-000329,treatment,mobile,6,0
S-000330,control,desktop,2,0
S-000331,control,desktop,1,0
S-000332,control,mobile,3,1
S-000333,control,desktop,5,1
S-000334,control,desktop,13,0
S-000335,treatment,desktop,6,1
S-000336,control,desktop,9,1
S-000337,control,desktop,12,0
S-000338,control,mobile,3,0
S-000339,control,desktop,10,0
S-000340,treatment,mobile,8,0
S-000341,control,mobile,10,0
S-000342,treatment,mobile,7,0
S-000343,treatment,mobile,12,0
S-000344,control,mobile,4,0
S-000345,treatment,mobile,7,0
S-000346,treatment,mobile,2,0
S-000347,control,mobile,4,0
S-000348,control,desktop,2,0
S-000349,treatment,mobile,13,0
S-000350,treatment,mobile,10,0
S-000351,treatment,mobile,12,1
S-000352,treatment,mobile,13,1
S-000353,control,desktop,12,0
S-000354,control,desktop,8,0
S-000355,control,desktop,10,0
S-000356,control,desktop,6,0
S-000357,control,desktop,13,0
S-000358,control,desktop,12,0
S-000359,treatment,mobile,13,0
S-000360,control,mobile,11,0
S-000361,control,desktop,2,0
S-000362,control,desktop,13,0
S-000363,control,desktop,3,0
S-000364,control,desktop,3,0
S-000365,control,desktop,8,0
S-000366,control,mobile,10,0
S-000367,treatment,desktop,13,0
S-000368,control,desktop,9,0
S-000369,treatment,mobile,11,0
S-000370,control,desktop,1,0
S-000371,control,desktop,13,0
S-000372,control,mobile,6,0
S-000373,treatment,mobile,6,0
S-000374,control,mobile,6,0
S-000375,treatment,mobile,11,0
S-000376,treatment,mobile,3,0
S-000377,control,desktop,12,0
S-000378,treatment,mobile,4,0
S-000379,treatment,desktop,4,1
S-000380,treatment,mobile,1,0
S-000381,control,desktop,4,0
S-000382,control,mobile,3,0
S-000383,treatment,mobile,13,0
S-000384,treatment,mobile,8,0
S-000385,control,desktop,2,0
S-000386,control,desktop,11,1
S-000387,control,mobile,13,1
S-000388,treatment,desktop,11,0
S-000389,treatment,mobile,7,0
S-000390,treatment,mobile,9,0
S-000391,treatment,mobile,6,0
S-000392,treatment,mobile,1,0
S-000393,control,desktop,6,0
S-000394,treatment,desktop,10,0
S-000395,treatment,mobile,13,0
S-000396,control,desktop,9,0
S-000397,treatment,mobile,14,0
S-000398,treatment,mobile,6,0
S-000399,control,desktop,10,1
S-000400,control,desktop,11,0
S-000401,control,desktop,6,0
S-000402,treatment,mobile,12,0
S-000403,control,mobile,2,0
S-000404,treatment,mobile,5,0
S-000405,treatment,mobile,6,0
S-000406,treatment,mobile,7,0
S-000407,treatment,mobile,9,0
S-000408,treatment,desktop,7,0
S-000409,treatment,mobile,8,0
S-000410,treatment,mobile,13,0
S-000411,treatment,mobile,12,0
S-000412,treatment,mobile,12,0
S-000413,control,desktop,14,0
S-000414,control,desktop,11,0
S-000415,control,mobile,13,0
S-000416,treatment,mobile,4,0
S-000417,treatment,desktop,10,0
S-000418,treatment,mobile,7,0
S-000419,treatment,mobile,4,0
S-000420,control,mobile,8,0
S-000421,treatment,mobile,13,0
S-000422,treatment,mobile,6,0
S-000423,treatment,mobile,1,0
S-000424,control,desktop,14,0
S-000425,treatment,mobile,12,1
S-000426,treatment,mobile,7,0
S-000427,control,desktop,8,0
S-000428,treatment,mobile,1,0
S-000429,treatment,mobile,12,0
S-000430,control,desktop,1,0
S-000431,control,desktop,4,0
S-000432,control,desktop,4,0
S-000433,control,desktop,13,0
S-000434,treatment,mobile,7,0
S-000435,treatment,mobile,6,0
S-000436,treatment,mobile,6,0
S-000437,control,mobile,10,0
S-000438,treatment,mobile,2,0
S-000439,control,desktop,12,0
S-000440,treatment,mobile,4,0
S-000441,control,desktop,14,0
S-000442,treatment,mobile,6,0
S-000443,control,desktop,8,0
S-000444,control,desktop,5,0
S-000445,control,desktop,14,0
S-000446,control,desktop,8,0
S-000447,control,desktop,7,0
S-000448,control,desktop,13,0
S-000449,treatment,mobile,9,0
S-000450,control,desktop,3,0
S-000451,control,desktop,14,0
S-000452,control,desktop,5,0
S-000453,control,desktop,13,0
S-000454,treatment,mobile,3,0
S-000455,treatment,mobile,14,0
S-000456,control,desktop,12,0
S-000457,control,desktop,8,0
S-000458,treatment,mobile,1,0
S-000459,control,mobile,9,0
S-000460,treatment,mobile,5,0
S-000461,control,desktop,9,1
S-000462,treatment,mobile,4,0
S-000463,treatment,mobile,6,0
S-000464,treatment,mobile,13,0
S-000465,control,mobile,6,0
S-000466,control,desktop,1,0
S-000467,control,desktop,6,0
S-000468,control,desktop,4,0
S-000469,control,mobile,5,0
S-000470,control,desktop,14,0
S-000471,control,desktop,7,0
S-000472,control,mobile,4,0
S-000473,control,desktop,2,0
S-000474,control,desktop,9,0
S-000475,treatment,desktop,12,1
S-000476,control,mobile,9,0
S-000477,treatment,mobile,12,0
S-000478,treatment,mobile,14,0
S-000479,treatment,mobile,10,0
S-000480,control,desktop,3,0
S-000481,treatment,mobile,8,0
S-000482,control,desktop,9,0
S-000483,control,desktop,11,0
S-000484,control,desktop,12,1
S-000485,treatment,mobile,4,1
S-000486,treatment,mobile,1,0
S-000487,treatment,desktop,14,1
S-000488,control,mobile,4,0
S-000489,treatment,mobile,7,0
S-000490,treatment,mobile,13,1
S-000491,control,mobile,12,0
S-000492,treatment,desktop,5,0
S-000493,control,desktop,2,0
S-000494,treatment,mobile,14,0
S-000495,treatment,mobile,7,0
S-000496,treatment,desktop,4,0
S-000497,control,mobile,6,0
S-000498,control,desktop,7,0
S-000499,treatment,desktop,8,1
S-000500,control,desktop,5,0
S-000501,control,mobile,2,0
S-000502,control,desktop,3,0
S-000503,treatment,mobile,6,0
S-000504,treatment,mobile,8,0
S-000505,treatment,mobile,7,0
S-000506,control,mobile,7,0
S-000507,treatment,mobile,8,1
S-000508,treatment,mobile,1,0
S-000509,control,mobile,1,0
S-000510,treatment,mobile,10,0
S-000511,treatment,mobile,4,0
S-000512,treatment,mobile,5,0
S-000513,treatment,mobile,11,0
S-000514,treatment,mobile,9,0
S-000515,treatment,mobile,10,0
S-000516,treatment,mobile,8,0
S-000517,treatment,mobile,10,0
S-000518,treatment,mobile,10,0
S-000519,control,desktop,8,0
S-000520,control,mobile,8,0
S-000521,treatment,mobile,14,0
S-000522,control,mobile,2,0
S-000523,control,desktop,9,1
S-000524,control,desktop,13,1
S-000525,treatment,mobile,2,0
S-000526,control,desktop,13,0
S-000527,treatment,mobile,13,1
S-000528,treatment,desktop,1,0
S-000529,treatment,mobile,2,0
S-000530,treatment,mobile,8,0
S-000531,treatment,mobile,9,0
S-000532,control,desktop,10,0
S-000533,control,desktop,1,0
S-000534,control,mobile,12,0
S-000535,control,desktop,14,0
S-000536,control,desktop,11,0
S-000537,treatment,mobile,13,0
S-000538,control,mobile,6,0
S-000539,treatment,mobile,2,0
S-000540,control,mobile,10,1
S-000541,treatment,mobile,7,0
S-000542,control,mobile,14,0
S-000543,treatment,mobile,9,0
S-000544,treatment,mobile,14,0
S-000545,treatment,mobile,8,0
S-000546,control,mobile,10,0
S-000547,treatment,desktop,10,0
S-000548,control,desktop,9,0
S-000549,treatment,mobile,1,0
S-000550,control,desktop,8,0
S-000551,treatment,mobile,3,0
S-000552,treatment,mobile,4,0
S-000553,treatment,mobile,9,0
S-000554,control,mobile,6,0
S-000555,control,mobile,3,0
S-000556,control,desktop,9,0
S-000557,treatment,desktop,3,0
S-000558,treatment,mobile,13,0
S-000559,control,desktop,1,1
S-000560,control,desktop,12,1
S-000561,control,desktop,12,1
S-000562,control,desktop,3,0
S-000563,treatment,mobile,13,0
S-000564,control,desktop,13,0
S-000565,treatment,desktop,13,0
S-000566,control,desktop,9,1
S-000567,treatment,mobile,13,0
S-000568,treatment,mobile,5,0
S-000569,control,desktop,7,0
S-000570,treatment,mobile,7,0
S-000571,treatment,mobile,7,0
S-000572,control,desktop,12,0
S-000573,control,mobile,1,0
S-000574,treatment,mobile,6,1
S-000575,control,desktop,1,0
S-000576,control,desktop,12,0
S-000577,treatment,mobile,7,0
S-000578,treatment,mobile,10,0
S-000579,treatment,mobile,8,0
S-000580,control,desktop,7,0
S-000581,treatment,mobile,11,0
S-000582,treatment,mobile,4,0
S-000583,control,desktop,8,1
S-000584,treatment,desktop,1,1
S-000585,treatment,mobile,6,0
S-000586,control,desktop,5,0
S-000587,control,desktop,4,0
S-000588,treatment,mobile,9,0
S-000589,treatment,mobile,6,0
S-000590,treatment,desktop,4,0
S-000591,treatment,desktop,1,0
S-000592,control,desktop,6,0
S-000593,control,desktop,5,0
S-000594,treatment,mobile,1,0
S-000595,treatment,mobile,4,0
S-000596,control,desktop,3,0
S-000597,control,desktop,2,0
S-000598,treatment,mobile,12,0
S-000599,treatment,mobile,4,0
S-000600,treatment,mobile,2,0
S-000601,control,mobile,3,0
S-000602,control,desktop,8,0
S-000603,control,desktop,14,1
S-000604,treatment,mobile,1,0
S-000605,control,desktop,4,0
S-000606,control,desktop,9,0
S-000607,control,desktop,1,0
S-000608,control,desktop,7,0
S-000609,treatment,mobile,11,1
S-000610,treatment,mobile,5,0
S-000611,control,desktop,3,0
S-000612,treatment,mobile,11,0
S-000613,treatment,mobile,1,0
S-000614,treatment,mobile,13,0
S-000615,control,desktop,5,0
S-000616,control,desktop,5,0
S-000617,control,mobile,1,0
S-000618,treatment,mobile,3,0
S-000619,treatment,mobile,7,0
S-000620,control,mobile,6,0
S-000621,treatment,mobile,3,0
S-000622,control,desktop,11,0
S-000623,treatment,mobile,5,0
S-000624,treatment,mobile,14,0
S-000625,control,desktop,3,0
S-000626,treatment,mobile,12,0
S-000627,control,desktop,13,0
S-000628,control,desktop,9,0
S-000629,treatment,mobile,3,0
S-000630,treatment,mobile,9,0
S-000631,treatment,mobile,6,0
S-000632,treatment,mobile,4,0
S-000633,control,desktop,7,1
S-000634,control,desktop,14,0
S-000635,control,mobile,11,0
S-000636,treatment,mobile,7,0
S-000637,treatment,mobile,2,0
S-000638,control,desktop,3,0
S-000639,treatment,mobile,2,0
S-000640,treatment,desktop,2,0
S-000641,treatment,mobile,4,0
S-000642,control,desktop,7,0
S-000643,control,desktop,3,0
S-000644,treatment,mobile,14,0
S-000645,treatment,mobile,7,0
S-000646,control,desktop,7,0
S-000647,control,desktop,8,0
S-000648,control,mobile,14,0
S-000649,treatment,mobile,12,0
S-000650,control,desktop,14,0
S-000651,control,desktop,8,0
S-000652,control,mobile,6,0
S-000653,treatment,mobile,12,0
S-000654,control,mobile,4,0
S-000655,treatment,mobile,2,0
S-000656,treatment,mobile,1,0
S-000657,control,desktop,6,0
S-000658,treatment,mobile,4,0
S-000659,treatment,desktop,3,0
S-000660,treatment,mobile,10,0
S-000661,control,desktop,3,0
S-000662,control,mobile,14,0
S-000663,control,desktop,2,0
S-000664,treatment,mobile,3,0
S-000665,control,desktop,10,0
S-000666,control,desktop,4,0
S-000667,treatment,mobile,6,0
S-000668,control,mobile,13,0
S-000669,control,desktop,9,0
S-000670,control,desktop,11,0
S-000671,treatment,mobile,11,0
S-000672,treatment,mobile,13,0
S-000673,treatment,mobile,6,0
S-000674,treatment,mobile,10,0
S-000675,control,desktop,8,0
S-000676,treatment,desktop,13,0
S-000677,treatment,mobile,14,0
S-000678,control,desktop,1,0
S-000679,control,desktop,14,0
S-000680,treatment,mobile,6,0
S-000681,treatment,mobile,6,1
S-000682,treatment,desktop,12,0
S-000683,control,desktop,12,0
S-000684,treatment,mobile,11,0
S-000685,control,mobile,11,0
S-000686,treatment,desktop,5,0
S-000687,control,mobile,1,0
S-000688,control,desktop,14,0
S-000689,treatment,mobile,1,0
S-000690,treatment,mobile,6,0
S-000691,treatment,mobile,10,0
S-000692,treatment,mobile,11,0
S-000693,control,desktop,4,0
S-000694,treatment,desktop,13,0
S-000695,control,mobile,7,0
S-000696,control,mobile,11,0
S-000697,control,desktop,3,0
S-000698,treatment,mobile,3,0
S-000699,control,desktop,14,0
S-000700,treatment,mobile,4,0
S-000701,treatment,mobile,7,0
S-000702,treatment,mobile,2,0
S-000703,treatment,mobile,12,0
S-000704,treatment,desktop,7,1
S-000705,treatment,mobile,3,0
S-000706,treatment,mobile,11,0
S-000707,treatment,desktop,9,0
S-000708,treatment,desktop,2,0
S-000709,control,desktop,14,0
S-000710,treatment,mobile,12,0
S-000711,treatment,mobile,5,0
S-000712,control,desktop,14,0
S-000713,treatment,mobile,9,0
S-000714,treatment,mobile,12,0
S-000715,treatment,mobile,2,0
S-000716,control,desktop,3,0
S-000717,control,desktop,9,0
S-000718,treatment,mobile,14,0
S-000719,treatment,mobile,9,0
S-000720,control,desktop,10,0
S-000721,control,desktop,12,0
S-000722,treatment,mobile,2,0
S-000723,control,desktop,8,1
S-000724,control,desktop,7,1
S-000725,control,desktop,6,1
S-000726,treatment,mobile,14,0
S-000727,treatment,mobile,5,0
S-000728,control,desktop,2,1
S-000729,treatment,desktop,1,0
S-000730,control,desktop,5,0
S-000731,control,desktop,4,0
S-000732,control,desktop,7,0
S-000733,treatment,mobile,6,0
S-000734,control,desktop,13,0
S-000735,control,mobile,2,0
S-000736,control,desktop,2,1
S-000737,treatment,mobile,12,0
S-000738,control,desktop,13,0
S-000739,treatment,desktop,3,0
S-000740,control,desktop,8,0
S-000741,treatment,mobile,9,0
S-000742,control,desktop,10,0
S-000743,treatment,mobile,13,0
S-000744,treatment,mobile,13,0
S-000745,control,desktop,1,1
S-000746,control,desktop,1,1
S-000747,control,desktop,4,0
S-000748,control,desktop,2,1
S-000749,treatment,mobile,7,0
S-000750,treatment,mobile,3,0
S-000751,control,mobile,9,0
S-000752,treatment,mobile,6,0
S-000753,control,desktop,3,0
S-000754,treatment,mobile,5,0
S-000755,control,mobile,13,0
S-000756,treatment,mobile,13,0
S-000757,treatment,mobile,14,0
S-000758,control,desktop,4,1
S-000759,treatment,mobile,1,0
S-000760,control,desktop,12,0
S-000761,control,desktop,5,1
S-000762,treatment,mobile,12,0
S-000763,control,mobile,1,1
S-000764,treatment,mobile,4,0
S-000765,control,mobile,9,0
S-000766,treatment,mobile,5,0
S-000767,treatment,mobile,2,0
S-000768,treatment,mobile,8,0
S-000769,control,mobile,6,0
S-000770,treatment,desktop,5,0
S-000771,control,desktop,10,1
S-000772,control,desktop,8,0
S-000773,treatment,mobile,5,0
S-000774,control,mobile,4,0
S-000775,treatment,mobile,9,0
S-000776,treatment,mobile,5,0
S-000777,control,mobile,4,0
S-000778,treatment,mobile,10,0
S-000779,treatment,mobile,5,0
S-000780,control,desktop,1,0
S-000781,treatment,mobile,1,0
S-000782,control,desktop,13,0
S-000783,control,desktop,7,0
S-000784,treatment,mobile,3,0
S-000785,treatment,mobile,14,0
S-000786,treatment,mobile,9,0
S-000787,treatment,mobile,1,0
S-000788,control,desktop,5,0
S-000789,treatment,mobile,8,0
S-000790,control,mobile,13,0
S-000791,treatment,mobile,3,0
S-000792,treatment,mobile,14,0
S-000793,control,desktop,9,0
S-000794,control,desktop,14,0
S-000795,treatment,mobile,10,0
S-000796,treatment,mobile,6,0
S-000797,control,mobile,6,0
S-000798,control,desktop,2,0
S-000799,control,mobile,5,0
S-000800,treatment,mobile,7,0
S-000801,control,desktop,4,0
S-000802,control,desktop,9,0
S-000803,control,desktop,3,0
S-000804,control,desktop,11,0
S-000805,control,desktop,14,0
S-000806,treatment,mobile,3,0
S-000807,control,desktop,2,0
S-000808,control,desktop,2,0
S-000809,treatment,mobile,12,0
S-000810,treatment,mobile,10,0
S-000811,control,desktop,3,0
S-000812,treatment,mobile,5,0
S-000813,control,desktop,11,0
S-000814,control,mobile,1,0
S-000815,treatment,mobile,2,0
S-000816,control,desktop,11,0
S-000817,control,mobile,6,1
S-000818,treatment,mobile,14,0
S-000819,treatment,mobile,9,0
S-000820,control,mobile,10,0
S-000821,control,desktop,6,1
S-000822,treatment,desktop,7,0
S-000823,control,desktop,10,0
S-000824,control,mobile,11,0
S-000825,treatment,mobile,6,0
S-000826,treatment,desktop,7,0
S-000827,treatment,mobile,7,0
S-000828,treatment,mobile,12,1
S-000829,control,desktop,3,0
S-000830,control,desktop,13,0
S-000831,control,mobile,8,0
S-000832,treatment,mobile,7,1
S-000833,control,desktop,6,0
S-000834,treatment,mobile,14,0
S-000835,treatment,mobile,1,0
S-000836,treatment,mobile,1,0
S-000837,treatment,mobile,4,0
S-000838,control,desktop,4,1
S-000839,treatment,mobile,13,0
S-000840,treatment,mobile,14,0
S-000841,treatment,mobile,13,0
S-000842,treatment,mobile,9,0
S-000843,control,desktop,12,1
S-000844,control,desktop,11,0
S-000845,treatment,mobile,11,0
S-000846,control,desktop,5,0
S-000847,treatment,mobile,2,0
S-000848,treatment,mobile,5,0
S-000849,treatment,mobile,1,0
S-000850,control,desktop,2,1
S-000851,control,desktop,14,0
S-000852,control,desktop,12,0
S-000853,control,desktop,4,0
S-000854,treatment,mobile,1,0
S-000855,treatment,mobile,3,0
S-000856,treatment,mobile,11,0
S-000857,treatment,mobile,3,0
S-000858,treatment,mobile,11,0
S-000859,treatment,mobile,8,0
S-000860,treatment,mobile,13,0
S-000861,control,desktop,5,0
S-000862,control,mobile,11,0
S-000863,control,mobile,14,0
S-000864,control,desktop,10,1
S-000865,control,desktop,2,0
S-000866,treatment,desktop,10,0
S-000867,control,mobile,1,0
S-000868,treatment,mobile,9,0
S-000869,treatment,desktop,11,0
S-000870,control,desktop,5,0
S-000871,control,desktop,6,0
S-000872,treatment,mobile,7,0
S-000873,treatment,mobile,13,0
S-000874,control,desktop,14,0
S-000875,treatment,mobile,7,0
S-000876,control,desktop,4,0
S-000877,treatment,mobile,10,1
S-000878,treatment,mobile,1,0
S-000879,control,desktop,6,0
S-000880,treatment,mobile,3,0
S-000881,treatment,mobile,7,0
S-000882,treatment,mobile,5,0
S-000883,control,desktop,1,1
S-000884,control,desktop,6,0
S-000885,control,desktop,5,0
S-000886,control,desktop,8,0
S-000887,control,desktop,1,0
S-000888,control,mobile,11,0
S-000889,control,desktop,9,0
S-000890,control,desktop,7,0
S-000891,control,desktop,7,0
S-000892,treatment,desktop,5,0
S-000893,control,desktop,11,1
S-000894,control,desktop,9,0
S-000895,treatment,mobile,13,0
S-000896,treatment,mobile,8,0
S-000897,control,desktop,1,0
S-000898,treatment,mobile,11,0
S-000899,control,mobile,8,0
S-000900,control,mobile,7,0
S-000901,treatment,mobile,4,0
S-000902,treatment,mobile,3,0
S-000903,treatment,mobile,3,0
S-000904,treatment,mobile,14,0
S-000905,control,desktop,4,0
S-000906,treatment,mobile,9,1
S-000907,treatment,mobile,3,0
S-000908,control,desktop,4,0
S-000909,treatment,mobile,2,0
S-000910,treatment,mobile,8,0
S-000911,control,desktop,6,0
S-000912,control,desktop,3,0
S-000913,control,desktop,3,1
S-000914,control,mobile,14,0
S-000915,treatment,mobile,10,0
S-000916,treatment,mobile,10,0
S-000917,treatment,mobile,3,0
S-000918,treatment,mobile,9,0
S-000919,treatment,mobile,3,0
S-000920,treatment,mobile,8,0
S-000921,control,desktop,13,1
S-000922,control,desktop,4,0
S-000923,control,desktop,4,0
S-000924,treatment,mobile,11,0
S-000925,control,mobile,12,0
S-000926,control,mobile,7,0
S-000927,control,desktop,13,0
S-000928,treatment,desktop,1,0
S-000929,control,desktop,12,0
S-000930,control,desktop,3,0
S-000931,treatment,mobile,6,0
S-000932,control,desktop,13,1
S-000933,control,desktop,8,0
S-000934,control,desktop,10,0
S-000935,treatment,mobile,6,0
S-000936,control,desktop,10,0
S-000937,control,desktop,3,0
S-000938,treatment,mobile,14,0
S-000939,treatment,mobile,14,0
S-000940,control,desktop,8,0
S-000941,control,desktop,8,0
S-000942,treatment,mobile,6,0
S-000943,treatment,mobile,5,0
S-000944,control,desktop,2,0
S-000945,control,desktop,11,0
S-000946,control,mobile,2,0
S-000947,treatment,mobile,3,0
S-000948,control,mobile,6,0
S-000949,treatment,mobile,9,0
S-000950,control,desktop,8,0
S-000951,control,desktop,10,0
S-000952,treatment,mobile,9,0
S-000953,treatment,mobile,10,0
S-000954,control,desktop,13,0
S-000955,control,desktop,12,0
S-000956,control,desktop,1,1
S-000957,control,mobile,9,0
S-000958,control,mobile,9,0
S-000959,control,desktop,5,1
S-000960,treatment,mobile,2,0
S-000961,control,desktop,5,0
S-000962,treatment,mobile,4,0
S-000963,treatment,mobile,6,1
S-000964,treatment,mobile,2,0
S-000965,treatment,mobile,8,0
S-000966,control,desktop,5,0
S-000967,control,desktop,4,0
S-000968,treatment,mobile,8,1
S-000969,control,desktop,13,1
S-000970,treatment,mobile,2,0
S-000971,control,desktop,9,0
S-000972,control,mobile,11,0
S-000973,control,desktop,7,0
S-000974,treatment,mobile,10,0
S-000975,control,desktop,9,0
S-000976,control,desktop,14,0
S-000977,control,desktop,12,0
S-000978,control,desktop,11,0
S-000979,control,mobile,9,0
S-000980,treatment,desktop,3,0
S-000981,treatment,desktop,9,0
S-000982,treatment,mobile,10,0
S-000983,control,desktop,11,0
S-000984,control,desktop,7,0
S-000985,treatment,mobile,2,0
S-000986,control,desktop,7,0
S-000987,control,desktop,13,0
S-000988,treatment,mobile,7,0
S-000989,control,desktop,3,0
S-000990,control,desktop,3,0
S-000991,treatment,mobile,2,0
S-000992,control,mobile,7,0
S-000993,treatment,mobile,8,0
S-000994,control,desktop,14,0
S-000995,control,desktop,10,0
S-000996,control,desktop,12,1
S-000997,treatment,mobile,7,0
S-000998,treatment,mobile,4,0
S-000999,treatment,mobile,13,0
S-001000,treatment,desktop,6,0
S-001001,control,desktop,2,0
S-001002,treatment,desktop,5,1
S-001003,treatment,desktop,9,0
S-001004,control,mobile,6,0
S-001005,treatment,mobile,6,0
S-001006,treatment,mobile,8,0
S-001007,control,desktop,2,1
S-001008,treatment,desktop,13,0
S-001009,control,desktop,5,0
S-001010,control,mobile,11,0
S-001011,treatment,mobile,13,0
S-001012,control,desktop,9,0
S-001013,treatment,desktop,14,1
S-001014,control,desktop,9,0
S-001015,control,desktop,7,1
S-001016,control,desktop,3,0
S-001017,treatment,mobile,5,0
S-001018,control,desktop,12,0
S-001019,control,desktop,7,0
S-001020,treatment,mobile,4,0
S-001021,treatment,mobile,2,0
S-001022,treatment,mobile,2,0
S-001023,control,desktop,5,0
S-001024,treatment,mobile,12,0
S-001025,control,desktop,3,0
S-001026,control,mobile,10,0
S-001027,control,mobile,1,0
S-001028,control,desktop,4,0
S-001029,control,desktop,7,0
S-001030,treatment,mobile,7,0
S-001031,treatment,mobile,2,0
S-001032,control,desktop,3,0
S-001033,control,mobile,5,0
S-001034,treatment,mobile,8,0
S-001035,treatment,mobile,4,0
S-001036,control,desktop,12,1
S-001037,treatment,mobile,2,0
S-001038,control,desktop,3,1
S-001039,control,desktop,9,0
S-001040,control,mobile,13,0
S-001041,treatment,mobile,3,0
S-001042,control,mobile,5,0
S-001043,control,desktop,6,0
S-001044,control,desktop,14,0
S-001045,treatment,mobile,3,1
S-001046,treatment,mobile,9,0
S-001047,control,mobile,13,0
S-001048,treatment,mobile,9,0
S-001049,treatment,mobile,5,0
S-001050,treatment,mobile,9,0
S-001051,treatment,mobile,12,0
S-001052,control,mobile,9,0
S-001053,control,desktop,4,0
S-001054,control,mobile,10,0
S-001055,treatment,mobile,14,0
S-001056,control,desktop,6,0
S-001057,control,desktop,11,0
S-001058,treatment,desktop,8,0
S-001059,treatment,mobile,4,0
S-001060,control,desktop,9,0
S-001061,control,desktop,2,0
S-001062,control,desktop,13,0
S-001063,control,desktop,6,1
S-001064,treatment,mobile,5,0
S-001065,control,desktop,6,0
S-001066,treatment,mobile,10,0
S-001067,treatment,mobile,11,0
S-001068,control,desktop,9,0
S-001069,control,desktop,6,0
S-001070,treatment,mobile,6,0
S-001071,treatment,mobile,4,0
S-001072,treatment,desktop,12,0
S-001073,control,desktop,3,0
S-001074,treatment,mobile,11,0
S-001075,control,desktop,10,0
S-001076,treatment,mobile,6,0
S-001077,control,desktop,8,0
S-001078,control,desktop,10,0
S-001079,treatment,mobile,11,0
S-001080,control,desktop,10,0
S-001081,treatment,mobile,12,0
S-001082,treatment,mobile,12,0
S-001083,treatment,desktop,3,0
S-001084,control,desktop,7,0
S-001085,control,desktop,2,0
S-001086,control,mobile,1,0
S-001087,control,mobile,4,0
S-001088,treatment,mobile,14,0
S-001089,control,desktop,10,1
S-001090,treatment,mobile,11,0
S-001091,treatment,mobile,6,0
S-001092,control,mobile,8,0
S-001093,treatment,mobile,8,0
S-001094,control,desktop,11,0
S-001095,treatment,mobile,3,0
S-001096,control,desktop,14,1
S-001097,control,mobile,6,0
S-001098,control,desktop,12,0
S-001099,control,desktop,1,1
S-001100,control,desktop,2,0
S-001101,treatment,mobile,11,0
S-001102,control,desktop,14,0
S-001103,control,desktop,14,1
S-001104,treatment,mobile,9,0
S-001105,treatment,desktop,11,0
S-001106,treatment,mobile,4,0
S-001107,control,mobile,10,0
S-001108,treatment,mobile,5,0
S-001109,control,mobile,3,0
S-001110,control,desktop,13,1
S-001111,treatment,desktop,14,0
S-001112,control,desktop,4,0
S-001113,treatment,mobile,6,0
S-001114,control,mobile,3,0
S-001115,treatment,mobile,3,0
S-001116,treatment,desktop,5,0
S-001117,control,desktop,13,0
S-001118,control,desktop,5,0
S-001119,control,mobile,2,0
S-001120,treatment,mobile,7,0
S-001121,control,desktop,13,1
S-001122,control,mobile,8,0
S-001123,control,desktop,14,0
S-001124,control,desktop,4,0
S-001125,control,desktop,12,1
S-001126,control,desktop,5,0
S-001127,control,desktop,7,0
S-001128,control,desktop,12,0
S-001129,control,desktop,2,0
S-001130,treatment,mobile,3,0
S-001131,control,desktop,10,0
S-001132,treatment,desktop,3,0
S-001133,control,mobile,8,0
S-001134,control,mobile,3,0
S-001135,control,desktop,9,0
S-001136,control,mobile,6,0
S-001137,control,desktop,5,0
S-001138,control,mobile,8,0
S-001139,control,desktop,14,0
S-001140,control,desktop,2,0
S-001141,treatment,mobile,7,0
S-001142,control,mobile,12,0
S-001143,control,mobile,1,0
S-001144,treatment,mobile,12,0
S-001145,control,desktop,4,1
S-001146,control,desktop,5,0
S-001147,treatment,mobile,11,0
S-001148,control,mobile,9,0
S-001149,treatment,mobile,13,0
S-001150,treatment,mobile,13,0
S-001151,treatment,mobile,3,0
S-001152,treatment,mobile,1,0
S-001153,treatment,mobile,5,0
S-001154,treatment,mobile,9,0
S-001155,control,desktop,5,0
S-001156,treatment,mobile,1,0
S-001157,control,mobile,9,0
S-001158,control,mobile,1,0
S-001159,control,desktop,3,0
S-001160,control,mobile,4,0
S-001161,control,desktop,6,0
S-001162,control,desktop,9,0
S-001163,treatment,mobile,4,0
S-001164,control,desktop,11,0
S-001165,control,desktop,9,1
S-001166,control,desktop,4,0
S-001167,treatment,mobile,3,1
S-001168,treatment,mobile,7,0
S-001169,control,mobile,2,0
S-001170,control,desktop,8,0
S-001171,treatment,mobile,2,1
S-001172,treatment,mobile,14,0
S-001173,treatment,mobile,3,0
S-001174,treatment,mobile,8,0
S-001175,treatment,mobile,9,0
S-001176,treatment,mobile,14,0
S-001177,treatment,mobile,13,0
S-001178,control,mobile,14,0
S-001179,control,desktop,1,0
S-001180,control,desktop,1,1
S-001181,control,mobile,9,0
S-001182,control,desktop,2,0
S-001183,treatment,mobile,3,0
S-001184,treatment,mobile,13,0
S-001185,control,mobile,6,0
S-001186,control,mobile,1,0
S-001187,treatment,mobile,4,0
S-001188,control,desktop,11,0
S-001189,treatment,mobile,4,0
S-001190,control,desktop,11,0
S-001191,control,mobile,13,0
S-001192,treatment,desktop,11,0
S-001193,control,desktop,10,0
S-001194,treatment,mobile,12,0
S-001195,treatment,mobile,7,0
S-001196,treatment,desktop,11,0
S-001197,treatment,mobile,8,0
S-001198,treatment,mobile,2,1
S-001199,treatment,mobile,12,0
S-001200,control,desktop,13,0
S-001201,control,desktop,1,0
S-001202,control,desktop,14,1
S-001203,treatment,mobile,3,0
S-001204,treatment,mobile,7,0
S-001205,treatment,mobile,8,0
S-001206,treatment,mobile,8,0
S-001207,control,mobile,8,1
S-001208,control,desktop,1,0
S-001209,treatment,mobile,4,0
S-001210,treatment,mobile,5,0
S-001211,treatment,mobile,11,0
S-001212,control,mobile,12,0
S-001213,control,desktop,8,0
S-001214,treatment,desktop,9,0
S-001215,treatment,mobile,5,0
S-001216,control,mobile,5,0
S-001217,control,mobile,10,0
S-001218,control,desktop,6,0
S-001219,treatment,mobile,3,0
S-001220,control,mobile,1,0
S-001221,treatment,mobile,14,0
S-001222,treatment,mobile,3,0
S-001223,treatment,mobile,13,0
S-001224,control,desktop,5,0
S-001225,control,desktop,10,0
S-001226,control,mobile,10,0
S-001227,treatment,mobile,7,0
S-001228,treatment,mobile,7,0
S-001229,control,mobile,3,1
S-001230,treatment,desktop,8,0
S-001231,control,desktop,11,1
S-001232,treatment,mobile,10,0
S-001233,control,desktop,8,1
S-001234,treatment,mobile,2,0
S-001235,control,mobile,5,0
S-001236,treatment,mobile,11,0
S-001237,control,desktop,6,1
S-001238,treatment,mobile,11,0
S-001239,control,desktop,14,0
S-001240,treatment,mobile,1,0
S-001241,treatment,desktop,13,0
S-001242,control,desktop,10,0
S-001243,control,desktop,11,0
S-001244,treatment,mobile,4,0
S-001245,treatment,mobile,11,1
S-001246,treatment,mobile,11,0
S-001247,control,mobile,13,0
S-001248,control,mobile,12,0
S-001249,control,desktop,5,0
S-001250,control,mobile,13,0
S-001251,control,desktop,2,0
S-001252,treatment,mobile,11,0
S-001253,control,mobile,4,0
S-001254,control,desktop,8,0
S-001255,control,desktop,6,0
S-001256,treatment,mobile,13,0
S-001257,treatment,mobile,3,0
S-001258,treatment,mobile,13,0
S-001259,treatment,mobile,8,0
S-001260,treatment,mobile,1,0
S-001261,control,mobile,4,0
S-001262,control,desktop,7,0
S-001263,treatment,mobile,8,0
S-001264,treatment,mobile,9,0
S-001265,treatment,mobile,5,0
S-001266,control,desktop,14,0
S-001267,control,mobile,13,0
S-001268,control,desktop,4,0
S-001269,treatment,mobile,2,0
S-001270,treatment,mobile,10,0
S-001271,control,desktop,4,0
S-001272,treatment,desktop,7,0
S-001273,control,mobile,7,0
S-001274,treatment,mobile,9,0
S-001275,control,desktop,5,0
S-001276,treatment,mobile,14,0
S-001277,treatment,mobile,14,0
S-001278,treatment,mobile,14,0
S-001279,treatment,mobile,9,0
S-001280,control,desktop,6,0
S-001281,treatment,mobile,4,0
S-001282,control,mobile,11,0
S-001283,treatment,mobile,14,0
S-001284,control,desktop,7,0
S-001285,control,desktop,5,0
S-001286,control,desktop,14,0
S-001287,control,mobile,8,0
S-001288,control,desktop,14,0
S-001289,treatment,mobile,2,0
S-001290,control,desktop,13,1
S-001291,control,mobile,9,0
S-001292,control,desktop,11,0
S-001293,control,desktop,3,0
S-001294,control,mobile,12,0
S-001295,control,desktop,2,0
S-001296,treatment,mobile,13,0
S-001297,control,mobile,1,0
S-001298,treatment,mobile,9,0
S-001299,treatment,mobile,5,0
S-001300,control,desktop,5,1
S-001301,control,desktop,3,0
S-001302,treatment,mobile,2,0
S-001303,treatment,mobile,7,0
S-001304,control,mobile,7,0
S-001305,control,desktop,12,1
S-001306,treatment,mobile,10,0
S-001307,treatment,mobile,10,0
S-001308,treatment,mobile,9,0
S-001309,control,mobile,11,0
S-001310,treatment,mobile,12,0
S-001311,control,desktop,5,0
S-001312,treatment,mobile,9,0
S-001313,control,desktop,4,0
S-001314,control,mobile,6,0
S-001315,treatment,desktop,5,0
S-001316,treatment,mobile,13,0
S-001317,control,desktop,4,0
S-001318,control,mobile,12,0
S-001319,treatment,mobile,9,0
S-001320,treatment,desktop,3,1
S-001321,treatment,mobile,7,0
S-001322,control,desktop,14,0
S-001323,treatment,mobile,7,0
S-001324,control,desktop,6,0
S-001325,control,mobile,1,0
S-001326,control,desktop,2,0
S-001327,treatment,mobile,9,0
S-001328,control,desktop,13,0
S-001329,treatment,mobile,4,0
S-001330,treatment,mobile,3,0
S-001331,control,mobile,6,0
S-001332,treatment,mobile,9,0
S-001333,control,desktop,7,0
S-001334,control,mobile,12,0
S-001335,control,mobile,6,0
S-001336,control,desktop,8,0
S-001337,control,desktop,8,1
S-001338,control,desktop,6,0
S-001339,treatment,mobile,13,0
S-001340,control,desktop,2,0
S-001341,control,desktop,13,0
S-001342,control,desktop,2,0
S-001343,treatment,mobile,10,0
S-001344,treatment,mobile,6,0
S-001345,control,mobile,3,0
S-001346,control,mobile,4,0
S-001347,treatment,mobile,14,0
S-001348,treatment,mobile,10,0
S-001349,control,desktop,12,0
S-001350,control,desktop,8,0
S-001351,treatment,mobile,7,0
S-001352,control,desktop,7,0
S-001353,treatment,mobile,1,0
S-001354,treatment,mobile,7,0
S-001355,control,desktop,9,1
S-001356,treatment,mobile,13,0
S-001357,treatment,mobile,10,0
S-001358,treatment,mobile,9,0
S-001359,treatment,desktop,13,0
S-001360,control,desktop,7,1
S-001361,control,desktop,14,0
S-001362,treatment,mobile,6,0
S-001363,control,mobile,13,0
S-001364,treatment,mobile,13,1
S-001365,control,desktop,6,1
S-001366,control,desktop,9,1
S-001367,treatment,mobile,12,0
S-001368,control,desktop,9,0
S-001369,treatment,desktop,10,0
S-001370,treatment,mobile,5,0
S-001371,treatment,mobile,3,0
S-001372,treatment,mobile,8,0
S-001373,control,desktop,3,0
S-001374,treatment,mobile,2,0
S-001375,treatment,mobile,4,0
S-001376,control,desktop,5,0
S-001377,treatment,mobile,1,0
S-001378,control,desktop,4,1
S-001379,control,desktop,11,0
S-001380,control,desktop,6,0
S-001381,treatment,mobile,10,0
S-001382,control,desktop,3,1
S-001383,control,desktop,6,0
S-001384,treatment,mobile,5,0
S-001385,control,desktop,8,0
S-001386,control,mobile,14,0
S-001387,control,desktop,13,0
S-001388,control,desktop,9,0
S-001389,treatment,mobile,8,0
S-001390,treatment,mobile,14,0
S-001391,control,desktop,13,0
S-001392,treatment,mobile,10,0
S-001393,control,desktop,4,0
S-001394,control,desktop,4,1
S-001395,control,desktop,6,1
S-001396,treatment,mobile,1,0
S-001397,control,desktop,11,0
S-001398,control,desktop,6,0
S-001399,treatment,mobile,11,0
S-001400,control,mobile,1,0
S-001401,treatment,mobile,6,0
S-001402,treatment,mobile,1,0
S-001403,treatment,mobile,5,0
S-001404,control,desktop,8,0
S-001405,control,desktop,4,0
S-001406,control,desktop,11,0
S-001407,control,desktop,5,0
S-001408,control,mobile,2,0
S-001409,treatment,mobile,6,0
S-001410,control,mobile,2,0
S-001411,control,desktop,3,0
S-001412,treatment,mobile,12,0
S-001413,treatment,mobile,12,0
S-001414,treatment,mobile,1,0
S-001415,treatment,mobile,6,0
S-001416,treatment,desktop,7,0
S-001417,control,desktop,4,0
S-001418,treatment,mobile,6,0
S-001419,treatment,mobile,1,0
S-001420,control,desktop,10,0
S-001421,treatment,mobile,3,0
S-001422,treatment,mobile,1,0
S-001423,treatment,mobile,4,0
S-001424,control,desktop,4,0
S-001425,control,desktop,14,1
S-001426,control,desktop,6,0
S-001427,treatment,mobile,10,0
S-001428,treatment,desktop,14,0
S-001429,treatment,mobile,1,0
S-001430,treatment,mobile,5,0
S-001431,treatment,mobile,5,0
S-001432,treatment,mobile,2,0
S-001433,treatment,mobile,14,0
S-001434,control,desktop,3,0
S-001435,control,desktop,14,0
S-001436,treatment,mobile,1,0
S-001437,treatment,desktop,5,0
S-001438,control,mobile,2,0
S-001439,treatment,mobile,12,0
S-001440,control,mobile,3,0
S-001441,treatment,mobile,2,0
S-001442,control,mobile,1,0
S-001443,control,desktop,9,0
S-001444,treatment,mobile,5,0
S-001445,treatment,mobile,9,0
S-001446,control,desktop,2,0
S-001447,control,desktop,14,0
S-001448,treatment,mobile,6,0
S-001449,control,desktop,13,0
S-001450,treatment,mobile,3,0
S-001451,control,desktop,1,0
S-001452,treatment,desktop,10,0
S-001453,treatment,mobile,10,0
S-001454,treatment,mobile,9,0
S-001455,treatment,mobile,4,0
S-001456,treatment,mobile,10,1
S-001457,treatment,mobile,11,0
S-001458,treatment,mobile,2,0
S-001459,control,mobile,13,0
S-001460,treatment,mobile,3,0
S-001461,treatment,mobile,12,0
S-001462,treatment,mobile,2,0
S-001463,control,mobile,10,0
S-001464,control,desktop,7,1
S-001465,treatment,mobile,4,0
S-001466,treatment,desktop,6,1
S-001467,treatment,mobile,3,0
S-001468,treatment,mobile,14,0
S-001469,treatment,desktop,9,1
S-001470,control,desktop,10,0
S-001471,treatment,desktop,12,0
S-001472,treatment,mobile,1,0
S-001473,control,desktop,5,0
S-001474,control,mobile,1,0
S-001475,treatment,mobile,4,0
S-001476,treatment,desktop,14,0
S-001477,control,desktop,2,0
S-001478,treatment,mobile,6,0
S-001479,control,desktop,8,0
S-001480,control,desktop,6,0
S-001481,treatment,mobile,5,0
S-001482,control,desktop,9,0
S-001483,control,desktop,3,1
S-001484,treatment,mobile,4,0
S-001485,control,mobile,8,0
S-001486,treatment,desktop,2,1
S-001487,control,desktop,4,0
S-001488,control,desktop,10,0
S-001489,control,desktop,14,0
S-001490,treatment,mobile,5,0
S-001491,control,desktop,12,0
S-001492,treatment,mobile,2,0
S-001493,control,desktop,13,0
S-001494,treatment,mobile,13,0
S-001495,treatment,mobile,9,0
S-001496,treatment,mobile,3,0
S-001497,treatment,mobile,9,0
S-001498,treatment,mobile,9,0
S-001499,treatment,mobile,7,0
S-001500,treatment,mobile,5,0
S-001501,treatment,mobile,3,0
S-001502,treatment,mobile,1,0
S-001503,treatment,mobile,9,0
S-001504,treatment,mobile,12,0
S-001505,treatment,desktop,2,0
S-001506,treatment,mobile,12,0
S-001507,treatment,mobile,11,0
S-001508,control,desktop,13,1
S-001509,control,desktop,7,0
S-001510,treatment,mobile,10,0
S-001511,treatment,mobile,11,0
S-001512,treatment,mobile,3,0
S-001513,treatment,desktop,12,0
S-001514,treatment,mobile,12,0
S-001515,control,desktop,3,0
S-001516,treatment,mobile,5,0
S-001517,treatment,mobile,13,0
S-001518,treatment,mobile,9,0
S-001519,treatment,mobile,4,0
S-001520,treatment,mobile,8,0
S-001521,control,desktop,6,0
S-001522,treatment,mobile,8,0
S-001523,treatment,mobile,10,0
S-001524,control,desktop,6,0
S-001525,treatment,mobile,14,0
S-001526,treatment,mobile,4,0
S-001527,treatment,mobile,8,0
S-001528,control,mobile,4,0
S-001529,control,desktop,5,0
S-001530,treatment,mobile,5,0
S-001531,treatment,mobile,6,0
S-001532,control,desktop,5,0
S-001533,control,desktop,5,0
S-001534,control,desktop,9,0
S-001535,treatment,desktop,9,0
S-001536,control,desktop,1,0
S-001537,treatment,mobile,11,0
S-001538,control,mobile,4,1
S-001539,control,desktop,13,0
S-001540,control,mobile,12,0
S-001541,treatment,mobile,12,0
S-001542,treatment,mobile,9,0
S-001543,control,desktop,5,0
S-001544,treatment,mobile,8,0
S-001545,control,desktop,9,0
S-001546,control,desktop,12,1
S-001547,treatment,mobile,6,0
S-001548,control,desktop,6,0
S-001549,treatment,mobile,12,0
S-001550,control,mobile,5,0
S-001551,treatment,mobile,1,0
S-001552,control,desktop,6,0
S-001553,treatment,mobile,14,0
S-001554,treatment,mobile,5,0
S-001555,treatment,mobile,12,0
S-001556,control,mobile,12,0
S-001557,treatment,mobile,5,0
S-001558,control,desktop,9,0
S-001559,control,desktop,9,0
S-001560,treatment,mobile,8,0
S-001561,treatment,mobile,1,0
S-001562,treatment,mobile,5,0
S-001563,treatment,mobile,12,0
S-001564,control,mobile,8,0
S-001565,control,desktop,4,0
S-001566,treatment,mobile,7,0
S-001567,treatment,mobile,10,0
S-001568,control,desktop,5,0
S-001569,control,desktop,12,0
S-001570,treatment,mobile,3,0
S-001571,control,desktop,1,0
S-001572,control,mobile,3,0
S-001573,treatment,mobile,7,0
S-001574,treatment,mobile,2,0
S-001575,treatment,mobile,1,0
S-001576,treatment,mobile,2,0
S-001577,treatment,mobile,1,0
S-001578,treatment,desktop,10,0
S-001579,treatment,mobile,14,0
S-001580,treatment,mobile,11,0
S-001581,treatment,mobile,6,0
S-001582,treatment,mobile,2,0
S-001583,treatment,mobile,4,0
S-001584,control,mobile,6,0
S-001585,control,mobile,4,0
S-001586,control,desktop,2,0
S-001587,treatment,mobile,11,0
S-001588,treatment,mobile,5,0
S-001589,control,desktop,10,0
S-001590,treatment,mobile,6,0
S-001591,treatment,mobile,14,0
S-001592,treatment,mobile,10,0
S-001593,control,desktop,13,1
S-001594,control,desktop,10,0
S-001595,treatment,mobile,8,0
S-001596,control,mobile,7,0
S-001597,control,mobile,9,0
S-001598,control,mobile,10,0
S-001599,control,mobile,7,0
S-001600,control,desktop,10,0
S-001601,treatment,mobile,6,0
S-001602,treatment,desktop,12,0
S-001603,control,desktop,3,0
S-001604,treatment,mobile,11,0
S-001605,control,desktop,11,0
S-001606,control,desktop,11,0
S-001607,control,mobile,6,0
S-001608,treatment,mobile,4,0
S-001609,treatment,desktop,13,1
S-001610,control,mobile,11,0
S-001611,control,mobile,2,0
S-001612,control,desktop,7,0
S-001613,control,desktop,11,1
S-001614,treatment,mobile,9,0
S-001615,control,mobile,14,0
S-001616,control,desktop,9,0
S-001617,treatment,mobile,5,0
S-001618,treatment,mobile,9,0
S-001619,control,mobile,6,0
S-001620,control,desktop,4,0
S-001621,treatment,desktop,10,1
S-001622,control,desktop,14,0
S-001623,treatment,mobile,14,1
S-001624,treatment,mobile,10,0
S-001625,control,desktop,6,1
S-001626,treatment,mobile,13,0
S-001627,control,mobile,3,0
S-001628,treatment,mobile,2,0
S-001629,control,mobile,8,0
S-001630,treatment,mobile,4,0
S-001631,treatment,mobile,11,0
S-001632,treatment,mobile,11,0
S-001633,treatment,mobile,3,0
S-001634,control,desktop,6,0
S-001635,treatment,mobile,2,0
S-001636,control,desktop,3,0
S-001637,treatment,mobile,12,0
S-001638,treatment,mobile,1,0
S-001639,treatment,mobile,1,0
S-001640,treatment,desktop,1,0
S-001641,treatment,mobile,10,0
S-001642,control,desktop,8,0
S-001643,treatment,mobile,3,0
S-001644,control,desktop,14,0
S-001645,control,desktop,14,1
S-001646,control,desktop,7,0
S-001647,treatment,mobile,13,0
S-001648,treatment,desktop,12,0
S-001649,treatment,mobile,11,0
S-001650,control,desktop,7,0
S-001651,treatment,mobile,9,0
S-001652,treatment,mobile,14,0
S-001653,treatment,mobile,3,0
S-001654,treatment,mobile,4,0
S-001655,treatment,mobile,14,0
S-001656,treatment,mobile,5,1
S-001657,treatment,desktop,6,0
S-001658,treatment,mobile,14,0
S-001659,treatment,mobile,13,0
S-001660,control,desktop,4,0
S-001661,treatment,mobile,5,0
S-001662,control,desktop,4,0
S-001663,treatment,mobile,9,0
S-001664,treatment,mobile,5,0
S-001665,treatment,mobile,14,0
S-001666,control,desktop,8,0
S-001667,control,mobile,1,0
S-001668,treatment,desktop,14,0
S-001669,treatment,mobile,8,0
S-001670,treatment,mobile,9,0
S-001671,control,desktop,9,0
S-001672,treatment,desktop,14,0
S-001673,control,mobile,12,0
S-001674,treatment,mobile,9,0
S-001675,control,desktop,13,0
S-001676,treatment,mobile,9,0
S-001677,treatment,mobile,13,0
S-001678,treatment,mobile,7,0
S-001679,control,desktop,5,1
S-001680,control,desktop,14,0
S-001681,control,desktop,9,1
S-001682,treatment,desktop,6,0
S-001683,control,desktop,11,0
S-001684,control,desktop,14,1
S-001685,control,desktop,10,0
S-001686,control,desktop,1,0
S-001687,control,mobile,12,0
S-001688,control,desktop,11,0
S-001689,treatment,mobile,1,0
S-001690,control,desktop,11,0
S-001691,treatment,mobile,7,0
S-001692,control,desktop,3,0
S-001693,treatment,mobile,7,0
S-001694,control,desktop,5,0
S-001695,control,desktop,6,0
S-001696,treatment,mobile,2,0
S-001697,treatment,mobile,12,0
S-001698,control,desktop,11,0
S-001699,treatment,mobile,8,0
S-001700,treatment,mobile,10,0
S-001701,treatment,mobile,4,0
S-001702,treatment,mobile,3,0
S-001703,control,desktop,14,0
S-001704,control,mobile,4,0
S-001705,treatment,desktop,9,0
S-001706,treatment,desktop,12,0
S-001707,treatment,mobile,8,0
S-001708,treatment,mobile,5,0
S-001709,treatment,mobile,5,0
S-001710,control,desktop,14,0
S-001711,control,desktop,9,1
S-001712,control,desktop,11,0
S-001713,control,mobile,2,0
S-001714,treatment,mobile,8,0
S-001715,control,mobile,1,0
S-001716,control,mobile,12,0
S-001717,treatment,mobile,5,1
S-001718,control,mobile,4,0
S-001719,control,desktop,9,0
S-001720,treatment,desktop,8,0
S-001721,control,desktop,1,0
S-001722,control,desktop,7,1
S-001723,control,desktop,13,0
S-001724,control,desktop,5,0
S-001725,treatment,mobile,2,0
S-001726,treatment,desktop,8,0
S-001727,control,desktop,3,0
S-001728,treatment,mobile,13,0
S-001729,treatment,desktop,13,1
S-001730,treatment,mobile,9,0
S-001731,control,desktop,13,0
S-001732,control,desktop,3,1
S-001733,control,desktop,13,0
S-001734,control,desktop,14,0
S-001735,treatment,mobile,4,0
S-001736,control,mobile,11,0
S-001737,control,desktop,10,0
S-001738,treatment,mobile,5,0
S-001739,control,desktop,9,1
S-001740,treatment,mobile,6,0
S-001741,control,mobile,4,0
S-001742,control,mobile,5,0
S-001743,treatment,mobile,8,0
S-001744,control,desktop,2,0
S-001745,treatment,desktop,8,1
S-001746,control,desktop,8,1
S-001747,treatment,mobile,14,0
S-001748,treatment,mobile,4,0
S-001749,treatment,mobile,13,0
S-001750,treatment,mobile,1,0
S-001751,control,desktop,4,0
S-001752,treatment,mobile,13,0
S-001753,control,mobile,4,0
S-001754,control,desktop,5,0
S-001755,control,mobile,5,0
S-001756,treatment,mobile,3,0
S-001757,control,desktop,12,0
S-001758,treatment,mobile,8,0
S-001759,treatment,mobile,3,0
S-001760,treatment,mobile,2,0
S-001761,treatment,mobile,10,0
S-001762,treatment,mobile,3,0
S-001763,treatment,mobile,8,0
S-001764,treatment,desktop,2,0
S-001765,control,desktop,13,0
S-001766,control,desktop,14,0
S-001767,treatment,desktop,7,1
S-001768,control,desktop,4,0
S-001769,control,desktop,3,0
S-001770,control,desktop,5,0
S-001771,treatment,mobile,1,0
S-001772,control,desktop,1,0
S-001773,control,desktop,9,0
S-001774,treatment,mobile,1,0
S-001775,control,mobile,8,0
S-001776,treatment,mobile,11,0
S-001777,treatment,mobile,12,0
S-001778,treatment,mobile,3,0
S-001779,control,desktop,10,0
S-001780,treatment,mobile,8,0
S-001781,control,desktop,7,0
S-001782,treatment,mobile,3,0
S-001783,control,mobile,5,0
S-001784,control,desktop,5,0
S-001785,treatment,mobile,14,0
S-001786,treatment,mobile,12,0
S-001787,control,desktop,13,0
S-001788,control,desktop,13,0
S-001789,control,mobile,12,0
S-001790,control,desktop,11,0
S-001791,control,mobile,9,0
S-001792,control,desktop,5,0
S-001793,control,desktop,10,0
S-001794,control,desktop,9,0
S-001795,treatment,mobile,8,0
S-001796,treatment,desktop,12,0
S-001797,control,desktop,3,0
S-001798,control,desktop,11,0
S-001799,control,desktop,7,0
S-001800,treatment,mobile,3,0
S-001801,control,desktop,1,1
S-001802,control,mobile,11,0
S-001803,control,desktop,4,0
S-001804,control,desktop,8,1
S-001805,control,desktop,4,0
S-001806,control,desktop,7,0
S-001807,treatment,mobile,8,0
S-001808,treatment,mobile,11,0
S-001809,control,mobile,9,0
S-001810,control,desktop,3,0
S-001811,treatment,desktop,14,1
S-001812,treatment,mobile,6,0
S-001813,treatment,mobile,9,0
S-001814,control,desktop,6,1
S-001815,control,desktop,4,0
S-001816,control,desktop,11,0
S-001817,treatment,mobile,3,0
S-001818,treatment,desktop,7,0
S-001819,treatment,desktop,1,0
S-001820,treatment,desktop,13,1
S-001821,control,desktop,6,0
S-001822,treatment,desktop,7,0
S-001823,control,desktop,6,0
S-001824,control,mobile,12,0
S-001825,treatment,mobile,12,0
S-001826,control,desktop,10,0
S-001827,treatment,mobile,11,0
S-001828,treatment,desktop,12,0
S-001829,treatment,mobile,12,0
S-001830,control,mobile,6,0
S-001831,treatment,mobile,8,1
S-001832,treatment,mobile,2,0
S-001833,treatment,mobile,11,0
S-001834,treatment,mobile,7,0
S-001835,control,desktop,8,0
S-001836,control,desktop,14,0
S-001837,treatment,mobile,8,0
S-001838,control,desktop,2,0
S-001839,treatment,mobile,6,0
S-001840,treatment,mobile,1,0
S-001841,control,desktop,2,0
S-001842,treatment,mobile,9,0
S-001843,control,desktop,4,0
S-001844,treatment,mobile,12,0
S-001845,treatment,mobile,12,0
S-001846,treatment,mobile,9,0
S-001847,control,mobile,13,0
S-001848,treatment,desktop,2,0
S-001849,control,desktop,14,0
S-001850,control,desktop,14,1
S-001851,treatment,mobile,3,0
S-001852,treatment,mobile,5,0
S-001853,treatment,mobile,13,0
S-001854,treatment,mobile,2,0
S-001855,control,mobile,9,0
S-001856,control,desktop,5,0
S-001857,treatment,mobile,2,0
S-001858,control,desktop,1,0
S-001859,treatment,mobile,7,0
S-001860,treatment,mobile,3,0
S-001861,treatment,mobile,9,0
S-001862,control,desktop,5,0
S-001863,control,desktop,9,0
S-001864,control,mobile,9,0
S-001865,treatment,mobile,9,0
S-001866,control,desktop,4,0
S-001867,control,desktop,8,1
S-001868,control,mobile,7,0
S-001869,treatment,mobile,14,0
S-001870,treatment,mobile,11,0
S-001871,control,desktop,12,0
S-001872,control,desktop,9,0
S-001873,treatment,mobile,3,0
S-001874,control,mobile,14,0
S-001875,treatment,mobile,12,1
S-001876,control,desktop,1,0
S-001877,control,mobile,4,0
S-001878,treatment,mobile,8,0
S-001879,treatment,mobile,4,0
S-001880,control,desktop,14,0
S-001881,treatment,mobile,10,0
S-001882,control,desktop,2,0
S-001883,treatment,desktop,3,0
S-001884,control,desktop,14,0
S-001885,treatment,mobile,10,0
S-001886,control,desktop,5,0
S-001887,treatment,mobile,2,0
S-001888,treatment,mobile,9,0
S-001889,treatment,mobile,13,0
S-001890,treatment,mobile,3,0
S-001891,control,mobile,4,0
S-001892,treatment,mobile,1,0
S-001893,control,desktop,1,0
S-001894,treatment,mobile,11,0
S-001895,control,desktop,4,0
S-001896,control,desktop,3,0
S-001897,treatment,mobile,8,0
S-001898,control,desktop,4,0
S-001899,treatment,mobile,10,1
S-001900,control,desktop,1,1
S-001901,control,desktop,4,0
S-001902,control,desktop,11,0
S-001903,treatment,mobile,11,0
S-001904,treatment,mobile,12,0
S-001905,treatment,mobile,4,0
S-001906,treatment,mobile,3,0
S-001907,control,mobile,10,0
S-001908,treatment,mobile,14,0
S-001909,treatment,mobile,14,0
S-001910,control,desktop,14,0
S-001911,treatment,mobile,9,0
S-001912,treatment,mobile,8,0
S-001913,treatment,mobile,8,0
S-001914,control,desktop,14,1
S-001915,treatment,mobile,11,0
S-001916,control,desktop,9,0
S-001917,treatment,mobile,14,1
S-001918,control,desktop,10,0
S-001919,control,mobile,1,0
S-001920,treatment,mobile,13,0
S-001921,treatment,mobile,3,0
S-001922,treatment,mobile,6,0
S-001923,control,desktop,14,0
S-001924,control,desktop,5,0
S-001925,control,desktop,4,0
S-001926,control,desktop,4,0
S-001927,control,desktop,14,0
S-001928,control,mobile,10,0
S-001929,control,mobile,13,0
S-001930,treatment,mobile,11,0
S-001931,control,desktop,9,0
S-001932,treatment,mobile,7,0
S-001933,treatment,mobile,2,0
S-001934,control,desktop,6,0
S-001935,control,desktop,5,0
S-001936,treatment,mobile,1,0
S-001937,control,desktop,1,0
S-001938,treatment,mobile,7,0
S-001939,control,desktop,4,0
S-001940,control,desktop,11,0
S-001941,control,desktop,7,0
S-001942,control,desktop,11,0
S-001943,control,desktop,14,0
S-001944,treatment,desktop,14,0
S-001945,control,desktop,10,0
S-001946,treatment,mobile,10,0
S-001947,control,desktop,10,0
S-001948,treatment,mobile,5,0
S-001949,treatment,mobile,2,0
S-001950,control,mobile,9,1
S-001951,control,desktop,2,1
S-001952,control,mobile,14,0
S-001953,control,desktop,4,1
S-001954,control,desktop,7,0
S-001955,control,desktop,1,0
S-001956,control,desktop,10,1
S-001957,treatment,desktop,6,0
S-001958,control,desktop,2,0
S-001959,control,mobile,4,0
S-001960,treatment,mobile,8,0
S-001961,treatment,desktop,5,0
S-001962,control,desktop,3,1
S-001963,treatment,mobile,4,0
S-001964,control,desktop,11,0
S-001965,treatment,mobile,14,1
S-001966,control,desktop,9,0
S-001967,control,desktop,1,0
S-001968,control,desktop,1,0
S-001969,treatment,mobile,3,0
S-001970,treatment,mobile,4,0
S-001971,treatment,mobile,11,0
S-001972,treatment,mobile,11,0
S-001973,treatment,mobile,3,0
S-001974,control,desktop,7,0
S-001975,treatment,mobile,14,0
S-001976,treatment,mobile,10,0
S-001977,control,desktop,11,0
S-001978,treatment,mobile,4,0
S-001979,control,desktop,9,0
S-001980,treatment,mobile,1,1
S-001981,control,desktop,2,1
S-001982,treatment,mobile,8,0
S-001983,treatment,desktop,13,0
S-001984,control,desktop,11,0
S-001985,treatment,mobile,5,0
S-001986,control,mobile,2,0
S-001987,control,desktop,9,0
S-001988,treatment,mobile,9,0
S-001989,treatment,mobile,6,0
S-001990,control,desktop,2,0
S-001991,control,mobile,10,0
S-001992,control,desktop,4,0
S-001993,control,desktop,6,0
S-001994,treatment,mobile,13,0
S-001995,treatment,mobile,11,0
S-001996,control,desktop,9,0
S-001997,control,desktop,5,0
S-001998,control,desktop,7,0
S-001999,control,desktop,14,0
S-002000,control,desktop,3,0
S-002001,control,desktop,2,1
S-002002,control,desktop,9,0
S-002003,treatment,desktop,1,0
S-002004,control,desktop,12,0
S-002005,control,desktop,7,0
S-002006,treatment,desktop,9,1
S-002007,treatment,mobile,6,0
S-002008,treatment,mobile,9,0
S-002009,control,desktop,6,0
S-002010,control,desktop,12,0
S-002011,control,mobile,5,0
S-002012,control,mobile,11,0
S-002013,treatment,mobile,1,0
S-002014,control,mobile,11,0
S-002015,control,desktop,7,1
S-002016,treatment,mobile,3,0
S-002017,control,mobile,12,0
S-002018,control,desktop,9,1
S-002019,control,desktop,14,0
S-002020,control,desktop,11,0
S-002021,treatment,desktop,6,0
S-002022,control,desktop,5,0
S-002023,control,mobile,2,0
S-002024,control,mobile,11,0
S-002025,treatment,mobile,1,0
S-002026,treatment,mobile,14,0
S-002027,control,desktop,7,0
S-002028,treatment,mobile,9,0
S-002029,treatment,mobile,12,0
S-002030,control,desktop,9,0
S-002031,treatment,desktop,14,1
S-002032,treatment,desktop,13,1
S-002033,control,mobile,2,0
S-002034,treatment,mobile,11,0
S-002035,treatment,mobile,14,0
S-002036,treatment,mobile,1,0
S-002037,control,desktop,3,0
S-002038,control,mobile,5,0
S-002039,treatment,desktop,12,0
S-002040,control,mobile,4,0
S-002041,treatment,mobile,6,0
S-002042,control,desktop,9,0
S-002043,control,desktop,3,1
S-002044,treatment,mobile,4,0
S-002045,treatment,desktop,2,1
S-002046,control,desktop,11,0
S-002047,control,desktop,14,0
S-002048,treatment,mobile,1,0
S-002049,treatment,mobile,13,0
S-002050,control,desktop,14,0
S-002051,control,mobile,12,0
S-002052,control,desktop,1,0
S-002053,control,desktop,5,0
S-002054,treatment,mobile,2,0
S-002055,treatment,desktop,2,0
S-002056,treatment,mobile,10,1
S-002057,treatment,desktop,7,0
S-002058,treatment,desktop,14,0
S-002059,treatment,mobile,7,0
S-002060,treatment,mobile,7,0
S-002061,control,desktop,11,0
S-002062,treatment,mobile,9,0
S-002063,control,mobile,14,0
S-002064,control,desktop,3,0
S-002065,control,desktop,5,0
S-002066,treatment,mobile,7,0
S-002067,treatment,mobile,13,0
S-002068,treatment,mobile,7,0
S-002069,treatment,mobile,4,0
S-002070,treatment,mobile,8,0
S-002071,control,mobile,5,0
S-002072,control,mobile,1,0
S-002073,treatment,mobile,1,0
S-002074,control,desktop,13,0
S-002075,control,desktop,13,0
S-002076,control,mobile,13,0
S-002077,control,mobile,6,0
S-002078,treatment,mobile,5,0
S-002079,control,desktop,8,1
S-002080,control,desktop,8,0
S-002081,control,desktop,2,0
S-002082,treatment,mobile,6,0
S-002083,treatment,mobile,9,0
S-002084,control,mobile,3,0
S-002085,treatment,mobile,4,0
S-002086,control,desktop,12,0
S-002087,treatment,mobile,14,0
S-002088,control,desktop,4,1
S-002089,control,desktop,6,0
S-002090,treatment,mobile,5,0
S-002091,control,desktop,4,0
S-002092,control,desktop,3,1
S-002093,treatment,mobile,4,0
S-002094,treatment,mobile,9,0
S-002095,treatment,mobile,6,1
S-002096,treatment,mobile,6,0
S-002097,treatment,mobile,14,0
S-002098,control,mobile,12,0
S-002099,treatment,mobile,3,0
S-002100,control,mobile,9,0
S-002101,control,desktop,4,0
S-002102,control,desktop,3,1
S-002103,treatment,desktop,4,0
S-002104,treatment,mobile,10,0
S-002105,treatment,mobile,13,0
S-002106,control,mobile,2,0
S-002107,treatment,mobile,5,0
S-002108,treatment,mobile,9,0
S-002109,treatment,mobile,12,0
S-002110,control,desktop,1,0
S-002111,treatment,desktop,6,0
S-002112,control,mobile,14,0
S-002113,control,desktop,3,0
S-002114,treatment,mobile,13,0
S-002115,control,desktop,9,0
S-002116,control,desktop,7,0
S-002117,control,desktop,9,0
S-002118,treatment,mobile,7,0
S-002119,control,desktop,3,0
S-002120,control,desktop,11,0
S-002121,control,desktop,11,0
S-002122,control,desktop,1,0
S-002123,treatment,mobile,7,0
S-002124,treatment,mobile,1,0
S-002125,treatment,mobile,10,0
S-002126,treatment,mobile,13,0
S-002127,treatment,mobile,9,0
S-002128,control,desktop,6,0
S-002129,control,desktop,7,0
S-002130,treatment,desktop,14,0
S-002131,treatment,mobile,11,0
S-002132,control,desktop,10,0
S-002133,control,desktop,3,0
S-002134,treatment,mobile,1,0
S-002135,treatment,mobile,13,0
S-002136,treatment,mobile,8,1
S-002137,control,desktop,1,1
S-002138,treatment,mobile,14,0
S-002139,treatment,mobile,1,0
S-002140,control,desktop,1,0
S-002141,control,desktop,3,0
S-002142,treatment,mobile,5,0
S-002143,treatment,mobile,4,0
S-002144,control,desktop,6,0
S-002145,treatment,mobile,7,0
S-002146,treatment,mobile,5,0
S-002147,control,desktop,9,0
S-002148,treatment,desktop,8,0
S-002149,treatment,desktop,6,1
S-002150,control,desktop,14,1
S-002151,control,desktop,2,0
S-002152,control,desktop,3,0
S-002153,treatment,mobile,4,0
S-002154,control,mobile,5,0
S-002155,control,mobile,5,0
S-002156,treatment,mobile,13,0
S-002157,control,mobile,3,0
S-002158,treatment,mobile,12,0
S-002159,treatment,mobile,6,0
S-002160,control,desktop,5,0
S-002161,treatment,mobile,2,0
S-002162,control,desktop,13,0
S-002163,control,desktop,1,0
S-002164,control,desktop,5,0
S-002165,treatment,mobile,4,0
S-002166,control,desktop,11,1
S-002167,control,desktop,1,1
S-002168,treatment,mobile,4,0
S-002169,treatment,mobile,6,0
S-002170,control,desktop,13,0
S-002171,control,desktop,2,0
S-002172,control,desktop,2,0
S-002173,treatment,mobile,1,0
S-002174,control,desktop,4,0
S-002175,treatment,mobile,2,0
S-002176,treatment,mobile,2,0
S-002177,control,mobile,11,0
S-002178,control,desktop,1,0
S-002179,treatment,mobile,8,0
S-002180,treatment,mobile,11,0
S-002181,control,desktop,7,0
S-002182,treatment,mobile,2,0
S-002183,control,desktop,13,0
S-002184,treatment,mobile,12,0
S-002185,treatment,mobile,12,0
S-002186,control,desktop,9,0
S-002187,control,desktop,14,1
S-002188,control,desktop,14,1
S-002189,treatment,mobile,3,0
S-002190,treatment,mobile,1,0
S-002191,treatment,mobile,7,0
S-002192,control,mobile,11,0
S-002193,control,desktop,5,1
S-002194,treatment,mobile,7,0
S-002195,treatment,desktop,11,0
S-002196,control,desktop,2,0
S-002197,control,desktop,6,1
S-002198,treatment,mobile,4,0
S-002199,control,desktop,2,1
S-002200,treatment,mobile,2,0
S-002201,control,mobile,14,0
S-002202,treatment,mobile,6,0
S-002203,control,desktop,10,0
S-002204,control,desktop,11,0
S-002205,control,desktop,12,1
S-002206,control,desktop,2,0
S-002207,control,desktop,14,1
S-002208,treatment,mobile,13,0
S-002209,treatment,mobile,6,0
S-002210,treatment,mobile,7,0
S-002211,control,desktop,4,1
S-002212,control,desktop,3,0
S-002213,control,desktop,2,0
S-002214,treatment,desktop,6,0
S-002215,treatment,desktop,8,0
S-002216,treatment,mobile,12,0
S-002217,treatment,desktop,5,1
S-002218,treatment,mobile,2,0
S-002219,treatment,desktop,8,0
S-002220,control,desktop,11,1
S-002221,treatment,mobile,6,0
S-002222,control,desktop,10,0
S-002223,control,desktop,7,0
S-002224,control,mobile,9,0
S-002225,treatment,mobile,4,0
S-002226,control,desktop,8,1
S-002227,control,desktop,9,0
S-002228,treatment,mobile,3,1
S-002229,control,desktop,14,0
S-002230,control,desktop,9,0
S-002231,treatment,desktop,5,0
S-002232,control,mobile,13,0
S-002233,control,desktop,6,0
S-002234,control,desktop,7,1
S-002235,treatment,mobile,13,0
S-002236,control,desktop,14,0
S-002237,treatment,mobile,14,0
S-002238,treatment,mobile,11,0
S-002239,control,mobile,10,0
S-002240,control,desktop,12,0
S-002241,treatment,mobile,13,0
S-002242,treatment,mobile,14,0
S-002243,treatment,mobile,9,0
S-002244,control,mobile,12,0
S-002245,control,desktop,6,0
S-002246,control,mobile,8,0
S-002247,control,desktop,1,0
S-002248,control,desktop,13,0
S-002249,treatment,mobile,8,0
S-002250,control,mobile,8,0
S-002251,control,desktop,7,0
S-002252,treatment,mobile,14,0
S-002253,control,mobile,1,0
S-002254,treatment,mobile,5,0
S-002255,control,desktop,1,0
S-002256,control,mobile,11,0
S-002257,control,desktop,6,0
S-002258,control,desktop,4,0
S-002259,control,desktop,14,0
S-002260,treatment,mobile,7,0
S-002261,control,desktop,9,0
S-002262,control,desktop,7,0
S-002263,treatment,mobile,12,0
S-002264,control,desktop,12,0
S-002265,treatment,mobile,6,0
S-002266,control,desktop,12,0
S-002267,control,desktop,1,0
S-002268,treatment,mobile,9,0
S-002269,treatment,mobile,1,0
S-002270,control,mobile,8,0
S-002271,control,desktop,7,0
S-002272,control,desktop,14,0
S-002273,control,desktop,3,0
S-002274,treatment,desktop,7,0
S-002275,control,mobile,4,0
S-002276,control,desktop,12,0
S-002277,treatment,mobile,10,0
S-002278,treatment,mobile,1,0
S-002279,treatment,desktop,13,0
S-002280,control,desktop,8,0
S-002281,treatment,mobile,2,0
S-002282,treatment,mobile,8,0
S-002283,control,desktop,2,1
S-002284,treatment,mobile,5,0
S-002285,treatment,mobile,8,0
S-002286,control,desktop,4,0
S-002287,control,desktop,1,1
S-002288,treatment,mobile,2,0
S-002289,treatment,mobile,5,0
S-002290,treatment,mobile,3,0
S-002291,control,desktop,4,0
S-002292,control,mobile,6,0
S-002293,treatment,mobile,6,0
S-002294,control,mobile,11,0
S-002295,treatment,mobile,2,0
S-002296,control,desktop,1,0
S-002297,control,mobile,14,0
S-002298,control,desktop,13,0
S-002299,treatment,mobile,10,0
S-002300,control,desktop,14,0
S-002301,control,mobile,1,0
S-002302,control,mobile,14,0
S-002303,treatment,mobile,5,0
S-002304,control,mobile,3,0
S-002305,treatment,mobile,14,0
S-002306,control,desktop,14,0
S-002307,treatment,mobile,1,0
S-002308,control,desktop,5,0
S-002309,treatment,mobile,11,0
S-002310,control,desktop,14,0
S-002311,treatment,mobile,8,1
S-002312,control,mobile,4,0
S-002313,treatment,mobile,9,0
S-002314,treatment,mobile,6,0
S-002315,treatment,mobile,7,0
S-002316,control,desktop,4,0
S-002317,control,desktop,11,0
S-002318,treatment,mobile,13,0
S-002319,control,desktop,11,0
S-002320,control,desktop,9,0
S-002321,treatment,mobile,14,0
S-002322,control,mobile,7,0
S-002323,treatment,mobile,8,0
S-002324,control,desktop,2,0
S-002325,treatment,mobile,3,0
S-002326,control,desktop,4,0
S-002327,control,desktop,5,0
S-002328,treatment,mobile,3,0
S-002329,treatment,mobile,13,0
S-002330,control,desktop,1,0
S-002331,treatment,mobile,12,1
S-002332,control,desktop,2,0
S-002333,treatment,mobile,1,0
S-002334,treatment,mobile,9,0
S-002335,control,desktop,7,0
S-002336,control,desktop,1,0
S-002337,treatment,mobile,2,1
S-002338,treatment,mobile,14,0
S-002339,treatment,mobile,10,0
S-002340,control,desktop,13,0
S-002341,control,desktop,3,0
S-002342,control,desktop,13,1
S-002343,treatment,mobile,4,0
S-002344,treatment,mobile,13,0
S-002345,control,desktop,14,0
S-002346,control,desktop,10,0
S-002347,control,desktop,13,0
S-002348,treatment,mobile,4,0
S-002349,treatment,mobile,9,0
S-002350,treatment,mobile,5,0
S-002351,control,desktop,12,0
S-002352,treatment,mobile,7,0
S-002353,control,desktop,10,0
S-002354,treatment,mobile,5,0
S-002355,control,desktop,12,0
S-002356,treatment,mobile,13,0
S-002357,treatment,mobile,3,0
S-002358,treatment,desktop,7,0
S-002359,treatment,mobile,8,0
S-002360,treatment,mobile,13,0
S-002361,control,desktop,14,0
S-002362,treatment,desktop,1,0
S-002363,treatment,mobile,12,0
S-002364,treatment,mobile,14,0
S-002365,treatment,mobile,6,0
S-002366,control,desktop,14,0
S-002367,control,mobile,1,0
S-002368,treatment,mobile,5,0
S-002369,treatment,mobile,4,0
S-002370,treatment,mobile,8,0
S-002371,treatment,mobile,7,0
S-002372,treatment,mobile,4,0
S-002373,control,mobile,4,1
S-002374,control,desktop,6,0
S-002375,control,desktop,13,1
S-002376,control,mobile,4,0
S-002377,treatment,mobile,7,0
S-002378,control,desktop,14,0
S-002379,treatment,mobile,6,0
S-002380,control,desktop,10,0
S-002381,control,desktop,13,0
S-002382,treatment,mobile,4,0
S-002383,treatment,desktop,7,0
S-002384,control,desktop,13,0
S-002385,control,mobile,3,0
S-002386,control,desktop,13,0
S-002387,control,desktop,12,0
S-002388,control,desktop,4,0
S-002389,control,desktop,5,0
S-002390,control,desktop,2,0
S-002391,control,desktop,5,0
S-002392,treatment,mobile,10,0
S-002393,treatment,mobile,5,0
S-002394,treatment,mobile,11,0
S-002395,treatment,mobile,3,0
S-002396,control,desktop,9,0
S-002397,treatment,desktop,14,0
S-002398,treatment,mobile,11,0
S-002399,control,desktop,8,0
S-002400,treatment,mobile,11,0
S-002401,control,desktop,1,0
S-002402,treatment,mobile,14,0
S-002403,control,desktop,10,0
S-002404,control,desktop,14,0
S-002405,treatment,mobile,12,0
S-002406,treatment,mobile,13,0
S-002407,treatment,mobile,14,0
S-002408,control,desktop,12,0
S-002409,control,desktop,14,0
S-002410,control,desktop,9,0
S-002411,treatment,mobile,8,0
S-002412,treatment,mobile,13,0
S-002413,treatment,mobile,8,0
S-002414,treatment,mobile,13,0
S-002415,control,desktop,8,1
S-002416,control,desktop,9,0
S-002417,control,mobile,9,0
S-002418,treatment,mobile,2,0
S-002419,control,desktop,9,0
S-002420,treatment,mobile,9,0
S-002421,control,mobile,8,0
S-002422,treatment,mobile,14,0
S-002423,control,desktop,3,0
S-002424,control,mobile,2,0
S-002425,control,mobile,9,0
S-002426,control,desktop,5,0
S-002427,control,mobile,11,0
S-002428,control,desktop,5,0
S-002429,treatment,desktop,13,0
S-002430,treatment,mobile,11,0
S-002431,treatment,mobile,1,0
S-002432,control,mobile,12,1
S-002433,control,desktop,4,0
S-002434,treatment,desktop,8,0
S-002435,treatment,mobile,3,0
S-002436,treatment,mobile,6,0
S-002437,treatment,mobile,13,0
S-002438,control,mobile,1,0
S-002439,treatment,mobile,7,0
S-002440,control,mobile,6,0
S-002441,control,desktop,3,0
S-002442,treatment,mobile,6,0
S-002443,control,mobile,12,0
S-002444,treatment,mobile,13,0
S-002445,control,desktop,11,0
S-002446,control,desktop,2,0
S-002447,control,desktop,5,1
S-002448,treatment,mobile,12,0
S-002449,control,desktop,14,0
S-002450,treatment,desktop,8,0
S-002451,treatment,mobile,6,0
S-002452,treatment,mobile,2,0
S-002453,control,mobile,4,0
S-002454,treatment,mobile,10,0
S-002455,control,desktop,2,0
S-002456,control,desktop,5,0
S-002457,control,desktop,10,0
S-002458,control,desktop,4,0
S-002459,control,desktop,2,0
S-002460,treatment,mobile,4,0
S-002461,treatment,mobile,3,0
S-002462,control,desktop,4,0
S-002463,treatment,mobile,9,0
S-002464,treatment,mobile,6,1
S-002465,treatment,mobile,14,0
S-002466,control,desktop,1,0
S-002467,treatment,mobile,5,0
S-002468,control,desktop,12,0
S-002469,treatment,mobile,14,0
S-002470,control,mobile,10,0
S-002471,treatment,mobile,1,0
S-002472,treatment,mobile,6,0
S-002473,treatment,mobile,14,0
S-002474,control,desktop,10,0
S-002475,control,desktop,8,0
S-002476,treatment,mobile,2,0
S-002477,control,desktop,2,0
S-002478,control,desktop,14,0
S-002479,treatment,mobile,8,0
S-002480,treatment,mobile,14,0
S-002481,control,mobile,1,0
S-002482,control,mobile,14,0
S-002483,treatment,mobile,12,0
S-002484,treatment,mobile,7,0
S-002485,control,desktop,12,0
S-002486,treatment,mobile,8,0
S-002487,control,desktop,12,0
S-002488,treatment,mobile,13,0
S-002489,control,mobile,14,0
S-002490,control,desktop,9,0
S-002491,control,desktop,3,1
S-002492,control,desktop,10,0
S-002493,treatment,desktop,14,1
S-002494,treatment,mobile,1,0
S-002495,treatment,mobile,2,0
S-002496,treatment,mobile,7,0
S-002497,treatment,mobile,9,0
S-002498,control,desktop,13,0
S-002499,control,desktop,12,0
S-002500,treatment,desktop,7,0
S-002501,treatment,desktop,13,0
S-002502,treatment,mobile,6,0
S-002503,control,desktop,6,0
S-002504,control,desktop,1,0
S-002505,control,mobile,11,0
S-002506,treatment,mobile,12,0
S-002507,treatment,mobile,8,0
S-002508,control,desktop,4,0
S-002509,control,desktop,14,0
S-002510,control,mobile,2,0
S-002511,control,desktop,7,1
S-002512,treatment,mobile,9,0
S-002513,treatment,mobile,9,0
S-002514,control,desktop,4,0
S-002515,control,mobile,10,0
S-002516,treatment,mobile,14,0
S-002517,control,desktop,8,0
S-002518,treatment,mobile,2,0
S-002519,control,desktop,11,0
S-002520,control,desktop,11,1
S-002521,control,desktop,2,1
S-002522,control,desktop,6,0
S-002523,control,desktop,10,0
S-002524,treatment,mobile,8,0
S-002525,treatment,mobile,1,0
S-002526,treatment,mobile,13,0
S-002527,control,desktop,11,0
S-002528,control,desktop,7,0
S-002529,control,desktop,5,0
S-002530,treatment,desktop,2,0
S-002531,treatment,mobile,3,0
S-002532,control,desktop,5,0
S-002533,control,desktop,9,0
S-002534,treatment,mobile,14,0
S-002535,treatment,desktop,5,0
S-002536,control,desktop,14,0
S-002537,control,desktop,1,0
S-002538,control,mobile,13,0
S-002539,control,desktop,10,0
S-002540,control,desktop,7,0
S-002541,treatment,mobile,8,0
S-002542,treatment,mobile,11,0
S-002543,control,desktop,10,0
S-002544,control,desktop,3,0
S-002545,control,mobile,3,0
S-002546,treatment,mobile,6,1
S-002547,control,desktop,13,0
S-002548,control,desktop,12,0
S-002549,control,desktop,1,0
S-002550,treatment,mobile,3,0
S-002551,control,mobile,7,0
S-002552,treatment,mobile,4,0
S-002553,control,mobile,6,0
S-002554,control,desktop,1,1
S-002555,treatment,mobile,6,0
S-002556,treatment,mobile,14,0
S-002557,control,desktop,14,0
S-002558,control,desktop,8,0
S-002559,treatment,mobile,6,0
S-002560,treatment,mobile,11,0
S-002561,control,mobile,9,0
S-002562,control,desktop,13,0
S-002563,treatment,mobile,8,0
S-002564,treatment,mobile,11,0
S-002565,control,mobile,7,0
S-002566,control,desktop,12,0
S-002567,treatment,mobile,12,0
S-002568,control,desktop,4,0
S-002569,control,desktop,4,0
S-002570,treatment,mobile,9,0
S-002571,treatment,mobile,1,0
S-002572,treatment,mobile,13,0
S-002573,control,desktop,5,0
S-002574,control,desktop,10,0
S-002575,control,desktop,8,0
S-002576,control,mobile,14,0
S-002577,control,desktop,3,0
S-002578,treatment,mobile,6,0
S-002579,control,desktop,12,0
S-002580,treatment,mobile,13,0
S-002581,treatment,mobile,11,0
S-002582,treatment,mobile,10,0
S-002583,control,desktop,14,1
S-002584,control,desktop,8,0
S-002585,control,desktop,11,0
S-002586,control,desktop,13,0
S-002587,treatment,mobile,4,0
S-002588,control,desktop,2,0
S-002589,treatment,mobile,14,0
S-002590,control,desktop,8,0
S-002591,control,desktop,1,0
S-002592,treatment,mobile,6,0
S-002593,control,desktop,6,1
S-002594,treatment,mobile,9,0
S-002595,treatment,mobile,12,0
S-002596,treatment,desktop,10,0
S-002597,treatment,mobile,7,1
S-002598,control,desktop,13,0
S-002599,control,mobile,1,0
S-002600,control,desktop,10,0
S-002601,control,mobile,11,0
S-002602,treatment,mobile,8,0
S-002603,treatment,mobile,7,1
S-002604,treatment,mobile,7,0
S-002605,control,mobile,13,0
S-002606,control,desktop,1,0
S-002607,control,desktop,7,0
S-002608,control,desktop,13,0
S-002609,control,mobile,13,0
S-002610,control,mobile,11,1
S-002611,control,desktop,2,0
S-002612,treatment,mobile,9,0
S-002613,treatment,desktop,10,0
S-002614,control,desktop,10,0
S-002615,control,desktop,11,1
S-002616,treatment,mobile,8,0
S-002617,treatment,mobile,10,0
S-002618,control,desktop,2,0
S-002619,control,desktop,11,1
S-002620,treatment,mobile,4,0
S-002621,control,desktop,2,0
S-002622,control,mobile,14,0
S-002623,control,desktop,8,1
S-002624,treatment,mobile,3,0
S-002625,treatment,mobile,1,0
S-002626,control,desktop,9,0
S-002627,treatment,mobile,5,0
S-002628,treatment,desktop,8,0
S-002629,treatment,mobile,1,0
S-002630,control,mobile,12,0
S-002631,control,desktop,10,0
S-002632,control,desktop,7,0
S-002633,control,desktop,1,0
S-002634,treatment,mobile,14,0
S-002635,treatment,mobile,1,0
S-002636,treatment,mobile,10,0
S-002637,control,mobile,8,1
S-002638,control,mobile,5,0
S-002639,treatment,mobile,13,0
S-002640,control,mobile,6,0
S-002641,treatment,mobile,8,0
S-002642,treatment,desktop,7,0
S-002643,control,desktop,1,0
S-002644,treatment,desktop,3,0
S-002645,control,desktop,4,1
S-002646,control,desktop,3,0
S-002647,control,mobile,5,0
S-002648,treatment,mobile,5,0
S-002649,treatment,mobile,9,0
S-002650,treatment,mobile,11,0
S-002651,treatment,mobile,8,0
S-002652,treatment,mobile,5,0
S-002653,control,desktop,8,0
S-002654,treatment,mobile,9,0
S-002655,control,desktop,3,0
S-002656,treatment,mobile,8,0
S-002657,control,mobile,11,0
S-002658,treatment,mobile,4,0
S-002659,control,desktop,12,0
S-002660,control,desktop,8,0
S-002661,treatment,mobile,5,0
S-002662,treatment,mobile,10,0
S-002663,treatment,mobile,4,0
S-002664,control,desktop,5,0
S-002665,control,desktop,6,1
S-002666,treatment,mobile,9,0
S-002667,treatment,mobile,9,0
S-002668,treatment,mobile,3,0
S-002669,treatment,mobile,8,0
S-002670,treatment,mobile,8,0
S-002671,control,desktop,7,0
S-002672,treatment,mobile,10,0
S-002673,treatment,mobile,13,0
S-002674,treatment,desktop,14,0
S-002675,control,desktop,13,0
S-002676,control,desktop,5,0
S-002677,treatment,mobile,12,0
S-002678,control,mobile,10,0
S-002679,treatment,mobile,13,1
S-002680,treatment,mobile,1,0
S-002681,control,mobile,14,0
S-002682,control,desktop,5,0
S-002683,control,desktop,7,0
S-002684,treatment,mobile,10,0
S-002685,control,mobile,5,0
S-002686,control,desktop,12,0
S-002687,treatment,mobile,6,0
S-002688,treatment,mobile,11,0
S-002689,treatment,mobile,6,0
S-002690,control,desktop,3,0
S-002691,control,desktop,12,0
S-002692,treatment,mobile,6,0
S-002693,control,desktop,7,0
S-002694,control,desktop,1,0
S-002695,treatment,mobile,1,1
S-002696,treatment,mobile,13,0
S-002697,control,desktop,4,1
S-002698,control,desktop,5,0
S-002699,control,mobile,14,0
S-002700,treatment,mobile,7,0
S-002701,treatment,mobile,13,0
S-002702,treatment,desktop,8,0
S-002703,control,desktop,3,1
S-002704,control,desktop,4,0
S-002705,treatment,mobile,5,0
S-002706,treatment,mobile,8,0
S-002707,control,desktop,9,0
S-002708,treatment,mobile,2,0
S-002709,control,mobile,14,0
S-002710,treatment,mobile,6,0
S-002711,treatment,mobile,5,0
S-002712,control,mobile,2,0
S-002713,control,desktop,8,0
S-002714,control,desktop,3,1
S-002715,control,mobile,8,0
S-002716,control,desktop,5,0
S-002717,control,desktop,7,0
S-002718,control,desktop,7,0
S-002719,treatment,mobile,7,0
S-002720,control,desktop,10,0
S-002721,treatment,mobile,11,0
S-002722,control,desktop,14,1
S-002723,control,desktop,11,0
S-002724,treatment,desktop,1,0
S-002725,control,desktop,11,0
S-002726,control,desktop,6,0
S-002727,treatment,mobile,14,1
S-002728,treatment,mobile,10,0
S-002729,treatment,mobile,7,0
S-002730,control,desktop,10,1
S-002731,treatment,mobile,2,0
S-002732,treatment,mobile,8,0
S-002733,treatment,mobile,12,0
S-002734,control,desktop,3,0
S-002735,control,desktop,4,0
S-002736,control,mobile,8,0
S-002737,treatment,mobile,3,0
S-002738,treatment,mobile,11,1
S-002739,control,mobile,13,0
S-002740,control,desktop,14,0
S-002741,control,desktop,4,0
S-002742,control,desktop,2,0
S-002743,control,desktop,9,0
S-002744,control,desktop,14,0
S-002745,control,desktop,1,0
S-002746,control,mobile,2,0
S-002747,treatment,desktop,4,1
S-002748,treatment,mobile,1,0
S-002749,treatment,mobile,3,0
S-002750,treatment,mobile,6,0
S-002751,control,mobile,13,0
S-002752,treatment,mobile,4,0
S-002753,control,desktop,9,0
S-002754,treatment,mobile,9,0
S-002755,treatment,mobile,8,0
S-002756,treatment,mobile,13,0
S-002757,control,desktop,9,0
S-002758,treatment,mobile,10,0
S-002759,treatment,desktop,11,0
S-002760,control,mobile,3,0
S-002761,control,mobile,12,0
S-002762,treatment,mobile,7,0
S-002763,treatment,mobile,3,0
S-002764,control,desktop,4,0
S-002765,treatment,mobile,6,0
S-002766,control,mobile,4,0
S-002767,control,desktop,8,0
S-002768,control,desktop,3,0
S-002769,treatment,mobile,13,0
S-002770,treatment,mobile,5,0
S-002771,control,desktop,13,0
S-002772,control,mobile,8,0
S-002773,treatment,mobile,4,0
S-002774,control,desktop,11,0
S-002775,treatment,mobile,12,0
S-002776,treatment,mobile,12,0
S-002777,control,mobile,5,0
S-002778,treatment,mobile,9,0
S-002779,control,desktop,8,1
S-002780,control,desktop,7,0
S-002781,treatment,mobile,2,0
S-002782,control,desktop,6,0
S-002783,control,desktop,7,1
S-002784,control,desktop,1,1
S-002785,control,desktop,13,0
S-002786,treatment,mobile,7,0
S-002787,control,desktop,10,0
S-002788,treatment,mobile,3,0
S-002789,treatment,mobile,10,0
S-002790,control,desktop,14,0
S-002791,treatment,desktop,2,0
S-002792,control,mobile,6,0
S-002793,control,desktop,10,0
S-002794,treatment,mobile,14,0
S-002795,treatment,mobile,13,0
S-002796,control,desktop,8,0
S-002797,treatment,mobile,10,0
S-002798,treatment,mobile,8,0
S-002799,treatment,mobile,2,0
S-002800,treatment,mobile,5,0
S-002801,control,desktop,7,0
S-002802,control,mobile,8,0
S-002803,treatment,mobile,13,0
S-002804,treatment,mobile,1,0
S-002805,control,desktop,7,0
S-002806,control,desktop,13,0
S-002807,treatment,mobile,10,0
S-002808,treatment,mobile,2,0
S-002809,control,mobile,2,0
S-002810,control,desktop,12,0
S-002811,treatment,mobile,3,0
S-002812,treatment,mobile,1,0
S-002813,control,desktop,10,0
S-002814,control,desktop,6,0
S-002815,control,desktop,8,0
S-002816,control,desktop,6,1
S-002817,treatment,mobile,3,0
S-002818,control,mobile,13,0
S-002819,treatment,mobile,14,0
S-002820,treatment,mobile,13,0
S-002821,treatment,desktop,7,0
S-002822,control,desktop,12,1
S-002823,treatment,mobile,14,0
S-002824,control,desktop,12,0
S-002825,control,mobile,12,0
S-002826,treatment,mobile,5,0
S-002827,control,mobile,1,0
S-002828,control,mobile,5,0
S-002829,control,desktop,6,0
S-002830,control,desktop,2,1
S-002831,treatment,desktop,10,0
S-002832,treatment,mobile,3,0
S-002833,control,mobile,1,0
S-002834,control,mobile,13,0
S-002835,treatment,mobile,3,0
S-002836,treatment,mobile,10,0
S-002837,treatment,mobile,4,0
S-002838,treatment,mobile,9,0
S-002839,control,desktop,14,1
S-002840,treatment,mobile,3,0
S-002841,control,desktop,4,0
S-002842,treatment,mobile,6,0
S-002843,treatment,mobile,3,0
S-002844,control,desktop,4,0
S-002845,treatment,mobile,4,0
S-002846,control,desktop,5,0
S-002847,treatment,mobile,5,0
S-002848,treatment,mobile,5,0
S-002849,treatment,mobile,8,0
S-002850,control,desktop,9,0
S-002851,control,desktop,14,0
S-002852,control,mobile,10,0
S-002853,treatment,mobile,3,0
S-002854,treatment,mobile,10,0
S-002855,control,desktop,14,1
S-002856,treatment,mobile,1,0
S-002857,treatment,mobile,8,0
S-002858,treatment,mobile,7,0
S-002859,treatment,mobile,13,0
S-002860,treatment,mobile,3,0
S-002861,treatment,mobile,2,0
S-002862,treatment,mobile,9,0
S-002863,treatment,mobile,7,0
S-002864,treatment,mobile,7,0
S-002865,treatment,mobile,8,0
S-002866,treatment,desktop,8,1
S-002867,treatment,mobile,1,0
S-002868,treatment,mobile,1,0
S-002869,treatment,mobile,4,0
S-002870,control,mobile,3,1
S-002871,treatment,mobile,13,0
S-002872,control,desktop,13,0
S-002873,treatment,mobile,1,0
S-002874,treatment,desktop,5,0
S-002875,control,desktop,2,1
S-002876,treatment,mobile,3,0
S-002877,treatment,mobile,11,1
S-002878,treatment,mobile,8,1
S-002879,control,desktop,6,1
S-002880,control,desktop,4,0
S-002881,control,desktop,11,0
S-002882,treatment,mobile,13,0
S-002883,control,desktop,11,0
S-002884,treatment,mobile,8,0
S-002885,treatment,mobile,14,0
S-002886,control,desktop,6,0
S-002887,control,mobile,4,0
S-002888,treatment,mobile,9,0
S-002889,treatment,mobile,4,0
S-002890,control,desktop,9,0
S-002891,treatment,desktop,6,0
S-002892,control,desktop,12,0
S-002893,treatment,mobile,8,0
S-002894,control,mobile,12,0
S-002895,control,desktop,13,0
S-002896,control,mobile,11,0
S-002897,control,mobile,1,0
S-002898,control,desktop,10,0
S-002899,treatment,mobile,13,0
S-002900,control,desktop,3,0
S-002901,treatment,desktop,4,0
S-002902,control,desktop,7,0
S-002903,control,desktop,5,0
S-002904,control,desktop,2,0
S-002905,treatment,desktop,13,0
S-002906,control,desktop,7,0
S-002907,control,desktop,7,0
S-002908,treatment,mobile,6,0
S-002909,treatment,mobile,6,0
S-002910,treatment,mobile,1,0
S-002911,treatment,mobile,11,0
S-002912,control,desktop,8,0
S-002913,control,desktop,2,0
S-002914,treatment,mobile,1,1
S-002915,control,desktop,6,0
S-002916,treatment,mobile,11,0
S-002917,treatment,mobile,8,0
S-002918,control,desktop,8,0
S-002919,treatment,mobile,11,1
S-002920,control,mobile,9,0
S-002921,treatment,mobile,9,0
S-002922,treatment,desktop,1,0
S-002923,treatment,desktop,3,0
S-002924,control,desktop,2,0
S-002925,treatment,mobile,11,0
S-002926,treatment,mobile,14,0
S-002927,treatment,mobile,11,0
S-002928,treatment,mobile,8,0
S-002929,treatment,mobile,13,0
S-002930,treatment,mobile,9,0
S-002931,control,mobile,13,0
S-002932,treatment,mobile,4,0
S-002933,control,desktop,11,0
S-002934,control,desktop,1,0
S-002935,treatment,mobile,4,0
S-002936,treatment,mobile,13,0
S-002937,treatment,mobile,13,0
S-002938,control,desktop,6,0
S-002939,control,desktop,12,0
S-002940,treatment,mobile,10,0
S-002941,treatment,desktop,11,0
S-002942,control,desktop,9,0
S-002943,control,desktop,4,0
S-002944,control,desktop,3,0
S-002945,control,desktop,4,0
S-002946,treatment,mobile,7,0
S-002947,treatment,mobile,11,0
S-002948,treatment,desktop,6,0
S-002949,treatment,mobile,9,0
S-002950,treatment,mobile,8,0
S-002951,control,desktop,1,0
S-002952,treatment,mobile,1,0
S-002953,control,desktop,14,0
S-002954,treatment,mobile,4,0
S-002955,control,desktop,3,0
S-002956,control,mobile,6,0
S-002957,treatment,desktop,10,0
S-002958,control,mobile,5,0
S-002959,treatment,mobile,7,0
S-002960,treatment,mobile,2,0
S-002961,treatment,mobile,9,0
S-002962,treatment,mobile,7,0
S-002963,treatment,desktop,8,0
S-002964,treatment,mobile,1,0
S-002965,treatment,mobile,2,0
S-002966,control,desktop,9,0
S-002967,treatment,desktop,12,0
S-002968,treatment,mobile,5,0
S-002969,treatment,mobile,13,0
S-002970,treatment,mobile,7,0
S-002971,control,desktop,1,0
S-002972,treatment,mobile,2,0
S-002973,control,desktop,1,1
S-002974,control,desktop,3,0
S-002975,control,desktop,1,0
S-002976,control,mobile,12,0
S-002977,treatment,mobile,8,0
S-002978,treatment,mobile,7,0
S-002979,control,mobile,9,0
S-002980,control,desktop,8,0
S-002981,control,desktop,14,0
S-002982,treatment,mobile,4,0
S-002983,control,desktop,12,1
S-002984,control,mobile,4,0
S-002985,control,desktop,12,1
S-002986,control,mobile,3,0
S-002987,control,mobile,13,0
S-002988,control,mobile,13,0
S-002989,treatment,mobile,4,0
S-002990,treatment,mobile,14,0
S-002991,treatment,mobile,10,0
S-002992,treatment,mobile,14,0
S-002993,treatment,mobile,10,0
S-002994,treatment,mobile,14,0
S-002995,control,desktop,4,0
S-002996,control,desktop,12,0
S-002997,treatment,mobile,6,0
S-002998,control,desktop,13,0
S-002999,treatment,mobile,7,0
S-003000,control,desktop,4,0
S-003001,control,desktop,1,1
S-003002,control,desktop,9,0
S-003003,control,desktop,6,1
S-003004,control,desktop,7,0
S-003005,control,desktop,9,1
S-003006,control,desktop,7,0
S-003007,treatment,mobile,8,0
S-003008,treatment,desktop,13,0
S-003009,control,desktop,3,1
S-003010,control,desktop,14,0
S-003011,control,desktop,1,0
S-003012,treatment,mobile,7,0
S-003013,treatment,desktop,8,1
S-003014,treatment,mobile,10,0
S-003015,control,desktop,1,0
S-003016,treatment,mobile,12,0
S-003017,treatment,mobile,11,0
S-003018,control,mobile,10,0
S-003019,control,desktop,4,0
S-003020,treatment,mobile,9,0
S-003021,treatment,mobile,6,0
S-003022,treatment,mobile,9,0
S-003023,control,desktop,9,0
S-003024,treatment,mobile,6,0
S-003025,treatment,mobile,8,0
S-003026,treatment,mobile,8,1
S-003027,control,desktop,3,1
S-003028,treatment,mobile,1,0
S-003029,treatment,mobile,4,0
S-003030,treatment,mobile,3,0
S-003031,treatment,mobile,5,0
S-003032,control,desktop,2,0
S-003033,treatment,desktop,11,0
S-003034,treatment,desktop,11,0
S-003035,treatment,mobile,5,0
S-003036,control,mobile,6,0
S-003037,control,desktop,2,0
S-003038,treatment,mobile,10,0
S-003039,control,desktop,11,0
S-003040,treatment,mobile,6,0
S-003041,control,desktop,4,0
S-003042,treatment,mobile,11,0
S-003043,control,desktop,9,0
S-003044,treatment,mobile,13,0
S-003045,control,mobile,2,0
S-003046,treatment,mobile,11,0
S-003047,control,desktop,8,0
S-003048,control,desktop,5,0
S-003049,treatment,mobile,4,0
S-003050,treatment,mobile,10,0
S-003051,control,desktop,1,0
S-003052,treatment,mobile,12,1
S-003053,control,desktop,14,0
S-003054,treatment,mobile,14,0
S-003055,control,desktop,7,0
S-003056,treatment,mobile,2,0
S-003057,control,mobile,7,0
S-003058,treatment,mobile,6,0
S-003059,treatment,mobile,4,0
S-003060,treatment,mobile,3,0
S-003061,treatment,mobile,2,0
S-003062,treatment,mobile,4,0
S-003063,treatment,mobile,7,0
S-003064,control,desktop,9,0
S-003065,control,desktop,1,0
S-003066,control,desktop,14,0
S-003067,control,mobile,10,0
S-003068,control,mobile,13,0
S-003069,control,desktop,4,1
S-003070,treatment,mobile,7,0
S-003071,treatment,mobile,6,1
S-003072,control,desktop,14,1
S-003073,control,desktop,1,0
S-003074,treatment,mobile,2,0
S-003075,treatment,mobile,14,0
S-003076,treatment,desktop,13,0
S-003077,control,desktop,13,0
S-003078,treatment,desktop,1,0
S-003079,control,desktop,8,0
S-003080,control,desktop,10,0
S-003081,treatment,mobile,9,0
S-003082,treatment,mobile,9,0
S-003083,control,desktop,14,0
S-003084,treatment,mobile,8,0
S-003085,control,desktop,7,0
S-003086,treatment,mobile,8,0
S-003087,control,desktop,9,0
S-003088,treatment,mobile,11,0
S-003089,treatment,mobile,9,0
S-003090,control,mobile,14,0
S-003091,control,desktop,9,0
S-003092,control,desktop,5,0
S-003093,control,desktop,14,0
S-003094,control,desktop,2,0
S-003095,treatment,mobile,11,0
S-003096,treatment,mobile,3,0
S-003097,control,desktop,2,0
S-003098,treatment,mobile,10,1
S-003099,treatment,mobile,13,1
S-003100,treatment,mobile,8,0
S-003101,treatment,mobile,13,0
S-003102,treatment,mobile,1,0
S-003103,treatment,mobile,4,0
S-003104,treatment,mobile,7,0
S-003105,control,mobile,3,0
S-003106,control,mobile,3,0
S-003107,treatment,mobile,8,0
S-003108,control,desktop,14,0
S-003109,treatment,mobile,13,0
S-003110,treatment,mobile,12,0
S-003111,control,desktop,4,0
S-003112,treatment,desktop,14,0
S-003113,control,desktop,13,0
S-003114,control,desktop,6,0
S-003115,treatment,mobile,2,0
S-003116,control,mobile,9,0
S-003117,control,mobile,1,0
S-003118,treatment,mobile,11,0
S-003119,treatment,mobile,12,0
S-003120,control,desktop,1,0
S-003121,treatment,mobile,3,1
S-003122,control,desktop,13,0
S-003123,treatment,mobile,6,0
S-003124,control,mobile,3,0
S-003125,control,mobile,1,0
S-003126,control,desktop,11,0
S-003127,control,mobile,7,0
S-003128,treatment,mobile,6,0
S-003129,treatment,mobile,10,0
S-003130,control,desktop,4,0
S-003131,control,desktop,8,0
S-003132,treatment,mobile,7,0
S-003133,treatment,mobile,11,0
S-003134,treatment,desktop,10,0
S-003135,treatment,mobile,7,0
S-003136,treatment,mobile,11,0
S-003137,control,desktop,2,0
S-003138,treatment,desktop,5,1
S-003139,control,desktop,2,0
S-003140,control,desktop,7,0
S-003141,control,desktop,1,0
S-003142,treatment,mobile,14,0
S-003143,treatment,mobile,9,0
S-003144,treatment,mobile,2,0
S-003145,control,desktop,13,0
S-003146,control,desktop,6,1
S-003147,control,mobile,13,0
S-003148,treatment,mobile,10,0
S-003149,control,mobile,7,0
S-003150,treatment,mobile,2,0
S-003151,treatment,mobile,10,0
S-003152,treatment,mobile,13,0
S-003153,treatment,mobile,6,0
S-003154,control,desktop,9,1
S-003155,control,desktop,6,0
S-003156,control,mobile,3,0
S-003157,treatment,mobile,10,0
S-003158,treatment,desktop,3,0
S-003159,control,mobile,4,0
S-003160,control,desktop,8,0
S-003161,treatment,mobile,11,0
S-003162,control,mobile,7,0
S-003163,control,desktop,3,0
S-003164,control,desktop,9,0
S-003165,treatment,desktop,13,0
S-003166,treatment,desktop,11,1
S-003167,treatment,mobile,1,0
S-003168,control,mobile,4,0
S-003169,control,desktop,12,0
S-003170,treatment,mobile,12,1
S-003171,control,desktop,3,0
S-003172,treatment,desktop,1,0
S-003173,treatment,mobile,6,0
S-003174,control,mobile,4,0
S-003175,control,desktop,10,0
S-003176,control,desktop,1,0
S-003177,control,desktop,8,0
S-003178,treatment,mobile,10,0
S-003179,control,mobile,7,0
S-003180,treatment,mobile,14,0
S-003181,control,desktop,10,0
S-003182,control,desktop,9,0
S-003183,treatment,mobile,14,0
S-003184,treatment,mobile,13,0
S-003185,control,desktop,2,0
S-003186,treatment,mobile,13,0
S-003187,treatment,mobile,5,0
S-003188,treatment,desktop,2,0
S-003189,treatment,mobile,8,0
S-003190,control,desktop,4,0
S-003191,control,desktop,1,0
S-003192,control,desktop,1,1
S-003193,treatment,mobile,4,0
S-003194,control,mobile,8,0
S-003195,treatment,desktop,14,0
S-003196,control,mobile,11,0
S-003197,control,mobile,9,0
S-003198,control,desktop,5,0
S-003199,treatment,mobile,1,0
S-003200,treatment,mobile,2,0
S-003201,treatment,mobile,13,0
S-003202,treatment,mobile,14,0
S-003203,control,desktop,11,0
S-003204,control,desktop,3,0
S-003205,treatment,desktop,11,0
S-003206,control,desktop,3,0
S-003207,treatment,mobile,8,0
S-003208,control,desktop,8,0
S-003209,control,desktop,2,0
S-003210,control,desktop,7,0
S-003211,control,desktop,11,0
S-003212,treatment,desktop,3,0
S-003213,control,desktop,6,0
S-003214,control,desktop,14,0
S-003215,treatment,mobile,6,0
S-003216,treatment,mobile,8,0
S-003217,treatment,mobile,4,0
S-003218,treatment,mobile,2,0
S-003219,treatment,mobile,4,1
S-003220,treatment,desktop,3,0
S-003221,treatment,mobile,6,0
S-003222,treatment,mobile,6,0
S-003223,treatment,mobile,7,0
S-003224,control,desktop,14,1
S-003225,treatment,mobile,3,0
S-003226,control,desktop,6,0
S-003227,control,desktop,13,0
S-003228,treatment,mobile,12,0
S-003229,treatment,mobile,5,1
S-003230,control,mobile,4,0
S-003231,treatment,mobile,2,0
S-003232,control,desktop,14,0
S-003233,control,mobile,8,0
S-003234,treatment,mobile,8,0
S-003235,control,desktop,7,1
S-003236,control,desktop,8,0
S-003237,control,desktop,12,0
S-003238,treatment,mobile,7,0
S-003239,control,desktop,12,0
S-003240,treatment,mobile,7,0
S-003241,control,desktop,9,0
S-003242,treatment,mobile,4,0
S-003243,control,desktop,13,0
S-003244,control,desktop,1,0
S-003245,treatment,desktop,13,0
S-003246,treatment,mobile,9,0
S-003247,treatment,desktop,2,0
S-003248,control,mobile,14,0
S-003249,treatment,desktop,10,1
S-003250,treatment,mobile,14,0
S-003251,control,mobile,9,0
S-003252,control,desktop,8,0
S-003253,treatment,mobile,14,0
S-003254,treatment,mobile,5,0
S-003255,treatment,mobile,4,0
S-003256,treatment,mobile,4,0
S-003257,control,desktop,13,0
S-003258,treatment,mobile,10,0
S-003259,control,desktop,8,0
S-003260,treatment,mobile,14,0
S-003261,control,mobile,14,0
S-003262,control,desktop,11,0
S-003263,control,desktop,9,0
S-003264,control,mobile,8,1
S-003265,treatment,mobile,3,0
S-003266,control,desktop,12,0
S-003267,treatment,mobile,2,0
S-003268,treatment,mobile,4,0
S-003269,treatment,desktop,13,0
S-003270,control,desktop,4,0
S-003271,treatment,mobile,11,0
S-003272,control,desktop,4,1
S-003273,treatment,desktop,6,1
S-003274,treatment,desktop,5,0
S-003275,treatment,mobile,7,0
S-003276,treatment,mobile,12,0
S-003277,control,desktop,6,0
S-003278,treatment,mobile,4,0
S-003279,control,desktop,2,1
S-003280,treatment,mobile,6,0
S-003281,treatment,mobile,4,0
S-003282,control,mobile,11,0
S-003283,control,desktop,9,1
S-003284,control,mobile,11,0
S-003285,treatment,mobile,5,0
S-003286,treatment,mobile,10,0
S-003287,control,desktop,4,0
S-003288,treatment,mobile,10,0
S-003289,treatment,mobile,7,0
S-003290,control,desktop,8,0
S-003291,control,mobile,8,0
S-003292,treatment,mobile,7,0
S-003293,control,mobile,11,0
S-003294,control,mobile,1,0
S-003295,control,desktop,4,0
S-003296,control,mobile,6,1
S-003297,treatment,mobile,1,0
S-003298,treatment,mobile,13,0
S-003299,treatment,mobile,9,0
S-003300,treatment,mobile,4,0
S-003301,control,desktop,2,0
S-003302,treatment,mobile,11,1
S-003303,treatment,mobile,11,0
S-003304,control,desktop,10,0
S-003305,control,mobile,12,0
S-003306,treatment,mobile,5,0
S-003307,control,desktop,4,0
S-003308,treatment,desktop,6,0
S-003309,treatment,mobile,9,0
S-003310,treatment,mobile,12,0
S-003311,control,desktop,6,0
S-003312,control,desktop,1,1
S-003313,treatment,mobile,7,0
S-003314,treatment,mobile,1,0
S-003315,treatment,mobile,14,0
S-003316,treatment,mobile,8,0
S-003317,treatment,mobile,2,0
S-003318,treatment,mobile,14,0
S-003319,treatment,mobile,5,0
S-003320,treatment,mobile,2,0
S-003321,treatment,desktop,8,0
S-003322,control,desktop,4,0
S-003323,control,desktop,9,0
S-003324,control,desktop,4,0
S-003325,control,mobile,7,0
S-003326,treatment,mobile,2,0
S-003327,treatment,mobile,7,0
S-003328,control,mobile,14,0
S-003329,control,mobile,1,0
S-003330,control,mobile,3,0
S-003331,treatment,mobile,9,0
S-003332,treatment,mobile,4,0
S-003333,control,desktop,3,0
S-003334,control,desktop,5,0
S-003335,control,desktop,5,0
S-003336,control,mobile,14,0
S-003337,control,desktop,14,0
S-003338,control,desktop,4,0
S-003339,treatment,mobile,2,0
S-003340,control,desktop,13,0
S-003341,treatment,mobile,9,0
S-003342,treatment,mobile,4,0
S-003343,treatment,mobile,6,0
S-003344,treatment,mobile,10,0
S-003345,control,mobile,1,0
S-003346,treatment,desktop,13,0
S-003347,treatment,mobile,4,0
S-003348,treatment,mobile,2,0
S-003349,treatment,mobile,7,0
S-003350,treatment,mobile,11,0
S-003351,treatment,mobile,5,1
S-003352,control,desktop,5,0
S-003353,control,mobile,7,0
S-003354,treatment,mobile,7,0
S-003355,control,desktop,5,0
S-003356,treatment,mobile,14,0
S-003357,control,mobile,2,0
S-003358,treatment,mobile,8,1
S-003359,treatment,mobile,3,0
S-003360,control,desktop,9,0
S-003361,control,desktop,6,1
S-003362,control,desktop,3,0
S-003363,treatment,mobile,1,0
S-003364,control,mobile,2,0
S-003365,treatment,mobile,13,0
S-003366,treatment,mobile,9,0
S-003367,treatment,mobile,12,0
S-003368,treatment,mobile,7,1
S-003369,control,desktop,11,0
S-003370,control,desktop,14,0
S-003371,treatment,desktop,2,0
S-003372,control,mobile,6,0
S-003373,control,mobile,7,0
S-003374,control,mobile,14,0
S-003375,control,desktop,8,0
S-003376,treatment,mobile,8,0
S-003377,treatment,mobile,4,0
S-003378,control,mobile,12,1
S-003379,treatment,mobile,3,0
S-003380,treatment,mobile,13,1
S-003381,treatment,mobile,12,0
S-003382,control,desktop,14,0
S-003383,treatment,mobile,13,0
S-003384,control,desktop,1,0
S-003385,treatment,mobile,4,0
S-003386,treatment,mobile,9,0
S-003387,control,desktop,4,0
S-003388,control,desktop,2,0
S-003389,control,desktop,9,0
S-003390,treatment,mobile,8,0
S-003391,control,desktop,4,0
S-003392,treatment,mobile,11,0
S-003393,treatment,desktop,4,0
S-003394,control,desktop,6,0
S-003395,treatment,mobile,14,0
S-003396,treatment,mobile,5,0
S-003397,treatment,mobile,3,0
S-003398,control,desktop,4,0
S-003399,treatment,mobile,2,0
S-003400,control,mobile,4,0
S-003401,control,desktop,5,0
S-003402,treatment,mobile,4,1
S-003403,control,mobile,2,0
S-003404,control,desktop,3,0
S-003405,treatment,mobile,3,1
S-003406,treatment,desktop,8,0
S-003407,control,desktop,3,0
S-003408,treatment,mobile,4,0
S-003409,control,mobile,5,0
S-003410,treatment,mobile,3,0
S-003411,control,desktop,9,0
S-003412,treatment,mobile,6,0
S-003413,treatment,desktop,10,1
S-003414,treatment,mobile,13,0
S-003415,control,desktop,14,1
S-003416,treatment,mobile,4,0
S-003417,control,desktop,10,0
S-003418,treatment,mobile,1,0
S-003419,treatment,mobile,2,0
S-003420,control,mobile,10,0
S-003421,treatment,mobile,14,0
S-003422,control,mobile,6,0
S-003423,treatment,mobile,5,0
S-003424,control,desktop,13,0
S-003425,treatment,mobile,5,0
S-003426,treatment,mobile,2,0
S-003427,treatment,mobile,12,0
S-003428,control,mobile,2,0
S-003429,treatment,mobile,4,0
S-003430,treatment,desktop,3,0
S-003431,treatment,mobile,12,0
S-003432,control,desktop,4,0
S-003433,treatment,mobile,7,0
S-003434,treatment,mobile,5,0
S-003435,treatment,mobile,5,0
S-003436,treatment,mobile,9,0
S-003437,control,desktop,12,0
S-003438,treatment,mobile,1,0
S-003439,control,desktop,7,1
S-003440,treatment,mobile,6,0
S-003441,treatment,mobile,4,0
S-003442,treatment,mobile,8,0
S-003443,treatment,mobile,2,0
S-003444,treatment,mobile,3,0
S-003445,treatment,mobile,12,0
S-003446,control,desktop,6,0
S-003447,control,desktop,13,1
S-003448,control,desktop,1,0
S-003449,treatment,mobile,7,0
S-003450,treatment,mobile,4,0
S-003451,treatment,mobile,4,0
S-003452,control,mobile,10,0
S-003453,treatment,mobile,6,0
S-003454,treatment,mobile,1,0
S-003455,treatment,mobile,11,0
S-003456,treatment,desktop,1,0
S-003457,treatment,mobile,10,0
S-003458,treatment,mobile,9,0
S-003459,treatment,mobile,13,0
S-003460,treatment,mobile,14,0
S-003461,treatment,mobile,1,0
S-003462,treatment,mobile,1,0
S-003463,treatment,mobile,13,0
S-003464,treatment,mobile,7,0
S-003465,control,mobile,6,0
S-003466,control,desktop,7,0
S-003467,control,desktop,4,0
S-003468,treatment,mobile,2,0
S-003469,control,desktop,9,0
S-003470,control,mobile,8,0
S-003471,control,desktop,7,0
S-003472,control,desktop,12,0
S-003473,treatment,mobile,4,0
S-003474,control,desktop,2,0
S-003475,treatment,mobile,1,0
S-003476,control,desktop,4,0
S-003477,control,desktop,12,0
S-003478,control,mobile,1,0
S-003479,treatment,desktop,12,0
S-003480,control,desktop,7,1
S-003481,treatment,mobile,12,0
S-003482,control,mobile,7,0
S-003483,control,desktop,2,0
S-003484,control,mobile,5,0
S-003485,treatment,mobile,12,0
S-003486,treatment,mobile,5,0
S-003487,treatment,mobile,14,0
S-003488,control,mobile,14,0
S-003489,control,desktop,13,0
S-003490,treatment,mobile,9,0
S-003491,treatment,mobile,9,0
S-003492,treatment,mobile,12,0
S-003493,control,desktop,9,0
S-003494,treatment,mobile,13,0
S-003495,control,desktop,6,0
S-003496,control,desktop,6,0
S-003497,treatment,mobile,11,0
S-003498,treatment,desktop,3,0
S-003499,control,desktop,4,0
S-003500,treatment,mobile,2,0
S-003501,control,desktop,3,0
S-003502,control,mobile,9,0
S-003503,treatment,mobile,2,0
S-003504,treatment,mobile,7,0
S-003505,treatment,mobile,12,0
S-003506,control,mobile,11,0
S-003507,control,desktop,5,0
S-003508,treatment,desktop,2,0
S-003509,control,desktop,13,1
S-003510,control,desktop,6,0
S-003511,control,desktop,6,0
S-003512,control,desktop,12,0
S-003513,control,desktop,3,0
S-003514,control,mobile,14,0
S-003515,control,desktop,9,0
S-003516,control,desktop,10,0
S-003517,treatment,mobile,11,0
S-003518,treatment,desktop,5,0
S-003519,treatment,mobile,12,0
S-003520,treatment,mobile,9,0
S-003521,treatment,mobile,10,0
S-003522,treatment,mobile,4,0
S-003523,treatment,mobile,10,0
S-003524,control,desktop,11,0
S-003525,treatment,mobile,14,0
S-003526,treatment,mobile,11,0
S-003527,treatment,mobile,11,0
S-003528,control,desktop,1,0
S-003529,control,mobile,5,0
S-003530,treatment,mobile,1,0
S-003531,treatment,mobile,12,0
S-003532,control,desktop,4,0
S-003533,control,mobile,3,0
S-003534,control,mobile,5,0
S-003535,treatment,mobile,2,0
S-003536,control,desktop,6,0
S-003537,control,desktop,8,1
S-003538,treatment,desktop,9,0
S-003539,control,desktop,3,0
S-003540,control,desktop,9,0
S-003541,control,desktop,11,0
S-003542,treatment,mobile,9,0
S-003543,control,desktop,2,1
S-003544,treatment,desktop,8,0
S-003545,treatment,mobile,8,0
S-003546,control,desktop,13,0
S-003547,treatment,mobile,7,0
S-003548,treatment,mobile,9,0
S-003549,treatment,mobile,2,0
S-003550,treatment,mobile,4,0
S-003551,control,desktop,14,0
S-003552,treatment,desktop,11,0
S-003553,control,desktop,8,0
S-003554,treatment,mobile,7,0
S-003555,treatment,mobile,14,0
S-003556,control,desktop,7,0
S-003557,control,mobile,3,0
S-003558,control,desktop,14,0
S-003559,treatment,desktop,11,0
S-003560,treatment,desktop,14,0
S-003561,treatment,mobile,11,0
S-003562,treatment,mobile,2,0
S-003563,treatment,mobile,9,0
S-003564,treatment,mobile,8,0
S-003565,treatment,mobile,3,0
S-003566,treatment,mobile,4,0
S-003567,treatment,mobile,11,0
S-003568,treatment,desktop,11,0
S-003569,control,desktop,3,0
S-003570,control,desktop,10,0
S-003571,control,mobile,3,0
S-003572,treatment,mobile,3,0
S-003573,control,mobile,3,0
S-003574,control,desktop,8,0
S-003575,treatment,mobile,12,0
S-003576,control,desktop,8,1
S-003577,control,desktop,13,0
S-003578,treatment,mobile,7,0
S-003579,treatment,mobile,7,0
S-003580,treatment,mobile,2,0
S-003581,control,desktop,5,0
S-003582,treatment,mobile,3,0
S-003583,treatment,mobile,14,0
S-003584,treatment,mobile,9,0
S-003585,treatment,desktop,12,0
S-003586,treatment,mobile,6,0
S-003587,control,desktop,7,0
S-003588,control,desktop,5,0
S-003589,control,desktop,13,0
S-003590,control,desktop,1,1
S-003591,treatment,mobile,3,0
S-003592,control,desktop,7,1
S-003593,treatment,mobile,14,0
S-003594,control,desktop,7,0
S-003595,treatment,mobile,12,0
S-003596,control,desktop,1,0
S-003597,control,desktop,3,0
S-003598,control,desktop,14,0
S-003599,treatment,mobile,9,0
S-003600,treatment,mobile,12,0
S-003601,control,mobile,5,0
S-003602,treatment,mobile,13,0
S-003603,treatment,mobile,4,0
S-003604,treatment,mobile,6,0
S-003605,treatment,mobile,7,0
S-003606,treatment,mobile,12,0
S-003607,treatment,mobile,8,0
S-003608,treatment,desktop,6,0
S-003609,treatment,mobile,14,0
S-003610,treatment,mobile,5,0
S-003611,control,mobile,10,0
S-003612,treatment,mobile,1,1
S-003613,control,desktop,2,0
S-003614,treatment,mobile,7,0
S-003615,control,desktop,11,0
S-003616,control,mobile,11,0
S-003617,treatment,mobile,9,0
S-003618,treatment,mobile,1,0
S-003619,treatment,mobile,6,0
S-003620,control,desktop,2,1
S-003621,control,desktop,6,0
S-003622,control,mobile,7,0
S-003623,control,desktop,1,1
S-003624,control,mobile,3,0
S-003625,control,desktop,11,0
S-003626,control,desktop,1,0
S-003627,treatment,mobile,11,0
S-003628,control,mobile,7,0
S-003629,control,mobile,11,0
S-003630,control,mobile,3,0
S-003631,treatment,mobile,9,0
S-003632,control,desktop,10,0
S-003633,treatment,mobile,14,0
S-003634,treatment,mobile,9,0
S-003635,control,desktop,9,1
S-003636,treatment,desktop,10,0
S-003637,control,desktop,3,0
S-003638,treatment,mobile,13,0
S-003639,treatment,mobile,2,0
S-003640,treatment,mobile,10,0
S-003641,control,desktop,9,0
S-003642,treatment,mobile,7,0
S-003643,treatment,mobile,10,0
S-003644,treatment,mobile,10,0
S-003645,control,mobile,2,0
S-003646,treatment,mobile,8,0
S-003647,treatment,desktop,2,1
S-003648,control,desktop,14,0
S-003649,control,mobile,14,0
S-003650,treatment,mobile,4,0
S-003651,treatment,desktop,9,0
S-003652,control,desktop,1,0
S-003653,treatment,mobile,8,0
S-003654,control,desktop,7,0
S-003655,control,mobile,6,0
S-003656,control,desktop,11,0
S-003657,control,desktop,12,0
S-003658,treatment,mobile,9,0
S-003659,treatment,mobile,1,0
S-003660,treatment,mobile,9,0
S-003661,control,desktop,3,0
S-003662,treatment,mobile,12,0
S-003663,control,desktop,5,0
S-003664,control,desktop,12,0
S-003665,control,desktop,12,0
S-003666,control,desktop,4,0
S-003667,control,mobile,10,0
S-003668,treatment,mobile,3,0
S-003669,treatment,mobile,14,0
S-003670,treatment,mobile,6,0
S-003671,treatment,mobile,3,0
S-003672,control,desktop,3,0
S-003673,control,desktop,6,0
S-003674,treatment,mobile,8,0
S-003675,control,desktop,6,0
S-003676,control,mobile,7,1
S-003677,control,mobile,14,0
S-003678,treatment,mobile,2,0
S-003679,control,desktop,7,1
S-003680,treatment,mobile,13,0
S-003681,treatment,mobile,4,1
S-003682,treatment,mobile,6,0
S-003683,control,desktop,1,0
S-003684,treatment,mobile,2,0
S-003685,treatment,mobile,12,0
S-003686,control,desktop,13,1
S-003687,treatment,desktop,7,0
S-003688,control,desktop,2,0
S-003689,treatment,mobile,1,0
S-003690,treatment,mobile,8,1
S-003691,control,mobile,1,0
S-003692,treatment,mobile,8,0
S-003693,treatment,mobile,5,0
S-003694,control,desktop,11,0
S-003695,control,desktop,4,0
S-003696,control,desktop,9,0
S-003697,treatment,mobile,4,0
S-003698,treatment,mobile,1,0
S-003699,treatment,mobile,8,0
S-003700,control,mobile,6,0
S-003701,treatment,mobile,5,0
S-003702,treatment,mobile,7,0
S-003703,control,desktop,3,0
S-003704,treatment,mobile,6,0
S-003705,control,mobile,12,0
S-003706,treatment,mobile,11,1
S-003707,control,desktop,10,0
S-003708,treatment,mobile,2,0
S-003709,treatment,mobile,6,0
S-003710,control,desktop,14,0
S-003711,treatment,mobile,11,0
S-003712,control,mobile,11,0
S-003713,treatment,mobile,6,0
S-003714,control,desktop,1,0
S-003715,control,desktop,6,0
S-003716,treatment,mobile,11,0
S-003717,treatment,mobile,13,0
S-003718,treatment,mobile,1,0
S-003719,treatment,mobile,1,0
S-003720,treatment,mobile,10,0
S-003721,treatment,mobile,9,0
S-003722,treatment,mobile,6,0
S-003723,treatment,mobile,5,1
S-003724,treatment,mobile,14,0
S-003725,treatment,mobile,12,0
S-003726,control,desktop,5,0
S-003727,treatment,desktop,8,1
S-003728,treatment,desktop,9,0
S-003729,treatment,mobile,10,0
S-003730,treatment,desktop,13,0
S-003731,control,desktop,3,0
S-003732,treatment,mobile,14,0
S-003733,control,mobile,1,1
S-003734,control,desktop,3,0
S-003735,treatment,mobile,12,0
S-003736,treatment,mobile,5,0
S-003737,control,desktop,2,0
S-003738,control,desktop,10,0
S-003739,treatment,mobile,4,0
S-003740,control,mobile,8,0
S-003741,control,desktop,14,1
S-003742,control,mobile,12,0
S-003743,control,desktop,7,0
S-003744,control,desktop,1,0
S-003745,control,desktop,10,0
S-003746,control,desktop,9,0
S-003747,control,mobile,3,0
S-003748,control,mobile,9,0
S-003749,treatment,desktop,10,0
S-003750,treatment,mobile,9,0
S-003751,control,desktop,11,0
S-003752,control,desktop,9,0
S-003753,treatment,mobile,2,0
S-003754,control,desktop,12,0
S-003755,control,desktop,7,1
S-003756,control,mobile,1,0
S-003757,control,mobile,6,0
S-003758,control,desktop,7,0
S-003759,control,desktop,14,0
S-003760,treatment,mobile,10,0
S-003761,treatment,mobile,7,0
S-003762,treatment,mobile,9,0
S-003763,control,desktop,4,0
S-003764,control,desktop,11,0
S-003765,treatment,mobile,14,0
S-003766,treatment,mobile,5,0
S-003767,treatment,mobile,11,0
S-003768,treatment,mobile,12,0
S-003769,control,desktop,6,0
S-003770,control,mobile,11,0
S-003771,control,desktop,3,0
S-003772,control,desktop,12,0
S-003773,treatment,mobile,4,0
S-003774,control,desktop,4,0
S-003775,treatment,mobile,5,0
S-003776,control,desktop,6,0
S-003777,control,desktop,10,0
S-003778,control,desktop,12,0
S-003779,control,desktop,9,0
S-003780,treatment,mobile,12,0
S-003781,treatment,mobile,9,1
S-003782,control,desktop,2,0
S-003783,treatment,mobile,7,1
S-003784,control,desktop,13,1
S-003785,treatment,mobile,4,0
S-003786,treatment,mobile,4,0
S-003787,treatment,mobile,13,0
S-003788,control,mobile,4,0
S-003789,treatment,mobile,12,0
S-003790,treatment,mobile,5,0
S-003791,treatment,mobile,4,0
S-003792,treatment,desktop,8,0
S-003793,treatment,mobile,1,0
S-003794,control,desktop,14,0
S-003795,control,desktop,10,0
S-003796,treatment,mobile,10,0
S-003797,treatment,mobile,4,0
S-003798,control,desktop,4,0
S-003799,treatment,mobile,7,0
S-003800,control,mobile,9,0
S-003801,control,desktop,3,0
S-003802,treatment,mobile,1,0
S-003803,control,desktop,4,0
S-003804,control,mobile,6,0
S-003805,control,mobile,6,0
S-003806,treatment,mobile,8,0
S-003807,treatment,mobile,12,0
S-003808,treatment,mobile,5,0
S-003809,treatment,mobile,13,0
S-003810,treatment,mobile,12,0
S-003811,control,desktop,4,0
S-003812,treatment,mobile,10,0
S-003813,control,mobile,11,0
S-003814,control,mobile,13,0
S-003815,treatment,mobile,6,0
S-003816,control,mobile,1,0
S-003817,control,desktop,14,0
S-003818,treatment,mobile,13,0
S-003819,treatment,mobile,9,0
S-003820,treatment,mobile,7,0
S-003821,treatment,mobile,2,0
S-003822,treatment,mobile,12,0
S-003823,control,mobile,4,0
S-003824,control,desktop,11,0
S-003825,treatment,mobile,13,0
S-003826,treatment,mobile,6,0
S-003827,control,desktop,5,0
S-003828,treatment,desktop,4,1
S-003829,treatment,desktop,3,0
S-003830,treatment,mobile,2,0
S-003831,control,desktop,1,0
S-003832,control,desktop,11,0
S-003833,control,desktop,8,0
S-003834,control,mobile,5,0
S-003835,treatment,mobile,14,0
S-003836,treatment,mobile,5,0
S-003837,treatment,mobile,5,0
S-003838,control,desktop,10,0
S-003839,control,desktop,10,0
S-003840,treatment,mobile,4,0
S-003841,control,desktop,9,0
S-003842,control,mobile,5,0
S-003843,control,desktop,2,0
S-003844,treatment,mobile,8,0
S-003845,control,desktop,10,0
S-003846,treatment,mobile,14,0
S-003847,control,mobile,9,0
S-003848,control,desktop,5,0
S-003849,control,mobile,12,0
S-003850,treatment,mobile,6,0
S-003851,control,mobile,3,0
S-003852,treatment,mobile,9,0
S-003853,control,mobile,4,0
S-003854,treatment,mobile,7,0
S-003855,control,desktop,6,1
S-003856,control,mobile,13,0
S-003857,treatment,mobile,2,0
S-003858,treatment,mobile,4,0
S-003859,treatment,mobile,1,0
S-003860,control,desktop,13,0
S-003861,treatment,mobile,3,0
S-003862,control,desktop,6,1
S-003863,treatment,mobile,7,0
S-003864,control,desktop,2,0
S-003865,treatment,mobile,14,1
S-003866,control,desktop,4,0
S-003867,treatment,mobile,10,0
S-003868,treatment,mobile,14,0
S-003869,treatment,mobile,13,0
S-003870,control,mobile,2,0
S-003871,control,desktop,4,0
S-003872,control,desktop,14,0
S-003873,treatment,mobile,2,1
S-003874,control,desktop,3,0
S-003875,treatment,mobile,2,0
S-003876,treatment,mobile,5,1
S-003877,control,desktop,14,0
S-003878,control,desktop,8,0
S-003879,treatment,mobile,12,0
S-003880,treatment,mobile,8,0
S-003881,control,desktop,14,1
S-003882,control,mobile,1,0
S-003883,treatment,mobile,9,0
S-003884,control,mobile,1,0
S-003885,control,desktop,3,0
S-003886,treatment,mobile,3,0
S-003887,control,desktop,12,0
S-003888,control,desktop,7,1
S-003889,control,desktop,5,0
S-003890,control,mobile,10,0
S-003891,control,mobile,7,0
S-003892,control,desktop,5,0
S-003893,control,desktop,13,1
S-003894,treatment,mobile,14,0
S-003895,control,desktop,9,0
S-003896,control,desktop,7,0
S-003897,control,desktop,11,0
S-003898,control,mobile,5,0
S-003899,treatment,mobile,1,0
S-003900,treatment,mobile,11,0
S-003901,treatment,mobile,5,0
S-003902,treatment,mobile,12,0
S-003903,treatment,mobile,13,0
S-003904,control,desktop,10,0
S-003905,control,desktop,1,1
S-003906,treatment,mobile,8,0
S-003907,treatment,mobile,12,0
S-003908,treatment,mobile,8,0
S-003909,control,desktop,5,0
S-003910,control,desktop,7,0
S-003911,treatment,mobile,9,0
S-003912,control,desktop,1,0
S-003913,control,desktop,13,0
S-003914,treatment,mobile,11,0
S-003915,treatment,mobile,3,0
S-003916,control,desktop,11,0
S-003917,control,desktop,12,0
S-003918,control,desktop,5,0
S-003919,control,mobile,7,0
S-003920,treatment,mobile,14,0
S-003921,treatment,mobile,12,0
S-003922,treatment,mobile,4,0
S-003923,treatment,mobile,12,0
S-003924,treatment,desktop,8,1
S-003925,control,desktop,5,0
S-003926,treatment,mobile,5,0
S-003927,treatment,desktop,12,0
S-003928,control,desktop,13,0
S-003929,treatment,mobile,3,0
S-003930,control,desktop,6,1
S-003931,treatment,mobile,3,1
S-003932,treatment,mobile,5,0
S-003933,treatment,desktop,2,1
S-003934,control,desktop,3,0
S-003935,control,desktop,12,0
S-003936,control,desktop,3,0
S-003937,treatment,mobile,4,0
S-003938,control,mobile,5,0
S-003939,treatment,desktop,5,0
S-003940,treatment,mobile,4,0
S-003941,control,desktop,3,0
S-003942,control,desktop,11,1
S-003943,control,desktop,9,0
S-003944,treatment,mobile,14,0
S-003945,control,mobile,8,0
S-003946,treatment,mobile,3,0
S-003947,treatment,mobile,11,0
S-003948,treatment,mobile,5,0
S-003949,control,desktop,11,0
S-003950,control,mobile,10,0
S-003951,treatment,mobile,12,0
S-003952,treatment,mobile,8,0
S-003953,control,desktop,14,1
S-003954,control,desktop,12,0
S-003955,control,desktop,6,0
S-003956,treatment,mobile,14,0
S-003957,treatment,mobile,4,0
S-003958,control,desktop,3,0
S-003959,treatment,mobile,3,0
S-003960,control,desktop,6,1
S-003961,control,desktop,11,1
S-003962,control,desktop,6,0
S-003963,control,desktop,8,0
S-003964,control,desktop,3,0
S-003965,control,mobile,6,0
S-003966,treatment,mobile,1,0
S-003967,treatment,mobile,4,0
S-003968,treatment,mobile,9,0
S-003969,control,mobile,6,0
S-003970,treatment,mobile,10,0
S-003971,treatment,mobile,4,0
S-003972,control,mobile,10,0
S-003973,control,mobile,2,0
S-003974,treatment,mobile,2,0
S-003975,treatment,desktop,13,0
S-003976,treatment,mobile,11,0
S-003977,control,mobile,3,0
S-003978,control,desktop,8,0
S-003979,treatment,mobile,11,0
S-003980,control,desktop,13,0
S-003981,control,desktop,12,0
S-003982,treatment,mobile,14,0
S-003983,treatment,mobile,12,0
S-003984,control,mobile,1,0
S-003985,control,desktop,9,0
S-003986,treatment,mobile,10,0
S-003987,control,desktop,9,0
S-003988,treatment,mobile,5,0
S-003989,treatment,mobile,11,1
S-003990,control,mobile,3,0
S-003991,treatment,mobile,3,1
S-003992,control,desktop,3,0
S-003993,control,desktop,5,0
S-003994,control,desktop,10,1
S-003995,control,mobile,14,0
S-003996,treatment,mobile,5,0
S-003997,treatment,mobile,4,0
S-003998,treatment,mobile,12,0
S-003999,control,desktop,10,0
S-004000,control,desktop,3,1
S-004001,treatment,mobile,7,0
S-004002,treatment,mobile,1,0
S-004003,treatment,mobile,9,0
S-004004,control,mobile,3,0
S-004005,control,desktop,1,0
S-004006,treatment,mobile,13,0
S-004007,treatment,mobile,9,0
S-004008,treatment,mobile,1,0
S-004009,treatment,mobile,14,0
S-004010,treatment,mobile,7,0
S-004011,treatment,mobile,3,0
S-004012,control,desktop,7,0
S-004013,treatment,mobile,5,0
S-004014,control,desktop,10,0
S-004015,control,mobile,9,0
S-004016,treatment,mobile,8,0
S-004017,treatment,desktop,8,0
S-004018,control,mobile,2,0
S-004019,treatment,desktop,10,0
S-004020,treatment,mobile,6,0
S-004021,control,mobile,6,0
S-004022,control,desktop,12,0
S-004023,control,desktop,7,0
S-004024,control,mobile,3,0
S-004025,control,desktop,8,0
S-004026,control,desktop,10,0
S-004027,control,desktop,4,0
S-004028,control,mobile,12,0
S-004029,control,desktop,5,1
S-004030,treatment,mobile,8,0
S-004031,treatment,mobile,10,0
S-004032,control,mobile,9,0
S-004033,treatment,mobile,5,0
S-004034,treatment,mobile,5,0
S-004035,control,desktop,8,0
S-004036,control,mobile,13,0
S-004037,control,desktop,3,0
S-004038,treatment,mobile,1,0
S-004039,control,desktop,5,0
S-004040,control,desktop,6,0
S-004041,treatment,mobile,9,0
S-004042,control,mobile,8,1
S-004043,control,desktop,3,0
S-004044,control,desktop,9,1
S-004045,control,desktop,7,0
S-004046,treatment,mobile,8,0
S-004047,control,mobile,2,0
S-004048,control,desktop,5,0
S-004049,treatment,mobile,8,0
S-004050,treatment,mobile,2,0
S-004051,treatment,mobile,13,0
S-004052,treatment,desktop,5,0
S-004053,control,desktop,11,0
S-004054,control,desktop,1,0
S-004055,treatment,mobile,1,0
S-004056,treatment,mobile,11,0
S-004057,control,desktop,6,0
S-004058,treatment,mobile,6,0
S-004059,control,desktop,6,0
S-004060,treatment,mobile,6,0
S-004061,control,desktop,8,0
S-004062,control,mobile,7,0
S-004063,control,mobile,1,0
S-004064,control,desktop,7,0
S-004065,control,desktop,7,0
S-004066,treatment,mobile,6,0
S-004067,treatment,desktop,2,0
S-004068,treatment,desktop,4,0
S-004069,treatment,mobile,6,0
S-004070,treatment,mobile,10,0
S-004071,control,desktop,4,0
S-004072,treatment,desktop,4,0
S-004073,treatment,mobile,13,0
S-004074,treatment,mobile,2,0
S-004075,control,desktop,1,1
S-004076,control,desktop,10,0
S-004077,control,desktop,8,0
S-004078,treatment,mobile,1,0
S-004079,treatment,desktop,4,0
S-004080,treatment,mobile,8,0
S-004081,control,mobile,12,0
S-004082,treatment,desktop,9,0
S-004083,treatment,mobile,3,0
S-004084,control,desktop,3,0
S-004085,treatment,mobile,13,0
S-004086,treatment,mobile,9,0
S-004087,treatment,mobile,7,0
S-004088,treatment,mobile,6,0
S-004089,treatment,mobile,3,0
S-004090,treatment,mobile,12,0
S-004091,treatment,mobile,7,0
S-004092,control,desktop,6,1
S-004093,treatment,mobile,6,0
S-004094,treatment,mobile,10,1
S-004095,control,desktop,8,0
S-004096,treatment,mobile,10,0
S-004097,treatment,mobile,8,0
S-004098,treatment,mobile,10,0
S-004099,treatment,mobile,13,0
S-004100,control,desktop,1,0
S-004101,treatment,mobile,8,0
S-004102,control,desktop,3,1
S-004103,treatment,desktop,2,0
S-004104,treatment,mobile,11,0
S-004105,treatment,mobile,9,0
S-004106,control,desktop,4,1
S-004107,control,desktop,6,0
S-004108,control,desktop,14,0
S-004109,control,mobile,14,0
S-004110,control,desktop,7,0
S-004111,control,desktop,7,0
S-004112,control,desktop,10,0
S-004113,treatment,mobile,9,0
S-004114,treatment,mobile,5,0
S-004115,control,desktop,12,1
S-004116,control,desktop,10,0
S-004117,control,desktop,5,1
S-004118,control,desktop,14,0
S-004119,treatment,mobile,3,0
S-004120,treatment,mobile,11,0
S-004121,control,desktop,1,0
S-004122,control,desktop,4,0
S-004123,control,desktop,6,0
S-004124,control,desktop,7,0
S-004125,treatment,mobile,1,1
S-004126,control,desktop,10,1
S-004127,treatment,mobile,11,0
S-004128,control,desktop,14,1
S-004129,control,desktop,5,1
S-004130,control,desktop,2,0
S-004131,treatment,desktop,8,1
S-004132,treatment,mobile,12,0
S-004133,treatment,mobile,3,0
S-004134,treatment,mobile,8,1
S-004135,control,desktop,12,0
S-004136,control,mobile,6,0
S-004137,control,mobile,5,0
S-004138,control,desktop,12,0
S-004139,treatment,mobile,12,0
S-004140,treatment,desktop,13,0
S-004141,control,desktop,9,0
S-004142,control,mobile,10,0
S-004143,control,mobile,2,0
S-004144,control,desktop,7,1
S-004145,treatment,mobile,13,0
S-004146,control,desktop,3,0
S-004147,control,desktop,9,0
S-004148,control,desktop,7,0
S-004149,treatment,mobile,1,0
S-004150,treatment,desktop,4,1
S-004151,treatment,mobile,10,0
S-004152,treatment,mobile,4,0
S-004153,control,mobile,13,0
S-004154,control,mobile,14,0
S-004155,treatment,mobile,3,0
S-004156,treatment,mobile,2,0
S-004157,treatment,mobile,7,0
S-004158,control,desktop,11,1
S-004159,control,desktop,2,1
S-004160,treatment,mobile,12,0
S-004161,treatment,mobile,13,0
S-004162,control,desktop,9,0
S-004163,treatment,mobile,5,0
S-004164,control,desktop,9,1
S-004165,control,desktop,1,0
S-004166,control,desktop,3,0
S-004167,control,desktop,9,0
S-004168,treatment,mobile,12,0
S-004169,control,desktop,11,0
S-004170,control,mobile,13,0
S-004171,treatment,mobile,7,0
S-004172,control,desktop,12,0
S-004173,control,mobile,4,0
S-004174,control,desktop,1,0
S-004175,treatment,desktop,9,0
S-004176,control,desktop,7,1
S-004177,control,mobile,7,0
S-004178,treatment,desktop,12,0
S-004179,treatment,mobile,2,0
S-004180,control,desktop,5,0
S-004181,control,desktop,11,0
S-004182,control,desktop,8,0
S-004183,control,desktop,8,0
S-004184,treatment,mobile,1,0
S-004185,control,desktop,2,0
S-004186,treatment,mobile,7,0
S-004187,control,desktop,8,0
S-004188,treatment,mobile,6,0
S-004189,treatment,mobile,14,0
S-004190,control,desktop,2,0
S-004191,treatment,desktop,8,1
S-004192,treatment,mobile,7,0
S-004193,control,desktop,9,1
S-004194,control,mobile,7,0
S-004195,control,mobile,6,0
S-004196,treatment,mobile,12,0
S-004197,control,desktop,3,0
S-004198,control,mobile,7,0
S-004199,treatment,mobile,14,0
S-004200,treatment,mobile,6,0
S-004201,treatment,mobile,6,0
S-004202,control,desktop,8,0
S-004203,treatment,mobile,10,0
S-004204,control,mobile,12,0
S-004205,treatment,mobile,7,0
S-004206,control,desktop,9,0
S-004207,treatment,mobile,4,0
S-004208,control,mobile,6,0
S-004209,treatment,mobile,3,0
S-004210,treatment,mobile,6,0
S-004211,treatment,mobile,1,0
S-004212,control,mobile,12,0
S-004213,treatment,mobile,10,0
S-004214,control,mobile,8,0
S-004215,control,desktop,5,0
S-004216,control,desktop,4,0
S-004217,control,desktop,4,0
S-004218,control,desktop,8,1
S-004219,treatment,mobile,5,0
S-004220,treatment,mobile,8,0
S-004221,control,mobile,2,0
S-004222,control,desktop,13,0
S-004223,treatment,mobile,8,0
S-004224,control,mobile,4,0
S-004225,control,desktop,6,0
S-004226,treatment,mobile,5,0
S-004227,control,desktop,3,0
S-004228,treatment,mobile,1,1
S-004229,treatment,mobile,4,0
S-004230,control,desktop,10,0
S-004231,treatment,mobile,10,0
S-004232,treatment,mobile,6,0
S-004233,treatment,mobile,8,0
S-004234,control,desktop,2,0
S-004235,control,mobile,4,0
S-004236,control,desktop,11,0
S-004237,treatment,mobile,11,0
S-004238,treatment,desktop,6,0
S-004239,control,mobile,10,0
S-004240,treatment,mobile,13,0
S-004241,control,mobile,2,0
S-004242,treatment,desktop,6,0
S-004243,treatment,mobile,4,0
S-004244,treatment,mobile,6,0
S-004245,control,desktop,12,0
S-004246,treatment,mobile,8,0
S-004247,control,desktop,4,0
S-004248,control,mobile,9,0
S-004249,control,desktop,11,0
S-004250,control,desktop,9,0
S-004251,treatment,mobile,12,0
S-004252,control,desktop,6,0
S-004253,treatment,mobile,3,0
S-004254,treatment,mobile,13,0
S-004255,treatment,mobile,2,0
S-004256,treatment,mobile,1,0
S-004257,treatment,desktop,1,0
S-004258,treatment,mobile,5,0
S-004259,treatment,mobile,13,0
S-004260,control,desktop,5,0
S-004261,treatment,mobile,6,0
S-004262,control,mobile,10,0
S-004263,treatment,mobile,14,0
S-004264,control,mobile,7,0
S-004265,control,desktop,5,1
S-004266,control,mobile,13,0
S-004267,treatment,desktop,2,0
S-004268,control,desktop,11,0
S-004269,treatment,mobile,2,0
S-004270,control,mobile,3,0
S-004271,control,desktop,3,1
S-004272,treatment,mobile,4,0
S-004273,control,desktop,7,0
S-004274,control,desktop,11,0
S-004275,treatment,mobile,3,0
S-004276,control,desktop,4,1
S-004277,control,desktop,11,0
S-004278,treatment,mobile,14,0
S-004279,treatment,mobile,10,0
S-004280,treatment,desktop,1,0
S-004281,control,mobile,11,0
S-004282,treatment,mobile,1,0
S-004283,treatment,mobile,1,0
S-004284,control,desktop,7,0
S-004285,treatment,mobile,5,0
S-004286,treatment,mobile,3,0
S-004287,treatment,mobile,4,0
S-004288,control,mobile,8,0
S-004289,treatment,mobile,4,0
S-004290,control,desktop,1,0
S-004291,treatment,desktop,6,0
S-004292,control,mobile,6,0
S-004293,treatment,mobile,10,0
S-004294,treatment,mobile,14,0
S-004295,control,desktop,11,0
S-004296,control,mobile,3,0
S-004297,control,mobile,9,0
S-004298,control,desktop,5,0
S-004299,control,desktop,12,0
S-004300,control,mobile,14,0
S-004301,treatment,desktop,14,0
S-004302,treatment,mobile,9,0
S-004303,treatment,mobile,4,0
S-004304,treatment,desktop,9,1
S-004305,control,desktop,14,0
S-004306,control,mobile,10,0
S-004307,treatment,mobile,7,0
S-004308,treatment,desktop,6,1
S-004309,control,mobile,13,0
S-004310,treatment,mobile,8,1
S-004311,treatment,mobile,1,0
S-004312,control,desktop,13,0
S-004313,treatment,mobile,2,0
S-004314,control,desktop,2,0
S-004315,control,desktop,11,0
S-004316,treatment,desktop,12,0
S-004317,control,desktop,4,1
S-004318,control,desktop,4,0
S-004319,treatment,desktop,5,0
S-004320,treatment,mobile,1,0
S-004321,treatment,mobile,14,0
S-004322,control,mobile,13,0
S-004323,control,desktop,1,0
S-004324,treatment,desktop,13,1
S-004325,treatment,mobile,13,0
S-004326,control,desktop,2,1
S-004327,treatment,mobile,7,0
S-004328,control,mobile,10,1
S-004329,control,desktop,9,1
S-004330,treatment,mobile,10,0
S-004331,treatment,mobile,10,0
S-004332,control,desktop,2,0
S-004333,control,desktop,3,0
S-004334,treatment,mobile,9,0
S-004335,control,desktop,14,0
S-004336,control,desktop,3,0
S-004337,control,desktop,9,0
S-004338,control,mobile,10,0
S-004339,control,mobile,14,0
S-004340,treatment,desktop,10,0
S-004341,control,desktop,6,0
S-004342,treatment,mobile,10,0
S-004343,control,desktop,12,0
S-004344,treatment,mobile,13,0
S-004345,treatment,mobile,7,0
S-004346,treatment,mobile,11,0
S-004347,treatment,mobile,10,0
S-004348,control,desktop,4,0
S-004349,control,desktop,9,0
S-004350,treatment,mobile,14,0
S-004351,control,desktop,11,0
S-004352,treatment,mobile,2,0
S-004353,treatment,mobile,13,0
S-004354,treatment,mobile,2,0
S-004355,treatment,desktop,10,0
S-004356,control,desktop,13,0
S-004357,treatment,mobile,8,0
S-004358,treatment,mobile,4,0
S-004359,control,desktop,13,0
S-004360,treatment,mobile,8,0
S-004361,treatment,mobile,6,0
S-004362,control,desktop,10,1
S-004363,treatment,mobile,12,0
S-004364,treatment,mobile,14,0
S-004365,control,desktop,7,0
S-004366,control,desktop,14,0
S-004367,control,desktop,13,0
S-004368,treatment,mobile,5,0
S-004369,control,mobile,3,0
S-004370,treatment,mobile,10,0
S-004371,control,desktop,9,0
S-004372,control,desktop,10,0
S-004373,treatment,desktop,14,0
S-004374,control,desktop,4,0
S-004375,control,desktop,4,0
S-004376,control,desktop,11,0
S-004377,control,mobile,7,0
S-004378,control,desktop,12,0
S-004379,treatment,mobile,3,0
S-004380,control,desktop,10,0
S-004381,treatment,mobile,13,0
S-004382,control,mobile,3,0
S-004383,treatment,desktop,5,0
S-004384,treatment,mobile,2,0
S-004385,control,desktop,6,0
S-004386,control,mobile,7,0
S-004387,control,desktop,8,0
S-004388,control,desktop,10,0
S-004389,control,mobile,11,0
S-004390,control,mobile,10,0
S-004391,treatment,mobile,14,0
S-004392,treatment,mobile,13,0
S-004393,treatment,mobile,2,0
S-004394,treatment,mobile,3,0
S-004395,treatment,mobile,6,0
S-004396,control,desktop,5,0
S-004397,treatment,mobile,10,0
S-004398,treatment,mobile,13,0
S-004399,treatment,desktop,12,0
S-004400,treatment,mobile,13,0
S-004401,treatment,mobile,1,0
S-004402,control,desktop,5,0
S-004403,treatment,mobile,5,1
S-004404,treatment,mobile,8,0
S-004405,treatment,desktop,5,1
S-004406,treatment,mobile,10,1
S-004407,treatment,mobile,10,0
S-004408,control,desktop,6,0
S-004409,control,desktop,1,1
S-004410,treatment,mobile,7,0
S-004411,treatment,mobile,6,0
S-004412,control,mobile,6,0
S-004413,control,desktop,7,0
S-004414,control,desktop,12,0
S-004415,treatment,desktop,5,0
S-004416,treatment,mobile,9,0
S-004417,treatment,mobile,12,0
S-004418,treatment,mobile,11,0
S-004419,control,desktop,8,0
S-004420,control,mobile,5,0
S-004421,treatment,mobile,8,0
S-004422,control,desktop,10,0
S-004423,treatment,mobile,2,0
S-004424,treatment,mobile,4,0
S-004425,treatment,mobile,13,0
S-004426,control,desktop,10,0
S-004427,control,desktop,11,0
S-004428,treatment,mobile,3,0
S-004429,treatment,mobile,12,0
S-004430,treatment,desktop,9,0
S-004431,control,desktop,9,0
S-004432,control,mobile,1,0
S-004433,treatment,desktop,3,1
S-004434,treatment,mobile,11,0
S-004435,control,mobile,9,0
S-004436,treatment,mobile,4,0
S-004437,treatment,mobile,10,0
S-004438,control,desktop,8,0
S-004439,control,desktop,14,0
S-004440,treatment,mobile,1,0
S-004441,treatment,mobile,14,0
S-004442,treatment,mobile,5,0
S-004443,treatment,mobile,8,1
S-004444,treatment,mobile,11,0
S-004445,control,desktop,10,0
S-004446,treatment,mobile,7,0
S-004447,control,mobile,6,0
S-004448,treatment,mobile,8,0
S-004449,control,desktop,13,0
S-004450,control,desktop,14,0
S-004451,control,mobile,8,0
S-004452,treatment,mobile,9,0
S-004453,control,desktop,3,0
S-004454,control,mobile,2,0
S-004455,control,mobile,4,0
S-004456,treatment,mobile,7,0
S-004457,control,desktop,3,0
S-004458,treatment,mobile,14,0
S-004459,treatment,desktop,2,1
S-004460,treatment,mobile,1,0
S-004461,treatment,mobile,9,0
S-004462,treatment,mobile,2,0
S-004463,treatment,mobile,3,0
S-004464,control,desktop,14,0
S-004465,control,desktop,1,0
S-004466,control,desktop,9,0
S-004467,control,mobile,13,0
S-004468,treatment,mobile,4,0
S-004469,treatment,mobile,7,0
S-004470,control,desktop,13,0
S-004471,control,desktop,13,0
S-004472,control,mobile,1,0
S-004473,control,desktop,6,0
S-004474,treatment,desktop,1,0
S-004475,treatment,mobile,9,0
S-004476,treatment,mobile,10,0
S-004477,treatment,mobile,11,0
S-004478,control,desktop,9,0
S-004479,control,desktop,7,0
S-004480,control,desktop,12,0
S-004481,treatment,mobile,12,0
S-004482,control,desktop,6,1
S-004483,control,desktop,9,0
S-004484,treatment,desktop,8,1
S-004485,treatment,mobile,5,0
S-004486,control,desktop,12,0
S-004487,control,desktop,11,0
S-004488,treatment,mobile,5,0
S-004489,control,desktop,3,0
S-004490,control,desktop,10,0
S-004491,control,mobile,12,1
S-004492,control,mobile,9,0
S-004493,treatment,desktop,11,0
S-004494,treatment,mobile,5,0
S-004495,control,mobile,14,0
S-004496,control,desktop,9,0
S-004497,control,mobile,12,0
S-004498,treatment,mobile,8,0
S-004499,control,desktop,8,0
S-004500,treatment,mobile,5,0
S-004501,control,desktop,9,0
S-004502,treatment,mobile,5,0
S-004503,control,desktop,9,1
S-004504,control,mobile,14,0
S-004505,control,desktop,2,0
S-004506,control,desktop,4,1
S-004507,treatment,desktop,11,0
S-004508,treatment,mobile,5,0
S-004509,control,mobile,13,0
S-004510,control,desktop,5,0
S-004511,control,desktop,6,0
S-004512,treatment,mobile,1,0
S-004513,control,desktop,13,0
S-004514,control,mobile,12,0
S-004515,treatment,mobile,7,0
S-004516,treatment,mobile,9,0
S-004517,treatment,mobile,2,0
S-004518,control,desktop,1,0
S-004519,control,desktop,2,0
S-004520,control,desktop,10,0
S-004521,treatment,mobile,6,0
S-004522,treatment,mobile,14,0
S-004523,control,mobile,6,0
S-004524,treatment,mobile,3,1
S-004525,treatment,desktop,12,0
S-004526,control,desktop,7,0
S-004527,treatment,mobile,9,0
S-004528,control,mobile,9,0
S-004529,treatment,desktop,9,0
S-004530,treatment,mobile,12,0
S-004531,treatment,mobile,2,0
S-004532,treatment,mobile,3,0
S-004533,control,desktop,8,0
S-004534,treatment,mobile,8,0
S-004535,treatment,mobile,10,0
S-004536,control,desktop,10,0
S-004537,treatment,mobile,7,0
S-004538,treatment,mobile,3,0
S-004539,treatment,mobile,8,0
S-004540,treatment,mobile,10,0
S-004541,treatment,mobile,5,0
S-004542,control,desktop,2,0
S-004543,treatment,desktop,9,0
S-004544,treatment,mobile,7,0
S-004545,treatment,mobile,3,0
S-004546,control,desktop,9,0
S-004547,treatment,mobile,8,0
S-004548,treatment,mobile,2,0
S-004549,control,desktop,4,1
S-004550,control,desktop,7,0
S-004551,control,desktop,14,1
S-004552,control,desktop,8,0
S-004553,control,desktop,4,0
S-004554,treatment,mobile,14,0
S-004555,treatment,mobile,7,0
S-004556,treatment,mobile,8,0
S-004557,control,mobile,9,0
S-004558,control,desktop,11,1
S-004559,treatment,mobile,6,0
S-004560,control,desktop,9,1
S-004561,control,desktop,7,1
S-004562,treatment,mobile,4,0
S-004563,control,desktop,9,0
S-004564,control,mobile,12,0
S-004565,control,desktop,8,0
S-004566,control,desktop,6,0
S-004567,treatment,mobile,14,0
S-004568,control,desktop,6,0
S-004569,treatment,desktop,12,0
S-004570,treatment,mobile,14,0
S-004571,treatment,desktop,14,1
S-004572,treatment,mobile,12,0
S-004573,control,desktop,11,0
S-004574,control,desktop,5,0
S-004575,treatment,mobile,11,0
S-004576,control,desktop,10,0
S-004577,control,desktop,12,0
S-004578,control,desktop,9,0
S-004579,treatment,mobile,6,0
S-004580,treatment,mobile,12,0
S-004581,treatment,desktop,3,0
S-004582,treatment,mobile,7,0
S-004583,treatment,mobile,13,0
S-004584,control,desktop,6,0
S-004585,treatment,mobile,1,0
S-004586,control,desktop,3,0
S-004587,treatment,mobile,7,0
S-004588,treatment,mobile,14,0
S-004589,control,desktop,14,0
S-004590,treatment,mobile,12,0
S-004591,treatment,mobile,14,0
S-004592,control,mobile,13,0
S-004593,control,mobile,14,0
S-004594,control,desktop,13,0
S-004595,control,mobile,11,0
S-004596,treatment,mobile,13,0
S-004597,control,desktop,10,0
S-004598,treatment,mobile,3,0
S-004599,control,desktop,5,0
S-004600,control,desktop,6,0
S-004601,treatment,desktop,12,1
S-004602,control,desktop,1,0
S-004603,treatment,mobile,13,0
S-004604,treatment,mobile,11,0
S-004605,treatment,mobile,2,0
S-004606,control,desktop,1,0
S-004607,control,desktop,10,0
S-004608,control,desktop,6,0
S-004609,control,desktop,2,0
S-004610,control,desktop,8,1
S-004611,control,mobile,6,0
S-004612,treatment,mobile,7,0
S-004613,treatment,mobile,12,0
S-004614,control,desktop,13,0
S-004615,treatment,mobile,10,0
S-004616,treatment,mobile,1,1
S-004617,control,desktop,3,0
S-004618,control,mobile,10,0
S-004619,treatment,mobile,4,0
S-004620,control,desktop,8,0
S-004621,treatment,mobile,4,0
S-004622,treatment,mobile,9,0
S-004623,treatment,mobile,10,0
S-004624,treatment,mobile,12,0
S-004625,treatment,mobile,2,0
S-004626,control,mobile,2,0
S-004627,treatment,mobile,4,0
S-004628,control,desktop,8,0
S-004629,treatment,mobile,1,0
S-004630,control,desktop,10,1
S-004631,control,mobile,11,0
S-004632,treatment,mobile,13,0
S-004633,treatment,mobile,14,0
S-004634,treatment,mobile,11,0
S-004635,control,desktop,13,1
S-004636,control,desktop,1,0
S-004637,treatment,desktop,7,0
S-004638,treatment,mobile,11,0
S-004639,treatment,desktop,2,0
S-004640,treatment,mobile,8,0
S-004641,control,desktop,10,0
S-004642,treatment,mobile,2,0
S-004643,control,desktop,14,0
S-004644,control,mobile,11,0
S-004645,treatment,mobile,1,0
S-004646,treatment,mobile,13,0
S-004647,control,desktop,8,0
S-004648,control,desktop,4,0
S-004649,control,mobile,12,0
S-004650,control,desktop,10,0
S-004651,treatment,mobile,5,0
S-004652,control,mobile,7,0
S-004653,treatment,desktop,11,0
S-004654,treatment,mobile,8,0
S-004655,treatment,desktop,7,0
S-004656,control,desktop,3,0
S-004657,control,desktop,5,1
S-004658,treatment,mobile,1,0
S-004659,control,desktop,11,0
S-004660,treatment,mobile,7,0
S-004661,control,mobile,8,0
S-004662,control,desktop,10,0
S-004663,treatment,desktop,9,0
S-004664,control,desktop,4,0
S-004665,treatment,mobile,3,0
S-004666,control,desktop,12,0
S-004667,control,desktop,11,0
S-004668,treatment,mobile,4,0
S-004669,treatment,mobile,12,1
S-004670,control,desktop,10,1
S-004671,control,desktop,11,0
S-004672,control,desktop,14,0
S-004673,control,desktop,6,0
S-004674,treatment,mobile,5,0
S-004675,treatment,mobile,2,0
S-004676,treatment,mobile,5,0
S-004677,treatment,mobile,12,0
S-004678,control,desktop,5,0
S-004679,treatment,mobile,2,0
S-004680,control,desktop,8,0
S-004681,treatment,mobile,7,0
S-004682,treatment,mobile,1,0
S-004683,treatment,mobile,3,0
S-004684,control,desktop,8,0
S-004685,treatment,mobile,11,0
S-004686,control,desktop,12,0
S-004687,treatment,mobile,4,0
S-004688,treatment,mobile,9,0
S-004689,control,mobile,9,0
S-004690,control,desktop,9,0
S-004691,control,desktop,5,0
S-004692,treatment,mobile,6,0
S-004693,treatment,desktop,11,0
S-004694,treatment,mobile,4,0
S-004695,control,mobile,3,0
S-004696,control,mobile,4,0
S-004697,treatment,mobile,7,0
S-004698,control,desktop,9,0
S-004699,control,desktop,1,0
S-004700,control,desktop,7,0
S-004701,control,desktop,5,0
S-004702,control,desktop,2,0
S-004703,treatment,mobile,2,0
S-004704,treatment,mobile,6,0
S-004705,control,desktop,7,0
S-004706,control,desktop,10,1
S-004707,control,desktop,1,0
S-004708,treatment,mobile,1,0
S-004709,control,mobile,4,0
S-004710,control,mobile,4,0
S-004711,treatment,mobile,8,0
S-004712,control,desktop,4,1
S-004713,control,desktop,8,0
S-004714,control,mobile,1,0
S-004715,control,desktop,7,0
S-004716,treatment,mobile,13,0
S-004717,treatment,mobile,7,0
S-004718,control,desktop,13,0
S-004719,control,desktop,11,0
S-004720,treatment,mobile,8,0
S-004721,control,desktop,1,0
S-004722,treatment,mobile,14,0
S-004723,control,desktop,11,1
S-004724,control,desktop,7,1
S-004725,treatment,mobile,8,0
S-004726,control,desktop,8,0
S-004727,treatment,desktop,11,0
S-004728,treatment,mobile,1,0
S-004729,treatment,mobile,1,0
S-004730,treatment,mobile,7,0
S-004731,control,mobile,8,0
S-004732,control,desktop,12,0
S-004733,control,mobile,3,0
S-004734,treatment,mobile,4,0
S-004735,control,mobile,3,0
S-004736,control,desktop,5,0
S-004737,treatment,mobile,2,0
S-004738,control,desktop,5,0
S-004739,treatment,mobile,7,0
S-004740,treatment,mobile,1,0
S-004741,treatment,mobile,6,0
S-004742,control,desktop,4,0
S-004743,control,desktop,7,0
S-004744,control,desktop,1,0
S-004745,control,mobile,4,0
S-004746,control,desktop,10,0
S-004747,treatment,mobile,14,0
S-004748,control,desktop,12,0
S-004749,treatment,mobile,12,0
S-004750,treatment,mobile,11,0
S-004751,control,desktop,5,0
S-004752,treatment,mobile,8,0
S-004753,control,desktop,1,0
S-004754,control,desktop,8,0
S-004755,treatment,mobile,3,0
S-004756,treatment,desktop,10,1
S-004757,control,desktop,2,0
S-004758,control,desktop,8,0
S-004759,treatment,mobile,1,0
S-004760,control,desktop,13,0
S-004761,control,desktop,7,1
S-004762,control,desktop,3,0
S-004763,control,desktop,10,0
S-004764,treatment,mobile,12,0
S-004765,control,desktop,8,0
S-004766,treatment,mobile,14,0
S-004767,control,mobile,7,0
S-004768,control,desktop,3,1
S-004769,treatment,desktop,11,0
S-004770,treatment,mobile,5,0
S-004771,treatment,mobile,10,0
S-004772,treatment,mobile,13,0
S-004773,control,desktop,12,0
S-004774,control,desktop,11,0
S-004775,control,mobile,13,0
S-004776,treatment,mobile,11,0
S-004777,treatment,mobile,7,0
S-004778,control,desktop,5,0
S-004779,control,desktop,9,1
S-004780,control,desktop,11,0
S-004781,treatment,desktop,3,0
S-004782,treatment,mobile,14,0
S-004783,treatment,desktop,7,0
S-004784,treatment,desktop,14,1
S-004785,control,desktop,1,0
S-004786,control,mobile,6,0
S-004787,treatment,mobile,11,0
S-004788,treatment,mobile,9,1
S-004789,treatment,mobile,9,0
S-004790,control,mobile,11,0
S-004791,control,desktop,3,0
S-004792,control,desktop,7,0
S-004793,control,desktop,5,0
S-004794,treatment,mobile,7,0
S-004795,treatment,mobile,14,0
S-004796,treatment,mobile,3,0
S-004797,treatment,mobile,9,0
S-004798,control,desktop,3,0
S-004799,treatment,mobile,12,0
S-004800,treatment,mobile,12,0
S-004801,control,desktop,9,0
S-004802,treatment,mobile,9,0
S-004803,treatment,mobile,6,0
S-004804,treatment,desktop,11,0
S-004805,control,mobile,3,0
S-004806,treatment,mobile,9,0
S-004807,treatment,desktop,2,0
S-004808,control,mobile,11,0
S-004809,control,desktop,1,0
S-004810,treatment,mobile,6,0
S-004811,control,mobile,7,0
S-004812,treatment,desktop,2,0
S-004813,treatment,mobile,14,0
S-004814,treatment,mobile,14,0
S-004815,treatment,desktop,2,0
S-004816,control,desktop,12,0
S-004817,treatment,mobile,14,0
S-004818,treatment,mobile,2,0
S-004819,control,desktop,14,0
S-004820,treatment,desktop,6,0
S-004821,treatment,mobile,11,0
S-004822,treatment,mobile,3,0
S-004823,control,mobile,14,0
S-004824,control,desktop,10,0
S-004825,treatment,mobile,7,0
S-004826,treatment,mobile,11,0
S-004827,control,desktop,3,0
S-004828,control,mobile,14,0
S-004829,treatment,mobile,3,0
S-004830,treatment,mobile,7,0
S-004831,treatment,mobile,13,0
S-004832,control,desktop,9,0
S-004833,control,desktop,14,0
S-004834,treatment,mobile,2,0
S-004835,control,desktop,14,0
S-004836,treatment,mobile,1,1
S-004837,control,desktop,2,0
S-004838,control,desktop,2,0
S-004839,control,desktop,12,1
S-004840,control,desktop,2,0
S-004841,control,desktop,2,0
S-004842,treatment,mobile,13,0
S-004843,treatment,mobile,14,0
S-004844,control,desktop,2,0
S-004845,control,desktop,3,1
S-004846,treatment,mobile,5,1
S-004847,treatment,mobile,13,0
S-004848,control,mobile,10,0
S-004849,control,desktop,9,0
S-004850,control,desktop,1,1
S-004851,control,mobile,12,0
S-004852,treatment,mobile,4,0
S-004853,treatment,mobile,3,0
S-004854,control,desktop,5,1
S-004855,treatment,mobile,13,0
S-004856,control,desktop,6,0
S-004857,control,mobile,9,0
S-004858,control,desktop,8,0
S-004859,treatment,desktop,1,1
S-004860,treatment,mobile,11,0
S-004861,control,mobile,6,0
S-004862,control,desktop,11,0
S-004863,control,desktop,6,0
S-004864,control,desktop,8,0
S-004865,treatment,mobile,13,0
S-004866,control,mobile,8,0
S-004867,control,mobile,10,0
S-004868,treatment,mobile,4,0
S-004869,treatment,mobile,2,0
S-004870,control,desktop,8,0
S-004871,control,desktop,14,0
S-004872,control,desktop,14,0
S-004873,control,desktop,12,0
S-004874,control,mobile,14,0
S-004875,control,desktop,13,0
S-004876,control,mobile,1,0
S-004877,control,mobile,4,0
S-004878,control,desktop,13,0
S-004879,treatment,mobile,8,0
S-004880,treatment,desktop,14,0
S-004881,treatment,mobile,11,0
S-004882,control,desktop,7,0
S-004883,control,desktop,4,0
S-004884,treatment,mobile,9,1
S-004885,treatment,mobile,6,1
S-004886,control,mobile,2,0
S-004887,treatment,desktop,6,0
S-004888,control,desktop,14,0
S-004889,treatment,mobile,11,0
S-004890,treatment,desktop,9,0
S-004891,control,desktop,2,1
S-004892,control,desktop,12,0
S-004893,treatment,mobile,7,0
S-004894,treatment,mobile,8,0
S-004895,treatment,mobile,9,0
S-004896,treatment,mobile,3,0
S-004897,treatment,mobile,13,0
S-004898,control,desktop,12,1
S-004899,treatment,mobile,6,0
S-004900,treatment,mobile,4,0
S-004901,treatment,mobile,5,0
S-004902,treatment,mobile,6,0
S-004903,control,desktop,5,0
S-004904,control,desktop,14,0
S-004905,treatment,mobile,12,1
S-004906,control,desktop,5,0
S-004907,control,mobile,1,0
S-004908,treatment,mobile,11,0
S-004909,treatment,mobile,8,0
S-004910,treatment,mobile,9,0
S-004911,treatment,mobile,10,0
S-004912,control,mobile,3,0
S-004913,control,desktop,1,0
S-004914,treatment,mobile,5,0
S-004915,treatment,mobile,12,0
S-004916,treatment,mobile,2,0
S-004917,treatment,mobile,8,0
S-004918,treatment,mobile,3,0
S-004919,control,mobile,8,0
S-004920,control,mobile,4,0
S-004921,treatment,mobile,1,0
S-004922,control,desktop,6,0
S-004923,treatment,mobile,7,0
S-004924,treatment,desktop,11,0
S-004925,treatment,mobile,5,0
S-004926,treatment,mobile,5,1
S-004927,control,desktop,11,1
S-004928,treatment,mobile,10,0
S-004929,control,mobile,12,0
S-004930,treatment,mobile,7,0
S-004931,treatment,mobile,2,0
S-004932,treatment,desktop,4,1
S-004933,control,mobile,6,0
S-004934,treatment,mobile,3,0
S-004935,control,desktop,9,0
S-004936,control,desktop,10,0
S-004937,control,desktop,4,0
S-004938,treatment,mobile,1,0
S-004939,treatment,mobile,6,0
S-004940,control,desktop,2,0
S-004941,control,mobile,11,0
S-004942,control,desktop,12,0
S-004943,treatment,mobile,4,0
S-004944,control,desktop,12,0
S-004945,control,desktop,2,0
S-004946,control,desktop,2,0
S-004947,treatment,mobile,7,0
S-004948,treatment,mobile,10,0
S-004949,control,desktop,3,0
S-004950,treatment,mobile,9,0
S-004951,treatment,mobile,4,0
S-004952,control,mobile,11,0
S-004953,control,desktop,11,0
S-004954,control,desktop,6,0
S-004955,control,desktop,5,0
S-004956,control,desktop,8,0
S-004957,treatment,mobile,12,0
S-004958,treatment,mobile,8,0
S-004959,control,mobile,1,0
S-004960,control,mobile,6,0
S-004961,treatment,desktop,14,0
S-004962,control,desktop,8,0
S-004963,control,mobile,9,0
S-004964,control,desktop,8,0
S-004965,treatment,mobile,1,0
S-004966,control,desktop,14,0
S-004967,treatment,mobile,14,1
S-004968,control,desktop,8,0
S-004969,control,desktop,12,0
S-004970,treatment,mobile,9,0
S-004971,control,mobile,10,0
S-004972,treatment,desktop,8,0
S-004973,treatment,mobile,8,0
S-004974,treatment,desktop,2,0
S-004975,control,mobile,13,0
S-004976,treatment,mobile,4,0
S-004977,treatment,mobile,7,0
S-004978,treatment,mobile,6,0
S-004979,treatment,mobile,11,0
S-004980,treatment,desktop,8,0
S-004981,treatment,mobile,5,0
S-004982,treatment,mobile,1,0
S-004983,treatment,mobile,5,0
S-004984,treatment,mobile,7,0
S-004985,control,mobile,2,0
S-004986,control,desktop,6,0
S-004987,treatment,mobile,10,0
S-004988,control,desktop,13,0
S-004989,treatment,mobile,11,0
S-004990,treatment,desktop,3,0
S-004991,treatment,mobile,2,0
S-004992,treatment,mobile,4,0
S-004993,control,desktop,12,0
S-004994,control,desktop,6,0
S-004995,treatment,desktop,10,0
S-004996,control,desktop,5,0
S-004997,control,desktop,11,0
S-004998,control,desktop,9,0
S-004999,treatment,mobile,8,0
S-005000,control,desktop,3,0
S-005001,treatment,mobile,6,0
S-005002,treatment,mobile,7,1
S-005003,treatment,mobile,14,0
S-005004,treatment,mobile,2,0
S-005005,control,mobile,1,0
S-005006,treatment,mobile,4,0
S-005007,control,desktop,9,0
S-005008,treatment,mobile,9,0
S-005009,treatment,desktop,14,0
S-005010,control,desktop,13,0
S-005011,control,desktop,10,0
S-005012,treatment,mobile,9,0
S-005013,control,mobile,14,0
S-005014,control,desktop,9,0
S-005015,control,desktop,2,0
S-005016,control,desktop,10,0
S-005017,control,desktop,9,0
S-005018,treatment,mobile,5,0
S-005019,control,desktop,5,0
S-005020,treatment,mobile,3,0
S-005021,control,desktop,12,0
S-005022,treatment,mobile,14,0
S-005023,treatment,desktop,2,0
S-005024,treatment,mobile,14,0
S-005025,control,mobile,9,0
S-005026,control,desktop,4,0
S-005027,control,mobile,7,0
S-005028,treatment,mobile,12,0
S-005029,control,desktop,4,0
S-005030,control,desktop,5,0
S-005031,control,desktop,10,0
S-005032,control,mobile,1,0
S-005033,treatment,mobile,2,0
S-005034,control,desktop,3,0
S-005035,control,mobile,1,0
S-005036,control,desktop,8,0
S-005037,treatment,desktop,3,0
S-005038,control,desktop,4,0
S-005039,control,desktop,9,0
S-005040,control,desktop,8,0
S-005041,treatment,mobile,2,0
S-005042,treatment,desktop,4,0
S-005043,control,desktop,9,1
S-005044,control,desktop,13,1
S-005045,treatment,mobile,11,0
S-005046,control,mobile,8,0
S-005047,treatment,desktop,11,0
S-005048,treatment,mobile,2,0
S-005049,control,desktop,11,0
S-005050,treatment,mobile,13,0
S-005051,treatment,mobile,3,0
S-005052,treatment,mobile,8,0
S-005053,treatment,mobile,7,0
S-005054,control,desktop,10,0
S-005055,control,desktop,9,0
S-005056,control,desktop,8,1
S-005057,control,mobile,10,0
S-005058,treatment,mobile,1,1
S-005059,control,mobile,2,0
S-005060,control,desktop,14,0
S-005061,control,desktop,1,0
S-005062,treatment,mobile,12,0
S-005063,control,desktop,3,0
S-005064,treatment,mobile,14,0
S-005065,treatment,desktop,4,0
S-005066,control,desktop,12,0
S-005067,treatment,desktop,11,0
S-005068,treatment,mobile,6,0
S-005069,treatment,mobile,13,0
S-005070,treatment,mobile,10,1
S-005071,treatment,mobile,2,0
S-005072,treatment,mobile,1,0
S-005073,treatment,mobile,8,0
S-005074,treatment,mobile,10,0
S-005075,treatment,mobile,14,0
S-005076,treatment,mobile,3,0
S-005077,control,desktop,12,0
S-005078,treatment,mobile,3,0
S-005079,control,desktop,3,1
S-005080,control,desktop,7,0
S-005081,treatment,mobile,2,0
S-005082,treatment,mobile,6,0
S-005083,treatment,mobile,8,0
S-005084,treatment,mobile,9,0
S-005085,control,desktop,8,0
S-005086,control,desktop,9,0
S-005087,control,desktop,5,0
S-005088,control,desktop,10,0
S-005089,treatment,mobile,3,0
S-005090,treatment,mobile,14,0
S-005091,treatment,mobile,11,0
S-005092,control,desktop,14,1
S-005093,control,desktop,2,0
S-005094,treatment,mobile,8,0
S-005095,control,desktop,5,0
S-005096,control,mobile,4,0
S-005097,control,desktop,14,0
S-005098,treatment,mobile,7,1
S-005099,treatment,desktop,11,0
S-005100,control,mobile,14,0
S-005101,control,desktop,12,0
S-005102,control,desktop,8,1
S-005103,control,mobile,9,0
S-005104,control,desktop,5,0
S-005105,treatment,mobile,11,0
S-005106,treatment,mobile,13,0
S-005107,control,desktop,8,0
S-005108,treatment,mobile,11,0
S-005109,treatment,mobile,9,0
S-005110,control,mobile,1,0
S-005111,control,desktop,14,0
S-005112,control,desktop,13,0
S-005113,treatment,mobile,4,0
S-005114,treatment,mobile,10,0
S-005115,treatment,mobile,13,0
S-005116,treatment,mobile,3,0
S-005117,control,desktop,8,0
S-005118,control,desktop,13,0
S-005119,treatment,mobile,9,0
S-005120,control,desktop,7,0
S-005121,treatment,mobile,13,0
S-005122,treatment,mobile,13,0
S-005123,control,desktop,6,0
S-005124,control,desktop,10,1
S-005125,control,mobile,2,0
S-005126,control,desktop,5,0
S-005127,control,mobile,10,0
S-005128,treatment,mobile,2,0
S-005129,treatment,mobile,7,0
S-005130,control,desktop,8,0
S-005131,treatment,desktop,5,0
S-005132,control,desktop,11,0
S-005133,control,desktop,3,0
S-005134,control,desktop,3,1
S-005135,control,desktop,10,0
S-005136,treatment,mobile,4,0
S-005137,treatment,desktop,9,0
S-005138,treatment,desktop,7,0
S-005139,treatment,mobile,13,0
S-005140,control,mobile,14,0
S-005141,control,mobile,9,0
S-005142,treatment,mobile,10,0
S-005143,treatment,mobile,14,0
S-005144,treatment,mobile,9,0
S-005145,treatment,mobile,9,0
S-005146,control,desktop,4,1
S-005147,treatment,mobile,11,0
S-005148,control,desktop,4,0
S-005149,treatment,mobile,7,0
S-005150,treatment,mobile,13,0
S-005151,treatment,mobile,13,0
S-005152,treatment,mobile,1,0
S-005153,treatment,mobile,8,0
S-005154,control,desktop,4,0
S-005155,control,desktop,11,0
S-005156,treatment,mobile,8,0
S-005157,control,mobile,11,0
S-005158,treatment,mobile,11,0
S-005159,control,desktop,5,0
S-005160,control,mobile,9,0
S-005161,treatment,mobile,14,0
S-005162,control,desktop,11,1
S-005163,control,desktop,8,0
S-005164,treatment,mobile,1,0
S-005165,control,desktop,2,0
S-005166,treatment,mobile,10,0
S-005167,control,desktop,13,1
S-005168,treatment,mobile,7,0
S-005169,control,mobile,7,0
S-005170,treatment,mobile,5,0
S-005171,treatment,mobile,13,0
S-005172,treatment,mobile,5,0
S-005173,control,desktop,6,0
S-005174,treatment,mobile,12,0
S-005175,treatment,desktop,11,0
S-005176,control,mobile,3,0
S-005177,control,mobile,4,0
S-005178,control,desktop,7,1
S-005179,treatment,mobile,6,0
S-005180,treatment,mobile,6,0
S-005181,control,desktop,6,0
S-005182,treatment,mobile,7,0
S-005183,control,desktop,12,1
S-005184,control,desktop,3,0
S-005185,treatment,desktop,2,0
S-005186,control,desktop,3,0
S-005187,control,desktop,5,0
S-005188,control,mobile,8,1
S-005189,control,desktop,14,0
S-005190,treatment,mobile,10,0
S-005191,treatment,mobile,3,0
S-005192,treatment,mobile,13,0
S-005193,treatment,mobile,4,0
S-005194,treatment,desktop,14,0
S-005195,control,desktop,9,0
S-005196,treatment,desktop,7,0
S-005197,treatment,mobile,8,0
S-005198,treatment,mobile,10,0
S-005199,treatment,desktop,3,0
S-005200,treatment,mobile,6,0
S-005201,control,desktop,2,0
S-005202,control,desktop,1,0
S-005203,treatment,mobile,3,0
S-005204,control,desktop,10,0
S-005205,control,desktop,9,0
S-005206,treatment,mobile,1,0
S-005207,control,desktop,1,0
S-005208,control,mobile,7,0
S-005209,treatment,desktop,3,0
S-005210,control,desktop,13,0
S-005211,treatment,mobile,8,0
S-005212,treatment,mobile,2,0
S-005213,control,desktop,10,0
S-005214,control,desktop,13,0
S-005215,control,desktop,7,0
S-005216,treatment,desktop,2,0
S-005217,treatment,mobile,9,0
S-005218,control,desktop,4,0
S-005219,control,desktop,3,0
S-005220,control,mobile,13,0
S-005221,control,desktop,6,0
S-005222,control,desktop,13,0
S-005223,treatment,mobile,7,0
S-005224,treatment,mobile,4,0
S-005225,control,desktop,6,0
S-005226,treatment,desktop,3,1
S-005227,treatment,mobile,3,0
S-005228,control,desktop,14,0
S-005229,treatment,mobile,2,0
S-005230,control,mobile,13,0
S-005231,treatment,mobile,10,0
S-005232,control,desktop,1,0
S-005233,control,desktop,8,0
S-005234,treatment,desktop,1,0
S-005235,control,desktop,12,1
S-005236,control,desktop,3,1
S-005237,control,desktop,1,0
S-005238,control,desktop,11,0
S-005239,treatment,mobile,9,0
S-005240,control,mobile,11,0
S-005241,control,mobile,3,0
S-005242,control,desktop,4,0
S-005243,treatment,mobile,2,0
S-005244,control,desktop,6,0
S-005245,treatment,mobile,12,0
S-005246,treatment,mobile,10,0
S-005247,treatment,mobile,9,0
S-005248,treatment,mobile,11,0
S-005249,treatment,mobile,13,0
S-005250,treatment,mobile,11,1
S-005251,control,mobile,14,0
S-005252,treatment,mobile,1,0
S-005253,control,desktop,9,0
S-005254,control,desktop,3,1
S-005255,treatment,mobile,1,0
S-005256,control,desktop,5,0
S-005257,control,desktop,1,0
S-005258,treatment,desktop,4,0
S-005259,control,desktop,4,0
S-005260,treatment,mobile,3,0
S-005261,treatment,mobile,13,0
S-005262,control,desktop,3,1
S-005263,control,desktop,4,0
S-005264,control,desktop,10,0
S-005265,treatment,mobile,1,0
S-005266,treatment,mobile,6,0
S-005267,treatment,mobile,3,0
S-005268,control,desktop,4,0
S-005269,treatment,mobile,2,0
S-005270,control,desktop,13,0
S-005271,treatment,desktop,8,0
S-005272,control,mobile,9,0
S-005273,control,desktop,6,0
S-005274,control,mobile,12,0
S-005275,treatment,desktop,12,0
S-005276,treatment,mobile,2,0
S-005277,treatment,mobile,14,0
S-005278,treatment,mobile,3,0
S-005279,treatment,mobile,2,1
S-005280,treatment,mobile,6,0
S-005281,control,desktop,11,0
S-005282,control,mobile,9,0
S-005283,control,desktop,9,0
S-005284,treatment,mobile,5,0
S-005285,treatment,mobile,12,0
S-005286,treatment,mobile,10,0
S-005287,control,desktop,13,0
S-005288,treatment,mobile,8,0
S-005289,treatment,mobile,7,0
S-005290,treatment,mobile,5,0
S-005291,treatment,mobile,11,0
S-005292,control,desktop,5,0
S-005293,treatment,desktop,1,0
S-005294,treatment,mobile,3,0
S-005295,treatment,mobile,7,0
S-005296,treatment,mobile,4,0
S-005297,control,desktop,2,0
S-005298,control,mobile,12,0
S-005299,control,mobile,1,0
S-005300,treatment,mobile,6,0
S-005301,treatment,mobile,6,0
S-005302,control,desktop,2,0
S-005303,control,desktop,12,0
S-005304,treatment,mobile,13,0
S-005305,control,desktop,5,0
S-005306,treatment,mobile,14,0
S-005307,treatment,mobile,11,0
S-005308,treatment,mobile,9,0
S-005309,treatment,mobile,3,0
S-005310,control,desktop,7,0
S-005311,control,desktop,10,0
S-005312,treatment,desktop,6,0
S-005313,treatment,mobile,8,0
S-005314,treatment,mobile,13,0
S-005315,treatment,mobile,3,0
S-005316,treatment,mobile,8,0
S-005317,treatment,mobile,6,0
S-005318,treatment,mobile,12,0
S-005319,control,mobile,1,0
S-005320,control,mobile,14,0
S-005321,treatment,desktop,5,0
S-005322,treatment,desktop,4,0
S-005323,control,mobile,14,0
S-005324,treatment,mobile,14,0
S-005325,treatment,mobile,14,0
S-005326,control,mobile,6,0
S-005327,control,desktop,9,0
S-005328,treatment,mobile,12,0
S-005329,control,desktop,7,1
S-005330,control,mobile,12,0
S-005331,treatment,mobile,2,0
S-005332,control,desktop,1,0
S-005333,treatment,mobile,14,0
S-005334,control,desktop,4,1
S-005335,control,mobile,10,0
S-005336,treatment,desktop,3,0
S-005337,control,desktop,13,0
S-005338,treatment,mobile,12,0
S-005339,treatment,mobile,12,0
S-005340,control,desktop,10,0
S-005341,control,mobile,7,0
S-005342,treatment,mobile,9,0
S-005343,treatment,mobile,3,0
S-005344,control,mobile,4,0
S-005345,treatment,mobile,2,0
S-005346,control,mobile,7,0
S-005347,treatment,mobile,4,0
S-005348,control,desktop,3,1
S-005349,treatment,mobile,10,0
S-005350,treatment,mobile,14,1
S-005351,treatment,mobile,11,0
S-005352,control,mobile,9,0
S-005353,control,desktop,12,1
S-005354,treatment,mobile,7,1
S-005355,control,mobile,5,0
S-005356,control,desktop,8,0
S-005357,control,desktop,2,0
S-005358,treatment,desktop,6,0
S-005359,control,desktop,10,0
S-005360,control,desktop,14,0
S-005361,treatment,desktop,8,0
S-005362,control,desktop,7,0
S-005363,control,mobile,11,0
S-005364,control,desktop,14,0
S-005365,treatment,mobile,7,0
S-005366,treatment,mobile,6,0
S-005367,control,desktop,5,0
S-005368,treatment,mobile,10,1
S-005369,treatment,mobile,6,0
S-005370,control,desktop,11,0
S-005371,control,mobile,10,0
S-005372,control,desktop,10,0
S-005373,control,desktop,14,1
S-005374,treatment,mobile,7,0
S-005375,treatment,mobile,10,0
S-005376,control,desktop,9,0
S-005377,treatment,mobile,14,0
S-005378,treatment,mobile,6,0
S-005379,treatment,desktop,5,1
S-005380,control,desktop,6,0
S-005381,treatment,mobile,10,0
S-005382,control,mobile,8,0
S-005383,control,desktop,8,0
S-005384,control,mobile,4,0
S-005385,treatment,mobile,6,0
S-005386,control,mobile,10,0
S-005387,control,desktop,14,0
S-005388,treatment,mobile,14,0
S-005389,treatment,mobile,1,0
S-005390,control,desktop,10,1
S-005391,treatment,mobile,13,0
S-005392,treatment,mobile,13,0
S-005393,control,desktop,13,0
S-005394,control,mobile,8,0
S-005395,control,desktop,7,0
S-005396,control,desktop,3,0
S-005397,control,desktop,5,0
S-005398,treatment,desktop,13,0
S-005399,treatment,mobile,2,0
S-005400,control,desktop,6,0
S-005401,control,mobile,13,0
S-005402,treatment,mobile,5,0
S-005403,treatment,mobile,4,0
S-005404,control,desktop,2,0
S-005405,treatment,desktop,7,0
S-005406,control,desktop,11,0
S-005407,treatment,mobile,6,0
S-005408,treatment,mobile,7,0
S-005409,treatment,mobile,11,0
S-005410,treatment,mobile,4,0
S-005411,control,desktop,3,0
S-005412,treatment,mobile,5,0
S-005413,control,desktop,8,0
S-005414,control,desktop,10,1
S-005415,control,desktop,3,0
S-005416,treatment,mobile,14,0
S-005417,treatment,mobile,1,0
S-005418,treatment,mobile,5,1
S-005419,treatment,desktop,13,0
S-005420,treatment,desktop,12,0
S-005421,control,desktop,6,0
S-005422,treatment,desktop,13,0
S-005423,control,mobile,9,0
S-005424,control,desktop,4,0
S-005425,treatment,mobile,6,0
S-005426,control,desktop,14,0
S-005427,treatment,mobile,9,0
S-005428,treatment,desktop,3,0
S-005429,treatment,mobile,7,1
S-005430,treatment,desktop,14,1
S-005431,control,mobile,2,0
S-005432,control,desktop,7,1
S-005433,treatment,mobile,4,0
S-005434,control,mobile,13,0
S-005435,treatment,mobile,2,0
S-005436,treatment,mobile,1,0
S-005437,treatment,mobile,4,0
S-005438,treatment,mobile,9,0
S-005439,treatment,mobile,5,0
S-005440,treatment,mobile,3,0
S-005441,treatment,mobile,9,0
S-005442,treatment,mobile,4,0
S-005443,treatment,mobile,11,0
S-005444,control,desktop,1,0
S-005445,treatment,mobile,13,0
S-005446,control,mobile,1,0
S-005447,control,desktop,4,0
S-005448,control,desktop,3,0
S-005449,control,desktop,1,0
S-005450,treatment,mobile,6,1
S-005451,treatment,mobile,9,0
S-005452,treatment,mobile,12,0
S-005453,control,mobile,13,0
S-005454,treatment,mobile,2,0
S-005455,control,desktop,4,0
S-005456,control,mobile,4,0
S-005457,control,desktop,8,0
S-005458,control,desktop,7,0
S-005459,treatment,mobile,5,0
S-005460,treatment,mobile,13,0
S-005461,control,desktop,10,0
S-005462,treatment,mobile,13,1
S-005463,treatment,mobile,12,0
S-005464,control,desktop,11,0
S-005465,control,desktop,5,1
S-005466,control,desktop,6,0
S-005467,control,desktop,9,0
S-005468,control,desktop,12,0
S-005469,treatment,mobile,5,0
S-005470,control,desktop,3,0
S-005471,control,desktop,3,0
S-005472,control,desktop,10,0
S-005473,control,desktop,6,0
S-005474,treatment,mobile,3,0
S-005475,control,mobile,1,0
S-005476,treatment,mobile,5,0
S-005477,treatment,mobile,14,1
S-005478,treatment,mobile,4,0
S-005479,treatment,mobile,1,0
S-005480,treatment,desktop,7,0
S-005481,treatment,desktop,5,0
S-005482,control,desktop,10,0
S-005483,control,desktop,8,0
S-005484,control,desktop,10,0
S-005485,treatment,mobile,12,0
S-005486,treatment,mobile,7,0
S-005487,treatment,mobile,9,0
S-005488,treatment,mobile,2,0
S-005489,treatment,mobile,3,0
S-005490,treatment,mobile,6,0
S-005491,control,mobile,5,0
S-005492,treatment,mobile,9,0
S-005493,treatment,mobile,6,0
S-005494,treatment,mobile,13,0
S-005495,treatment,mobile,6,1
S-005496,control,desktop,7,0
S-005497,treatment,mobile,6,0
S-005498,control,desktop,7,1
S-005499,treatment,mobile,3,0
S-005500,treatment,mobile,2,0
S-005501,control,desktop,6,0
S-005502,control,mobile,11,1
S-005503,control,desktop,3,0
S-005504,control,desktop,3,0
S-005505,treatment,desktop,2,0
S-005506,treatment,mobile,11,0
S-005507,treatment,mobile,2,0
S-005508,treatment,mobile,14,0
S-005509,treatment,mobile,10,0
S-005510,treatment,mobile,6,1
S-005511,treatment,mobile,7,0
S-005512,treatment,mobile,7,0
S-005513,control,desktop,11,0
S-005514,control,desktop,9,1
S-005515,control,desktop,11,0
S-005516,control,desktop,8,0
S-005517,treatment,mobile,3,0
S-005518,control,desktop,5,0
S-005519,control,mobile,5,0
S-005520,control,desktop,1,0
S-005521,treatment,desktop,12,0
S-005522,treatment,mobile,8,0
S-005523,control,desktop,3,0
S-005524,treatment,mobile,10,0
S-005525,treatment,mobile,2,0
S-005526,treatment,desktop,13,0
S-005527,treatment,mobile,1,0
S-005528,control,desktop,14,0
S-005529,control,desktop,11,0
S-005530,treatment,mobile,14,0
S-005531,control,mobile,14,0
S-005532,treatment,mobile,5,0
S-005533,control,mobile,14,0
S-005534,control,mobile,14,0
S-005535,control,mobile,6,0
S-005536,treatment,mobile,1,0
S-005537,treatment,mobile,14,0
S-005538,treatment,mobile,5,0
S-005539,treatment,mobile,1,1
S-005540,control,mobile,13,0
S-005541,treatment,mobile,12,0
S-005542,treatment,mobile,7,0
S-005543,control,desktop,4,0
S-005544,control,desktop,14,0
S-005545,control,mobile,8,0
S-005546,treatment,mobile,14,0
S-005547,treatment,mobile,14,0
S-005548,control,desktop,9,0
S-005549,treatment,mobile,9,0
S-005550,treatment,mobile,2,0
S-005551,control,desktop,5,0
S-005552,control,mobile,2,0
S-005553,control,desktop,2,0
S-005554,treatment,mobile,9,0
S-005555,control,mobile,13,0
S-005556,control,desktop,10,0
S-005557,treatment,desktop,8,1
S-005558,control,desktop,5,0
S-005559,control,desktop,6,0
S-005560,control,desktop,1,0
S-005561,control,desktop,2,1
S-005562,treatment,mobile,5,0
S-005563,treatment,desktop,8,0
S-005564,control,desktop,7,0
S-005565,control,mobile,3,0
S-005566,control,desktop,1,0
S-005567,control,desktop,9,1
S-005568,control,desktop,13,0
S-005569,control,desktop,7,0
S-005570,treatment,mobile,3,0
S-005571,treatment,mobile,13,0
S-005572,control,desktop,8,0
S-005573,control,desktop,5,0
S-005574,control,desktop,13,0
S-005575,control,desktop,1,0
S-005576,control,desktop,4,1
S-005577,control,desktop,9,0
S-005578,control,mobile,1,0
S-005579,treatment,mobile,12,0
S-005580,treatment,mobile,4,0
S-005581,treatment,desktop,3,0
S-005582,control,mobile,9,0
S-005583,treatment,desktop,8,0
S-005584,control,desktop,1,0
S-005585,control,desktop,9,0
S-005586,control,desktop,11,0
S-005587,treatment,mobile,5,0
S-005588,control,desktop,10,0
S-005589,control,desktop,2,0
S-005590,treatment,mobile,11,0
S-005591,control,desktop,3,0
S-005592,control,mobile,4,0
S-005593,control,desktop,10,0
S-005594,treatment,mobile,11,1
S-005595,treatment,mobile,2,0
S-005596,control,mobile,8,0
S-005597,treatment,mobile,13,0
S-005598,treatment,mobile,14,0
S-005599,treatment,mobile,3,0
S-005600,control,mobile,5,0
S-005601,control,mobile,4,0
S-005602,control,desktop,11,0
S-005603,control,desktop,14,0
S-005604,control,desktop,10,0
S-005605,control,desktop,12,0
S-005606,control,desktop,7,0
S-005607,control,mobile,7,0
S-005608,control,mobile,3,0
S-005609,control,mobile,6,0
S-005610,control,desktop,11,0
S-005611,control,desktop,13,0
S-005612,control,mobile,10,0
S-005613,treatment,mobile,10,0
S-005614,control,desktop,7,0
S-005615,treatment,mobile,4,1
S-005616,control,desktop,4,0
S-005617,treatment,mobile,13,0
S-005618,treatment,mobile,4,0
S-005619,treatment,mobile,12,0
S-005620,control,mobile,8,0
S-005621,treatment,mobile,9,0
S-005622,treatment,desktop,14,1
S-005623,treatment,mobile,8,0
S-005624,control,mobile,9,0
S-005625,control,desktop,2,0
S-005626,treatment,mobile,10,1
S-005627,treatment,mobile,11,0
S-005628,control,desktop,3,0
S-005629,treatment,mobile,5,1
S-005630,treatment,mobile,3,0
S-005631,treatment,mobile,1,0
S-005632,treatment,mobile,7,0
S-005633,treatment,mobile,9,0
S-005634,treatment,mobile,10,0
S-005635,treatment,mobile,11,0
S-005636,treatment,desktop,9,0
S-005637,control,mobile,14,0
S-005638,treatment,mobile,2,0
S-005639,control,mobile,3,0
S-005640,control,mobile,7,0
S-005641,treatment,mobile,7,0
S-005642,control,mobile,14,0
S-005643,treatment,mobile,14,0
S-005644,treatment,mobile,11,0
S-005645,control,mobile,14,0
S-005646,control,desktop,6,0
S-005647,treatment,desktop,12,0
S-005648,control,desktop,2,0
S-005649,control,desktop,12,0
S-005650,control,desktop,14,0
S-005651,treatment,mobile,14,0
S-005652,control,desktop,14,0
S-005653,treatment,mobile,8,0
S-005654,control,desktop,11,0
S-005655,treatment,mobile,11,0
S-005656,treatment,mobile,11,0
S-005657,treatment,mobile,13,0
S-005658,control,desktop,5,0
S-005659,treatment,mobile,14,0
S-005660,control,desktop,5,0
S-005661,treatment,mobile,12,0
S-005662,control,mobile,4,0
S-005663,control,mobile,1,0
S-005664,control,desktop,1,1
S-005665,control,mobile,14,0
S-005666,control,desktop,14,0
S-005667,control,desktop,14,1
S-005668,control,mobile,8,0
S-005669,treatment,mobile,12,0
S-005670,treatment,mobile,14,1
S-005671,control,mobile,11,0
S-005672,treatment,mobile,11,0
S-005673,treatment,mobile,10,0
S-005674,treatment,mobile,4,0
S-005675,treatment,mobile,2,0
S-005676,treatment,mobile,1,0
S-005677,control,desktop,12,0
S-005678,treatment,mobile,7,0
S-005679,control,mobile,3,1
S-005680,control,desktop,3,0
S-005681,treatment,mobile,11,0
S-005682,control,mobile,3,0
S-005683,treatment,mobile,14,0
S-005684,treatment,mobile,12,0
S-005685,control,desktop,4,0
S-005686,control,mobile,10,0
S-005687,treatment,mobile,2,0
S-005688,control,desktop,7,0
S-005689,treatment,mobile,3,0
S-005690,control,mobile,9,1
S-005691,treatment,mobile,1,0
S-005692,control,mobile,10,0
S-005693,control,desktop,1,0
S-005694,control,desktop,12,0
S-005695,control,desktop,9,0
S-005696,treatment,desktop,11,0
S-005697,treatment,desktop,13,1
S-005698,control,mobile,2,0
S-005699,control,mobile,3,0
S-005700,treatment,desktop,8,0
S-005701,control,mobile,12,0
S-005702,control,mobile,4,0
S-005703,control,desktop,13,1
S-005704,control,desktop,6,0
S-005705,control,desktop,12,0
S-005706,control,desktop,6,0
S-005707,treatment,mobile,9,0
S-005708,control,desktop,9,0
S-005709,treatment,desktop,4,0
S-005710,treatment,mobile,7,0
S-005711,treatment,mobile,14,0
S-005712,control,mobile,11,0
S-005713,treatment,desktop,8,0
S-005714,control,desktop,14,0
S-005715,treatment,mobile,6,0
S-005716,treatment,mobile,3,1
S-005717,control,desktop,1,0
S-005718,treatment,mobile,12,0
S-005719,treatment,mobile,4,0
S-005720,treatment,mobile,8,0
S-005721,treatment,mobile,13,0
S-005722,treatment,mobile,12,0
S-005723,control,mobile,8,0
S-005724,control,desktop,7,1
S-005725,treatment,mobile,12,0
S-005726,treatment,mobile,4,0
S-005727,treatment,mobile,1,0
S-005728,treatment,mobile,5,1
S-005729,treatment,desktop,9,0
S-005730,control,mobile,5,0
S-005731,control,desktop,9,0
S-005732,treatment,desktop,8,0
S-005733,treatment,mobile,1,0
S-005734,treatment,mobile,3,1
S-005735,treatment,mobile,13,0
S-005736,treatment,desktop,4,0
S-005737,treatment,desktop,3,0
S-005738,treatment,mobile,7,0
S-005739,control,desktop,11,0
S-005740,control,desktop,14,0
S-005741,treatment,mobile,5,1
S-005742,treatment,mobile,11,0
S-005743,control,mobile,2,0
S-005744,treatment,mobile,9,0
S-005745,treatment,mobile,8,0
S-005746,treatment,mobile,12,0
S-005747,treatment,mobile,10,0
S-005748,treatment,mobile,12,0
S-005749,treatment,mobile,7,0
S-005750,treatment,mobile,11,0
S-005751,treatment,mobile,4,0
S-005752,treatment,desktop,13,0
S-005753,control,desktop,9,0
S-005754,treatment,mobile,13,0
S-005755,control,desktop,3,0
S-005756,control,desktop,6,0
S-005757,control,desktop,13,1
S-005758,treatment,mobile,6,0
S-005759,control,desktop,7,0
S-005760,treatment,mobile,3,1
S-005761,treatment,mobile,14,0
S-005762,control,desktop,2,0
S-005763,control,desktop,8,0
S-005764,treatment,desktop,8,0
S-005765,control,desktop,7,0
S-005766,treatment,mobile,8,0
S-005767,treatment,mobile,11,0
S-005768,control,desktop,5,0
S-005769,treatment,mobile,4,0
S-005770,treatment,mobile,14,0
S-005771,control,desktop,3,1
S-005772,control,desktop,5,0
S-005773,treatment,mobile,2,0
S-005774,control,mobile,7,0
S-005775,treatment,mobile,7,0
S-005776,control,desktop,6,1
S-005777,treatment,mobile,9,0
S-005778,control,desktop,10,1
S-005779,treatment,mobile,12,0
S-005780,control,desktop,3,0
S-005781,treatment,mobile,4,0
S-005782,control,desktop,7,0
S-005783,treatment,mobile,14,0
S-005784,control,mobile,14,0
S-005785,treatment,mobile,6,0
S-005786,treatment,mobile,7,0
S-005787,treatment,mobile,1,0
S-005788,control,desktop,10,1
S-005789,control,desktop,3,0
S-005790,control,desktop,9,0
S-005791,control,desktop,12,0
S-005792,control,mobile,2,0
S-005793,treatment,mobile,5,0
S-005794,treatment,mobile,14,0
S-005795,treatment,mobile,9,0
S-005796,treatment,mobile,11,0
S-005797,treatment,mobile,6,0
S-005798,treatment,mobile,9,0
S-005799,control,desktop,4,0
S-005800,control,desktop,8,0
S-005801,control,mobile,12,0
S-005802,control,desktop,10,0
S-005803,control,desktop,7,0
S-005804,control,mobile,12,0
S-005805,control,desktop,10,0
S-005806,control,desktop,5,1
S-005807,control,desktop,1,0
S-005808,treatment,mobile,11,0
S-005809,treatment,mobile,12,0
S-005810,treatment,mobile,2,0
S-005811,treatment,mobile,4,0
S-005812,control,desktop,2,0
S-005813,treatment,mobile,4,0
S-005814,treatment,mobile,11,0
S-005815,control,desktop,1,0
S-005816,treatment,mobile,13,0
S-005817,treatment,mobile,7,0
S-005818,treatment,mobile,7,0
S-005819,treatment,mobile,5,0
S-005820,control,desktop,4,0
S-005821,treatment,mobile,9,1
S-005822,control,desktop,10,0
S-005823,control,desktop,12,1
S-005824,control,desktop,6,0
S-005825,control,desktop,8,0
S-005826,control,desktop,2,0
S-005827,treatment,mobile,2,0
S-005828,control,desktop,10,1
S-005829,control,desktop,12,0
S-005830,control,desktop,12,1
S-005831,control,desktop,13,1
S-005832,control,mobile,13,1
S-005833,treatment,mobile,11,0
S-005834,control,desktop,10,1
S-005835,treatment,mobile,3,0
S-005836,control,desktop,13,0
S-005837,treatment,mobile,10,0
S-005838,treatment,mobile,8,0
S-005839,treatment,mobile,13,0
S-005840,control,desktop,13,1
S-005841,control,desktop,8,0
S-005842,control,desktop,11,0
S-005843,control,desktop,14,0
S-005844,treatment,mobile,5,0
S-005845,control,desktop,6,0
S-005846,control,mobile,2,0
S-005847,control,desktop,14,0
S-005848,treatment,mobile,4,0
S-005849,treatment,mobile,4,0
S-005850,control,desktop,9,0
S-005851,control,mobile,10,0
S-005852,control,desktop,2,0
S-005853,treatment,mobile,4,0
S-005854,treatment,mobile,9,0
S-005855,control,desktop,10,0
S-005856,treatment,mobile,11,0
S-005857,treatment,mobile,13,0
S-005858,treatment,mobile,1,0
S-005859,treatment,mobile,3,0
S-005860,treatment,mobile,5,0
S-005861,control,desktop,4,0
S-005862,treatment,mobile,4,0
S-005863,control,mobile,1,0
S-005864,treatment,mobile,10,1
S-005865,control,desktop,7,1
S-005866,control,mobile,12,0
S-005867,control,desktop,9,0
S-005868,control,desktop,8,0
S-005869,control,mobile,6,0
S-005870,treatment,mobile,5,0
S-005871,control,desktop,2,0
S-005872,control,desktop,3,0
S-005873,treatment,mobile,3,0
S-005874,treatment,mobile,1,0
S-005875,control,desktop,6,1
S-005876,control,desktop,7,1
S-005877,control,desktop,12,0
S-005878,treatment,desktop,14,0
S-005879,treatment,mobile,1,0
S-005880,control,mobile,1,0
S-005881,control,desktop,4,0
S-005882,control,desktop,12,0
S-005883,treatment,mobile,2,0
S-005884,control,desktop,10,0
S-005885,control,desktop,1,0
S-005886,treatment,mobile,12,0
S-005887,control,mobile,13,0
S-005888,treatment,desktop,6,0
S-005889,control,desktop,11,0
S-005890,treatment,mobile,8,0
S-005891,control,mobile,13,0
S-005892,treatment,mobile,3,0
S-005893,treatment,mobile,2,1
S-005894,treatment,mobile,9,0
S-005895,control,desktop,13,0
S-005896,control,desktop,14,0
S-005897,treatment,desktop,10,1
S-005898,control,mobile,4,0
S-005899,control,mobile,4,0
S-005900,control,desktop,6,0
S-005901,treatment,mobile,11,1
S-005902,treatment,mobile,8,0
S-005903,treatment,mobile,8,0
S-005904,control,desktop,14,0
S-005905,control,desktop,7,0
S-005906,treatment,mobile,2,0
S-005907,treatment,mobile,13,0
S-005908,control,desktop,11,0
S-005909,treatment,mobile,6,0
S-005910,treatment,mobile,14,0
S-005911,treatment,mobile,14,0
S-005912,treatment,mobile,5,0
S-005913,control,desktop,4,0
S-005914,treatment,desktop,9,0
S-005915,treatment,mobile,10,0
S-005916,control,mobile,10,0
S-005917,control,mobile,6,0
S-005918,control,desktop,13,0
S-005919,control,mobile,7,0
S-005920,control,mobile,13,1
S-005921,treatment,mobile,9,0
S-005922,treatment,mobile,2,0
S-005923,treatment,mobile,7,0
S-005924,control,desktop,9,0
S-005925,treatment,mobile,11,0
S-005926,control,desktop,4,0
S-005927,treatment,mobile,12,0
S-005928,treatment,mobile,5,0
S-005929,treatment,mobile,4,0
S-005930,control,desktop,2,0
S-005931,control,desktop,1,0
S-005932,treatment,mobile,3,0
S-005933,control,desktop,9,0
S-005934,treatment,mobile,12,0
S-005935,control,desktop,8,0
S-005936,treatment,mobile,3,0
S-005937,control,desktop,1,0
S-005938,control,mobile,14,0
S-005939,control,desktop,3,0
S-005940,treatment,mobile,9,0
S-005941,control,desktop,13,0
S-005942,control,mobile,10,0
S-005943,control,desktop,1,0
S-005944,control,mobile,1,0
S-005945,control,desktop,14,0
S-005946,treatment,mobile,6,0
S-005947,treatment,mobile,10,0
S-005948,control,desktop,7,0
S-005949,treatment,mobile,13,0
S-005950,control,mobile,14,0
S-005951,control,desktop,5,0
S-005952,control,desktop,9,1
S-005953,treatment,mobile,5,0
S-005954,treatment,mobile,1,0
S-005955,treatment,mobile,9,0
S-005956,control,desktop,7,0
S-005957,control,desktop,2,0
S-005958,control,desktop,13,0
S-005959,control,desktop,6,0
S-005960,control,mobile,8,0
S-005961,control,desktop,3,0
S-005962,control,mobile,5,0
S-005963,treatment,mobile,12,0
S-005964,treatment,mobile,14,0
S-005965,treatment,mobile,8,0
S-005966,treatment,desktop,13,0
S-005967,treatment,mobile,11,0
S-005968,treatment,mobile,3,0
S-005969,control,mobile,3,0
S-005970,control,mobile,4,0
S-005971,control,mobile,14,0
S-005972,treatment,mobile,9,0
S-005973,control,desktop,9,1
S-005974,treatment,mobile,9,0
S-005975,treatment,mobile,12,0
S-005976,treatment,mobile,1,0
S-005977,treatment,mobile,9,0
S-005978,treatment,mobile,3,0
S-005979,control,mobile,1,0
S-005980,control,desktop,5,0
S-005981,control,desktop,3,0
S-005982,treatment,mobile,3,0
S-005983,treatment,mobile,9,0
S-005984,treatment,mobile,5,0
S-005985,treatment,desktop,13,0
S-005986,control,desktop,4,0
S-005987,control,mobile,10,0
S-005988,treatment,mobile,11,0
S-005989,treatment,mobile,9,0
S-005990,control,desktop,2,1
S-005991,control,desktop,6,0
S-005992,control,desktop,1,0
S-005993,control,mobile,7,0
S-005994,control,desktop,10,1
S-005995,treatment,mobile,10,0
S-005996,treatment,mobile,6,0
S-005997,control,desktop,3,1
S-005998,control,desktop,13,1
S-005999,treatment,mobile,13,0
S-006000,control,desktop,11,0
S-006001,control,mobile,10,0
S-006002,control,desktop,6,0
S-006003,treatment,mobile,14,0
S-006004,control,mobile,7,0
S-006005,control,mobile,2,0
S-006006,treatment,mobile,7,0
S-006007,control,desktop,12,0
S-006008,control,desktop,3,0
S-006009,treatment,mobile,11,0
S-006010,treatment,desktop,3,0
S-006011,control,desktop,11,1
S-006012,treatment,mobile,3,0
S-006013,control,desktop,13,0
S-006014,treatment,mobile,7,0
S-006015,treatment,mobile,9,0
S-006016,treatment,mobile,5,0
S-006017,treatment,mobile,1,0
S-006018,control,desktop,4,0
S-006019,treatment,mobile,12,0
S-006020,treatment,desktop,6,0
S-006021,control,desktop,1,1
S-006022,treatment,mobile,13,0
S-006023,treatment,mobile,13,0
S-006024,control,desktop,7,1
S-006025,control,desktop,2,0
S-006026,treatment,mobile,9,0
S-006027,treatment,mobile,7,0
S-006028,control,desktop,10,0
S-006029,treatment,mobile,11,0
S-006030,treatment,mobile,8,0
S-006031,treatment,mobile,13,0
S-006032,treatment,mobile,3,0
S-006033,control,desktop,14,0
S-006034,treatment,desktop,12,0
S-006035,treatment,desktop,6,0
S-006036,treatment,mobile,4,0
S-006037,control,desktop,10,1
S-006038,control,desktop,9,0
S-006039,treatment,mobile,4,0
S-006040,control,desktop,12,1
S-006041,control,desktop,7,0
S-006042,treatment,mobile,14,0
S-006043,treatment,mobile,9,0
S-006044,control,mobile,2,0
S-006045,control,desktop,7,0
S-006046,treatment,mobile,14,0
S-006047,control,mobile,5,0
S-006048,treatment,mobile,11,0
S-006049,treatment,mobile,8,0
S-006050,treatment,mobile,14,0
S-006051,control,desktop,1,0
S-006052,treatment,desktop,13,0
S-006053,treatment,mobile,9,1
S-006054,control,mobile,13,0
S-006055,control,desktop,14,1
S-006056,control,desktop,6,0
S-006057,treatment,mobile,13,0
S-006058,control,mobile,7,0
S-006059,control,desktop,4,0
S-006060,treatment,desktop,7,0
S-006061,treatment,mobile,2,0
S-006062,control,desktop,13,0
S-006063,treatment,mobile,5,0
S-006064,control,mobile,9,0
S-006065,treatment,mobile,1,0
S-006066,control,desktop,3,0
S-006067,control,mobile,11,0
S-006068,control,desktop,13,0
S-006069,treatment,mobile,3,0
S-006070,control,desktop,9,0
S-006071,treatment,mobile,11,0
S-006072,control,desktop,6,1
S-006073,control,desktop,13,0
S-006074,treatment,desktop,12,0
S-006075,treatment,mobile,2,0
S-006076,control,desktop,6,0
S-006077,control,desktop,8,0
S-006078,treatment,mobile,14,0
S-006079,control,mobile,11,0
S-006080,treatment,desktop,11,1
S-006081,control,mobile,8,0
S-006082,control,desktop,6,0
S-006083,control,desktop,1,0
S-006084,treatment,mobile,12,0
S-006085,control,desktop,4,1
S-006086,treatment,mobile,12,0
S-006087,control,desktop,14,1
S-006088,control,mobile,6,0
S-006089,treatment,mobile,10,0
S-006090,control,desktop,9,0
S-006091,control,mobile,5,0
S-006092,treatment,desktop,5,1
S-006093,treatment,mobile,2,0
S-006094,treatment,mobile,6,0
S-006095,control,mobile,2,0
S-006096,treatment,mobile,9,0
S-006097,control,desktop,10,0
S-006098,treatment,mobile,14,0
S-006099,treatment,mobile,9,0
S-006100,control,desktop,10,0
S-006101,treatment,mobile,1,0
S-006102,treatment,desktop,1,1
S-006103,treatment,mobile,6,0
S-006104,treatment,mobile,4,0
S-006105,treatment,mobile,7,0
S-006106,treatment,mobile,3,0
S-006107,treatment,mobile,12,0
S-006108,control,desktop,2,0
S-006109,treatment,mobile,11,0
S-006110,treatment,mobile,1,0
S-006111,control,desktop,9,1
S-006112,control,desktop,5,1
S-006113,control,desktop,9,1
S-006114,control,desktop,2,0
S-006115,control,mobile,11,1
S-006116,treatment,mobile,6,0
S-006117,control,desktop,8,0
S-006118,treatment,desktop,11,0
S-006119,treatment,desktop,12,0
S-006120,treatment,mobile,1,0
S-006121,treatment,mobile,9,0
S-006122,control,desktop,9,0
S-006123,treatment,mobile,8,0
S-006124,treatment,mobile,5,0
S-006125,treatment,mobile,14,0
S-006126,treatment,mobile,10,0
S-006127,treatment,mobile,6,0
S-006128,control,desktop,11,1
S-006129,treatment,mobile,7,0
S-006130,control,desktop,5,0
S-006131,control,mobile,2,0
S-006132,treatment,mobile,4,0
S-006133,control,desktop,6,0
S-006134,control,mobile,12,0
S-006135,control,desktop,10,0
S-006136,treatment,mobile,9,0
S-006137,control,desktop,1,0
S-006138,treatment,desktop,7,0
S-006139,control,desktop,12,0
S-006140,treatment,desktop,6,0
S-006141,treatment,mobile,1,0
S-006142,treatment,mobile,8,0
S-006143,treatment,mobile,14,0
S-006144,treatment,mobile,6,0
S-006145,treatment,mobile,13,0
S-006146,control,mobile,3,0
S-006147,treatment,mobile,6,0
S-006148,control,desktop,5,0
S-006149,treatment,mobile,7,0
S-006150,control,desktop,2,0
S-006151,treatment,mobile,12,0
S-006152,control,desktop,6,0
S-006153,control,desktop,13,0
S-006154,control,desktop,4,0
S-006155,treatment,mobile,3,0
S-006156,treatment,mobile,2,0
S-006157,treatment,mobile,14,0
S-006158,treatment,mobile,5,0
S-006159,control,desktop,11,0
S-006160,control,desktop,13,0
S-006161,control,desktop,10,0
S-006162,control,mobile,9,0
S-006163,control,desktop,10,0
S-006164,treatment,mobile,9,0
S-006165,treatment,mobile,12,0
S-006166,treatment,mobile,4,1
S-006167,treatment,desktop,8,0
S-006168,control,desktop,8,1
S-006169,control,mobile,5,0
S-006170,control,mobile,5,0
S-006171,treatment,mobile,4,0
S-006172,control,desktop,13,0
S-006173,treatment,mobile,6,0
S-006174,control,desktop,2,1
S-006175,control,desktop,9,0
S-006176,treatment,mobile,13,0
S-006177,control,mobile,3,0
S-006178,treatment,mobile,9,1
S-006179,control,mobile,6,0
S-006180,control,desktop,10,0
S-006181,treatment,mobile,11,0
S-006182,control,desktop,14,0
S-006183,treatment,mobile,13,0
S-006184,control,desktop,8,0
S-006185,treatment,mobile,1,0
S-006186,treatment,mobile,4,0
S-006187,control,desktop,11,0
S-006188,control,desktop,8,0
S-006189,control,desktop,9,0
S-006190,treatment,mobile,14,0
S-006191,treatment,desktop,13,0
S-006192,control,desktop,9,0
S-006193,treatment,mobile,9,0
S-006194,treatment,mobile,5,0
S-006195,treatment,mobile,2,1
S-006196,treatment,mobile,3,0
S-006197,control,desktop,14,0
S-006198,treatment,mobile,2,0
S-006199,control,desktop,13,1
S-006200,control,desktop,5,0
S-006201,treatment,mobile,11,0
S-006202,treatment,mobile,11,0
S-006203,treatment,desktop,9,1
S-006204,treatment,mobile,2,0
S-006205,treatment,mobile,10,0
S-006206,control,desktop,3,0
S-006207,control,desktop,14,0
S-006208,control,desktop,6,0
S-006209,control,desktop,14,0
S-006210,control,desktop,12,0
S-006211,treatment,mobile,13,0
S-006212,control,desktop,5,0
S-006213,treatment,desktop,3,0
S-006214,control,desktop,10,0
S-006215,treatment,mobile,2,0
S-006216,control,mobile,13,0
S-006217,treatment,mobile,6,1
S-006218,treatment,mobile,6,0
S-006219,control,desktop,3,0
S-006220,control,desktop,6,0
S-006221,control,mobile,8,0
S-006222,control,desktop,7,0
S-006223,treatment,mobile,6,0
S-006224,treatment,mobile,3,0
S-006225,control,desktop,8,0
S-006226,control,mobile,3,0
S-006227,control,desktop,14,0
S-006228,treatment,mobile,10,0
S-006229,treatment,mobile,12,0
S-006230,control,desktop,12,0
S-006231,control,desktop,2,0
S-006232,treatment,mobile,5,0
S-006233,treatment,mobile,13,0
S-006234,control,mobile,3,0
S-006235,control,desktop,14,0
S-006236,treatment,mobile,9,0
S-006237,control,mobile,7,0
S-006238,control,mobile,1,0
S-006239,control,desktop,11,0
S-006240,treatment,mobile,4,0
S-006241,control,desktop,13,0
S-006242,treatment,mobile,12,0
S-006243,control,desktop,9,0
S-006244,treatment,mobile,14,0
S-006245,control,desktop,12,0
S-006246,treatment,mobile,9,0
S-006247,treatment,mobile,14,0
S-006248,control,mobile,13,0
S-006249,treatment,desktop,10,0
S-006250,control,desktop,13,1
S-006251,treatment,mobile,3,0
S-006252,treatment,mobile,12,0
S-006253,treatment,mobile,14,0
S-006254,control,desktop,2,0
S-006255,control,desktop,5,0
S-006256,treatment,mobile,5,0
S-006257,treatment,desktop,9,0
S-006258,control,desktop,9,0
S-006259,control,desktop,10,1
S-006260,treatment,mobile,12,0
S-006261,treatment,mobile,9,0
S-006262,treatment,mobile,12,0
S-006263,control,desktop,6,0
S-006264,treatment,mobile,3,0
S-006265,control,desktop,8,0
S-006266,treatment,mobile,6,0
S-006267,treatment,desktop,3,0
S-006268,treatment,mobile,5,0
S-006269,control,desktop,1,0
S-006270,treatment,mobile,9,0
S-006271,control,mobile,10,0
S-006272,treatment,mobile,6,0
S-006273,treatment,mobile,12,0
S-006274,treatment,mobile,5,0
S-006275,control,desktop,4,0
S-006276,treatment,mobile,9,0
S-006277,treatment,mobile,3,0
S-006278,treatment,mobile,4,0
S-006279,control,mobile,6,0
S-006280,control,desktop,12,0
S-006281,treatment,mobile,10,0
S-006282,treatment,mobile,11,1
S-006283,control,mobile,5,0
S-006284,control,mobile,2,0
S-006285,control,desktop,8,0
S-006286,control,desktop,9,0
S-006287,treatment,mobile,7,0
S-006288,treatment,mobile,6,0
S-006289,control,desktop,10,0
S-006290,control,desktop,11,0
S-006291,treatment,mobile,4,0
S-006292,treatment,mobile,2,0
S-006293,control,desktop,7,0
S-006294,control,desktop,12,0
S-006295,control,desktop,12,0
S-006296,treatment,mobile,12,0
S-006297,treatment,desktop,1,1
S-006298,treatment,mobile,5,0
S-006299,treatment,mobile,10,0
S-006300,treatment,mobile,7,0
S-006301,control,desktop,14,0
S-006302,treatment,mobile,3,0
S-006303,control,mobile,11,0
S-006304,control,desktop,14,1
S-006305,treatment,mobile,10,0
S-006306,control,mobile,6,0
S-006307,treatment,mobile,9,1
S-006308,treatment,mobile,10,0
S-006309,treatment,mobile,13,0
S-006310,control,desktop,13,0
S-006311,control,desktop,5,0
S-006312,treatment,mobile,14,0
S-006313,control,desktop,12,0
S-006314,treatment,mobile,9,0
S-006315,control,desktop,12,0
S-006316,control,desktop,7,0
S-006317,treatment,mobile,3,0
S-006318,treatment,mobile,4,0
S-006319,treatment,mobile,10,0
S-006320,control,mobile,9,0
S-006321,treatment,mobile,10,0
S-006322,control,desktop,11,1
S-006323,control,desktop,4,0
S-006324,control,mobile,11,0
S-006325,treatment,desktop,9,0
S-006326,treatment,mobile,12,0
S-006327,treatment,mobile,1,0
S-006328,control,desktop,10,0
S-006329,treatment,mobile,8,0
S-006330,control,desktop,9,0
S-006331,treatment,mobile,6,0
S-006332,treatment,mobile,12,0
S-006333,control,desktop,7,0
S-006334,treatment,mobile,3,0
S-006335,control,desktop,2,0
S-006336,treatment,mobile,8,0
S-006337,treatment,mobile,9,0
S-006338,treatment,mobile,3,0
S-006339,treatment,mobile,7,0
S-006340,treatment,mobile,12,0
S-006341,control,desktop,3,1
S-006342,control,mobile,5,0
S-006343,treatment,mobile,3,0
S-006344,treatment,mobile,8,0
S-006345,control,desktop,8,0
S-006346,control,desktop,5,1
S-006347,treatment,mobile,14,0
S-006348,control,desktop,12,0
S-006349,treatment,desktop,2,0
S-006350,control,desktop,4,0
S-006351,treatment,mobile,12,0
S-006352,treatment,mobile,3,0
S-006353,treatment,mobile,11,0
S-006354,treatment,mobile,12,0
S-006355,control,desktop,5,0
S-006356,control,mobile,5,0
S-006357,control,desktop,10,0
S-006358,treatment,mobile,2,0
S-006359,treatment,mobile,11,0
S-006360,treatment,mobile,3,0
S-006361,treatment,mobile,2,0
S-006362,treatment,mobile,12,0
S-006363,treatment,mobile,14,0
S-006364,control,mobile,11,0
S-006365,control,desktop,11,0
S-006366,control,mobile,2,0
S-006367,treatment,mobile,3,0
S-006368,control,desktop,12,1
S-006369,control,desktop,2,0
S-006370,treatment,desktop,4,0
S-006371,control,desktop,6,0
S-006372,treatment,mobile,11,0
S-006373,control,desktop,3,0
S-006374,treatment,desktop,10,0
S-006375,treatment,mobile,3,0
S-006376,control,desktop,8,0
S-006377,control,mobile,12,0
S-006378,treatment,mobile,9,0
S-006379,treatment,mobile,11,0
S-006380,treatment,mobile,11,0
S-006381,control,mobile,10,0
S-006382,control,mobile,9,0
S-006383,treatment,mobile,8,0
S-006384,treatment,desktop,14,0
S-006385,treatment,desktop,13,0
S-006386,control,desktop,5,0
S-006387,treatment,desktop,8,0
S-006388,treatment,mobile,8,0
S-006389,control,desktop,14,1
S-006390,control,desktop,10,0
S-006391,control,desktop,9,0
S-006392,control,desktop,4,1
S-006393,control,desktop,5,1
S-006394,treatment,mobile,11,1
S-006395,control,desktop,2,0
S-006396,treatment,mobile,13,0
S-006397,control,desktop,5,0
S-006398,control,mobile,7,0
S-006399,treatment,mobile,2,0
S-006400,control,desktop,8,0
S-006401,control,mobile,5,0
S-006402,control,mobile,2,0
S-006403,treatment,mobile,4,0
S-006404,control,desktop,5,0
S-006405,control,desktop,6,0
S-006406,control,desktop,3,0
S-006407,control,desktop,13,0
S-006408,control,desktop,13,1
S-006409,treatment,mobile,9,0
S-006410,treatment,mobile,3,0
S-006411,treatment,mobile,14,0
S-006412,control,desktop,9,0
S-006413,treatment,mobile,3,0
S-006414,treatment,desktop,7,1
S-006415,treatment,mobile,6,0
S-006416,treatment,mobile,14,0
S-006417,treatment,mobile,7,0
S-006418,treatment,desktop,7,0
S-006419,control,desktop,11,0
S-006420,treatment,mobile,5,0
S-006421,control,desktop,6,0
S-006422,control,desktop,4,0
S-006423,control,desktop,11,0
S-006424,control,desktop,12,0
S-006425,control,desktop,1,0
S-006426,control,desktop,14,1
S-006427,treatment,mobile,7,0
S-006428,control,desktop,1,1
S-006429,treatment,mobile,5,0
S-006430,control,mobile,3,0
S-006431,treatment,mobile,1,0
S-006432,treatment,mobile,1,0
S-006433,treatment,mobile,9,0
S-006434,treatment,mobile,9,0
S-006435,control,desktop,5,0
S-006436,treatment,mobile,1,0
S-006437,control,desktop,1,0
S-006438,control,desktop,11,0
S-006439,treatment,mobile,10,0
S-006440,control,mobile,14,0
S-006441,treatment,mobile,13,0
S-006442,treatment,mobile,1,0
S-006443,treatment,mobile,5,0
S-006444,control,desktop,9,0
S-006445,control,desktop,4,0
S-006446,control,mobile,1,0
S-006447,treatment,mobile,2,0
S-006448,control,desktop,11,1
S-006449,treatment,mobile,7,0
S-006450,control,desktop,1,0
S-006451,treatment,mobile,8,0
S-006452,control,desktop,4,0
S-006453,treatment,mobile,13,0
S-006454,treatment,mobile,9,0
S-006455,treatment,mobile,5,0
S-006456,treatment,desktop,9,0
S-006457,treatment,mobile,4,0
S-006458,treatment,mobile,14,0
S-006459,treatment,mobile,13,0
S-006460,treatment,mobile,1,0
S-006461,treatment,mobile,2,0
S-006462,treatment,desktop,7,0
S-006463,control,mobile,7,0
S-006464,treatment,mobile,10,0
S-006465,control,desktop,3,0
S-006466,treatment,mobile,10,0
S-006467,control,desktop,11,0
S-006468,treatment,mobile,13,0
S-006469,control,desktop,14,0
S-006470,treatment,mobile,12,0
S-006471,control,desktop,6,0
S-006472,treatment,mobile,10,0
S-006473,control,desktop,7,0
S-006474,control,mobile,3,0
S-006475,treatment,mobile,4,0
S-006476,treatment,mobile,12,0
S-006477,treatment,mobile,14,0
S-006478,control,desktop,1,0
S-006479,treatment,mobile,3,0
S-006480,treatment,mobile,11,0
S-006481,control,desktop,4,0
S-006482,treatment,desktop,7,0
S-006483,control,desktop,8,0
S-006484,treatment,mobile,14,0
S-006485,control,desktop,11,0
S-006486,treatment,mobile,3,0
S-006487,control,mobile,9,0
S-006488,treatment,mobile,6,0
S-006489,treatment,mobile,8,0
S-006490,treatment,mobile,7,0
S-006491,control,desktop,10,1
S-006492,control,desktop,8,0
S-006493,treatment,desktop,11,0
S-006494,treatment,mobile,12,0
S-006495,treatment,mobile,13,0
S-006496,treatment,mobile,4,1
S-006497,control,desktop,9,0
S-006498,treatment,desktop,4,0
S-006499,control,desktop,1,0
S-006500,treatment,mobile,4,0
S-006501,treatment,desktop,10,0
S-006502,control,desktop,13,1
S-006503,control,mobile,1,0
S-006504,control,desktop,8,0
S-006505,control,desktop,14,0
S-006506,treatment,mobile,5,1
S-006507,control,mobile,7,0
S-006508,treatment,desktop,6,0
S-006509,control,mobile,3,0
S-006510,treatment,mobile,1,0
S-006511,control,desktop,1,0
S-006512,treatment,mobile,10,0
S-006513,control,desktop,8,0
S-006514,treatment,mobile,4,0
S-006515,treatment,mobile,14,1
S-006516,control,desktop,14,1
S-006517,treatment,mobile,7,0
S-006518,control,desktop,13,0
S-006519,treatment,mobile,9,0
S-006520,control,mobile,14,0
S-006521,control,mobile,6,0
S-006522,control,desktop,1,0
S-006523,treatment,mobile,3,0
S-006524,treatment,mobile,1,0
S-006525,treatment,mobile,10,0
S-006526,treatment,desktop,4,0
S-006527,treatment,mobile,5,0
S-006528,treatment,desktop,6,0
S-006529,control,desktop,8,0
S-006530,control,desktop,9,0
S-006531,control,desktop,10,0
S-006532,treatment,mobile,2,0
S-006533,treatment,mobile,13,0
S-006534,treatment,mobile,7,0
S-006535,treatment,mobile,8,0
S-006536,treatment,mobile,9,0
S-006537,control,mobile,9,0
S-006538,treatment,mobile,11,0
S-006539,control,desktop,14,0
S-006540,control,desktop,13,0
S-006541,treatment,mobile,6,0
S-006542,treatment,mobile,8,0
S-006543,treatment,mobile,3,0
S-006544,treatment,mobile,9,0
S-006545,control,desktop,10,0
S-006546,treatment,mobile,10,0
S-006547,control,desktop,4,0
S-006548,treatment,desktop,12,0
S-006549,control,desktop,12,0
S-006550,control,mobile,1,0
S-006551,control,desktop,6,0
S-006552,control,desktop,8,0
S-006553,control,desktop,7,0
S-006554,treatment,mobile,3,0
S-006555,treatment,mobile,9,0
S-006556,control,desktop,10,0
S-006557,treatment,mobile,12,0
S-006558,control,desktop,3,0
S-006559,control,desktop,8,0
S-006560,treatment,mobile,13,0
S-006561,treatment,mobile,6,0
S-006562,treatment,mobile,3,1
S-006563,control,desktop,1,0
S-006564,treatment,mobile,4,0
S-006565,treatment,mobile,1,0
S-006566,control,desktop,5,1
S-006567,control,desktop,10,1
S-006568,control,desktop,2,0
S-006569,treatment,desktop,6,0
S-006570,treatment,desktop,6,0
S-006571,control,desktop,13,1
S-006572,control,desktop,13,0
S-006573,treatment,mobile,11,0
S-006574,control,desktop,8,0
S-006575,treatment,mobile,8,0
S-006576,control,desktop,13,0
S-006577,treatment,mobile,13,0
S-006578,treatment,mobile,7,0
S-006579,treatment,desktop,4,0
S-006580,treatment,mobile,3,0
S-006581,treatment,desktop,11,1
S-006582,control,desktop,3,0
S-006583,control,desktop,7,0
S-006584,control,desktop,2,0
S-006585,treatment,desktop,11,1
S-006586,treatment,mobile,2,0
S-006587,control,mobile,1,0
S-006588,treatment,mobile,12,0
S-006589,treatment,mobile,12,0
S-006590,treatment,desktop,12,1
S-006591,control,mobile,2,0
S-006592,control,mobile,5,0
S-006593,control,mobile,5,0
S-006594,treatment,mobile,6,0
S-006595,control,desktop,12,0
S-006596,control,desktop,8,0
S-006597,treatment,mobile,3,0
S-006598,control,mobile,12,0
S-006599,treatment,mobile,9,0
S-006600,treatment,mobile,9,0
S-006601,treatment,mobile,7,0
S-006602,control,desktop,9,0
S-006603,control,desktop,1,1
S-006604,treatment,mobile,13,0
S-006605,control,desktop,8,0
S-006606,control,desktop,5,0
S-006607,control,desktop,9,1
S-006608,control,mobile,12,0
S-006609,treatment,mobile,3,0
S-006610,treatment,mobile,10,0
S-006611,control,desktop,12,0
S-006612,treatment,desktop,2,0
S-006613,control,mobile,10,0
S-006614,control,desktop,12,0
S-006615,control,desktop,2,0
S-006616,treatment,mobile,1,0
S-006617,treatment,mobile,7,0
S-006618,control,desktop,9,0
S-006619,control,desktop,4,1
S-006620,control,desktop,4,0
S-006621,treatment,mobile,14,0
S-006622,treatment,mobile,2,0
S-006623,control,mobile,14,0
S-006624,control,desktop,12,1
S-006625,control,mobile,1,0
S-006626,control,desktop,5,0
S-006627,control,desktop,14,1
S-006628,control,desktop,7,0
S-006629,treatment,mobile,13,0
S-006630,treatment,mobile,13,0
S-006631,treatment,desktop,1,0
S-006632,control,desktop,7,0
S-006633,treatment,mobile,9,0
S-006634,treatment,mobile,12,0
S-006635,treatment,desktop,12,0
S-006636,treatment,mobile,3,0
S-006637,control,mobile,1,1
S-006638,treatment,desktop,7,0
S-006639,treatment,mobile,4,1
S-006640,control,mobile,10,0
S-006641,control,desktop,14,0
S-006642,treatment,mobile,12,0
S-006643,control,desktop,11,0
S-006644,treatment,mobile,12,0
S-006645,treatment,mobile,8,0
S-006646,control,desktop,4,0
S-006647,control,desktop,7,0
S-006648,treatment,mobile,12,0
S-006649,control,desktop,13,0
S-006650,treatment,mobile,11,0
S-006651,treatment,mobile,13,0
S-006652,control,desktop,1,0
S-006653,control,desktop,7,0
S-006654,treatment,mobile,12,0
S-006655,treatment,mobile,4,0
S-006656,control,desktop,10,0
S-006657,treatment,mobile,5,1
S-006658,control,mobile,3,0
S-006659,control,mobile,11,0
S-006660,treatment,mobile,8,0
S-006661,treatment,mobile,10,0
S-006662,control,desktop,1,0
S-006663,treatment,mobile,10,0
S-006664,treatment,mobile,9,0
S-006665,treatment,mobile,4,0
S-006666,treatment,mobile,10,0
S-006667,treatment,desktop,5,0
S-006668,treatment,mobile,5,0
S-006669,treatment,mobile,1,0
S-006670,treatment,desktop,2,0
S-006671,treatment,mobile,8,0
S-006672,treatment,mobile,3,0
S-006673,treatment,desktop,7,1
S-006674,control,mobile,2,0
S-006675,control,desktop,2,1
S-006676,control,desktop,5,0
S-006677,control,desktop,12,0
S-006678,treatment,mobile,5,0
S-006679,treatment,mobile,11,0
S-006680,treatment,desktop,11,0
S-006681,treatment,desktop,10,0
S-006682,control,desktop,8,0
S-006683,treatment,mobile,7,0
S-006684,treatment,mobile,5,0
S-006685,treatment,desktop,10,0
S-006686,control,mobile,12,0
S-006687,treatment,mobile,3,0
S-006688,treatment,mobile,14,1
S-006689,control,desktop,7,0
S-006690,treatment,desktop,5,0
S-006691,control,desktop,6,0
S-006692,treatment,mobile,8,0
S-006693,treatment,mobile,10,0
S-006694,control,desktop,10,0
S-006695,treatment,mobile,11,0
S-006696,treatment,mobile,3,0
S-006697,treatment,mobile,7,0
S-006698,control,desktop,5,0
S-006699,treatment,mobile,9,0
S-006700,control,desktop,8,0
S-006701,control,desktop,2,0
S-006702,treatment,desktop,11,0
S-006703,control,mobile,6,0
S-006704,treatment,mobile,2,0
S-006705,control,mobile,1,0
S-006706,treatment,mobile,13,0
S-006707,treatment,desktop,6,1
S-006708,treatment,mobile,3,0
S-006709,treatment,mobile,1,0
S-006710,treatment,mobile,8,0
S-006711,treatment,mobile,9,1
S-006712,control,mobile,7,0
S-006713,control,desktop,9,1
S-006714,control,mobile,7,0
S-006715,control,desktop,12,1
S-006716,treatment,mobile,1,0
S-006717,treatment,mobile,13,0
S-006718,control,desktop,10,0
S-006719,treatment,mobile,7,0
S-006720,control,desktop,3,0
S-006721,treatment,mobile,3,0
S-006722,control,desktop,5,0
S-006723,control,desktop,2,0
S-006724,control,mobile,7,0
S-006725,control,desktop,4,0
S-006726,control,desktop,8,0
S-006727,treatment,mobile,5,0
S-006728,control,desktop,3,0
S-006729,control,mobile,6,0
S-006730,control,desktop,5,0
S-006731,control,mobile,2,0
S-006732,control,desktop,4,0
S-006733,control,desktop,1,0
S-006734,control,desktop,6,0
S-006735,treatment,mobile,5,0
S-006736,treatment,mobile,4,0
S-006737,treatment,desktop,8,0
S-006738,treatment,mobile,14,0
S-006739,control,mobile,11,0
S-006740,treatment,desktop,10,0
S-006741,treatment,mobile,9,0
S-006742,control,desktop,8,1
S-006743,control,desktop,3,0
S-006744,treatment,mobile,2,0
S-006745,control,mobile,12,0
S-006746,control,mobile,7,0
S-006747,control,desktop,7,0
S-006748,treatment,mobile,4,0
S-006749,control,desktop,12,0
S-006750,treatment,mobile,12,0
S-006751,control,mobile,9,0
S-006752,treatment,mobile,12,0
S-006753,control,desktop,9,0
S-006754,treatment,mobile,10,0
S-006755,treatment,mobile,7,0
S-006756,treatment,mobile,10,0
S-006757,control,desktop,4,0
S-006758,control,desktop,9,0
S-006759,treatment,mobile,14,0
S-006760,control,desktop,4,0
S-006761,control,desktop,1,0
S-006762,treatment,mobile,12,0
S-006763,treatment,mobile,7,0
S-006764,treatment,mobile,2,0
S-006765,control,desktop,3,0
S-006766,treatment,mobile,2,1
S-006767,treatment,mobile,12,0
S-006768,control,desktop,6,0
S-006769,treatment,mobile,6,0
S-006770,treatment,desktop,7,0
S-006771,treatment,desktop,11,0
S-006772,treatment,mobile,3,0
S-006773,treatment,mobile,3,0
S-006774,control,desktop,10,0
S-006775,control,desktop,12,0
S-006776,control,desktop,7,0
S-006777,control,mobile,14,0
S-006778,treatment,mobile,11,0
S-006779,control,mobile,11,0
S-006780,control,desktop,11,0
S-006781,control,desktop,13,0
S-006782,treatment,desktop,2,0
S-006783,control,desktop,14,0
S-006784,treatment,mobile,2,0
S-006785,control,mobile,6,0
S-006786,control,desktop,2,0
S-006787,control,desktop,8,0
S-006788,control,desktop,3,0
S-006789,treatment,mobile,4,0
S-006790,control,mobile,6,0
S-006791,treatment,desktop,6,0
S-006792,treatment,mobile,5,0
S-006793,control,desktop,11,0
S-006794,treatment,mobile,11,0
S-006795,treatment,mobile,2,0
S-006796,treatment,mobile,11,0
S-006797,treatment,mobile,6,0
S-006798,control,desktop,2,0
S-006799,control,desktop,10,0
S-006800,treatment,mobile,4,0
S-006801,control,mobile,14,0
S-006802,treatment,mobile,9,0
S-006803,control,mobile,10,1
S-006804,control,mobile,3,0
S-006805,treatment,mobile,9,0
S-006806,control,desktop,9,0
S-006807,treatment,mobile,6,0
S-006808,control,desktop,6,0
S-006809,control,desktop,13,0
S-006810,treatment,mobile,9,1
S-006811,control,desktop,8,1
S-006812,control,desktop,5,0
S-006813,treatment,mobile,5,0
S-006814,control,desktop,12,0
S-006815,control,desktop,3,0
S-006816,treatment,mobile,10,0
S-006817,treatment,mobile,3,0
S-006818,control,desktop,12,0
S-006819,treatment,mobile,13,1
S-006820,treatment,mobile,10,0
S-006821,treatment,mobile,12,0
S-006822,control,desktop,2,0
S-006823,control,desktop,6,0
S-006824,treatment,mobile,4,0
S-006825,control,mobile,11,0
S-006826,treatment,desktop,9,0
S-006827,control,desktop,4,0
S-006828,control,desktop,5,0
S-006829,treatment,mobile,8,0
S-006830,treatment,mobile,6,0
S-006831,control,desktop,7,0
S-006832,control,mobile,2,0
S-006833,control,desktop,1,0
S-006834,control,desktop,1,0
S-006835,control,mobile,14,0
S-006836,treatment,desktop,10,0
S-006837,control,desktop,2,0
S-006838,control,desktop,3,1
S-006839,treatment,mobile,3,0
S-006840,control,desktop,12,0
S-006841,control,desktop,10,0
S-006842,control,desktop,3,0
S-006843,treatment,mobile,12,0
S-006844,treatment,mobile,13,0
S-006845,control,mobile,10,1
S-006846,treatment,mobile,12,0
S-006847,control,desktop,13,0
S-006848,control,desktop,6,0
S-006849,treatment,mobile,9,0
S-006850,control,mobile,8,0
S-006851,treatment,mobile,4,0
S-006852,treatment,mobile,6,0
S-006853,control,mobile,13,0
S-006854,treatment,mobile,12,0
S-006855,control,desktop,12,0
S-006856,treatment,mobile,4,0
S-006857,control,desktop,13,0
S-006858,control,desktop,4,0
S-006859,control,desktop,4,0
S-006860,control,desktop,8,0
S-006861,control,mobile,11,1
S-006862,control,desktop,4,0
S-006863,control,desktop,13,0
S-006864,control,mobile,13,0
S-006865,treatment,mobile,1,0
S-006866,treatment,mobile,7,0
S-006867,control,desktop,6,1
S-006868,treatment,mobile,6,0
S-006869,treatment,mobile,11,0
S-006870,control,desktop,10,0
S-006871,control,desktop,2,0
S-006872,treatment,mobile,6,0
S-006873,treatment,mobile,12,0
S-006874,control,desktop,3,0
S-006875,treatment,desktop,4,0
S-006876,control,desktop,7,0
S-006877,control,desktop,12,0
S-006878,treatment,desktop,9,0
S-006879,treatment,mobile,12,0
S-006880,control,desktop,10,0
S-006881,treatment,mobile,7,0
S-006882,treatment,mobile,6,0
S-006883,treatment,mobile,13,0
S-006884,treatment,mobile,3,0
S-006885,treatment,desktop,5,0
S-006886,control,mobile,13,0
S-006887,treatment,mobile,3,0
S-006888,control,desktop,6,1
S-006889,treatment,mobile,5,0
S-006890,treatment,mobile,1,0
S-006891,control,desktop,5,0
S-006892,control,mobile,6,0
S-006893,control,desktop,4,1
S-006894,treatment,mobile,1,0
S-006895,treatment,mobile,3,0
S-006896,treatment,mobile,5,0
S-006897,treatment,mobile,8,0
S-006898,treatment,desktop,7,0
S-006899,treatment,mobile,12,0
S-006900,control,mobile,11,0
S-006901,control,desktop,8,0
S-006902,treatment,mobile,14,0
S-006903,treatment,mobile,7,0
S-006904,treatment,desktop,2,1
S-006905,treatment,mobile,4,1
S-006906,control,desktop,11,0
S-006907,control,desktop,11,0
S-006908,treatment,mobile,1,0
S-006909,treatment,mobile,7,0
S-006910,control,desktop,11,0
S-006911,treatment,mobile,13,0
S-006912,control,desktop,11,0
S-006913,treatment,mobile,11,0
S-006914,control,mobile,7,0
S-006915,control,desktop,3,0
S-006916,treatment,mobile,9,0
S-006917,control,desktop,5,0
S-006918,treatment,mobile,9,0
S-006919,treatment,desktop,2,0
S-006920,control,desktop,4,0
S-006921,control,mobile,1,0
S-006922,treatment,mobile,7,0
S-006923,control,mobile,10,0
S-006924,control,desktop,6,0
S-006925,control,desktop,11,0
S-006926,control,desktop,1,0
S-006927,control,desktop,14,0
S-006928,control,mobile,5,0
S-006929,treatment,mobile,12,0
S-006930,treatment,mobile,11,0
S-006931,control,desktop,9,0
S-006932,control,desktop,11,0
S-006933,control,desktop,12,0
S-006934,control,desktop,14,1
S-006935,treatment,mobile,12,0
S-006936,control,desktop,5,0
S-006937,control,desktop,6,0
S-006938,treatment,mobile,11,0
S-006939,treatment,mobile,12,0
S-006940,treatment,mobile,12,0
S-006941,control,desktop,1,0
S-006942,treatment,mobile,13,0
S-006943,control,desktop,6,1
S-006944,treatment,mobile,11,0
S-006945,treatment,mobile,6,0
S-006946,treatment,mobile,7,0
S-006947,control,desktop,13,0
S-006948,treatment,mobile,2,0
S-006949,control,mobile,5,0
S-006950,control,desktop,2,0
S-006951,treatment,mobile,4,1
S-006952,treatment,mobile,13,0
S-006953,treatment,mobile,10,0
S-006954,treatment,mobile,2,0
S-006955,treatment,desktop,4,0
S-006956,treatment,mobile,12,0
S-006957,treatment,mobile,6,1
S-006958,treatment,mobile,1,0
S-006959,control,desktop,3,0
S-006960,control,desktop,7,0
S-006961,control,desktop,13,0
S-006962,control,mobile,11,0
S-006963,treatment,mobile,9,0
S-006964,treatment,mobile,4,0
S-006965,treatment,mobile,10,0
S-006966,treatment,desktop,12,0
S-006967,control,desktop,7,0
S-006968,treatment,mobile,10,0
S-006969,control,mobile,12,0
S-006970,control,desktop,6,1
S-006971,treatment,mobile,9,0
S-006972,control,desktop,8,0
S-006973,treatment,mobile,1,0
S-006974,treatment,mobile,11,0
S-006975,treatment,mobile,11,0
S-006976,treatment,desktop,11,0
S-006977,treatment,mobile,3,0
S-006978,control,desktop,4,0
S-006979,treatment,mobile,13,0
S-006980,control,desktop,5,0
S-006981,control,mobile,7,0
S-006982,treatment,mobile,8,0
S-006983,treatment,mobile,6,0
S-006984,control,desktop,9,0
S-006985,control,desktop,3,0
S-006986,control,desktop,3,0
S-006987,control,desktop,13,0
S-006988,treatment,mobile,8,0
S-006989,control,desktop,8,0
S-006990,treatment,desktop,5,0
S-006991,treatment,mobile,10,0
S-006992,treatment,mobile,8,0
S-006993,control,mobile,10,0
S-006994,control,desktop,1,0
S-006995,treatment,mobile,1,0
S-006996,control,desktop,4,0
S-006997,treatment,mobile,3,0
S-006998,treatment,mobile,11,0
S-006999,control,desktop,14,0
S-007000,treatment,mobile,11,0
S-007001,treatment,mobile,1,0
S-007002,control,desktop,10,0
S-007003,treatment,mobile,5,0
S-007004,control,desktop,3,0
S-007005,control,mobile,6,0
S-007006,treatment,mobile,2,0
S-007007,treatment,mobile,3,0
S-007008,control,desktop,1,1
S-007009,treatment,mobile,5,0
S-007010,control,desktop,2,0
S-007011,treatment,mobile,3,0
S-007012,treatment,mobile,11,0
S-007013,treatment,mobile,1,0
S-007014,treatment,mobile,14,0
S-007015,treatment,mobile,12,0
S-007016,control,desktop,9,0
S-007017,control,desktop,12,0
S-007018,treatment,mobile,13,0
S-007019,treatment,mobile,10,1
S-007020,treatment,mobile,14,0
S-007021,treatment,mobile,8,0
S-007022,treatment,mobile,8,0
S-007023,treatment,mobile,3,0
S-007024,treatment,mobile,7,0
S-007025,control,desktop,7,1
S-007026,control,desktop,10,0
S-007027,control,desktop,2,0
S-007028,control,desktop,11,0
S-007029,treatment,mobile,2,0
S-007030,treatment,mobile,13,0
S-007031,treatment,mobile,11,0
S-007032,control,desktop,6,0
S-007033,control,desktop,4,1
S-007034,treatment,mobile,11,0
S-007035,treatment,mobile,12,0
S-007036,treatment,desktop,14,0
S-007037,treatment,mobile,4,0
S-007038,treatment,mobile,12,0
S-007039,treatment,desktop,4,0
S-007040,control,desktop,11,0
S-007041,control,desktop,14,0
S-007042,control,desktop,8,0
S-007043,control,desktop,4,0
S-007044,treatment,mobile,8,0
S-007045,treatment,mobile,5,0
S-007046,control,desktop,9,1
S-007047,control,desktop,7,0
S-007048,treatment,mobile,13,0
S-007049,treatment,mobile,8,0
S-007050,treatment,mobile,13,0
S-007051,control,desktop,3,1
S-007052,control,desktop,12,0
S-007053,treatment,mobile,3,0
S-007054,control,desktop,5,0
S-007055,treatment,mobile,4,0
S-007056,treatment,mobile,5,0
S-007057,control,desktop,4,0
S-007058,treatment,mobile,7,0
S-007059,treatment,mobile,9,0
S-007060,control,desktop,1,0
S-007061,control,desktop,7,0
S-007062,treatment,mobile,1,0
S-007063,treatment,mobile,7,0
S-007064,control,desktop,14,1
S-007065,treatment,mobile,3,0
S-007066,control,mobile,7,0
S-007067,control,desktop,13,1
S-007068,treatment,mobile,8,0
S-007069,treatment,mobile,10,0
S-007070,treatment,desktop,4,0
S-007071,control,desktop,2,0
S-007072,treatment,desktop,10,0
S-007073,control,desktop,11,0
S-007074,treatment,mobile,4,0
S-007075,control,desktop,8,1
S-007076,control,desktop,11,0
S-007077,control,mobile,1,0
S-007078,treatment,desktop,5,0
S-007079,control,mobile,4,0
S-007080,control,desktop,10,0
S-007081,control,mobile,6,0
S-007082,control,desktop,10,0
S-007083,treatment,mobile,7,0
S-007084,control,desktop,14,0
S-007085,treatment,mobile,11,0
S-007086,treatment,mobile,13,0
S-007087,control,mobile,4,0
S-007088,control,mobile,6,0
S-007089,treatment,mobile,13,0
S-007090,control,desktop,1,0
S-007091,treatment,mobile,7,0
S-007092,treatment,mobile,4,0
S-007093,treatment,mobile,14,0
S-007094,control,desktop,4,0
S-007095,control,desktop,3,0
S-007096,treatment,mobile,9,0
S-007097,treatment,mobile,8,0
S-007098,control,desktop,10,0
S-007099,control,desktop,2,0
S-007100,control,desktop,14,0
S-007101,treatment,mobile,7,0
S-007102,treatment,mobile,5,0
S-007103,treatment,mobile,4,0
S-007104,control,desktop,3,0
S-007105,control,desktop,7,0
S-007106,control,desktop,11,1
S-007107,treatment,mobile,2,0
S-007108,treatment,desktop,14,0
S-007109,control,desktop,2,0
S-007110,treatment,mobile,9,0
S-007111,control,mobile,10,0
S-007112,control,desktop,10,0
S-007113,treatment,mobile,6,0
S-007114,treatment,mobile,10,0
S-007115,treatment,mobile,1,0
S-007116,treatment,mobile,2,0
S-007117,treatment,mobile,5,0
S-007118,control,desktop,13,0
S-007119,treatment,mobile,5,0
S-007120,control,desktop,1,0
S-007121,control,desktop,12,0
S-007122,control,desktop,3,0
S-007123,treatment,mobile,10,0
S-007124,control,mobile,3,0
S-007125,control,mobile,10,0
S-007126,treatment,mobile,10,0
S-007127,treatment,mobile,1,0
S-007128,control,desktop,1,1
S-007129,treatment,mobile,7,0
S-007130,treatment,mobile,9,0
S-007131,treatment,mobile,5,0
S-007132,treatment,mobile,12,0
S-007133,control,desktop,1,0
S-007134,control,desktop,12,0
S-007135,control,desktop,3,0
S-007136,control,desktop,8,0
S-007137,control,mobile,9,0
S-007138,control,desktop,7,0
S-007139,control,desktop,2,0
S-007140,control,mobile,13,0
S-007141,treatment,mobile,12,0
S-007142,control,desktop,3,0
S-007143,control,desktop,2,0
S-007144,treatment,mobile,6,0
S-007145,treatment,mobile,6,1
S-007146,control,desktop,4,0
S-007147,control,mobile,1,0
S-007148,control,desktop,2,0
S-007149,treatment,mobile,4,0
S-007150,control,desktop,3,1
S-007151,treatment,mobile,4,0
S-007152,treatment,mobile,4,0
S-007153,treatment,mobile,6,0
S-007154,treatment,mobile,9,0
S-007155,treatment,mobile,1,0
S-007156,control,mobile,4,0
S-007157,control,desktop,6,0
S-007158,treatment,mobile,10,0
S-007159,control,desktop,2,0
S-007160,control,desktop,6,0
S-007161,treatment,desktop,10,0
S-007162,control,mobile,9,0
S-007163,treatment,mobile,14,0
S-007164,control,desktop,14,0
S-007165,control,desktop,10,0
S-007166,treatment,mobile,12,0
S-007167,control,desktop,4,0
S-007168,treatment,mobile,7,0
S-007169,control,desktop,8,0
S-007170,control,desktop,3,0
S-007171,treatment,mobile,1,0
S-007172,control,mobile,10,0
S-007173,control,desktop,8,0
S-007174,control,mobile,4,0
S-007175,treatment,mobile,7,0
S-007176,treatment,mobile,8,0
S-007177,treatment,mobile,12,0
S-007178,treatment,mobile,3,0
S-007179,control,mobile,11,0
S-007180,treatment,mobile,10,0
S-007181,treatment,mobile,2,0
S-007182,treatment,mobile,5,0
S-007183,control,desktop,7,0
S-007184,control,desktop,6,0
S-007185,treatment,mobile,9,0
S-007186,control,desktop,2,0
S-007187,treatment,mobile,1,0
S-007188,treatment,mobile,8,0
S-007189,treatment,mobile,8,0
S-007190,control,desktop,8,0
S-007191,control,desktop,7,1
S-007192,treatment,mobile,12,0
S-007193,treatment,desktop,10,1
S-007194,control,desktop,8,0
S-007195,treatment,mobile,9,0
S-007196,control,mobile,8,0
S-007197,treatment,mobile,1,0
S-007198,control,mobile,8,0
S-007199,control,desktop,3,0
S-007200,control,desktop,9,0
S-007201,control,desktop,6,0
S-007202,control,desktop,2,1
S-007203,treatment,mobile,10,1
S-007204,treatment,mobile,9,0
S-007205,control,desktop,12,1
S-007206,treatment,mobile,13,0
S-007207,control,desktop,3,0
S-007208,treatment,mobile,10,0
S-007209,treatment,mobile,4,0
S-007210,control,desktop,10,0
S-007211,control,desktop,3,0
S-007212,control,desktop,4,0
S-007213,control,desktop,8,0
S-007214,control,mobile,6,0
S-007215,treatment,mobile,2,0
S-007216,control,desktop,7,0
S-007217,treatment,mobile,11,0
S-007218,treatment,mobile,9,0
S-007219,treatment,mobile,9,0
S-007220,control,desktop,13,0
S-007221,treatment,desktop,1,0
S-007222,treatment,mobile,5,0
S-007223,control,desktop,6,0
S-007224,control,desktop,10,0
S-007225,treatment,desktop,11,0
S-007226,treatment,desktop,1,1
S-007227,treatment,mobile,8,0
S-007228,treatment,mobile,8,0
S-007229,control,desktop,1,0
S-007230,treatment,mobile,4,0
S-007231,treatment,mobile,12,0
S-007232,treatment,mobile,3,0
S-007233,treatment,mobile,9,0
S-007234,control,desktop,9,0
S-007235,treatment,mobile,11,0
S-007236,treatment,desktop,7,0
S-007237,treatment,mobile,7,0
S-007238,treatment,desktop,2,1
S-007239,treatment,mobile,9,0
S-007240,control,desktop,8,0
S-007241,treatment,mobile,6,0
S-007242,control,desktop,6,0
S-007243,treatment,mobile,10,0
S-007244,treatment,mobile,9,0
S-007245,control,desktop,14,0
S-007246,treatment,mobile,11,0
S-007247,control,desktop,8,1
S-007248,control,mobile,6,0
S-007249,control,desktop,11,1
S-007250,control,mobile,8,0
S-007251,control,mobile,5,1
S-007252,treatment,desktop,13,0
S-007253,treatment,mobile,8,0
S-007254,control,mobile,10,0
S-007255,control,desktop,5,0
S-007256,treatment,desktop,7,0
S-007257,control,desktop,2,0
S-007258,control,desktop,14,0
S-007259,control,desktop,11,0
S-007260,treatment,mobile,14,0
S-007261,control,desktop,13,0
S-007262,treatment,desktop,4,0
S-007263,treatment,desktop,9,0
S-007264,treatment,mobile,10,0
S-007265,treatment,mobile,14,0
S-007266,control,mobile,6,0
S-007267,control,desktop,13,0
S-007268,control,desktop,2,0
S-007269,treatment,mobile,10,0
S-007270,treatment,mobile,5,1
S-007271,treatment,mobile,9,0
S-007272,control,desktop,8,0
S-007273,treatment,mobile,8,0
S-007274,control,desktop,2,1
S-007275,control,desktop,7,0
S-007276,treatment,mobile,4,0
S-007277,control,desktop,1,0
S-007278,control,desktop,12,1
S-007279,control,mobile,10,0
S-007280,control,desktop,7,0
S-007281,treatment,mobile,13,0
S-007282,treatment,mobile,12,0
S-007283,control,desktop,1,0
S-007284,control,desktop,2,1
S-007285,treatment,mobile,5,0
S-007286,treatment,mobile,9,0
S-007287,control,desktop,5,0
S-007288,treatment,desktop,6,0
S-007289,treatment,mobile,7,0
S-007290,control,desktop,10,0
S-007291,treatment,mobile,7,0
S-007292,treatment,mobile,8,0
S-007293,control,desktop,1,1
S-007294,treatment,mobile,9,0
S-007295,treatment,mobile,9,0
S-007296,control,mobile,10,0
S-007297,treatment,mobile,6,0
S-007298,control,desktop,1,0
S-007299,control,mobile,14,0
S-007300,control,mobile,3,0
S-007301,control,desktop,10,0
S-007302,treatment,desktop,12,0
S-007303,treatment,mobile,7,0
S-007304,treatment,mobile,2,0
S-007305,treatment,mobile,10,0
S-007306,treatment,mobile,9,1
S-007307,treatment,mobile,1,0
S-007308,control,desktop,9,0
S-007309,treatment,mobile,12,0
S-007310,treatment,desktop,10,0
S-007311,control,desktop,6,0
S-007312,treatment,mobile,5,0
S-007313,treatment,mobile,10,0
S-007314,control,mobile,2,0
S-007315,control,desktop,9,0
S-007316,control,desktop,6,0
S-007317,treatment,mobile,7,0
S-007318,treatment,mobile,3,0
S-007319,treatment,mobile,3,0
S-007320,treatment,mobile,8,0
S-007321,control,desktop,6,0
S-007322,treatment,mobile,8,0
S-007323,control,desktop,4,0
S-007324,treatment,mobile,5,0
S-007325,control,mobile,14,0
S-007326,treatment,desktop,3,0
S-007327,treatment,mobile,7,0
S-007328,treatment,mobile,4,0
S-007329,control,mobile,14,0
S-007330,treatment,mobile,12,0
S-007331,control,mobile,11,0
S-007332,treatment,mobile,14,0
S-007333,control,desktop,7,0
S-007334,control,desktop,8,1
S-007335,treatment,mobile,9,0
S-007336,treatment,mobile,12,0
S-007337,treatment,mobile,9,0
S-007338,treatment,mobile,11,0
S-007339,treatment,mobile,8,0
S-007340,control,desktop,3,0
S-007341,treatment,mobile,8,0
S-007342,treatment,mobile,10,0
S-007343,control,desktop,9,0
S-007344,control,desktop,2,0
S-007345,control,desktop,8,0
S-007346,control,desktop,9,0
S-007347,control,desktop,2,1
S-007348,control,desktop,8,0
S-007349,treatment,mobile,10,0
S-007350,treatment,mobile,12,0
S-007351,treatment,mobile,1,0
S-007352,treatment,mobile,8,0
S-007353,treatment,mobile,2,0
S-007354,treatment,mobile,3,0
S-007355,treatment,mobile,1,0
S-007356,treatment,mobile,9,0
S-007357,control,mobile,14,0
S-007358,control,desktop,1,0
S-007359,control,desktop,11,0
S-007360,treatment,mobile,14,0
S-007361,control,mobile,3,0
S-007362,control,desktop,2,0
S-007363,treatment,mobile,5,0
S-007364,treatment,mobile,3,0
S-007365,control,desktop,2,0
S-007366,control,desktop,8,1
S-007367,control,desktop,14,1
S-007368,control,desktop,6,0
S-007369,control,desktop,13,1
S-007370,treatment,mobile,1,0
S-007371,control,desktop,12,1
S-007372,control,desktop,8,0
S-007373,control,mobile,10,0
S-007374,control,desktop,8,0
S-007375,treatment,mobile,13,0
S-007376,control,desktop,10,0
S-007377,control,desktop,12,0
S-007378,treatment,mobile,11,0
S-007379,treatment,mobile,2,0
S-007380,control,desktop,6,0
S-007381,control,desktop,4,0
S-007382,control,desktop,12,0
S-007383,treatment,mobile,7,0
S-007384,treatment,mobile,5,0
S-007385,treatment,mobile,10,0
S-007386,control,desktop,4,0
S-007387,control,mobile,11,0
S-007388,treatment,desktop,1,0
S-007389,control,mobile,14,0
S-007390,control,desktop,8,0
S-007391,treatment,mobile,10,0
S-007392,treatment,mobile,10,0
S-007393,control,mobile,5,0
S-007394,treatment,mobile,2,0
S-007395,control,desktop,8,0
S-007396,treatment,mobile,8,0
S-007397,treatment,mobile,2,0
S-007398,control,desktop,7,1
S-007399,control,desktop,12,0
S-007400,treatment,mobile,4,0
S-007401,treatment,mobile,7,0
S-007402,control,desktop,4,0
S-007403,control,desktop,9,0
S-007404,control,desktop,9,0
S-007405,treatment,mobile,10,0
S-007406,control,mobile,7,0
S-007407,control,mobile,14,1
S-007408,control,desktop,6,0
S-007409,control,mobile,8,0
S-007410,control,desktop,2,0
S-007411,treatment,desktop,2,0
S-007412,control,desktop,4,1
S-007413,treatment,mobile,6,0
S-007414,treatment,mobile,8,0
S-007415,treatment,mobile,7,0
S-007416,control,desktop,4,0
S-007417,control,desktop,11,0
S-007418,treatment,desktop,13,0
S-007419,control,mobile,4,0
S-007420,treatment,mobile,7,0
S-007421,treatment,mobile,12,0
S-007422,treatment,mobile,4,0
S-007423,control,desktop,8,0
S-007424,treatment,desktop,10,0
S-007425,treatment,mobile,6,0
S-007426,treatment,mobile,12,0
S-007427,control,mobile,1,0
S-007428,control,desktop,1,1
S-007429,control,desktop,11,1
S-007430,treatment,mobile,6,1
S-007431,control,desktop,1,1
S-007432,control,mobile,10,0
S-007433,control,desktop,10,0
S-007434,control,desktop,10,0
S-007435,treatment,mobile,3,0
S-007436,control,desktop,7,0
S-007437,treatment,mobile,14,0
S-007438,control,mobile,1,0
S-007439,treatment,mobile,14,0
S-007440,control,desktop,5,1
S-007441,control,mobile,14,0
S-007442,control,desktop,1,0
S-007443,treatment,mobile,6,0
S-007444,control,desktop,14,0
S-007445,control,desktop,10,1
S-007446,control,desktop,7,0
S-007447,control,desktop,9,0
S-007448,control,mobile,8,1
S-007449,control,desktop,3,0
S-007450,treatment,mobile,5,0
S-007451,treatment,mobile,11,0
S-007452,control,desktop,10,0
S-007453,control,desktop,8,0
S-007454,control,desktop,5,0
S-007455,control,desktop,10,0
S-007456,control,desktop,11,0
S-007457,treatment,mobile,12,0
S-007458,treatment,mobile,11,0
S-007459,treatment,mobile,4,0
S-007460,control,mobile,6,0
S-007461,treatment,mobile,10,1
S-007462,treatment,mobile,3,0
S-007463,treatment,mobile,9,0
S-007464,control,desktop,9,0
S-007465,treatment,mobile,8,0
S-007466,treatment,mobile,11,0
S-007467,treatment,mobile,3,0
S-007468,control,desktop,11,1
S-007469,control,desktop,6,0
S-007470,treatment,desktop,12,0
S-007471,treatment,mobile,14,0
S-007472,treatment,desktop,5,0
S-007473,treatment,mobile,1,0
S-007474,control,desktop,5,0
S-007475,control,desktop,11,0
S-007476,treatment,mobile,5,0
S-007477,control,desktop,3,0
S-007478,control,desktop,11,0
S-007479,treatment,mobile,5,1
S-007480,treatment,mobile,13,1
S-007481,control,desktop,10,0
S-007482,treatment,mobile,11,0
S-007483,treatment,mobile,7,1
S-007484,treatment,mobile,9,0
S-007485,control,desktop,4,0
S-007486,treatment,mobile,13,0
S-007487,control,desktop,10,0
S-007488,treatment,mobile,8,0
S-007489,control,desktop,1,0
S-007490,treatment,desktop,10,0
S-007491,treatment,desktop,2,0
S-007492,treatment,mobile,1,0
S-007493,treatment,mobile,13,1
S-007494,control,desktop,14,1
S-007495,control,desktop,13,0
S-007496,control,desktop,9,0
S-007497,treatment,mobile,9,0
S-007498,treatment,desktop,3,1
S-007499,control,desktop,13,0
S-007500,treatment,mobile,8,0
S-007501,treatment,mobile,11,0
S-007502,control,desktop,6,0
S-007503,treatment,mobile,9,0
S-007504,treatment,mobile,12,0
S-007505,control,desktop,12,0
S-007506,control,desktop,2,0
S-007507,control,mobile,13,0
S-007508,treatment,mobile,2,0
S-007509,treatment,mobile,11,0
S-007510,treatment,mobile,9,0
S-007511,treatment,mobile,12,0
S-007512,treatment,mobile,9,0
S-007513,treatment,mobile,12,0
S-007514,control,desktop,2,0
S-007515,control,desktop,2,0
S-007516,control,desktop,6,0
S-007517,treatment,mobile,4,0
S-007518,control,mobile,4,0
S-007519,control,mobile,2,0
S-007520,treatment,mobile,7,0
S-007521,control,desktop,8,0
S-007522,treatment,mobile,13,0
S-007523,treatment,mobile,12,0
S-007524,treatment,mobile,3,0
S-007525,control,desktop,1,1
S-007526,treatment,mobile,7,0
S-007527,control,desktop,8,0
S-007528,treatment,mobile,1,0
S-007529,control,desktop,7,0
S-007530,control,desktop,1,0
S-007531,control,desktop,4,0
S-007532,control,mobile,3,0
S-007533,treatment,desktop,11,0
S-007534,treatment,desktop,14,0
S-007535,treatment,desktop,4,0
S-007536,control,desktop,11,0
S-007537,control,desktop,12,0
S-007538,control,desktop,6,0
S-007539,treatment,desktop,5,0
S-007540,treatment,mobile,9,0
S-007541,control,desktop,5,0
S-007542,control,desktop,4,0
S-007543,control,desktop,6,0
S-007544,control,desktop,10,0
S-007545,treatment,mobile,8,0
S-007546,control,desktop,2,0
S-007547,control,mobile,6,0
S-007548,treatment,mobile,4,0
S-007549,treatment,mobile,12,0
S-007550,control,desktop,8,0
S-007551,treatment,mobile,13,0
S-007552,treatment,desktop,6,0
S-007553,treatment,mobile,8,0
S-007554,control,desktop,11,0
S-007555,treatment,mobile,2,0
S-007556,treatment,mobile,11,0
S-007557,treatment,mobile,9,0
S-007558,treatment,mobile,1,0
S-007559,control,desktop,1,0
S-007560,control,desktop,13,0
S-007561,control,desktop,14,0
S-007562,control,desktop,5,0
S-007563,treatment,mobile,6,0
S-007564,control,desktop,10,0
S-007565,control,desktop,12,0
S-007566,control,desktop,11,0
S-007567,control,desktop,3,0
S-007568,control,desktop,2,0
S-007569,treatment,mobile,7,0
S-007570,control,desktop,6,1
S-007571,control,mobile,1,0
S-007572,treatment,mobile,8,0
S-007573,treatment,mobile,7,0
S-007574,treatment,mobile,11,0
S-007575,control,desktop,2,0
S-007576,treatment,mobile,11,0
S-007577,control,desktop,10,0
S-007578,treatment,mobile,8,0
S-007579,control,desktop,2,0
S-007580,control,mobile,11,0
S-007581,control,mobile,8,0
S-007582,control,desktop,4,0
S-007583,control,desktop,4,0
S-007584,treatment,mobile,3,0
S-007585,control,desktop,1,0
S-007586,treatment,mobile,3,0
S-007587,control,desktop,10,0
S-007588,control,desktop,14,0
S-007589,treatment,mobile,6,0
S-007590,treatment,mobile,1,0
S-007591,treatment,mobile,11,0
S-007592,treatment,desktop,14,0
S-007593,control,desktop,10,0
S-007594,treatment,mobile,7,0
S-007595,control,mobile,9,0
S-007596,treatment,mobile,6,0
S-007597,treatment,mobile,3,0
S-007598,treatment,mobile,6,0
S-007599,control,desktop,8,0
S-007600,control,desktop,4,0
S-007601,control,desktop,8,1
S-007602,control,mobile,4,0
S-007603,control,desktop,12,1
S-007604,treatment,mobile,10,0
S-007605,treatment,mobile,1,0
S-007606,treatment,mobile,7,0
S-007607,treatment,mobile,3,0
S-007608,treatment,mobile,3,0
S-007609,control,desktop,4,0
S-007610,treatment,desktop,4,0
S-007611,treatment,mobile,10,0
S-007612,control,desktop,14,0
S-007613,treatment,mobile,3,0
S-007614,treatment,mobile,4,0
S-007615,control,desktop,1,0
S-007616,control,desktop,8,0
S-007617,treatment,mobile,3,0
S-007618,control,desktop,12,0
S-007619,control,desktop,11,0
S-007620,treatment,mobile,4,0
S-007621,treatment,mobile,14,0
S-007622,treatment,mobile,3,0
S-007623,control,desktop,3,0
S-007624,treatment,desktop,1,1
S-007625,treatment,mobile,11,0
S-007626,control,desktop,1,0
S-007627,treatment,mobile,14,0
S-007628,treatment,desktop,9,0
S-007629,control,desktop,6,0
S-007630,treatment,mobile,13,0
S-007631,control,desktop,12,0
S-007632,control,desktop,12,0
S-007633,treatment,mobile,10,0
S-007634,control,desktop,1,0
S-007635,treatment,mobile,4,0
S-007636,treatment,mobile,6,0
S-007637,control,desktop,10,1
S-007638,control,desktop,4,0
S-007639,control,desktop,13,0
S-007640,treatment,mobile,7,0
S-007641,treatment,mobile,10,0
S-007642,treatment,desktop,14,1
S-007643,treatment,mobile,3,0
S-007644,control,desktop,11,0
S-007645,treatment,mobile,8,0
S-007646,control,desktop,6,0
S-007647,treatment,mobile,1,0
S-007648,control,desktop,2,0
S-007649,treatment,mobile,11,0
S-007650,treatment,mobile,8,0
S-007651,treatment,mobile,6,0
S-007652,treatment,desktop,5,0
S-007653,treatment,mobile,8,0
S-007654,treatment,mobile,10,0
S-007655,control,desktop,3,0
S-007656,control,desktop,12,0
S-007657,treatment,mobile,11,0
S-007658,control,desktop,12,1
S-007659,treatment,mobile,10,0
S-007660,control,desktop,2,0
S-007661,control,mobile,12,0
S-007662,control,mobile,5,0
S-007663,control,desktop,1,0
S-007664,control,desktop,7,0
S-007665,control,desktop,3,1
S-007666,treatment,desktop,3,0
S-007667,treatment,desktop,6,0
S-007668,treatment,mobile,7,0
S-007669,control,desktop,2,1
S-007670,control,desktop,8,0
S-007671,control,mobile,10,0
S-007672,control,desktop,14,0
S-007673,control,desktop,10,0
S-007674,treatment,mobile,5,0
S-007675,treatment,desktop,7,0
S-007676,control,desktop,14,0
S-007677,control,desktop,7,0
S-007678,treatment,desktop,2,1
S-007679,control,mobile,3,0
S-007680,treatment,mobile,6,0
S-007681,control,desktop,3,0
S-007682,control,mobile,14,0
S-007683,treatment,mobile,1,0
S-007684,treatment,desktop,6,0
S-007685,treatment,mobile,10,0
S-007686,treatment,desktop,13,0
S-007687,control,desktop,5,1
S-007688,control,desktop,9,1
S-007689,control,mobile,11,0
S-007690,control,desktop,11,0
S-007691,control,mobile,11,0
S-007692,treatment,mobile,10,1
S-007693,treatment,mobile,3,0
S-007694,treatment,mobile,5,0
S-007695,treatment,mobile,11,0
S-007696,treatment,mobile,7,0
S-007697,treatment,mobile,3,0
S-007698,control,desktop,9,0
S-007699,treatment,mobile,5,0
S-007700,treatment,mobile,8,0
S-007701,control,desktop,2,0
S-007702,control,desktop,14,1
S-007703,treatment,mobile,11,0
S-007704,control,desktop,14,0
S-007705,treatment,mobile,11,0
S-007706,control,desktop,9,0
S-007707,treatment,desktop,13,0
S-007708,control,desktop,1,0
S-007709,control,desktop,8,0
S-007710,treatment,mobile,14,0
S-007711,treatment,mobile,13,0
S-007712,treatment,mobile,8,0
S-007713,treatment,mobile,6,0
S-007714,control,desktop,1,0
S-007715,treatment,mobile,6,0
S-007716,control,desktop,8,0
S-007717,treatment,mobile,14,0
S-007718,control,desktop,7,0
S-007719,control,desktop,7,0
S-007720,control,desktop,6,0
S-007721,treatment,mobile,8,0
S-007722,control,desktop,6,1
S-007723,treatment,mobile,5,0
S-007724,treatment,mobile,14,0
S-007725,treatment,mobile,11,0
S-007726,treatment,mobile,8,0
S-007727,control,desktop,14,0
S-007728,treatment,desktop,4,0
S-007729,treatment,mobile,5,0
S-007730,control,desktop,9,0
S-007731,treatment,mobile,9,0
S-007732,control,desktop,10,0
S-007733,treatment,desktop,6,0
S-007734,treatment,mobile,2,0
S-007735,control,desktop,5,0
S-007736,control,mobile,7,0
S-007737,control,desktop,6,0
S-007738,control,desktop,7,0
S-007739,treatment,mobile,1,0
S-007740,control,desktop,8,0
S-007741,control,desktop,6,0
S-007742,control,desktop,14,0
S-007743,control,desktop,4,0
S-007744,treatment,mobile,6,0
S-007745,treatment,mobile,10,0
S-007746,control,mobile,8,0
S-007747,treatment,mobile,5,0
S-007748,control,desktop,6,0
S-007749,treatment,mobile,14,0
S-007750,treatment,mobile,3,0
S-007751,treatment,mobile,3,0
S-007752,treatment,mobile,7,1
S-007753,treatment,desktop,2,0
S-007754,treatment,mobile,6,0
S-007755,control,desktop,7,0
S-007756,control,desktop,6,0
S-007757,treatment,mobile,13,0
S-007758,treatment,desktop,9,1
S-007759,treatment,desktop,6,0
S-007760,control,desktop,14,0
S-007761,treatment,mobile,12,0
S-007762,control,mobile,14,0
S-007763,treatment,mobile,13,0
S-007764,control,desktop,11,0
S-007765,control,desktop,13,0
S-007766,treatment,mobile,13,0
S-007767,treatment,mobile,7,0
S-007768,treatment,mobile,10,0
S-007769,treatment,mobile,4,0
S-007770,control,desktop,12,0
S-007771,treatment,mobile,7,0
S-007772,treatment,mobile,13,0
S-007773,treatment,mobile,10,0
S-007774,control,desktop,8,0
S-007775,treatment,mobile,2,0
S-007776,treatment,mobile,7,1
S-007777,control,desktop,10,0
S-007778,treatment,mobile,12,0
S-007779,control,desktop,12,0
S-007780,treatment,mobile,12,0
S-007781,treatment,mobile,6,0
S-007782,treatment,mobile,8,0
S-007783,treatment,mobile,10,0
S-007784,treatment,mobile,11,0
S-007785,control,mobile,6,0
S-007786,control,mobile,13,0
S-007787,treatment,mobile,3,1
S-007788,control,mobile,5,0
S-007789,treatment,desktop,2,0
S-007790,control,mobile,8,0
S-007791,control,desktop,9,0
S-007792,control,desktop,5,0
S-007793,control,desktop,1,0
S-007794,control,mobile,14,0
S-007795,treatment,mobile,3,0
S-007796,control,desktop,1,1
S-007797,control,desktop,12,0
S-007798,control,desktop,11,0
S-007799,treatment,mobile,4,0
S-007800,treatment,desktop,4,0
S-007801,treatment,mobile,2,0
S-007802,treatment,mobile,3,0
S-007803,control,desktop,3,0
S-007804,treatment,mobile,4,0
S-007805,control,desktop,4,1
S-007806,treatment,mobile,8,0
S-007807,treatment,mobile,8,0
S-007808,control,desktop,7,0
S-007809,treatment,desktop,11,0
S-007810,treatment,mobile,6,0
S-007811,treatment,mobile,6,0
S-007812,treatment,mobile,1,0
S-007813,control,desktop,13,0
S-007814,control,desktop,10,0
S-007815,treatment,mobile,14,0
S-007816,treatment,mobile,5,0
S-007817,control,desktop,13,0
S-007818,treatment,mobile,1,0
S-007819,treatment,mobile,14,0
S-007820,treatment,mobile,1,0
S-007821,control,desktop,12,0
S-007822,treatment,mobile,1,0
S-007823,control,mobile,3,0
S-007824,treatment,mobile,12,0
S-007825,control,desktop,5,0
S-007826,control,mobile,4,0
S-007827,treatment,mobile,3,0
S-007828,treatment,mobile,10,0
S-007829,treatment,mobile,13,0
S-007830,treatment,desktop,2,0
S-007831,control,desktop,13,0
S-007832,control,desktop,3,0
S-007833,control,desktop,5,0
S-007834,control,mobile,7,0
S-007835,treatment,mobile,1,0
S-007836,treatment,mobile,2,0
S-007837,treatment,mobile,14,0
S-007838,treatment,mobile,13,0
S-007839,control,mobile,11,0
S-007840,control,desktop,11,0
S-007841,control,desktop,10,0
S-007842,treatment,desktop,8,0
S-007843,treatment,mobile,2,0
S-007844,control,desktop,5,0
S-007845,treatment,mobile,11,0
S-007846,treatment,mobile,12,0
S-007847,treatment,mobile,6,0
S-007848,treatment,desktop,7,1
S-007849,treatment,mobile,9,0
S-007850,control,desktop,4,0
S-007851,control,desktop,5,0
S-007852,control,mobile,2,0
S-007853,control,mobile,9,0
S-007854,control,desktop,4,0
S-007855,control,desktop,3,1
S-007856,treatment,mobile,8,0
S-007857,control,mobile,10,0
S-007858,control,desktop,9,1
S-007859,treatment,mobile,1,0
S-007860,control,desktop,6,0
S-007861,control,desktop,12,0
S-007862,control,desktop,6,0
S-007863,treatment,desktop,5,0
S-007864,treatment,mobile,11,0
S-007865,control,mobile,3,0
S-007866,control,desktop,10,0
S-007867,control,desktop,12,0
S-007868,treatment,mobile,11,0
S-007869,treatment,mobile,3,1
S-007870,control,desktop,12,0
S-007871,control,desktop,8,0
S-007872,treatment,mobile,4,0
S-007873,treatment,mobile,12,0
S-007874,treatment,mobile,3,0
S-007875,treatment,mobile,4,0
S-007876,control,desktop,13,0
S-007877,treatment,mobile,7,0
S-007878,treatment,mobile,6,0
S-007879,control,desktop,3,0
S-007880,control,mobile,12,0
S-007881,control,mobile,4,0
S-007882,treatment,desktop,2,0
S-007883,control,mobile,4,0
S-007884,treatment,mobile,8,0
S-007885,control,desktop,12,1
S-007886,treatment,mobile,1,0
S-007887,control,desktop,4,0
S-007888,control,mobile,9,0
S-007889,treatment,mobile,7,0
S-007890,treatment,mobile,6,0
S-007891,treatment,mobile,3,0
S-007892,control,desktop,5,0
S-007893,treatment,mobile,12,0
S-007894,treatment,mobile,7,0
S-007895,control,desktop,13,1
S-007896,treatment,mobile,14,0
S-007897,control,desktop,10,0
S-007898,control,desktop,6,0
S-007899,treatment,mobile,1,0
S-007900,control,mobile,4,0
S-007901,treatment,mobile,10,0
S-007902,control,desktop,2,0
S-007903,treatment,mobile,9,0
S-007904,treatment,mobile,10,0
S-007905,treatment,mobile,7,0
S-007906,treatment,mobile,5,0
S-007907,treatment,mobile,9,0
S-007908,treatment,desktop,1,0
S-007909,treatment,mobile,9,0
S-007910,treatment,mobile,10,0
S-007911,control,desktop,2,0
S-007912,treatment,mobile,10,0
S-007913,treatment,mobile,6,0
S-007914,treatment,mobile,14,0
S-007915,treatment,desktop,11,0
S-007916,control,desktop,1,0
S-007917,control,desktop,13,0
S-007918,control,desktop,10,0
S-007919,treatment,desktop,9,0
S-007920,treatment,mobile,1,0
S-007921,control,desktop,12,0
S-007922,treatment,mobile,4,0
S-007923,control,desktop,8,0
S-007924,treatment,mobile,13,0
S-007925,control,desktop,13,0
S-007926,treatment,mobile,3,0
S-007927,treatment,mobile,6,0
S-007928,control,desktop,9,0
S-007929,control,desktop,12,0
S-007930,control,desktop,3,1
S-007931,treatment,mobile,13,0
S-007932,control,desktop,3,0
S-007933,control,desktop,10,0
S-007934,control,mobile,8,0
S-007935,control,desktop,11,0
S-007936,treatment,mobile,12,0
S-007937,control,mobile,9,0
S-007938,control,desktop,4,0
S-007939,control,mobile,1,0
S-007940,treatment,mobile,13,0
S-007941,treatment,mobile,4,0
S-007942,control,desktop,10,0
S-007943,treatment,mobile,1,0
S-007944,control,desktop,6,0
S-007945,control,mobile,13,0
S-007946,control,desktop,7,1
S-007947,control,mobile,14,0
S-007948,treatment,mobile,7,0
S-007949,control,mobile,4,0
S-007950,treatment,mobile,13,0
S-007951,control,desktop,2,1
S-007952,treatment,mobile,1,0
S-007953,control,desktop,2,0
S-007954,treatment,mobile,6,0
S-007955,control,desktop,14,0
S-007956,treatment,mobile,9,0
S-007957,treatment,mobile,14,0
S-007958,treatment,desktop,14,1
S-007959,treatment,mobile,11,0
S-007960,control,mobile,13,0
S-007961,treatment,mobile,9,0
S-007962,control,desktop,13,0
S-007963,treatment,mobile,2,0
S-007964,treatment,mobile,10,0
S-007965,treatment,mobile,2,0
S-007966,control,desktop,10,0
S-007967,control,mobile,8,0
S-007968,treatment,mobile,6,0
S-007969,treatment,desktop,9,0
S-007970,control,mobile,5,0
S-007971,treatment,mobile,3,0
S-007972,treatment,mobile,7,0
S-007973,control,desktop,8,0
S-007974,control,desktop,6,0
S-007975,control,desktop,2,0
S-007976,control,desktop,11,0
S-007977,treatment,mobile,9,0
S-007978,control,desktop,14,0
S-007979,control,desktop,12,0
S-007980,treatment,mobile,12,0
S-007981,treatment,mobile,10,0
S-007982,treatment,mobile,9,0
S-007983,treatment,mobile,5,0
S-007984,treatment,desktop,4,1
S-007985,treatment,mobile,11,0
S-007986,control,mobile,5,0
S-007987,treatment,desktop,10,0
S-007988,treatment,mobile,6,0
S-007989,control,desktop,14,0
S-007990,treatment,mobile,2,0
S-007991,control,desktop,11,1
S-007992,treatment,mobile,8,0
S-007993,control,desktop,9,1
S-007994,control,mobile,7,0
S-007995,control,mobile,1,0
S-007996,control,desktop,2,0
S-007997,control,desktop,6,0
S-007998,treatment,mobile,5,0
S-007999,control,mobile,11,0
S-008000,control,desktop,11,0
S-008001,control,desktop,9,0
S-008002,control,desktop,2,0
S-008003,control,desktop,2,0
S-008004,treatment,mobile,8,1
S-008005,treatment,mobile,5,0
S-008006,control,mobile,10,0
S-008007,control,desktop,3,0
S-008008,control,desktop,13,1
S-008009,control,desktop,1,1
S-008010,control,desktop,3,0
S-008011,control,desktop,10,0
S-008012,treatment,mobile,5,0
S-008013,treatment,mobile,6,0
S-008014,treatment,mobile,4,0
S-008015,treatment,mobile,10,0
S-008016,control,desktop,7,0
S-008017,treatment,mobile,7,0
S-008018,control,desktop,1,0
S-008019,treatment,desktop,6,0
S-008020,treatment,mobile,11,0
S-008021,control,desktop,1,0
S-008022,control,desktop,9,1
S-008023,treatment,mobile,10,0
S-008024,control,desktop,14,0
S-008025,treatment,mobile,12,0
S-008026,control,desktop,6,0
S-008027,treatment,mobile,1,0
S-008028,control,desktop,1,1
S-008029,treatment,mobile,1,0
S-008030,treatment,mobile,11,0
S-008031,treatment,mobile,5,0
S-008032,treatment,mobile,1,0
S-008033,control,desktop,6,0
S-008034,control,desktop,5,0
S-008035,control,desktop,14,1
S-008036,treatment,mobile,8,0
S-008037,treatment,mobile,12,0
S-008038,control,desktop,13,1
S-008039,treatment,mobile,1,0
S-008040,treatment,desktop,5,0
S-008041,control,mobile,10,0
S-008042,control,desktop,4,0
S-008043,control,mobile,6,0
S-008044,treatment,mobile,6,0
S-008045,treatment,mobile,11,0
S-008046,treatment,mobile,2,0
S-008047,control,desktop,4,1
S-008048,control,desktop,1,0
S-008049,treatment,mobile,2,0
S-008050,control,desktop,10,0
S-008051,treatment,desktop,8,0
S-008052,control,desktop,11,1
S-008053,treatment,mobile,5,0
S-008054,treatment,mobile,4,0
S-008055,treatment,mobile,11,0
S-008056,treatment,mobile,8,0
S-008057,treatment,desktop,7,0
S-008058,control,desktop,4,0
S-008059,treatment,mobile,4,0
S-008060,treatment,mobile,7,0
S-008061,control,desktop,8,0
S-008062,treatment,mobile,1,0
S-008063,treatment,mobile,6,0
S-008064,treatment,mobile,14,0
S-008065,control,desktop,3,0
S-008066,treatment,desktop,8,0
S-008067,control,desktop,3,0
S-008068,treatment,desktop,6,0
S-008069,treatment,mobile,10,0
S-008070,treatment,mobile,4,0
S-008071,treatment,desktop,2,0
S-008072,treatment,mobile,10,0
S-008073,control,desktop,3,0
S-008074,treatment,mobile,13,0
S-008075,treatment,mobile,5,0
S-008076,control,mobile,8,0
S-008077,control,desktop,12,0
S-008078,control,mobile,6,0
S-008079,treatment,mobile,10,0
S-008080,control,mobile,7,0
S-008081,treatment,mobile,6,0
S-008082,control,mobile,14,0
S-008083,control,desktop,3,0
S-008084,control,desktop,8,0
S-008085,control,desktop,5,0
S-008086,treatment,mobile,1,0
S-008087,control,desktop,6,0
S-008088,treatment,mobile,6,0
S-008089,treatment,desktop,5,0
S-008090,control,mobile,1,0
S-008091,treatment,desktop,4,0
S-008092,treatment,mobile,12,0
S-008093,control,desktop,7,0
S-008094,treatment,mobile,3,0
S-008095,treatment,desktop,14,0
S-008096,control,mobile,9,0
S-008097,control,mobile,7,0
S-008098,control,mobile,9,0
S-008099,treatment,mobile,9,0
S-008100,treatment,mobile,13,0
S-008101,control,desktop,11,0
S-008102,treatment,mobile,9,1
S-008103,control,desktop,5,0
S-008104,treatment,mobile,14,0
S-008105,treatment,mobile,14,0
S-008106,treatment,mobile,4,0
S-008107,control,desktop,7,1
S-008108,control,mobile,13,0
S-008109,control,desktop,14,0
S-008110,control,desktop,6,0
S-008111,control,desktop,1,0
S-008112,control,mobile,11,0
S-008113,treatment,mobile,8,0
S-008114,treatment,mobile,2,0
S-008115,control,desktop,3,0
S-008116,treatment,mobile,6,0
S-008117,control,mobile,2,0
S-008118,treatment,mobile,7,0
S-008119,treatment,mobile,1,0
S-008120,treatment,mobile,6,0
S-008121,treatment,mobile,12,0
S-008122,control,desktop,7,0
S-008123,treatment,mobile,1,0
S-008124,treatment,mobile,13,0
S-008125,treatment,desktop,10,0
S-008126,treatment,mobile,3,0
S-008127,treatment,mobile,13,0
S-008128,control,desktop,11,0
S-008129,treatment,mobile,7,0
S-008130,control,desktop,13,0
S-008131,control,desktop,2,0
S-008132,treatment,mobile,6,0
S-008133,treatment,mobile,6,0
S-008134,treatment,mobile,11,0
S-008135,treatment,desktop,7,1
S-008136,control,mobile,6,0
S-008137,control,desktop,6,0
S-008138,control,desktop,5,1
S-008139,treatment,mobile,1,0
S-008140,treatment,mobile,14,0
S-008141,control,mobile,7,0
S-008142,treatment,mobile,5,0
S-008143,treatment,mobile,7,0
S-008144,control,desktop,1,0
S-008145,control,desktop,3,0
S-008146,control,desktop,13,0
S-008147,control,desktop,10,1
S-008148,treatment,mobile,1,0
S-008149,treatment,mobile,3,0
S-008150,control,mobile,4,0
S-008151,control,mobile,8,0
S-008152,control,mobile,13,0
S-008153,control,desktop,13,0
S-008154,treatment,mobile,6,0
S-008155,treatment,mobile,6,0
S-008156,control,desktop,12,0
S-008157,treatment,mobile,8,0
S-008158,treatment,mobile,1,0
S-008159,control,desktop,12,0
S-008160,treatment,mobile,6,0
S-008161,treatment,mobile,3,0
S-008162,treatment,desktop,6,0
S-008163,control,desktop,4,0
S-008164,treatment,desktop,6,0
S-008165,control,mobile,4,0
S-008166,treatment,mobile,11,0
S-008167,control,desktop,7,0
S-008168,treatment,desktop,3,0
S-008169,treatment,mobile,12,0
S-008170,control,mobile,3,0
S-008171,treatment,mobile,10,0
S-008172,control,desktop,13,0
S-008173,treatment,mobile,1,0
S-008174,treatment,mobile,12,0
S-008175,treatment,mobile,2,0
S-008176,control,mobile,2,0
S-008177,treatment,mobile,14,0
S-008178,control,desktop,7,0
S-008179,treatment,mobile,8,0
S-008180,treatment,mobile,6,0
S-008181,control,desktop,12,0
S-008182,control,desktop,14,0
S-008183,control,mobile,11,0
S-008184,treatment,mobile,9,0
S-008185,control,mobile,5,0
S-008186,treatment,mobile,8,0
S-008187,control,desktop,8,1
S-008188,treatment,mobile,7,0
S-008189,treatment,mobile,6,0
S-008190,control,desktop,9,0
S-008191,control,desktop,2,0
S-008192,treatment,mobile,10,0
S-008193,treatment,mobile,7,0
S-008194,treatment,desktop,5,0
S-008195,control,desktop,4,0
S-008196,treatment,mobile,11,0
S-008197,control,desktop,2,0
S-008198,control,desktop,8,1
S-008199,treatment,mobile,4,0
S-008200,control,desktop,5,0
S-008201,treatment,mobile,4,0
S-008202,treatment,desktop,14,0
S-008203,treatment,mobile,13,0
S-008204,control,desktop,5,0
S-008205,treatment,mobile,11,0
S-008206,control,mobile,12,0
S-008207,control,desktop,6,0
S-008208,control,desktop,7,0
S-008209,treatment,mobile,4,0
S-008210,treatment,mobile,12,0
S-008211,treatment,mobile,6,0
S-008212,treatment,mobile,13,0
S-008213,control,desktop,11,0
S-008214,control,desktop,9,0
S-008215,treatment,desktop,7,0
S-008216,control,desktop,3,0
S-008217,treatment,mobile,9,0
S-008218,control,mobile,13,0
S-008219,control,desktop,10,0
S-008220,control,desktop,8,0
S-008221,control,desktop,5,0
S-008222,treatment,desktop,14,0
S-008223,control,desktop,12,1
S-008224,control,desktop,4,0
S-008225,control,desktop,14,0
S-008226,control,desktop,10,0
S-008227,control,desktop,4,0
S-008228,treatment,mobile,11,0
S-008229,control,mobile,10,0
S-008230,treatment,mobile,11,0
S-008231,treatment,mobile,10,0
S-008232,treatment,mobile,7,0
S-008233,treatment,desktop,13,0
S-008234,control,desktop,2,0
S-008235,treatment,desktop,4,0
S-008236,treatment,mobile,5,0
S-008237,control,desktop,12,0
S-008238,treatment,mobile,2,0
S-008239,treatment,mobile,4,0
S-008240,treatment,desktop,7,0
S-008241,control,desktop,11,0
S-008242,treatment,mobile,7,0
S-008243,control,desktop,10,0
S-008244,control,desktop,5,0
S-008245,control,mobile,3,0
S-008246,control,desktop,7,0
S-008247,treatment,mobile,14,0
S-008248,control,desktop,1,0
S-008249,treatment,mobile,12,0
S-008250,treatment,mobile,6,0
S-008251,treatment,mobile,14,0
S-008252,treatment,mobile,1,0
S-008253,control,desktop,10,0
S-008254,control,mobile,6,0
S-008255,treatment,mobile,10,0
S-008256,control,desktop,9,0
S-008257,control,desktop,11,0
S-008258,control,desktop,14,0
S-008259,treatment,mobile,9,0
S-008260,treatment,mobile,10,0
S-008261,treatment,mobile,5,0
S-008262,control,mobile,14,0
S-008263,treatment,mobile,5,0
S-008264,treatment,mobile,14,0
S-008265,control,desktop,7,1
S-008266,control,desktop,10,0
S-008267,treatment,mobile,9,0
S-008268,treatment,mobile,2,0
S-008269,treatment,mobile,10,0
S-008270,treatment,mobile,7,0
S-008271,treatment,mobile,12,0
S-008272,control,desktop,14,0
S-008273,control,desktop,5,0
S-008274,treatment,mobile,11,0
S-008275,treatment,mobile,5,0
S-008276,treatment,mobile,6,0
S-008277,treatment,mobile,12,0
S-008278,control,desktop,3,0
S-008279,treatment,mobile,10,1
S-008280,control,mobile,1,1
S-008281,control,desktop,7,0
S-008282,treatment,mobile,13,0
S-008283,control,mobile,9,0
S-008284,control,desktop,13,0
S-008285,treatment,mobile,9,0
S-008286,treatment,mobile,7,0
S-008287,treatment,desktop,4,0
S-008288,control,desktop,10,0
S-008289,treatment,mobile,3,0
S-008290,control,desktop,6,0
S-008291,control,desktop,14,0
S-008292,control,mobile,11,0
S-008293,treatment,mobile,3,0
S-008294,treatment,mobile,2,0
S-008295,treatment,mobile,7,0
S-008296,treatment,mobile,10,0
S-008297,control,desktop,1,0
S-008298,control,desktop,3,0
S-008299,treatment,mobile,8,0
S-008300,treatment,mobile,11,0
S-008301,treatment,desktop,2,0
S-008302,control,desktop,4,0
S-008303,treatment,mobile,3,0
S-008304,control,desktop,2,0
S-008305,control,desktop,13,0
S-008306,control,mobile,6,0
S-008307,treatment,mobile,5,0
S-008308,control,desktop,11,0
S-008309,control,desktop,4,1
S-008310,control,desktop,12,0
S-008311,treatment,desktop,12,0
S-008312,control,mobile,7,0
S-008313,control,desktop,5,0
S-008314,treatment,mobile,14,0
S-008315,control,desktop,8,0
S-008316,control,desktop,4,0
S-008317,treatment,mobile,13,0
S-008318,treatment,mobile,1,0
S-008319,control,desktop,8,0
S-008320,treatment,mobile,5,0
S-008321,control,desktop,8,0
S-008322,treatment,mobile,11,0
S-008323,control,mobile,10,0
S-008324,treatment,mobile,3,0
S-008325,treatment,mobile,14,0
S-008326,control,desktop,6,0
S-008327,treatment,mobile,13,0
S-008328,control,desktop,9,0
S-008329,control,desktop,2,0
S-008330,control,desktop,2,0
S-008331,treatment,desktop,8,0
S-008332,treatment,mobile,3,0
S-008333,treatment,desktop,1,1
S-008334,treatment,mobile,2,0
S-008335,treatment,mobile,9,0
S-008336,treatment,mobile,9,0
S-008337,treatment,mobile,13,0
S-008338,control,mobile,1,0
S-008339,control,desktop,1,0
S-008340,treatment,desktop,6,0
S-008341,control,desktop,13,1
S-008342,treatment,mobile,5,0
S-008343,treatment,mobile,10,0
S-008344,treatment,mobile,5,0
S-008345,treatment,mobile,2,0
S-008346,control,mobile,14,0
S-008347,treatment,mobile,9,0
S-008348,treatment,mobile,11,0
S-008349,treatment,mobile,8,0
S-008350,treatment,mobile,10,0
S-008351,treatment,mobile,4,0
S-008352,control,desktop,13,0
S-008353,control,desktop,9,1
S-008354,treatment,mobile,11,0
S-008355,treatment,mobile,9,0
S-008356,treatment,mobile,5,0
S-008357,treatment,mobile,11,0
S-008358,treatment,mobile,7,1
S-008359,treatment,mobile,1,0
S-008360,treatment,mobile,9,0
S-008361,treatment,mobile,10,0
S-008362,treatment,desktop,11,0
S-008363,treatment,desktop,12,0
S-008364,control,desktop,9,0
S-008365,control,mobile,2,0
S-008366,control,desktop,14,0
S-008367,treatment,mobile,10,0
S-008368,treatment,mobile,1,0
S-008369,control,mobile,14,0
S-008370,control,desktop,11,0
S-008371,control,desktop,1,0
S-008372,control,desktop,10,0
S-008373,control,desktop,7,0
S-008374,control,desktop,8,0
S-008375,control,desktop,4,0
S-008376,control,desktop,9,1
S-008377,control,desktop,2,0
S-008378,control,mobile,5,0
S-008379,control,desktop,5,0
S-008380,treatment,mobile,12,0
S-008381,treatment,mobile,7,0
S-008382,treatment,mobile,3,0
S-008383,control,desktop,3,0
S-008384,treatment,mobile,13,0
S-008385,control,desktop,9,0
S-008386,treatment,mobile,13,0
S-008387,treatment,mobile,12,0
S-008388,treatment,mobile,14,0
S-008389,treatment,desktop,5,0
S-008390,control,mobile,10,0
S-008391,control,mobile,11,0
S-008392,treatment,mobile,5,0
S-008393,control,desktop,3,0
S-008394,treatment,mobile,5,0
S-008395,control,desktop,6,1
S-008396,control,desktop,12,0
S-008397,treatment,mobile,12,1
S-008398,treatment,mobile,8,0
S-008399,control,mobile,10,0
S-008400,treatment,desktop,11,0
S-008401,control,desktop,9,0
S-008402,treatment,mobile,10,0
S-008403,control,desktop,14,0
S-008404,control,mobile,10,0
S-008405,treatment,mobile,10,0
S-008406,control,desktop,9,1
S-008407,treatment,mobile,14,0
S-008408,treatment,mobile,12,0
S-008409,control,desktop,4,0
S-008410,control,desktop,7,0
S-008411,control,mobile,12,0
S-008412,control,desktop,3,0
S-008413,control,desktop,10,0
S-008414,control,desktop,3,0
S-008415,control,desktop,5,0
S-008416,treatment,mobile,12,0
S-008417,control,desktop,2,0
S-008418,treatment,mobile,5,0
S-008419,treatment,mobile,7,0
S-008420,control,desktop,12,0
S-008421,control,mobile,9,0
S-008422,control,mobile,10,0
S-008423,treatment,mobile,6,0
S-008424,control,mobile,12,0
S-008425,control,mobile,14,0
S-008426,treatment,mobile,1,0
S-008427,treatment,mobile,14,0
S-008428,treatment,mobile,5,0
S-008429,control,desktop,13,0
S-008430,control,desktop,9,1
S-008431,treatment,desktop,10,0
S-008432,treatment,mobile,6,0
S-008433,treatment,mobile,8,0
S-008434,control,mobile,2,0
S-008435,control,desktop,11,1
S-008436,treatment,mobile,5,0
S-008437,treatment,mobile,2,0
S-008438,control,mobile,4,0
S-008439,control,desktop,9,0
S-008440,treatment,mobile,2,0
S-008441,control,desktop,10,0
S-008442,treatment,desktop,1,1
S-008443,control,desktop,4,0
S-008444,control,mobile,7,0
S-008445,treatment,mobile,13,0
S-008446,treatment,mobile,10,0
S-008447,control,desktop,7,0
S-008448,control,desktop,10,0
S-008449,treatment,mobile,11,0
S-008450,treatment,mobile,6,0
S-008451,control,desktop,7,0
S-008452,treatment,mobile,13,0
S-008453,control,desktop,8,0
S-008454,control,desktop,3,0
S-008455,control,mobile,3,0
S-008456,control,mobile,9,0
S-008457,control,desktop,1,0
S-008458,treatment,mobile,8,0
S-008459,control,mobile,1,0
S-008460,treatment,desktop,1,0
S-008461,control,desktop,4,0
S-008462,treatment,mobile,14,0
S-008463,control,mobile,6,0
S-008464,control,desktop,5,0
S-008465,control,desktop,8,0
S-008466,treatment,mobile,9,0
S-008467,control,desktop,10,0
S-008468,treatment,desktop,3,0
S-008469,treatment,mobile,11,0
S-008470,control,mobile,4,0
S-008471,treatment,mobile,5,0
S-008472,treatment,mobile,6,0
S-008473,control,desktop,12,0
S-008474,control,desktop,11,1
S-008475,treatment,mobile,12,0
S-008476,treatment,mobile,11,0
S-008477,treatment,mobile,13,0
S-008478,treatment,mobile,8,0
S-008479,treatment,mobile,13,0
S-008480,control,desktop,11,0
S-008481,control,mobile,1,0
S-008482,treatment,mobile,8,0
S-008483,treatment,mobile,6,0
S-008484,treatment,mobile,7,0
S-008485,control,desktop,9,0
S-008486,control,desktop,13,0
S-008487,treatment,mobile,8,0
S-008488,treatment,mobile,2,0
S-008489,treatment,mobile,9,0
S-008490,control,desktop,9,0
S-008491,control,desktop,10,0
S-008492,treatment,mobile,4,0
S-008493,treatment,mobile,5,0
S-008494,control,mobile,7,0
S-008495,treatment,mobile,12,0
S-008496,treatment,mobile,9,1
S-008497,treatment,desktop,9,0
S-008498,control,desktop,12,0
S-008499,treatment,mobile,10,0
S-008500,control,mobile,3,0
S-008501,control,desktop,13,0
S-008502,treatment,mobile,12,0
S-008503,treatment,mobile,9,0
S-008504,control,desktop,11,0
S-008505,control,desktop,3,0
S-008506,treatment,mobile,6,0
S-008507,treatment,mobile,5,0
S-008508,control,desktop,10,0
S-008509,control,mobile,14,0
S-008510,treatment,mobile,14,0
S-008511,treatment,desktop,9,1
S-008512,treatment,mobile,8,0
S-008513,treatment,mobile,8,0
S-008514,treatment,desktop,13,1
S-008515,control,desktop,6,0
S-008516,control,desktop,13,0
S-008517,treatment,mobile,7,0
S-008518,control,mobile,10,0
S-008519,treatment,mobile,12,0
S-008520,control,desktop,12,0
S-008521,control,desktop,8,0
S-008522,treatment,desktop,3,0
S-008523,control,desktop,13,0
S-008524,treatment,mobile,4,0
S-008525,control,desktop,8,0
S-008526,treatment,mobile,3,0
S-008527,treatment,mobile,7,0
S-008528,control,desktop,1,0
S-008529,treatment,mobile,3,0
S-008530,treatment,desktop,7,0
S-008531,treatment,desktop,1,0
S-008532,control,desktop,14,0
S-008533,control,desktop,14,0
S-008534,control,desktop,3,0
S-008535,control,desktop,12,0
S-008536,control,desktop,3,0
S-008537,treatment,mobile,10,0
S-008538,control,mobile,7,0
S-008539,treatment,mobile,14,0
S-008540,control,mobile,9,0
S-008541,treatment,mobile,2,0
S-008542,control,desktop,9,0
S-008543,control,mobile,1,0
S-008544,control,mobile,10,0
S-008545,control,desktop,13,0
S-008546,control,desktop,5,0
S-008547,treatment,mobile,1,0
S-008548,treatment,mobile,5,0
S-008549,treatment,mobile,6,0
S-008550,control,desktop,6,0
S-008551,treatment,mobile,12,0
S-008552,control,mobile,2,0
S-008553,treatment,mobile,10,0
S-008554,treatment,desktop,13,0
S-008555,treatment,mobile,6,0
S-008556,control,desktop,14,0
S-008557,treatment,desktop,6,0
S-008558,control,desktop,12,0
S-008559,treatment,mobile,10,0
S-008560,treatment,mobile,4,1
S-008561,treatment,mobile,14,0
S-008562,control,desktop,11,0
S-008563,treatment,mobile,6,0
S-008564,control,mobile,8,0
S-008565,control,desktop,11,0
S-008566,control,desktop,5,0
S-008567,control,desktop,9,0
S-008568,control,desktop,3,0
S-008569,treatment,mobile,2,0
S-008570,treatment,mobile,12,0
S-008571,control,desktop,14,0
S-008572,treatment,mobile,1,0
S-008573,control,desktop,8,0
S-008574,treatment,mobile,14,0
S-008575,control,desktop,5,0
S-008576,treatment,mobile,4,0
S-008577,treatment,mobile,13,0
S-008578,treatment,desktop,2,0
S-008579,control,desktop,4,0
S-008580,treatment,mobile,1,0
S-008581,control,desktop,5,1
S-008582,treatment,mobile,3,0
S-008583,control,desktop,3,0
S-008584,treatment,mobile,6,0
S-008585,control,desktop,4,0
S-008586,control,desktop,2,0
S-008587,control,desktop,11,0
S-008588,treatment,mobile,6,0
S-008589,treatment,mobile,5,0
S-008590,treatment,mobile,7,1
S-008591,control,desktop,1,0
S-008592,treatment,mobile,12,0
S-008593,control,desktop,7,0
S-008594,treatment,mobile,12,0
S-008595,treatment,mobile,3,0
S-008596,control,desktop,10,0
S-008597,control,desktop,14,0
S-008598,control,desktop,6,0
S-008599,control,mobile,13,0
S-008600,treatment,mobile,9,0
S-008601,control,mobile,6,0
S-008602,treatment,mobile,2,0
S-008603,control,desktop,7,0
S-008604,control,mobile,3,1
S-008605,control,desktop,4,0
S-008606,control,desktop,6,0
S-008607,treatment,mobile,10,0
S-008608,control,desktop,6,0
S-008609,control,mobile,2,0
S-008610,treatment,desktop,9,0
S-008611,control,desktop,9,0
S-008612,treatment,mobile,7,0
S-008613,treatment,desktop,11,1
S-008614,treatment,mobile,6,0
S-008615,treatment,mobile,5,0
S-008616,treatment,mobile,6,0
S-008617,control,desktop,1,0
S-008618,treatment,mobile,8,0
S-008619,treatment,mobile,10,0
S-008620,treatment,desktop,4,0
S-008621,treatment,mobile,11,0
S-008622,treatment,mobile,4,0
S-008623,treatment,mobile,10,0
S-008624,treatment,mobile,11,0
S-008625,control,desktop,3,0
S-008626,treatment,mobile,14,0
S-008627,control,desktop,4,0
S-008628,treatment,mobile,9,0
S-008629,treatment,mobile,3,0
S-008630,treatment,mobile,9,0
S-008631,control,mobile,10,0
S-008632,treatment,mobile,6,0
S-008633,treatment,mobile,2,0
S-008634,treatment,mobile,9,0
S-008635,treatment,mobile,14,0
S-008636,control,desktop,5,0
S-008637,treatment,mobile,1,0
S-008638,treatment,mobile,1,0
S-008639,treatment,mobile,7,0
S-008640,treatment,mobile,8,0
S-008641,control,desktop,10,0
S-008642,treatment,mobile,6,0
S-008643,treatment,mobile,13,0
S-008644,control,desktop,14,0
S-008645,treatment,mobile,12,0
S-008646,control,mobile,12,0
S-008647,treatment,mobile,4,0
S-008648,treatment,desktop,7,0
S-008649,treatment,mobile,4,0
S-008650,treatment,mobile,12,0
S-008651,treatment,mobile,10,0
S-008652,treatment,desktop,2,1
S-008653,control,mobile,3,0
S-008654,treatment,desktop,1,0
S-008655,treatment,mobile,1,0
S-008656,control,desktop,3,0
S-008657,control,mobile,8,0
S-008658,control,desktop,8,1
S-008659,treatment,mobile,10,1
S-008660,control,desktop,4,0
S-008661,control,desktop,8,0
S-008662,control,desktop,4,0
S-008663,treatment,mobile,11,0
S-008664,control,desktop,6,0
S-008665,treatment,mobile,5,0
S-008666,control,desktop,7,0
S-008667,treatment,mobile,13,0
S-008668,treatment,mobile,12,0
S-008669,control,desktop,11,0
S-008670,control,desktop,8,1
S-008671,treatment,mobile,6,0
S-008672,control,desktop,13,0
S-008673,treatment,mobile,5,0
S-008674,treatment,desktop,10,0
S-008675,treatment,mobile,5,0
S-008676,control,mobile,12,0
S-008677,treatment,mobile,4,0
S-008678,treatment,desktop,11,1
S-008679,control,mobile,6,0
S-008680,control,mobile,2,0
S-008681,control,desktop,4,0
S-008682,control,desktop,9,0
S-008683,treatment,mobile,7,0
S-008684,treatment,mobile,12,0
S-008685,treatment,mobile,11,0
S-008686,treatment,mobile,2,0
S-008687,control,desktop,3,0
S-008688,control,desktop,11,0
S-008689,control,desktop,2,0
S-008690,control,desktop,6,0
S-008691,control,mobile,12,0
S-008692,control,desktop,3,0
S-008693,control,mobile,8,0
S-008694,control,mobile,1,0
S-008695,control,mobile,9,0
S-008696,treatment,mobile,5,0
S-008697,treatment,desktop,7,0
S-008698,treatment,mobile,9,0
S-008699,control,mobile,14,0
S-008700,control,desktop,5,1
S-008701,treatment,mobile,13,0
S-008702,treatment,mobile,12,0
S-008703,treatment,mobile,4,0
S-008704,control,mobile,14,0
S-008705,treatment,desktop,13,0
S-008706,control,desktop,5,1
S-008707,treatment,mobile,2,1
S-008708,treatment,mobile,2,0
S-008709,control,desktop,14,0
S-008710,treatment,mobile,8,0
S-008711,treatment,desktop,1,0
S-008712,control,mobile,2,0
S-008713,treatment,mobile,11,0
S-008714,control,desktop,1,0
S-008715,control,mobile,5,0
S-008716,control,desktop,3,0
S-008717,treatment,mobile,11,0
S-008718,treatment,desktop,2,0
S-008719,control,mobile,5,0
S-008720,treatment,mobile,7,0
S-008721,control,mobile,12,0
S-008722,treatment,mobile,3,0
S-008723,control,desktop,3,0
S-008724,treatment,desktop,8,0
S-008725,control,mobile,14,0
S-008726,treatment,desktop,3,1
S-008727,control,desktop,12,0
S-008728,control,mobile,8,0
S-008729,treatment,mobile,2,0
S-008730,treatment,mobile,5,0
S-008731,control,mobile,14,0
S-008732,treatment,mobile,11,0
S-008733,control,desktop,8,0
S-008734,treatment,mobile,11,0
S-008735,treatment,mobile,6,0
S-008736,control,desktop,7,0
S-008737,control,mobile,1,0
S-008738,control,desktop,4,0
S-008739,control,desktop,13,0
S-008740,treatment,mobile,2,0
S-008741,treatment,mobile,8,0
S-008742,control,mobile,7,0
S-008743,control,desktop,4,0
S-008744,treatment,mobile,12,0
S-008745,treatment,mobile,2,0
S-008746,treatment,mobile,4,0
S-008747,control,desktop,14,0
S-008748,treatment,mobile,2,0
S-008749,treatment,mobile,3,0
S-008750,control,desktop,1,0
S-008751,control,desktop,3,0
S-008752,control,mobile,13,0
S-008753,control,mobile,3,0
S-008754,treatment,mobile,4,0
S-008755,control,mobile,6,0
S-008756,control,mobile,9,0
S-008757,treatment,mobile,14,0
S-008758,treatment,mobile,10,0
S-008759,control,desktop,13,0
S-008760,control,desktop,12,0
S-008761,treatment,mobile,7,0
S-008762,treatment,mobile,10,0
S-008763,treatment,mobile,6,1
S-008764,control,desktop,1,0
S-008765,control,desktop,7,0
S-008766,treatment,desktop,10,0
S-008767,control,mobile,12,0
S-008768,treatment,mobile,4,0
S-008769,treatment,mobile,3,0
S-008770,control,desktop,11,0
S-008771,treatment,mobile,12,0
S-008772,control,desktop,1,0
S-008773,control,desktop,4,0
S-008774,treatment,mobile,5,0
S-008775,control,desktop,14,0
S-008776,treatment,mobile,7,0
S-008777,control,mobile,4,0
S-008778,treatment,mobile,7,1
S-008779,treatment,desktop,14,0
S-008780,control,desktop,1,0
S-008781,control,desktop,3,0
S-008782,control,desktop,10,0
S-008783,control,desktop,13,0
S-008784,treatment,mobile,12,0
S-008785,control,mobile,14,0
S-008786,treatment,desktop,3,0
S-008787,control,desktop,12,0
S-008788,control,mobile,6,0
S-008789,control,desktop,2,0
S-008790,treatment,desktop,2,0
S-008791,control,desktop,11,0
S-008792,control,desktop,13,0
S-008793,control,mobile,7,0
S-008794,control,desktop,2,0
S-008795,treatment,desktop,10,0
S-008796,control,mobile,13,0
S-008797,control,desktop,9,0
S-008798,control,desktop,8,0
S-008799,treatment,desktop,4,0
S-008800,control,desktop,7,0
S-008801,control,desktop,6,0
S-008802,treatment,mobile,11,0
S-008803,control,desktop,1,1
S-008804,control,desktop,10,0
S-008805,treatment,mobile,9,0
S-008806,control,mobile,3,0
S-008807,treatment,mobile,5,0
S-008808,control,mobile,4,0
S-008809,treatment,mobile,1,0
S-008810,treatment,mobile,8,0
S-008811,control,desktop,6,1
S-008812,control,desktop,9,0
S-008813,control,desktop,9,1
S-008814,control,mobile,12,0
S-008815,control,desktop,14,0
S-008816,treatment,mobile,2,0
S-008817,control,desktop,6,0
S-008818,treatment,mobile,13,0
S-008819,control,mobile,14,0
S-008820,treatment,mobile,2,0
S-008821,control,desktop,4,0
S-008822,treatment,mobile,7,0
S-008823,control,desktop,6,0
S-008824,control,mobile,7,0
S-008825,control,desktop,6,0
S-008826,treatment,mobile,2,0
S-008827,control,desktop,1,0
S-008828,control,desktop,9,0
S-008829,control,desktop,5,0
S-008830,treatment,mobile,11,0
S-008831,control,desktop,12,0
S-008832,treatment,mobile,5,0
S-008833,control,desktop,10,0
S-008834,control,desktop,13,0
S-008835,control,mobile,14,0
S-008836,treatment,mobile,14,0
S-008837,treatment,mobile,5,0
S-008838,treatment,mobile,13,0
S-008839,control,desktop,4,0
S-008840,treatment,mobile,13,0
S-008841,treatment,mobile,2,0
S-008842,control,mobile,4,1
S-008843,control,desktop,8,0
S-008844,treatment,mobile,10,0
S-008845,treatment,mobile,10,0
S-008846,control,desktop,12,0
S-008847,treatment,mobile,6,0
S-008848,treatment,mobile,10,0
S-008849,treatment,mobile,13,0
S-008850,control,desktop,10,0
S-008851,treatment,mobile,12,0
S-008852,treatment,mobile,12,0
S-008853,control,mobile,10,0
S-008854,control,desktop,13,0
S-008855,treatment,mobile,4,0
S-008856,treatment,mobile,4,0
S-008857,control,desktop,12,1
S-008858,control,mobile,8,0
S-008859,control,desktop,10,0
S-008860,control,desktop,4,1
S-008861,treatment,mobile,14,0
S-008862,treatment,mobile,4,0
S-008863,control,desktop,13,1
S-008864,control,desktop,5,0
S-008865,treatment,mobile,11,0
S-008866,treatment,mobile,13,1
S-008867,control,desktop,11,0
S-008868,treatment,mobile,10,0
S-008869,treatment,mobile,7,0
S-008870,control,desktop,12,0
S-008871,treatment,mobile,10,0
S-008872,treatment,desktop,11,0
S-008873,treatment,mobile,6,0
S-008874,control,desktop,11,0
S-008875,treatment,mobile,2,0
S-008876,treatment,desktop,12,0
S-008877,control,desktop,8,0
S-008878,control,desktop,12,1
S-008879,control,desktop,1,0
S-008880,treatment,mobile,11,0
S-008881,treatment,mobile,8,0
S-008882,control,mobile,9,1
S-008883,treatment,desktop,8,0
S-008884,treatment,mobile,5,0
S-008885,control,desktop,9,0
S-008886,treatment,mobile,9,0
S-008887,treatment,mobile,12,1
S-008888,control,desktop,1,0
S-008889,treatment,mobile,4,0
S-008890,control,desktop,14,0
S-008891,control,desktop,5,1
S-008892,treatment,mobile,10,0
S-008893,control,desktop,3,0
S-008894,treatment,mobile,8,0
S-008895,control,mobile,6,1
S-008896,treatment,mobile,12,0
S-008897,control,desktop,5,0
S-008898,control,mobile,3,0
S-008899,treatment,mobile,6,0
S-008900,control,desktop,13,0
S-008901,treatment,mobile,9,0
S-008902,treatment,mobile,14,0
S-008903,treatment,mobile,6,0
S-008904,control,desktop,12,1
S-008905,control,mobile,6,0
S-008906,control,desktop,10,1
S-008907,treatment,mobile,6,0
S-008908,treatment,mobile,14,0
S-008909,treatment,mobile,13,0
S-008910,treatment,mobile,14,0
S-008911,treatment,mobile,13,0
S-008912,control,desktop,14,0
S-008913,treatment,desktop,4,1
S-008914,control,desktop,11,0
S-008915,control,mobile,11,0
S-008916,control,desktop,5,0
S-008917,control,mobile,14,0
S-008918,treatment,mobile,2,0
S-008919,control,desktop,2,1
S-008920,control,desktop,8,0
S-008921,treatment,mobile,14,0
S-008922,treatment,mobile,10,1
S-008923,treatment,mobile,7,0
S-008924,treatment,mobile,13,0
S-008925,treatment,desktop,7,1
S-008926,control,mobile,10,0
S-008927,control,desktop,14,1
S-008928,treatment,mobile,10,0
S-008929,control,desktop,5,0
S-008930,treatment,mobile,4,0
S-008931,treatment,desktop,4,1
S-008932,control,desktop,3,0
S-008933,treatment,mobile,13,0
S-008934,control,desktop,13,0
S-008935,treatment,mobile,3,0
S-008936,control,desktop,14,0
S-008937,treatment,mobile,1,0
S-008938,control,desktop,2,0
S-008939,treatment,desktop,3,0
S-008940,treatment,desktop,4,1
S-008941,control,desktop,5,0
S-008942,treatment,desktop,10,0
S-008943,control,desktop,10,0
S-008944,treatment,mobile,4,0
S-008945,treatment,mobile,12,0
S-008946,control,desktop,14,0
S-008947,control,desktop,12,0
S-008948,treatment,desktop,3,0
S-008949,treatment,mobile,1,0
S-008950,control,desktop,11,0
S-008951,treatment,mobile,4,0
S-008952,control,desktop,2,0
S-008953,control,desktop,6,0
S-008954,treatment,mobile,14,0
S-008955,control,desktop,5,0
S-008956,treatment,desktop,4,0
S-008957,control,desktop,6,0
S-008958,control,desktop,1,0
S-008959,control,mobile,8,0
S-008960,treatment,mobile,11,0
S-008961,treatment,mobile,9,0
S-008962,treatment,desktop,6,0
S-008963,control,desktop,11,0
S-008964,treatment,mobile,10,0
S-008965,treatment,mobile,14,0
S-008966,treatment,desktop,13,0
S-008967,treatment,mobile,8,0
S-008968,control,desktop,14,1
S-008969,control,desktop,13,0
S-008970,control,desktop,1,0
S-008971,control,desktop,6,0
S-008972,control,desktop,12,0
S-008973,control,desktop,5,0
S-008974,treatment,mobile,10,0
S-008975,control,desktop,10,0
S-008976,treatment,mobile,9,0
S-008977,control,desktop,6,0
S-008978,treatment,mobile,6,0
S-008979,treatment,mobile,5,0
S-008980,control,desktop,2,0
S-008981,control,mobile,6,0
S-008982,control,desktop,12,0
S-008983,treatment,mobile,4,1
S-008984,treatment,desktop,5,0
S-008985,control,desktop,6,0
S-008986,control,desktop,6,0
S-008987,treatment,mobile,4,0
S-008988,control,desktop,12,1
S-008989,control,desktop,3,1
S-008990,treatment,desktop,6,0
S-008991,control,desktop,12,1
S-008992,control,desktop,1,1
S-008993,control,desktop,5,0
S-008994,control,desktop,13,0
S-008995,treatment,mobile,9,0
S-008996,control,desktop,14,0
S-008997,control,desktop,14,0
S-008998,treatment,mobile,12,0
S-008999,control,desktop,6,0
S-009000,control,desktop,4,0
S-009001,treatment,mobile,13,0
S-009002,treatment,desktop,10,0
S-009003,control,mobile,13,0
S-009004,treatment,mobile,9,0
S-009005,treatment,mobile,7,0
S-009006,treatment,mobile,9,0
S-009007,control,desktop,5,0
S-009008,control,desktop,8,0
S-009009,treatment,mobile,5,0
S-009010,control,desktop,2,1
S-009011,treatment,mobile,8,0
S-009012,treatment,mobile,1,0
S-009013,control,desktop,13,0
S-009014,control,desktop,12,0
S-009015,control,desktop,5,0
S-009016,control,desktop,5,0
S-009017,treatment,mobile,4,0
S-009018,treatment,mobile,1,0
S-009019,control,desktop,4,0
S-009020,control,desktop,12,0
S-009021,treatment,mobile,3,0
S-009022,control,desktop,8,0
S-009023,control,mobile,1,0
S-009024,treatment,mobile,7,0
S-009025,treatment,mobile,4,0
S-009026,treatment,mobile,9,0
S-009027,control,desktop,8,0
S-009028,control,desktop,9,0
S-009029,treatment,mobile,4,0
S-009030,treatment,mobile,3,0
S-009031,control,desktop,13,0
S-009032,control,desktop,7,0
S-009033,control,desktop,11,0
S-009034,control,desktop,6,1
S-009035,treatment,mobile,13,0
S-009036,control,desktop,8,0
S-009037,treatment,mobile,8,0
S-009038,control,desktop,8,0
S-009039,treatment,mobile,6,0
S-009040,treatment,mobile,4,0
S-009041,control,mobile,3,0
S-009042,control,desktop,11,0
S-009043,control,desktop,7,0
S-009044,control,desktop,14,0
S-009045,control,desktop,6,0
S-009046,treatment,mobile,3,0
S-009047,treatment,mobile,9,0
S-009048,control,mobile,2,0
S-009049,control,desktop,10,0
S-009050,control,desktop,11,1
S-009051,control,desktop,8,0
S-009052,control,desktop,9,0
S-009053,control,mobile,8,0
S-009054,control,desktop,11,0
S-009055,control,desktop,10,0
S-009056,control,mobile,12,0
S-009057,treatment,mobile,9,0
S-009058,treatment,mobile,11,0
S-009059,control,desktop,13,0
S-009060,treatment,mobile,4,0
S-009061,treatment,mobile,9,0
S-009062,control,mobile,1,0
S-009063,treatment,mobile,9,0
S-009064,treatment,mobile,13,0
S-009065,treatment,mobile,14,0
S-009066,control,desktop,14,1
S-009067,treatment,mobile,10,0
S-009068,treatment,mobile,12,0
S-009069,control,desktop,8,1
S-009070,treatment,desktop,7,1
S-009071,treatment,mobile,14,0
S-009072,control,desktop,11,0
S-009073,treatment,mobile,10,0
S-009074,control,desktop,13,0
S-009075,control,mobile,14,0
S-009076,treatment,mobile,12,0
S-009077,treatment,mobile,9,0
S-009078,treatment,mobile,8,0
S-009079,treatment,mobile,11,0
S-009080,treatment,mobile,2,0
S-009081,control,desktop,1,0
S-009082,treatment,mobile,14,0
S-009083,treatment,mobile,9,0
S-009084,treatment,mobile,9,0
S-009085,treatment,desktop,9,0
S-009086,control,mobile,9,0
S-009087,control,desktop,14,1
S-009088,control,desktop,3,0
S-009089,control,desktop,14,0
S-009090,treatment,desktop,10,0
S-009091,treatment,mobile,1,0
S-009092,treatment,desktop,6,0
S-009093,control,desktop,4,1
S-009094,treatment,mobile,3,0
S-009095,control,desktop,14,0
S-009096,treatment,mobile,9,0
S-009097,control,mobile,3,0
S-009098,treatment,mobile,10,0
S-009099,control,desktop,5,0
S-009100,control,desktop,9,0
S-009101,treatment,mobile,14,0
S-009102,control,mobile,9,0
S-009103,control,mobile,10,0
S-009104,treatment,mobile,1,0
S-009105,control,desktop,12,0
S-009106,treatment,mobile,9,0
S-009107,control,desktop,11,1
S-009108,treatment,mobile,12,0
S-009109,control,mobile,6,1
S-009110,control,desktop,11,0
S-009111,control,mobile,10,0
S-009112,control,desktop,14,0
S-009113,control,desktop,7,0
S-009114,treatment,mobile,7,0
S-009115,control,desktop,3,0
S-009116,treatment,mobile,11,0
S-009117,treatment,desktop,3,0
S-009118,control,desktop,10,0
S-009119,treatment,mobile,9,1
S-009120,treatment,mobile,4,0
S-009121,control,desktop,7,1
S-009122,control,desktop,10,0
S-009123,treatment,desktop,8,0
S-009124,treatment,mobile,3,0
S-009125,treatment,mobile,2,0
S-009126,treatment,mobile,12,0
S-009127,control,desktop,13,1
S-009128,treatment,desktop,3,0
S-009129,treatment,mobile,4,0
S-009130,control,desktop,9,0
S-009131,treatment,mobile,9,0
S-009132,treatment,mobile,3,0
S-009133,control,desktop,13,0
S-009134,treatment,mobile,12,0
S-009135,treatment,mobile,10,0
S-009136,control,mobile,5,0
S-009137,treatment,mobile,5,0
S-009138,treatment,mobile,6,0
S-009139,control,desktop,13,0
S-009140,control,desktop,5,0
S-009141,control,desktop,3,0
S-009142,treatment,mobile,8,0
S-009143,treatment,desktop,2,1
S-009144,treatment,mobile,10,1
S-009145,control,desktop,5,0
S-009146,control,mobile,6,0
S-009147,treatment,mobile,7,0
S-009148,treatment,mobile,9,0
S-009149,treatment,desktop,3,0
S-009150,control,mobile,13,0
S-009151,control,mobile,14,0
S-009152,control,desktop,10,0
S-009153,treatment,mobile,1,0
S-009154,treatment,mobile,1,0
S-009155,treatment,mobile,4,0
S-009156,control,mobile,9,0
S-009157,treatment,mobile,9,0
S-009158,treatment,desktop,5,0
S-009159,treatment,mobile,9,0
S-009160,treatment,mobile,6,0
S-009161,control,desktop,7,0
S-009162,control,desktop,12,0
S-009163,treatment,mobile,10,0
S-009164,control,desktop,11,0
S-009165,control,desktop,10,0
S-009166,control,desktop,10,0
S-009167,treatment,mobile,7,0
S-009168,control,mobile,6,0
S-009169,treatment,mobile,10,0
S-009170,control,mobile,1,0
S-009171,control,mobile,9,0
S-009172,treatment,mobile,4,1
S-009173,control,desktop,14,0
S-009174,treatment,mobile,10,1
S-009175,control,desktop,5,0
S-009176,control,mobile,11,0
S-009177,treatment,mobile,10,0
S-009178,control,desktop,10,0
S-009179,treatment,mobile,11,0
S-009180,control,desktop,4,0
S-009181,treatment,desktop,10,0
S-009182,treatment,mobile,8,0
S-009183,control,desktop,5,0
S-009184,control,desktop,9,0
S-009185,treatment,mobile,1,0
S-009186,treatment,desktop,3,1
S-009187,control,desktop,4,1
S-009188,control,desktop,6,0
S-009189,control,desktop,11,0
S-009190,treatment,mobile,11,0
S-009191,treatment,mobile,7,0
S-009192,treatment,mobile,1,0
S-009193,treatment,mobile,8,0
S-009194,control,desktop,12,1
S-009195,control,mobile,4,0
S-009196,control,desktop,13,0
S-009197,treatment,desktop,1,0
S-009198,treatment,mobile,11,0
S-009199,control,desktop,4,0
S-009200,treatment,mobile,6,0
S-009201,control,desktop,3,0
S-009202,control,desktop,3,0
S-009203,treatment,mobile,4,0
S-009204,treatment,mobile,4,0
S-009205,treatment,mobile,10,0
S-009206,control,desktop,4,0
S-009207,control,desktop,12,1
S-009208,control,desktop,3,0
S-009209,treatment,mobile,6,1
S-009210,control,desktop,12,0
S-009211,treatment,mobile,3,0
S-009212,control,desktop,11,0
S-009213,control,desktop,7,1
S-009214,control,desktop,4,0
S-009215,control,desktop,5,0
S-009216,treatment,mobile,9,0
S-009217,treatment,desktop,4,0
S-009218,treatment,mobile,10,0
S-009219,control,desktop,1,0
S-009220,control,desktop,10,0
S-009221,control,desktop,3,0
S-009222,treatment,desktop,3,0
S-009223,control,desktop,1,0
S-009224,treatment,mobile,1,0
S-009225,control,desktop,7,0
S-009226,treatment,mobile,13,0
S-009227,control,desktop,13,0
S-009228,treatment,mobile,9,0
S-009229,control,desktop,7,0
S-009230,control,desktop,9,0
S-009231,control,desktop,4,0
S-009232,treatment,mobile,6,0
S-009233,control,desktop,13,0
S-009234,control,mobile,3,0
S-009235,treatment,mobile,9,0
S-009236,control,desktop,9,0
S-009237,treatment,mobile,12,0
S-009238,control,desktop,13,0
S-009239,control,desktop,9,0
S-009240,control,desktop,2,0
S-009241,control,desktop,14,0
S-009242,treatment,desktop,7,0
S-009243,treatment,mobile,3,0
S-009244,treatment,mobile,6,0
S-009245,treatment,mobile,9,0
S-009246,treatment,desktop,10,1
S-009247,treatment,desktop,13,1
S-009248,control,mobile,14,0
S-009249,treatment,mobile,9,1
S-009250,control,mobile,5,0
S-009251,control,desktop,9,0
S-009252,treatment,mobile,12,0
S-009253,treatment,mobile,7,0
S-009254,control,mobile,5,0
S-009255,treatment,mobile,14,0
S-009256,treatment,mobile,6,0
S-009257,treatment,mobile,5,0
S-009258,control,desktop,9,0
S-009259,treatment,mobile,6,0
S-009260,control,desktop,11,0
S-009261,treatment,mobile,3,1
S-009262,control,desktop,7,0
S-009263,treatment,mobile,5,0
S-009264,treatment,mobile,6,0
S-009265,treatment,mobile,9,0
S-009266,control,desktop,12,0
S-009267,control,mobile,3,0
S-009268,treatment,mobile,10,0
S-009269,control,desktop,5,0
S-009270,control,desktop,9,0
S-009271,control,desktop,9,0
S-009272,control,mobile,9,0
S-009273,control,desktop,6,0
S-009274,treatment,desktop,1,0
S-009275,control,mobile,14,0
S-009276,control,mobile,2,0
S-009277,control,mobile,14,0
S-009278,control,desktop,1,0
S-009279,control,desktop,2,0
S-009280,control,desktop,8,0
S-009281,treatment,mobile,4,0
S-009282,control,desktop,14,0
S-009283,treatment,desktop,5,0
S-009284,control,desktop,1,0
S-009285,treatment,mobile,1,0
S-009286,treatment,mobile,12,0
S-009287,control,desktop,11,0
S-009288,control,desktop,5,0
S-009289,treatment,mobile,5,0
S-009290,control,mobile,4,0
S-009291,control,mobile,9,0
S-009292,treatment,mobile,3,0
S-009293,treatment,mobile,2,0
S-009294,treatment,mobile,12,0
S-009295,control,mobile,12,0
S-009296,treatment,mobile,2,0
S-009297,treatment,mobile,11,0
S-009298,control,desktop,7,0
S-009299,control,desktop,4,1
S-009300,treatment,mobile,13,0
S-009301,treatment,mobile,2,0
S-009302,control,mobile,13,0
S-009303,control,mobile,10,0
S-009304,control,desktop,3,0
S-009305,treatment,mobile,3,0
S-009306,control,desktop,1,0
S-009307,control,mobile,1,0
S-009308,treatment,mobile,3,0
S-009309,treatment,mobile,9,0
S-009310,control,desktop,5,1
S-009311,control,desktop,1,0
S-009312,control,mobile,4,0
S-009313,control,desktop,6,0
S-009314,treatment,mobile,6,0
S-009315,treatment,mobile,2,0
S-009316,control,desktop,12,0
S-009317,control,desktop,3,0
S-009318,treatment,mobile,11,0
S-009319,treatment,mobile,4,0
S-009320,treatment,mobile,4,0
S-009321,treatment,mobile,10,0
S-009322,treatment,mobile,6,0
S-009323,control,desktop,9,1
S-009324,treatment,mobile,2,1
S-009325,control,desktop,13,0
S-009326,treatment,mobile,9,0
S-009327,control,mobile,3,0
S-009328,control,desktop,5,0
S-009329,treatment,mobile,8,0
S-009330,control,mobile,5,0
S-009331,treatment,mobile,3,0
S-009332,control,desktop,11,0
S-009333,control,desktop,14,0
S-009334,control,desktop,6,0
S-009335,control,desktop,10,0
S-009336,control,desktop,8,1
S-009337,treatment,mobile,14,0
S-009338,treatment,mobile,10,0
S-009339,treatment,desktop,10,0
S-009340,treatment,mobile,1,0
S-009341,control,desktop,9,1
S-009342,control,desktop,3,0
S-009343,control,mobile,5,0
S-009344,control,desktop,1,0
S-009345,control,mobile,13,1
S-009346,treatment,mobile,1,0
S-009347,treatment,desktop,1,0
S-009348,treatment,mobile,11,0
S-009349,control,mobile,5,0
S-009350,treatment,mobile,12,0
S-009351,control,desktop,4,1
S-009352,control,desktop,3,0
S-009353,treatment,mobile,5,0
S-009354,treatment,mobile,13,0
S-009355,control,mobile,9,0
S-009356,treatment,desktop,7,0
S-009357,treatment,mobile,6,0
S-009358,treatment,mobile,1,0
S-009359,control,desktop,3,1
S-009360,control,desktop,1,0
S-009361,treatment,mobile,12,1
S-009362,treatment,mobile,8,1
S-009363,treatment,desktop,4,0
S-009364,treatment,mobile,3,0
S-009365,control,desktop,13,0
S-009366,control,mobile,6,0
S-009367,control,desktop,3,0
S-009368,treatment,mobile,11,0
S-009369,control,desktop,5,0
S-009370,control,desktop,14,1
S-009371,treatment,mobile,8,0
S-009372,treatment,mobile,12,0
S-009373,control,desktop,6,0
S-009374,control,desktop,11,0
S-009375,control,desktop,4,0
S-009376,control,desktop,2,0
S-009377,treatment,desktop,8,0
S-009378,control,desktop,14,0
S-009379,treatment,mobile,11,0
S-009380,treatment,mobile,5,0
S-009381,treatment,mobile,1,0
S-009382,treatment,desktop,2,0
S-009383,control,desktop,2,0
S-009384,control,desktop,14,1
S-009385,treatment,mobile,4,0
S-009386,control,desktop,7,1
S-009387,control,desktop,4,0
S-009388,control,desktop,14,0
S-009389,treatment,mobile,12,0
S-009390,treatment,mobile,8,0
S-009391,treatment,mobile,10,0
S-009392,control,desktop,8,0
S-009393,treatment,mobile,14,0
S-009394,treatment,mobile,6,0
S-009395,control,mobile,6,0
S-009396,treatment,desktop,11,0
S-009397,treatment,mobile,5,0
S-009398,control,desktop,2,1
S-009399,treatment,mobile,3,0
S-009400,treatment,mobile,3,0
S-009401,treatment,mobile,1,0
S-009402,treatment,desktop,8,0
S-009403,treatment,mobile,14,0
S-009404,control,desktop,3,0
S-009405,control,desktop,14,0
S-009406,control,desktop,1,0
S-009407,treatment,mobile,12,0
S-009408,treatment,mobile,4,0
S-009409,treatment,mobile,8,0
S-009410,control,mobile,2,0
S-009411,treatment,desktop,2,0
S-009412,treatment,desktop,12,0
S-009413,treatment,mobile,6,0
S-009414,treatment,mobile,13,0
S-009415,treatment,mobile,9,0
S-009416,treatment,mobile,6,0
S-009417,treatment,mobile,14,0
S-009418,treatment,mobile,11,0
S-009419,treatment,mobile,8,0
S-009420,treatment,mobile,4,0
S-009421,treatment,mobile,12,0
S-009422,control,desktop,10,0
S-009423,control,desktop,10,1
S-009424,control,mobile,14,0
S-009425,treatment,mobile,12,0
S-009426,treatment,mobile,11,0
S-009427,control,mobile,6,0
S-009428,control,mobile,1,0
S-009429,control,mobile,8,0
S-009430,control,desktop,7,0
S-009431,control,mobile,9,0
S-009432,treatment,mobile,10,0
S-009433,treatment,mobile,2,0
S-009434,control,desktop,1,0
S-009435,treatment,mobile,6,0
S-009436,treatment,mobile,3,0
S-009437,treatment,mobile,3,0
S-009438,treatment,mobile,6,0
S-009439,treatment,mobile,6,0
S-009440,treatment,mobile,13,0
S-009441,control,desktop,5,1
S-009442,treatment,mobile,7,0
S-009443,treatment,mobile,2,0
S-009444,treatment,mobile,11,0
S-009445,control,desktop,3,0
S-009446,treatment,mobile,2,0
S-009447,control,desktop,1,0
S-009448,control,desktop,6,0
S-009449,control,desktop,6,0
S-009450,control,desktop,6,0
S-009451,control,desktop,14,0
S-009452,control,desktop,2,0
S-009453,treatment,mobile,12,0
S-009454,control,desktop,5,0
S-009455,treatment,mobile,3,0
S-009456,control,desktop,8,0
S-009457,control,desktop,14,1
S-009458,control,desktop,14,0
S-009459,treatment,desktop,8,1
S-009460,treatment,mobile,3,1
S-009461,control,desktop,8,0
S-009462,treatment,mobile,11,0
S-009463,treatment,desktop,12,0
S-009464,treatment,mobile,2,0
S-009465,treatment,mobile,3,0
S-009466,control,desktop,2,0
S-009467,control,mobile,8,1
S-009468,treatment,mobile,11,0
S-009469,treatment,mobile,12,0
S-009470,control,desktop,8,0
S-009471,control,desktop,12,0
S-009472,control,mobile,1,0
S-009473,treatment,mobile,7,0
S-009474,control,desktop,13,0
S-009475,control,mobile,6,0
S-009476,treatment,mobile,6,0
S-009477,treatment,mobile,2,0
S-009478,treatment,mobile,4,0
S-009479,treatment,mobile,2,0
S-009480,treatment,mobile,6,0
S-009481,control,mobile,1,0
S-009482,control,desktop,12,1
S-009483,control,desktop,12,0
S-009484,control,desktop,6,0
S-009485,control,desktop,13,0
S-009486,control,mobile,10,0
S-009487,control,desktop,14,0
S-009488,treatment,mobile,2,0
S-009489,control,desktop,1,0
S-009490,control,desktop,3,0
S-009491,control,desktop,11,1
S-009492,treatment,mobile,8,0
S-009493,treatment,mobile,8,0
S-009494,control,desktop,3,0
S-009495,treatment,mobile,12,0
S-009496,control,desktop,14,0
S-009497,treatment,desktop,5,0
S-009498,control,mobile,9,0
S-009499,treatment,desktop,6,0
S-009500,control,desktop,6,1
S-009501,treatment,desktop,10,0
S-009502,control,desktop,11,0
S-009503,treatment,mobile,6,0
S-009504,treatment,mobile,10,0
S-009505,treatment,mobile,3,0
S-009506,treatment,mobile,11,0
S-009507,control,mobile,5,0
S-009508,control,mobile,1,0
S-009509,treatment,mobile,5,0
S-009510,treatment,mobile,5,1
S-009511,control,desktop,3,0
S-009512,treatment,mobile,13,0
S-009513,treatment,mobile,14,0
S-009514,control,desktop,9,0
S-009515,control,desktop,8,1
S-009516,treatment,mobile,14,0
S-009517,control,desktop,12,0
S-009518,treatment,mobile,11,0
S-009519,control,desktop,5,1
S-009520,control,mobile,12,0
S-009521,treatment,mobile,2,0
S-009522,control,desktop,13,1
S-009523,control,desktop,1,0
S-009524,treatment,mobile,2,0
S-009525,treatment,mobile,11,0
S-009526,treatment,mobile,14,1
S-009527,treatment,mobile,9,0
S-009528,control,desktop,13,1
S-009529,control,desktop,11,0
S-009530,control,desktop,9,0
S-009531,treatment,desktop,10,1
S-009532,treatment,mobile,14,0
S-009533,control,mobile,3,0
S-009534,control,desktop,2,0
S-009535,treatment,desktop,14,1
S-009536,treatment,desktop,5,0
S-009537,treatment,mobile,1,0
S-009538,treatment,mobile,9,0
S-009539,treatment,mobile,7,0
S-009540,control,desktop,3,0
S-009541,control,mobile,8,1
S-009542,treatment,mobile,14,0
S-009543,treatment,mobile,9,0
S-009544,treatment,mobile,10,0
S-009545,control,mobile,6,0
S-009546,control,mobile,10,0
S-009547,treatment,mobile,14,0
S-009548,treatment,mobile,6,0
S-009549,control,desktop,13,0
S-009550,control,mobile,10,0
S-009551,control,desktop,2,0
S-009552,treatment,mobile,7,0
S-009553,treatment,mobile,10,0
S-009554,control,desktop,9,0
S-009555,treatment,desktop,2,0
S-009556,control,desktop,8,0
S-009557,control,desktop,13,0
S-009558,control,desktop,10,0
S-009559,control,desktop,5,0
S-009560,treatment,mobile,12,0
S-009561,treatment,desktop,5,0
S-009562,treatment,mobile,8,1
S-009563,treatment,mobile,13,0
S-009564,treatment,mobile,14,0
S-009565,control,desktop,13,0
S-009566,treatment,mobile,7,0
S-009567,treatment,desktop,4,0
S-009568,control,desktop,9,1
S-009569,control,desktop,11,0
S-009570,treatment,mobile,7,0
S-009571,treatment,mobile,3,0
S-009572,control,desktop,13,0
S-009573,control,desktop,12,0
S-009574,treatment,mobile,3,0
S-009575,control,mobile,1,0
S-009576,treatment,mobile,2,0
S-009577,control,desktop,8,0
S-009578,treatment,mobile,1,0
S-009579,treatment,mobile,2,0
S-009580,treatment,mobile,9,0
S-009581,control,mobile,5,1
S-009582,treatment,mobile,1,0
S-009583,treatment,mobile,12,0
S-009584,control,desktop,10,1
S-009585,control,desktop,11,0
S-009586,treatment,mobile,5,0
S-009587,treatment,mobile,9,0
S-009588,control,desktop,12,0
S-009589,treatment,mobile,9,0
S-009590,control,mobile,11,0
S-009591,treatment,mobile,10,0
S-009592,treatment,mobile,1,0
S-009593,treatment,mobile,6,0
S-009594,treatment,mobile,4,0
S-009595,treatment,desktop,10,1
S-009596,treatment,mobile,8,1
S-009597,control,desktop,12,0
S-009598,control,desktop,10,0
S-009599,treatment,mobile,2,1
S-009600,control,desktop,3,0
S-009601,control,mobile,12,1
S-009602,control,mobile,10,0
S-009603,treatment,mobile,11,0
S-009604,treatment,mobile,3,0
S-009605,control,desktop,1,0
S-009606,treatment,mobile,14,0
S-009607,control,desktop,11,0
S-009608,control,desktop,13,0
S-009609,control,desktop,11,0
S-009610,treatment,mobile,13,1
S-009611,treatment,mobile,13,0
S-009612,treatment,mobile,2,0
S-009613,treatment,mobile,1,0
S-009614,treatment,mobile,3,0
S-009615,control,desktop,7,0
S-009616,treatment,desktop,12,0
S-009617,control,desktop,10,0
S-009618,treatment,mobile,9,0
S-009619,treatment,mobile,11,0
S-009620,treatment,mobile,3,0
S-009621,treatment,desktop,6,0
S-009622,control,mobile,12,0
S-009623,treatment,mobile,12,0
S-009624,control,desktop,4,0
S-009625,control,mobile,10,0
S-009626,control,mobile,10,0
S-009627,treatment,mobile,8,0
S-009628,control,mobile,12,0
S-009629,control,mobile,1,0
S-009630,control,desktop,10,0
S-009631,control,mobile,3,0
S-009632,treatment,desktop,9,0
S-009633,treatment,mobile,7,0
S-009634,treatment,mobile,11,0
S-009635,control,desktop,13,0
S-009636,treatment,desktop,11,0
S-009637,treatment,desktop,12,0
S-009638,control,mobile,10,0
S-009639,treatment,mobile,9,0
S-009640,control,desktop,5,0
S-009641,treatment,desktop,2,0
S-009642,control,desktop,13,0
S-009643,control,desktop,9,1
S-009644,treatment,mobile,8,0
S-009645,treatment,mobile,13,0
S-009646,treatment,mobile,8,0
S-009647,control,desktop,8,0
S-009648,control,desktop,11,1
S-009649,control,desktop,9,0
S-009650,treatment,mobile,3,0
S-009651,control,desktop,12,0
S-009652,control,desktop,2,0
S-009653,treatment,mobile,2,0
S-009654,control,mobile,6,0
S-009655,treatment,mobile,4,0
S-009656,control,desktop,8,0
S-009657,treatment,mobile,5,0
S-009658,treatment,mobile,14,0
S-009659,treatment,mobile,5,0
S-009660,treatment,mobile,3,0
S-009661,control,desktop,4,1
S-009662,control,mobile,13,0
S-009663,control,desktop,13,0
S-009664,control,desktop,2,0
S-009665,treatment,mobile,3,0
S-009666,control,desktop,3,0
S-009667,treatment,mobile,11,0
S-009668,treatment,mobile,12,0
S-009669,control,desktop,11,0
S-009670,treatment,mobile,11,0
S-009671,treatment,mobile,13,0
S-009672,control,desktop,6,0
S-009673,treatment,mobile,14,0
S-009674,control,desktop,14,0
S-009675,control,desktop,11,0
S-009676,control,mobile,7,0
S-009677,treatment,mobile,8,0
S-009678,treatment,mobile,2,0
S-009679,control,desktop,11,0
S-009680,control,desktop,13,0
S-009681,treatment,mobile,2,0
S-009682,control,mobile,1,0
S-009683,control,mobile,3,0
S-009684,treatment,mobile,3,0
S-009685,treatment,mobile,1,0
S-009686,treatment,mobile,2,0
S-009687,control,desktop,9,1
S-009688,control,desktop,11,1
S-009689,control,mobile,9,0
S-009690,control,desktop,10,0
S-009691,control,mobile,2,0
S-009692,treatment,mobile,8,0
S-009693,control,desktop,7,0
S-009694,control,mobile,7,0
S-009695,treatment,mobile,4,0
S-009696,control,desktop,7,0
S-009697,control,desktop,11,0
S-009698,treatment,mobile,10,0
S-009699,control,desktop,13,0
S-009700,treatment,mobile,8,0
S-009701,control,desktop,13,0
S-009702,treatment,desktop,12,0
S-009703,control,desktop,12,0
S-009704,control,mobile,11,0
S-009705,treatment,desktop,3,0
S-009706,treatment,mobile,10,0
S-009707,treatment,mobile,12,0
S-009708,treatment,mobile,13,0
S-009709,treatment,mobile,11,0
S-009710,control,desktop,5,0
S-009711,treatment,mobile,11,0
S-009712,treatment,mobile,6,0
S-009713,treatment,mobile,5,0
S-009714,control,desktop,5,0
S-009715,treatment,mobile,8,0
S-009716,treatment,mobile,5,0
S-009717,treatment,mobile,6,0
S-009718,treatment,mobile,11,0
S-009719,control,desktop,1,0
S-009720,control,desktop,5,0
S-009721,treatment,mobile,11,0
S-009722,control,desktop,11,0
S-009723,control,desktop,3,1
S-009724,treatment,desktop,13,0
S-009725,treatment,mobile,6,0
S-009726,treatment,mobile,9,0
S-009727,treatment,mobile,6,0
S-009728,control,desktop,9,0
S-009729,treatment,mobile,12,0
S-009730,control,mobile,3,0
S-009731,control,desktop,8,0
S-009732,control,desktop,11,0
S-009733,treatment,mobile,13,0
S-009734,control,mobile,14,0
S-009735,treatment,mobile,12,0
S-009736,treatment,mobile,6,1
S-009737,control,mobile,4,0
S-009738,control,mobile,4,0
S-009739,treatment,mobile,4,0
S-009740,control,desktop,12,0
S-009741,treatment,mobile,14,0
S-009742,control,desktop,3,0
S-009743,control,desktop,7,0
S-009744,control,desktop,12,0
S-009745,control,desktop,6,0
S-009746,control,desktop,3,0
S-009747,control,desktop,4,1
S-009748,control,mobile,2,0
S-009749,treatment,mobile,8,0
S-009750,treatment,mobile,3,0
S-009751,control,desktop,7,1
S-009752,treatment,mobile,3,0
S-009753,treatment,mobile,12,0
S-009754,treatment,mobile,9,0
S-009755,treatment,mobile,9,0
S-009756,control,desktop,10,0
S-009757,treatment,desktop,13,0
S-009758,control,mobile,1,0
S-009759,treatment,mobile,14,0
S-009760,control,mobile,2,0
S-009761,control,desktop,3,0
S-009762,treatment,mobile,5,0
S-009763,control,desktop,4,0
S-009764,treatment,mobile,12,0
S-009765,control,desktop,1,0
S-009766,control,mobile,8,0
S-009767,control,desktop,8,0
S-009768,treatment,mobile,1,0
S-009769,control,mobile,2,0
S-009770,treatment,mobile,10,0
S-009771,control,desktop,3,0
S-009772,control,mobile,6,0
S-009773,treatment,mobile,3,0
S-009774,treatment,mobile,14,0
S-009775,treatment,mobile,4,0
S-009776,treatment,desktop,2,0
S-009777,treatment,mobile,11,0
S-009778,treatment,mobile,4,0
S-009779,control,desktop,8,1
S-009780,control,mobile,13,0
S-009781,control,desktop,10,0
S-009782,treatment,mobile,9,0
S-009783,treatment,mobile,6,0
S-009784,treatment,mobile,13,0
S-009785,treatment,mobile,4,0
S-009786,treatment,mobile,12,0
S-009787,treatment,mobile,11,0
S-009788,control,desktop,2,0
S-009789,control,desktop,10,0
S-009790,treatment,mobile,9,0
S-009791,control,desktop,3,0
S-009792,treatment,mobile,1,0
S-009793,treatment,mobile,8,0
S-009794,control,desktop,14,0
S-009795,control,desktop,13,0
S-009796,treatment,desktop,4,0
S-009797,control,desktop,7,0
S-009798,control,desktop,3,0
S-009799,treatment,mobile,14,0
S-009800,treatment,mobile,3,1
S-009801,treatment,mobile,7,0
S-009802,treatment,mobile,1,0
S-009803,treatment,mobile,6,0
S-009804,control,desktop,11,0
S-009805,control,desktop,4,0
S-009806,control,mobile,10,0
S-009807,treatment,mobile,3,0
S-009808,control,desktop,3,0
S-009809,treatment,mobile,14,0
S-009810,control,desktop,12,0
S-009811,treatment,mobile,5,0
S-009812,control,desktop,4,0
S-009813,treatment,mobile,13,0
S-009814,treatment,mobile,5,0
S-009815,treatment,mobile,7,0
S-009816,control,mobile,2,0
S-009817,control,desktop,6,0
S-009818,control,desktop,2,0
S-009819,control,mobile,3,0
S-009820,control,mobile,12,0
S-009821,treatment,mobile,10,0
S-009822,treatment,mobile,8,0
S-009823,treatment,mobile,5,0
S-009824,control,desktop,6,0
S-009825,control,mobile,11,0
S-009826,control,desktop,2,0
S-009827,treatment,desktop,8,0
S-009828,treatment,mobile,11,0
S-009829,control,mobile,3,0
S-009830,treatment,desktop,6,0
S-009831,treatment,mobile,9,0
S-009832,control,mobile,13,0
S-009833,treatment,mobile,12,0
S-009834,control,mobile,9,0
S-009835,treatment,desktop,12,0
S-009836,control,desktop,4,0
S-009837,treatment,mobile,13,0
S-009838,control,desktop,8,0
S-009839,control,desktop,12,0
S-009840,control,mobile,5,0
S-009841,control,desktop,2,0
S-009842,treatment,mobile,3,0
S-009843,treatment,mobile,2,0
S-009844,treatment,mobile,12,0
S-009845,control,desktop,14,1
S-009846,treatment,desktop,4,0
S-009847,control,desktop,1,0
S-009848,control,mobile,6,0
S-009849,treatment,mobile,9,0
S-009850,treatment,mobile,7,0
S-009851,control,mobile,8,0
S-009852,treatment,mobile,10,0
S-009853,control,desktop,14,0
S-009854,treatment,mobile,11,0
S-009855,treatment,mobile,7,0
S-009856,treatment,mobile,9,0
S-009857,control,mobile,3,0
S-009858,control,desktop,10,0
S-009859,control,mobile,8,0
S-009860,control,desktop,10,0
S-009861,control,desktop,7,0
S-009862,control,desktop,5,0
S-009863,treatment,mobile,7,0
S-009864,control,desktop,2,1
S-009865,treatment,mobile,9,0
S-009866,control,desktop,8,0
S-009867,treatment,mobile,4,0
S-009868,control,desktop,11,0
S-009869,treatment,mobile,7,0
S-009870,treatment,mobile,6,0
S-009871,control,mobile,13,0
S-009872,control,desktop,12,1
S-009873,treatment,desktop,2,1
S-009874,control,desktop,14,0
S-009875,control,desktop,10,1
S-009876,control,desktop,9,0
S-009877,control,desktop,3,1
S-009878,control,mobile,7,0
S-009879,treatment,mobile,1,0
S-009880,treatment,mobile,11,0
S-009881,treatment,mobile,10,0
S-009882,control,desktop,2,0
S-009883,control,desktop,5,0
S-009884,treatment,mobile,14,0
S-009885,treatment,mobile,7,0
S-009886,treatment,mobile,10,0
S-009887,treatment,mobile,9,0
S-009888,control,mobile,2,0
S-009889,control,desktop,2,0
S-009890,treatment,mobile,9,0
S-009891,treatment,desktop,10,0
S-009892,control,mobile,2,1
S-009893,control,desktop,6,0
S-009894,treatment,mobile,11,0
S-009895,control,mobile,5,1
S-009896,treatment,mobile,4,0
S-009897,control,desktop,2,0
S-009898,control,desktop,10,0
S-009899,treatment,mobile,14,0
S-009900,treatment,mobile,13,0
S-009901,control,mobile,2,0
S-009902,treatment,mobile,8,0
S-009903,control,desktop,8,0
S-009904,control,desktop,13,0
S-009905,control,desktop,14,0
S-009906,treatment,mobile,12,0
S-009907,treatment,mobile,14,0
S-009908,treatment,mobile,8,0
S-009909,treatment,mobile,12,0
S-009910,treatment,mobile,5,0
S-009911,control,desktop,11,0
S-009912,control,desktop,10,1
S-009913,control,mobile,13,0
S-009914,control,desktop,4,0
S-009915,control,desktop,7,0
S-009916,treatment,mobile,11,0
S-009917,control,mobile,11,0
S-009918,control,desktop,9,0
S-009919,treatment,mobile,8,0
S-009920,treatment,desktop,7,0
S-009921,treatment,mobile,1,0
S-009922,treatment,mobile,14,0
S-009923,treatment,mobile,8,0
S-009924,control,desktop,11,0
S-009925,treatment,desktop,13,0
S-009926,treatment,mobile,10,0
S-009927,control,mobile,13,0
S-009928,control,mobile,3,0
S-009929,treatment,mobile,12,0
S-009930,control,desktop,9,0
S-009931,control,mobile,13,0
S-009932,control,mobile,7,0
S-009933,control,desktop,13,0
S-009934,control,mobile,14,0
S-009935,treatment,desktop,6,0
S-009936,treatment,mobile,10,1
S-009937,treatment,mobile,4,0
S-009938,control,desktop,2,0
S-009939,treatment,mobile,9,0
S-009940,treatment,mobile,1,0
S-009941,treatment,mobile,10,0
S-009942,control,mobile,9,0
S-009943,treatment,mobile,10,0
S-009944,treatment,mobile,13,0
S-009945,control,mobile,6,0
S-009946,treatment,mobile,13,0
S-009947,control,desktop,2,1
S-009948,control,desktop,9,0
S-009949,control,mobile,10,0
S-009950,treatment,mobile,8,0
S-009951,control,desktop,12,1
S-009952,control,desktop,6,1
S-009953,treatment,mobile,12,0
S-009954,treatment,mobile,8,0
S-009955,treatment,mobile,13,0
S-009956,treatment,mobile,5,0
S-009957,treatment,mobile,1,0
S-009958,control,mobile,2,0
S-009959,control,desktop,6,0
S-009960,control,desktop,11,0
S-009961,treatment,mobile,6,0
S-009962,treatment,mobile,8,0
S-009963,treatment,mobile,3,0
S-009964,treatment,mobile,3,1
S-009965,control,desktop,1,0
S-009966,control,desktop,11,0
S-009967,control,desktop,12,0
S-009968,control,mobile,9,0
S-009969,control,desktop,12,0
S-009970,treatment,desktop,12,0
S-009971,control,mobile,9,0
S-009972,treatment,mobile,5,0
S-009973,treatment,mobile,1,0
S-009974,treatment,mobile,13,1
S-009975,treatment,mobile,5,0
S-009976,control,desktop,14,0
S-009977,treatment,mobile,13,0
S-009978,treatment,desktop,11,0
S-009979,control,desktop,4,0
S-009980,control,mobile,7,0
S-009981,treatment,mobile,2,0
S-009982,control,mobile,12,0
S-009983,control,desktop,2,0
S-009984,treatment,mobile,6,0
S-009985,treatment,mobile,3,0
S-009986,treatment,desktop,14,0
S-009987,treatment,mobile,9,0
S-009988,control,desktop,3,0
S-009989,control,desktop,2,0
S-009990,control,desktop,14,0
S-009991,treatment,mobile,8,0
S-009992,treatment,desktop,3,0
S-009993,treatment,mobile,11,1
S-009994,control,desktop,6,0
S-009995,treatment,mobile,11,0
S-009996,control,desktop,14,0
S-009997,treatment,mobile,2,0
S-009998,control,mobile,13,0
S-009999,treatment,mobile,10,0
S-010000,treatment,mobile,9,0
S-010001,treatment,desktop,11,1
S-010002,control,desktop,7,0
S-010003,treatment,mobile,7,0
S-010004,control,desktop,13,0
S-010005,control,desktop,14,0
S-010006,control,mobile,14,0
S-010007,control,desktop,6,0
S-010008,treatment,mobile,3,0
S-010009,control,mobile,5,0
S-010010,control,desktop,5,0
S-010011,treatment,mobile,7,0
S-010012,treatment,mobile,8,0
S-010013,treatment,mobile,8,0
S-010014,control,desktop,3,0
S-010015,treatment,mobile,1,0
S-010016,treatment,mobile,13,0
S-010017,treatment,mobile,11,0
S-010018,treatment,mobile,3,0
S-010019,treatment,mobile,4,0
S-010020,control,desktop,1,0
S-010021,control,desktop,1,1
S-010022,treatment,mobile,1,0
S-010023,treatment,desktop,13,0
S-010024,control,desktop,2,0
S-010025,control,desktop,5,1
S-010026,treatment,mobile,12,0
S-010027,control,mobile,11,0
S-010028,treatment,desktop,13,1
S-010029,treatment,desktop,2,0
S-010030,treatment,mobile,14,0
S-010031,control,desktop,14,0
S-010032,control,desktop,8,0
S-010033,control,mobile,5,0
S-010034,treatment,mobile,5,0
S-010035,control,desktop,3,0
S-010036,treatment,mobile,11,0
S-010037,control,desktop,3,1
S-010038,control,desktop,4,0
S-010039,treatment,mobile,11,0
S-010040,control,desktop,3,0
S-010041,treatment,mobile,9,0
S-010042,control,mobile,8,0
S-010043,treatment,mobile,11,0
S-010044,treatment,mobile,1,0
S-010045,treatment,mobile,4,1
S-010046,control,desktop,8,0
S-010047,control,desktop,7,0
S-010048,control,desktop,1,1
S-010049,control,desktop,4,0
S-010050,control,desktop,4,0
S-010051,treatment,mobile,8,0
S-010052,treatment,mobile,14,0
S-010053,treatment,desktop,1,0
S-010054,control,mobile,2,0
S-010055,treatment,mobile,13,0
S-010056,control,desktop,4,0
S-010057,treatment,mobile,11,0
S-010058,control,desktop,7,1
S-010059,treatment,mobile,9,0
S-010060,treatment,mobile,2,0
S-010061,control,desktop,14,0
S-010062,control,mobile,3,0
S-010063,control,desktop,8,0
S-010064,control,desktop,12,0
S-010065,treatment,mobile,6,0
S-010066,treatment,mobile,12,0
S-010067,control,desktop,11,0
S-010068,control,desktop,10,0
S-010069,control,mobile,8,0
S-010070,treatment,mobile,12,1
S-010071,control,desktop,4,0
S-010072,control,desktop,6,0
S-010073,treatment,mobile,13,0
S-010074,treatment,mobile,9,0
S-010075,control,desktop,12,0
S-010076,treatment,mobile,5,0
S-010077,treatment,desktop,7,0
S-010078,control,desktop,2,0
S-010079,control,desktop,10,0
S-010080,control,desktop,14,0
S-010081,control,mobile,9,0
S-010082,control,desktop,14,0
S-010083,control,desktop,11,0
S-010084,control,mobile,13,0
S-010085,control,desktop,9,0
S-010086,control,desktop,5,0
S-010087,treatment,mobile,12,0
S-010088,treatment,mobile,7,0
S-010089,control,desktop,3,1
S-010090,control,mobile,1,0
S-010091,control,desktop,8,0
S-010092,treatment,mobile,8,0
S-010093,treatment,mobile,12,0
S-010094,control,desktop,6,0
S-010095,treatment,mobile,13,0
S-010096,control,desktop,2,0
S-010097,control,mobile,3,0
S-010098,control,mobile,7,0
S-010099,treatment,mobile,3,0
S-010100,treatment,mobile,2,0
S-010101,control,desktop,10,0
S-010102,control,desktop,2,1
S-010103,treatment,mobile,9,0
S-010104,treatment,mobile,12,1
S-010105,control,desktop,3,0
S-010106,control,desktop,3,0
S-010107,treatment,mobile,7,0
S-010108,treatment,mobile,3,0
S-010109,control,desktop,14,0
S-010110,control,desktop,3,0
S-010111,treatment,mobile,2,0
S-010112,treatment,mobile,11,0
S-010113,control,desktop,8,0
S-010114,treatment,mobile,4,0
S-010115,control,desktop,9,0
S-010116,treatment,mobile,10,0
S-010117,control,mobile,9,1
S-010118,treatment,mobile,1,0
S-010119,treatment,mobile,11,0
S-010120,control,desktop,9,1
S-010121,control,mobile,3,0
S-010122,treatment,mobile,2,0
S-010123,control,desktop,6,1
S-010124,treatment,mobile,9,0
S-010125,treatment,mobile,1,1
S-010126,control,desktop,5,0
S-010127,control,desktop,3,0
S-010128,control,desktop,12,1
S-010129,control,desktop,13,0
S-010130,control,desktop,13,0
S-010131,control,desktop,14,0
S-010132,treatment,mobile,12,0
S-010133,treatment,mobile,9,0
S-010134,control,desktop,1,0
S-010135,control,desktop,1,0
S-010136,control,mobile,9,0
S-010137,control,desktop,14,0
S-010138,treatment,mobile,6,0
S-010139,control,desktop,5,0
S-010140,treatment,mobile,14,0
S-010141,treatment,mobile,5,0
S-010142,treatment,desktop,2,0
S-010143,treatment,mobile,12,1
S-010144,control,desktop,9,0
S-010145,treatment,mobile,10,0
S-010146,treatment,mobile,8,0
S-010147,treatment,mobile,3,0
S-010148,control,desktop,4,0
S-010149,control,desktop,12,0
S-010150,control,desktop,1,0
S-010151,treatment,mobile,8,0
S-010152,treatment,mobile,7,0
S-010153,control,desktop,12,0
S-010154,treatment,mobile,10,0
S-010155,treatment,mobile,12,0
S-010156,treatment,mobile,9,0
S-010157,control,desktop,1,0
S-010158,treatment,mobile,3,0
S-010159,control,desktop,4,1
S-010160,control,desktop,7,0
S-010161,control,desktop,6,0
S-010162,control,desktop,5,0
S-010163,treatment,desktop,5,0
S-010164,treatment,mobile,10,0
S-010165,treatment,mobile,7,0
S-010166,control,desktop,7,0
S-010167,control,mobile,2,0
S-010168,treatment,mobile,6,0
S-010169,treatment,mobile,1,0
S-010170,treatment,mobile,8,0
S-010171,control,desktop,1,0
S-010172,control,desktop,8,0
S-010173,treatment,mobile,10,0
S-010174,control,desktop,6,0
S-010175,treatment,mobile,13,0
S-010176,treatment,mobile,1,0
S-010177,control,desktop,11,0
S-010178,control,desktop,4,0
S-010179,treatment,mobile,2,0
S-010180,control,desktop,10,0
S-010181,treatment,desktop,13,0
S-010182,control,desktop,10,0
S-010183,control,desktop,7,0
S-010184,control,desktop,14,0
S-010185,control,desktop,13,0
S-010186,treatment,mobile,4,0
S-010187,control,mobile,5,0
S-010188,control,desktop,8,1
S-010189,treatment,mobile,11,0
S-010190,control,mobile,8,0
S-010191,treatment,mobile,10,0
S-010192,treatment,mobile,5,0
S-010193,treatment,mobile,6,0
S-010194,control,desktop,14,0
S-010195,treatment,mobile,9,0
S-010196,treatment,mobile,13,1
S-010197,control,desktop,7,0
S-010198,treatment,mobile,7,0
S-010199,treatment,mobile,11,1
S-010200,control,desktop,11,0
S-010201,control,desktop,7,0
S-010202,control,mobile,2,0
S-010203,treatment,mobile,1,0
S-010204,treatment,mobile,9,1
S-010205,control,desktop,6,0
S-010206,treatment,mobile,13,0
S-010207,treatment,mobile,1,0
S-010208,treatment,mobile,13,0
S-010209,control,mobile,5,0
S-010210,treatment,mobile,14,0
S-010211,control,desktop,6,0
S-010212,control,mobile,13,0
S-010213,treatment,mobile,14,0
S-010214,control,desktop,3,0
S-010215,control,desktop,8,1
S-010216,control,mobile,5,0
S-010217,control,desktop,12,0
S-010218,treatment,mobile,10,0
S-010219,control,desktop,12,0
S-010220,control,desktop,6,0
S-010221,treatment,mobile,11,1
S-010222,treatment,mobile,6,0
S-010223,treatment,mobile,8,0
S-010224,control,mobile,7,0
S-010225,treatment,mobile,8,0
S-010226,treatment,mobile,9,1
S-010227,treatment,mobile,2,0
S-010228,treatment,mobile,12,0
S-010229,treatment,mobile,2,0
S-010230,treatment,mobile,6,0
S-010231,control,desktop,11,0
S-010232,treatment,mobile,5,0
S-010233,control,desktop,10,0
S-010234,control,mobile,3,0
S-010235,control,desktop,9,0
S-010236,control,desktop,11,0
S-010237,treatment,mobile,12,0
S-010238,control,desktop,2,0
S-010239,treatment,mobile,6,0
S-010240,treatment,mobile,8,0
S-010241,control,desktop,9,0
S-010242,treatment,mobile,8,0
S-010243,treatment,mobile,13,0
S-010244,treatment,mobile,11,0
S-010245,control,desktop,11,0
S-010246,treatment,mobile,1,0
S-010247,treatment,mobile,13,0
S-010248,control,desktop,12,0
S-010249,treatment,mobile,3,0
S-010250,treatment,mobile,11,0
S-010251,control,mobile,2,0
S-010252,treatment,mobile,13,0
S-010253,control,desktop,3,0
S-010254,control,mobile,7,0
S-010255,control,desktop,3,1
S-010256,treatment,desktop,10,1
S-010257,control,desktop,11,0
S-010258,control,desktop,9,1
S-010259,control,desktop,5,0
S-010260,treatment,mobile,14,0
S-010261,treatment,mobile,1,0
S-010262,control,mobile,10,0
S-010263,control,mobile,2,1
S-010264,control,desktop,8,0
S-010265,treatment,desktop,12,0
S-010266,treatment,mobile,14,0
S-010267,treatment,mobile,11,0
S-010268,treatment,mobile,4,0
S-010269,treatment,mobile,1,0
S-010270,control,mobile,1,0
S-010271,treatment,desktop,2,0
S-010272,control,mobile,9,0
S-010273,control,mobile,4,0
S-010274,control,desktop,5,0
S-010275,control,desktop,6,0
S-010276,control,desktop,10,0
S-010277,control,desktop,9,0
S-010278,control,desktop,2,0
S-010279,control,mobile,1,0
S-010280,treatment,mobile,3,0
S-010281,control,desktop,6,0
S-010282,treatment,desktop,6,0
S-010283,treatment,mobile,14,0
S-010284,control,desktop,11,0
S-010285,control,desktop,7,0
S-010286,treatment,mobile,2,0
S-010287,treatment,mobile,8,0
S-010288,treatment,mobile,2,0
S-010289,treatment,mobile,5,0
S-010290,control,desktop,14,0
S-010291,control,desktop,7,0
S-010292,control,mobile,13,0
S-010293,treatment,desktop,3,0
S-010294,treatment,mobile,13,0
S-010295,control,desktop,4,0
S-010296,treatment,mobile,6,0
S-010297,treatment,mobile,6,0
S-010298,control,desktop,10,0
S-010299,treatment,mobile,13,0
S-010300,control,desktop,8,0
S-010301,control,desktop,9,0
S-010302,treatment,mobile,9,0
S-010303,control,desktop,14,1
S-010304,control,desktop,4,0
S-010305,control,desktop,13,0
S-010306,control,mobile,2,0
S-010307,control,mobile,14,0
S-010308,control,mobile,8,0
S-010309,treatment,mobile,12,0
S-010310,control,mobile,10,0
S-010311,control,desktop,7,0
S-010312,treatment,mobile,6,0
S-010313,treatment,mobile,11,0
S-010314,control,mobile,6,0
S-010315,treatment,mobile,7,0
S-010316,control,desktop,8,0
S-010317,control,desktop,11,0
S-010318,treatment,mobile,1,0
S-010319,control,desktop,8,0
S-010320,treatment,mobile,13,0
S-010321,control,desktop,3,0
S-010322,control,desktop,10,1
S-010323,control,mobile,3,0
S-010324,treatment,mobile,6,0
S-010325,treatment,desktop,10,0
S-010326,treatment,mobile,6,0
S-010327,control,desktop,13,0
S-010328,control,desktop,2,0
S-010329,control,desktop,11,0
S-010330,control,mobile,4,0
S-010331,control,desktop,7,0
S-010332,control,desktop,3,0
S-010333,control,desktop,6,1
S-010334,control,desktop,12,1
S-010335,control,desktop,1,0
S-010336,control,mobile,14,0
S-010337,control,desktop,11,0
S-010338,treatment,mobile,11,0
S-010339,control,mobile,10,0
S-010340,treatment,mobile,6,0
S-010341,treatment,mobile,5,0
S-010342,treatment,mobile,8,0
S-010343,treatment,mobile,12,0
S-010344,treatment,mobile,14,0
S-010345,treatment,mobile,12,0
S-010346,treatment,mobile,14,0
S-010347,control,desktop,3,1
S-010348,control,mobile,12,0
S-010349,treatment,mobile,6,0
S-010350,control,desktop,10,0
S-010351,treatment,mobile,10,0
S-010352,control,desktop,5,0
S-010353,control,desktop,5,0
S-010354,control,desktop,6,1
S-010355,control,desktop,6,0
S-010356,control,desktop,9,1
S-010357,treatment,mobile,13,0
S-010358,control,desktop,10,0
S-010359,treatment,mobile,2,0
S-010360,treatment,mobile,10,0
S-010361,control,desktop,1,0
S-010362,treatment,mobile,3,0
S-010363,control,mobile,10,0
S-010364,treatment,mobile,5,0
S-010365,treatment,mobile,4,0
S-010366,control,desktop,6,1
S-010367,control,desktop,1,0
S-010368,treatment,mobile,3,0
S-010369,treatment,mobile,6,1
S-010370,treatment,mobile,6,0
S-010371,control,desktop,13,0
S-010372,control,desktop,11,0
S-010373,control,mobile,2,0
S-010374,control,desktop,7,0
S-010375,control,mobile,13,0
S-010376,control,desktop,7,0
S-010377,control,desktop,12,1
S-010378,control,mobile,14,1
S-010379,control,desktop,14,0
S-010380,control,desktop,6,0
S-010381,control,mobile,9,0
S-010382,treatment,mobile,1,0
S-010383,control,mobile,6,0
S-010384,control,desktop,8,1
S-010385,control,desktop,13,0
S-010386,treatment,mobile,13,0
S-010387,treatment,mobile,10,0
S-010388,control,desktop,14,0
S-010389,control,mobile,8,0
S-010390,control,desktop,5,0
S-010391,control,desktop,1,0
S-010392,control,mobile,3,0
S-010393,control,desktop,10,0
S-010394,treatment,mobile,8,0
S-010395,control,desktop,13,0
S-010396,treatment,mobile,6,0
S-010397,control,desktop,8,1
S-010398,treatment,mobile,9,0
S-010399,control,mobile,12,0
S-010400,control,desktop,12,0
S-010401,treatment,mobile,4,0
S-010402,treatment,mobile,3,0
S-010403,treatment,mobile,13,0
S-010404,control,desktop,8,0
S-010405,treatment,mobile,4,0
S-010406,control,desktop,9,0
S-010407,control,desktop,10,1
S-010408,treatment,mobile,10,0
S-010409,control,desktop,3,0
S-010410,control,desktop,13,0
S-010411,treatment,mobile,9,0
S-010412,control,mobile,7,0
S-010413,treatment,mobile,11,0
S-010414,control,desktop,4,0
S-010415,treatment,mobile,12,0
S-010416,treatment,mobile,4,0
S-010417,control,mobile,11,0
S-010418,treatment,mobile,6,0
S-010419,treatment,mobile,6,0
S-010420,control,desktop,9,0
S-010421,control,desktop,11,0
S-010422,treatment,mobile,7,0
S-010423,treatment,mobile,11,0
S-010424,treatment,mobile,1,0
S-010425,treatment,mobile,14,0
S-010426,control,desktop,4,0
S-010427,control,desktop,7,0
S-010428,control,desktop,13,0
S-010429,treatment,mobile,2,0
S-010430,treatment,mobile,13,0
S-010431,treatment,mobile,9,0
S-010432,control,desktop,4,1
S-010433,control,desktop,12,1
S-010434,control,mobile,10,0
S-010435,control,desktop,13,0
S-010436,treatment,desktop,12,1
S-010437,control,desktop,11,0
S-010438,treatment,mobile,7,0
S-010439,control,desktop,2,1
S-010440,control,mobile,8,0
S-010441,treatment,mobile,8,0
S-010442,treatment,mobile,9,0
S-010443,treatment,mobile,4,0
S-010444,treatment,mobile,6,0
S-010445,treatment,mobile,8,0
S-010446,control,mobile,1,0
S-010447,control,desktop,5,0
S-010448,control,mobile,5,0
S-010449,treatment,mobile,11,0
S-010450,control,desktop,2,0
S-010451,treatment,mobile,11,0
S-010452,treatment,desktop,2,0
S-010453,control,mobile,9,0
S-010454,treatment,mobile,9,0
S-010455,treatment,desktop,1,0
S-010456,treatment,mobile,6,0
S-010457,control,mobile,14,0
S-010458,control,desktop,4,0
S-010459,control,desktop,7,0
S-010460,treatment,mobile,2,0
S-010461,control,desktop,14,0
S-010462,control,mobile,3,0
S-010463,treatment,mobile,1,0
S-010464,control,desktop,2,0
S-010465,treatment,desktop,3,1
S-010466,treatment,mobile,8,0
S-010467,control,desktop,6,1
S-010468,treatment,mobile,3,0
S-010469,treatment,mobile,6,0
S-010470,treatment,mobile,7,0
S-010471,control,mobile,4,0
S-010472,control,mobile,3,0
S-010473,treatment,mobile,7,0
S-010474,treatment,mobile,5,0
S-010475,control,desktop,2,0
S-010476,control,desktop,11,0
S-010477,treatment,mobile,1,0
S-010478,control,desktop,7,0
S-010479,control,mobile,8,0
S-010480,control,mobile,12,0
S-010481,control,mobile,4,0
S-010482,treatment,mobile,14,0
S-010483,control,desktop,4,1
S-010484,treatment,mobile,8,1
S-010485,treatment,mobile,6,0
S-010486,control,mobile,1,0
S-010487,treatment,mobile,8,0
S-010488,control,desktop,1,0
S-010489,control,desktop,12,0
S-010490,treatment,mobile,1,0
S-010491,treatment,desktop,5,1
S-010492,treatment,mobile,12,1
S-010493,treatment,mobile,6,0
S-010494,treatment,desktop,4,1
S-010495,control,mobile,13,0
S-010496,control,mobile,6,0
S-010497,treatment,mobile,4,0
S-010498,control,mobile,2,0
S-010499,control,mobile,4,0
S-010500,treatment,desktop,2,0
S-010501,control,desktop,3,0
S-010502,treatment,mobile,12,0
S-010503,treatment,mobile,11,1
S-010504,treatment,mobile,10,0
S-010505,control,desktop,12,0
S-010506,control,desktop,5,0
S-010507,treatment,desktop,5,0
S-010508,treatment,mobile,3,0
S-010509,control,desktop,5,0
S-010510,control,desktop,14,0
S-010511,treatment,mobile,9,0
S-010512,treatment,mobile,3,0
S-010513,treatment,mobile,9,0
S-010514,control,desktop,11,0
S-010515,control,desktop,5,0
S-010516,control,desktop,12,0
S-010517,control,desktop,7,0
S-010518,control,desktop,6,0
S-010519,control,mobile,2,0
S-010520,control,mobile,2,0
S-010521,control,desktop,1,0
S-010522,treatment,mobile,2,1
S-010523,control,desktop,2,1
S-010524,control,desktop,9,0
S-010525,control,desktop,14,1
S-010526,treatment,mobile,1,0
S-010527,treatment,mobile,11,0
S-010528,control,desktop,6,0
S-010529,control,desktop,6,0
S-010530,treatment,mobile,1,0
S-010531,treatment,mobile,1,0
S-010532,control,mobile,12,0
S-010533,control,desktop,10,1
S-010534,control,desktop,11,0
S-010535,control,desktop,13,0
S-010536,control,desktop,4,1
S-010537,control,desktop,2,1
S-010538,control,desktop,11,0
S-010539,treatment,mobile,9,0
S-010540,treatment,mobile,11,0
S-010541,control,desktop,13,0
S-010542,control,desktop,3,0
S-010543,control,mobile,1,0
S-010544,control,desktop,14,0
S-010545,control,desktop,12,0
S-010546,control,mobile,13,0
S-010547,treatment,mobile,2,0
S-010548,control,desktop,7,0
S-010549,treatment,mobile,8,0
S-010550,control,desktop,13,0
S-010551,control,mobile,14,0
S-010552,control,desktop,13,0
S-010553,treatment,mobile,14,0
S-010554,control,mobile,10,0
S-010555,control,desktop,3,1
S-010556,treatment,mobile,14,0
S-010557,treatment,mobile,10,0
S-010558,treatment,mobile,13,0
S-010559,control,desktop,1,0
S-010560,treatment,desktop,3,0
S-010561,treatment,desktop,1,0
S-010562,control,desktop,12,1
S-010563,control,desktop,2,0
S-010564,treatment,mobile,6,0
S-010565,control,desktop,6,0
S-010566,treatment,desktop,11,0
S-010567,control,desktop,4,0
S-010568,treatment,mobile,9,0
S-010569,control,desktop,14,0
S-010570,control,mobile,13,0
S-010571,control,desktop,12,1
S-010572,control,desktop,7,0
S-010573,control,desktop,7,0
S-010574,treatment,mobile,13,0
S-010575,control,desktop,3,0
S-010576,treatment,mobile,6,0
S-010577,treatment,mobile,4,0
S-010578,treatment,mobile,10,0
S-010579,control,mobile,5,0
S-010580,treatment,mobile,5,0
S-010581,control,desktop,8,0
S-010582,treatment,desktop,6,1
S-010583,control,desktop,1,0
S-010584,control,desktop,4,0
S-010585,control,desktop,6,0
S-010586,control,mobile,9,0
S-010587,treatment,mobile,4,0
S-010588,treatment,mobile,7,0
S-010589,treatment,mobile,12,0
S-010590,control,desktop,12,0
S-010591,control,desktop,8,0
S-010592,control,desktop,5,0
S-010593,treatment,mobile,4,0
S-010594,control,desktop,14,0
S-010595,control,desktop,1,0
S-010596,treatment,mobile,11,0
S-010597,treatment,mobile,11,0
S-010598,treatment,mobile,6,0
S-010599,treatment,mobile,2,0
S-010600,treatment,mobile,3,0
S-010601,control,desktop,8,0
S-010602,control,desktop,6,0
S-010603,control,mobile,5,0
S-010604,treatment,mobile,5,0
S-010605,treatment,mobile,4,0
S-010606,control,mobile,10,0
S-010607,treatment,mobile,10,0
S-010608,treatment,mobile,4,0
S-010609,control,desktop,6,0
S-010610,control,desktop,14,0
S-010611,control,desktop,12,1
S-010612,control,desktop,3,0
S-010613,treatment,desktop,10,1
S-010614,treatment,mobile,11,0
S-010615,control,desktop,13,1
S-010616,control,desktop,1,0
S-010617,treatment,mobile,10,0
S-010618,control,desktop,8,0
S-010619,treatment,mobile,11,0
S-010620,treatment,mobile,1,0
S-010621,treatment,mobile,14,0
S-010622,treatment,mobile,9,0
S-010623,control,desktop,7,1
S-010624,control,desktop,9,0
S-010625,control,desktop,4,0
S-010626,treatment,mobile,10,0
S-010627,treatment,mobile,1,0
S-010628,treatment,mobile,3,0
S-010629,control,desktop,11,0
S-010630,treatment,mobile,14,0
S-010631,treatment,mobile,9,0
S-010632,treatment,desktop,2,0
S-010633,control,desktop,14,0
S-010634,treatment,mobile,8,0
S-010635,control,desktop,14,0
S-010636,treatment,desktop,7,0
S-010637,treatment,mobile,14,0
S-010638,treatment,mobile,11,0
S-010639,treatment,desktop,12,0
S-010640,treatment,mobile,7,0
S-010641,control,desktop,9,0
S-010642,control,desktop,11,0
S-010643,control,mobile,11,0
S-010644,treatment,mobile,10,0
S-010645,treatment,mobile,8,1
S-010646,control,desktop,4,0
S-010647,control,desktop,13,0
S-010648,control,mobile,12,0
S-010649,treatment,mobile,14,0
S-010650,treatment,mobile,9,0
S-010651,control,desktop,7,0
S-010652,treatment,mobile,10,0
S-010653,control,desktop,10,0
S-010654,treatment,mobile,3,0
S-010655,control,desktop,8,0
S-010656,treatment,mobile,6,0
S-010657,control,desktop,7,0
S-010658,control,desktop,1,0
S-010659,treatment,mobile,12,0
S-010660,control,desktop,6,0
S-010661,control,desktop,13,1
S-010662,control,desktop,14,0
S-010663,control,desktop,2,0
S-010664,control,desktop,13,0
S-010665,control,mobile,7,0
S-010666,treatment,mobile,2,0
S-010667,control,desktop,13,0
S-010668,treatment,mobile,6,0
S-010669,treatment,mobile,1,0
S-010670,treatment,desktop,9,0
S-010671,treatment,mobile,9,0
S-010672,control,desktop,3,0
S-010673,treatment,mobile,1,0
S-010674,control,mobile,9,0
S-010675,control,desktop,4,0
S-010676,control,desktop,10,0
S-010677,control,desktop,12,0
S-010678,treatment,desktop,13,0
S-010679,treatment,mobile,5,0
S-010680,control,desktop,7,0
S-010681,control,desktop,14,0
S-010682,treatment,mobile,8,0
S-010683,treatment,mobile,11,0
S-010684,control,mobile,3,0
S-010685,treatment,desktop,7,0
S-010686,control,desktop,5,1
S-010687,treatment,mobile,9,0
S-010688,control,mobile,12,0
S-010689,control,desktop,4,0
S-010690,control,desktop,11,0
S-010691,treatment,mobile,13,0
S-010692,control,desktop,6,0
S-010693,treatment,desktop,6,0
S-010694,treatment,mobile,6,0
S-010695,control,mobile,13,0
S-010696,control,desktop,11,0
S-010697,treatment,mobile,4,0
S-010698,treatment,mobile,10,0
S-010699,control,mobile,7,0
S-010700,control,desktop,12,0
S-010701,treatment,mobile,6,0
S-010702,treatment,mobile,5,0
S-010703,control,mobile,4,0
S-010704,treatment,mobile,7,0
S-010705,control,desktop,13,0
S-010706,control,desktop,12,0
S-010707,treatment,mobile,10,0
S-010708,control,mobile,3,0
S-010709,control,mobile,4,0
S-010710,control,desktop,3,1
S-010711,control,desktop,9,0
S-010712,treatment,mobile,1,0
S-010713,treatment,mobile,8,0
S-010714,control,mobile,4,0
S-010715,control,desktop,7,1
S-010716,control,desktop,9,0
S-010717,treatment,mobile,9,0
S-010718,control,desktop,13,0
S-010719,control,desktop,13,0
S-010720,control,desktop,8,0
S-010721,control,desktop,1,0
S-010722,treatment,mobile,12,0
S-010723,treatment,mobile,4,0
S-010724,control,desktop,14,0
S-010725,treatment,desktop,4,1
S-010726,control,mobile,12,0
S-010727,control,mobile,6,0
S-010728,control,desktop,8,0
S-010729,treatment,mobile,2,0
S-010730,treatment,mobile,6,0
S-010731,control,desktop,12,0
S-010732,treatment,mobile,5,1
S-010733,treatment,mobile,4,0
S-010734,control,mobile,5,0
S-010735,control,desktop,1,0
S-010736,treatment,desktop,14,1
S-010737,control,desktop,10,1
S-010738,treatment,mobile,14,0
S-010739,control,desktop,13,0
S-010740,control,mobile,8,0
S-010741,treatment,desktop,12,0
S-010742,treatment,mobile,14,0
S-010743,control,desktop,11,0
S-010744,control,desktop,5,0
S-010745,control,mobile,8,0
S-010746,treatment,mobile,4,0
S-010747,treatment,mobile,12,0
S-010748,treatment,mobile,6,0
S-010749,treatment,mobile,2,0
S-010750,treatment,mobile,14,0
S-010751,control,desktop,3,0
S-010752,treatment,mobile,10,0
S-010753,control,desktop,5,0
S-010754,treatment,desktop,7,1
S-010755,treatment,mobile,13,0
S-010756,treatment,desktop,14,1
S-010757,control,mobile,1,0
S-010758,control,desktop,11,0
S-010759,treatment,mobile,9,0
S-010760,treatment,mobile,12,0
S-010761,control,mobile,8,0
S-010762,treatment,mobile,12,0
S-010763,control,desktop,2,0
S-010764,control,desktop,3,0
S-010765,control,desktop,2,1
S-010766,control,desktop,5,1
S-010767,treatment,mobile,8,0
S-010768,treatment,mobile,4,0
S-010769,control,desktop,5,0
S-010770,treatment,desktop,11,0
S-010771,control,desktop,8,0
S-010772,control,mobile,12,0
S-010773,treatment,mobile,5,0
S-010774,control,desktop,6,0
S-010775,treatment,mobile,3,0
S-010776,treatment,mobile,1,0
S-010777,control,desktop,10,1
S-010778,treatment,mobile,7,0
S-010779,treatment,mobile,2,0
S-010780,treatment,mobile,5,1
S-010781,control,desktop,6,0
S-010782,control,mobile,13,0
S-010783,control,desktop,5,0
S-010784,treatment,mobile,2,0
S-010785,control,mobile,1,0
S-010786,control,desktop,12,0
S-010787,control,desktop,10,0
S-010788,control,mobile,5,0
S-010789,control,desktop,9,0
S-010790,treatment,mobile,8,0
S-010791,treatment,desktop,14,0
S-010792,control,mobile,1,0
S-010793,treatment,mobile,9,0
S-010794,control,mobile,9,0
S-010795,control,desktop,7,0
S-010796,control,desktop,7,0
S-010797,treatment,mobile,6,0
S-010798,treatment,mobile,10,0
S-010799,treatment,mobile,7,0
S-010800,control,desktop,4,1
S-010801,control,mobile,8,0
S-010802,control,desktop,3,0
S-010803,control,desktop,2,0
S-010804,control,desktop,7,0
S-010805,control,desktop,13,0
S-010806,control,mobile,9,0
S-010807,treatment,mobile,2,0
S-010808,treatment,mobile,13,0
S-010809,control,desktop,13,0
S-010810,treatment,mobile,1,0
S-010811,control,desktop,2,0
S-010812,control,mobile,3,0
S-010813,treatment,mobile,4,0
S-010814,treatment,mobile,9,0
S-010815,control,mobile,10,0
S-010816,treatment,mobile,10,0
S-010817,control,desktop,9,0
S-010818,treatment,mobile,12,0
S-010819,treatment,mobile,12,0
S-010820,treatment,mobile,4,0
S-010821,treatment,mobile,13,0
S-010822,control,mobile,10,0
S-010823,control,desktop,5,0
S-010824,control,desktop,1,0
S-010825,control,mobile,1,0
S-010826,treatment,mobile,10,0
S-010827,treatment,mobile,6,0
S-010828,control,mobile,6,0
S-010829,treatment,mobile,5,0
S-010830,treatment,mobile,14,0
S-010831,control,mobile,2,0
S-010832,treatment,mobile,13,0
S-010833,treatment,mobile,12,0
S-010834,control,mobile,8,0
S-010835,treatment,mobile,1,0
S-010836,treatment,mobile,7,0
S-010837,treatment,mobile,12,0
S-010838,treatment,mobile,4,0
S-010839,control,desktop,1,0
S-010840,treatment,mobile,12,0
S-010841,treatment,mobile,11,0
S-010842,treatment,mobile,9,0
S-010843,control,desktop,9,0
S-010844,treatment,mobile,8,0
S-010845,control,desktop,8,0
S-010846,treatment,mobile,13,0
S-010847,control,desktop,12,0
S-010848,treatment,mobile,3,0
S-010849,treatment,mobile,5,0
S-010850,control,mobile,12,0
S-010851,control,desktop,11,0
S-010852,control,desktop,4,0
S-010853,treatment,mobile,7,0
S-010854,control,desktop,4,1
S-010855,treatment,mobile,13,0
S-010856,treatment,mobile,14,0
S-010857,treatment,mobile,9,0
S-010858,control,desktop,13,0
S-010859,control,desktop,11,0
S-010860,control,desktop,9,0
S-010861,control,desktop,6,0
S-010862,control,mobile,1,0
S-010863,control,desktop,4,0
S-010864,treatment,mobile,10,0
S-010865,control,desktop,13,0
S-010866,treatment,mobile,8,0
S-010867,control,desktop,3,0
S-010868,treatment,desktop,2,0
S-010869,treatment,mobile,14,0
S-010870,control,mobile,12,0
S-010871,treatment,mobile,5,0
S-010872,treatment,mobile,3,0
S-010873,control,desktop,6,1
S-010874,control,mobile,2,0
S-010875,control,desktop,2,1
S-010876,treatment,mobile,7,0
S-010877,control,desktop,10,0
S-010878,control,desktop,6,0
S-010879,control,desktop,7,0
S-010880,control,desktop,11,0
S-010881,control,desktop,3,0
S-010882,control,desktop,9,0
S-010883,control,desktop,4,0
S-010884,control,desktop,4,0
S-010885,control,desktop,13,0
S-010886,control,desktop,10,0
S-010887,treatment,mobile,2,0
S-010888,control,desktop,11,0
S-010889,treatment,mobile,1,0
S-010890,control,desktop,6,0
S-010891,control,mobile,12,0
S-010892,treatment,mobile,5,0
S-010893,treatment,mobile,8,0
S-010894,treatment,mobile,10,0
S-010895,control,mobile,6,0
S-010896,control,desktop,13,0
S-010897,control,desktop,1,0
S-010898,control,desktop,9,0
S-010899,treatment,mobile,1,0
S-010900,treatment,mobile,12,0
S-010901,treatment,mobile,5,0
S-010902,control,mobile,13,0
S-010903,treatment,mobile,6,0
S-010904,treatment,mobile,9,0
S-010905,treatment,mobile,14,0
S-010906,control,mobile,7,0
S-010907,control,desktop,12,1
S-010908,control,desktop,6,0
S-010909,treatment,mobile,5,0
S-010910,control,desktop,8,0
S-010911,treatment,mobile,13,0
S-010912,control,desktop,9,0
S-010913,control,mobile,4,0
S-010914,treatment,mobile,4,0
S-010915,treatment,mobile,14,0
S-010916,treatment,mobile,11,0
S-010917,treatment,desktop,1,0
S-010918,control,desktop,8,0
S-010919,treatment,mobile,7,0
S-010920,treatment,desktop,3,0
S-010921,control,desktop,10,0
S-010922,control,desktop,7,1
S-010923,control,desktop,7,0
S-010924,control,desktop,11,1
S-010925,control,desktop,13,1
S-010926,control,desktop,13,0
S-010927,treatment,mobile,14,0
S-010928,control,desktop,12,0
S-010929,control,desktop,8,0
S-010930,treatment,mobile,11,0
S-010931,treatment,mobile,9,0
S-010932,control,desktop,11,0
S-010933,control,mobile,2,0
S-010934,control,desktop,14,0
S-010935,control,desktop,13,0
S-010936,treatment,mobile,5,0
S-010937,treatment,mobile,6,0
S-010938,control,mobile,12,0
S-010939,treatment,mobile,11,0
S-010940,control,mobile,13,0
S-010941,treatment,mobile,4,0
S-010942,treatment,mobile,12,0
S-010943,control,desktop,14,1
S-010944,treatment,mobile,13,0
S-010945,control,desktop,14,1
S-010946,control,desktop,4,0
S-010947,control,desktop,2,0
S-010948,treatment,mobile,11,0
S-010949,control,desktop,1,0
S-010950,control,mobile,1,0
S-010951,control,desktop,14,1
S-010952,control,mobile,12,0
S-010953,control,desktop,11,0
S-010954,treatment,mobile,12,0
S-010955,control,desktop,10,0
S-010956,control,mobile,13,1
S-010957,control,mobile,3,0
S-010958,treatment,mobile,1,0
S-010959,treatment,mobile,7,0
S-010960,control,mobile,9,0
S-010961,treatment,mobile,5,0
S-010962,treatment,mobile,1,0
S-010963,treatment,mobile,14,0
S-010964,control,desktop,13,0
S-010965,treatment,mobile,9,0
S-010966,control,desktop,6,0
S-010967,treatment,mobile,12,0
S-010968,control,desktop,6,0
S-010969,control,mobile,2,0
S-010970,control,desktop,14,0
S-010971,control,desktop,5,0
S-010972,control,desktop,5,1
S-010973,treatment,mobile,4,0
S-010974,control,desktop,13,0
S-010975,treatment,mobile,12,0
S-010976,treatment,mobile,9,0
S-010977,control,mobile,1,0
S-010978,treatment,mobile,2,0
S-010979,control,mobile,6,0
S-010980,treatment,mobile,8,0
S-010981,treatment,mobile,6,0
S-010982,control,mobile,9,0
S-010983,control,desktop,3,1
S-010984,treatment,mobile,3,0
S-010985,treatment,mobile,6,0
S-010986,control,desktop,5,0
S-010987,treatment,mobile,8,0
S-010988,control,desktop,14,1
S-010989,treatment,desktop,1,0
S-010990,control,desktop,6,0
S-010991,treatment,mobile,13,0
S-010992,control,desktop,11,0
S-010993,treatment,mobile,3,0
S-010994,treatment,mobile,14,0
S-010995,treatment,mobile,10,0
S-010996,treatment,mobile,13,0
S-010997,treatment,mobile,4,0
S-010998,control,desktop,10,0
S-010999,control,mobile,8,0
S-011000,control,desktop,8,0
S-011001,treatment,mobile,14,0
S-011002,control,desktop,1,0
S-011003,control,desktop,12,0
S-011004,treatment,desktop,13,0
S-011005,control,desktop,12,0
S-011006,treatment,mobile,4,0
S-011007,control,desktop,2,0
S-011008,control,mobile,2,0
S-011009,treatment,desktop,2,0
S-011010,treatment,mobile,10,0
S-011011,control,desktop,9,0
S-011012,treatment,desktop,13,1
S-011013,control,desktop,14,1
S-011014,treatment,mobile,5,0
S-011015,treatment,mobile,6,0
S-011016,control,desktop,4,0
S-011017,control,mobile,3,0
S-011018,treatment,mobile,13,0
S-011019,control,mobile,12,0
S-011020,treatment,mobile,2,0
S-011021,treatment,mobile,1,0
S-011022,treatment,mobile,7,0
S-011023,treatment,mobile,11,0
S-011024,treatment,mobile,1,0
S-011025,control,desktop,8,0
S-011026,treatment,mobile,1,0
S-011027,treatment,mobile,5,0
S-011028,control,desktop,8,0
S-011029,treatment,mobile,2,0
S-011030,control,desktop,7,0
S-011031,control,desktop,13,0
S-011032,treatment,mobile,11,0
S-011033,control,desktop,10,0
S-011034,control,desktop,4,0
S-011035,treatment,mobile,12,0
S-011036,treatment,desktop,12,0
S-011037,treatment,mobile,3,0
S-011038,treatment,mobile,5,0
S-011039,control,desktop,7,0
S-011040,control,desktop,3,0
S-011041,control,desktop,12,1
S-011042,treatment,mobile,4,0
S-011043,control,desktop,9,0
S-011044,control,desktop,14,0
S-011045,treatment,desktop,8,0
S-011046,control,desktop,3,0
S-011047,control,desktop,7,0
S-011048,treatment,mobile,1,0
S-011049,control,desktop,1,1
S-011050,treatment,desktop,1,0
S-011051,treatment,mobile,2,0
S-011052,treatment,mobile,3,0
S-011053,treatment,mobile,5,0
S-011054,treatment,mobile,7,0
S-011055,treatment,mobile,14,0
S-011056,control,desktop,7,0
S-011057,treatment,mobile,8,0
S-011058,control,desktop,7,0
S-011059,treatment,mobile,2,0
S-011060,treatment,mobile,10,0
S-011061,treatment,desktop,3,0
S-011062,control,mobile,5,0
S-011063,control,desktop,5,0
S-011064,control,desktop,7,1
S-011065,control,mobile,7,1
S-011066,control,desktop,3,0
S-011067,treatment,mobile,4,0
S-011068,treatment,mobile,3,0
S-011069,treatment,mobile,8,0
S-011070,control,desktop,9,0
S-011071,control,mobile,14,0
S-011072,control,desktop,2,0
S-011073,control,desktop,2,0
S-011074,control,desktop,3,0
S-011075,control,desktop,8,0
S-011076,control,mobile,13,0
S-011077,treatment,mobile,4,0
S-011078,treatment,mobile,14,0
S-011079,control,desktop,11,0
S-011080,treatment,mobile,4,0
S-011081,control,mobile,11,0
S-011082,control,desktop,11,1
S-011083,control,desktop,7,0
S-011084,control,desktop,13,1
S-011085,treatment,mobile,3,1
S-011086,control,desktop,11,0
S-011087,treatment,mobile,9,1
S-011088,control,desktop,5,0
S-011089,control,desktop,14,0
S-011090,treatment,mobile,11,0
S-011091,control,desktop,8,0
S-011092,control,mobile,7,0
S-011093,control,desktop,13,0
S-011094,treatment,mobile,12,0
S-011095,treatment,mobile,11,0
S-011096,control,mobile,12,0
S-011097,treatment,mobile,10,0
S-011098,control,desktop,11,0
S-011099,control,desktop,11,0
S-011100,treatment,mobile,9,0
S-011101,control,mobile,10,0
S-011102,control,mobile,14,0
S-011103,treatment,mobile,14,0
S-011104,treatment,mobile,6,0
S-011105,treatment,mobile,3,0
S-011106,treatment,mobile,6,0
S-011107,control,desktop,8,0
S-011108,control,mobile,10,0
S-011109,treatment,mobile,4,0
S-011110,treatment,mobile,1,0
S-011111,control,desktop,4,0
S-011112,treatment,mobile,1,0
S-011113,control,desktop,7,0
S-011114,control,desktop,7,1
S-011115,control,desktop,5,0
S-011116,treatment,mobile,8,0
S-011117,control,mobile,6,0
S-011118,control,desktop,5,1
S-011119,control,desktop,10,0
S-011120,treatment,mobile,1,0
S-011121,treatment,mobile,5,0
S-011122,treatment,mobile,5,0
S-011123,treatment,mobile,11,0
S-011124,control,desktop,10,0
S-011125,control,mobile,7,0
S-011126,control,desktop,5,0
S-011127,control,desktop,3,0
S-011128,treatment,mobile,5,0
S-011129,treatment,mobile,13,0
S-011130,control,desktop,13,0
S-011131,treatment,mobile,6,0
S-011132,control,desktop,9,0
S-011133,treatment,mobile,14,0
S-011134,treatment,mobile,14,0
S-011135,treatment,mobile,11,0
S-011136,treatment,mobile,12,0
S-011137,control,desktop,5,0
S-011138,treatment,mobile,3,0
S-011139,treatment,desktop,14,0
S-011140,treatment,desktop,9,0
S-011141,control,desktop,14,0
S-011142,treatment,mobile,1,0
S-011143,treatment,mobile,2,0
S-011144,treatment,mobile,10,0
S-011145,control,desktop,5,0
S-011146,treatment,mobile,2,0
S-011147,treatment,mobile,8,0
S-011148,treatment,mobile,11,0
S-011149,treatment,mobile,12,0
S-011150,treatment,desktop,5,0
S-011151,treatment,mobile,5,0
S-011152,control,mobile,3,0
S-011153,treatment,mobile,2,0
S-011154,treatment,mobile,9,0
S-011155,treatment,mobile,12,0
S-011156,control,mobile,11,0
S-011157,control,desktop,13,0
S-011158,control,desktop,12,1
S-011159,control,desktop,11,0
S-011160,control,mobile,5,0
S-011161,control,desktop,3,0
S-011162,treatment,desktop,5,0
S-011163,control,desktop,2,0
S-011164,treatment,desktop,1,1
S-011165,control,desktop,12,0
S-011166,treatment,mobile,11,1
S-011167,treatment,mobile,14,0
S-011168,treatment,mobile,4,0
S-011169,treatment,mobile,5,0
S-011170,treatment,mobile,14,0
S-011171,control,desktop,1,0
S-011172,treatment,mobile,7,0
S-011173,control,mobile,8,0
S-011174,control,desktop,4,1
S-011175,control,mobile,5,0
S-011176,control,desktop,4,0
S-011177,treatment,mobile,3,0
S-011178,control,desktop,14,0
S-011179,treatment,mobile,3,0
S-011180,treatment,mobile,10,0
S-011181,treatment,mobile,2,0
S-011182,control,desktop,9,0
S-011183,control,desktop,6,0
S-011184,treatment,mobile,12,0
S-011185,treatment,mobile,2,0
S-011186,treatment,desktop,3,0
S-011187,treatment,mobile,10,0
S-011188,control,desktop,10,0
S-011189,control,desktop,11,1
S-011190,treatment,mobile,3,0
S-011191,treatment,mobile,3,0
S-011192,control,desktop,4,0
S-011193,treatment,mobile,3,0
S-011194,treatment,mobile,5,0
S-011195,control,desktop,3,1
S-011196,treatment,mobile,9,0
S-011197,treatment,mobile,3,0
S-011198,control,desktop,4,0
S-011199,control,desktop,5,0
S-011200,treatment,mobile,7,0
S-011201,control,desktop,8,0
S-011202,treatment,mobile,9,0
S-011203,treatment,mobile,14,0
S-011204,control,desktop,2,1
S-011205,control,desktop,6,0
S-011206,treatment,mobile,1,0
S-011207,control,desktop,9,1
S-011208,control,desktop,9,0
S-011209,control,mobile,2,0
S-011210,treatment,mobile,4,0
S-011211,treatment,desktop,2,1
S-011212,treatment,desktop,6,0
S-011213,treatment,mobile,9,0
S-011214,control,desktop,14,1
S-011215,treatment,desktop,4,0
S-011216,treatment,desktop,8,0
S-011217,treatment,mobile,8,0
S-011218,control,desktop,3,0
S-011219,control,desktop,13,0
S-011220,control,mobile,14,0
S-011221,treatment,mobile,4,0
S-011222,control,mobile,11,0
S-011223,treatment,mobile,13,0
S-011224,treatment,mobile,8,0
S-011225,control,desktop,5,0
S-011226,control,desktop,9,0
S-011227,control,desktop,3,1
S-011228,control,desktop,6,0
S-011229,treatment,mobile,10,0
S-011230,control,desktop,10,0
S-011231,treatment,mobile,13,0
S-011232,treatment,mobile,8,0
S-011233,control,desktop,14,0
S-011234,control,mobile,1,0
S-011235,control,mobile,6,0
S-011236,treatment,desktop,9,0
S-011237,treatment,mobile,11,0
S-011238,control,desktop,8,0
S-011239,treatment,mobile,8,0
S-011240,treatment,mobile,1,1
S-011241,control,desktop,14,0
S-011242,treatment,mobile,8,0
S-011243,control,desktop,7,0
S-011244,control,desktop,13,1
S-011245,treatment,mobile,8,0
S-011246,treatment,mobile,14,0
S-011247,control,desktop,8,0
S-011248,control,desktop,10,1
S-011249,treatment,mobile,7,0
S-011250,treatment,mobile,13,0
S-011251,treatment,mobile,2,0
S-011252,control,desktop,2,0
S-011253,control,desktop,7,0
S-011254,control,desktop,9,0
S-011255,treatment,mobile,6,0
S-011256,control,desktop,3,0
S-011257,control,desktop,13,0
S-011258,control,desktop,12,0
S-011259,treatment,mobile,7,0
S-011260,control,desktop,12,1
S-011261,control,desktop,8,0
S-011262,control,mobile,8,0
S-011263,treatment,desktop,6,0
S-011264,control,mobile,10,0
S-011265,control,desktop,10,0
S-011266,control,mobile,14,0
S-011267,control,desktop,7,0
S-011268,treatment,mobile,12,0
S-011269,control,mobile,12,0
S-011270,control,desktop,7,0
S-011271,control,mobile,1,0
S-011272,treatment,mobile,13,0
S-011273,treatment,mobile,7,0
S-011274,treatment,mobile,13,0
S-011275,control,desktop,10,0
S-011276,control,desktop,2,0
S-011277,control,desktop,11,0
S-011278,control,mobile,14,0
S-011279,control,desktop,1,0
S-011280,treatment,mobile,3,0
S-011281,treatment,mobile,14,0
S-011282,control,desktop,7,0
S-011283,treatment,mobile,3,0
S-011284,treatment,mobile,7,0
S-011285,treatment,mobile,1,0
S-011286,control,desktop,9,0
S-011287,control,desktop,10,0
S-011288,control,desktop,1,0
S-011289,control,desktop,7,0
S-011290,treatment,mobile,3,0
S-011291,treatment,mobile,10,0
S-011292,control,mobile,2,0
S-011293,control,desktop,6,0
S-011294,treatment,mobile,5,0
S-011295,control,desktop,3,0
S-011296,control,desktop,6,0
S-011297,treatment,mobile,7,0
S-011298,treatment,mobile,2,0
S-011299,control,mobile,4,0
S-011300,treatment,mobile,14,0
S-011301,treatment,mobile,9,0
S-011302,treatment,mobile,5,0
S-011303,control,desktop,4,0
S-011304,control,desktop,9,0
S-011305,treatment,mobile,1,0
S-011306,treatment,mobile,7,0
S-011307,treatment,mobile,2,0
S-011308,treatment,mobile,10,0
S-011309,treatment,mobile,13,0
S-011310,treatment,desktop,2,1
S-011311,treatment,mobile,11,0
S-011312,control,desktop,11,0
S-011313,control,desktop,1,0
S-011314,treatment,mobile,4,0
S-011315,treatment,mobile,11,0
S-011316,control,desktop,10,0
S-011317,control,desktop,12,0
S-011318,treatment,mobile,4,0
S-011319,control,desktop,4,0
S-011320,treatment,mobile,7,0
S-011321,control,desktop,10,0
S-011322,treatment,mobile,8,1
S-011323,treatment,mobile,5,0
S-011324,treatment,mobile,9,0
S-011325,treatment,mobile,7,0
S-011326,treatment,mobile,6,0
S-011327,control,desktop,4,0
S-011328,treatment,mobile,6,0
S-011329,control,desktop,4,0
S-011330,treatment,mobile,10,0
S-011331,treatment,mobile,1,0
S-011332,control,mobile,10,0
S-011333,treatment,mobile,5,0
S-011334,control,desktop,12,0
S-011335,control,desktop,1,0
S-011336,treatment,mobile,2,0
S-011337,treatment,mobile,2,0
S-011338,treatment,mobile,5,0
S-011339,treatment,mobile,7,1
S-011340,treatment,mobile,10,0
S-011341,control,desktop,7,1
S-011342,control,desktop,3,0
S-011343,treatment,mobile,5,0
S-011344,treatment,mobile,5,0
S-011345,treatment,mobile,1,0
S-011346,treatment,mobile,9,0
S-011347,control,desktop,14,0
S-011348,control,mobile,1,0
S-011349,control,desktop,14,0
S-011350,treatment,mobile,12,0
S-011351,treatment,mobile,9,0
S-011352,control,desktop,10,0
S-011353,control,desktop,11,0
S-011354,control,desktop,7,0
S-011355,control,desktop,8,0
S-011356,treatment,mobile,6,0
S-011357,control,mobile,13,0
S-011358,control,desktop,10,0
S-011359,treatment,mobile,5,0
S-011360,control,desktop,9,0
S-011361,treatment,mobile,12,0
S-011362,control,desktop,14,0
S-011363,control,desktop,8,0
S-011364,treatment,mobile,14,0
S-011365,control,desktop,10,0
S-011366,control,desktop,7,1
S-011367,control,desktop,9,0
S-011368,treatment,mobile,13,0
S-011369,control,desktop,12,0
S-011370,control,mobile,8,0
S-011371,treatment,mobile,14,0
S-011372,treatment,desktop,13,0
S-011373,treatment,mobile,12,0
S-011374,control,mobile,8,0
S-011375,treatment,mobile,14,0
S-011376,control,desktop,2,0
S-011377,control,desktop,1,0
S-011378,treatment,desktop,5,0
S-011379,control,desktop,12,0
S-011380,control,mobile,6,0
S-011381,treatment,mobile,3,0
S-011382,treatment,mobile,3,0
S-011383,control,desktop,3,1
S-011384,control,desktop,12,0
S-011385,control,desktop,14,0
S-011386,control,desktop,8,0
S-011387,treatment,desktop,4,0
S-011388,control,desktop,8,0
S-011389,treatment,mobile,3,0
S-011390,control,desktop,14,1
S-011391,treatment,mobile,7,0
S-011392,treatment,mobile,2,0
S-011393,control,desktop,4,0
S-011394,control,desktop,4,0
S-011395,control,desktop,7,0
S-011396,treatment,mobile,11,0
S-011397,control,desktop,11,0
S-011398,treatment,mobile,7,0
S-011399,treatment,mobile,4,0
S-011400,treatment,mobile,5,0
S-011401,control,desktop,13,1
S-011402,control,desktop,9,0
S-011403,treatment,mobile,12,0
S-011404,treatment,mobile,13,0
S-011405,control,desktop,2,0
S-011406,treatment,mobile,8,0
S-011407,treatment,mobile,9,0
S-011408,treatment,mobile,14,0
S-011409,treatment,mobile,7,0
S-011410,control,desktop,1,1
S-011411,control,mobile,11,0
S-011412,treatment,mobile,9,0
S-011413,treatment,mobile,7,0
S-011414,control,mobile,1,0
S-011415,treatment,mobile,5,0
S-011416,control,desktop,9,0
S-011417,control,mobile,7,0
S-011418,control,mobile,12,0
S-011419,control,desktop,13,0
S-011420,control,mobile,10,0
S-011421,treatment,mobile,6,0
S-011422,control,desktop,8,0
S-011423,treatment,desktop,5,0
S-011424,treatment,desktop,3,0
S-011425,treatment,mobile,6,0
S-011426,control,desktop,1,0
S-011427,treatment,mobile,11,0
S-011428,treatment,mobile,1,0
S-011429,treatment,desktop,13,0
S-011430,treatment,mobile,11,0
S-011431,control,mobile,4,0
S-011432,control,mobile,2,0
S-011433,control,desktop,6,0
S-011434,treatment,mobile,13,0
S-011435,control,mobile,10,0
S-011436,control,desktop,10,1
S-011437,control,mobile,11,1
S-011438,control,desktop,12,0
S-011439,control,desktop,3,0
S-011440,control,mobile,14,0
S-011441,treatment,mobile,13,0
S-011442,treatment,mobile,6,0
S-011443,treatment,mobile,4,0
S-011444,control,mobile,7,0
S-011445,treatment,mobile,8,0
S-011446,control,desktop,8,0
S-011447,treatment,mobile,7,0
S-011448,treatment,mobile,7,0
S-011449,treatment,mobile,7,0
S-011450,treatment,mobile,14,0
S-011451,control,desktop,4,0
S-011452,treatment,mobile,13,0
S-011453,control,mobile,13,0
S-011454,treatment,mobile,5,0
S-011455,treatment,mobile,8,0
S-011456,treatment,mobile,13,0
S-011457,control,desktop,13,1
S-011458,treatment,desktop,11,0
S-011459,control,mobile,3,0
S-011460,treatment,mobile,13,0
S-011461,control,desktop,11,0
S-011462,treatment,mobile,12,1
S-011463,treatment,mobile,12,0
S-011464,control,mobile,8,0
S-011465,treatment,mobile,10,0
S-011466,treatment,mobile,4,0
S-011467,control,desktop,14,0
S-011468,treatment,mobile,13,0
S-011469,control,desktop,3,1
S-011470,treatment,mobile,11,0
S-011471,control,desktop,10,0
S-011472,treatment,mobile,13,0
S-011473,control,desktop,6,0
S-011474,treatment,mobile,3,0
S-011475,control,mobile,10,0
S-011476,control,mobile,14,0
S-011477,treatment,desktop,7,0
S-011478,control,desktop,13,0
S-011479,treatment,mobile,13,0
S-011480,control,mobile,7,0
S-011481,control,mobile,12,0
S-011482,treatment,mobile,1,0
S-011483,treatment,desktop,11,0
S-011484,treatment,desktop,4,0
S-011485,treatment,desktop,11,0
S-011486,control,desktop,9,0
S-011487,treatment,mobile,14,0
S-011488,treatment,mobile,14,0
S-011489,control,desktop,9,1
S-011490,treatment,mobile,9,0
S-011491,control,desktop,2,0
S-011492,control,desktop,9,0
S-011493,control,mobile,12,0
S-011494,control,desktop,8,0
S-011495,control,desktop,13,0
S-011496,control,mobile,11,0
S-011497,control,desktop,13,0
S-011498,control,mobile,4,0
S-011499,treatment,mobile,2,0
S-011500,treatment,mobile,10,0
S-011501,control,mobile,10,0
S-011502,control,desktop,7,0
S-011503,treatment,desktop,12,1
S-011504,treatment,mobile,10,0
S-011505,treatment,desktop,1,0
S-011506,treatment,mobile,6,0
S-011507,treatment,mobile,10,0
S-011508,control,desktop,9,0
S-011509,treatment,mobile,4,0
S-011510,control,desktop,3,0
S-011511,treatment,mobile,6,0
S-011512,control,desktop,4,0
S-011513,control,desktop,4,1
S-011514,treatment,mobile,13,0
S-011515,treatment,mobile,3,0
S-011516,treatment,mobile,11,0
S-011517,control,desktop,13,0
S-011518,control,mobile,5,0
S-011519,control,desktop,8,0
S-011520,control,desktop,5,0
S-011521,control,desktop,13,0
S-011522,control,desktop,6,0
S-011523,control,desktop,7,0
S-011524,treatment,mobile,9,0
S-011525,treatment,mobile,3,0
S-011526,control,desktop,7,0
S-011527,control,desktop,7,0
S-011528,treatment,mobile,1,0
S-011529,treatment,mobile,5,0
S-011530,treatment,desktop,7,0
S-011531,control,desktop,3,0
S-011532,control,desktop,10,0
S-011533,treatment,mobile,4,0
S-011534,treatment,mobile,11,0
S-011535,control,desktop,13,0
S-011536,control,mobile,10,0
S-011537,treatment,mobile,5,0
S-011538,control,desktop,14,1
S-011539,treatment,mobile,6,1
S-011540,control,desktop,6,0
S-011541,treatment,mobile,9,0
S-011542,control,desktop,11,0
S-011543,control,mobile,5,0
S-011544,treatment,mobile,14,0
S-011545,treatment,mobile,11,0
S-011546,control,desktop,2,0
S-011547,control,desktop,9,0
S-011548,control,desktop,14,1
S-011549,control,desktop,6,0
S-011550,control,desktop,3,0
S-011551,treatment,mobile,8,0
S-011552,treatment,mobile,12,0
S-011553,control,mobile,12,0
S-011554,treatment,mobile,5,0
S-011555,control,desktop,7,0
S-011556,control,mobile,10,0
S-011557,control,mobile,1,0
S-011558,control,desktop,1,0
S-011559,control,mobile,2,0
S-011560,treatment,desktop,12,0
S-011561,treatment,desktop,1,0
S-011562,treatment,mobile,14,0
S-011563,treatment,mobile,12,0
S-011564,treatment,mobile,6,0
S-011565,control,desktop,7,0
S-011566,treatment,mobile,8,0
S-011567,control,mobile,7,0
S-011568,control,mobile,1,0
S-011569,control,desktop,2,0
S-011570,control,desktop,5,0
S-011571,treatment,mobile,8,0
S-011572,control,desktop,5,0
S-011573,control,desktop,3,0
S-011574,treatment,desktop,10,1
S-011575,treatment,desktop,2,0
S-011576,treatment,mobile,1,0
S-011577,treatment,mobile,9,0
S-011578,treatment,mobile,6,0
S-011579,treatment,mobile,13,0
S-011580,control,desktop,2,0
S-011581,control,desktop,13,0
S-011582,treatment,mobile,14,0
S-011583,treatment,mobile,8,0
S-011584,control,desktop,12,0
S-011585,control,mobile,13,1
S-011586,treatment,mobile,7,0
S-011587,treatment,mobile,7,0
S-011588,treatment,mobile,9,0
S-011589,treatment,desktop,4,0
S-011590,control,desktop,13,0
S-011591,treatment,mobile,6,0
S-011592,treatment,mobile,10,0
S-011593,control,desktop,12,0
S-011594,treatment,mobile,3,0
S-011595,control,mobile,11,0
S-011596,treatment,mobile,13,1
S-011597,treatment,mobile,14,0
S-011598,treatment,mobile,8,0
S-011599,treatment,mobile,10,0
S-011600,control,desktop,2,0
S-011601,control,desktop,5,1
S-011602,treatment,mobile,14,0
S-011603,control,desktop,13,0
S-011604,treatment,mobile,13,0
S-011605,treatment,mobile,13,0
S-011606,control,desktop,4,0
S-011607,control,desktop,6,0
S-011608,control,desktop,6,0
S-011609,treatment,mobile,1,0
S-011610,control,mobile,8,0
S-011611,control,desktop,7,0
S-011612,control,desktop,14,0
S-011613,treatment,mobile,14,0
S-011614,treatment,mobile,13,1
S-011615,treatment,mobile,9,0
S-011616,control,desktop,10,0
S-011617,control,desktop,5,0
S-011618,treatment,mobile,9,0
S-011619,treatment,mobile,5,0
S-011620,treatment,mobile,11,0
S-011621,control,mobile,2,0
S-011622,treatment,mobile,11,0
S-011623,treatment,desktop,14,0
S-011624,treatment,mobile,5,0
S-011625,treatment,mobile,5,0
S-011626,treatment,mobile,2,0
S-011627,treatment,mobile,13,0
S-011628,treatment,mobile,11,0
S-011629,treatment,mobile,13,0
S-011630,treatment,mobile,8,1
S-011631,treatment,mobile,9,0
S-011632,control,desktop,1,1
S-011633,treatment,mobile,11,0
S-011634,control,desktop,1,0
S-011635,control,desktop,1,0
S-011636,control,desktop,3,1
S-011637,control,mobile,1,0
S-011638,control,desktop,14,0
S-011639,treatment,mobile,10,0
S-011640,control,desktop,5,0
S-011641,treatment,desktop,5,0
S-011642,control,desktop,4,0
S-011643,control,desktop,13,0
S-011644,control,desktop,14,1
S-011645,treatment,mobile,10,0
S-011646,treatment,mobile,12,1
S-011647,control,desktop,3,0
S-011648,treatment,desktop,10,0
S-011649,control,desktop,7,0
S-011650,control,desktop,14,0
S-011651,treatment,desktop,8,0
S-011652,control,desktop,5,0
S-011653,control,mobile,12,0
S-011654,treatment,desktop,11,1
S-011655,treatment,mobile,3,0
S-011656,control,desktop,9,0
S-011657,control,desktop,1,0
S-011658,treatment,desktop,8,1
S-011659,control,desktop,11,0
S-011660,control,desktop,6,0
S-011661,control,desktop,9,0
S-011662,treatment,mobile,5,0
S-011663,control,desktop,4,0
S-011664,treatment,desktop,2,0
S-011665,control,mobile,1,0
S-011666,treatment,mobile,6,0
S-011667,control,desktop,10,0
S-011668,control,mobile,9,0
S-011669,control,desktop,4,1
S-011670,treatment,mobile,11,0
S-011671,treatment,mobile,13,0
S-011672,treatment,mobile,3,0
S-011673,treatment,mobile,9,0
S-011674,control,mobile,12,0
S-011675,treatment,mobile,8,0
S-011676,control,desktop,9,0
S-011677,control,desktop,11,1
S-011678,treatment,mobile,6,0
S-011679,control,desktop,12,0
S-011680,control,desktop,10,0
S-011681,treatment,mobile,3,0
S-011682,control,desktop,7,0
S-011683,control,desktop,2,0
S-011684,treatment,mobile,7,0
S-011685,treatment,mobile,7,0
S-011686,treatment,mobile,11,0
S-011687,treatment,mobile,11,0
S-011688,control,mobile,4,0
S-011689,treatment,mobile,1,0
S-011690,treatment,mobile,7,0
S-011691,control,desktop,12,0
S-011692,control,mobile,14,0
S-011693,treatment,mobile,13,0
S-011694,treatment,desktop,4,0
S-011695,treatment,mobile,12,0
S-011696,treatment,desktop,9,0
S-011697,treatment,mobile,3,0
S-011698,control,mobile,10,0
S-011699,treatment,mobile,5,0
S-011700,treatment,desktop,5,1
S-011701,treatment,desktop,4,0
S-011702,control,desktop,3,1
S-011703,control,desktop,6,0
S-011704,treatment,mobile,1,0
S-011705,control,desktop,2,0
S-011706,treatment,mobile,12,0
S-011707,treatment,mobile,10,1
S-011708,treatment,mobile,9,0
S-011709,treatment,desktop,4,0
S-011710,treatment,mobile,11,0
S-011711,treatment,mobile,10,0
S-011712,treatment,mobile,13,0
S-011713,control,desktop,9,0
S-011714,treatment,mobile,2,0
S-011715,treatment,mobile,13,0
S-011716,treatment,mobile,2,0
S-011717,control,mobile,6,0
S-011718,control,mobile,10,0
S-011719,treatment,mobile,3,0
S-011720,control,desktop,8,0
S-011721,control,desktop,12,0
S-011722,control,desktop,6,0
S-011723,treatment,desktop,10,1
S-011724,control,desktop,11,0
S-011725,treatment,mobile,7,0
S-011726,control,desktop,6,0
S-011727,control,desktop,11,0
S-011728,control,desktop,7,0
S-011729,control,desktop,9,0
S-011730,treatment,mobile,8,0
S-011731,treatment,mobile,3,0
S-011732,treatment,mobile,6,0
S-011733,treatment,mobile,11,0
S-011734,control,desktop,12,1
S-011735,treatment,mobile,1,0
S-011736,treatment,mobile,1,0
S-011737,control,desktop,9,0
S-011738,treatment,mobile,13,0
S-011739,control,desktop,14,1
S-011740,treatment,mobile,5,0
S-011741,control,desktop,8,0
S-011742,treatment,mobile,14,0
S-011743,control,desktop,2,1
S-011744,control,mobile,8,1
S-011745,treatment,desktop,11,0
S-011746,control,desktop,4,1
S-011747,treatment,mobile,9,0
S-011748,control,desktop,8,1
S-011749,control,desktop,12,0
S-011750,treatment,mobile,6,0
S-011751,treatment,mobile,3,0
S-011752,control,desktop,10,0
S-011753,control,desktop,7,0
S-011754,control,mobile,13,0
S-011755,control,desktop,9,0
S-011756,control,desktop,7,1
S-011757,control,desktop,5,0
S-011758,control,desktop,12,0
S-011759,treatment,mobile,4,0
S-011760,treatment,mobile,3,0
S-011761,treatment,mobile,8,0
S-011762,treatment,mobile,8,0
S-011763,treatment,mobile,9,0
S-011764,control,desktop,1,0
S-011765,control,desktop,10,1
S-011766,treatment,mobile,10,0
S-011767,treatment,mobile,6,0
S-011768,control,desktop,10,0
S-011769,treatment,mobile,5,0
S-011770,control,desktop,8,0
S-011771,treatment,desktop,1,1
S-011772,treatment,mobile,9,0
S-011773,control,desktop,2,0
S-011774,treatment,mobile,1,0
S-011775,control,mobile,13,0
S-011776,control,desktop,3,0
S-011777,control,desktop,5,0
S-011778,control,desktop,5,1
S-011779,control,mobile,13,0
S-011780,control,mobile,3,0
S-011781,control,desktop,10,0
S-011782,treatment,desktop,5,0
S-011783,treatment,mobile,13,0
S-011784,treatment,mobile,13,0
S-011785,treatment,mobile,9,0
S-011786,control,desktop,11,0
S-011787,control,desktop,5,0
S-011788,treatment,desktop,4,0
S-011789,control,desktop,9,0
S-011790,treatment,mobile,10,0
S-011791,control,desktop,13,0
S-011792,control,desktop,10,0
S-011793,control,desktop,12,0
S-011794,treatment,mobile,4,0
S-011795,control,mobile,4,0
S-011796,treatment,mobile,14,0
S-011797,treatment,mobile,9,0
S-011798,control,mobile,2,0
S-011799,control,desktop,9,0
S-011800,treatment,mobile,13,0
S-011801,control,desktop,7,0
S-011802,treatment,mobile,5,0
S-011803,treatment,mobile,7,0
S-011804,control,desktop,13,0
S-011805,treatment,mobile,14,0
S-011806,treatment,mobile,3,0
S-011807,treatment,mobile,2,0
S-011808,control,desktop,5,0
S-011809,treatment,mobile,2,0
S-011810,treatment,mobile,4,0
S-011811,treatment,mobile,11,0
S-011812,control,desktop,9,0
S-011813,treatment,mobile,6,0
S-011814,treatment,mobile,11,0
S-011815,treatment,mobile,7,0
S-011816,treatment,mobile,10,0
S-011817,treatment,mobile,11,0
S-011818,treatment,mobile,7,0
S-011819,treatment,mobile,2,1
S-011820,control,desktop,14,0
S-011821,control,mobile,11,0
S-011822,control,desktop,7,0
S-011823,control,desktop,11,0
S-011824,treatment,mobile,9,0
S-011825,treatment,mobile,10,0
S-011826,treatment,mobile,14,0
S-011827,control,desktop,13,0
S-011828,treatment,desktop,6,0
S-011829,control,desktop,1,0
S-011830,control,desktop,11,1
S-011831,treatment,mobile,11,0
S-011832,treatment,mobile,11,0
S-011833,control,desktop,9,0
S-011834,treatment,mobile,13,0
S-011835,control,desktop,7,0
S-011836,treatment,mobile,2,0
S-011837,treatment,mobile,3,1
S-011838,control,mobile,5,0
S-011839,treatment,mobile,13,0
S-011840,control,mobile,6,0
S-011841,treatment,mobile,6,0
S-011842,control,desktop,12,0
S-011843,treatment,mobile,11,0
S-011844,control,desktop,14,0
S-011845,treatment,mobile,3,0
S-011846,control,mobile,8,0
S-011847,treatment,mobile,10,0
S-011848,control,desktop,11,0
S-011849,control,mobile,7,0
S-011850,control,desktop,2,0
S-011851,control,desktop,5,0
S-011852,control,mobile,5,0
S-011853,treatment,mobile,2,0
S-011854,treatment,mobile,12,0
S-011855,treatment,mobile,8,0
S-011856,treatment,mobile,5,0
S-011857,control,desktop,3,0
S-011858,control,mobile,2,0
S-011859,treatment,mobile,6,0
S-011860,treatment,mobile,12,0
S-011861,treatment,mobile,3,0
S-011862,treatment,mobile,2,0
S-011863,control,desktop,12,0
S-011864,control,mobile,4,0
S-011865,treatment,mobile,6,0
S-011866,treatment,mobile,3,0
S-011867,control,desktop,14,0
S-011868,control,desktop,6,0
S-011869,treatment,mobile,5,0
S-011870,treatment,mobile,9,0
S-011871,treatment,mobile,8,0
S-011872,control,desktop,7,0
S-011873,treatment,mobile,10,0
S-011874,treatment,mobile,8,0
S-011875,treatment,mobile,1,0
S-011876,control,desktop,8,0
S-011877,treatment,mobile,11,1
S-011878,control,desktop,10,0
S-011879,control,desktop,3,1
S-011880,control,desktop,6,0
S-011881,treatment,mobile,3,0
S-011882,control,desktop,5,0
S-011883,control,desktop,7,1
S-011884,control,desktop,11,0
S-011885,control,desktop,7,0
S-011886,control,mobile,10,0
S-011887,control,mobile,14,0
S-011888,treatment,mobile,3,0
S-011889,control,desktop,13,0
S-011890,treatment,desktop,10,0
S-011891,control,mobile,2,0
S-011892,treatment,mobile,14,0
S-011893,treatment,mobile,12,0
S-011894,treatment,mobile,12,0
S-011895,treatment,mobile,3,0
S-011896,control,desktop,12,0
S-011897,control,mobile,12,0
S-011898,control,desktop,5,0
S-011899,treatment,mobile,5,0
S-011900,treatment,mobile,12,0
S-011901,treatment,desktop,7,0
S-011902,treatment,mobile,3,0
S-011903,control,desktop,12,0
S-011904,control,desktop,4,0
S-011905,control,mobile,10,0
S-011906,treatment,mobile,3,0
S-011907,treatment,mobile,13,0
S-011908,treatment,desktop,10,0
S-011909,control,desktop,7,0
S-011910,treatment,desktop,14,0
S-011911,treatment,mobile,4,0
S-011912,treatment,mobile,11,0
S-011913,control,desktop,6,0
S-011914,control,mobile,5,0
S-011915,control,desktop,11,1
S-011916,treatment,mobile,1,0
S-011917,treatment,mobile,5,0
S-011918,control,desktop,10,1
S-011919,control,desktop,4,0
S-011920,treatment,mobile,9,0
S-011921,control,desktop,11,0
S-011922,control,mobile,6,0
S-011923,control,desktop,10,0
S-011924,control,desktop,2,0
S-011925,control,desktop,2,0
S-011926,treatment,mobile,13,0
S-011927,treatment,mobile,7,0
S-011928,treatment,mobile,3,0
S-011929,control,desktop,12,0
S-011930,treatment,mobile,3,0
S-011931,treatment,mobile,4,1
S-011932,treatment,mobile,7,0
S-011933,treatment,mobile,7,0
S-011934,treatment,mobile,5,0
S-011935,control,mobile,5,0
S-011936,control,desktop,10,0
S-011937,treatment,mobile,14,0
S-011938,control,desktop,7,0
S-011939,treatment,mobile,6,0
S-011940,control,desktop,10,0
S-011941,control,desktop,9,1
S-011942,control,desktop,1,0
S-011943,control,desktop,6,0
S-011944,treatment,mobile,5,0
S-011945,treatment,mobile,6,0
S-011946,control,desktop,11,0
S-011947,control,mobile,9,0
S-011948,control,desktop,9,0
S-011949,treatment,desktop,13,0
S-011950,control,desktop,9,1
S-011951,control,desktop,5,0
S-011952,control,desktop,14,1
S-011953,control,desktop,3,0
S-011954,treatment,desktop,12,0
S-011955,treatment,mobile,2,0
S-011956,treatment,mobile,2,0
S-011957,treatment,mobile,3,0
S-011958,treatment,mobile,14,0
S-011959,treatment,mobile,8,0
S-011960,control,desktop,6,0
S-011961,treatment,mobile,4,0
S-011962,control,mobile,9,0
S-011963,control,mobile,12,0
S-011964,treatment,mobile,6,0
S-011965,control,desktop,5,0
S-011966,control,mobile,10,0
S-011967,treatment,mobile,1,0
S-011968,control,desktop,1,0
S-011969,treatment,mobile,3,0
S-011970,treatment,desktop,5,1
S-011971,control,desktop,8,0
S-011972,treatment,mobile,5,0
S-011973,treatment,mobile,11,0
S-011974,treatment,mobile,6,0
S-011975,control,desktop,12,0
S-011976,treatment,mobile,9,0
S-011977,control,desktop,9,0
S-011978,control,desktop,8,0
S-011979,treatment,desktop,4,0
S-011980,treatment,mobile,5,0
S-011981,treatment,mobile,14,0
S-011982,treatment,mobile,10,0
S-011983,treatment,mobile,1,0
S-011984,control,mobile,14,0
S-011985,control,desktop,10,0
S-011986,control,desktop,7,0
S-011987,control,desktop,13,0
S-011988,control,desktop,6,0
S-011989,treatment,mobile,1,0
S-011990,treatment,mobile,1,0
S-011991,treatment,mobile,5,0
S-011992,treatment,mobile,6,0
S-011993,treatment,desktop,13,1
S-011994,treatment,mobile,7,0
S-011995,control,desktop,4,0
S-011996,control,desktop,9,0
S-011997,control,desktop,11,0
S-011998,control,desktop,10,0
S-011999,treatment,mobile,8,0
S-012000,control,mobile,8,0
S-012001,treatment,mobile,3,0
S-012002,treatment,mobile,2,0
S-012003,treatment,mobile,11,0
S-012004,control,desktop,8,0
S-012005,control,desktop,5,1
S-012006,control,desktop,9,0
S-012007,treatment,mobile,9,0
S-012008,treatment,desktop,4,0
S-012009,control,desktop,5,0
S-012010,control,desktop,12,0
S-012011,control,mobile,11,0
S-012012,control,mobile,10,0
S-012013,control,desktop,8,0
S-012014,treatment,mobile,11,0
S-012015,treatment,mobile,2,0
S-012016,control,desktop,10,1
S-012017,control,desktop,12,0
S-012018,treatment,mobile,7,0
S-012019,treatment,mobile,11,0
S-012020,control,mobile,10,0
S-012021,treatment,desktop,7,0
S-012022,control,mobile,1,0
S-012023,control,desktop,5,0
S-012024,control,desktop,8,0
S-012025,control,desktop,4,0
S-012026,treatment,mobile,1,0
S-012027,treatment,mobile,3,0
S-012028,control,desktop,12,0
S-012029,treatment,mobile,10,0
S-012030,treatment,mobile,10,0
S-012031,treatment,mobile,11,0
S-012032,control,desktop,8,0
S-012033,control,desktop,6,0
S-012034,control,desktop,11,0
S-012035,treatment,mobile,5,0
S-012036,control,mobile,13,0
S-012037,treatment,mobile,7,0
S-012038,control,desktop,8,0
S-012039,treatment,mobile,5,0
S-012040,treatment,mobile,13,0
S-012041,control,desktop,4,0
S-012042,control,desktop,10,0
S-012043,treatment,mobile,11,0
S-012044,treatment,mobile,12,0
S-012045,control,mobile,13,0
S-012046,control,mobile,10,0
S-012047,control,desktop,5,0
S-012048,control,desktop,12,0
S-012049,treatment,mobile,13,0
S-012050,control,mobile,5,0
S-012051,treatment,mobile,4,0
S-012052,control,desktop,13,1
S-012053,treatment,mobile,12,0
S-012054,treatment,mobile,5,0
S-012055,treatment,mobile,2,0
S-012056,control,desktop,9,0
S-012057,treatment,mobile,7,0
S-012058,treatment,mobile,13,0
S-012059,control,desktop,4,0
S-012060,control,mobile,2,0
S-012061,control,desktop,3,0
S-012062,control,desktop,8,0
S-012063,control,desktop,7,1
S-012064,treatment,mobile,11,0
S-012065,treatment,desktop,13,0
S-012066,control,desktop,9,0
S-012067,treatment,mobile,10,0
S-012068,control,desktop,3,0
S-012069,control,mobile,13,0
S-012070,treatment,mobile,10,0
S-012071,control,desktop,1,0
S-012072,treatment,mobile,9,0
S-012073,treatment,mobile,4,0
S-012074,treatment,mobile,3,0
S-012075,control,mobile,8,0
S-012076,treatment,mobile,7,1
S-012077,control,mobile,1,0
S-012078,treatment,desktop,2,0
S-012079,control,mobile,13,0
S-012080,control,desktop,1,0
S-012081,treatment,mobile,7,0
S-012082,control,desktop,9,0
S-012083,control,desktop,6,0
S-012084,control,mobile,4,0
S-012085,treatment,mobile,1,0
S-012086,treatment,mobile,6,0
S-012087,treatment,mobile,14,0
S-012088,control,mobile,4,0
S-012089,control,desktop,14,0
S-012090,treatment,mobile,9,0
S-012091,treatment,mobile,3,0
S-012092,control,desktop,6,0
S-012093,treatment,mobile,9,0
S-012094,treatment,mobile,14,0
S-012095,control,desktop,9,0
S-012096,treatment,mobile,14,0
S-012097,control,desktop,8,1
S-012098,treatment,mobile,5,0
S-012099,control,mobile,1,0
S-012100,treatment,mobile,10,0
S-012101,treatment,mobile,12,0
S-012102,treatment,mobile,12,1
S-012103,control,desktop,9,0
S-012104,treatment,mobile,7,0
S-012105,control,mobile,4,0
S-012106,treatment,desktop,2,0
S-012107,control,mobile,4,0
S-012108,treatment,mobile,14,0
S-012109,control,desktop,12,0
S-012110,control,desktop,12,0
S-012111,control,desktop,9,0
S-012112,treatment,mobile,3,0
S-012113,control,desktop,7,0
S-012114,treatment,mobile,4,0
S-012115,control,mobile,2,0
S-012116,treatment,mobile,14,0
S-012117,control,desktop,13,0
S-012118,control,mobile,7,0
S-012119,control,mobile,7,0
S-012120,control,desktop,1,1
S-012121,treatment,mobile,1,0
S-012122,treatment,mobile,4,0
S-012123,control,desktop,3,1
S-012124,control,desktop,2,0
S-012125,control,desktop,1,0
S-012126,control,mobile,5,0
S-012127,treatment,mobile,12,0
S-012128,treatment,desktop,8,0
S-012129,control,desktop,3,0
S-012130,treatment,mobile,8,0
S-012131,control,desktop,1,1
S-012132,control,desktop,3,1
S-012133,treatment,mobile,10,0
S-012134,treatment,mobile,5,0
S-012135,treatment,mobile,13,0
S-012136,treatment,mobile,1,0
S-012137,treatment,mobile,12,0
S-012138,control,mobile,5,0
S-012139,control,desktop,6,0
S-012140,treatment,mobile,1,0
S-012141,control,desktop,11,0
S-012142,control,desktop,8,0
S-012143,treatment,mobile,5,1
S-012144,control,desktop,9,0
S-012145,treatment,mobile,7,0
S-012146,treatment,mobile,11,0
S-012147,control,mobile,10,1
S-012148,control,mobile,13,0
S-012149,treatment,mobile,11,0
S-012150,control,desktop,12,0
S-012151,treatment,mobile,14,0
S-012152,treatment,mobile,5,0
S-012153,control,desktop,1,0
S-012154,treatment,mobile,14,0
S-012155,treatment,mobile,1,0
S-012156,control,mobile,12,0
S-012157,control,mobile,3,0
S-012158,control,desktop,8,0
S-012159,control,desktop,4,0
S-012160,treatment,mobile,2,0
S-012161,control,desktop,3,0
S-012162,control,desktop,1,0
S-012163,control,desktop,8,0
S-012164,treatment,mobile,14,0
S-012165,control,mobile,7,0
S-012166,control,desktop,3,1
S-012167,treatment,mobile,8,0
S-012168,control,desktop,2,0
S-012169,treatment,mobile,2,0
S-012170,control,desktop,9,0
S-012171,control,mobile,1,0
S-012172,control,desktop,3,0
S-012173,control,desktop,13,0
S-012174,control,desktop,6,0
S-012175,treatment,mobile,14,0
S-012176,treatment,desktop,13,0
S-012177,treatment,mobile,6,0
S-012178,control,desktop,12,0
S-012179,treatment,mobile,7,0
S-012180,control,desktop,11,0
S-012181,control,desktop,9,0
S-012182,control,desktop,11,0
S-012183,treatment,mobile,1,0
S-012184,treatment,mobile,9,0
S-012185,treatment,mobile,7,0
S-012186,treatment,mobile,8,0
S-012187,control,desktop,10,0
S-012188,control,desktop,14,1
S-012189,treatment,mobile,2,0
S-012190,control,desktop,4,0
S-012191,treatment,mobile,11,0
S-012192,treatment,mobile,6,0
S-012193,control,mobile,8,0
S-012194,treatment,mobile,5,1
S-012195,treatment,mobile,12,0
S-012196,treatment,mobile,11,0
S-012197,treatment,desktop,2,0
S-012198,control,desktop,2,0
S-012199,treatment,mobile,12,0
S-012200,control,desktop,3,0
S-012201,treatment,mobile,13,0
S-012202,control,desktop,10,0
S-012203,treatment,mobile,5,0
S-012204,control,desktop,5,0
S-012205,control,mobile,13,0
S-012206,treatment,mobile,3,0
S-012207,treatment,mobile,1,0
S-012208,control,desktop,10,0
S-012209,control,desktop,12,0
S-012210,treatment,mobile,11,0
S-012211,control,desktop,4,0
S-012212,control,desktop,3,1
S-012213,control,desktop,5,1
S-012214,treatment,mobile,1,0
S-012215,control,desktop,4,0
S-012216,treatment,mobile,4,0
S-012217,control,desktop,10,0
S-012218,treatment,mobile,9,1
S-012219,control,desktop,10,0
S-012220,treatment,mobile,9,0
S-012221,control,desktop,5,0
S-012222,control,mobile,6,0
S-012223,treatment,desktop,7,0
S-012224,control,desktop,4,0
S-012225,treatment,mobile,8,0
S-012226,control,desktop,13,0
S-012227,control,mobile,4,0
S-012228,treatment,desktop,14,0
S-012229,control,desktop,8,1
S-012230,control,desktop,5,0
S-012231,treatment,mobile,11,0
S-012232,treatment,desktop,12,0
S-012233,control,desktop,11,1
S-012234,control,mobile,13,0
S-012235,treatment,mobile,6,0
S-012236,control,desktop,4,0
S-012237,treatment,mobile,1,0
S-012238,control,desktop,3,0
S-012239,treatment,mobile,9,0
S-012240,treatment,mobile,7,0
S-012241,control,desktop,7,0
S-012242,treatment,mobile,4,0
S-012243,treatment,mobile,11,0
S-012244,control,desktop,1,0
S-012245,control,desktop,7,1
S-012246,treatment,mobile,1,0
S-012247,control,desktop,9,0
S-012248,treatment,mobile,11,0
S-012249,control,desktop,1,0
S-012250,control,mobile,8,0
S-012251,treatment,mobile,1,0
S-012252,control,mobile,1,0
S-012253,treatment,mobile,12,0
S-012254,treatment,mobile,6,0
S-012255,treatment,mobile,7,0
S-012256,control,desktop,12,1
S-012257,treatment,mobile,10,0
S-012258,control,mobile,1,0
S-012259,treatment,mobile,8,0
S-012260,control,desktop,3,0
S-012261,treatment,mobile,2,0
S-012262,treatment,mobile,5,1
S-012263,control,desktop,12,0
S-012264,treatment,mobile,2,0
S-012265,treatment,desktop,6,0
S-012266,treatment,mobile,13,0
S-012267,control,desktop,8,0
S-012268,control,mobile,8,0
S-012269,control,desktop,4,0
S-012270,control,desktop,2,0
S-012271,control,desktop,5,0
S-012272,treatment,mobile,3,0
S-012273,treatment,desktop,14,0
S-012274,control,desktop,2,1
S-012275,treatment,mobile,7,0
S-012276,control,desktop,8,0
S-012277,treatment,desktop,14,0
S-012278,treatment,mobile,7,0
S-012279,treatment,mobile,13,0
S-012280,control,desktop,8,0
S-012281,control,desktop,3,0
S-012282,control,desktop,5,0
S-012283,control,desktop,13,1
S-012284,treatment,mobile,7,0
S-012285,control,mobile,9,0
S-012286,control,desktop,2,0
S-012287,control,mobile,4,0
S-012288,treatment,mobile,4,0
S-012289,control,mobile,11,0
S-012290,control,desktop,9,0
S-012291,control,desktop,1,0
S-012292,control,desktop,14,0
S-012293,control,desktop,2,1
S-012294,control,mobile,1,0
S-012295,control,mobile,11,0
S-012296,treatment,mobile,3,0
S-012297,treatment,desktop,12,0
S-012298,treatment,mobile,8,0
S-012299,treatment,mobile,4,0
S-012300,treatment,mobile,1,0
S-012301,control,desktop,14,0
S-012302,treatment,mobile,10,0
S-012303,treatment,mobile,5,0
S-012304,control,mobile,5,0
S-012305,control,desktop,14,0
S-012306,treatment,mobile,2,0
S-012307,treatment,desktop,7,0
S-012308,control,desktop,8,0
S-012309,treatment,mobile,11,0
S-012310,control,desktop,5,0
S-012311,treatment,mobile,13,0
S-012312,control,mobile,8,0
S-012313,control,mobile,11,0
S-012314,treatment,mobile,13,0
S-012315,treatment,mobile,12,0
S-012316,control,desktop,14,0
S-012317,control,desktop,7,0
S-012318,control,mobile,9,0
S-012319,treatment,mobile,1,0
S-012320,control,desktop,2,0
S-012321,treatment,mobile,14,0
S-012322,control,desktop,9,0
S-012323,treatment,mobile,11,0
S-012324,treatment,mobile,14,0
S-012325,treatment,mobile,11,0
S-012326,control,desktop,1,0
S-012327,control,desktop,7,0
S-012328,control,desktop,1,0
S-012329,treatment,mobile,12,0
S-012330,control,desktop,11,0
S-012331,control,desktop,6,0
S-012332,treatment,mobile,9,0
S-012333,treatment,mobile,2,0
S-012334,control,desktop,12,0
S-012335,treatment,desktop,11,0
S-012336,treatment,mobile,5,0
S-012337,control,desktop,5,1
S-012338,control,desktop,6,0
S-012339,control,desktop,8,0
S-012340,treatment,mobile,11,0
S-012341,control,desktop,14,0
S-012342,treatment,mobile,13,0
S-012343,control,desktop,8,0
S-012344,treatment,mobile,12,0
S-012345,treatment,mobile,3,0
S-012346,control,mobile,5,0
S-012347,treatment,mobile,4,1
S-012348,treatment,mobile,13,0
S-012349,control,desktop,4,0
S-012350,treatment,mobile,12,0
S-012351,treatment,mobile,6,0
S-012352,control,desktop,10,1
S-012353,control,mobile,7,1
S-012354,control,mobile,14,0
S-012355,control,desktop,6,0
S-012356,treatment,mobile,2,0
S-012357,control,desktop,4,1
S-012358,treatment,mobile,2,0
S-012359,treatment,mobile,3,0
S-012360,control,desktop,9,0
S-012361,control,desktop,7,0
S-012362,control,mobile,13,0
S-012363,treatment,mobile,6,0
S-012364,control,desktop,9,0
S-012365,control,desktop,11,0
S-012366,control,desktop,2,0
S-012367,control,desktop,14,0
S-012368,control,desktop,7,0
S-012369,control,desktop,9,0
S-012370,treatment,mobile,14,0
S-012371,control,desktop,7,0
S-012372,treatment,mobile,3,0
S-012373,control,desktop,3,0
S-012374,control,desktop,9,0
S-012375,control,desktop,6,0
S-012376,control,desktop,12,0
S-012377,control,desktop,9,0
S-012378,control,desktop,7,1
S-012379,control,mobile,2,0
S-012380,treatment,mobile,2,0
S-012381,treatment,mobile,4,0
S-012382,treatment,mobile,6,0
S-012383,control,desktop,8,0
S-012384,control,desktop,11,0
S-012385,treatment,mobile,14,0
S-012386,control,desktop,8,1
S-012387,treatment,mobile,7,0
S-012388,treatment,mobile,10,1
S-012389,control,desktop,2,0
S-012390,treatment,mobile,9,0
S-012391,control,desktop,4,0
S-012392,treatment,mobile,13,0
S-012393,control,mobile,5,1
S-012394,treatment,desktop,12,0
S-012395,control,desktop,13,0
S-012396,control,desktop,14,0
S-012397,treatment,mobile,1,0
S-012398,control,desktop,7,0
S-012399,control,desktop,6,0
S-012400,control,desktop,13,0
S-012401,treatment,mobile,6,0
S-012402,control,desktop,11,0
S-012403,treatment,mobile,11,0
S-012404,control,desktop,1,0
S-012405,control,mobile,3,0
S-012406,treatment,mobile,13,0
S-012407,control,mobile,3,1
S-012408,control,desktop,9,0
S-012409,control,desktop,2,0
S-012410,control,desktop,11,0
S-012411,treatment,mobile,11,0
S-012412,treatment,mobile,13,0
S-012413,treatment,mobile,4,0
S-012414,control,mobile,7,0
S-012415,treatment,mobile,10,0
S-012416,treatment,desktop,3,0
S-012417,control,desktop,2,0
S-012418,control,mobile,4,0
S-012419,control,desktop,2,0
S-012420,control,desktop,12,0
S-012421,control,desktop,11,1
S-012422,treatment,mobile,13,0
S-012423,control,desktop,12,0
S-012424,control,desktop,1,0
S-012425,treatment,desktop,11,0
S-012426,treatment,mobile,6,0
S-012427,treatment,mobile,11,0
S-012428,control,desktop,2,0
S-012429,treatment,mobile,4,0
S-012430,control,desktop,14,0
S-012431,control,desktop,5,0
S-012432,treatment,desktop,3,0
S-012433,treatment,mobile,5,0
S-012434,control,desktop,8,0
S-012435,treatment,mobile,13,0
S-012436,control,desktop,1,0
S-012437,control,desktop,6,0
S-012438,control,desktop,2,0
S-012439,control,desktop,3,0
S-012440,control,desktop,5,0
S-012441,control,desktop,13,0
S-012442,treatment,mobile,7,0
S-012443,control,desktop,14,0
S-012444,control,desktop,4,0
S-012445,treatment,desktop,12,0
S-012446,treatment,mobile,12,0
S-012447,control,desktop,8,0
S-012448,treatment,mobile,5,0
S-012449,control,desktop,12,0
S-012450,control,desktop,7,0
S-012451,treatment,mobile,11,0
S-012452,treatment,mobile,3,0
S-012453,control,desktop,7,0
S-012454,control,desktop,11,0
S-012455,control,mobile,5,0
S-012456,control,desktop,6,0
S-012457,treatment,mobile,14,0
S-012458,treatment,mobile,6,0
S-012459,control,desktop,3,0
S-012460,treatment,desktop,11,0
S-012461,control,desktop,2,1
S-012462,treatment,mobile,4,0
S-012463,control,desktop,5,0
S-012464,control,desktop,9,0
S-012465,control,mobile,1,0
S-012466,treatment,mobile,10,0
S-012467,control,desktop,3,0
S-012468,treatment,desktop,1,0
S-012469,treatment,desktop,6,0
S-012470,control,desktop,1,0
S-012471,treatment,mobile,2,0
S-012472,control,mobile,11,0
S-012473,control,mobile,2,0
S-012474,treatment,mobile,11,0
S-012475,control,desktop,9,0
S-012476,treatment,mobile,10,0
S-012477,control,mobile,2,0
S-012478,treatment,mobile,1,0
S-012479,treatment,desktop,10,0
S-012480,treatment,mobile,7,0
S-012481,control,desktop,5,0
S-012482,control,desktop,9,0
S-012483,control,desktop,12,0
S-012484,control,desktop,7,0
S-012485,treatment,mobile,11,0
S-012486,control,desktop,1,0
S-012487,treatment,desktop,5,1
S-012488,treatment,mobile,14,0
S-012489,treatment,mobile,6,0
S-012490,treatment,mobile,10,0
S-012491,treatment,mobile,9,0
S-012492,control,mobile,14,0
S-012493,treatment,mobile,12,0
S-012494,control,desktop,9,0
S-012495,treatment,mobile,7,0
S-012496,control,desktop,5,0
S-012497,treatment,mobile,2,0
S-012498,treatment,mobile,8,0
S-012499,control,desktop,13,0
S-012500,control,desktop,11,0
S-012501,treatment,mobile,14,0
S-012502,treatment,mobile,10,0
S-012503,control,desktop,11,0
S-012504,control,desktop,1,0
S-012505,treatment,desktop,1,0
S-012506,control,mobile,9,0
S-012507,treatment,mobile,11,0
S-012508,treatment,mobile,14,0
S-012509,treatment,mobile,13,0
S-012510,treatment,mobile,8,0
S-012511,treatment,mobile,10,0
S-012512,control,desktop,9,0
S-012513,treatment,mobile,11,0
S-012514,control,desktop,12,0
S-012515,treatment,mobile,8,0
S-012516,control,desktop,2,0
S-012517,control,mobile,8,0
S-012518,treatment,mobile,1,0
S-012519,control,desktop,2,0
S-012520,control,desktop,14,0
S-012521,treatment,mobile,13,0
S-012522,treatment,mobile,3,0
S-012523,treatment,mobile,10,0
S-012524,treatment,mobile,10,0
S-012525,control,mobile,1,0
S-012526,treatment,mobile,10,0
S-012527,treatment,mobile,7,1
S-012528,control,mobile,2,0
S-012529,treatment,mobile,2,0
S-012530,treatment,mobile,3,0
S-012531,treatment,desktop,4,0
S-012532,treatment,mobile,7,0
S-012533,treatment,desktop,5,0
S-012534,treatment,mobile,9,0
S-012535,treatment,mobile,11,0
S-012536,control,mobile,13,0
S-012537,treatment,mobile,3,0
S-012538,control,desktop,8,0
S-012539,treatment,mobile,13,1
S-012540,control,mobile,3,0
S-012541,control,desktop,6,0
S-012542,control,mobile,1,0
S-012543,control,desktop,9,1
S-012544,control,mobile,13,0
S-012545,treatment,mobile,7,0
S-012546,control,desktop,10,0
S-012547,control,mobile,2,0
S-012548,treatment,mobile,3,0
S-012549,control,desktop,6,0
S-012550,treatment,mobile,10,0
S-012551,treatment,mobile,14,1
S-012552,control,desktop,3,0
S-012553,control,mobile,2,1
S-012554,treatment,mobile,8,0
S-012555,treatment,mobile,13,0
S-012556,treatment,mobile,5,0
S-012557,control,desktop,2,0
S-012558,control,desktop,14,0
S-012559,treatment,mobile,2,0
S-012560,treatment,mobile,10,1
S-012561,treatment,mobile,2,0
S-012562,treatment,mobile,6,0
S-012563,treatment,mobile,14,0
S-012564,treatment,mobile,11,0
S-012565,treatment,mobile,11,0
S-012566,control,desktop,5,0
S-012567,control,desktop,9,0
S-012568,control,desktop,2,0
S-012569,treatment,mobile,10,0
S-012570,treatment,mobile,5,0
S-012571,control,desktop,5,0
S-012572,treatment,desktop,12,0
S-012573,control,desktop,9,0
S-012574,treatment,mobile,10,0
S-012575,control,desktop,1,1
S-012576,treatment,mobile,3,0
S-012577,control,mobile,3,0
S-012578,control,desktop,11,0
S-012579,treatment,mobile,11,0
S-012580,treatment,mobile,3,0
S-012581,treatment,mobile,9,0
S-012582,treatment,mobile,1,0
S-012583,treatment,mobile,7,0
S-012584,treatment,mobile,8,0
S-012585,control,desktop,4,0
S-012586,control,desktop,13,0
S-012587,treatment,mobile,14,0
S-012588,treatment,mobile,11,0
S-012589,treatment,mobile,4,0
S-012590,control,desktop,1,0
S-012591,control,desktop,7,0
S-012592,control,desktop,1,0
S-012593,control,desktop,11,1
S-012594,treatment,mobile,9,0
S-012595,control,desktop,12,0
S-012596,treatment,mobile,2,0
S-012597,control,desktop,2,0
S-012598,control,desktop,1,0
S-012599,treatment,mobile,13,0
S-012600,treatment,mobile,1,0
S-012601,treatment,mobile,5,0
S-012602,treatment,desktop,7,0
S-012603,treatment,mobile,1,0
S-012604,treatment,mobile,8,0
S-012605,treatment,mobile,7,0
S-012606,treatment,desktop,3,0
S-012607,treatment,mobile,2,0
S-012608,control,desktop,7,1
S-012609,treatment,mobile,6,0
S-012610,treatment,mobile,9,0
S-012611,treatment,mobile,3,0
S-012612,treatment,mobile,7,0
S-012613,treatment,mobile,6,0
S-012614,control,desktop,1,0
S-012615,treatment,mobile,13,0
S-012616,treatment,mobile,10,0
S-012617,control,mobile,1,1
S-012618,control,desktop,3,0
S-012619,treatment,mobile,8,1
S-012620,treatment,mobile,2,0
S-012621,control,desktop,14,0
S-012622,control,desktop,6,1
S-012623,treatment,mobile,1,0
S-012624,control,desktop,14,0
S-012625,treatment,mobile,13,0
S-012626,control,desktop,9,0
S-012627,treatment,mobile,14,0
S-012628,control,desktop,10,0
S-012629,treatment,mobile,14,0
S-012630,treatment,desktop,7,0
S-012631,control,mobile,6,0
S-012632,control,desktop,10,0
S-012633,control,desktop,2,0
S-012634,treatment,mobile,13,0
S-012635,control,desktop,10,1
S-012636,treatment,mobile,6,0
S-012637,treatment,mobile,4,0
S-012638,treatment,mobile,5,0
S-012639,control,mobile,12,0
S-012640,treatment,mobile,4,0
S-012641,treatment,mobile,7,0
S-012642,control,desktop,8,0
S-012643,treatment,mobile,8,0
S-012644,control,desktop,3,0
S-012645,treatment,mobile,8,0
S-012646,control,mobile,3,0
S-012647,treatment,desktop,12,0
S-012648,control,desktop,1,0
S-012649,treatment,mobile,9,0
S-012650,treatment,mobile,4,0
S-012651,treatment,desktop,14,1
S-012652,treatment,mobile,13,0
S-012653,treatment,mobile,11,0
S-012654,treatment,mobile,3,0
S-012655,control,desktop,13,0
S-012656,treatment,mobile,3,0
S-012657,control,desktop,8,0
S-012658,control,desktop,12,1
S-012659,control,desktop,10,0
S-012660,control,desktop,14,0
S-012661,treatment,mobile,13,0
S-012662,treatment,mobile,8,0
S-012663,control,desktop,8,0
S-012664,treatment,mobile,7,0
S-012665,treatment,mobile,7,0
S-012666,treatment,desktop,13,1
S-012667,control,desktop,5,0
S-012668,control,desktop,10,0
S-012669,treatment,mobile,7,0
S-012670,control,desktop,1,0
S-012671,treatment,mobile,12,0
S-012672,treatment,mobile,2,0
S-012673,control,desktop,9,1
S-012674,treatment,mobile,7,0
S-012675,treatment,mobile,10,0
S-012676,control,desktop,11,0
S-012677,treatment,mobile,2,0
S-012678,control,desktop,5,0
S-012679,treatment,mobile,5,0
S-012680,treatment,desktop,11,0
S-012681,treatment,mobile,8,0
S-012682,control,desktop,10,0
S-012683,treatment,desktop,6,0
S-012684,treatment,mobile,8,0
S-012685,treatment,mobile,14,0
S-012686,control,desktop,2,0
S-012687,control,desktop,13,0
S-012688,control,desktop,7,0
S-012689,control,mobile,7,0
S-012690,control,mobile,4,0
S-012691,control,mobile,13,1
S-012692,control,mobile,1,0
S-012693,control,desktop,3,0
S-012694,treatment,mobile,1,0
S-012695,treatment,mobile,8,0
S-012696,control,desktop,4,0
S-012697,control,mobile,4,0
S-012698,control,desktop,4,1
S-012699,control,desktop,12,0
S-012700,treatment,mobile,13,0
S-012701,treatment,mobile,12,0
S-012702,control,desktop,11,0
S-012703,treatment,mobile,11,0
S-012704,control,desktop,13,0
S-012705,treatment,mobile,10,0
S-012706,treatment,mobile,9,0
S-012707,treatment,desktop,12,0
S-012708,control,mobile,14,0
S-012709,control,mobile,12,0
S-012710,control,desktop,10,0
S-012711,treatment,mobile,8,0
S-012712,control,desktop,1,1
S-012713,treatment,mobile,6,0
S-012714,control,desktop,10,0
S-012715,control,desktop,9,0
S-012716,control,mobile,12,0
S-012717,treatment,mobile,2,0
S-012718,treatment,mobile,6,0
S-012719,treatment,mobile,5,0
S-012720,control,desktop,2,0
S-012721,treatment,mobile,5,0
S-012722,treatment,mobile,14,0
S-012723,control,mobile,8,0
S-012724,treatment,mobile,2,0
S-012725,treatment,mobile,2,0
S-012726,control,desktop,13,0
S-012727,treatment,mobile,5,0
S-012728,control,desktop,9,0
S-012729,control,desktop,6,0
S-012730,control,mobile,13,0
S-012731,treatment,mobile,1,0
S-012732,control,desktop,7,0
S-012733,control,mobile,8,0
S-012734,control,desktop,8,0
S-012735,treatment,mobile,12,0
S-012736,treatment,mobile,1,0
S-012737,control,desktop,8,0
S-012738,control,desktop,2,0
S-012739,control,mobile,10,0
S-012740,treatment,mobile,11,0
S-012741,treatment,mobile,1,0
S-012742,treatment,mobile,8,0
S-012743,control,desktop,1,0
S-012744,control,desktop,11,0
S-012745,control,desktop,10,0
S-012746,control,desktop,8,0
S-012747,treatment,mobile,7,0
S-012748,control,desktop,6,0
S-012749,treatment,mobile,3,0
S-012750,treatment,mobile,10,0
S-012751,control,desktop,2,0
S-012752,treatment,mobile,10,0
S-012753,control,desktop,2,0
S-012754,treatment,mobile,12,0
S-012755,control,desktop,7,0
S-012756,treatment,mobile,1,0
S-012757,treatment,mobile,1,0
S-012758,control,desktop,1,0
S-012759,treatment,mobile,9,0
S-012760,control,desktop,13,0
S-012761,treatment,mobile,11,0
S-012762,control,desktop,12,0
S-012763,control,desktop,4,0
S-012764,control,desktop,13,1
S-012765,treatment,mobile,1,0
S-012766,treatment,mobile,12,0
S-012767,treatment,mobile,2,0
S-012768,control,mobile,11,0
S-012769,treatment,mobile,14,0
S-012770,treatment,mobile,2,0
S-012771,treatment,mobile,8,0
S-012772,treatment,mobile,9,0
S-012773,control,mobile,5,0
S-012774,treatment,mobile,2,0
S-012775,treatment,mobile,7,0
S-012776,treatment,mobile,11,0
S-012777,treatment,mobile,12,0
S-012778,control,mobile,9,0
S-012779,treatment,mobile,13,0
S-012780,treatment,mobile,3,0
S-012781,treatment,mobile,13,0
S-012782,control,mobile,2,0
S-012783,treatment,mobile,9,0
S-012784,treatment,mobile,11,0
S-012785,control,desktop,14,0
S-012786,treatment,mobile,13,0
S-012787,control,desktop,6,1
S-012788,treatment,mobile,1,0
S-012789,treatment,mobile,13,0
S-012790,treatment,mobile,9,0
S-012791,treatment,mobile,7,0
S-012792,treatment,mobile,10,0
S-012793,control,desktop,6,0
S-012794,treatment,mobile,3,0
S-012795,treatment,desktop,7,1
S-012796,control,mobile,1,0
S-012797,treatment,mobile,11,0
S-012798,treatment,desktop,6,0
S-012799,treatment,mobile,5,0
S-012800,control,desktop,9,0
S-012801,treatment,desktop,13,0
S-012802,treatment,mobile,2,0
S-012803,control,desktop,2,0
S-012804,control,desktop,2,0
S-012805,control,desktop,14,0
S-012806,treatment,mobile,6,0
S-012807,treatment,mobile,4,0
S-012808,control,mobile,10,0
S-012809,treatment,mobile,7,0
S-012810,control,desktop,5,0
S-012811,treatment,mobile,5,0
S-012812,treatment,desktop,12,1
S-012813,treatment,mobile,6,0
S-012814,control,mobile,14,0
S-012815,control,desktop,3,0
S-012816,treatment,mobile,9,0
S-012817,treatment,mobile,10,0
S-012818,treatment,mobile,8,0
S-012819,control,desktop,5,0
S-012820,control,desktop,11,0
S-012821,control,desktop,11,0
S-012822,control,mobile,10,0
S-012823,treatment,mobile,6,0
S-012824,control,desktop,11,0
S-012825,control,desktop,12,0
S-012826,treatment,mobile,5,0
S-012827,control,mobile,11,0
S-012828,treatment,desktop,14,0
S-012829,control,desktop,13,0
S-012830,control,desktop,10,0
S-012831,control,mobile,6,0
S-012832,control,mobile,9,0
S-012833,treatment,mobile,7,0
S-012834,control,mobile,12,0
S-012835,control,desktop,1,0
S-012836,treatment,mobile,11,0
S-012837,control,desktop,8,0
S-012838,treatment,mobile,7,0
S-012839,control,mobile,7,0
S-012840,treatment,mobile,3,0
S-012841,treatment,mobile,2,0
S-012842,treatment,mobile,14,0
S-012843,treatment,mobile,1,0
S-012844,treatment,mobile,11,0
S-012845,control,desktop,1,0
S-012846,treatment,mobile,8,0
S-012847,treatment,mobile,1,1
S-012848,treatment,mobile,6,0
S-012849,treatment,mobile,11,0
S-012850,control,desktop,2,0
S-012851,treatment,mobile,7,0
S-012852,treatment,mobile,7,0
S-012853,treatment,desktop,11,0
S-012854,control,desktop,6,1
S-012855,control,desktop,8,0
S-012856,control,desktop,10,1
S-012857,control,desktop,12,0
S-012858,control,mobile,7,0
S-012859,treatment,mobile,3,0
S-012860,control,desktop,10,0
S-012861,treatment,mobile,13,0
S-012862,control,desktop,2,1
S-012863,treatment,mobile,1,0
S-012864,control,mobile,5,0
S-012865,treatment,desktop,3,1
S-012866,treatment,mobile,1,0
S-012867,control,desktop,6,0
S-012868,control,mobile,14,0
S-012869,control,desktop,12,1
S-012870,treatment,mobile,13,0
S-012871,control,desktop,14,0
S-012872,control,desktop,4,0
S-012873,control,desktop,2,0
S-012874,treatment,desktop,14,0
S-012875,control,desktop,7,1
S-012876,treatment,mobile,2,0
S-012877,control,mobile,8,0
S-012878,treatment,mobile,12,0
S-012879,control,desktop,13,0
S-012880,treatment,mobile,5,0
S-012881,treatment,mobile,5,0
S-012882,treatment,mobile,11,0
S-012883,control,desktop,10,0
S-012884,control,mobile,5,0
S-012885,treatment,mobile,8,0
S-012886,control,desktop,9,0
S-012887,control,desktop,3,0
S-012888,treatment,desktop,7,0
S-012889,treatment,mobile,2,0
S-012890,treatment,mobile,4,0
S-012891,control,mobile,4,0
S-012892,control,desktop,7,0
S-012893,treatment,mobile,10,0
S-012894,control,mobile,3,0
S-012895,control,desktop,8,0
S-012896,control,mobile,6,0
S-012897,treatment,mobile,4,0
S-012898,treatment,mobile,13,0
S-012899,treatment,mobile,1,0
S-012900,treatment,mobile,1,0
S-012901,treatment,mobile,4,1
S-012902,treatment,mobile,6,0
S-012903,control,desktop,2,0
S-012904,treatment,mobile,13,0
S-012905,treatment,mobile,9,0
S-012906,control,desktop,9,0
S-012907,treatment,mobile,11,0
S-012908,control,desktop,9,1
S-012909,control,desktop,13,1
S-012910,control,desktop,9,0
S-012911,control,desktop,7,0
S-012912,control,desktop,5,1
S-012913,treatment,mobile,7,0
S-012914,treatment,desktop,12,1
S-012915,treatment,mobile,11,0
S-012916,treatment,mobile,9,0
S-012917,treatment,mobile,5,0
S-012918,treatment,mobile,3,0
S-012919,control,desktop,5,0
S-012920,treatment,mobile,7,0
S-012921,treatment,mobile,7,0
S-012922,control,mobile,14,0
S-012923,treatment,mobile,3,0
S-012924,treatment,mobile,5,0
S-012925,treatment,mobile,9,0
S-012926,control,mobile,10,0
S-012927,control,desktop,11,0
S-012928,control,desktop,4,0
S-012929,treatment,mobile,5,0
S-012930,control,desktop,10,0
S-012931,treatment,mobile,5,0
S-012932,control,desktop,13,0
S-012933,control,desktop,8,0
S-012934,treatment,mobile,4,0
S-012935,treatment,mobile,2,0
S-012936,treatment,mobile,10,0
S-012937,control,desktop,3,0
S-012938,control,desktop,8,0
S-012939,treatment,mobile,6,0
S-012940,control,desktop,10,0
S-012941,treatment,mobile,3,0
S-012942,treatment,mobile,2,0
S-012943,control,desktop,6,0
S-012944,treatment,mobile,4,0
S-012945,control,desktop,13,0
S-012946,treatment,mobile,7,0
S-012947,treatment,mobile,3,1
S-012948,treatment,mobile,8,0
S-012949,treatment,mobile,7,0
S-012950,control,desktop,7,0
S-012951,control,desktop,11,0
S-012952,control,desktop,13,0
S-012953,treatment,mobile,9,1
S-012954,treatment,mobile,13,0
S-012955,control,desktop,2,0
S-012956,control,desktop,5,0
S-012957,control,desktop,3,1
S-012958,treatment,mobile,5,0
S-012959,treatment,mobile,8,0
S-012960,control,desktop,11,0
S-012961,treatment,mobile,4,0
S-012962,control,desktop,2,0
S-012963,control,desktop,10,0
S-012964,treatment,mobile,10,0
S-012965,treatment,mobile,14,0
S-012966,control,mobile,2,0
S-012967,treatment,mobile,4,0
S-012968,control,mobile,10,0
S-012969,control,mobile,1,0
S-012970,treatment,mobile,7,0
S-012971,treatment,mobile,5,1
S-012972,treatment,mobile,8,0
S-012973,control,mobile,1,0
S-012974,treatment,mobile,11,0
S-012975,control,mobile,3,0
S-012976,control,mobile,13,0
S-012977,treatment,mobile,8,0
S-012978,treatment,mobile,3,0
S-012979,control,desktop,12,0
S-012980,control,desktop,4,0
S-012981,treatment,mobile,13,0
S-012982,control,desktop,10,1
S-012983,control,mobile,5,0
S-012984,control,mobile,6,0
S-012985,control,mobile,2,0
S-012986,control,desktop,4,0
S-012987,treatment,mobile,3,0
S-012988,control,desktop,12,0
S-012989,control,desktop,10,0
S-012990,treatment,mobile,11,0
S-012991,treatment,mobile,5,0
S-012992,treatment,mobile,12,0
S-012993,control,desktop,4,0
S-012994,treatment,desktop,5,0
S-012995,control,mobile,5,0
S-012996,treatment,mobile,14,0
S-012997,control,mobile,4,0
S-012998,treatment,mobile,8,0
S-012999,treatment,mobile,5,0
S-013000,control,desktop,4,0
S-013001,control,desktop,8,0
S-013002,control,desktop,7,0
S-013003,treatment,mobile,9,0
S-013004,treatment,mobile,12,0
S-013005,treatment,mobile,13,0
S-013006,treatment,mobile,7,0
S-013007,control,desktop,14,1
S-013008,control,desktop,2,0
S-013009,treatment,mobile,6,0
S-013010,control,desktop,6,0
S-013011,treatment,mobile,10,0
S-013012,treatment,mobile,10,0
S-013013,control,desktop,1,1
S-013014,treatment,mobile,6,0
S-013015,treatment,mobile,14,0
S-013016,control,desktop,13,0
S-013017,control,desktop,2,1
S-013018,control,mobile,5,0
S-013019,control,mobile,12,0
S-013020,control,desktop,2,0
S-013021,treatment,desktop,8,0
S-013022,treatment,desktop,3,0
S-013023,control,desktop,1,0
S-013024,treatment,mobile,12,0
S-013025,control,desktop,8,0
S-013026,treatment,mobile,10,0
S-013027,treatment,mobile,2,0
S-013028,treatment,mobile,12,0
S-013029,control,desktop,12,0
S-013030,treatment,mobile,9,0
S-013031,treatment,mobile,8,0
S-013032,treatment,mobile,9,0
S-013033,treatment,mobile,13,0
S-013034,treatment,mobile,8,0
S-013035,control,desktop,5,1
S-013036,treatment,mobile,13,0
S-013037,control,desktop,8,0
S-013038,control,desktop,3,0
S-013039,control,desktop,2,0
S-013040,treatment,mobile,13,0
S-013041,control,desktop,14,0
S-013042,treatment,mobile,14,0
S-013043,control,desktop,13,0
S-013044,control,desktop,2,0
S-013045,control,desktop,7,0
S-013046,treatment,mobile,11,0
S-013047,treatment,mobile,7,1
S-013048,control,desktop,11,0
S-013049,treatment,mobile,13,0
S-013050,control,desktop,11,1
S-013051,control,desktop,7,0
S-013052,control,mobile,3,0
S-013053,treatment,mobile,1,1
S-013054,control,mobile,9,0
S-013055,treatment,mobile,6,0
S-013056,treatment,desktop,2,1
S-013057,control,mobile,14,1
S-013058,treatment,mobile,1,0
S-013059,treatment,mobile,6,0
S-013060,treatment,mobile,14,0
S-013061,treatment,mobile,13,0
S-013062,control,mobile,12,0
S-013063,control,desktop,10,0
S-013064,control,desktop,7,0
S-013065,control,desktop,1,1
S-013066,control,desktop,4,1
S-013067,treatment,mobile,2,0
S-013068,treatment,mobile,1,0
S-013069,treatment,mobile,9,0
S-013070,treatment,mobile,2,0
S-013071,control,desktop,5,0
S-013072,treatment,mobile,9,0
S-013073,control,mobile,9,0
S-013074,treatment,desktop,4,0
S-013075,treatment,mobile,6,0
S-013076,treatment,mobile,7,0
S-013077,treatment,mobile,10,0
S-013078,control,desktop,11,0
S-013079,control,desktop,9,0
S-013080,treatment,desktop,6,1
S-013081,treatment,mobile,7,0
S-013082,treatment,mobile,9,0
S-013083,control,mobile,6,0
S-013084,control,desktop,6,0
S-013085,treatment,mobile,4,0
S-013086,control,mobile,11,0
S-013087,control,desktop,14,0
S-013088,control,desktop,2,0
S-013089,treatment,mobile,13,0
S-013090,control,mobile,2,0
S-013091,treatment,mobile,6,0
S-013092,control,desktop,9,1
S-013093,control,desktop,1,0
S-013094,treatment,mobile,6,0
S-013095,control,mobile,11,0
S-013096,treatment,mobile,2,0
S-013097,treatment,mobile,4,0
S-013098,control,desktop,3,0
S-013099,control,desktop,2,0
S-013100,treatment,mobile,3,0
S-013101,control,desktop,11,1
S-013102,treatment,mobile,3,0
S-013103,treatment,mobile,12,0
S-013104,treatment,mobile,7,1
S-013105,control,desktop,14,0
S-013106,control,mobile,13,0
S-013107,treatment,mobile,14,0
S-013108,treatment,mobile,5,0
S-013109,control,desktop,11,0
S-013110,treatment,mobile,6,0
S-013111,control,desktop,1,0
S-013112,control,desktop,4,0
S-013113,control,desktop,5,0
S-013114,treatment,mobile,14,0
S-013115,treatment,desktop,6,0
S-013116,treatment,mobile,14,0
S-013117,control,desktop,4,0
S-013118,control,desktop,10,0
S-013119,treatment,mobile,10,0
S-013120,treatment,mobile,14,0
S-013121,treatment,mobile,3,0
S-013122,control,desktop,3,0
S-013123,control,desktop,4,0
S-013124,treatment,mobile,10,0
S-013125,control,desktop,11,0
S-013126,treatment,mobile,13,0
S-013127,control,desktop,1,1
S-013128,treatment,desktop,7,0
S-013129,treatment,desktop,5,0
S-013130,treatment,mobile,7,0
S-013131,control,mobile,4,0
S-013132,control,desktop,14,0
S-013133,treatment,mobile,4,0
S-013134,treatment,mobile,3,0
S-013135,treatment,mobile,1,0
S-013136,control,desktop,4,0
S-013137,control,desktop,10,0
S-013138,control,desktop,3,0
S-013139,treatment,mobile,11,0
S-013140,control,desktop,7,0
S-013141,control,desktop,5,0
S-013142,control,desktop,10,0
S-013143,treatment,mobile,4,0
S-013144,treatment,mobile,2,0
S-013145,treatment,desktop,6,0
S-013146,control,mobile,13,0
S-013147,treatment,desktop,13,0
S-013148,treatment,mobile,6,0
S-013149,treatment,mobile,14,0
S-013150,control,desktop,11,0
S-013151,treatment,mobile,13,0
S-013152,treatment,mobile,3,0
S-013153,control,desktop,4,0
S-013154,treatment,mobile,10,0
S-013155,control,desktop,9,0
S-013156,control,desktop,6,0
S-013157,treatment,mobile,6,0
S-013158,control,desktop,13,1
S-013159,control,desktop,10,0
S-013160,control,desktop,10,0
S-013161,control,desktop,7,0
S-013162,treatment,mobile,9,0
S-013163,control,desktop,11,0
S-013164,treatment,mobile,11,0
S-013165,control,mobile,9,0
S-013166,treatment,mobile,13,0
S-013167,control,desktop,5,0
S-013168,control,desktop,10,0
S-013169,treatment,mobile,1,0
S-013170,control,mobile,7,0
S-013171,control,desktop,3,0
S-013172,treatment,mobile,13,0
S-013173,treatment,desktop,13,0
S-013174,treatment,desktop,11,0
S-013175,control,desktop,2,0
S-013176,control,desktop,13,1
S-013177,treatment,mobile,2,0
S-013178,control,desktop,5,0
S-013179,treatment,mobile,3,0
S-013180,control,desktop,4,0
S-013181,treatment,mobile,2,0
S-013182,treatment,mobile,11,0
S-013183,control,mobile,6,0
S-013184,treatment,mobile,7,1
S-013185,treatment,mobile,7,0
S-013186,treatment,desktop,4,1
S-013187,control,desktop,9,1
S-013188,control,desktop,6,0
S-013189,control,desktop,4,1
S-013190,control,desktop,5,0
S-013191,treatment,mobile,14,0
S-013192,treatment,mobile,10,0
S-013193,treatment,mobile,8,0
S-013194,treatment,mobile,13,0
S-013195,treatment,mobile,13,0
S-013196,control,desktop,9,0
S-013197,control,desktop,9,0
S-013198,control,desktop,7,0
S-013199,control,mobile,14,0
S-013200,control,desktop,11,0
S-013201,treatment,mobile,5,0
S-013202,treatment,mobile,2,0
S-013203,treatment,mobile,8,0
S-013204,control,mobile,11,0
S-013205,control,desktop,11,1
S-013206,control,desktop,13,0
S-013207,control,mobile,10,0
S-013208,treatment,mobile,6,0
S-013209,control,desktop,13,0
S-013210,control,desktop,6,0
S-013211,treatment,mobile,1,0
S-013212,treatment,desktop,2,0
S-013213,control,desktop,3,0
S-013214,control,desktop,2,0
S-013215,control,desktop,7,0
S-013216,treatment,desktop,2,0
S-013217,control,mobile,1,0
S-013218,control,desktop,6,0
S-013219,control,mobile,3,0
S-013220,control,mobile,2,0
S-013221,control,desktop,9,0
S-013222,control,mobile,13,0
S-013223,treatment,desktop,4,0
S-013224,treatment,mobile,11,0
S-013225,control,desktop,12,0
S-013226,treatment,mobile,3,0
S-013227,treatment,mobile,8,0
S-013228,control,mobile,10,0
S-013229,treatment,mobile,7,0
S-013230,treatment,desktop,1,0
S-013231,control,desktop,3,0
S-013232,control,desktop,11,0
S-013233,control,desktop,13,0
S-013234,control,desktop,14,1
S-013235,control,desktop,3,0
S-013236,control,desktop,2,0
S-013237,control,desktop,9,0
S-013238,treatment,mobile,12,0
S-013239,control,desktop,12,0
S-013240,treatment,mobile,4,0
S-013241,treatment,mobile,10,0
S-013242,treatment,mobile,13,0
S-013243,control,desktop,12,0
S-013244,treatment,mobile,7,0
S-013245,treatment,mobile,10,0
S-013246,treatment,mobile,1,0
S-013247,treatment,mobile,11,0
S-013248,treatment,mobile,6,0
S-013249,control,mobile,6,0
S-013250,control,mobile,14,0
S-013251,control,desktop,3,1
S-013252,control,mobile,14,0
S-013253,control,desktop,13,0
S-013254,treatment,mobile,11,0
S-013255,treatment,mobile,10,0
S-013256,treatment,mobile,7,0
S-013257,control,mobile,5,0
S-013258,control,desktop,1,0
S-013259,control,desktop,1,0
S-013260,treatment,mobile,2,0
S-013261,control,desktop,13,0
S-013262,control,mobile,13,0
S-013263,control,desktop,14,0
S-013264,treatment,mobile,5,0
S-013265,control,desktop,1,0
S-013266,treatment,mobile,8,0
S-013267,treatment,mobile,14,0
S-013268,control,desktop,2,0
S-013269,control,desktop,9,0
S-013270,control,desktop,14,0
S-013271,treatment,mobile,9,0
S-013272,treatment,mobile,4,0
S-013273,control,mobile,5,0
S-013274,treatment,mobile,6,0
S-013275,control,desktop,6,0
S-013276,treatment,mobile,3,0
S-013277,control,desktop,14,0
S-013278,control,mobile,4,0
S-013279,treatment,mobile,2,1
S-013280,treatment,mobile,7,0
S-013281,control,desktop,4,0
S-013282,treatment,mobile,1,0
S-013283,treatment,mobile,1,0
S-013284,treatment,mobile,11,0
S-013285,control,desktop,3,0
S-013286,control,mobile,12,0
S-013287,control,desktop,3,0
S-013288,control,mobile,3,0
S-013289,treatment,desktop,11,0
S-013290,treatment,mobile,8,0
S-013291,treatment,mobile,3,0
S-013292,treatment,mobile,5,0
S-013293,treatment,mobile,1,0
S-013294,treatment,mobile,2,0
S-013295,control,desktop,13,0
S-013296,control,desktop,2,0
S-013297,treatment,mobile,13,0
S-013298,treatment,mobile,5,0
S-013299,control,desktop,9,1
S-013300,control,desktop,7,0
S-013301,treatment,mobile,1,0
S-013302,treatment,mobile,7,1
S-013303,control,desktop,1,0
S-013304,treatment,mobile,5,0
S-013305,control,desktop,14,0
S-013306,control,desktop,5,0
S-013307,control,desktop,4,0
S-013308,treatment,mobile,5,0
S-013309,control,desktop,10,0
S-013310,treatment,mobile,13,0
S-013311,control,desktop,8,1
S-013312,control,mobile,6,0
S-013313,control,desktop,6,0
S-013314,control,desktop,6,0
S-013315,control,desktop,5,0
S-013316,control,mobile,9,0
S-013317,control,desktop,7,1
S-013318,treatment,mobile,14,0
S-013319,control,desktop,14,0
S-013320,treatment,desktop,5,1
S-013321,treatment,mobile,1,0
S-013322,treatment,mobile,8,0
S-013323,control,mobile,9,0
S-013324,control,desktop,3,0
S-013325,treatment,mobile,11,0
S-013326,control,desktop,8,1
S-013327,treatment,mobile,14,0
S-013328,treatment,desktop,8,0
S-013329,control,mobile,2,0
S-013330,control,desktop,8,0
S-013331,treatment,mobile,4,0
S-013332,control,mobile,9,0
S-013333,control,desktop,11,0
S-013334,treatment,mobile,8,0
S-013335,treatment,mobile,14,0
S-013336,treatment,desktop,11,1
S-013337,treatment,mobile,6,0
S-013338,treatment,mobile,12,0
S-013339,treatment,mobile,14,0
S-013340,treatment,mobile,7,0
S-013341,treatment,mobile,9,0
S-013342,treatment,mobile,8,0
S-013343,control,desktop,5,0
S-013344,control,desktop,3,0
S-013345,control,desktop,7,0
S-013346,control,desktop,4,0
S-013347,treatment,mobile,14,0
S-013348,treatment,mobile,7,0
S-013349,treatment,mobile,12,0
S-013350,treatment,mobile,3,0
S-013351,treatment,mobile,2,0
S-013352,control,desktop,6,0
S-013353,treatment,mobile,10,0
S-013354,control,mobile,13,0
S-013355,treatment,mobile,3,0
S-013356,treatment,mobile,13,0
S-013357,treatment,desktop,12,0
S-013358,treatment,mobile,7,0
S-013359,treatment,mobile,9,0
S-013360,control,desktop,12,0
S-013361,treatment,mobile,4,0
S-013362,treatment,mobile,9,0
S-013363,control,desktop,14,0
S-013364,treatment,mobile,3,0
S-013365,treatment,mobile,8,0
S-013366,control,desktop,12,0
S-013367,treatment,mobile,14,0
S-013368,control,desktop,8,0
S-013369,control,desktop,2,0
S-013370,treatment,mobile,7,0
S-013371,treatment,mobile,9,0
S-013372,control,mobile,13,0
S-013373,control,desktop,8,0
S-013374,treatment,mobile,2,0
S-013375,control,desktop,8,0
S-013376,control,desktop,9,0
S-013377,treatment,desktop,13,1
S-013378,control,desktop,5,0
S-013379,treatment,mobile,7,0
S-013380,treatment,mobile,1,0
S-013381,treatment,mobile,11,0
S-013382,treatment,mobile,9,0
S-013383,treatment,desktop,14,0
S-013384,treatment,mobile,1,0
S-013385,control,desktop,14,0
S-013386,treatment,mobile,1,0
S-013387,treatment,mobile,4,0
S-013388,treatment,mobile,14,0
S-013389,control,desktop,6,1
S-013390,control,mobile,12,0
S-013391,treatment,mobile,2,0
S-013392,control,mobile,6,0
S-013393,control,desktop,14,0
S-013394,treatment,mobile,6,0
S-013395,treatment,mobile,10,0
S-013396,control,mobile,11,0
S-013397,control,desktop,6,1
S-013398,control,mobile,7,0
S-013399,control,desktop,11,0
S-013400,treatment,mobile,6,0
S-013401,treatment,mobile,2,0
S-013402,control,mobile,8,0
S-013403,control,desktop,3,0
S-013404,treatment,mobile,13,0
S-013405,treatment,mobile,12,0
S-013406,control,mobile,2,0
S-013407,control,desktop,5,0
S-013408,control,desktop,11,0
S-013409,control,desktop,1,0
S-013410,control,desktop,3,0
S-013411,treatment,desktop,8,0
S-013412,treatment,desktop,14,0
S-013413,treatment,mobile,13,0
S-013414,control,mobile,9,0
S-013415,treatment,mobile,12,0
S-013416,treatment,mobile,4,0
S-013417,control,desktop,12,0
S-013418,control,desktop,2,0
S-013419,treatment,mobile,4,0
S-013420,treatment,mobile,9,0
S-013421,treatment,mobile,3,0
S-013422,treatment,mobile,8,0
S-013423,treatment,mobile,11,0
S-013424,treatment,mobile,8,0
S-013425,control,mobile,10,0
S-013426,treatment,mobile,3,0
S-013427,treatment,mobile,7,0
S-013428,treatment,mobile,12,0
S-013429,control,mobile,3,0
S-013430,control,desktop,5,0
S-013431,control,desktop,1,0
S-013432,treatment,mobile,2,0
S-013433,control,desktop,2,0
S-013434,treatment,mobile,13,0
S-013435,control,desktop,3,0
S-013436,control,desktop,8,0
S-013437,control,desktop,10,0
S-013438,control,desktop,4,0
S-013439,treatment,mobile,10,0
S-013440,treatment,mobile,12,0
S-013441,treatment,mobile,13,0
S-013442,treatment,mobile,9,0
S-013443,control,mobile,8,0
S-013444,treatment,mobile,7,0
S-013445,control,desktop,8,0
S-013446,control,desktop,7,0
S-013447,control,mobile,6,0
S-013448,control,mobile,3,0
S-013449,treatment,mobile,7,0
S-013450,treatment,mobile,14,0
S-013451,control,desktop,10,0
S-013452,control,mobile,3,0
S-013453,control,desktop,6,1
S-013454,treatment,mobile,4,0
S-013455,treatment,mobile,14,1
S-013456,treatment,mobile,2,0
S-013457,control,desktop,4,0
S-013458,treatment,mobile,12,0
S-013459,treatment,mobile,4,0
S-013460,treatment,desktop,1,0
S-013461,control,desktop,13,1
S-013462,treatment,desktop,4,0
S-013463,control,desktop,11,1
S-013464,treatment,mobile,13,1
S-013465,control,mobile,14,0
S-013466,control,desktop,6,0
S-013467,control,mobile,14,0
S-013468,control,desktop,12,1
S-013469,control,mobile,12,0
S-013470,treatment,mobile,8,0
S-013471,treatment,desktop,7,0
S-013472,treatment,mobile,5,0
S-013473,control,mobile,7,0
S-013474,control,desktop,2,0
S-013475,control,desktop,11,1
S-013476,treatment,mobile,3,0
S-013477,control,mobile,4,0
S-013478,treatment,mobile,6,0
S-013479,control,desktop,4,0
S-013480,control,desktop,4,0
S-013481,treatment,mobile,2,0
S-013482,control,desktop,11,0
S-013483,control,mobile,9,0
S-013484,treatment,mobile,6,0
S-013485,treatment,mobile,8,0
S-013486,treatment,mobile,5,0
S-013487,control,desktop,12,0
S-013488,control,desktop,4,0
S-013489,treatment,mobile,8,0
S-013490,treatment,mobile,9,0
S-013491,treatment,mobile,14,0
S-013492,control,desktop,5,1
S-013493,treatment,mobile,6,0
S-013494,treatment,mobile,11,0
S-013495,treatment,mobile,5,0
S-013496,control,mobile,7,0
S-013497,control,desktop,4,0
S-013498,treatment,mobile,5,0
S-013499,treatment,mobile,4,0
S-013500,treatment,mobile,13,0
S-013501,control,desktop,13,0
S-013502,control,desktop,10,0
S-013503,treatment,mobile,11,0
S-013504,control,mobile,12,0
S-013505,control,desktop,1,0
S-013506,control,mobile,6,0
S-013507,control,desktop,3,0
S-013508,control,desktop,9,1
S-013509,treatment,mobile,5,0
S-013510,control,desktop,5,0
S-013511,control,mobile,6,0
S-013512,treatment,mobile,6,0
S-013513,treatment,mobile,11,0
S-013514,treatment,mobile,12,0
S-013515,treatment,mobile,6,0
S-013516,treatment,mobile,5,0
S-013517,treatment,mobile,13,0
S-013518,control,desktop,9,0
S-013519,treatment,mobile,9,0
S-013520,control,desktop,13,1
S-013521,treatment,mobile,7,0
S-013522,control,desktop,3,0
S-013523,control,desktop,3,0
S-013524,treatment,mobile,5,0
S-013525,control,desktop,1,0
S-013526,control,desktop,10,0
S-013527,control,desktop,12,0
S-013528,control,desktop,11,0
S-013529,control,mobile,7,0
S-013530,control,mobile,8,0
S-013531,control,desktop,6,1
S-013532,treatment,mobile,1,0
S-013533,treatment,mobile,6,0
S-013534,treatment,mobile,12,0
S-013535,treatment,mobile,11,0
S-013536,control,mobile,11,0
S-013537,control,desktop,2,0
S-013538,treatment,mobile,13,0
S-013539,control,desktop,5,0
S-013540,control,desktop,7,0
S-013541,control,desktop,2,0
S-013542,treatment,mobile,2,0
S-013543,treatment,mobile,3,0
S-013544,treatment,mobile,11,0
S-013545,control,desktop,8,0
S-013546,treatment,mobile,9,0
S-013547,treatment,mobile,5,0
S-013548,treatment,mobile,11,0
S-013549,control,mobile,2,0
S-013550,control,mobile,3,0
S-013551,treatment,mobile,8,1
S-013552,treatment,mobile,14,0
S-013553,treatment,mobile,7,0
S-013554,treatment,desktop,8,0
S-013555,treatment,mobile,14,0
S-013556,treatment,mobile,10,0
S-013557,control,desktop,14,0
S-013558,treatment,mobile,3,0
S-013559,control,desktop,14,0
S-013560,control,desktop,7,0
S-013561,control,desktop,13,1
S-013562,treatment,mobile,10,0
S-013563,control,mobile,4,0
S-013564,control,desktop,1,1
S-013565,treatment,mobile,6,0
S-013566,control,mobile,11,0
S-013567,control,desktop,8,0
S-013568,treatment,mobile,1,0
S-013569,treatment,mobile,2,0
S-013570,control,desktop,14,0
S-013571,treatment,mobile,11,0
S-013572,control,desktop,2,0
S-013573,treatment,mobile,12,0
S-013574,treatment,mobile,12,0
S-013575,control,desktop,13,0
S-013576,control,desktop,11,0
S-013577,treatment,mobile,14,0
S-013578,treatment,mobile,4,0
S-013579,control,desktop,13,1
S-013580,treatment,mobile,2,0
S-013581,control,mobile,4,0
S-013582,treatment,mobile,11,0
S-013583,control,mobile,7,0
S-013584,control,desktop,8,0
S-013585,treatment,mobile,3,0
S-013586,control,desktop,11,0
S-013587,control,desktop,11,1
S-013588,treatment,mobile,14,0
S-013589,control,mobile,10,0
S-013590,control,desktop,1,0
S-013591,control,desktop,2,0
S-013592,treatment,mobile,2,0
S-013593,control,mobile,12,0
S-013594,treatment,mobile,2,0
S-013595,treatment,desktop,3,0
S-013596,control,desktop,10,0
S-013597,control,desktop,8,0
S-013598,treatment,mobile,11,0
S-013599,control,desktop,2,0
S-013600,treatment,mobile,3,0
S-013601,control,mobile,3,0
S-013602,control,desktop,8,0
S-013603,treatment,mobile,9,0
S-013604,treatment,desktop,14,1
S-013605,treatment,mobile,11,0
S-013606,control,desktop,10,0
S-013607,control,mobile,3,0
S-013608,control,desktop,10,0
S-013609,control,desktop,13,0
S-013610,treatment,mobile,11,0
S-013611,treatment,mobile,14,0
S-013612,control,desktop,7,1
S-013613,treatment,mobile,6,0
S-013614,treatment,mobile,13,0
S-013615,control,mobile,14,0
S-013616,control,desktop,13,0
S-013617,control,desktop,8,1
S-013618,control,desktop,5,0
S-013619,treatment,mobile,13,0
S-013620,control,mobile,9,0
S-013621,treatment,mobile,1,0
S-013622,treatment,mobile,6,0
S-013623,control,desktop,8,0
S-013624,treatment,desktop,3,0
S-013625,control,desktop,6,0
S-013626,treatment,mobile,6,0
S-013627,treatment,mobile,12,0
S-013628,control,mobile,1,0
S-013629,treatment,desktop,5,0
S-013630,treatment,mobile,5,1
S-013631,control,desktop,14,1
S-013632,control,mobile,5,0
S-013633,treatment,mobile,1,0
S-013634,treatment,mobile,8,0
S-013635,treatment,mobile,7,1
S-013636,control,desktop,13,0
S-013637,control,desktop,6,0
S-013638,control,mobile,12,0
S-013639,treatment,mobile,13,0
S-013640,control,desktop,11,0
S-013641,control,desktop,12,0
S-013642,control,desktop,3,0
S-013643,treatment,mobile,6,0
S-013644,treatment,mobile,5,1
S-013645,control,desktop,1,0
S-013646,treatment,mobile,1,0
S-013647,treatment,mobile,6,0
S-013648,treatment,desktop,3,0
S-013649,control,mobile,1,0
S-013650,treatment,mobile,5,0
S-013651,control,mobile,5,0
S-013652,control,desktop,13,1
S-013653,control,desktop,4,1
S-013654,treatment,mobile,4,0
S-013655,treatment,mobile,7,0
S-013656,control,desktop,12,0
S-013657,control,desktop,2,0
S-013658,control,mobile,14,0
S-013659,control,desktop,1,1
S-013660,treatment,mobile,10,0
S-013661,treatment,mobile,13,0
S-013662,treatment,mobile,1,0
S-013663,control,desktop,12,0
S-013664,treatment,mobile,3,0
S-013665,treatment,desktop,8,0
S-013666,control,mobile,1,0
S-013667,control,desktop,12,0
S-013668,treatment,mobile,10,0
S-013669,treatment,mobile,12,0
S-013670,control,desktop,12,0
S-013671,treatment,mobile,14,0
S-013672,treatment,mobile,3,0
S-013673,treatment,mobile,13,0
S-013674,treatment,desktop,4,1
S-013675,treatment,desktop,11,0
S-013676,control,desktop,8,0
S-013677,control,desktop,10,0
S-013678,control,desktop,8,0
S-013679,treatment,mobile,12,1
S-013680,treatment,desktop,5,0
S-013681,control,desktop,1,0
S-013682,treatment,mobile,13,0
S-013683,treatment,mobile,5,0
S-013684,control,desktop,3,1
S-013685,control,desktop,3,0
S-013686,control,desktop,14,0
S-013687,treatment,mobile,1,0
S-013688,control,desktop,7,1
S-013689,control,desktop,1,0
S-013690,control,desktop,8,0
S-013691,control,desktop,4,0
S-013692,treatment,mobile,13,0
S-013693,control,desktop,13,0
S-013694,control,desktop,1,1
S-013695,treatment,desktop,2,0
S-013696,treatment,mobile,10,0
S-013697,treatment,mobile,5,0
S-013698,control,mobile,11,0
S-013699,control,desktop,5,0
S-013700,treatment,mobile,9,0
S-013701,control,desktop,11,0
S-013702,treatment,mobile,8,0
S-013703,treatment,mobile,5,0
S-013704,treatment,mobile,2,0
S-013705,control,mobile,8,0
S-013706,control,mobile,7,0
S-013707,treatment,mobile,14,0
S-013708,control,desktop,1,0
S-013709,treatment,desktop,14,1
S-013710,control,desktop,3,0
S-013711,treatment,desktop,8,1
S-013712,treatment,mobile,13,0
S-013713,treatment,mobile,9,0
S-013714,control,desktop,9,0
S-013715,control,mobile,10,0
S-013716,treatment,mobile,4,0
S-013717,treatment,mobile,10,0
S-013718,treatment,mobile,4,0
S-013719,treatment,mobile,14,0
S-013720,treatment,mobile,2,0
S-013721,control,mobile,9,0
S-013722,control,mobile,4,0
S-013723,treatment,mobile,8,0
S-013724,control,desktop,12,0
S-013725,treatment,desktop,5,0
S-013726,control,desktop,12,1
S-013727,control,desktop,7,0
S-013728,treatment,mobile,10,0
S-013729,control,desktop,6,0
S-013730,treatment,desktop,1,0
S-013731,control,desktop,9,0
S-013732,treatment,mobile,7,0
S-013733,control,desktop,13,0
S-013734,treatment,mobile,12,0
S-013735,treatment,desktop,1,0
S-013736,treatment,desktop,9,0
S-013737,control,mobile,11,0
S-013738,control,desktop,4,0
S-013739,control,desktop,12,0
S-013740,treatment,desktop,11,0
S-013741,treatment,mobile,11,0
S-013742,treatment,mobile,8,0
S-013743,control,desktop,8,1
S-013744,treatment,mobile,9,0
S-013745,treatment,mobile,9,0
S-013746,control,desktop,6,0
S-013747,treatment,mobile,12,0
S-013748,control,mobile,1,0
S-013749,treatment,mobile,1,0
S-013750,control,desktop,12,0
S-013751,control,desktop,5,0
S-013752,control,desktop,11,1
S-013753,control,desktop,5,0
S-013754,treatment,mobile,12,0
S-013755,treatment,mobile,14,0
S-013756,treatment,mobile,7,0
S-013757,control,desktop,5,0
S-013758,control,mobile,7,0
S-013759,treatment,mobile,9,0
S-013760,treatment,mobile,11,0
S-013761,control,desktop,4,0
S-013762,control,desktop,7,0
S-013763,control,desktop,9,0
S-013764,control,mobile,9,0
S-013765,control,desktop,5,0
S-013766,treatment,mobile,7,0
S-013767,control,desktop,8,0
S-013768,control,desktop,7,0
S-013769,control,desktop,3,0
S-013770,control,mobile,1,0
S-013771,control,desktop,6,0
S-013772,control,desktop,2,1
S-013773,control,desktop,6,0
S-013774,control,mobile,1,0
S-013775,treatment,mobile,11,0
S-013776,treatment,mobile,3,0
S-013777,treatment,desktop,5,0
S-013778,control,desktop,1,0
S-013779,control,desktop,7,0
S-013780,control,mobile,13,0
S-013781,treatment,mobile,8,0
S-013782,control,mobile,14,0
S-013783,treatment,mobile,7,0
S-013784,control,desktop,6,0
S-013785,control,desktop,14,1
S-013786,treatment,mobile,11,0
S-013787,treatment,mobile,8,0
S-013788,treatment,desktop,13,0
S-013789,treatment,mobile,10,0
S-013790,treatment,mobile,6,0
S-013791,control,mobile,9,0
S-013792,control,mobile,11,0
S-013793,control,desktop,6,0
S-013794,control,desktop,4,0
S-013795,treatment,mobile,11,0
S-013796,treatment,mobile,3,0
S-013797,treatment,desktop,8,0
S-013798,treatment,mobile,6,0
S-013799,control,desktop,6,0
S-013800,treatment,mobile,8,0
S-013801,treatment,mobile,11,1
S-013802,control,mobile,13,1
S-013803,treatment,mobile,6,0
S-013804,control,desktop,4,0
S-013805,control,desktop,11,0
S-013806,treatment,mobile,13,0
S-013807,treatment,mobile,6,1
S-013808,control,mobile,11,0
S-013809,treatment,mobile,12,0
S-013810,treatment,mobile,12,0
S-013811,control,mobile,2,0
S-013812,control,desktop,9,0
S-013813,treatment,desktop,7,0
S-013814,control,desktop,14,0
S-013815,treatment,desktop,5,0
S-013816,treatment,mobile,10,0
S-013817,control,desktop,7,1
S-013818,control,desktop,4,1
S-013819,treatment,mobile,5,0
S-013820,control,desktop,13,1
S-013821,control,desktop,11,0
S-013822,treatment,mobile,13,0
S-013823,control,desktop,6,0
S-013824,control,desktop,8,0
S-013825,treatment,mobile,7,0
S-013826,treatment,mobile,10,0
S-013827,treatment,mobile,12,0
S-013828,treatment,mobile,9,0
S-013829,treatment,desktop,1,1
S-013830,treatment,mobile,2,0
S-013831,control,desktop,3,1
S-013832,control,mobile,9,0
S-013833,treatment,mobile,5,0
S-013834,control,mobile,4,0
S-013835,control,desktop,7,0
S-013836,control,mobile,11,0
S-013837,treatment,mobile,8,0
S-013838,treatment,mobile,13,0
S-013839,treatment,desktop,11,0
S-013840,control,desktop,4,1
S-013841,control,desktop,9,1
S-013842,treatment,mobile,5,0
S-013843,control,desktop,12,0
S-013844,treatment,mobile,7,0
S-013845,control,mobile,6,0
S-013846,treatment,mobile,10,0
S-013847,control,desktop,14,0
S-013848,control,mobile,8,0
S-013849,treatment,mobile,8,0
S-013850,treatment,mobile,12,0
S-013851,control,desktop,11,1
S-013852,control,desktop,1,0
S-013853,treatment,mobile,4,0
S-013854,control,mobile,5,1
S-013855,control,mobile,7,1
S-013856,treatment,mobile,13,0
S-013857,control,desktop,4,0
S-013858,treatment,mobile,14,0
S-013859,treatment,mobile,11,0
S-013860,treatment,mobile,3,1
S-013861,treatment,mobile,4,0
S-013862,control,desktop,12,1
S-013863,treatment,desktop,8,0
S-013864,control,desktop,6,0
S-013865,control,desktop,11,0
S-013866,control,mobile,4,0
S-013867,control,desktop,11,0
S-013868,treatment,mobile,8,0
S-013869,control,desktop,2,0
S-013870,control,desktop,1,0
S-013871,treatment,desktop,3,0
S-013872,treatment,mobile,12,0
S-013873,treatment,mobile,7,0
S-013874,treatment,mobile,3,1
S-013875,control,desktop,5,0
S-013876,treatment,mobile,9,0
S-013877,control,desktop,4,0
S-013878,control,desktop,2,0
S-013879,treatment,mobile,10,1
S-013880,control,desktop,12,0
S-013881,control,desktop,9,0
S-013882,control,desktop,13,0
S-013883,control,mobile,3,0
S-013884,treatment,desktop,12,0
S-013885,treatment,mobile,9,0
S-013886,control,desktop,12,1
S-013887,control,desktop,12,1
S-013888,treatment,mobile,12,1
S-013889,control,desktop,9,0
S-013890,treatment,mobile,13,0
S-013891,treatment,mobile,13,0
S-013892,treatment,mobile,12,0
S-013893,treatment,mobile,5,0
S-013894,treatment,mobile,2,0
S-013895,treatment,mobile,7,0
S-013896,control,desktop,4,0
S-013897,treatment,mobile,8,0
S-013898,control,desktop,8,0
S-013899,control,mobile,7,0
S-013900,control,desktop,3,1
S-013901,control,mobile,1,0
S-013902,treatment,mobile,4,0
S-013903,treatment,desktop,14,0
S-013904,control,desktop,1,0
S-013905,treatment,mobile,8,0
S-013906,treatment,mobile,12,0
S-013907,control,desktop,4,0
S-013908,control,desktop,1,0
S-013909,treatment,mobile,10,0
S-013910,treatment,mobile,3,1
S-013911,control,desktop,12,1
S-013912,control,desktop,2,0
S-013913,treatment,mobile,10,0
S-013914,treatment,mobile,1,0
S-013915,treatment,mobile,13,0
S-013916,treatment,mobile,12,0
S-013917,control,desktop,5,0
S-013918,control,desktop,8,0
S-013919,treatment,mobile,1,0
S-013920,control,mobile,3,0
S-013921,treatment,mobile,4,0
S-013922,control,desktop,1,0
S-013923,treatment,mobile,6,0
S-013924,control,desktop,7,0
S-013925,treatment,mobile,7,1
S-013926,treatment,mobile,13,0
S-013927,control,desktop,13,0
S-013928,control,mobile,2,0
S-013929,control,desktop,8,0
S-013930,control,desktop,8,1
S-013931,treatment,mobile,9,0
S-013932,control,desktop,3,0
S-013933,treatment,desktop,13,0
S-013934,control,mobile,1,0
S-013935,treatment,mobile,13,0
S-013936,treatment,mobile,9,0
S-013937,control,desktop,3,0
S-013938,treatment,mobile,12,0
S-013939,treatment,mobile,11,0
S-013940,control,desktop,12,1
S-013941,control,desktop,6,0
S-013942,control,mobile,5,0
S-013943,control,desktop,8,0
S-013944,control,desktop,1,0
S-013945,control,desktop,2,0
S-013946,treatment,mobile,9,0
S-013947,control,desktop,9,1
S-013948,control,desktop,2,0
S-013949,control,desktop,8,1
S-013950,control,desktop,9,0
S-013951,treatment,desktop,11,0
S-013952,control,desktop,3,0
S-013953,control,desktop,13,0
S-013954,treatment,desktop,12,0
S-013955,treatment,mobile,4,0
S-013956,treatment,mobile,13,0
S-013957,treatment,mobile,3,0
S-013958,control,desktop,5,0
S-013959,control,mobile,11,0
S-013960,treatment,mobile,10,0
S-013961,treatment,mobile,8,0
S-013962,treatment,mobile,3,0
S-013963,control,desktop,1,1
S-013964,control,desktop,2,0
S-013965,control,mobile,11,0
S-013966,control,desktop,1,0
S-013967,treatment,mobile,2,0
S-013968,treatment,mobile,6,0
S-013969,treatment,mobile,14,0
S-013970,control,mobile,2,1
S-013971,treatment,mobile,2,0
S-013972,treatment,desktop,9,0
S-013973,control,desktop,4,1
S-013974,treatment,mobile,6,0
S-013975,control,desktop,8,0
S-013976,control,mobile,11,0
S-013977,treatment,mobile,6,0
S-013978,treatment,mobile,4,0
S-013979,control,mobile,10,0
S-013980,treatment,mobile,7,0
S-013981,treatment,mobile,5,0
S-013982,control,mobile,9,0
S-013983,control,desktop,8,0
S-013984,treatment,desktop,7,0
S-013985,treatment,mobile,12,0
S-013986,treatment,desktop,12,0
S-013987,control,desktop,10,0
S-013988,treatment,mobile,10,0
S-013989,treatment,mobile,13,0
S-013990,treatment,mobile,9,0
S-013991,treatment,mobile,1,0
S-013992,control,desktop,3,0
S-013993,treatment,mobile,5,0
S-013994,control,mobile,5,0
S-013995,control,desktop,9,0
S-013996,treatment,mobile,8,0
S-013997,control,desktop,5,0
S-013998,treatment,mobile,3,0
S-013999,control,desktop,10,0
S-014000,control,desktop,13,0
S-014001,control,desktop,11,1
S-014002,treatment,mobile,9,0
S-014003,treatment,mobile,6,0
S-014004,control,mobile,3,0
S-014005,control,mobile,11,0
S-014006,treatment,mobile,2,0
S-014007,control,desktop,11,0
S-014008,control,desktop,5,1
S-014009,control,desktop,6,1
S-014010,treatment,mobile,9,0
S-014011,treatment,desktop,2,1
S-014012,treatment,mobile,14,0
S-014013,control,desktop,6,1
S-014014,control,desktop,9,0
S-014015,control,desktop,12,0
S-014016,control,desktop,1,0
S-014017,control,mobile,10,0
S-014018,control,desktop,2,0
S-014019,treatment,mobile,2,0
S-014020,control,desktop,2,1
S-014021,control,desktop,12,0
S-014022,treatment,mobile,8,0
S-014023,control,desktop,3,0
S-014024,control,mobile,8,0
S-014025,treatment,mobile,2,0
S-014026,treatment,mobile,7,0
S-014027,treatment,mobile,14,0
S-014028,control,desktop,9,0
S-014029,control,desktop,7,0
S-014030,treatment,desktop,3,1
S-014031,control,desktop,3,0
S-014032,control,mobile,8,0
S-014033,treatment,mobile,8,0
S-014034,control,mobile,14,0
S-014035,treatment,mobile,13,0
S-014036,treatment,mobile,6,0
S-014037,control,desktop,8,0
S-014038,treatment,mobile,4,0
S-014039,treatment,mobile,12,0
S-014040,control,mobile,9,0
S-014041,control,desktop,1,0
S-014042,treatment,mobile,8,0
S-014043,control,desktop,4,0
S-014044,control,desktop,8,0
S-014045,treatment,mobile,6,0
S-014046,control,desktop,13,0
S-014047,control,desktop,12,0
S-014048,treatment,mobile,14,0
S-014049,treatment,mobile,6,0
S-014050,control,desktop,2,0
S-014051,treatment,desktop,10,0
S-014052,control,desktop,8,0
S-014053,control,desktop,4,0
S-014054,control,desktop,9,0
S-014055,treatment,mobile,7,0
S-014056,treatment,mobile,4,0
S-014057,control,desktop,4,1
S-014058,control,mobile,6,0
S-014059,control,desktop,3,0
S-014060,control,desktop,8,1
S-014061,treatment,mobile,10,0
S-014062,control,desktop,4,0
S-014063,treatment,mobile,10,0
S-014064,control,desktop,7,0
S-014065,treatment,mobile,8,0
S-014066,treatment,mobile,12,0
S-014067,treatment,desktop,1,0
S-014068,control,desktop,3,0
S-014069,control,desktop,12,0
S-014070,treatment,mobile,4,0
S-014071,treatment,mobile,10,0
S-014072,treatment,desktop,2,0
S-014073,control,mobile,6,0
S-014074,control,desktop,13,0
S-014075,treatment,mobile,2,0
S-014076,control,desktop,1,0
S-014077,control,desktop,3,0
S-014078,control,mobile,11,0
S-014079,treatment,mobile,8,0
S-014080,treatment,mobile,13,0
S-014081,control,mobile,2,0
S-014082,treatment,mobile,9,1
S-014083,treatment,desktop,6,0
S-014084,treatment,mobile,4,0
S-014085,control,mobile,5,0
S-014086,control,desktop,10,0
S-014087,treatment,mobile,10,0
S-014088,control,desktop,2,1
S-014089,control,desktop,7,0
S-014090,control,mobile,11,0
S-014091,treatment,mobile,2,0
S-014092,control,desktop,8,0
S-014093,control,desktop,2,0
S-014094,treatment,mobile,14,0
S-014095,treatment,mobile,14,0
S-014096,control,mobile,8,0
S-014097,control,desktop,5,0
S-014098,control,desktop,14,0
S-014099,control,desktop,6,0
S-014100,treatment,desktop,13,1
S-014101,control,desktop,4,0
S-014102,control,desktop,10,1
S-014103,treatment,mobile,9,0
S-014104,treatment,mobile,11,0
S-014105,treatment,desktop,7,0
S-014106,treatment,mobile,3,0
S-014107,treatment,mobile,5,0
S-014108,treatment,mobile,9,1
S-014109,treatment,mobile,2,0
S-014110,treatment,mobile,11,0
S-014111,control,desktop,10,0
S-014112,treatment,mobile,9,0
S-014113,treatment,mobile,9,0
S-014114,control,desktop,10,0
S-014115,control,desktop,4,0
S-014116,treatment,mobile,4,0
S-014117,treatment,mobile,5,0
S-014118,control,desktop,11,0
S-014119,treatment,mobile,7,0
S-014120,control,desktop,14,1
S-014121,control,desktop,9,0
S-014122,treatment,mobile,3,1
S-014123,treatment,mobile,10,0
S-014124,control,desktop,8,0
S-014125,treatment,mobile,5,0
S-014126,control,desktop,10,0
S-014127,control,desktop,12,0
S-014128,treatment,desktop,14,0
S-014129,treatment,mobile,3,0
S-014130,treatment,mobile,12,0
S-014131,treatment,mobile,6,0
S-014132,control,desktop,10,0
S-014133,control,mobile,10,0
S-014134,treatment,mobile,8,0
S-014135,control,desktop,12,0
S-014136,control,desktop,10,1
S-014137,control,desktop,7,0
S-014138,treatment,mobile,12,0
S-014139,treatment,mobile,11,0
S-014140,treatment,mobile,14,0
S-014141,control,desktop,5,0
S-014142,control,desktop,14,1
S-014143,treatment,mobile,13,0
S-014144,treatment,mobile,12,0
S-014145,control,mobile,9,0
S-014146,treatment,mobile,14,0
S-014147,treatment,mobile,11,0
S-014148,treatment,mobile,1,0
S-014149,control,desktop,7,1
S-014150,control,desktop,3,0
S-014151,control,desktop,2,1
S-014152,treatment,mobile,10,0
S-014153,control,desktop,8,0
S-014154,control,desktop,12,0
S-014155,treatment,mobile,3,0
S-014156,treatment,mobile,10,0
S-014157,control,desktop,4,0
S-014158,treatment,mobile,13,0
S-014159,treatment,mobile,2,0
S-014160,treatment,mobile,12,0
S-014161,treatment,mobile,4,0
S-014162,treatment,mobile,4,0
S-014163,treatment,mobile,12,0
S-014164,treatment,mobile,8,0
S-014165,control,desktop,6,0
S-014166,treatment,mobile,12,0
S-014167,control,mobile,11,0
S-014168,control,desktop,5,0
S-014169,treatment,desktop,1,0
S-014170,treatment,desktop,13,0
S-014171,control,desktop,4,0
S-014172,control,desktop,12,0
S-014173,control,desktop,1,0
S-014174,treatment,mobile,2,0
S-014175,control,desktop,4,0
S-014176,control,desktop,5,0
S-014177,treatment,desktop,4,0
S-014178,control,desktop,1,0
S-014179,treatment,mobile,12,0
S-014180,treatment,mobile,3,1
S-014181,control,desktop,8,1
S-014182,control,mobile,6,1
S-014183,treatment,mobile,4,0
S-014184,control,desktop,3,1
S-014185,treatment,mobile,6,0
S-014186,control,mobile,5,0
S-014187,control,desktop,9,0
S-014188,control,desktop,5,0
S-014189,treatment,mobile,9,0
S-014190,control,desktop,4,0
S-014191,control,desktop,3,0
S-014192,treatment,mobile,6,0
S-014193,control,desktop,5,0
S-014194,control,mobile,6,0
S-014195,treatment,desktop,3,0
S-014196,treatment,mobile,5,0
S-014197,treatment,mobile,13,1
S-014198,control,desktop,2,0
S-014199,control,desktop,14,0
S-014200,control,desktop,4,0
S-014201,treatment,mobile,3,0
S-014202,treatment,desktop,2,0
S-014203,control,desktop,11,0
S-014204,treatment,mobile,7,0
S-014205,control,desktop,11,0
S-014206,treatment,mobile,10,0
S-014207,treatment,mobile,8,0
S-014208,treatment,mobile,1,0
S-014209,control,desktop,6,0
S-014210,control,desktop,6,1
S-014211,control,desktop,6,0
S-014212,control,desktop,1,0
S-014213,control,mobile,9,0
S-014214,treatment,mobile,13,0
S-014215,treatment,mobile,3,0
S-014216,control,desktop,12,0
S-014217,treatment,mobile,1,0
S-014218,control,desktop,8,0
S-014219,control,mobile,1,0
S-014220,treatment,mobile,7,0
S-014221,treatment,mobile,6,0
S-014222,control,desktop,4,0
S-014223,treatment,mobile,10,0
S-014224,treatment,mobile,5,0
S-014225,treatment,desktop,8,0
S-014226,treatment,mobile,2,0
S-014227,control,mobile,4,0
S-014228,control,desktop,6,0
S-014229,treatment,mobile,1,0
S-014230,treatment,mobile,6,1
S-014231,treatment,mobile,12,0
S-014232,control,mobile,5,0
S-014233,treatment,mobile,9,0
S-014234,control,mobile,9,0
S-014235,control,desktop,10,0
S-014236,control,mobile,3,0
S-014237,treatment,mobile,8,0
S-014238,treatment,mobile,11,0
S-014239,treatment,mobile,6,0
S-014240,control,mobile,8,0
S-014241,treatment,desktop,4,0
S-014242,treatment,mobile,11,0
S-014243,treatment,mobile,3,0
S-014244,treatment,mobile,7,0
S-014245,treatment,desktop,1,0
S-014246,treatment,mobile,11,0
S-014247,treatment,desktop,7,0
S-014248,treatment,mobile,12,1
S-014249,treatment,mobile,8,1
S-014250,control,desktop,10,0
S-014251,control,desktop,13,0
S-014252,treatment,mobile,13,0
S-014253,treatment,mobile,8,1
S-014254,control,desktop,7,0
S-014255,treatment,mobile,1,0
S-014256,treatment,mobile,3,0
S-014257,control,desktop,9,1
S-014258,treatment,mobile,8,0
S-014259,treatment,mobile,10,0
S-014260,treatment,mobile,5,0
S-014261,control,mobile,12,0
S-014262,control,desktop,1,0
S-014263,control,desktop,1,0
S-014264,control,desktop,14,0
S-014265,control,desktop,1,0
S-014266,control,desktop,6,0
S-014267,control,mobile,5,0
S-014268,control,desktop,9,0
S-014269,treatment,mobile,7,0
S-014270,treatment,desktop,3,0
S-014271,control,desktop,11,1
S-014272,control,desktop,6,0
S-014273,control,desktop,13,0
S-014274,control,desktop,11,0
S-014275,treatment,mobile,11,0
S-014276,control,mobile,1,0
S-014277,control,mobile,6,0
S-014278,treatment,desktop,11,1
S-014279,control,mobile,5,0
S-014280,control,desktop,6,0
S-014281,treatment,mobile,7,0
S-014282,treatment,desktop,14,0
S-014283,treatment,mobile,8,0
S-014284,control,mobile,12,0
S-014285,control,desktop,12,0
S-014286,treatment,mobile,4,0
S-014287,control,desktop,6,0
S-014288,treatment,mobile,4,0
S-014289,control,desktop,6,0
S-014290,control,mobile,11,0
S-014291,control,mobile,8,0
S-014292,control,desktop,7,0
S-014293,treatment,mobile,12,0
S-014294,treatment,mobile,8,0
S-014295,control,mobile,12,0
S-014296,treatment,mobile,2,0
S-014297,treatment,mobile,14,0
S-014298,treatment,mobile,13,0
S-014299,treatment,mobile,6,0
S-014300,treatment,mobile,12,0
S-014301,treatment,mobile,7,0
S-014302,control,desktop,10,0
S-014303,treatment,mobile,14,0
S-014304,control,mobile,2,0
S-014305,treatment,mobile,14,0
S-014306,control,desktop,3,1
S-014307,control,mobile,1,0
S-014308,treatment,mobile,13,0
S-014309,treatment,mobile,8,0
S-014310,control,desktop,7,0
S-014311,treatment,desktop,3,0
S-014312,treatment,mobile,9,0
S-014313,control,desktop,6,0
S-014314,treatment,mobile,14,0
S-014315,control,desktop,2,0
S-014316,treatment,mobile,7,0
S-014317,treatment,desktop,8,0
S-014318,control,mobile,1,0
S-014319,control,desktop,6,0
S-014320,control,desktop,7,0
S-014321,treatment,mobile,1,0
S-014322,treatment,mobile,13,1
S-014323,treatment,mobile,2,0
S-014324,control,desktop,5,0
S-014325,control,mobile,8,0
S-014326,control,desktop,10,0
S-014327,treatment,mobile,11,0
S-014328,control,desktop,5,0
S-014329,control,desktop,14,0
S-014330,control,desktop,7,1
S-014331,treatment,mobile,9,0
S-014332,control,desktop,14,0
S-014333,treatment,mobile,12,0
S-014334,treatment,mobile,1,0
S-014335,control,desktop,12,0
S-014336,control,desktop,13,0
S-014337,treatment,mobile,3,0
S-014338,treatment,desktop,10,0
S-014339,control,desktop,8,0
S-014340,treatment,mobile,11,0
S-014341,control,desktop,4,0
S-014342,treatment,mobile,2,0
S-014343,treatment,mobile,10,0
S-014344,control,desktop,7,0
S-014345,treatment,desktop,13,1
S-014346,treatment,mobile,9,0
S-014347,control,desktop,9,0
S-014348,treatment,desktop,14,0
S-014349,treatment,mobile,11,0
S-014350,control,desktop,4,0
S-014351,treatment,desktop,8,0
S-014352,control,desktop,9,0
S-014353,control,mobile,1,0
S-014354,treatment,mobile,8,0
S-014355,control,desktop,1,0
S-014356,control,desktop,11,0
S-014357,control,mobile,1,1
S-014358,control,desktop,4,0
S-014359,treatment,mobile,13,0
S-014360,treatment,mobile,4,0
S-014361,treatment,mobile,12,0
S-014362,control,mobile,4,0
S-014363,control,mobile,6,0
S-014364,control,desktop,10,0
S-014365,control,desktop,4,0
S-014366,treatment,mobile,14,0
S-014367,treatment,mobile,5,0
S-014368,control,mobile,6,0
S-014369,treatment,mobile,14,0
S-014370,treatment,mobile,8,0
S-014371,treatment,mobile,2,0
S-014372,treatment,desktop,14,0
S-014373,control,desktop,11,0
S-014374,treatment,mobile,14,0
S-014375,control,desktop,3,0
S-014376,control,desktop,7,0
S-014377,treatment,mobile,10,0
S-014378,control,desktop,7,0
S-014379,control,desktop,5,0
S-014380,control,desktop,12,0
S-014381,control,desktop,4,0
S-014382,control,desktop,5,0
S-014383,treatment,mobile,1,0
S-014384,treatment,mobile,6,0
S-014385,control,mobile,13,0
S-014386,treatment,mobile,2,0
S-014387,control,mobile,13,1
S-014388,treatment,mobile,7,0
S-014389,control,desktop,12,0
S-014390,control,desktop,1,0
S-014391,control,desktop,2,0
S-014392,treatment,mobile,13,0
S-014393,treatment,mobile,4,0
S-014394,control,mobile,3,0
S-014395,control,desktop,2,0
S-014396,treatment,mobile,14,0
S-014397,treatment,mobile,1,0
S-014398,control,desktop,10,1
S-014399,treatment,mobile,3,0
S-014400,treatment,desktop,4,0
S-014401,treatment,mobile,3,0
S-014402,control,desktop,14,0
S-014403,treatment,desktop,5,1
S-014404,treatment,mobile,3,0
S-014405,control,desktop,3,1
S-014406,treatment,mobile,5,0
S-014407,control,desktop,8,0
S-014408,control,mobile,10,0
S-014409,treatment,mobile,8,1
S-014410,treatment,mobile,4,0
S-014411,treatment,mobile,7,0
S-014412,control,mobile,1,0
S-014413,treatment,mobile,11,0
S-014414,treatment,mobile,7,0
S-014415,treatment,mobile,14,0
S-014416,treatment,desktop,5,0
S-014417,control,desktop,7,0
S-014418,treatment,mobile,13,1
S-014419,control,desktop,14,0
S-014420,treatment,mobile,5,0
S-014421,treatment,mobile,14,0
S-014422,treatment,mobile,6,0
S-014423,control,desktop,4,0
S-014424,control,desktop,10,1
S-014425,treatment,desktop,8,0
S-014426,treatment,mobile,1,0
S-014427,treatment,mobile,13,0
S-014428,control,desktop,2,0
S-014429,treatment,mobile,13,0
S-014430,control,desktop,7,0
S-014431,treatment,mobile,3,0
S-014432,control,desktop,14,0
S-014433,control,desktop,2,0
S-014434,treatment,mobile,1,0
S-014435,treatment,mobile,8,0
S-014436,control,mobile,6,0
S-014437,treatment,desktop,8,1
S-014438,control,desktop,7,0
S-014439,treatment,mobile,11,0
S-014440,control,desktop,8,0
S-014441,control,desktop,5,0
S-014442,control,desktop,4,0
S-014443,control,desktop,8,0
S-014444,treatment,mobile,12,0
S-014445,treatment,mobile,5,0
S-014446,control,desktop,4,0
S-014447,treatment,mobile,4,0
S-014448,treatment,desktop,12,0
S-014449,treatment,mobile,6,0
S-014450,control,desktop,6,0
S-014451,treatment,mobile,6,0
S-014452,treatment,mobile,5,0
S-014453,treatment,mobile,13,0
S-014454,control,desktop,4,0
S-014455,treatment,mobile,14,0
S-014456,treatment,mobile,6,0
S-014457,treatment,mobile,7,0
S-014458,control,desktop,13,0
S-014459,treatment,mobile,2,0
S-014460,treatment,mobile,2,0
S-014461,treatment,mobile,1,0
S-014462,control,mobile,10,1
S-014463,treatment,mobile,12,0
S-014464,control,desktop,5,0
S-014465,control,desktop,8,0
S-014466,treatment,mobile,3,0
S-014467,control,desktop,9,0
S-014468,treatment,mobile,12,0
S-014469,control,desktop,14,0
S-014470,control,desktop,4,0
S-014471,control,desktop,6,0
S-014472,control,desktop,5,0
S-014473,control,desktop,10,0
S-014474,treatment,mobile,9,0
S-014475,control,desktop,11,0
S-014476,treatment,mobile,5,0
S-014477,treatment,desktop,2,0
S-014478,treatment,mobile,2,0
S-014479,control,mobile,1,0
S-014480,treatment,mobile,1,0
S-014481,treatment,mobile,14,0
S-014482,control,mobile,4,0
S-014483,treatment,mobile,12,0
S-014484,control,desktop,5,0
S-014485,control,desktop,5,0
S-014486,treatment,mobile,4,0
S-014487,control,desktop,5,1
S-014488,treatment,desktop,4,0
S-014489,treatment,mobile,13,0
S-014490,treatment,mobile,6,0
S-014491,control,desktop,12,0
S-014492,control,mobile,6,1
S-014493,control,desktop,14,0
S-014494,control,mobile,6,0
S-014495,control,desktop,10,1
S-014496,control,mobile,5,0
S-014497,treatment,mobile,9,0
S-014498,treatment,mobile,1,0
S-014499,control,desktop,11,0
S-014500,treatment,mobile,1,0
S-014501,control,desktop,11,0
S-014502,treatment,mobile,14,0
S-014503,control,desktop,9,0
S-014504,treatment,mobile,1,0
S-014505,control,desktop,9,0
S-014506,treatment,desktop,4,0
S-014507,control,mobile,6,0
S-014508,treatment,mobile,2,0
S-014509,treatment,mobile,10,0
S-014510,treatment,mobile,10,1
S-014511,control,desktop,6,0
S-014512,control,desktop,12,0
S-014513,control,mobile,7,0
S-014514,treatment,mobile,13,0
S-014515,treatment,mobile,14,0
S-014516,control,desktop,11,0
S-014517,treatment,mobile,9,1
S-014518,treatment,mobile,10,1
S-014519,treatment,mobile,11,0
S-014520,treatment,mobile,5,0
S-014521,control,mobile,10,0
S-014522,treatment,mobile,10,0
S-014523,treatment,desktop,7,0
S-014524,control,desktop,7,0
S-014525,control,desktop,13,0
S-014526,control,desktop,11,0
S-014527,control,desktop,11,0
S-014528,treatment,mobile,12,0
S-014529,treatment,mobile,5,0
S-014530,control,desktop,7,0
S-014531,treatment,mobile,7,0
S-014532,control,desktop,10,1
S-014533,control,mobile,1,0
S-014534,treatment,mobile,7,0
S-014535,treatment,desktop,4,0
S-014536,control,desktop,1,0
S-014537,control,desktop,11,1
S-014538,control,desktop,7,0
S-014539,control,desktop,7,0
S-014540,treatment,mobile,8,0
S-014541,treatment,desktop,13,0
S-014542,control,desktop,5,0
S-014543,control,desktop,5,0
S-014544,control,desktop,9,0
S-014545,treatment,mobile,12,0
S-014546,control,desktop,5,0
S-014547,treatment,mobile,3,0
S-014548,control,desktop,4,0
S-014549,control,desktop,2,0
S-014550,treatment,mobile,4,0
S-014551,treatment,mobile,3,0
S-014552,control,mobile,2,0
S-014553,control,desktop,13,0
S-014554,control,desktop,13,0
S-014555,control,desktop,13,0
S-014556,control,desktop,12,1
S-014557,control,desktop,7,0
S-014558,treatment,mobile,9,0
S-014559,control,mobile,10,0
S-014560,control,desktop,11,1
S-014561,control,desktop,4,0
S-014562,treatment,desktop,5,1
S-014563,treatment,desktop,13,0
S-014564,control,desktop,12,0
S-014565,control,mobile,10,0
S-014566,control,desktop,3,0
S-014567,control,desktop,13,0
S-014568,control,desktop,12,0
S-014569,control,mobile,1,0
S-014570,control,desktop,8,0
S-014571,treatment,mobile,14,0
S-014572,control,desktop,10,1
S-014573,treatment,mobile,12,0
S-014574,treatment,desktop,8,0
S-014575,treatment,mobile,9,1
S-014576,control,desktop,13,0
S-014577,treatment,desktop,7,0
S-014578,control,desktop,6,0
S-014579,treatment,desktop,4,0
S-014580,control,desktop,5,0
S-014581,treatment,mobile,4,0
S-014582,treatment,desktop,13,0
S-014583,control,mobile,1,0
S-014584,control,desktop,6,0
S-014585,treatment,mobile,8,0
S-014586,treatment,mobile,3,0
S-014587,control,desktop,2,0
S-014588,treatment,mobile,2,0
S-014589,treatment,mobile,10,0
S-014590,treatment,mobile,14,0
S-014591,treatment,mobile,8,0
S-014592,treatment,mobile,7,0
S-014593,control,desktop,13,0
S-014594,treatment,mobile,7,0
S-014595,treatment,mobile,6,0
S-014596,treatment,mobile,1,0
S-014597,treatment,mobile,13,0
S-014598,control,desktop,6,0
S-014599,treatment,desktop,1,0
S-014600,treatment,mobile,5,0
S-014601,treatment,mobile,12,0
S-014602,treatment,desktop,13,0
S-014603,control,desktop,12,0
S-014604,control,mobile,2,0
S-014605,control,desktop,13,0
S-014606,treatment,mobile,9,0
S-014607,treatment,mobile,2,0
S-014608,treatment,mobile,13,0
S-014609,treatment,mobile,10,0
S-014610,treatment,mobile,12,1
S-014611,control,desktop,8,0
S-014612,treatment,mobile,14,0
S-014613,control,desktop,7,1
S-014614,treatment,desktop,14,1
S-014615,treatment,mobile,10,0
S-014616,treatment,mobile,4,0
S-014617,treatment,mobile,5,0
S-014618,treatment,mobile,9,0
S-014619,control,desktop,6,0
S-014620,treatment,mobile,2,0
S-014621,treatment,mobile,6,0
S-014622,control,desktop,14,0
S-014623,control,desktop,12,0
S-014624,treatment,mobile,3,0
S-014625,treatment,mobile,12,0
S-014626,treatment,mobile,11,0
S-014627,treatment,mobile,10,0
S-014628,treatment,mobile,1,0
S-014629,treatment,desktop,11,0
S-014630,treatment,desktop,5,0
S-014631,treatment,mobile,4,0
S-014632,control,desktop,12,1
S-014633,treatment,mobile,7,0
S-014634,treatment,mobile,8,0
S-014635,treatment,desktop,6,0
S-014636,treatment,mobile,6,0
S-014637,control,desktop,4,0
S-014638,control,desktop,1,0
S-014639,control,desktop,1,0
S-014640,treatment,mobile,3,0
S-014641,treatment,mobile,4,0
S-014642,control,desktop,8,0
S-014643,treatment,mobile,3,0
S-014644,control,desktop,11,0
S-014645,treatment,mobile,3,0
S-014646,treatment,mobile,12,0
S-014647,treatment,mobile,4,0
S-014648,treatment,mobile,6,0
S-014649,control,desktop,14,0
S-014650,treatment,mobile,14,0
S-014651,treatment,mobile,10,0
S-014652,control,mobile,9,0
S-014653,control,mobile,10,0
S-014654,treatment,mobile,5,1
S-014655,control,desktop,4,0
S-014656,control,mobile,14,0
S-014657,control,desktop,8,0
S-014658,treatment,mobile,3,0
S-014659,treatment,mobile,13,0
S-014660,treatment,mobile,3,0
S-014661,control,mobile,2,0
S-014662,treatment,desktop,13,0
S-014663,treatment,mobile,2,0
S-014664,treatment,mobile,4,0
S-014665,treatment,mobile,1,0
S-014666,treatment,mobile,6,0
S-014667,treatment,mobile,8,1
S-014668,treatment,mobile,8,0
S-014669,treatment,mobile,9,0
S-014670,control,mobile,11,0
S-014671,treatment,mobile,10,0
S-014672,control,mobile,6,0
S-014673,treatment,mobile,13,0
S-014674,treatment,mobile,9,0
S-014675,treatment,mobile,14,0
S-014676,treatment,mobile,3,0
S-014677,control,desktop,4,1
S-014678,control,desktop,6,0
S-014679,control,desktop,1,1
S-014680,treatment,mobile,11,0
S-014681,control,desktop,10,0
S-014682,treatment,mobile,4,0
S-014683,treatment,mobile,11,0
S-014684,control,desktop,8,1
S-014685,control,desktop,1,0
S-014686,control,desktop,11,1
S-014687,treatment,mobile,14,0
S-014688,treatment,mobile,10,0
S-014689,treatment,mobile,11,0
S-014690,treatment,mobile,14,0
S-014691,treatment,desktop,2,1
S-014692,treatment,mobile,14,0
S-014693,treatment,desktop,8,0
S-014694,control,desktop,11,0
S-014695,control,desktop,7,0
S-014696,treatment,mobile,6,0
S-014697,treatment,mobile,4,0
S-014698,treatment,mobile,4,0
S-014699,treatment,mobile,13,0
S-014700,control,desktop,3,0
S-014701,treatment,mobile,11,0
S-014702,control,mobile,13,0
S-014703,control,desktop,13,0
S-014704,treatment,mobile,11,0
S-014705,treatment,mobile,5,0
S-014706,treatment,mobile,4,1
S-014707,treatment,mobile,5,0
S-014708,treatment,mobile,3,0
S-014709,control,desktop,6,0
S-014710,control,desktop,7,0
S-014711,control,desktop,6,0
S-014712,control,desktop,6,0
S-014713,control,desktop,9,0
S-014714,control,desktop,13,1
S-014715,treatment,mobile,10,0
S-014716,control,desktop,9,0
S-014717,control,desktop,11,0
S-014718,control,desktop,4,0
S-014719,treatment,mobile,2,0
S-014720,control,mobile,1,0
S-014721,treatment,mobile,7,0
S-014722,control,desktop,9,0
S-014723,treatment,desktop,3,1
S-014724,treatment,desktop,7,1
S-014725,control,desktop,11,0
S-014726,treatment,mobile,3,0
S-014727,control,mobile,7,1
S-014728,control,desktop,4,0
S-014729,treatment,desktop,9,0
S-014730,treatment,mobile,4,0
S-014731,treatment,mobile,1,1
S-014732,treatment,mobile,8,0
S-014733,control,desktop,2,0
S-014734,treatment,mobile,14,0
S-014735,treatment,mobile,11,0
S-014736,control,desktop,5,0
S-014737,treatment,mobile,2,0
S-014738,control,mobile,2,0
S-014739,treatment,desktop,12,0
S-014740,control,mobile,14,0
S-014741,treatment,mobile,5,0
S-014742,control,desktop,1,0
S-014743,treatment,mobile,14,0
S-014744,treatment,mobile,9,0
S-014745,control,desktop,11,0
S-014746,control,desktop,6,0
S-014747,treatment,desktop,6,0
S-014748,treatment,mobile,6,0
S-014749,control,desktop,13,0
S-014750,control,desktop,11,0
S-014751,treatment,mobile,2,0
S-014752,control,desktop,3,0
S-014753,treatment,mobile,12,1
S-014754,treatment,mobile,11,1
S-014755,treatment,mobile,1,0
S-014756,control,desktop,7,0
S-014757,treatment,mobile,7,1
S-014758,treatment,mobile,5,0
S-014759,treatment,mobile,3,0
S-014760,treatment,mobile,9,0
S-014761,treatment,mobile,5,0
S-014762,treatment,mobile,8,0
S-014763,control,desktop,6,0
S-014764,control,desktop,14,0
S-014765,control,desktop,7,0
S-014766,treatment,mobile,6,0
S-014767,treatment,desktop,1,0
S-014768,treatment,mobile,9,0
S-014769,treatment,mobile,11,0
S-014770,treatment,mobile,8,0
S-014771,control,mobile,10,0
S-014772,treatment,mobile,11,0
S-014773,treatment,mobile,10,0
S-014774,treatment,desktop,8,0
S-014775,treatment,mobile,14,0
S-014776,treatment,desktop,7,0
S-014777,control,desktop,13,0
S-014778,treatment,mobile,12,0
S-014779,treatment,mobile,14,0
S-014780,control,mobile,13,0
S-014781,control,desktop,5,0
S-014782,treatment,mobile,7,0
S-014783,control,desktop,6,1
S-014784,treatment,mobile,5,0
S-014785,control,desktop,7,0
S-014786,treatment,mobile,5,0
S-014787,control,desktop,11,0
S-014788,control,desktop,10,0
S-014789,control,desktop,6,0
S-014790,control,mobile,4,0
S-014791,control,desktop,2,0
S-014792,control,desktop,6,0
S-014793,treatment,mobile,14,0
S-014794,control,desktop,7,1
S-014795,treatment,mobile,14,0
S-014796,control,desktop,10,1
S-014797,treatment,mobile,1,0
S-014798,treatment,mobile,5,0
S-014799,control,desktop,9,0
S-014800,treatment,mobile,6,0
S-014801,control,mobile,8,0
S-014802,treatment,mobile,7,0
S-014803,control,desktop,9,0
S-014804,treatment,mobile,8,0
S-014805,control,desktop,3,0
S-014806,treatment,mobile,1,0
S-014807,control,desktop,12,0
S-014808,treatment,mobile,5,0
S-014809,treatment,mobile,4,0
S-014810,control,mobile,8,1
S-014811,control,desktop,4,0
S-014812,treatment,desktop,5,0
S-014813,treatment,mobile,2,0
S-014814,control,mobile,5,0
S-014815,treatment,mobile,1,0
S-014816,treatment,desktop,9,0
S-014817,control,mobile,1,0
S-014818,treatment,mobile,14,0
S-014819,treatment,mobile,3,0
S-014820,treatment,desktop,12,0
S-014821,control,mobile,6,0
S-014822,treatment,mobile,12,0
S-014823,treatment,mobile,7,0
S-014824,control,mobile,3,0
S-014825,treatment,mobile,5,0
S-014826,control,mobile,9,0
S-014827,control,desktop,10,0
S-014828,control,desktop,10,0
S-014829,treatment,mobile,12,0
S-014830,treatment,mobile,2,0
S-014831,control,desktop,12,0
S-014832,treatment,mobile,2,0
S-014833,control,mobile,13,0
S-014834,treatment,desktop,6,1
S-014835,control,mobile,2,0
S-014836,treatment,mobile,1,0
S-014837,control,desktop,9,0
S-014838,treatment,mobile,9,0
S-014839,treatment,mobile,14,0
S-014840,control,desktop,7,0
S-014841,control,mobile,5,0
S-014842,treatment,mobile,1,0
S-014843,treatment,mobile,8,0
S-014844,control,desktop,10,0
S-014845,treatment,mobile,6,0
S-014846,control,mobile,11,0
S-014847,control,desktop,11,0
S-014848,control,mobile,7,0
S-014849,control,desktop,7,1
S-014850,treatment,mobile,9,0
S-014851,treatment,mobile,12,0
S-014852,control,mobile,8,0
S-014853,treatment,mobile,11,0
S-014854,treatment,mobile,14,0
S-014855,treatment,mobile,6,0
S-014856,control,desktop,3,0
S-014857,treatment,mobile,11,0
S-014858,control,desktop,10,1
S-014859,treatment,mobile,14,0
S-014860,treatment,mobile,7,0
S-014861,treatment,mobile,2,0
S-014862,treatment,mobile,13,0
S-014863,treatment,mobile,1,0
S-014864,control,desktop,8,0
S-014865,control,mobile,2,0
S-014866,control,desktop,10,0
S-014867,control,desktop,11,0
S-014868,control,desktop,1,0
S-014869,treatment,mobile,8,0
S-014870,treatment,mobile,10,0
S-014871,control,desktop,9,0
S-014872,control,desktop,3,1
S-014873,treatment,mobile,13,1
S-014874,control,desktop,13,0
S-014875,control,desktop,10,0
S-014876,control,mobile,10,0
S-014877,control,mobile,1,0
S-014878,treatment,mobile,8,0
S-014879,control,desktop,6,0
S-014880,control,desktop,8,1
S-014881,control,mobile,5,0
S-014882,treatment,mobile,12,0
S-014883,control,desktop,12,1
S-014884,control,desktop,9,0
S-014885,control,desktop,10,0
S-014886,control,mobile,9,0
S-014887,treatment,mobile,12,0
S-014888,treatment,mobile,11,0
S-014889,treatment,mobile,13,0
S-014890,control,mobile,6,0
S-014891,control,desktop,4,0
S-014892,control,desktop,5,1
S-014893,control,desktop,11,0
S-014894,control,mobile,10,0
S-014895,treatment,mobile,9,0
S-014896,control,desktop,10,0
S-014897,treatment,mobile,11,0
S-014898,control,desktop,4,0
S-014899,treatment,mobile,14,0
S-014900,control,desktop,8,0
S-014901,control,desktop,2,0
S-014902,control,desktop,11,0
S-014903,treatment,mobile,12,0
S-014904,treatment,mobile,5,0
S-014905,control,mobile,10,0
S-014906,control,mobile,5,0
S-014907,treatment,desktop,6,0
S-014908,control,desktop,11,0
S-014909,treatment,mobile,2,0
S-014910,treatment,mobile,2,0
S-014911,control,desktop,3,0
S-014912,control,mobile,10,0
S-014913,treatment,mobile,3,0
S-014914,control,desktop,1,0
S-014915,treatment,mobile,3,0
S-014916,control,desktop,5,0
S-014917,treatment,mobile,11,0
S-014918,treatment,mobile,3,0
S-014919,treatment,desktop,10,0
S-014920,treatment,mobile,1,0
S-014921,control,desktop,2,0
S-014922,treatment,mobile,4,0
S-014923,control,mobile,5,0
S-014924,treatment,desktop,5,1
S-014925,control,desktop,5,0
S-014926,treatment,mobile,10,0
S-014927,treatment,mobile,1,0
S-014928,control,desktop,12,1
S-014929,treatment,mobile,1,0
S-014930,treatment,mobile,6,0
S-014931,control,desktop,7,0
S-014932,control,desktop,13,0
S-014933,control,mobile,14,0
S-014934,control,desktop,2,1
S-014935,control,desktop,10,0
S-014936,control,mobile,10,0
S-014937,control,mobile,6,0
S-014938,control,desktop,4,0
S-014939,control,mobile,2,0
S-014940,control,mobile,6,0
S-014941,control,desktop,13,0
S-014942,control,desktop,5,0
S-014943,treatment,mobile,6,0
S-014944,treatment,mobile,14,0
S-014945,control,desktop,9,0
S-014946,treatment,mobile,13,0
S-014947,control,mobile,11,0
S-014948,treatment,mobile,6,0
S-014949,control,desktop,9,0
S-014950,control,desktop,1,0
S-014951,treatment,mobile,11,0
S-014952,treatment,mobile,8,0
S-014953,treatment,mobile,14,0
S-014954,treatment,mobile,2,0
S-014955,control,desktop,1,0
S-014956,treatment,mobile,13,0
S-014957,treatment,mobile,7,0
S-014958,control,desktop,3,0
S-014959,control,mobile,1,0
S-014960,treatment,mobile,5,0
S-014961,control,desktop,13,0
S-014962,control,desktop,12,0
S-014963,treatment,mobile,8,0
S-014964,treatment,mobile,12,0
S-014965,control,desktop,11,0
S-014966,treatment,mobile,9,0
S-014967,treatment,mobile,1,0
S-014968,control,mobile,13,0
S-014969,control,desktop,1,0
S-014970,treatment,desktop,2,1
S-014971,control,mobile,6,0
S-014972,treatment,mobile,11,0
S-014973,treatment,mobile,9,0
S-014974,treatment,mobile,4,0
S-014975,treatment,mobile,12,0
S-014976,control,desktop,2,0
S-014977,control,desktop,1,0
S-014978,treatment,mobile,13,0
S-014979,treatment,mobile,4,0
S-014980,treatment,desktop,4,0
S-014981,control,desktop,13,0
S-014982,treatment,mobile,8,0
S-014983,treatment,mobile,3,0
S-014984,treatment,desktop,13,0
S-014985,treatment,mobile,9,0
S-014986,treatment,mobile,5,0
S-014987,control,desktop,2,0
S-014988,control,desktop,3,0
S-014989,treatment,mobile,3,0
S-014990,treatment,mobile,1,0
S-014991,control,desktop,5,0
S-014992,treatment,mobile,5,0
S-014993,control,mobile,11,0
S-014994,control,desktop,11,0
S-014995,treatment,mobile,10,0
S-014996,control,desktop,6,0
S-014997,treatment,mobile,13,0
S-014998,treatment,mobile,9,0
S-014999,control,mobile,13,0
S-015000,control,desktop,9,0
S-015001,treatment,mobile,9,1
S-015002,control,mobile,13,0
S-015003,treatment,mobile,5,0
S-015004,treatment,mobile,9,0
S-015005,treatment,desktop,11,0
S-015006,treatment,mobile,12,0
S-015007,control,desktop,11,0
S-015008,treatment,mobile,12,0
S-015009,treatment,desktop,2,0
S-015010,control,desktop,13,0
S-015011,control,desktop,9,1
S-015012,control,desktop,10,0
S-015013,treatment,mobile,7,1
S-015014,treatment,mobile,11,0
S-015015,control,desktop,4,0
S-015016,control,desktop,1,0
S-015017,treatment,mobile,11,0
S-015018,control,desktop,8,0
S-015019,treatment,mobile,8,0
S-015020,control,desktop,1,1
S-015021,treatment,mobile,1,0
S-015022,control,mobile,10,0
S-015023,control,desktop,4,1
S-015024,treatment,mobile,9,0
S-015025,treatment,mobile,11,0
S-015026,control,mobile,3,0
S-015027,treatment,mobile,4,0
S-015028,treatment,mobile,11,0
S-015029,control,desktop,9,0
S-015030,treatment,mobile,10,0
S-015031,treatment,mobile,12,0
S-015032,control,desktop,8,0
S-015033,control,desktop,7,0
S-015034,control,desktop,2,0
S-015035,control,desktop,3,0
S-015036,treatment,mobile,13,0
S-015037,control,desktop,10,0
S-015038,treatment,mobile,1,0
S-015039,treatment,mobile,1,0
S-015040,treatment,mobile,2,0
S-015041,control,desktop,3,0
S-015042,control,desktop,5,0
S-015043,control,desktop,12,0
S-015044,treatment,mobile,7,0
S-015045,control,mobile,9,0
S-015046,treatment,mobile,12,0
S-015047,treatment,mobile,4,0
S-015048,control,mobile,13,0
S-015049,treatment,mobile,14,0
S-015050,treatment,mobile,5,0
S-015051,control,desktop,5,0
S-015052,treatment,mobile,8,0
S-015053,treatment,mobile,12,0
S-015054,treatment,mobile,2,0
S-015055,control,desktop,5,0
S-015056,control,mobile,11,0
S-015057,treatment,mobile,12,0
S-015058,treatment,desktop,10,1
S-015059,treatment,mobile,12,0
S-015060,treatment,mobile,7,0
S-015061,control,mobile,6,0
S-015062,treatment,mobile,2,0
S-015063,treatment,mobile,12,0
S-015064,control,desktop,3,0
S-015065,control,mobile,2,0
S-015066,treatment,mobile,5,0
S-015067,treatment,desktop,14,1
S-015068,treatment,mobile,7,0
S-015069,treatment,mobile,7,0
S-015070,treatment,mobile,12,0
S-015071,treatment,desktop,1,0
S-015072,control,mobile,7,0
S-015073,treatment,mobile,4,0
S-015074,treatment,mobile,5,1
S-015075,treatment,mobile,9,0
S-015076,treatment,mobile,11,0
S-015077,treatment,mobile,8,0
S-015078,control,mobile,6,0
S-015079,control,desktop,8,0
S-015080,control,mobile,14,0
S-015081,control,desktop,1,0
S-015082,control,mobile,4,0
S-015083,control,desktop,11,0
S-015084,treatment,mobile,3,0
S-015085,control,mobile,6,0
S-015086,treatment,desktop,1,0
S-015087,treatment,desktop,8,0
S-015088,treatment,mobile,9,0
S-015089,treatment,mobile,8,0
S-015090,control,desktop,14,0
S-015091,control,mobile,10,0
S-015092,treatment,mobile,14,1
S-015093,treatment,mobile,1,0
S-015094,treatment,mobile,4,0
S-015095,treatment,mobile,3,0
S-015096,control,desktop,7,0
S-015097,treatment,mobile,13,0
S-015098,treatment,mobile,3,0
S-015099,control,desktop,6,1
S-015100,control,mobile,11,1
S-015101,control,mobile,11,0
S-015102,control,desktop,7,0
S-015103,treatment,mobile,8,0
S-015104,control,desktop,13,0
S-015105,control,desktop,7,0
S-015106,treatment,mobile,7,0
S-015107,control,desktop,12,0
S-015108,treatment,mobile,10,0
S-015109,treatment,mobile,11,0
S-015110,control,desktop,12,0
S-015111,treatment,mobile,5,0
S-015112,control,desktop,14,0
S-015113,treatment,mobile,5,0
S-015114,treatment,desktop,13,0
S-015115,treatment,desktop,8,1
S-015116,treatment,mobile,2,0
S-015117,treatment,mobile,11,0
S-015118,treatment,mobile,13,0
S-015119,control,desktop,1,1
S-015120,control,desktop,11,0
S-015121,treatment,desktop,5,0
S-015122,treatment,mobile,1,0
S-015123,control,mobile,1,0
S-015124,treatment,desktop,4,0
S-015125,control,desktop,10,0
S-015126,control,desktop,3,0
S-015127,control,desktop,5,0
S-015128,treatment,mobile,8,1
S-015129,treatment,mobile,7,0
S-015130,control,desktop,11,1
S-015131,control,desktop,5,1
S-015132,control,desktop,3,0
S-015133,control,mobile,9,0
S-015134,control,desktop,5,1
S-015135,control,desktop,13,0
S-015136,treatment,mobile,14,0
S-015137,control,desktop,3,0
S-015138,control,mobile,2,0
S-015139,control,mobile,4,0
S-015140,control,desktop,13,0
S-015141,control,desktop,8,0
S-015142,treatment,mobile,13,0
S-015143,treatment,mobile,10,0
S-015144,control,mobile,7,0
S-015145,control,desktop,6,0
S-015146,treatment,mobile,11,0
S-015147,treatment,mobile,9,1
S-015148,treatment,mobile,9,0
S-015149,control,desktop,8,0
S-015150,control,desktop,9,0
S-015151,control,desktop,12,0
S-015152,treatment,mobile,8,0
S-015153,control,mobile,11,0
S-015154,treatment,mobile,9,0
S-015155,control,desktop,11,0
S-015156,control,desktop,11,0
S-015157,control,desktop,13,0
S-015158,treatment,mobile,13,0
S-015159,control,mobile,12,0
S-015160,control,desktop,4,0
S-015161,control,desktop,3,0
S-015162,control,desktop,4,0
S-015163,treatment,mobile,3,0
S-015164,control,desktop,4,0
S-015165,treatment,mobile,13,0
S-015166,treatment,mobile,2,0
S-015167,control,desktop,2,0
S-015168,control,desktop,11,0
S-015169,control,desktop,6,0
S-015170,treatment,mobile,5,0
S-015171,control,mobile,12,0
S-015172,treatment,mobile,8,0
S-015173,treatment,mobile,9,0
S-015174,control,desktop,11,0
S-015175,control,desktop,13,0
S-015176,treatment,mobile,5,0
S-015177,treatment,mobile,4,0
S-015178,control,desktop,13,0
S-015179,control,desktop,9,0
S-015180,treatment,desktop,8,0
S-015181,treatment,mobile,1,0
S-015182,treatment,mobile,1,0
S-015183,control,desktop,3,0
S-015184,control,mobile,8,0
S-015185,treatment,mobile,2,0
S-015186,control,desktop,14,0
S-015187,treatment,mobile,14,0
S-015188,treatment,mobile,9,0
S-015189,treatment,desktop,13,0
S-015190,control,desktop,1,0
S-015191,treatment,mobile,4,0
S-015192,control,desktop,12,0
S-015193,treatment,mobile,1,0
S-015194,treatment,mobile,1,0
S-015195,treatment,mobile,7,0
S-015196,control,desktop,9,1
S-015197,treatment,mobile,1,0
S-015198,control,desktop,1,0
S-015199,treatment,mobile,7,0
S-015200,control,desktop,8,0
S-015201,control,desktop,14,0
S-015202,control,desktop,3,0
S-015203,treatment,mobile,13,0
S-015204,control,mobile,13,0
S-015205,treatment,mobile,8,0
S-015206,control,desktop,2,0
S-015207,treatment,mobile,11,0
S-015208,treatment,mobile,2,1
S-015209,treatment,mobile,10,0
S-015210,control,desktop,14,0
S-015211,control,desktop,4,0
S-015212,treatment,mobile,12,0
S-015213,treatment,mobile,8,0
S-015214,treatment,mobile,4,0
S-015215,control,desktop,5,0
S-015216,control,desktop,3,1
S-015217,treatment,desktop,13,0
S-015218,control,mobile,3,0
S-015219,treatment,mobile,9,0
S-015220,control,mobile,2,0
S-015221,treatment,mobile,8,0
S-015222,treatment,mobile,7,0
S-015223,treatment,mobile,11,0
S-015224,control,desktop,1,0
S-015225,control,desktop,1,0
S-015226,treatment,mobile,10,0
S-015227,treatment,mobile,9,1
S-015228,control,desktop,1,0
S-015229,control,desktop,7,0
S-015230,treatment,mobile,12,0
S-015231,control,desktop,5,0
S-015232,treatment,mobile,6,0
S-015233,treatment,mobile,2,0
S-015234,treatment,mobile,1,0
S-015235,treatment,mobile,8,0
S-015236,control,mobile,8,0
S-015237,treatment,mobile,6,0
S-015238,treatment,mobile,5,0
S-015239,treatment,mobile,5,0
S-015240,treatment,mobile,5,0
S-015241,control,mobile,7,0
S-015242,control,desktop,2,0
S-015243,control,desktop,11,0
S-015244,control,mobile,2,0
S-015245,treatment,mobile,2,0
S-015246,treatment,mobile,2,0
S-015247,treatment,mobile,14,0
S-015248,treatment,desktop,11,0
S-015249,control,desktop,5,0
S-015250,control,desktop,5,0
S-015251,treatment,mobile,5,0
S-015252,control,desktop,9,0
S-015253,control,desktop,11,0
S-015254,treatment,mobile,6,0
S-015255,control,mobile,11,0
S-015256,treatment,mobile,10,0
S-015257,treatment,mobile,2,0
S-015258,treatment,mobile,14,0
S-015259,treatment,desktop,9,0
S-015260,control,desktop,11,0
S-015261,control,desktop,5,0
S-015262,treatment,desktop,5,0
S-015263,treatment,mobile,9,0
S-015264,treatment,mobile,12,0
S-015265,control,desktop,9,0
S-015266,control,desktop,7,0
S-015267,treatment,desktop,10,0
S-015268,control,desktop,6,0
S-015269,treatment,mobile,3,0
S-015270,control,desktop,5,0
S-015271,treatment,mobile,3,0
S-015272,control,mobile,1,0
S-015273,control,desktop,3,0
S-015274,treatment,mobile,1,0
S-015275,treatment,desktop,8,0
S-015276,control,mobile,6,0
S-015277,treatment,desktop,14,0
S-015278,control,desktop,12,0
S-015279,control,desktop,10,0
S-015280,control,desktop,4,0
S-015281,treatment,mobile,7,0
S-015282,treatment,mobile,5,0
S-015283,treatment,mobile,2,0
S-015284,control,desktop,2,0
S-015285,control,desktop,3,0
S-015286,treatment,mobile,6,0
S-015287,treatment,mobile,12,0
S-015288,control,desktop,2,0
S-015289,control,desktop,5,1
S-015290,treatment,mobile,14,0
S-015291,control,mobile,10,0
S-015292,treatment,mobile,9,0
S-015293,treatment,mobile,8,0
S-015294,treatment,mobile,10,0
S-015295,control,desktop,2,0
S-015296,control,desktop,8,0
S-015297,control,mobile,12,0
S-015298,control,desktop,12,0
S-015299,control,desktop,5,0
S-015300,treatment,mobile,2,0
S-015301,treatment,mobile,3,0
S-015302,control,mobile,8,0
S-015303,control,desktop,12,1
S-015304,control,desktop,7,0
S-015305,control,mobile,10,0
S-015306,control,desktop,3,0
S-015307,treatment,desktop,9,0
S-015308,control,desktop,2,1
S-015309,control,desktop,3,0
S-015310,treatment,mobile,1,0
S-015311,treatment,desktop,9,1
S-015312,control,desktop,5,0
S-015313,treatment,desktop,4,0
S-015314,treatment,mobile,14,0
S-015315,control,desktop,4,0
S-015316,control,desktop,13,1
S-015317,treatment,mobile,4,0
S-015318,control,mobile,6,0
S-015319,control,desktop,5,0
S-015320,treatment,mobile,6,0
S-015321,control,desktop,11,1
S-015322,control,desktop,4,0
S-015323,treatment,desktop,12,0
S-015324,control,mobile,8,0
S-015325,control,desktop,2,0
S-015326,treatment,mobile,2,0
S-015327,treatment,mobile,3,0
S-015328,treatment,mobile,9,0
S-015329,treatment,mobile,6,0
S-015330,treatment,mobile,14,0
S-015331,treatment,mobile,6,0
S-015332,control,desktop,13,0
S-015333,control,desktop,6,0
S-015334,treatment,mobile,5,0
S-015335,treatment,mobile,11,0
S-015336,treatment,mobile,3,0
S-015337,control,desktop,3,0
S-015338,treatment,mobile,6,0
S-015339,control,desktop,12,0
S-015340,treatment,mobile,7,0
S-015341,control,mobile,11,0
S-015342,control,mobile,3,0
S-015343,treatment,mobile,2,0
S-015344,control,mobile,3,0
S-015345,treatment,mobile,6,0
S-015346,control,desktop,14,0
S-015347,control,desktop,7,0
S-015348,treatment,mobile,10,0
S-015349,control,mobile,13,0
S-015350,treatment,mobile,3,0
S-015351,treatment,mobile,6,0
S-015352,control,desktop,4,0
S-015353,control,desktop,6,0
S-015354,control,desktop,3,0
S-015355,treatment,desktop,7,0
S-015356,treatment,mobile,7,0
S-015357,treatment,mobile,8,1
S-015358,treatment,desktop,1,1
S-015359,control,desktop,5,0
S-015360,treatment,mobile,12,0
S-015361,treatment,mobile,6,0
S-015362,control,mobile,9,0
S-015363,treatment,mobile,8,0
S-015364,treatment,mobile,14,0
S-015365,treatment,mobile,10,0
S-015366,control,desktop,1,0
S-015367,control,mobile,5,0
S-015368,treatment,mobile,13,0
S-015369,treatment,mobile,7,0
S-015370,treatment,desktop,3,0
S-015371,treatment,mobile,1,0
S-015372,control,desktop,10,0
S-015373,control,desktop,4,0
S-015374,control,mobile,1,0
S-015375,control,desktop,6,0
S-015376,treatment,mobile,7,0
S-015377,treatment,mobile,1,0
S-015378,treatment,mobile,5,0
S-015379,control,mobile,6,0
S-015380,treatment,mobile,13,0
S-015381,treatment,desktop,14,0
S-015382,treatment,mobile,3,0
S-015383,treatment,desktop,14,0
S-015384,control,desktop,9,1
S-015385,treatment,mobile,1,0
S-015386,treatment,mobile,13,0
S-015387,control,desktop,8,1
S-015388,treatment,mobile,2,0
S-015389,treatment,mobile,12,0
S-015390,treatment,desktop,4,0
S-015391,control,desktop,9,1
S-015392,treatment,mobile,1,0
S-015393,control,desktop,1,0
S-015394,treatment,desktop,1,0
S-015395,control,mobile,8,0
S-015396,control,desktop,13,0
S-015397,control,desktop,14,0
S-015398,control,mobile,8,0
S-015399,control,desktop,1,0
S-015400,control,desktop,5,0
S-015401,treatment,mobile,13,0
S-015402,control,mobile,2,0
S-015403,control,desktop,11,0
S-015404,control,desktop,4,0
S-015405,treatment,mobile,10,0
S-015406,treatment,mobile,10,0
S-015407,control,desktop,14,0
S-015408,treatment,mobile,10,0
S-015409,treatment,mobile,13,0
S-015410,control,mobile,8,0
S-015411,treatment,mobile,2,0
S-015412,treatment,mobile,11,0
S-015413,control,desktop,11,1
S-015414,treatment,mobile,6,0
S-015415,treatment,mobile,11,0
S-015416,control,desktop,14,0
S-015417,control,desktop,10,0
S-015418,treatment,mobile,1,0
S-015419,treatment,mobile,3,0
S-015420,control,desktop,9,0
S-015421,treatment,mobile,6,0
S-015422,control,desktop,1,1
S-015423,treatment,mobile,13,0
S-015424,control,mobile,6,0
S-015425,treatment,mobile,9,0
S-015426,treatment,mobile,13,0
S-015427,control,mobile,9,0
S-015428,control,desktop,11,1
S-015429,treatment,desktop,9,0
S-015430,treatment,mobile,3,0
S-015431,control,desktop,12,0
S-015432,control,desktop,4,0
S-015433,control,desktop,8,0
S-015434,treatment,mobile,6,0
S-015435,treatment,mobile,4,1
S-015436,treatment,mobile,14,1
S-015437,treatment,mobile,12,0
S-015438,control,desktop,14,0
S-015439,control,desktop,6,0
S-015440,control,desktop,5,0
S-015441,treatment,mobile,2,0
S-015442,treatment,mobile,4,1
S-015443,control,desktop,2,0
S-015444,treatment,mobile,4,0
S-015445,control,desktop,5,0
S-015446,treatment,mobile,13,0
S-015447,treatment,mobile,6,0
S-015448,control,desktop,6,0
S-015449,control,desktop,9,0
S-015450,control,mobile,4,0
S-015451,treatment,mobile,7,0
S-015452,control,desktop,4,0
S-015453,control,desktop,6,0
S-015454,control,desktop,9,1
S-015455,treatment,mobile,12,0
S-015456,control,mobile,6,0
S-015457,treatment,desktop,6,0
S-015458,control,desktop,1,0
S-015459,control,mobile,3,0
S-015460,treatment,desktop,1,0
S-015461,treatment,mobile,11,0
S-015462,treatment,mobile,10,0
S-015463,treatment,mobile,8,0
S-015464,treatment,mobile,6,0
S-015465,treatment,mobile,13,0
S-015466,treatment,desktop,1,0
S-015467,control,mobile,5,0
S-015468,control,desktop,2,1
S-015469,treatment,mobile,11,0
S-015470,treatment,mobile,6,0
S-015471,treatment,mobile,4,0
S-015472,control,desktop,13,0
S-015473,control,desktop,4,0
S-015474,control,desktop,5,0
S-015475,treatment,mobile,9,0
S-015476,control,desktop,5,0
S-015477,control,desktop,9,0
S-015478,control,mobile,13,0
S-015479,treatment,desktop,3,0
S-015480,treatment,mobile,4,0
S-015481,control,desktop,4,1
S-015482,control,mobile,1,0
S-015483,treatment,mobile,12,0
S-015484,treatment,mobile,7,0
S-015485,treatment,mobile,5,0
S-015486,treatment,mobile,2,0
S-015487,control,desktop,13,0
S-015488,control,desktop,11,0
S-015489,treatment,mobile,10,0
S-015490,treatment,mobile,2,0
S-015491,treatment,mobile,13,0
S-015492,control,mobile,4,0
S-015493,control,mobile,9,0
S-015494,treatment,mobile,9,0
S-015495,treatment,mobile,9,0
S-015496,treatment,mobile,2,0
S-015497,control,desktop,10,0
S-015498,control,desktop,12,1
S-015499,treatment,desktop,14,1
S-015500,control,mobile,11,0
S-015501,control,desktop,4,0
S-015502,control,desktop,10,0
S-015503,treatment,mobile,14,0
S-015504,control,desktop,7,0
S-015505,control,desktop,12,0
S-015506,treatment,mobile,7,0
S-015507,control,desktop,13,0
S-015508,control,desktop,13,0
S-015509,treatment,mobile,2,0
S-015510,treatment,desktop,2,0
S-015511,treatment,mobile,12,0
S-015512,control,desktop,14,1
S-015513,control,desktop,6,0
S-015514,treatment,mobile,4,0
S-015515,treatment,mobile,2,0
S-015516,treatment,mobile,10,0
S-015517,control,desktop,14,0
S-015518,control,desktop,14,0
S-015519,treatment,mobile,3,0
S-015520,treatment,mobile,1,0
S-015521,treatment,mobile,8,0
S-015522,control,desktop,1,0
S-015523,control,desktop,14,1
S-015524,control,desktop,2,0
S-015525,treatment,mobile,11,0
S-015526,control,desktop,9,1
S-015527,treatment,mobile,6,0
S-015528,treatment,mobile,3,0
S-015529,control,desktop,11,0
S-015530,control,desktop,2,0
S-015531,treatment,mobile,11,0
S-015532,treatment,mobile,14,0
S-015533,treatment,mobile,6,0
S-015534,treatment,mobile,6,0
S-015535,control,desktop,12,0
S-015536,control,desktop,5,0
S-015537,control,desktop,3,0
S-015538,treatment,desktop,14,0
S-015539,control,mobile,12,1
S-015540,treatment,desktop,14,1
S-015541,treatment,desktop,2,0
S-015542,treatment,mobile,5,0
S-015543,treatment,mobile,11,0
S-015544,treatment,mobile,8,0
S-015545,treatment,mobile,10,0
S-015546,treatment,mobile,11,0
S-015547,treatment,mobile,6,0
S-015548,control,desktop,14,0
S-015549,treatment,mobile,13,0
S-015550,control,desktop,3,0
S-015551,control,desktop,5,0
S-015552,treatment,mobile,12,0
S-015553,control,desktop,12,0
S-015554,control,mobile,12,0
S-015555,control,desktop,11,0
S-015556,treatment,mobile,5,0
S-015557,control,desktop,8,0
S-015558,treatment,mobile,5,0
S-015559,treatment,mobile,9,0
S-015560,control,desktop,12,0
S-015561,control,desktop,9,0
S-015562,treatment,mobile,1,0
S-015563,treatment,mobile,14,0
S-015564,treatment,desktop,1,0
S-015565,control,desktop,8,0
S-015566,control,desktop,11,0
S-015567,treatment,mobile,10,0
S-015568,control,desktop,6,0
S-015569,treatment,mobile,2,0
S-015570,treatment,mobile,12,0
S-015571,control,desktop,10,0
S-015572,treatment,mobile,7,0
S-015573,control,mobile,2,0
S-015574,control,desktop,6,0
S-015575,control,desktop,5,0
S-015576,treatment,mobile,4,0
S-015577,treatment,mobile,2,0
S-015578,treatment,mobile,6,0
S-015579,treatment,mobile,10,0
S-015580,treatment,mobile,7,0
S-015581,control,desktop,11,0
S-015582,control,desktop,13,0
S-015583,control,desktop,2,0
S-015584,control,desktop,5,0
S-015585,control,desktop,7,0
S-015586,control,desktop,7,0
S-015587,control,mobile,1,0
S-015588,treatment,mobile,14,0
S-015589,control,mobile,8,0
S-015590,control,desktop,13,0
S-015591,treatment,mobile,14,0
S-015592,treatment,mobile,11,0
S-015593,treatment,mobile,12,0
S-015594,control,desktop,9,0
S-015595,control,mobile,10,0
S-015596,treatment,mobile,4,0
S-015597,treatment,mobile,12,0
S-015598,control,desktop,5,0
S-015599,treatment,mobile,13,0
S-015600,treatment,desktop,10,0
S-015601,treatment,mobile,13,0
S-015602,control,mobile,3,0
S-015603,treatment,mobile,8,0
S-015604,treatment,mobile,8,0
S-015605,control,desktop,4,0
S-015606,treatment,mobile,2,0
S-015607,treatment,mobile,11,0
S-015608,control,desktop,5,0
S-015609,treatment,mobile,1,0
S-015610,treatment,desktop,13,0
S-015611,treatment,desktop,12,0
S-015612,control,desktop,11,0
S-015613,treatment,mobile,12,0
S-015614,treatment,mobile,10,0
S-015615,control,desktop,2,1
S-015616,treatment,mobile,1,0
S-015617,treatment,mobile,13,0
S-015618,control,desktop,5,1
S-015619,control,desktop,5,0
S-015620,treatment,mobile,9,0
S-015621,control,desktop,4,0
S-015622,treatment,mobile,14,0
S-015623,control,desktop,2,0
S-015624,treatment,mobile,14,0
S-015625,control,desktop,13,0
S-015626,control,desktop,5,0
S-015627,treatment,mobile,10,0
S-015628,treatment,mobile,11,0
S-015629,treatment,mobile,14,0
S-015630,treatment,mobile,8,0
S-015631,control,mobile,2,0
S-015632,treatment,mobile,3,0
S-015633,control,desktop,13,1
S-015634,treatment,mobile,4,0
S-015635,treatment,mobile,2,0
S-015636,control,desktop,2,0
S-015637,treatment,mobile,12,0
S-015638,treatment,mobile,3,0
S-015639,treatment,desktop,12,0
S-015640,treatment,mobile,4,0
S-015641,treatment,mobile,12,0
S-015642,treatment,mobile,7,0
S-015643,control,desktop,9,0
S-015644,control,desktop,1,1
S-015645,treatment,mobile,10,0
S-015646,control,mobile,12,0
S-015647,control,mobile,13,0
S-015648,control,desktop,2,0
S-015649,treatment,mobile,7,0
S-015650,control,desktop,12,0
S-015651,control,desktop,14,0
S-015652,control,desktop,3,0
S-015653,control,desktop,11,1
S-015654,treatment,mobile,10,0
S-015655,treatment,mobile,13,0
S-015656,control,desktop,13,0
S-015657,control,desktop,10,0
S-015658,treatment,mobile,7,0
S-015659,treatment,mobile,14,0
S-015660,treatment,desktop,12,0
S-015661,treatment,mobile,8,0
S-015662,control,desktop,8,0
S-015663,control,desktop,3,0
S-015664,treatment,mobile,5,0
S-015665,treatment,mobile,13,0
S-015666,treatment,mobile,10,0
S-015667,control,mobile,4,0
S-015668,treatment,desktop,1,0
S-015669,treatment,desktop,9,1
S-015670,control,desktop,11,0
S-015671,control,desktop,7,0
S-015672,control,desktop,3,1
S-015673,treatment,mobile,2,0
S-015674,treatment,mobile,4,0
S-015675,control,desktop,8,1
S-015676,treatment,mobile,3,0
S-015677,control,desktop,11,0
S-015678,control,desktop,6,0
S-015679,control,desktop,11,0
S-015680,treatment,desktop,14,0
S-015681,control,desktop,7,0
S-015682,control,desktop,1,0
S-015683,treatment,desktop,4,0
S-015684,treatment,mobile,9,0
S-015685,control,desktop,3,0
S-015686,treatment,mobile,9,0
S-015687,control,desktop,8,1
S-015688,control,desktop,9,0
S-015689,control,mobile,5,0
S-015690,treatment,mobile,5,0
S-015691,control,mobile,2,0
S-015692,treatment,mobile,6,0
S-015693,treatment,desktop,13,0
S-015694,treatment,mobile,7,0
S-015695,treatment,mobile,13,0
S-015696,treatment,mobile,10,0
S-015697,control,desktop,12,0
S-015698,treatment,mobile,11,0
S-015699,treatment,mobile,3,1
S-015700,control,desktop,12,0
S-015701,control,desktop,10,0
S-015702,control,desktop,2,1
S-015703,treatment,mobile,9,0
S-015704,treatment,mobile,4,0
S-015705,control,desktop,12,0
S-015706,treatment,mobile,12,0
S-015707,control,desktop,4,1
S-015708,control,desktop,13,0
S-015709,control,desktop,9,0
S-015710,control,desktop,11,0
S-015711,control,desktop,14,0
S-015712,treatment,mobile,5,0
S-015713,control,desktop,8,1
S-015714,treatment,mobile,12,0
S-015715,treatment,mobile,11,0
S-015716,control,desktop,3,1
S-015717,control,desktop,4,1
S-015718,treatment,mobile,1,0
S-015719,treatment,mobile,13,0
S-015720,control,mobile,1,0
S-015721,control,desktop,6,0
S-015722,control,mobile,13,0
S-015723,treatment,mobile,2,0
S-015724,control,desktop,12,0
S-015725,control,desktop,8,0
S-015726,control,mobile,12,0
S-015727,treatment,mobile,12,0
S-015728,control,mobile,1,0
S-015729,treatment,mobile,2,0
S-015730,control,desktop,4,0
S-015731,treatment,mobile,9,0
S-015732,treatment,mobile,8,0
S-015733,control,desktop,1,0
S-015734,treatment,mobile,1,1
S-015735,control,desktop,12,0
S-015736,treatment,mobile,4,0
S-015737,treatment,mobile,13,0
S-015738,control,desktop,1,0
S-015739,control,mobile,13,0
S-015740,treatment,mobile,3,0
S-015741,control,desktop,1,0
S-015742,treatment,mobile,12,0
S-015743,control,desktop,12,0
S-015744,treatment,mobile,9,0
S-015745,treatment,mobile,4,0
S-015746,control,desktop,4,1
S-015747,treatment,mobile,13,0
S-015748,control,desktop,10,0
S-015749,treatment,mobile,1,0
S-015750,treatment,mobile,2,0
S-015751,treatment,mobile,10,0
S-015752,treatment,mobile,13,0
S-015753,treatment,mobile,12,0
S-015754,treatment,mobile,11,0
S-015755,treatment,mobile,14,0
S-015756,treatment,mobile,13,0
S-015757,control,desktop,7,1
S-015758,control,desktop,14,1
S-015759,treatment,mobile,1,0
S-015760,control,desktop,4,0
S-015761,treatment,mobile,13,0
S-015762,control,mobile,2,0
S-015763,treatment,mobile,6,0
S-015764,treatment,mobile,14,0
S-015765,treatment,mobile,13,0
S-015766,treatment,mobile,1,0
S-015767,treatment,desktop,3,1
S-015768,treatment,mobile,1,0
S-015769,treatment,mobile,7,0
S-015770,control,desktop,13,0
S-015771,control,desktop,8,0
S-015772,treatment,mobile,12,0
S-015773,treatment,mobile,6,0
S-015774,treatment,mobile,10,0
S-015775,control,desktop,5,0
S-015776,treatment,mobile,14,0
S-015777,treatment,mobile,9,0
S-015778,control,desktop,4,0
S-015779,treatment,mobile,10,0
S-015780,control,desktop,6,0
S-015781,control,desktop,1,0
S-015782,treatment,mobile,3,0
S-015783,control,desktop,4,0
S-015784,treatment,mobile,4,0
S-015785,control,desktop,1,0
S-015786,treatment,mobile,13,0
S-015787,treatment,desktop,10,0
S-015788,treatment,mobile,12,0
S-015789,control,desktop,3,0
S-015790,control,mobile,11,0
S-015791,treatment,mobile,9,0
S-015792,control,desktop,2,0
S-015793,treatment,mobile,10,0
S-015794,treatment,mobile,1,0
S-015795,control,mobile,8,0
S-015796,treatment,mobile,10,0
S-015797,treatment,mobile,10,1
S-015798,treatment,mobile,12,1
S-015799,control,desktop,9,0
S-015800,control,desktop,7,0
S-015801,treatment,mobile,1,0
S-015802,treatment,desktop,8,0
S-015803,treatment,desktop,8,0
S-015804,treatment,mobile,7,0
S-015805,treatment,desktop,6,0
S-015806,treatment,mobile,6,0
S-015807,control,desktop,6,0
S-015808,control,desktop,14,1
S-015809,control,desktop,10,1
S-015810,control,desktop,11,0
S-015811,treatment,mobile,11,0
S-015812,control,desktop,8,0
S-015813,control,desktop,6,1
S-015814,control,mobile,4,0
S-015815,treatment,mobile,9,0
S-015816,treatment,desktop,12,0
S-015817,treatment,desktop,10,0
S-015818,control,desktop,13,0
S-015819,control,mobile,9,0
S-015820,treatment,mobile,10,0
S-015821,treatment,mobile,6,0
S-015822,treatment,mobile,7,0
S-015823,treatment,mobile,8,0
S-015824,control,desktop,4,0
S-015825,control,desktop,12,0
S-015826,treatment,desktop,11,0
S-015827,control,mobile,8,0
S-015828,treatment,mobile,10,0
S-015829,control,desktop,4,0
S-015830,treatment,desktop,3,0
S-015831,control,mobile,14,1
S-015832,control,desktop,14,0
S-015833,control,mobile,5,0
S-015834,treatment,mobile,2,0
S-015835,control,mobile,10,0
S-015836,treatment,mobile,4,0
S-015837,treatment,mobile,14,0
S-015838,treatment,mobile,10,0
S-015839,treatment,mobile,9,0
S-015840,control,mobile,9,0
S-015841,treatment,mobile,10,0
S-015842,treatment,mobile,3,1
S-015843,treatment,mobile,1,0
S-015844,control,desktop,14,0
S-015845,treatment,mobile,4,0
S-015846,treatment,mobile,10,0
S-015847,control,desktop,7,0
S-015848,control,desktop,4,0
S-015849,treatment,mobile,14,1
S-015850,treatment,mobile,12,0
S-015851,treatment,mobile,9,0
S-015852,control,desktop,2,0
S-015853,treatment,desktop,9,0
S-015854,control,desktop,5,0
S-015855,treatment,mobile,11,0
S-015856,control,desktop,5,0
S-015857,treatment,mobile,14,0
S-015858,treatment,mobile,6,0
S-015859,treatment,mobile,2,1
S-015860,treatment,mobile,1,0
S-015861,control,desktop,8,0
S-015862,treatment,mobile,6,0
S-015863,control,desktop,5,0
S-015864,control,desktop,10,1
S-015865,treatment,mobile,8,0
S-015866,treatment,desktop,11,0
S-015867,treatment,mobile,7,0
S-015868,control,desktop,8,1
S-015869,treatment,mobile,1,0
S-015870,treatment,mobile,3,0
S-015871,treatment,mobile,1,0
S-015872,control,desktop,7,1
S-015873,control,desktop,8,0
S-015874,control,desktop,6,1
S-015875,control,desktop,5,1
S-015876,control,desktop,6,0
S-015877,treatment,mobile,11,0
S-015878,treatment,mobile,13,1
S-015879,control,mobile,12,0
S-015880,control,desktop,5,0
S-015881,treatment,mobile,9,0
S-015882,treatment,mobile,12,0
S-015883,control,desktop,10,0
S-015884,treatment,mobile,14,0
S-015885,control,desktop,13,0
S-015886,control,desktop,6,0
S-015887,treatment,mobile,8,0
S-015888,control,desktop,11,0
S-015889,control,desktop,4,0
S-015890,control,desktop,11,0
S-015891,control,desktop,14,0
S-015892,control,mobile,5,0
S-015893,treatment,mobile,10,0
S-015894,treatment,mobile,5,0
S-015895,control,desktop,1,0
S-015896,treatment,desktop,8,0
S-015897,control,desktop,14,0
S-015898,treatment,mobile,14,0
S-015899,control,desktop,9,1
S-015900,control,desktop,11,0
S-015901,control,mobile,9,0
S-015902,treatment,mobile,9,0
S-015903,control,desktop,14,0
S-015904,control,mobile,1,1
S-015905,control,desktop,14,0
S-015906,control,desktop,9,0
S-015907,control,mobile,6,0
S-015908,treatment,desktop,12,0
S-015909,control,desktop,9,1
S-015910,treatment,mobile,6,0
S-015911,control,desktop,8,0
S-015912,treatment,mobile,12,0
S-015913,treatment,mobile,12,0
S-015914,control,desktop,7,0
S-015915,control,desktop,4,0
S-015916,treatment,desktop,11,0
S-015917,control,desktop,1,0
S-015918,control,desktop,12,0
S-015919,treatment,mobile,10,0
S-015920,treatment,mobile,5,0
S-015921,control,desktop,4,0
S-015922,treatment,mobile,1,0
S-015923,control,desktop,11,0
S-015924,control,desktop,4,0
S-015925,treatment,desktop,6,0
S-015926,control,mobile,9,0
S-015927,treatment,mobile,14,0
S-015928,control,desktop,3,0
S-015929,control,mobile,1,0
S-015930,treatment,mobile,11,0
S-015931,control,desktop,7,0
S-015932,control,desktop,5,0
S-015933,treatment,mobile,13,0
S-015934,treatment,mobile,12,0
S-015935,treatment,mobile,8,0
S-015936,control,desktop,3,0
S-015937,treatment,mobile,1,0
S-015938,control,mobile,13,0
S-015939,control,desktop,2,1
S-015940,treatment,mobile,2,0
S-015941,control,mobile,14,0
S-015942,control,desktop,4,0
S-015943,control,desktop,11,0
S-015944,control,mobile,1,0
S-015945,treatment,desktop,3,0
S-015946,treatment,mobile,1,0
S-015947,treatment,mobile,10,0
S-015948,treatment,desktop,5,0
S-015949,treatment,mobile,5,1
S-015950,control,desktop,8,0
S-015951,treatment,mobile,11,0
S-015952,control,desktop,12,0
S-015953,control,mobile,6,0
S-015954,control,desktop,9,0
S-015955,control,desktop,4,0
S-015956,control,desktop,12,0
S-015957,control,desktop,9,0
S-015958,control,mobile,6,0
S-015959,treatment,mobile,7,0
S-015960,control,desktop,4,0
S-015961,treatment,mobile,3,0
S-015962,treatment,mobile,8,0
S-015963,treatment,mobile,3,0
S-015964,control,desktop,6,1
S-015965,control,mobile,12,0
S-015966,treatment,mobile,3,0
S-015967,control,desktop,7,0
S-015968,control,desktop,4,0
S-015969,control,mobile,1,0
S-015970,control,desktop,9,0
S-015971,control,desktop,11,0
S-015972,treatment,mobile,4,0
S-015973,control,desktop,12,0
S-015974,treatment,mobile,2,0
S-015975,treatment,mobile,13,0
S-015976,control,desktop,11,0
S-015977,control,desktop,12,0
S-015978,treatment,mobile,5,0
S-015979,control,desktop,1,0
S-015980,treatment,mobile,8,0
S-015981,control,desktop,4,0
S-015982,treatment,mobile,6,0
S-015983,control,desktop,9,0
S-015984,treatment,mobile,12,0
S-015985,control,desktop,4,0
S-015986,treatment,mobile,12,0
S-015987,control,desktop,14,0
S-015988,treatment,mobile,6,0
S-015989,treatment,desktop,8,0
S-015990,treatment,mobile,11,0
S-015991,treatment,mobile,6,0
S-015992,control,desktop,5,0
S-015993,control,desktop,4,0
S-015994,treatment,mobile,14,0
S-015995,treatment,mobile,13,0
S-015996,control,mobile,5,0
S-015997,treatment,mobile,10,0
S-015998,control,desktop,10,0
S-015999,treatment,mobile,12,0
S-016000,treatment,mobile,1,0
S-016001,treatment,mobile,1,1
S-016002,treatment,desktop,8,0
S-016003,treatment,desktop,11,0
S-016004,control,mobile,1,0
S-016005,treatment,mobile,14,0
S-016006,treatment,mobile,6,0
S-016007,control,desktop,11,0
S-016008,control,mobile,7,0
S-016009,treatment,mobile,8,0
S-016010,control,desktop,13,0
S-016011,treatment,mobile,9,0
S-016012,control,mobile,5,0
S-016013,control,desktop,10,0
S-016014,control,desktop,11,0
S-016015,control,desktop,3,0
S-016016,control,desktop,10,0
S-016017,treatment,mobile,7,0
S-016018,treatment,mobile,5,0
S-016019,control,desktop,5,1
S-016020,control,desktop,7,0
S-016021,treatment,desktop,3,0
S-016022,control,desktop,1,0
S-016023,treatment,mobile,4,0
S-016024,control,desktop,5,0
S-016025,treatment,mobile,8,0
S-016026,treatment,mobile,8,0
S-016027,treatment,desktop,14,0
S-016028,control,desktop,8,0
S-016029,control,desktop,13,0
S-016030,control,desktop,14,0
S-016031,treatment,mobile,1,0
S-016032,treatment,mobile,8,0
S-016033,treatment,mobile,3,0
S-016034,treatment,mobile,12,0
S-016035,control,desktop,11,0
S-016036,control,mobile,1,0
S-016037,treatment,mobile,7,0
S-016038,treatment,desktop,14,0
S-016039,control,desktop,12,1
S-016040,treatment,mobile,11,0
S-016041,treatment,mobile,10,0
S-016042,control,desktop,7,0
S-016043,control,desktop,6,1
S-016044,control,desktop,7,1
S-016045,control,desktop,1,0
S-016046,control,desktop,2,0
S-016047,control,desktop,14,0
S-016048,treatment,desktop,8,0
S-016049,treatment,mobile,11,0
S-016050,treatment,mobile,2,0
S-016051,treatment,mobile,4,0
S-016052,treatment,desktop,4,0
S-016053,control,desktop,6,0
S-016054,control,mobile,8,0
S-016055,treatment,mobile,5,0
S-016056,treatment,mobile,7,0
S-016057,treatment,mobile,1,0
S-016058,control,desktop,13,0
S-016059,control,desktop,7,0
S-016060,control,desktop,3,0
S-016061,control,desktop,6,0
S-016062,treatment,mobile,14,0
S-016063,control,desktop,14,0
S-016064,control,mobile,1,0
S-016065,treatment,mobile,5,0
S-016066,treatment,desktop,1,0
S-016067,control,desktop,11,0
S-016068,treatment,mobile,13,0
S-016069,treatment,mobile,8,1
S-016070,control,desktop,1,0
S-016071,control,mobile,14,0
S-016072,treatment,mobile,8,0
S-016073,control,desktop,6,0
S-016074,treatment,mobile,8,0
S-016075,control,mobile,9,0
S-016076,treatment,mobile,10,0
S-016077,control,desktop,4,0
S-016078,control,mobile,3,1
S-016079,control,desktop,11,1
S-016080,treatment,mobile,2,0
S-016081,treatment,mobile,5,0
S-016082,control,desktop,4,0
S-016083,treatment,mobile,4,0
S-016084,treatment,desktop,10,0
S-016085,treatment,mobile,3,0
S-016086,treatment,mobile,8,0
S-016087,control,mobile,11,0
S-016088,control,desktop,14,0
S-016089,treatment,mobile,13,0
S-016090,control,mobile,1,0
S-016091,control,desktop,13,0
S-016092,control,desktop,3,0
S-016093,control,desktop,9,0
S-016094,treatment,mobile,11,1
S-016095,control,desktop,2,0
S-016096,treatment,mobile,3,0
S-016097,control,desktop,13,1
S-016098,control,desktop,11,0
S-016099,control,mobile,8,0
S-016100,control,desktop,6,0
S-016101,control,mobile,10,0
S-016102,treatment,mobile,3,0
S-016103,control,desktop,8,0
S-016104,control,desktop,11,0
S-016105,treatment,mobile,12,0
S-016106,control,desktop,12,0
S-016107,treatment,mobile,7,0
S-016108,control,mobile,3,0
S-016109,control,desktop,3,0
S-016110,treatment,mobile,7,0
S-016111,control,desktop,9,0
S-016112,control,desktop,10,0
S-016113,treatment,mobile,7,0
S-016114,treatment,mobile,7,0
S-016115,control,desktop,2,0
S-016116,treatment,mobile,5,0
S-016117,treatment,desktop,12,0
S-016118,treatment,mobile,4,0
S-016119,control,desktop,2,0
S-016120,treatment,mobile,7,0
S-016121,control,desktop,8,1
S-016122,control,desktop,3,1
S-016123,treatment,desktop,13,0
S-016124,treatment,mobile,10,0
S-016125,control,desktop,9,0
S-016126,treatment,desktop,14,0
S-016127,treatment,mobile,11,0
S-016128,treatment,mobile,6,0
S-016129,treatment,mobile,4,0
S-016130,control,mobile,8,1
S-016131,treatment,desktop,4,0
S-016132,control,desktop,12,0
S-016133,treatment,mobile,4,0
S-016134,control,desktop,3,0
S-016135,treatment,desktop,7,0
S-016136,treatment,mobile,13,0
S-016137,control,desktop,6,1
S-016138,control,mobile,10,0
S-016139,control,desktop,13,0
S-016140,control,desktop,10,0
S-016141,control,mobile,8,0
S-016142,control,desktop,7,1
S-016143,treatment,mobile,10,0
S-016144,control,desktop,7,0
S-016145,treatment,mobile,9,0
S-016146,control,desktop,6,0
S-016147,treatment,mobile,4,0
S-016148,control,desktop,14,0
S-016149,treatment,mobile,11,0
S-016150,control,desktop,8,0
S-016151,treatment,mobile,14,0
S-016152,control,desktop,1,1
S-016153,treatment,mobile,4,1
S-016154,treatment,mobile,9,0
S-016155,control,desktop,13,0
S-016156,treatment,mobile,13,0
S-016157,control,mobile,5,0
S-016158,control,desktop,12,0
S-016159,control,mobile,7,0
S-016160,treatment,mobile,5,0
S-016161,control,desktop,5,0
S-016162,control,desktop,11,0
S-016163,control,mobile,6,1
S-016164,treatment,mobile,7,0
S-016165,treatment,mobile,8,0
S-016166,control,mobile,3,0
S-016167,control,desktop,9,0
S-016168,treatment,mobile,10,0
S-016169,control,desktop,5,0
S-016170,control,desktop,2,1
S-016171,treatment,mobile,14,0
S-016172,control,desktop,7,0
S-016173,control,mobile,12,0
S-016174,control,desktop,11,0
S-016175,treatment,mobile,7,0
S-016176,treatment,desktop,13,0
S-016177,treatment,mobile,6,0
S-016178,control,desktop,1,1
S-016179,control,mobile,3,0
S-016180,control,desktop,1,0
S-016181,control,mobile,8,0
S-016182,control,desktop,9,0
S-016183,treatment,mobile,10,0
S-016184,control,desktop,13,0
S-016185,control,desktop,10,0
S-016186,treatment,mobile,14,0
S-016187,control,mobile,14,0
S-016188,treatment,mobile,4,0
S-016189,treatment,mobile,11,0
S-016190,control,desktop,11,1
S-016191,control,desktop,7,0
S-016192,control,desktop,5,0
S-016193,control,desktop,1,1
S-016194,treatment,mobile,10,0
S-016195,control,desktop,9,0
S-016196,control,desktop,4,0
S-016197,control,mobile,5,0
S-016198,control,desktop,14,0
S-016199,control,mobile,12,0
S-016200,control,desktop,14,0
S-016201,control,mobile,4,0
S-016202,treatment,mobile,12,0
S-016203,control,desktop,4,0
S-016204,control,mobile,2,0
S-016205,treatment,desktop,6,0
S-016206,treatment,mobile,7,1
S-016207,control,desktop,6,0
S-016208,treatment,mobile,13,0
S-016209,control,desktop,2,1
S-016210,control,mobile,10,0
S-016211,control,desktop,8,0
S-016212,control,mobile,2,0
S-016213,treatment,mobile,14,0
S-016214,treatment,mobile,6,0
S-016215,control,desktop,14,0
S-016216,treatment,desktop,2,1
S-016217,control,desktop,11,0
S-016218,treatment,mobile,1,0
S-016219,treatment,mobile,2,0
S-016220,control,mobile,9,0
S-016221,control,desktop,11,0
S-016222,treatment,mobile,5,0
S-016223,control,mobile,8,0
S-016224,treatment,desktop,4,0
S-016225,treatment,desktop,9,0
S-016226,control,mobile,10,0
S-016227,treatment,mobile,11,0
S-016228,control,desktop,5,0
S-016229,treatment,mobile,11,1
S-016230,treatment,mobile,8,0
S-016231,control,desktop,5,1
S-016232,control,desktop,1,0
S-016233,treatment,mobile,6,0
S-016234,control,desktop,8,0
S-016235,treatment,mobile,11,0
S-016236,control,desktop,12,0
S-016237,treatment,mobile,12,0
S-016238,control,desktop,9,1
S-016239,control,desktop,6,0
S-016240,treatment,mobile,11,0
S-016241,control,mobile,4,0
S-016242,treatment,mobile,13,0
S-016243,control,desktop,3,0
S-016244,treatment,mobile,10,0
S-016245,control,mobile,11,0
S-016246,control,desktop,5,0
S-016247,control,desktop,1,0
S-016248,treatment,desktop,3,0
S-016249,control,desktop,8,0
S-016250,treatment,mobile,10,0
S-016251,control,desktop,10,1
S-016252,treatment,mobile,8,0
S-016253,treatment,mobile,5,0
S-016254,treatment,mobile,7,0
S-016255,control,desktop,13,0
S-016256,control,desktop,4,0
S-016257,treatment,desktop,1,0
S-016258,control,desktop,3,0
S-016259,control,desktop,12,0
S-016260,treatment,mobile,14,0
S-016261,treatment,desktop,3,0
S-016262,treatment,desktop,2,0
S-016263,treatment,mobile,2,0
S-016264,control,desktop,1,0
S-016265,control,desktop,11,1
S-016266,control,desktop,8,0
S-016267,control,mobile,11,0
S-016268,treatment,mobile,10,0
S-016269,control,mobile,3,0
S-016270,control,mobile,8,0
S-016271,control,desktop,14,0
S-016272,control,desktop,4,0
S-016273,control,mobile,4,0
S-016274,treatment,mobile,4,0
S-016275,treatment,mobile,4,0
S-016276,treatment,mobile,10,0
S-016277,control,mobile,2,0
S-016278,treatment,desktop,12,0
S-016279,treatment,desktop,10,0
S-016280,treatment,mobile,11,0
S-016281,control,desktop,14,0
S-016282,control,desktop,6,1
S-016283,control,mobile,1,0
S-016284,control,mobile,10,0
S-016285,control,desktop,4,0
S-016286,treatment,mobile,12,0
S-016287,treatment,mobile,6,0
S-016288,treatment,desktop,10,0
S-016289,control,desktop,11,1
S-016290,treatment,mobile,2,0
S-016291,control,desktop,3,0
S-016292,treatment,mobile,6,0
S-016293,control,desktop,5,0
S-016294,treatment,mobile,4,0
S-016295,treatment,desktop,1,0
S-016296,control,mobile,10,0
S-016297,treatment,mobile,13,0
S-016298,control,mobile,7,0
S-016299,control,desktop,6,0
S-016300,treatment,mobile,10,0
S-016301,treatment,mobile,4,0
S-016302,control,mobile,5,0
S-016303,control,desktop,9,0
S-016304,control,desktop,6,0
S-016305,treatment,mobile,4,0
S-016306,control,desktop,13,0
S-016307,treatment,mobile,14,0
S-016308,treatment,mobile,4,0
S-016309,control,desktop,1,0
S-016310,control,desktop,11,0
S-016311,treatment,mobile,1,0
S-016312,control,desktop,1,1
S-016313,control,desktop,3,0
S-016314,treatment,desktop,4,1
S-016315,treatment,mobile,3,0
S-016316,treatment,mobile,6,0
S-016317,treatment,mobile,7,0
S-016318,treatment,mobile,11,0
S-016319,control,mobile,5,1
S-016320,control,desktop,6,1
S-016321,treatment,mobile,10,0
S-016322,control,mobile,7,0
S-016323,control,desktop,11,0
S-016324,control,mobile,6,0
S-016325,control,desktop,2,0
S-016326,control,desktop,9,0
S-016327,treatment,mobile,10,0
S-016328,treatment,mobile,13,0
S-016329,control,desktop,7,0
S-016330,treatment,mobile,3,0
S-016331,treatment,desktop,8,0
S-016332,control,mobile,9,0
S-016333,control,desktop,14,0
S-016334,treatment,mobile,4,0
S-016335,treatment,desktop,3,0
S-016336,control,desktop,13,0
S-016337,control,mobile,12,0
S-016338,treatment,mobile,1,0
S-016339,treatment,mobile,12,0
S-016340,control,mobile,6,0
S-016341,control,mobile,5,0
S-016342,control,desktop,12,0
S-016343,control,mobile,3,0
S-016344,treatment,mobile,12,0
S-016345,treatment,mobile,11,0
S-016346,control,desktop,14,0
S-016347,treatment,mobile,7,0
S-016348,treatment,desktop,13,1
S-016349,treatment,mobile,8,0
S-016350,treatment,mobile,13,0
S-016351,treatment,mobile,14,0
S-016352,treatment,mobile,9,0
S-016353,control,desktop,2,0
S-016354,treatment,mobile,12,0
S-016355,treatment,mobile,5,0
S-016356,treatment,desktop,12,0
S-016357,treatment,mobile,7,0
S-016358,treatment,mobile,14,0
S-016359,control,mobile,8,0
S-016360,control,desktop,8,1
S-016361,treatment,mobile,2,0
S-016362,control,desktop,12,0
S-016363,treatment,mobile,7,0
S-016364,control,desktop,2,1
S-016365,treatment,mobile,11,0
S-016366,treatment,mobile,9,0
S-016367,control,desktop,2,0
S-016368,control,desktop,9,1
S-016369,control,mobile,8,0
S-016370,control,desktop,1,0
S-016371,control,desktop,7,1
S-016372,control,desktop,7,0
S-016373,control,desktop,4,0
S-016374,treatment,mobile,1,0
S-016375,control,mobile,4,0
S-016376,treatment,mobile,9,0
S-016377,control,desktop,13,1
S-016378,treatment,mobile,13,0
S-016379,control,desktop,2,0
S-016380,treatment,mobile,1,0
S-016381,control,desktop,5,1
S-016382,control,mobile,14,0
S-016383,treatment,mobile,3,0
S-016384,treatment,mobile,10,0
S-016385,treatment,mobile,2,0
S-016386,control,desktop,12,0
S-016387,control,mobile,11,0
S-016388,treatment,mobile,4,0
S-016389,treatment,mobile,8,0
S-016390,control,desktop,13,0
S-016391,control,desktop,4,0
S-016392,treatment,mobile,14,0
S-016393,control,desktop,11,0
S-016394,control,mobile,12,0
S-016395,treatment,mobile,8,0
S-016396,treatment,mobile,10,0
S-016397,control,desktop,13,0
S-016398,treatment,desktop,10,0
S-016399,treatment,mobile,5,0
S-016400,control,desktop,5,1
S-016401,control,desktop,11,1
S-016402,control,mobile,5,0
S-016403,control,desktop,13,0
S-016404,treatment,desktop,8,0
S-016405,treatment,mobile,9,0
S-016406,treatment,mobile,14,0
S-016407,control,desktop,2,0
S-016408,treatment,desktop,12,0
S-016409,treatment,mobile,8,0
S-016410,treatment,mobile,14,0
S-016411,control,desktop,3,0
S-016412,control,mobile,8,0
S-016413,control,mobile,7,0
S-016414,treatment,desktop,12,0
S-016415,control,desktop,6,0
S-016416,treatment,mobile,2,0
S-016417,control,desktop,12,0
S-016418,control,desktop,9,0
S-016419,control,mobile,14,0
S-016420,control,desktop,4,0
S-016421,treatment,mobile,5,0
S-016422,control,desktop,2,0
S-016423,control,desktop,4,1
S-016424,control,desktop,1,0
S-016425,control,mobile,2,0
S-016426,control,mobile,1,0
S-016427,control,mobile,2,0
S-016428,treatment,mobile,13,0
S-016429,treatment,mobile,1,0
S-016430,treatment,mobile,14,0
S-016431,treatment,mobile,9,0
S-016432,treatment,mobile,5,0
S-016433,treatment,mobile,9,0
S-016434,treatment,mobile,14,0
S-016435,control,desktop,12,0
S-016436,treatment,mobile,4,0
S-016437,treatment,mobile,8,0
S-016438,control,mobile,4,0
S-016439,control,desktop,2,0
S-016440,treatment,mobile,4,0
S-016441,treatment,mobile,2,0
S-016442,control,mobile,6,0
S-016443,control,mobile,3,0
S-016444,treatment,mobile,2,0
S-016445,control,desktop,3,0
S-016446,treatment,mobile,6,0
S-016447,treatment,mobile,14,0
S-016448,control,desktop,11,0
S-016449,treatment,mobile,1,0
S-016450,control,desktop,14,0
S-016451,treatment,mobile,1,0
S-016452,treatment,mobile,8,0
S-016453,control,desktop,7,0
S-016454,treatment,mobile,7,0
S-016455,control,mobile,3,0
S-016456,control,desktop,6,0
S-016457,control,desktop,12,0
S-016458,control,desktop,6,0
S-016459,control,desktop,7,0
S-016460,treatment,mobile,5,0
S-016461,control,desktop,5,0
S-016462,treatment,mobile,12,0
S-016463,control,desktop,7,1
S-016464,treatment,mobile,3,0
S-016465,control,desktop,14,0
S-016466,treatment,mobile,12,0
S-016467,treatment,mobile,5,0
S-016468,control,desktop,9,0
S-016469,control,desktop,6,1
S-016470,treatment,desktop,9,0
S-016471,treatment,mobile,3,0
S-016472,control,desktop,4,0
S-016473,control,mobile,9,0
S-016474,control,desktop,9,0
S-016475,control,desktop,10,0
S-016476,treatment,mobile,5,0
S-016477,control,desktop,8,0
S-016478,control,desktop,10,0
S-016479,control,mobile,8,0
S-016480,treatment,mobile,11,0
S-016481,treatment,desktop,11,0
S-016482,control,desktop,7,0
S-016483,control,desktop,7,0
S-016484,control,desktop,9,0
S-016485,treatment,desktop,8,1
S-016486,control,mobile,10,0
S-016487,control,mobile,9,0
S-016488,control,desktop,9,0
S-016489,control,desktop,8,0
S-016490,control,desktop,10,0
S-016491,treatment,mobile,12,0
S-016492,treatment,mobile,3,0
S-016493,control,desktop,4,0
S-016494,treatment,mobile,10,0
S-016495,treatment,mobile,1,0
S-016496,treatment,mobile,7,0
S-016497,treatment,mobile,7,0
S-016498,control,desktop,7,0
S-016499,control,desktop,11,0
S-016500,treatment,desktop,12,0
S-016501,treatment,mobile,3,0
S-016502,treatment,mobile,7,0
S-016503,treatment,mobile,1,0
S-016504,treatment,mobile,6,1
S-016505,treatment,mobile,12,0
S-016506,control,desktop,1,0
S-016507,treatment,mobile,1,0
S-016508,control,desktop,4,1
S-016509,control,desktop,12,0
S-016510,control,desktop,10,0
S-016511,treatment,mobile,14,0
S-016512,control,desktop,11,0
S-016513,control,desktop,10,0
S-016514,treatment,mobile,5,0
S-016515,treatment,mobile,5,0
S-016516,treatment,mobile,5,0
S-016517,treatment,desktop,7,0
S-016518,control,desktop,12,0
S-016519,treatment,mobile,10,0
S-016520,treatment,mobile,10,0
S-016521,control,mobile,11,0
S-016522,treatment,desktop,8,0
S-016523,treatment,mobile,10,1
S-016524,control,desktop,10,0
S-016525,control,desktop,4,0
S-016526,control,mobile,2,0
S-016527,control,desktop,1,0
S-016528,control,mobile,14,0
S-016529,treatment,mobile,13,0
S-016530,treatment,mobile,13,0
S-016531,control,mobile,7,0
S-016532,control,desktop,2,0
S-016533,treatment,mobile,13,0
S-016534,control,mobile,10,0
S-016535,treatment,mobile,14,0
S-016536,treatment,mobile,9,0
S-016537,treatment,mobile,2,1
S-016538,treatment,mobile,11,0
S-016539,treatment,desktop,11,0
S-016540,treatment,mobile,10,0
S-016541,treatment,mobile,10,0
S-016542,control,desktop,3,0
S-016543,treatment,mobile,13,0
S-016544,treatment,mobile,10,0
S-016545,control,mobile,1,0
S-016546,control,desktop,5,1
S-016547,control,mobile,7,0
S-016548,treatment,mobile,7,0
S-016549,control,desktop,1,1
S-016550,treatment,mobile,13,0
S-016551,control,desktop,1,0
S-016552,control,desktop,3,0
S-016553,treatment,desktop,12,0
S-016554,treatment,mobile,5,0
S-016555,control,mobile,2,0
S-016556,control,desktop,9,0
S-016557,treatment,desktop,5,1
S-016558,treatment,mobile,12,0
S-016559,control,desktop,8,0
S-016560,control,desktop,1,0
S-016561,control,desktop,13,0
S-016562,control,mobile,5,0
S-016563,treatment,mobile,9,0
S-016564,treatment,mobile,3,0
S-016565,treatment,mobile,1,0
S-016566,treatment,mobile,5,0
S-016567,treatment,mobile,11,0
S-016568,control,desktop,11,0
S-016569,control,mobile,5,0
S-016570,treatment,mobile,9,0
S-016571,control,desktop,2,0
S-016572,control,desktop,13,1
S-016573,treatment,mobile,6,0
S-016574,control,desktop,1,0
S-016575,control,desktop,12,0
S-016576,treatment,mobile,10,0
S-016577,treatment,desktop,6,0
S-016578,control,desktop,11,0
S-016579,control,desktop,11,0
S-016580,control,desktop,3,0
S-016581,control,desktop,13,0
S-016582,control,desktop,7,0
S-016583,treatment,mobile,5,0
S-016584,control,desktop,4,0
S-016585,control,desktop,9,0
S-016586,control,desktop,8,0
S-016587,treatment,mobile,12,0
S-016588,treatment,mobile,11,0
S-016589,treatment,desktop,13,0
S-016590,treatment,desktop,12,0
S-016591,treatment,mobile,10,0
S-016592,treatment,mobile,3,0
S-016593,treatment,desktop,10,0
S-016594,treatment,mobile,13,0
S-016595,treatment,desktop,1,1
S-016596,control,desktop,2,1
S-016597,treatment,mobile,13,0
S-016598,control,desktop,7,0
S-016599,control,mobile,9,0
S-016600,treatment,mobile,2,0
S-016601,control,mobile,5,0
S-016602,control,mobile,5,0
S-016603,control,desktop,3,1
S-016604,treatment,mobile,7,0
S-016605,control,desktop,11,1
S-016606,control,mobile,9,0
S-016607,control,desktop,14,0
S-016608,treatment,mobile,3,0
S-016609,control,desktop,1,1
S-016610,treatment,mobile,2,0
S-016611,control,mobile,4,0
S-016612,control,desktop,1,0
S-016613,treatment,mobile,3,0
S-016614,control,desktop,4,0
S-016615,treatment,mobile,8,0
S-016616,treatment,mobile,7,0
S-016617,treatment,mobile,5,0
S-016618,treatment,mobile,12,0
S-016619,control,desktop,14,0
S-016620,control,desktop,5,1
S-016621,control,desktop,11,0
S-016622,treatment,mobile,4,0
S-016623,control,desktop,11,0
S-016624,control,desktop,2,0
S-016625,treatment,mobile,13,0
S-016626,control,desktop,5,0
S-016627,treatment,desktop,2,0
S-016628,treatment,mobile,9,0
S-016629,treatment,mobile,5,0
S-016630,treatment,mobile,3,0
S-016631,control,desktop,14,0
S-016632,control,desktop,1,0
S-016633,treatment,mobile,13,0
S-016634,treatment,mobile,14,1
S-016635,control,mobile,7,0
S-016636,treatment,mobile,2,0
S-016637,control,desktop,14,0
S-016638,treatment,mobile,3,0
S-016639,treatment,mobile,10,0
S-016640,control,desktop,6,0
S-016641,treatment,mobile,1,0
S-016642,control,mobile,8,0
S-016643,treatment,desktop,9,0
S-016644,control,desktop,11,0
S-016645,treatment,mobile,1,0
S-016646,control,desktop,12,0
S-016647,treatment,mobile,1,0
S-016648,treatment,mobile,11,0
S-016649,control,mobile,9,0
S-016650,treatment,desktop,5,0
S-016651,treatment,mobile,1,0
S-016652,treatment,mobile,10,0
S-016653,control,mobile,1,0
S-016654,treatment,mobile,5,0
S-016655,control,desktop,5,0
S-016656,control,desktop,14,0
S-016657,treatment,mobile,8,0
S-016658,treatment,mobile,7,0
S-016659,control,desktop,7,1
S-016660,control,desktop,6,1
S-016661,control,mobile,7,0
S-016662,treatment,mobile,11,0
S-016663,control,mobile,2,0
S-016664,treatment,desktop,5,0
S-016665,treatment,mobile,13,0
S-016666,control,desktop,11,1
S-016667,treatment,desktop,12,1
S-016668,treatment,desktop,5,0
S-016669,control,desktop,6,0
S-016670,treatment,mobile,5,0
S-016671,treatment,mobile,10,0
S-016672,treatment,mobile,10,1
S-016673,treatment,mobile,3,0
S-016674,control,desktop,2,0
S-016675,control,desktop,11,0
S-016676,treatment,desktop,7,0
S-016677,treatment,mobile,8,0
S-016678,control,desktop,10,0
S-016679,treatment,mobile,2,0
S-016680,treatment,mobile,1,0
S-016681,control,desktop,9,0
S-016682,treatment,mobile,10,0
S-016683,treatment,desktop,13,0
S-016684,treatment,desktop,8,0
S-016685,control,desktop,3,0
S-016686,control,desktop,3,0
S-016687,control,mobile,2,0
S-016688,treatment,desktop,11,0
S-016689,control,desktop,1,0
S-016690,treatment,mobile,8,0
S-016691,treatment,mobile,1,0
S-016692,treatment,mobile,1,0
S-016693,treatment,mobile,13,0
S-016694,treatment,mobile,11,0
S-016695,control,desktop,4,0
S-016696,control,desktop,4,0
S-016697,treatment,mobile,11,0
S-016698,treatment,mobile,5,0
S-016699,control,desktop,2,0
S-016700,control,mobile,9,1
S-016701,treatment,mobile,14,0
S-016702,treatment,desktop,7,0
S-016703,treatment,mobile,2,0
S-016704,treatment,mobile,11,0
S-016705,treatment,mobile,9,0
S-016706,control,desktop,8,0
S-016707,treatment,mobile,14,0
S-016708,treatment,desktop,3,0
S-016709,control,mobile,2,0
S-016710,control,mobile,11,0
S-016711,control,mobile,4,0
S-016712,treatment,mobile,14,0
S-016713,treatment,mobile,14,0
S-016714,treatment,mobile,2,0
S-016715,treatment,desktop,2,0
S-016716,control,desktop,9,0
S-016717,control,desktop,2,0
S-016718,treatment,mobile,7,0
S-016719,treatment,mobile,2,0
S-016720,control,desktop,6,0
S-016721,treatment,mobile,5,0
S-016722,treatment,mobile,8,0
S-016723,control,mobile,10,0
S-016724,treatment,mobile,5,0
S-016725,treatment,mobile,8,0
S-016726,treatment,mobile,5,0
S-016727,control,desktop,7,0
S-016728,control,desktop,1,0
S-016729,treatment,mobile,1,0
S-016730,control,desktop,1,1
S-016731,control,desktop,13,0
S-016732,control,desktop,1,0
S-016733,treatment,mobile,7,0
S-016734,control,desktop,2,0
S-016735,control,desktop,5,0
S-016736,control,desktop,10,0
S-016737,control,desktop,3,0
S-016738,control,desktop,9,0
S-016739,control,desktop,1,0
S-016740,treatment,mobile,13,0
S-016741,control,desktop,11,0
S-016742,treatment,mobile,2,0
S-016743,treatment,mobile,10,0
S-016744,control,desktop,2,1
S-016745,control,desktop,3,0
S-016746,treatment,mobile,14,0
S-016747,control,mobile,10,0
S-016748,treatment,mobile,9,0
S-016749,control,desktop,6,1
S-016750,control,desktop,10,0
S-016751,treatment,desktop,4,0
S-016752,control,mobile,11,0
S-016753,control,desktop,3,0
S-016754,control,desktop,10,1
S-016755,control,desktop,11,0
S-016756,treatment,mobile,8,0
S-016757,treatment,mobile,11,0
S-016758,treatment,mobile,11,0
S-016759,treatment,mobile,12,0
S-016760,control,desktop,10,0
S-016761,control,desktop,8,0
S-016762,treatment,mobile,10,0
S-016763,treatment,mobile,6,0
S-016764,treatment,desktop,8,1
S-016765,control,desktop,6,0
S-016766,treatment,mobile,2,0
S-016767,treatment,mobile,2,0
S-016768,treatment,mobile,3,0
S-016769,treatment,mobile,14,0
S-016770,treatment,desktop,4,1
S-016771,control,desktop,14,0
S-016772,treatment,mobile,9,0
S-016773,treatment,mobile,6,0
S-016774,control,mobile,9,0
S-016775,control,desktop,4,0
S-016776,control,desktop,5,0
S-016777,treatment,mobile,12,0
S-016778,treatment,mobile,6,0
S-016779,treatment,mobile,6,0
S-016780,treatment,mobile,2,0
S-016781,control,desktop,12,0
S-016782,control,desktop,8,0
S-016783,control,desktop,9,0
S-016784,control,desktop,4,0
S-016785,treatment,mobile,12,0
S-016786,control,desktop,10,0
S-016787,control,mobile,5,0
S-016788,treatment,mobile,10,0
S-016789,treatment,mobile,4,0
S-016790,control,mobile,2,0
S-016791,control,mobile,4,0
S-016792,treatment,mobile,7,0
S-016793,control,desktop,3,1
S-016794,control,desktop,1,0
S-016795,control,desktop,9,0
S-016796,control,mobile,9,0
S-016797,treatment,mobile,12,0
S-016798,treatment,mobile,11,0
S-016799,control,desktop,10,0
S-016800,treatment,mobile,5,0
S-016801,control,desktop,7,0
S-016802,control,desktop,13,0
S-016803,control,mobile,11,0
S-016804,treatment,desktop,2,0
S-016805,treatment,mobile,13,0
S-016806,control,desktop,13,0
S-016807,treatment,mobile,9,0
S-016808,treatment,mobile,10,0
S-016809,control,desktop,10,0
S-016810,treatment,desktop,4,1
S-016811,control,mobile,9,0
S-016812,treatment,mobile,3,0
S-016813,control,desktop,13,0
S-016814,control,mobile,2,0
S-016815,treatment,mobile,11,0
S-016816,treatment,mobile,10,0
S-016817,treatment,mobile,10,0
S-016818,control,desktop,1,0
S-016819,control,desktop,4,0
S-016820,treatment,mobile,12,0
S-016821,treatment,desktop,8,0
S-016822,treatment,mobile,6,0
S-016823,control,desktop,5,0
S-016824,treatment,mobile,3,0
S-016825,control,desktop,3,0
S-016826,control,desktop,2,1
S-016827,treatment,mobile,12,0
S-016828,control,desktop,12,0
S-016829,control,desktop,9,0
S-016830,control,mobile,10,0
S-016831,treatment,mobile,11,0
S-016832,control,desktop,9,0
S-016833,control,desktop,6,0
S-016834,treatment,mobile,5,0
S-016835,control,desktop,6,1
S-016836,control,desktop,7,0
S-016837,treatment,desktop,3,0
S-016838,control,mobile,1,0
S-016839,control,desktop,7,0
S-016840,treatment,mobile,10,1
S-016841,treatment,mobile,13,0
S-016842,control,desktop,10,0
S-016843,treatment,mobile,2,0
S-016844,control,desktop,1,1
S-016845,control,desktop,5,0
S-016846,control,desktop,4,0
S-016847,treatment,mobile,11,0
S-016848,control,desktop,1,0
S-016849,control,desktop,8,1
S-016850,control,desktop,9,0
S-016851,treatment,mobile,8,0
S-016852,treatment,mobile,2,0
S-016853,treatment,mobile,7,1
S-016854,treatment,mobile,14,0
S-016855,treatment,mobile,12,0
S-016856,treatment,mobile,9,0
S-016857,treatment,mobile,4,0
S-016858,control,desktop,1,1
S-016859,control,desktop,13,0
S-016860,control,desktop,4,0
S-016861,control,desktop,8,1
S-016862,control,desktop,4,1
S-016863,control,desktop,1,0
S-016864,treatment,mobile,11,0
S-016865,control,desktop,11,0
S-016866,control,desktop,6,0
S-016867,treatment,desktop,9,0
S-016868,control,desktop,1,1
S-016869,treatment,desktop,12,0
S-016870,control,desktop,1,0
S-016871,control,desktop,6,0
S-016872,treatment,mobile,5,0
S-016873,control,desktop,13,0
S-016874,treatment,mobile,5,1
S-016875,control,desktop,9,0
S-016876,control,mobile,1,0
S-016877,control,desktop,14,0
S-016878,control,desktop,10,0
S-016879,control,mobile,11,0
S-016880,treatment,mobile,8,0
S-016881,treatment,mobile,4,0
S-016882,control,mobile,6,0
S-016883,treatment,mobile,2,0
S-016884,control,mobile,3,0
S-016885,control,mobile,11,0
S-016886,control,desktop,2,0
S-016887,control,desktop,13,0
S-016888,treatment,mobile,5,0
S-016889,control,mobile,8,0
S-016890,control,desktop,2,0
S-016891,control,desktop,3,0
S-016892,treatment,mobile,2,0
S-016893,control,desktop,14,1
S-016894,treatment,mobile,4,0
S-016895,treatment,mobile,10,0
S-016896,control,desktop,13,0
S-016897,control,desktop,8,0
S-016898,control,desktop,9,0
S-016899,control,desktop,13,0
S-016900,treatment,mobile,6,0
S-016901,treatment,mobile,7,0
S-016902,treatment,mobile,6,0
S-016903,treatment,mobile,5,0
S-016904,control,mobile,10,0
S-016905,control,desktop,4,0
S-016906,control,desktop,4,0
S-016907,control,mobile,7,0
S-016908,control,mobile,11,0
S-016909,treatment,mobile,8,0
S-016910,treatment,desktop,8,0
S-016911,treatment,mobile,11,0
S-016912,treatment,mobile,3,0
S-016913,treatment,mobile,7,0
S-016914,control,desktop,6,0
S-016915,control,desktop,10,0
S-016916,control,desktop,9,0
S-016917,control,desktop,7,0
S-016918,control,mobile,11,0
S-016919,treatment,mobile,9,0
S-016920,control,desktop,9,0
S-016921,control,desktop,6,0
S-016922,control,desktop,11,1
S-016923,treatment,mobile,1,0
S-016924,control,desktop,6,1
S-016925,control,mobile,5,0
S-016926,treatment,mobile,11,1
S-016927,treatment,mobile,11,0
S-016928,treatment,mobile,8,0
S-016929,control,desktop,12,0
S-016930,control,mobile,13,0
S-016931,control,desktop,2,0
S-016932,treatment,mobile,14,0
S-016933,control,desktop,6,0
S-016934,treatment,mobile,13,1
S-016935,treatment,mobile,14,0
S-016936,treatment,mobile,10,0
S-016937,treatment,mobile,13,0
S-016938,treatment,desktop,8,0
S-016939,control,mobile,9,0
S-016940,control,mobile,1,0
S-016941,control,mobile,1,0
S-016942,treatment,mobile,5,0
S-016943,treatment,mobile,1,0
S-016944,treatment,mobile,9,0
S-016945,control,desktop,9,0
S-016946,treatment,mobile,3,0
S-016947,control,mobile,14,0
S-016948,control,desktop,6,0
S-016949,control,desktop,6,0
S-016950,treatment,mobile,1,0
S-016951,treatment,mobile,8,0
S-016952,treatment,mobile,10,0
S-016953,control,desktop,11,0
S-016954,control,mobile,3,0
S-016955,treatment,desktop,6,0
S-016956,treatment,mobile,4,0
S-016957,control,desktop,6,0
S-016958,treatment,desktop,1,0
S-016959,control,desktop,6,0
S-016960,control,desktop,8,0
S-016961,control,desktop,7,0
S-016962,treatment,mobile,9,0
S-016963,control,desktop,7,0
S-016964,treatment,mobile,12,0
S-016965,control,desktop,8,0
S-016966,control,mobile,5,0
S-016967,treatment,desktop,12,0
S-016968,control,mobile,2,0
S-016969,control,mobile,6,0
S-016970,treatment,mobile,5,0
S-016971,control,desktop,10,0
S-016972,treatment,mobile,3,0
S-016973,treatment,mobile,8,0
S-016974,treatment,mobile,13,0
S-016975,treatment,desktop,14,0
S-016976,control,mobile,14,1
S-016977,treatment,mobile,8,0
S-016978,treatment,mobile,13,0
S-016979,control,desktop,4,0
S-016980,control,desktop,4,0
S-016981,treatment,mobile,14,0
S-016982,treatment,mobile,2,0
S-016983,control,desktop,2,0
S-016984,control,desktop,12,0
S-016985,treatment,mobile,14,0
S-016986,treatment,mobile,12,0
S-016987,treatment,mobile,14,0
S-016988,treatment,mobile,9,0
S-016989,treatment,mobile,4,0
S-016990,treatment,mobile,9,0
S-016991,treatment,desktop,7,0
S-016992,control,mobile,5,0
S-016993,control,mobile,8,0
S-016994,control,mobile,3,0
S-016995,treatment,mobile,8,0
S-016996,control,desktop,10,0
S-016997,control,mobile,12,0
S-016998,treatment,mobile,1,0
S-016999,control,desktop,5,0
S-017000,treatment,mobile,9,0
S-017001,treatment,mobile,1,0
S-017002,control,desktop,3,0
S-017003,control,desktop,12,0
S-017004,treatment,mobile,7,0
S-017005,control,desktop,14,0
S-017006,control,desktop,6,0
S-017007,treatment,mobile,3,0
S-017008,control,mobile,10,0
S-017009,treatment,mobile,8,0
S-017010,treatment,mobile,3,1
S-017011,control,mobile,11,0
S-017012,treatment,mobile,6,0
S-017013,control,mobile,10,0
S-017014,control,desktop,2,0
S-017015,control,desktop,11,0
S-017016,treatment,mobile,3,0
S-017017,control,mobile,1,0
S-017018,control,desktop,14,0
S-017019,control,desktop,9,0
S-017020,treatment,mobile,11,0
S-017021,control,desktop,3,0
S-017022,treatment,desktop,6,0
S-017023,control,desktop,2,0
S-017024,treatment,mobile,9,0
S-017025,control,desktop,14,0
S-017026,treatment,desktop,9,0
S-017027,treatment,mobile,9,0
S-017028,treatment,mobile,6,0
S-017029,control,desktop,6,0
S-017030,treatment,mobile,13,0
S-017031,control,desktop,10,0
S-017032,control,desktop,6,0
S-017033,control,mobile,10,0
S-017034,control,desktop,3,1
S-017035,treatment,mobile,1,0
S-017036,control,mobile,8,0
S-017037,control,desktop,4,0
S-017038,control,mobile,10,0
S-017039,control,desktop,5,1
S-017040,treatment,mobile,4,0
S-017041,treatment,mobile,3,0
S-017042,treatment,mobile,6,0
S-017043,control,desktop,12,0
S-017044,treatment,mobile,7,0
S-017045,treatment,mobile,10,0
S-017046,treatment,mobile,3,0
S-017047,control,desktop,8,0
S-017048,treatment,mobile,3,0
S-017049,treatment,mobile,9,0
S-017050,treatment,mobile,9,0
S-017051,control,desktop,6,0
S-017052,treatment,mobile,7,0
S-017053,treatment,mobile,6,0
S-017054,control,desktop,14,0
S-017055,treatment,desktop,4,1
S-017056,treatment,mobile,10,0
S-017057,treatment,mobile,9,0
S-017058,control,desktop,7,1
S-017059,treatment,mobile,3,0
S-017060,control,desktop,7,0
S-017061,treatment,mobile,14,0
S-017062,control,desktop,4,0
S-017063,control,desktop,5,0
S-017064,treatment,desktop,10,0
S-017065,control,desktop,5,0
S-017066,control,desktop,1,0
S-017067,treatment,mobile,12,0
S-017068,control,desktop,3,0
S-017069,treatment,mobile,9,0
S-017070,control,desktop,13,0
S-017071,control,desktop,4,0
S-017072,control,desktop,6,1
S-017073,treatment,mobile,8,0
S-017074,control,desktop,14,0
S-017075,treatment,desktop,11,0
S-017076,control,desktop,4,0
S-017077,treatment,mobile,10,0
S-017078,control,mobile,5,0
S-017079,treatment,mobile,9,0
S-017080,treatment,desktop,6,1
S-017081,control,desktop,14,1
S-017082,treatment,mobile,3,0
S-017083,treatment,mobile,12,0
S-017084,treatment,mobile,6,0
S-017085,treatment,mobile,2,1
S-017086,control,desktop,12,0
S-017087,control,mobile,1,0
S-017088,treatment,desktop,1,1
S-017089,treatment,mobile,14,0
S-017090,control,desktop,3,0
S-017091,control,mobile,12,0
S-017092,control,desktop,7,0
S-017093,control,desktop,12,0
S-017094,treatment,mobile,12,0
S-017095,control,desktop,8,0
S-017096,treatment,mobile,13,0
S-017097,control,mobile,14,0
S-017098,treatment,mobile,10,0
S-017099,treatment,mobile,10,0
S-017100,treatment,mobile,13,0
S-017101,control,desktop,14,0
S-017102,control,desktop,5,1
S-017103,control,mobile,14,0
S-017104,treatment,mobile,8,0
S-017105,treatment,mobile,13,0
S-017106,control,desktop,5,0
S-017107,treatment,mobile,3,0
S-017108,treatment,mobile,7,0
S-017109,control,desktop,1,0
S-017110,control,mobile,5,0
S-017111,treatment,mobile,14,0
S-017112,treatment,mobile,5,0
S-017113,control,mobile,5,0
S-017114,treatment,mobile,12,0
S-017115,control,desktop,7,0
S-017116,treatment,mobile,3,0
S-017117,control,desktop,4,0
S-017118,control,mobile,1,0
S-017119,treatment,mobile,7,0
S-017120,control,desktop,12,0
S-017121,treatment,mobile,14,0
S-017122,treatment,mobile,10,0
S-017123,treatment,mobile,14,0
S-017124,treatment,mobile,1,0
S-017125,treatment,mobile,8,0
S-017126,treatment,desktop,6,0
S-017127,treatment,mobile,14,0
S-017128,treatment,mobile,14,0
S-017129,treatment,mobile,14,0
S-017130,treatment,mobile,5,0
S-017131,treatment,mobile,6,0
S-017132,control,desktop,2,0
S-017133,control,mobile,6,0
S-017134,treatment,mobile,14,0
S-017135,control,desktop,5,0
S-017136,control,desktop,11,0
S-017137,treatment,mobile,8,0
S-017138,treatment,mobile,6,0
S-017139,control,desktop,12,0
S-017140,control,desktop,4,0
S-017141,treatment,mobile,3,0
S-017142,treatment,mobile,1,0
S-017143,treatment,mobile,5,0
S-017144,treatment,mobile,3,0
S-017145,treatment,mobile,6,1
S-017146,control,mobile,5,0
S-017147,treatment,mobile,6,0
S-017148,control,desktop,7,0
S-017149,treatment,mobile,2,0
S-017150,treatment,mobile,6,0
S-017151,control,desktop,9,0
S-017152,treatment,mobile,11,0
S-017153,treatment,mobile,4,0
S-017154,treatment,mobile,11,0
S-017155,control,desktop,10,0
S-017156,treatment,desktop,14,1
S-017157,control,mobile,8,0
S-017158,control,desktop,12,0
S-017159,control,mobile,1,0
S-017160,treatment,mobile,10,0
S-017161,control,desktop,13,0
S-017162,control,mobile,4,0
S-017163,control,desktop,4,0
S-017164,control,desktop,12,0
S-017165,treatment,desktop,3,0
S-017166,control,mobile,8,0
S-017167,treatment,mobile,12,1
S-017168,treatment,mobile,12,0
S-017169,treatment,mobile,8,0
S-017170,control,desktop,6,0
S-017171,control,desktop,10,0
S-017172,treatment,mobile,2,0
S-017173,treatment,mobile,13,0
S-017174,treatment,mobile,13,0
S-017175,treatment,mobile,4,0
S-017176,control,mobile,10,0
S-017177,control,mobile,2,0
S-017178,control,desktop,7,0
S-017179,control,desktop,11,0
S-017180,control,desktop,2,0
S-017181,control,desktop,7,0
S-017182,treatment,mobile,7,0
S-017183,control,desktop,1,0
S-017184,treatment,mobile,2,0
S-017185,control,desktop,2,1
S-017186,control,desktop,2,0
S-017187,treatment,mobile,4,0
S-017188,treatment,desktop,12,0
S-017189,control,desktop,2,0
S-017190,control,mobile,1,0
S-017191,treatment,mobile,13,1
S-017192,control,desktop,3,0
S-017193,control,desktop,8,0
S-017194,treatment,mobile,5,1
S-017195,treatment,desktop,5,1
S-017196,control,mobile,14,0
S-017197,treatment,mobile,5,0
S-017198,control,mobile,6,0
S-017199,treatment,mobile,9,1
S-017200,control,desktop,5,0
S-017201,control,desktop,3,0
S-017202,treatment,mobile,10,0
S-017203,treatment,mobile,10,0
S-017204,control,desktop,13,0
S-017205,control,desktop,1,0
S-017206,control,mobile,14,0
S-017207,control,desktop,4,0
S-017208,control,desktop,11,0
S-017209,control,desktop,8,0
S-017210,treatment,mobile,12,0
S-017211,control,desktop,8,1
S-017212,treatment,mobile,7,0
S-017213,control,mobile,14,0
S-017214,treatment,mobile,5,0
S-017215,treatment,mobile,4,0
S-017216,control,mobile,9,0
S-017217,control,desktop,3,0
S-017218,control,desktop,3,0
S-017219,control,desktop,1,0
S-017220,treatment,desktop,10,0
S-017221,treatment,mobile,10,0
S-017222,control,desktop,13,0
S-017223,control,desktop,8,0
S-017224,treatment,mobile,7,0
S-017225,control,desktop,10,0
S-017226,treatment,mobile,9,0
S-017227,control,mobile,9,0
S-017228,control,mobile,6,0
S-017229,control,mobile,13,0
S-017230,control,desktop,7,0
S-017231,treatment,mobile,3,0
S-017232,treatment,desktop,3,0
S-017233,control,mobile,9,0
S-017234,control,desktop,8,0
S-017235,control,mobile,4,0
S-017236,treatment,mobile,5,0
S-017237,control,mobile,6,0
S-017238,treatment,mobile,9,0
S-017239,treatment,mobile,2,0
S-017240,control,desktop,7,0
S-017241,control,desktop,9,1
S-017242,control,desktop,3,0
S-017243,treatment,desktop,2,0
S-017244,treatment,mobile,7,0
S-017245,control,mobile,13,0
S-017246,control,desktop,2,0
S-017247,control,mobile,11,0
S-017248,control,desktop,11,0
S-017249,treatment,mobile,5,0
S-017250,treatment,mobile,3,0
S-017251,control,desktop,10,0
S-017252,treatment,mobile,2,0
S-017253,control,mobile,5,0
S-017254,treatment,mobile,12,0
S-017255,treatment,mobile,1,0
S-017256,control,desktop,9,1
S-017257,treatment,mobile,4,0
S-017258,treatment,mobile,5,0
S-017259,treatment,mobile,14,0
S-017260,control,desktop,11,0
S-017261,control,desktop,8,1
S-017262,control,mobile,11,0
S-017263,treatment,mobile,9,0
S-017264,control,desktop,10,0
S-017265,control,mobile,7,0
S-017266,treatment,mobile,1,0
S-017267,treatment,mobile,2,0
S-017268,control,desktop,2,0
S-017269,control,desktop,12,0
S-017270,treatment,mobile,13,0
S-017271,treatment,mobile,12,0
S-017272,control,desktop,11,0
S-017273,treatment,mobile,5,0
S-017274,control,desktop,10,1
S-017275,control,desktop,14,1
S-017276,treatment,mobile,9,0
S-017277,control,desktop,14,0
S-017278,control,desktop,4,0
S-017279,treatment,mobile,7,0
S-017280,control,desktop,14,0
S-017281,control,desktop,12,0
S-017282,treatment,mobile,7,0
S-017283,treatment,mobile,13,0
S-017284,control,mobile,12,0
S-017285,control,desktop,1,0
S-017286,control,desktop,12,0
S-017287,treatment,mobile,14,0
S-017288,treatment,mobile,3,0
S-017289,control,desktop,13,0
S-017290,control,desktop,9,0
S-017291,control,desktop,1,0
S-017292,treatment,desktop,13,0
S-017293,treatment,mobile,1,0
S-017294,control,desktop,10,0
S-017295,control,desktop,3,1
S-017296,control,desktop,2,0
S-017297,control,mobile,14,0
S-017298,control,desktop,9,0
S-017299,treatment,mobile,3,0
S-017300,treatment,mobile,8,0
S-017301,treatment,mobile,1,0
S-017302,control,desktop,11,0
S-017303,control,desktop,8,0
S-017304,control,desktop,2,0
S-017305,treatment,mobile,9,0
S-017306,treatment,desktop,7,0
S-017307,control,desktop,11,0
S-017308,treatment,mobile,5,0
S-017309,control,desktop,12,0
S-017310,control,desktop,3,1
S-017311,control,mobile,7,0
S-017312,treatment,mobile,1,0
S-017313,control,mobile,2,0
S-017314,treatment,mobile,13,0
S-017315,treatment,mobile,11,0
S-017316,control,desktop,13,1
S-017317,control,desktop,13,0
S-017318,control,desktop,2,0
S-017319,control,desktop,8,1
S-017320,control,desktop,10,0
S-017321,treatment,mobile,4,0
S-017322,treatment,desktop,4,0
S-017323,treatment,mobile,9,0
S-017324,control,mobile,14,0
S-017325,control,mobile,11,0
S-017326,treatment,mobile,14,0
S-017327,control,desktop,13,1
S-017328,control,mobile,7,0
S-017329,control,desktop,2,0
S-017330,treatment,mobile,1,0
S-017331,treatment,mobile,13,0
S-017332,control,mobile,8,0
S-017333,control,desktop,4,0
S-017334,treatment,desktop,6,0
S-017335,treatment,desktop,14,0
S-017336,treatment,mobile,6,0
S-017337,treatment,mobile,2,0
S-017338,treatment,mobile,10,0
S-017339,control,desktop,10,0
S-017340,control,desktop,4,0
S-017341,control,desktop,2,0
S-017342,treatment,mobile,3,0
S-017343,control,desktop,11,0
S-017344,control,mobile,7,0
S-017345,treatment,mobile,4,0
S-017346,treatment,desktop,2,0
S-017347,control,desktop,14,0
S-017348,control,desktop,12,0
S-017349,treatment,mobile,6,0
S-017350,treatment,mobile,7,1
S-017351,treatment,mobile,7,0
S-017352,control,desktop,14,0
S-017353,treatment,mobile,3,0
S-017354,control,mobile,14,0
S-017355,treatment,mobile,10,0
S-017356,treatment,mobile,8,0
S-017357,treatment,mobile,2,0
S-017358,control,mobile,3,1
S-017359,treatment,mobile,3,0
S-017360,treatment,desktop,6,0
S-017361,control,desktop,14,0
S-017362,control,desktop,5,0
S-017363,control,desktop,1,0
S-017364,control,mobile,12,0
S-017365,control,desktop,5,0
S-017366,treatment,mobile,14,0
S-017367,treatment,desktop,13,0
S-017368,control,desktop,9,1
S-017369,control,desktop,7,0
S-017370,control,desktop,9,0
S-017371,control,mobile,14,0
S-017372,treatment,mobile,9,0
S-017373,treatment,desktop,3,0
S-017374,control,desktop,3,1
S-017375,control,mobile,11,0
S-017376,treatment,mobile,5,0
S-017377,control,desktop,10,0
S-017378,control,desktop,10,0
S-017379,control,desktop,6,1
S-017380,treatment,mobile,11,0
S-017381,treatment,mobile,5,0
S-017382,treatment,mobile,14,1
S-017383,control,mobile,8,0
S-017384,control,desktop,7,0
S-017385,control,mobile,14,0
S-017386,treatment,mobile,14,0
S-017387,control,desktop,5,0
S-017388,control,desktop,8,1
S-017389,control,desktop,7,0
S-017390,control,mobile,11,0
S-017391,control,desktop,14,0
S-017392,treatment,mobile,14,0
S-017393,treatment,mobile,12,0
S-017394,treatment,mobile,10,0
S-017395,treatment,mobile,1,0
S-017396,treatment,mobile,9,0
S-017397,treatment,mobile,14,0
S-017398,treatment,mobile,7,0
S-017399,treatment,desktop,4,0
S-017400,treatment,mobile,4,0
S-017401,control,desktop,6,0
S-017402,control,mobile,9,0
S-017403,treatment,mobile,3,0
S-017404,control,desktop,5,1
S-017405,control,desktop,3,0
S-017406,control,desktop,11,0
S-017407,control,desktop,11,0
S-017408,control,mobile,1,0
S-017409,treatment,mobile,8,0
S-017410,treatment,mobile,5,0
S-017411,control,mobile,4,1
S-017412,treatment,mobile,3,0
S-017413,treatment,mobile,1,0
S-017414,control,desktop,3,1
S-017415,treatment,mobile,7,0
S-017416,control,desktop,3,0
S-017417,control,desktop,6,0
S-017418,control,desktop,5,0
S-017419,control,desktop,5,1
S-017420,treatment,mobile,9,0
S-017421,treatment,mobile,14,0
S-017422,control,desktop,9,0
S-017423,treatment,mobile,4,0
S-017424,treatment,mobile,10,0
S-017425,control,desktop,6,0
S-017426,treatment,desktop,2,0
S-017427,treatment,mobile,14,0
S-017428,control,mobile,13,0
S-017429,control,desktop,2,0
S-017430,treatment,mobile,2,0
S-017431,treatment,mobile,1,0
S-017432,control,mobile,1,0
S-017433,control,desktop,14,0
S-017434,control,desktop,2,1
S-017435,control,desktop,13,0
S-017436,control,desktop,9,0
S-017437,treatment,desktop,10,0
S-017438,control,mobile,8,0
S-017439,treatment,mobile,10,0
S-017440,treatment,mobile,6,0
S-017441,treatment,mobile,14,0
S-017442,treatment,desktop,13,0
S-017443,control,desktop,9,0
S-017444,control,desktop,5,1
S-017445,control,mobile,7,0
S-017446,treatment,mobile,14,0
S-017447,treatment,mobile,3,0
S-017448,control,mobile,9,0
S-017449,treatment,mobile,3,0
S-017450,control,desktop,4,0
S-017451,treatment,mobile,7,0
S-017452,treatment,mobile,14,0
S-017453,control,mobile,13,0
S-017454,control,desktop,1,0
S-017455,control,mobile,13,0
S-017456,control,desktop,14,0
S-017457,treatment,mobile,5,0
S-017458,control,desktop,1,0
S-017459,treatment,mobile,9,0
S-017460,control,desktop,4,0
S-017461,control,desktop,13,0
S-017462,control,desktop,4,0
S-017463,control,desktop,7,0
S-017464,control,mobile,8,0
S-017465,treatment,mobile,12,0
S-017466,treatment,desktop,1,0
S-017467,control,desktop,10,0
S-017468,control,mobile,14,0
S-017469,control,desktop,7,0
S-017470,control,desktop,2,0
S-017471,control,desktop,10,0
S-017472,control,desktop,10,0
S-017473,control,mobile,6,0
S-017474,control,desktop,11,0
S-017475,control,desktop,10,0
S-017476,treatment,mobile,1,0
S-017477,control,desktop,7,1
S-017478,treatment,mobile,5,0
S-017479,control,mobile,5,0
S-017480,treatment,mobile,11,0
S-017481,treatment,mobile,14,0
S-017482,treatment,desktop,2,0
S-017483,treatment,mobile,11,0
S-017484,treatment,mobile,2,0
S-017485,treatment,desktop,9,0
S-017486,treatment,mobile,1,0
S-017487,treatment,mobile,4,0
S-017488,control,desktop,1,0
S-017489,control,mobile,6,0
S-017490,control,desktop,8,0
S-017491,treatment,mobile,9,0
S-017492,control,desktop,13,0
S-017493,control,mobile,5,0
S-017494,control,desktop,13,0
S-017495,control,mobile,4,0
S-017496,control,desktop,8,0
S-017497,control,desktop,12,0
S-017498,treatment,mobile,9,0
S-017499,treatment,mobile,7,0
S-017500,control,mobile,11,0
S-017501,treatment,mobile,6,0
S-017502,treatment,mobile,5,1
S-017503,treatment,mobile,10,0
S-017504,treatment,mobile,2,0
S-017505,treatment,mobile,12,0
S-017506,control,desktop,3,1
S-017507,control,mobile,12,0
S-017508,control,desktop,10,0
S-017509,treatment,desktop,2,1
S-017510,treatment,mobile,7,0
S-017511,control,mobile,10,0
S-017512,treatment,desktop,1,0
S-017513,treatment,mobile,11,0
S-017514,treatment,desktop,4,0
S-017515,treatment,mobile,7,0
S-017516,treatment,mobile,14,0
S-017517,treatment,mobile,5,0
S-017518,control,desktop,10,0
S-017519,treatment,mobile,7,0
S-017520,treatment,mobile,7,0
S-017521,treatment,mobile,2,0
S-017522,treatment,mobile,5,0
S-017523,control,mobile,11,0
S-017524,treatment,mobile,10,0
S-017525,control,desktop,5,0
S-017526,control,desktop,5,0
S-017527,control,mobile,4,0
S-017528,treatment,mobile,3,0
S-017529,treatment,mobile,12,0
S-017530,treatment,desktop,11,0
S-017531,treatment,mobile,1,0
S-017532,control,desktop,13,0
S-017533,control,desktop,7,1
S-017534,control,mobile,7,0
S-017535,control,desktop,8,0
S-017536,control,mobile,5,0
S-017537,control,desktop,6,0
S-017538,treatment,mobile,4,0
S-017539,treatment,mobile,2,0
S-017540,control,desktop,11,0
S-017541,control,desktop,7,0
S-017542,control,mobile,4,0
S-017543,control,desktop,7,1
S-017544,control,desktop,4,0
S-017545,treatment,mobile,6,0
S-017546,control,desktop,14,0
S-017547,treatment,mobile,3,0
S-017548,treatment,mobile,8,0
S-017549,treatment,mobile,10,0
S-017550,control,desktop,4,0
S-017551,treatment,mobile,9,0
S-017552,treatment,mobile,6,0
S-017553,treatment,mobile,14,0
S-017554,control,mobile,1,0
S-017555,control,desktop,8,0
S-017556,treatment,mobile,11,0
S-017557,control,mobile,2,0
S-017558,treatment,mobile,3,0
S-017559,treatment,mobile,4,0
S-017560,control,desktop,11,1
S-017561,control,desktop,14,0
S-017562,control,mobile,12,0
S-017563,treatment,desktop,6,0
S-017564,treatment,desktop,10,0
S-017565,treatment,mobile,11,0
S-017566,control,desktop,8,0
S-017567,treatment,mobile,13,0
S-017568,control,desktop,8,0
S-017569,control,desktop,5,0
S-017570,control,desktop,1,0
S-017571,control,mobile,6,0
S-017572,treatment,mobile,1,0
S-017573,control,mobile,4,1
S-017574,treatment,mobile,6,0
S-017575,control,mobile,3,0
S-017576,control,desktop,4,0
S-017577,control,desktop,5,0
S-017578,treatment,mobile,10,0
S-017579,treatment,mobile,4,0
S-017580,control,desktop,10,1
S-017581,control,desktop,8,0
S-017582,treatment,mobile,4,0
S-017583,control,desktop,1,0
S-017584,control,desktop,1,0
S-017585,control,desktop,9,0
S-017586,control,desktop,6,0
S-017587,treatment,mobile,5,0
S-017588,treatment,mobile,5,0
S-017589,treatment,mobile,5,0
S-017590,treatment,mobile,6,0
S-017591,treatment,mobile,13,0
S-017592,treatment,mobile,4,0
S-017593,control,mobile,11,0
S-017594,control,desktop,11,0
S-017595,treatment,mobile,12,0
S-017596,treatment,mobile,4,0
S-017597,treatment,mobile,6,1
S-017598,treatment,mobile,10,0
S-017599,treatment,mobile,5,0
S-017600,treatment,mobile,7,0
S-017601,control,desktop,10,0
S-017602,control,desktop,13,0
S-017603,treatment,mobile,8,0
S-017604,treatment,mobile,10,0
S-017605,control,desktop,12,0
S-017606,control,mobile,3,0
S-017607,treatment,mobile,13,0
S-017608,treatment,mobile,14,0
S-017609,control,mobile,3,0
S-017610,control,mobile,5,0
S-017611,treatment,mobile,11,0
S-017612,control,mobile,11,0
S-017613,treatment,mobile,13,0
S-017614,treatment,mobile,14,0
S-017615,control,desktop,3,0
S-017616,treatment,mobile,5,0
S-017617,treatment,mobile,7,0
S-017618,treatment,mobile,13,0
S-017619,treatment,mobile,8,0
S-017620,control,desktop,13,0
S-017621,control,desktop,12,0
S-017622,control,desktop,13,0
S-017623,treatment,mobile,5,0
S-017624,control,desktop,13,0
S-017625,control,mobile,4,0
S-017626,control,desktop,13,0
S-017627,control,mobile,8,0
S-017628,control,desktop,5,0
S-017629,control,desktop,5,0
S-017630,treatment,mobile,8,0
S-017631,treatment,mobile,1,0
S-017632,control,mobile,8,0
S-017633,control,desktop,12,0
S-017634,treatment,mobile,9,0
S-017635,treatment,mobile,11,0
S-017636,treatment,mobile,8,0
S-017637,control,desktop,8,0
S-017638,treatment,mobile,8,0
S-017639,control,desktop,8,0
S-017640,treatment,mobile,6,0
S-017641,control,desktop,4,0
S-017642,treatment,desktop,11,0
S-017643,treatment,mobile,3,0
S-017644,control,desktop,3,0
S-017645,control,desktop,14,0
S-017646,treatment,desktop,11,0
S-017647,control,desktop,2,1
S-017648,treatment,mobile,10,0
S-017649,control,desktop,6,0
S-017650,treatment,desktop,13,0
S-017651,treatment,mobile,14,0
S-017652,treatment,mobile,5,0
S-017653,control,mobile,4,0
S-017654,control,desktop,2,1
S-017655,treatment,mobile,13,0
S-017656,control,mobile,11,0
S-017657,control,mobile,5,0
S-017658,control,mobile,14,0
S-017659,control,desktop,10,0
S-017660,control,desktop,8,0
S-017661,treatment,mobile,3,0
S-017662,treatment,mobile,11,0
S-017663,treatment,mobile,13,0
S-017664,control,mobile,11,0
S-017665,control,mobile,10,0
S-017666,control,desktop,11,0
S-017667,treatment,desktop,1,0
S-017668,treatment,mobile,6,0
S-017669,control,mobile,3,0
S-017670,treatment,mobile,14,0
S-017671,treatment,desktop,13,0
S-017672,control,desktop,14,1
S-017673,control,mobile,7,0
S-017674,control,desktop,2,0
S-017675,treatment,mobile,2,0
S-017676,control,mobile,2,1
S-017677,treatment,desktop,7,0
S-017678,control,desktop,2,1
S-017679,control,desktop,8,0
S-017680,control,mobile,2,0
S-017681,control,desktop,7,1
S-017682,treatment,mobile,7,0
S-017683,treatment,mobile,11,0
S-017684,control,desktop,10,0
S-017685,control,mobile,3,0
S-017686,control,desktop,11,0
S-017687,treatment,mobile,10,0
S-017688,control,desktop,10,0
S-017689,control,desktop,5,0
S-017690,treatment,desktop,6,0
S-017691,treatment,mobile,7,0
S-017692,control,mobile,1,0
S-017693,treatment,mobile,3,0
S-017694,control,desktop,5,0
S-017695,treatment,mobile,9,0
S-017696,control,desktop,2,0
S-017697,treatment,mobile,7,0
S-017698,treatment,mobile,6,0
S-017699,treatment,mobile,4,0
S-017700,treatment,mobile,5,0
S-017701,treatment,mobile,9,1
S-017702,treatment,mobile,8,0
S-017703,treatment,desktop,7,0
S-017704,treatment,mobile,6,0
S-017705,treatment,desktop,1,0
S-017706,control,mobile,11,0
S-017707,control,desktop,12,0
S-017708,control,desktop,2,0
S-017709,control,desktop,7,1
S-017710,control,desktop,11,0
S-017711,treatment,mobile,4,0
S-017712,treatment,mobile,3,0
S-017713,control,desktop,7,0
S-017714,control,desktop,2,0
S-017715,treatment,mobile,6,0
S-017716,treatment,mobile,8,0
S-017717,control,desktop,9,0
S-017718,control,desktop,2,0
S-017719,treatment,mobile,2,0
S-017720,control,desktop,14,0
S-017721,control,desktop,1,1
S-017722,treatment,mobile,2,0
S-017723,control,desktop,12,0
S-017724,treatment,mobile,4,0
S-017725,treatment,mobile,8,0
S-017726,treatment,mobile,12,0
S-017727,control,desktop,14,0
S-017728,control,desktop,4,0
S-017729,control,desktop,9,0
S-017730,treatment,desktop,5,0
S-017731,control,desktop,9,0
S-017732,treatment,mobile,8,1
S-017733,treatment,mobile,10,0
S-017734,control,desktop,2,0
S-017735,treatment,mobile,6,0
S-017736,treatment,mobile,10,0
S-017737,control,desktop,11,0
S-017738,treatment,mobile,8,1
S-017739,treatment,mobile,3,0
S-017740,treatment,mobile,13,0
S-017741,treatment,mobile,5,0
S-017742,control,desktop,6,0
S-017743,control,mobile,5,0
S-017744,control,desktop,12,0
S-017745,control,desktop,8,0
S-017746,treatment,mobile,1,0
S-017747,control,mobile,5,0
S-017748,control,desktop,9,0
S-017749,treatment,mobile,4,0
S-017750,control,desktop,10,0
S-017751,treatment,mobile,6,0
S-017752,control,desktop,8,0
S-017753,control,mobile,9,0
S-017754,control,mobile,6,0
S-017755,control,desktop,10,0
S-017756,treatment,mobile,7,0
S-017757,treatment,mobile,12,0
S-017758,treatment,mobile,8,0
S-017759,control,desktop,6,0
S-017760,control,mobile,3,0
S-017761,treatment,mobile,14,0
S-017762,treatment,mobile,7,0
S-017763,control,mobile,4,0
S-017764,treatment,mobile,9,0
S-017765,control,desktop,7,0
S-017766,treatment,mobile,9,0
S-017767,treatment,mobile,1,0
S-017768,treatment,mobile,8,0
S-017769,control,desktop,5,0
S-017770,treatment,mobile,13,0
S-017771,control,desktop,7,1
S-017772,control,mobile,14,0
S-017773,control,mobile,2,0
S-017774,control,desktop,8,0
S-017775,control,desktop,14,0
S-017776,treatment,mobile,4,0
S-017777,treatment,mobile,7,0
S-017778,treatment,mobile,13,0
S-017779,treatment,mobile,5,0
S-017780,control,mobile,5,0
S-017781,treatment,mobile,12,0
S-017782,treatment,mobile,5,0
S-017783,treatment,mobile,9,0
S-017784,treatment,desktop,6,0
S-017785,treatment,desktop,9,0
S-017786,control,desktop,1,0
S-017787,control,desktop,3,0
S-017788,control,desktop,8,0
S-017789,control,mobile,8,0
S-017790,treatment,mobile,6,0
S-017791,treatment,mobile,14,0
S-017792,treatment,mobile,4,0
S-017793,treatment,mobile,6,0
S-017794,control,desktop,12,0
S-017795,treatment,desktop,12,0
S-017796,control,desktop,9,0
S-017797,treatment,mobile,7,0
S-017798,control,desktop,14,0
S-017799,treatment,mobile,6,0
S-017800,treatment,mobile,1,0
S-017801,treatment,mobile,11,0
S-017802,treatment,mobile,1,0
S-017803,control,desktop,4,0
S-017804,treatment,mobile,8,0
S-017805,control,desktop,12,1
S-017806,treatment,mobile,2,0
S-017807,treatment,desktop,10,0
S-017808,control,desktop,14,0
S-017809,control,desktop,8,0
S-017810,treatment,mobile,12,0
S-017811,treatment,desktop,2,1
S-017812,control,desktop,11,0
S-017813,treatment,mobile,9,0
S-017814,treatment,mobile,11,0
S-017815,treatment,mobile,5,0
S-017816,control,desktop,12,0
S-017817,treatment,mobile,11,0
S-017818,control,desktop,3,1
S-017819,treatment,mobile,4,0
S-017820,treatment,mobile,11,0
S-017821,treatment,mobile,1,0
S-017822,control,desktop,11,0
S-017823,treatment,mobile,5,0
S-017824,treatment,mobile,7,0
S-017825,control,mobile,7,0
S-017826,control,desktop,6,0
S-017827,treatment,desktop,9,0
S-017828,control,desktop,12,0
S-017829,treatment,mobile,7,0
S-017830,control,desktop,8,0
S-017831,treatment,mobile,8,0
S-017832,treatment,mobile,2,0
S-017833,control,mobile,7,0
S-017834,treatment,mobile,2,1
S-017835,control,mobile,2,0
S-017836,control,desktop,3,0
S-017837,control,desktop,9,1
S-017838,treatment,mobile,9,0
S-017839,control,desktop,8,0
S-017840,control,desktop,7,0
S-017841,treatment,mobile,12,0
S-017842,control,mobile,4,0
S-017843,treatment,mobile,2,0
S-017844,treatment,mobile,4,0
S-017845,control,desktop,13,1
S-017846,treatment,mobile,7,0
S-017847,control,desktop,5,1
S-017848,treatment,mobile,10,0
S-017849,control,desktop,9,0
S-017850,control,desktop,4,0
S-017851,control,mobile,2,0
S-017852,treatment,mobile,13,0
S-017853,control,mobile,7,0
S-017854,treatment,mobile,1,0
S-017855,treatment,mobile,6,0
S-017856,control,desktop,10,1
S-017857,treatment,mobile,2,0
S-017858,treatment,mobile,14,0
S-017859,treatment,mobile,11,0
S-017860,treatment,mobile,4,0
S-017861,control,mobile,14,0
S-017862,control,mobile,10,0
S-017863,control,mobile,8,0
S-017864,control,mobile,7,0
S-017865,control,desktop,12,0
S-017866,treatment,mobile,8,0
S-017867,control,desktop,4,0
S-017868,treatment,mobile,1,0
S-017869,control,desktop,5,0
S-017870,control,desktop,3,0
S-017871,control,desktop,13,0
S-017872,control,mobile,3,0
S-017873,treatment,mobile,11,0
S-017874,treatment,mobile,2,0
S-017875,treatment,mobile,7,0
S-017876,control,mobile,8,0
S-017877,treatment,mobile,1,0
S-017878,treatment,mobile,6,0
S-017879,treatment,desktop,12,1
S-017880,treatment,mobile,9,0
S-017881,control,desktop,8,0
S-017882,treatment,mobile,1,0
S-017883,control,desktop,13,0
S-017884,treatment,desktop,1,0
S-017885,treatment,mobile,1,0
S-017886,control,desktop,8,0
S-017887,treatment,mobile,9,0
S-017888,treatment,mobile,14,0
S-017889,control,desktop,12,0
S-017890,control,desktop,3,0
S-017891,treatment,mobile,14,0
S-017892,treatment,mobile,6,0
S-017893,treatment,mobile,6,0
S-017894,control,desktop,4,0
S-017895,control,desktop,11,0
S-017896,control,mobile,2,0
S-017897,control,desktop,14,0
S-017898,treatment,mobile,12,0
S-017899,control,desktop,13,0
S-017900,treatment,mobile,12,0
S-017901,treatment,mobile,8,0
S-017902,treatment,mobile,7,0
S-017903,treatment,mobile,1,0
S-017904,control,desktop,13,0
S-017905,control,mobile,7,0
S-017906,control,desktop,13,0
S-017907,treatment,mobile,3,0
S-017908,treatment,mobile,11,0
S-017909,treatment,mobile,7,0
S-017910,treatment,desktop,6,0
S-017911,treatment,mobile,14,0
S-017912,treatment,mobile,13,0
S-017913,treatment,mobile,8,1
S-017914,treatment,desktop,8,0
S-017915,control,desktop,3,0
S-017916,control,mobile,9,0
S-017917,treatment,mobile,9,0
S-017918,control,desktop,13,0
S-017919,control,desktop,1,0
S-017920,control,mobile,13,0
S-017921,treatment,mobile,5,0
S-017922,treatment,mobile,11,0
S-017923,treatment,mobile,4,0
S-017924,control,desktop,10,0
S-017925,treatment,mobile,8,0
S-017926,treatment,mobile,11,0
S-017927,treatment,mobile,9,0
S-017928,treatment,mobile,7,0
S-017929,treatment,mobile,14,0
S-017930,treatment,mobile,9,0
S-017931,treatment,mobile,5,0
S-017932,control,desktop,2,0
S-017933,treatment,mobile,11,0
S-017934,treatment,mobile,10,0
S-017935,treatment,mobile,2,0
S-017936,treatment,mobile,10,0
S-017937,treatment,mobile,13,0
S-017938,control,desktop,4,0
S-017939,control,desktop,6,0
S-017940,treatment,mobile,8,0
S-017941,control,desktop,2,0
S-017942,treatment,desktop,8,0
S-017943,control,desktop,1,0
S-017944,treatment,mobile,12,0
S-017945,treatment,mobile,3,0
S-017946,control,desktop,13,0
S-017947,treatment,desktop,6,0
S-017948,treatment,mobile,6,0
S-017949,treatment,mobile,12,0
S-017950,treatment,desktop,14,0
S-017951,treatment,mobile,5,0
S-017952,treatment,mobile,2,0
S-017953,treatment,mobile,14,0
S-017954,control,mobile,1,0
S-017955,control,desktop,3,0
S-017956,treatment,mobile,10,0
S-017957,control,desktop,2,0
S-017958,treatment,mobile,9,0
S-017959,control,desktop,2,1
S-017960,control,desktop,4,0
S-017961,control,desktop,11,0
S-017962,treatment,mobile,9,0
S-017963,control,mobile,9,0
S-017964,control,desktop,6,1
S-017965,treatment,mobile,6,0
S-017966,control,mobile,4,0
S-017967,treatment,mobile,13,0
S-017968,control,desktop,12,1
S-017969,treatment,mobile,1,0
S-017970,control,desktop,1,0
S-017971,treatment,mobile,2,0
S-017972,treatment,desktop,4,0
S-017973,control,desktop,3,0
S-017974,control,desktop,2,0
S-017975,treatment,mobile,12,0
S-017976,control,desktop,1,1
S-017977,control,desktop,7,0
S-017978,control,desktop,2,0
S-017979,control,desktop,1,1
S-017980,control,desktop,12,0
S-017981,treatment,mobile,3,0
S-017982,control,desktop,10,0
S-017983,control,desktop,8,0
S-017984,treatment,mobile,14,0
S-017985,control,desktop,6,0
S-017986,treatment,mobile,3,0
S-017987,control,desktop,3,0
S-017988,treatment,desktop,8,0
S-017989,treatment,mobile,1,0
S-017990,control,desktop,12,0
S-017991,treatment,mobile,8,0
S-017992,control,desktop,8,0
S-017993,treatment,mobile,9,0
S-017994,treatment,mobile,8,0
S-017995,treatment,mobile,5,0
S-017996,control,desktop,10,0
S-017997,treatment,mobile,1,0
S-017998,treatment,mobile,6,0
S-017999,control,desktop,10,0
S-018000,control,desktop,8,0
S-018001,treatment,mobile,8,0
S-018002,treatment,mobile,9,0
S-018003,control,desktop,8,0
S-018004,control,mobile,6,0
S-018005,treatment,mobile,4,1
S-018006,control,desktop,13,0
S-018007,treatment,mobile,5,0
S-018008,treatment,mobile,13,0
S-018009,control,mobile,6,0
S-018010,treatment,desktop,1,0
S-018011,control,mobile,9,0
S-018012,control,desktop,10,0
S-018013,control,mobile,5,0
S-018014,control,desktop,14,0
S-018015,treatment,mobile,7,0
S-018016,control,desktop,6,1
S-018017,treatment,mobile,14,0
S-018018,control,desktop,1,0
S-018019,treatment,mobile,1,0
S-018020,control,desktop,14,0
S-018021,treatment,mobile,12,0
S-018022,treatment,mobile,12,0
S-018023,control,mobile,11,0
S-018024,control,desktop,12,0
S-018025,control,desktop,4,0
S-018026,treatment,mobile,8,0
S-018027,control,desktop,12,0
S-018028,control,mobile,13,0
S-018029,control,desktop,3,0
S-018030,treatment,desktop,8,0
S-018031,control,desktop,3,0
S-018032,treatment,mobile,3,0
S-018033,control,mobile,6,0
S-018034,control,desktop,1,1
S-018035,control,desktop,14,0
S-018036,treatment,desktop,12,0
S-018037,control,desktop,13,1
S-018038,treatment,mobile,5,0
S-018039,control,mobile,1,0
S-018040,treatment,mobile,11,0
S-018041,control,desktop,8,1
S-018042,control,desktop,8,0
S-018043,treatment,mobile,13,0
S-018044,treatment,mobile,3,0
S-018045,control,desktop,7,0
S-018046,control,desktop,6,1
S-018047,treatment,mobile,14,0
S-018048,treatment,desktop,11,1
S-018049,control,desktop,2,1
S-018050,treatment,mobile,7,0
S-018051,treatment,mobile,1,0
S-018052,treatment,mobile,6,0
S-018053,treatment,mobile,11,0
S-018054,treatment,mobile,13,0
S-018055,control,desktop,12,0
S-018056,treatment,desktop,14,0
S-018057,control,desktop,14,0
S-018058,control,desktop,7,0
S-018059,control,mobile,5,0
S-018060,control,desktop,1,0
S-018061,control,desktop,8,0
S-018062,treatment,mobile,6,0
S-018063,control,desktop,12,0
S-018064,control,mobile,11,0
S-018065,control,mobile,3,0
S-018066,control,desktop,12,0
S-018067,control,desktop,11,0
S-018068,control,desktop,4,1
S-018069,control,mobile,7,0
S-018070,treatment,mobile,8,0
S-018071,control,desktop,13,1
S-018072,treatment,desktop,3,0
S-018073,control,desktop,10,0
S-018074,control,desktop,8,0
S-018075,control,desktop,6,0
S-018076,control,mobile,11,0
S-018077,control,desktop,4,0
S-018078,treatment,mobile,12,0
S-018079,treatment,mobile,13,0
S-018080,control,desktop,13,1
S-018081,treatment,mobile,8,0
S-018082,control,desktop,12,0
S-018083,treatment,mobile,9,0
S-018084,treatment,mobile,8,0
S-018085,control,desktop,10,0
S-018086,treatment,mobile,4,0
S-018087,control,desktop,10,0
S-018088,treatment,mobile,8,0
S-018089,control,desktop,6,0
S-018090,treatment,desktop,1,0
S-018091,treatment,mobile,11,0
S-018092,control,desktop,9,0
S-018093,treatment,mobile,14,0
S-018094,control,mobile,13,0
S-018095,control,desktop,11,0
S-018096,control,mobile,8,0
S-018097,treatment,mobile,7,0
S-018098,treatment,mobile,11,0
S-018099,control,desktop,13,0
S-018100,control,desktop,5,0
S-018101,control,desktop,13,0
S-018102,treatment,mobile,12,0
S-018103,treatment,mobile,13,0
S-018104,treatment,mobile,2,0
S-018105,treatment,mobile,8,0
S-018106,treatment,mobile,11,1
S-018107,treatment,mobile,8,0
S-018108,treatment,mobile,11,0
S-018109,treatment,mobile,2,0
S-018110,control,desktop,2,0
S-018111,control,desktop,13,0
S-018112,treatment,desktop,12,0
S-018113,control,desktop,14,0
S-018114,treatment,mobile,9,0
S-018115,treatment,mobile,14,0
S-018116,control,desktop,13,0
S-018117,treatment,mobile,8,0
S-018118,treatment,mobile,4,0
S-018119,control,desktop,12,0
S-018120,treatment,mobile,6,0
S-018121,control,desktop,10,0
S-018122,control,desktop,12,1
S-018123,control,desktop,9,0
S-018124,treatment,mobile,9,0
S-018125,control,desktop,11,1
S-018126,control,desktop,3,1
S-018127,control,desktop,7,1
S-018128,treatment,mobile,9,0
S-018129,control,desktop,10,1
S-018130,control,desktop,6,0
S-018131,treatment,mobile,3,1
S-018132,control,desktop,3,1
S-018133,control,desktop,6,0
S-018134,control,desktop,7,0
S-018135,treatment,desktop,2,0
S-018136,treatment,mobile,5,0
S-018137,treatment,mobile,2,0
S-018138,treatment,desktop,4,0
S-018139,control,desktop,9,0
S-018140,control,desktop,8,0
S-018141,control,desktop,1,0
S-018142,treatment,mobile,3,0
S-018143,treatment,mobile,7,0
S-018144,control,mobile,8,0
S-018145,control,mobile,10,0
S-018146,treatment,desktop,13,0
S-018147,control,desktop,5,0
S-018148,treatment,mobile,4,0
S-018149,treatment,mobile,12,0
S-018150,treatment,mobile,2,0
S-018151,treatment,mobile,2,1
S-018152,treatment,mobile,4,0
S-018153,control,desktop,4,0
S-018154,control,desktop,4,0
S-018155,control,desktop,10,0
S-018156,control,desktop,4,0
S-018157,control,desktop,11,1
S-018158,control,desktop,9,1
S-018159,control,mobile,3,0
S-018160,treatment,mobile,7,0
S-018161,treatment,mobile,4,0
S-018162,control,mobile,6,0
S-018163,treatment,mobile,12,0
S-018164,treatment,mobile,12,1
S-018165,control,desktop,7,1
S-018166,treatment,desktop,10,0
S-018167,control,desktop,14,0
S-018168,treatment,mobile,10,0
S-018169,treatment,mobile,11,0
S-018170,treatment,mobile,7,0
S-018171,treatment,mobile,4,0
S-018172,control,mobile,3,0
S-018173,control,mobile,8,0
S-018174,control,desktop,10,0
S-018175,control,desktop,8,1
S-018176,treatment,mobile,9,0
S-018177,control,desktop,12,0
S-018178,treatment,mobile,2,0
S-018179,control,mobile,4,0
S-018180,treatment,mobile,13,0
S-018181,control,desktop,6,0
S-018182,control,desktop,6,1
S-018183,treatment,desktop,5,1
S-018184,treatment,mobile,3,0
S-018185,control,desktop,12,0
S-018186,treatment,mobile,10,0
S-018187,treatment,mobile,12,0
S-018188,control,mobile,4,0
S-018189,control,desktop,11,1
S-018190,treatment,mobile,12,0
S-018191,control,desktop,5,1
S-018192,treatment,mobile,8,0
S-018193,control,desktop,10,1
S-018194,treatment,mobile,3,1
S-018195,control,desktop,6,0
S-018196,treatment,mobile,10,0
S-018197,control,desktop,4,0
S-018198,control,desktop,12,0
S-018199,control,mobile,10,0
S-018200,treatment,desktop,5,0
S-018201,treatment,mobile,1,0
S-018202,treatment,mobile,11,0
S-018203,treatment,mobile,14,0
S-018204,control,desktop,9,1
S-018205,control,desktop,2,0
S-018206,control,desktop,7,0
S-018207,treatment,mobile,8,0
S-018208,control,desktop,5,1
S-018209,control,desktop,4,0
S-018210,treatment,mobile,6,0
S-018211,treatment,mobile,14,0
S-018212,control,mobile,5,0
S-018213,control,desktop,3,0
S-018214,treatment,mobile,3,0
S-018215,treatment,mobile,6,0
S-018216,treatment,mobile,5,1
S-018217,control,desktop,12,0
S-018218,treatment,mobile,9,1
S-018219,control,desktop,13,0
S-018220,treatment,mobile,2,0
S-018221,control,mobile,5,0
S-018222,control,desktop,13,0
S-018223,control,desktop,12,0
S-018224,treatment,mobile,3,0
S-018225,control,desktop,11,0
S-018226,treatment,mobile,12,0
S-018227,control,mobile,1,0
S-018228,control,desktop,1,0
S-018229,treatment,mobile,13,0
S-018230,treatment,desktop,12,1
S-018231,control,mobile,8,0
S-018232,treatment,mobile,2,0
S-018233,treatment,mobile,14,0
S-018234,control,mobile,2,0
S-018235,treatment,desktop,3,0
S-018236,treatment,mobile,7,0
S-018237,control,desktop,9,0
S-018238,control,desktop,9,0
S-018239,treatment,mobile,10,0
S-018240,treatment,mobile,12,0
S-018241,treatment,mobile,14,0
S-018242,control,desktop,13,0
S-018243,treatment,mobile,1,0
S-018244,control,mobile,7,0
S-018245,control,desktop,1,0
S-018246,treatment,mobile,1,0
S-018247,control,desktop,14,0
S-018248,control,desktop,8,0
S-018249,treatment,mobile,9,0
S-018250,treatment,mobile,5,0
S-018251,treatment,mobile,14,0
S-018252,treatment,mobile,11,1
S-018253,treatment,mobile,2,0
S-018254,treatment,mobile,4,0
S-018255,control,mobile,11,0
S-018256,control,mobile,12,0
S-018257,control,desktop,1,0
S-018258,control,desktop,13,0
S-018259,control,mobile,6,1
S-018260,control,desktop,9,0
S-018261,treatment,mobile,2,0
S-018262,control,desktop,14,0
S-018263,treatment,desktop,5,0
S-018264,control,desktop,11,0
S-018265,treatment,desktop,5,0
S-018266,control,mobile,14,0
S-018267,treatment,mobile,14,0
S-018268,treatment,mobile,12,0
S-018269,control,desktop,13,0
S-018270,treatment,mobile,2,0
S-018271,control,desktop,6,0
S-018272,control,desktop,6,0
S-018273,treatment,mobile,4,0
S-018274,control,desktop,7,0
S-018275,control,desktop,1,0
S-018276,control,desktop,2,1
S-018277,treatment,desktop,5,1
S-018278,treatment,mobile,10,0
S-018279,treatment,mobile,9,0
S-018280,control,desktop,11,0
S-018281,control,desktop,12,1
S-018282,treatment,mobile,9,1
S-018283,treatment,mobile,4,0
S-018284,control,desktop,12,0
S-018285,treatment,mobile,5,1
S-018286,treatment,mobile,5,0
S-018287,treatment,mobile,8,0
S-018288,control,desktop,14,0
S-018289,control,mobile,4,1
S-018290,control,mobile,8,0
S-018291,control,desktop,7,0
S-018292,treatment,desktop,12,0
S-018293,control,desktop,14,0
S-018294,control,desktop,9,0
S-018295,treatment,mobile,6,0
S-018296,control,desktop,11,0
S-018297,control,desktop,11,0
S-018298,treatment,mobile,10,0
S-018299,treatment,desktop,7,0
S-018300,control,desktop,2,0
S-018301,control,mobile,9,0
S-018302,control,desktop,10,0
S-018303,treatment,mobile,10,0
S-018304,treatment,mobile,10,0
S-018305,control,desktop,4,0
S-018306,control,desktop,3,0
S-018307,treatment,mobile,13,0
S-018308,control,desktop,12,0
S-018309,control,desktop,14,1
S-018310,treatment,mobile,11,0
S-018311,treatment,mobile,9,0
S-018312,control,desktop,7,0
S-018313,treatment,desktop,13,0
S-018314,treatment,mobile,11,0
S-018315,treatment,desktop,5,0
S-018316,control,desktop,5,0
S-018317,treatment,mobile,3,0
S-018318,control,mobile,11,0
S-018319,control,desktop,13,0
S-018320,treatment,mobile,2,0
S-018321,control,mobile,3,0
S-018322,treatment,mobile,6,0
S-018323,control,mobile,14,0
S-018324,control,desktop,11,0
S-018325,treatment,mobile,9,0
S-018326,treatment,mobile,6,0
S-018327,treatment,mobile,10,0
S-018328,control,mobile,3,0
S-018329,treatment,mobile,5,0
S-018330,treatment,mobile,5,0
S-018331,control,desktop,1,0
S-018332,treatment,mobile,10,0
S-018333,control,desktop,7,0
S-018334,control,desktop,1,1
S-018335,treatment,mobile,12,0
S-018336,treatment,mobile,12,0
S-018337,control,desktop,12,0
S-018338,control,mobile,11,0
S-018339,treatment,desktop,2,0
S-018340,control,desktop,1,0
S-018341,control,desktop,9,0
S-018342,treatment,mobile,5,0
S-018343,treatment,desktop,5,1
S-018344,treatment,mobile,10,0
S-018345,treatment,mobile,10,0
S-018346,control,desktop,6,0
S-018347,treatment,mobile,6,0
S-018348,control,desktop,13,0
S-018349,control,desktop,2,0
S-018350,treatment,desktop,14,0
S-018351,treatment,mobile,6,0
S-018352,treatment,mobile,10,0
S-018353,treatment,mobile,6,0
S-018354,treatment,mobile,9,0
S-018355,control,desktop,5,1
S-018356,treatment,mobile,1,0
S-018357,treatment,desktop,12,0
S-018358,treatment,mobile,2,0
S-018359,treatment,mobile,3,0
S-018360,control,desktop,2,0
S-018361,treatment,mobile,6,0
S-018362,treatment,mobile,2,0
S-018363,treatment,mobile,4,0
S-018364,control,mobile,8,0
S-018365,control,desktop,7,1
S-018366,treatment,desktop,5,0
S-018367,control,desktop,4,0
S-018368,control,desktop,5,0
S-018369,treatment,mobile,1,0
S-018370,control,desktop,6,1
S-018371,control,desktop,3,0
S-018372,control,desktop,14,0
S-018373,control,desktop,14,0
S-018374,treatment,mobile,12,0
S-018375,control,desktop,1,0
S-018376,treatment,mobile,1,0
S-018377,control,desktop,12,0
S-018378,control,mobile,3,0
S-018379,control,mobile,6,0
S-018380,treatment,mobile,12,0
S-018381,control,desktop,12,0
S-018382,treatment,mobile,14,0
S-018383,treatment,mobile,14,0
S-018384,treatment,mobile,3,0
S-018385,control,desktop,10,0
S-018386,treatment,mobile,7,0
S-018387,control,desktop,9,0
S-018388,control,desktop,2,0
S-018389,treatment,desktop,14,1
S-018390,control,desktop,2,0
S-018391,control,mobile,6,0
S-018392,treatment,mobile,6,0
S-018393,treatment,mobile,14,0
S-018394,treatment,mobile,1,0
S-018395,treatment,mobile,11,0
S-018396,treatment,mobile,11,0
S-018397,treatment,mobile,14,0
S-018398,control,desktop,10,0
S-018399,treatment,mobile,3,0
S-018400,control,mobile,7,0
S-018401,control,mobile,6,0
S-018402,control,desktop,2,0
S-018403,control,desktop,11,0
S-018404,control,desktop,11,0
S-018405,control,desktop,5,0
S-018406,control,desktop,2,1
S-018407,treatment,desktop,1,1
S-018408,control,mobile,4,0
S-018409,treatment,desktop,6,1
S-018410,treatment,desktop,8,0
S-018411,treatment,mobile,9,0
S-018412,treatment,mobile,5,0
S-018413,treatment,mobile,2,0
S-018414,control,desktop,5,0
S-018415,control,mobile,1,0
S-018416,control,desktop,12,0
S-018417,control,mobile,2,0
S-018418,control,desktop,8,0
S-018419,control,mobile,9,0
S-018420,treatment,desktop,13,0
S-018421,control,desktop,5,0
S-018422,treatment,mobile,6,1
S-018423,treatment,desktop,13,0
S-018424,treatment,mobile,14,0
S-018425,control,desktop,2,0
S-018426,treatment,mobile,14,0
S-018427,control,mobile,10,0
S-018428,treatment,mobile,12,0
S-018429,treatment,desktop,3,0
S-018430,treatment,mobile,10,0
S-018431,treatment,mobile,7,0
S-018432,control,desktop,7,0
S-018433,treatment,mobile,11,0
S-018434,control,mobile,9,0
S-018435,treatment,mobile,8,0
S-018436,treatment,mobile,12,0
S-018437,treatment,mobile,9,0
S-018438,treatment,mobile,14,0
S-018439,control,desktop,3,0
S-018440,treatment,mobile,2,0
S-018441,treatment,mobile,13,0
S-018442,control,desktop,3,0
S-018443,control,desktop,8,0
S-018444,control,desktop,1,0
S-018445,control,desktop,11,0
S-018446,treatment,mobile,14,0
S-018447,control,mobile,1,0
S-018448,control,desktop,9,0
S-018449,treatment,mobile,12,1
S-018450,treatment,mobile,8,0
S-018451,treatment,mobile,2,0
S-018452,treatment,mobile,12,0
S-018453,control,desktop,8,0
S-018454,treatment,mobile,3,0
S-018455,control,desktop,12,0
S-018456,control,desktop,11,0
S-018457,treatment,desktop,12,0
S-018458,treatment,mobile,11,0
S-018459,treatment,desktop,1,0
S-018460,control,mobile,4,0
S-018461,treatment,mobile,2,0
S-018462,treatment,mobile,1,0
S-018463,control,desktop,10,1
S-018464,control,desktop,11,0
S-018465,treatment,mobile,9,0
S-018466,control,desktop,3,0
S-018467,treatment,mobile,6,0
S-018468,treatment,desktop,13,0
S-018469,treatment,mobile,7,0
S-018470,control,desktop,13,0
S-018471,treatment,mobile,14,0
S-018472,control,mobile,2,0
S-018473,control,desktop,4,0
S-018474,treatment,desktop,10,0
S-018475,treatment,mobile,5,0
S-018476,treatment,mobile,6,0
S-018477,control,desktop,6,0
S-018478,treatment,mobile,8,1
S-018479,control,mobile,3,0
S-018480,control,desktop,8,1
S-018481,treatment,mobile,12,0
S-018482,control,desktop,6,0
S-018483,control,desktop,7,0
S-018484,treatment,mobile,6,0
S-018485,control,desktop,5,0
S-018486,control,desktop,14,0
S-018487,control,mobile,3,0
S-018488,control,mobile,10,1
S-018489,control,mobile,10,0
S-018490,control,desktop,1,0
S-018491,treatment,mobile,2,0
S-018492,treatment,mobile,9,0
S-018493,control,desktop,10,0
S-018494,control,desktop,5,0
S-018495,treatment,mobile,12,0
S-018496,control,desktop,10,0
S-018497,treatment,mobile,11,0
S-018498,control,mobile,11,0
S-018499,control,mobile,11,0
S-018500,control,desktop,13,0
S-018501,control,mobile,13,0
S-018502,control,mobile,14,0
S-018503,control,desktop,9,0
S-018504,treatment,mobile,6,0
S-018505,treatment,mobile,9,0
S-018506,treatment,mobile,3,0
S-018507,control,desktop,9,0
S-018508,control,desktop,5,0
S-018509,control,desktop,9,0
S-018510,treatment,mobile,4,0
S-018511,treatment,mobile,3,0
S-018512,treatment,mobile,13,0
S-018513,treatment,mobile,14,0
S-018514,treatment,desktop,5,0
S-018515,treatment,mobile,11,0
S-018516,treatment,mobile,3,1
S-018517,treatment,desktop,9,0
S-018518,treatment,desktop,11,1
S-018519,control,desktop,5,0
S-018520,treatment,desktop,1,0
S-018521,treatment,mobile,14,0
S-018522,control,desktop,8,1
S-018523,treatment,mobile,12,0
S-018524,control,desktop,1,0
S-018525,control,desktop,13,0
S-018526,treatment,mobile,2,0
S-018527,control,desktop,1,0
S-018528,treatment,mobile,11,0
S-018529,treatment,mobile,13,0
S-018530,treatment,desktop,12,0
S-018531,control,desktop,13,0
S-018532,treatment,mobile,10,0
S-018533,treatment,mobile,6,0
S-018534,treatment,mobile,14,0
S-018535,control,mobile,10,0
S-018536,control,desktop,1,0
S-018537,treatment,mobile,1,0
S-018538,control,desktop,12,0
S-018539,treatment,mobile,3,0
S-018540,control,desktop,7,1
S-018541,control,desktop,4,0
S-018542,treatment,mobile,14,0
S-018543,control,desktop,6,0
S-018544,control,desktop,14,0
S-018545,control,desktop,3,0
S-018546,control,desktop,12,0
S-018547,control,mobile,7,0
S-018548,control,mobile,13,0
S-018549,treatment,mobile,13,0
S-018550,control,desktop,1,0
S-018551,control,desktop,14,0
S-018552,treatment,mobile,7,0
S-018553,control,desktop,12,0
S-018554,control,desktop,4,0
S-018555,control,mobile,6,0
S-018556,treatment,mobile,2,0
S-018557,control,mobile,14,0
S-018558,control,desktop,10,0
S-018559,treatment,desktop,14,0
S-018560,control,desktop,4,1
S-018561,control,desktop,2,0
S-018562,control,desktop,12,0
S-018563,treatment,mobile,4,0
S-018564,treatment,desktop,12,0
S-018565,treatment,mobile,9,0
S-018566,treatment,mobile,10,0
S-018567,control,desktop,4,1
S-018568,control,desktop,7,0
S-018569,control,desktop,3,1
S-018570,control,mobile,2,0
S-018571,control,desktop,11,0
S-018572,treatment,mobile,4,1
S-018573,control,desktop,11,0
S-018574,treatment,mobile,8,0
S-018575,control,desktop,13,0
S-018576,treatment,mobile,12,0
S-018577,control,mobile,8,0
S-018578,treatment,mobile,5,0
S-018579,control,desktop,3,0
S-018580,control,mobile,7,0
S-018581,treatment,mobile,4,0
S-018582,control,mobile,9,0
S-018583,control,desktop,14,0
S-018584,control,desktop,1,0
S-018585,treatment,mobile,6,0
S-018586,treatment,mobile,9,0
S-018587,control,desktop,13,0
S-018588,control,desktop,6,0
S-018589,control,desktop,4,0
S-018590,control,mobile,13,0
S-018591,control,desktop,12,0
S-018592,treatment,mobile,6,0
S-018593,control,desktop,9,0
S-018594,treatment,mobile,4,1
S-018595,treatment,mobile,8,0
S-018596,control,desktop,13,0
S-018597,control,desktop,12,0
S-018598,control,desktop,9,0
S-018599,control,desktop,10,1
S-018600,treatment,mobile,5,0
S-018601,treatment,desktop,3,0
S-018602,treatment,mobile,8,0
S-018603,control,desktop,9,0
S-018604,control,desktop,2,0
S-018605,treatment,desktop,13,0
S-018606,control,desktop,13,0
S-018607,treatment,mobile,1,0
S-018608,treatment,mobile,9,0
S-018609,control,mobile,8,0
S-018610,treatment,mobile,11,0
S-018611,treatment,mobile,5,0
S-018612,control,desktop,6,0
S-018613,control,desktop,14,0
S-018614,control,mobile,13,0
S-018615,treatment,mobile,3,0
S-018616,treatment,mobile,6,0
S-018617,treatment,mobile,5,0
S-018618,control,desktop,13,0
S-018619,treatment,mobile,4,0
S-018620,treatment,mobile,1,0
S-018621,treatment,desktop,6,0
S-018622,treatment,mobile,5,0
S-018623,control,desktop,12,1
S-018624,control,desktop,6,0
S-018625,control,mobile,14,0
S-018626,treatment,mobile,9,0
S-018627,control,desktop,7,0
S-018628,treatment,mobile,11,0
S-018629,control,desktop,14,0
S-018630,treatment,mobile,9,0
S-018631,control,desktop,14,0
S-018632,control,desktop,4,0
S-018633,control,desktop,9,0
S-018634,treatment,mobile,10,0
S-018635,control,mobile,1,0
S-018636,treatment,mobile,11,0
S-018637,control,desktop,8,0
S-018638,control,mobile,1,0
S-018639,control,desktop,14,1
S-018640,treatment,mobile,6,0
S-018641,control,mobile,2,0
S-018642,control,desktop,3,0
S-018643,treatment,desktop,3,0
S-018644,treatment,mobile,13,0
S-018645,treatment,mobile,1,0
S-018646,control,desktop,11,1
S-018647,control,mobile,8,0
S-018648,control,desktop,4,0
S-018649,control,desktop,12,0
S-018650,control,desktop,5,0
S-018651,control,desktop,6,0
S-018652,control,desktop,1,0
S-018653,control,mobile,4,0
S-018654,treatment,mobile,4,0
S-018655,treatment,mobile,14,0
S-018656,treatment,mobile,13,0
S-018657,treatment,mobile,6,0
S-018658,control,desktop,7,0
S-018659,treatment,mobile,3,0
S-018660,treatment,mobile,3,0
S-018661,treatment,mobile,7,0
S-018662,control,desktop,11,0
S-018663,treatment,mobile,11,0
S-018664,control,desktop,3,0
S-018665,control,desktop,6,0
S-018666,treatment,mobile,9,0
S-018667,control,mobile,3,0
S-018668,treatment,mobile,13,0
S-018669,treatment,desktop,8,0
S-018670,treatment,desktop,6,0
S-018671,treatment,mobile,8,0
S-018672,control,desktop,2,0
S-018673,control,desktop,14,0
S-018674,control,desktop,11,0
S-018675,treatment,mobile,5,0
S-018676,treatment,mobile,12,0
S-018677,treatment,mobile,2,0
S-018678,treatment,mobile,7,0
S-018679,control,mobile,2,0
S-018680,control,desktop,6,0
S-018681,control,desktop,1,0
S-018682,treatment,desktop,13,0
S-018683,treatment,mobile,1,0
S-018684,control,desktop,14,0
S-018685,control,desktop,1,0
S-018686,treatment,desktop,11,1
S-018687,control,desktop,9,0
S-018688,treatment,desktop,12,0
S-018689,control,desktop,10,0
S-018690,control,mobile,9,0
S-018691,treatment,mobile,4,0
S-018692,treatment,mobile,4,0
S-018693,control,desktop,9,0
S-018694,control,desktop,10,0
S-018695,control,desktop,6,0
S-018696,control,desktop,7,0
S-018697,treatment,mobile,1,0
S-018698,treatment,mobile,2,0
S-018699,control,desktop,2,0
S-018700,treatment,mobile,8,0
S-018701,treatment,desktop,10,0
S-018702,treatment,mobile,13,0
S-018703,control,mobile,11,0
S-018704,control,desktop,8,0
S-018705,control,desktop,13,0
S-018706,treatment,desktop,10,0
S-018707,treatment,mobile,10,0
S-018708,control,desktop,2,0
S-018709,control,desktop,8,1
S-018710,control,desktop,13,0
S-018711,control,desktop,5,0
S-018712,treatment,mobile,11,0
S-018713,control,mobile,1,1
S-018714,treatment,mobile,13,0
S-018715,control,desktop,11,0
S-018716,control,desktop,3,0
S-018717,control,mobile,2,0
S-018718,treatment,mobile,3,0
S-018719,control,desktop,8,0
S-018720,control,desktop,9,1
S-018721,control,desktop,11,0
S-018722,control,desktop,8,0
S-018723,control,desktop,13,1
S-018724,control,mobile,10,0
S-018725,treatment,mobile,14,0
S-018726,treatment,mobile,6,0
S-018727,treatment,mobile,2,0
S-018728,control,desktop,4,0
S-018729,treatment,desktop,10,0
S-018730,treatment,desktop,10,0
S-018731,control,desktop,2,0
S-018732,treatment,mobile,7,0
S-018733,control,desktop,9,0
S-018734,control,desktop,2,0
S-018735,treatment,mobile,6,0
S-018736,treatment,mobile,7,0
S-018737,control,desktop,10,0
S-018738,treatment,mobile,9,0
S-018739,treatment,mobile,14,0
S-018740,treatment,desktop,2,0
S-018741,control,desktop,6,0
S-018742,control,desktop,3,1
S-018743,control,desktop,10,1
S-018744,treatment,mobile,1,0
S-018745,treatment,desktop,11,0
S-018746,control,desktop,10,0
S-018747,control,mobile,3,0
S-018748,treatment,mobile,1,0
S-018749,treatment,mobile,7,0
S-018750,treatment,mobile,6,0
S-018751,control,desktop,12,0
S-018752,treatment,desktop,6,0
S-018753,control,desktop,6,0
S-018754,control,desktop,5,0
S-018755,treatment,mobile,12,0
S-018756,treatment,mobile,3,0
S-018757,treatment,mobile,4,0
S-018758,control,desktop,4,0
S-018759,treatment,desktop,14,0
S-018760,treatment,mobile,4,0
S-018761,control,mobile,11,0
S-018762,control,desktop,2,0
S-018763,treatment,desktop,6,0
S-018764,control,desktop,14,0
S-018765,control,desktop,9,0
S-018766,control,desktop,4,1
S-018767,control,desktop,14,0
S-018768,control,mobile,5,0
S-018769,treatment,mobile,6,0
S-018770,treatment,mobile,7,1
S-018771,treatment,mobile,1,0
S-018772,treatment,mobile,7,0
S-018773,control,desktop,6,0
S-018774,control,mobile,7,0
S-018775,treatment,mobile,11,0
S-018776,control,desktop,12,0
S-018777,control,desktop,4,0
S-018778,treatment,mobile,9,0
S-018779,treatment,mobile,3,0
S-018780,treatment,mobile,14,0
S-018781,control,desktop,14,0
S-018782,treatment,mobile,1,0
S-018783,treatment,mobile,5,0
S-018784,control,desktop,9,0
S-018785,control,desktop,4,0
S-018786,treatment,mobile,13,0
S-018787,control,mobile,3,0
S-018788,control,desktop,3,0
S-018789,treatment,mobile,3,0
S-018790,treatment,mobile,4,0
S-018791,control,mobile,4,0
S-018792,control,mobile,8,0
S-018793,control,desktop,14,1
S-018794,control,desktop,6,0
S-018795,control,mobile,11,0
S-018796,control,desktop,5,1
S-018797,control,desktop,5,0
S-018798,treatment,mobile,1,0
S-018799,treatment,mobile,11,0
S-018800,treatment,mobile,3,0
S-018801,treatment,mobile,11,0
S-018802,control,desktop,7,0
S-018803,control,desktop,12,1
S-018804,treatment,mobile,5,0
S-018805,treatment,mobile,9,0
S-018806,control,desktop,12,0
S-018807,control,desktop,12,0
S-018808,treatment,mobile,7,1
S-018809,treatment,desktop,3,1
S-018810,control,mobile,8,0
S-018811,control,mobile,14,1
S-018812,control,desktop,5,0
S-018813,control,desktop,7,0
S-018814,control,desktop,7,0
S-018815,treatment,mobile,10,0
S-018816,treatment,mobile,13,0
S-018817,treatment,mobile,7,0
S-018818,control,desktop,10,0
S-018819,control,mobile,12,0
S-018820,control,mobile,6,0
S-018821,treatment,mobile,9,0
S-018822,treatment,mobile,2,0
S-018823,treatment,mobile,14,0
S-018824,treatment,mobile,12,0
S-018825,treatment,mobile,6,0
S-018826,control,desktop,11,1
S-018827,control,mobile,2,0
S-018828,treatment,mobile,6,0
S-018829,control,mobile,13,0
S-018830,treatment,mobile,5,0
S-018831,control,desktop,1,0
S-018832,control,mobile,7,0
S-018833,treatment,mobile,10,0
S-018834,control,desktop,4,0
S-018835,treatment,mobile,11,0
S-018836,treatment,desktop,13,0
S-018837,control,desktop,5,0
S-018838,control,desktop,8,0
S-018839,treatment,desktop,6,0
S-018840,control,mobile,6,0
S-018841,control,desktop,8,0
S-018842,control,desktop,9,0
S-018843,control,desktop,11,0
S-018844,treatment,mobile,5,1
S-018845,treatment,desktop,10,0
S-018846,treatment,mobile,9,0
S-018847,treatment,mobile,6,0
S-018848,treatment,mobile,4,0
S-018849,control,desktop,13,0
S-018850,treatment,mobile,2,0
S-018851,control,desktop,6,0
S-018852,control,desktop,14,0
S-018853,control,mobile,1,0
S-018854,treatment,mobile,2,0
S-018855,control,mobile,8,0
S-018856,treatment,mobile,6,0
S-018857,treatment,mobile,4,0
S-018858,control,desktop,8,0
S-018859,treatment,mobile,10,0
S-018860,control,mobile,11,1
S-018861,control,desktop,6,0
S-018862,treatment,mobile,12,0
S-018863,treatment,mobile,5,0
S-018864,treatment,mobile,8,0
S-018865,control,desktop,6,0
S-018866,treatment,mobile,2,0
S-018867,control,desktop,11,1
S-018868,control,desktop,6,0
S-018869,control,desktop,7,0
S-018870,treatment,desktop,5,1
S-018871,treatment,mobile,13,0
S-018872,control,desktop,11,0
S-018873,treatment,mobile,11,0
S-018874,control,mobile,1,0
S-018875,treatment,mobile,11,0
S-018876,control,desktop,3,0
S-018877,control,desktop,8,0
S-018878,treatment,mobile,6,0
S-018879,control,desktop,1,0
S-018880,control,mobile,4,0
S-018881,control,desktop,9,0
S-018882,treatment,mobile,6,0
S-018883,treatment,mobile,3,0
S-018884,control,desktop,8,0
S-018885,treatment,desktop,2,1
S-018886,control,desktop,12,0
S-018887,treatment,mobile,5,0
S-018888,control,desktop,8,0
S-018889,treatment,mobile,11,0
S-018890,treatment,mobile,9,0
S-018891,control,desktop,12,0
S-018892,control,desktop,12,0
S-018893,control,desktop,8,0
S-018894,treatment,mobile,9,0
S-018895,control,desktop,1,0
S-018896,control,desktop,8,0
S-018897,control,mobile,13,0
S-018898,treatment,mobile,8,0
S-018899,treatment,mobile,2,0
S-018900,treatment,mobile,7,1
S-018901,control,desktop,7,0
S-018902,control,desktop,7,1
S-018903,treatment,mobile,11,0
S-018904,treatment,mobile,8,0
S-018905,control,desktop,2,0
S-018906,control,desktop,8,0
S-018907,treatment,mobile,10,0
S-018908,control,mobile,9,0
S-018909,control,mobile,7,0
S-018910,control,desktop,4,0
S-018911,control,mobile,8,0
S-018912,treatment,mobile,8,0
S-018913,treatment,mobile,1,0
S-018914,control,desktop,5,0
S-018915,treatment,mobile,4,0
S-018916,control,desktop,2,0
S-018917,control,desktop,9,0
S-018918,treatment,mobile,13,0
S-018919,control,desktop,6,0
S-018920,control,mobile,10,0
S-018921,treatment,mobile,7,0
S-018922,treatment,desktop,7,1
S-018923,control,mobile,12,0
S-018924,control,desktop,9,0
S-018925,treatment,mobile,9,0
S-018926,control,mobile,14,0
S-018927,treatment,mobile,1,0
S-018928,treatment,mobile,14,0
S-018929,control,desktop,9,0
S-018930,treatment,mobile,14,0
S-018931,control,desktop,6,0
S-018932,treatment,mobile,5,0
S-018933,treatment,mobile,6,0
S-018934,control,mobile,13,0
S-018935,treatment,mobile,14,0
S-018936,treatment,mobile,4,0
S-018937,treatment,mobile,7,0
S-018938,treatment,mobile,7,0
S-018939,treatment,mobile,7,0
S-018940,treatment,mobile,6,0
S-018941,treatment,mobile,8,0
S-018942,control,mobile,7,0
S-018943,treatment,mobile,12,0
S-018944,treatment,mobile,6,0
S-018945,treatment,mobile,11,0
S-018946,control,desktop,3,0
S-018947,control,desktop,12,0
S-018948,control,mobile,8,0
S-018949,treatment,mobile,6,0
S-018950,control,mobile,8,0
S-018951,control,desktop,12,0
S-018952,control,mobile,14,0
S-018953,treatment,mobile,8,0
S-018954,treatment,mobile,12,0
S-018955,treatment,desktop,1,0
S-018956,treatment,mobile,14,0
S-018957,treatment,mobile,7,0
S-018958,treatment,mobile,8,0
S-018959,control,desktop,5,0
S-018960,control,desktop,7,0
S-018961,control,desktop,10,0
S-018962,control,desktop,13,0
S-018963,control,mobile,5,0
S-018964,control,desktop,12,0
S-018965,control,mobile,12,0
S-018966,treatment,desktop,1,0
S-018967,treatment,mobile,14,0
S-018968,treatment,mobile,3,0
S-018969,treatment,mobile,10,0
S-018970,treatment,mobile,7,0
S-018971,control,desktop,2,0
S-018972,treatment,mobile,12,0
S-018973,control,desktop,9,0
S-018974,control,mobile,5,1
S-018975,treatment,mobile,1,0
S-018976,control,desktop,2,0
S-018977,control,mobile,9,0
S-018978,treatment,mobile,9,0
S-018979,control,desktop,11,0
S-018980,treatment,mobile,8,0
S-018981,treatment,mobile,11,0
S-018982,control,desktop,6,0
S-018983,control,mobile,2,0
S-018984,control,desktop,4,0
S-018985,control,desktop,10,0
S-018986,treatment,mobile,1,0
S-018987,control,desktop,1,0
S-018988,control,mobile,7,0
S-018989,control,mobile,13,0
S-018990,control,desktop,11,0
S-018991,control,desktop,5,0
S-018992,control,desktop,1,0
S-018993,control,desktop,7,0
S-018994,control,mobile,4,0
S-018995,control,mobile,5,0
S-018996,control,desktop,8,0
S-018997,control,desktop,11,0
S-018998,control,desktop,10,0
S-018999,control,desktop,10,0
S-019000,control,desktop,5,0
S-019001,control,desktop,6,0
S-019002,treatment,mobile,11,0
S-019003,control,desktop,11,0
S-019004,treatment,mobile,13,0
S-019005,treatment,mobile,8,0
S-019006,control,desktop,13,0
S-019007,control,desktop,10,0
S-019008,control,mobile,13,0
S-019009,control,desktop,14,0
S-019010,control,desktop,5,1
S-019011,treatment,mobile,12,0
S-019012,control,desktop,7,0
S-019013,control,mobile,4,1
S-019014,treatment,mobile,12,0
S-019015,treatment,desktop,10,0
S-019016,control,desktop,9,0
S-019017,treatment,mobile,14,0
S-019018,treatment,mobile,4,0
S-019019,treatment,mobile,11,0
S-019020,treatment,mobile,6,0
S-019021,control,desktop,12,1
S-019022,treatment,mobile,12,0
S-019023,treatment,mobile,8,0
S-019024,treatment,mobile,1,0
S-019025,control,desktop,9,0
S-019026,control,desktop,9,0
S-019027,control,desktop,10,0
S-019028,treatment,mobile,3,0
S-019029,treatment,desktop,3,0
S-019030,treatment,mobile,8,0
S-019031,control,desktop,7,0
S-019032,treatment,mobile,13,0
S-019033,control,mobile,11,0
S-019034,treatment,mobile,3,0
S-019035,treatment,mobile,8,0
S-019036,treatment,mobile,4,0
S-019037,control,mobile,5,0
S-019038,treatment,mobile,5,0
S-019039,control,mobile,5,0
S-019040,treatment,mobile,6,0
S-019041,control,mobile,13,0
S-019042,control,desktop,9,0
S-019043,treatment,desktop,11,0
S-019044,treatment,mobile,3,0
S-019045,control,desktop,11,0
S-019046,control,desktop,4,0
S-019047,control,desktop,2,0
S-019048,control,desktop,10,0
S-019049,control,mobile,8,0
S-019050,treatment,mobile,12,0
S-019051,control,desktop,13,0
S-019052,treatment,mobile,12,0
S-019053,treatment,mobile,7,0
S-019054,treatment,mobile,12,0
S-019055,control,mobile,1,1
S-019056,treatment,mobile,3,0
S-019057,treatment,mobile,12,0
S-019058,control,desktop,3,0
S-019059,treatment,mobile,6,0
S-019060,control,desktop,2,0
S-019061,treatment,mobile,7,0
S-019062,control,desktop,12,0
S-019063,treatment,desktop,9,0
S-019064,treatment,mobile,6,0
S-019065,control,desktop,10,0
S-019066,control,desktop,4,0
S-019067,control,desktop,12,0
S-019068,control,desktop,4,0
S-019069,treatment,mobile,3,0
S-019070,treatment,mobile,2,0
S-019071,treatment,mobile,6,0
S-019072,control,desktop,13,1
S-019073,treatment,desktop,12,0
S-019074,control,desktop,4,1
S-019075,treatment,mobile,10,0
S-019076,control,desktop,9,0
S-019077,control,mobile,1,0
S-019078,control,desktop,7,0
S-019079,treatment,desktop,12,0
S-019080,control,desktop,5,0
S-019081,treatment,mobile,2,0
S-019082,treatment,mobile,11,0
S-019083,control,desktop,7,0
S-019084,treatment,mobile,8,0
S-019085,control,mobile,4,0
S-019086,treatment,desktop,5,0
S-019087,control,mobile,14,0
S-019088,control,desktop,3,0
S-019089,treatment,mobile,9,0
S-019090,control,desktop,10,0
S-019091,treatment,mobile,3,0
S-019092,treatment,mobile,4,0
S-019093,treatment,mobile,1,0
S-019094,treatment,mobile,10,0
S-019095,control,desktop,13,0
S-019096,control,desktop,7,0
S-019097,treatment,mobile,3,0
S-019098,treatment,mobile,8,0
S-019099,treatment,desktop,6,0
S-019100,control,desktop,6,0
S-019101,control,desktop,6,0
S-019102,treatment,mobile,6,0
S-019103,control,mobile,7,0
S-019104,treatment,mobile,14,0
S-019105,control,desktop,10,1
S-019106,treatment,mobile,14,1
S-019107,control,desktop,11,0
S-019108,treatment,mobile,7,0
S-019109,treatment,mobile,12,0
S-019110,treatment,desktop,5,0
S-019111,control,desktop,12,1
S-019112,control,mobile,1,0
S-019113,control,desktop,9,0
S-019114,treatment,mobile,10,0
S-019115,control,mobile,3,0
S-019116,control,mobile,5,0
S-019117,control,desktop,10,0
S-019118,treatment,desktop,3,0
S-019119,treatment,mobile,8,0
S-019120,treatment,desktop,11,0
S-019121,control,desktop,2,0
S-019122,treatment,mobile,11,0
S-019123,treatment,mobile,6,0
S-019124,control,desktop,4,0
S-019125,treatment,mobile,8,0
S-019126,treatment,mobile,10,0
S-019127,control,desktop,9,0
S-019128,control,desktop,1,0
S-019129,control,desktop,6,0
S-019130,treatment,mobile,3,0
S-019131,treatment,mobile,5,0
S-019132,treatment,mobile,8,0
S-019133,control,mobile,11,0
S-019134,treatment,mobile,1,0
S-019135,treatment,mobile,5,0
S-019136,control,mobile,6,0
S-019137,treatment,mobile,14,0
S-019138,control,mobile,12,0
S-019139,treatment,mobile,3,0
S-019140,control,desktop,3,0
S-019141,treatment,mobile,5,0
S-019142,treatment,mobile,11,0
S-019143,control,desktop,10,0
S-019144,control,desktop,1,0
S-019145,treatment,mobile,7,0
S-019146,treatment,mobile,7,0
S-019147,treatment,mobile,7,0
S-019148,control,desktop,7,0
S-019149,control,mobile,10,0
S-019150,control,desktop,13,0
S-019151,control,desktop,8,0
S-019152,control,desktop,4,0
S-019153,treatment,mobile,11,0
S-019154,treatment,mobile,1,0
S-019155,treatment,mobile,4,0
S-019156,control,desktop,2,0
S-019157,treatment,mobile,3,0
S-019158,control,desktop,13,0
S-019159,control,mobile,3,0
S-019160,treatment,mobile,13,0
S-019161,treatment,mobile,14,0
S-019162,treatment,desktop,8,0
S-019163,control,desktop,9,0
S-019164,control,desktop,11,1
S-019165,treatment,mobile,6,0
S-019166,control,desktop,2,0
S-019167,treatment,mobile,3,0
S-019168,treatment,mobile,5,0
S-019169,control,desktop,14,0
S-019170,control,mobile,1,0
S-019171,control,mobile,14,0
S-019172,control,desktop,5,0
S-019173,control,desktop,8,1
S-019174,treatment,mobile,10,0
S-019175,control,mobile,3,0
S-019176,control,mobile,14,0
S-019177,treatment,mobile,4,0
S-019178,control,mobile,2,0
S-019179,treatment,mobile,6,0
S-019180,treatment,mobile,14,0
S-019181,treatment,desktop,5,0
S-019182,treatment,mobile,12,0
S-019183,control,mobile,14,0
S-019184,treatment,desktop,5,0
S-019185,treatment,mobile,5,0
S-019186,treatment,mobile,9,0
S-019187,treatment,mobile,11,0
S-019188,treatment,mobile,4,0
S-019189,treatment,mobile,2,0
S-019190,treatment,mobile,4,0
S-019191,control,mobile,3,0
S-019192,control,desktop,1,0
S-019193,control,desktop,1,0
S-019194,treatment,mobile,6,0
S-019195,control,desktop,4,0
S-019196,treatment,desktop,11,0
S-019197,control,desktop,11,0
S-019198,control,desktop,7,0
S-019199,treatment,mobile,3,0
S-019200,treatment,desktop,3,0
S-019201,treatment,mobile,12,0
S-019202,treatment,desktop,8,0
S-019203,treatment,mobile,10,0
S-019204,control,desktop,11,0
S-019205,treatment,mobile,13,0
S-019206,control,mobile,2,0
S-019207,treatment,mobile,6,0
S-019208,treatment,mobile,12,0
S-019209,control,desktop,12,0
S-019210,control,desktop,9,0
S-019211,treatment,mobile,6,0
S-019212,treatment,desktop,5,0
S-019213,control,desktop,2,0
S-019214,control,desktop,14,0
S-019215,control,mobile,1,0
S-019216,treatment,mobile,1,1
S-019217,treatment,mobile,11,0
S-019218,treatment,mobile,2,0
S-019219,control,desktop,2,0
S-019220,treatment,mobile,10,0
S-019221,control,desktop,4,1
S-019222,treatment,mobile,14,0
S-019223,treatment,mobile,7,0
S-019224,treatment,desktop,10,0
S-019225,treatment,mobile,12,0
S-019226,treatment,mobile,13,0
S-019227,treatment,mobile,14,0
S-019228,treatment,mobile,8,0
S-019229,control,desktop,1,0
S-019230,treatment,desktop,11,0
S-019231,control,desktop,5,0
S-019232,treatment,mobile,14,0
S-019233,control,desktop,5,0
S-019234,control,desktop,6,0
S-019235,control,desktop,1,0
S-019236,treatment,mobile,8,0
S-019237,treatment,mobile,14,0
S-019238,control,desktop,12,0
S-019239,control,desktop,3,0
S-019240,control,desktop,1,0
S-019241,control,desktop,1,0
S-019242,control,desktop,14,0
S-019243,treatment,mobile,2,0
S-019244,treatment,mobile,3,0
S-019245,control,mobile,6,0
S-019246,control,desktop,8,0
S-019247,control,desktop,11,0
S-019248,control,desktop,11,0
S-019249,control,desktop,9,1
S-019250,treatment,mobile,4,0
S-019251,treatment,mobile,3,0
S-019252,treatment,mobile,7,0
S-019253,treatment,mobile,4,0
S-019254,treatment,mobile,13,1
S-019255,control,desktop,14,0
S-019256,treatment,desktop,7,0
S-019257,control,mobile,5,0
S-019258,control,desktop,11,0
S-019259,control,desktop,2,0
S-019260,control,desktop,2,0
S-019261,treatment,mobile,6,0
S-019262,treatment,desktop,8,0
S-019263,control,desktop,8,0
S-019264,control,mobile,14,0
S-019265,treatment,mobile,2,0
S-019266,control,desktop,6,1
S-019267,control,desktop,6,0
S-019268,treatment,mobile,11,0
S-019269,control,mobile,7,0
S-019270,treatment,mobile,14,0
S-019271,treatment,mobile,6,0
S-019272,treatment,mobile,5,0
S-019273,treatment,mobile,3,0
S-019274,treatment,mobile,8,0
S-019275,treatment,desktop,2,1
S-019276,treatment,mobile,11,0
S-019277,treatment,mobile,12,0
S-019278,treatment,mobile,9,0
S-019279,treatment,desktop,11,0
S-019280,control,desktop,8,1
S-019281,treatment,mobile,6,1
S-019282,control,desktop,7,0
S-019283,treatment,mobile,3,0
S-019284,control,mobile,11,0
S-019285,treatment,mobile,14,0
S-019286,control,mobile,10,0
S-019287,control,desktop,8,0
S-019288,control,mobile,5,0
S-019289,treatment,mobile,13,0
S-019290,control,desktop,1,0
S-019291,control,desktop,11,0
S-019292,control,desktop,10,0
S-019293,treatment,mobile,11,0
S-019294,treatment,mobile,9,0
S-019295,control,mobile,5,0
S-019296,treatment,mobile,3,0
S-019297,control,desktop,13,0
S-019298,treatment,mobile,8,0
S-019299,control,mobile,14,0
S-019300,treatment,mobile,13,0
S-019301,treatment,mobile,4,0
S-019302,control,desktop,9,0
S-019303,control,desktop,6,0
S-019304,control,desktop,1,0
S-019305,treatment,mobile,8,0
S-019306,control,desktop,3,0
S-019307,treatment,mobile,11,0
S-019308,treatment,desktop,3,0
S-019309,treatment,mobile,1,0
S-019310,control,desktop,2,0
S-019311,treatment,mobile,8,0
S-019312,treatment,mobile,1,0
S-019313,control,desktop,13,0
S-019314,treatment,mobile,10,0
S-019315,control,mobile,4,0
S-019316,treatment,desktop,10,0
S-019317,treatment,mobile,5,1
S-019318,treatment,mobile,13,0
S-019319,treatment,mobile,2,0
S-019320,treatment,desktop,11,0
S-019321,treatment,mobile,7,0
S-019322,treatment,mobile,1,0
S-019323,treatment,mobile,5,0
S-019324,treatment,mobile,3,1
S-019325,control,mobile,1,0
S-019326,control,desktop,10,0
S-019327,control,mobile,14,0
S-019328,control,desktop,5,1
S-019329,control,desktop,5,0
S-019330,control,desktop,5,1
S-019331,control,desktop,11,0
S-019332,control,desktop,1,0
S-019333,treatment,mobile,5,1
S-019334,treatment,mobile,8,0
S-019335,control,desktop,3,0
S-019336,control,desktop,4,1
S-019337,control,mobile,3,0
S-019338,control,mobile,10,0
S-019339,treatment,mobile,1,0
S-019340,control,mobile,7,0
S-019341,treatment,mobile,9,0
S-019342,treatment,mobile,14,0
S-019343,control,desktop,6,1
S-019344,treatment,mobile,2,0
S-019345,control,mobile,2,0
S-019346,control,desktop,7,0
S-019347,control,desktop,11,0
S-019348,control,desktop,12,0
S-019349,control,mobile,12,0
S-019350,control,desktop,7,0
S-019351,treatment,mobile,4,0
S-019352,treatment,mobile,12,1
S-019353,treatment,mobile,3,0
S-019354,treatment,mobile,3,0
S-019355,control,desktop,6,0
S-019356,treatment,mobile,10,0
S-019357,treatment,mobile,4,0
S-019358,treatment,mobile,11,1
S-019359,control,mobile,14,0
S-019360,control,mobile,6,0
S-019361,control,desktop,5,0
S-019362,control,mobile,7,0
S-019363,control,desktop,9,0
S-019364,control,desktop,2,0
S-019365,treatment,mobile,8,0
S-019366,control,desktop,13,0
S-019367,treatment,mobile,13,0
S-019368,control,mobile,8,0
S-019369,treatment,mobile,1,0
S-019370,control,mobile,8,0
S-019371,treatment,desktop,9,0
S-019372,treatment,mobile,1,0
S-019373,treatment,mobile,2,0
S-019374,control,desktop,8,1
S-019375,treatment,mobile,3,0
S-019376,control,desktop,6,0
S-019377,treatment,mobile,1,1
S-019378,treatment,mobile,1,0
S-019379,treatment,mobile,1,0
S-019380,treatment,mobile,12,0
S-019381,control,desktop,10,0
S-019382,control,desktop,4,0
S-019383,control,desktop,10,0
S-019384,control,desktop,2,1
S-019385,control,desktop,5,0
S-019386,control,desktop,1,0
S-019387,control,desktop,12,1
S-019388,control,mobile,10,1
S-019389,control,mobile,2,0
S-019390,treatment,mobile,11,0
S-019391,control,desktop,7,0
S-019392,control,desktop,3,0
S-019393,control,desktop,2,0
S-019394,treatment,mobile,12,0
S-019395,treatment,mobile,9,1
S-019396,control,desktop,14,0
S-019397,treatment,mobile,7,0
S-019398,treatment,desktop,6,0
S-019399,treatment,mobile,1,0
S-019400,control,desktop,5,0
S-019401,control,desktop,13,0
S-019402,control,mobile,11,0
S-019403,control,mobile,6,0
S-019404,control,desktop,14,0
S-019405,control,mobile,11,0
S-019406,control,desktop,1,0
S-019407,control,mobile,9,0
S-019408,control,desktop,9,0
S-019409,control,desktop,8,0
S-019410,control,desktop,12,0
S-019411,treatment,mobile,9,0
S-019412,control,desktop,13,1
S-019413,treatment,mobile,4,0
S-019414,control,desktop,2,0
S-019415,treatment,desktop,9,1
S-019416,treatment,mobile,2,0
S-019417,treatment,mobile,6,0
S-019418,control,mobile,8,0
S-019419,treatment,mobile,10,0
S-019420,treatment,mobile,8,0
S-019421,treatment,mobile,10,0
S-019422,treatment,desktop,4,0
S-019423,treatment,mobile,8,0
S-019424,treatment,mobile,9,0
S-019425,treatment,mobile,12,0
S-019426,treatment,mobile,7,0
S-019427,treatment,mobile,8,0
S-019428,control,desktop,11,0
S-019429,treatment,mobile,8,0
S-019430,control,desktop,7,0
S-019431,treatment,desktop,13,0
S-019432,control,mobile,13,0
S-019433,treatment,mobile,6,0
S-019434,treatment,mobile,10,0
S-019435,treatment,mobile,14,1
S-019436,control,desktop,4,0
S-019437,control,mobile,2,0
S-019438,control,desktop,14,0
S-019439,control,mobile,13,0
S-019440,treatment,mobile,6,0
S-019441,treatment,mobile,2,0
S-019442,control,mobile,6,0
S-019443,treatment,mobile,2,0
S-019444,treatment,mobile,3,0
S-019445,control,desktop,7,0
S-019446,control,desktop,5,1
S-019447,treatment,desktop,2,0
S-019448,control,desktop,9,0
S-019449,treatment,mobile,8,0
S-019450,treatment,mobile,14,0
S-019451,treatment,desktop,5,0
S-019452,treatment,mobile,8,1
S-019453,control,mobile,9,0
S-019454,control,mobile,2,0
S-019455,control,mobile,8,0
S-019456,treatment,mobile,5,0
S-019457,treatment,mobile,6,0
S-019458,control,desktop,14,0
S-019459,treatment,mobile,12,0
S-019460,control,desktop,8,0
S-019461,control,desktop,13,0
S-019462,treatment,desktop,2,1
S-019463,treatment,mobile,4,0
S-019464,treatment,mobile,10,0
S-019465,control,mobile,9,0
S-019466,control,desktop,4,0
S-019467,treatment,mobile,3,0
S-019468,treatment,mobile,2,0
S-019469,treatment,mobile,3,0
S-019470,treatment,mobile,6,1
S-019471,control,desktop,4,0
S-019472,treatment,mobile,6,0
S-019473,control,mobile,11,0
S-019474,control,mobile,5,0
S-019475,control,mobile,8,0
S-019476,control,desktop,6,0
S-019477,treatment,mobile,11,0
S-019478,control,desktop,10,0
S-019479,treatment,desktop,13,0
S-019480,control,desktop,9,0
S-019481,control,desktop,14,0
S-019482,control,desktop,11,0
S-019483,treatment,mobile,13,0
S-019484,treatment,desktop,3,0
S-019485,control,desktop,4,0
S-019486,control,desktop,9,0
S-019487,treatment,mobile,3,0
S-019488,treatment,desktop,12,0
S-019489,control,desktop,14,0
S-019490,control,desktop,9,0
S-019491,treatment,mobile,5,0
S-019492,control,mobile,8,0
S-019493,control,desktop,4,0
S-019494,treatment,mobile,4,0
S-019495,treatment,mobile,11,0
S-019496,control,mobile,11,0
S-019497,control,mobile,14,0
S-019498,control,desktop,5,0
S-019499,control,desktop,5,0
S-019500,treatment,mobile,10,0
S-019501,control,mobile,6,0
S-019502,control,desktop,1,0
S-019503,treatment,mobile,11,0
S-019504,control,desktop,9,0
S-019505,control,desktop,2,0
S-019506,treatment,mobile,4,0
S-019507,treatment,mobile,9,0
S-019508,control,desktop,1,0
S-019509,control,mobile,9,0
S-019510,control,desktop,14,1
S-019511,treatment,mobile,13,0
S-019512,control,mobile,10,0
S-019513,control,mobile,1,0
S-019514,treatment,mobile,8,0
S-019515,treatment,mobile,4,0
S-019516,control,mobile,6,0
S-019517,control,desktop,14,0
S-019518,control,desktop,6,0
S-019519,treatment,mobile,2,0
S-019520,treatment,mobile,13,0
S-019521,treatment,desktop,14,0
S-019522,treatment,mobile,12,0
S-019523,control,mobile,2,0
S-019524,control,desktop,6,0
S-019525,control,mobile,7,0
S-019526,control,mobile,11,0
S-019527,control,mobile,4,1
S-019528,control,desktop,8,0
S-019529,treatment,mobile,8,0
S-019530,control,desktop,14,1
S-019531,control,desktop,14,1
S-019532,treatment,mobile,6,0
S-019533,treatment,mobile,9,0
S-019534,treatment,mobile,11,0
S-019535,treatment,mobile,9,0
S-019536,control,mobile,13,0
S-019537,treatment,desktop,13,0
S-019538,control,desktop,10,1
S-019539,control,desktop,9,0
S-019540,treatment,mobile,6,0
S-019541,control,desktop,8,0
S-019542,control,mobile,2,0
S-019543,control,desktop,3,0
S-019544,treatment,mobile,3,0
S-019545,treatment,mobile,4,0
S-019546,treatment,mobile,12,0
S-019547,control,desktop,2,0
S-019548,control,mobile,14,1
S-019549,treatment,desktop,9,1
S-019550,treatment,mobile,4,0
S-019551,treatment,mobile,7,0
S-019552,control,desktop,7,0
S-019553,control,desktop,10,1
S-019554,control,mobile,8,0
S-019555,treatment,mobile,7,0
S-019556,treatment,mobile,1,0
S-019557,control,desktop,9,0
S-019558,control,desktop,3,0
S-019559,treatment,desktop,14,0
S-019560,control,desktop,13,0
S-019561,control,mobile,2,0
S-019562,control,desktop,4,0
S-019563,treatment,mobile,4,0
S-019564,control,desktop,12,0
S-019565,treatment,mobile,8,0
S-019566,control,desktop,1,0
S-019567,control,desktop,1,0
S-019568,treatment,mobile,6,0
S-019569,control,desktop,10,0
S-019570,treatment,mobile,3,0
S-019571,treatment,desktop,8,0
S-019572,control,desktop,8,0
S-019573,control,desktop,11,0
S-019574,treatment,mobile,13,0
S-019575,treatment,mobile,5,0
S-019576,control,desktop,14,0
S-019577,control,mobile,1,0
S-019578,treatment,mobile,5,0
S-019579,treatment,mobile,6,0
S-019580,control,desktop,1,0
S-019581,control,mobile,1,0
S-019582,treatment,mobile,1,0
S-019583,control,desktop,4,0
S-019584,treatment,mobile,4,0
S-019585,treatment,mobile,12,1
S-019586,control,desktop,13,0
S-019587,treatment,mobile,12,0
S-019588,treatment,mobile,2,1
S-019589,treatment,desktop,13,0
S-019590,treatment,desktop,1,0
S-019591,control,mobile,10,0
S-019592,control,mobile,9,0
S-019593,control,desktop,3,0
S-019594,control,desktop,14,0
S-019595,control,desktop,12,1
S-019596,treatment,mobile,10,0
S-019597,control,desktop,10,0
S-019598,treatment,mobile,3,1
S-019599,treatment,mobile,3,0
S-019600,control,mobile,1,0
S-019601,treatment,mobile,14,0
S-019602,control,desktop,14,1
S-019603,treatment,mobile,7,0
S-019604,control,mobile,14,0
S-019605,treatment,mobile,8,0
S-019606,treatment,mobile,5,0
S-019607,treatment,mobile,6,0
S-019608,treatment,mobile,14,1
S-019609,treatment,desktop,8,0
S-019610,treatment,mobile,12,0
S-019611,treatment,desktop,4,1
S-019612,control,mobile,6,0
S-019613,treatment,mobile,12,0
S-019614,treatment,mobile,14,0
S-019615,control,desktop,13,1
S-019616,treatment,mobile,9,0
S-019617,treatment,mobile,7,0
S-019618,treatment,mobile,6,0
S-019619,treatment,mobile,1,0
S-019620,treatment,mobile,2,0
S-019621,control,desktop,4,0
S-019622,treatment,mobile,5,0
S-019623,treatment,desktop,4,0
S-019624,treatment,mobile,3,0
S-019625,control,desktop,12,0
S-019626,control,desktop,3,0
S-019627,control,desktop,14,0
S-019628,treatment,mobile,3,0
S-019629,control,desktop,9,0
S-019630,treatment,mobile,3,0
S-019631,treatment,mobile,10,0
S-019632,treatment,desktop,5,0
S-019633,treatment,mobile,4,0
S-019634,treatment,desktop,3,0
S-019635,control,desktop,8,0
S-019636,control,desktop,9,0
S-019637,treatment,mobile,8,0
S-019638,treatment,mobile,1,0
S-019639,control,desktop,9,1
S-019640,control,desktop,4,0
S-019641,treatment,desktop,3,0
S-019642,treatment,mobile,5,1
S-019643,control,mobile,9,0
S-019644,control,desktop,10,0
S-019645,control,desktop,14,1
S-019646,control,desktop,5,0
S-019647,treatment,desktop,9,0
S-019648,control,desktop,1,0
S-019649,control,desktop,14,0
S-019650,treatment,mobile,12,0
S-019651,control,mobile,12,0
S-019652,treatment,mobile,9,0
S-019653,control,desktop,14,0
S-019654,treatment,mobile,14,0
S-019655,treatment,desktop,9,0
S-019656,treatment,mobile,4,0
S-019657,treatment,mobile,11,0
S-019658,control,desktop,10,0
S-019659,treatment,mobile,14,0
S-019660,treatment,desktop,1,0
S-019661,treatment,mobile,8,0
S-019662,treatment,desktop,3,0
S-019663,treatment,mobile,11,0
S-019664,treatment,mobile,11,0
S-019665,treatment,mobile,6,0
S-019666,control,desktop,4,0
S-019667,control,desktop,7,0
S-019668,treatment,mobile,11,0
S-019669,treatment,mobile,7,0
S-019670,control,desktop,9,0
S-019671,control,desktop,10,0
S-019672,treatment,mobile,8,1
S-019673,treatment,mobile,9,0
S-019674,treatment,mobile,6,0
S-019675,control,desktop,5,1
S-019676,control,mobile,2,1
S-019677,treatment,mobile,1,0
S-019678,treatment,mobile,6,0
S-019679,control,desktop,12,0
S-019680,treatment,mobile,14,0
S-019681,treatment,mobile,4,0
S-019682,treatment,mobile,11,0
S-019683,control,desktop,6,0
S-019684,control,desktop,1,0
S-019685,treatment,mobile,9,0
S-019686,treatment,mobile,10,0
S-019687,treatment,mobile,8,0
S-019688,treatment,mobile,3,0
S-019689,control,mobile,3,0
S-019690,treatment,mobile,2,0
S-019691,control,mobile,8,0
S-019692,treatment,mobile,7,0
S-019693,control,desktop,14,0
S-019694,treatment,mobile,6,0
S-019695,treatment,mobile,4,0
S-019696,treatment,mobile,12,0
S-019697,control,desktop,7,0
S-019698,control,desktop,3,0
S-019699,control,mobile,6,0
S-019700,control,desktop,4,0
S-019701,treatment,mobile,8,0
S-019702,treatment,mobile,5,0
S-019703,control,desktop,9,0
S-019704,treatment,mobile,12,1
S-019705,control,desktop,6,0
S-019706,control,desktop,11,0
S-019707,control,desktop,7,0
S-019708,treatment,mobile,14,0
S-019709,control,desktop,4,0
S-019710,treatment,mobile,2,0
S-019711,control,mobile,2,0
S-019712,treatment,mobile,10,0
S-019713,control,desktop,5,0
S-019714,treatment,mobile,2,0
S-019715,control,mobile,1,0
S-019716,treatment,mobile,1,0
S-019717,treatment,mobile,2,0
S-019718,control,desktop,6,0
S-019719,treatment,mobile,12,1
S-019720,treatment,mobile,8,0
S-019721,control,desktop,11,1
S-019722,control,desktop,4,0
S-019723,control,mobile,11,0
S-019724,control,mobile,5,0
S-019725,control,desktop,11,0
S-019726,control,desktop,7,1
S-019727,treatment,mobile,13,0
S-019728,treatment,desktop,8,0
S-019729,control,desktop,14,0
S-019730,control,desktop,7,0
S-019731,treatment,desktop,5,0
S-019732,control,desktop,12,0
S-019733,treatment,mobile,5,0
S-019734,control,desktop,10,0
S-019735,treatment,mobile,9,0
S-019736,control,mobile,8,0
S-019737,treatment,mobile,7,0
S-019738,treatment,mobile,12,0
S-019739,treatment,mobile,13,0
S-019740,control,mobile,10,0
S-019741,control,desktop,9,0
S-019742,treatment,mobile,1,0
S-019743,treatment,desktop,7,0
S-019744,control,desktop,1,0
S-019745,treatment,mobile,12,0
S-019746,treatment,mobile,13,0
S-019747,control,desktop,9,0
S-019748,treatment,mobile,13,0
S-019749,treatment,mobile,4,0
S-019750,control,desktop,2,0
S-019751,treatment,mobile,10,1
S-019752,treatment,mobile,10,0
S-019753,control,desktop,3,0
S-019754,control,desktop,4,0
S-019755,control,desktop,10,0
S-019756,control,desktop,5,0
S-019757,control,mobile,13,0
S-019758,treatment,mobile,11,0
S-019759,control,desktop,2,0
S-019760,control,desktop,10,1
S-019761,control,desktop,2,0
S-019762,treatment,mobile,9,0
S-019763,control,desktop,5,0
S-019764,treatment,mobile,7,0
S-019765,control,desktop,6,0
S-019766,treatment,desktop,1,0
S-019767,control,desktop,10,0
S-019768,treatment,mobile,9,0
S-019769,treatment,mobile,3,0
S-019770,treatment,mobile,11,0
S-019771,treatment,mobile,1,0
S-019772,treatment,mobile,8,0
S-019773,treatment,mobile,8,0
S-019774,treatment,mobile,13,0
S-019775,treatment,desktop,10,0
S-019776,control,mobile,10,0
S-019777,control,desktop,1,0
S-019778,treatment,mobile,14,0
S-019779,treatment,desktop,6,0
S-019780,control,desktop,3,0
S-019781,control,mobile,5,0
S-019782,treatment,desktop,7,1
S-019783,treatment,mobile,9,0
S-019784,treatment,desktop,9,0
S-019785,treatment,mobile,6,0
S-019786,control,desktop,9,0
S-019787,treatment,mobile,6,0
S-019788,control,desktop,13,0
S-019789,treatment,mobile,1,1
S-019790,control,mobile,14,0
S-019791,treatment,mobile,1,0
S-019792,control,mobile,4,0
S-019793,treatment,mobile,2,0
S-019794,control,desktop,9,0
S-019795,control,desktop,9,0
S-019796,treatment,mobile,3,0
S-019797,control,desktop,14,1
S-019798,control,desktop,7,0
S-019799,control,desktop,13,0
S-019800,control,desktop,9,0
S-019801,treatment,mobile,4,0
S-019802,treatment,mobile,8,0
S-019803,control,desktop,5,1
S-019804,control,desktop,14,0
S-019805,control,desktop,10,0
S-019806,control,desktop,2,0
S-019807,control,desktop,2,0
S-019808,treatment,mobile,5,0
S-019809,control,mobile,9,0
S-019810,treatment,mobile,4,0
S-019811,treatment,mobile,12,0
S-019812,treatment,mobile,1,0
S-019813,treatment,mobile,2,0
S-019814,treatment,mobile,6,0
S-019815,control,desktop,2,0
S-019816,control,desktop,6,0
S-019817,control,desktop,6,0
S-019818,control,desktop,2,0
S-019819,control,mobile,9,1
S-019820,control,desktop,13,0
S-019821,treatment,mobile,7,0
S-019822,treatment,mobile,6,1
S-019823,control,desktop,6,0
S-019824,control,desktop,4,0
S-019825,control,desktop,11,0
S-019826,control,desktop,7,0
S-019827,control,mobile,11,0
S-019828,treatment,mobile,9,0
S-019829,control,mobile,9,0
S-019830,control,mobile,7,0
S-019831,treatment,mobile,14,0
S-019832,treatment,desktop,14,0
S-019833,control,mobile,4,0
S-019834,control,desktop,14,1
S-019835,treatment,mobile,4,0
S-019836,control,desktop,10,0
S-019837,control,desktop,5,0
S-019838,control,mobile,6,0
S-019839,treatment,mobile,8,0
S-019840,treatment,mobile,2,0
S-019841,treatment,mobile,7,0
S-019842,treatment,mobile,10,0
S-019843,treatment,mobile,3,0
S-019844,treatment,desktop,13,0
S-019845,control,desktop,4,0
S-019846,treatment,mobile,12,0
S-019847,control,desktop,1,0
S-019848,treatment,mobile,5,0
S-019849,treatment,mobile,4,0
S-019850,control,desktop,14,0
S-019851,control,desktop,13,0
S-019852,treatment,mobile,12,0
S-019853,control,desktop,5,1
S-019854,treatment,desktop,9,0
S-019855,treatment,mobile,10,0
S-019856,treatment,mobile,8,0
S-019857,treatment,mobile,11,0
S-019858,treatment,mobile,10,0
S-019859,treatment,desktop,3,0
S-019860,control,desktop,5,0
S-019861,control,desktop,7,0
S-019862,control,desktop,10,0
S-019863,control,desktop,7,0
S-019864,control,desktop,2,0
S-019865,treatment,mobile,7,0
S-019866,treatment,mobile,11,0
S-019867,treatment,desktop,8,0
S-019868,control,desktop,5,1
S-019869,control,desktop,11,0
S-019870,control,mobile,5,0
S-019871,treatment,mobile,13,1
S-019872,treatment,mobile,4,0
S-019873,treatment,desktop,12,0
S-019874,control,desktop,3,0
S-019875,control,desktop,12,0
S-019876,treatment,mobile,5,0
S-019877,treatment,mobile,4,0
S-019878,treatment,mobile,11,0
S-019879,control,mobile,13,0
S-019880,treatment,mobile,7,0
S-019881,control,mobile,1,1
S-019882,treatment,mobile,8,0
S-019883,control,desktop,4,0
S-019884,treatment,mobile,12,0
S-019885,control,desktop,10,0
S-019886,control,desktop,14,0
S-019887,control,desktop,3,0
S-019888,treatment,mobile,14,0
S-019889,treatment,mobile,2,0
S-019890,control,mobile,1,0
S-019891,control,mobile,9,0
S-019892,treatment,mobile,2,0
S-019893,control,mobile,1,0
S-019894,control,desktop,7,0
S-019895,control,mobile,5,0
S-019896,control,desktop,9,0
S-019897,treatment,mobile,10,0
S-019898,control,desktop,13,0
S-019899,treatment,mobile,12,0
S-019900,treatment,mobile,1,0
S-019901,treatment,mobile,1,0
S-019902,control,desktop,12,0
S-019903,control,desktop,9,0
S-019904,treatment,mobile,1,0
S-019905,control,desktop,12,0
S-019906,control,desktop,4,0
S-019907,treatment,mobile,7,0
S-019908,treatment,mobile,9,0
S-019909,treatment,mobile,12,0
S-019910,treatment,mobile,8,0
S-019911,control,desktop,10,0
S-019912,control,mobile,14,0
S-019913,control,desktop,9,0
S-019914,control,desktop,13,0
S-019915,control,desktop,7,0
S-019916,control,mobile,6,0
S-019917,control,mobile,6,0
S-019918,treatment,mobile,11,0
S-019919,control,mobile,11,0
S-019920,control,desktop,3,0
S-019921,control,desktop,13,0
S-019922,control,desktop,9,0
S-019923,treatment,mobile,1,0
S-019924,treatment,mobile,3,0
S-019925,treatment,desktop,14,0
S-019926,control,mobile,7,0
S-019927,control,desktop,6,0
S-019928,control,desktop,4,0
S-019929,control,desktop,10,0
S-019930,treatment,mobile,10,0
S-019931,control,desktop,10,1
S-019932,control,desktop,13,0
S-019933,control,desktop,3,0
S-019934,treatment,mobile,9,0
S-019935,treatment,mobile,1,0
S-019936,treatment,mobile,10,0
S-019937,treatment,mobile,6,1
S-019938,treatment,desktop,14,0
S-019939,treatment,mobile,9,0
S-019940,control,desktop,10,0
S-019941,control,desktop,12,0
S-019942,control,mobile,6,0
S-019943,treatment,mobile,13,0
S-019944,control,desktop,1,0
S-019945,treatment,mobile,13,0
S-019946,control,mobile,12,0
S-019947,treatment,mobile,13,0
S-019948,control,mobile,11,0
S-019949,control,desktop,13,0
S-019950,treatment,mobile,4,0
S-019951,control,desktop,9,0
S-019952,control,mobile,14,0
S-019953,control,mobile,8,0
S-019954,treatment,desktop,9,0
S-019955,control,desktop,10,1
S-019956,control,desktop,5,0
S-019957,treatment,mobile,7,0
S-019958,treatment,mobile,14,0
S-019959,treatment,mobile,7,0
S-019960,control,desktop,11,1
S-019961,treatment,mobile,3,0
S-019962,control,desktop,5,0
S-019963,control,mobile,10,0
S-019964,control,mobile,13,0
S-019965,treatment,mobile,8,0
S-019966,control,desktop,7,1
S-019967,treatment,mobile,6,0
S-019968,control,desktop,8,0
S-019969,control,desktop,3,0
S-019970,treatment,mobile,10,0
S-019971,control,desktop,5,0
S-019972,control,desktop,6,0
S-019973,control,desktop,7,0
S-019974,treatment,desktop,12,1
S-019975,treatment,mobile,1,0
S-019976,treatment,mobile,7,0
S-019977,treatment,mobile,11,0
S-019978,control,mobile,13,0
S-019979,control,desktop,11,0
S-019980,control,mobile,10,0
S-019981,treatment,mobile,14,0
S-019982,treatment,mobile,2,0
S-019983,control,mobile,7,0
S-019984,control,desktop,14,0
S-019985,treatment,mobile,1,0
S-019986,control,desktop,9,0
S-019987,treatment,mobile,2,0
S-019988,treatment,mobile,14,0
S-019989,treatment,mobile,1,0
S-019990,treatment,mobile,14,0
S-019991,control,desktop,10,0
S-019992,treatment,mobile,14,0
S-019993,control,desktop,3,0
S-019994,treatment,desktop,5,0
S-019995,control,desktop,13,1
S-019996,treatment,desktop,1,0
S-019997,treatment,mobile,5,0
S-019998,control,desktop,8,0
S-019999,control,mobile,12,0
S-020000,treatment,mobile,8,0
S-020001,control,mobile,8,0
S-020002,treatment,mobile,3,0
S-020003,treatment,mobile,8,0
S-020004,control,desktop,4,1
S-020005,control,desktop,7,0
S-020006,treatment,mobile,12,0
S-020007,treatment,mobile,2,0
S-020008,control,desktop,2,0
S-020009,treatment,desktop,8,0
S-020010,treatment,mobile,7,0
S-020011,treatment,mobile,14,0
S-020012,control,mobile,12,0
S-020013,control,desktop,4,1
S-020014,treatment,mobile,5,0
S-020015,control,mobile,5,0
S-020016,treatment,mobile,11,0
S-020017,treatment,mobile,12,1
S-020018,control,mobile,3,0
S-020019,treatment,mobile,7,1
S-020020,treatment,mobile,3,0
S-020021,treatment,mobile,6,0
S-020022,treatment,desktop,13,0
S-020023,treatment,mobile,13,0
S-020024,treatment,mobile,9,0
S-020025,treatment,desktop,2,0
S-020026,control,mobile,8,0
S-020027,control,mobile,9,0
S-020028,control,mobile,4,0
S-020029,treatment,desktop,8,0
S-020030,treatment,mobile,1,0
S-020031,treatment,mobile,1,0
S-020032,treatment,mobile,11,0
S-020033,control,desktop,9,0
S-020034,treatment,mobile,2,0
S-020035,treatment,desktop,5,0
S-020036,control,desktop,2,0
S-020037,control,desktop,3,0
S-020038,control,desktop,7,0
S-020039,treatment,mobile,11,0
S-020040,treatment,mobile,2,0
S-020041,treatment,mobile,5,0
S-020042,treatment,mobile,3,0
S-020043,treatment,mobile,10,0
S-020044,control,desktop,10,0
S-020045,treatment,mobile,12,0
S-020046,control,mobile,3,0
S-020047,control,desktop,7,0
S-020048,treatment,mobile,14,0
S-020049,treatment,mobile,11,0
S-020050,treatment,mobile,3,0
S-020051,control,desktop,8,0
S-020052,control,mobile,12,0
S-020053,treatment,mobile,9,0
S-020054,treatment,mobile,10,0
S-020055,control,desktop,3,0
S-020056,treatment,mobile,5,0
S-020057,treatment,desktop,6,0
S-020058,control,desktop,7,1
S-020059,treatment,mobile,4,0
S-020060,control,desktop,8,0
S-020061,control,desktop,14,0
S-020062,control,desktop,9,0
S-020063,treatment,mobile,3,0
S-020064,treatment,desktop,10,0
S-020065,treatment,desktop,3,0
S-020066,control,mobile,14,0
S-020067,treatment,mobile,5,0
S-020068,control,desktop,8,0
S-020069,control,mobile,10,0
S-020070,treatment,mobile,12,1
S-020071,control,mobile,12,0
S-020072,treatment,mobile,4,0
S-020073,control,desktop,6,0
S-020074,control,desktop,2,1
S-020075,treatment,mobile,5,0
S-020076,treatment,mobile,12,0
S-020077,control,mobile,14,0
S-020078,treatment,mobile,10,0
S-020079,treatment,mobile,5,0
S-020080,control,desktop,4,0
S-020081,control,desktop,8,0
S-020082,control,desktop,13,0
S-020083,control,desktop,5,0
S-020084,treatment,mobile,14,0
S-020085,treatment,mobile,14,0
S-020086,treatment,mobile,5,0
S-020087,treatment,mobile,11,0
S-020088,control,desktop,9,0
S-020089,control,mobile,9,0
S-020090,treatment,mobile,10,0
S-020091,treatment,mobile,13,1
S-020092,treatment,mobile,5,0
S-020093,control,mobile,9,0
S-020094,control,desktop,7,0
S-020095,treatment,mobile,10,0
S-020096,control,desktop,4,0
S-020097,control,desktop,6,1
S-020098,treatment,mobile,1,0
S-020099,treatment,mobile,14,0
S-020100,treatment,mobile,7,0
S-020101,control,desktop,4,0
S-020102,treatment,mobile,7,0
S-020103,control,mobile,8,0
S-020104,control,desktop,9,0
S-020105,treatment,mobile,13,0
S-020106,control,desktop,1,1
S-020107,treatment,desktop,9,0
S-020108,control,desktop,13,0
S-020109,treatment,desktop,9,0
S-020110,control,desktop,1,1
S-020111,control,mobile,4,0
S-020112,control,desktop,9,0
S-020113,treatment,mobile,12,0
S-020114,treatment,mobile,12,0
S-020115,treatment,mobile,13,0
S-020116,control,desktop,4,1
S-020117,control,desktop,1,1
S-020118,control,desktop,4,1
S-020119,control,desktop,8,0
S-020120,treatment,mobile,2,0
S-020121,control,desktop,1,0
S-020122,control,desktop,4,0
S-020123,treatment,desktop,11,0
S-020124,control,desktop,13,1
S-020125,control,desktop,10,0
S-020126,control,desktop,3,0
S-020127,treatment,mobile,5,0
S-020128,treatment,mobile,13,0
S-020129,control,desktop,5,0
S-020130,control,mobile,5,0
S-020131,treatment,mobile,7,0
S-020132,control,mobile,9,1
S-020133,control,desktop,7,0
S-020134,control,desktop,5,0
S-020135,treatment,mobile,9,0
S-020136,treatment,mobile,10,0
S-020137,control,desktop,14,0
S-020138,treatment,desktop,9,0
S-020139,treatment,mobile,4,0
S-020140,control,desktop,11,1
S-020141,treatment,mobile,8,0
S-020142,control,desktop,9,0
S-020143,treatment,mobile,5,0
S-020144,treatment,mobile,10,0
S-020145,control,desktop,3,0
S-020146,treatment,mobile,4,1
S-020147,treatment,mobile,14,0
S-020148,treatment,mobile,5,0
S-020149,treatment,mobile,9,0
S-020150,control,desktop,2,0
S-020151,control,desktop,8,0
S-020152,control,desktop,7,0
S-020153,treatment,mobile,2,0
S-020154,control,mobile,5,0
S-020155,treatment,mobile,8,0
S-020156,treatment,mobile,1,0
S-020157,treatment,mobile,2,0
S-020158,treatment,desktop,12,1
S-020159,control,desktop,6,1
S-020160,control,desktop,1,0
S-020161,control,desktop,6,0
S-020162,treatment,mobile,4,0
S-020163,treatment,mobile,9,0
S-020164,treatment,desktop,9,0
S-020165,control,desktop,11,0
S-020166,treatment,mobile,5,0
S-020167,treatment,mobile,5,0
S-020168,control,desktop,9,0
S-020169,treatment,mobile,5,1
S-020170,control,desktop,14,0
S-020171,control,desktop,1,1
S-020172,treatment,desktop,13,0
S-020173,control,desktop,10,0
S-020174,control,desktop,4,0
S-020175,treatment,mobile,3,0
S-020176,control,mobile,7,0
S-020177,control,desktop,1,0
S-020178,treatment,mobile,6,0
S-020179,treatment,mobile,12,0
S-020180,control,desktop,2,0
S-020181,control,mobile,4,0
S-020182,treatment,mobile,11,0
S-020183,treatment,mobile,6,0
S-020184,treatment,mobile,8,0
S-020185,treatment,mobile,1,0
S-020186,treatment,mobile,2,0
S-020187,control,mobile,6,0
S-020188,treatment,mobile,8,0
S-020189,control,desktop,2,1
S-020190,control,desktop,13,0
S-020191,control,desktop,4,0
S-020192,treatment,mobile,8,0
S-020193,treatment,mobile,6,0
S-020194,control,desktop,7,0
S-020195,control,desktop,13,1
S-020196,treatment,mobile,12,0
S-020197,control,desktop,12,0
S-020198,control,mobile,13,0
S-020199,control,desktop,9,0
S-020200,control,desktop,11,0
S-020201,control,desktop,2,1
S-020202,treatment,mobile,8,0
S-020203,control,desktop,6,0
S-020204,control,mobile,2,0
S-020205,treatment,desktop,2,0
S-020206,treatment,mobile,2,0
S-020207,treatment,desktop,4,1
S-020208,treatment,mobile,6,0
S-020209,control,mobile,6,0
S-020210,control,mobile,4,0
S-020211,control,desktop,13,0
S-020212,control,desktop,10,0
S-020213,treatment,mobile,11,0
S-020214,treatment,mobile,1,1
S-020215,control,desktop,14,0
S-020216,control,desktop,13,0
S-020217,treatment,desktop,6,0
S-020218,treatment,mobile,6,0
S-020219,treatment,mobile,10,0
S-020220,treatment,mobile,13,0
S-020221,treatment,mobile,3,0
S-020222,control,desktop,10,0
S-020223,control,desktop,6,0
S-020224,treatment,desktop,13,0
S-020225,control,desktop,14,0
S-020226,control,desktop,11,0
S-020227,treatment,mobile,10,0
S-020228,control,desktop,7,0
S-020229,control,desktop,1,1
S-020230,control,desktop,13,1
S-020231,control,desktop,6,0
S-020232,treatment,mobile,14,0
S-020233,control,desktop,2,0
S-020234,treatment,mobile,9,0
S-020235,control,desktop,3,0
S-020236,control,desktop,11,0
S-020237,treatment,mobile,13,0
S-020238,control,desktop,4,0
S-020239,treatment,mobile,9,0
S-020240,treatment,mobile,7,0
S-020241,control,desktop,8,0
S-020242,control,desktop,10,0
S-020243,control,desktop,14,0
S-020244,treatment,mobile,11,0
S-020245,control,desktop,3,0
S-020246,control,desktop,4,0
S-020247,control,desktop,5,0
S-020248,control,desktop,1,1
S-020249,control,desktop,5,0
S-020250,control,desktop,6,0
S-020251,control,desktop,8,0
S-020252,treatment,mobile,7,0
S-020253,control,desktop,9,0
S-020254,treatment,mobile,3,0
S-020255,treatment,mobile,3,0
S-020256,treatment,mobile,6,0
S-020257,treatment,mobile,10,0
S-020258,control,desktop,7,0
S-020259,treatment,desktop,7,0
S-020260,control,desktop,1,0
S-020261,control,desktop,7,0
S-020262,control,desktop,11,0
S-020263,treatment,mobile,2,0
S-020264,treatment,mobile,6,0
S-020265,control,desktop,14,0
S-020266,treatment,mobile,13,0
S-020267,treatment,mobile,3,0
S-020268,treatment,desktop,13,0
S-020269,treatment,mobile,9,0
S-020270,treatment,mobile,12,0
S-020271,control,desktop,6,0
S-020272,treatment,mobile,14,0
S-020273,control,desktop,4,0
S-020274,treatment,mobile,2,0
S-020275,treatment,desktop,7,0
S-020276,treatment,mobile,5,1
S-020277,control,mobile,10,0
S-020278,treatment,mobile,9,0
S-020279,control,desktop,7,1
S-020280,treatment,mobile,6,0
S-020281,treatment,mobile,14,0
S-020282,treatment,mobile,2,0
S-020283,treatment,mobile,3,0
S-020284,control,desktop,8,0
S-020285,control,desktop,5,0
S-020286,treatment,mobile,7,0
S-020287,control,desktop,9,1
S-020288,control,desktop,4,0
S-020289,treatment,mobile,8,1
S-020290,control,desktop,6,0
S-020291,treatment,mobile,10,0
S-020292,treatment,mobile,5,0
S-020293,treatment,desktop,2,0
S-020294,control,desktop,8,0
S-020295,control,desktop,7,0
S-020296,control,mobile,12,0
S-020297,control,mobile,13,0
S-020298,treatment,mobile,9,1
S-020299,treatment,mobile,4,0
S-020300,treatment,mobile,5,0
S-020301,control,desktop,10,0
S-020302,control,desktop,2,1
S-020303,control,desktop,10,0
S-020304,treatment,mobile,10,0
S-020305,treatment,mobile,6,0
S-020306,control,desktop,5,0
S-020307,treatment,mobile,1,0
S-020308,control,desktop,13,1
S-020309,control,mobile,7,0
S-020310,treatment,mobile,13,0
S-020311,control,desktop,14,0
S-020312,treatment,mobile,3,0
S-020313,control,desktop,9,1
S-020314,control,mobile,3,0
S-020315,control,mobile,7,0
S-020316,treatment,mobile,7,0
S-020317,control,mobile,14,0
S-020318,treatment,desktop,13,0
S-020319,treatment,mobile,11,0
S-020320,treatment,mobile,3,0
S-020321,treatment,mobile,9,0
S-020322,control,desktop,7,0
S-020323,control,mobile,10,0
S-020324,treatment,desktop,11,1
S-020325,control,desktop,3,0
S-020326,control,mobile,7,0
S-020327,control,desktop,1,0
S-020328,control,desktop,4,0
S-020329,treatment,mobile,7,0
S-020330,control,desktop,9,0
S-020331,control,desktop,7,0
S-020332,control,desktop,11,0
S-020333,control,desktop,13,0
S-020334,treatment,mobile,7,0
S-020335,treatment,desktop,11,0
S-020336,treatment,mobile,8,0
S-020337,treatment,mobile,5,0
S-020338,control,mobile,7,0
S-020339,control,desktop,1,0
S-020340,treatment,mobile,12,0
S-020341,control,mobile,8,0
S-020342,control,desktop,1,0
S-020343,control,desktop,5,0
S-020344,control,desktop,9,0
S-020345,treatment,mobile,8,0
S-020346,control,desktop,3,0
S-020347,control,desktop,1,0
S-020348,control,desktop,12,1
S-020349,control,mobile,12,0
S-020350,control,desktop,13,1
S-020351,treatment,mobile,3,0
S-020352,treatment,mobile,12,0
S-020353,control,mobile,1,0
S-020354,control,desktop,9,0
S-020355,control,desktop,12,0
S-020356,control,desktop,10,0
S-020357,treatment,mobile,13,0
S-020358,control,desktop,14,0
S-020359,control,desktop,6,0
S-020360,control,desktop,6,0
S-020361,control,desktop,2,0
S-020362,treatment,mobile,7,0
S-020363,treatment,mobile,4,0
S-020364,control,mobile,5,0
S-020365,treatment,mobile,14,0
S-020366,control,desktop,13,0
S-020367,treatment,mobile,1,0
S-020368,control,desktop,9,1
S-020369,control,desktop,6,0
S-020370,treatment,mobile,13,0
S-020371,control,desktop,9,0
S-020372,treatment,mobile,7,0
S-020373,control,mobile,1,0
S-020374,treatment,mobile,8,0
S-020375,control,mobile,10,0
S-020376,control,desktop,2,0
S-020377,control,desktop,3,0
S-020378,treatment,mobile,7,0
S-020379,treatment,mobile,11,0
S-020380,treatment,mobile,11,0
S-020381,control,desktop,2,0
S-020382,control,desktop,9,0
S-020383,treatment,mobile,1,0
S-020384,treatment,mobile,11,0
S-020385,treatment,mobile,8,0
S-020386,control,desktop,6,1
S-020387,control,desktop,7,0
S-020388,treatment,mobile,10,0
S-020389,treatment,mobile,7,0
S-020390,control,desktop,2,1
S-020391,treatment,mobile,2,0
S-020392,control,desktop,4,0
S-020393,control,desktop,13,0
S-020394,control,desktop,14,1
S-020395,control,desktop,6,0
S-020396,control,desktop,4,0
S-020397,control,desktop,12,1
S-020398,treatment,mobile,13,0
S-020399,control,desktop,7,0
S-020400,control,desktop,2,0
S-020401,treatment,mobile,7,0
S-020402,control,desktop,11,0
S-020403,control,mobile,5,0
S-020404,control,mobile,10,0
S-020405,treatment,mobile,8,0
S-020406,control,mobile,13,0
S-020407,control,desktop,5,0
S-020408,treatment,mobile,9,0
S-020409,treatment,mobile,9,0
S-020410,control,desktop,3,0
S-020411,treatment,mobile,9,0
S-020412,control,desktop,9,0
S-020413,treatment,mobile,7,0
S-020414,control,desktop,9,1
S-020415,treatment,mobile,8,0
S-020416,control,desktop,9,1
S-020417,control,desktop,5,0
S-020418,control,desktop,6,0
S-020419,control,desktop,13,0
S-020420,control,mobile,12,0
S-020421,treatment,mobile,3,0
S-020422,treatment,mobile,4,0
S-020423,control,mobile,7,0
S-020424,treatment,mobile,3,0
S-020425,control,desktop,14,0
S-020426,control,desktop,14,0
S-020427,control,desktop,9,0
S-020428,control,desktop,9,0
S-020429,treatment,mobile,10,0
S-020430,treatment,mobile,7,0
S-020431,control,desktop,5,0
S-020432,treatment,desktop,12,0
S-020433,control,desktop,1,0
S-020434,control,desktop,11,0
S-020435,control,desktop,4,0
S-020436,control,desktop,1,0
S-020437,treatment,mobile,4,0
S-020438,treatment,desktop,10,0
S-020439,control,desktop,10,1
S-020440,control,mobile,3,0
S-020441,control,desktop,10,0
S-020442,treatment,mobile,7,0
S-020443,treatment,mobile,5,0
S-020444,treatment,mobile,1,0
S-020445,treatment,mobile,10,0
S-020446,control,desktop,6,0
S-020447,control,desktop,1,1
S-020448,treatment,mobile,11,0
S-020449,treatment,mobile,7,0
S-020450,control,desktop,4,0
S-020451,control,desktop,9,0
S-020452,treatment,mobile,11,0
S-020453,treatment,desktop,14,0
S-020454,treatment,mobile,14,0
S-020455,treatment,mobile,12,0
S-020456,treatment,mobile,10,0
S-020457,control,desktop,3,1
S-020458,control,mobile,5,0
S-020459,treatment,mobile,4,0
S-020460,treatment,desktop,8,0
S-020461,treatment,desktop,8,0
S-020462,treatment,mobile,12,0
S-020463,control,desktop,13,0
S-020464,control,desktop,7,0
S-020465,treatment,desktop,2,0
S-020466,control,mobile,5,0
S-020467,control,desktop,5,0
S-020468,treatment,mobile,9,0
S-020469,control,desktop,6,1
S-020470,control,mobile,8,0
S-020471,control,desktop,5,1
S-020472,treatment,mobile,4,0
S-020473,control,desktop,10,0
S-020474,treatment,mobile,1,0
S-020475,control,desktop,9,0
S-020476,treatment,mobile,2,0
S-020477,control,desktop,13,0
S-020478,treatment,mobile,5,0
S-020479,treatment,mobile,14,0
S-020480,treatment,desktop,3,0
S-020481,treatment,mobile,10,0
S-020482,control,desktop,3,0
S-020483,treatment,mobile,6,0
S-020484,treatment,desktop,10,1
S-020485,control,desktop,11,0
S-020486,treatment,mobile,13,0
S-020487,treatment,mobile,14,0
S-020488,control,desktop,6,0
S-020489,control,desktop,12,0
S-020490,control,desktop,11,1
S-020491,control,desktop,10,0
S-020492,control,desktop,6,0
S-020493,control,desktop,8,0
S-020494,treatment,mobile,10,0
S-020495,treatment,mobile,11,1
S-020496,control,desktop,14,0
S-020497,treatment,mobile,14,0
S-020498,control,desktop,11,1
S-020499,control,desktop,12,1
S-020500,control,desktop,14,0
S-020501,control,desktop,3,1
S-020502,treatment,mobile,10,0
S-020503,treatment,mobile,4,0
S-020504,control,mobile,7,0
S-020505,control,desktop,12,0
S-020506,control,mobile,11,0
S-020507,treatment,mobile,3,0
S-020508,control,mobile,5,1
S-020509,control,mobile,2,0
S-020510,control,desktop,6,0
S-020511,control,desktop,2,0
S-020512,treatment,mobile,4,0
S-020513,treatment,mobile,11,0
S-020514,treatment,mobile,14,0
S-020515,treatment,mobile,10,0
S-020516,control,mobile,4,0
S-020517,treatment,mobile,6,0
S-020518,control,mobile,8,0
S-020519,treatment,mobile,13,0
S-020520,control,desktop,2,1
S-020521,treatment,mobile,3,0
S-020522,treatment,mobile,9,0
S-020523,treatment,mobile,13,0
S-020524,control,desktop,5,1
S-020525,control,desktop,4,0
S-020526,control,mobile,1,0
S-020527,treatment,mobile,10,0
S-020528,control,mobile,5,1
S-020529,control,desktop,6,0
S-020530,control,desktop,12,0
S-020531,treatment,mobile,7,0
S-020532,treatment,mobile,4,0
S-020533,treatment,mobile,2,0
S-020534,control,desktop,12,0
S-020535,treatment,mobile,4,0
S-020536,treatment,mobile,4,0
S-020537,control,desktop,6,0
S-020538,treatment,mobile,2,0
S-020539,control,desktop,2,0
S-020540,control,mobile,7,0
S-020541,treatment,mobile,13,0
S-020542,control,desktop,4,0
S-020543,control,desktop,4,0
S-020544,control,desktop,4,1
S-020545,control,mobile,2,0
S-020546,treatment,desktop,10,1
S-020547,treatment,mobile,8,0
S-020548,treatment,mobile,6,0
S-020549,control,desktop,11,0
S-020550,control,desktop,12,0
S-020551,control,desktop,4,1
S-020552,control,desktop,12,0
S-020553,treatment,mobile,8,0
S-020554,treatment,mobile,9,0
S-020555,control,desktop,7,0
S-020556,control,desktop,6,0
S-020557,control,desktop,3,0
S-020558,control,desktop,10,0
S-020559,treatment,mobile,9,0
S-020560,control,desktop,5,0
S-020561,control,desktop,14,0
S-020562,control,mobile,9,1
S-020563,control,desktop,13,0
S-020564,treatment,mobile,2,0
S-020565,treatment,mobile,12,0
S-020566,control,desktop,4,1
S-020567,control,desktop,4,0
S-020568,treatment,mobile,4,0
S-020569,control,desktop,7,0
S-020570,control,desktop,10,0
S-020571,control,mobile,2,0
S-020572,control,desktop,8,0
S-020573,treatment,mobile,9,0
S-020574,control,desktop,1,0
S-020575,control,mobile,4,0
S-020576,treatment,desktop,5,1
S-020577,control,desktop,5,0
S-020578,control,desktop,9,0
S-020579,control,desktop,13,0
S-020580,control,desktop,4,0
S-020581,treatment,mobile,9,0
S-020582,control,mobile,13,0
S-020583,control,desktop,1,0
S-020584,treatment,desktop,8,0
S-020585,treatment,mobile,3,0
S-020586,treatment,mobile,1,0
S-020587,control,desktop,13,0
S-020588,control,mobile,7,0
S-020589,control,desktop,6,0
S-020590,control,desktop,10,0
S-020591,treatment,mobile,2,0
S-020592,treatment,mobile,8,0
S-020593,control,mobile,4,0
S-020594,treatment,mobile,5,0
S-020595,treatment,mobile,6,0
S-020596,control,desktop,1,0
S-020597,control,desktop,2,1
S-020598,treatment,mobile,12,0
S-020599,control,desktop,8,0
S-020600,treatment,mobile,7,0
S-020601,control,mobile,8,0
S-020602,treatment,mobile,3,0
S-020603,treatment,mobile,10,0
S-020604,treatment,mobile,2,0
S-020605,treatment,mobile,12,0
S-020606,treatment,mobile,8,0
S-020607,control,desktop,12,0
S-020608,control,desktop,12,0
S-020609,treatment,mobile,11,0
S-020610,control,desktop,9,1
S-020611,control,desktop,7,0
S-020612,control,desktop,10,0
S-020613,control,mobile,3,1
S-020614,treatment,mobile,5,0
S-020615,control,mobile,14,0
S-020616,control,mobile,11,0
S-020617,control,mobile,13,0
S-020618,control,desktop,9,0
S-020619,control,mobile,9,0
S-020620,control,desktop,10,0
S-020621,treatment,mobile,10,0
S-020622,treatment,mobile,3,0
S-020623,treatment,mobile,4,0
S-020624,treatment,mobile,5,0
S-020625,treatment,mobile,3,0
S-020626,control,desktop,9,0
S-020627,control,desktop,8,1
S-020628,treatment,mobile,7,0
S-020629,treatment,mobile,3,0
S-020630,control,mobile,2,0
S-020631,control,desktop,10,0
S-020632,treatment,mobile,11,0
S-020633,treatment,mobile,11,0
S-020634,treatment,mobile,1,0
S-020635,control,desktop,14,1
S-020636,control,desktop,11,0
S-020637,treatment,desktop,7,0
S-020638,treatment,mobile,4,0
S-020639,control,mobile,5,0
S-020640,control,desktop,2,0
S-020641,treatment,mobile,2,0
S-020642,control,desktop,3,0
S-020643,control,desktop,1,0
S-020644,control,desktop,8,0
S-020645,treatment,mobile,3,0
S-020646,treatment,mobile,3,0
S-020647,control,desktop,2,0
S-020648,control,desktop,8,0
S-020649,treatment,mobile,6,0
S-020650,treatment,mobile,12,0
S-020651,control,mobile,7,0
S-020652,treatment,mobile,13,0
S-020653,control,desktop,4,0
S-020654,treatment,mobile,3,0
S-020655,control,desktop,6,0
S-020656,treatment,mobile,1,0
S-020657,treatment,mobile,10,0
S-020658,control,desktop,8,0
S-020659,control,desktop,3,0
S-020660,treatment,mobile,9,0
S-020661,treatment,mobile,12,0
S-020662,control,desktop,2,0
S-020663,treatment,mobile,4,0
S-020664,control,desktop,14,0
S-020665,control,desktop,3,0
S-020666,treatment,mobile,9,0
S-020667,control,desktop,14,0
S-020668,treatment,mobile,1,0
S-020669,control,desktop,6,0
S-020670,control,desktop,5,0
S-020671,control,mobile,3,0
S-020672,treatment,mobile,2,0
S-020673,control,desktop,1,0
S-020674,treatment,mobile,11,0
S-020675,control,mobile,8,0
S-020676,control,mobile,3,0
S-020677,treatment,mobile,7,0
S-020678,treatment,mobile,14,0
S-020679,control,desktop,9,0
S-020680,control,mobile,14,0
S-020681,treatment,mobile,4,0
S-020682,treatment,mobile,11,0
S-020683,control,desktop,6,0
S-020684,treatment,mobile,10,0
S-020685,control,desktop,13,0
S-020686,control,desktop,5,0
S-020687,treatment,mobile,1,0
S-020688,control,desktop,12,1
S-020689,treatment,mobile,1,0
S-020690,treatment,mobile,9,0
S-020691,treatment,mobile,7,0
S-020692,treatment,desktop,12,0
S-020693,treatment,mobile,5,0
S-020694,control,desktop,3,0
S-020695,control,desktop,1,0
S-020696,treatment,mobile,7,1
S-020697,treatment,desktop,2,0
S-020698,control,mobile,9,0
S-020699,treatment,mobile,4,0
S-020700,treatment,desktop,9,0
S-020701,control,desktop,11,1
S-020702,control,desktop,14,0
S-020703,control,desktop,5,0
S-020704,treatment,desktop,2,0
S-020705,treatment,desktop,5,1
S-020706,treatment,mobile,5,0
S-020707,treatment,mobile,11,0
S-020708,control,desktop,7,1
S-020709,control,desktop,7,0
S-020710,treatment,mobile,11,0
S-020711,treatment,mobile,11,0
S-020712,treatment,desktop,6,0
S-020713,control,mobile,8,0
S-020714,treatment,mobile,5,0
S-020715,treatment,mobile,3,0
S-020716,control,desktop,10,0
S-020717,treatment,mobile,2,0
S-020718,treatment,mobile,11,0
S-020719,control,mobile,10,0
S-020720,control,mobile,2,0
S-020721,treatment,mobile,14,0
S-020722,control,desktop,5,1
S-020723,treatment,desktop,13,0
S-020724,control,mobile,12,0
S-020725,control,desktop,12,0
S-020726,treatment,mobile,6,0
S-020727,treatment,mobile,7,0
S-020728,treatment,mobile,3,0
S-020729,treatment,mobile,5,0
S-020730,control,desktop,3,0
S-020731,control,mobile,2,0
S-020732,control,desktop,9,1
S-020733,control,mobile,7,0
S-020734,treatment,mobile,9,0
S-020735,control,mobile,6,1
S-020736,treatment,mobile,3,0
S-020737,treatment,mobile,4,0
S-020738,treatment,mobile,1,0
S-020739,treatment,mobile,2,0
S-020740,treatment,mobile,8,0
S-020741,treatment,mobile,10,0
S-020742,treatment,desktop,4,0
S-020743,treatment,mobile,2,0
S-020744,treatment,mobile,12,0
S-020745,treatment,mobile,1,0
S-020746,treatment,mobile,8,0
S-020747,control,desktop,1,0
S-020748,treatment,mobile,7,0
S-020749,treatment,mobile,6,0
S-020750,control,desktop,13,0
S-020751,treatment,desktop,9,0
S-020752,control,desktop,14,0
S-020753,treatment,mobile,14,0
S-020754,treatment,desktop,9,0
S-020755,treatment,desktop,9,0
S-020756,control,desktop,5,0
S-020757,treatment,mobile,14,0
S-020758,treatment,desktop,2,0
S-020759,control,desktop,9,0
S-020760,treatment,mobile,3,0
S-020761,treatment,mobile,7,0
S-020762,treatment,mobile,9,0
S-020763,control,mobile,9,0
S-020764,treatment,mobile,14,0
S-020765,control,desktop,2,0
S-020766,treatment,desktop,3,1
S-020767,treatment,desktop,8,0
S-020768,treatment,mobile,5,0
S-020769,treatment,mobile,5,0
S-020770,treatment,mobile,6,0
S-020771,control,desktop,5,0
S-020772,treatment,mobile,2,0
S-020773,treatment,mobile,12,0
S-020774,treatment,mobile,8,0
S-020775,treatment,mobile,7,0
S-020776,treatment,desktop,14,0
S-020777,treatment,mobile,8,0
S-020778,control,desktop,14,0
S-020779,treatment,mobile,2,0
S-020780,control,desktop,8,0
S-020781,control,desktop,4,0
S-020782,treatment,mobile,7,0
S-020783,control,mobile,12,0
S-020784,treatment,desktop,14,0
S-020785,treatment,mobile,3,0
S-020786,control,desktop,4,0
S-020787,control,desktop,2,0
S-020788,control,desktop,14,0
S-020789,treatment,mobile,2,0
S-020790,control,mobile,10,0
S-020791,control,desktop,7,0
S-020792,treatment,mobile,12,0
S-020793,treatment,mobile,5,0
S-020794,control,desktop,8,1
S-020795,treatment,desktop,3,0
S-020796,control,desktop,1,0
S-020797,treatment,desktop,14,0
S-020798,control,desktop,6,1
S-020799,control,desktop,3,0
S-020800,control,desktop,2,0
S-020801,treatment,mobile,3,0
S-020802,control,desktop,9,0
S-020803,treatment,mobile,8,0
S-020804,control,mobile,5,0
S-020805,treatment,mobile,1,0
S-020806,control,desktop,2,0
S-020807,control,mobile,3,0
S-020808,treatment,mobile,6,0
S-020809,control,desktop,1,0
S-020810,control,desktop,9,0
S-020811,control,desktop,2,0
S-020812,control,mobile,14,0
S-020813,treatment,mobile,13,0
S-020814,treatment,mobile,14,0
S-020815,treatment,desktop,14,0
S-020816,control,mobile,13,0
S-020817,treatment,mobile,13,0
S-020818,treatment,mobile,9,0
S-020819,control,desktop,5,0
S-020820,treatment,mobile,5,0
S-020821,treatment,mobile,6,0
S-020822,control,desktop,6,1
S-020823,treatment,mobile,11,1
S-020824,treatment,mobile,11,0
S-020825,treatment,mobile,5,0
S-020826,control,mobile,5,0
S-020827,control,desktop,11,0
S-020828,control,desktop,3,0
S-020829,control,desktop,2,0
S-020830,control,desktop,14,1
S-020831,treatment,mobile,2,0
S-020832,control,desktop,11,0
S-020833,treatment,mobile,2,0
S-020834,control,desktop,1,0
S-020835,control,desktop,9,0
S-020836,treatment,mobile,13,0
S-020837,treatment,mobile,6,0
S-020838,treatment,mobile,12,0
S-020839,treatment,mobile,7,0
S-020840,treatment,desktop,6,1
S-020841,control,desktop,2,1
S-020842,control,desktop,9,0
S-020843,control,desktop,2,0
S-020844,control,mobile,7,0
S-020845,treatment,mobile,2,0
S-020846,treatment,desktop,4,0
S-020847,treatment,mobile,12,0
S-020848,treatment,mobile,14,0
S-020849,control,mobile,2,0
S-020850,treatment,desktop,12,0
S-020851,treatment,desktop,11,0
S-020852,treatment,mobile,6,0
S-020853,treatment,mobile,8,0
S-020854,control,mobile,7,0
S-020855,treatment,mobile,11,0
S-020856,control,mobile,2,0
S-020857,treatment,mobile,13,0
S-020858,treatment,mobile,14,0
S-020859,treatment,mobile,7,0
S-020860,control,mobile,6,0
S-020861,control,desktop,1,1
S-020862,control,desktop,2,0
S-020863,control,desktop,6,1
S-020864,control,desktop,8,0
S-020865,control,desktop,12,0
S-020866,treatment,mobile,12,0
S-020867,control,desktop,10,0
S-020868,treatment,mobile,13,0
S-020869,control,desktop,13,0
S-020870,control,desktop,11,0
S-020871,control,mobile,7,0
S-020872,treatment,mobile,1,0
S-020873,treatment,mobile,3,0
S-020874,control,desktop,10,0
S-020875,treatment,mobile,14,0
S-020876,control,desktop,2,1
S-020877,control,mobile,14,0
S-020878,control,desktop,1,0
S-020879,treatment,mobile,1,0
S-020880,control,mobile,12,0
S-020881,control,desktop,4,0
S-020882,treatment,desktop,12,0
S-020883,control,desktop,13,0
S-020884,control,desktop,4,0
S-020885,treatment,mobile,11,0
S-020886,control,desktop,1,0
S-020887,control,desktop,13,0
S-020888,treatment,mobile,8,0
S-020889,control,desktop,10,0
S-020890,control,desktop,11,0
S-020891,treatment,mobile,13,0
S-020892,control,mobile,1,0
S-020893,treatment,desktop,2,1
S-020894,treatment,mobile,10,0
S-020895,treatment,mobile,13,0
S-020896,control,desktop,12,1
S-020897,treatment,mobile,5,0
S-020898,treatment,mobile,7,0
S-020899,treatment,mobile,13,1
S-020900,control,mobile,1,0
S-020901,control,desktop,4,0
S-020902,treatment,mobile,13,0
S-020903,treatment,mobile,2,0
S-020904,control,desktop,14,0
S-020905,control,mobile,13,1
S-020906,control,desktop,4,0
S-020907,control,desktop,9,0
S-020908,control,desktop,1,1
S-020909,treatment,mobile,13,0
S-020910,treatment,desktop,3,0
S-020911,treatment,mobile,6,0
S-020912,treatment,mobile,14,0
S-020913,treatment,mobile,2,0
S-020914,control,mobile,7,0
S-020915,control,desktop,13,0
S-020916,control,desktop,12,0
S-020917,control,desktop,11,1
S-020918,treatment,desktop,1,0
S-020919,control,desktop,5,0
S-020920,treatment,mobile,10,0
S-020921,treatment,mobile,7,0
S-020922,treatment,mobile,3,0
S-020923,control,mobile,10,0
S-020924,control,desktop,9,0
S-020925,control,desktop,14,0
S-020926,control,desktop,5,0
S-020927,treatment,mobile,13,0
S-020928,control,desktop,11,0
S-020929,treatment,mobile,4,0
S-020930,treatment,mobile,4,0
S-020931,control,desktop,8,0
S-020932,treatment,mobile,4,1
S-020933,control,desktop,3,0
S-020934,control,mobile,1,0
S-020935,control,mobile,13,0
S-020936,control,desktop,9,0
S-020937,treatment,mobile,1,0
S-020938,control,desktop,5,1
S-020939,treatment,desktop,12,1
S-020940,control,desktop,1,0
S-020941,treatment,mobile,13,0
S-020942,control,desktop,3,0
S-020943,treatment,mobile,9,1
S-020944,treatment,mobile,6,0
S-020945,control,desktop,12,0
S-020946,treatment,mobile,4,0
S-020947,control,mobile,13,0
S-020948,control,desktop,4,1
S-020949,treatment,mobile,12,0
S-020950,control,desktop,9,0
S-020951,treatment,desktop,10,0
S-020952,treatment,mobile,1,0
S-020953,treatment,desktop,11,0
S-020954,treatment,mobile,5,0
S-020955,treatment,desktop,4,0
S-020956,control,desktop,3,0
S-020957,treatment,mobile,12,0
S-020958,treatment,mobile,3,0
S-020959,control,desktop,10,0
S-020960,control,desktop,1,1
S-020961,control,desktop,13,1
S-020962,treatment,mobile,2,0
S-020963,treatment,desktop,6,0
S-020964,control,mobile,2,0
S-020965,treatment,desktop,9,0
S-020966,control,mobile,14,0
S-020967,treatment,mobile,8,0
S-020968,treatment,mobile,14,0
S-020969,treatment,desktop,2,0
S-020970,control,desktop,8,1
S-020971,treatment,desktop,2,0
S-020972,treatment,desktop,4,0
S-020973,treatment,mobile,11,0
S-020974,treatment,mobile,12,0
S-020975,treatment,mobile,4,0
S-020976,treatment,mobile,12,0
S-020977,treatment,mobile,5,0
S-020978,control,desktop,1,0
S-020979,treatment,mobile,10,0
S-020980,treatment,mobile,12,0
S-020981,control,desktop,5,0
S-020982,treatment,mobile,13,0
S-020983,treatment,mobile,12,0
S-020984,control,desktop,9,0
S-020985,control,desktop,12,1
S-020986,treatment,mobile,14,0
S-020987,treatment,mobile,12,0
S-020988,control,desktop,5,0
S-020989,control,mobile,4,0
S-020990,treatment,mobile,7,0
S-020991,treatment,mobile,9,0
S-020992,control,mobile,3,0
S-020993,treatment,mobile,4,0
S-020994,treatment,mobile,6,0
S-020995,control,desktop,7,0
S-020996,treatment,mobile,14,0
S-020997,treatment,mobile,13,0
S-020998,treatment,mobile,10,0
S-020999,treatment,mobile,5,0
S-021000,treatment,mobile,7,0
S-021001,treatment,mobile,8,0
S-021002,treatment,mobile,2,0
S-021003,control,desktop,9,0
S-021004,control,desktop,11,1
S-021005,control,mobile,11,0
S-021006,control,desktop,7,0
S-021007,control,desktop,12,0
S-021008,treatment,mobile,4,0
S-021009,control,mobile,2,0
S-021010,treatment,mobile,2,0
S-021011,control,desktop,9,1
S-021012,treatment,mobile,13,0
S-021013,control,desktop,12,1
S-021014,treatment,mobile,3,0
S-021015,treatment,mobile,4,1
S-021016,control,desktop,8,1
S-021017,control,desktop,4,0
S-021018,treatment,mobile,13,0
S-021019,control,desktop,13,0
S-021020,control,desktop,6,1
S-021021,treatment,mobile,14,0
S-021022,treatment,mobile,7,0
S-021023,control,desktop,5,0
S-021024,control,desktop,14,0
S-021025,treatment,mobile,12,1
S-021026,treatment,mobile,13,0
S-021027,control,desktop,14,0
S-021028,treatment,mobile,5,0
S-021029,control,desktop,9,0
S-021030,treatment,mobile,8,0
S-021031,control,desktop,3,0
S-021032,treatment,mobile,1,0
S-021033,treatment,mobile,10,0
S-021034,treatment,mobile,13,0
S-021035,treatment,mobile,8,0
S-021036,treatment,mobile,7,0
S-021037,control,desktop,2,0
S-021038,control,desktop,1,0
S-021039,control,mobile,5,0
S-021040,control,desktop,5,0
S-021041,treatment,mobile,14,0
S-021042,treatment,mobile,7,0
S-021043,treatment,mobile,9,0
S-021044,treatment,mobile,4,0
S-021045,control,desktop,6,0
S-021046,control,mobile,4,0
S-021047,control,desktop,4,1
S-021048,treatment,mobile,3,0
S-021049,control,mobile,14,0
S-021050,treatment,mobile,11,0
S-021051,control,desktop,4,1
S-021052,treatment,mobile,7,0
S-021053,control,desktop,14,1
S-021054,treatment,mobile,6,0
S-021055,treatment,mobile,6,0
S-021056,treatment,desktop,3,0
S-021057,control,desktop,1,0
S-021058,control,desktop,10,1
S-021059,treatment,mobile,12,0
S-021060,control,mobile,10,0
S-021061,control,mobile,13,0
S-021062,control,desktop,6,0
S-021063,treatment,mobile,8,0
S-021064,control,desktop,9,0
S-021065,treatment,mobile,2,0
S-021066,treatment,desktop,3,0
S-021067,treatment,mobile,1,0
S-021068,treatment,mobile,10,0
S-021069,control,desktop,3,0
S-021070,control,desktop,5,0
S-021071,control,desktop,5,0
S-021072,control,desktop,14,0
S-021073,control,desktop,11,0
S-021074,treatment,desktop,11,0
S-021075,treatment,mobile,8,0
S-021076,treatment,mobile,14,0
S-021077,control,desktop,9,0
S-021078,control,desktop,11,0
S-021079,control,desktop,12,0
S-021080,control,desktop,1,0
S-021081,control,mobile,3,0
S-021082,treatment,desktop,13,1
S-021083,control,desktop,3,0
S-021084,control,desktop,13,0
S-021085,control,desktop,14,0
S-021086,treatment,desktop,3,0
S-021087,treatment,mobile,11,0
S-021088,control,desktop,12,0
S-021089,control,desktop,4,1
S-021090,treatment,mobile,10,0
S-021091,control,desktop,10,0
S-021092,control,desktop,9,0
S-021093,control,desktop,12,0
S-021094,control,desktop,11,0
S-021095,treatment,mobile,2,0
S-021096,treatment,mobile,5,0
S-021097,control,desktop,9,0
S-021098,treatment,mobile,9,0
S-021099,control,desktop,6,0
S-021100,treatment,mobile,11,0
S-021101,control,desktop,13,1
S-021102,treatment,mobile,5,0
S-021103,control,desktop,9,1
S-021104,treatment,mobile,8,0
S-021105,treatment,mobile,14,0
S-021106,control,desktop,5,0
S-021107,treatment,mobile,12,0
S-021108,treatment,mobile,5,0
S-021109,control,desktop,6,1
S-021110,treatment,mobile,5,0
S-021111,treatment,mobile,7,0
S-021112,treatment,mobile,10,0
S-021113,treatment,mobile,14,0
S-021114,treatment,mobile,12,0
S-021115,treatment,mobile,4,0
S-021116,treatment,desktop,11,0
S-021117,control,mobile,9,0
S-021118,control,desktop,5,0
S-021119,treatment,desktop,3,0
S-021120,treatment,mobile,14,1
S-021121,control,desktop,9,0
S-021122,control,desktop,14,0
S-021123,control,desktop,2,0
S-021124,treatment,mobile,4,0
S-021125,treatment,mobile,1,0
S-021126,control,desktop,1,0
S-021127,treatment,mobile,2,0
S-021128,control,desktop,10,1
S-021129,treatment,mobile,11,0
S-021130,treatment,mobile,3,0
S-021131,control,desktop,5,0
S-021132,control,mobile,10,0
S-021133,control,mobile,1,0
S-021134,treatment,mobile,4,0
S-021135,control,desktop,6,0
S-021136,treatment,mobile,8,0
S-021137,treatment,mobile,13,0
S-021138,treatment,desktop,8,0
S-021139,treatment,mobile,3,0
S-021140,treatment,mobile,13,0
S-021141,control,desktop,5,0
S-021142,control,desktop,2,0
S-021143,control,desktop,14,0
S-021144,treatment,mobile,6,0
S-021145,treatment,mobile,13,0
S-021146,treatment,desktop,13,1
S-021147,treatment,mobile,13,0
S-021148,treatment,mobile,6,0
S-021149,treatment,mobile,9,0
S-021150,control,desktop,7,0
S-021151,treatment,mobile,6,0
S-021152,treatment,desktop,6,0
S-021153,treatment,mobile,10,0
S-021154,treatment,mobile,1,1
S-021155,control,desktop,14,0
S-021156,treatment,mobile,7,0
S-021157,control,mobile,3,0
S-021158,control,desktop,5,0
S-021159,treatment,mobile,2,0
S-021160,treatment,mobile,1,0
S-021161,treatment,mobile,4,0
S-021162,control,desktop,11,0
S-021163,treatment,mobile,12,0
S-021164,treatment,mobile,2,0
S-021165,control,mobile,10,0
S-021166,treatment,mobile,1,0
S-021167,control,desktop,10,0
S-021168,control,desktop,13,0
S-021169,treatment,mobile,10,0
S-021170,control,desktop,4,0
S-021171,control,desktop,6,1
S-021172,control,desktop,12,1
S-021173,control,desktop,4,0
S-021174,control,desktop,7,0
S-021175,control,desktop,10,0
S-021176,control,desktop,14,0
S-021177,treatment,mobile,7,0
S-021178,control,mobile,11,0
S-021179,control,desktop,2,0
S-021180,control,desktop,11,1
S-021181,control,mobile,4,0
S-021182,control,desktop,9,0
S-021183,control,desktop,6,0
S-021184,treatment,mobile,3,0
S-021185,control,mobile,5,0
S-021186,treatment,mobile,2,0
S-021187,control,desktop,8,0
S-021188,control,desktop,8,1
S-021189,control,desktop,11,0
S-021190,treatment,mobile,13,0
S-021191,control,desktop,13,0
S-021192,control,desktop,10,0
S-021193,control,mobile,12,0
S-021194,treatment,mobile,7,0
S-021195,control,desktop,13,0
S-021196,treatment,mobile,8,0
S-021197,control,mobile,3,0
S-021198,treatment,mobile,6,0
S-021199,control,desktop,13,0
S-021200,treatment,mobile,6,0
S-021201,treatment,mobile,7,0
S-021202,control,desktop,14,0
S-021203,control,desktop,12,0
S-021204,control,desktop,3,0
S-021205,treatment,mobile,8,0
S-021206,treatment,mobile,11,0
S-021207,control,mobile,14,0
S-021208,treatment,mobile,3,0
S-021209,treatment,mobile,6,0
S-021210,control,mobile,9,0
S-021211,control,desktop,1,0
S-021212,treatment,desktop,9,0
S-021213,control,desktop,13,0
S-021214,control,desktop,5,0
S-021215,treatment,mobile,14,0
S-021216,treatment,mobile,7,0
S-021217,control,desktop,5,0
S-021218,treatment,mobile,14,0
S-021219,control,desktop,10,0
S-021220,control,desktop,12,0
S-021221,control,desktop,13,0
S-021222,control,desktop,8,0
S-021223,treatment,desktop,7,0
S-021224,control,desktop,9,0
S-021225,treatment,mobile,9,0
S-021226,treatment,mobile,13,0
S-021227,treatment,mobile,10,0
S-021228,treatment,mobile,3,0
S-021229,treatment,mobile,12,0
S-021230,treatment,desktop,13,0
S-021231,treatment,mobile,13,0
S-021232,treatment,mobile,9,0
S-021233,treatment,mobile,5,0
S-021234,treatment,mobile,6,0
S-021235,treatment,mobile,9,0
S-021236,treatment,mobile,9,0
S-021237,control,desktop,2,1
S-021238,control,desktop,8,0
S-021239,control,desktop,4,0
S-021240,treatment,mobile,2,0
S-021241,treatment,mobile,13,0
S-021242,control,desktop,1,0
S-021243,control,desktop,13,0
S-021244,control,desktop,13,0
S-021245,control,desktop,3,0
S-021246,control,desktop,14,0
S-021247,treatment,mobile,4,0
S-021248,treatment,mobile,14,0
S-021249,treatment,mobile,2,0
S-021250,control,desktop,7,0
S-021251,treatment,mobile,12,0
S-021252,treatment,desktop,2,1
S-021253,control,desktop,10,0
S-021254,control,desktop,14,0
S-021255,control,desktop,3,0
S-021256,control,mobile,3,0
S-021257,control,desktop,3,0
S-021258,control,desktop,10,1
S-021259,control,desktop,3,0
S-021260,treatment,desktop,8,0
S-021261,treatment,desktop,8,0
S-021262,treatment,mobile,1,0
S-021263,control,desktop,14,0
S-021264,treatment,mobile,9,0
S-021265,control,desktop,10,0
S-021266,treatment,mobile,1,0
S-021267,control,mobile,10,0
S-021268,control,mobile,6,1
S-021269,control,desktop,11,0
S-021270,treatment,mobile,14,0
S-021271,control,mobile,7,0
S-021272,treatment,mobile,9,0
S-021273,control,desktop,2,0
S-021274,treatment,mobile,7,0
S-021275,control,desktop,6,0
S-021276,control,mobile,12,0
S-021277,control,mobile,8,0
S-021278,treatment,desktop,13,1
S-021279,control,desktop,9,0
S-021280,control,desktop,6,0
S-021281,control,mobile,2,0
S-021282,control,desktop,2,0
S-021283,treatment,mobile,7,0
S-021284,control,desktop,13,0
S-021285,treatment,mobile,11,0
S-021286,control,desktop,14,0
S-021287,treatment,mobile,8,0
S-021288,control,desktop,7,0
S-021289,treatment,desktop,10,0
S-021290,control,mobile,1,0
S-021291,control,desktop,8,0
S-021292,control,mobile,10,0
S-021293,treatment,mobile,6,0
S-021294,control,desktop,4,0
S-021295,treatment,mobile,14,0
S-021296,treatment,mobile,12,0
S-021297,treatment,mobile,14,0
S-021298,treatment,desktop,5,0
S-021299,treatment,mobile,7,0
S-021300,treatment,mobile,13,0
S-021301,treatment,desktop,6,0
S-021302,treatment,mobile,11,0
S-021303,control,desktop,11,0
S-021304,treatment,mobile,2,0
S-021305,control,desktop,13,0
S-021306,control,desktop,9,0
S-021307,control,desktop,1,1
S-021308,treatment,mobile,8,0
S-021309,treatment,mobile,2,0
S-021310,treatment,mobile,8,0
S-021311,treatment,mobile,9,0
S-021312,control,mobile,14,0
S-021313,treatment,mobile,5,0
S-021314,treatment,mobile,8,0
S-021315,control,desktop,1,0
S-021316,treatment,mobile,11,0
S-021317,treatment,mobile,8,0
S-021318,treatment,mobile,5,0
S-021319,treatment,desktop,14,0
S-021320,treatment,mobile,14,0
S-021321,treatment,mobile,7,1
S-021322,control,desktop,5,0
S-021323,treatment,mobile,13,0
S-021324,treatment,mobile,9,0
S-021325,treatment,desktop,10,0
S-021326,treatment,mobile,14,0
S-021327,control,desktop,13,0
S-021328,treatment,mobile,1,0
S-021329,control,desktop,5,0
S-021330,control,desktop,8,1
S-021331,control,desktop,4,0
S-021332,treatment,mobile,1,0
S-021333,treatment,desktop,8,0
S-021334,treatment,mobile,8,0
S-021335,treatment,mobile,10,0
S-021336,treatment,desktop,7,0
S-021337,treatment,mobile,2,0
S-021338,treatment,desktop,10,0
S-021339,treatment,mobile,11,0
S-021340,treatment,mobile,7,1
S-021341,treatment,mobile,1,0
S-021342,control,mobile,5,0
S-021343,control,desktop,8,0
S-021344,control,desktop,14,0
S-021345,control,desktop,12,0
S-021346,control,desktop,7,0
S-021347,control,desktop,3,0
S-021348,treatment,mobile,4,0
S-021349,control,desktop,8,0
S-021350,treatment,mobile,13,0
S-021351,control,desktop,1,0
S-021352,treatment,mobile,10,0
S-021353,treatment,desktop,7,0
S-021354,treatment,mobile,1,0
S-021355,control,mobile,2,1
S-021356,control,mobile,6,0
S-021357,control,desktop,13,0
S-021358,treatment,desktop,2,1
S-021359,control,mobile,4,0
S-021360,control,desktop,11,0
S-021361,control,mobile,10,0
S-021362,control,desktop,14,0
S-021363,treatment,mobile,10,0
S-021364,control,mobile,4,0
S-021365,control,desktop,12,0
S-021366,control,desktop,14,0
S-021367,treatment,mobile,7,0
S-021368,treatment,mobile,1,0
S-021369,control,mobile,3,0
S-021370,treatment,mobile,5,0
S-021371,treatment,mobile,8,0
S-021372,control,desktop,7,0
S-021373,treatment,mobile,10,0
S-021374,treatment,mobile,1,0
S-021375,control,mobile,14,0
S-021376,treatment,mobile,6,0
S-021377,control,desktop,7,0
S-021378,control,mobile,3,0
S-021379,treatment,desktop,8,0
S-021380,treatment,mobile,10,0
S-021381,treatment,mobile,14,0
S-021382,treatment,mobile,5,0
S-021383,control,mobile,7,0
S-021384,control,desktop,6,0
S-021385,control,desktop,1,0
S-021386,treatment,mobile,4,0
S-021387,treatment,mobile,1,0
S-021388,control,desktop,4,0
S-021389,treatment,mobile,12,0
S-021390,control,mobile,8,0
S-021391,control,desktop,6,0
S-021392,control,mobile,1,0
S-021393,control,desktop,9,0
S-021394,control,desktop,9,0
S-021395,control,desktop,5,0
S-021396,treatment,mobile,12,0
S-021397,treatment,mobile,7,0
S-021398,treatment,desktop,2,0
S-021399,control,desktop,14,0
S-021400,control,mobile,14,0
S-021401,control,desktop,7,0
S-021402,control,desktop,1,0
S-021403,control,desktop,6,0
S-021404,treatment,mobile,1,0
S-021405,treatment,mobile,12,0
S-021406,control,desktop,2,0
S-021407,control,desktop,12,0
S-021408,treatment,mobile,7,0
S-021409,control,mobile,7,0
S-021410,treatment,mobile,5,0
S-021411,control,desktop,7,0
S-021412,treatment,mobile,12,1
S-021413,control,mobile,5,0
S-021414,treatment,mobile,11,0
S-021415,treatment,mobile,9,0
S-021416,treatment,mobile,13,0
S-021417,control,mobile,3,0
S-021418,treatment,mobile,10,0
S-021419,control,desktop,12,0
S-021420,control,desktop,6,0
S-021421,treatment,mobile,7,0
S-021422,control,desktop,8,0
S-021423,control,desktop,10,0
S-021424,control,desktop,11,1
S-021425,treatment,mobile,11,0
S-021426,control,desktop,5,0
S-021427,control,mobile,12,0
S-021428,treatment,mobile,14,0
S-021429,control,mobile,3,0
S-021430,control,desktop,2,1
S-021431,treatment,mobile,8,0
S-021432,treatment,mobile,1,0
S-021433,treatment,mobile,9,0
S-021434,control,desktop,9,0
S-021435,treatment,mobile,11,0
S-021436,control,mobile,5,0
S-021437,treatment,mobile,13,0
S-021438,control,desktop,7,0
S-021439,control,mobile,4,0
S-021440,control,desktop,5,0
S-021441,control,desktop,3,0
S-021442,control,desktop,10,0
S-021443,treatment,mobile,12,0
S-021444,control,desktop,10,0
S-021445,control,desktop,10,0
S-021446,control,desktop,7,0
S-021447,control,desktop,5,1
S-021448,treatment,mobile,3,0
S-021449,control,desktop,4,0
S-021450,control,desktop,13,0
S-021451,treatment,mobile,2,0
S-021452,treatment,mobile,4,0
S-021453,treatment,mobile,2,0
S-021454,treatment,mobile,10,0
S-021455,control,desktop,12,0
S-021456,treatment,mobile,13,0
S-021457,control,desktop,8,0
S-021458,control,desktop,9,0
S-021459,control,mobile,13,0
S-021460,control,mobile,14,0
S-021461,control,desktop,1,0
S-021462,control,desktop,9,0
S-021463,control,desktop,7,0
S-021464,treatment,mobile,14,0
S-021465,control,desktop,6,0
S-021466,treatment,mobile,11,0
S-021467,control,desktop,14,0
S-021468,control,desktop,11,0
S-021469,treatment,mobile,11,0
S-021470,treatment,mobile,2,0
S-021471,treatment,mobile,5,0
S-021472,treatment,desktop,12,0
S-021473,treatment,mobile,2,0
S-021474,control,mobile,5,0
S-021475,treatment,mobile,9,0
S-021476,control,desktop,8,1
S-021477,treatment,mobile,7,0
S-021478,treatment,mobile,5,0
S-021479,control,desktop,7,0
S-021480,control,desktop,6,1
S-021481,control,mobile,1,0
S-021482,treatment,mobile,8,0
S-021483,control,desktop,10,0
S-021484,control,desktop,1,0
S-021485,control,desktop,1,0
S-021486,treatment,mobile,7,0
S-021487,treatment,mobile,3,0
S-021488,control,desktop,13,0
S-021489,control,mobile,9,0
S-021490,treatment,mobile,1,0
S-021491,treatment,mobile,13,0
S-021492,control,desktop,2,0
S-021493,control,desktop,4,1
S-021494,control,mobile,10,0
S-021495,control,mobile,1,0
S-021496,control,desktop,13,1
S-021497,control,mobile,12,0
S-021498,treatment,desktop,4,1
S-021499,control,desktop,6,0
S-021500,treatment,mobile,5,0
S-021501,control,mobile,6,0
S-021502,control,desktop,2,0
S-021503,treatment,mobile,10,0
S-021504,control,desktop,5,0
S-021505,treatment,mobile,13,0
S-021506,control,desktop,3,0
S-021507,control,desktop,4,0
S-021508,control,desktop,6,0
S-021509,treatment,mobile,5,0
S-021510,control,mobile,10,0
S-021511,control,mobile,8,0
S-021512,control,desktop,8,0
S-021513,treatment,desktop,12,0
S-021514,control,mobile,2,0
S-021515,control,mobile,4,0
S-021516,control,desktop,12,0
S-021517,control,desktop,8,0
S-021518,treatment,mobile,1,0
S-021519,control,desktop,3,0
S-021520,treatment,mobile,9,0
S-021521,treatment,mobile,10,0
S-021522,treatment,mobile,11,0
S-021523,control,desktop,11,0
S-021524,control,desktop,10,0
S-021525,treatment,mobile,12,0
S-021526,control,mobile,14,0
S-021527,control,desktop,9,0
S-021528,control,desktop,7,0
S-021529,treatment,mobile,7,0
S-021530,treatment,mobile,7,0
S-021531,treatment,mobile,7,0
S-021532,treatment,mobile,6,0
S-021533,treatment,mobile,3,0
S-021534,control,desktop,2,0
S-021535,treatment,mobile,4,0
S-021536,control,mobile,7,0
S-021537,control,desktop,10,0
S-021538,treatment,mobile,3,0
S-021539,control,desktop,12,0
S-021540,control,desktop,8,0
S-021541,treatment,desktop,9,0
S-021542,treatment,desktop,10,0
S-021543,treatment,mobile,2,0
S-021544,treatment,mobile,7,0
S-021545,treatment,mobile,8,0
S-021546,control,desktop,10,0
S-021547,treatment,mobile,13,0
S-021548,treatment,mobile,5,0
S-021549,treatment,mobile,13,0
S-021550,treatment,mobile,13,1
S-021551,control,desktop,3,1
S-021552,treatment,mobile,10,0
S-021553,treatment,mobile,2,0
S-021554,treatment,mobile,13,0
S-021555,control,desktop,10,0
S-021556,control,desktop,10,0
S-021557,control,desktop,4,0
S-021558,control,desktop,6,0
S-021559,control,desktop,4,0
S-021560,control,desktop,3,0
S-021561,treatment,mobile,4,0
S-021562,treatment,mobile,7,0
S-021563,treatment,desktop,4,1
S-021564,treatment,mobile,14,0
S-021565,control,mobile,11,0
S-021566,treatment,mobile,1,0
S-021567,control,desktop,10,0
S-021568,treatment,mobile,11,0
S-021569,treatment,mobile,12,0
S-021570,control,desktop,4,0
S-021571,control,mobile,14,0
S-021572,treatment,mobile,7,0
S-021573,treatment,mobile,7,0
S-021574,control,desktop,12,0
S-021575,control,desktop,12,0
S-021576,treatment,mobile,12,0
S-021577,control,desktop,12,1
S-021578,treatment,mobile,1,0
S-021579,treatment,mobile,6,0
S-021580,treatment,mobile,5,0
S-021581,control,mobile,5,0
S-021582,control,desktop,6,0
S-021583,control,desktop,9,0
S-021584,control,mobile,8,0
S-021585,treatment,mobile,9,0
S-021586,treatment,mobile,14,0
S-021587,treatment,mobile,11,1
S-021588,control,desktop,12,0
S-021589,control,desktop,14,0
S-021590,control,desktop,13,0
S-021591,control,desktop,6,0
S-021592,control,desktop,9,0
S-021593,control,mobile,8,0
S-021594,treatment,desktop,14,1
S-021595,treatment,mobile,3,0
S-021596,treatment,mobile,1,0
S-021597,control,mobile,14,0
S-021598,control,desktop,9,0
S-021599,control,desktop,7,0
S-021600,treatment,mobile,6,0
S-021601,control,desktop,10,0
S-021602,control,desktop,8,0
S-021603,treatment,mobile,3,0
S-021604,control,desktop,5,0
S-021605,treatment,mobile,13,0
S-021606,treatment,mobile,5,1
S-021607,control,desktop,1,0
S-021608,control,desktop,7,0
S-021609,treatment,mobile,10,0
S-021610,treatment,mobile,6,0
S-021611,control,desktop,9,0
S-021612,control,desktop,2,0
S-021613,treatment,mobile,10,0
S-021614,treatment,mobile,7,0
S-021615,control,desktop,3,0
S-021616,control,desktop,5,0
S-021617,treatment,mobile,6,0
S-021618,treatment,mobile,13,0
S-021619,control,desktop,14,0
S-021620,treatment,mobile,2,0
S-021621,control,desktop,11,0
S-021622,control,desktop,12,0
S-021623,control,desktop,12,1
S-021624,treatment,mobile,11,0
S-021625,treatment,mobile,1,0
S-021626,control,desktop,4,0
S-021627,control,desktop,12,1
S-021628,control,desktop,3,0
S-021629,treatment,mobile,6,0
S-021630,control,desktop,8,0
S-021631,control,desktop,11,0
S-021632,control,desktop,1,0
S-021633,treatment,mobile,12,0
S-021634,treatment,mobile,8,0
S-021635,treatment,mobile,8,0
S-021636,control,mobile,13,1
S-021637,treatment,mobile,6,0
S-021638,control,desktop,3,0
S-021639,treatment,mobile,3,0
S-021640,treatment,mobile,4,0
S-021641,treatment,mobile,12,0
S-021642,control,mobile,2,0
S-021643,treatment,mobile,7,0
S-021644,treatment,mobile,5,0
S-021645,treatment,mobile,2,0
S-021646,control,desktop,7,0
S-021647,treatment,desktop,14,0
S-021648,control,desktop,12,0
S-021649,treatment,mobile,2,0
S-021650,treatment,mobile,13,0
S-021651,treatment,mobile,3,0
S-021652,treatment,desktop,10,0
S-021653,treatment,mobile,13,1
S-021654,treatment,mobile,10,0
S-021655,treatment,mobile,12,0
S-021656,control,desktop,2,0
S-021657,treatment,mobile,8,0
S-021658,treatment,mobile,8,0
S-021659,control,desktop,10,1
S-021660,control,mobile,4,0
S-021661,control,desktop,6,0
S-021662,treatment,mobile,13,0
S-021663,control,mobile,10,0
S-021664,treatment,mobile,7,0
S-021665,control,desktop,14,0
S-021666,treatment,mobile,3,0
S-021667,control,desktop,7,0
S-021668,treatment,mobile,3,0
S-021669,treatment,desktop,6,0
S-021670,treatment,mobile,10,0
S-021671,control,desktop,13,0
S-021672,control,desktop,4,0
S-021673,control,desktop,5,0
S-021674,treatment,mobile,3,0
S-021675,treatment,desktop,7,0
S-021676,control,desktop,11,1
S-021677,treatment,mobile,13,0
S-021678,control,desktop,10,0
S-021679,treatment,mobile,6,0
S-021680,treatment,mobile,9,0
S-021681,treatment,mobile,12,0
S-021682,control,mobile,11,0
S-021683,control,desktop,5,1
S-021684,control,desktop,5,0
S-021685,control,desktop,14,0
S-021686,treatment,desktop,11,0
S-021687,control,desktop,12,0
S-021688,treatment,mobile,12,0
S-021689,control,desktop,12,0
S-021690,control,desktop,6,0
S-021691,control,mobile,7,0
S-021692,treatment,mobile,9,0
S-021693,control,desktop,8,0
S-021694,control,desktop,11,0
S-021695,treatment,mobile,6,0
S-021696,control,desktop,11,0
S-021697,control,desktop,4,0
S-021698,control,desktop,9,0
S-021699,control,mobile,3,0
S-021700,treatment,mobile,12,0
S-021701,control,mobile,11,1
S-021702,control,desktop,10,0
S-021703,control,desktop,13,1
S-021704,control,desktop,4,0
S-021705,control,desktop,13,0
S-021706,treatment,mobile,13,0
S-021707,control,desktop,1,0
S-021708,control,desktop,9,1
S-021709,treatment,mobile,11,0
S-021710,control,desktop,11,1
S-021711,control,desktop,10,0
S-021712,treatment,mobile,12,0
S-021713,treatment,mobile,2,0
S-021714,treatment,mobile,3,0
S-021715,treatment,mobile,5,0
S-021716,control,desktop,4,1
S-021717,treatment,mobile,2,0
S-021718,treatment,mobile,11,0
S-021719,treatment,mobile,5,0
S-021720,treatment,mobile,6,0
S-021721,control,desktop,3,0
S-021722,control,desktop,9,0
S-021723,control,desktop,14,0
S-021724,control,desktop,10,0
S-021725,treatment,mobile,13,0
S-021726,control,desktop,3,1
S-021727,control,desktop,4,0
S-021728,control,desktop,12,0
S-021729,treatment,mobile,9,0
S-021730,control,desktop,5,0
S-021731,control,mobile,2,0
S-021732,treatment,desktop,3,0
S-021733,treatment,mobile,7,0
S-021734,treatment,mobile,8,0
S-021735,treatment,mobile,4,0
S-021736,treatment,desktop,2,0
S-021737,treatment,desktop,1,1
S-021738,control,mobile,4,0
S-021739,control,desktop,6,0
S-021740,treatment,mobile,1,0
S-021741,control,desktop,8,1
S-021742,control,desktop,14,0
S-021743,treatment,mobile,4,0
S-021744,treatment,mobile,10,0
S-021745,treatment,mobile,7,0
S-021746,treatment,mobile,12,0
S-021747,control,desktop,3,0
S-021748,treatment,mobile,8,0
S-021749,treatment,mobile,12,0
S-021750,treatment,mobile,6,0
S-021751,treatment,mobile,7,0
S-021752,treatment,mobile,6,0
S-021753,control,desktop,6,0
S-021754,control,desktop,8,0
S-021755,control,desktop,1,0
S-021756,control,mobile,7,0
S-021757,treatment,desktop,8,0
S-021758,treatment,mobile,2,1
S-021759,control,desktop,14,0
S-021760,control,desktop,2,0
S-021761,control,desktop,3,0
S-021762,control,desktop,5,1
S-021763,treatment,desktop,5,0
S-021764,treatment,mobile,14,0
S-021765,control,desktop,1,0
S-021766,control,desktop,7,0
S-021767,control,mobile,2,0
S-021768,control,desktop,13,0
S-021769,control,desktop,3,0
S-021770,control,desktop,10,1
S-021771,control,desktop,4,0
S-021772,treatment,desktop,1,0
S-021773,treatment,mobile,10,0
S-021774,treatment,mobile,11,0
S-021775,treatment,mobile,13,0
S-021776,treatment,mobile,11,0
S-021777,control,desktop,10,0
S-021778,control,desktop,8,1
S-021779,treatment,mobile,13,0
S-021780,treatment,mobile,4,0
S-021781,treatment,mobile,5,0
S-021782,control,desktop,14,0
S-021783,control,mobile,9,0
S-021784,control,desktop,10,0
S-021785,control,mobile,7,0
S-021786,control,desktop,2,0
S-021787,treatment,mobile,6,1
S-021788,treatment,mobile,9,0
S-021789,treatment,mobile,9,0
S-021790,treatment,mobile,13,0
S-021791,control,desktop,8,1
S-021792,control,mobile,3,0
S-021793,treatment,mobile,14,0
S-021794,treatment,mobile,4,0
S-021795,treatment,mobile,14,0
S-021796,treatment,mobile,2,0
S-021797,treatment,mobile,7,0
S-021798,treatment,mobile,6,0
S-021799,treatment,mobile,3,0
S-021800,control,desktop,8,0
S-021801,control,desktop,14,0
S-021802,control,desktop,3,0
S-021803,control,desktop,8,0
S-021804,control,desktop,4,0
S-021805,control,mobile,8,0
S-021806,treatment,mobile,14,0
S-021807,treatment,mobile,5,1
S-021808,control,mobile,5,0
S-021809,control,desktop,6,1
S-021810,treatment,mobile,11,0
S-021811,control,desktop,14,0
S-021812,control,desktop,7,0
S-021813,control,desktop,13,0
S-021814,control,desktop,9,0
S-021815,treatment,mobile,1,0
S-021816,control,mobile,11,0
S-021817,control,desktop,10,0
S-021818,treatment,desktop,12,0
S-021819,treatment,desktop,4,0
S-021820,control,mobile,7,0
S-021821,treatment,mobile,9,0
S-021822,treatment,desktop,12,1
S-021823,control,desktop,2,0
S-021824,control,mobile,10,0
S-021825,treatment,mobile,1,0
S-021826,treatment,mobile,7,0
S-021827,treatment,mobile,4,0
S-021828,control,desktop,2,0
S-021829,control,desktop,5,0
S-021830,control,desktop,10,1
S-021831,treatment,mobile,3,0
S-021832,treatment,mobile,6,0
S-021833,treatment,mobile,9,0
S-021834,control,mobile,2,0
S-021835,control,mobile,14,0
S-021836,treatment,mobile,8,0
S-021837,control,desktop,13,0
S-021838,control,desktop,8,0
S-021839,treatment,mobile,8,0
S-021840,treatment,mobile,8,0
S-021841,treatment,desktop,6,0
S-021842,control,mobile,7,0
S-021843,control,desktop,8,0
S-021844,treatment,mobile,14,0
S-021845,treatment,mobile,8,0
S-021846,control,desktop,7,0
S-021847,treatment,mobile,1,0
S-021848,treatment,mobile,3,0
S-021849,treatment,mobile,14,0
S-021850,treatment,mobile,1,0
S-021851,control,mobile,5,0
S-021852,control,desktop,5,1
S-021853,treatment,mobile,14,1
S-021854,control,desktop,12,0
S-021855,control,desktop,6,0
S-021856,control,mobile,10,0
S-021857,control,mobile,12,0
S-021858,control,mobile,10,0
S-021859,control,desktop,1,0
S-021860,treatment,mobile,10,0
S-021861,control,mobile,1,0
S-021862,control,mobile,8,0
S-021863,treatment,mobile,8,0
S-021864,control,desktop,11,0
S-021865,control,desktop,13,0
S-021866,control,desktop,7,0
S-021867,control,desktop,6,0
S-021868,control,desktop,4,0
S-021869,control,desktop,13,1
S-021870,treatment,mobile,1,0
S-021871,control,desktop,12,0
S-021872,control,desktop,1,1
S-021873,control,desktop,12,0
S-021874,treatment,mobile,11,0
S-021875,control,desktop,2,0
S-021876,treatment,mobile,8,0
S-021877,treatment,mobile,4,0
S-021878,control,desktop,3,0
S-021879,control,desktop,7,0
S-021880,treatment,mobile,4,0
S-021881,treatment,mobile,6,0
S-021882,control,desktop,1,0
S-021883,treatment,mobile,2,0
S-021884,control,desktop,12,0
S-021885,treatment,mobile,5,0
S-021886,control,mobile,13,0
S-021887,treatment,mobile,3,0
S-021888,control,mobile,9,0
S-021889,control,mobile,7,0
S-021890,treatment,mobile,5,0
S-021891,treatment,mobile,3,0
S-021892,control,mobile,3,0
S-021893,treatment,mobile,6,0
S-021894,control,desktop,8,0
S-021895,control,desktop,2,0
S-021896,control,desktop,12,0
S-021897,control,mobile,2,0
S-021898,treatment,mobile,8,0
S-021899,treatment,mobile,10,0
S-021900,control,mobile,6,0
S-021901,treatment,mobile,14,0
S-021902,treatment,mobile,14,1
S-021903,treatment,mobile,13,0
S-021904,control,desktop,12,0
S-021905,treatment,mobile,6,0
S-021906,control,desktop,10,1
S-021907,treatment,mobile,9,0
S-021908,treatment,mobile,10,0
S-021909,treatment,mobile,1,0
S-021910,treatment,mobile,7,0
S-021911,control,desktop,10,0
S-021912,treatment,mobile,14,0
S-021913,control,mobile,5,0
S-021914,treatment,mobile,1,0
S-021915,control,desktop,10,0
S-021916,control,desktop,6,0
S-021917,control,desktop,7,0
S-021918,treatment,mobile,4,0
S-021919,control,desktop,8,0
S-021920,treatment,mobile,10,0
S-021921,control,desktop,10,0
S-021922,treatment,mobile,1,0
S-021923,control,desktop,3,1
S-021924,treatment,mobile,14,0
S-021925,treatment,mobile,11,1
S-021926,control,desktop,6,0
S-021927,control,desktop,14,0
S-021928,treatment,mobile,6,0
S-021929,control,desktop,2,1
S-021930,control,desktop,11,0
S-021931,treatment,mobile,2,0
S-021932,control,desktop,2,0
S-021933,treatment,mobile,7,0
S-021934,control,desktop,2,0
S-021935,treatment,mobile,2,0
S-021936,treatment,mobile,3,0
S-021937,control,mobile,2,0
S-021938,control,desktop,4,0
S-021939,treatment,mobile,2,0
S-021940,treatment,mobile,12,0
S-021941,control,desktop,10,0
S-021942,control,desktop,5,0
S-021943,treatment,mobile,7,0
S-021944,treatment,mobile,6,0
S-021945,control,desktop,5,0
S-021946,treatment,desktop,12,0
S-021947,treatment,mobile,3,0
S-021948,treatment,mobile,6,0
S-021949,control,desktop,1,1
S-021950,treatment,desktop,6,0
S-021951,control,desktop,2,0
S-021952,treatment,mobile,9,0
S-021953,control,desktop,6,0
S-021954,control,desktop,2,0
S-021955,control,desktop,10,0
S-021956,control,desktop,13,0
S-021957,control,desktop,6,0
S-021958,control,mobile,3,0
S-021959,control,mobile,13,0
S-021960,control,desktop,11,0
S-021961,control,desktop,14,0
S-021962,control,mobile,5,0
S-021963,treatment,mobile,7,0
S-021964,control,desktop,13,0
S-021965,treatment,desktop,14,0
S-021966,treatment,mobile,8,0
S-021967,treatment,mobile,10,0
S-021968,control,desktop,10,0
S-021969,control,mobile,3,0
S-021970,control,desktop,4,0
S-021971,control,desktop,11,0
S-021972,treatment,mobile,14,0
S-021973,treatment,mobile,10,0
S-021974,treatment,mobile,3,0
S-021975,control,desktop,10,0
S-021976,treatment,mobile,6,0
S-021977,control,desktop,11,0
S-021978,control,desktop,3,1
S-021979,control,desktop,9,0
S-021980,treatment,mobile,12,0
S-021981,treatment,mobile,11,0
S-021982,control,desktop,1,1
S-021983,control,mobile,6,0
S-021984,treatment,mobile,9,0
S-021985,treatment,mobile,11,0
S-021986,treatment,desktop,6,0
S-021987,treatment,mobile,3,0
S-021988,control,desktop,1,0
S-021989,treatment,mobile,9,0
S-021990,treatment,desktop,2,0
S-021991,treatment,desktop,12,0
S-021992,control,desktop,9,0
S-021993,control,desktop,6,0
S-021994,treatment,desktop,2,1
S-021995,control,mobile,10,0
S-021996,control,desktop,12,1
S-021997,treatment,mobile,14,0
S-021998,control,desktop,2,0
S-021999,treatment,mobile,7,0
S-022000,control,desktop,14,0
S-022001,control,desktop,3,0
S-022002,control,desktop,4,1
S-022003,treatment,mobile,8,0
S-022004,control,desktop,10,1
S-022005,control,mobile,8,0
S-022006,treatment,desktop,14,0
S-022007,control,desktop,11,0
S-022008,control,mobile,9,0
S-022009,treatment,mobile,8,0
S-022010,treatment,mobile,14,0
S-022011,control,mobile,7,0
S-022012,treatment,mobile,11,0
S-022013,treatment,mobile,3,0
S-022014,treatment,mobile,1,0
S-022015,treatment,mobile,3,0
S-022016,control,mobile,12,0
S-022017,treatment,mobile,6,0
S-022018,treatment,desktop,5,0
S-022019,control,desktop,7,0
S-022020,control,desktop,7,0
S-022021,control,desktop,2,0
S-022022,control,mobile,6,0
S-022023,treatment,mobile,14,0
S-022024,control,desktop,13,0
S-022025,control,desktop,6,0
S-022026,treatment,mobile,8,0
S-022027,control,desktop,6,0
S-022028,treatment,mobile,10,0
S-022029,treatment,mobile,7,0
S-022030,treatment,mobile,12,0
S-022031,treatment,mobile,8,0
S-022032,treatment,desktop,1,0
S-022033,control,desktop,7,0
S-022034,treatment,mobile,5,0
S-022035,treatment,mobile,4,0
S-022036,treatment,mobile,14,0
S-022037,control,desktop,13,0
S-022038,control,mobile,14,0
S-022039,treatment,mobile,12,0
S-022040,control,mobile,4,0
S-022041,control,desktop,14,0
S-022042,treatment,mobile,8,0
S-022043,treatment,mobile,4,0
S-022044,treatment,mobile,5,0
S-022045,control,mobile,8,0
S-022046,treatment,mobile,2,0
S-022047,treatment,mobile,9,0
S-022048,control,desktop,7,0
S-022049,control,desktop,13,1
S-022050,treatment,mobile,13,0
S-022051,control,desktop,10,0
S-022052,control,desktop,11,0
S-022053,treatment,mobile,11,1
S-022054,control,desktop,13,0
S-022055,treatment,mobile,3,0
S-022056,control,desktop,7,0
S-022057,control,mobile,14,0
S-022058,control,mobile,8,0
S-022059,control,desktop,12,1
S-022060,control,desktop,6,0
S-022061,control,desktop,10,0
S-022062,control,desktop,2,0
S-022063,treatment,mobile,11,0
S-022064,control,desktop,10,0
S-022065,treatment,mobile,10,0
S-022066,treatment,mobile,2,0
S-022067,control,mobile,12,1
S-022068,control,desktop,4,0
S-022069,control,desktop,12,0
S-022070,treatment,mobile,14,0
S-022071,control,mobile,14,0
S-022072,control,desktop,11,0
S-022073,treatment,mobile,3,0
S-022074,treatment,desktop,13,0
S-022075,treatment,mobile,3,0
S-022076,treatment,mobile,11,0
S-022077,treatment,mobile,8,0
S-022078,control,desktop,3,1
S-022079,control,mobile,11,0
S-022080,control,desktop,7,0
S-022081,treatment,mobile,7,0
S-022082,control,desktop,11,0
S-022083,control,desktop,11,0
S-022084,control,desktop,1,1
S-022085,control,desktop,5,0
S-022086,treatment,mobile,2,0
S-022087,control,desktop,10,0
S-022088,control,mobile,11,0
S-022089,control,desktop,9,0
S-022090,treatment,desktop,9,0
S-022091,control,desktop,6,0
S-022092,treatment,mobile,14,0
S-022093,treatment,mobile,1,0
S-022094,control,desktop,13,0
S-022095,control,desktop,9,0
S-022096,control,desktop,13,1
S-022097,treatment,mobile,6,0
S-022098,treatment,mobile,11,0
S-022099,treatment,mobile,14,0
S-022100,treatment,mobile,8,0
S-022101,treatment,mobile,7,1
S-022102,control,desktop,6,0
S-022103,control,mobile,8,0
S-022104,treatment,mobile,8,0
S-022105,treatment,mobile,11,0
S-022106,treatment,mobile,12,0
S-022107,treatment,mobile,12,0
S-022108,treatment,mobile,5,0
S-022109,treatment,mobile,11,0
S-022110,control,desktop,3,0
S-022111,control,desktop,10,0
S-022112,control,desktop,11,0
S-022113,control,desktop,3,0
S-022114,treatment,mobile,5,0
S-022115,treatment,mobile,7,0
S-022116,treatment,desktop,5,0
S-022117,control,desktop,1,0
S-022118,treatment,mobile,7,0
S-022119,control,desktop,12,0
S-022120,control,desktop,6,0
S-022121,control,desktop,5,0
S-022122,treatment,mobile,10,0
S-022123,treatment,mobile,6,0
S-022124,control,desktop,6,0
S-022125,control,desktop,11,1
S-022126,control,desktop,8,0
S-022127,control,desktop,4,0
S-022128,treatment,mobile,9,0
S-022129,treatment,mobile,10,0
S-022130,treatment,mobile,9,0
S-022131,control,desktop,6,0
S-022132,control,desktop,6,0
S-022133,treatment,desktop,1,0
S-022134,control,desktop,5,0
S-022135,control,desktop,7,0
S-022136,control,desktop,9,0
S-022137,control,desktop,11,0
S-022138,treatment,mobile,13,0
S-022139,treatment,mobile,13,0
S-022140,control,desktop,14,0
S-022141,control,mobile,8,1
S-022142,treatment,mobile,13,0
S-022143,treatment,mobile,14,0
S-022144,treatment,mobile,4,0
S-022145,control,desktop,2,0
S-022146,treatment,mobile,8,0
S-022147,control,desktop,11,0
S-022148,control,desktop,3,1
S-022149,treatment,desktop,8,1
S-022150,treatment,mobile,8,0
S-022151,treatment,desktop,10,1
S-022152,control,desktop,9,1
S-022153,treatment,mobile,1,0
S-022154,treatment,mobile,1,0
S-022155,control,desktop,11,0
S-022156,control,desktop,2,0
S-022157,treatment,mobile,7,0
S-022158,control,desktop,14,0
S-022159,treatment,mobile,7,0
S-022160,control,mobile,9,0
S-022161,treatment,mobile,13,0
S-022162,treatment,mobile,3,0
S-022163,control,mobile,12,0
S-022164,treatment,mobile,9,0
S-022165,treatment,mobile,13,0
S-022166,control,desktop,10,0
S-022167,treatment,mobile,10,0
S-022168,treatment,mobile,7,0
S-022169,treatment,mobile,8,0
S-022170,treatment,desktop,10,0
S-022171,treatment,desktop,14,0
S-022172,treatment,mobile,2,0
S-022173,treatment,mobile,6,0
S-022174,control,mobile,7,0
S-022175,control,desktop,7,0
S-022176,control,desktop,12,0
S-022177,treatment,mobile,6,0
S-022178,control,desktop,8,0
S-022179,control,desktop,3,0
S-022180,treatment,mobile,5,0
S-022181,control,desktop,11,0
S-022182,control,desktop,10,0
S-022183,treatment,mobile,6,0
S-022184,control,desktop,13,0
S-022185,treatment,mobile,5,0
S-022186,treatment,mobile,10,0
S-022187,treatment,mobile,1,0
S-022188,treatment,mobile,13,0
S-022189,treatment,mobile,10,0
S-022190,treatment,mobile,14,0
S-022191,treatment,mobile,14,0
S-022192,control,desktop,6,0
S-022193,control,desktop,1,0
S-022194,treatment,mobile,10,0
S-022195,treatment,mobile,6,0
S-022196,control,desktop,1,1
S-022197,control,mobile,7,1
S-022198,control,desktop,4,0
S-022199,control,desktop,1,1
S-022200,control,desktop,11,0
S-022201,treatment,mobile,10,0
S-022202,control,mobile,11,0
S-022203,control,desktop,7,0
S-022204,treatment,desktop,12,0
S-022205,control,desktop,6,0
S-022206,control,desktop,8,0
S-022207,treatment,desktop,11,0
S-022208,control,mobile,14,0
S-022209,control,desktop,12,0
S-022210,control,mobile,1,0
S-022211,treatment,mobile,1,0
S-022212,control,desktop,8,0
S-022213,control,desktop,12,1
S-022214,control,desktop,2,0
S-022215,treatment,mobile,12,0
S-022216,control,desktop,14,0
S-022217,control,desktop,5,0
S-022218,treatment,mobile,5,0
S-022219,control,desktop,2,0
S-022220,control,desktop,4,1
S-022221,control,desktop,7,0
S-022222,control,desktop,6,0
S-022223,control,mobile,9,0
S-022224,treatment,mobile,4,0
S-022225,treatment,mobile,10,0
S-022226,treatment,mobile,5,1
S-022227,control,desktop,4,0
S-022228,treatment,mobile,6,0
S-022229,control,desktop,3,0
S-022230,control,desktop,5,0
S-022231,treatment,mobile,13,0
S-022232,control,mobile,12,0
S-022233,treatment,mobile,7,0
S-022234,treatment,mobile,8,0
S-022235,treatment,mobile,5,0
S-022236,control,desktop,1,1
S-022237,control,desktop,10,0
S-022238,treatment,mobile,4,0
S-022239,treatment,mobile,2,0
S-022240,control,desktop,1,0
S-022241,control,mobile,3,0
S-022242,treatment,mobile,12,0
S-022243,treatment,mobile,5,0
S-022244,control,desktop,14,0
S-022245,control,mobile,11,0
S-022246,treatment,mobile,14,0
S-022247,treatment,mobile,2,0
S-022248,control,mobile,6,0
S-022249,treatment,mobile,8,0
S-022250,treatment,desktop,4,0
S-022251,control,desktop,10,0
S-022252,control,mobile,7,0
S-022253,control,mobile,12,0
S-022254,treatment,mobile,8,0
S-022255,treatment,mobile,4,0
S-022256,treatment,mobile,14,0
S-022257,control,desktop,3,0
S-022258,treatment,mobile,12,0
S-022259,control,desktop,6,0
S-022260,treatment,mobile,2,0
S-022261,control,desktop,10,0
S-022262,control,desktop,1,0
S-022263,control,desktop,14,0
S-022264,control,desktop,2,0
S-022265,control,mobile,1,0
S-022266,treatment,desktop,4,0
S-022267,control,desktop,1,0
S-022268,treatment,mobile,12,0
S-022269,treatment,mobile,10,0
S-022270,treatment,mobile,14,0
S-022271,treatment,mobile,9,0
S-022272,control,desktop,14,0
S-022273,control,desktop,11,0
S-022274,control,desktop,10,0
S-022275,control,mobile,3,0
S-022276,control,desktop,4,0
S-022277,treatment,mobile,14,0
S-022278,treatment,mobile,10,0
S-022279,control,desktop,14,0
S-022280,control,desktop,9,1
S-022281,treatment,mobile,2,0
S-022282,control,mobile,5,0
S-022283,control,mobile,7,0
S-022284,control,desktop,8,0
S-022285,treatment,mobile,12,0
S-022286,control,mobile,11,0
S-022287,treatment,mobile,1,0
S-022288,treatment,mobile,8,0
S-022289,control,desktop,1,0
S-022290,treatment,mobile,10,0
S-022291,treatment,mobile,9,0
S-022292,control,mobile,9,0
S-022293,control,desktop,11,1
S-022294,treatment,mobile,5,0
S-022295,control,desktop,2,0
S-022296,treatment,mobile,3,0
S-022297,treatment,mobile,4,0
S-022298,treatment,mobile,13,0
S-022299,control,mobile,11,0
S-022300,treatment,mobile,10,0
S-022301,control,desktop,10,0
S-022302,treatment,mobile,10,0
S-022303,control,mobile,14,0
S-022304,control,mobile,13,0
S-022305,control,mobile,14,0
S-022306,treatment,mobile,4,0
S-022307,control,mobile,2,0
S-022308,treatment,mobile,11,0
S-022309,treatment,mobile,2,0
S-022310,treatment,mobile,9,0
S-022311,control,desktop,4,0
S-022312,control,desktop,11,0
S-022313,treatment,mobile,8,1
S-022314,treatment,mobile,10,0
S-022315,control,desktop,5,0
S-022316,control,desktop,4,0
S-022317,control,desktop,4,0
S-022318,treatment,mobile,6,0
S-022319,control,desktop,1,0
S-022320,control,desktop,14,0
S-022321,control,mobile,5,0
S-022322,treatment,desktop,14,0
S-022323,control,mobile,1,0
S-022324,control,desktop,2,0
S-022325,control,desktop,9,1
S-022326,treatment,desktop,9,0
S-022327,treatment,mobile,5,0
S-022328,treatment,desktop,14,0
S-022329,control,desktop,4,0
S-022330,control,desktop,8,0
S-022331,control,desktop,7,0
S-022332,treatment,mobile,12,0
S-022333,control,desktop,9,0
S-022334,control,desktop,11,0
S-022335,treatment,mobile,9,0
S-022336,treatment,mobile,1,0
S-022337,control,mobile,8,0
S-022338,treatment,desktop,2,0
S-022339,control,desktop,2,0
S-022340,control,desktop,4,0
S-022341,control,desktop,8,0
S-022342,treatment,mobile,14,0
S-022343,control,desktop,9,0
S-022344,control,desktop,11,1
S-022345,control,desktop,4,0
S-022346,treatment,desktop,2,0
S-022347,control,desktop,10,0
S-022348,treatment,mobile,3,0
S-022349,control,desktop,3,1
S-022350,control,desktop,9,0
S-022351,treatment,mobile,10,0
S-022352,treatment,mobile,11,0
S-022353,treatment,mobile,9,0
S-022354,treatment,mobile,3,0
S-022355,treatment,mobile,9,0
S-022356,control,desktop,14,0
S-022357,treatment,mobile,9,0
S-022358,treatment,mobile,6,0
S-022359,control,mobile,11,0
S-022360,control,desktop,7,0
S-022361,control,desktop,1,0
S-022362,treatment,mobile,4,0
S-022363,treatment,mobile,2,0
S-022364,control,desktop,12,0
S-022365,control,desktop,5,0
S-022366,control,desktop,13,0
S-022367,treatment,mobile,11,0
S-022368,treatment,mobile,9,0
S-022369,treatment,mobile,4,0
S-022370,treatment,mobile,7,0
S-022371,treatment,mobile,8,0
S-022372,treatment,desktop,12,0
S-022373,treatment,mobile,7,0
S-022374,control,desktop,7,0
S-022375,control,desktop,5,0
S-022376,treatment,mobile,14,1
S-022377,treatment,mobile,11,0
S-022378,control,desktop,2,0
S-022379,control,desktop,12,1
S-022380,control,desktop,10,0
S-022381,control,desktop,4,0
S-022382,treatment,mobile,3,0
S-022383,control,mobile,6,0
S-022384,treatment,mobile,10,0
S-022385,treatment,mobile,9,0
S-022386,treatment,desktop,3,0
S-022387,treatment,mobile,14,0
S-022388,control,desktop,10,0
S-022389,treatment,mobile,1,0
S-022390,control,desktop,1,0
S-022391,control,desktop,6,0
S-022392,treatment,mobile,7,0
S-022393,treatment,mobile,10,0
S-022394,control,desktop,2,0
S-022395,control,desktop,1,0
S-022396,control,mobile,14,0
S-022397,control,desktop,5,0
S-022398,treatment,mobile,3,0
S-022399,control,desktop,5,0
S-022400,control,desktop,2,0
S-022401,treatment,mobile,5,0
S-022402,treatment,mobile,11,0
S-022403,control,desktop,12,0
S-022404,treatment,mobile,11,0
S-022405,control,desktop,9,0
S-022406,control,desktop,10,0
S-022407,treatment,mobile,7,0
S-022408,control,desktop,13,0
S-022409,treatment,mobile,3,0
S-022410,treatment,mobile,7,0
S-022411,control,desktop,11,0
S-022412,treatment,mobile,1,0
S-022413,control,desktop,12,0
S-022414,treatment,mobile,13,0
S-022415,control,desktop,12,0
S-022416,treatment,mobile,2,0
S-022417,treatment,mobile,9,0
S-022418,treatment,mobile,10,0
S-022419,treatment,desktop,5,0
S-022420,treatment,mobile,10,0
S-022421,treatment,mobile,13,0
S-022422,treatment,mobile,1,0
S-022423,treatment,mobile,3,0
S-022424,treatment,mobile,14,0
S-022425,control,desktop,7,0
S-022426,control,desktop,4,0
S-022427,control,desktop,13,0
S-022428,control,desktop,7,0
S-022429,control,desktop,11,0
S-022430,treatment,mobile,9,0
S-022431,treatment,mobile,14,0
S-022432,control,desktop,13,1
S-022433,treatment,mobile,8,0
S-022434,treatment,mobile,12,0
S-022435,control,mobile,6,0
S-022436,control,desktop,8,0
S-022437,control,desktop,3,0
S-022438,control,mobile,2,0
S-022439,control,desktop,7,0
S-022440,control,mobile,10,0
S-022441,treatment,desktop,7,1
S-022442,treatment,mobile,13,0
S-022443,control,desktop,7,0
S-022444,treatment,desktop,2,1
S-022445,control,mobile,10,0
S-022446,treatment,mobile,1,1
S-022447,control,desktop,8,0
S-022448,control,desktop,7,1
S-022449,control,desktop,10,0
S-022450,treatment,desktop,7,0
S-022451,treatment,mobile,14,0
S-022452,treatment,mobile,5,0
S-022453,control,desktop,14,0
S-022454,treatment,desktop,11,1
S-022455,control,desktop,11,1
S-022456,control,desktop,4,0
S-022457,treatment,mobile,1,0
S-022458,treatment,mobile,13,0
S-022459,treatment,mobile,12,0
S-022460,treatment,desktop,9,1
S-022461,control,desktop,9,1
S-022462,treatment,mobile,6,0
S-022463,control,desktop,5,1
S-022464,control,desktop,3,0
S-022465,treatment,mobile,12,0
S-022466,treatment,mobile,2,0
S-022467,control,desktop,5,0
S-022468,treatment,mobile,5,0
S-022469,treatment,mobile,11,0
S-022470,control,desktop,7,0
S-022471,treatment,desktop,5,0
S-022472,control,desktop,5,0
S-022473,treatment,mobile,3,0
S-022474,treatment,mobile,7,0
S-022475,treatment,mobile,9,0
S-022476,treatment,mobile,5,0
S-022477,control,desktop,11,1
S-022478,treatment,mobile,6,0
S-022479,treatment,mobile,4,0
S-022480,control,desktop,4,0
S-022481,treatment,mobile,5,0
S-022482,treatment,mobile,6,0
S-022483,treatment,mobile,10,0
S-022484,treatment,mobile,11,0
S-022485,treatment,mobile,13,0
S-022486,treatment,mobile,13,0
S-022487,control,mobile,9,0
S-022488,treatment,mobile,5,0
S-022489,control,desktop,10,0
S-022490,treatment,mobile,1,0
S-022491,treatment,mobile,3,0
S-022492,control,mobile,3,0
S-022493,control,desktop,11,0
S-022494,control,mobile,1,0
S-022495,control,desktop,5,1
S-022496,control,mobile,6,0
S-022497,control,desktop,7,0
S-022498,treatment,mobile,4,0
S-022499,control,desktop,9,0
S-022500,control,desktop,8,0
S-022501,control,desktop,12,0
S-022502,control,desktop,1,0
S-022503,treatment,desktop,5,0
S-022504,control,desktop,4,0
S-022505,treatment,mobile,4,0
S-022506,treatment,desktop,1,0
S-022507,treatment,mobile,14,0
S-022508,control,desktop,9,1
S-022509,treatment,mobile,10,0
S-022510,control,desktop,7,0
S-022511,treatment,mobile,2,0
S-022512,treatment,mobile,8,0
S-022513,treatment,mobile,12,0
S-022514,control,desktop,11,0
S-022515,control,mobile,1,0
S-022516,control,desktop,9,0
S-022517,control,desktop,3,1
S-022518,treatment,mobile,4,0
S-022519,treatment,mobile,7,0
S-022520,control,desktop,6,0
S-022521,control,desktop,4,0
S-022522,treatment,mobile,14,0
S-022523,control,desktop,1,0
S-022524,treatment,mobile,8,0
S-022525,treatment,mobile,7,0
S-022526,control,desktop,11,0
S-022527,control,desktop,13,0
S-022528,treatment,mobile,2,0
S-022529,control,mobile,2,0
S-022530,control,desktop,1,0
S-022531,treatment,mobile,8,0
S-022532,control,desktop,3,0
S-022533,control,mobile,7,0
S-022534,treatment,mobile,6,0
S-022535,control,desktop,13,0
S-022536,control,desktop,5,0
S-022537,control,desktop,6,0
S-022538,control,mobile,1,0
S-022539,control,desktop,7,0
S-022540,control,desktop,2,0
S-022541,treatment,mobile,2,0
S-022542,treatment,mobile,13,1
S-022543,treatment,mobile,4,0
S-022544,control,mobile,3,0
S-022545,control,desktop,1,0
S-022546,treatment,mobile,10,0
S-022547,control,desktop,4,0
S-022548,treatment,mobile,8,0
S-022549,control,desktop,4,0
S-022550,treatment,desktop,4,0
S-022551,treatment,desktop,7,0
S-022552,control,desktop,4,0
S-022553,control,mobile,8,0
S-022554,control,desktop,14,0
S-022555,control,desktop,1,0
S-022556,treatment,mobile,9,0
S-022557,treatment,mobile,10,0
S-022558,control,desktop,12,0
S-022559,control,desktop,13,0
S-022560,control,desktop,12,0
S-022561,treatment,mobile,2,0
S-022562,treatment,mobile,8,0
S-022563,treatment,mobile,9,0
S-022564,control,desktop,5,0
S-022565,treatment,mobile,5,0
S-022566,treatment,mobile,11,0
S-022567,treatment,mobile,14,0
S-022568,control,mobile,7,0
S-022569,control,desktop,5,0
S-022570,treatment,desktop,7,0
S-022571,treatment,mobile,6,0
S-022572,treatment,mobile,1,0
S-022573,control,desktop,3,0
S-022574,control,desktop,11,0
S-022575,control,mobile,11,0
S-022576,control,desktop,9,0
S-022577,treatment,mobile,10,0
S-022578,control,mobile,14,0
S-022579,control,desktop,2,0
S-022580,control,desktop,8,1
S-022581,control,desktop,7,0
S-022582,control,desktop,6,0
S-022583,control,desktop,9,0
S-022584,treatment,mobile,3,1
S-022585,control,desktop,1,0
S-022586,treatment,mobile,1,0
S-022587,control,mobile,13,0
S-022588,control,desktop,11,0
S-022589,control,desktop,13,0
S-022590,treatment,mobile,2,0
S-022591,treatment,mobile,7,0
S-022592,control,desktop,10,0
S-022593,control,desktop,9,0
S-022594,control,desktop,11,0
S-022595,control,desktop,12,0
S-022596,treatment,desktop,12,0
S-022597,control,desktop,4,0
S-022598,control,desktop,2,0
S-022599,treatment,mobile,7,0
S-022600,control,desktop,4,0
S-022601,control,desktop,1,0
S-022602,control,mobile,2,0
S-022603,treatment,mobile,11,0
S-022604,control,desktop,3,1
S-022605,treatment,mobile,10,0
S-022606,control,desktop,13,1
S-022607,control,desktop,4,0
S-022608,control,desktop,4,1
S-022609,control,desktop,2,0
S-022610,treatment,mobile,5,0
S-022611,treatment,mobile,7,0
S-022612,control,desktop,10,0
S-022613,treatment,mobile,2,0
S-022614,control,mobile,5,0
S-022615,control,desktop,4,0
S-022616,control,mobile,8,0
S-022617,control,desktop,10,0
S-022618,control,desktop,5,0
S-022619,treatment,mobile,2,0
S-022620,control,mobile,1,0
S-022621,treatment,mobile,8,0
S-022622,treatment,mobile,8,0
S-022623,control,desktop,9,0
S-022624,control,mobile,2,0
S-022625,control,desktop,11,0
S-022626,treatment,mobile,9,0
S-022627,control,desktop,14,0
S-022628,treatment,mobile,3,0
S-022629,treatment,mobile,10,0
S-022630,control,desktop,2,0
S-022631,treatment,mobile,6,0
S-022632,control,desktop,11,0
S-022633,control,desktop,2,0
S-022634,treatment,mobile,4,1
S-022635,treatment,mobile,11,0
S-022636,control,desktop,10,1
S-022637,control,desktop,9,0
S-022638,control,mobile,10,0
S-022639,control,desktop,5,0
S-022640,treatment,mobile,3,0
S-022641,treatment,mobile,13,0
S-022642,treatment,mobile,9,0
S-022643,control,desktop,6,0
S-022644,control,desktop,1,0
S-022645,control,desktop,9,0
S-022646,treatment,mobile,2,0
S-022647,control,desktop,5,0
S-022648,control,desktop,10,0
S-022649,treatment,mobile,10,0
S-022650,control,desktop,2,0
S-022651,treatment,mobile,8,0
S-022652,treatment,mobile,10,0
S-022653,treatment,mobile,7,0
S-022654,treatment,desktop,6,0
S-022655,control,mobile,5,0
S-022656,control,desktop,5,1
S-022657,treatment,mobile,10,0
S-022658,treatment,mobile,8,0
S-022659,treatment,mobile,12,0
S-022660,control,desktop,4,0
S-022661,treatment,mobile,7,0
S-022662,control,desktop,11,0
S-022663,treatment,mobile,11,0
S-022664,control,desktop,13,0
S-022665,control,desktop,9,0
S-022666,control,mobile,1,0
S-022667,control,desktop,9,0
S-022668,treatment,mobile,13,0
S-022669,control,desktop,11,0
S-022670,treatment,mobile,3,0
S-022671,treatment,desktop,10,0
S-022672,control,desktop,2,0
S-022673,control,mobile,7,0
S-022674,control,desktop,13,0
S-022675,treatment,mobile,14,0
S-022676,control,desktop,8,0
S-022677,treatment,mobile,2,0
S-022678,control,mobile,13,0
S-022679,control,desktop,10,0
S-022680,treatment,desktop,6,0
S-022681,control,desktop,4,0
S-022682,control,desktop,9,0
S-022683,treatment,mobile,5,0
S-022684,control,desktop,11,0
S-022685,treatment,mobile,9,0
S-022686,control,mobile,1,0
S-022687,control,desktop,7,0
S-022688,control,desktop,10,0
S-022689,control,desktop,11,0
S-022690,control,desktop,10,0
S-022691,treatment,mobile,2,0
S-022692,treatment,mobile,10,0
S-022693,control,mobile,5,0
S-022694,treatment,mobile,12,0
S-022695,control,desktop,6,0
S-022696,treatment,desktop,11,0
S-022697,control,mobile,9,0
S-022698,treatment,mobile,1,0
S-022699,control,desktop,14,0
S-022700,control,desktop,13,0
S-022701,treatment,mobile,7,0
S-022702,control,desktop,9,0
S-022703,treatment,mobile,3,1
S-022704,treatment,mobile,4,0
S-022705,treatment,mobile,6,0
S-022706,control,desktop,14,0
S-022707,treatment,mobile,11,0
S-022708,treatment,mobile,10,1
S-022709,control,desktop,6,0
S-022710,control,desktop,9,0
S-022711,control,mobile,5,0
S-022712,control,desktop,7,0
S-022713,control,desktop,11,0
S-022714,treatment,mobile,13,0
S-022715,control,desktop,2,0
S-022716,control,desktop,10,0
S-022717,treatment,mobile,2,0
S-022718,treatment,mobile,11,0
S-022719,control,mobile,10,0
S-022720,treatment,mobile,8,0
S-022721,treatment,mobile,7,0
S-022722,treatment,mobile,12,0
S-022723,control,mobile,13,0
S-022724,control,desktop,12,0
S-022725,treatment,mobile,8,0
S-022726,control,desktop,12,0
S-022727,control,mobile,13,0
S-022728,control,mobile,8,0
S-022729,treatment,mobile,6,0
S-022730,control,desktop,13,0
S-022731,treatment,mobile,11,0
S-022732,control,desktop,4,0
S-022733,control,mobile,7,0
S-022734,treatment,mobile,4,0
S-022735,treatment,mobile,9,0
S-022736,treatment,mobile,5,0
S-022737,control,desktop,5,0
S-022738,treatment,desktop,9,1
S-022739,control,desktop,1,0
S-022740,control,mobile,3,0
S-022741,treatment,desktop,9,0
S-022742,treatment,mobile,11,1
S-022743,control,desktop,9,0
S-022744,control,desktop,1,0
S-022745,control,mobile,2,0
S-022746,control,mobile,2,0
S-022747,treatment,mobile,4,0
S-022748,control,mobile,8,0
S-022749,control,desktop,14,1
S-022750,treatment,mobile,8,0
S-022751,treatment,desktop,3,1
S-022752,treatment,mobile,12,1
S-022753,control,desktop,2,0
S-022754,treatment,mobile,8,0
S-022755,control,mobile,14,0
S-022756,control,desktop,14,0
S-022757,treatment,mobile,3,0
S-022758,treatment,mobile,2,0
S-022759,treatment,mobile,13,1
S-022760,treatment,mobile,7,1
S-022761,treatment,desktop,12,1
S-022762,control,desktop,8,0
S-022763,control,desktop,12,0
S-022764,treatment,mobile,11,0
S-022765,treatment,mobile,2,0
S-022766,control,mobile,2,0
S-022767,control,desktop,8,0
S-022768,control,desktop,13,0
S-022769,control,mobile,10,0
S-022770,treatment,mobile,14,0
S-022771,control,desktop,3,0
S-022772,treatment,desktop,5,0
S-022773,treatment,mobile,7,0
S-022774,treatment,mobile,2,0
S-022775,control,desktop,1,0
S-022776,treatment,mobile,1,0
S-022777,treatment,mobile,5,0
S-022778,treatment,mobile,1,0
S-022779,control,mobile,10,0
S-022780,treatment,mobile,7,0
S-022781,treatment,mobile,9,0
S-022782,control,desktop,5,1
S-022783,control,mobile,3,0
S-022784,treatment,mobile,12,0
S-022785,treatment,mobile,11,0
S-022786,treatment,desktop,5,0
S-022787,treatment,mobile,7,0
S-022788,control,desktop,7,1
S-022789,control,desktop,11,0
S-022790,treatment,mobile,14,0
S-022791,control,mobile,1,0
S-022792,control,desktop,2,0
S-022793,control,desktop,13,0
S-022794,treatment,desktop,4,0
S-022795,control,mobile,8,0
S-022796,control,desktop,6,0
S-022797,control,desktop,4,0
S-022798,treatment,mobile,9,0
S-022799,treatment,mobile,12,0
S-022800,treatment,mobile,1,0
S-022801,control,desktop,5,0
S-022802,treatment,mobile,13,0
S-022803,treatment,mobile,12,0
S-022804,control,mobile,12,0
S-022805,control,desktop,14,0
S-022806,control,desktop,2,0
S-022807,treatment,mobile,4,0
S-022808,treatment,mobile,3,0
S-022809,treatment,mobile,1,0
S-022810,control,desktop,6,0
S-022811,control,desktop,8,0
S-022812,control,desktop,3,1
S-022813,treatment,mobile,12,0
S-022814,treatment,mobile,11,0
S-022815,treatment,mobile,1,0
S-022816,treatment,mobile,4,0
S-022817,treatment,mobile,8,0
S-022818,treatment,mobile,14,0
S-022819,control,desktop,11,0
S-022820,treatment,mobile,9,0
S-022821,treatment,mobile,5,0
S-022822,control,desktop,9,0
S-022823,treatment,mobile,4,0
S-022824,control,desktop,12,1
S-022825,control,desktop,4,0
S-022826,control,desktop,10,0
S-022827,treatment,mobile,8,0
S-022828,treatment,mobile,11,0
S-022829,treatment,mobile,11,0
S-022830,treatment,mobile,1,0
S-022831,treatment,mobile,13,0
S-022832,treatment,desktop,6,0
S-022833,control,mobile,5,0
S-022834,treatment,mobile,10,0
S-022835,control,desktop,5,0
S-022836,control,desktop,7,0
S-022837,treatment,mobile,14,0
S-022838,treatment,mobile,9,0
S-022839,treatment,mobile,4,0
S-022840,treatment,mobile,14,0
S-022841,control,mobile,11,0
S-022842,treatment,desktop,11,0
S-022843,treatment,mobile,3,0
S-022844,treatment,mobile,14,0
S-022845,treatment,desktop,1,0
S-022846,treatment,mobile,1,0
S-022847,treatment,mobile,2,0
S-022848,treatment,mobile,14,0
S-022849,control,desktop,8,0
S-022850,treatment,desktop,2,0
S-022851,treatment,mobile,14,0
S-022852,treatment,mobile,5,0
S-022853,treatment,mobile,10,0
S-022854,control,desktop,3,0
S-022855,control,desktop,9,0
S-022856,control,mobile,4,0
S-022857,treatment,mobile,13,1
S-022858,treatment,mobile,8,0
S-022859,control,mobile,3,0
S-022860,treatment,mobile,3,0
S-022861,control,mobile,2,0
S-022862,treatment,mobile,13,0
S-022863,control,desktop,8,0
S-022864,treatment,mobile,1,0
S-022865,treatment,mobile,6,1
S-022866,treatment,mobile,7,0
S-022867,control,mobile,14,0
S-022868,treatment,mobile,1,0
S-022869,control,mobile,14,0
S-022870,control,mobile,7,0
S-022871,treatment,mobile,8,0
S-022872,control,desktop,2,0
S-022873,treatment,desktop,5,0
S-022874,treatment,desktop,14,0
S-022875,treatment,mobile,6,1
S-022876,control,desktop,3,0
S-022877,treatment,mobile,9,1
S-022878,control,desktop,6,1
S-022879,control,desktop,11,0
S-022880,control,desktop,12,0
S-022881,treatment,mobile,14,0
S-022882,treatment,mobile,1,1
S-022883,control,desktop,14,0
S-022884,treatment,mobile,13,0
S-022885,treatment,mobile,6,0
S-022886,treatment,mobile,8,0
S-022887,treatment,mobile,13,0
S-022888,treatment,mobile,4,0
S-022889,control,desktop,12,1
S-022890,control,mobile,4,0
S-022891,control,desktop,2,0
S-022892,control,desktop,8,0
S-022893,treatment,mobile,1,0
S-022894,treatment,mobile,9,0
S-022895,treatment,mobile,9,0
S-022896,control,desktop,12,0
S-022897,treatment,mobile,2,0
S-022898,treatment,mobile,5,0
S-022899,control,desktop,10,1
S-022900,control,desktop,9,0
S-022901,control,mobile,13,0
S-022902,treatment,mobile,14,0
S-022903,control,desktop,4,0
S-022904,control,desktop,10,1
S-022905,control,desktop,14,0
S-022906,treatment,mobile,3,0
S-022907,control,mobile,11,0
S-022908,treatment,desktop,13,0
S-022909,treatment,mobile,12,1
S-022910,control,mobile,11,0
S-022911,treatment,mobile,13,0
S-022912,treatment,mobile,14,0
S-022913,control,desktop,12,0
S-022914,control,mobile,1,0
S-022915,control,desktop,3,0
S-022916,treatment,mobile,14,0
S-022917,treatment,mobile,5,1
S-022918,control,desktop,12,0
S-022919,control,desktop,3,1
S-022920,control,mobile,12,0
S-022921,control,desktop,3,0
S-022922,control,desktop,6,0
S-022923,control,desktop,13,0
S-022924,treatment,mobile,12,0
S-022925,treatment,mobile,2,0
S-022926,control,desktop,4,0
S-022927,control,desktop,12,1
S-022928,treatment,mobile,7,0
S-022929,treatment,desktop,13,0
S-022930,treatment,mobile,11,0
S-022931,control,desktop,14,0
S-022932,treatment,mobile,5,0
S-022933,treatment,mobile,6,0
S-022934,control,desktop,12,0
S-022935,control,desktop,1,0
S-022936,treatment,mobile,8,0
S-022937,control,mobile,9,0
S-022938,control,mobile,3,0
S-022939,control,mobile,11,1
S-022940,control,desktop,14,0
S-022941,treatment,mobile,4,0
S-022942,treatment,mobile,10,0
S-022943,control,desktop,14,0
S-022944,control,desktop,6,0
S-022945,control,mobile,7,0
S-022946,control,mobile,11,0
S-022947,control,desktop,5,0
S-022948,control,desktop,9,0
S-022949,treatment,mobile,10,0
S-022950,control,desktop,7,0
S-022951,treatment,mobile,7,0
S-022952,control,mobile,3,0
S-022953,treatment,mobile,7,0
S-022954,treatment,mobile,9,0
S-022955,treatment,desktop,4,0
S-022956,treatment,mobile,6,0
S-022957,treatment,desktop,1,0
S-022958,treatment,mobile,8,0
S-022959,treatment,mobile,7,0
S-022960,treatment,desktop,11,0
S-022961,treatment,mobile,3,0
S-022962,treatment,mobile,12,0
S-022963,treatment,mobile,1,0
S-022964,treatment,mobile,9,0
S-022965,treatment,mobile,4,0
S-022966,control,desktop,12,1
S-022967,treatment,mobile,5,0
S-022968,control,desktop,7,0
S-022969,control,desktop,13,0
S-022970,control,mobile,11,0
S-022971,control,mobile,6,0
S-022972,treatment,mobile,14,0
S-022973,control,desktop,10,0
S-022974,control,mobile,10,0
S-022975,treatment,mobile,5,0
S-022976,treatment,desktop,3,0
S-022977,control,desktop,5,0
S-022978,control,mobile,13,0
S-022979,treatment,mobile,1,0
S-022980,treatment,mobile,7,0
S-022981,treatment,mobile,2,0
S-022982,control,desktop,6,0
S-022983,control,desktop,2,0
S-022984,control,desktop,13,0
S-022985,control,mobile,8,0
S-022986,control,desktop,12,0
S-022987,treatment,mobile,6,0
S-022988,treatment,mobile,8,0
S-022989,treatment,mobile,2,0
S-022990,treatment,mobile,1,0
S-022991,control,desktop,3,1
S-022992,treatment,mobile,12,0
S-022993,treatment,mobile,1,0
S-022994,control,desktop,6,0
S-022995,treatment,mobile,6,0
S-022996,treatment,desktop,2,0
S-022997,control,desktop,10,0
S-022998,treatment,mobile,5,0
S-022999,control,desktop,4,0
S-023000,treatment,mobile,5,0
S-023001,treatment,mobile,4,0
S-023002,treatment,desktop,4,0
S-023003,control,desktop,13,1
S-023004,treatment,mobile,2,0
S-023005,control,desktop,2,0
S-023006,control,mobile,5,0
S-023007,control,desktop,14,0
S-023008,treatment,mobile,5,0
S-023009,control,desktop,11,0
S-023010,control,desktop,7,0
S-023011,treatment,desktop,12,1
S-023012,control,mobile,12,0
S-023013,treatment,mobile,13,0
S-023014,treatment,mobile,2,0
S-023015,treatment,mobile,4,1
S-023016,control,desktop,14,0
S-023017,control,mobile,9,0
S-023018,treatment,mobile,10,0
S-023019,control,desktop,9,0
S-023020,control,desktop,8,0
S-023021,treatment,mobile,7,0
S-023022,treatment,mobile,7,0
S-023023,control,desktop,5,0
S-023024,control,desktop,14,0
S-023025,treatment,mobile,4,0
S-023026,treatment,mobile,7,0
S-023027,treatment,mobile,1,0
S-023028,treatment,mobile,10,0
S-023029,control,desktop,2,1
S-023030,treatment,mobile,13,0
S-023031,treatment,mobile,11,0
S-023032,treatment,mobile,7,0
S-023033,control,desktop,5,0
S-023034,treatment,mobile,12,0
S-023035,control,desktop,3,0
S-023036,treatment,mobile,12,0
S-023037,control,desktop,12,1
S-023038,control,mobile,4,0
S-023039,control,desktop,14,0
S-023040,treatment,mobile,2,0
S-023041,treatment,mobile,10,0
S-023042,control,desktop,12,1
S-023043,treatment,mobile,1,0
S-023044,treatment,mobile,3,0
S-023045,treatment,desktop,11,0
S-023046,control,desktop,8,0
S-023047,treatment,mobile,13,0
S-023048,control,desktop,4,0
S-023049,control,desktop,12,0
S-023050,treatment,desktop,2,0
S-023051,treatment,mobile,9,0
S-023052,treatment,desktop,7,0
S-023053,control,desktop,8,0
S-023054,treatment,desktop,10,0
S-023055,control,desktop,14,0
S-023056,control,desktop,9,0
S-023057,control,desktop,5,0
S-023058,control,desktop,8,1
S-023059,treatment,mobile,6,0
S-023060,treatment,mobile,13,0
S-023061,control,desktop,1,0
S-023062,control,desktop,9,0
S-023063,treatment,mobile,8,0
S-023064,treatment,mobile,5,1
S-023065,treatment,mobile,3,0
S-023066,treatment,mobile,12,0
S-023067,control,desktop,3,0
S-023068,treatment,mobile,7,0
S-023069,control,desktop,9,0
S-023070,control,mobile,3,0
S-023071,treatment,mobile,4,0
S-023072,control,desktop,10,0
S-023073,control,desktop,3,0
S-023074,control,desktop,9,0
S-023075,treatment,mobile,1,0
S-023076,control,desktop,4,0
S-023077,control,mobile,5,0
S-023078,control,desktop,10,0
S-023079,treatment,mobile,14,0
S-023080,control,desktop,2,0
S-023081,treatment,mobile,14,0
S-023082,treatment,desktop,5,0
S-023083,control,mobile,6,0
S-023084,treatment,mobile,3,0
S-023085,control,desktop,9,0
S-023086,control,desktop,3,0
S-023087,control,desktop,8,0
S-023088,treatment,mobile,13,0
S-023089,control,desktop,12,0
S-023090,control,desktop,10,1
S-023091,treatment,mobile,13,0
S-023092,control,desktop,3,0
S-023093,control,desktop,8,0
S-023094,treatment,mobile,11,0
S-023095,control,desktop,13,1
S-023096,treatment,mobile,3,0
S-023097,treatment,mobile,9,0
S-023098,control,desktop,5,0
S-023099,treatment,mobile,9,0
S-023100,treatment,desktop,5,0
S-023101,treatment,mobile,4,0
S-023102,treatment,mobile,12,0
S-023103,treatment,mobile,11,0
S-023104,control,desktop,12,0
S-023105,treatment,desktop,1,0
S-023106,treatment,mobile,3,0
S-023107,control,mobile,14,0
S-023108,treatment,mobile,8,0
S-023109,control,desktop,10,0
S-023110,treatment,mobile,3,0
S-023111,treatment,mobile,10,1
S-023112,treatment,mobile,1,0
S-023113,control,mobile,5,0
S-023114,control,mobile,4,0
S-023115,control,desktop,12,1
S-023116,control,desktop,12,0
S-023117,treatment,mobile,12,0
S-023118,control,desktop,11,0
S-023119,treatment,mobile,12,0
S-023120,treatment,mobile,10,0
S-023121,control,mobile,8,0
S-023122,treatment,mobile,13,0
S-023123,treatment,mobile,12,0
S-023124,control,desktop,10,0
S-023125,control,desktop,8,0
S-023126,control,mobile,14,1
S-023127,control,mobile,10,0
S-023128,treatment,mobile,14,0
S-023129,treatment,mobile,5,1
S-023130,control,desktop,3,0
S-023131,treatment,mobile,13,0
S-023132,control,mobile,10,0
S-023133,control,mobile,13,0
S-023134,treatment,mobile,1,0
S-023135,control,desktop,1,1
S-023136,treatment,desktop,2,0
S-023137,treatment,desktop,3,0
S-023138,treatment,mobile,6,0
S-023139,control,desktop,9,1
S-023140,treatment,desktop,11,0
S-023141,treatment,mobile,3,0
S-023142,treatment,mobile,2,0
S-023143,treatment,mobile,10,0
S-023144,control,desktop,9,0
S-023145,control,desktop,13,0
S-023146,treatment,mobile,5,0
S-023147,control,desktop,1,1
S-023148,treatment,mobile,12,0
S-023149,control,desktop,13,0
S-023150,treatment,mobile,2,0
S-023151,treatment,mobile,8,0
S-023152,control,mobile,10,0
S-023153,treatment,mobile,1,0
S-023154,treatment,mobile,12,0
S-023155,treatment,mobile,5,0
S-023156,control,desktop,14,0
S-023157,control,desktop,2,0
S-023158,treatment,mobile,10,0
S-023159,control,desktop,3,0
S-023160,control,desktop,5,0
S-023161,control,desktop,2,0
S-023162,treatment,desktop,4,1
S-023163,control,desktop,14,0
S-023164,treatment,mobile,14,0
S-023165,control,mobile,9,1
S-023166,treatment,mobile,12,0
S-023167,control,mobile,3,0
S-023168,control,mobile,8,0
S-023169,control,desktop,14,0
S-023170,treatment,mobile,8,0
S-023171,treatment,mobile,3,0
S-023172,control,desktop,6,0
S-023173,treatment,mobile,11,0
S-023174,treatment,mobile,4,0
S-023175,control,desktop,11,0
S-023176,control,mobile,3,0
S-023177,control,desktop,6,0
S-023178,control,desktop,2,0
S-023179,treatment,mobile,7,0
S-023180,control,desktop,8,0
S-023181,control,desktop,1,0
S-023182,control,desktop,10,0
S-023183,treatment,desktop,12,0
S-023184,treatment,mobile,9,0
S-023185,control,desktop,2,1
S-023186,treatment,mobile,11,0
S-023187,treatment,mobile,8,0
S-023188,control,desktop,10,0
S-023189,control,desktop,6,0
S-023190,control,desktop,5,0
S-023191,treatment,mobile,4,0
S-023192,treatment,mobile,9,0
S-023193,control,desktop,12,0
S-023194,control,mobile,1,0
S-023195,treatment,mobile,8,0
S-023196,control,mobile,3,0
S-023197,treatment,mobile,14,0
S-023198,control,desktop,14,1
S-023199,treatment,mobile,2,0
S-023200,treatment,mobile,9,0
S-023201,control,desktop,1,0
S-023202,control,desktop,10,1
S-023203,control,desktop,4,0
S-023204,treatment,mobile,1,0
S-023205,treatment,mobile,6,0
S-023206,treatment,mobile,13,0
S-023207,treatment,desktop,2,0
S-023208,control,desktop,10,1
S-023209,treatment,mobile,9,0
S-023210,treatment,mobile,6,0
S-023211,control,desktop,10,0
S-023212,treatment,mobile,5,0
S-023213,treatment,desktop,9,0
S-023214,treatment,mobile,8,0
S-023215,control,desktop,2,0
S-023216,treatment,mobile,14,0
S-023217,control,desktop,3,0
S-023218,control,desktop,14,0
S-023219,treatment,mobile,13,0
S-023220,treatment,mobile,8,0
S-023221,control,desktop,11,1
S-023222,control,desktop,2,0
S-023223,treatment,mobile,12,0
S-023224,control,mobile,3,0
S-023225,control,mobile,6,0
S-023226,control,desktop,3,0
S-023227,control,desktop,14,0
S-023228,treatment,mobile,9,0
S-023229,treatment,mobile,12,0
S-023230,control,desktop,9,0
S-023231,treatment,mobile,4,0
S-023232,treatment,desktop,5,0
S-023233,control,desktop,9,0
S-023234,treatment,mobile,9,0
S-023235,treatment,mobile,14,0
S-023236,treatment,mobile,2,0
S-023237,treatment,mobile,4,0
S-023238,control,desktop,12,0
S-023239,control,desktop,11,0
S-023240,control,desktop,9,0
S-023241,control,mobile,14,0
S-023242,treatment,mobile,13,0
S-023243,treatment,mobile,12,0
S-023244,treatment,mobile,1,0
S-023245,treatment,mobile,5,0
S-023246,control,desktop,13,1
S-023247,treatment,mobile,9,0
S-023248,treatment,mobile,14,0
S-023249,control,desktop,14,0
S-023250,control,mobile,3,0
S-023251,treatment,mobile,1,0
S-023252,control,desktop,2,0
S-023253,control,desktop,11,0
S-023254,control,desktop,8,0
S-023255,treatment,mobile,14,0
S-023256,control,desktop,13,0
S-023257,treatment,desktop,1,0
S-023258,control,desktop,9,0
S-023259,control,desktop,8,1
S-023260,treatment,mobile,9,0
S-023261,treatment,mobile,11,0
S-023262,control,desktop,5,0
S-023263,treatment,mobile,9,0
S-023264,treatment,mobile,8,0
S-023265,treatment,desktop,9,1
S-023266,treatment,mobile,7,0
S-023267,control,desktop,4,0
S-023268,control,desktop,9,0
S-023269,treatment,mobile,3,0
S-023270,control,mobile,9,0
S-023271,treatment,mobile,12,0
S-023272,control,desktop,14,0
S-023273,treatment,mobile,7,0
S-023274,control,mobile,14,0
S-023275,control,desktop,8,0
S-023276,control,desktop,7,0
S-023277,treatment,mobile,9,0
S-023278,control,desktop,6,0
S-023279,treatment,desktop,6,0
S-023280,control,desktop,5,0
S-023281,treatment,mobile,11,0
S-023282,treatment,mobile,2,0
S-023283,control,desktop,9,0
S-023284,control,desktop,3,1
S-023285,treatment,mobile,7,0
S-023286,control,desktop,10,0
S-023287,treatment,mobile,13,0
S-023288,control,desktop,11,0
S-023289,treatment,desktop,4,0
S-023290,control,desktop,14,0
S-023291,control,desktop,3,0
S-023292,control,desktop,2,0
S-023293,treatment,mobile,6,0
S-023294,control,desktop,4,0
S-023295,treatment,mobile,8,0
S-023296,control,desktop,5,1
S-023297,treatment,mobile,3,0
S-023298,treatment,mobile,9,0
S-023299,treatment,mobile,1,0
S-023300,treatment,mobile,8,0
S-023301,control,desktop,10,0
S-023302,control,desktop,7,0
S-023303,treatment,mobile,11,0
S-023304,treatment,mobile,5,0
S-023305,treatment,mobile,12,0
S-023306,treatment,mobile,1,0
S-023307,control,desktop,4,0
S-023308,control,desktop,14,0
S-023309,treatment,mobile,10,0
S-023310,treatment,mobile,3,0
S-023311,treatment,mobile,1,0
S-023312,treatment,mobile,14,0
S-023313,treatment,mobile,5,0
S-023314,control,desktop,5,1
S-023315,control,mobile,8,0
S-023316,control,mobile,5,0
S-023317,treatment,mobile,6,0
S-023318,control,desktop,12,0
S-023319,treatment,desktop,5,0
S-023320,control,desktop,5,0
S-023321,control,desktop,12,0
S-023322,treatment,mobile,4,0
S-023323,treatment,desktop,9,0
S-023324,control,desktop,4,1
S-023325,treatment,mobile,5,0
S-023326,control,desktop,10,0
S-023327,control,desktop,3,0
S-023328,control,desktop,12,0
S-023329,control,mobile,6,0
S-023330,treatment,mobile,2,0
S-023331,treatment,mobile,8,1
S-023332,treatment,mobile,3,1
S-023333,control,desktop,11,0
S-023334,control,mobile,6,0
S-023335,treatment,mobile,1,0
S-023336,control,desktop,14,0
S-023337,treatment,mobile,7,0
S-023338,control,desktop,10,0
S-023339,treatment,mobile,4,0
S-023340,control,desktop,9,0
S-023341,treatment,mobile,2,0
S-023342,control,desktop,8,1
S-023343,treatment,desktop,2,1
S-023344,treatment,mobile,3,0
S-023345,treatment,mobile,11,0
S-023346,treatment,desktop,6,0
S-023347,control,mobile,5,0
S-023348,control,desktop,9,0
S-023349,treatment,mobile,3,0
S-023350,treatment,desktop,3,1
S-023351,treatment,mobile,12,0
S-023352,control,desktop,5,0
S-023353,treatment,mobile,3,0
S-023354,control,desktop,9,0
S-023355,control,desktop,3,1
S-023356,control,desktop,7,0
S-023357,control,desktop,1,0
S-023358,treatment,mobile,6,0
S-023359,treatment,mobile,8,0
S-023360,treatment,mobile,2,0
S-023361,control,desktop,6,0
S-023362,treatment,mobile,4,0
S-023363,treatment,mobile,10,0
S-023364,treatment,mobile,1,0
S-023365,treatment,mobile,7,0
S-023366,control,desktop,14,1
S-023367,treatment,mobile,11,0
S-023368,treatment,mobile,13,0
S-023369,control,desktop,11,0
S-023370,treatment,mobile,4,0
S-023371,treatment,mobile,4,0
S-023372,control,desktop,13,0
S-023373,control,desktop,13,1
S-023374,treatment,mobile,6,0
S-023375,control,mobile,11,0
S-023376,control,desktop,2,0
S-023377,control,desktop,12,1
S-023378,control,desktop,11,1
S-023379,control,desktop,11,0
S-023380,treatment,mobile,14,0
S-023381,treatment,mobile,3,0
S-023382,treatment,mobile,9,0
S-023383,treatment,mobile,13,0
S-023384,control,desktop,8,0
S-023385,control,desktop,6,0
S-023386,treatment,mobile,14,0
S-023387,treatment,mobile,13,0
S-023388,control,mobile,5,0
S-023389,treatment,mobile,9,0
S-023390,control,desktop,1,0
S-023391,control,mobile,6,0
S-023392,treatment,mobile,6,0
S-023393,treatment,mobile,8,0
S-023394,treatment,desktop,10,0
S-023395,control,desktop,4,0
S-023396,treatment,mobile,1,0
S-023397,treatment,mobile,9,0
S-023398,treatment,mobile,12,0
S-023399,control,mobile,6,0
S-023400,control,desktop,6,1
S-023401,treatment,mobile,7,0
S-023402,control,desktop,3,0
S-023403,treatment,desktop,8,0
S-023404,control,desktop,2,0
S-023405,control,desktop,8,0
S-023406,treatment,desktop,8,0
S-023407,control,desktop,5,0
S-023408,treatment,mobile,5,1
S-023409,control,mobile,6,0
S-023410,control,desktop,14,0
S-023411,control,desktop,5,0
S-023412,control,mobile,11,0
S-023413,treatment,mobile,7,1
S-023414,treatment,mobile,6,0
S-023415,control,desktop,5,0
S-023416,treatment,mobile,14,0
S-023417,treatment,mobile,10,0
S-023418,control,desktop,8,0
S-023419,control,desktop,4,0
S-023420,treatment,mobile,9,0
S-023421,control,desktop,4,0
S-023422,control,desktop,7,1
S-023423,treatment,mobile,14,0
S-023424,control,desktop,8,0
S-023425,control,mobile,3,0
S-023426,treatment,mobile,4,0
S-023427,treatment,mobile,6,0
S-023428,treatment,mobile,2,1
S-023429,treatment,mobile,12,0
S-023430,control,desktop,14,0
S-023431,control,desktop,4,1
S-023432,treatment,mobile,8,0
S-023433,control,desktop,5,1
S-023434,control,mobile,9,0
S-023435,control,desktop,13,0
S-023436,treatment,mobile,2,0
S-023437,control,desktop,9,0
S-023438,treatment,mobile,13,0
S-023439,treatment,mobile,6,0
S-023440,control,desktop,6,0
S-023441,control,mobile,10,0
S-023442,control,desktop,5,0
S-023443,treatment,mobile,5,0
S-023444,control,desktop,7,0
S-023445,treatment,desktop,10,0
S-023446,control,desktop,6,0
S-023447,control,mobile,2,1
S-023448,control,mobile,3,0
S-023449,treatment,desktop,11,0
S-023450,control,desktop,3,0
S-023451,treatment,desktop,6,1
S-023452,treatment,mobile,6,0
S-023453,control,desktop,8,1
S-023454,control,mobile,14,0
S-023455,treatment,mobile,8,0
S-023456,treatment,desktop,8,1
S-023457,treatment,mobile,2,0
S-023458,treatment,mobile,1,0
S-023459,treatment,mobile,6,0
S-023460,treatment,mobile,13,1
S-023461,control,mobile,6,0
S-023462,control,mobile,7,0
S-023463,control,desktop,13,0
S-023464,control,desktop,1,0
S-023465,treatment,mobile,1,0
S-023466,control,mobile,7,0
S-023467,treatment,mobile,1,0
S-023468,control,desktop,1,0
S-023469,treatment,mobile,10,0
S-023470,treatment,desktop,14,0
S-023471,control,desktop,10,0
S-023472,control,mobile,7,0
S-023473,control,desktop,11,0
S-023474,treatment,mobile,2,0
S-023475,control,desktop,5,0
S-023476,treatment,mobile,4,0
S-023477,treatment,mobile,6,0
S-023478,treatment,mobile,10,1
S-023479,treatment,desktop,5,0
S-023480,control,mobile,3,0
S-023481,treatment,mobile,1,0
S-023482,control,desktop,1,0
S-023483,treatment,mobile,10,0
S-023484,control,desktop,11,0
S-023485,treatment,mobile,5,0
S-023486,control,mobile,1,0
S-023487,treatment,mobile,2,0
S-023488,control,desktop,14,0
S-023489,treatment,mobile,2,0
S-023490,treatment,mobile,7,0
S-023491,treatment,desktop,12,0
S-023492,treatment,mobile,10,0
S-023493,treatment,mobile,8,1
S-023494,control,mobile,13,0
S-023495,control,mobile,7,0
S-023496,treatment,mobile,7,0
S-023497,control,desktop,10,0
S-023498,control,desktop,1,0
S-023499,treatment,mobile,4,0
S-023500,control,desktop,7,0
S-023501,control,desktop,3,0
S-023502,control,desktop,10,0
S-023503,treatment,mobile,7,0
S-023504,treatment,mobile,12,0
S-023505,control,desktop,11,0
S-023506,control,desktop,2,0
S-023507,treatment,mobile,13,0
S-023508,treatment,mobile,12,0
S-023509,treatment,mobile,9,0
S-023510,control,mobile,8,0
S-023511,control,mobile,11,0
S-023512,control,mobile,3,0
S-023513,treatment,mobile,12,0
S-023514,treatment,mobile,14,0
S-023515,treatment,mobile,13,0
S-023516,treatment,mobile,12,0
S-023517,treatment,mobile,2,0
S-023518,control,desktop,2,0
S-023519,treatment,mobile,5,0
S-023520,control,desktop,7,0
S-023521,treatment,mobile,9,0
S-023522,treatment,mobile,12,0
S-023523,control,desktop,1,0
S-023524,control,desktop,11,0
S-023525,control,mobile,3,0
S-023526,control,mobile,8,0
S-023527,control,desktop,1,0
S-023528,control,desktop,9,0
S-023529,treatment,desktop,14,0
S-023530,treatment,mobile,2,0
S-023531,control,desktop,4,0
S-023532,treatment,mobile,4,0
S-023533,treatment,mobile,3,0
S-023534,control,mobile,8,0
S-023535,treatment,mobile,6,0
S-023536,treatment,mobile,12,0
S-023537,control,desktop,3,0
S-023538,treatment,mobile,7,0
S-023539,treatment,mobile,2,0
S-023540,control,mobile,1,0
S-023541,control,desktop,1,0
S-023542,treatment,mobile,14,0
S-023543,control,desktop,12,0
S-023544,control,desktop,14,0
S-023545,treatment,mobile,3,1
S-023546,treatment,mobile,8,0
S-023547,treatment,desktop,14,0
S-023548,control,mobile,3,0
S-023549,control,desktop,10,1
S-023550,control,desktop,12,0
S-023551,treatment,mobile,7,0
S-023552,control,desktop,5,0
S-023553,control,desktop,4,0
S-023554,treatment,mobile,7,0
S-023555,control,desktop,2,0
S-023556,treatment,mobile,10,0
S-023557,control,desktop,1,0
S-023558,treatment,mobile,11,0
S-023559,treatment,mobile,3,0
S-023560,control,desktop,10,0
S-023561,control,desktop,10,1
S-023562,treatment,mobile,7,0
S-023563,control,mobile,8,0
S-023564,treatment,mobile,12,0
S-023565,treatment,mobile,10,0
S-023566,control,mobile,1,0
S-023567,treatment,mobile,6,0
S-023568,control,desktop,14,0
S-023569,control,desktop,2,0
S-023570,treatment,mobile,14,0
S-023571,treatment,mobile,8,0
S-023572,treatment,mobile,6,0
S-023573,control,desktop,3,0
S-023574,treatment,desktop,8,0
S-023575,treatment,mobile,1,0
S-023576,treatment,mobile,2,0
S-023577,control,desktop,11,0
S-023578,treatment,mobile,4,1
S-023579,treatment,mobile,11,0
S-023580,treatment,desktop,7,0
S-023581,treatment,mobile,1,0
S-023582,control,desktop,13,0
S-023583,control,mobile,14,0
S-023584,control,desktop,14,0
S-023585,control,desktop,14,0
S-023586,treatment,mobile,2,0
S-023587,control,mobile,11,0
S-023588,control,desktop,1,0
S-023589,treatment,mobile,7,0
S-023590,control,desktop,4,0
S-023591,treatment,desktop,14,0
S-023592,control,mobile,6,0
S-023593,treatment,mobile,6,0
S-023594,treatment,mobile,10,0
S-023595,control,desktop,3,0
S-023596,control,desktop,9,0
S-023597,control,desktop,14,0
S-023598,control,desktop,1,0
S-023599,control,mobile,14,0
S-023600,control,desktop,8,0
S-023601,treatment,mobile,5,0
S-023602,treatment,mobile,1,0
S-023603,control,desktop,14,0
S-023604,control,desktop,4,0
S-023605,control,desktop,13,0
S-023606,treatment,mobile,5,0
S-023607,treatment,mobile,8,0
S-023608,treatment,mobile,10,0
S-023609,control,desktop,14,0
S-023610,treatment,desktop,13,0
S-023611,control,mobile,9,0
S-023612,treatment,mobile,3,0
S-023613,control,mobile,7,0
S-023614,control,desktop,6,0
S-023615,treatment,mobile,8,0
S-023616,control,desktop,4,0
S-023617,treatment,mobile,7,0
S-023618,treatment,mobile,6,0
S-023619,control,desktop,11,1
S-023620,control,mobile,7,0
S-023621,control,mobile,2,1
S-023622,control,desktop,8,1
S-023623,control,desktop,9,0
S-023624,treatment,mobile,14,1
S-023625,control,desktop,14,0
S-023626,control,mobile,7,0
S-023627,treatment,mobile,13,0
S-023628,treatment,mobile,10,0
S-023629,control,desktop,12,1
S-023630,control,desktop,7,0
S-023631,control,desktop,3,0
S-023632,control,mobile,8,0
S-023633,treatment,mobile,11,0
S-023634,control,desktop,8,0
S-023635,control,desktop,7,0
S-023636,treatment,mobile,13,0
S-023637,treatment,mobile,10,0
S-023638,control,desktop,4,0
S-023639,control,desktop,10,0
S-023640,treatment,mobile,5,0
S-023641,control,desktop,11,0
S-023642,control,desktop,3,0
S-023643,control,desktop,14,0
S-023644,treatment,mobile,3,0
S-023645,control,desktop,5,0
S-023646,control,desktop,9,0
S-023647,treatment,mobile,4,0
S-023648,control,desktop,5,1
S-023649,control,desktop,11,0
S-023650,treatment,desktop,14,0
S-023651,control,mobile,6,0
S-023652,control,mobile,9,1
S-023653,control,desktop,9,0
S-023654,control,desktop,7,0
S-023655,treatment,mobile,5,0
S-023656,treatment,mobile,12,0
S-023657,control,desktop,7,0
S-023658,control,mobile,13,0
S-023659,treatment,mobile,9,0
S-023660,control,desktop,10,0
S-023661,control,desktop,13,0
S-023662,treatment,mobile,8,0
S-023663,control,desktop,13,0
S-023664,control,desktop,4,0
S-023665,control,desktop,11,0
S-023666,treatment,mobile,10,0
S-023667,control,desktop,1,0
S-023668,treatment,mobile,9,0
S-023669,treatment,desktop,6,0
S-023670,control,desktop,1,1
S-023671,treatment,mobile,5,0
S-023672,control,desktop,6,0
S-023673,treatment,desktop,6,0
S-023674,treatment,mobile,10,0
S-023675,control,desktop,10,0
S-023676,treatment,mobile,9,0
S-023677,control,desktop,8,0
S-023678,control,desktop,2,0
S-023679,treatment,mobile,9,0
S-023680,treatment,mobile,3,0
S-023681,control,mobile,9,0
S-023682,control,desktop,10,0
S-023683,treatment,mobile,1,0
S-023684,treatment,desktop,1,0
S-023685,treatment,mobile,4,0
S-023686,control,desktop,8,0
S-023687,control,desktop,13,1
S-023688,control,mobile,11,0
S-023689,control,desktop,2,0
S-023690,treatment,mobile,6,0
S-023691,treatment,mobile,14,0
S-023692,treatment,mobile,14,0
S-023693,control,mobile,2,0
S-023694,treatment,desktop,8,0
S-023695,treatment,mobile,8,0
S-023696,control,mobile,12,0
S-023697,treatment,desktop,3,0
S-023698,treatment,mobile,7,0
S-023699,control,desktop,4,0
S-023700,control,desktop,12,1
S-023701,treatment,mobile,9,0
S-023702,treatment,mobile,1,0
S-023703,control,mobile,7,0
S-023704,control,desktop,5,0
S-023705,control,mobile,9,0
S-023706,treatment,mobile,10,0
S-023707,control,desktop,14,0
S-023708,treatment,desktop,13,0
S-023709,treatment,mobile,8,0
S-023710,control,mobile,2,0
S-023711,treatment,mobile,11,0
S-023712,control,mobile,7,0
S-023713,treatment,mobile,14,0
S-023714,control,desktop,13,0
S-023715,control,desktop,11,0
S-023716,treatment,mobile,11,0
S-023717,treatment,mobile,11,0
S-023718,control,desktop,8,0
S-023719,treatment,mobile,2,0
S-023720,control,desktop,3,0
S-023721,control,desktop,7,0
S-023722,control,mobile,2,0
S-023723,control,desktop,5,0
S-023724,treatment,mobile,6,0
S-023725,control,desktop,12,0
S-023726,control,desktop,11,1
S-023727,treatment,mobile,14,0
S-023728,treatment,mobile,2,0
S-023729,treatment,desktop,9,0
S-023730,control,desktop,6,0
S-023731,control,desktop,12,0
S-023732,treatment,desktop,5,0
S-023733,control,desktop,5,0
S-023734,treatment,mobile,11,0
S-023735,control,desktop,8,0
S-023736,treatment,mobile,7,0
S-023737,control,mobile,12,0
S-023738,treatment,mobile,5,0
S-023739,control,mobile,3,0
S-023740,control,mobile,1,0
S-023741,control,desktop,1,0
S-023742,treatment,mobile,4,0
S-023743,treatment,mobile,5,0
S-023744,treatment,mobile,7,0
S-023745,control,desktop,5,1
S-023746,treatment,mobile,1,0
S-023747,treatment,mobile,6,0
S-023748,treatment,mobile,1,0
S-023749,treatment,mobile,7,0
S-023750,control,desktop,1,0
S-023751,control,desktop,8,0
S-023752,treatment,mobile,1,0
S-023753,treatment,mobile,11,0
S-023754,treatment,mobile,7,0
S-023755,treatment,desktop,14,0
S-023756,control,desktop,7,0
S-023757,control,desktop,12,0
S-023758,control,desktop,13,0
S-023759,control,desktop,5,0
S-023760,treatment,mobile,5,0
S-023761,control,desktop,7,0
S-023762,control,desktop,4,0
S-023763,treatment,mobile,1,0
S-023764,treatment,mobile,1,0
S-023765,control,mobile,13,0
S-023766,treatment,mobile,3,0
S-023767,treatment,mobile,6,0
S-023768,control,desktop,12,0
S-023769,treatment,mobile,5,0
S-023770,control,desktop,4,0
S-023771,control,desktop,1,0
S-023772,control,desktop,12,0
S-023773,control,mobile,11,0
S-023774,control,desktop,5,0
S-023775,treatment,mobile,11,0
S-023776,control,desktop,1,0
S-023777,control,desktop,5,0
S-023778,control,mobile,13,0
S-023779,treatment,mobile,3,0
S-023780,control,mobile,9,0
S-023781,control,desktop,4,0
S-023782,treatment,mobile,11,0
S-023783,control,mobile,2,0
S-023784,treatment,mobile,5,0
S-023785,treatment,mobile,3,0
S-023786,control,mobile,10,0
S-023787,treatment,mobile,1,0
S-023788,control,desktop,1,0
S-023789,control,desktop,6,0
S-023790,control,desktop,2,1
S-023791,control,desktop,8,1
S-023792,treatment,mobile,5,0
S-023793,control,desktop,7,0
S-023794,treatment,mobile,8,0
S-023795,treatment,mobile,10,0
S-023796,control,desktop,10,0
S-023797,control,desktop,9,0
S-023798,control,mobile,9,0
S-023799,control,desktop,9,1
S-023800,treatment,mobile,6,0
S-023801,treatment,mobile,1,0
S-023802,treatment,mobile,14,0
S-023803,treatment,mobile,1,0
S-023804,treatment,mobile,5,0
S-023805,control,desktop,1,0
S-023806,control,desktop,10,0
S-023807,control,desktop,11,0
S-023808,treatment,mobile,10,0
S-023809,treatment,mobile,10,0
S-023810,treatment,mobile,12,0
S-023811,control,desktop,5,0
S-023812,treatment,mobile,8,0
S-023813,treatment,mobile,4,1
S-023814,control,desktop,6,0
S-023815,control,mobile,12,0
S-023816,treatment,mobile,4,0
S-023817,control,desktop,7,0
S-023818,control,desktop,6,1
S-023819,control,desktop,6,0
S-023820,control,desktop,5,0
S-023821,control,desktop,3,0
S-023822,treatment,mobile,11,0
S-023823,control,desktop,6,0
S-023824,control,desktop,7,0
S-023825,control,desktop,4,0
S-023826,control,mobile,2,0
S-023827,treatment,mobile,1,0
S-023828,treatment,mobile,9,0
S-023829,control,desktop,4,1
S-023830,control,desktop,5,0
S-023831,treatment,mobile,3,0
S-023832,control,desktop,12,0
S-023833,control,desktop,2,0
S-023834,treatment,mobile,14,0
S-023835,control,mobile,11,0
S-023836,treatment,mobile,8,0
S-023837,control,desktop,2,1
S-023838,treatment,mobile,3,0
S-023839,treatment,mobile,13,0
S-023840,treatment,mobile,5,0
S-023841,treatment,mobile,14,0
S-023842,control,desktop,2,0
S-023843,treatment,mobile,13,0
S-023844,control,desktop,1,0
S-023845,control,desktop,10,0
S-023846,control,desktop,8,0
S-023847,treatment,mobile,12,0
S-023848,treatment,desktop,6,0
S-023849,treatment,mobile,8,0
S-023850,control,desktop,5,0
S-023851,control,desktop,2,0
S-023852,treatment,mobile,4,0
S-023853,control,desktop,4,0
S-023854,treatment,mobile,9,0
S-023855,treatment,mobile,3,1
S-023856,control,mobile,6,0
S-023857,treatment,mobile,5,0
S-023858,treatment,mobile,11,0
S-023859,control,desktop,3,0
S-023860,treatment,mobile,9,0
S-023861,control,desktop,1,1
S-023862,treatment,mobile,11,0
S-023863,control,desktop,8,1
S-023864,treatment,mobile,14,0
S-023865,control,desktop,1,1
S-023866,control,mobile,8,1
S-023867,treatment,mobile,2,1
S-023868,control,desktop,6,0
S-023869,control,desktop,12,0
S-023870,treatment,desktop,13,0
S-023871,control,desktop,2,0
S-023872,control,desktop,2,0
S-023873,control,mobile,9,0
S-023874,control,desktop,7,0
S-023875,treatment,mobile,13,0
S-023876,control,mobile,11,0
S-023877,treatment,mobile,6,0
S-023878,treatment,mobile,7,0
S-023879,control,desktop,12,0
S-023880,treatment,mobile,9,0
S-023881,treatment,mobile,12,0
S-023882,treatment,mobile,4,1
S-023883,treatment,mobile,3,0
S-023884,control,desktop,3,1
S-023885,control,mobile,14,0
S-023886,treatment,mobile,3,1
S-023887,treatment,mobile,11,0
S-023888,control,desktop,1,0
S-023889,treatment,mobile,13,0
S-023890,control,mobile,8,0
S-023891,treatment,mobile,2,0
S-023892,control,desktop,14,0
S-023893,treatment,mobile,13,0
S-023894,treatment,mobile,12,0
S-023895,treatment,mobile,11,0
S-023896,control,desktop,5,0
S-023897,control,mobile,10,0
S-023898,control,mobile,9,0
S-023899,control,desktop,6,0
S-023900,treatment,mobile,13,0
S-023901,control,desktop,8,0
S-023902,control,desktop,10,0
S-023903,treatment,mobile,11,0
S-023904,control,desktop,5,0
S-023905,treatment,mobile,7,0
S-023906,treatment,mobile,9,1
S-023907,control,desktop,2,0
S-023908,treatment,mobile,4,0
S-023909,control,desktop,8,0
S-023910,control,mobile,4,0
S-023911,control,desktop,6,0
S-023912,treatment,mobile,7,0
S-023913,treatment,mobile,7,0
S-023914,control,mobile,4,0
S-023915,control,desktop,8,0
S-023916,control,desktop,12,0
S-023917,control,desktop,12,0
S-023918,treatment,mobile,1,0
S-023919,control,mobile,4,0
S-023920,treatment,mobile,13,0
S-023921,treatment,mobile,13,0
S-023922,control,mobile,10,0
S-023923,control,desktop,1,1
S-023924,control,mobile,11,0
S-023925,control,desktop,11,0
S-023926,treatment,mobile,12,0
S-023927,treatment,mobile,7,0
S-023928,treatment,desktop,2,0
S-023929,control,desktop,12,0
S-023930,control,mobile,13,0
S-023931,control,desktop,2,0
S-023932,control,desktop,12,0
S-023933,treatment,mobile,1,0
S-023934,treatment,mobile,6,0
S-023935,treatment,desktop,11,0
S-023936,treatment,mobile,9,0
S-023937,treatment,mobile,11,0
S-023938,control,desktop,13,1
S-023939,control,desktop,3,1
S-023940,treatment,mobile,10,0
S-023941,treatment,mobile,12,0
S-023942,control,desktop,5,0
S-023943,control,desktop,7,0
S-023944,control,desktop,6,1
S-023945,treatment,mobile,11,0
S-023946,control,mobile,10,0
S-023947,treatment,desktop,3,0
S-023948,treatment,mobile,2,0
S-023949,treatment,mobile,1,0
S-023950,treatment,mobile,1,0
S-023951,treatment,mobile,12,0
S-023952,treatment,desktop,10,0
S-023953,treatment,mobile,5,0
S-023954,treatment,desktop,10,0
S-023955,control,desktop,14,0
S-023956,control,desktop,12,0
S-023957,control,desktop,8,0
S-023958,control,mobile,5,0
S-023959,control,desktop,6,0
S-023960,treatment,mobile,9,0
S-023961,control,desktop,5,0
S-023962,treatment,desktop,13,0
S-023963,treatment,mobile,1,0
S-023964,control,desktop,6,0
S-023965,treatment,desktop,14,0
S-023966,control,desktop,11,0
S-023967,treatment,mobile,8,0
S-023968,treatment,mobile,2,0
S-023969,control,desktop,14,0
S-023970,treatment,mobile,2,0
S-023971,treatment,mobile,2,0
S-023972,treatment,desktop,13,0
S-023973,treatment,mobile,13,0
S-023974,control,desktop,10,0
S-023975,control,desktop,14,0
S-023976,treatment,mobile,14,0
S-023977,control,mobile,3,0
S-023978,control,desktop,11,0
S-023979,control,desktop,3,0
S-023980,control,desktop,7,0
S-023981,treatment,mobile,1,0
S-023982,control,desktop,12,0
S-023983,treatment,mobile,5,0
S-023984,treatment,mobile,6,0
S-023985,control,desktop,1,0
S-023986,control,desktop,9,0
S-023987,treatment,mobile,5,0
S-023988,control,desktop,7,0
S-023989,treatment,mobile,14,0
S-023990,control,desktop,8,0
S-023991,control,desktop,9,0
S-023992,control,desktop,10,1
S-023993,treatment,mobile,9,0
S-023994,treatment,mobile,13,0
S-023995,treatment,mobile,3,0
S-023996,control,desktop,4,0
S-023997,control,desktop,5,0
S-023998,treatment,mobile,11,0
S-023999,control,desktop,3,0
S-024000,control,desktop,4,0
