reading_id,vibration_x,vibration_y,acoustic_db,current_amp,humidity_pct,dust_index,temp_c,pressure_kpa,machine
1,3.3526,4.3481,-0.5627,0.1598,0.6961,0.7645,46.54,340.25,C
2,9.858,9.6173,2.3023,2.49,2.7885,2.7466,54.66,420.12,C
3,-3.1319,-3.2825,2.1694,2.2639,1.8286,1.8302,44.43,335.18,B
4,1.468,2.5707,4.1246,3.3715,4.6144,3.995,50.92,379.61,D
5,-1.4194,-1.7042,1.5691,1.113,-0.9539,-0.9163,39.55,317.08,C
6,-8.6415,-8.2866,0.9758,0.9461,1.1618,0.3076,34.6,268.5,B
7,2.2958,3.2945,-0.007,-1.3822,-0.146,0.7049,44.27,346.16,B
8,-6.208,-6.9639,-0.3566,0.9916,2.4722,1.0377,38.27,303.48,C
9,-2.8556,-2.1074,-3.5602,-3.3163,0.768,0.8512,36.1,270.18,C
10,11.6952,11.8962,6.4627,7.5896,3.2796,3.7772,61.83,488.23,C
11,1.8446,0.781,1.2652,-0.1581,-1.5379,-0.8341,42.62,313.02,C
12,1.1719,0.3931,1.2195,0.1823,-1.7746,-0.3933,44.45,283.62,C
13,2.2953,1.7855,1.0908,0.4194,-0.2932,0.5324,44.8,337.29,C
14,-3.6601,-5.9538,-8.4961,-7.6602,-2.0764,-2.3842,26.96,192.59,B
15,-2.9326,-2.7301,-2.8711,-1.8279,2.1562,0.3895,39.23,276.86,B
16,-11.5332,-11.4656,0.7968,2.3104,0.4778,1.5647,34.49,250.89,D
17,4.7312,3.3732,1.0713,1.2797,-0.7472,-0.1348,44.77,349.61,D
18,0.1077,0.3282,0.9109,-0.1568,-0.8395,0.2315,42.67,325.94,B
19,0.0237,0.0022,0.1122,-1.4742,0.9506,-0.0431,43.61,278.93,A
20,-10.8232,-10.8278,-5.2574,-3.5566,-0.5956,-1.3228,24.38,221.43,C
21,-2.1886,-1.8805,0.5233,0.4048,0.5273,0.1318,45.41,302.92,B
22,1.7918,1.1677,2.0224,2.3346,0.0791,-0.2289,44.31,337.75,C
23,-4.2591,-6.1245,-3.5005,-4.018,-3.9075,-2.6782,32.15,237.28,B
24,-5.3723,-5.0167,-1.0631,-0.9127,-0.4322,-0.3629,30.64,257.85,B
25,-8.6602,-7.7722,-0.7081,-0.6734,-0.0224,0.6659,31.58,241.1,B
26,-0.5588,-1.0182,-3.3663,-4.1952,1.416,0.449,34.61,274.46,C
27,-7.5545,-7.0533,-1.1838,-0.2287,-0.7606,-0.8763,35.05,241.55,B
28,-3.5875,-3.0015,-3.2226,-4.0126,-1.0739,-1.304,35.13,251.31,B
29,-3.3903,-4.2313,-1.0624,-1.1044,0.3243,-0.1904,38.3,278.79,B
30,0.2578,1.5654,3.4311,3.371,-1.1811,0.0408,45.07,329.21,C
31,-0.6351,0.2217,0.3742,-0.8146,-0.0127,-0.3086,42.2,293.76,B
32,2.3645,2.992,4.1626,4.3763,1.2887,1.4362,49.37,371.24,A
33,1.0886,1.265,-1.4011,-1.6241,2.2023,1.9682,46.46,322.5,C
34,-0.7883,-0.8896,-3.947,-3.2102,0.2464,-0.7249,41.52,252.45,A
35,-7.0878,-7.5778,-4.8267,-5.2044,2.6517,2.089,36.29,268.73,A
36,0.5419,0.5415,-0.2086,-0.398,0.3689,0.4923,41.02,326.92,A
37,-0.1919,-0.0337,-3.8044,-4.6238,-1.553,-1.0742,38.11,296.47,B
38,-2.7864,-2.8362,-0.0794,1.0274,0.6743,2.9594,42.1,286.3,D
39,1.6148,1.6035,3.9539,3.6482,-1.7026,-0.9501,47.31,358.21,B
40,-4.8392,-6.0651,-3.3677,-2.5429,-1.1051,-1.3603,34.78,257.48,B
41,2.846,1.7583,-1.8253,-1.8552,0.8099,0.8407,44.32,313.79,C
42,-12.6031,-12.367,-2.2463,-0.9099,-0.4473,-1.7942,26.48,196.23,D
43,-3.7258,-2.7597,-1.4152,-0.7571,0.3288,-0.8055,37.41,268.99,B
44,9.2356,10.1067,2.1965,1.298,2.5275,2.9144,52.02,408.64,C
45,-5.543,-4.8769,-2.0939,-0.8724,-0.3751,-1.4564,35.93,263.92,D
46,-7.3319,-6.7362,0.5225,-0.4456,-0.6211,-1.072,33.45,252.79,D
47,2.38,2.2117,2.3422,2.8811,2.2176,1.5589,47.93,327.41,B
48,-8.7833,-8.0822,4.3246,3.3547,0.6737,-0.2877,38.12,311.81,D
49,7.5611,7.1817,2.551,1.4081,3.4137,3.1899,54.08,356.65,D
50,6.4853,6.3172,-5.1911,-3.4719,-1.3281,-0.3536,45.2,308.23,C
51,1.5135,2.4478,1.8912,2.2273,1.3245,-0.1496,47.59,333.39,B
52,2.2613,2.4125,1.5522,0.464,-1.1964,0.4581,43.55,345.84,A
53,5.854,6.2059,4.6393,2.5521,0.7926,1.2402,49.23,401.82,A
54,6.3427,5.1445,-2.462,-1.7868,0.9162,1.2057,44.35,314.84,B
55,1.4666,1.0089,-0.7065,-0.1251,-0.221,-0.2976,45.32,297.44,A
56,-7.1761,-6.1407,-2.6569,-2.299,-1.3941,-2.5579,32.15,260.87,A
57,2.7115,4.0216,-1.3735,-1.4223,-2.8558,-2.525,40.97,304.76,D
58,4.4237,4.1073,0.1712,0.0657,3.3805,2.282,49.82,334.14,C
59,-0.4939,-1.548,3.8474,4.5957,1.2311,1.8256,46.82,353.68,A
60,5.6613,5.5921,2.8508,3.1759,1.6533,2.293,50.13,402.01,C
61,-6.4113,-7.329,-1.7542,0.4044,0.6873,-0.5453,35.97,268.24,A
62,4.2643,4.573,0.9077,1.5487,1.386,1.7596,47.44,368.48,C
63,5.659,5.9027,1.7135,2.0189,2.5919,3.8656,54.54,387.55,D
64,-1.9127,-1.9418,-2.2127,-2.0967,1.1589,1.5011,40.0,295.99,B
65,-0.3185,-0.7334,4.0686,3.3749,1.1213,1.9877,49.0,365.6,C
66,7.1011,6.4862,2.2587,1.9058,3.0504,2.876,51.43,367.39,D
67,5.4391,6.8877,-1.0729,0.0425,-1.3807,-0.7816,44.31,352.33,C
68,-1.8386,-0.3073,1.6294,1.4569,1.0751,1.2457,42.17,331.06,B
69,-2.1202,-2.0925,-0.5435,-0.7061,-2.4129,-1.5022,33.82,293.08,D
70,3.3944,2.9023,-1.2376,-0.4221,1.2385,1.8268,47.34,349.38,B
71,-0.0807,0.7186,2.6245,1.3283,0.3215,-0.3352,43.17,328.48,B
72,-3.9283,-4.8612,0.5515,0.5454,1.9994,0.3389,39.29,256.65,D
73,-1.5947,-2.1263,1.0829,-0.0607,-2.7092,-1.3314,38.15,269.91,D
74,-3.3577,-2.4223,-3.0013,-1.5746,-0.0901,-0.6447,37.15,280.34,C
75,4.769,4.4716,-1.0852,-1.788,-0.1258,-0.5349,44.63,325.77,C
76,1.6588,2.1339,-2.9773,-2.7232,-0.6442,-0.4011,41.25,287.88,C
77,1.7158,1.996,1.3152,1.837,1.3231,-1.5244,45.73,359.12,B
78,-5.3477,-4.3545,-1.6992,-2.0609,0.4652,-0.4007,36.48,265.56,B
79,-4.8624,-5.2599,0.0048,-1.0902,-1.9116,-2.3079,33.83,265.4,C
80,-8.7605,-8.6925,-3.8029,-3.1886,0.9882,0.3045,28.9,220.44,D
81,1.7485,1.535,5.3598,4.1863,-0.5065,-0.173,47.96,381.18,D
82,-4.996,-4.6229,-1.6568,-1.5178,0.6358,-0.1294,36.71,278.85,B
83,6.2693,5.2039,-3.5789,-1.7013,1.2018,0.8852,46.61,306.91,A
84,-2.7563,-2.7242,-2.9375,-2.1099,0.1475,-0.3805,36.88,218.15,B
85,-7.3235,-8.5815,-2.5066,-0.4712,-0.4929,0.0124,33.72,236.72,D
86,-3.1849,-3.6828,-3.3654,-4.1164,-1.2015,-1.0452,35.23,251.94,A
87,0.3746,0.7661,0.9475,-0.8152,-0.7182,-0.6315,42.39,307.06,B
88,3.0267,2.8326,1.085,0.8278,-0.5701,0.0529,45.99,345.36,A
89,3.5903,1.6728,1.5588,2.7301,2.2477,3.2148,50.14,342.26,C
90,-1.3843,0.7206,-0.0579,-1.1672,0.2553,0.6783,39.98,305.06,A
91,10.9859,10.9804,-0.6455,-0.5266,-1.6228,-1.1794,47.59,355.2,A
92,2.0484,2.3766,-0.4086,0.9575,-0.9772,-0.5295,45.14,333.97,C
93,-0.5679,-1.1997,-0.0249,-0.5409,0.5276,0.3677,38.41,290.82,A
94,4.5719,3.9822,-1.5774,-1.9312,-1.2088,0.179,45.96,331.91,A
95,1.6351,2.5809,0.1803,-1.3346,-2.4998,-1.4769,41.22,313.42,B
96,0.3509,0.4216,4.6772,3.9087,-0.7429,-0.395,49.16,392.93,D
97,0.9833,1.7657,1.701,2.4986,1.9563,1.5071,48.08,376.74,A
98,5.6133,5.106,-3.8014,-4.253,-1.6835,-0.2769,41.81,302.68,C
99,3.925,3.7273,3.0505,2.0878,-0.5888,0.2141,47.41,389.14,C
100,6.7406,7.4143,0.5392,-0.223,1.9677,1.0484,52.58,327.07,B
101,0.3453,0.1514,4.6842,4.2371,1.3194,2.6198,47.5,384.48,A
102,-0.9457,0.1031,0.237,-0.5538,-0.5734,-1.1806,40.03,287.77,A
103,0.5865,-0.0235,-1.4418,-2.3114,0.1167,-0.8909,42.69,318.63,B
104,5.8666,6.2551,-1.6615,-1.7664,-0.7389,-0.0989,44.25,347.46,B
105,1.8439,1.655,4.6831,4.9845,0.9729,0.9783,49.15,366.59,D
106,-4.7218,-4.3481,-0.1918,-0.5418,1.0157,0.1896,38.04,302.15,C
107,14.4544,13.5922,5.7557,4.748,-2.0306,1.555,62.03,444.82,A
108,-0.6262,-2.1049,-0.2694,-0.0069,0.6405,1.3589,38.82,317.99,B
109,2.3497,1.3767,2.2292,0.9841,0.2286,0.2638,44.31,330.32,C
110,0.2527,1.3022,-2.4205,-1.5331,-1.513,0.0538,36.73,272.87,A
111,2.5725,1.4037,-2.3475,-2.6057,2.5243,0.422,40.64,297.26,D
112,-0.535,-0.0757,2.081,1.5074,-1.0386,-1.059,42.06,326.73,B
113,-9.1943,-8.6771,-2.6485,-2.3259,-0.3494,-0.2211,32.14,228.81,D
114,0.5835,2.139,-0.0945,-0.9479,-0.3286,-0.4247,44.1,311.36,A
115,-1.8068,-3.2357,-1.6205,-0.3856,-1.3012,-1.3847,38.18,272.1,B
116,-3.2575,-3.1367,-4.3024,-2.5384,-0.6388,-2.1758,37.51,287.9,C
117,-6.2465,-5.4896,-5.6848,-4.2676,-1.1679,-1.3843,30.5,232.98,D
118,2.7548,3.316,2.3206,2.5459,2.6864,2.0001,48.58,331.71,C
119,6.7391,5.3275,4.8001,3.2443,-0.9895,-1.7089,51.52,388.91,D
120,-5.1955,-4.2155,4.9286,5.2055,1.8475,2.2637,48.31,357.56,D
121,7.1445,7.1902,1.871,2.3973,-0.2329,-0.3066,48.93,352.08,C
122,0.8587,1.3183,-3.6859,-3.8699,-0.5756,-1.6887,39.75,271.37,A
123,-0.5501,-1.5552,-2.6902,-1.0423,-1.3443,-1.7079,36.42,273.81,D
124,-4.1365,-4.0398,-3.8873,-4.026,-1.6132,-1.7955,33.27,210.93,A
125,-3.7726,-4.4444,0.855,0.2212,-3.0982,-2.6342,33.92,269.06,A
126,3.2984,2.8039,1.5119,1.6026,1.646,2.3118,46.23,361.93,A
127,-2.694,-2.9261,2.578,1.3007,-2.1632,-1.3525,45.07,302.98,C
128,6.1932,5.5557,-1.2311,-1.2896,-1.8524,-1.8721,38.34,349.3,B
129,0.1011,0.4807,2.4151,2.1919,-0.9758,-1.3545,46.58,309.35,C
130,3.4026,2.4713,3.7601,4.8556,1.5969,0.5839,49.06,363.0,B
131,-7.7222,-7.464,0.1567,0.7198,0.6541,-0.6342,34.49,279.12,A
132,9.7964,10.2481,2.6303,0.6641,2.7473,2.738,57.43,425.02,D
133,6.5623,5.7307,4.1407,3.1153,-0.3907,-0.1872,52.92,406.0,D
134,-5.0699,-6.4419,1.6117,1.3005,0.824,0.127,37.43,314.11,A
135,-4.45,-4.1418,-1.2908,-0.0406,1.0666,0.1457,36.16,277.5,A
136,7.0687,7.8735,-0.5755,-0.621,0.0914,0.4471,48.34,368.77,C
137,3.7976,2.1993,3.0501,3.4712,-0.8842,-0.3881,46.67,350.54,C
138,1.6332,2.0791,-4.7788,-2.8209,-2.4828,-1.3919,38.25,256.84,C
139,0.9356,1.7467,-2.6854,-2.1051,1.77,1.7163,42.27,300.4,A
140,-0.9549,-0.533,-1.8887,-1.5131,-1.5473,-2.679,37.27,288.33,A
141,-0.0106,-0.726,-0.7446,-0.2002,-0.4171,-0.5624,40.86,320.43,D
142,1.608,0.8369,4.3905,2.9654,1.8076,2.3478,49.33,356.41,C
143,11.2074,9.8908,6.0956,4.5846,3.106,3.3569,57.93,431.08,A
144,-1.6105,-0.8593,-0.6663,-1.4607,-0.6814,-0.6061,40.19,303.72,D
145,-0.2988,-0.0858,-0.2767,0.8648,-0.7697,-1.0765,39.4,303.46,B
146,1.068,0.0389,3.1303,2.8873,0.4235,1.212,47.24,361.74,D
147,-5.7108,-3.8312,-2.4524,-1.355,0.1004,-0.0734,35.59,274.24,C
148,1.2049,1.3608,2.9903,2.6366,1.2353,0.8823,45.67,347.12,C
149,-0.6514,-0.2243,6.1463,4.3733,0.3545,1.2193,45.6,357.72,B
150,-5.5919,-3.3915,-4.6248,-2.5006,0.2643,-0.025,35.35,252.99,A
151,9.4039,7.6882,-1.5833,-1.2357,0.9232,1.6594,50.61,341.82,D
152,10.8732,9.5769,4.0921,4.4787,3.0906,2.6237,57.27,449.92,D
153,-1.4922,-1.2325,-3.6408,-2.7527,-1.347,-0.3703,34.56,275.83,C
154,1.81,2.8206,3.9214,4.9484,0.452,2.4854,48.17,377.03,D
155,-2.4296,-2.1118,-3.7908,-2.9533,0.5223,0.1725,36.0,285.03,A
156,-4.577,-4.8775,-0.0823,0.9675,3.0196,3.2492,38.19,304.54,D
157,-7.9743,-8.233,0.825,0.189,0.5057,0.3374,38.8,269.1,D
158,-2.0769,-1.397,1.3733,1.5225,-2.4615,-0.7505,37.67,289.6,D
159,2.2872,2.0645,1.0674,1.2416,-1.1256,-0.5196,41.94,331.25,D
160,-5.303,-5.4429,0.9293,1.2221,-1.7488,-1.5516,38.05,271.58,D
161,2.0872,1.3789,0.0148,1.1141,0.7238,2.1665,44.77,328.9,C
162,8.3638,7.3015,-2.2793,-1.924,-0.3273,-0.6224,48.0,327.18,B
163,7.3023,6.001,1.5822,1.0588,-0.0583,0.7718,52.05,392.23,B
164,13.9139,13.6629,4.0095,3.3193,-0.4177,2.172,59.31,403.66,B
165,-3.4569,-2.2281,-0.2806,0.7943,-0.5904,-0.9429,39.63,265.72,C
166,-14.3827,-14.1798,-5.6229,-4.2108,1.1689,-0.8421,26.21,183.68,C
167,-5.6363,-4.3645,3.7327,3.647,0.3605,-1.1336,43.11,330.24,D
168,-6.2636,-5.8025,-3.1382,-2.8057,-1.3467,-1.486,32.35,239.59,D
169,5.4999,4.4103,-2.5169,-3.688,-1.0014,-0.0016,42.04,304.23,C
170,-0.3257,-0.2162,0.9505,0.6377,-0.7887,0.7025,42.18,289.56,C
171,3.6285,4.8269,-1.4163,-0.3189,0.2068,0.5399,44.28,331.91,A
172,8.9233,7.4542,1.9773,1.0355,0.3147,0.0863,48.83,384.03,A
173,-0.1973,-0.4705,-2.0255,-1.9845,-0.6232,-0.4388,41.58,259.32,A
174,2.4595,2.6117,3.7006,3.5184,0.1779,0.528,47.03,357.62,D
175,4.5088,4.3528,0.8979,1.0242,-1.8692,-0.1943,47.01,332.56,A
176,2.4087,2.6749,-2.0487,-1.6775,0.6955,-1.3293,44.19,304.92,A
177,-2.068,-3.3406,3.1373,3.0739,-1.2524,-0.4983,44.1,304.61,D
178,10.9062,11.0645,4.1759,3.6968,0.3105,1.8269,54.21,419.43,C
179,-2.3509,-3.1991,-4.693,-3.6607,0.9694,-0.1426,35.52,261.56,B
180,-0.5615,-0.4614,-0.1022,-0.5847,-1.456,0.2315,40.71,318.71,A
181,-0.3604,-0.7604,-2.2013,-1.9775,-1.0633,-1.5396,38.42,283.45,A
182,-0.3546,-0.6076,-1.1369,-1.1649,0.5053,0.1996,40.74,320.94,B
183,8.9104,7.8059,1.7069,2.5639,2.1979,1.6516,56.32,403.67,A
184,-4.0005,-4.802,-5.412,-3.45,-2.8372,-2.9741,34.06,228.44,C
185,-4.1981,-2.631,0.0729,1.1356,-1.2614,-1.6349,38.71,280.85,B
186,1.6901,1.5667,2.3489,1.601,-2.4645,-2.8035,42.43,329.37,D
187,11.4129,12.6025,1.7009,0.5377,-0.3873,0.6957,54.15,364.84,D
188,1.6299,2.3976,-2.1272,-1.2459,0.4846,-0.5147,43.4,294.42,D
189,-5.0614,-4.9117,-1.6117,0.628,2.6858,2.6588,38.41,273.85,D
190,4.8411,4.5261,3.3808,2.3942,1.1027,2.5483,49.61,376.63,C
191,-3.5621,-4.5631,-0.6975,-1.6995,0.0515,-0.8236,39.08,274.71,C
192,1.4191,1.7024,-1.8119,-1.1236,-1.6899,-2.5288,38.52,244.06,D
193,6.2944,6.4849,2.2741,1.2466,1.8431,-0.4605,48.67,364.96,C
194,8.4075,7.1015,-0.7096,-0.7259,0.7462,-0.5622,47.39,362.6,C
195,-4.1919,-4.9534,-4.0747,-2.5281,-1.4083,-0.2113,30.6,235.92,D
196,3.2877,4.0017,-0.5638,-1.3139,-0.0465,-0.0618,45.08,328.01,C
197,0.6875,1.057,4.9416,5.7371,-0.1731,0.5076,47.96,350.9,A
198,-2.7655,-0.5571,-2.5189,-2.7429,0.1408,0.3385,39.63,265.79,A
199,9.3558,7.8287,0.6964,1.3436,-1.3683,-0.4062,50.13,351.34,C
200,-7.6673,-7.2683,0.4491,1.4127,1.4959,1.3275,36.18,257.4,D
201,1.121,1.5121,-0.4962,-1.0932,0.3368,0.7848,43.55,308.31,C
202,-1.4626,-1.1502,1.9812,2.5768,1.8996,2.0645,44.44,329.87,B
203,8.7781,7.8628,2.2505,0.8571,-0.6216,-0.7517,49.33,384.28,D
204,2.1882,3.365,-1.926,-1.9359,-0.135,0.316,45.62,306.13,C
205,0.9018,0.3635,2.1948,1.3702,1.9489,1.6383,47.56,361.85,B
206,0.8336,1.9547,1.3981,2.1315,0.0756,-1.4962,44.46,328.4,D
207,0.0712,-0.2109,-1.3198,-1.0811,1.4649,0.1588,42.67,314.9,D
208,1.1698,1.2627,1.3275,0.5224,0.806,-0.0286,44.24,310.2,A
209,-11.3809,-10.4275,-3.605,-4.4365,-2.5164,-3.1365,29.15,183.49,A
210,0.3246,0.8877,3.2955,1.7647,0.2243,0.6765,43.76,347.94,C
211,5.7063,5.8981,4.8822,4.0155,1.6442,1.6927,54.42,392.63,A
212,-8.5221,-9.5377,-0.6629,0.2713,-2.0984,-3.0223,31.76,240.65,B
213,-1.4806,-0.5622,-1.8856,-2.1695,-0.0593,-1.4854,39.56,263.24,D
214,6.2653,6.0413,0.3869,0.8711,0.4994,-0.6184,48.18,362.28,B
215,-6.0608,-5.8697,-1.9225,-0.3225,0.4724,-0.0939,33.09,259.56,D
216,-8.2073,-6.2514,-0.2658,1.0871,1.9982,0.2712,36.43,312.12,C
217,-1.0974,-0.0651,1.6676,1.8326,1.3882,1.6368,45.33,343.28,B
218,1.932,1.0831,3.8022,3.8944,0.4832,0.7013,48.24,367.21,A
219,-0.09,-0.3997,-1.4343,-1.8152,1.5699,2.5429,40.1,313.54,C
220,5.6712,5.3591,1.9273,1.7503,-1.8001,-0.9506,47.12,340.0,B
221,-0.9991,-0.7559,1.6117,0.7313,0.2187,0.5137,43.42,319.11,D
222,-0.5792,-1.2815,3.9497,4.0282,1.2564,1.7698,45.64,389.3,B
223,5.6096,6.4901,4.4285,3.3258,1.2064,0.3251,50.07,409.28,A
224,-3.2517,-2.4159,-0.6465,-1.9406,0.1699,-0.2198,37.08,257.59,A
225,3.6643,4.3455,1.8043,1.1021,0.3572,1.9,46.76,346.15,A
226,-8.8358,-8.7059,1.8378,0.9932,-2.6986,-3.2492,33.87,243.72,A
227,-0.5274,0.487,2.0565,0.8073,-0.2525,-1.0117,46.65,337.46,B
228,-2.7553,-2.0743,1.7904,1.9409,-0.5276,-0.1734,41.3,291.3,C
229,0.5851,1.0919,-2.9493,-1.9245,0.4015,2.1918,44.85,315.8,B
230,1.0564,1.8418,-2.7908,-1.2676,0.7609,0.7652,44.86,309.37,A
231,1.1458,1.9879,1.5507,1.4366,1.9589,0.465,42.42,324.35,D
232,-7.8147,-7.922,0.0286,0.7118,0.1893,0.3252,35.9,252.18,B
233,-4.8606,-4.3326,-2.3798,-2.1423,0.1163,0.2266,37.76,255.28,A
234,-2.267,-2.2298,-4.7354,-4.6177,-0.3535,-2.0712,36.85,242.7,C
235,0.7365,0.7168,1.575,1.9766,2.6466,3.879,46.2,360.08,C
236,-5.5387,-6.7281,2.0751,1.7867,-0.7752,-0.2018,38.02,290.6,D
237,5.5204,5.799,1.9074,0.4489,-0.5932,0.5758,51.22,334.28,B
238,3.0631,-0.3355,-0.1156,-0.5142,1.1057,1.1209,43.02,293.12,A
239,-4.7184,-5.1332,-5.1837,-3.9364,-0.2794,-0.4381,31.27,231.61,C
240,-5.6017,-5.3267,-2.2864,-3.0268,-1.188,-2.0031,30.72,252.88,D
241,-2.7622,-1.2038,2.4113,2.1488,1.3814,1.359,42.25,359.89,D
242,-1.3822,-2.6105,3.8596,3.4197,0.4653,1.6577,46.9,335.68,C
243,14.1169,12.1509,-2.3544,-2.3876,-0.1917,0.0264,51.86,355.43,A
244,4.1273,4.3567,0.7196,0.2889,-0.8463,0.2368,41.51,341.34,A
245,-2.995,-3.4657,-0.526,-0.3641,-0.7391,-1.7785,41.84,291.32,A
246,-8.6896,-8.1432,2.6007,2.5284,0.4888,-0.2953,36.54,304.93,D
247,6.1581,4.21,2.7449,3.8812,0.6496,1.3738,54.01,368.98,D
248,-0.9109,-0.9101,3.2965,1.6636,1.1893,1.0017,45.4,329.45,A
249,-3.4829,-2.5373,-1.2054,-2.101,0.0474,-0.6322,34.84,263.27,D
250,0.9223,1.082,-2.3438,-3.2076,0.9904,0.4291,42.38,294.98,A
251,1.7134,1.8704,4.5066,3.0209,3.5435,1.8977,49.31,356.23,B
252,-4.8978,-3.9453,-2.8339,-0.4915,-1.2005,-1.677,36.3,245.64,B
253,-2.4444,-2.7215,-1.7127,-1.9143,3.3827,3.6466,38.19,275.25,C
254,-5.1746,-5.0931,-9.6772,-9.1777,-2.5789,-2.8078,23.52,200.16,A
255,-0.1814,-0.2634,4.3797,5.3469,1.2333,1.6239,46.73,334.49,B
256,-1.7081,-2.2615,-4.5458,-3.7558,0.384,-0.0137,38.5,230.32,D
257,-8.2853,-7.764,-6.4919,-6.0925,-2.1369,-2.9598,29.91,183.68,A
258,-0.9021,-0.3376,-2.2121,-2.2742,1.1552,0.0576,37.77,282.36,A
259,-9.4264,-10.43,-8.0174,-7.1262,0.2163,-0.8419,22.17,169.19,B
260,-4.8337,-4.6537,-2.3448,-2.4004,-0.0193,-0.3337,34.92,265.24,A
261,-1.0316,-1.5449,2.2324,1.8537,1.4162,-0.6433,41.89,307.28,A
262,-1.2149,0.1645,-0.9559,-2.0278,-0.0483,1.2588,43.02,286.98,B
263,-0.7513,-0.4449,-2.0868,-1.4941,0.5343,1.5024,37.78,306.36,B
264,2.5374,2.0881,-2.6988,-2.1639,-1.0143,-1.0882,37.24,285.3,C
265,3.6044,2.5508,0.5384,1.0657,1.7655,2.5178,48.22,341.38,C
266,-0.2313,0.5801,4.0936,2.5874,-3.1592,-2.6615,43.75,345.9,D
267,-3.9589,-5.1326,-4.581,-3.2706,-2.2633,-1.6638,35.9,240.39,A
268,3.1596,2.4778,3.3378,2.2879,2.1274,1.1513,48.2,356.59,D
269,-0.4019,-0.9655,-1.0487,-0.5822,0.0457,1.1217,40.25,295.59,A
270,2.181,1.5598,4.8433,4.8492,3.0655,1.7867,47.27,356.76,D
271,-0.1247,-0.4843,-2.9528,-2.4358,0.9273,1.2133,40.16,281.4,C
272,4.9376,3.9287,0.8166,1.1788,-0.1389,0.514,47.88,345.94,B
273,-3.6769,-2.8209,-1.6407,-2.2583,-2.4851,-2.4579,33.49,261.53,D
274,0.874,2.398,-2.0124,-0.7338,-0.2875,-0.6979,37.32,293.92,D
275,4.2484,3.2199,-0.0802,-0.5844,0.8551,0.3689,47.69,333.66,D
276,-1.3262,-1.0879,4.2628,2.5566,2.5475,1.5399,48.08,349.99,D
277,3.3724,1.6144,-0.0829,-0.1846,-0.134,-1.2533,41.79,312.81,A
278,5.8695,6.3645,7.5773,7.7077,0.9584,1.5311,55.53,429.12,A
279,5.6554,5.9444,1.5328,-1.1234,-3.013,-2.255,47.26,346.64,D
280,2.6949,2.5628,2.2209,3.0363,-0.4878,0.7433,48.16,378.81,D
281,-0.863,-0.2553,0.324,-0.4822,-1.64,-1.2981,39.96,328.99,A
282,-2.24,-1.0159,-3.3346,-2.577,-0.1376,0.459,36.76,289.0,B
283,-0.1429,-0.6113,-0.5767,-1.0396,-0.9286,-0.7553,42.58,306.86,A
284,4.6199,4.2565,1.8158,1.4375,-0.2788,-0.2235,46.45,374.34,D
285,1.4038,0.8599,-0.2324,-0.5822,-2.4498,-2.1829,41.58,293.12,A
286,7.8265,6.3459,7.0384,5.9005,1.8683,2.5751,59.55,454.44,D
287,2.3131,2.923,2.0348,2.6506,-0.4547,-0.8871,46.84,333.06,C
288,-5.6405,-4.887,2.0113,1.6721,-2.3104,-1.483,35.12,267.71,C
289,-4.2596,-3.8479,-1.0311,-0.5259,-1.5653,-0.7172,34.89,265.1,B
290,2.0613,2.0696,0.4474,0.8787,0.3876,0.6068,44.34,320.9,C
291,-0.7772,-0.8927,1.4647,2.5024,-0.4811,-1.1674,40.97,312.74,B
292,6.6842,5.8984,1.4547,0.936,-2.2447,-0.7607,47.49,335.7,D
293,0.7486,1.2382,-3.8766,-2.0798,-0.7568,-0.2622,43.14,276.62,C
294,5.3072,5.3837,-1.4128,0.1138,-1.8676,0.0807,43.29,299.68,D
295,2.0753,1.1749,2.1228,2.466,1.8941,1.239,44.88,358.03,C
296,-1.345,-1.9435,-2.6626,-2.6221,-1.7921,-1.164,36.1,280.25,B
297,-2.2571,-2.5907,1.4362,1.9615,-0.1464,-0.6629,40.18,310.33,A
298,-6.4145,-7.8683,-7.3522,-6.7751,-1.7911,-1.8748,26.91,211.95,C
299,-3.5906,-3.7462,-2.7531,-3.3869,-2.3284,-1.6702,34.78,257.85,D
300,5.4313,5.522,0.4695,-0.186,-1.1741,-0.0693,47.34,330.2,C
301,-2.6817,-3.4472,2.5892,3.0804,2.2262,1.4608,43.73,329.92,D
302,-0.7687,0.9235,0.7081,0.5353,-1.5744,-0.3489,41.67,325.99,A
303,-6.0158,-4.7577,-1.9605,0.6057,-1.6757,-1.0826,35.19,262.33,D
304,-5.3481,-5.151,0.5935,0.015,0.8995,1.1352,36.39,290.22,A
305,-4.4495,-4.2464,-0.6488,-0.2326,0.0945,-0.6921,39.48,249.11,A
306,-1.5501,1.3423,2.1048,1.8417,-1.329,-0.3268,45.54,306.58,C
307,-0.9131,-0.9953,0.7984,-0.6296,-2.9123,-2.6937,40.89,291.02,B
308,-1.2036,-2.1097,0.9691,0.8554,-1.7041,-1.4179,41.2,305.39,D
309,-2.7761,-2.8067,1.9661,1.6988,0.5543,-0.2117,40.35,323.57,C
310,-0.9717,-1.1901,-3.0942,-3.626,-0.9677,0.298,35.61,269.12,C
311,7.9457,8.9057,2.9949,2.2006,0.2608,1.2084,53.73,383.67,A
312,-6.7263,-7.1045,-3.176,-3.6848,-2.7714,-2.3631,28.91,235.76,D
313,-0.6257,-1.3955,-0.6215,-0.1588,-0.5625,0.2308,43.41,318.24,A
314,4.202,5.1687,3.4258,3.428,-0.0799,0.5826,51.71,392.45,C
315,6.3264,7.1226,-3.3781,-2.1154,1.2676,1.7707,43.18,360.7,A
316,2.9705,3.1667,-1.8497,-2.2686,-0.5026,-0.7009,41.71,325.95,C
317,3.0372,2.7976,1.5511,0.9297,3.0626,3.5003,50.09,343.12,C
318,14.0505,15.0584,5.4838,4.9679,1.4298,2.3004,62.13,456.08,D
319,3.8834,1.8376,0.9507,0.8633,2.0608,2.1312,46.72,334.3,D
320,14.4975,13.5307,4.1858,3.6979,1.4497,1.7493,56.68,445.18,D
321,9.6961,9.2378,3.9235,2.1966,2.4874,0.854,53.61,399.44,B
322,2.061,2.9597,-1.6402,-0.6768,-2.0529,-1.8396,42.86,303.82,B
323,-8.8734,-8.0175,-1.7356,-1.1113,0.1705,0.1698,34.65,255.15,B
324,-9.285,-8.9932,-1.4188,-0.2314,1.1943,-0.3799,30.15,261.25,C
325,-15.0283,-15.2616,-4.0511,-2.6468,-0.5154,-0.8372,23.37,194.54,D
326,5.8275,5.1435,1.2683,0.9258,0.4026,0.2261,48.38,342.98,B
327,9.9623,9.1212,4.8481,4.651,2.1095,2.4865,57.91,437.55,A
328,12.7805,13.5054,0.7146,0.1892,0.739,3.5882,55.92,386.36,D
329,13.1558,13.0996,5.6787,3.8216,0.4265,0.9042,56.39,419.49,C
330,-0.3685,0.2066,-1.4614,-1.4617,0.0951,0.1801,42.4,311.26,B
331,-4.8223,-4.1758,3.5945,2.5476,1.4722,0.2972,41.54,333.05,A
332,-3.3571,-2.4052,0.9803,1.1029,0.4154,-0.2812,39.13,317.67,B
333,5.3927,4.5339,-1.7037,-1.4139,-0.5383,-0.9608,43.52,326.04,B
334,4.8282,5.1677,-0.9057,-0.3034,-0.4168,0.3252,42.55,333.94,A
335,5.8787,4.6382,4.188,2.6247,-0.1037,-0.1308,49.85,364.94,A
336,0.658,0.8233,-0.3058,-0.9179,-0.1049,0.4141,42.11,318.83,B
337,-6.7137,-5.8437,-3.5341,-2.5732,1.0915,0.0838,34.38,206.2,D
338,4.6215,3.0611,-1.7957,-2.4032,-1.3834,-1.5747,40.07,281.05,C
339,5.5202,5.9823,0.6335,0.0485,0.9484,1.657,49.49,381.82,A
340,-3.7608,-3.5174,-2.4107,-2.9,-3.0513,-3.4612,37.02,242.04,B
341,-0.0585,-0.4664,-2.8373,-2.894,-1.5431,-2.4739,36.3,286.35,A
342,-4.2348,-3.2472,-0.603,-1.1074,1.7337,0.5091,36.95,293.8,D
343,2.9424,4.3931,0.2606,-0.8942,-2.5229,-2.9038,44.21,322.24,B
344,1.5202,1.4252,-0.429,-0.4807,-2.0109,-2.152,38.13,297.89,C
345,-2.0875,-2.4891,2.6681,2.785,-1.2866,-1.6028,39.94,343.91,B
346,3.9626,3.8163,1.369,1.327,1.2601,2.994,49.94,338.13,A
347,1.6232,0.8697,2.9967,2.8049,0.3788,0.98,45.51,333.4,D
348,2.802,1.7773,3.0388,2.2412,-0.6845,-1.1854,46.7,355.36,A
349,-6.4745,-5.614,4.9657,4.6249,2.7528,1.6539,42.66,325.69,D
350,-3.2441,-3.6579,-2.4945,-3.2071,-3.2627,-3.3609,30.88,238.54,D
351,5.5112,5.0584,0.4612,-0.3173,1.6627,-0.0336,49.04,363.96,A
352,0.3596,-0.0659,-0.5566,-0.854,-1.8889,-0.0996,43.08,321.93,B
353,-5.7118,-6.1857,-6.5114,-8.0255,-2.9203,-2.512,25.42,151.64,A
354,-2.6629,-4.3659,-2.4474,-2.7729,-0.6397,-0.1763,35.07,266.8,D
355,7.2313,7.3528,0.8131,2.2645,0.8021,0.6725,50.18,343.11,D
356,-3.8397,-4.3209,0.2256,2.0484,-0.0447,-0.6216,41.29,325.31,B
357,-3.7636,-4.293,-1.0736,-0.6475,1.5241,0.5582,36.15,265.12,D
358,-0.0339,-1.2359,-1.642,-0.4641,0.9,0.6577,38.62,285.08,D
359,-10.1009,-9.7779,0.2957,0.7562,2.2323,0.4868,34.72,248.92,B
360,-1.5568,-0.8778,5.8367,4.9916,1.438,2.1372,46.65,363.14,B
361,-10.3408,-9.6224,-7.2415,-6.4571,-3.7698,-4.5036,23.67,142.16,C
362,0.2706,1.1388,4.677,4.8431,0.5937,-0.0678,48.08,366.61,C
363,4.7665,4.6759,-4.0767,-3.6156,0.6137,0.9288,44.37,303.47,A
364,-10.0347,-8.6276,-5.4178,-4.7788,0.0525,-0.5718,30.07,178.9,D
365,5.1782,4.8641,4.5673,3.4562,1.9122,2.3366,52.6,381.38,A
366,-0.8884,-1.5335,-0.1832,0.2863,0.308,0.7213,44.98,315.47,C
367,-0.2982,-0.3262,-0.9788,-0.6806,1.9335,2.3689,42.33,313.63,D
368,3.3735,4.0132,-0.2734,0.3885,-1.7302,-1.1777,44.5,336.81,D
369,-0.1763,-1.2847,0.947,0.7964,-1.4078,-1.2492,39.52,315.41,A
370,1.207,2.383,4.5558,3.9821,0.9026,0.9582,48.5,356.46,C
371,3.7599,2.6472,4.2812,4.6171,0.8624,1.5376,50.35,367.98,B
372,-2.7687,-1.5855,1.5989,1.3218,-2.3825,-2.0161,39.3,323.31,C
373,-8.3906,-8.129,-0.6684,-0.0209,3.0937,1.9472,37.0,279.52,B
374,-3.0353,-3.5671,4.4105,5.7612,-0.2933,0.8966,46.61,351.8,A
375,-9.0818,-8.402,-3.6533,-3.5774,-1.0784,-2.0146,30.65,234.56,C
376,-3.8164,-3.5861,-1.9668,-1.3735,-1.6411,-1.8685,35.86,257.32,A
377,-11.2985,-9.9127,-0.8791,-0.0996,-0.5978,-0.1482,33.62,239.4,C
378,-0.5625,-1.2044,2.1103,2.2491,-0.1343,0.5676,46.21,336.56,A
379,2.5413,3.1633,6.2776,4.8198,0.1403,1.3061,49.42,371.26,D
380,-5.3295,-4.1092,-3.1799,-2.5073,-0.6967,-1.0833,37.26,267.29,C
381,2.2303,1.8345,-1.0263,-0.9875,0.2192,-1.2645,38.57,302.21,D
382,9.6891,10.2451,-0.064,0.3025,-0.469,0.0902,52.62,374.06,B
383,-1.4393,-1.2485,0.5873,0.788,0.0194,0.458,42.09,310.69,B
384,-8.8959,-10.2734,-1.7617,-0.776,-1.0664,-0.3535,32.12,242.19,B
385,1.5739,2.351,-1.9074,-3.0143,-0.853,-0.6387,41.21,297.41,B
386,-0.0563,-0.4628,-0.8567,-0.7851,-0.0068,1.241,43.89,330.44,D
387,4.4402,4.3673,-0.9796,-1.3614,-0.8927,0.118,44.58,287.37,B
388,-3.0219,-3.3149,3.5312,2.8303,0.457,0.843,43.45,308.64,A
389,2.849,2.823,-0.2251,-1.3261,-0.4056,-0.6087,44.23,307.44,B
390,-3.7715,-1.5928,-0.5006,-0.3489,-2.4894,-3.1063,33.97,260.2,A
391,-8.0641,-7.9439,-4.523,-4.2968,-2.0078,-2.9484,25.68,202.06,D
392,5.2677,3.6343,-0.8095,-0.4125,1.3822,1.2231,48.08,338.67,C
393,-4.6765,-4.2116,-5.3301,-6.0867,-0.9821,-1.1761,34.2,214.2,B
394,4.9244,5.4057,-0.2142,-0.7103,0.322,-0.9498,46.02,336.77,C
395,3.333,3.4517,3.4915,2.7753,0.7079,2.5689,49.25,382.88,C
396,-1.4422,-3.2149,-3.7194,-3.593,0.4418,0.8209,40.57,267.71,A
397,6.777,5.4334,-1.2234,-1.281,0.4935,0.4555,49.49,305.13,D
398,-1.6033,-3.397,-0.0314,-0.4133,1.6152,0.9063,38.56,302.21,A
399,6.7662,6.0261,0.5596,0.6783,-0.9795,-1.1652,50.61,351.26,C
400,-6.0171,-6.4982,-0.1093,-1.0742,-0.7351,-0.3463,36.85,291.64,C
401,7.003,6.7772,1.0073,-0.5245,-2.0981,-1.6498,46.53,344.9,A
402,5.5011,5.5863,2.576,3.8198,-1.5249,-1.2967,51.24,340.91,B
403,2.0728,0.7041,1.8083,2.0553,0.0436,1.0147,46.22,344.5,D
404,-3.0509,-4.3891,0.4897,0.79,-1.52,-2.0168,37.65,261.27,B
405,-11.8251,-12.0775,-0.9175,-0.6537,-2.0958,-1.884,31.26,240.58,C
406,-1.6796,-2.1322,1.1426,2.4782,1.0189,1.0373,40.03,316.03,B
407,13.4302,13.1496,5.6972,4.1542,1.3392,1.4067,57.53,451.9,C
408,-3.7825,-2.1479,1.129,1.4417,2.6539,2.3042,43.6,318.58,B
409,5.8663,5.9854,0.477,-0.8557,-1.6539,-1.6209,46.78,339.67,D
410,-5.2566,-5.8707,-1.2138,-1.6445,1.3265,-0.3021,36.77,269.26,A
411,-2.7068,-1.8255,2.9973,2.2923,-1.3286,-0.5765,43.95,317.09,A
412,6.717,7.2708,2.6579,1.1552,0.6022,0.6507,49.06,342.81,D
413,12.6009,13.4946,4.4937,2.8464,1.6077,2.0639,62.14,430.37,B
414,1.7483,2.2697,2.2484,2.5152,1.7132,1.3773,46.02,337.95,A
415,-6.5076,-6.9251,-2.4538,-1.007,-1.1732,-2.8074,32.42,242.24,A
416,2.8588,3.7253,3.4079,3.3655,1.6062,0.9087,48.29,354.13,B
417,5.0922,5.455,4.2542,4.8767,0.5806,0.8037,50.23,391.4,B
418,5.2323,4.0124,-0.5694,-2.75,-2.655,-2.7701,40.03,309.68,D
419,2.1481,1.4292,-1.9825,-1.3499,0.3377,-0.8086,40.74,303.7,B
420,-0.8757,-0.7921,2.3338,2.9886,0.1693,1.5098,43.98,345.43,B
421,-3.4972,-3.9814,-4.5232,-5.1586,-0.4566,-1.1051,31.5,206.97,D
422,3.2732,3.7782,1.8119,2.1265,-1.3254,-1.2181,45.73,347.67,A
423,4.7829,4.3365,2.8571,0.821,-2.1709,-0.103,48.53,343.78,D
424,1.3168,1.0715,-1.8941,-1.4306,-4.5003,-3.2144,40.73,289.37,C
425,-4.6657,-4.8206,-5.1856,-4.9257,0.3109,0.6108,34.41,219.96,D
426,6.0998,4.3367,2.6032,0.5398,1.9306,1.5569,51.85,351.91,C
427,10.9482,11.226,0.9418,0.6433,-2.5085,-1.7347,52.01,380.37,D
428,7.5385,7.5494,-3.0009,-2.9156,-0.5287,-0.0602,44.24,304.55,C
429,-10.7038,-10.8931,-4.6814,-4.3189,-0.746,-1.7641,30.46,196.64,C
430,-1.6185,-0.7245,0.1646,0.6161,-0.4468,-1.2857,38.21,312.64,D
431,-2.1937,-1.1351,1.081,1.5945,0.0401,-0.628,41.43,319.14,B
432,-2.0979,-2.0539,2.3065,2.8956,1.7246,1.2334,41.56,325.4,B
433,-1.864,-2.3269,0.088,0.441,0.4378,-0.2367,37.62,295.67,D
434,-2.0028,-2.1477,4.4783,3.8978,1.0361,0.5238,40.33,342.65,C
435,-0.837,0.4324,0.498,0.9159,0.6775,-0.1821,44.19,330.45,B
436,3.7517,4.4207,3.0214,2.527,1.4151,1.4695,49.07,348.66,B
437,11.9177,13.344,4.6076,4.6103,-0.5186,-0.1739,57.31,424.48,A
438,2.1693,2.7163,-1.833,-1.427,-0.0536,0.6348,42.28,325.71,A
439,-3.0912,-3.2017,1.7618,2.8472,2.2843,0.9133,43.24,326.58,D
440,6.2385,4.7864,-2.3034,-2.245,1.1627,-0.031,42.34,349.8,A
441,2.6544,2.2118,1.5497,1.1815,-1.1438,-0.0162,46.5,323.7,C
442,10.0731,9.51,0.4966,0.9647,2.0868,3.7445,48.44,369.42,C
443,5.3715,5.2889,1.065,1.0258,-2.2035,-1.5181,48.72,363.25,C
444,-12.2359,-11.1976,-0.4642,-1.1604,0.6838,-2.281,28.66,220.91,A
445,-6.4269,-5.0652,-8.9662,-8.1445,-0.3462,-0.5693,25.11,178.57,A
446,6.3202,5.6496,0.6354,-0.3045,-1.77,-0.6603,46.3,344.96,B
447,-8.1364,-6.4644,-1.9202,-1.2038,-2.7399,-2.0168,31.63,227.47,B
448,7.0032,6.958,6.7823,5.6798,-0.1577,0.7122,54.39,443.32,C
449,0.2663,-1.0255,3.938,3.7236,1.3078,2.5833,48.61,370.31,C
450,5.8786,5.3823,1.9805,1.8145,1.5049,0.7644,51.02,352.98,A
451,-6.9437,-6.3803,0.8684,-0.2444,-0.9108,-1.6496,37.38,264.2,B
452,-2.1147,-3.0583,2.1153,2.5188,0.4527,1.4982,42.47,301.28,C
453,0.8253,0.2892,1.0195,2.2856,0.1994,-0.1881,43.07,300.18,D
454,-7.6532,-7.5259,3.102,3.3677,0.5164,-0.633,37.44,295.37,C
455,0.1219,0.5021,0.0506,-1.4314,1.5545,1.1106,41.62,305.65,C
456,6.9881,6.545,0.8507,0.8454,-1.2613,0.9384,47.14,345.48,B
457,6.1421,7.763,5.152,3.3364,0.0476,1.7842,52.9,373.67,C
458,6.2566,6.8161,1.4344,1.471,2.0036,2.4406,50.79,367.2,A
459,0.7895,0.2623,-5.1056,-4.3444,-1.3735,-0.2163,36.73,268.69,C
460,-3.2041,-2.1988,-2.5135,-2.0191,-0.4402,0.8166,39.86,287.38,B
461,5.6566,5.0424,0.2244,0.267,-0.5358,1.0279,47.14,332.56,C
462,4.7632,4.8809,-1.4617,-1.654,-0.8111,0.7571,40.38,310.09,B
463,-2.4827,-4.0588,-1.2659,0.9985,2.8065,1.3436,38.03,310.31,B
464,-2.5142,-1.0124,1.6457,1.2511,-1.8796,-2.2956,39.69,275.6,C
465,3.7992,1.8951,-1.0753,-1.2747,-0.7315,-0.1757,43.74,327.48,D
466,8.4755,8.8999,0.2007,-1.2675,-1.5402,-0.3198,44.82,350.96,B
467,-5.1688,-5.3603,1.6416,1.6098,-1.6326,-1.8854,36.79,273.69,C
468,-5.4644,-6.0918,-9.0752,-7.7575,-1.5474,-4.8267,28.81,197.03,D
469,3.7614,4.7359,1.9066,1.6615,0.5846,1.0207,48.75,339.95,A
470,-6.4289,-6.4556,-4.8355,-4.158,1.03,0.5463,33.51,252.18,D
471,-2.7742,-2.4852,2.6093,1.7052,1.6713,0.9807,43.58,315.68,D
472,-1.1757,-0.4412,-3.636,-3.1993,-0.7329,-0.9223,38.76,248.26,C
473,1.6781,2.808,4.2705,4.6303,1.1073,1.5861,49.76,362.9,A
474,7.0042,7.5735,-0.7713,-0.7262,0.0646,0.9681,51.43,336.12,C
475,-7.8168,-6.8328,-5.2536,-4.4072,-1.111,-1.1247,32.12,211.41,B
476,9.8844,9.2239,1.7399,1.9684,-2.4328,-1.7157,49.72,387.36,D
477,3.1821,3.6783,3.8265,3.4158,-0.3795,-0.6557,48.01,378.92,D
478,6.1617,5.5097,1.9683,2.4547,0.5402,1.734,47.96,340.99,A
479,1.9016,1.9382,2.5614,3.7578,2.8279,3.6252,48.39,357.8,A
480,1.5591,1.0378,2.4139,2.5937,0.1086,0.881,44.85,360.22,B
481,2.8103,1.8282,-5.1478,-4.6559,-1.3915,-0.5103,36.26,256.15,C
482,4.5935,4.2307,2.9861,4.652,1.3706,1.6866,47.65,359.77,B
483,2.6826,2.3014,-0.294,-1.6972,-1.4187,-1.3628,40.32,313.0,A
484,0.9493,1.4904,-1.7358,-1.9936,-0.7975,-2.1164,41.04,289.61,A
485,-3.3704,-2.5132,-1.5286,-0.9975,-1.6205,-0.4979,41.52,289.07,A
486,-3.3365,-3.9485,4.7109,5.4984,3.4373,2.9588,45.93,350.05,D
487,7.706,8.0467,1.1393,0.6788,2.5435,0.4164,48.84,376.23,C
488,0.0342,0.8506,-1.0464,-1.2204,0.2349,-1.0189,43.59,294.37,A
489,0.778,0.6688,-5.2884,-5.2653,-2.344,-0.7559,38.87,254.3,C
490,-8.2896,-7.2436,-2.3041,-2.1034,-0.4158,-2.5123,30.36,243.04,D
491,-14.8331,-15.7789,-4.4154,-3.4409,0.0054,-0.6896,25.36,204.62,C
492,-9.3246,-9.0571,-1.9264,-0.8928,-0.4885,-0.2395,32.78,251.1,B
493,9.9208,9.4613,-0.6468,-1.579,0.5453,0.646,47.36,359.06,A
494,1.5765,0.6355,2.8334,2.2758,-2.712,-1.1858,45.13,320.56,A
495,-4.5839,-4.4621,2.7731,2.5155,0.6722,-0.5758,40.18,299.87,A
496,2.4538,1.5745,-2.8068,-2.8134,1.0931,0.0101,42.95,283.68,D
497,-5.863,-6.3379,-1.8832,-1.3451,0.2377,-0.005,34.71,248.35,A
498,5.6591,5.4067,6.7921,6.2599,-1.2827,0.5554,51.5,424.76,D
499,-8.2309,-8.0651,-0.1524,-0.4963,-0.1132,-0.7227,33.9,237.29,B
500,-1.8815,-0.4505,-0.9987,-0.7807,-0.5081,0.7443,40.74,290.22,A
501,-5.164,-5.767,0.6878,0.6683,-0.5794,-0.2672,37.46,277.63,B
502,-5.5958,-5.0913,-5.6512,-5.5627,-1.2187,-2.2964,26.54,185.23,A
503,4.0691,3.729,5.6729,5.424,2.7191,3.5166,55.74,385.95,A
504,-2.1215,-2.0305,5.2747,5.7882,1.1842,0.2468,45.18,347.58,B
505,-10.565,-11.7151,-4.901,-4.6155,-3.0509,-2.961,25.82,166.14,A
506,-0.5263,0.8916,-1.3017,-0.8892,1.4203,1.0623,41.98,283.26,B
507,-8.0719,-7.9204,-3.1671,-2.6833,-2.0677,-0.511,31.9,237.57,A
508,-7.508,-7.1489,-2.5844,-3.4155,0.6184,0.2273,30.66,246.82,B
509,2.8222,2.7932,3.1054,2.734,0.7589,1.526,48.73,376.2,B
510,-0.8308,-1.135,-0.3465,-1.6653,-1.4041,-0.5733,38.23,286.5,B
511,3.7473,4.4953,2.6867,2.7564,-0.1037,0.7292,50.95,355.49,C
512,-5.0769,-5.7872,-0.6857,-1.0971,-0.8712,-1.1346,36.49,270.14,A
513,6.7664,5.9417,-0.0782,-0.7516,-0.1524,0.6737,46.93,352.59,C
514,4.1788,3.1195,2.3865,1.649,1.0035,0.6197,46.55,352.53,D
515,-4.9252,-4.8341,-3.2049,-3.9331,-1.6178,-2.2222,35.34,229.74,C
516,10.4245,11.5366,2.7912,1.6075,-0.9538,-0.7373,56.02,382.88,D
517,0.5795,0.4483,-4.1936,-3.7551,-1.19,-0.8749,37.38,264.52,D
518,-0.0115,-0.762,-5.2557,-6.1276,0.0137,-3.2201,36.07,248.65,D
519,-1.9587,-1.4645,0.8264,0.5709,1.9454,1.9553,40.09,322.8,D
520,-2.2385,-2.3603,-2.3888,-2.5891,0.7659,-0.6998,35.53,276.16,B
521,-4.8481,-5.0617,-3.6412,-2.5052,1.2649,0.2871,34.7,235.63,A
522,-11.0373,-11.5036,-1.5936,-0.6437,0.6073,-0.5423,31.32,237.87,C
523,3.9866,2.538,0.2442,-1.265,-0.58,-0.3211,42.6,320.38,D
524,-4.0722,-3.3636,-6.8949,-7.5029,-2.0085,-1.3901,28.84,209.08,B
525,4.6177,4.5206,-0.7338,-1.3815,-1.3249,-0.0086,43.83,349.6,C
526,1.0624,1.4055,7.157,7.1258,3.3025,3.4833,52.82,399.85,D
527,-0.0709,0.5075,3.1453,2.9541,2.9975,0.7783,49.28,348.13,C
528,5.0276,3.3565,-1.631,-2.6619,-0.9801,-0.7732,46.54,317.43,D
529,-1.8492,-1.5382,-1.2998,-0.6774,2.1763,1.9729,39.44,322.97,C
530,1.9366,2.1351,1.1526,0.387,0.8235,1.2994,47.48,340.16,C
531,1.3211,1.2389,5.1881,5.7325,-0.497,-1.3167,48.58,371.93,D
532,-6.0434,-6.0545,0.635,-0.3383,0.4468,-1.0025,36.44,297.44,B
533,5.5501,5.9007,1.7166,1.1904,-0.3765,0.2347,49.88,346.13,A
534,-0.2425,0.0764,-3.8676,-3.2838,-2.4874,-1.6846,36.08,278.36,D
535,7.7587,8.2894,1.2771,1.5573,1.6655,1.5398,53.84,384.77,D
536,-3.5126,-3.9014,-2.8621,-1.6302,-0.666,-0.543,36.59,294.9,B
537,-8.9209,-9.7672,-0.7514,-1.5075,2.0716,1.2779,35.17,237.36,A
538,2.8752,2.7779,-1.2545,-1.7213,-0.7334,-1.342,40.92,339.59,A
539,7.3893,7.3986,0.0912,-0.576,1.9294,1.6834,48.22,354.1,A
540,4.2566,3.0172,7.046,6.2051,2.2276,2.1313,55.34,382.99,C
541,-6.6768,-6.0906,-6.1797,-4.4112,1.9521,-0.2351,31.02,221.56,D
542,-0.926,0.3107,-2.1754,-1.5992,0.162,1.7588,40.64,292.9,D
543,3.5649,3.7162,-1.2292,-1.7196,0.8159,0.3391,45.59,349.34,D
544,1.0719,0.854,0.3119,0.1996,-0.1821,1.1063,41.03,321.4,D
545,-2.0902,-2.0933,-6.6516,-6.3732,-2.3355,-4.5351,29.61,234.8,D
546,-5.7329,-5.3341,-1.0136,-1.7979,1.4097,-0.526,34.51,284.97,A
547,4.8301,5.477,4.5229,3.5797,-0.7226,0.0002,49.42,352.49,B
548,9.0575,9.3706,-0.2478,-0.0514,0.7677,1.6949,55.58,380.46,A
549,-6.7235,-6.9523,-7.3844,-6.8576,-3.8928,-3.7999,29.69,173.84,A
550,-9.6744,-8.4014,-2.2092,-1.6719,-0.3886,-2.2717,30.73,209.07,A
551,4.1987,2.8322,1.2456,0.4443,-1.9579,-1.5235,46.25,337.1,B
552,-2.6537,-1.0627,-3.91,-2.5829,1.7072,1.3948,37.02,256.28,D
553,-9.6221,-9.1611,-4.9344,-5.7448,1.3912,1.7163,31.13,218.61,A
554,0.8087,0.557,0.324,2.1662,-1.6161,-0.1194,42.71,294.76,B
555,-2.1803,-2.4568,-1.7729,-1.9743,0.6232,0.1654,38.18,287.68,D
556,-8.6467,-9.0939,-5.4922,-4.6108,-3.488,-3.1845,24.5,181.18,A
557,-0.9498,-0.597,1.319,1.1919,-2.7009,-3.8281,38.51,297.26,B
558,-8.1002,-7.5232,0.1043,-1.1505,0.0347,0.7992,36.82,268.94,C
559,4.2653,3.7103,2.9077,2.6541,0.7606,1.2144,51.59,349.77,D
560,-0.5429,-0.4119,2.9561,3.028,0.2711,-0.1189,45.3,345.45,C
561,7.4042,7.4615,-0.086,-1.6824,0.1353,0.3972,48.07,353.36,B
562,-0.0463,1.2178,-1.4857,-2.474,-0.2831,-0.235,40.62,294.22,D
563,-0.534,0.2539,-0.5637,0.264,1.6752,-0.4078,40.85,317.51,D
564,1.2861,2.512,2.8818,2.4141,-0.5472,0.3812,48.41,351.89,B
565,0.4078,1.6816,0.5236,0.2607,-1.19,-1.4019,42.38,310.93,C
566,2.629,3.5011,-3.5821,-3.8501,0.2558,0.4007,38.82,300.89,A
567,2.5322,1.9754,5.8762,4.7501,2.0853,2.8321,51.45,380.87,A
568,3.234,3.4931,1.1814,0.9603,-0.8289,1.3008,45.3,340.1,C
569,-7.4304,-6.6609,1.6062,1.6662,1.2873,0.8875,40.56,269.3,B
570,-7.8883,-6.323,0.6311,0.6975,0.1355,-0.2632,36.22,286.99,A
571,-5.2543,-4.8033,3.5911,0.5265,1.0039,0.1998,37.13,290.48,A
572,-2.0459,-2.1354,-3.2631,-2.1509,-1.3545,-2.1419,36.07,292.26,B
573,-10.4557,-9.2209,-4.3784,-2.4501,-2.1564,-2.0004,26.26,185.53,B
574,-10.0692,-10.2939,-1.4364,-1.3285,0.7272,-0.6934,35.93,244.44,D
575,-10.4191,-10.681,-4.5127,-2.7816,-2.4778,-3.843,25.56,208.49,B
576,11.0555,11.6435,1.3511,0.9392,3.1411,3.4417,58.33,385.89,B
577,-4.6772,-4.1105,1.7094,1.0957,-1.255,-1.2601,39.8,272.78,A
578,0.8208,0.7451,0.6991,0.6352,-0.1417,1.4763,46.98,317.19,D
579,-2.9904,-2.6271,0.5946,-0.2988,-1.241,-1.4066,38.78,303.76,B
580,3.1811,3.229,-0.5497,-0.1584,0.1625,0.6927,45.38,314.88,C
581,-6.2031,-5.8097,-4.0209,-3.3072,-0.3697,-0.5129,33.79,239.18,D
582,-13.1192,-13.209,-0.5904,-1.2986,-0.7969,-0.3225,31.01,236.88,B
583,3.6644,3.4238,3.4012,3.0529,0.717,1.2068,49.12,388.94,C
584,-1.4034,-2.5146,2.143,3.3285,0.8818,1.5456,45.45,321.01,B
585,-5.7146,-5.6109,0.186,-0.2489,0.833,-1.3644,35.48,271.27,A
586,5.9079,5.5064,-0.881,1.1932,-0.3154,-0.4798,47.78,330.81,B
587,-2.3553,-3.1788,-7.94,-5.8515,-1.452,-2.3955,34.25,234.19,A
588,-11.2715,-12.0255,4.2198,3.0503,1.557,0.9698,34.78,281.41,B
589,0.9555,1.3579,-2.9913,-2.605,-2.6979,-1.6059,39.41,283.1,D
590,-3.1844,-2.8397,2.6192,2.836,0.9125,0.6696,41.77,329.28,C
591,-3.0686,-4.3104,-1.6451,-1.9972,0.5515,1.0679,38.23,297.35,C
592,-4.1245,-4.0768,-3.6658,-2.1517,-1.1532,-2.4932,40.42,247.56,D
593,2.2488,1.2211,3.2466,3.7689,1.983,2.0721,46.99,372.86,D
594,-7.1645,-8.2545,-2.998,-4.5058,-0.3892,-1.1862,30.89,244.9,D
595,-2.1286,-4.5471,0.5836,2.6457,1.229,0.6208,41.55,300.51,D
596,2.307,2.7956,0.7889,2.6299,0.2746,0.3916,46.66,338.41,A
597,2.8868,2.3733,-3.1002,-3.8595,-1.0403,-0.7379,41.96,306.14,B
598,-3.8048,-3.773,-0.3449,-0.5287,0.5199,-0.6946,38.38,280.47,C
599,4.6924,5.0733,-0.3238,0.3696,0.3396,0.983,50.33,334.31,B
600,6.8087,6.9504,4.6055,2.9228,2.0032,2.493,55.76,400.07,A
601,-1.6018,0.4319,-1.7399,-1.2648,-2.6873,-1.0152,40.1,283.36,B
602,3.9867,3.7471,-0.6283,-0.04,-0.8245,-1.1369,46.68,315.79,B
603,-7.7326,-9.8895,-3.0033,-1.8961,3.1153,0.9773,33.7,260.31,B
604,1.7684,3.4779,-0.4468,-0.7988,-2.1131,-1.1189,43.26,318.49,B
605,8.4289,7.1879,4.6146,5.3891,2.5029,2.8113,56.7,449.73,C
606,-6.8918,-6.1599,-1.0333,0.2349,-3.108,-2.4131,35.82,223.44,C
607,6.61,7.2865,3.0256,1.079,-0.2139,1.8215,49.31,372.59,D
608,-1.7537,-2.6039,2.4996,1.3724,-1.3576,-0.0864,40.38,308.14,A
609,-0.2753,-0.2212,-0.9594,-0.4491,-0.2863,1.0623,44.54,302.63,D
610,5.2494,4.6396,4.2714,4.0229,-0.101,-0.5003,45.74,371.58,D
611,11.0228,10.3788,5.1033,3.5584,-0.7213,0.6355,55.44,400.6,A
612,-8.8838,-7.419,0.4716,1.3272,-0.2809,0.1571,32.76,271.45,D
613,-0.0669,1.1925,-0.5594,-1.7696,-0.7339,-1.6853,41.86,315.95,B
614,2.7667,2.1413,0.8343,1.3716,-0.3905,0.0621,41.83,299.06,C
615,-4.3431,-3.8708,-1.7104,-1.6255,0.0346,1.1171,38.37,254.84,B
616,4.5916,4.123,2.2291,1.3633,1.7796,1.9391,53.44,375.54,D
617,-5.0244,-4.5321,5.2443,3.6616,0.2942,-1.5311,41.02,325.0,B
618,2.5108,3.4177,-0.2844,-0.5256,-0.0401,-1.0057,41.91,277.28,A
619,10.2024,10.5861,4.1119,2.3462,1.2068,1.6412,55.89,404.4,D
620,3.8383,3.3443,-0.9392,-2.7057,-1.088,-1.3732,43.65,310.79,B
621,-7.6691,-8.1584,6.6061,7.0078,-0.6962,-1.1132,42.66,314.58,A
622,0.4901,-0.2409,0.3934,-0.0154,0.9703,0.8096,44.47,317.82,B
623,2.7996,3.8521,3.0593,1.8554,-2.3333,-2.9229,44.32,330.75,B
624,-0.2116,0.0301,2.1177,2.2139,1.9738,1.4517,45.77,346.68,D
625,-0.3986,-0.9025,-0.5742,0.7709,-0.6039,-0.2954,44.6,295.8,C
626,5.6637,5.3576,4.4296,2.9653,-0.1695,1.1516,52.03,389.75,C
627,-2.5985,-1.427,0.6036,1.0197,2.7664,1.468,46.37,301.87,A
628,-5.728,-4.7281,-6.5831,-6.0427,0.6295,0.5876,32.87,213.93,C
629,9.0787,8.8929,6.7174,4.3386,-0.4641,1.1127,55.57,411.4,D
630,-2.3814,-1.6239,1.3238,2.4032,1.6199,0.7069,45.35,319.7,D
631,7.1539,6.3182,-2.5326,-2.9567,-2.8881,-1.5105,41.11,289.48,B
632,-0.1433,-0.3652,2.0481,1.2641,-1.4273,-1.7458,43.04,318.06,C
633,2.4831,2.8935,3.0097,2.7138,-0.5019,-0.1914,47.56,363.86,A
634,-2.6465,-1.4283,2.3522,1.2079,-1.4906,-0.0739,44.45,325.41,C
635,1.8964,0.212,-2.6908,-1.4654,-1.5169,-0.6677,42.21,290.7,C
636,-3.6773,-3.9252,3.6336,4.6864,2.4699,1.6083,46.03,354.28,B
637,-0.1977,-1.4441,1.0708,0.0272,-0.4037,-0.7241,40.64,323.55,C
638,4.6946,4.9957,1.0257,0.9797,-0.227,0.2995,45.49,364.57,B
639,2.4482,0.8492,-0.1256,-0.1476,0.3302,-0.8617,45.46,315.21,A
640,2.3446,3.8409,4.2453,3.1978,0.4241,1.1798,49.67,358.94,D
641,0.4512,0.3997,1.7169,3.1022,1.1719,2.9462,46.82,325.03,D
642,-3.7849,-4.6191,-2.7048,-1.3661,1.4274,1.4443,37.0,283.0,A
643,-5.0468,-5.1053,-6.7027,-6.9192,-0.7656,-1.6121,31.23,213.22,A
644,7.1369,6.2099,5.5274,5.3638,2.7734,2.7012,56.71,412.28,A
645,3.1904,3.7891,0.6883,1.2565,0.8703,1.372,45.58,330.64,D
646,-1.5737,-2.5776,3.8003,3.6617,0.1546,0.7436,42.73,360.37,C
647,-4.6699,-4.5144,-2.0272,-1.607,-4.5561,-3.9691,31.71,231.51,A
648,-0.6534,-0.0862,3.2314,3.2964,2.5501,2.4174,49.56,348.94,D
649,1.5944,0.8854,1.0867,0.4972,0.7844,1.6039,44.28,325.86,D
650,-2.9441,-0.3506,1.7456,1.7392,1.5351,0.9724,47.68,320.8,C
651,2.9209,3.1021,1.9963,1.4953,0.7713,1.3271,43.59,349.75,D
652,3.828,4.3915,1.376,0.999,0.3997,0.9107,49.24,348.69,C
653,-5.2293,-5.7391,-1.7702,-0.6688,0.0699,-1.0044,37.8,271.31,D
654,-3.0119,-3.3955,2.0307,2.5281,0.2501,0.7339,41.28,338.04,C
655,5.8238,4.6375,-1.5656,-0.7805,1.5288,1.6682,49.16,349.89,A
656,-5.9761,-5.5554,-0.1898,0.0387,-2.8365,-3.055,38.91,270.7,A
657,7.7025,8.1709,0.3249,1.0845,1.4566,1.236,50.39,350.62,D
658,2.5268,2.2728,-1.2373,-2.5011,-1.1118,0.0096,40.15,313.25,C
659,5.3271,4.6443,-1.9333,-2.6945,-3.2992,-3.5337,41.2,342.94,C
660,5.3653,3.7336,2.6751,1.4842,0.4493,0.2956,47.56,356.83,C
661,3.5175,3.6482,1.7543,0.3617,0.3528,0.3151,49.45,340.8,D
662,-5.0017,-5.1775,-4.665,-4.2811,-1.086,-1.1023,30.45,243.5,A
663,-15.6441,-15.3471,-6.3678,-4.8299,-1.5471,-2.5308,21.1,146.62,A
664,4.0052,5.2353,2.1275,3.0979,4.6755,3.6613,51.69,348.67,C
665,-2.6377,-2.2332,-1.8224,-0.833,-1.6495,0.5308,38.35,279.99,D
666,3.1164,3.9943,2.3864,2.6075,-1.0829,0.0862,47.93,365.09,B
667,-3.5551,-1.8982,0.4686,0.282,-1.938,-1.8217,37.91,293.98,B
668,2.8987,2.1003,-0.8452,0.1324,-1.1835,-0.9645,44.88,304.95,B
669,5.8413,6.4363,-0.8796,-0.9618,-3.5594,-2.9366,45.98,329.08,D
670,2.7536,3.7633,-0.1356,-1.0656,-0.8443,-0.1966,44.48,322.07,A
671,-2.0387,-1.3647,0.6614,1.9181,-0.1954,-0.5683,40.04,329.06,B
672,5.0246,5.1033,-2.4825,-3.1246,0.5702,0.9254,46.45,340.53,A
673,-0.4733,-0.8309,-0.4635,-0.773,-2.082,-1.982,39.8,316.82,C
674,3.4367,3.9674,2.7599,1.9293,-1.0749,-1.6803,49.15,332.27,A
675,0.394,-1.1098,3.9359,4.9791,-0.8819,-0.3588,47.9,349.67,A
676,5.6373,5.7018,1.9,2.6102,2.1676,2.2716,51.01,357.02,A
677,3.8006,2.8703,4.4705,3.0336,-1.435,-1.5196,47.75,400.84,C
678,-8.7172,-9.7623,-3.7572,-2.3978,-0.9521,-1.3565,31.91,210.85,D
679,4.1336,4.1657,3.4891,2.3253,-0.1247,-0.547,48.74,373.5,B
680,-3.3847,-3.7602,-0.1175,-0.8309,-1.7558,-1.3886,40.02,298.47,A
681,-7.8325,-7.6733,-2.698,-2.7332,-0.8039,-0.9855,29.23,230.35,A
682,1.0165,1.2227,-1.7882,-1.7586,-1.6284,-1.2449,39.69,290.54,D
683,-7.0831,-7.4962,0.8985,3.3624,2.5807,3.3066,37.59,310.11,A
684,4.5893,4.4472,-2.6967,-2.7218,1.5205,1.1809,46.03,307.45,B
685,3.8375,3.0183,1.3134,1.1138,0.8325,0.504,47.01,331.51,D
686,-0.6023,0.1989,0.8966,1.6996,1.5194,1.6773,47.02,307.71,C
687,3.8557,4.0394,0.1205,0.3692,0.2564,0.4255,49.28,311.64,C
688,0.5959,2.1137,-3.42,-2.9322,0.2361,0.7056,38.9,294.63,C
689,-4.8113,-4.0772,-2.2602,-3.3315,-2.1941,-3.3165,34.11,230.91,C
690,8.8687,9.3192,-0.3412,-0.4034,1.8662,2.4364,52.51,378.86,C
691,9.6734,9.7039,2.3402,2.3495,-0.8483,-1.6425,54.81,382.91,A
692,4.4845,5.3983,0.2543,0.4535,-1.4441,-1.6557,46.12,337.48,C
693,-2.8787,-1.6182,2.9157,3.3153,2.36,1.1979,42.19,343.27,C
694,3.4993,4.3052,-0.1176,0.3177,1.6496,2.4039,46.76,319.26,B
695,-4.145,-4.9688,-0.4216,-2.2129,-0.5006,-0.5638,34.82,290.6,D
696,7.0791,6.8117,-0.1077,-0.3034,2.1185,1.7151,48.18,350.37,A
697,1.3315,-0.4495,-0.0561,-0.2326,0.9623,0.2639,42.34,340.38,C
698,4.4941,3.6302,3.4159,3.8343,3.0981,2.7076,55.05,374.51,B
699,3.4948,2.8151,-1.5942,-1.9166,1.4012,0.5484,41.57,319.36,A
700,-6.2961,-6.6404,-4.021,-4.3868,-1.3927,-3.1864,26.47,251.26,C
701,3.0372,1.7425,2.4788,3.4455,2.7461,3.2905,47.44,368.05,C
702,11.2066,10.6008,4.8653,4.2449,1.6444,1.9806,54.84,418.02,C
703,-3.0084,-3.3722,-2.2488,-3.6083,-1.7206,-1.9685,37.03,262.2,C
704,4.2037,4.4353,-3.0817,-2.4282,0.3136,-0.1884,44.72,299.88,B
705,-4.6888,-5.6619,-0.7259,-2.2986,0.3471,-0.5574,33.84,261.69,A
706,0.1287,-0.0931,3.9079,3.3758,1.7969,1.6628,46.76,381.38,B
707,-10.0979,-9.8616,-0.7868,-0.3376,-2.0496,-1.9767,31.21,219.73,B
708,1.9312,1.4623,0.7488,0.2389,0.5857,0.0922,46.45,324.6,A
709,-4.2925,-4.0831,-1.4858,-0.741,-0.9406,-0.9211,35.68,286.46,B
710,13.5416,13.217,5.0938,4.8493,0.9941,2.0646,61.72,465.11,B
711,-5.687,-4.9008,-2.0353,-1.3627,1.0371,1.8892,36.6,273.21,B
712,-7.0954,-7.3567,-1.3698,-1.0009,-0.7199,-2.4811,35.89,241.3,D
713,4.7869,6.1533,0.649,0.9453,3.2111,3.0234,53.0,377.71,C
714,0.795,0.5443,-3.2977,-1.8336,-2.6106,-3.8058,39.54,282.06,D
715,-0.3762,0.5324,-1.1702,-0.5586,-2.4389,-2.2205,37.41,304.38,D
716,1.8554,1.2276,1.1217,1.4212,0.1684,1.1938,47.32,291.55,B
717,-4.7886,-3.8653,-0.4141,1.2017,2.0838,1.9327,42.23,299.8,A
718,-2.8609,-4.1018,-2.3087,-1.8675,-1.7726,-1.9787,31.75,259.02,B
719,-3.9504,-3.9883,-0.3109,0.8724,1.2662,1.1856,42.34,305.06,B
720,-3.0828,-4.6604,-1.6823,-0.8279,-2.0457,-0.7432,35.17,270.44,C
721,0.7316,0.2526,2.5841,1.837,1.7584,2.7482,47.79,358.28,C
722,-0.2075,0.4079,-1.4833,-0.7914,1.6024,1.0732,40.08,307.4,C
723,-5.3462,-5.2912,-2.3362,-2.2413,-0.2315,-1.053,33.97,251.59,A
724,0.8201,0.1423,0.0319,0.4548,0.028,-0.3074,41.05,338.67,D
725,-0.938,-0.6845,0.8926,-0.3832,-0.7229,0.0034,38.99,308.32,C
726,0.6271,-0.16,-7.5841,-5.1156,0.6122,-0.0312,35.89,206.7,A
727,2.0003,2.0558,3.2216,3.6265,0.8012,0.5696,50.07,363.22,A
728,0.9222,1.501,2.1527,3.571,0.0716,0.2311,44.8,350.37,B
729,4.0675,3.9547,-1.8985,-1.5104,0.7069,0.7695,47.38,309.84,C
730,-10.9384,-9.6379,-0.3625,0.0153,-1.2664,-1.3611,31.75,237.02,C
731,-19.8625,-20.4524,-5.8554,-4.7569,-2.6124,-3.0365,16.28,103.06,C
732,-3.5664,-2.961,3.205,2.0408,0.8152,-0.8885,46.23,337.32,C
733,7.2144,6.6356,-5.1861,-5.6485,-0.7296,-1.3654,42.86,295.1,D
734,-2.6665,-4.1046,-0.2875,1.1681,0.4967,-0.0936,39.89,257.6,D
735,-1.0062,-1.5715,1.7472,-0.8578,-3.9622,-3.4738,37.94,298.1,A
736,4.2667,4.9004,1.649,1.0001,-0.5548,0.337,45.04,359.02,C
737,3.1017,2.7825,0.7424,0.8375,-0.5873,-1.4179,43.24,369.63,D
738,-1.9593,-0.8704,2.0323,1.9932,-0.6391,0.6746,41.14,311.6,D
739,6.3924,7.0053,3.6665,2.3851,-2.19,0.021,47.35,355.9,A
740,-5.7391,-3.4985,1.2892,1.6795,-0.4576,-1.0335,38.23,285.92,C
741,8.3537,6.6903,1.0713,0.3872,2.7352,3.4267,51.57,380.73,B
742,6.6622,7.4298,-0.6084,-0.2558,-0.1386,-0.3888,48.88,362.17,B
743,-1.3116,-1.5165,0.4935,-0.0429,-1.6811,-1.8058,37.16,302.89,B
744,-5.5762,-6.8139,-3.1543,-2.7949,-1.2264,-1.3067,31.76,241.74,A
745,8.7482,9.5023,3.9775,3.0732,-1.9326,0.5342,50.54,363.09,A
746,-4.483,-3.6216,-5.463,-5.3746,1.6233,0.1818,35.61,258.54,C
747,-2.9401,-2.4018,-5.7196,-5.2131,-1.1103,-0.2884,32.45,250.86,C
748,-13.8534,-12.6113,0.9872,-0.4172,-0.1226,-0.2253,29.07,219.53,D
749,-5.024,-3.1513,0.6768,0.5676,-2.9408,-4.0614,38.79,263.45,B
750,0.6174,1.2682,3.2422,3.0664,1.1652,2.5163,51.1,358.38,C
751,5.7924,5.0499,1.2726,2.4394,1.2202,0.9369,50.62,383.28,A
752,5.2955,5.0628,2.246,2.4788,-2.3547,-2.0222,48.08,353.59,D
753,0.0484,0.3401,-2.2472,-2.8409,-0.1329,1.1486,40.46,288.71,D
754,-0.6155,-1.3568,-1.5811,-1.5963,-0.2973,-0.6019,38.84,265.16,B
755,-4.0271,-4.7615,1.8367,2.5968,0.0148,0.5712,39.79,303.76,D
756,-2.8889,-3.1986,1.9876,1.9851,0.9647,0.322,42.54,324.4,C
757,-2.5402,-2.4062,-1.2591,-2.0399,-0.1784,0.3963,35.91,287.09,B
758,2.5075,3.4537,0.6817,-0.6574,0.7416,1.3938,45.16,308.32,A
759,-4.2672,-3.6112,-2.7011,-2.1221,-0.1115,0.0249,37.01,280.5,A
760,2.6368,3.1408,-0.6258,-1.3394,-1.0236,-1.5647,43.81,291.51,A
761,3.5793,4.9823,-0.9658,-0.2842,-0.6615,-0.4523,45.63,337.27,B
762,3.7593,3.5345,-4.1113,-3.8337,-1.7123,-1.5934,41.07,259.8,A
763,-10.8186,-11.3562,-2.0475,-0.9181,-0.9459,-0.9551,29.21,207.27,D
764,-1.1485,-2.4815,2.6002,2.8745,2.4538,2.2223,44.59,329.53,C
765,-8.6001,-9.1656,4.8143,5.1173,0.379,-0.9777,37.84,304.24,D
766,8.0865,6.5082,4.2527,2.2422,-0.9018,0.7632,52.9,365.67,A
767,-5.2691,-4.2971,-1.9951,-0.9579,-1.1134,-1.1162,36.04,262.46,C
768,-11.0988,-10.402,-4.282,-3.9082,-2.2069,-2.9158,29.17,190.54,D
769,-5.2344,-4.6899,4.42,4.4933,-0.0997,0.4446,42.94,335.45,A
770,1.0696,0.8228,1.9708,0.3146,2.316,3.1077,44.44,354.3,C
771,2.8096,2.1997,-0.1114,-1.0336,-0.7863,-1.7634,43.96,311.42,B
772,-0.5675,0.0944,1.6328,1.0255,-1.4992,-0.4024,37.36,312.57,C
773,-5.7012,-5.5977,0.488,0.9331,1.6554,0.0919,38.0,300.66,B
774,-5.3259,-5.4418,-4.7124,-4.9353,-2.4717,-3.1842,30.86,211.24,C
775,-15.4565,-14.4763,-6.1719,-4.5384,-1.6844,-2.4111,22.84,147.95,B
776,-5.3537,-5.3125,0.7381,0.2706,-2.7043,-3.131,34.71,274.47,B
777,-14.5806,-12.7707,-2.547,-2.7743,-1.0373,-2.0317,23.9,179.94,D
778,-10.0173,-9.9649,1.2147,2.1054,0.2563,-0.4906,30.72,256.95,B
779,-3.2607,-3.0553,-0.4244,-0.6999,0.1372,0.2418,38.53,249.31,C
780,4.9013,7.1336,2.0004,3.0998,1.6403,0.3979,50.06,358.58,B
781,1.1943,0.3906,0.7834,0.8848,1.6461,1.6171,42.63,331.62,D
782,-8.5959,-9.4399,-4.6593,-3.2625,-0.126,-0.2457,31.75,204.86,D
783,1.0107,-0.6492,2.1064,2.6307,1.7892,2.2067,44.46,349.03,B
784,-9.5885,-9.8068,0.9127,3.4304,2.1915,1.1961,35.44,279.12,D
785,9.5475,8.3992,5.3629,5.0514,1.2463,2.5849,57.52,416.96,D
786,1.374,2.4853,2.1173,3.0243,2.1867,2.4818,47.03,352.05,D
787,-0.465,-1.696,0.8891,0.6052,-1.8462,-1.111,42.19,305.62,C
788,-8.3059,-6.9887,-2.0022,-1.5195,-0.834,-1.6886,34.82,232.83,B
789,-2.9568,-3.4351,-6.2147,-3.9057,-0.3301,-0.6746,36.37,216.2,C
790,0.6609,-0.0602,-1.4145,0.2441,-1.0642,0.0024,40.13,326.54,A
791,-4.6519,-3.3397,0.2546,-0.5497,0.4948,1.9844,40.84,281.89,D
792,2.8803,2.7351,1.1597,0.6242,-2.004,-0.3348,44.5,320.74,A
793,1.5768,1.5332,0.438,0.2692,-0.5755,0.7031,42.08,312.26,B
794,-1.173,-0.4938,1.4977,2.5214,0.6567,-0.2683,41.63,336.94,D
795,-13.8648,-12.3826,-3.255,-3.3869,-0.1215,-1.2601,27.11,188.44,C
796,-0.2823,-1.401,0.6988,1.1601,-0.1693,0.7183,45.03,349.98,B
797,-2.9073,-2.3178,-4.9944,-4.1867,-0.6502,-1.0535,33.39,267.12,B
798,-5.078,-5.0357,-2.949,-1.4517,0.3181,-1.0627,35.86,266.4,A
799,2.2156,1.1357,-3.2169,-3.344,0.2606,1.1199,40.71,313.23,C
800,5.0341,5.3068,-4.4646,-4.0298,-3.6098,-2.1905,38.73,303.38,A
801,2.9616,4.296,4.4135,3.248,1.3287,1.1934,50.63,344.31,C
802,-13.4231,-12.1882,-5.4054,-4.297,0.4,-2.4304,21.92,138.61,D
803,-6.8114,-6.2208,-0.1818,-0.05,-2.1667,-2.1934,32.27,233.54,B
804,8.3695,7.9299,0.3887,-0.5701,-0.9812,-0.5102,48.76,313.12,C
805,13.5986,11.6772,2.6716,0.5747,0.5055,1.7826,54.77,422.52,A
806,-4.4941,-4.3949,-0.8627,-0.1642,1.9018,1.5647,38.96,270.51,D
807,2.3869,3.0366,-1.6537,-1.652,-0.8472,-0.6839,40.54,295.54,A
808,8.3606,9.2471,0.9998,0.2768,-0.7771,-0.1079,49.19,380.08,D
809,6.4529,4.5616,-6.8132,-7.1533,-0.9309,-1.3369,38.0,269.53,B
810,0.86,-0.1571,-1.3767,-0.8741,0.9736,0.3212,40.78,330.27,A
811,7.9492,7.9976,1.3619,-0.2457,0.9594,-0.429,50.82,375.14,C
812,-2.0483,-1.7623,-1.8399,-1.8145,-0.8143,-0.8306,38.33,255.6,C
813,-2.9472,-3.1607,-3.0626,-2.0752,-1.5082,-1.7082,39.15,263.85,A
814,-3.6189,-2.7837,1.4931,2.854,0.9552,1.7975,45.89,317.37,B
815,0.1415,0.7674,-2.9048,-1.198,0.8677,1.9142,39.35,289.17,D
816,8.7399,5.8637,0.9924,-0.0933,0.6946,-0.0462,50.65,362.43,D
817,-5.7024,-6.6008,-4.6836,-5.247,0.1198,-1.1206,27.06,240.12,B
818,-5.3494,-6.2853,-1.2734,-2.5076,-1.7868,-1.8779,32.21,238.56,D
819,7.4938,8.0164,5.2526,2.3697,1.9997,2.5292,51.24,420.64,B
820,10.6892,9.6306,3.106,1.1268,0.2027,1.5742,52.79,382.19,D
821,-0.6381,0.2999,0.1003,-0.1937,1.5413,2.4527,44.44,331.09,C
822,3.1235,2.7766,-0.8339,-1.4279,0.5056,0.8209,45.49,338.38,B
823,-3.3095,-3.0092,-1.8702,-1.3103,-2.3991,-1.77,35.64,266.06,B
824,3.6441,4.2523,0.551,-0.3758,-0.4805,-0.8753,43.77,313.97,A
825,-7.4839,-6.5051,-3.5104,-3.9822,-1.116,-1.4934,31.83,223.48,D
826,8.8419,9.0136,3.7737,3.5087,2.969,3.4385,62.23,458.35,D
827,6.691,7.5643,3.2487,3.8137,0.5545,1.1478,52.06,401.2,D
828,-1.4721,-1.6508,5.083,4.6367,4.764,3.1416,49.98,394.84,D
829,0.1385,0.905,0.0058,-0.9485,-1.7812,-1.3152,43.53,303.18,A
830,6.1935,5.4615,1.9896,2.4272,-1.8522,-1.1731,51.45,392.25,A
831,1.5478,0.8263,-4.9505,-4.4889,-0.5957,-1.0113,38.82,266.92,A
832,-14.5263,-13.9462,-4.0502,-3.1297,-3.9315,-3.8531,23.3,162.12,A
833,-1.0261,0.7758,0.2334,0.9007,0.5394,0.5599,44.25,282.59,A
834,-6.2135,-5.3932,-2.8176,-1.7816,-4.4875,-2.9435,30.87,219.97,B
835,5.0243,5.8875,5.192,4.777,1.2441,0.0395,52.78,429.2,B
836,6.5705,6.7726,0.5689,-0.1733,0.5358,-0.0673,49.28,368.28,D
837,4.1529,3.1979,3.2299,2.8295,1.1381,1.2199,49.6,367.95,B
838,2.6011,3.4047,0.4118,0.2033,0.0466,0.04,41.98,348.68,D
839,1.6996,4.0873,2.5808,0.3322,-2.5978,-1.2784,44.75,314.46,B
840,-0.5404,-0.4398,-2.7773,-2.512,-3.6776,-2.4674,34.28,238.97,D
841,-8.0292,-8.195,-2.1031,-2.3052,-0.5155,-1.7708,30.88,241.31,B
842,6.4219,6.4415,0.1454,-0.5008,-2.764,-1.0063,48.11,336.92,A
843,-1.3421,-0.0594,-6.337,-6.414,-2.426,-1.8063,35.93,235.39,B
844,-4.112,-4.6583,-1.8805,-2.3508,-0.5794,-0.0734,38.81,273.8,B
845,3.1048,2.5883,-1.8607,-2.0518,0.7048,0.3809,42.52,319.81,B
846,-12.4289,-12.9012,-0.9078,0.2395,-0.206,-1.2223,26.9,242.23,B
847,-4.6439,-4.6751,0.886,0.54,-2.5603,-1.0955,39.48,325.88,B
848,-2.1224,-2.5569,1.1563,2.3877,-0.2722,-0.3389,39.71,330.94,A
849,8.9936,8.5301,1.5968,0.1962,-1.6175,0.8119,50.34,357.98,B
850,6.0376,5.3857,0.4694,-0.1683,-0.4711,0.3814,46.64,360.44,C
851,-6.0685,-6.2396,-2.5737,-1.7894,-0.5748,-0.4804,33.51,260.47,A
852,-0.4521,-1.0599,-6.5215,-5.8131,-1.1154,-2.1282,35.88,243.36,A
853,1.913,0.901,0.2422,0.1934,1.4413,-0.2044,45.47,320.02,C
854,3.5353,3.0377,0.2708,-0.093,-1.5975,0.2876,44.55,335.35,D
855,-1.509,-1.4128,-1.8842,-0.3015,-0.3649,-0.3464,38.77,296.38,C
856,-3.0792,-2.5904,0.6462,1.6151,1.2014,2.1837,44.57,314.84,C
857,0.2675,0.9125,-3.5147,-1.5647,2.7703,1.4164,41.62,319.02,B
858,3.2094,1.6463,-0.2251,-0.7136,1.4729,2.5,44.17,335.23,C
859,-0.9804,-1.2391,-5.5112,-4.3123,-3.0303,-2.8483,34.3,251.07,A
860,1.5246,1.4497,1.774,-0.0101,-0.7807,-0.7581,45.29,342.6,D
861,-1.2689,-1.8871,-3.3476,-2.1604,-2.4952,-2.9224,32.62,280.72,B
862,-3.5402,-3.5764,2.8629,2.7613,-0.6848,-0.3849,36.47,310.06,A
863,-9.5381,-8.8777,-1.7463,-2.5073,-0.4222,-1.6119,29.69,234.45,A
864,3.0641,3.2726,2.0421,1.8833,-1.0022,-0.619,47.14,335.74,D
865,-8.0203,-7.2381,-4.893,-4.4757,1.2054,0.5013,29.75,225.53,A
866,1.7667,1.6277,0.0797,0.184,2.1772,1.4276,47.77,342.36,A
867,0.0104,-0.0122,2.7069,1.8073,-1.5253,-0.9962,46.97,337.8,B
868,-4.7624,-3.3548,-5.8188,-5.407,-2.5345,-2.1608,30.64,210.89,C
869,-6.7208,-6.6554,-1.1318,-1.7504,-0.9165,-1.4793,30.35,250.94,C
870,-3.212,-3.4079,-3.1182,-1.9784,0.0813,-0.7868,38.88,245.97,A
871,-9.7779,-9.177,-2.4521,-1.842,-0.9363,-2.3771,29.92,226.27,C
872,-0.0183,0.9241,-0.0651,-0.149,0.1462,0.6343,46.22,314.83,D
873,-4.0965,-4.6183,0.1145,0.3914,-0.6584,-1.2286,39.49,258.27,C
874,-4.6647,-4.2455,6.7938,5.6,-0.008,-1.7318,43.46,355.67,C
875,-4.7731,-4.202,-2.6325,-1.3096,-0.1604,-0.9904,37.96,278.2,D
876,-6.9668,-7.6245,-1.0467,-1.8325,-1.4093,-1.8397,35.7,224.28,D
877,4.2795,4.9977,1.6299,1.7623,0.4795,1.5475,44.09,378.6,B
878,-5.7616,-5.0841,-1.9114,-2.0173,0.0661,-0.0974,32.74,259.93,C
879,-3.1165,-3.0805,-3.0069,-2.1618,1.1723,0.6536,37.92,261.18,A
880,-1.4201,-0.0962,-2.4612,-2.1504,-1.8747,-2.3694,35.1,292.75,B
881,0.2006,-0.6233,0.9475,-0.4333,0.2161,0.9067,45.54,320.78,C
882,7.5913,6.7144,-0.967,-1.7722,-0.9951,-0.821,42.97,346.86,A
883,0.3412,0.9874,-1.4278,-2.0086,0.6033,0.0577,40.21,290.59,A
884,-0.4237,0.4594,1.7712,1.8369,-1.2838,0.2634,45.31,320.11,C
885,-6.6174,-6.1054,-1.5709,-0.7623,-0.2216,-0.0012,35.85,279.13,B
886,2.526,2.4784,-2.3071,-3.0125,-1.6179,-0.316,41.25,307.64,C
887,-13.264,-11.9357,-8.4439,-6.5983,-3.5329,-3.0061,20.39,127.67,B
888,-0.057,-0.3468,-2.2877,-1.9388,-1.8216,-1.9995,37.55,291.87,A
889,-5.4627,-4.0939,-5.06,-4.6591,1.7818,1.5783,35.94,240.15,A
890,-0.6226,0.1407,0.4756,1.0844,-2.0617,-1.9711,39.87,317.13,B
891,9.9803,9.9015,0.8599,-0.7626,1.7862,0.8701,52.04,382.32,D
892,-0.0332,-0.4697,1.5986,2.1426,-0.8344,-1.0705,41.01,321.9,D
893,8.8249,7.621,5.6394,5.0508,2.6419,2.1014,56.85,425.8,B
894,-10.2599,-9.9278,-4.2241,-1.8559,-0.1138,-0.2072,26.06,208.58,B
895,12.5946,11.3389,2.2848,1.3983,1.569,2.2058,57.58,403.22,B
896,1.4075,3.6646,8.1031,6.5389,-0.1028,0.5605,47.5,390.31,C
897,-10.3732,-8.8536,-3.1125,-0.9275,-0.1373,-0.6223,32.47,230.4,A
898,5.6712,5.6425,2.9535,2.8251,2.1041,1.4315,50.66,405.29,C
899,4.0542,4.9144,-0.8515,-1.4527,-1.8582,-2.1236,43.88,315.66,D
900,-3.547,-3.3139,-3.8194,-2.7216,-1.0343,-1.2732,35.46,258.94,A
901,1.8191,3.0021,1.2512,1.0483,0.2937,1.8804,45.89,336.38,D
902,6.0679,6.167,2.5574,3.3533,1.1912,2.2543,53.56,387.1,A
903,0.7979,0.9575,-2.8196,-2.5151,1.275,1.3479,39.26,274.64,A
904,-4.2408,-3.4646,0.9648,0.5767,-0.6172,-0.4776,40.61,278.76,A
905,-5.6221,-5.3438,-1.7741,-0.782,1.052,1.978,35.87,271.52,C
906,-8.179,-8.8808,-0.2117,0.6337,0.8139,0.1967,30.28,264.6,D
907,-1.4115,-2.2528,-3.0117,-3.4281,-1.1007,-1.4616,36.22,220.12,A
908,-1.7223,-0.4666,-0.4152,0.5581,3.2171,3.3984,45.17,301.26,C
909,3.3993,5.3353,3.9057,4.109,2.7569,0.3756,51.62,408.32,B
910,2.2281,3.0282,-0.9008,-0.0432,0.5646,0.5466,47.72,329.67,A
911,2.5173,4.821,3.155,2.8058,0.6451,0.4132,50.54,358.86,B
912,-3.8296,-4.447,-3.1729,-2.9931,-0.1818,-1.5613,34.95,241.98,C
913,-0.8716,-2.1686,-8.3832,-8.3033,-3.7678,-1.8903,31.51,226.84,B
914,-3.77,-3.4116,-2.3198,-3.5326,-3.1621,-3.2029,33.22,241.59,B
915,-3.5648,-2.9878,-0.9472,-0.2057,1.318,0.4056,40.8,307.77,B
916,-0.0038,-0.4341,1.0876,1.5281,-0.9198,0.9043,45.07,322.81,A
917,5.8362,5.1225,-4.5456,-4.7009,-3.1077,-3.0092,41.63,271.52,B
918,2.7598,2.2355,-2.0385,-3.0879,-0.0287,-0.1167,41.73,292.26,D
919,-4.0939,-3.6941,-0.6503,-2.2774,-1.2852,-1.2961,34.3,260.42,C
920,5.2613,5.4831,1.8776,0.9319,-1.379,-1.0264,44.51,351.34,C
921,3.4055,3.8961,5.9362,6.5554,0.163,2.1984,55.11,406.3,A
922,-9.3935,-9.4354,-1.6905,-0.7712,1.818,1.2406,33.19,235.29,D
923,6.9152,7.7266,4.8757,3.644,0.5191,-0.732,55.52,429.0,D
924,-4.4769,-5.2985,-1.487,-1.3238,1.5579,0.8485,38.99,297.08,D
925,4.7719,4.4634,-0.8492,-0.6321,0.695,1.4025,45.84,362.07,A
926,-5.7627,-6.0494,-3.545,-2.608,1.7711,0.2315,33.75,267.15,C
927,-3.4676,-2.4669,7.1944,5.6022,0.0404,0.5304,47.08,358.89,B
928,1.8459,0.6713,-3.1161,-2.392,-1.6215,-2.4472,39.08,268.39,B
929,-8.0426,-8.006,2.428,1.0595,1.9636,1.3176,32.64,294.18,C
930,4.6094,3.3315,4.1804,2.2499,0.13,0.2539,50.71,378.71,B
931,-1.2669,-1.7306,-0.7387,-2.2958,0.7927,-1.2309,37.2,287.48,C
932,2.6805,2.8042,-0.5913,-1.2434,-0.641,0.1579,40.97,317.07,C
933,6.0085,6.8994,0.8144,0.5054,1.0006,2.2063,47.94,352.02,D
934,7.922,7.4211,3.1353,4.5345,1.6144,1.9852,56.04,409.82,A
935,-1.3834,-1.1379,-1.7144,-2.1549,-2.825,-1.9597,34.87,281.68,A
936,0.5349,0.7662,0.4053,0.1878,-1.2065,0.0164,42.84,286.42,C
937,1.3037,2.5362,-0.3232,0.607,1.3022,1.0614,43.11,325.05,A
938,-6.7482,-6.8167,-3.1442,-3.3822,0.2628,-1.5649,31.08,231.46,C
939,6.0667,6.1722,-2.213,-1.6284,2.5171,1.5189,44.94,312.98,B
940,3.805,5.6955,2.5442,1.9088,2.1407,2.9343,49.86,360.59,C
941,1.73,0.3821,1.3312,1.3848,0.9296,0.8936,42.56,331.28,A
942,3.3016,4.0553,3.2059,4.3487,-0.0949,0.8497,47.47,384.26,A
943,-4.5433,-5.5919,-4.8122,-5.3454,-2.0555,-0.5013,34.27,222.56,C
944,-0.6692,-2.1051,1.5904,1.0303,0.5607,0.4298,44.53,302.26,C
945,2.6821,1.3571,-1.0238,-2.1918,-2.9795,-2.5595,38.41,313.74,A
946,-7.5866,-8.0741,0.3312,-0.3851,-1.7778,-0.4874,33.84,256.48,B
947,3.6549,3.3426,0.8292,0.3221,1.234,2.4716,46.19,353.44,A
948,2.4066,1.6512,0.2931,0.6624,0.912,-2.6342,43.33,333.51,B
949,-7.4121,-6.0626,-3.8967,-2.5367,0.1275,1.1929,34.67,258.86,B
950,3.2182,2.6921,0.8784,1.1088,-0.7518,0.6702,45.56,348.4,D
951,5.5752,5.1389,2.2824,2.6331,0.0147,1.0844,49.81,408.67,C
952,3.1746,1.924,-4.8229,-4.8013,-1.4965,0.4462,41.66,277.32,B
953,10.6441,9.2553,6.153,5.936,-0.5956,0.4211,58.13,442.36,A
954,-5.3753,-4.1691,0.9039,0.1471,-0.9068,-0.4867,37.26,283.58,B
955,-1.0105,-2.5214,-6.2971,-4.6232,0.7187,-0.1953,35.4,253.56,D
956,1.9065,3.0449,2.2388,2.087,1.2469,1.7633,49.48,332.13,D
957,5.8726,6.1776,3.5074,1.5143,1.9639,1.3043,49.86,371.82,D
958,-4.4607,-4.8512,0.9077,0.7665,-0.4448,-0.7584,38.53,291.54,C
959,-1.4738,-1.2863,1.4369,1.9378,-1.1307,-0.9673,42.83,321.99,B
960,2.0719,1.9182,7.951,7.1403,1.1783,2.5328,51.83,422.98,D
961,0.7028,0.4006,-0.7162,-2.516,-1.6101,-1.1152,39.36,290.96,A
962,-2.5876,-3.5395,-2.1848,-0.0836,2.1778,1.1172,39.98,275.4,C
963,9.5582,10.3768,1.0411,-1.3059,-0.3765,1.3257,49.85,377.48,C
964,1.0434,2.4868,0.7678,-0.3482,0.014,0.1449,45.48,312.29,D
965,-13.7903,-12.6239,-2.7717,-2.4343,-0.2419,0.0687,24.77,179.36,A
966,-4.441,-4.5098,1.2364,1.5917,0.2337,-0.1872,36.93,279.15,D
967,2.831,2.6581,-2.8313,-2.5881,-1.6424,-1.3664,40.83,311.23,B
968,8.359,7.6684,-2.1821,-2.1844,-1.4795,-1.5325,45.69,303.13,B
969,-0.5474,-2.4385,-0.9857,0.2948,0.5413,1.4526,40.47,294.5,C
970,8.5668,8.4478,1.041,1.0029,0.2804,0.606,48.06,386.9,B
971,0.0452,0.7368,-6.4567,-5.9018,-1.9517,-4.4486,30.81,220.01,B
972,-2.2549,-2.1735,0.2632,0.0354,1.5449,1.4698,41.27,301.21,A
973,4.062,6.0569,4.6832,4.1009,0.5096,0.1979,48.98,379.77,D
974,-12.5344,-11.8291,-4.1358,-3.5191,0.7535,-2.2267,26.31,210.72,A
975,-5.8488,-5.4863,-5.7504,-3.7708,1.0513,-0.0183,34.64,242.38,C
976,-4.891,-4.4355,3.342,2.7343,0.5106,1.3587,38.93,321.68,B
977,-5.2,-2.6946,-2.8755,-1.8362,-1.0223,0.0853,34.81,249.61,D
978,4.5606,3.3804,5.2232,4.0741,-1.0513,-0.1749,48.96,350.06,A
979,5.3442,4.3499,-0.4537,-2.5937,-0.0438,-0.7476,41.39,317.27,A
980,-2.1318,-2.4086,-1.7521,-3.206,-0.6158,-1.4666,37.68,252.8,A
981,7.8586,6.7055,1.5689,1.6434,-2.0072,-1.2756,50.09,363.45,C
982,-7.7791,-8.7306,-3.5771,-3.8898,-1.4396,-2.0755,30.66,214.16,D
983,-3.2669,-2.4516,-3.1377,-1.1241,2.0772,0.5677,42.66,287.32,C
984,3.5121,2.5222,0.2028,-0.1119,1.3187,1.269,45.87,345.95,D
985,5.0261,3.8697,2.9712,2.3378,-0.0637,1.0249,50.19,354.56,D
986,0.1327,0.089,0.0644,-0.0458,0.219,-0.3861,40.98,304.97,A
987,-6.8473,-7.0696,-3.9539,-2.4865,-1.6065,0.2612,31.88,239.16,B
988,0.6526,0.538,-1.0323,-0.325,-0.262,0.5502,39.76,303.46,B
989,2.996,3.5109,2.2571,2.9981,1.1315,1.5688,47.65,372.64,D
990,-8.0689,-6.467,-3.4499,-3.5453,-1.5731,-2.2005,31.09,215.73,C
991,-4.4092,-4.3957,2.0337,2.3399,-1.0816,-1.6487,40.38,308.24,A
992,-2.2888,-2.5841,-0.256,-1.1831,0.5547,0.0926,35.07,276.77,A
993,6.0,5.9655,-1.3743,-0.9402,0.6644,0.6781,45.68,323.94,D
994,-3.7582,-3.371,-4.8311,-4.6353,-0.8176,-0.6102,30.5,219.42,B
995,-2.5186,-1.837,-3.5398,-3.9413,-3.5371,-2.8938,33.45,247.02,D
996,-2.4896,-2.2851,-1.1913,-1.5673,-0.7095,-1.3908,36.84,279.54,B
997,6.4355,6.3337,-0.2498,1.9593,-1.504,-1.3316,46.74,327.58,A
998,-2.9005,-3.7116,4.8081,2.7219,-0.9152,0.1337,43.03,336.75,B
999,-2.558,-2.4363,1.9179,1.7008,-1.9118,-2.5054,37.48,318.15,C
1000,-9.7537,-10.1487,-4.1088,-1.5578,0.8471,0.5032,30.49,228.91,C
1001,-16.8321,-17.675,-5.0116,-5.2059,-1.1016,-2.1481,22.21,139.09,D
1002,0.4297,0.4506,4.3413,2.666,-0.6642,0.936,42.68,359.97,A
1003,-2.5335,-2.229,0.2367,-1.6899,-1.6776,-1.7236,40.91,273.54,C
1004,4.1898,3.4117,-2.0145,-2.9143,1.7824,0.7381,43.67,327.4,A
1005,2.4925,2.8895,-0.0874,-0.5439,-0.8561,-2.0484,46.29,328.98,D
1006,-0.1118,-0.4705,-1.2176,-1.6507,0.0633,-0.9715,39.77,286.54,B
1007,-4.9862,-3.5756,0.3321,0.1081,0.9792,0.7664,37.21,268.72,D
1008,3.6686,2.6829,4.4999,3.7071,-1.5778,-0.5589,46.69,389.37,C
1009,6.777,6.3433,1.5449,0.6626,2.7789,3.1452,51.35,346.04,B
1010,4.0404,4.342,1.4522,1.5937,1.0536,2.3673,46.79,363.11,A
1011,-9.0162,-8.5517,0.0275,0.0118,-2.459,-3.3909,30.04,240.24,D
1012,1.2307,0.2856,-3.7826,-3.1651,0.1026,0.3856,36.78,265.58,B
1013,6.0278,5.6229,1.3813,2.2921,0.18,1.0337,50.22,365.36,A
1014,1.214,0.3607,4.5577,4.7933,2.5242,3.2907,49.01,382.52,D
1015,7.4521,7.1095,2.4096,2.1042,1.3378,1.3839,52.5,374.42,C
1016,-3.5949,-2.287,-3.2083,-2.1024,-0.6246,-1.6973,36.5,252.6,C
1017,-3.1866,-4.3199,0.382,-0.9455,-1.484,-1.6661,40.09,306.92,D
1018,-3.021,-2.5342,1.4998,1.3258,-0.5799,-0.9284,42.57,283.19,B
1019,-5.6043,-5.6938,-2.5833,-1.1541,-1.7197,-0.7452,32.15,240.6,A
1020,3.682,3.9446,3.5496,3.1104,0.2831,-0.3679,46.63,349.52,B
1021,-11.744,-12.05,-3.0,-2.1975,-0.0376,-1.0929,27.37,213.55,D
1022,2.3841,2.3844,-0.2854,1.2489,3.4248,2.7242,48.03,355.08,B
1023,4.1652,3.3221,0.7361,-1.5688,-0.4221,0.5039,43.71,343.83,A
1024,7.8963,7.8169,-4.5819,-2.9685,-0.0956,-0.5047,44.22,327.93,A
1025,8.9919,8.4627,-2.5936,-2.4268,0.7575,0.6797,51.11,353.2,C
1026,0.6981,1.342,3.6762,4.3232,-1.8487,-0.346,48.06,357.64,C
1027,-3.6234,-4.1203,-3.6173,-3.8488,-0.3249,-2.8295,29.59,238.98,D
1028,1.4529,1.4309,-0.405,0.1626,-1.5538,-1.5735,42.64,299.01,A
1029,1.4549,0.556,-0.3224,-0.4308,-1.2441,-0.7886,43.01,312.45,D
1030,4.7407,4.3844,0.1279,-0.2453,-0.7096,0.2081,45.65,333.2,C
1031,-1.1873,-2.1106,-0.3459,-0.8,-0.786,-0.0447,39.4,265.62,C
1032,-2.3554,-2.1728,2.4284,1.9784,-0.212,-0.5671,40.83,336.26,B
1033,-4.3693,-4.5645,-0.52,-1.0501,0.0116,0.0027,38.07,271.15,C
1034,1.2753,1.1605,-5.1436,-6.2998,-2.4462,-2.5829,37.97,266.71,B
1035,-6.0864,-6.4129,-1.2214,-0.9411,0.5804,0.6088,36.41,248.5,A
1036,9.5033,9.8683,8.6281,5.7832,0.0938,0.4926,57.64,452.72,B
1037,13.799,13.2496,1.4457,1.1576,1.2734,2.2692,54.3,399.43,C
1038,-3.1225,-2.5488,-0.4582,0.629,2.7737,1.6178,43.05,301.82,D
1039,-1.7102,-0.8395,2.6648,1.8817,-1.4428,-0.6962,43.53,327.46,D
1040,-7.628,-7.9201,-0.4751,0.7233,-0.6979,-1.6702,36.02,263.09,A
1041,-0.1083,0.5074,-3.8395,-4.7644,-2.6973,-2.5071,35.73,278.1,B
1042,-10.2425,-10.692,-4.2637,-2.5732,-0.4865,0.1912,26.77,213.85,A
1043,7.0446,7.0138,1.9248,1.4085,2.2228,1.3602,49.97,384.1,B
1044,1.942,1.94,1.194,1.4007,-0.0404,-0.3558,48.7,357.0,B
1045,4.1872,3.8141,-2.3381,-2.3355,-0.793,-1.0303,44.19,300.52,A
1046,2.4343,3.4015,3.7974,4.0068,2.3166,1.8837,51.18,366.76,D
1047,9.3323,9.9017,6.0245,4.2531,1.8184,1.7954,58.23,408.89,D
1048,-10.7786,-9.7885,-1.7151,-2.2767,0.0571,-0.8078,31.48,224.9,C
1049,-1.0481,-1.0294,-1.5019,-1.8119,-1.8158,-1.0807,37.91,322.65,D
1050,-3.7242,-4.6018,-1.8396,-1.9268,-1.8432,-1.0751,42.33,253.72,D
1051,12.166,10.3201,2.352,2.3255,0.5377,1.8946,57.63,425.57,D
1052,-2.9302,-3.3267,-3.6266,-5.1319,-2.1717,-2.7842,30.52,256.24,A
1053,-4.7483,-5.8341,-0.9324,-0.8655,0.3074,0.3144,34.29,254.64,B
1054,-3.179,-3.51,-5.6745,-3.4811,-1.7406,-2.3511,32.81,249.1,D
1055,-0.3953,0.3959,0.4402,-0.7224,-1.0296,-0.2671,41.33,288.29,B
1056,-4.3159,-3.5118,-6.1486,-6.8523,-1.646,-2.3702,30.17,261.21,D
1057,-0.1663,-1.3325,-0.7199,-0.7042,-0.2149,0.2059,37.64,287.8,C
1058,-5.499,-6.0354,-5.3414,-5.4281,-3.6133,-3.2278,29.74,216.12,A
1059,3.5215,4.0656,1.9876,0.3251,0.7487,1.109,45.63,354.85,D
1060,8.0244,7.6463,3.9771,4.2267,3.8066,2.0607,57.44,429.11,C
1061,-0.1072,1.6051,3.1825,4.8973,-1.1601,0.0419,45.22,371.83,A
1062,5.6562,6.1106,3.6973,3.6235,1.5696,2.6046,56.49,405.26,C
1063,0.3307,0.2666,-3.8311,-2.5195,-1.1742,-0.6241,39.21,269.16,C
1064,-6.7807,-6.4605,-0.7309,-0.5211,-1.7238,-1.6615,32.62,278.29,C
1065,-3.0982,-2.2592,2.0647,2.1943,-2.7248,-1.3861,42.48,305.3,D
1066,3.0418,5.1506,4.7012,3.1272,-0.7029,0.8972,47.42,381.03,B
1067,0.2962,1.0676,0.005,-2.4768,0.4146,-1.5562,43.09,258.71,A
1068,5.7282,4.182,4.9793,3.7284,2.2226,0.9034,52.44,387.24,C
1069,3.0849,2.4625,0.7835,0.5821,0.8902,-0.5258,48.96,355.61,A
1070,-3.7829,-1.9736,-2.2661,-1.909,-1.9602,-1.2918,33.66,262.33,B
1071,1.178,-0.1238,4.5374,4.4385,0.0039,0.9028,47.08,355.92,D
1072,0.5017,0.4381,5.0048,5.4234,-0.3721,0.6177,48.51,374.44,A
1073,6.3644,6.3861,6.2169,6.5553,0.9766,2.5537,52.91,429.54,D
1074,-1.6737,-1.1286,-1.0174,-1.6086,1.1446,0.1153,41.49,299.55,D
1075,4.2427,3.2007,-1.5269,-1.5454,1.037,-1.6077,39.88,298.8,B
1076,1.5243,1.3789,-1.5349,-2.2365,-1.8738,-2.342,36.44,285.69,A
1077,2.5698,1.8641,-1.464,-1.5666,-1.571,-0.8153,42.09,294.55,D
1078,-0.3566,-0.3851,1.6162,2.4287,2.4133,2.6683,43.59,344.25,A
1079,1.3684,1.884,-1.4934,-1.1533,-1.3557,-2.4848,41.71,296.31,C
1080,-2.0641,-1.7615,1.6801,1.9556,-0.227,-0.6193,42.38,309.86,B
1081,10.9375,11.9507,2.5738,1.355,0.3664,0.3991,53.32,385.57,C
1082,3.4705,2.9817,-3.6614,-2.8291,-0.8562,0.0072,42.52,288.08,D
1083,-0.6369,-1.2269,4.0533,3.3431,-2.1282,-1.4067,42.66,320.02,C
1084,1.1302,0.8522,-0.2342,1.302,-0.2207,0.409,43.05,309.51,B
1085,12.5391,10.9081,2.6198,2.3211,0.6568,0.4362,52.49,375.54,D
1086,-8.3912,-8.8166,-2.9726,-1.6422,0.6121,-1.2498,28.14,255.48,D
1087,1.3111,0.5951,2.1785,3.1977,3.7659,3.3651,44.34,345.2,C
1088,-3.1478,-3.7387,-0.3404,-0.6214,-0.9039,-1.1549,41.14,288.9,A
1089,4.3035,3.7751,1.6905,2.2156,2.8535,3.3361,52.48,373.82,D
1090,-4.7604,-5.4708,-1.5837,-1.6752,0.2563,0.0999,37.01,263.08,A
1091,11.6046,13.1869,4.1951,4.1033,1.7871,2.8533,60.35,460.89,A
1092,9.3176,8.4481,3.3733,2.7059,0.1768,2.2329,51.17,390.44,C
1093,-3.2053,-3.0282,1.7657,1.7633,-1.0171,-1.0608,41.04,289.24,D
1094,0.3847,0.7649,1.2354,1.3636,2.9339,3.6052,44.19,321.41,B
1095,15.5766,15.6289,5.7776,4.0846,1.08,1.6833,62.71,469.85,D
1096,3.3498,3.255,4.635,3.41,1.2168,0.8046,50.59,398.38,D
1097,-0.1446,0.0189,2.3784,2.2979,0.2465,0.5979,45.34,340.52,B
1098,-0.6848,-0.5961,1.2785,0.9254,-1.311,-1.1599,44.6,301.62,B
1099,0.4366,-0.809,-1.3477,-1.3733,-0.7252,-0.1425,39.93,304.36,B
1100,-0.3276,-2.055,1.9059,2.0776,1.5348,0.4915,43.34,307.44,B
1101,-5.7343,-5.2754,-2.4856,-2.1371,1.9293,0.9714,35.81,242.0,D
1102,-1.9082,-1.1093,-4.6437,-3.931,-0.7661,-2.4549,34.42,226.82,C
1103,-4.2614,-3.7816,-1.9995,-1.2849,1.2332,2.6435,35.07,251.22,B
1104,-10.9915,-9.0097,2.2277,1.7186,0.4965,-0.6491,34.05,293.86,A
1105,10.141,9.5769,7.7314,6.6079,1.4488,3.2482,62.77,454.02,C
1106,-2.994,-2.5713,-3.5725,-2.8934,-0.0165,-1.8403,33.87,249.32,A
1107,0.3334,0.4437,0.3917,0.6566,2.0833,0.6343,44.41,325.69,C
1108,3.8282,5.9373,0.2281,0.7979,-0.6148,0.8584,46.11,358.71,B
1109,6.9294,6.8174,1.6431,-0.6486,0.9829,0.2944,51.26,370.39,D
1110,-0.484,-0.1819,3.2087,2.5871,-2.1169,-2.3365,44.19,288.87,A
1111,0.1811,-0.54,3.1106,2.1568,-1.0339,-0.0903,43.82,341.88,A
1112,5.965,6.0338,0.2581,0.6201,0.3403,-0.1264,48.96,326.14,D
1113,0.2493,1.6955,-7.7503,-6.9997,-0.0481,-0.1104,36.04,235.88,B
1114,-5.4009,-4.7499,1.5227,3.2508,-0.8024,-1.2003,39.96,269.65,B
1115,-1.9526,-2.1066,3.2193,3.2615,-2.1836,-1.2778,41.6,330.64,C
1116,-1.5919,-1.4621,0.1293,0.5624,1.0456,1.281,40.54,314.06,D
1117,-1.3045,-0.391,-2.6529,-3.4319,-0.9398,-0.1617,38.98,267.25,C
1118,2.0986,3.1377,2.0619,1.8065,-0.3654,-0.1878,44.34,324.66,C
1119,3.7498,3.0101,0.1535,0.0346,0.7454,0.45,46.49,351.75,B
1120,2.9731,2.7177,-1.0677,0.6668,-0.2736,-0.6227,41.47,326.27,D
1121,0.3533,0.2826,0.2575,0.9956,-0.0623,-0.0551,43.64,318.87,D
1122,3.3294,4.1598,2.9755,3.155,1.1908,2.1168,50.4,367.48,B
1123,-0.593,0.3277,4.0242,4.1706,1.0585,3.1419,48.32,362.36,A
1124,-3.077,-2.6282,-4.6854,-3.1751,0.0822,-0.2066,37.66,252.49,C
1125,1.883,1.1914,0.8645,0.471,0.9076,1.1811,45.4,343.92,C
1126,0.8294,0.791,1.94,2.3599,2.564,1.7736,49.3,366.06,C
1127,-3.324,-1.7924,-2.715,-2.6541,0.4407,0.0896,37.66,269.62,B
1128,6.5247,6.5959,1.1711,0.0844,-0.7133,-1.467,47.66,341.66,D
1129,12.375,10.2116,-1.2038,-1.3416,-0.0848,0.2228,52.1,363.83,D
1130,-3.6939,-2.8247,-5.9159,-6.8728,-0.1023,-0.8856,32.07,233.46,C
1131,-0.5654,-0.8667,-1.8116,-1.3736,-1.1621,-2.0817,38.82,293.12,C
1132,-2.6487,-2.4725,-3.0548,-2.2018,1.1055,0.8542,42.69,272.94,B
1133,-6.1222,-6.7369,-2.2137,-1.198,1.0114,0.1368,36.51,267.63,A
1134,3.6273,4.1394,2.0397,2.484,-0.2714,-0.0306,47.6,341.71,C
1135,-0.7592,-1.0684,-0.4314,-0.1168,1.5619,0.0328,43.18,304.7,A
1136,-0.1165,-0.2146,3.9803,3.0824,0.5243,1.293,46.82,320.75,A
1137,-1.3434,-2.0625,2.7767,1.6349,1.984,1.7159,42.96,326.06,D
1138,-4.7204,-5.4117,-4.5402,-3.2054,1.0726,-0.7074,33.96,256.3,C
1139,-0.9852,-1.0861,0.9598,0.8971,0.4463,-0.6688,42.38,317.07,A
1140,4.0657,3.0622,1.5434,2.3613,0.6369,0.306,49.58,357.86,C
1141,-1.7816,-0.3396,-1.1825,-1.4264,-1.3399,-1.4367,38.83,267.42,B
1142,1.7453,2.2985,-1.0758,-1.0104,-1.0133,-2.111,44.07,310.2,A
1143,-3.5361,-2.2778,-2.7959,-1.2011,2.4976,0.7119,37.09,251.52,C
1144,6.5676,5.7875,1.1462,1.6192,2.0843,3.4223,48.6,395.85,B
1145,3.6111,5.1964,1.8449,1.2019,-1.0141,0.6919,47.97,342.49,D
1146,-0.2817,-0.7185,-1.594,-0.7413,1.7992,0.7187,39.42,307.55,D
1147,-7.7991,-7.9587,-2.905,-3.7089,-2.3401,-3.024,26.08,208.36,D
1148,-5.0963,-4.2323,0.2746,-1.1174,-0.8486,-1.3975,35.8,265.41,D
1149,2.3479,2.7329,2.7477,2.4513,0.2551,-0.3365,48.37,341.3,A
1150,0.9501,0.0799,1.5479,1.7266,1.6833,1.4919,47.99,353.81,A
1151,4.6348,4.8832,0.6397,0.7046,0.4382,2.2092,50.34,348.61,B
1152,1.1198,0.2456,0.8991,-0.2953,-1.9519,-1.1705,42.43,322.83,D
1153,-1.5508,-2.6463,-1.4733,-1.3754,-0.7105,-1.3183,39.44,273.35,D
1154,0.6772,1.9799,0.3265,-0.2637,1.1562,1.1658,41.27,311.17,D
1155,-8.4279,-7.8954,-2.4355,-2.5703,-1.9153,-2.6433,30.34,188.54,B
1156,-6.9698,-5.9242,-1.6202,-0.7169,-0.3055,0.0608,35.52,262.57,B
1157,1.7382,1.0892,-0.5138,-0.7261,0.7091,0.1278,40.19,302.56,B
1158,-8.5881,-5.6284,1.3628,0.4834,-1.5787,-2.3014,38.03,267.76,C
1159,-8.9851,-7.3375,-1.7251,-1.4429,-1.1166,-1.3287,31.41,228.21,D
1160,6.446,8.1175,3.1214,1.8702,0.8048,0.1613,50.71,365.85,B
1161,4.8179,3.9423,2.4646,2.652,0.8038,0.5465,47.95,340.76,A
1162,0.0847,-0.103,-1.6025,-0.5005,-0.5066,0.1222,39.78,300.74,A
1163,-7.2035,-6.5186,-2.1366,-3.3439,-1.0981,-2.7526,31.44,206.37,C
1164,-12.2232,-12.1736,-2.8728,-2.3194,-0.6086,-2.3428,26.54,212.76,B
1165,4.4231,4.1361,2.4156,3.4494,-0.9983,-2.6514,47.71,338.36,A
1166,3.453,1.8796,0.4228,1.2534,0.9062,2.1634,45.53,348.92,B
1167,-2.6282,-1.7347,0.464,-0.5638,-1.7534,-0.3761,40.04,297.92,A
1168,6.0703,4.7304,-1.7032,-0.9349,-1.0605,0.0188,43.07,311.07,C
1169,-6.1714,-5.2474,-0.8493,-1.0731,0.1568,0.4387,36.39,259.75,C
1170,-8.1713,-6.8311,3.1987,1.9366,0.3968,0.9729,38.67,281.96,C
1171,-1.7716,-1.8482,-1.239,-0.0746,0.626,1.6609,41.2,291.38,C
1172,-0.1741,0.1814,-1.3652,-0.5834,1.3524,1.0986,41.78,314.96,A
1173,1.2287,1.5766,-1.0375,-2.194,-2.4632,-0.6399,39.31,304.21,A
1174,-5.3741,-5.3167,-0.5279,-0.0992,2.3183,0.5364,39.19,275.29,B
1175,-8.5128,-8.1902,-2.9801,-2.269,-1.9032,-1.7335,33.11,220.0,B
1176,-1.5423,-0.3586,-2.1514,-0.5103,-0.7115,0.7973,42.69,298.52,A
1177,2.0177,2.3011,-1.5309,-1.2735,0.6883,0.5983,42.85,290.04,C
1178,-3.4373,-2.8138,-3.1091,-3.0081,0.538,0.208,38.25,258.65,A
1179,1.9462,2.5312,-1.6795,-1.498,-2.2571,-2.7077,40.11,310.64,D
1180,-6.3262,-6.2683,-3.5882,-3.7032,-1.4718,-1.2722,33.08,248.36,A
1181,2.7071,1.7603,-2.455,-2.075,-1.496,-1.1869,41.46,284.11,B
1182,13.4906,12.4045,5.0524,4.7477,1.8508,2.0123,64.99,465.64,D
1183,-0.7045,0.4536,1.1111,0.5011,-0.6586,-0.3987,45.32,302.2,A
1184,11.44,12.1217,5.1977,3.8693,2.6174,3.1395,61.59,437.57,C
1185,2.082,2.7072,-1.478,-2.0828,-2.3665,-1.3687,39.25,278.33,A
1186,5.7096,5.6596,-1.1125,-0.2007,-1.5293,-1.9184,42.15,337.7,C
1187,-9.8687,-10.3466,-3.8128,-2.1275,2.3306,0.8926,31.39,207.82,D
1188,-11.1884,-11.3191,0.0456,0.9186,-1.1522,-2.4582,29.6,230.45,A
1189,-0.3073,-0.178,0.7031,2.0675,-3.153,-2.5171,40.21,297.29,A
1190,-3.9339,-3.7894,-3.6686,-2.5759,0.8062,-0.1217,33.94,226.69,C
1191,-1.5747,-0.8539,-2.9091,-2.6322,1.3271,1.5075,36.8,278.48,A
1192,-1.7848,-2.6373,-0.3343,-0.2996,1.5954,-0.3504,37.74,265.14,A
1193,-5.6532,-4.3713,-3.7097,-3.3806,-0.4538,-0.5665,31.52,235.44,A
1194,8.3114,9.0912,3.4454,3.4607,1.1426,1.7853,54.56,411.2,B
1195,-2.2174,-3.8792,-2.1637,-1.4472,0.0315,-0.4189,39.69,272.33,B
1196,-1.2207,-2.2884,-4.0026,-4.1326,-1.4562,-1.5944,34.34,239.88,D
1197,-4.4147,-2.5569,1.8277,1.5202,1.1313,0.7869,44.73,307.43,A
1198,-2.906,-1.8297,-1.443,-0.1999,1.4498,0.2492,39.11,308.56,D
1199,-0.2009,-1.2213,0.9589,-0.0773,-0.0301,1.2254,38.56,313.56,A
1200,11.6639,11.4987,4.3867,2.888,0.6524,1.5796,57.44,425.5,D
1201,-4.2604,-4.5189,0.6774,1.4092,-0.7311,-0.8202,36.28,296.08,D
1202,-4.183,-3.679,-0.0001,0.6774,-2.4874,-2.1467,37.64,306.78,D
1203,6.9026,5.6458,0.4739,-0.2163,-1.0621,0.3151,50.61,363.51,C
1204,-2.6069,-1.292,0.6263,0.1058,-1.5481,-0.864,40.03,297.22,C
1205,-16.7966,-17.0509,-6.1976,-5.7392,1.4984,-1.7301,19.32,147.43,A
1206,2.521,3.2141,-2.1652,-0.8945,-1.4432,-0.421,41.5,311.14,D
1207,1.4333,0.8461,-3.3199,-2.5012,0.114,-0.2038,41.09,287.44,D
1208,-5.9599,-5.6921,-5.0184,-5.8022,-0.4125,-0.8255,31.11,224.22,C
1209,-2.9004,-1.9497,-2.8818,-3.9233,-2.4482,-2.8899,30.87,240.82,D
1210,4.9276,3.7157,-2.6829,-3.1716,-0.8729,0.7798,41.52,309.48,D
1211,-5.0163,-4.8825,0.8792,0.6828,-0.1933,0.4829,40.68,299.0,D
1212,9.9598,9.7836,0.2807,-0.4929,1.4129,2.4691,52.36,387.3,C
1213,0.8453,3.2251,0.8482,1.3431,2.029,2.2933,44.42,341.2,D
1214,-0.0919,0.0729,-3.2482,-0.7634,-0.211,-1.9584,39.5,307.5,B
1215,-1.5737,-2.2094,-2.0488,-1.3548,0.3376,-0.5862,39.35,281.61,D
1216,1.4955,-0.3375,-1.2091,-2.0089,0.0071,0.729,39.5,288.4,D
1217,-1.2841,-0.1548,-3.6715,-1.5103,-0.556,-0.4774,35.14,267.12,C
1218,-4.4424,-3.2388,-3.4356,-3.5981,0.4176,-0.6926,36.21,246.99,D
1219,1.9679,1.7379,-1.031,-0.2654,0.8531,1.0555,42.19,310.39,A
1220,4.5427,3.7748,-0.1056,-1.404,-1.918,-1.059,46.52,297.96,A
1221,1.1065,0.0928,-0.4001,-1.4636,0.1201,1.1493,44.56,291.24,D
1222,1.0217,0.8568,3.8596,4.3418,0.5635,1.9733,47.58,381.61,A
1223,-12.2176,-12.5242,-3.2945,-1.4556,0.6108,0.0087,28.71,189.94,D
1224,6.8474,5.5382,-1.0606,-0.2929,1.9537,1.1505,45.77,334.34,B
1225,-2.0429,-2.8478,0.0992,0.7439,-0.1534,1.5424,40.2,306.47,D
1226,7.4302,8.6565,0.947,0.3401,0.7598,2.46,51.78,385.66,B
1227,-1.712,-1.3707,-4.8919,-3.5595,-0.4476,-1.0494,37.41,262.94,A
1228,-2.3221,-1.227,0.3048,0.9031,2.723,2.3969,43.3,309.43,A
1229,1.2353,1.0153,0.5322,-0.1854,2.8603,-0.4243,41.87,290.61,D
1230,-3.0272,-3.9496,1.4271,0.9299,-1.0431,-1.9912,38.43,295.31,B
1231,1.7589,3.362,-0.149,-1.2888,0.4533,0.9314,43.49,303.85,D
1232,8.8765,8.7186,-0.2159,0.2654,1.0999,1.6227,52.85,379.47,B
1233,-5.1969,-3.8398,-1.5952,-0.3779,0.2737,-0.6124,34.89,229.15,B
1234,7.7554,7.8452,3.8543,3.1356,0.3849,0.2115,53.73,433.33,A
1235,-4.3626,-3.6728,-4.9086,-3.3129,-0.9015,-0.6356,33.64,227.88,A
1236,7.4008,5.4919,-0.0533,-0.3518,1.8205,1.4717,48.83,335.33,A
1237,1.6705,1.8247,-3.2684,-3.3964,-2.0744,-1.7096,42.41,227.22,C
1238,4.0371,3.7618,1.1838,0.6965,-0.5226,-0.0783,46.76,352.21,B
1239,-1.0982,-1.3251,-1.1317,-2.5779,-1.7336,-1.1489,36.39,264.6,D
1240,-3.3057,-3.2295,-3.7713,-1.5015,-1.8443,-1.3948,31.3,256.58,A
1241,2.5676,3.605,-3.2576,-4.5699,-1.5317,-0.6333,41.87,271.59,C
1242,2.1328,0.7663,1.8282,0.6482,0.8281,1.1718,40.24,345.64,B
1243,3.8269,4.5228,-0.264,-0.6153,-1.34,-0.2088,44.09,305.7,C
1244,-2.6343,-4.2548,-1.2762,0.7039,0.8676,1.128,37.35,284.27,A
1245,4.8301,5.4211,-4.7422,-4.9902,-1.3163,0.3296,39.78,288.41,A
1246,-0.0788,-2.3551,-2.5003,-3.5938,-0.8749,-0.6255,35.57,263.58,D
1247,1.1077,1.7598,1.3779,0.2384,0.3228,0.1637,46.76,360.16,D
1248,-4.0632,-2.2612,-5.1119,-4.8354,0.2224,-0.6826,35.57,243.58,D
1249,4.3857,6.7423,1.3662,0.5225,-0.7876,0.9709,46.48,339.53,C
1250,13.8396,13.4467,0.4296,-0.2059,-0.9596,1.7533,57.03,420.21,C
1251,-2.1812,-2.4084,-0.4929,-0.1685,-1.311,-0.6826,43.92,315.65,D
1252,7.1936,7.7789,1.0468,0.6877,-0.0747,1.0408,49.03,361.62,C
1253,-5.545,-5.7261,2.0062,2.8929,-0.2104,1.75,40.96,310.23,D
1254,0.7447,0.3893,1.0811,0.1902,0.257,1.1779,44.23,314.62,D
1255,0.9587,2.1925,-1.6289,-1.2311,1.2533,1.9833,44.65,300.06,D
1256,-5.8708,-5.3801,-2.469,-3.0709,-2.1916,-2.9614,35.17,217.37,B
1257,4.7401,3.4523,6.3779,5.2207,1.3171,1.517,53.16,361.98,A
1258,-1.6815,-1.6067,-3.7633,-4.5157,0.104,-1.0752,34.81,284.44,A
1259,-1.9211,-1.7956,1.4247,1.5706,1.1145,2.0672,45.48,325.32,A
1260,0.828,0.2993,-1.0483,-0.3437,-0.1684,-0.3652,43.43,282.38,A
1261,0.8741,0.5196,-1.0962,-1.3974,-1.6217,-0.0197,40.45,285.65,A
1262,5.0136,4.7313,0.1329,2.1635,1.0236,0.4664,47.7,353.36,C
1263,2.4892,2.4801,1.3244,0.6038,-1.076,-2.5465,43.19,344.16,A
1264,1.2871,0.7396,4.5456,3.5449,0.9035,2.163,47.96,368.45,A
1265,-3.1203,-2.4403,-3.3466,-2.0396,-1.6507,-1.8783,37.18,240.23,A
1266,12.0239,11.5272,-1.1434,-1.0347,1.1206,0.7181,49.02,339.38,D
1267,10.5019,11.1549,2.7839,1.9614,3.2886,2.9538,53.74,411.3,B
1268,2.573,2.2761,0.2525,0.9063,0.1368,0.4225,42.09,337.41,B
1269,0.3658,0.741,-2.1223,-2.8807,-0.8811,0.2322,42.05,296.67,D
1270,3.6098,4.2875,1.7879,-0.2125,-0.1459,-0.0532,45.89,335.68,D
1271,8.5064,9.3754,1.1859,0.556,2.9168,1.671,54.81,399.15,A
1272,4.6595,4.3356,1.8311,-0.4778,-1.3935,0.0281,46.62,315.95,C
1273,-6.1767,-5.0826,1.2941,0.7059,0.2835,0.0922,36.7,283.23,B
1274,5.5795,4.2031,2.3435,2.5318,1.4295,2.1133,48.94,376.62,C
1275,1.6671,1.272,3.2472,3.449,1.2047,2.4976,48.36,376.97,C
1276,0.8891,0.9082,0.1444,1.0684,-1.3666,-0.0752,42.27,326.49,C
1277,-3.5866,-3.8149,-1.6913,-1.8408,1.4192,1.0262,37.32,304.66,D
1278,0.6239,0.6582,-1.4992,-2.0595,-0.6419,-0.3346,44.82,305.61,D
1279,0.9967,0.5372,-1.1933,-1.4609,-1.1537,-2.155,40.78,288.91,D
1280,-1.1751,-1.7004,1.3913,0.1107,-0.8626,0.9598,42.23,316.24,D
1281,-7.9515,-6.7165,-0.7536,0.4207,-0.4697,-0.6989,34.43,296.77,D
1282,2.5098,2.9264,0.9883,0.4537,-0.6158,-1.0419,45.55,331.48,D
1283,-0.5,-0.4235,0.7354,1.2715,2.2171,2.4931,42.41,357.78,D
1284,5.9328,7.9995,-0.059,-0.3156,2.2341,1.4447,48.65,356.21,A
1285,10.4188,10.8101,-1.0625,-1.236,-0.3128,0.6931,52.05,363.62,B
1286,-3.4202,-3.2175,2.5379,1.7058,3.3379,0.7209,40.11,332.42,A
1287,7.2693,7.9665,2.6443,2.3903,0.8081,1.2351,53.74,380.76,D
1288,7.2884,7.2798,4.5758,5.5844,1.1846,2.2222,54.86,424.51,A
1289,4.0679,2.5157,1.9349,1.5192,-0.8933,0.5371,44.53,360.78,B
1290,-3.1846,-3.1725,-2.0688,-3.0921,-2.1393,-2.0374,34.66,267.97,A
1291,0.3925,-0.4272,-1.0097,0.7504,0.4934,-0.6002,44.02,338.72,C
1292,-0.9453,-0.6195,5.1026,4.435,-0.1503,1.4645,45.88,372.66,D
1293,-3.3036,-2.7852,-0.7987,-0.5482,0.9249,0.4413,38.86,274.1,B
1294,-3.3902,-3.5093,0.2196,0.6781,-1.3311,-1.1965,35.71,304.57,C
1295,3.7813,2.0242,0.3908,0.3554,-2.6385,-1.8685,42.87,302.84,A
1296,-3.9557,-3.311,-3.4903,-2.8065,-1.3728,-2.5779,32.61,256.77,A
1297,2.4626,1.3847,-3.6929,-3.5207,-0.1812,-1.7623,40.63,276.98,C
1298,-3.3305,-3.3418,3.4201,4.1104,-1.4154,-1.1088,38.26,295.61,A
1299,8.7437,7.1759,0.4976,1.4428,-0.3641,0.2677,50.77,375.37,D
1300,-6.6491,-5.8312,-8.0645,-6.7656,-1.9265,-2.4065,28.29,169.02,C
1301,-3.2468,-3.5636,-4.3835,-3.6951,-4.3923,-2.815,31.93,241.6,C
1302,5.1011,5.6282,0.3451,-0.329,0.8627,2.9528,48.07,353.87,D
1303,-10.776,-9.6523,-0.5287,1.4596,0.1713,0.6198,35.45,239.24,A
1304,6.9594,6.5511,1.358,0.9868,1.6391,0.7616,49.91,385.88,D
1305,-3.7642,-3.1374,-0.2627,0.2853,-0.9492,-1.0836,36.63,270.07,A
1306,6.7313,7.181,3.9965,3.162,0.2286,0.73,52.27,391.03,D
1307,-6.6126,-6.1025,-3.6347,-4.6174,-2.3912,-1.7595,30.62,229.64,C
1308,8.0271,8.295,5.6824,4.4518,-0.3756,1.6634,57.19,412.38,D
1309,-1.647,-1.9643,-1.6837,-1.9748,2.6315,1.6468,41.26,290.59,A
1310,8.4391,8.7808,4.9892,2.6153,-0.6757,-1.023,53.19,393.82,B
1311,4.6978,4.7692,9.5446,7.9947,1.0977,0.6781,56.03,425.75,C
1312,4.7916,5.1209,4.3071,4.1409,2.1911,2.833,53.52,412.31,C
1313,10.2067,9.443,1.1607,0.4279,-2.0886,-2.9821,48.87,373.75,A
1314,9.6517,9.1805,2.5498,0.8078,-0.8025,0.7451,50.26,373.81,D
1315,-8.7497,-8.0907,-7.8029,-5.9789,-2.0908,-3.2819,20.78,166.07,C
1316,-1.1108,-0.4546,-3.2602,-2.7534,-1.2805,-1.5521,35.51,266.0,C
1317,4.2489,3.0907,1.4092,0.9719,0.5096,0.3594,45.88,366.82,A
1318,7.3729,7.5681,4.3117,2.8293,0.2176,1.366,52.62,381.74,D
1319,0.2377,0.493,2.6329,2.067,0.265,-0.3281,47.02,315.51,B
1320,3.596,3.524,5.2471,4.0412,2.0402,2.6923,49.88,399.73,A
1321,-3.9295,-2.5574,4.1335,4.0792,3.0595,2.1961,47.96,376.73,C
1322,4.3086,3.9511,-2.6058,-3.6114,-1.4387,-0.7172,44.17,295.12,B
1323,3.0764,4.054,2.5418,1.1237,-1.6633,-1.6425,47.09,360.28,C
1324,4.8428,5.6175,0.2732,0.493,-1.3791,-0.5991,47.96,371.35,D
1325,-4.5695,-4.2118,-2.785,-2.4322,-0.8865,-1.1544,35.62,250.09,C
1326,3.9133,3.6688,-1.006,-1.2958,0.8594,0.3629,47.77,331.39,D
1327,6.9002,7.2869,-2.9193,-3.2889,-3.0572,-2.7467,46.15,311.55,C
1328,8.3054,8.5025,2.5822,3.1893,-0.4614,-0.1363,52.3,396.27,A
1329,5.0777,5.1262,1.7945,1.7977,-1.6771,-1.9611,47.3,364.08,D
1330,-3.1694,-3.2025,0.9222,1.0096,-1.7358,-1.7538,37.08,261.42,D
1331,2.128,2.1888,-3.9542,-3.9187,-0.3038,-0.5185,42.83,276.48,B
1332,-10.7481,-10.5781,-3.1127,-3.8139,-1.8657,-2.428,30.21,195.14,D
1333,0.5415,-0.2735,-3.7362,-1.7152,0.165,0.7676,41.24,276.62,A
1334,-2.4936,-2.0264,1.1932,1.036,1.9278,0.814,37.96,300.9,C
1335,5.0301,4.476,-0.5958,-0.6308,-0.9698,0.4238,46.36,329.86,B
1336,6.2506,5.2152,-6.732,-7.2841,-3.9542,-4.448,34.56,256.66,C
1337,-5.8669,-6.057,-4.3519,-1.7258,-1.7187,-1.5295,32.07,238.87,D
1338,0.1631,0.4629,-0.1001,0.1211,-2.591,-0.9102,44.39,279.15,C
1339,0.9651,-0.7268,0.0528,-0.9146,-1.0749,-0.864,44.82,309.7,C
1340,2.9096,4.8173,0.9852,0.6145,-0.5405,-0.0717,46.03,343.52,C
1341,8.4183,9.6143,3.0786,2.922,0.3208,0.3253,53.73,395.68,C
1342,4.1551,4.2955,2.819,2.0609,-0.7029,-0.9919,44.82,343.53,C
1343,-7.5447,-9.1579,-4.0864,-3.4149,-0.2755,-1.3157,28.73,224.52,B
1344,2.2219,1.8526,-2.5779,-1.7311,-0.1047,0.7697,42.87,285.56,A
1345,-2.5364,-2.4035,1.4338,0.2689,3.3647,2.9585,44.19,310.3,C
1346,-1.93,-1.8023,5.4999,4.9543,0.4329,2.5646,49.66,362.49,C
1347,8.9289,8.2722,1.4178,1.6655,0.9031,1.657,51.43,361.52,D
1348,-5.0647,-4.023,2.1343,3.0143,0.3114,1.2544,38.69,313.58,D
1349,-1.098,-1.7264,0.6405,0.6837,1.1318,1.0628,42.24,315.96,D
1350,1.9302,1.8118,-1.3243,-1.6114,-1.2529,-0.8244,40.65,295.1,D
1351,4.4219,3.3631,-0.8544,-1.1628,1.137,1.4462,42.85,314.91,B
1352,-3.8631,-4.1599,1.5843,3.3399,0.3617,-0.8314,38.97,290.08,D
1353,8.1649,8.5548,6.0958,5.1586,-0.5189,1.1396,54.72,419.2,A
1354,5.0319,5.6294,3.1044,2.5524,1.0449,1.1559,47.69,383.82,C
1355,0.3233,-0.3894,-1.7821,-2.3055,-1.4221,-0.9579,39.24,294.9,A
1356,0.6063,-1.0555,-4.0914,-4.2194,-2.1108,-2.9404,36.33,243.5,A
1357,-2.8941,-1.7724,3.0569,3.2007,1.5473,2.5746,45.79,335.0,D
1358,0.0722,0.5531,0.7858,1.4214,-3.9943,-3.7448,42.31,276.47,B
1359,-0.2045,-1.0284,-1.086,-0.1594,-2.2815,-0.5802,37.1,292.87,B
1360,-1.27,-1.9432,-3.9566,-2.182,-0.2925,0.3985,37.36,263.02,D
1361,7.539,6.7938,4.069,3.4231,1.603,2.2213,50.63,395.12,A
1362,-1.4782,-1.4823,1.1146,1.7242,0.3959,-0.1853,39.08,322.5,A
1363,2.0652,0.8461,-1.8475,-1.8748,-0.4158,-2.0724,41.08,319.23,A
1364,-6.1966,-5.9466,0.9713,1.2837,0.6038,-0.1503,38.44,289.17,D
1365,-1.5975,-2.1092,2.7365,3.8268,0.3005,1.6313,42.21,335.43,B
1366,1.9057,1.6338,-1.6722,-1.4974,0.85,0.1937,41.6,303.96,D
1367,1.9757,2.4656,-1.1753,-1.8338,1.1525,1.2446,45.96,325.59,B
1368,1.2812,1.6864,1.6812,0.7585,0.4519,-0.0009,43.64,321.67,D
1369,1.3498,1.3842,0.0237,-1.1902,0.6689,0.7554,41.27,326.1,C
1370,-1.3131,-2.2403,3.5958,3.7163,-0.6103,-0.0668,44.18,310.61,A
1371,0.5231,2.1202,2.3472,2.6355,2.3112,1.4354,50.44,342.44,A
1372,-2.7217,-3.0096,0.8686,2.0432,-0.8802,0.4901,41.52,309.54,A
1373,-1.5058,-1.335,2.0025,1.7269,-0.2152,-0.3408,40.87,312.72,D
1374,-2.0888,-2.5348,-0.0676,0.5445,1.2192,0.6406,37.11,296.34,A
1375,10.1126,8.9055,2.6377,1.5932,2.0844,3.3009,59.87,423.29,D
1376,2.0291,3.4255,2.6919,0.455,1.4589,0.5362,46.49,363.1,C
1377,-5.1433,-5.2145,-3.6731,-3.4788,-0.7284,-0.3499,33.33,231.94,D
1378,6.9853,6.4118,-1.0194,-1.2291,-1.6287,-1.664,41.23,345.17,C
1379,1.5215,1.5855,-1.3438,-2.5417,-3.0475,-1.6731,37.66,281.16,A
1380,0.0381,-0.8886,-2.3514,-1.8157,-0.2983,-1.2837,37.41,263.23,A
1381,-7.4114,-7.0603,-2.1029,-0.5228,0.6399,0.9936,34.99,246.87,C
1382,4.0588,2.3503,-2.9768,-1.7527,-3.5803,-1.5763,37.47,255.97,D
1383,-0.2467,-0.9028,-0.4027,-0.3654,0.949,-0.5269,37.01,295.24,A
1384,3.7308,4.5291,3.5247,3.65,0.7416,-0.4585,50.69,372.42,D
1385,1.948,1.5882,-0.6241,-1.1855,-0.768,-0.1968,42.28,313.54,B
1386,-1.4677,-0.6063,6.8072,7.3502,-0.0495,-0.3978,46.92,377.6,D
1387,3.5289,4.2359,4.283,2.9806,-2.2229,-1.2314,45.23,362.53,B
1388,4.89,5.249,2.7686,2.8941,1.5798,0.724,50.67,392.07,D
1389,3.0737,2.5964,2.0145,3.0121,1.043,-1.0023,44.75,335.91,C
1390,5.0234,5.5193,-1.6805,-1.0653,0.4151,0.7817,45.16,335.5,D
1391,2.3162,-0.1082,2.4585,1.5068,1.9004,2.6482,46.24,356.46,D
1392,-2.1146,-2.151,-3.2006,-3.3817,-1.8281,-2.2423,37.55,263.96,A
1393,-3.155,-4.5992,-3.9368,-4.0672,-1.9113,-2.9368,30.4,234.99,A
1394,10.8029,10.4701,5.3703,3.4811,0.7045,1.0789,56.1,445.46,A
1395,1.5436,0.1455,-0.8801,-1.5902,0.4772,0.7109,44.99,326.98,D
1396,0.579,1.0893,0.9804,0.0657,-2.1397,-0.3887,40.94,331.56,B
1397,4.6356,5.9703,1.602,0.3413,0.3984,0.3483,44.46,323.85,A
1398,-6.4514,-5.5742,3.2178,3.5569,1.1587,0.4952,39.95,301.99,D
1399,4.5451,3.6798,-0.4867,-0.6426,-0.6809,-0.1369,46.59,338.96,A
1400,1.7355,3.026,4.6129,6.0524,-0.8538,-0.5532,45.47,358.58,D
1401,2.927,3.0367,-3.4863,-4.4134,-2.2125,-0.4399,38.93,300.56,B
1402,-7.8701,-8.122,-3.4872,-2.307,-2.4016,-1.6699,32.36,219.2,B
1403,-5.5055,-6.0271,-6.8176,-5.7857,-0.8981,-0.9058,29.53,217.56,A
1404,-0.7578,0.3404,0.6668,0.9642,1.1602,2.2221,48.0,358.22,A
1405,-7.6594,-9.0347,-8.7537,-8.0265,-1.0331,-2.7098,26.62,167.34,D
1406,-2.4404,-2.4555,-2.9823,-3.2189,-1.8083,-2.0824,36.69,227.68,C
1407,-1.1052,-1.5727,-2.6465,-3.3313,-2.5902,-3.0251,34.12,242.63,C
1408,-2.8516,-3.1287,-4.3429,-3.6308,0.9633,-0.9812,32.77,215.44,B
1409,3.5421,2.9185,3.9944,4.3091,1.4635,0.4834,52.49,389.51,D
1410,2.4457,1.8663,1.8075,2.3181,1.8005,0.1672,45.4,346.86,A
1411,-0.1782,-0.9758,-1.3297,-0.8496,-0.5655,-1.1148,41.3,309.76,D
1412,1.9026,-0.0965,2.489,1.5579,-2.7443,-1.1685,39.96,311.4,D
1413,6.7629,6.3368,2.0512,2.7808,4.0269,4.5627,56.32,372.06,A
1414,-10.5425,-10.9526,-0.7834,-1.2794,2.037,-0.1258,33.4,243.37,A
1415,6.3677,6.4346,-0.3524,0.5116,-1.8745,-1.6506,47.49,361.62,A
1416,5.5458,6.5103,-2.1987,-2.6435,-4.0526,-3.5488,41.31,315.61,B
1417,-0.3,-1.1208,0.0963,0.1701,1.0211,0.2762,39.99,308.79,C
1418,-2.054,-1.9141,-1.8796,-0.3892,2.0119,0.0794,40.45,307.92,C
1419,10.8305,9.3634,3.9531,4.6383,1.2798,1.9608,52.08,418.96,D
1420,-6.3343,-5.6691,-4.6707,-3.4292,0.7285,-0.0642,34.03,250.28,A
1421,3.1453,3.2538,1.2042,0.7081,-2.5128,-1.6377,44.95,322.52,A
1422,2.7839,3.0497,1.1719,1.3236,0.1261,0.7357,45.17,328.07,B
1423,-7.2691,-8.4934,1.526,2.7252,0.6543,0.0444,38.63,287.42,D
1424,-3.6973,-3.8243,-0.4615,-0.1367,1.0362,-1.7925,39.94,261.15,D
1425,-15.9992,-14.5093,-9.5543,-8.555,-1.7722,-2.3421,18.73,127.87,B
1426,7.9877,7.2217,3.0771,1.8801,-1.8262,-1.3442,47.72,372.62,A
1427,-1.0403,-0.9266,0.083,0.6518,-0.4052,-1.6875,40.1,289.84,C
1428,-3.9224,-4.4247,1.4043,2.0135,0.8742,0.3086,39.08,286.2,A
1429,-1.7258,-1.7891,-2.1571,-0.5176,-2.7919,-2.3013,34.71,291.59,B
1430,-0.3209,-1.3158,0.7015,1.1977,-1.3404,-0.7094,43.53,322.3,B
1431,-4.2082,-5.8449,2.4256,2.1614,1.6377,2.4672,41.01,320.25,C
1432,-14.0829,-13.1661,0.2525,0.6494,-1.1248,-1.4006,30.23,250.4,C
1433,-7.8277,-7.1437,-3.155,-3.0467,-3.7816,-2.6011,31.37,203.19,D
1434,4.1013,3.6982,3.0062,3.1438,0.462,0.8678,52.0,355.66,D
1435,-1.8037,-1.0676,2.6613,4.6963,1.1935,1.5004,43.28,333.84,D
1436,5.6575,6.6463,-2.859,-1.9529,2.311,0.9116,47.54,355.2,A
1437,0.5755,1.415,-0.0529,0.7254,1.1159,0.169,45.39,319.59,A
1438,0.6082,-1.1491,-1.6657,-1.4258,1.318,1.2282,42.33,308.64,C
1439,-8.402,-9.0787,-4.5247,-2.2381,0.3294,-0.2416,27.83,213.68,C
1440,-6.0346,-6.3926,-1.4659,-0.466,-1.2088,-0.7526,33.94,256.69,B
1441,2.1521,1.052,-0.5329,-0.7447,0.4329,-0.2448,40.5,274.03,C
1442,4.2149,3.4721,-0.4437,-0.4916,2.3411,1.3223,45.9,298.73,D
1443,-4.0526,-2.3099,-0.0396,0.8603,-0.7734,0.0649,38.85,274.86,C
1444,1.0615,0.3023,-5.5648,-3.9788,-1.4972,-1.0888,37.11,244.18,B
1445,2.1826,3.3904,1.4951,0.973,1.8743,1.7561,47.68,377.96,C
1446,3.1868,2.9291,-0.1057,0.5033,-0.6551,-0.4272,46.38,344.4,B
1447,5.8955,7.316,-0.5996,-0.0399,-0.2608,0.4847,45.64,353.05,C
1448,-1.2427,-0.8966,1.3473,2.3001,0.0556,-0.2255,45.43,321.74,D
1449,-4.9718,-5.1109,-1.9669,-2.0978,-0.7665,-0.3415,34.87,277.63,B
1450,6.2691,6.1011,2.8608,3.5707,3.1408,2.0207,52.76,403.19,B
1451,-0.3765,-0.0384,-0.3397,0.3754,0.0182,0.1383,40.61,278.32,D
1452,5.4243,6.0147,5.0945,5.601,2.4118,2.0702,54.6,381.65,C
1453,-6.7509,-5.4383,-0.6625,-1.2033,-0.861,-2.4836,35.87,242.48,B
1454,-0.378,-0.3676,-2.2008,-1.7099,3.6704,2.9347,41.2,279.73,D
1455,6.5133,4.9946,0.5363,-0.4993,1.5156,2.1752,46.14,361.17,B
1456,9.4228,9.6536,7.4458,7.0871,0.1511,1.1255,53.7,449.78,B
1457,11.7296,11.0992,3.529,2.3314,-1.2798,-0.2468,53.91,409.32,D
1458,-7.1942,-6.9364,0.2729,-0.1747,-1.0238,-1.4325,34.37,267.11,B
1459,-2.8093,-3.1639,1.5884,2.2541,2.4117,1.7947,43.26,339.82,C
1460,-6.5436,-5.5777,-3.352,-2.2989,0.3132,0.4368,32.95,234.18,A
1461,5.2021,4.7159,-2.1436,-3.0342,-1.3834,-1.013,41.26,315.46,B
1462,-7.0916,-5.7279,-1.9912,0.6642,2.4479,1.7011,39.27,275.19,A
1463,-3.038,-2.5236,-0.9189,-1.3248,1.9582,1.2264,41.8,300.86,C
1464,11.2099,11.8834,4.2435,5.0204,1.923,1.6267,61.54,423.16,A
1465,4.235,4.2941,3.6897,3.0101,2.3214,0.4893,49.03,386.54,D
1466,15.8662,16.8019,8.4634,7.4759,1.6009,3.4126,66.98,482.88,B
1467,-2.9708,-2.7869,1.3135,1.029,1.9336,2.06,42.13,308.07,A
1468,9.5007,10.7754,2.6413,2.9381,-0.1202,-0.1123,51.23,427.54,C
1469,2.9506,3.8165,4.2352,4.6072,1.2919,2.0469,50.01,404.37,D
1470,1.3379,1.0816,-2.2383,-2.4967,-1.7896,-2.1943,42.65,290.53,A
1471,4.713,3.2365,3.7736,3.0135,-0.6678,-0.0567,47.93,351.19,D
1472,1.4391,1.2551,0.8631,0.9931,-1.3978,0.0553,45.58,341.97,D
1473,3.7371,2.9922,0.5556,1.0817,0.8947,-0.6373,47.03,351.14,B
1474,-3.6313,-3.1194,-2.4358,-2.6361,-2.4118,-2.5361,33.12,248.56,D
1475,-8.8765,-8.3678,-7.4126,-6.1439,-1.1908,-1.5277,27.59,169.82,D
1476,-2.3396,-1.2903,-2.6924,-2.5154,-0.9578,-2.3003,34.84,259.24,D
1477,-10.126,-10.2126,-1.6379,-2.2263,-1.0192,-1.0466,31.22,233.23,B
1478,-3.9048,-3.262,-0.5105,0.2731,-1.3449,-1.0031,36.72,275.76,C
1479,-6.4294,-5.5937,-7.4356,-6.1513,-2.7692,-2.8839,27.6,194.04,B
1480,10.2867,10.1897,1.4678,1.0995,2.4447,1.3306,54.1,380.24,A
1481,-6.3961,-6.8741,0.4534,0.0676,1.4679,0.9559,38.16,278.04,B
1482,-3.6741,-3.5105,-1.7251,-1.7045,-2.394,-3.4785,38.48,276.91,B
1483,7.0648,7.1499,3.8702,3.7933,0.0008,-0.4935,54.32,382.62,A
1484,6.8342,6.0937,3.1054,3.5074,-0.0326,-0.29,53.18,394.29,D
1485,-3.039,-3.185,-1.655,-0.8827,-0.1228,0.1143,38.48,247.63,B
1486,7.7363,7.8944,7.9897,7.2602,-0.345,1.268,54.81,462.65,B
1487,3.2541,5.3353,1.9075,1.1443,-0.0431,1.3362,49.7,349.38,B
1488,-0.4686,-1.1797,0.9226,1.236,1.2523,0.7334,45.51,353.02,D
1489,-3.893,-2.2853,3.4032,1.767,1.6609,2.3231,46.63,347.3,C
1490,-2.7386,-2.4143,-2.0359,-1.6754,-0.1707,0.7306,35.71,262.43,B
1491,10.3913,10.449,-1.3553,-2.6711,0.3304,0.1231,51.15,383.31,A
1492,-4.7789,-5.0112,1.362,2.6781,0.6246,0.8791,38.84,312.38,D
1493,8.3797,8.9311,2.0638,1.5047,-1.5682,-0.3556,51.7,349.54,A
1494,-5.2596,-5.3709,0.9728,0.4389,2.1192,1.7066,41.21,285.43,C
1495,-0.6786,-0.9001,1.0818,0.8526,-1.3016,-0.692,44.98,295.14,D
1496,1.8283,1.7897,-0.0346,-0.0257,-3.5072,-2.3254,40.69,312.75,A
1497,-7.5462,-6.9053,-5.3621,-3.5174,-3.505,-3.9628,26.9,205.25,D
1498,-7.0702,-6.1512,-3.4245,-1.659,1.5286,0.9518,34.02,260.78,D
1499,-8.9549,-9.263,-6.4608,-5.8283,-1.7312,-1.9173,27.41,173.37,B
1500,8.241,7.342,1.8463,-0.188,-2.1868,-1.6171,49.13,353.03,C
1501,4.1065,4.4202,7.0999,5.0533,1.1133,2.6794,55.19,391.57,C
1502,3.6312,2.5372,2.9009,2.9832,0.9778,1.15,48.11,372.63,D
1503,5.1431,5.9501,-0.5901,-0.4984,-1.1278,0.51,49.5,339.69,C
1504,1.4962,0.5452,2.7082,3.023,1.1702,0.704,42.92,360.65,D
1505,16.7883,15.1683,5.1255,3.5791,0.0252,2.3066,63.86,447.74,C
1506,9.6042,8.1137,-2.5612,-2.8745,0.4075,0.0098,47.98,333.23,A
1507,-2.3775,-3.1269,-1.267,0.4171,0.8512,0.8456,40.27,313.32,C
1508,5.1278,4.971,2.2495,0.8951,-0.5833,-0.2558,46.62,337.88,A
1509,-10.1637,-10.5791,-1.8389,-0.8042,-1.6659,-1.3435,29.81,246.34,B
1510,4.0703,5.0253,-2.3045,-2.5801,-0.1408,-1.0941,42.13,316.68,D
1511,2.7699,1.7797,0.7639,-0.6231,0.1062,-0.0188,43.68,330.22,A
1512,-2.9757,-3.1652,-2.1692,-1.2582,0.233,-0.781,35.14,268.32,A
1513,-0.4644,0.5468,2.8289,2.799,0.0298,0.7059,46.95,335.93,D
1514,-6.0322,-4.1749,-0.151,-0.2637,-0.2872,-0.7783,39.01,277.06,B
1515,-2.9712,-1.4644,-2.2192,-1.1526,-2.1689,-1.4108,34.63,266.91,D
1516,-4.6865,-5.6153,-3.3428,-2.8829,-1.0595,-2.4538,31.29,235.97,C
1517,0.4117,0.3705,0.1852,-1.6117,-0.3551,-1.5646,42.05,286.88,C
1518,0.436,0.8165,5.029,4.2494,1.588,1.0027,49.91,369.51,D
1519,-1.705,-1.738,-1.2807,-1.3425,-2.2287,-3.2058,33.65,275.82,A
1520,-1.7489,-2.8327,-4.0387,-3.2469,-3.2332,-2.4706,32.2,254.56,B
1521,-7.5527,-6.6629,-5.8865,-5.3831,-0.0799,-0.9276,32.38,218.08,A
1522,2.8036,1.9965,-2.1111,-1.8101,-0.367,-0.4199,42.96,281.28,D
1523,-5.7412,-4.8509,-4.9311,-4.5819,-2.3448,-2.3605,29.89,222.9,D
1524,-1.1043,-1.6043,-1.1203,-1.4735,-1.9979,-2.5262,36.9,270.9,B
1525,-0.8136,-1.126,1.3063,-0.1765,1.1081,0.845,43.29,319.24,D
1526,8.5721,9.0029,3.9161,3.2732,2.1691,1.1964,51.07,404.43,C
1527,8.8243,7.2327,3.7597,2.4105,2.3334,1.8612,52.94,379.64,D
1528,-4.0492,-5.1139,-1.3286,0.0877,0.9778,0.7196,35.69,297.4,B
1529,1.3703,1.3946,2.5306,2.1031,1.2142,0.7023,41.78,356.42,D
1530,5.2382,4.91,1.3455,0.8361,0.9685,0.3383,51.61,356.93,B
1531,4.4558,5.921,6.1133,4.6448,-0.1052,0.4626,53.32,391.2,A
1532,0.9759,1.4545,2.3636,3.8437,1.2762,1.103,45.54,354.4,B
1533,2.5784,3.6755,1.235,0.9858,1.2106,1.2814,47.68,351.03,B
1534,-5.4296,-5.0477,-4.279,-2.8046,1.5288,-0.9306,34.4,251.87,C
1535,-4.2484,-4.3688,-2.156,-1.6937,0.6704,-0.2462,34.86,272.93,A
1536,3.4496,3.7996,0.7567,-0.6151,-1.3144,-0.3133,48.87,345.07,A
1537,9.7553,10.5376,3.9691,2.8206,2.6828,2.8716,55.58,409.44,C
1538,-7.3942,-6.7877,-0.4931,0.7089,0.8084,-1.1124,31.81,263.22,C
1539,1.5702,1.445,0.0356,0.456,1.3105,2.3867,44.11,337.32,D
1540,-4.2096,-4.1389,-3.7617,-3.5794,-0.9256,-1.7073,34.15,214.06,C
1541,-3.8579,-4.2623,-4.6608,-3.6333,-2.5538,-2.9122,30.63,242.27,C
1542,11.0863,10.3905,7.1092,6.4035,2.4624,2.9888,61.37,481.8,B
1543,-7.0583,-6.5329,-0.1437,-0.7512,0.2563,-0.1556,37.5,243.29,A
1544,-3.0128,-3.7821,5.3434,6.2797,1.3731,1.4506,43.86,371.93,C
1545,-7.2161,-6.3845,1.3924,1.2956,1.2882,0.9719,38.13,271.97,D
1546,-1.8801,-2.7552,0.0349,0.5344,-0.627,-0.8182,38.26,268.15,B
1547,-5.975,-6.5949,-1.364,-1.7184,1.862,0.0931,36.06,260.24,A
1548,-1.9885,-2.0943,-2.0687,-2.0927,-3.2589,-3.4803,35.98,279.3,B
1549,-5.1688,-4.3794,1.1643,2.052,4.1686,4.4434,45.29,319.89,A
1550,-0.3938,-0.125,1.6514,0.6734,0.4134,1.3051,43.83,326.32,C
1551,-2.1479,-1.9253,-4.2894,-5.0895,-0.4643,0.4496,38.69,255.82,A
1552,0.5961,1.1328,2.5038,2.6201,1.394,1.9562,48.54,363.44,D
1553,-8.0493,-8.5569,-3.3425,-3.3987,0.5472,-1.2543,29.56,228.24,D
1554,1.7574,1.9293,-1.7175,-2.0542,-0.0212,-0.4501,45.73,307.9,D
1555,1.021,0.6218,-4.3124,-2.7323,0.2442,-1.023,37.57,291.33,B
1556,-1.4254,-1.6603,0.7254,1.2293,1.896,0.7991,43.46,321.5,C
1557,-3.2686,-4.3724,-1.686,-1.0424,-2.1853,-2.1537,37.59,274.7,C
1558,2.6351,2.2655,-2.4454,-2.6556,-0.9291,-2.1617,43.69,306.56,D
1559,-5.6149,-4.4188,-2.0998,-1.0417,-2.7089,-1.9987,37.86,269.81,B
1560,0.2394,0.8585,0.2854,-0.4295,1.2272,0.9258,43.84,322.71,D
1561,0.3449,-0.0852,-2.4293,-0.6965,-1.3441,-0.8107,38.73,269.41,D
1562,-9.0246,-9.0003,-2.1694,-1.7259,-2.8542,-3.8751,27.82,243.6,A
1563,3.3632,3.3089,3.0033,1.3233,-0.1748,-0.166,43.93,332.46,B
1564,7.1171,6.2484,5.082,4.0845,-0.3516,0.1412,53.75,404.16,C
1565,0.2809,-0.146,2.5067,2.9976,1.9462,1.7871,45.49,364.73,D
1566,-1.1929,-0.3201,-0.2988,-0.0088,-1.9617,0.1181,40.68,295.22,A
1567,1.3138,1.0351,-3.87,-3.2105,0.5538,0.7104,42.46,281.06,B
1568,-6.5341,-6.6266,1.1195,1.3392,-1.4287,-1.5738,35.13,274.71,D
1569,3.2707,3.8448,1.4833,2.6322,-0.1539,-0.5624,48.62,340.92,A
1570,2.7661,2.3555,-0.0236,1.1604,2.1716,1.2359,43.75,348.27,C
1571,-2.7224,-2.585,2.534,3.1908,-0.1324,0.6736,44.76,305.72,D
1572,3.6786,2.9307,-1.5116,-1.3693,0.7642,1.1831,42.47,301.1,C
1573,6.8885,5.5387,1.4651,1.1662,0.1597,1.4704,48.01,356.0,D
1574,3.3638,2.3329,1.9172,1.1544,-2.2096,-1.0163,44.9,378.47,D
1575,-2.094,-2.0336,-2.8413,-3.5685,-1.5148,-2.6049,35.64,245.42,C
1576,0.0142,-0.4741,-2.0818,-1.1196,-0.7224,-1.132,38.71,272.46,C
1577,-3.1782,-2.9758,-2.1226,-0.792,-0.1872,0.6541,37.89,264.77,A
1578,9.4739,8.9255,3.4212,2.854,1.3582,1.9411,53.81,405.88,A
1579,2.354,1.4892,2.3384,2.2871,0.9881,1.0691,44.48,329.79,D
1580,-0.4875,-0.6092,1.7327,0.5358,-0.0322,0.3164,42.07,331.22,B
1581,-5.0547,-5.4582,0.4063,0.7678,2.456,0.7395,36.6,281.59,C
1582,-13.6959,-13.8845,-6.1759,-4.9335,-0.7038,-2.4536,25.63,149.46,D
1583,4.4838,3.433,-2.5522,-1.6336,-1.2041,-1.5307,42.9,310.26,A
1584,6.6421,7.2686,-2.8708,-3.2275,-0.79,-0.9212,46.53,314.17,D
1585,0.9828,1.7459,1.5453,2.3625,-1.3814,-1.2691,43.26,331.33,C
1586,-11.5879,-11.4484,-2.9297,-1.403,-1.313,-1.78,24.29,195.27,C
1587,6.7396,5.7955,6.489,4.6094,0.2164,1.4027,51.38,407.43,B
1588,-7.7882,-7.7897,-3.1694,-1.6536,-0.3083,-0.4599,33.64,226.51,C
1589,-3.1633,-3.1982,-1.5718,-3.5996,-2.7944,-2.5309,33.78,271.97,B
1590,4.482,1.7833,2.2546,2.598,2.4104,0.5401,50.48,394.15,B
1591,9.5719,9.7842,4.5066,5.126,0.9409,2.1017,55.72,432.78,B
1592,-4.7238,-5.2564,-1.2194,-0.9123,-0.2885,1.0471,39.85,262.09,C
1593,-3.7408,-3.9516,-8.696,-8.7761,-2.371,-3.5626,28.71,200.61,D
1594,-10.5509,-11.3062,-1.9299,-2.2921,-1.343,-3.2814,27.58,164.53,D
1595,1.7011,1.3417,4.8064,3.2356,1.8325,0.4835,44.83,397.33,C
1596,-2.9011,-2.5909,-1.8497,-1.737,-1.6359,-2.3964,39.29,312.55,B
1597,-2.2422,-1.7608,-3.6725,-3.1239,-0.9897,-1.067,36.39,243.79,A
1598,-7.361,-7.2304,0.8227,2.4091,-0.0681,-0.4162,33.69,255.07,B
1599,10.738,11.5529,3.0005,1.879,-0.4452,0.5579,54.14,387.41,B
1600,-6.4475,-7.2783,-2.8041,-3.1787,-0.2468,-1.5381,28.57,202.55,C
1601,-5.5789,-5.2581,-4.3703,-4.9092,-3.4731,-3.7313,28.31,204.26,D
1602,-1.8684,-2.7416,-4.4888,-2.9217,-1.4351,-0.4191,35.33,234.97,D
1603,0.7273,0.8569,1.3971,1.5331,-0.9886,-1.1123,43.86,338.79,A
1604,2.5369,2.3713,1.3238,0.8583,4.7683,4.5584,51.88,353.61,C
1605,7.3396,7.7144,1.8061,3.0436,1.153,0.5329,51.51,370.58,C
1606,-0.2372,-0.3847,-0.4007,0.0839,0.6033,-0.2666,43.61,335.75,D
1607,-12.4833,-12.1519,-5.4252,-5.395,-3.8589,-3.2553,24.1,181.46,A
1608,1.4144,1.6397,1.2267,0.0183,-1.4862,-1.8178,43.69,327.33,B
1609,-2.792,-2.2418,-6.1809,-6.3774,-0.5889,-1.1288,35.22,244.87,C
1610,-2.6472,-2.2886,-4.2125,-2.4788,-2.3094,-2.3205,36.83,274.5,A
1611,-3.4552,-3.1366,1.2246,0.4907,3.0375,2.2179,40.29,322.21,B
1612,6.7033,6.7423,1.1172,1.4358,0.1548,-0.0345,47.59,378.46,D
1613,7.0558,6.1969,3.2626,2.0419,2.347,2.5838,53.63,367.1,B
1614,-3.0657,-3.8909,-2.5495,-2.1784,-0.0699,-0.3384,37.32,275.83,A
1615,4.6061,4.2005,-3.1308,-3.5207,-1.7756,-2.236,39.11,288.28,A
1616,6.6018,6.4067,4.248,3.3082,0.0354,0.5584,49.97,399.94,D
1617,0.3585,0.0444,-0.3509,-0.6229,0.0525,-0.8858,39.81,307.0,B
1618,-0.3815,-2.3498,-2.2527,-2.8028,-0.1335,0.724,37.82,301.07,A
1619,-5.0516,-5.067,-0.9407,-2.575,-3.1809,-3.2256,30.07,223.06,B
1620,0.2443,0.0432,1.6273,0.1066,-0.044,0.0682,41.95,307.36,D
1621,-6.7526,-6.5118,-2.7199,-2.4601,-0.0809,-1.0835,33.54,239.82,C
1622,-8.2616,-8.9673,-3.5771,-3.2856,-1.5814,-2.7375,29.98,201.26,C
1623,-10.5842,-11.7607,2.8427,2.6728,-0.6958,-2.3539,29.16,255.09,A
1624,-3.9413,-5.0743,-1.1623,-0.3082,1.414,0.5877,37.35,261.68,B
1625,-5.9613,-5.816,1.7287,1.5134,0.6126,-0.6781,39.81,286.04,C
1626,3.6138,1.4734,-1.2254,-1.7333,1.3885,1.5136,44.67,305.52,B
1627,-2.4869,-1.3839,-1.095,0.2728,-0.0889,-0.4432,40.99,312.71,D
1628,2.6382,1.7642,1.1614,1.1009,-1.3957,0.0698,46.49,313.49,C
1629,2.0334,1.2777,2.2349,1.7249,0.0723,0.5215,47.28,331.15,C
1630,-1.3699,-1.9497,-8.0412,-5.8403,-0.7266,-1.5684,30.09,231.76,A
1631,-2.9288,-2.2334,0.5841,0.8113,0.2343,-0.4086,38.16,295.28,D
1632,-6.9747,-6.843,-1.8644,-0.6365,-0.6722,-1.9582,35.52,257.13,B
1633,5.1417,5.3538,0.5922,1.3689,-0.4963,1.5812,48.1,358.82,A
1634,-1.1534,-2.4584,-2.5578,-2.036,-0.6597,-0.4356,38.9,260.15,A
1635,-6.617,-5.7011,0.8316,0.9681,-0.5921,-1.0058,35.61,267.89,C
1636,-3.0284,-3.0922,0.2958,-1.2978,-0.5053,-1.7776,37.27,258.85,B
1637,10.862,9.8098,3.0716,3.0165,5.4782,3.9047,58.41,396.19,C
1638,9.6101,8.3026,6.2522,5.7614,0.1564,1.5705,58.03,415.69,C
1639,1.8458,1.0542,-1.2749,-0.4038,-0.9537,-0.5739,42.17,320.96,B
1640,-7.6031,-7.4275,0.3167,1.7216,1.7421,0.3038,36.89,279.86,C
1641,2.0221,1.8246,-6.3916,-5.9522,0.343,-0.3843,39.52,286.76,D
1642,1.2272,1.8596,0.4871,1.3451,-0.7046,-0.1441,45.62,322.48,A
1643,-1.4582,-0.0109,1.4776,1.2841,0.8864,0.481,41.4,318.76,A
1644,4.2266,3.5109,-0.7082,-0.1552,4.7036,3.213,46.5,344.55,C
1645,0.7092,1.6329,-1.3525,-0.9613,1.8651,2.163,44.09,306.82,D
1646,0.4831,1.5968,1.5164,2.585,-0.529,0.2835,41.6,329.38,D
1647,-7.5425,-8.4251,-3.8638,-3.1972,0.8231,-0.3089,29.21,225.16,B
1648,-2.6419,-3.1068,1.9358,2.7357,0.0876,1.255,42.5,309.65,D
1649,0.7931,1.7339,-2.363,-0.9284,1.0669,0.5588,42.88,307.68,B
1650,4.921,5.4938,1.1311,0.9542,1.3395,1.3096,49.19,366.86,A
1651,-0.4466,-0.5749,-1.0989,-0.1783,-3.2613,-0.8259,40.21,318.63,D
1652,-0.9879,-1.3513,0.2302,0.3485,-1.96,-2.4316,38.58,291.76,C
1653,1.457,0.6357,-0.1458,-0.1489,1.6083,1.851,42.16,323.54,C
1654,-9.9991,-10.4179,-6.2791,-4.4808,-0.2409,-2.2609,28.59,188.9,D
1655,2.8856,2.5359,2.0237,2.0402,1.4042,0.1301,44.48,347.33,B
1656,0.23,1.1966,1.1924,0.7959,1.3661,2.1284,45.65,331.98,D
1657,-4.9416,-5.3412,-2.322,-0.8173,-2.206,-1.5094,35.01,260.05,A
1658,3.9342,4.2905,-3.5428,-2.9799,-1.7554,-1.0245,39.19,271.4,B
1659,-2.5167,-4.4289,-0.2784,1.5552,-0.2788,-0.8559,34.75,306.44,C
1660,-0.1189,1.0544,-7.1376,-5.6603,0.333,-0.1898,35.55,241.66,C
1661,8.2546,6.9704,-0.5435,-0.0182,-1.5827,-2.1244,47.06,347.77,C
1662,3.0379,3.6867,-0.9085,-1.306,-1.0103,-0.9705,40.85,331.15,A
1663,-4.9787,-3.2867,0.6127,-1.3553,-1.6154,-1.0312,38.18,284.94,B
1664,-11.5589,-11.8411,-6.0101,-5.7498,-0.5219,-0.6532,23.13,198.58,C
1665,-1.8197,-1.6895,-2.7668,-1.6543,-1.1207,-2.3421,37.61,287.68,A
1666,-1.5602,-1.9474,-1.1042,-0.0845,2.6274,1.6691,40.18,310.11,D
1667,5.6339,5.9546,0.1182,-0.8701,-0.0923,0.2882,46.19,327.21,A
1668,2.1356,1.8631,-0.9235,-1.6094,-0.1351,0.4739,43.58,268.14,C
1669,1.0206,-0.0797,-5.3396,-5.0701,-1.4065,0.8013,34.29,272.04,C
1670,-0.0161,-0.3091,-1.3677,0.0248,-0.1376,0.6846,42.18,301.03,D
1671,-1.9203,-1.9594,-3.1106,-2.9942,0.2281,0.7483,39.11,286.96,C
1672,5.0649,4.6235,3.8279,2.2713,0.7961,1.0664,49.27,358.72,C
1673,-3.4705,-2.838,5.1299,4.9628,4.1822,3.4504,45.25,375.44,C
1674,4.0841,4.4119,3.2152,2.3831,-0.771,-0.241,47.32,371.64,C
1675,-1.3347,-0.966,-4.1611,-4.4349,-4.0851,-4.4139,33.92,232.9,D
1676,10.275,8.6418,2.1466,1.9208,1.572,1.8304,52.26,387.66,D
1677,3.5082,3.3322,-0.4408,-0.1052,3.9451,2.3599,43.88,314.85,A
1678,2.5947,2.2174,-2.1161,-0.8489,1.2894,1.3675,44.57,327.47,D
1679,2.693,1.9001,2.8298,1.2021,-0.5544,-0.2446,44.95,342.19,C
1680,-1.1447,-0.1361,-1.792,-1.1298,-2.4733,-2.1108,38.86,261.16,D
1681,0.6385,-0.0381,3.8807,2.1795,2.6445,2.7713,47.02,327.27,B
1682,-12.0147,-12.2696,-8.2874,-6.5606,-1.1129,-2.1679,17.85,173.36,B
1683,4.4219,5.5621,2.5717,1.8931,2.2809,0.9028,48.54,357.36,C
1684,0.1318,1.0209,1.7372,1.217,0.5902,0.548,42.04,326.23,D
1685,6.4434,7.8127,4.2132,3.5663,-0.9973,0.3964,50.21,384.6,B
1686,0.4926,1.4636,-0.3822,-0.7357,-0.3379,-0.8869,41.16,304.71,B
1687,-2.585,-1.0465,0.9334,0.1306,0.6452,0.9852,43.9,303.99,B
1688,5.1209,3.7818,1.8305,2.3716,0.1775,1.2002,48.62,354.12,B
1689,-4.0893,-4.9967,-7.4128,-6.6855,-2.3503,-3.6993,28.89,228.81,D
1690,11.3149,11.1744,6.6018,4.4934,-2.561,-0.554,54.03,434.83,C
1691,-1.8889,-1.3706,1.8272,-0.3486,-3.6467,-2.8675,39.75,283.3,A
1692,-0.6624,0.4675,2.0003,2.6857,-0.1616,0.0312,45.7,320.12,B
1693,8.4388,8.4172,-0.2622,-1.2448,1.2384,1.4274,50.17,359.91,C
1694,3.1912,2.9738,-2.78,-2.823,-0.818,0.2104,41.81,301.7,D
1695,8.392,9.4886,-0.3546,0.4553,2.119,2.5955,52.59,371.72,C
1696,6.1984,5.6019,4.7903,3.9027,1.892,3.9114,57.66,383.44,C
1697,-2.6694,-3.5946,2.9468,2.7511,-0.5963,-0.5856,40.08,303.45,B
1698,1.0797,1.7287,-0.8209,-0.2107,-0.7722,-0.9488,45.09,301.12,A
1699,9.7084,10.6839,2.546,0.7308,0.7518,1.2538,57.72,386.78,B
1700,-3.2435,-2.6599,-3.2668,-2.2897,-1.7431,-2.5564,35.45,257.08,C
1701,8.8092,7.3621,2.4303,2.6483,2.8727,2.8564,57.67,391.9,B
1702,-10.9241,-10.9247,-2.7946,-2.3514,-2.8206,-3.4986,30.04,230.53,B
1703,6.7091,5.6924,3.9746,3.7542,0.5252,0.897,52.52,388.78,D
1704,-1.6122,-1.3091,-3.1805,-2.8598,0.084,1.6205,38.0,284.58,B
1705,7.5315,6.1953,-1.0726,-0.691,-0.0713,1.6545,50.49,326.88,B
1706,0.0615,0.1263,4.432,5.2681,2.7304,0.8492,47.19,368.0,B
1707,3.2478,1.5958,-6.0753,-5.6345,0.9128,0.3747,42.63,248.41,C
1708,0.9287,1.4527,2.0003,1.7328,-1.2522,0.1294,42.8,340.03,B
1709,-1.8705,-1.6753,0.0364,0.8334,1.0118,0.3991,40.76,321.13,D
1710,-4.6347,-5.8987,1.161,1.1335,-0.6131,-0.1659,36.88,288.64,D
1711,-0.6051,-1.5593,-2.9109,-2.1671,0.3604,0.6727,40.85,286.12,B
1712,-4.4059,-3.4626,-0.5361,-0.7787,0.2888,-0.7682,38.61,301.58,A
1713,-1.7539,-2.4944,-0.9582,-0.8039,-0.3454,-0.4411,38.83,296.38,D
1714,9.613,8.3922,1.0062,1.4933,0.8596,1.3166,52.24,366.2,C
1715,-0.8604,-1.4024,2.4861,2.0885,-0.5983,-0.2063,44.58,322.52,D
1716,1.1717,1.8686,-0.9073,-0.1813,0.2294,0.9598,43.86,325.98,B
1717,-2.0523,-1.5396,1.4323,0.9448,-0.9771,0.471,39.42,302.7,B
1718,7.22,7.1118,8.9278,7.6027,2.3152,3.0948,59.58,448.0,C
1719,9.2392,9.6276,2.0492,1.1885,1.8264,2.1749,52.37,374.6,C
1720,0.9486,1.2459,1.7337,2.0623,1.3874,2.0033,46.4,350.88,A
1721,8.4211,7.5049,4.1147,2.1083,-0.9264,0.0737,53.21,386.16,B
1722,-3.6547,-3.4727,0.2718,-0.6682,-0.8055,0.4507,36.7,282.72,D
1723,-3.2955,-1.3183,-0.0741,0.3921,1.9327,0.7048,43.28,320.27,B
1724,-16.7879,-15.7992,-6.9423,-4.5273,-0.7452,-1.908,19.86,136.84,A
1725,16.0904,14.3947,5.0861,4.4086,1.1593,1.7946,61.48,446.98,D
1726,9.5193,9.7185,4.5288,3.5519,-1.0848,0.6322,54.27,406.09,D
1727,-5.1164,-5.9894,-6.3794,-5.2684,-0.2257,-1.6312,28.77,200.27,D
1728,-4.5256,-4.887,6.1296,4.7839,-0.0846,-0.2628,45.26,303.0,D
1729,0.8101,0.5239,-0.7888,-1.8122,-0.0328,-0.9928,45.47,318.5,B
1730,-9.5792,-9.2395,-5.7743,-4.545,-1.8938,-2.8898,24.27,167.83,D
1731,1.9276,1.0589,-0.958,-1.0128,-1.1899,-0.4766,38.45,287.45,A
1732,-7.1567,-9.5334,-4.1853,-3.6538,-1.3396,-1.1867,30.32,229.46,D
1733,13.1975,12.982,2.8673,2.6208,0.2912,0.7653,57.75,413.73,B
1734,2.592,2.7694,0.2249,-2.2983,-3.039,-1.5931,43.63,268.86,A
1735,-1.523,-0.8446,-0.6569,-0.673,-0.0222,0.0622,42.7,271.78,A
1736,-4.6076,-4.0581,0.9972,1.4947,0.0246,-0.7854,39.18,297.35,C
1737,-11.0424,-10.3077,-4.8595,-2.5192,-2.1836,-3.3319,26.14,183.03,C
1738,4.9724,5.3096,2.2054,1.7535,-2.3119,-1.6805,46.75,348.5,C
1739,0.8522,0.636,6.1411,5.0888,2.7015,3.197,50.38,380.42,B
1740,-5.1399,-4.6071,-2.5741,-3.4067,0.4153,-0.0222,38.42,248.85,C
1741,-4.5912,-5.4585,-6.0819,-5.7347,-0.8414,-2.1182,31.94,210.79,A
1742,-6.9345,-7.574,1.9448,1.4605,0.2344,1.0255,36.12,285.61,C
1743,-1.6374,-2.2794,0.1731,1.0179,1.7092,1.3834,43.93,290.22,B
1744,-9.7514,-9.7049,-2.5713,-2.7913,-2.1359,-2.664,27.27,215.88,A
1745,9.3393,8.5678,3.2831,1.9062,3.0159,1.178,50.36,367.57,C
1746,-1.2744,-2.6349,-3.7972,-2.8646,-2.5312,-2.501,32.86,249.83,A
1747,8.1524,7.1838,3.9903,3.378,2.4137,2.4834,54.58,425.47,B
1748,1.9955,2.0282,-1.6772,-0.3976,1.0377,0.6772,42.08,298.39,A
1749,5.0816,3.9661,3.0751,2.8068,-1.487,0.2171,47.33,373.3,C
1750,-7.7887,-7.0634,-2.9902,-2.8198,-1.6711,-2.3462,28.57,230.89,C
1751,7.7284,6.5087,5.1563,4.0598,0.9829,1.6658,51.73,361.03,B
1752,-2.9255,-0.7498,1.5305,1.5154,0.7941,0.2813,40.32,297.52,D
1753,3.3704,3.6001,-1.7512,-1.4973,0.7006,0.606,45.07,344.72,C
1754,-2.8926,-1.883,-1.6783,-1.6669,0.8497,0.5626,39.53,267.53,C
1755,-9.4957,-7.3482,-1.7544,-0.2236,-0.5703,-0.8656,33.13,253.65,A
1756,-6.1215,-5.4132,0.9031,1.977,1.3935,2.1434,38.01,298.07,B
1757,7.5414,7.4888,-4.4118,-3.3313,0.0316,0.2469,44.21,290.39,C
1758,1.7439,1.2086,-0.2961,1.0313,-1.2938,0.2389,40.36,292.77,D
1759,12.1353,11.7991,7.2169,7.2284,2.9512,4.2291,64.19,447.88,A
1760,4.8692,4.5803,5.1038,2.6213,-0.2004,2.221,47.3,345.0,B
1761,-0.7869,0.6546,-1.2167,-1.3079,-0.7948,0.9058,41.02,276.52,A
1762,2.5331,1.9669,-1.4378,-0.4734,0.7519,1.6767,42.84,309.28,B
1763,-7.3271,-7.0382,-3.4723,-2.6256,-2.4192,-1.4263,27.71,229.82,D
1764,2.9084,3.7465,-0.3049,0.2891,2.6533,2.9917,43.69,367.9,A
1765,8.9966,8.2427,1.6946,1.56,2.7891,3.2703,52.32,372.63,A
1766,-1.6759,-0.4154,2.6066,2.3033,0.7683,1.5846,42.36,317.04,D
1767,-9.0459,-8.8262,-2.1728,-2.2999,-1.1993,-0.5058,31.58,233.37,A
1768,0.4118,0.4896,0.0871,1.1151,-1.9604,-2.4224,40.01,314.88,D
1769,9.2149,8.4054,1.2008,0.2259,0.9286,2.1757,53.7,400.9,D
1770,-4.0475,-3.835,1.1385,1.7344,2.4989,0.4695,41.74,293.71,C
1771,3.8549,2.3328,1.0473,0.5877,1.1997,1.5904,46.88,365.48,B
1772,3.7071,4.0655,0.9691,1.8804,0.3451,0.8029,47.78,371.24,C
1773,10.2331,9.8602,2.1825,1.6828,-1.5468,-0.6823,52.57,392.92,B
1774,0.9046,2.9978,-0.3215,0.8151,1.3273,1.0332,47.35,336.14,D
1775,-0.5051,-1.2725,-4.426,-3.8744,-1.2051,-0.8233,33.29,255.92,D
1776,-2.0791,-2.3647,1.5992,2.8841,1.1826,1.1214,41.24,310.62,B
1777,-0.0728,-0.8979,3.0363,2.1911,-1.0004,-0.9198,43.14,330.12,B
1778,-5.1045,-6.4954,-1.2279,-0.7618,0.4168,-0.5248,38.37,278.86,A
1779,-2.4287,-0.2102,-3.9481,-4.1483,-2.4064,-2.5548,30.5,247.08,C
1780,1.2084,0.841,2.1066,2.629,3.5488,2.7163,47.76,376.66,B
1781,-0.4236,-0.0084,-1.55,-1.3169,0.8968,-0.6222,42.86,283.8,B
1782,0.6771,-0.3078,-1.284,0.5302,0.7828,0.5774,41.45,302.69,D
1783,8.2335,6.2913,3.8454,3.9119,2.7015,2.217,52.36,424.27,A
1784,10.3274,8.0713,1.4327,0.8673,0.2129,1.3966,52.51,370.72,A
1785,-10.8282,-10.7692,1.6279,0.6702,0.6936,-0.5895,31.3,238.42,B
1786,2.3021,1.2286,-3.3544,-4.4432,-2.7046,-2.1611,37.44,258.26,D
1787,-0.8071,-1.4215,-0.563,-1.0871,-0.9778,-0.8977,40.25,275.77,D
1788,-5.7282,-5.6341,5.1548,4.6659,1.8648,1.7186,45.44,337.84,D
1789,0.4131,0.3877,2.9262,3.8612,-0.9098,0.0313,45.82,365.88,A
1790,4.3418,2.9724,6.8657,5.5929,1.7288,2.342,54.41,407.5,D
1791,-0.9579,-0.0412,-0.4269,0.652,-0.7038,-0.5359,37.75,279.54,D
1792,1.1877,1.05,0.8675,0.5297,-1.3376,-0.9987,44.23,327.4,B
1793,1.0468,0.3201,-3.1537,-4.6487,-1.9952,-2.1747,40.82,265.45,C
1794,1.4658,1.3515,-0.8056,-1.4259,0.6117,0.569,41.64,294.18,C
1795,6.6903,7.1748,2.4294,1.3025,1.5958,2.0998,52.08,388.96,D
1796,-10.0782,-10.591,-2.9031,-2.9415,-1.3256,-3.2258,30.17,208.17,A
1797,10.3586,11.2623,2.6051,1.5861,2.505,2.0486,56.74,401.52,A
1798,0.1898,0.8748,2.0672,2.8131,-2.4654,-1.3959,41.75,295.62,A
1799,4.3458,4.3154,-0.3851,-0.2029,-0.409,-1.8831,44.39,304.17,C
1800,-6.475,-5.956,-0.0772,0.4854,0.1363,-0.8522,37.33,283.05,A
1801,2.9134,2.1948,-1.2199,-1.4216,-0.6343,-1.1835,39.37,288.14,D
1802,-3.4116,-3.6847,-3.8456,-2.5908,-0.8389,-1.2528,35.09,259.71,C
1803,-6.5125,-6.086,-0.5179,-0.2336,0.6508,-0.4623,36.38,282.59,A
1804,7.0094,6.5515,8.0336,6.0448,1.2461,1.2022,58.72,404.03,D
1805,8.4079,9.2486,1.9872,0.7501,2.363,2.6391,55.3,381.12,C
1806,-1.6633,-1.0518,-3.8249,-3.627,-1.1118,-0.9443,39.16,229.06,D
1807,8.8539,9.5183,5.7244,4.581,1.2586,1.6569,56.67,410.08,B
1808,0.7369,1.4541,2.9558,2.6079,2.6336,1.6429,48.64,358.24,C
1809,-15.579,-14.9861,-6.4564,-4.3477,-2.5989,-2.1817,22.84,182.71,D
1810,-6.6755,-5.7962,-1.8498,-0.5853,0.7955,0.2912,34.56,226.92,B
1811,-2.9282,-2.9497,-1.5965,-0.9529,0.2621,-0.6965,39.58,295.6,C
1812,0.0791,0.6031,-2.575,-2.1508,-0.8087,-0.7919,39.82,279.77,A
1813,-3.8261,-4.4137,7.6136,7.0837,1.2425,0.8203,46.41,380.64,D
1814,-1.5329,-0.5564,0.1831,-0.0133,-0.6574,-2.3125,36.65,283.02,D
1815,2.0913,2.0675,1.0458,0.8923,1.0893,1.0841,44.66,329.56,B
1816,6.6073,7.3417,3.9301,3.6774,0.0792,1.4796,51.9,389.08,A
1817,-9.1232,-8.6846,-2.4164,-1.3465,1.8442,-0.0557,30.79,249.88,B
1818,-9.3396,-8.18,-1.8276,-1.0991,-2.3878,-1.6007,32.71,242.1,B
1819,13.853,14.2628,3.8197,3.7417,3.0645,2.9959,63.12,458.76,C
1820,4.5841,5.583,-0.7666,-1.7116,-2.3129,-0.0588,46.37,335.68,D
1821,4.8755,4.2887,-0.3395,0.4637,-0.8265,-0.471,49.16,340.92,C
1822,4.2399,3.835,-3.2447,-3.0712,1.5234,1.2188,41.06,309.04,D
1823,0.7745,1.6674,2.5022,1.9525,-0.3554,-0.2349,45.49,352.36,B
1824,-12.846,-11.1978,2.1303,1.4122,0.987,0.218,32.62,269.36,D
1825,-4.7918,-5.577,2.4891,2.8071,0.6443,0.8685,39.29,289.97,A
1826,-3.8441,-4.1348,1.5953,1.5841,-1.6474,-1.7434,37.88,278.13,C
1827,9.1045,7.9354,2.8519,3.0696,1.31,1.0839,51.5,394.74,A
1828,1.505,0.9491,-0.0101,0.3755,1.1281,2.0411,46.34,312.73,B
1829,-0.7039,-0.485,0.6503,1.081,1.0757,1.2155,41.18,328.95,C
1830,-10.2836,-8.7302,-1.0479,1.076,0.1048,0.2294,33.93,270.91,A
1831,-5.0024,-4.9244,-4.5086,-3.7979,-0.5166,-0.3399,31.05,234.6,C
1832,3.731,3.6948,4.7097,3.9776,1.7138,1.7369,54.31,401.02,C
1833,1.7417,1.9844,-2.1394,-1.9646,-2.3812,-2.1098,38.29,275.53,A
1834,-3.6432,-1.7201,-1.4615,-1.5796,-0.3537,-0.7903,36.15,251.68,B
1835,-4.6598,-4.6841,-1.3645,-1.7584,0.4315,-0.2884,38.08,244.76,B
1836,0.6969,1.157,-5.8005,-4.2181,-1.2177,-1.234,38.07,264.53,D
1837,-7.9539,-7.5428,-3.4808,-2.2838,-0.2518,-0.5935,33.23,250.88,D
1838,-3.9016,-3.7893,-2.9202,-2.673,-2.5442,-2.6417,34.37,227.99,B
1839,-1.0888,-1.9736,2.4702,2.1981,-0.7037,1.0974,43.95,298.27,B
1840,1.7322,2.0418,0.324,-0.7331,-0.0676,0.1307,43.63,280.07,C
1841,2.4142,3.0954,6.0795,5.4606,2.4288,1.8178,49.71,406.19,D
1842,-1.8802,-2.0404,-4.1327,-3.0931,0.1249,0.1294,36.2,250.3,C
1843,0.513,1.8607,2.1683,2.2648,-1.4463,-1.3874,43.62,363.4,C
1844,-5.5159,-5.1209,-1.4652,-0.3571,-0.9889,-0.7783,32.6,258.53,B
1845,-2.6665,-3.1868,-2.803,-1.6671,0.0108,-2.217,35.01,279.9,C
1846,1.5472,1.0859,2.2113,1.8646,-3.054,-2.3431,42.58,306.16,A
1847,1.2171,0.9136,-1.4506,-0.3189,-0.7289,-1.1523,42.01,306.08,B
1848,7.1599,7.0968,1.287,2.7798,1.0812,2.1774,51.25,390.37,D
1849,-5.5286,-5.1618,-0.6551,0.7479,0.3099,0.1794,34.58,307.19,C
1850,6.5113,6.8774,6.723,4.5806,0.0583,0.6443,54.25,406.55,B
1851,-7.3326,-6.6125,0.424,2.3099,1.4206,-0.1014,39.9,296.21,B
1852,0.6661,1.1543,-2.0985,-4.2416,-0.1708,-0.7712,40.01,271.0,B
1853,1.7182,0.8141,-0.8724,0.5181,-0.0696,-0.6632,41.86,324.12,D
1854,8.7426,9.5233,1.4519,0.505,-0.0146,0.5677,51.91,386.28,A
1855,-5.4293,-5.2061,-2.1055,-1.1369,1.8726,1.8992,36.1,267.58,A
1856,4.1129,3.8801,-1.4523,-1.4503,0.1115,0.6279,43.41,322.02,C
1857,-5.1919,-3.5613,0.1495,0.9724,-2.4304,-1.5781,37.2,252.28,A
1858,4.4594,4.6128,2.6534,1.7116,2.332,1.5191,51.84,378.3,A
1859,2.7585,2.2392,0.2751,-0.149,-2.2965,-1.9002,42.27,324.17,C
1860,-2.0658,-1.0532,0.4704,1.7154,0.2814,0.8603,37.46,320.68,C
1861,0.8533,1.0537,-1.3757,-1.3944,-1.1027,-1.2648,38.75,297.25,A
1862,-2.3114,-1.6921,3.3284,2.4589,-1.2001,-1.3091,45.38,319.8,D
1863,4.8026,5.1455,3.9351,3.5094,-0.1324,0.7128,52.64,381.97,B
1864,-6.4485,-7.0223,-4.7119,-4.6864,-1.7041,-1.3575,31.13,215.48,B
1865,8.6965,8.1296,0.9367,1.2676,0.3847,0.4535,49.95,381.96,A
1866,1.4147,2.3031,-0.1577,0.0603,0.1433,-0.7139,43.71,306.7,B
1867,-1.599,-1.4361,0.5174,0.3904,-1.5727,-0.9932,38.25,298.9,B
1868,1.7627,2.516,-0.5998,-0.4004,0.5307,-0.1624,43.89,314.05,C
1869,7.6983,7.5414,-2.5158,-2.1723,0.0356,0.94,46.83,331.46,B
1870,-4.3252,-3.7885,-2.0731,-2.6664,-0.0613,0.1462,39.05,248.87,D
1871,-4.5514,-4.6267,-0.5017,-0.3187,-0.1139,-0.3161,40.59,289.71,C
1872,-9.1858,-8.4075,-2.3389,-1.5672,0.4666,0.1171,31.33,248.54,B
1873,8.1593,7.3767,-0.6561,0.3342,-0.4089,2.3679,48.19,345.89,B
1874,-6.8047,-6.0045,4.1757,6.3736,3.1426,3.2691,44.08,335.72,B
1875,-7.6756,-9.3875,-0.9926,-0.8017,1.0394,0.6185,29.86,252.49,C
1876,11.4173,10.5903,5.6005,4.111,1.6449,2.3966,60.48,421.94,C
1877,8.6639,9.0204,3.7555,2.7342,-0.5182,1.1987,57.47,366.79,B
1878,-2.5701,-3.5693,-1.5081,-1.2186,-1.0533,-1.2006,33.72,231.52,A
1879,-8.5958,-9.8635,1.3664,2.2759,2.741,3.4899,38.41,271.62,D
1880,1.7297,1.6652,2.1896,3.0034,-1.0321,-0.3155,42.23,348.17,B
1881,2.7781,2.6465,-2.4895,-2.2409,-0.2828,-0.5738,44.33,292.78,B
1882,-2.3933,-1.632,1.2908,2.0043,-0.7042,-0.8864,41.96,311.69,A
1883,-2.9937,-2.5067,-1.3257,-1.4642,-0.5336,-0.8171,38.79,259.55,B
1884,4.6755,2.8235,1.8411,1.4587,0.3879,2.0218,47.89,357.36,A
1885,-2.3999,-2.0237,4.3714,3.2597,-1.3929,-0.5317,43.72,338.34,D
1886,15.442,15.9232,6.7976,6.1421,3.6032,4.0633,65.27,511.42,C
1887,-10.3794,-11.2035,0.1156,1.383,-1.0551,-0.6521,31.08,265.12,B
1888,3.5834,3.4424,1.1499,0.3519,-1.0414,-0.4946,45.39,348.78,C
1889,9.8444,10.3569,0.5951,-0.4071,0.1478,-0.0605,50.83,387.74,A
1890,-4.123,-4.0803,-3.0922,-2.334,-3.2811,-2.6294,32.54,254.02,B
1891,-4.5389,-4.5574,0.3032,-0.4341,0.281,-0.1665,34.88,263.28,C
1892,0.5556,-0.0637,-1.2833,-1.4584,-2.1771,-3.1532,40.12,279.1,B
1893,6.6508,6.662,0.9056,-1.223,-0.9496,-0.3873,49.81,362.98,D
1894,-3.2424,-2.6904,-2.6508,-2.0056,-0.5397,0.0672,35.73,273.12,C
1895,4.9778,5.1353,2.0944,2.3311,0.1182,0.0376,50.53,376.88,A
1896,8.2205,7.1111,6.4342,6.3225,2.532,1.9026,58.78,458.76,A
1897,3.1473,2.6523,-1.0898,-1.9446,-0.5504,-0.4145,42.82,318.83,C
1898,-0.0928,0.8494,3.6536,2.3957,-1.703,-0.4702,42.33,304.72,A
1899,-8.1561,-7.4366,-5.2862,-4.0528,-2.7559,-3.5114,23.51,180.41,C
1900,-5.5533,-6.2717,-4.3006,-4.3437,-3.4643,-3.677,31.49,206.62,D
1901,-3.7542,-3.4112,0.2859,1.6791,1.0603,1.4071,40.15,300.73,A
1902,9.1715,8.9869,0.4665,1.2631,1.2912,1.336,51.92,375.68,D
1903,16.4664,16.46,5.3294,3.4681,-1.2159,0.0787,60.45,470.26,C
1904,5.6062,5.4706,-0.3181,0.5115,-2.2918,-0.998,45.23,324.37,C
1905,-0.1135,1.3611,-1.1825,-0.4985,-1.7553,0.0348,41.25,309.79,B
1906,0.3525,0.6391,-2.1982,-2.2546,-2.2452,-2.5381,38.98,267.08,B
1907,4.0947,4.7101,-1.171,-1.3768,1.6161,1.1864,46.25,356.18,D
1908,-0.6975,-0.0308,-3.4664,-3.6672,2.0257,-0.5387,39.14,256.56,D
1909,-3.728,-2.2412,-2.7119,-2.326,-0.5816,-1.1683,36.84,269.5,C
1910,-0.4015,-0.6115,-4.0357,-3.4471,-0.5745,-1.2426,37.29,264.0,A
1911,-6.1816,-7.2527,-3.8604,-4.1263,-1.0733,-0.8816,30.21,211.07,B
1912,-1.0703,0.8021,1.0352,-0.163,-3.1545,-2.7202,39.54,297.69,B
1913,-3.8749,-5.7534,-4.7108,-5.8056,-3.199,-3.4031,31.86,223.88,C
1914,1.5519,2.2654,1.8695,1.1661,1.088,1.8404,47.55,353.91,A
1915,8.686,8.7648,4.8801,5.1395,0.8653,-0.8288,52.17,405.08,D
1916,6.5269,4.8893,0.5852,0.5233,-2.2856,-0.8426,43.47,328.96,B
1917,6.4055,7.7601,2.3648,2.8282,-2.3773,-1.8047,49.78,353.12,C
1918,-0.8675,-1.1672,2.669,3.0253,0.3789,1.396,43.56,342.29,B
1919,3.6704,2.6508,-3.1888,-3.1761,-1.0806,-0.3114,40.8,307.32,D
1920,1.3779,1.9189,0.1564,-0.7076,-1.5458,-1.652,43.29,302.96,C
1921,9.2096,9.3222,1.0653,-0.2918,-1.7714,0.1201,52.36,363.6,B
1922,13.3282,12.4203,1.7854,0.4945,0.3472,2.6503,52.1,399.24,B
1923,-0.1142,0.0472,0.7459,0.765,-0.5851,0.3926,45.61,315.62,A
1924,-3.235,-2.8546,0.2665,-0.0426,-0.3061,-1.1216,38.77,286.69,A
1925,4.5911,4.1267,3.6748,3.8645,2.8417,4.5893,54.76,395.36,D
1926,-2.7667,-2.9534,1.4924,0.2272,-1.2479,-0.0667,40.83,327.52,A
1927,-7.4898,-6.809,-3.1443,-1.2607,0.4151,-0.7879,33.34,237.58,D
1928,0.7754,-0.1398,4.3928,3.9096,1.3013,1.1,46.54,333.04,D
1929,0.8797,1.7319,-0.6344,0.0507,0.8311,-0.5042,40.88,304.68,B
1930,1.3707,0.5006,0.8759,0.0314,1.6266,0.1454,44.84,294.75,C
1931,-1.1427,-0.9329,-2.4006,-1.5629,-1.5017,-1.3744,34.86,256.52,A
1932,-4.1962,-4.4376,-5.3565,-5.4652,-0.2123,-0.1023,35.42,204.94,B
1933,3.3504,2.4519,4.5952,3.331,-0.3813,0.2573,49.1,348.11,C
1934,-1.858,-0.6667,-1.4133,-0.153,2.0482,1.7932,41.09,308.18,B
1935,9.9896,10.58,-2.291,-3.1812,-0.4741,-0.3558,48.65,342.52,D
1936,5.4765,5.555,2.2004,2.3191,2.3686,3.1793,53.32,396.74,C
1937,4.9119,4.6132,4.042,4.7105,3.3485,4.5485,50.96,400.89,D
1938,3.5397,4.3872,-0.7398,-0.4848,-0.3115,-0.3627,45.68,314.92,B
1939,2.8524,2.756,5.887,5.5211,1.5654,2.3983,53.38,387.74,A
1940,4.1322,2.6055,-0.763,-0.8657,-0.8525,-1.2784,41.64,315.6,B
1941,3.865,4.5594,4.1715,3.7564,-1.1274,0.7493,51.06,387.86,D
1942,-14.28,-14.4097,1.1709,2.529,-0.8803,-0.8648,30.25,230.94,B
1943,1.0351,0.43,3.2215,3.882,3.0162,2.8492,47.52,338.36,B
1944,5.0453,5.6819,3.4446,2.9776,1.6266,2.281,51.96,397.35,B
1945,3.572,4.4034,0.4362,1.2244,-0.936,-0.0266,46.78,336.63,B
1946,-3.6852,-2.9707,-2.5174,-1.1597,-0.9107,-1.1013,37.13,261.5,D
1947,0.0254,-0.1487,-2.8851,-2.7863,0.1368,-1.5309,38.73,280.14,B
1948,2.003,0.7246,-0.0117,-1.438,-1.9588,-3.0088,41.06,296.14,D
1949,1.8764,-0.1431,2.0318,2.7471,2.4794,3.407,46.84,363.85,C
1950,7.6028,7.4745,1.1754,0.1746,-1.6996,-0.258,50.96,356.72,D
1951,-1.927,-2.9384,-2.1835,-3.459,-2.4862,-2.4269,35.66,274.73,A
1952,-1.3248,-1.4362,2.0187,1.4793,1.5559,1.0133,41.94,311.23,C
1953,0.8487,1.4976,2.5882,3.1673,-1.0859,-1.2736,43.59,314.72,C
1954,6.8812,7.2229,1.5617,0.2366,0.2019,0.467,51.04,370.13,D
1955,10.3308,10.0801,3.4105,2.8309,2.3383,1.9171,54.08,421.08,C
1956,0.7738,1.6861,6.121,5.511,0.4604,1.1052,47.54,390.06,C
1957,3.3506,2.9626,5.0035,3.236,0.8284,1.5544,49.99,377.93,D
1958,6.3547,5.5521,-0.3065,-1.1267,-1.6991,-1.0646,46.44,328.21,D
1959,4.8819,3.9517,4.1457,3.6156,0.8416,0.5952,47.3,383.99,C
1960,-4.2894,-3.1024,0.3967,-0.8769,-2.2254,-2.0252,38.44,264.46,D
1961,-1.3444,-1.6626,-2.7158,-3.9614,1.2457,-0.6099,35.86,273.54,C
1962,-11.5054,-11.4609,-2.5297,-3.1164,-0.6667,-0.9101,24.94,196.56,D
1963,4.5829,3.5481,1.2044,1.2712,-0.1327,0.5479,42.47,324.26,A
1964,-5.5488,-8.1468,-4.2786,-3.8151,-1.54,-2.2274,27.54,232.85,A
1965,-4.8968,-6.5773,-1.1591,0.1781,1.1525,0.8143,35.82,255.6,D
1966,5.9056,7.3517,0.895,2.2405,0.8527,2.0354,46.8,377.48,C
1967,-5.9577,-6.0194,0.4679,1.7243,0.7402,0.2793,36.46,299.77,B
1968,2.7869,1.9763,-0.6918,-0.5553,0.7665,0.5182,40.68,327.92,A
1969,1.3633,2.0545,1.7839,-0.5351,-0.6087,-0.8246,43.27,327.05,A
1970,2.5119,2.3531,-2.5321,-2.0748,-1.946,-1.592,40.3,295.48,A
1971,0.2832,-0.5438,-2.2608,-3.1604,0.0654,-0.6643,38.39,267.08,B
1972,0.9486,1.7371,-0.2103,0.6808,-0.0464,-0.8769,45.1,333.97,C
1973,-5.5663,-5.8918,-0.6824,0.4825,-0.0485,-1.399,35.44,257.82,B
1974,8.1135,8.0058,3.9849,3.39,1.2123,1.2684,51.86,409.72,B
1975,1.3413,1.3565,-2.9653,-3.3352,-0.6073,-1.1461,36.74,298.87,A
1976,-0.7963,-2.0028,-1.0267,-0.5669,-2.8831,-2.6321,36.2,247.39,C
1977,16.3813,16.1378,2.9062,2.9633,1.0567,2.1917,59.52,420.66,C
1978,0.8328,0.6651,1.0582,1.5209,1.8563,-0.1575,43.29,340.48,A
1979,-1.1807,-0.2456,5.7966,3.8071,-0.3956,-0.4617,46.09,353.56,B
1980,2.9912,1.9281,-1.5154,-1.6292,0.3564,0.1265,42.69,307.2,C
1981,1.0366,0.1695,0.2687,0.014,-0.3602,-1.3001,38.18,330.08,B
1982,0.1978,0.2163,-1.1248,0.3082,-0.2693,0.0843,40.99,295.19,A
1983,-1.9077,-0.7568,2.2859,2.4924,-0.9052,-0.2166,40.73,297.93,D
1984,-3.3551,-2.9754,-3.187,-2.0873,1.6346,1.8548,37.83,254.99,C
1985,4.0178,4.5869,0.4127,0.5209,2.2061,2.1079,48.36,378.37,D
1986,-3.9599,-4.1464,-0.0564,-0.0052,0.7256,0.6278,40.86,314.64,D
1987,9.9322,8.6984,3.9803,4.3944,-1.1406,-1.2933,53.11,419.81,A
1988,7.4437,7.0516,1.1694,-0.9481,-0.2772,-0.5878,48.39,333.16,C
1989,4.8183,5.6895,0.3803,0.3069,2.3169,2.5058,49.71,346.83,A
1990,2.5294,2.3198,5.3177,5.3405,1.4116,1.0396,50.72,362.99,B
1991,-2.1011,-1.8096,-3.4887,-2.9706,-0.9585,-1.0342,34.13,241.6,D
1992,-2.5655,-3.2304,-0.8231,-0.182,-0.8256,-0.8311,36.8,300.28,B
1993,-5.7021,-5.6034,-0.1869,0.3572,0.9133,-1.1257,39.06,276.52,A
1994,0.9448,2.8866,4.2025,3.8177,1.8759,2.3841,51.89,361.37,A
1995,-4.823,-3.8124,0.9917,0.4145,0.76,2.222,41.18,300.12,D
1996,-4.4297,-3.1905,2.2346,2.6152,-0.5111,-0.3532,40.32,310.33,A
1997,-6.0761,-5.2593,0.0011,0.6929,-0.3852,-0.5725,35.74,262.34,D
1998,4.5984,4.7635,2.9134,1.4405,0.7618,1.2678,46.19,385.3,A
1999,4.9431,5.2656,-1.4654,0.7145,0.2445,-0.19,45.03,339.69,A
2000,2.0682,0.6902,1.2479,1.6587,-1.9566,-0.8532,43.21,326.81,D
2001,-1.8453,-1.1973,-0.4399,-0.346,-0.843,-0.8704,40.55,271.28,D
2002,3.5731,5.4572,-0.2687,0.9229,1.3278,1.0375,44.38,338.43,B
2003,3.5912,3.3818,1.9539,2.0876,0.2788,0.2826,46.85,372.03,B
2004,0.2456,-0.3288,1.0286,2.0604,0.7697,1.2372,45.08,333.36,B
2005,4.491,5.7671,5.7522,5.6478,0.0614,0.4401,51.68,407.63,B
2006,1.7336,1.2346,2.0343,1.6797,-0.95,-1.4588,45.44,325.66,A
2007,8.2826,9.3179,3.3903,2.7006,3.5756,1.6894,51.23,410.56,C
2008,0.6294,0.9223,-1.917,-0.6367,1.2942,0.9645,44.84,313.4,C
2009,-6.298,-5.3379,2.3153,2.5026,2.6095,2.0695,42.18,293.82,A
2010,14.0307,13.4579,0.6595,1.2655,-1.1622,-0.6198,51.6,402.55,D
2011,-0.1685,-1.756,1.8578,1.7536,-0.5033,-0.396,42.32,303.41,C
2012,-0.6914,-0.8141,-0.1555,-0.9399,-0.9265,0.1683,40.31,296.72,A
2013,-0.2583,0.0886,-1.7227,-2.3045,-1.4765,-0.2439,40.24,276.79,A
2014,-6.5295,-5.0995,-2.6642,-1.2645,-0.2757,-1.7036,34.23,235.46,B
2015,10.4859,9.5077,1.9583,0.7836,1.5952,2.7097,57.39,410.34,C
2016,-3.152,-3.6643,0.0597,-0.0479,1.07,-0.033,38.37,284.69,A
2017,-3.7413,-4.0466,-1.3145,-1.8604,-2.0277,-3.607,32.25,263.93,A
2018,0.0639,0.3588,-0.076,-0.8385,2.1226,1.945,47.41,285.48,B
2019,-5.6102,-5.3067,3.9304,4.3057,0.5766,0.1265,44.49,312.57,A
2020,1.768,1.8844,1.9985,3.5243,0.9789,0.7955,48.34,352.46,B
2021,1.2527,0.6503,-0.2194,1.1757,0.272,-0.8074,40.94,304.42,C
2022,4.5446,4.7594,-1.6073,-1.6963,0.8,-0.2283,44.65,310.45,C
2023,6.2741,6.8589,3.4519,1.9217,-1.0173,-0.2185,50.75,349.2,B
2024,0.8446,1.4874,4.6103,2.9132,-1.3443,0.0499,46.98,362.76,A
2025,5.6747,3.617,-2.1431,-0.745,-0.4742,0.4814,42.57,319.44,D
2026,2.1674,1.9887,1.1672,-0.1473,0.7268,-0.9705,42.72,341.47,A
2027,-7.0302,-7.167,-3.0477,-3.0088,-0.7061,-0.9778,29.17,199.68,D
2028,-9.1108,-9.6318,-1.4895,-1.1609,-2.0115,-2.2767,33.22,263.27,B
2029,2.0636,3.2394,8.0002,8.1938,0.6779,0.9282,53.35,383.49,C
2030,-5.5945,-5.7139,-4.2017,-3.0692,-0.1623,-0.9274,31.86,226.1,C
2031,-3.617,-2.9969,2.5799,1.5523,-2.0484,-1.4253,39.07,286.0,C
2032,-0.8444,-0.7585,0.0961,0.0023,0.67,-0.3868,42.03,269.46,A
2033,-4.9879,-4.7328,-0.0705,-2.0216,1.8256,0.4966,38.01,266.04,B
2034,-0.4077,-0.559,-0.9142,0.4989,0.3862,0.9696,39.39,293.39,D
2035,0.9291,1.4766,-0.1452,-1.0502,0.8463,1.4394,44.17,316.18,C
2036,-3.5285,-3.9104,-7.4019,-6.4297,-2.2517,-2.1155,30.2,229.7,A
2037,-1.1854,-1.8308,3.9083,3.1594,-0.5147,-0.7164,44.75,349.87,D
2038,3.8513,3.2681,-2.4239,-0.5773,-1.4573,-0.9166,44.47,308.82,D
2039,-4.6273,-3.6098,2.1491,1.5286,1.8177,1.5879,42.72,307.27,B
2040,-1.7722,-1.209,-0.4821,0.1588,-1.5933,-1.9924,39.8,315.74,B
2041,0.5925,0.1522,3.2711,3.4519,-0.8836,-1.7786,43.58,345.07,B
2042,3.3696,3.0738,-1.9602,-2.1021,0.5741,0.4523,42.98,315.52,C
2043,-5.2275,-4.5912,-5.3375,-2.8586,0.9559,0.5086,35.51,229.93,A
2044,-4.1218,-3.2541,-0.4488,-1.8368,-1.1596,-1.2004,37.04,271.48,B
2045,-9.7104,-11.0392,-6.8469,-5.5426,0.1501,-1.1859,23.49,151.86,C
2046,0.4998,0.9571,3.3227,3.4244,-1.007,-0.7728,43.72,318.17,C
2047,-1.8575,-0.6979,1.3384,1.5143,-0.2108,2.0088,42.61,333.9,D
2048,5.6521,4.0293,-3.3609,-3.2766,0.3591,-0.4947,47.03,332.71,C
2049,1.5149,2.5282,-2.2334,-2.9097,0.2427,-0.1992,41.86,314.64,A
2050,-8.6363,-7.8049,0.261,-0.4103,0.8134,-0.0357,34.97,240.25,C
2051,0.1418,-1.7147,2.1142,2.5487,0.8606,1.1338,44.68,331.03,B
2052,-4.4247,-4.7071,-2.7545,-2.4749,-2.86,-2.913,34.76,242.28,C
2053,-1.1452,-0.8624,1.8106,2.404,1.7535,1.2696,47.13,351.62,A
2054,-1.0909,-1.2881,-4.1669,-4.2287,-1.9972,-1.8396,37.16,236.07,C
2055,-4.533,-5.2821,-1.3559,-1.7289,-1.3257,-3.7949,35.96,245.97,A
2056,-4.3459,-3.933,-1.019,0.1176,0.0325,-0.9257,40.08,270.66,A
2057,-3.8481,-4.7901,-2.5475,-0.7198,0.6825,-0.5515,33.91,252.05,D
2058,8.0625,7.5303,1.8191,0.5864,-0.3702,-0.2722,51.45,388.64,B
2059,-4.8067,-4.0221,-2.1191,0.2767,-0.6027,-0.4158,39.27,263.47,A
2060,-5.9927,-5.9268,-4.424,-4.1318,-2.591,-0.8477,31.63,232.18,A
2061,-3.0733,-5.344,-4.1306,-3.8649,-2.8299,-2.4995,32.86,242.3,A
2062,-3.657,-3.8003,1.6896,1.3436,-1.2578,-1.8355,36.96,287.15,D
2063,-11.6019,-12.2561,-3.2814,-1.6127,-1.3099,-1.2596,26.61,217.6,B
2064,7.8721,8.4932,1.5498,1.9124,0.1751,1.1292,54.76,396.14,C
2065,5.6285,6.048,3.2446,2.0083,1.8105,1.0413,50.43,384.22,A
2066,-11.9023,-12.0966,-7.2089,-6.1395,-0.9701,-1.0068,22.46,189.55,B
2067,5.2282,4.1376,-3.0348,-3.0836,0.8562,-0.5371,43.35,289.45,B
2068,-0.4755,-1.3955,0.955,1.9039,0.2628,0.9024,43.52,327.73,D
2069,-3.0873,-2.5639,0.0037,0.6642,1.0768,1.1671,42.39,331.37,C
2070,7.1212,5.2786,-2.5357,-1.6034,0.2872,0.6469,46.73,312.26,C
2071,-2.3955,-1.7052,-2.7454,-3.2102,-1.8718,-2.6614,35.56,225.93,D
2072,2.9928,1.3442,1.4121,1.2261,-0.8502,-0.4939,44.28,333.33,A
2073,-0.3315,-0.7086,-3.6821,-5.2897,-0.7265,-1.9219,37.46,256.75,D
2074,9.2203,8.6567,-1.822,-2.5153,-0.6326,-0.3921,50.43,336.55,D
2075,-7.2761,-6.2836,0.1203,-0.1819,-3.2184,-3.1827,29.16,271.92,A
2076,-1.1846,-2.5504,-1.6183,-1.7477,-0.7215,-0.5319,37.28,277.9,C
2077,-5.5698,-5.8636,-8.0691,-6.9468,-1.3474,-1.3196,32.45,196.28,A
2078,1.5183,1.3653,2.1942,1.7058,2.9567,4.0814,46.02,331.3,B
2079,-4.3649,-4.8491,-0.9097,-0.4224,-0.1168,-0.5416,39.53,254.49,D
2080,2.7149,1.8647,1.8353,2.4219,0.3359,-0.3053,47.68,333.34,C
2081,7.6046,8.7074,7.3493,6.4927,2.5068,1.3299,56.36,438.68,C
2082,0.771,0.0302,-2.771,-2.8155,1.3347,0.0538,36.36,266.7,A
2083,4.4597,5.0028,0.3857,0.5545,1.3117,1.639,47.07,361.1,D
2084,5.5678,6.1149,1.7696,2.4716,2.5535,1.9049,50.12,360.62,B
2085,7.6728,6.3873,1.9485,-0.0528,-0.7357,-0.8223,47.46,380.38,D
2086,1.2642,0.5642,4.1335,4.5694,1.9728,1.7952,46.85,357.51,A
2087,-4.3289,-4.1781,-0.4135,0.6524,0.1233,0.2677,40.57,295.76,D
2088,7.6532,6.5497,0.8527,0.8266,2.0557,2.2278,48.98,354.86,D
2089,3.3583,2.7253,-0.8466,0.2711,1.2968,-0.363,41.91,336.5,A
2090,-2.9037,-3.9161,0.2424,0.3154,-2.2557,-0.9808,36.81,297.3,B
2091,-3.1273,-1.7131,0.2878,1.1713,0.5549,-0.2522,41.07,323.12,C
2092,-10.7702,-11.5781,-2.403,-1.9941,-0.7697,-1.6363,27.82,218.9,C
2093,3.9834,3.978,-6.6206,-5.3252,-0.8349,-0.5866,39.4,271.17,B
2094,0.4041,0.8002,2.5482,2.3229,1.8677,2.594,48.88,359.29,C
2095,6.0975,5.436,1.4887,0.3089,0.2172,-0.2577,49.56,322.96,A
2096,-8.9525,-8.5397,-2.6892,-0.4939,-3.0042,-3.3239,33.4,247.78,A
2097,4.4566,4.0305,-0.1283,0.1065,-0.2019,0.6729,46.49,310.64,D
2098,8.4532,7.8598,-2.4333,-2.1308,-0.377,-0.098,45.89,340.01,B
2099,-6.039,-5.1263,2.7425,2.9298,2.2159,1.504,41.02,312.41,A
2100,3.7774,4.4248,4.3213,3.7708,0.7446,1.7479,52.92,399.09,B
2101,-4.3577,-2.8699,0.3189,0.1451,2.2198,2.32,42.08,326.82,C
2102,-1.7285,-2.4076,-4.7662,-5.5309,-2.8726,-2.725,35.56,222.54,D
2103,1.8616,2.2713,0.3402,0.4769,-0.055,-0.464,47.34,330.69,B
2104,-13.3735,-11.4315,-4.3606,-3.372,-2.3995,-2.5909,27.69,182.57,B
2105,-1.1607,-1.8305,0.2648,-0.4875,-0.6663,-0.8249,42.02,289.01,B
2106,-4.1451,-4.0609,-2.4923,-2.463,-0.7342,0.1354,32.19,237.04,B
2107,1.2016,1.5494,-3.7835,-3.6976,-0.2175,-1.8624,38.84,295.57,A
2108,-10.4319,-10.2893,0.8339,1.7197,-0.2213,-1.2952,31.79,240.08,D
2109,-11.8099,-12.5343,-3.3923,-3.8861,-0.5899,-1.6214,23.62,164.8,C
2110,0.6084,0.8983,-3.3478,-3.3655,-1.2189,0.0651,41.32,251.51,B
2111,-2.6161,-1.1695,1.7025,1.5796,0.4727,-0.4306,42.72,322.91,C
2112,5.49,4.088,0.0345,0.1497,-0.8089,0.8501,46.93,335.62,C
2113,-4.6473,-4.4097,-0.6176,-1.512,-0.294,-0.8556,38.15,263.47,D
2114,-2.3573,-1.7897,2.3679,2.4444,-0.5381,-0.8292,40.96,303.46,D
2115,-4.6988,-4.8808,-2.625,-3.1157,-1.5087,-3.4227,31.39,245.54,D
2116,-11.3791,-10.5661,-4.3532,-4.5404,1.3039,-0.0316,28.53,223.63,D
2117,0.7064,0.3742,-0.7821,-1.509,1.6232,1.2405,45.23,324.71,D
2118,9.28,7.8802,2.3358,1.16,-0.2819,0.9123,50.83,381.2,C
2119,-1.8999,-1.5617,4.7052,3.8595,0.363,1.9396,45.43,365.98,B
2120,-1.325,0.5585,7.6843,6.1223,2.9732,3.8354,52.96,367.68,A
2121,7.82,7.1772,-2.5306,-1.3826,2.2652,1.1455,48.16,345.88,C
2122,-6.6285,-6.875,-2.3069,-2.3495,-3.553,-4.7171,31.82,255.0,C
2123,1.2639,2.0917,-2.2922,-0.8485,0.3813,0.5786,40.37,299.02,D
2124,-6.3474,-6.8502,-1.8268,0.2887,1.0656,0.5242,35.16,246.28,C
2125,6.6427,7.2731,1.8895,0.2485,0.2135,-0.7375,49.75,334.78,B
2126,2.0687,2.3044,-1.4389,-1.1246,-0.6226,-1.7631,39.89,307.38,A
2127,-7.8647,-9.0094,-1.4725,-0.7282,1.8131,-0.821,35.82,225.39,D
2128,-0.9768,-0.4766,1.844,1.1076,2.0449,2.3333,42.01,327.54,B
2129,-5.5225,-3.6386,-0.8685,-0.7405,-0.4951,-1.367,38.68,265.29,D
2130,-6.6367,-7.0211,-0.1883,-0.4921,-3.2208,-1.4293,34.57,275.45,A
2131,-3.6926,-2.8071,-2.4191,-1.2959,-1.3647,-1.5026,37.52,260.66,B
2132,6.5733,6.2409,1.0036,0.6907,-2.0002,-1.6486,49.23,345.48,A
2133,2.7693,1.9309,-3.9909,-3.3191,2.2569,1.1116,41.71,285.17,C
2134,-17.1013,-16.9541,-6.1016,-6.6286,-1.9363,-2.7236,18.08,130.78,C
2135,0.3267,0.4601,0.1777,-0.4608,0.9503,0.8346,43.22,293.91,D
2136,2.0272,1.9611,0.4795,0.9607,0.3253,-0.4513,39.73,349.35,D
2137,6.0933,5.0309,0.5852,0.4787,0.6726,0.6255,49.55,361.73,A
2138,-8.4437,-7.7527,-2.4282,-0.948,1.9199,2.1317,34.11,243.34,D
2139,-3.6469,-3.9801,-2.0428,-2.6778,-1.4667,-1.4296,34.77,269.1,D
2140,-3.0836,-2.9611,2.0806,3.1754,0.772,1.4537,40.83,319.15,A
2141,-6.23,-7.881,-2.7826,-3.0906,1.5861,0.2935,31.13,253.06,A
2142,-3.8399,-3.2496,0.8693,0.7223,0.7529,0.8911,40.75,311.42,D
2143,4.9429,5.1876,1.0055,0.3498,1.193,0.5248,51.28,356.95,D
2144,-5.5067,-5.1259,-3.5081,-2.9604,-0.7793,-0.7732,34.03,220.21,B
2145,-1.2979,-1.5814,-1.2109,-0.1785,0.0547,-0.6058,42.62,293.63,A
2146,-4.8251,-4.7498,-1.0682,-0.1578,1.5501,0.6414,34.14,287.98,A
2147,-1.4915,-0.7133,-0.1924,0.1103,-1.0364,-1.0698,40.18,306.55,D
2148,-0.1974,-0.9668,-0.3013,0.4917,-0.2296,0.6287,43.8,291.23,A
2149,-2.8009,-2.1507,0.6552,0.9307,-0.8435,-1.414,39.43,297.0,D
2150,9.2295,8.6667,3.8832,3.6582,1.8032,1.7838,56.2,381.51,D
2151,4.7589,5.7734,2.0408,1.5442,-1.2382,0.2004,47.38,346.5,C
2152,9.508,9.9082,4.8387,4.3074,0.1297,-0.051,55.01,410.16,B
2153,-2.9601,-2.0328,-2.7968,-2.4634,-0.4514,-1.4852,34.16,273.3,C
2154,3.464,3.2948,3.157,2.827,1.8469,2.9831,47.5,367.95,A
2155,1.5323,1.5357,6.7416,5.18,-1.5718,0.1695,50.61,373.14,D
2156,5.4927,5.416,0.8294,-1.3918,-2.1151,-1.5292,48.55,341.36,D
2157,-6.7726,-6.6499,1.162,2.142,1.368,1.4297,41.37,285.24,B
2158,-9.9496,-10.3541,-5.0017,-4.52,0.3983,-0.0333,27.91,187.31,A
2159,-7.247,-7.3341,-5.7279,-6.2039,-0.9414,-0.7879,31.22,199.31,A
2160,11.9062,11.8006,2.4505,1.2674,-0.87,-0.2144,52.76,408.08,A
2161,-2.4416,-0.9783,1.435,-0.0006,2.044,0.9241,41.9,295.73,C
2162,7.9773,8.1417,1.0185,0.362,-0.6082,0.2217,51.19,373.88,B
2163,-2.9806,-4.4272,-4.259,-2.3373,1.8905,-0.2235,36.24,264.09,D
2164,3.8994,1.6141,-2.5863,-2.0089,1.0645,1.2759,41.46,315.14,A
2165,-5.1014,-6.7554,-2.3053,-1.7723,0.0925,-0.871,31.74,268.31,C
2166,-2.737,-3.7633,0.9903,-0.4016,-2.3623,-0.9495,40.75,290.35,C
2167,-1.3924,-1.9384,-0.4006,0.1878,2.4297,0.6854,41.5,291.14,A
2168,3.1874,2.5806,-2.8686,-1.6775,1.8438,0.5492,39.23,305.24,C
2169,10.42,9.7229,1.8182,1.8874,0.2276,1.8483,53.77,404.12,B
2170,-2.1598,-3.1113,2.3455,0.4574,1.269,2.333,39.79,302.82,A
2171,5.4925,5.312,-1.7637,-0.7117,-0.7431,-1.8986,49.27,322.36,B
2172,-2.7699,-3.202,-2.4296,-1.9717,-0.9107,-1.6913,35.33,278.26,A
2173,4.7464,6.3452,-0.0934,-0.9838,-1.5295,-0.645,47.72,340.95,D
2174,11.4859,11.2829,4.1074,4.2936,1.5044,2.3342,59.48,449.83,A
2175,-4.7557,-5.2656,-2.0153,-1.7542,-2.5614,-2.0411,32.33,237.0,A
2176,6.0819,6.3576,-1.8799,-1.9198,-1.0695,-1.364,44.7,295.98,C
2177,1.742,1.0755,0.1736,-0.539,-0.277,-1.4718,41.31,333.07,C
2178,-6.8972,-7.1676,-3.0508,-3.0654,-1.5288,-0.7108,31.51,243.73,B
2179,3.6657,4.3342,4.5514,4.0402,-0.4607,0.9548,50.51,383.66,A
2180,-3.3372,-4.2777,-1.5135,-1.5126,1.0048,0.2651,35.71,314.42,A
2181,-2.378,-3.1217,0.3278,1.0929,2.1536,0.3418,43.26,309.2,B
2182,-1.9064,-0.6748,1.8519,1.4418,-0.4339,-0.2971,43.15,342.09,A
2183,9.7897,10.3751,0.1534,-1.0451,3.7322,1.9795,53.98,396.3,D
2184,-7.1501,-7.1505,-3.32,-3.0851,-4.4176,-3.3172,29.28,219.86,C
2185,6.127,5.4689,3.7752,3.0932,1.1754,2.7122,51.81,393.38,C
2186,-0.6871,-0.8828,2.8277,2.2343,-0.0202,-0.0078,44.27,307.51,A
2187,-9.3288,-8.8401,-0.0106,1.9817,-1.292,-0.9023,34.67,230.04,D
2188,-1.6769,-1.8386,2.8659,2.5649,0.0404,0.9967,41.78,330.7,C
2189,4.4935,4.6433,0.4936,0.8756,1.0193,2.0172,45.75,362.73,B
2190,1.7381,2.7431,-1.6046,-2.6698,-0.0183,-0.8401,43.88,286.56,B
2191,-1.1535,-1.5231,0.7535,-1.7508,-2.2154,-0.827,38.29,275.82,B
2192,3.956,3.5816,1.05,0.6992,1.005,0.3852,47.09,339.2,A
2193,-5.1834,-6.9442,-1.2776,-1.2117,-0.7407,-1.3105,36.17,231.44,C
2194,-0.4403,-0.9868,0.2418,1.3043,0.2969,-0.0809,43.9,270.46,D
2195,-2.1901,-2.6416,1.4886,2.329,-0.4488,0.157,47.44,328.92,A
2196,-0.2535,-0.8822,0.0305,0.5208,-1.468,-0.7591,40.93,330.34,C
2197,-2.5825,-2.683,-4.1888,-4.1262,-2.6693,-2.8685,33.48,235.68,C
2198,12.5403,11.6374,2.0231,1.0342,1.2811,2.5234,55.82,391.72,B
2199,-2.1047,-2.1507,-0.8896,0.6793,1.9761,2.5106,40.66,306.79,C
2200,2.3995,1.4161,2.956,3.5214,2.0088,2.5514,50.89,355.55,A
2201,-0.7455,-0.2904,-0.4122,-2.4842,0.1467,0.3417,38.27,315.32,D
2202,-5.4736,-4.7304,0.9387,0.6099,1.0282,0.0145,41.23,298.43,D
2203,-0.7345,1.0138,2.4838,1.8131,1.3639,1.2146,43.12,333.54,C
2204,-7.6158,-7.0305,-5.2663,-4.497,0.0215,-0.1165,29.03,222.02,C
2205,3.2119,2.3801,4.1459,2.3694,-1.6475,-0.8393,46.62,375.77,B
2206,-6.4655,-5.6185,-1.9357,-0.0935,0.1161,0.594,33.46,259.7,D
2207,-1.3105,-1.0889,-0.5288,0.4715,-0.2856,0.3632,40.25,280.68,C
2208,5.5952,5.1105,-3.3748,-4.0582,-0.736,-0.5831,44.47,312.67,A
2209,-10.0774,-11.2464,-4.5926,-5.1843,-2.732,-3.061,28.74,178.34,C
2210,6.6452,5.2742,-1.0276,-2.3397,0.0735,-0.3734,47.49,328.57,A
2211,4.689,3.7982,4.1178,1.9926,3.6739,3.6065,52.03,387.12,B
2212,15.9519,15.8943,3.8583,2.6608,1.4641,1.3731,60.38,459.49,B
2213,3.2759,2.6412,-1.1923,-0.6389,-1.512,-0.591,43.55,305.98,B
2214,-0.1556,-1.4241,-0.1688,0.0374,0.2504,-0.4848,44.19,294.5,A
2215,4.3652,4.9219,1.1326,0.8649,0.9525,-0.445,45.2,347.06,C
2216,-3.1516,-1.4999,-4.7227,-3.5283,0.3767,-1.2543,35.76,245.83,A
2217,9.9479,9.9052,4.8424,3.3905,-0.4537,-0.1751,53.94,386.14,A
2218,12.4655,11.452,3.0239,1.5656,1.9837,2.3867,60.32,437.05,C
2219,4.1637,5.031,-0.0937,0.7499,-1.2535,0.4313,45.28,317.58,A
2220,5.2983,5.0576,6.2592,6.9554,2.7618,3.6417,55.71,380.81,D
2221,-14.2273,-13.9296,-1.5116,-0.6297,0.2189,-0.1724,30.25,239.65,A
2222,-3.4372,-2.9271,-1.5053,-1.8844,-0.0445,1.5812,38.24,264.64,A
2223,-2.084,-1.0755,-3.8951,-3.8002,0.4383,0.7759,37.48,293.59,D
2224,-1.3235,-1.5375,-1.2729,-2.4336,-0.1785,-0.2543,37.61,283.77,D
2225,-1.6636,-2.6713,0.7192,1.827,0.3169,0.5706,39.43,329.57,C
2226,2.0003,-0.4251,-4.0138,-2.9133,-1.0757,-1.6675,37.58,274.62,D
2227,-3.4104,-3.4494,1.3438,0.5389,-0.6217,-1.5812,42.02,300.34,A
2228,9.4524,8.8875,2.5567,1.9344,-0.5168,2.5054,55.37,389.64,D
2229,-1.5985,-0.473,-2.4364,-2.0447,-0.5718,0.2506,38.66,274.27,D
2230,0.2437,0.3233,0.3308,-1.0702,-0.1242,-0.7906,44.26,322.1,C
2231,0.6194,0.4033,1.1404,0.4829,2.6974,1.6575,42.42,322.32,A
2232,-4.371,-4.6464,-3.1881,-1.8026,-0.9696,-2.3929,32.56,259.95,A
2233,2.4142,1.221,3.0973,1.7273,-0.152,-0.1236,46.95,347.74,C
2234,11.5594,10.6715,3.3602,1.7849,-0.7964,0.002,54.69,399.28,B
2235,-2.2286,-3.7891,-5.5082,-6.1653,-1.7516,-1.7238,31.06,215.32,D
2236,-0.31,1.4065,0.1347,0.1965,-1.6417,-0.3337,38.66,327.47,A
2237,-5.1558,-5.8315,-0.372,-1.3719,1.6867,1.3738,38.11,264.94,B
2238,-1.0156,-0.7482,4.4919,5.6346,4.0736,2.9386,44.69,384.94,A
2239,0.8044,0.0612,-3.9143,-2.5335,1.64,1.8659,39.82,252.82,D
2240,2.1508,1.5454,2.8203,2.5455,3.3976,3.7785,49.19,383.75,A
2241,-3.0401,-3.8539,-2.4796,-0.758,0.6123,0.3204,37.91,277.06,C
2242,11.0492,9.4759,2.0055,1.2522,0.7771,1.4318,54.64,419.4,B
2243,2.7532,1.906,-0.6852,0.2168,1.2936,0.2238,45.03,310.87,D
2244,0.4849,-0.7175,2.2995,4.3634,2.0908,2.5316,46.97,352.52,D
2245,10.6235,10.5376,4.57,2.1562,3.4162,3.2429,56.76,436.08,C
2246,-2.758,-0.818,-2.8042,-2.2457,2.1871,1.3917,41.89,267.08,B
2247,0.4621,1.5677,1.8728,1.311,-1.2471,-0.0588,42.79,292.91,B
2248,11.3614,10.5546,4.5529,4.1746,0.6791,1.8122,60.26,412.96,C
2249,1.4945,2.7953,-1.7242,-2.2455,0.2398,0.6897,43.87,304.96,D
2250,8.0803,7.987,0.7559,1.7285,-0.8943,1.1622,53.02,394.86,C
2251,-2.7162,-2.8379,-2.9608,-1.8168,0.3417,0.6239,37.45,287.12,B
2252,3.8409,5.1362,-0.1033,-0.2183,-0.3693,0.1626,43.03,316.51,B
2253,2.1105,1.4085,0.3632,-0.6488,0.1171,0.4276,48.09,318.14,A
2254,-0.9423,-2.4053,-1.1084,-0.1051,0.8335,0.2964,41.48,306.52,C
2255,-0.4079,0.0481,-0.2104,0.3538,2.3897,1.6139,44.55,316.72,B
2256,0.2277,-0.0864,1.0328,0.4336,-0.3365,-0.8245,43.79,325.74,C
2257,-0.8015,-1.2188,4.1859,2.5506,0.2918,0.4744,43.95,337.72,C
2258,-0.0565,0.6164,2.7264,2.4599,-0.8164,-0.5939,43.43,318.45,D
2259,-3.8063,-3.5728,-2.673,-2.108,0.2737,-0.1303,37.45,228.42,B
2260,2.9449,4.1256,-3.8248,-3.476,-2.1491,-2.8719,40.97,305.58,C
2261,-3.5939,-3.7914,-1.4568,0.0047,0.4115,0.588,39.43,293.64,A
2262,2.1553,1.4008,4.2177,3.6913,-1.8934,0.1079,48.04,351.54,B
2263,10.1493,9.5926,1.0518,0.6952,-0.0668,1.9651,50.67,335.55,D
2264,2.515,2.0153,-3.1019,-2.5835,-0.2981,-0.0672,40.09,319.36,A
2265,3.595,3.5857,-6.1319,-5.3823,0.735,0.8163,37.54,252.85,C
2266,0.3426,0.0429,4.6531,5.0123,-0.5481,-0.4875,49.36,360.88,B
2267,-1.3944,-0.7008,3.604,2.8431,0.5442,0.4714,44.97,351.69,B
2268,0.8369,1.6231,-4.2854,-4.1299,-2.375,-1.9763,37.84,260.03,A
2269,4.0991,4.3516,-2.3061,-0.6921,-1.7344,-0.2006,44.07,309.72,D
2270,3.467,2.2184,-2.9505,-2.3524,0.4844,-1.0411,42.27,296.49,B
2271,-2.704,-2.6666,0.6181,0.9968,-0.3606,-0.5763,37.83,287.31,B
2272,-0.6313,0.2057,-0.623,0.7146,-1.7379,-0.5052,39.97,303.71,A
2273,3.9402,4.116,0.0234,0.0976,-1.7274,-1.2586,46.18,314.12,A
2274,2.3684,1.1425,5.3126,3.8714,-0.0218,1.3893,46.55,393.04,D
2275,1.0211,1.1945,3.0528,3.6865,0.086,1.2221,47.4,371.27,B
2276,0.9419,-0.3595,-4.1062,-3.785,-1.2886,-1.0251,35.74,262.1,A
2277,2.9469,3.4134,3.4356,3.3536,-1.4225,-0.2213,49.02,373.64,D
2278,2.3851,1.0105,0.1279,1.008,-0.9118,-0.6482,44.91,330.42,A
2279,2.5378,1.4077,-0.8431,-0.1056,1.5238,-0.7883,42.26,286.21,C
2280,-2.1767,-2.8678,-1.0947,-1.0287,-0.5156,-0.6385,38.67,295.75,B
2281,4.8916,5.5584,5.6609,4.1153,-0.2587,0.6933,51.92,406.42,D
2282,-8.8991,-9.067,-0.4135,-0.7714,-1.2727,-1.0821,33.74,273.9,D
2283,2.2802,1.2132,0.9752,0.4745,0.2145,0.5258,47.16,327.87,B
2284,1.7767,1.1032,2.4124,2.3668,-1.4123,-0.3885,42.76,333.36,A
2285,6.3079,7.0062,5.6418,4.3342,3.0914,3.0435,53.84,436.0,B
2286,2.5814,3.044,1.4768,1.5196,3.1149,4.3338,49.31,399.11,B
2287,2.9282,1.9216,-2.404,-2.12,-1.475,-0.8491,41.12,291.67,B
2288,6.6412,3.7342,-2.8698,-4.3037,-0.5734,0.4245,40.01,278.68,B
2289,-7.2236,-7.5218,-3.5588,-1.0705,-0.0141,-0.1238,32.45,209.45,D
2290,-1.2,-1.5611,-5.1123,-4.6146,-0.2192,-0.8245,32.94,232.98,D
2291,-0.7915,-1.1455,-1.0105,-0.8513,-1.8588,-1.6199,35.47,256.16,A
2292,-0.2717,-0.5532,-5.4774,-5.1525,-0.4801,-1.0483,35.21,254.56,B
2293,4.5831,2.8957,-0.8661,-1.7456,1.3863,1.2145,46.12,311.71,C
2294,-4.743,-5.3311,-0.4505,0.4562,-0.812,-0.6748,33.06,283.48,D
2295,-0.3153,0.0103,1.5442,1.0588,-0.3562,-1.3796,41.02,297.23,D
2296,-2.6264,-3.7794,-2.1017,-1.0231,-2.901,-3.2971,31.73,238.38,D
2297,2.8593,1.7168,1.3018,1.1167,0.8415,-0.5352,46.32,318.53,B
2298,1.6263,0.575,-1.3123,-2.822,-0.4799,-0.8059,40.77,290.7,D
2299,0.3792,-0.1493,1.9397,1.0531,-3.1247,-0.9134,42.66,307.3,A
2300,-1.3512,-1.5027,-1.689,-1.9091,0.2827,-0.6664,39.69,311.36,A
2301,0.4642,-0.5605,-0.103,0.2307,-1.782,-1.6413,42.21,295.48,A
2302,-8.2556,-7.2609,-2.8492,-3.7781,-2.7519,-1.4161,27.94,240.94,D
2303,-9.864,-9.1282,-2.9832,-2.3467,-0.0111,-0.7718,32.19,228.5,B
2304,-6.8687,-5.8842,-0.041,0.3929,1.0466,-0.1806,39.59,287.45,A
2305,-6.0103,-6.37,4.0732,4.7636,2.1999,1.9322,43.85,321.9,A
2306,-3.5853,-2.8375,0.7615,1.0157,-0.255,-0.9623,36.87,302.27,C
2307,-2.5877,-3.0181,-1.7213,-0.5373,1.8534,2.1304,42.1,260.08,D
2308,-0.7808,0.3344,1.3998,2.0624,-1.9832,-1.4231,42.93,315.48,A
2309,7.806,8.3755,3.7626,4.4946,1.3396,1.8187,53.66,415.88,D
2310,0.5342,0.1696,-0.1746,1.0551,-0.1259,-0.4155,42.04,297.32,C
2311,7.3449,4.624,-2.2084,-2.5378,-0.2632,-1.6082,46.34,336.95,C
2312,-0.6375,-0.5821,-1.4504,-1.6692,0.6505,-0.1229,39.61,278.43,C
2313,5.5798,5.2807,0.6744,1.2523,-2.9994,-1.0301,44.68,329.02,D
2314,-0.0438,-2.7882,1.6225,-0.1755,-1.4357,0.0586,40.65,318.22,A
2315,-3.5093,-3.7208,-2.0887,-2.0285,0.4727,-1.0215,35.59,272.45,C
2316,-5.5143,-5.3355,-5.2165,-5.1851,-4.0507,-4.9162,29.87,199.26,D
2317,-4.7972,-5.0125,0.89,0.898,-0.2506,-0.4937,40.36,300.65,B
2318,-2.5593,-1.5917,1.2433,1.0332,-2.3987,-1.5984,41.05,309.47,A
2319,-5.6631,-6.2055,-0.2947,-0.6335,-1.0978,-0.9025,33.48,282.71,A
2320,-5.7557,-5.0518,-5.1016,-4.6233,1.4515,-0.5462,34.67,249.05,D
2321,4.6956,3.3979,3.291,2.8512,1.8084,1.9128,47.48,369.52,B
2322,-5.4325,-5.3113,1.5411,2.0244,2.6545,1.002,39.82,296.34,D
2323,-0.3347,0.794,2.5677,2.8774,-0.3332,0.915,42.65,315.17,C
2324,18.0807,18.2016,5.7781,4.1295,3.4755,4.4771,67.3,466.02,D
2325,1.2489,0.8277,3.6609,3.1987,0.177,0.0837,44.44,334.0,C
2326,6.6277,7.1412,0.341,0.1352,-2.292,-0.6795,46.66,337.52,A
2327,1.826,2.9195,2.5451,1.2491,-1.5102,-1.0229,47.18,326.64,B
2328,4.7938,5.8012,-1.2652,-1.8955,-0.4941,-0.4366,44.42,318.01,D
2329,-4.6138,-3.9534,-0.4705,0.235,-1.9918,-0.7894,37.04,279.91,A
2330,12.6212,11.6306,3.7227,3.5697,0.9979,2.1252,59.82,432.3,C
2331,-3.2926,-2.6988,1.5083,1.7467,2.5047,1.9481,44.36,328.94,A
2332,-0.1833,-1.2504,-3.1361,-3.9384,1.4496,-0.9259,35.04,258.24,A
2333,-8.2349,-8.9044,-2.4586,-2.6695,-2.6638,-3.6441,27.16,206.53,B
2334,-2.6791,-1.0914,-0.7562,0.9023,-0.9213,-0.9376,39.25,302.39,A
2335,0.559,1.0677,0.3171,0.6015,-1.6097,-2.065,43.24,323.38,B
2336,1.6235,0.9317,0.9612,0.433,1.2277,1.098,45.01,327.96,D
2337,-4.8261,-4.4151,2.4965,2.9248,-0.1561,1.1249,39.76,274.61,B
2338,6.1272,6.0577,1.0815,-0.3824,-1.385,-1.1731,47.24,336.77,D
2339,9.7494,8.8679,3.268,0.6506,0.316,0.7957,50.28,376.48,A
2340,2.0206,-0.0532,0.7866,0.4634,-0.3278,-1.0167,43.4,325.7,D
2341,10.1116,10.2297,1.1518,0.7531,0.7254,0.9229,54.19,387.6,B
2342,1.7366,2.1004,-2.0204,-2.8852,0.6568,0.2913,40.99,287.62,C
2343,1.2108,1.4042,0.1431,1.0849,0.3691,2.1222,41.64,342.52,D
2344,-5.5211,-5.2232,-2.2204,-2.4417,1.1275,0.1522,34.5,261.16,A
2345,-11.2879,-10.0442,-4.8801,-3.6613,0.181,-1.7879,29.45,181.41,B
2346,-3.1849,-3.1035,-4.1573,-5.0372,-2.5731,-2.9121,33.15,220.13,D
2347,-3.4837,-5.1507,0.3716,-0.5766,-1.3802,-0.2413,36.88,296.44,B
2348,0.9688,-0.2884,1.2044,1.2573,0.0365,0.2493,43.43,302.09,A
2349,2.2515,3.3847,1.6811,2.208,0.6052,0.6009,47.14,366.87,D
2350,1.8321,3.1027,-0.764,-0.151,-1.6345,-0.9485,45.48,307.99,D
2351,6.5369,5.6318,-0.1958,-0.953,0.9534,1.3953,48.27,334.84,D
2352,4.0613,2.5529,3.3814,2.4578,2.2386,2.2699,52.33,347.16,D
2353,-1.846,-0.9271,0.7293,0.7752,-0.3176,1.3211,38.27,295.13,A
2354,-5.1546,-6.1628,-1.3909,-1.1747,-1.6416,-1.4537,37.22,267.98,D
2355,6.2172,5.9342,2.1381,2.472,0.8562,0.5603,47.38,353.83,C
2356,-5.1372,-5.8596,-4.3669,-3.1766,-0.9558,-2.2033,31.69,223.32,D
2357,7.8888,6.9161,1.3884,1.5551,1.9213,1.7053,54.66,386.36,C
2358,-8.1888,-6.5704,-1.5263,-0.9599,1.1754,0.448,32.77,249.84,C
2359,-0.5443,-0.0367,-1.3213,-0.8051,-2.0033,-2.176,35.58,290.88,A
2360,7.58,7.7987,2.5169,0.5618,1.3011,2.1649,53.1,357.0,A
2361,5.1268,5.5333,-1.0495,-1.9962,-2.3578,-2.7774,45.17,336.16,A
2362,6.0884,5.9267,5.6227,4.0655,0.7776,1.2092,51.44,422.06,D
2363,-3.6494,-3.1823,-3.7228,-2.1608,-0.2338,-1.3063,36.43,266.58,C
2364,-3.7137,-4.3928,-3.9822,-2.2522,-1.4091,-0.9231,35.63,229.38,C
2365,1.3775,1.464,-0.185,0.1343,1.4395,0.4206,45.86,331.61,D
2366,-3.2057,-2.7586,-2.7471,-1.9944,-2.489,-2.0225,35.8,221.93,D
2367,3.6955,2.6812,-0.1728,-0.7891,0.3978,0.3064,43.08,340.39,A
2368,-2.8443,-4.1959,-2.8704,-1.8819,2.166,1.4558,39.35,258.07,A
2369,3.5333,3.7395,0.1521,0.5911,0.6858,1.2985,44.31,356.95,C
2370,-4.8932,-4.8823,-2.1616,-4.3119,-1.0707,-1.0108,34.31,254.92,A
2371,-0.9426,-0.7812,2.6041,2.1295,1.2726,2.3763,44.64,337.08,D
2372,-4.6115,-3.8366,-1.4048,-1.3068,-1.7873,-2.2026,36.57,299.2,A
2373,4.704,4.4702,-0.0438,-0.4027,0.1025,0.2122,46.61,353.06,B
2374,-4.8268,-4.3004,-5.0614,-2.9414,-3.0313,-2.1342,35.21,251.58,D
2375,-3.0462,-2.7328,0.788,0.8417,-1.0185,-1.4865,37.34,279.3,C
2376,2.291,1.854,3.7422,2.7097,0.8492,1.5109,46.65,344.82,D
2377,-1.6404,-1.5421,-1.9609,-0.8821,-3.8779,-2.2736,35.83,280.77,C
2378,3.1985,2.4168,3.5566,3.217,-0.3197,1.2956,42.98,350.06,C
2379,-5.9236,-5.1608,-1.9529,-1.8135,-1.6174,-2.1339,32.59,256.29,A
2380,0.697,-0.0439,-0.9277,-1.1686,-0.9386,-0.9559,41.27,290.5,D
2381,3.5398,4.0341,3.1319,2.8744,0.3619,0.6281,48.68,384.48,B
2382,8.3238,8.7545,4.1136,3.4723,0.9502,0.2083,52.94,415.98,A
2383,-0.7876,-1.2921,0.346,1.9521,-1.9272,-3.09,43.03,300.11,B
2384,-6.7932,-6.6953,0.4893,-0.0086,-0.7617,-1.2959,37.6,284.25,B
2385,3.0361,2.8573,1.7938,-0.4572,-1.1258,-0.7043,42.75,341.36,A
2386,5.7661,5.3075,-1.1952,-1.6362,2.6352,1.8758,48.77,337.73,B
2387,9.8057,8.9801,2.8393,3.5595,2.1454,2.7482,57.56,409.73,C
2388,7.1947,6.6221,-2.3752,-1.062,0.3205,0.6755,47.14,336.03,A
2389,1.2003,0.2804,-4.2458,-5.032,-0.1126,-0.1806,35.68,251.66,B
2390,-1.8636,-1.9619,-1.106,0.6433,1.3592,0.4102,42.94,319.36,C
2391,-1.6362,-0.9028,0.2307,-0.0003,0.9195,2.2421,39.96,305.96,B
2392,-0.4956,-0.3943,1.0186,-0.2257,-1.4795,-0.866,39.78,293.57,C
2393,3.2616,2.2975,-1.0883,-0.5833,1.2282,0.7702,41.78,320.44,A
2394,-2.9704,-3.7845,0.5609,0.3843,0.1919,0.1159,39.96,303.72,D
2395,-1.6242,-3.1859,-1.269,-0.0933,1.0319,1.1628,40.42,319.18,D
2396,-7.3532,-5.7031,-3.1754,-3.2645,-0.1936,-0.995,34.85,216.95,A
2397,-2.5513,-3.224,-2.5046,-2.683,-1.3677,-1.9027,34.51,240.18,B
2398,-4.0068,-3.7783,-3.0922,-2.6976,-2.0502,-1.9395,32.94,228.13,D
2399,10.3009,9.6601,5.9118,5.6648,1.1206,0.4671,58.98,469.58,D
2400,3.7043,3.8603,0.5447,2.0342,2.4548,2.1654,48.92,333.18,C
2401,4.8831,5.9474,2.0519,1.2245,-0.2932,1.2043,47.95,372.24,D
2402,-6.7164,-7.1325,-3.0988,-1.3636,0.4474,-1.0373,34.65,240.64,C
2403,-2.8334,-2.8864,-0.3919,0.5829,-1.259,-1.3297,36.61,284.58,B
2404,-0.0128,-1.5175,-1.218,-1.0169,0.1276,0.5124,38.39,297.88,B
2405,9.9108,9.7697,3.388,3.4148,0.9488,2.6913,56.19,409.34,D
2406,1.109,-0.0793,-2.4348,-2.2118,0.0392,-0.5265,39.3,292.4,D
2407,7.503,8.4066,5.4724,4.6251,1.3116,-0.0332,53.99,395.76,C
2408,0.8967,0.4609,-1.0239,-0.0979,0.0548,-0.0637,42.67,322.13,D
2409,-0.4938,-0.6424,-1.6768,-1.9093,-2.2842,-0.6911,36.19,278.04,D
2410,-2.5417,-2.2046,1.1566,1.3134,0.2453,-1.655,39.98,290.14,B
2411,-8.248,-8.5562,-2.7678,-1.9757,0.7628,0.2256,30.39,229.97,D
2412,-0.5119,-0.0391,-2.1434,-1.3425,-1.3345,-2.3928,38.44,253.75,B
2413,-1.787,-2.4369,-0.0603,1.2845,2.4053,1.7915,44.6,304.24,B
2414,-0.0798,-0.1844,-2.9436,-2.668,-3.1238,-3.6451,33.84,267.18,A
2415,9.2961,10.3236,0.0774,-1.0854,-1.0698,0.0593,47.83,362.92,D
2416,-0.1548,0.402,8.5048,7.4854,2.1127,3.0511,49.68,417.48,B
2417,3.5821,2.6886,0.2464,-1.3185,0.0868,-0.991,44.95,310.8,D
2418,-7.3631,-7.1968,3.0611,3.0401,-1.6784,-1.3072,36.17,309.8,A
2419,-6.3848,-7.4367,-5.421,-3.3722,1.7692,-0.3154,33.18,232.67,C
2420,1.8701,1.9065,0.2566,2.885,1.3014,1.4,47.14,337.66,D
2421,-9.6143,-8.2351,0.0749,-0.4678,-0.2994,-1.3653,32.44,264.23,D
2422,9.9785,10.0636,5.924,3.3007,1.3763,2.2819,59.94,406.14,B
2423,6.3761,6.2166,0.3625,1.2942,-0.5659,0.601,45.7,354.42,C
2424,-11.1883,-12.5533,0.2947,1.043,0.54,-0.8136,34.33,276.87,C
2425,-4.7322,-4.5772,1.0636,2.4519,1.0654,0.1044,39.19,281.44,A
2426,-7.4499,-6.9754,-2.9963,-2.5185,2.1202,-0.3336,32.01,235.39,A
2427,2.3688,3.7869,-0.7328,0.1454,-1.253,0.0699,43.79,320.12,B
2428,8.4134,6.9124,1.4374,-0.6111,-0.5256,-0.8174,48.65,354.31,C
2429,2.6192,3.5061,-2.0108,0.4435,1.6252,2.0599,47.97,367.7,C
2430,-8.4712,-7.9698,-5.3548,-4.2146,-2.4244,-3.6257,26.82,172.79,D
2431,7.4641,6.0228,2.6157,2.2954,-1.7077,-0.1297,52.13,372.63,D
2432,-1.329,-1.4753,-2.1366,-1.691,-1.2163,-1.8999,36.82,260.64,B
2433,-0.2761,-1.0874,4.1203,3.5617,0.327,1.0334,47.55,325.06,D
2434,8.4764,8.774,6.0004,6.2155,1.4654,2.588,56.9,424.68,C
2435,2.4995,2.8288,2.2996,0.9324,-0.6967,0.6405,47.0,304.7,A
2436,-8.7806,-8.2592,-4.4787,-1.2325,-0.5835,-0.4595,33.71,244.38,A
2437,0.3418,-0.164,1.7742,2.9949,0.3489,1.0994,46.35,346.27,B
2438,0.0572,-0.2197,1.4254,0.7874,-1.195,-0.667,45.14,340.97,B
2439,-0.0411,-1.4945,0.1242,-0.2672,1.7988,0.4277,41.75,308.5,B
2440,-8.2998,-8.5193,-3.7835,-3.7043,-3.2985,-2.0422,27.07,199.22,A
2441,2.5734,2.2478,0.576,-0.0782,0.2906,-0.2001,48.09,354.76,D
2442,-0.1296,-0.3858,-2.267,-1.2717,-0.2025,-0.8968,35.62,288.41,B
2443,-1.1673,-0.1536,3.6744,3.2889,-0.8036,-0.7815,45.19,345.8,D
2444,4.6166,4.4949,-1.377,-0.6898,-0.271,1.2871,42.48,327.12,A
2445,-10.1754,-11.3139,-2.9811,-2.8392,-2.5935,-3.3269,26.95,239.83,D
2446,-4.6912,-5.1185,-1.6026,-2.2701,0.7952,-0.0191,37.48,282.84,D
2447,3.192,3.5601,-4.4891,-4.6723,-2.0051,-1.1703,38.0,298.95,B
2448,-4.498,-4.8124,-0.4796,-0.0784,-2.768,-0.9857,32.89,270.87,B
2449,3.7058,3.9206,2.7531,2.1676,-1.5296,-1.053,47.64,345.68,C
2450,-0.8409,-2.274,0.6855,0.0107,-1.3545,0.2135,40.42,289.27,D
2451,2.5725,2.401,0.3157,1.3053,0.379,-0.7827,44.5,314.6,B
2452,1.1465,0.847,1.4719,2.2448,0.6091,0.0247,44.97,340.18,A
2453,1.0975,0.8446,3.1562,1.6718,-1.5712,0.0447,46.4,315.08,C
2454,-9.6155,-10.1401,1.3384,1.7916,-1.2573,-1.5517,33.99,271.98,B
2455,-5.6274,-5.56,-3.2175,-3.5463,-1.8501,-1.7215,33.96,229.71,D
2456,2.5955,1.571,1.0849,0.5,-0.658,1.8106,48.31,306.92,D
2457,-6.8166,-8.8495,-3.7795,-3.0181,-1.7452,-2.3021,27.48,214.64,C
2458,7.3959,6.3326,2.9546,0.8778,-0.0682,-0.5988,50.08,356.77,A
2459,3.6231,2.5983,-2.6668,-1.3584,0.0674,0.3487,46.15,288.01,D
2460,-9.3008,-9.1947,-3.2359,-1.6866,-0.2838,-2.0326,26.73,228.98,B
2461,4.8491,4.5932,3.3814,1.5416,0.8877,0.6253,47.79,369.02,C
2462,6.8099,5.9835,6.832,5.4122,0.6459,1.8548,54.56,399.03,C
2463,5.6892,3.6449,2.1328,2.544,0.202,0.7888,50.41,369.04,D
2464,-3.2521,-2.0419,-1.4693,-1.8857,0.56,-0.2694,37.59,277.03,B
2465,-1.9176,-1.2975,1.6095,0.8807,1.5999,-0.2889,42.27,327.86,A
2466,-0.6032,-0.6386,2.1393,2.5779,1.9554,2.2774,44.71,344.02,C
2467,-3.1008,-2.6106,-2.7917,-3.5693,-0.0867,-1.7527,36.2,279.28,A
2468,1.0453,-0.3992,2.16,2.7576,-0.7082,0.9435,43.22,352.38,B
2469,8.3989,7.6154,0.2246,-1.2532,-2.2426,-0.8153,47.08,358.97,A
2470,4.4495,5.1663,-0.1178,0.1895,-1.5345,-0.6546,47.65,364.25,A
2471,-1.7999,-1.4414,0.6669,0.3679,0.8516,0.615,41.05,331.55,A
2472,-3.9603,-3.5343,-0.6385,-0.3016,-0.215,-0.0742,34.87,266.03,A
2473,2.3267,2.4238,0.0526,-0.728,-0.0728,0.5945,47.23,294.23,C
2474,2.0223,2.4192,-0.1203,0.2785,2.1417,0.4218,45.4,327.23,D
2475,2.1736,3.7497,-2.0698,-1.4752,-0.2148,1.3069,44.9,289.69,B
2476,5.0161,4.0237,2.5053,1.2265,0.7952,1.8491,49.22,358.04,D
2477,1.6622,0.6493,-5.6844,-5.8572,-1.6958,-1.7412,36.18,241.87,A
2478,-8.3076,-9.0869,-2.7465,-1.571,-0.9343,-1.5808,31.36,236.69,C
2479,3.9668,4.0118,1.4649,1.2507,3.106,2.029,50.2,357.75,D
2480,-1.5874,-2.3248,-2.8052,-3.0048,-2.0,-1.8069,33.8,275.5,C
2481,-3.2331,-2.7023,-1.6829,-0.6792,0.9762,-0.8183,37.34,285.53,C
2482,2.3804,2.9316,-0.4789,-1.7433,-0.7346,0.5921,45.76,346.03,B
2483,1.9311,1.3673,2.3899,3.1477,1.6742,0.1759,45.0,372.58,C
2484,5.8343,6.4378,3.6717,3.2517,3.2129,2.4008,51.82,363.61,A
2485,7.1296,6.9321,0.0967,0.569,0.612,0.6796,49.03,346.18,B
2486,-0.558,-0.0855,-4.264,-3.8594,-0.7895,-0.7431,36.44,274.74,C
2487,-14.1815,-14.2548,-6.7561,-5.6759,1.5748,0.5418,23.79,156.06,C
2488,-2.4691,-0.9035,5.5088,5.2855,0.2097,0.2024,43.5,365.65,A
2489,2.3998,2.9972,-1.3069,-1.0753,-2.0174,-0.4243,44.87,295.26,D
2490,9.8678,9.159,5.06,4.5645,-0.2822,0.4501,53.69,414.99,C
2491,-1.7343,-0.6523,-0.8715,-0.5981,-0.2187,0.2982,41.6,285.85,B
2492,-8.9838,-9.5519,-0.5474,-1.098,-2.0089,-2.5587,29.91,216.15,B
2493,3.3959,3.7126,0.3211,0.103,-1.5645,-0.7481,42.6,304.21,D
2494,-2.3859,-0.9499,1.9592,2.5052,-0.3889,-0.7128,39.78,295.62,C
2495,0.2498,1.0247,0.1131,-0.8545,1.4458,1.2167,43.6,309.23,D
2496,8.084,7.4037,-0.0581,-0.9816,-0.9417,-0.3365,48.3,360.78,C
2497,3.9979,3.8339,2.8869,0.9487,1.8632,1.8517,49.11,354.48,B
2498,1.7817,2.4215,0.6149,1.3243,0.3872,0.9947,44.69,365.98,C
2499,-7.5211,-7.9677,-2.0734,-1.432,0.5308,-0.8475,35.22,263.17,A
2500,3.3244,3.4927,2.9886,2.7108,0.7239,-0.1067,47.67,370.24,B
2501,-4.4768,-5.2432,-0.253,-1.1757,0.9958,-0.7259,36.34,269.25,C
2502,-2.9517,-2.2379,-4.3334,-3.6072,-0.7776,-1.5526,33.97,236.91,D
2503,-2.6823,-2.4164,0.1594,-0.3633,0.512,0.5737,38.25,313.4,C
2504,1.8526,0.9388,4.1937,4.5016,-1.049,-0.2739,44.29,365.42,C
2505,0.8951,1.0565,-2.3444,-1.4804,-1.3867,0.9224,41.2,290.01,D
2506,2.8298,2.8744,1.1774,0.821,1.6991,3.2319,45.68,334.66,B
2507,-1.8572,-3.1118,-3.1634,-4.2096,-2.3349,-2.9226,34.68,256.98,D
2508,-11.5023,-11.6807,-6.8241,-6.5809,-0.2826,-0.5197,25.86,162.43,A
2509,2.6732,3.0848,2.6119,3.1928,1.3288,0.6595,46.17,345.37,C
2510,-6.1378,-6.6701,-0.884,-1.0969,-1.1876,-0.3164,34.93,286.06,A
2511,10.3837,10.0797,5.7265,4.0149,-1.6101,-0.5387,55.49,450.36,D
2512,3.5585,3.5869,1.8525,2.6187,-0.0291,-0.2284,47.79,317.71,D
2513,-1.4505,-0.8557,2.4579,2.2799,1.4123,1.4504,45.02,354.85,C
2514,5.6905,4.8377,-2.8258,-3.2572,-1.0001,1.5125,42.8,315.73,C
2515,4.6441,5.2993,4.1571,2.8458,-1.5295,-1.7627,48.42,379.21,A
2516,-11.1438,-9.7777,-2.5583,-2.688,-1.6508,-1.4303,25.49,210.46,D
2517,-9.0255,-8.4956,-1.925,-0.5348,-0.1323,-0.5636,27.0,234.98,A
2518,-0.3838,-0.5668,-0.1271,-0.7142,1.0113,1.3876,45.14,305.12,B
2519,3.4137,2.3205,-0.3543,0.3488,-0.7371,-0.4072,47.19,309.26,A
2520,3.9483,2.0561,2.5424,2.755,1.5291,0.5319,47.9,361.26,D
2521,-9.9,-9.1936,-1.6449,0.3698,-1.713,-1.6379,30.9,260.63,C
2522,2.8885,2.4425,0.1307,-0.4578,-2.2675,-2.8804,43.54,297.77,C
2523,-6.2919,-5.6744,2.0125,1.6131,0.2376,0.3777,39.58,288.58,C
2524,-2.2556,-1.3366,2.5826,1.8921,1.7209,2.0686,43.26,316.49,B
2525,6.5514,4.7192,1.069,2.1777,1.3848,1.6761,50.14,362.02,B
2526,0.6977,-0.2934,-0.7591,-1.2735,-0.2093,-1.1699,39.58,309.02,C
2527,2.6973,2.0709,-4.5383,-4.0408,-0.4033,-0.1327,38.15,263.51,A
2528,0.2333,0.1231,-2.6257,-2.4851,1.7028,1.6861,39.21,333.59,D
2529,-5.5377,-3.5266,-3.7954,-6.1249,-3.1654,-3.3114,30.71,224.51,D
2530,-2.6596,-1.3132,0.3861,1.7077,0.481,0.5378,44.73,306.77,C
2531,4.3647,4.8179,2.7414,3.144,1.1899,0.4643,53.3,366.17,B
2532,-7.3567,-5.5402,-5.6233,-5.2179,-2.5949,-3.5128,29.41,198.76,B
2533,2.8047,2.7291,-1.8814,-2.4517,-2.9046,-1.8881,42.92,286.11,A
2534,7.2992,7.1332,-0.293,0.491,2.5838,1.4015,47.74,360.97,A
2535,10.0554,8.3759,3.3585,3.4289,0.5051,1.1072,56.0,405.22,C
2536,-0.4823,-1.652,-1.4094,-0.6416,1.0009,0.8978,38.61,305.94,A
2537,-9.6619,-8.0389,-4.6735,-3.2378,-2.8902,-4.8868,28.38,200.35,B
2538,-1.7973,-1.082,-0.5669,-0.2356,-1.1405,-2.2342,39.59,282.18,C
2539,-0.7685,-1.0216,-0.3909,1.4285,-0.2872,0.5699,41.47,305.16,D
2540,1.0142,0.2095,-1.0212,-0.3766,0.2957,1.8279,42.8,297.68,D
2541,8.1113,7.2064,7.0367,6.6566,2.1569,3.5906,58.46,417.47,D
2542,-4.2447,-3.6098,-4.558,-3.6957,0.6523,0.4372,31.57,214.36,C
2543,0.5457,0.6014,0.2572,-0.2568,1.0544,0.0544,39.47,319.52,D
2544,5.1482,4.8814,0.1506,-0.4853,2.1187,1.4522,47.74,349.56,D
2545,-2.5047,-3.9789,-0.8609,-2.1544,-1.3263,-1.5799,38.84,255.46,D
2546,3.1526,2.7295,-0.9658,-0.9322,0.9689,2.1562,44.39,326.27,B
2547,-10.1378,-11.8435,-5.1775,-4.0579,-2.25,-2.0086,24.7,186.37,C
2548,4.9294,5.1964,-0.0951,-0.707,-0.4721,-0.9221,44.29,328.54,B
2549,-5.8034,-4.9813,-0.8559,-1.091,-0.5998,0.1633,36.04,266.04,B
2550,-6.6622,-6.9162,-5.6277,-5.3598,-1.2161,-1.6823,33.28,192.85,A
2551,3.4314,2.7882,-0.6628,-1.8807,-0.5458,-0.5408,45.43,336.91,D
2552,1.7166,2.931,1.4315,1.0168,-0.4736,0.2188,46.53,355.17,B
2553,-4.1395,-6.3426,-0.7193,0.7242,0.3554,-0.4058,37.78,259.97,B
2554,-3.2927,-2.6317,-0.4163,0.4732,1.1305,1.3598,38.06,304.25,B
2555,6.8978,6.6305,2.6537,3.0547,-0.2345,-0.134,53.25,374.28,B
2556,5.14,3.1912,-1.7764,-0.6703,-1.5928,-2.1351,43.02,289.93,B
2557,1.4765,1.647,1.8547,2.6251,4.5062,3.743,47.67,373.28,B
2558,1.1298,1.7866,4.3355,3.1821,-1.3058,-0.5204,48.88,383.48,A
2559,-9.562,-8.2569,0.1268,0.9335,-2.8641,-3.4224,31.29,241.6,B
2560,-1.9361,-3.051,1.6534,1.8606,0.1016,-0.0955,40.67,332.84,D
2561,0.2469,0.1999,5.2354,4.5931,0.8172,1.1305,45.78,377.59,B
2562,-7.3239,-5.374,1.0386,1.0431,0.1174,-0.5091,35.24,232.08,D
2563,2.4094,2.0663,1.0829,1.2129,0.5306,0.633,47.35,381.16,C
2564,-5.8749,-4.7319,-5.608,-4.9791,-3.2781,-3.9626,31.51,196.84,A
2565,6.2241,6.9328,0.0412,-0.5658,-0.7447,-0.1434,45.15,351.3,A
2566,5.6021,3.4004,-5.5806,-5.3507,0.6075,0.5475,39.45,319.19,A
2567,1.357,1.0013,1.1377,-0.2883,-0.0146,-0.5087,44.62,326.64,B
2568,3.5302,3.6469,-3.984,-2.2554,1.9699,1.0445,45.48,300.95,D
2569,-1.533,-1.6584,-1.1693,-1.5007,-2.206,-2.7965,36.95,287.73,A
2570,7.8686,8.5067,5.1563,4.2321,-0.3506,1.0407,55.96,448.62,A
2571,2.7036,4.3403,4.7926,4.9855,0.1493,0.4405,49.91,355.64,D
2572,7.4064,7.636,2.9522,1.3975,0.0812,-0.9342,52.12,364.23,D
2573,3.6005,3.929,7.2127,6.092,3.1061,3.1371,54.68,392.86,D
2574,5.517,4.9921,2.6556,3.6846,1.5128,-0.0642,50.76,371.23,A
2575,-1.186,-0.5244,-2.5761,-2.4316,-0.238,-1.5724,37.86,279.3,D
2576,-7.8648,-7.6382,-5.7564,-4.4129,-0.9579,-0.8743,29.24,229.93,A
2577,0.5045,1.4879,2.3743,2.6743,-1.2431,0.5729,46.85,374.81,B
2578,-3.8993,-4.0957,-4.3849,-4.7949,-1.8451,-1.0658,32.25,236.17,D
2579,7.1655,7.3674,-0.7712,-1.0102,-1.6719,-0.0858,50.0,333.59,C
2580,-1.3596,-2.0546,4.598,5.1464,3.0709,3.7053,46.66,398.43,A
2581,4.9964,3.9578,-1.0463,-1.6076,2.9694,1.7527,47.25,358.38,A
2582,-8.0303,-5.9685,-3.1886,-3.087,0.266,-0.6996,30.48,239.65,D
2583,2.6613,4.1173,2.6805,2.8446,0.8316,0.9738,49.2,389.24,A
2584,1.8611,2.3991,2.7059,1.5849,-0.8758,0.6274,47.59,355.54,A
2585,0.7844,0.5812,5.5793,5.5772,0.574,2.0213,48.54,381.78,B
2586,-6.7752,-7.4296,-0.8522,-0.9337,-3.0976,-2.1929,36.51,267.05,D
2587,-3.6139,-4.5637,-1.1152,-1.7369,0.919,0.8279,35.34,236.64,B
2588,1.6285,1.9886,0.5902,0.7187,0.6632,0.7532,45.4,339.3,A
2589,-3.9285,-4.9639,-1.3652,-0.4758,-0.2014,-0.0486,35.93,271.98,D
2590,-4.2528,-3.5945,-2.7705,-2.4304,0.2632,-2.8479,29.18,272.18,D
2591,-1.5277,-0.7723,3.7003,2.6207,2.0135,1.1942,48.98,364.4,C
2592,-8.7091,-9.023,-3.3824,-2.2316,1.0899,1.0946,32.5,228.9,B
2593,8.4489,6.9676,-0.7902,-0.0199,-0.5788,0.2952,49.52,320.77,A
2594,-3.6987,-3.328,-1.5368,-0.3835,1.9719,2.1943,38.76,302.28,A
2595,4.8772,4.3585,-1.4608,-2.1415,2.3159,1.26,45.93,348.86,B
2596,17.3766,14.965,0.2487,0.8922,0.8888,2.9854,60.91,416.64,C
2597,-1.7031,-0.996,-3.2512,-3.7293,-2.691,-3.3364,33.56,242.95,C
2598,9.4791,9.1948,2.4085,2.2846,-1.7781,-0.5829,52.26,415.79,D
2599,0.7438,1.2213,1.51,1.8085,-2.322,-2.1894,45.8,323.0,C
2600,4.7157,3.3643,-0.0416,-0.1469,1.8607,1.3381,46.41,335.06,D
2601,-1.9458,-2.6787,-3.2065,-2.6358,-3.5266,-2.1873,33.09,273.24,D
2602,-6.747,-5.9168,-1.9769,-3.6668,1.418,0.1925,35.17,265.4,D
2603,-11.5951,-12.1596,-2.9076,-4.2599,-1.8324,-3.8213,27.24,194.65,C
2604,14.0337,12.9548,0.384,0.4172,1.41,0.4147,54.0,394.81,C
2605,-10.3503,-9.4301,-1.1098,0.2152,-2.2798,-3.1281,30.15,235.76,D
2606,-9.2913,-8.949,-2.2758,-0.8144,-2.0553,-1.7023,27.53,225.77,A
2607,1.9501,2.0417,0.8494,1.3404,-1.4908,-1.1421,44.37,347.12,A
2608,-0.7449,1.1232,1.364,1.7459,0.5529,0.3524,45.08,343.54,D
2609,-5.0879,-4.8848,0.3985,-0.9559,1.392,0.4964,38.92,291.74,B
2610,-0.7034,-0.7923,-3.3927,-4.3519,-0.4609,0.1222,39.39,264.32,B
2611,-2.3933,-0.1586,3.8994,4.3013,2.4173,1.7587,43.52,340.64,A
2612,-6.7447,-5.4199,-4.7395,-3.153,-1.4749,-0.5092,32.35,216.74,C
2613,-6.8658,-5.3673,1.7524,1.161,2.2641,2.538,41.95,301.07,B
2614,2.6782,1.9349,0.452,0.495,0.7177,-0.0832,44.16,304.1,B
2615,-9.9778,-9.6872,-1.9026,-1.4284,0.5713,-0.2139,32.08,226.98,C
2616,-2.7791,-4.2724,-3.0245,-4.0851,-1.545,-0.9332,34.16,254.4,A
2617,-0.6728,0.6452,1.1289,0.568,0.1547,-0.9328,42.93,315.4,B
2618,9.0836,9.2306,4.3896,2.4075,-0.6607,0.9473,54.12,413.3,C
2619,10.0402,8.8023,-1.7759,-1.6142,1.3081,-0.0985,50.28,369.5,A
2620,3.9204,4.0315,0.5127,2.3776,-0.4286,0.749,45.5,324.5,A
2621,8.8106,8.8906,1.5434,0.9294,0.176,0.3149,48.89,374.87,D
2622,-2.4082,-2.9687,0.6315,1.326,1.3566,0.8112,43.3,295.12,B
2623,-2.8569,-2.2388,2.0318,0.8005,-2.3221,-2.4858,36.3,302.58,B
2624,-10.3452,-9.8958,-3.3199,-2.9168,-0.5777,-2.1104,29.94,204.47,C
2625,0.1259,1.6264,2.3929,2.1813,-0.5462,1.4671,49.01,373.18,D
2626,-1.8501,-1.9268,-1.5979,-1.7106,0.8159,0.2427,37.78,293.91,B
2627,-0.7243,-0.362,2.8843,2.9753,5.0229,3.5745,45.23,340.71,A
2628,5.7892,5.3951,1.872,1.0475,-0.4934,1.7961,47.17,357.73,D
2629,1.631,0.8594,-0.1514,0.0829,3.1205,1.8112,40.93,347.95,A
2630,4.5603,4.3634,2.0539,1.015,0.5536,0.4072,46.97,346.06,B
2631,-6.9104,-7.0613,-2.488,-2.3264,0.3229,0.1459,33.07,254.52,A
2632,-7.4705,-8.2696,3.3777,2.4853,-0.0435,-0.651,38.2,272.59,C
2633,-6.2312,-6.5787,-1.1694,0.3442,-0.0377,0.0142,36.25,270.39,D
2634,-5.1656,-5.0435,-2.9339,-3.7992,0.6478,0.318,35.32,247.56,C
2635,3.4652,1.6799,4.9325,4.0985,2.1721,1.7257,49.78,365.67,B
2636,5.2302,4.8595,-0.7574,-0.7114,-1.7001,-1.4404,49.46,325.29,D
2637,-3.4692,-2.2378,-0.5371,0.9434,0.201,0.472,38.45,307.8,C
2638,5.119,4.0616,0.3984,-0.3171,1.228,2.0546,49.29,359.3,B
2639,5.9566,4.7321,-0.9829,-1.2726,0.6627,0.5177,45.27,349.91,C
2640,-0.6934,-1.1003,4.7002,3.8312,1.9167,0.2327,47.31,367.6,B
2641,-5.6177,-5.507,-2.5682,-1.6422,1.9267,1.0688,35.11,238.54,D
2642,-3.1314,-0.6418,-1.2323,-0.8151,-1.4659,-1.287,37.6,251.37,D
2643,6.2972,5.5605,-0.5478,-1.149,1.802,2.053,43.81,353.54,A
2644,-8.2207,-7.5856,-0.0546,-0.5012,-0.7839,-0.8502,31.31,236.79,D
2645,1.5627,1.2709,-3.2217,-2.9414,0.9612,0.8593,41.9,310.31,C
2646,-1.7101,-1.7476,1.4815,0.9332,-0.202,1.6192,39.77,292.55,B
2647,-7.6597,-7.0908,-5.2358,-5.3247,-2.3232,-3.1438,30.09,179.04,D
2648,4.8467,5.3211,3.9883,2.766,-0.6014,1.3476,50.28,377.74,D
2649,2.1914,2.4329,-0.1166,0.4316,1.3728,1.4478,46.51,332.64,C
2650,-0.4104,-0.4871,1.9638,0.8398,0.8879,-0.1179,43.56,317.9,C
2651,2.5873,3.034,-2.7596,-0.9191,-1.5084,-0.4937,39.71,302.57,A
2652,1.4726,-0.1886,-2.5657,-3.3011,-0.5037,0.1539,38.41,287.4,D
2653,4.3681,3.9006,2.4077,1.2492,-1.2148,-0.4141,48.13,356.16,A
2654,-6.2948,-5.8567,-1.3405,-1.5637,-0.5794,0.1935,32.95,241.61,C
2655,-5.338,-6.138,-3.5414,-2.2748,-3.0724,-3.3614,32.1,223.2,A
2656,-3.0425,-4.526,-3.4328,-2.531,-2.4797,-3.2368,33.54,249.06,B
2657,-4.2603,-4.4133,-5.6906,-6.8392,-0.8222,-1.4886,34.25,219.26,C
2658,5.4302,5.0959,2.2464,2.3958,-1.8239,-0.1783,47.33,361.8,C
2659,-4.3189,-3.2692,-4.323,-3.9706,-3.8413,-3.6619,32.37,202.77,A
2660,4.6602,4.0113,2.5799,1.796,2.3819,3.6786,48.57,340.98,C
2661,-3.7038,-3.4142,-3.2728,-3.2132,-1.0301,-1.9719,32.02,261.44,D
2662,-4.8057,-4.67,0.2399,1.7814,0.2298,0.5148,40.81,304.69,A
2663,-5.3372,-4.9951,-0.7421,-1.1949,0.3395,-0.3258,36.66,251.92,A
2664,-2.9501,-3.6963,0.4954,1.591,0.808,0.7356,40.44,305.5,A
2665,3.719,3.7264,9.2022,7.7313,3.5935,3.1733,53.76,431.0,B
2666,-0.4893,-1.8325,6.4553,6.6726,0.2519,1.4965,49.51,343.5,A
2667,-1.3528,-0.8568,1.6971,2.0478,0.1449,0.2624,45.74,317.83,B
2668,10.4545,10.4836,3.8018,2.6218,1.1598,0.8812,58.32,412.36,D
2669,-0.2353,-1.0472,-2.7134,-2.6966,-0.6915,-0.9768,38.65,281.73,C
2670,6.5941,6.6795,3.8537,3.0679,0.6038,1.5191,49.2,382.36,C
2671,1.5511,2.0889,4.1764,3.4513,1.3024,1.8937,46.08,378.0,D
2672,0.4323,-0.8736,-2.7441,-1.3872,-0.1694,-0.1868,40.71,326.96,C
2673,3.6318,3.096,0.0455,1.188,-0.869,0.0395,45.4,339.15,D
2674,-1.2141,-1.671,2.5371,3.3346,-0.6304,-0.0106,44.85,341.49,B
2675,-4.6568,-4.4996,-1.8216,-0.2999,1.0696,0.0791,38.73,283.98,D
2676,2.3791,3.7652,3.1406,3.6002,0.3224,0.5313,47.29,352.64,D
2677,-4.783,-4.9924,-1.1214,-1.3124,1.0202,-0.0753,34.94,256.5,A
2678,-7.7575,-8.1114,-1.1748,0.3665,0.1406,-1.0863,30.88,255.01,B
2679,3.5544,3.8285,2.6156,2.4657,2.5655,3.6718,50.31,377.54,D
2680,-2.598,-3.0892,-1.9473,-1.1913,-0.0784,0.4945,34.23,296.88,A
2681,4.3667,3.8829,3.5798,2.7005,-3.2208,-1.402,48.81,367.56,C
2682,-9.4219,-9.6202,1.661,1.5198,0.1928,0.4761,33.44,282.41,B
2683,10.0808,8.2426,0.1541,-0.0227,-1.661,-2.0131,50.54,361.25,B
2684,7.5844,8.1189,1.7711,3.1746,3.5484,2.5035,52.04,392.07,B
2685,4.4619,2.7877,3.4967,3.2231,-1.5876,-1.6338,46.43,368.0,D
2686,-0.6835,-1.4566,-1.1376,-0.5223,3.2788,2.0029,38.34,303.96,B
2687,-7.0308,-7.0958,-1.0593,-0.4901,-1.8243,-0.8414,34.94,236.46,A
2688,-4.1234,-5.4757,-3.1113,-2.0637,-2.1168,-1.5081,33.7,251.96,A
2689,-6.4449,-6.3652,1.7717,2.2767,0.8791,0.8864,42.93,304.85,B
2690,1.0027,0.6768,-3.2297,-2.8219,-0.3389,0.0269,39.28,298.34,C
2691,-3.9459,-3.5543,-1.5148,-2.616,0.1993,-1.646,33.86,247.22,B
2692,2.0444,2.3618,-3.7178,-1.9603,2.5713,2.2815,45.56,304.58,B
2693,-10.918,-10.9786,0.2798,0.74,-1.0036,-1.4979,29.28,236.42,D
2694,-2.9506,-2.5721,-0.6983,-2.5673,0.8162,0.2258,36.78,292.08,C
2695,-5.1918,-5.4848,-1.3495,-1.218,-2.0557,-2.7983,35.37,240.27,B
2696,2.0498,0.8952,-4.7706,-4.4343,0.4064,-0.7628,37.9,273.93,D
2697,2.3695,1.5248,-2.0246,-0.7748,-2.3786,-3.5056,38.65,278.53,B
2698,-3.6564,-1.8341,-1.3742,-1.1878,0.931,0.9325,35.13,255.62,A
2699,4.1635,4.8057,3.2439,1.5741,-0.2803,1.4514,46.07,359.19,A
2700,5.7235,6.4636,-1.274,-0.6382,-1.0644,-0.2993,50.16,325.5,B
2701,-0.6297,-0.7575,2.137,1.9408,0.3262,0.5159,45.39,368.8,B
2702,-6.0981,-6.8189,0.6925,0.6243,-2.2,-0.9977,32.43,279.01,B
2703,-2.5788,-1.7644,-2.9468,-4.7319,-1.8034,-2.1968,35.02,287.96,C
2704,-1.1859,-2.0146,-1.8175,-0.4444,0.7252,0.6347,43.24,322.22,B
2705,-8.6346,-9.0417,-4.1757,-3.0043,-1.3784,-2.0119,30.89,229.55,C
2706,3.3272,4.0618,0.4093,0.812,-1.8744,-1.7007,44.05,348.71,A
2707,-1.8336,-2.6779,0.6839,1.207,1.6048,0.6844,42.05,328.52,A
2708,11.2927,12.6415,4.5277,2.6991,-0.8478,0.5281,57.96,420.18,C
2709,4.7625,4.7746,2.7244,2.3963,0.1786,1.0343,47.55,355.37,A
2710,-6.857,-6.5485,0.0738,0.8603,-0.1362,0.5811,38.1,292.56,D
2711,-1.6137,-4.2717,-1.7477,-2.1218,-0.9498,-0.7827,35.9,217.72,C
2712,-3.6541,-3.2326,-1.4983,-3.1318,-1.5695,-1.5656,35.47,264.39,C
2713,7.8936,7.1827,-0.1285,-1.0425,-0.4834,0.8762,47.79,365.58,B
2714,6.7498,6.8499,3.9009,2.149,3.8644,2.2493,57.41,402.95,D
2715,-6.5675,-6.8562,-4.5343,-4.3501,-0.8585,-0.4008,29.53,225.35,D
2716,-9.0751,-9.1731,0.1463,-0.5168,-1.1772,-1.511,29.83,250.87,B
2717,-8.8861,-8.84,-2.5931,-2.4621,-0.0814,0.1053,34.29,229.91,A
2718,-4.8845,-5.9987,-1.5248,-2.3891,1.2743,0.8505,39.55,247.95,D
2719,-0.0445,-0.101,1.6495,1.7162,-0.2675,-0.9689,43.86,317.44,C
2720,-2.8485,-3.1517,0.8304,0.4203,0.198,1.408,41.7,321.06,D
2721,-0.9551,-0.8399,2.3563,3.1429,-0.489,0.0943,43.43,314.0,B
2722,-1.2144,-1.6558,-2.047,-2.7129,-2.5759,-2.3769,38.38,248.29,D
2723,1.8843,2.2693,-0.6603,-0.2417,-0.2529,1.1435,43.32,342.56,B
2724,-1.8259,-0.8827,-2.6755,-3.2595,-2.69,-1.7877,36.66,262.99,B
2725,2.6139,2.2129,-3.852,-4.0342,-0.5072,-0.8396,39.89,284.28,A
2726,7.5443,7.343,0.9852,1.6502,-0.8413,0.8013,49.92,334.62,C
2727,-6.1004,-7.3214,-3.2366,-3.3499,1.9204,-0.8566,31.76,229.96,B
2728,-7.623,-7.429,-0.1113,-0.1539,1.0545,-0.1388,34.64,255.7,A
2729,-6.0618,-5.2759,-6.7912,-6.9239,-0.5205,-1.7856,25.25,202.99,C
2730,-8.0283,-7.3779,0.2734,1.775,-1.6864,-0.6856,35.46,269.29,C
2731,-6.2079,-4.438,-2.1407,-2.422,-1.3906,-2.214,36.46,243.32,D
2732,-3.8862,-4.7356,1.2461,2.8211,1.744,0.328,37.98,274.49,C
2733,-3.5738,-3.7767,3.9191,3.5391,1.4093,2.1265,40.75,326.05,D
2734,-0.7695,-1.367,2.6297,2.6937,0.0639,0.0497,43.58,305.04,A
2735,-12.0154,-12.8478,-6.3284,-4.7266,-2.7561,-2.7377,23.36,153.73,A
2736,-3.3102,-3.1823,-3.1313,-2.682,-1.9308,-1.0044,34.65,295.8,A
2737,6.2709,6.283,-2.2098,-2.4758,0.6692,0.6778,46.22,325.17,D
2738,9.907,9.3207,2.6489,2.5981,2.0961,1.6336,51.29,401.17,A
2739,0.3235,1.7166,-1.2153,-2.355,1.7773,0.2847,39.77,301.5,C
2740,9.1207,8.0531,3.6067,3.9668,2.6015,1.7768,54.9,420.18,B
2741,-4.547,-5.1083,-3.4398,-2.7087,-1.7501,-1.357,32.8,258.4,C
2742,-4.7344,-4.3901,-5.2994,-4.6603,-1.9582,-1.682,33.64,240.44,D
2743,-0.6754,-1.3737,0.6416,-0.668,1.3868,0.5694,41.69,303.68,C
2744,-16.4803,-15.6974,-4.0831,-3.9483,-3.7446,-3.0909,18.51,136.86,D
2745,-1.3842,-0.6932,-0.4061,-1.3436,-1.3392,-1.7383,39.53,299.47,C
2746,0.4326,0.6052,-1.216,-0.4881,0.2215,-0.4772,40.55,295.17,B
2747,-4.3493,-4.9143,1.5584,1.1478,0.8913,0.0031,41.17,281.38,D
2748,12.1325,10.5102,3.6945,4.756,-1.1285,-0.3529,55.23,408.6,D
2749,-7.4383,-7.5828,-3.5382,-1.8689,-1.809,-2.5212,27.66,212.92,D
2750,0.0137,-0.4256,-1.7622,-0.5684,0.2832,-0.5314,44.72,324.07,B
2751,-5.25,-3.7646,-1.7146,-3.0257,0.1798,-0.2788,34.45,279.98,D
2752,1.4859,0.835,1.0092,0.9803,0.4234,0.4444,42.95,374.96,A
2753,8.7308,9.5662,2.1432,2.0121,2.8489,2.9331,54.31,424.68,B
2754,1.6356,1.8849,-0.4136,-0.7597,-1.9451,-1.2657,42.35,310.11,D
2755,-6.3326,-6.9065,-4.1531,-2.2494,-0.3458,-1.7781,30.11,230.2,C
2756,-2.4177,-3.5977,0.3149,1.1011,0.3705,-0.2625,42.36,303.12,B
2757,6.9492,6.0244,2.4166,1.1708,0.2795,0.8349,50.27,323.83,B
2758,7.2649,6.5315,4.9724,3.6405,1.993,1.4821,54.73,407.71,D
2759,-1.5378,-1.782,2.3466,0.4203,-1.0902,-1.959,39.3,336.7,D
2760,-2.0664,-3.6396,-3.1262,-3.1777,-0.9912,-2.4071,32.89,258.54,D
2761,5.3544,5.0195,3.3585,4.1413,0.9733,0.431,49.44,380.01,A
2762,-2.4829,-3.4294,4.34,4.7011,-0.0365,1.7532,44.38,327.56,C
2763,7.4895,7.8869,-1.9353,-2.196,0.2401,0.5876,48.14,359.24,C
2764,1.4401,0.3316,2.8635,2.8131,0.6588,1.1216,50.2,374.54,C
2765,0.3917,-0.8026,-2.2024,-1.2875,1.3417,1.2862,40.8,296.34,C
2766,0.8388,-1.1381,-1.9951,-2.9079,-0.9572,-1.3018,40.19,280.38,B
2767,3.2692,4.095,-3.1257,-2.5028,1.2828,1.1584,39.8,336.18,A
2768,-1.3266,0.2584,2.5154,2.862,0.572,1.7497,47.81,343.13,A
2769,4.1405,5.0181,-1.635,-1.9443,1.0198,0.2964,43.89,303.94,A
2770,8.4735,8.1009,8.8405,8.6838,2.3608,3.5707,60.71,472.52,A
2771,7.86,8.4356,5.5916,7.4739,1.826,1.9715,57.37,421.76,A
2772,-2.2139,-2.0295,2.198,1.7917,-0.1457,-0.8207,41.81,322.12,D
2773,2.0711,2.489,1.1344,-0.5441,0.1026,0.5739,42.49,320.85,A
2774,8.1851,6.4449,2.7547,1.7845,0.6823,-0.7036,51.61,365.66,D
2775,4.0955,3.7067,-2.575,-0.6184,-1.5841,-0.833,47.13,304.58,A
2776,3.2913,3.5214,-4.7379,-3.5352,-2.3738,-1.1818,39.36,245.01,A
2777,-2.2707,-0.9539,-1.2137,0.1202,1.3515,1.2094,42.25,301.62,A
2778,-9.4318,-9.4458,-2.207,-2.0891,-0.6836,-1.6694,29.09,238.48,A
2779,-3.377,-2.4604,2.48,2.4038,-1.8076,-0.9243,42.51,341.15,D
2780,1.4261,0.0092,0.5515,-0.5654,-1.1946,-1.3668,43.16,312.33,A
2781,-7.4702,-5.1489,-1.7175,-0.1178,2.4739,0.6118,36.51,288.43,D
2782,5.1714,3.4908,0.2773,1.3834,2.6544,2.8591,45.83,319.95,C
2783,-3.0453,-2.1622,-2.7062,-2.001,-0.1468,-1.0186,41.43,275.2,D
2784,1.6793,1.0706,0.017,0.1606,-0.0729,-0.3107,42.49,308.94,A
2785,12.1858,13.2465,-0.3364,-1.0627,-0.1836,0.8882,54.1,407.68,B
2786,10.5528,9.7545,-0.0624,0.0428,2.2587,3.4987,52.9,357.56,C
2787,2.3051,3.2834,1.1573,1.3521,0.448,0.6355,44.18,328.11,B
2788,-4.2889,-4.5602,-2.6613,-3.527,-0.9288,-1.1498,35.68,271.95,D
2789,-4.552,-5.0952,-3.8241,-2.6962,-1.0783,-0.5198,32.71,221.18,B
2790,3.0024,1.9542,-2.8295,-2.6089,-0.2111,-0.6446,36.75,317.94,C
2791,-0.9385,-1.1344,-0.219,-0.0203,1.8837,2.3868,40.15,317.59,C
2792,-0.5535,-1.1458,-1.2726,0.3755,0.7715,-0.9016,42.31,320.94,C
2793,11.7648,10.2935,0.9512,0.0854,-0.511,0.7038,50.74,395.44,B
2794,0.7048,0.8953,0.738,1.9988,0.3636,0.1804,44.94,343.76,A
2795,-4.63,-4.4295,-0.3776,-0.1956,0.4273,0.1604,36.25,305.05,A
2796,3.7434,3.0858,-1.2533,0.1128,0.0122,0.9733,47.78,332.97,A
2797,-4.4564,-4.752,2.4895,4.3657,2.839,3.1729,41.68,310.97,C
2798,1.2152,0.5866,-0.4598,-1.9076,-0.2387,-0.3589,46.12,332.07,B
2799,-12.4684,-10.9359,2.4742,2.4565,1.4845,0.7075,31.02,260.14,C
2800,-1.8098,-1.4535,0.9756,1.1702,0.2486,-0.3167,43.07,325.24,A
2801,6.557,5.6555,3.3444,2.5791,0.838,0.2688,51.41,386.83,D
2802,5.5521,5.3038,1.4849,0.1028,-0.4059,-1.658,48.51,371.66,B
2803,-1.9437,-1.5651,-2.2425,-0.8532,2.2008,1.585,40.1,289.72,B
2804,-7.4304,-7.345,-2.1579,-1.6553,0.4168,-1.6167,33.7,257.14,D
2805,-2.4563,-2.4817,3.5993,3.1677,0.5038,0.0124,47.58,317.46,A
2806,-5.7976,-5.8699,-2.8391,-1.5456,0.5232,0.2963,36.54,262.05,A
2807,-2.366,-0.5773,3.434,3.5147,-0.1301,0.4817,45.75,346.14,B
2808,-4.4285,-4.0633,-3.5245,-2.727,-0.4331,-0.4275,36.72,230.12,C
2809,3.5425,4.0328,4.1118,3.9871,0.3796,1.2452,48.17,406.09,D
2810,-6.1944,-6.5811,-2.791,-3.0505,-1.8846,-3.7417,31.0,268.61,B
2811,2.2749,2.9185,1.0635,0.5238,-0.0303,-0.0892,46.09,340.36,D
2812,2.7369,2.1023,0.1543,0.376,0.1186,0.1724,43.59,355.62,B
2813,3.0296,3.0961,-3.3317,-3.1784,0.9443,1.0033,38.79,304.51,C
2814,-0.5368,-0.5516,1.8238,1.5969,0.5012,1.3138,41.61,329.22,D
2815,-3.2862,-2.5362,1.4879,1.0691,0.9311,1.0154,39.26,280.23,A
2816,-1.1789,-1.3969,0.5028,-0.8256,0.1413,-0.7466,36.22,279.78,D
2817,-0.4722,0.8538,-3.0843,-2.8157,-3.0291,-2.1151,35.84,272.76,D
2818,-5.2951,-5.7411,1.3102,1.7398,0.1277,-0.2314,37.19,238.55,C
2819,-4.7906,-4.4823,-0.5341,-0.8028,-0.9538,0.0351,37.62,245.23,A
2820,-3.3384,-1.8776,0.2664,0.4975,-2.1732,-0.1383,38.53,287.16,A
2821,-1.8833,-1.7819,-2.9633,-2.0475,2.0954,2.2644,39.8,286.13,A
2822,4.745,4.4691,0.5836,0.7821,-1.6269,-0.7753,44.52,359.09,A
2823,-2.8931,-3.5467,-1.7213,-1.4763,0.7341,0.9999,39.19,283.29,B
2824,1.3155,2.3743,0.5765,0.4475,1.1684,0.7978,46.76,330.08,C
2825,-5.7513,-4.6529,-6.0432,-4.1004,-2.1614,-2.8098,32.2,210.47,D
2826,-7.4673,-8.2329,2.0068,3.0872,0.5171,-0.5368,35.96,261.42,C
2827,4.388,4.8046,1.0393,1.9272,2.0591,2.7008,50.63,402.2,A
2828,-3.9821,-3.8275,-0.1714,-0.0977,-0.5138,-0.8506,39.99,310.05,A
2829,3.3196,2.0967,-3.3394,-4.6935,-0.1448,-0.894,41.06,263.03,A
2830,2.8674,2.4946,4.6123,4.7197,0.3768,1.1899,49.24,395.95,B
2831,-0.5878,-0.8256,-2.726,-1.9297,0.4361,-0.8478,40.64,277.8,D
2832,-6.7915,-6.7405,-3.2184,-3.3975,-1.1098,-1.6628,29.58,232.9,B
2833,-4.0718,-3.7657,-2.0172,-3.1867,-3.2478,-3.0595,33.39,259.84,C
2834,-0.2287,-2.1888,0.85,0.4479,0.1291,0.8576,41.45,309.94,D
2835,-2.2044,-2.1147,-0.8934,-0.6247,-0.8517,-0.6146,37.1,265.32,D
2836,-6.3506,-6.6839,3.5001,2.2674,0.1078,-0.3615,39.68,298.17,D
2837,2.0057,2.5166,3.2161,2.527,-1.6061,-0.7319,45.41,355.34,B
2838,-3.0609,-3.4571,0.0647,0.1995,1.6466,0.2213,45.37,285.59,C
2839,1.373,1.4212,2.6356,1.1491,0.0242,0.0156,44.55,352.18,D
2840,0.6837,-1.7887,3.3451,2.7072,-0.2318,0.5581,44.36,326.24,A
2841,-9.7682,-9.855,-3.258,-2.6334,-0.7572,-1.5267,29.43,232.25,C
2842,0.1626,-0.0504,2.9708,2.3296,0.4796,0.3244,46.26,353.87,A
2843,3.2958,3.0043,-1.3116,-0.8597,0.5819,0.7332,44.74,316.55,D
2844,13.5802,13.5161,4.7766,2.7892,1.4571,2.1524,63.59,465.77,A
2845,-4.0006,-4.4575,0.1458,0.9453,0.2414,1.6678,39.83,278.23,D
2846,-1.457,-0.5774,0.3402,0.8718,2.4293,1.2678,45.39,346.42,D
2847,-2.2224,-1.1828,-1.7529,-0.3017,2.5576,0.7732,43.54,293.72,C
2848,-12.2451,-12.2513,0.6639,1.3949,-0.2477,-1.5096,31.7,229.49,B
2849,-4.8438,-4.4158,-3.141,-3.2057,0.0724,-1.8558,31.8,240.96,B
2850,-0.1329,-0.1248,-1.8015,-1.1479,2.965,1.9139,43.31,311.0,D
2851,-0.869,-0.6826,-3.4387,-2.3357,-1.2359,-1.4969,37.63,287.52,C
2852,-2.6498,-1.8939,-2.7816,-2.3521,-0.7468,-2.0539,37.91,252.3,C
2853,10.2103,10.0106,0.2981,-0.0709,-0.7164,-2.0867,50.09,355.61,A
2854,2.9056,2.0604,-1.1137,-0.724,-0.2116,-0.9505,45.07,334.93,A
2855,7.6281,8.334,2.9134,2.6085,2.0804,2.6736,54.65,381.08,D
2856,2.0283,2.4751,0.0682,2.0386,-0.8026,0.7359,49.59,362.89,B
2857,-3.661,-3.2928,-3.6877,-3.5505,-2.0412,-1.6329,31.74,242.63,D
2858,3.2462,2.9495,-0.7361,-1.9437,-1.1942,-2.2908,41.1,319.42,B
2859,-4.9911,-4.536,-1.185,-1.8094,-0.3269,-0.1685,35.99,284.5,C
2860,6.4598,6.0171,0.8811,-0.619,2.2288,2.8807,48.98,372.6,B
2861,-3.4054,-4.042,-4.2116,-5.399,-0.2812,0.6307,34.28,265.2,D
2862,-4.0222,-5.2515,-4.3539,-2.7617,0.6079,0.3263,34.49,223.65,C
2863,3.7784,3.2302,-3.046,-3.1166,-3.1933,-3.0585,43.27,290.59,D
2864,-3.5556,-2.831,-1.2632,-2.7727,-0.9626,-1.5313,36.74,248.42,C
2865,1.0762,0.4848,-0.8286,-0.2139,-1.9956,-1.4604,40.24,279.46,C
2866,-4.0638,-3.3431,2.0661,2.0911,-0.3555,-0.9782,39.38,305.35,D
2867,-2.8607,-2.5314,2.156,0.1111,0.1074,-0.8024,41.93,299.96,A
2868,-8.4262,-8.7185,-1.6567,-1.1626,1.1637,0.3648,33.28,238.61,D
2869,-7.375,-6.9686,-6.8854,-7.4303,-2.7131,-2.4686,27.7,196.27,D
2870,8.3648,8.3871,4.7447,4.9919,0.1352,-0.2658,56.85,401.86,D
2871,-10.2941,-10.855,-3.8558,-2.5086,-1.1575,-2.1679,31.69,208.89,B
2872,-0.1568,-0.2763,-4.3965,-2.3489,0.6521,-0.104,39.97,321.65,B
2873,-4.873,-4.8951,0.0979,0.4003,-0.2837,-1.5715,38.24,287.43,A
2874,-7.8779,-7.3949,-1.8851,-0.7627,-0.2265,-1.4076,34.61,243.38,A
2875,2.2104,1.8875,-0.3207,0.699,1.259,0.1354,48.95,321.72,B
2876,-9.0159,-9.352,-1.3912,-0.1296,-1.6951,-2.525,27.34,221.45,A
2877,2.1184,1.666,-2.6685,-2.0299,-2.2464,-0.6472,40.09,284.48,A
2878,7.3768,6.4932,0.3962,0.1987,0.3085,1.1328,49.17,374.73,C
2879,1.8617,2.8992,0.6725,0.8625,-0.3572,-0.3675,43.35,317.59,A
2880,-6.4822,-6.8043,-2.6188,-1.0228,-0.4063,-0.4611,31.73,232.09,A
2881,-7.7914,-8.0463,-0.0335,0.6408,-1.5333,-1.3598,34.04,253.05,C
2882,2.5393,3.7133,3.0032,1.4765,0.4806,2.2581,46.47,331.38,B
2883,-0.0107,0.4739,-0.3137,-1.3644,-0.6029,-1.0249,42.72,296.07,A
2884,0.1471,0.1534,-0.463,-0.6694,-1.188,-0.3278,39.93,300.84,C
2885,10.1985,10.2662,-0.921,-1.655,-1.1853,-0.6534,49.57,327.23,D
2886,3.6534,2.3141,-0.317,0.2693,1.5424,1.9335,44.84,351.51,A
2887,11.1616,10.5652,0.2539,-0.5497,-0.8033,0.7046,50.72,351.96,A
2888,-4.3712,-4.9744,-3.4584,-2.3631,-1.1008,-0.6889,36.56,239.84,A
2889,-1.7973,-2.0113,-0.6682,0.2667,-1.1863,-1.3533,36.95,303.4,B
2890,-0.653,-0.5631,-1.8821,-0.4064,-0.5525,-0.9715,39.32,285.29,B
2891,-5.1405,-6.2462,-2.1199,-0.6883,-1.5931,-0.5793,35.6,248.0,A
2892,-5.5986,-6.0814,-3.5579,-2.896,-3.044,-2.6607,30.27,250.23,C
2893,-6.0065,-5.549,-2.0615,-1.6617,0.2819,-0.6137,34.12,249.09,D
2894,0.0036,-0.5416,-0.1449,0.6203,2.3004,2.5748,43.15,326.92,B
2895,5.0324,5.6246,-3.5028,-3.7792,-2.4435,-1.8163,41.37,288.1,D
2896,1.4794,2.5465,3.8057,2.4632,-0.0104,0.1168,45.61,364.74,C
2897,5.3113,4.5039,4.195,1.8425,1.0709,1.324,49.35,388.99,A
2898,2.3327,1.7971,-0.8555,0.3864,-0.5261,0.1959,45.47,303.83,C
2899,-1.2543,-2.2268,3.159,3.0977,2.7566,3.1367,43.33,336.99,B
2900,3.3927,2.8697,4.5261,4.6717,-0.2275,0.7979,49.15,370.58,D
2901,1.9892,2.0643,4.076,4.0618,1.1548,2.1155,49.03,364.87,A
2902,-4.4291,-4.8854,-4.2737,-1.9595,-2.3293,-1.1756,34.41,250.76,D
2903,4.055,3.3481,-1.3509,-1.1818,-2.4862,-1.743,40.72,325.19,A
2904,-0.0048,-0.25,-6.4607,-6.9756,-0.7885,0.6893,34.05,240.73,D
2905,-4.173,-6.6211,-5.13,-4.1251,-0.4538,-1.2169,31.86,202.48,D
2906,0.6215,0.5793,0.7014,0.7859,1.1258,1.1783,47.54,325.03,D
2907,-14.7074,-14.0932,-3.4876,-1.8359,0.5825,-0.7741,25.94,198.56,C
2908,-1.5415,-1.2297,-2.8487,-3.7385,-2.5661,-2.2416,37.13,253.08,D
2909,8.5921,7.9701,-0.6138,-2.5603,-0.9041,-1.3023,50.77,331.42,C
2910,1.8313,2.0055,-0.204,0.1077,0.3558,0.6623,44.41,325.97,D
2911,-2.4743,-3.2741,-3.1511,-2.4407,-0.0081,-0.0033,34.84,275.99,A
2912,3.3627,3.4213,1.1398,0.2341,0.1007,-0.1768,41.93,352.38,C
2913,-0.4505,-1.2662,-2.8057,-1.7645,1.9709,1.2248,42.9,280.04,D
2914,-7.258,-6.7058,-5.3498,-5.2847,-1.377,-1.1382,25.23,171.18,C
2915,2.9275,3.8184,4.1378,4.4637,1.0353,1.1029,47.1,348.56,D
2916,0.3671,0.6678,0.9911,-0.768,0.818,0.5259,40.51,292.52,C
2917,4.4144,4.6927,0.7288,0.0918,-0.5573,0.4219,50.37,378.5,C
2918,-2.1937,-1.3845,-0.8218,-1.274,-1.1342,-1.314,37.32,266.45,A
2919,6.056,5.6537,1.2172,1.2291,0.9145,2.2551,51.45,379.89,A
2920,1.1107,0.1937,0.2879,0.4782,0.5225,0.497,43.75,322.69,A
2921,-4.69,-3.8759,-1.5505,-1.5862,0.0389,-0.6932,35.95,250.88,B
2922,-4.7211,-5.8573,-0.0572,1.1816,3.8331,1.3797,36.78,301.73,D
2923,-4.5795,-3.2774,-1.5073,-0.2778,1.4394,0.209,37.37,276.53,B
2924,-3.5404,-2.6729,2.3397,2.4897,1.5425,2.9285,42.99,322.0,D
2925,-1.0409,-1.4607,0.9441,-0.2924,0.5917,0.4279,41.61,329.17,B
2926,-3.0347,-1.1881,-0.5389,-0.5254,1.7204,0.4314,41.99,318.57,B
2927,0.7207,-0.1388,0.6142,0.6576,1.5249,1.0595,42.46,335.98,D
2928,-5.1599,-5.5707,3.6854,4.3224,0.4674,1.1531,42.52,338.64,C
2929,3.0081,4.3841,4.2501,4.1969,0.4304,2.3696,52.86,412.86,A
2930,-4.9871,-4.084,4.4101,2.6796,3.2733,2.3178,43.72,321.68,A
2931,2.1946,0.5632,0.0702,1.0111,0.9455,0.6013,41.14,322.58,C
2932,-1.0431,-1.2298,-3.0763,-2.8825,-1.0919,-1.316,36.87,258.36,D
2933,8.1588,7.8872,0.5583,0.3177,-0.0648,0.516,50.91,350.18,D
2934,-2.1479,-3.0608,-0.2641,1.7207,0.0478,-1.0914,40.88,323.67,B
2935,-8.2944,-8.5936,-3.1034,-1.4334,1.7297,0.3436,33.54,239.5,A
2936,-0.1054,-0.6702,2.8294,2.4185,1.6832,1.666,45.23,351.17,C
2937,-3.4094,-4.924,1.8932,1.3513,-0.8891,-0.8256,39.02,295.11,D
2938,-2.421,-1.733,-2.4411,-2.2276,0.3854,0.4797,35.89,263.14,A
2939,0.4017,1.1874,-1.434,-1.6222,0.0322,-0.0828,40.94,312.83,D
2940,10.142,9.5963,3.6267,2.9146,0.8812,0.5043,55.17,411.28,D
2941,10.0157,8.8703,1.8791,0.7392,0.8332,1.239,53.27,398.39,B
2942,-5.2292,-3.8391,-0.5011,-0.3707,1.8036,1.0025,37.4,277.15,C
2943,6.6835,6.376,3.8795,3.565,0.8244,0.6491,55.65,387.13,D
2944,-6.5559,-7.5823,0.186,1.2279,-1.3019,-0.7892,37.29,254.05,A
2945,0.7474,0.1163,2.1966,1.4492,0.2401,0.2092,45.61,337.28,C
2946,7.3488,5.351,3.3578,3.8044,-0.5732,-0.7376,51.37,404.64,A
2947,3.2832,3.6983,-2.6809,-2.5432,3.0551,0.5445,47.33,335.47,A
2948,4.8391,3.7071,-2.9238,-2.9933,4.3506,2.9434,46.45,306.44,C
2949,5.167,5.6791,6.5412,6.602,-0.7853,-0.5068,52.74,409.72,C
2950,-7.8638,-7.1199,1.6976,1.6028,-1.9198,-1.8856,36.84,301.0,C
2951,3.5708,3.4162,0.1893,1.0184,0.1353,0.044,42.31,347.77,A
2952,2.1454,1.4551,-3.1496,-2.9485,0.9375,-0.7112,41.31,319.95,B
2953,3.2463,3.2296,-0.0125,-0.6068,-0.2124,-0.0816,41.31,312.05,C
2954,6.2554,5.8686,0.8827,-0.0857,0.032,-0.1004,45.79,347.67,B
2955,-15.3571,-13.8127,-3.3562,-2.2935,-0.4813,-2.5659,23.24,189.71,C
2956,0.5496,0.5214,3.323,3.4241,-0.0531,-0.4533,46.47,336.6,C
2957,-10.5576,-10.3082,-0.1975,-0.2702,-1.5293,-0.7585,32.58,243.32,D
2958,-7.3505,-6.8333,0.9155,0.3367,1.4479,1.3856,35.25,258.83,C
2959,4.7937,4.8907,0.86,1.8128,0.2128,0.352,49.17,349.7,C
2960,-4.3397,-5.4161,-1.8621,-1.8253,-1.8744,-2.127,34.16,272.14,B
2961,-1.8921,-2.1984,-3.9822,-1.9997,0.1084,-0.9043,39.6,281.03,B
2962,-5.7601,-5.616,2.3875,2.3009,0.1798,-0.4465,41.19,329.07,D
2963,0.6797,-0.8614,1.8169,1.3442,-1.109,-1.0758,39.74,328.54,C
2964,8.4823,8.1706,2.4617,2.1247,0.8103,0.517,51.64,378.48,B
2965,-0.1329,-2.0331,2.9955,2.5292,-2.0392,-2.7128,43.04,319.64,C
2966,9.5309,8.2089,3.7436,2.681,-0.2343,-0.6982,50.75,431.34,C
2967,-3.7558,-3.961,-0.91,-0.3448,0.0636,-0.3594,40.01,283.47,D
2968,3.9673,4.385,0.4566,0.1371,0.8286,0.8556,48.09,329.34,D
2969,1.6271,2.1081,1.2541,1.7079,-1.0363,-1.402,42.96,341.45,A
2970,-0.7649,-0.3044,-2.1587,-0.2423,0.8659,-0.2111,42.58,314.15,C
2971,-2.4632,-1.7604,-2.4014,-2.2525,1.8415,1.2436,40.88,280.23,A
2972,-2.3712,-3.3262,5.0847,3.4247,-0.9687,-0.7045,43.82,330.07,C
2973,0.3394,-0.3417,-0.0287,-0.0102,0.8715,1.1095,44.46,299.28,D
2974,1.81,0.4528,-0.0915,0.9667,0.5149,-0.0114,43.82,329.21,D
2975,-7.4121,-6.3988,-5.4035,-3.7811,-1.3444,-0.546,32.78,221.88,C
2976,-8.036,-9.774,-4.5293,-4.4534,-0.6998,-2.1656,26.45,237.72,D
2977,-3.9598,-4.491,-0.4455,-0.6325,-1.3346,-1.8572,39.42,288.9,A
2978,6.0444,6.624,-1.7392,-2.3272,1.9638,2.1917,46.06,324.61,B
2979,0.4676,-0.5534,-3.024,-4.3858,-1.4498,-1.6071,37.97,273.27,D
2980,0.3217,0.301,-2.3187,-3.0351,2.5167,-0.3483,39.76,282.85,B
2981,-14.9572,-13.7328,1.679,1.3274,0.7479,-1.8244,28.73,212.93,C
2982,7.0094,6.1238,3.4471,2.6881,1.2481,2.6898,49.86,371.96,C
2983,7.7238,8.9212,5.1219,3.509,1.1733,1.527,51.53,404.73,D
2984,-1.9359,-2.1714,-3.6266,-5.1182,-2.6902,-3.2782,31.22,241.88,A
2985,-0.8682,-3.0303,-1.3353,-1.1831,-0.8066,-1.6745,41.94,305.11,B
2986,0.1591,-0.3132,-0.4957,-0.0145,-2.3148,-2.1657,38.84,306.09,D
2987,2.0527,2.0039,3.4992,2.9572,2.7614,2.0579,49.84,372.44,C
2988,7.1216,7.587,5.8795,4.5314,1.3939,2.7742,56.0,423.92,B
2989,0.7018,1.3447,3.768,2.7033,0.3663,-0.2774,42.77,355.07,C
2990,-3.3433,-2.2278,4.1648,3.2484,0.2845,1.1236,41.47,322.63,C
2991,-1.1533,-0.3715,2.2656,1.3711,-0.1893,-1.3038,41.39,337.65,C
2992,2.8346,3.411,-0.1485,-0.0657,-0.1571,0.6884,42.61,302.6,A
2993,4.1764,3.9468,1.0829,0.725,1.7861,1.3605,46.16,358.84,A
2994,3.625,4.9616,-0.1452,-0.7655,0.0783,-1.48,48.07,339.84,D
2995,2.5897,1.1265,-5.8935,-3.5059,-0.5992,-1.341,40.06,267.66,B
2996,6.7631,7.0476,0.5155,0.3712,-0.8738,-2.2693,44.2,346.81,C
2997,3.6499,4.4691,0.1425,-0.4018,1.2533,1.1597,49.54,353.92,B
2998,-4.9063,-5.4218,-2.6151,-3.8247,-1.6491,-1.1554,33.02,245.29,D
2999,-7.5165,-9.3842,-1.2311,-0.9823,0.2181,-0.4968,30.85,248.23,C
3000,6.9598,7.3815,6.2786,5.211,-0.0404,0.5193,54.03,435.92,D
3001,-4.9925,-5.0092,5.6116,6.2843,1.2886,1.8938,42.19,332.32,D
3002,0.0443,1.2922,3.2863,1.5674,1.0728,0.6906,45.35,338.98,D
3003,-3.5858,-2.042,1.8456,3.7893,3.7974,3.3889,45.27,345.78,B
3004,-0.1846,0.8181,2.7096,1.4863,3.387,2.1717,46.82,356.27,C
3005,-1.8908,-1.9423,-0.4665,0.4826,2.3176,1.4676,40.47,306.76,B
3006,-8.8617,-8.0103,-1.9318,-2.2993,-1.4266,-2.3394,33.16,256.84,C
3007,-3.4026,-4.3754,-3.4644,-3.1358,-1.5172,-1.2406,34.91,277.22,B
3008,-5.9277,-5.4183,-2.8247,-2.3409,-1.5069,-0.614,33.91,262.73,B
3009,-1.2801,-0.669,1.9276,1.3773,1.5376,0.4391,42.89,325.95,C
3010,-3.1441,-2.7773,-3.0326,-2.7311,-0.5039,-0.6297,35.9,275.43,B
3011,-11.627,-10.3818,-2.5335,-0.5431,-0.8317,-2.4935,32.21,207.19,A
3012,-5.3108,-5.732,-1.79,-2.9836,-1.2138,-1.2477,32.29,254.67,A
3013,3.2887,3.173,-1.4089,-1.4187,-1.6769,-0.2671,43.29,313.49,C
3014,-5.6419,-6.16,-0.9301,0.0509,0.0097,0.4532,35.33,252.44,B
3015,3.6509,3.1256,-1.4167,-1.0127,0.9891,0.9448,42.17,280.83,D
3016,0.4892,-0.012,2.4662,1.6946,-0.7905,-1.9271,42.62,317.12,A
3017,8.3651,7.3191,-4.601,-5.3044,-1.3523,-1.2,44.66,315.71,D
3018,-0.3976,-1.916,-0.4056,-0.6884,-0.9298,0.6317,41.78,286.58,A
3019,1.8386,1.9699,1.3757,1.3781,-0.0182,0.5823,43.3,319.58,A
3020,-2.6986,-1.8156,1.2283,1.2729,2.2229,1.0975,39.06,313.74,C
3021,4.1449,3.6247,1.4065,0.9792,1.5144,0.3641,48.02,361.9,B
3022,-4.6781,-4.6533,-4.5915,-2.3692,0.6591,0.1188,31.66,231.98,A
3023,11.8827,11.1006,5.0176,3.3751,-1.2287,-0.664,55.86,423.34,B
3024,-3.4688,-0.5688,-1.9947,-3.9731,0.6205,0.0005,38.33,265.79,B
3025,8.6463,7.9357,-0.1211,-0.622,1.6106,1.2222,50.87,369.8,A
3026,-1.081,-1.6581,0.7565,0.8675,1.0427,-0.5382,44.82,324.71,A
3027,-10.859,-10.8297,-3.3913,-3.6122,-0.9455,-1.0159,32.51,202.72,D
3028,3.8632,3.9191,0.7106,-0.6669,-0.2623,0.7465,47.06,331.08,B
3029,-0.4141,-1.3066,-2.6684,-3.7723,-1.0788,-0.8836,37.55,274.44,C
3030,2.3427,1.1556,-1.16,-1.3056,0.6791,1.075,44.7,312.38,A
3031,0.0697,1.2469,0.5515,1.2872,2.692,2.7038,47.5,323.68,B
3032,4.6691,3.9606,-1.1028,-0.8374,1.5762,1.9683,47.16,356.45,A
3033,-4.9133,-3.9188,-1.2854,-0.3709,-0.0869,0.2372,35.47,298.84,B
3034,-6.104,-6.8815,-0.7543,-0.059,-1.2572,-0.4158,34.08,271.64,D
3035,-4.4035,-4.2897,-1.0502,-1.524,-0.7379,-0.2201,39.56,273.98,C
3036,7.8645,9.3879,3.5678,2.4532,4.7493,3.8356,54.14,415.24,B
3037,-5.3873,-6.4678,-5.5511,-4.3241,-0.2064,0.1059,33.42,215.12,C
3038,-4.7706,-3.7551,-2.3498,-0.2326,-1.4393,-1.7848,35.92,273.15,C
3039,4.2375,4.0074,-0.3889,0.0332,1.4736,2.2823,48.4,339.0,C
3040,-14.5062,-13.6494,-0.2024,0.4754,-2.722,-3.7567,26.72,161.81,C
3041,1.2365,1.4578,-2.5207,-3.0526,-1.4416,-2.1433,39.66,272.3,B
3042,1.5955,1.0699,-2.8456,-2.4018,0.4446,-0.3489,36.01,290.58,C
3043,0.1066,0.2813,4.4101,4.1322,2.6906,3.4223,49.57,397.06,C
3044,1.1091,-0.416,1.5641,1.5269,-2.1536,-2.2412,40.38,300.61,C
3045,-0.2412,0.1882,0.7289,0.9296,-3.2864,-3.0866,36.96,312.32,A
3046,-5.0384,-6.7546,0.2621,1.467,-0.9725,-0.8801,39.07,266.69,C
3047,-0.7326,-0.1235,-3.9718,-3.0258,0.905,0.3606,39.01,295.59,C
3048,-3.3582,-5.0747,-3.3126,-4.0502,-1.568,-2.7782,33.36,231.62,D
3049,-7.0705,-7.3187,-2.0349,-2.7006,-0.5952,-1.5723,32.75,248.31,C
3050,3.3932,4.8583,-0.1011,-0.312,0.7681,0.718,43.54,344.71,C
3051,-7.9052,-8.6703,-5.8903,-6.2169,-2.3177,-3.16,27.1,184.47,C
3052,-0.5648,-0.1334,-5.6735,-4.2931,-1.166,0.4563,35.42,260.32,B
3053,-1.8453,-2.4605,-6.7433,-6.496,-1.0569,0.4749,32.34,253.71,A
3054,0.5629,0.9466,1.1266,-0.6639,-2.6211,-1.82,41.17,283.55,A
3055,-5.2488,-4.0418,1.6773,1.2485,-1.8901,-1.2799,35.09,312.97,C
3056,1.8546,2.142,4.7282,3.9968,-0.5372,0.2234,47.88,340.0,C
3057,-10.6283,-9.7345,-3.7569,-2.7711,1.7172,0.7936,29.51,194.02,C
3058,3.5483,3.0399,-0.6803,-1.2913,2.631,1.6283,46.34,300.44,B
3059,5.417,6.1979,-1.4588,-1.9132,0.719,2.6977,49.91,338.04,D
3060,11.0055,10.6662,4.7796,3.6172,0.2447,0.8879,51.35,425.71,D
3061,4.0229,4.9302,3.722,3.3202,1.407,1.7954,50.54,393.66,C
3062,-2.8074,-2.4684,1.8552,1.5164,-0.5311,-0.8611,40.56,303.82,B
3063,-5.0029,-5.4563,-1.6486,-1.7184,-1.0496,0.019,35.45,257.7,B
3064,-8.1023,-7.484,-1.1388,-1.6436,-2.9188,-4.0574,32.29,238.72,D
3065,0.7003,0.7259,0.5623,-0.2058,1.4791,2.0135,44.98,313.64,B
3066,-1.4576,-1.6784,0.9793,2.0468,0.836,0.8882,43.23,349.21,B
3067,11.0339,10.3069,0.8685,-0.1053,-0.4227,0.848,51.97,383.16,D
3068,9.7149,9.6443,2.1458,2.8085,1.7787,2.7869,52.4,398.55,B
3069,-6.5006,-5.5397,-4.4117,-4.3449,-1.9279,-1.7301,30.9,209.24,A
3070,-0.1532,0.9006,-2.2389,-2.2033,-3.7069,-1.9358,37.47,296.47,C
3071,-7.5153,-8.3903,-4.1042,-3.7986,-2.6639,-2.3456,28.82,173.56,D
3072,-1.9793,-1.4682,-0.4402,-0.7493,-2.4926,-2.2155,34.88,268.6,C
3073,9.9482,10.1106,2.288,2.7966,0.9494,2.2591,52.37,388.56,B
3074,-3.117,-2.7195,-4.211,-2.8093,-1.1731,-1.073,33.23,253.97,D
3075,4.5781,4.7152,-4.4248,-4.8385,0.8396,0.9468,43.18,268.16,D
3076,-2.0318,-1.9264,4.501,4.6659,0.2539,1.3443,46.88,347.32,A
3077,-3.823,-4.2542,-1.2842,-0.1511,-1.0058,-0.6466,37.08,278.3,B
3078,-8.8963,-7.8771,-1.9597,1.0035,1.1382,1.267,35.29,267.43,D
3079,4.0876,3.4254,2.5766,0.9831,0.0814,-0.3905,47.9,347.56,A
3080,0.8639,0.1007,4.2932,3.9562,0.8251,1.8514,46.52,336.12,A
3081,7.4622,6.9052,2.4692,3.1092,0.0113,0.5384,50.66,386.44,B
3082,-2.2884,-1.9607,-0.6778,0.0993,-0.7513,-0.1367,39.12,287.7,C
3083,-5.4273,-6.8395,-4.6833,-5.0262,-2.2048,-1.1574,31.24,240.64,A
3084,-0.754,-0.4371,1.9203,3.3479,1.644,1.0686,43.1,343.38,D
3085,-0.8139,0.5096,2.7501,3.5884,1.0173,2.1075,48.56,328.02,B
3086,-0.5582,-1.7128,-3.6819,-5.2454,-0.4641,-0.2023,38.91,265.8,D
3087,1.553,-0.656,-1.6813,-1.7233,1.9767,1.8546,43.41,323.79,B
3088,-3.7152,-3.2417,1.3609,1.0981,0.52,-0.5433,38.15,288.67,B
3089,2.2348,3.4249,1.6814,1.1952,-0.0267,-0.1003,46.43,372.35,B
3090,4.2651,3.0902,1.7524,1.4696,-1.6709,-0.2229,46.55,341.52,A
3091,-1.7159,-2.4947,-2.7239,-2.1263,-0.4656,-0.1831,36.84,300.78,C
3092,2.6948,2.8821,-2.1067,-2.1575,-0.3138,0.0389,44.19,287.94,D
3093,2.9563,2.2193,2.5367,3.1152,1.409,0.9653,49.38,360.42,C
3094,-6.0899,-5.4192,-5.7034,-6.6432,-1.5836,-2.3625,26.91,195.25,D
3095,-1.3789,0.0219,1.7857,2.4063,0.4605,0.6728,44.14,339.24,B
3096,-1.0572,-1.0306,0.8025,0.3354,-0.7108,-1.7287,38.17,291.64,B
3097,1.3246,1.7884,-4.8315,-3.983,-1.6636,-1.2809,36.19,283.88,C
3098,-0.6649,0.5529,3.0746,3.542,0.5963,1.141,47.88,350.22,A
3099,-3.3041,-3.0828,-0.0086,0.7351,0.8525,1.2381,38.74,296.45,D
3100,-4.6807,-4.773,-5.6485,-3.3808,-0.4391,-1.2347,32.47,248.66,D
3101,1.2699,0.8388,3.1953,3.8388,0.2771,1.2659,47.03,357.22,A
3102,12.963,12.0976,2.6506,1.2906,0.0732,0.2399,56.83,401.58,D
3103,-0.0743,-0.2445,-1.8488,-1.0971,-1.9234,-1.8879,39.75,303.42,D
3104,1.5667,0.9231,1.543,0.8404,-1.3469,-1.6099,43.13,307.26,C
3105,-0.9349,-0.9342,1.8692,2.82,1.241,2.5336,44.23,354.64,B
3106,-1.9535,-2.1352,-2.6346,-4.2011,0.6458,-0.1324,37.05,264.37,B
3107,5.0465,5.0573,1.2195,0.7551,2.3138,0.6278,49.42,367.8,B
3108,3.6186,2.3282,3.818,3.5281,0.1691,1.5282,50.07,397.6,C
3109,8.299,8.206,0.0553,0.4937,0.6776,1.9326,53.62,389.2,A
3110,-0.4924,0.0068,-6.8786,-7.4926,-1.5649,-3.2424,29.87,234.03,D
3111,-4.3974,-3.3252,-4.4831,-4.4613,-0.9791,-0.4786,33.07,227.24,B
3112,6.8749,7.2535,2.0621,1.6821,1.2093,1.5818,48.48,376.46,A
3113,2.2929,2.1978,3.8049,3.3843,1.698,2.3322,49.94,381.57,A
3114,8.6284,9.3756,2.4358,2.3469,-0.0474,1.1621,54.38,386.57,C
3115,-5.3498,-5.3324,-6.1039,-5.904,-0.494,-1.4139,29.01,214.66,C
3116,6.6498,5.629,0.7664,0.0114,-1.5904,0.3889,46.21,326.41,B
3117,-12.3191,-11.1374,-1.7643,-1.6472,-1.5713,-1.7626,31.64,214.08,C
3118,-7.7412,-7.5095,0.1002,-0.1264,-1.8135,-1.731,30.84,253.34,A
3119,-4.8897,-4.9346,-2.0882,-2.0604,-0.7779,-1.3751,34.6,238.94,A
3120,2.023,1.4238,-2.6655,-2.2855,-2.0451,-1.4584,38.84,299.58,B
3121,7.2855,7.4712,-2.8976,-2.2438,0.8395,1.2377,44.7,334.22,A
3122,5.246,4.5922,3.107,2.4165,0.4515,1.1209,52.6,364.1,D
3123,7.1104,6.1916,1.1684,0.7335,-1.6423,-0.8203,46.42,361.68,A
3124,-2.8606,-1.5643,-0.4382,0.0762,-0.6038,0.4871,38.82,285.37,A
3125,-7.3729,-7.0378,-5.4995,-5.2442,-0.6635,-1.5868,28.02,214.98,A
3126,-2.0185,-2.2648,1.9583,1.0532,-1.3599,-1.6433,41.36,295.44,D
3127,2.376,3.9604,0.7532,-0.9583,2.1378,1.3849,48.93,342.4,B
3128,-3.209,-1.9247,-0.6116,0.4463,-0.0504,0.1662,41.21,289.14,A
3129,14.7509,13.2142,2.7055,0.9255,-1.3696,0.2987,57.24,404.38,C
3130,-4.301,-4.3743,1.5253,0.3561,2.5386,2.2918,41.65,300.08,A
3131,8.5703,8.1146,-0.1464,-2.4923,-1.0169,-0.6822,48.65,386.74,C
3132,-13.0165,-12.1313,-2.0561,-2.6855,-2.0333,-3.3854,23.02,212.84,C
3133,-4.2816,-5.1174,-1.9285,-1.7769,-0.5532,-0.9066,35.74,251.41,A
3134,-0.8204,-0.5967,-2.3129,-2.1648,2.5036,0.3586,38.76,284.98,C
3135,-2.5686,-2.8087,1.1275,2.0651,1.8049,1.4178,43.14,331.37,C
3136,-0.4544,0.6399,-3.4071,-2.147,1.26,0.7056,37.14,287.31,A
3137,0.1419,0.0094,-1.1258,0.3587,-0.9235,0.4181,42.89,301.96,B
3138,0.123,-0.8226,0.9066,0.2409,-0.7012,0.472,43.12,311.3,D
3139,-0.1434,0.8658,1.7144,2.7265,-0.7256,0.1723,38.83,316.71,B
3140,-1.8637,-0.6536,-4.6124,-4.1957,-2.1105,-2.2046,36.92,244.29,C
3141,4.4345,4.4538,4.1077,2.6344,1.5421,0.554,48.54,371.64,C
3142,3.0596,2.167,1.1276,1.3189,2.5694,2.7761,51.33,339.94,B
3143,-1.3552,-0.9701,0.6025,1.7494,1.106,0.3984,38.31,321.32,B
3144,-6.0569,-4.551,1.6995,0.6689,-0.0933,0.3408,36.76,286.15,C
3145,-10.3438,-11.0811,-3.9227,-1.8446,-0.6348,-2.5219,29.42,226.04,A
3146,3.3121,2.1373,-1.9513,-3.0472,-0.6999,-0.5366,38.28,278.96,A
3147,-7.7739,-5.7989,0.7131,-0.7788,0.8993,1.1332,37.76,279.25,C
3148,-4.525,-3.3299,3.9677,3.6422,-1.27,-0.1073,38.45,311.87,C
3149,5.7637,4.6381,2.5835,2.555,1.5005,0.9995,53.94,413.86,B
3150,7.3148,7.4202,1.4584,1.2693,1.3328,-0.1199,52.25,372.66,B
3151,1.7211,1.8336,0.8202,-1.1392,-1.6175,-0.8677,44.86,312.56,B
3152,-4.3631,-3.7217,-4.4507,-4.1796,-4.3239,-4.4674,25.28,237.1,D
3153,5.1971,3.4152,2.8169,3.9443,0.0488,-0.7781,45.54,356.4,C
3154,7.2522,6.0508,3.7708,3.7326,-1.3245,-0.1357,49.31,378.44,D
3155,-6.8594,-7.1518,1.0448,0.695,-0.1641,-0.067,33.76,255.37,A
3156,12.9982,13.2298,2.2315,1.1452,-0.1357,0.9818,55.86,394.2,A
3157,-7.225,-7.285,-0.1774,-1.3215,-2.2397,-2.319,32.17,238.9,A
3158,20.3711,19.1785,-0.2603,-0.5937,0.8409,1.8939,57.67,412.06,D
3159,-7.0691,-6.7508,-1.2607,-0.974,1.2034,-0.1103,36.72,260.37,D
3160,3.0386,2.6255,1.7149,0.8863,0.2451,0.8946,46.02,321.63,A
3161,1.7749,0.6327,-1.842,-1.3695,-0.0891,-1.2145,42.35,303.27,B
3162,3.7883,3.1516,-1.113,-1.2078,-0.4394,-0.2192,43.18,310.77,A
3163,-6.4378,-6.9123,3.5844,4.0846,0.1594,-0.8638,41.47,316.55,C
3164,5.7677,5.6751,-4.2718,-4.2323,-1.539,-1.8623,41.42,271.35,A
3165,0.1429,0.1254,1.7197,1.2471,2.4167,3.3948,48.65,345.02,A
3166,-1.8226,-1.1228,3.2798,1.9723,0.1935,-0.9599,42.87,323.82,C
3167,-9.6033,-9.9353,-1.2493,-1.4059,-2.3881,-2.5383,27.52,236.78,D
3168,-0.5189,-1.4147,2.3533,2.2223,0.8936,1.5461,42.52,351.39,A
3169,-4.2209,-4.1763,-3.6969,-2.7063,-1.3469,-1.1774,38.51,242.18,D
3170,-2.258,-1.9114,-8.4213,-5.6753,0.41,-1.4353,36.83,212.16,A
3171,-2.7114,-1.8205,-1.8495,-1.4616,1.0331,0.216,36.4,274.51,D
3172,4.4865,5.3013,8.6679,7.2643,0.855,1.1827,56.94,427.61,B
3173,-10.7184,-9.6953,-1.0484,0.0485,-0.6232,-1.6219,28.29,245.65,B
3174,-11.4286,-11.2531,-1.16,-1.9853,-2.6348,-1.8273,27.02,233.59,D
3175,3.166,2.88,-2.9012,-2.876,0.4369,-0.4895,43.79,309.97,B
3176,5.0807,6.3218,-0.9436,-1.6688,-1.1873,-1.1315,45.45,319.14,D
3177,-1.1096,-1.1827,-7.8129,-8.4857,-3.002,-3.492,30.4,200.2,D
3178,2.9069,3.2305,0.9422,0.1008,-0.4172,-0.0428,40.97,344.5,C
3179,7.0187,5.8597,-1.0136,-0.6418,0.317,0.6359,47.12,329.78,B
3180,-3.2375,-2.4989,1.5559,2.4703,-1.7766,-0.6762,37.42,298.89,C
3181,5.893,4.1347,0.0451,-0.8052,0.6879,1.3852,43.93,341.85,D
3182,-4.1933,-5.6188,0.3534,0.5787,-0.5043,-0.4691,38.46,270.67,B
3183,-2.1577,-1.7091,-0.593,0.1124,1.3462,-1.4498,39.88,303.15,D
3184,2.2414,3.3206,11.1846,8.4889,0.4492,1.8011,54.67,393.04,B
3185,-0.9621,-0.8512,0.3274,0.647,-0.8312,-1.5912,43.29,327.24,B
3186,-0.4126,0.0925,6.4868,5.2827,1.0512,0.3421,46.29,384.47,C
3187,3.4268,4.9757,2.7826,3.7865,1.8265,1.2772,50.16,373.57,B
3188,9.7762,10.4571,1.7601,0.6357,1.6412,1.0838,50.61,382.42,C
3189,-2.6792,-2.4107,-0.7438,-0.4489,-1.9952,-0.9624,37.55,282.06,B
3190,13.2234,13.2277,4.1446,2.9278,2.1585,1.4027,55.2,415.42,D
3191,-7.0063,-6.5952,-3.2469,-2.8112,0.2292,-0.708,32.61,232.83,A
3192,-2.4729,-1.7769,3.0607,3.6146,2.3531,2.0096,47.69,335.2,B
3193,-3.4782,-5.5649,5.4135,4.3898,-0.3515,-1.2891,39.57,318.6,D
3194,-8.3771,-7.8721,0.0482,-0.3303,0.5705,-0.1226,31.92,253.86,D
3195,4.438,3.9008,-2.2572,-0.7241,-0.3241,-0.5761,40.74,300.69,B
3196,-9.3641,-10.5882,-2.1811,-2.9065,-3.5261,-3.5881,28.51,178.78,D
3197,-9.2991,-7.8298,-0.3034,-0.2031,-1.6101,-1.5533,31.61,254.35,B
3198,-0.3499,0.524,-3.4145,-2.7183,-1.0234,-0.7188,38.94,287.39,B
3199,-5.2206,-5.6149,1.5827,2.1789,2.4772,2.9863,40.25,304.36,B
3200,-6.9314,-6.1528,-0.6212,-0.3695,-1.9718,-1.3304,35.71,261.15,A
3201,-4.3514,-3.7573,-2.1637,-1.4958,-2.0089,-2.019,33.68,248.28,C
3202,9.7484,8.7188,2.4603,1.3272,0.446,0.5842,53.1,398.9,C
3203,0.1928,1.2189,1.6304,1.713,0.94,1.8046,47.82,346.06,C
3204,-4.1854,-4.8119,-2.3751,-2.0761,1.1936,1.6135,36.57,282.69,A
3205,-0.7852,-1.1813,-3.4757,-2.7779,1.542,2.0853,39.02,293.45,A
3206,-2.2733,-2.7904,1.6994,0.7387,-0.5013,-0.361,38.99,294.88,B
3207,-5.157,-4.5663,-6.5487,-4.9782,1.1018,-0.2997,30.49,189.88,B
3208,-3.0794,-3.6096,-2.7273,-2.7872,-0.1207,0.6436,36.52,247.6,C
3209,-0.6567,-1.8051,-6.1762,-5.0553,-1.4497,-1.1873,33.89,245.81,D
3210,-2.6911,-1.8807,1.3712,0.7262,2.0552,0.4738,46.93,304.32,D
3211,-5.3983,-4.9569,-1.3112,-0.2429,0.9544,0.118,33.25,265.01,B
3212,1.8961,1.3826,0.009,1.0631,0.6677,-0.0968,46.19,333.65,C
3213,2.5248,1.3115,1.9382,1.1959,-0.0677,-0.0751,42.6,320.48,A
3214,5.0077,4.1731,3.355,4.5242,-0.8083,0.844,47.6,400.29,A
3215,-1.6995,-1.7909,-1.7186,-2.278,-2.3696,-1.7983,35.92,273.29,C
3216,-0.2656,-0.8349,-5.8917,-6.5095,-1.7894,-1.5621,34.89,246.72,C
3217,-0.9778,-1.1056,-0.4934,-0.645,-0.9335,-1.7637,41.89,299.45,B
3218,-11.216,-10.7798,-2.9915,-2.1106,0.8532,-0.7757,27.38,241.56,D
3219,-1.0412,-2.5558,-2.5486,-3.3973,0.4016,-2.378,37.3,267.93,C
3220,-7.8933,-8.0214,-4.031,-3.2826,-1.3471,-2.2749,30.92,204.77,D
3221,9.7521,9.3055,0.3757,0.6911,1.1021,2.0948,52.35,377.66,A
3222,-11.5469,-11.4435,-3.7997,-3.8875,-0.0235,-0.5185,30.9,197.71,C
3223,2.3807,2.5939,-1.284,-2.143,-0.2918,0.7192,41.76,330.18,A
3224,4.0352,2.7476,-1.1191,-1.4517,-0.4816,-0.9867,41.93,320.55,D
3225,-2.3468,-1.998,3.1811,2.4544,-1.0979,-0.3355,40.48,283.48,B
3226,0.3646,0.558,0.0126,-0.7502,0.4619,0.1095,40.2,282.38,B
3227,2.1606,1.6582,-0.2096,0.1837,-0.7939,-0.1868,42.83,316.66,D
3228,12.6745,14.6196,4.3917,5.0222,1.8115,1.5987,60.0,442.79,D
3229,-3.31,-3.4609,1.5774,1.8728,0.4528,0.2583,39.67,286.36,B
3230,2.7752,3.9316,0.3952,-0.7293,-2.3475,-2.2134,42.99,328.8,D
3231,5.6371,5.6191,-1.0014,-1.7297,1.5795,1.7433,46.26,330.36,C
3232,2.954,2.0839,3.1724,4.3939,0.5886,0.4945,47.28,360.49,C
3233,-1.1167,-1.2965,-0.529,-0.9524,0.8884,0.1043,40.83,311.84,B
3234,-2.1391,-1.5591,0.8426,0.9925,2.6326,1.3429,44.38,339.95,B
3235,-6.3383,-4.9854,-0.3493,0.7736,-1.5436,-1.0511,34.3,298.2,D
3236,-3.7318,-2.0586,-3.3364,-2.0516,0.1202,-1.6779,40.19,273.86,B
3237,-0.315,0.2628,0.4056,2.2485,-1.6727,-2.6157,40.85,305.47,D
3238,1.314,1.4973,-0.0182,-1.005,-2.3761,-3.0836,43.74,318.21,D
3239,3.1048,3.6013,3.9392,3.2125,0.7611,0.3732,46.45,368.5,C
3240,-12.4092,-11.8494,-7.2473,-5.1503,-2.3681,-2.8318,21.94,183.05,D
3241,5.3193,6.2037,-2.1432,-1.7633,0.0025,0.2536,44.2,304.7,A
3242,3.5448,2.7643,-0.3193,-0.4871,1.01,0.66,48.67,352.29,B
3243,-13.7895,-14.0696,-1.6255,-1.218,-0.101,-0.2191,24.26,177.56,A
3244,-1.8444,-0.9239,-0.9611,-0.3273,1.3677,0.8343,39.29,310.91,B
3245,-1.319,-0.7615,-2.7579,-2.2166,0.1295,-1.2577,42.36,291.92,A
3246,8.2682,9.2451,-1.0758,-1.3571,1.5354,1.6751,45.96,345.65,C
3247,2.4141,2.9116,1.622,1.5696,0.2202,0.2028,43.26,345.79,D
3248,-10.4589,-8.7047,-0.997,0.2355,1.6106,1.0818,35.45,236.26,B
3249,2.7886,1.9863,-5.4931,-5.7107,0.0333,-0.9062,38.03,253.46,A
3250,12.9487,11.1802,3.6367,5.1831,5.1503,4.6573,59.32,431.44,D
3251,4.926,2.4373,1.2381,0.711,2.952,3.5034,49.79,369.19,B
3252,-9.9527,-8.1807,-0.3474,-0.4058,-0.9546,-1.4259,33.36,254.15,C
3253,1.2802,2.424,-0.5129,-0.2833,-0.0809,-0.3049,38.69,326.62,B
3254,-4.1296,-4.2131,0.9962,0.6849,0.2874,-0.3135,39.64,314.22,D
3255,4.2349,4.0921,3.1299,2.5588,-0.1568,0.3688,50.8,348.54,A
3256,-11.0974,-9.7426,-6.1366,-4.7882,0.4565,0.0007,26.75,221.62,C
3257,-6.2668,-7.1714,-4.1063,-4.9626,-2.4095,-3.1289,28.36,202.72,C
3258,-0.1556,-0.1642,-2.3131,-1.1948,-3.6244,-3.3291,38.71,279.52,D
3259,-4.3427,-4.0235,-3.9019,-3.2215,-1.2899,-1.4929,29.9,238.26,C
3260,3.8121,4.0909,3.4281,2.1508,-0.2522,-0.5392,46.7,359.82,C
3261,1.289,1.9336,-1.8704,-2.4156,1.6009,0.8411,43.61,318.36,B
3262,-3.9938,-3.1853,0.3551,0.6583,1.8205,0.2751,39.66,289.71,B
3263,-3.687,-2.6112,1.4671,0.8825,-0.7488,-0.409,41.53,268.12,A
3264,4.5163,5.227,-1.6511,-1.3645,1.1077,0.3262,41.36,315.71,B
3265,-1.7072,-3.167,-2.2633,-1.1205,-0.3967,0.0733,40.32,284.06,D
3266,-6.7774,-6.4904,0.2573,-0.0713,0.1484,-0.1905,35.85,274.68,D
3267,-5.6058,-4.5769,-1.5675,-1.1528,-1.5051,-1.4187,34.44,252.14,A
3268,0.452,1.7045,-1.4611,-2.2893,3.163,1.2894,44.05,306.67,D
3269,-0.6818,-1.1583,0.0246,-0.2343,-0.3171,-0.7391,41.19,291.82,C
3270,3.4371,3.3259,2.5773,1.8382,1.7265,2.183,49.02,362.52,B
3271,7.7881,7.1509,-1.5625,-2.1033,-0.5464,-0.3862,45.13,317.1,C
3272,0.4675,1.5528,-0.7935,-0.9942,-0.9609,-1.2519,41.22,296.0,C
3273,0.784,1.5008,-4.9631,-4.7881,-1.2344,-0.8706,37.86,256.71,B
3274,6.1946,5.737,-0.1387,-1.0294,0.0965,-1.6511,45.4,343.57,C
3275,4.0146,3.9725,3.3195,3.716,-1.6019,-0.7145,44.76,359.71,B
3276,-0.4623,-2.8457,-0.1981,0.7084,2.0069,0.9776,45.86,316.65,D
3277,-4.4023,-5.0226,-1.1936,-2.6173,-2.6985,-2.0514,35.3,254.96,C
3278,5.3459,5.1396,1.5088,0.8768,0.402,0.7239,45.85,342.14,D
3279,-2.4496,-2.1735,1.8814,2.8303,1.4879,3.0081,42.51,316.63,B
3280,0.4628,0.2804,1.1769,1.8635,0.6751,1.4426,46.55,358.43,D
3281,-5.3644,-4.6888,3.583,2.7259,-2.6992,-2.3956,40.66,331.35,D
3282,1.2774,2.8551,3.0181,3.1542,2.2306,1.3261,48.69,356.64,A
3283,-3.9373,-3.1072,-1.7181,-1.8456,-0.2386,0.2719,35.02,273.54,A
3284,-5.7184,-5.9713,-5.6858,-6.2156,-1.0736,-1.9643,32.75,224.04,B
3285,-1.4117,0.0076,-0.4906,0.3278,2.6121,0.8463,45.1,294.43,C
3286,7.6583,6.0882,3.5307,2.4393,2.2145,2.8378,51.69,403.62,A
3287,-0.29,-0.0797,0.4029,-0.7568,-0.075,-0.5288,40.79,351.81,D
3288,-0.7085,-0.0929,3.2213,2.7818,2.5902,1.9805,45.36,345.99,D
3289,5.1044,3.9595,4.8227,2.5082,2.2847,1.7687,52.58,403.04,B
3290,-4.5324,-4.8706,-3.5325,-4.5799,0.5873,0.591,30.0,256.84,C
3291,0.963,2.5483,-0.5641,0.3829,-1.3313,-1.5601,43.94,341.28,C
3292,2.7282,2.1994,3.1322,2.6032,2.9428,3.6173,47.85,378.46,B
3293,9.1765,9.3807,0.3482,0.3639,0.6517,0.4774,50.03,359.91,B
3294,2.8558,2.702,-0.624,-0.1978,-1.7393,-2.4839,40.12,318.26,D
3295,6.9325,6.7749,3.2859,2.9345,-0.1203,0.4437,50.64,362.07,A
3296,3.1537,2.5079,4.4847,3.4448,1.8448,0.5635,50.43,387.18,D
3297,-2.4475,-2.3402,-3.5364,-1.8921,-0.6689,-0.3753,36.13,292.63,D
3298,9.4726,10.1518,7.0503,6.4938,1.9606,2.6327,59.92,443.23,D
3299,-1.2455,-2.8851,-5.0063,-4.6169,-1.5991,-1.9877,31.81,244.94,B
3300,-4.6752,-5.2829,-4.5288,-3.3361,1.5714,-0.1181,34.32,267.57,B
3301,-4.2081,-3.9936,-1.2855,-0.1455,-0.3249,-1.0978,38.99,246.72,A
3302,-2.8773,-3.1768,-3.1423,-3.5507,-0.7731,-2.0388,36.97,257.08,A
3303,0.7859,1.4605,-0.1825,0.3845,0.5671,0.9256,44.5,328.05,A
3304,2.1273,1.6649,1.1738,0.4684,-0.6682,1.1292,43.74,317.41,A
3305,-5.1212,-5.5055,2.4416,2.8191,1.7833,1.9183,41.67,313.98,C
3306,3.4263,4.2818,-0.4863,-0.472,1.6894,1.1998,49.13,324.2,D
3307,0.8781,1.512,-3.1048,-0.7663,3.3367,1.6084,44.0,337.33,B
3308,7.4218,8.7285,1.9129,1.3525,-0.4749,0.6667,50.98,373.38,A
3309,2.0612,1.4677,-1.8511,-0.3133,-0.0345,-0.722,45.85,328.39,B
3310,9.7183,9.6005,3.6798,2.4726,0.2915,-0.0486,56.29,390.49,D
3311,5.7129,5.5788,2.9625,2.9943,-1.0779,-0.407,47.17,370.22,A
3312,1.4598,0.9986,3.1001,2.477,2.3153,1.1189,47.34,373.09,C
3313,1.0241,0.9644,2.9634,1.2055,0.3801,0.2541,46.18,357.83,A
3314,-4.2564,-3.7578,-2.2267,-1.5317,0.3413,-0.5948,40.6,223.26,D
3315,7.7204,8.353,3.1148,4.0562,-1.2612,-0.6199,54.47,424.86,B
3316,1.999,1.1691,-4.0928,-3.8592,0.1657,-0.5475,40.3,287.65,B
3317,-3.4144,-3.9814,-2.24,-0.8024,0.1082,0.6124,38.83,272.68,A
3318,-4.2897,-4.5556,-2.47,-0.2329,-0.0178,-1.4119,35.27,289.26,B
3319,-3.2438,-2.6589,1.5193,0.865,-3.0506,-2.4513,38.05,289.02,A
3320,8.3934,9.6797,3.0459,2.2367,-0.5414,0.081,53.06,364.23,D
3321,4.4793,2.7699,4.5989,4.7276,0.6604,1.8574,49.65,384.64,A
3322,0.5438,0.501,3.5983,2.8565,1.7798,1.189,46.11,356.97,A
3323,-7.1927,-7.6522,-0.1101,0.6128,1.4463,1.8223,40.84,282.82,B
3324,0.4664,1.0106,3.3934,3.293,0.0417,1.635,49.5,347.29,D
3325,-3.186,-2.9037,-0.8306,-1.4979,-0.6048,-0.2903,36.61,254.68,B
3326,-2.8157,-1.7096,1.0166,0.376,1.4493,0.6225,41.59,294.59,A
3327,0.8336,0.3519,-6.399,-5.9629,0.3155,0.3971,35.86,220.82,C
3328,4.1169,3.8562,-4.7883,-2.7922,-0.6521,-1.4834,42.87,262.5,C
3329,-1.0376,-1.4224,1.7866,2.2855,-0.2305,1.117,43.45,324.26,B
3330,-3.1254,-3.1491,1.107,1.1837,-1.3093,-0.7669,39.55,293.27,B
3331,5.107,3.3911,1.8255,2.5831,0.83,0.6009,49.43,369.24,D
3332,-5.13,-6.1099,-1.1639,-1.2153,0.5873,-0.151,38.31,269.06,B
3333,6.0081,5.8871,2.242,3.0034,0.1983,1.1826,48.68,369.07,B
3334,-9.2871,-9.8485,-4.283,-4.0879,-0.9189,-1.9457,27.94,232.12,B
3335,4.1612,5.2541,0.5264,0.9793,1.4177,0.4718,46.59,325.1,B
3336,-2.09,-1.5316,1.6859,2.4454,1.8777,1.9688,44.41,325.46,C
3337,1.4729,0.0723,-0.3162,0.1257,-1.6807,-1.9596,41.45,311.73,A
3338,3.8928,4.7408,-0.0038,-0.6998,-0.6967,0.3146,44.73,319.91,B
3339,-1.5001,-2.3323,-7.1981,-6.9191,-1.3773,-2.4309,28.86,185.39,A
3340,2.5958,3.3662,0.963,0.5172,-0.0275,0.2644,43.72,325.19,C
3341,-14.1146,-14.7181,0.7488,-0.2105,0.9387,0.7399,31.39,243.26,A
3342,-6.6431,-5.8897,-1.2967,-2.3014,0.2039,-1.5427,35.72,256.3,C
3343,6.5233,5.63,1.3467,2.528,2.4295,1.2275,51.91,379.5,A
3344,-1.0553,-1.7865,-1.5494,-1.1663,1.1848,0.5063,44.09,324.84,C
3345,-1.8636,-1.703,1.2858,0.0362,-1.3933,-1.2646,37.4,284.01,C
3346,-2.4183,-3.3738,-1.4058,-0.609,0.3876,-0.5308,36.42,268.56,B
3347,3.4312,3.5804,1.2818,1.6125,2.2455,3.0924,45.64,339.34,A
3348,5.6824,6.1506,5.164,3.9071,-1.2621,-0.3664,50.75,364.34,B
3349,-8.7768,-8.4135,-7.8798,-5.9952,-1.4131,-2.545,29.56,184.21,A
3350,-1.1874,0.2736,1.9951,1.1234,0.8322,-0.0497,41.42,336.58,C
3351,2.1364,2.3373,5.0234,3.7151,0.0841,0.0537,45.17,379.32,C
3352,3.9319,3.2762,3.5386,3.2178,-1.479,0.4847,48.48,370.41,C
3353,-2.2281,-1.9437,-1.6224,-0.9085,-1.7193,-2.5828,36.52,260.44,A
3354,-0.3942,-0.9581,-0.1906,0.6091,-0.863,0.484,41.05,303.25,A
3355,9.2211,8.5244,2.5788,2.2887,-2.7981,-1.7007,52.84,388.22,C
3356,3.561,3.0355,-4.3256,-5.2541,-2.9472,-3.5813,36.24,254.79,C
3357,-1.9624,-0.6695,-1.9841,-1.9108,-2.327,-1.935,39.47,271.92,D
3358,3.9626,2.7723,0.516,1.0565,2.3477,1.9189,44.68,314.77,B
3359,4.2611,2.2935,1.7452,0.6944,0.9964,1.0325,46.46,359.04,A
3360,-5.2609,-2.9072,-1.653,-1.6933,-0.6547,-1.6016,38.92,240.66,B
3361,4.5915,3.9183,-0.9162,-0.264,-0.5868,-0.7088,43.78,341.8,D
3362,8.2263,6.9507,-1.6388,-3.4574,-1.7449,-1.3042,46.57,328.14,D
3363,-2.3061,-3.2586,-2.521,-2.1556,-0.1666,-0.4707,35.63,280.35,C
3364,1.3719,1.5326,-0.1599,0.2314,-1.7082,-1.876,42.09,323.38,C
3365,-6.5715,-6.0948,-1.8619,-2.09,-0.9154,-0.3835,32.88,237.5,A
3366,-4.2691,-5.4881,-2.4345,-1.1183,0.1626,-0.4728,35.86,268.54,B
3367,1.7348,2.4629,4.2045,4.7397,2.8254,3.1104,54.58,342.54,D
3368,0.9088,1.1031,-1.9789,-1.3116,0.8063,0.6096,39.31,304.05,C
3369,0.0001,0.5373,2.3363,2.886,2.0759,1.9128,45.6,364.54,D
3370,-0.4911,-1.104,3.035,2.9153,1.088,2.0204,42.94,318.33,D
3371,-10.5634,-11.1775,0.2207,1.7376,3.0916,1.0192,32.13,286.1,C
3372,-1.7119,-2.3168,-3.5574,-3.6362,-2.5146,-2.6251,39.13,238.82,A
3373,-1.4322,-1.2632,-1.8989,-1.6458,-0.4921,-0.9818,38.0,268.28,D
3374,-2.4414,-2.2273,1.2591,1.8119,0.6739,0.5925,43.71,317.56,C
3375,-4.0538,-3.8952,0.1178,0.0842,0.0148,-1.0096,37.64,283.88,A
3376,-5.9898,-5.4633,-0.4016,0.2365,-1.4175,-1.617,36.28,267.44,A
3377,0.8724,-0.5458,-3.6326,-4.216,-0.6079,-0.5409,41.6,273.58,A
3378,5.7342,6.447,1.2221,0.3331,2.9526,2.2375,50.87,364.43,A
3379,-0.5505,0.2889,0.3426,0.8645,0.8408,1.1368,44.55,332.69,D
3380,-2.3961,-2.6322,2.6795,4.0488,1.6865,1.2224,43.67,315.97,A
3381,4.3433,3.329,-0.4282,0.4128,1.4201,1.652,44.54,329.57,A
3382,-8.4259,-7.2744,-2.2507,-2.3822,-1.7401,-2.4325,32.71,252.65,B
3383,-3.5834,-3.6806,-1.8555,-1.1322,1.0273,0.053,35.97,280.09,B
3384,-2.7707,-2.9064,-3.7287,-3.626,-0.8206,-0.0946,35.06,240.35,B
3385,-3.7712,-3.5488,0.2534,-1.1458,-2.7255,-3.1308,37.5,280.9,A
3386,0.6122,0.961,2.0008,0.3616,-0.7738,-0.766,39.44,312.23,B
3387,-7.6616,-7.962,-2.6937,-2.1479,-0.0529,-0.1549,31.78,245.85,B
3388,-1.2693,-2.0942,-0.2231,1.0819,-0.0885,-1.5258,40.07,284.28,C
3389,-0.8132,-1.0328,-3.4364,-2.2144,-1.0729,-1.1902,35.78,281.06,B
3390,2.7886,4.516,3.3761,3.2937,0.0243,0.0648,50.91,365.74,C
3391,-6.2547,-6.9607,0.6794,0.0954,-1.0618,-1.0923,34.52,242.94,B
3392,-3.5948,-4.0085,-4.4136,-2.507,-2.2687,-1.7041,32.42,238.75,A
3393,9.4754,8.0625,3.9749,1.7219,0.1808,0.5713,53.48,361.6,C
3394,8.3696,8.2175,0.0065,-0.0626,0.6162,-0.1799,50.7,338.48,B
3395,4.341,3.7854,2.146,2.3573,1.6859,1.7216,51.99,377.05,A
3396,-3.8917,-4.3917,1.0498,1.7154,0.2948,-0.0226,40.0,305.59,D
3397,-7.6126,-7.9803,-2.3571,-2.4752,-0.2425,0.1881,36.16,272.17,B
3398,0.2443,-0.1856,-3.7247,-3.1138,-0.0149,-0.2013,39.3,277.54,B
3399,-9.2409,-8.7683,-3.7073,-3.4188,-2.0898,-2.4727,29.04,217.63,A
3400,-5.3544,-5.1073,0.6628,0.0497,1.9874,0.0974,39.13,281.82,C
3401,7.5353,7.7206,0.5329,0.9901,0.2259,0.0317,47.69,372.14,D
3402,-2.8146,-2.7003,-3.2187,-2.9937,-1.6106,-1.2622,39.06,235.14,B
3403,1.8395,2.6806,2.0601,2.7489,-0.9898,0.4489,45.0,356.09,C
3404,5.5678,4.9959,0.8289,0.0226,-0.1807,-0.166,45.71,356.22,C
3405,1.0327,1.7966,1.4997,1.8204,1.4128,1.1923,44.29,326.45,B
3406,0.7776,0.0596,-2.9191,-2.352,0.5366,-0.2962,41.01,300.87,B
3407,-3.6907,-3.5472,-0.313,-0.7723,0.1765,-0.3231,37.09,289.13,C
3408,7.4948,6.4442,-3.2962,-2.588,-0.724,-1.0838,45.23,296.81,D
3409,-4.5126,-4.331,0.2738,-0.6267,-0.9085,-0.6425,40.38,266.18,B
3410,8.7312,9.4016,2.824,2.2472,0.6502,2.2945,52.84,403.16,A
3411,-6.3101,-6.3681,-3.492,-2.404,0.2895,0.303,35.39,245.3,D
3412,-2.1728,-1.4993,2.6686,1.6497,2.3619,-0.0586,42.98,316.94,D
3413,-6.4454,-7.0232,-3.815,-3.0093,-1.1591,-1.7273,31.69,219.66,D
3414,-2.8729,-2.4244,-1.6418,-0.9493,0.1512,-0.4273,41.33,294.23,B
3415,-3.9135,-3.1244,1.7134,3.2507,0.9599,0.9284,41.11,323.08,D
3416,9.2189,8.4494,3.7585,2.6358,1.7877,1.4162,52.72,397.12,B
3417,2.2129,2.7077,1.4987,0.0467,1.1167,0.8293,47.71,305.76,D
3418,-0.8641,-2.0571,-0.1183,0.4219,1.973,1.2078,41.7,285.07,B
3419,-1.7862,-1.1984,0.6479,1.5473,0.0634,-0.7563,44.28,323.48,A
3420,7.7054,8.2787,3.0533,1.045,-2.9856,-1.6992,50.64,354.83,A
3421,3.5815,4.7312,5.8744,3.5385,0.9902,2.4325,52.75,393.7,B
3422,-6.9381,-6.3601,-0.5425,-1.1219,-1.8843,-0.5169,31.37,247.64,D
3423,10.7907,10.5409,4.3096,2.6725,-0.0873,1.2811,53.26,408.1,C
3424,3.0844,2.5434,0.7375,0.8527,-0.1057,1.4592,43.33,347.12,A
3425,-6.9362,-5.2533,-3.7678,-3.5772,-1.3005,-1.7167,32.23,204.64,C
3426,-4.781,-5.2819,5.9201,4.3951,0.9025,0.4006,43.52,321.99,C
3427,2.9334,3.0481,-5.129,-4.5859,-2.2138,-2.7669,40.32,257.85,C
3428,0.3311,1.0043,-1.4368,-0.6781,-0.8695,1.0568,43.09,319.85,A
3429,-10.4526,-11.0567,-2.427,-2.1012,-2.9395,-2.881,30.31,198.69,A
3430,0.9181,0.3578,3.578,2.0088,1.128,0.682,46.5,326.58,B
3431,-3.2549,-3.8194,-5.3117,-5.0219,-0.0928,-0.1196,34.59,254.1,A
3432,2.5292,1.3502,-0.1606,0.4447,1.9959,0.9609,43.19,334.94,D
3433,-2.3624,-1.6557,0.0382,0.2737,2.1426,1.1381,40.96,325.9,B
3434,-3.0695,-1.7783,-0.0826,0.865,-0.5967,-0.6868,37.97,274.32,A
3435,-0.1374,-0.8969,-5.4476,-5.0948,0.0707,-0.6527,34.67,252.77,B
3436,-3.7736,-4.6618,-1.2361,-0.5166,0.5022,-0.3446,41.52,267.32,D
3437,6.1302,6.5578,1.3394,0.1057,-1.0434,-0.6078,49.71,360.46,A
3438,4.1734,2.3984,-0.438,1.0355,2.2747,2.019,44.32,346.52,B
3439,-0.0486,-0.5184,-2.6776,-1.0699,0.2679,0.5574,41.37,257.45,D
3440,-3.0756,-2.6185,0.3077,2.7761,-0.374,1.1417,42.44,316.29,D
3441,5.2751,5.3115,-0.3946,0.0561,-1.5122,-0.4079,46.9,346.84,A
3442,-7.1811,-7.5746,-2.3404,-2.8631,-3.0645,-2.8159,30.67,229.85,B
3443,-8.7271,-7.6527,1.4511,0.9766,-1.5937,-1.7399,35.93,269.91,A
3444,6.8423,7.1666,1.4941,0.6089,1.4574,0.9893,47.28,376.56,D
3445,5.0459,5.3634,2.4774,0.2177,-0.8918,-0.8943,46.11,344.13,C
3446,-3.8593,-4.7892,1.706,2.777,0.6161,0.4339,41.76,299.33,C
3447,-9.743,-9.3148,-1.5447,0.5128,0.9993,0.4312,34.0,272.22,B
3448,1.8542,2.0981,1.418,0.7449,-0.7275,0.5544,50.6,338.94,D
3449,-6.9585,-7.1547,-5.3301,-2.724,-1.6609,-1.6897,28.95,203.76,A
3450,-6.1205,-5.7109,-4.8657,-3.0657,-2.3124,-3.1616,31.53,212.76,D
3451,-2.9113,-3.2641,3.4712,4.0713,-1.734,-1.41,42.75,304.55,D
3452,5.0205,3.1744,1.7814,1.0181,-0.9654,0.4753,44.95,349.76,D
3453,6.1375,6.9833,0.1628,0.0697,1.6832,1.9606,52.75,366.81,B
3454,-6.0148,-5.0948,-3.4504,-2.6222,-2.6941,-1.3339,33.32,238.61,B
3455,-8.5491,-8.3259,-4.7957,-4.2088,-0.4755,-0.4469,30.26,228.26,A
3456,-4.001,-3.7873,-2.823,-2.4199,-2.0191,-2.5297,32.24,254.56,D
3457,6.4952,6.8614,-2.5797,-2.6051,1.1043,0.8092,47.14,354.14,D
3458,-0.9576,-1.2762,1.2314,0.4707,-0.4864,-0.4525,40.26,328.02,B
3459,-2.0175,-2.8325,0.3428,0.3363,1.3183,1.7828,39.43,305.17,C
3460,-5.2541,-5.4106,-0.1423,0.7178,-0.4058,-0.001,39.34,287.14,B
3461,8.2943,7.517,0.3637,0.02,1.8382,1.1606,52.6,376.82,D
3462,-3.4621,-2.9919,4.6477,5.09,1.4091,2.4475,46.95,376.86,A
3463,2.1465,2.7761,1.86,1.4362,-0.438,0.3948,49.74,321.92,C
3464,2.0913,3.2019,-3.6738,-4.5291,-1.898,-1.4682,38.55,288.06,C
3465,11.4521,10.1769,3.5933,3.1093,1.9449,2.4733,59.58,438.59,B
3466,1.1596,3.4473,1.5318,1.0284,-1.9224,-1.2943,45.34,329.88,A
3467,2.3164,0.6163,0.1622,-1.8445,-1.9298,-1.2122,45.29,309.37,C
3468,-5.7516,-4.955,2.5386,1.5694,0.6357,-0.0303,40.31,311.06,C
3469,-4.1768,-3.9479,-0.236,-1.6,0.0961,0.0222,38.32,290.01,A
3470,2.4685,2.71,0.469,0.169,1.6201,1.5479,44.07,335.22,D
3471,-0.8073,-0.6784,3.7758,4.9825,1.9436,2.0234,48.41,362.1,D
3472,-13.0519,-11.7248,1.1758,0.4124,-0.3185,0.1905,31.05,249.02,A
3473,0.7906,0.4689,-2.87,-1.9914,-0.0304,0.0412,37.91,291.63,B
3474,14.4747,13.6587,2.933,1.9738,-2.1647,-1.3744,58.16,420.06,C
3475,0.9945,-0.2914,-5.2058,-4.6709,-1.947,-1.4346,36.54,249.94,D
3476,0.3463,1.3222,-0.3275,-1.2984,-3.3851,-3.1138,38.34,265.44,D
3477,4.2924,4.9845,2.0098,0.3889,0.2423,-0.0423,46.62,337.89,C
3478,-4.9382,-4.3862,-1.2362,-0.7411,0.1802,0.7185,37.73,278.76,C
3479,4.8137,5.1812,-2.1493,-1.6636,0.3332,0.2657,45.89,319.73,B
3480,-2.1012,-1.4388,-4.3641,-5.019,-2.1595,-2.3026,36.55,209.09,A
3481,-5.9045,-6.7371,0.9611,1.0632,2.4132,2.7258,37.52,292.52,D
3482,6.2684,6.9248,3.2578,3.4511,2.7303,3.0398,52.99,382.37,C
3483,-2.1749,-2.5385,-3.1443,-3.0989,0.134,0.4422,37.21,290.15,A
3484,5.6469,5.9434,6.3811,5.7064,0.9491,3.7473,53.35,404.46,C
3485,12.1039,11.3675,3.4153,3.6036,-2.2012,0.6826,51.59,423.9,A
3486,3.4278,3.4012,-1.4572,-1.5155,-0.3904,-0.5628,40.89,313.21,A
3487,9.5454,9.1819,3.1268,2.0721,2.1713,2.2082,56.59,406.35,D
3488,3.9529,4.8591,4.7517,3.9166,2.7171,2.6108,51.01,385.82,B
3489,-2.5537,-1.9305,0.314,0.6282,-0.9948,-0.9452,39.04,303.49,A
3490,4.9376,4.1993,-1.3455,-1.2699,-2.4172,-2.6808,42.74,300.25,A
3491,-1.0701,-2.4758,-2.6036,-3.0835,-2.8196,-3.2169,35.4,259.21,A
3492,8.8404,8.5375,4.4219,4.0361,1.7167,2.6074,57.55,418.63,C
3493,3.555,4.2737,0.5108,0.1122,-1.2154,-0.0594,49.48,325.35,D
3494,3.0172,3.7167,1.9238,3.0396,-0.0369,0.5641,48.52,357.63,A
3495,1.4862,2.001,3.3691,1.9015,2.9649,2.1903,49.43,382.8,A
3496,-1.544,-2.6039,-2.0344,-2.7626,0.2769,0.3083,39.84,259.04,A
3497,0.6673,0.4538,1.0348,-0.1433,-0.1001,-0.0309,41.62,336.82,D
3498,10.1957,9.9006,-2.0108,-3.0482,0.0096,1.1444,50.83,362.5,B
3499,-1.3206,-1.3492,-4.6768,-3.6075,-1.1841,-1.4554,35.36,240.02,B
3500,8.4751,8.8813,2.0766,0.7237,-0.1414,2.3598,52.11,382.51,C
3501,3.7447,1.9815,-0.0336,-0.5297,0.0407,0.7071,44.07,322.76,D
3502,-7.992,-8.8755,-2.7178,-1.7228,-2.8156,-3.6431,30.11,218.28,C
3503,-8.547,-7.6996,-1.8504,-1.6709,1.0846,0.0408,35.5,249.75,C
3504,-2.9657,-1.8584,4.7703,3.8122,0.0017,0.3606,44.92,338.78,A
3505,-6.7468,-5.6855,-1.9669,-2.2538,0.9255,-0.0818,38.28,245.8,D
3506,4.0298,3.6895,-3.4233,-4.1418,-3.4251,-3.0057,39.85,296.08,D
3507,-2.0222,-1.9167,-0.3217,0.2682,0.0226,-0.6074,37.98,280.09,D
3508,2.8536,1.4695,-1.1458,-1.1157,-0.7018,-0.8848,43.76,292.42,C
3509,2.6683,1.2499,4.8334,5.0946,-0.6249,2.239,50.61,390.32,D
3510,1.5714,0.0385,0.7295,0.3944,-1.757,-1.1098,42.76,341.09,B
3511,-5.9967,-5.382,-3.4988,-3.1304,-0.7027,-1.6772,32.56,257.41,A
3512,6.7191,5.847,1.6985,2.8604,1.4106,1.655,49.32,352.3,D
3513,-9.7115,-8.6779,-4.5926,-2.1876,-1.1864,-2.0393,30.94,210.89,C
3514,-8.3803,-8.9081,0.2649,0.3329,-1.9642,-2.7279,36.59,279.82,A
3515,5.0599,5.7278,-0.5248,-1.0772,0.8064,0.6594,47.63,309.85,C
3516,-8.0473,-8.1528,-4.3295,-4.5185,-4.6248,-4.63,26.48,187.99,B
3517,1.3605,1.597,4.6733,4.9726,0.4622,1.5142,47.0,387.56,A
3518,2.6457,2.0282,5.3069,5.5817,0.3571,1.8517,52.48,392.34,D
3519,2.025,1.9037,-3.6091,-2.8259,-1.5973,-0.4814,40.89,261.92,C
3520,0.638,1.6431,2.1214,2.9078,1.9405,2.7275,47.08,334.36,D
3521,5.0293,3.6241,0.5952,0.3708,-0.7735,0.3488,47.36,352.36,A
3522,7.3954,7.3302,1.6124,1.1463,-0.7305,-0.0106,48.15,367.4,A
3523,-5.523,-4.7356,2.7683,2.9674,1.7226,0.8275,40.18,325.92,A
3524,-0.1463,1.022,2.6929,3.5234,2.0131,2.1167,46.11,352.5,B
3525,0.9098,0.8818,-0.1547,-1.4839,-3.2243,-2.6057,37.59,287.69,C
3526,-7.2676,-7.9086,-2.3003,-1.1026,-2.123,-3.1547,31.77,213.87,D
3527,5.7194,4.6754,0.8234,0.0196,1.5009,1.2958,52.04,367.6,A
3528,-4.4428,-5.2861,-2.4523,-2.4159,-0.0999,-0.7148,32.53,244.74,B
3529,-3.2752,-3.7015,1.7862,2.7697,0.915,0.3516,40.56,308.22,C
3530,-7.4753,-9.1262,3.4391,2.9954,0.6764,0.6039,37.52,304.05,C
3531,8.2368,8.1392,2.0867,1.8187,1.0703,1.4868,51.41,389.67,B
3532,7.2738,8.0221,-0.451,0.2759,-1.3671,0.2653,51.68,335.34,D
3533,-4.1075,-3.1771,-2.9762,-2.7352,-1.3941,-1.6613,35.71,238.23,D
3534,-2.5777,-3.17,0.1268,-1.424,-3.0913,-2.3317,38.19,272.35,A
3535,7.776,6.1103,0.0609,-0.3734,0.5675,0.2658,49.54,348.59,D
3536,-6.267,-6.2036,0.3585,1.3137,0.285,0.1708,39.01,288.82,D
3537,-5.9566,-5.0571,-2.2731,-2.3412,0.4601,-0.5011,33.69,261.57,B
3538,2.1672,3.5716,1.7512,1.3153,0.7095,1.1862,48.17,336.97,A
3539,-1.6218,-0.5915,-1.7315,-1.7437,-0.7836,-0.746,38.32,290.79,D
3540,-2.6571,-4.0701,-2.741,-1.7509,-2.5678,-3.3665,34.31,270.94,A
3541,-0.6558,0.9562,-0.8155,-1.1918,-0.0281,-0.108,42.56,302.34,C
3542,2.2954,2.7479,-2.4293,-2.6675,-0.2349,-0.5459,40.03,269.36,C
3543,-0.0008,-0.25,1.0102,0.8118,1.0506,0.5437,43.73,345.36,B
3544,0.4653,0.0699,-2.6473,-1.2018,-0.9585,-0.7507,40.22,271.82,B
3545,-1.946,0.2851,1.2967,1.1013,-0.3063,1.6449,40.13,327.56,A
3546,6.1085,5.6698,0.9678,1.1501,1.8599,1.1775,48.7,370.28,D
3547,5.015,5.6368,0.4325,2.1764,0.5639,1.6621,48.58,339.69,B
3548,0.2446,0.4408,1.5817,1.8083,1.7718,1.9986,46.87,324.66,A
3549,-2.9314,-3.3727,-3.9971,-3.6805,-0.1028,0.6834,36.07,257.71,D
3550,-0.0069,0.9251,0.9606,0.3679,0.0337,-0.2791,41.14,297.81,C
3551,6.7408,6.17,3.5505,1.4999,-1.2481,-0.9103,48.57,358.01,A
3552,8.1841,7.9122,-1.0331,-2.2424,-2.806,-0.3094,45.74,327.23,C
3553,-0.0556,-1.322,-1.1655,-1.1103,1.9406,1.4487,42.15,296.5,D
3554,1.2643,2.035,-2.6446,-3.4242,0.2977,0.9199,37.94,275.01,A
3555,-1.1997,-0.6824,-1.001,-1.9237,-4.9597,-3.8387,38.93,274.28,A
3556,-0.5492,-0.2073,-0.8173,-1.0834,2.2844,0.5367,44.79,312.44,D
3557,2.4763,1.1789,-4.3272,-4.5697,0.2739,-1.0892,36.88,307.52,D
3558,-0.6512,-0.8221,-3.6615,-3.5496,2.5131,2.1027,41.97,270.3,C
3559,5.3436,5.798,-2.3147,-3.9637,-0.6456,-0.2137,41.74,309.14,B
3560,-6.7298,-6.5627,-0.6603,-0.5201,-0.5308,-1.7572,34.73,258.26,C
3561,-2.0635,-2.6241,1.4093,1.6485,-1.8794,-1.0704,41.78,291.36,A
3562,-3.2994,-3.8877,2.7753,3.5734,1.4283,2.4904,42.11,302.17,A
3563,5.2503,4.3979,3.7028,3.0106,-4.1442,-1.5154,47.85,323.71,D
3564,7.3934,5.9865,1.5307,1.9331,-0.7614,1.0012,52.08,373.52,D
3565,-2.309,-2.2528,-1.9082,-2.6244,-0.1323,-1.0167,36.39,269.65,D
3566,-0.6277,-0.0334,-0.2699,-0.8523,0.3324,0.3201,42.08,291.9,C
3567,0.1719,0.2944,-2.1077,-1.9267,-1.2394,-1.9498,38.62,282.89,C
3568,13.7854,12.2793,-5.139,-5.1748,-0.6083,0.0896,50.11,321.43,D
3569,3.3682,2.4872,-1.5753,-1.3792,-2.3901,-1.3472,43.52,285.0,D
3570,-7.5683,-5.54,-0.038,1.5245,0.3263,0.4442,42.38,303.33,B
3571,3.3878,1.101,1.5652,-0.3175,0.4295,0.1197,47.87,319.56,D
3572,4.954,5.007,-0.8796,0.5031,-0.1518,-0.6016,49.09,319.19,A
3573,9.2662,9.3533,4.162,4.3174,0.3446,1.1162,55.54,388.28,C
3574,0.1306,-1.1254,3.1045,3.1558,0.1703,-2.4819,45.11,365.96,A
3575,-1.9522,-1.8481,-6.0364,-5.6175,0.8335,-1.216,33.91,236.69,C
3576,1.8736,1.4555,0.5498,-0.0023,-2.2117,-1.3854,41.81,291.62,D
3577,-10.1341,-9.9407,-2.603,-3.0077,-1.1358,-0.2494,26.09,223.7,C
3578,-3.5892,-3.5123,-0.1785,-1.3277,-0.0917,-0.1296,36.7,245.53,D
3579,-9.9631,-8.7394,-0.5907,0.0553,2.2022,0.8242,31.9,256.52,D
3580,2.6467,2.7924,-0.5301,-0.5504,-2.3887,-2.9877,38.64,333.57,D
3581,2.691,3.4491,2.1035,0.5566,1.0173,1.0142,45.3,351.6,B
3582,-1.0288,-0.9405,-3.0022,-1.8958,0.6873,0.1546,40.68,285.31,A
3583,-6.6712,-5.4674,-1.1086,0.2329,-0.4046,0.24,31.24,268.3,A
3584,0.82,-0.173,-6.886,-5.9717,-0.9499,-2.3414,35.69,237.16,A
3585,-1.2451,-1.3447,-2.4702,-1.7441,0.3432,0.6,40.05,268.86,D
3586,-7.5788,-8.7025,-3.7051,-4.0654,-2.3188,-2.8882,28.7,199.83,C
3587,5.208,4.99,1.1836,0.3379,-0.3477,-1.3693,46.19,375.86,D
3588,-10.3891,-10.2572,-1.6925,-1.1916,-1.4307,-1.4935,29.75,205.0,B
3589,-3.7611,-4.5624,-0.9423,-1.2953,-0.9353,-0.9762,38.66,256.21,B
3590,4.8283,6.251,3.2964,2.9151,1.0443,0.1438,48.49,369.17,D
3591,11.6482,13.0175,4.8997,3.2743,0.6977,2.6088,53.37,440.47,B
3592,-0.54,-0.4798,-3.2358,-1.5211,0.7708,1.0832,42.23,299.29,B
3593,-6.2213,-7.5429,-1.8859,-1.5687,0.599,1.594,36.94,245.97,D
3594,-5.8865,-6.1288,-3.1878,-2.7588,3.0052,1.7887,33.52,248.18,C
3595,-6.5693,-7.0616,-0.1908,0.1364,1.6435,1.3584,39.53,288.65,C
3596,0.8355,-0.4379,5.9008,5.2372,0.4592,1.1197,49.38,402.42,C
3597,1.0685,1.0673,3.2758,4.4936,0.023,-0.1178,46.92,355.01,A
3598,2.862,2.4275,-1.1702,-1.4594,1.8236,1.5142,49.98,338.47,B
3599,9.4359,8.3715,4.1655,2.0159,0.2063,2.7232,54.28,412.68,B
3600,-5.8644,-4.8998,1.0509,1.5128,0.6031,-1.2069,39.52,288.44,B
3601,0.412,0.9069,-1.1617,-2.1304,-0.3647,-0.2242,42.56,327.76,B
3602,4.2548,4.8061,2.5117,3.1228,2.0812,2.2696,49.86,349.46,C
3603,8.9995,6.9096,1.8006,1.5126,0.9846,0.5872,51.99,392.7,B
3604,-2.9794,-1.1453,-1.9272,-1.7194,-2.2708,-1.4525,36.76,240.33,D
3605,1.041,0.2496,2.0835,3.4582,0.2009,-0.3082,45.04,350.08,B
3606,-5.8635,-5.8041,-3.1082,-1.7321,0.8398,1.0047,37.63,255.21,B
3607,6.0968,4.8099,-3.1284,-4.2187,-3.1411,-2.1728,41.88,295.42,A
3608,-3.9112,-4.7452,-0.7359,-1.8247,0.2981,-1.4483,37.09,269.64,A
3609,2.6447,2.1434,5.736,6.1569,1.9429,2.7569,51.58,410.36,A
3610,-2.6216,-2.8685,3.6205,4.2394,1.9816,2.9655,42.79,356.64,B
3611,-4.753,-4.2719,0.8191,-1.0315,-3.6298,-3.6244,35.3,269.03,B
3612,0.8549,0.6455,-1.2293,-1.4015,-1.8779,-1.0837,40.84,297.15,C
3613,-8.025,-7.0502,-1.0691,-1.447,-0.1793,0.9157,33.42,259.28,A
3614,-6.8817,-6.1981,-5.1296,-3.1849,-1.9198,-1.6746,30.42,220.63,C
3615,3.5903,1.899,-2.8766,-2.6311,-0.3277,-1.2358,39.97,284.88,B
3616,1.9344,1.5897,4.9663,3.6011,2.8582,1.6344,48.96,382.15,D
3617,-5.0269,-5.7689,-3.6479,-3.3697,1.6317,0.6789,36.4,217.36,D
3618,6.384,6.0367,2.4818,2.7267,1.8289,3.288,53.67,397.61,D
3619,-4.8958,-3.1946,-0.7855,0.2435,-0.1684,0.5043,39.46,294.41,C
3620,-5.9758,-5.8158,0.8588,1.0593,0.9713,0.5384,34.83,318.01,C
3621,0.0139,-0.7271,-3.7333,-2.4368,-0.7093,0.2655,40.28,266.69,D
3622,1.5301,2.8789,2.1374,1.7297,2.6919,2.3384,46.47,351.32,A
3623,-7.5714,-8.7254,-6.2705,-5.5218,-1.037,-1.5267,27.71,212.84,A
3624,-0.8194,-0.4597,0.1026,0.5313,-1.4001,-1.5495,37.51,288.48,D
3625,5.6103,6.0773,-1.9315,-0.8234,-1.3483,-0.5078,46.33,322.25,D
3626,-6.7149,-5.7443,-6.6056,-5.9412,-1.7866,-1.6736,30.04,197.3,D
3627,2.4785,2.6191,0.5565,0.2429,-1.2771,-0.2136,44.51,318.16,A
3628,3.4778,4.3099,-1.161,-1.6055,1.4111,1.5017,47.08,342.45,C
3629,-3.7866,-2.8253,-4.6491,-4.9143,1.2914,0.379,34.91,245.56,A
3630,-3.2903,-3.195,-0.3319,-0.8988,-2.434,-1.4636,40.02,272.65,D
3631,1.08,0.8145,-0.2702,-0.1945,-0.5147,-0.0125,42.22,319.2,B
3632,4.1184,3.7656,-2.7939,-2.1683,0.1344,-0.1257,45.38,314.72,A
3633,1.1681,0.7793,1.1974,0.3485,1.6661,0.6244,42.09,349.46,C
3634,0.7862,0.455,1.1733,1.336,0.6759,0.1802,43.3,324.7,B
3635,1.3154,1.2807,0.1948,-0.0881,-0.6261,0.2354,44.11,297.99,A
3636,-0.1974,0.9196,2.3322,2.2078,1.3242,2.3436,47.23,353.71,C
3637,-7.2917,-6.0985,-3.6359,-2.648,-0.804,-2.2,31.78,243.15,B
3638,4.3853,4.9623,0.1066,-0.2569,0.8682,1.7662,47.45,368.15,A
3639,-1.0555,-0.294,3.1329,1.8479,-1.6082,-0.313,41.57,333.28,C
3640,-2.372,-3.4118,-0.3747,-1.2037,-3.0203,-2.6492,37.4,308.28,B
3641,0.0169,0.0186,0.9147,-0.2303,-1.1886,0.6517,42.72,306.2,C
3642,-3.0587,-1.4128,0.8914,1.2135,-0.6692,0.5463,45.28,325.24,B
3643,-15.1294,-14.8202,-3.0231,-2.9851,-2.2234,-1.6336,21.35,175.11,B
3644,-4.0281,-5.0799,-3.5299,-4.2679,-1.4286,-2.2105,30.65,229.64,A
3645,-9.0805,-8.6166,-4.0315,-3.9655,0.2489,0.194,27.83,208.77,A
3646,-5.9075,-5.0825,-1.4166,-1.4125,0.9704,-0.4319,33.23,277.63,B
3647,-11.7483,-12.314,-2.2556,-1.5305,0.908,-0.8673,29.66,208.55,B
3648,5.4061,3.9647,6.5789,6.1242,1.7205,1.7977,53.26,399.02,D
3649,2.4961,2.5227,-1.5758,-2.5014,0.0391,0.1304,43.25,307.95,C
3650,-5.2882,-5.7763,-0.5345,-0.808,-1.0066,-0.6756,36.47,251.9,C
3651,-2.6787,-2.811,-0.7483,-0.0181,-0.1749,-0.6868,41.18,309.61,A
3652,-5.8041,-5.6873,0.4604,0.2527,2.2582,1.461,38.9,314.5,B
3653,-3.1281,-2.2867,-5.3831,-4.8788,-2.3137,-1.9938,33.85,248.56,C
3654,0.2129,-0.6754,3.2754,2.8172,2.6511,2.9118,47.66,343.06,A
3655,-2.4691,-2.4441,3.3762,4.173,2.9013,2.4243,43.53,321.37,A
3656,-5.5787,-5.9705,-1.7409,-1.1825,2.2703,1.7357,37.49,286.5,C
3657,3.9773,2.3054,-0.7957,-0.595,-0.2894,0.5319,43.39,325.15,D
3658,0.304,0.7878,-1.3149,-0.3282,0.4108,-0.3286,39.86,305.43,A
3659,-6.3741,-6.5755,1.6607,0.3611,0.4409,1.2978,40.75,269.14,C
3660,0.4953,0.0621,-4.0521,-3.0253,1.3632,2.2229,39.02,284.87,D
3661,0.9022,1.4496,1.1113,0.5481,0.7126,1.094,44.41,331.01,D
3662,-0.9061,-2.3485,-2.2998,-1.3795,1.0308,0.9618,38.78,275.74,D
3663,-5.826,-5.3586,2.7529,0.9637,0.6722,1.1889,37.22,277.7,B
3664,3.9126,4.8265,3.089,2.1667,1.4628,1.752,50.86,379.13,B
3665,-1.0131,-2.2473,-0.1398,-0.2522,-0.9706,-0.5766,39.76,264.7,B
3666,-8.6102,-7.7843,3.3869,4.1354,0.2952,0.0796,36.41,302.96,A
3667,-1.1683,-2.1874,2.5995,3.6383,-1.3822,-3.5493,40.15,291.34,A
3668,-7.1784,-6.6146,-2.1733,-0.7871,-1.1041,-0.5206,34.06,259.47,A
3669,-11.0247,-10.6618,-3.9219,-2.7209,-0.65,-2.0135,27.73,210.82,C
3670,5.378,5.0867,1.8975,1.1583,0.5641,0.3482,47.3,355.68,D
3671,0.5355,1.0514,0.8799,-0.102,0.3093,1.6015,45.51,317.62,A
3672,-1.7187,-2.1909,0.7316,1.8142,2.099,2.5412,41.19,326.82,C
3673,-6.9859,-6.8004,-3.5603,-2.5386,-2.2723,-2.8997,31.37,191.54,C
3674,1.7738,0.9716,-2.5448,-3.0021,-1.0191,-0.906,40.42,296.39,A
3675,2.6148,2.293,-0.517,-0.2694,-2.2585,-0.6544,45.22,323.32,D
3676,-2.856,-4.0038,-2.6036,-1.3489,-0.4867,0.742,36.37,280.64,C
3677,-11.2902,-11.3532,-3.7403,-3.4887,-1.3195,-1.9921,26.73,171.9,B
3678,-10.2127,-10.588,-3.5375,-1.9855,-0.3879,-0.8109,29.29,202.76,D
3679,-7.0795,-6.9329,-2.0331,-1.3965,-0.7357,-0.4765,29.9,256.73,B
3680,-2.4106,-2.5373,-2.1349,-0.4914,-3.292,-3.745,38.64,238.2,A
3681,-1.4853,-1.8023,1.9268,2.1657,0.0164,2.2709,46.76,344.62,D
3682,13.8463,12.3879,6.7754,7.2223,0.6554,1.1127,60.29,467.86,B
3683,-2.2079,-1.5922,-6.1078,-6.3947,-3.2984,-4.2868,31.54,217.15,C
3684,-4.2882,-2.4025,-4.1575,-3.6852,0.1947,0.5123,38.91,251.34,C
3685,-3.0981,-2.9248,-3.1247,-2.4,1.1144,0.3681,35.61,247.01,B
3686,3.1365,1.8104,1.9187,2.2742,0.7106,0.8407,46.85,326.28,D
3687,-2.9693,-3.4826,-2.6248,-0.3748,2.2708,1.4693,36.21,286.28,A
3688,-1.9726,-0.2211,1.3857,0.1411,-0.1076,0.9456,44.23,306.32,B
3689,-6.1438,-6.3054,-3.6477,-2.9226,-1.2823,-1.9919,29.57,230.04,B
3690,7.1216,7.3784,4.998,3.8837,0.9827,1.4624,53.38,414.11,A
3691,5.094,4.8448,0.1616,-1.0976,-1.2033,0.4287,46.0,346.68,A
3692,2.146,0.8166,1.9938,1.1674,-0.3736,-0.2757,43.91,332.42,A
3693,-14.6488,-12.5908,-2.457,-2.6021,-0.4608,-1.8778,24.32,197.81,A
3694,2.5784,3.0749,1.5892,0.91,1.2302,2.7909,48.46,338.7,A
3695,7.1098,7.1837,3.6732,3.9017,2.2066,1.3784,55.09,410.92,C
3696,-4.3667,-3.7435,-3.033,-3.5295,1.2693,-1.42,34.8,275.25,A
3697,8.4491,8.1412,5.8922,4.5089,0.6541,1.1489,55.8,415.63,B
3698,-1.7605,-1.4858,-0.0987,0.5426,2.0415,1.3516,44.58,336.34,B
3699,6.6761,6.8461,0.7883,0.1814,0.3888,1.3052,50.37,374.79,D
3700,-1.1511,-1.1281,1.954,2.8685,2.5601,1.5924,46.49,301.48,A
3701,1.1714,1.4557,1.1679,1.9204,-1.1963,-1.9547,41.4,309.38,A
3702,8.2763,7.0007,-1.0039,-1.1784,-1.3679,-1.9991,47.67,366.12,B
3703,-9.0042,-8.7886,-0.2826,-0.6566,-0.7858,-2.533,30.17,221.18,D
3704,14.7244,14.7958,0.3759,-1.2814,-1.8138,-0.1468,50.74,390.28,A
3705,-5.2855,-4.2871,-0.6729,-0.8662,0.7049,0.0875,37.56,272.52,A
3706,1.3496,2.3123,7.0015,7.5193,2.1868,2.6559,53.32,410.79,C
3707,-4.5355,-3.8466,-3.2554,-3.772,-2.7584,-2.3112,31.02,238.33,C
3708,4.7819,4.4279,-1.8547,-2.9055,-0.7946,-1.8072,43.29,313.52,A
3709,2.619,3.2383,2.35,1.8819,2.2205,1.903,47.61,381.18,C
3710,5.5963,4.8796,-1.1084,0.4048,-1.5729,-0.3881,47.77,299.34,D
3711,-7.4362,-6.2475,-2.0837,-0.9651,-1.7258,-1.8225,34.12,233.65,D
3712,9.8962,10.449,0.3813,0.0582,1.811,3.1258,55.05,370.92,C
3713,-7.0544,-5.6582,-6.6146,-4.7462,-2.8108,-4.1756,31.19,197.34,A
3714,-1.7725,-2.6832,-5.6273,-5.8033,-2.8287,-2.3869,28.59,225.15,D
3715,-3.1939,-3.9139,-2.2788,-0.3263,1.2811,-0.5005,37.42,270.01,A
3716,-0.127,0.641,-0.5856,-2.2393,-0.0808,-0.1065,39.75,308.08,C
3717,-2.8749,-2.4045,0.2428,-0.6853,0.1211,0.3904,40.03,307.64,C
3718,9.3764,9.8794,5.472,4.6619,-0.7676,1.0809,57.04,447.71,C
3719,-3.9028,-5.4724,-2.7339,-3.1649,-0.9282,-1.6583,35.69,249.52,B
3720,1.3941,1.225,2.6531,2.5585,2.9123,1.2755,49.89,361.08,C
3721,2.9386,1.9275,1.4623,1.8325,2.2121,1.7457,46.5,359.81,A
3722,-9.3544,-10.1057,0.2631,0.3893,-1.5062,-1.3204,30.86,227.36,C
3723,8.168,8.7704,0.5285,0.5355,0.8816,2.0146,50.49,385.48,B
3724,4.4567,4.7499,1.0458,0.6151,1.2365,2.4577,48.85,358.24,C
3725,-5.1328,-6.9609,-4.7824,-3.5514,1.013,-0.397,33.63,234.03,A
3726,-1.907,-1.2894,4.4365,3.6895,-0.5808,0.6811,43.82,326.04,B
3727,-4.3454,-4.1587,-3.8945,-4.4993,-3.3201,-3.2319,30.38,227.26,D
3728,-3.6735,-4.3373,-0.6595,1.4987,0.7286,0.6286,37.72,300.42,A
3729,2.1655,1.2632,4.7757,3.8854,1.2712,2.4869,50.0,373.76,C
3730,-4.9925,-5.5208,-1.4676,-1.2762,-0.1512,-0.5608,34.59,237.81,C
3731,1.1721,-0.2063,-2.984,-2.9595,0.6101,0.907,39.64,302.83,C
3732,-0.1438,-0.98,0.5367,0.2587,1.2134,0.1924,43.14,325.1,A
3733,2.9786,3.1718,1.5744,1.1741,0.4946,1.3169,45.51,335.0,A
3734,2.9546,3.7906,1.8069,1.0312,0.5324,0.1683,46.98,359.86,B
3735,3.5884,3.7555,-2.3517,-2.4393,-2.115,-0.4123,41.88,278.27,B
3736,-5.1608,-4.6164,-1.0996,-1.5006,-0.7631,-0.3209,35.55,256.29,A
3737,0.0069,-0.2641,1.682,1.6896,0.4255,0.3317,45.0,323.2,B
3738,-3.3382,-3.6895,-0.1572,-1.2903,-0.5778,-0.4685,37.89,281.28,B
3739,2.4039,0.9633,0.5391,0.7585,-1.2429,-1.1404,42.61,329.59,A
3740,3.1994,3.578,0.9319,1.5093,0.0453,0.615,49.08,358.44,D
3741,14.5326,14.5075,7.7592,6.6956,2.1805,3.1732,61.21,468.0,B
3742,5.0259,4.6694,6.7644,6.3649,0.4916,3.645,54.56,414.22,A
3743,-1.8912,-1.9232,-4.0308,-3.7783,-3.3471,-2.6074,31.95,214.27,C
3744,-0.5108,-2.0489,2.825,3.5272,1.4314,2.1036,46.93,331.54,D
3745,2.9231,3.6303,1.7739,2.7813,2.5793,1.5605,46.67,374.1,B
3746,-6.1185,-4.2047,1.3047,1.3662,1.2477,0.5771,38.25,281.32,D
3747,11.4527,10.419,2.4828,2.5109,3.0918,2.9989,56.62,408.57,D
3748,5.9774,6.0529,5.8131,5.0866,0.0394,1.7159,54.42,399.76,A
3749,-0.5544,-0.7365,1.1032,0.3227,0.3419,1.1032,41.96,336.07,C
3750,1.9374,1.0567,0.9237,0.4089,0.401,0.8134,44.6,366.79,B
3751,-9.5579,-10.2569,-3.2885,-3.7655,0.3345,-2.2384,26.24,163.12,A
3752,3.0608,2.5236,-1.1857,-1.6041,-1.2246,-1.7517,41.92,297.37,C
3753,1.3165,0.6523,2.5353,2.5137,1.323,1.7405,51.22,361.44,D
3754,2.6865,1.1702,0.0961,0.9953,1.3088,1.0288,46.33,315.99,C
3755,-4.5221,-2.3327,0.5201,1.7171,0.7623,0.8343,43.89,313.35,C
3756,3.9669,2.2148,0.9833,1.5503,3.8827,2.4988,46.41,353.15,D
3757,-0.5077,-0.5125,2.1233,2.1502,-2.8291,-1.6566,45.11,295.86,D
3758,-1.0763,-1.7345,-1.6953,-0.7783,-0.158,-1.2682,41.71,270.32,D
3759,3.9239,3.5593,3.4107,3.1826,-0.3338,-0.5188,49.54,364.36,C
3760,-0.4,-0.4665,0.4598,1.0769,0.6402,1.1499,41.01,315.25,D
3761,3.5344,1.9169,3.0274,2.2558,3.841,3.7896,47.96,363.74,B
3762,-3.8835,-2.6641,-4.0773,-4.7763,-1.6118,-1.4003,34.3,228.92,B
3763,1.0094,0.6936,-1.9324,-1.7955,3.3695,2.2401,43.51,307.44,D
3764,-6.8976,-4.5905,-0.3438,0.57,1.5243,1.0429,37.44,290.3,C
3765,-6.0835,-5.3681,-5.3774,-3.8945,-0.0535,-0.2172,30.56,249.4,C
3766,-1.3986,-1.9899,-1.965,-1.1217,-0.8853,-1.0928,39.39,277.6,D
3767,0.6259,1.2519,-2.1311,-1.9075,-1.0738,-0.3764,44.0,302.05,A
3768,-2.9724,-2.1807,-1.3532,-2.0219,1.9263,0.6278,41.57,270.07,B
3769,-3.3806,-2.8916,-2.7316,-2.3204,-1.5933,-1.0744,37.01,270.73,B
3770,-7.8242,-8.5921,-2.3601,0.0921,-1.0191,-1.9567,30.39,237.67,D
3771,5.9492,5.5268,-6.0512,-3.9759,0.5126,1.1924,42.76,283.54,C
3772,-4.3371,-4.3299,-3.3244,-2.1172,-1.3794,-0.2613,36.12,279.78,C
3773,0.5997,0.5801,-0.8915,-0.8205,0.7468,0.208,44.12,302.62,A
3774,0.2296,-0.1281,0.2764,0.4455,-0.7729,-1.3623,40.46,347.0,B
3775,-4.4553,-4.7141,-2.3008,-1.7789,-2.3355,-1.5556,34.55,259.78,C
3776,5.8128,6.5638,-0.4829,0.2112,0.8376,1.0904,43.37,362.25,C
3777,-13.7308,-13.1489,-2.1936,-2.5894,1.1582,-0.2528,28.64,194.04,B
3778,-5.3539,-4.4128,-1.2914,-0.9201,0.2415,-1.1066,38.56,260.37,D
3779,1.3019,2.5057,6.1876,5.4394,0.4487,1.631,50.77,380.77,A
3780,0.63,-0.2778,3.4189,1.8006,1.9375,1.3981,44.59,341.57,C
3781,-0.9345,-0.3109,0.7214,0.1557,0.4636,0.3196,41.65,320.0,C
3782,-0.4035,-0.6744,1.7029,1.0962,-0.4855,0.0907,39.09,316.54,C
3783,6.6763,4.8641,1.3361,0.7826,1.0211,1.4812,50.0,343.9,B
3784,-12.7572,-12.7666,-2.5822,-2.1031,-3.7514,-4.9477,27.06,183.91,A
3785,2.7474,3.5928,2.2626,-0.0636,-0.1971,0.6101,43.73,351.7,B
3786,-5.0575,-5.611,-3.9936,-3.7221,-1.6959,-3.1413,31.2,252.88,C
3787,1.0156,1.0089,-0.4761,-0.5561,-1.4266,-0.9882,43.47,314.36,C
3788,-7.5734,-7.6456,-5.3231,-5.5704,-0.8067,-1.8243,27.43,203.78,B
3789,1.5029,2.7975,-2.0866,-1.5422,0.3926,0.0012,43.49,304.17,D
3790,6.7921,6.0651,3.5494,3.6388,1.3607,0.5708,51.99,377.64,D
3791,-1.1494,-1.4433,-3.5593,-2.5807,-0.6569,-0.6539,36.92,239.59,D
3792,-1.5972,-1.985,4.6112,3.967,0.2598,0.2613,41.92,347.44,D
3793,1.3007,3.1657,-6.2287,-7.0115,-0.2117,-1.4069,37.7,269.69,A
3794,-2.5201,-3.093,-1.8796,-1.024,0.4001,0.6274,40.9,265.07,D
3795,-8.1384,-8.386,1.5491,1.679,-1.0413,-0.7824,38.67,296.94,C
3796,-3.5126,-2.3358,0.3076,0.9679,-0.1339,-0.2671,40.56,288.86,A
3797,8.7132,9.0753,1.013,0.4579,-0.7422,0.8013,51.94,352.18,A
3798,2.6857,4.2907,0.6604,-0.218,0.9621,1.0454,49.18,343.42,C
3799,0.0725,1.0307,-0.7028,-1.6014,-1.4187,-0.412,42.26,304.61,D
3800,-2.5718,-1.6502,-1.9576,-2.9778,-2.1753,-1.6513,39.02,253.5,A
3801,-0.2044,-0.5882,1.8427,2.2725,1.9354,2.6822,46.16,346.89,D
3802,13.1058,11.9741,1.3485,1.4175,-0.1889,0.8012,52.94,384.24,C
3803,-1.2585,-1.4607,-0.4557,-0.0713,-1.0914,-0.0735,39.73,283.76,D
3804,2.3409,2.3952,2.4616,3.2839,0.9629,1.6333,49.49,383.98,B
3805,-6.0666,-5.3663,-3.6907,-2.9109,-0.6933,-2.3752,31.87,231.11,B
3806,-4.193,-4.0178,-1.9518,-2.2402,0.3357,-0.3659,34.33,258.14,D
3807,3.1643,1.9903,-2.3473,-0.8962,0.4762,0.389,42.69,267.85,C
3808,1.544,1.9798,0.4932,-0.1813,-0.4578,0.3802,42.22,301.45,A
3809,-3.5519,-1.6624,1.1218,3.1126,2.1415,3.8318,43.93,337.51,B
3810,-0.6926,-0.7679,0.2849,-0.2674,-1.1954,-1.5003,40.61,288.58,B
3811,1.1173,1.2549,3.2925,3.7353,-0.1881,0.0252,47.94,353.86,C
3812,0.1901,0.7877,-0.5225,0.1623,0.0631,-1.0349,37.75,323.29,A
3813,6.0752,5.6586,2.2013,2.4967,1.7533,3.6111,51.66,357.86,C
3814,-18.212,-16.291,-5.7608,-5.5101,-0.331,-1.4395,17.64,141.01,A
3815,-5.9983,-5.9864,-2.9962,-2.1489,-2.3968,-1.8916,30.95,235.39,C
3816,3.2603,1.9319,-1.5425,-1.5968,1.5711,0.8582,42.39,313.74,C
3817,5.715,4.376,3.9711,3.0197,-0.6203,0.4448,48.67,387.75,B
3818,1.0006,0.7781,1.6201,0.4671,0.3505,-0.4027,44.89,334.94,C
3819,5.8879,5.1131,0.1022,-2.2617,-1.5807,-1.9283,43.41,343.99,D
3820,-6.0075,-4.8181,-0.9586,0.0501,0.8838,0.16,34.0,252.78,B
3821,-0.5271,-1.3376,-3.5696,-4.3774,-1.3213,-2.8093,36.53,240.6,B
3822,-7.6462,-8.309,-2.1453,-2.3348,0.6569,0.3536,34.4,234.07,A
3823,-1.6268,-1.1502,-1.1519,-1.5285,-0.0238,1.0448,39.16,286.31,D
3824,-2.2495,-1.6494,-3.4552,-2.4163,-1.1647,-0.0121,37.74,269.39,D
3825,-0.4586,-1.3522,-2.0573,-1.2241,0.3837,-0.2309,38.23,287.64,B
3826,-7.6851,-6.4929,-4.0745,-3.2884,-1.301,-1.5219,32.2,223.73,B
3827,0.2419,0.6627,0.0026,-0.4862,0.3,-0.0334,41.89,316.57,A
3828,2.5707,1.3282,-0.7993,-0.5227,1.4465,1.1327,40.98,292.97,C
3829,-4.5005,-2.7663,-4.8556,-4.4495,-1.7477,-2.3805,33.79,178.44,B
3830,-3.1546,-1.0585,-3.3375,-2.6042,-1.1595,-0.5641,35.42,243.32,D
3831,7.3792,6.4186,-1.2115,-2.2559,-0.9215,-0.5054,45.54,340.81,A
3832,-6.1159,-4.4242,-4.4465,-3.6634,-0.4562,-0.2971,31.58,222.72,C
3833,6.8267,6.2124,3.0514,2.9184,1.1688,2.0138,51.19,348.83,A
3834,2.2367,2.0483,2.4489,3.8565,-0.9815,0.7072,48.0,361.9,B
3835,-0.6476,-0.874,1.4414,1.8861,0.9618,1.1052,43.24,336.3,C
3836,-7.4723,-6.8847,-4.8911,-4.2565,1.8456,0.3494,30.87,254.35,D
3837,-7.1916,-6.0475,-2.7882,-3.3473,-1.4573,-1.7501,31.91,202.77,D
3838,-9.2703,-8.8249,-3.4482,-2.2655,-0.8474,-1.1158,31.19,252.02,C
3839,14.4839,13.3128,2.0472,0.752,0.5126,1.1687,59.87,412.11,C
3840,-9.2976,-10.3646,-3.8965,-2.6103,0.0271,0.8214,29.95,242.96,C
3841,-1.2753,-2.4745,-4.0812,-3.3286,0.6578,-0.6331,38.79,256.71,B
3842,-1.9962,-1.9273,2.416,2.3785,-0.4959,-0.171,43.51,324.9,D
3843,-13.9948,-12.0481,-7.3997,-6.4871,0.0509,-0.7815,24.91,165.19,B
3844,13.5729,13.4723,4.3512,3.4081,3.9859,3.5555,65.26,450.64,D
3845,-1.5692,-2.2135,-6.5051,-7.1205,-1.7005,-2.316,27.74,210.08,A
3846,5.2283,4.8711,-0.3436,0.179,-0.7115,0.1893,44.73,315.62,C
3847,-5.4231,-4.2556,3.4411,4.0709,-0.2587,1.6801,42.53,335.23,C
3848,-3.3268,-2.656,-0.0912,0.6235,2.1223,1.4444,42.31,304.57,B
3849,-6.0394,-5.2633,4.3317,4.4756,0.0596,1.1981,42.54,310.24,C
3850,-0.0986,-1.3173,3.1578,2.3235,0.0357,0.0589,43.33,318.1,D
3851,6.5309,7.4825,3.2005,1.9576,-0.4991,-0.1325,53.6,400.39,B
3852,3.8005,3.5007,2.3176,1.8069,0.3622,-0.9058,49.48,347.1,D
3853,-3.8323,-4.2208,-2.9463,-3.0041,-0.8069,-1.3931,32.33,279.42,B
3854,0.8498,-0.3898,0.1517,-1.3585,-2.6914,-2.3315,38.75,328.62,D
3855,-1.2578,-1.337,0.6447,0.1325,0.15,1.3767,43.84,338.68,B
3856,-1.0245,0.1166,3.1904,3.4471,1.317,1.6065,47.66,339.36,A
3857,-5.5416,-4.7637,-0.8528,-0.2497,2.5728,1.7704,40.72,288.57,B
3858,2.7883,2.5599,4.8547,5.1593,1.7511,1.1448,51.98,424.63,C
3859,-4.7123,-3.4936,2.3099,1.7785,0.2864,-0.046,40.61,332.0,A
3860,-3.6318,-4.7776,-0.89,-0.0992,-1.1941,-1.796,33.4,273.33,D
3861,-2.1499,0.9932,0.5598,-0.1272,-0.0009,0.1574,40.46,314.38,B
3862,-1.0561,-0.9538,-2.5831,-2.4525,0.4648,-0.2292,37.9,292.83,D
3863,-4.6513,-4.6304,-1.6437,-1.2472,0.3765,0.5808,37.9,299.35,A
3864,6.2825,7.2997,2.5753,2.1771,3.2348,3.772,55.33,372.04,B
3865,-6.7163,-6.9824,-0.3881,0.0121,1.0004,-0.9374,37.88,252.09,C
3866,2.151,3.5182,-0.0415,1.0838,0.6607,1.2948,49.18,351.66,C
3867,2.0245,1.3709,2.8442,2.0703,0.087,-0.3418,48.81,321.52,B
3868,0.1156,-0.0116,-6.7874,-6.656,-2.6335,-2.1688,33.61,229.27,B
3869,-3.3453,-3.5299,0.3098,-0.7989,2.3112,2.284,42.2,300.32,D
3870,2.5755,2.504,5.9895,5.38,-0.1049,2.2607,51.0,405.01,B
3871,-1.676,-0.6765,-2.3278,-2.0732,-0.5227,0.2584,36.72,262.8,B
3872,5.6727,5.4914,3.285,3.72,-1.0145,0.0362,47.41,381.34,A
3873,2.1411,2.4304,-0.0592,0.4896,1.8767,2.8785,45.5,333.02,D
3874,-2.1795,-2.2989,-0.948,-1.0279,-0.7258,-0.4561,37.89,276.3,D
3875,-0.8176,-1.0541,5.8674,4.9408,-0.0525,-0.7142,46.15,359.83,C
3876,6.1648,5.9972,-3.4522,-6.1332,-2.9204,-3.1456,39.54,260.76,D
3877,1.9678,1.3557,0.3784,0.4848,-0.3789,-1.1985,44.65,319.95,D
3878,-3.7754,-3.7707,-1.0196,-0.5289,0.7497,1.7312,40.03,281.03,A
3879,-3.8974,-4.0559,-2.935,-2.164,-2.6466,-2.2549,34.66,270.56,A
3880,1.024,1.2516,0.2989,0.8231,-0.687,-0.4163,44.83,342.04,A
3881,10.1808,10.1458,-0.491,-0.6091,-3.0384,-1.9342,46.99,345.54,C
3882,10.3533,9.4936,2.8999,1.3928,0.5977,0.8136,54.21,398.06,D
3883,4.6205,5.0772,6.6412,6.7742,0.6091,3.0274,53.24,420.04,C
3884,-2.3462,-1.1772,-2.4564,-2.4842,-3.4245,-3.4908,33.83,233.76,C
3885,7.335,8.0821,0.7299,0.3062,0.7038,0.111,48.61,330.78,B
3886,0.5159,-0.5355,1.7345,-0.0224,1.5573,1.5314,45.1,348.72,D
3887,1.1963,0.4683,-2.7393,-2.9849,0.3048,0.2154,41.52,275.03,B
3888,-0.7027,-0.7618,1.0663,-0.1317,-1.3857,-1.0443,39.35,306.17,B
3889,2.8853,3.2729,1.8017,0.4737,-1.601,-2.1049,42.17,314.57,B
3890,2.5157,1.6895,4.3903,3.7143,-1.497,0.2097,47.12,346.6,B
3891,4.9675,3.9246,3.178,2.9771,1.8272,0.8983,49.58,366.68,C
3892,8.3937,8.9149,2.1112,1.266,2.0476,1.5721,55.0,377.22,A
3893,-2.0696,-1.64,3.7298,3.1729,-2.0416,-1.3442,42.9,341.44,A
3894,4.2275,3.0596,2.4801,2.0363,2.3389,1.7598,49.34,388.22,A
3895,-10.9354,-11.0577,-2.8965,-3.0538,-2.2189,-2.0509,27.47,190.5,A
3896,0.9693,0.4933,2.1231,0.8399,-0.1167,0.4123,44.02,307.48,D
3897,-11.6054,-10.7003,-8.334,-6.7319,-2.8835,-4.0848,22.23,131.67,D
3898,2.5929,3.6179,5.139,6.5562,1.438,1.5217,52.27,362.25,B
3899,0.9853,0.5456,2.2059,1.3635,1.3145,2.8147,43.51,324.87,D
3900,3.3739,2.9152,2.7662,2.7318,0.9188,1.4739,49.07,372.51,A
3901,-0.6131,-0.2156,3.2847,1.8428,0.2559,0.6595,43.89,353.01,B
3902,2.3186,3.8659,1.1967,1.7555,0.8845,1.1588,47.76,352.7,C
3903,4.8834,4.1789,-0.5097,-0.0403,-0.9902,-0.2947,40.58,312.94,B
3904,-5.0739,-5.4998,-0.0563,-0.1517,-0.0974,-0.0497,35.84,267.98,D
3905,-5.807,-5.9583,0.4448,0.6434,0.065,1.3179,38.03,300.5,D
3906,3.8535,5.3906,-0.6069,-1.0602,0.7619,-0.1137,43.66,346.46,D
3907,-7.3644,-6.6332,2.0759,1.2293,-0.5494,0.4833,37.0,301.94,C
3908,-6.1924,-5.0809,-5.509,-4.8901,-3.3945,-3.4554,30.21,193.15,D
3909,-7.8664,-6.2305,3.9142,4.5103,0.7628,0.151,40.38,320.68,D
3910,-5.6399,-6.3342,-2.3614,-0.5841,-0.8314,-1.3481,33.65,257.19,A
3911,-8.2358,-8.9503,-4.0446,-3.1571,-0.7461,-1.2136,27.66,219.59,B
3912,2.6618,3.4594,0.7847,0.8236,0.1451,-0.4874,46.46,329.14,C
3913,-3.6439,-5.1173,-0.2212,0.6187,1.8058,0.4265,43.27,268.47,D
3914,-0.827,-0.0588,2.3938,2.5142,2.3143,0.3349,45.99,306.28,C
3915,3.5699,3.5725,2.1487,0.926,1.8141,1.514,45.49,357.84,D
3916,3.2091,4.0261,0.9898,-0.6802,1.2949,0.8288,48.92,310.87,C
3917,5.8978,6.286,-1.7771,-3.0831,-3.065,-3.3355,43.3,335.09,C
3918,-3.017,-2.2699,4.8579,4.1048,1.0614,1.2052,45.35,319.56,B
3919,8.2031,7.4775,2.203,2.1963,3.0528,4.0148,51.73,389.94,B
3920,5.3597,5.8646,3.146,3.4486,0.8497,1.8423,49.87,369.31,A
3921,6.8519,5.317,-0.0992,-0.6855,0.3013,0.8843,46.51,332.27,D
3922,2.5831,2.9465,3.6728,2.7251,1.9503,2.7064,49.87,353.15,C
3923,-4.2609,-4.0232,-0.613,-1.1587,-1.0062,-1.3804,34.75,274.65,B
3924,-2.3542,-2.9254,-2.0935,-2.1202,0.8319,-0.0837,40.35,288.82,C
3925,5.4326,5.4284,-2.7321,-3.1033,0.865,0.5228,45.92,329.01,B
3926,-6.0602,-5.187,-1.184,-1.6048,-1.0112,-1.0684,34.38,273.79,D
3927,-7.3872,-6.8339,-0.9743,-0.3369,1.7983,1.3964,37.53,275.15,C
3928,-1.0004,-3.7241,2.0465,1.3954,-1.124,-2.9362,38.69,304.1,C
3929,1.3407,1.3868,0.2135,0.0555,1.8818,2.0048,45.01,362.64,B
3930,-3.8554,-3.8851,0.255,0.3652,0.7489,0.3369,40.6,330.92,A
3931,0.9962,-0.2362,-1.1815,-0.0764,1.7236,0.3079,43.47,309.32,A
3932,-6.5745,-5.8353,-1.4745,-1.8202,0.1324,-0.83,35.62,230.22,A
3933,3.0546,3.5652,1.7168,1.0422,0.2618,0.5926,46.05,350.69,A
3934,-2.2535,-2.8266,-3.901,-3.3106,-1.3821,-2.2836,37.43,269.57,D
3935,2.5818,0.5573,-0.1857,-0.6991,-0.9007,-2.2117,44.07,303.2,B
3936,2.4283,4.6217,-3.4846,-4.1216,-2.3133,-1.3917,39.67,296.71,A
3937,-3.7938,-1.7768,0.0267,0.7462,-0.0611,0.6315,39.48,283.15,A
3938,-14.6165,-14.3041,-0.9859,-1.0419,-1.499,-3.7762,22.26,209.86,A
3939,-5.17,-4.1839,3.7114,3.4345,-0.1521,-0.6224,40.07,307.89,D
3940,11.0995,11.1058,2.0736,1.3455,-2.619,-1.0943,52.99,374.96,D
3941,3.6603,3.3296,0.863,2.4953,-1.5757,-1.9941,48.09,358.77,D
3942,5.9024,5.3108,-4.9742,-6.3361,-2.8484,-3.4035,40.29,299.44,C
3943,-0.304,0.5948,0.5448,1.1269,-0.4767,-0.356,44.41,327.21,A
3944,-3.6225,-4.209,-4.1333,-4.5178,-0.064,-1.5384,31.49,241.49,A
3945,1.5258,0.6972,4.0318,3.9966,-2.5656,-1.5999,44.32,343.57,C
3946,5.9095,5.0868,-1.804,-2.1171,0.0624,-0.0491,48.11,303.14,B
3947,5.8013,6.575,2.2787,2.8613,1.37,0.3174,49.39,387.52,B
3948,0.1989,0.1186,-0.2799,-0.7202,-0.9263,-0.2969,41.68,299.43,D
3949,-0.7826,-0.0193,4.86,5.2178,1.1071,0.9427,50.37,368.44,D
3950,6.2411,7.358,0.399,0.846,2.3943,1.9076,50.43,358.66,D
3951,4.0577,4.5245,-1.8391,-1.5673,0.4655,1.8334,42.81,332.15,A
3952,3.7141,2.6492,2.3049,1.7572,1.5203,2.8287,52.22,330.72,A
3953,1.752,1.5592,-1.3645,-1.28,-2.1662,-2.1305,44.13,282.45,C
3954,2.1193,2.945,-2.6337,-2.7308,-0.5969,-0.7898,40.63,288.69,D
3955,-5.8585,-6.5065,-2.0821,-1.4641,0.4656,-1.189,35.03,237.25,A
3956,-4.6485,-5.6935,1.3951,0.2442,-1.2911,-0.9915,36.45,326.54,A
3957,-2.0814,-1.7323,-3.9955,-2.59,-1.373,-0.5337,38.83,236.74,D
3958,-5.9202,-4.8065,-3.9549,-2.7024,-4.6787,-4.0572,33.3,239.42,D
3959,-11.2796,-11.8888,-5.1133,-3.9053,0.4183,-0.9397,27.06,176.2,D
3960,1.6463,2.5214,-3.9069,-2.0258,-3.4116,-2.4785,38.96,295.69,A
3961,-7.301,-6.7107,-2.5801,-3.2164,-2.1729,-2.4337,28.92,240.04,A
3962,1.2794,-0.1927,2.4048,2.5561,1.1104,1.6526,43.89,355.96,C
3963,-4.4705,-4.6162,-4.6826,-4.6905,-1.9047,-2.8754,33.11,222.38,A
3964,6.6651,6.125,0.0851,-0.8307,-0.6162,-0.4791,50.67,348.2,A
3965,-0.8813,-0.8928,-0.7289,-0.3938,1.6109,1.7325,40.91,300.44,D
3966,-0.615,0.3266,1.4935,3.1563,0.6913,0.1008,47.83,334.91,A
3967,-4.2715,-4.8774,-0.1779,1.1819,-0.5174,-0.6291,34.27,289.59,D
3968,10.1689,9.2825,0.1036,-0.3443,-1.7049,-0.206,53.57,361.76,C
3969,-3.8094,-5.4149,-3.0958,-1.8971,-1.5161,-1.4015,35.3,260.45,C
3970,-3.0751,-3.6167,-1.1146,-0.2667,0.6636,-1.4547,39.04,277.8,A
3971,-1.9033,-0.6714,1.831,0.7091,0.607,0.5066,45.56,343.74,D
3972,6.1557,6.6929,4.8486,4.9175,0.9868,2.0891,52.87,387.21,C
3973,0.5428,-0.3751,-5.3414,-4.1645,-2.2517,-1.3054,35.97,267.99,A
3974,7.9178,7.5713,2.8982,1.25,1.5,2.4991,50.76,401.7,C
3975,5.4806,5.0157,0.9037,2.1564,-0.1355,-0.412,50.9,368.15,A
3976,5.0139,4.8238,-1.1459,-0.1697,-0.7659,-0.9691,45.38,354.73,A
3977,3.859,3.6435,0.0832,1.1477,-1.5925,-0.4538,42.27,326.07,A
3978,5.2016,7.1888,2.6424,2.4152,1.1212,2.4196,50.67,385.77,A
3979,-3.2997,-2.4204,-0.6792,0.4578,2.1982,2.5643,39.14,274.42,A
3980,-2.2117,-3.2943,-4.9079,-4.5692,1.2062,0.05,38.28,248.27,C
3981,0.2948,0.7259,3.366,3.0813,0.387,0.4358,47.12,347.22,B
3982,-4.1569,-3.3873,-3.061,-1.629,1.5689,0.3359,40.25,284.04,C
3983,-0.973,-1.527,-4.2267,-2.5975,2.3806,0.5376,34.47,272.08,B
3984,-1.9213,-1.6886,-4.3114,-4.5453,-2.8033,-4.5745,32.59,238.95,B
3985,3.7168,3.9592,1.4178,1.1649,1.74,0.7134,46.69,362.56,D
3986,-5.6654,-5.1148,0.8907,0.7358,0.464,0.6217,39.79,302.75,A
3987,5.4741,5.994,-4.8577,-4.9111,1.5224,1.174,43.78,291.21,B
3988,6.4802,6.5986,-1.4029,-2.0269,-1.2955,-0.4467,46.06,300.67,B
3989,2.8103,1.9257,-1.7927,-0.2719,-1.9396,-2.1009,41.17,296.58,A
3990,-1.9298,-2.9848,-5.1903,-3.86,-0.0245,1.0659,36.74,252.82,A
3991,0.1159,0.1976,1.4522,1.5067,0.4165,-0.2375,40.87,340.35,D
3992,0.4683,2.1308,-1.0531,0.8971,0.983,1.3461,46.38,340.32,D
3993,0.6113,0.1414,1.7622,1.919,1.4618,1.7536,48.88,337.96,D
3994,-0.2153,0.0083,7.0345,6.3804,2.1155,1.9293,51.52,371.49,D
3995,-2.7742,-2.2889,3.824,4.2934,-1.3306,-0.1624,44.64,357.09,B
3996,-8.8285,-9.2367,-4.7106,-4.2377,-1.3046,-1.9456,28.95,193.06,A
3997,-3.8531,-4.6497,1.6708,1.3015,-1.562,-1.5859,37.61,308.38,B
3998,-0.7269,0.4281,3.1612,3.9272,0.9463,1.6945,45.18,326.84,D
3999,-1.8841,-2.3499,4.6821,4.2059,0.8784,0.9212,46.69,333.62,D
4000,-4.3584,-3.4408,-3.7889,-3.3516,-0.8003,-1.0393,34.24,254.82,B
4001,-0.4367,-0.1312,3.6782,4.509,3.4259,1.5228,47.42,355.9,D
4002,-6.5558,-4.8061,-2.53,-0.4708,-2.2072,-3.8979,33.57,236.69,C
4003,7.5112,7.5547,0.9507,0.1064,-0.17,1.7728,49.81,342.49,B
4004,-4.4254,-4.127,1.0952,0.6037,1.2865,0.3229,37.14,295.97,B
4005,-2.527,-2.8763,-0.4906,-0.624,-3.7428,-1.7449,34.97,244.38,C
4006,-2.3453,-1.1927,0.3483,0.4261,-1.3004,-1.1605,39.35,307.55,A
4007,0.9861,1.4714,4.5413,3.5149,2.0551,1.7818,49.3,382.0,A
4008,5.6748,7.0211,-0.1586,0.4284,-1.9249,-1.4727,48.55,324.34,B
4009,10.8014,11.2605,0.0194,0.7556,-0.5919,0.8095,52.12,380.69,A
4010,-0.0179,1.4411,-2.768,-3.4598,0.4933,-0.5105,37.86,259.64,D
4011,3.2454,3.5805,5.778,4.476,-0.4482,2.6412,48.46,396.24,B
4012,0.0168,0.2166,1.5541,1.2104,-0.0342,-1.2456,43.92,312.23,B
4013,0.802,1.1013,-1.8909,-1.9213,-1.3071,0.1112,39.58,286.47,A
4014,5.7096,5.0748,1.1112,1.6973,-0.0085,0.7378,49.03,368.37,B
4015,9.6864,8.8689,1.0142,0.4699,4.7731,3.4871,52.21,380.99,A
4016,-3.5237,-3.0951,-0.7339,-1.5562,-0.9195,-2.3703,35.08,250.74,B
4017,-1.1746,-0.7967,-2.4093,-1.9643,-2.3355,-2.1548,38.11,273.18,D
4018,5.8725,6.4294,2.1362,3.1679,0.401,0.5661,51.73,394.12,A
4019,-4.3193,-4.2845,-0.3891,-0.6589,-1.6019,-1.5301,37.32,285.26,B
4020,-4.6726,-3.6303,-2.0446,-1.6224,-2.3401,-2.3369,35.98,288.2,C
4021,6.3657,5.1069,1.6434,0.8775,2.9328,2.4206,51.12,371.6,A
4022,11.0192,11.1413,-1.5336,-1.1897,-0.4505,0.6997,53.26,361.27,D
4023,-1.3904,-2.3638,-2.0751,-2.2845,-1.1693,-0.9291,39.67,277.29,B
4024,11.2883,11.0323,7.6954,7.4543,3.8887,4.4126,62.38,465.71,C
4025,1.7213,1.4609,0.241,0.6234,0.898,0.4021,41.91,334.52,A
4026,4.6433,3.4558,-0.8399,-0.9785,-1.0423,-1.1752,49.36,349.82,C
4027,16.9382,17.1262,8.0107,7.0319,0.0353,2.3428,61.89,500.3,B
4028,-3.8316,-4.0628,-0.987,-1.5271,-1.6119,-1.3639,33.01,258.88,C
4029,-0.5671,-1.066,-2.2147,-1.4711,0.9108,0.3684,42.58,289.25,A
4030,0.9831,-0.26,-2.9096,-3.4851,1.5378,1.6281,41.66,283.17,C
4031,6.8942,6.6989,-0.6308,-1.9811,0.3928,-0.301,46.9,317.9,B
4032,-4.4434,-5.5724,-0.8525,1.1062,1.5087,1.2786,39.69,268.06,D
4033,-2.5964,-1.7832,-0.0084,-0.9223,-1.9746,-0.4383,38.56,294.8,C
4034,0.9543,2.7324,4.6708,4.2417,0.7988,0.7869,51.9,374.58,B
4035,3.6551,3.1286,3.2882,3.2253,-2.0639,-0.7242,47.46,359.02,A
4036,2.9386,3.7352,-1.5402,-0.6889,1.5158,1.2456,43.45,309.85,A
4037,4.3524,4.0708,-1.3374,-0.8572,-0.7778,-0.1107,44.75,308.88,B
4038,5.5754,5.7965,-0.8921,-1.0423,-0.1554,0.5245,48.07,339.33,B
4039,7.7374,6.936,3.6295,3.5253,0.4463,1.0134,51.39,388.57,B
4040,-2.6958,-2.2369,-2.4738,-2.9275,-0.3268,-1.4508,36.34,277.06,C
4041,-9.5759,-10.0072,0.2645,0.4679,-1.7057,-2.7386,31.84,253.77,B
4042,1.0171,-0.28,1.1072,1.2922,-0.2212,0.4228,42.87,316.33,C
4043,14.3044,13.6663,5.3139,3.9126,2.0787,2.1114,57.27,448.16,C
4044,5.8182,5.832,4.3115,4.02,1.966,3.4661,56.46,391.76,C
4045,-0.1723,-1.0038,-0.8472,-0.1076,1.6926,1.357,41.17,327.94,B
4046,-3.2461,-3.1366,-1.6959,-2.363,1.0761,-0.3585,36.37,264.64,C
4047,-2.3929,-2.0701,-2.6049,-2.6811,-1.518,-1.501,37.79,272.02,B
4048,5.1453,5.595,0.429,0.9371,1.6043,0.2124,47.84,357.44,B
4049,-3.7589,-3.5609,-2.3627,-2.2142,-0.6332,-1.0873,37.43,279.75,A
4050,-6.8723,-7.9151,-3.6645,-3.9189,-3.6747,-3.0079,28.11,209.27,B
4051,13.3118,13.5832,3.6939,3.6483,1.9007,2.8197,59.26,445.82,A
4052,1.89,1.9952,-0.2548,1.2416,0.905,0.5539,43.42,328.96,B
4053,2.1235,2.9653,2.1609,0.2494,1.7762,0.966,47.88,356.78,C
4054,-8.0084,-7.3533,-5.7314,-5.1502,-0.8396,-1.4089,27.45,214.29,D
4055,5.4642,5.8144,-0.9362,-1.8321,0.1849,-0.1494,45.35,331.03,A
4056,3.4953,4.2557,2.0558,0.9154,0.5455,-0.2541,49.64,304.5,D
4057,-0.2131,1.8781,-2.2573,-1.9847,0.6194,-0.4762,39.26,312.7,D
4058,-3.2432,-3.2033,0.6135,1.9518,-0.6026,0.1051,40.6,300.12,C
4059,1.8948,3.4109,2.8964,2.0419,-1.3385,-0.4947,44.25,341.06,D
4060,-4.0096,-3.2399,-2.5363,-1.1183,-1.1533,-1.1301,33.5,263.37,D
4061,2.782,2.818,4.089,4.2707,0.9422,1.9343,49.16,373.73,A
4062,-3.6998,-3.6025,-6.0546,-5.1272,-0.6612,-0.7529,34.6,211.0,D
4063,3.4173,3.9515,0.8541,1.3282,0.8858,0.9931,46.23,346.56,D
4064,-1.0952,-2.0869,2.9817,1.5599,-0.1284,0.3232,42.94,339.4,B
4065,8.5557,9.5299,1.2067,0.9696,1.5825,0.831,53.57,376.89,C
4066,3.7992,4.1681,0.9588,0.6415,-0.6389,0.7134,48.5,362.86,A
4067,-9.3989,-9.8252,0.1167,-0.4919,-0.056,-0.6518,33.91,245.28,C
4068,4.1745,3.315,0.8426,-1.2328,-0.9316,-1.7237,45.81,334.95,D
4069,5.1275,5.0578,-2.7008,-2.7612,-1.6764,-0.5659,40.81,305.52,A
4070,-2.9127,-2.0924,0.6853,0.8824,1.5587,0.6812,39.42,318.96,A
4071,4.0247,4.2343,-0.5993,-1.7412,-0.452,-1.8387,45.79,309.1,A
4072,4.9846,4.8223,-0.7118,-1.6376,0.1474,-0.0367,44.5,327.33,B
4073,-2.5905,-2.9006,1.0588,1.3473,2.7845,2.0446,44.16,341.18,B
4074,7.7884,7.4545,0.5492,1.5965,-1.0,0.129,54.54,343.05,A
4075,-0.0748,-1.2949,1.9233,2.2207,1.4749,2.9913,44.33,324.25,A
4076,2.8338,4.5565,1.2159,0.3153,-0.9923,1.1359,43.59,345.0,A
4077,1.904,1.9046,4.625,4.0797,-2.946,-1.4253,45.42,344.91,A
4078,4.0048,3.4161,0.5511,0.0346,-1.0936,-0.248,43.86,355.88,D
4079,3.3069,3.4741,-4.2998,-3.2841,-2.1306,0.8077,37.84,289.86,A
4080,-10.6709,-9.5619,1.109,1.7135,-0.4267,-2.0339,34.99,252.18,B
4081,9.1505,8.844,1.952,1.0747,0.5662,0.0195,52.41,387.7,A
4082,-4.8367,-3.1748,-3.6144,-1.654,-0.7973,-2.2805,33.44,241.18,D
4083,3.5639,3.1946,-1.208,-0.1351,0.2072,1.8433,44.77,341.4,C
4084,-2.1339,-3.3101,-4.6251,-4.5346,0.9063,-0.6305,35.57,266.11,C
4085,-1.0784,-1.5036,0.3104,0.5722,-1.6403,-2.1276,41.14,293.06,C
4086,-11.6114,-10.5697,-3.4849,-2.9838,-0.9305,-2.0684,23.16,191.08,D
4087,-5.7943,-5.6597,-2.3015,-0.5994,-3.3208,-2.9436,32.81,225.28,B
4088,-6.0193,-6.1407,-1.5668,-0.2797,-1.67,-1.4962,33.88,251.3,D
4089,0.7955,1.1674,-2.5355,-2.8451,-0.5394,-0.346,37.9,287.65,D
4090,9.6617,9.2754,1.9253,0.3546,0.0833,1.5744,52.56,381.17,B
4091,-6.7393,-7.0374,-2.5577,-3.6376,-1.6935,-2.8366,30.22,232.78,C
4092,0.9838,0.6566,0.8484,1.2391,1.3831,1.0629,42.55,315.04,A
4093,-2.727,-3.4824,-1.3477,-0.3457,2.736,2.0639,37.38,294.98,D
4094,-6.6705,-6.585,-7.3776,-4.7672,-0.4855,-1.6738,28.6,181.39,D
4095,0.6363,-0.9408,2.2099,2.5881,1.2519,1.8226,44.68,356.24,D
4096,1.6538,0.6672,0.2011,0.0886,1.8944,0.9331,43.81,333.63,B
4097,-0.7742,-1.587,-2.2078,-2.7991,0.9122,-0.4371,35.97,296.33,C
4098,4.1615,2.7481,3.218,2.3745,1.438,2.172,50.62,361.98,B
4099,-9.8089,-7.924,-2.5866,-1.3907,0.9911,0.4999,35.25,232.22,A
4100,-1.1763,-1.9079,-6.1602,-4.6189,-2.3191,-1.2247,32.53,269.77,D
4101,0.2121,0.7567,1.3666,1.8281,0.6879,2.3106,43.16,322.82,B
4102,-0.9795,-0.9572,-2.0576,-2.2042,1.0327,0.2167,41.81,259.89,D
4103,3.481,4.3559,3.9007,4.6292,0.8223,1.9193,52.66,384.35,A
4104,-1.7437,-0.7578,1.3261,1.3304,-1.7231,-0.9951,44.31,316.06,A
4105,0.8361,-0.5901,-2.7032,-2.666,-1.6103,-2.4608,37.78,269.65,D
4106,-10.9291,-9.7789,-5.3754,-4.4648,-1.52,-1.4458,28.09,191.95,B
4107,0.8101,0.1054,-0.8052,-1.2156,0.1077,-0.0092,41.55,308.55,A
4108,-6.3348,-5.826,-0.1695,-2.2292,0.1079,-0.6658,35.65,263.96,D
4109,3.0709,3.86,-1.0438,-0.6589,-1.012,-0.0056,41.59,334.92,C
4110,5.1703,5.665,0.5106,1.2457,1.6378,0.2372,52.26,371.08,C
4111,2.3878,3.3617,-2.4171,-3.325,0.0616,-0.3176,39.54,308.46,A
4112,-2.548,-1.9168,3.5467,3.939,-0.7227,-1.4897,43.51,335.82,D
4113,-0.0676,-1.1231,1.2364,3.186,1.2006,1.8202,44.15,335.89,D
4114,0.1556,0.0542,-1.1798,-0.9227,-1.7168,-1.9281,41.02,277.48,B
4115,-5.5725,-6.3476,-3.3474,-2.9331,-1.3396,-2.1294,28.1,204.85,D
4116,-1.3325,-2.5553,-0.2256,-1.2287,1.6499,0.845,41.02,315.82,C
4117,4.4507,4.5805,2.6828,1.4871,1.54,1.8384,50.12,378.75,C
4118,-2.8279,-3.9496,1.8198,0.7945,-0.4817,0.3741,39.45,326.86,C
4119,6.4758,5.6258,-1.5031,-2.6854,1.0488,0.1961,46.72,332.89,D
4120,-3.9441,-5.4852,1.1115,1.8099,0.4662,0.3419,37.36,304.15,B
4121,3.9387,4.4136,1.4439,1.2368,0.027,0.5734,44.62,376.58,B
4122,-1.9912,-1.3327,0.6729,0.946,-0.4588,-1.3867,39.92,313.02,B
4123,0.3009,0.3124,-2.1453,-1.1663,-3.8598,-2.1731,37.25,285.62,D
4124,-5.8319,-4.036,4.7455,4.5546,-1.2468,-0.4941,42.55,334.75,B
4125,-4.441,-3.8888,-1.6056,-1.7492,0.5271,-0.3873,35.75,263.85,D
4126,-5.2931,-5.2447,-1.0354,-1.4166,-0.1713,0.2363,36.2,299.75,C
4127,-8.031,-7.8216,1.8861,2.3969,2.4811,1.7648,36.31,287.3,B
4128,0.6015,0.5219,1.2097,-0.8187,-1.3051,0.5146,41.84,305.42,D
4129,-1.0503,-1.5859,-1.6763,-2.4608,0.3168,-0.7613,38.17,269.78,C
4130,8.5149,9.5284,4.1152,4.6918,1.1506,3.1739,58.07,401.29,A
4131,1.3559,0.6843,1.2033,0.5135,0.7535,0.0939,42.85,327.2,C
4132,-6.363,-6.0731,-2.9386,-3.0525,0.8919,-0.4567,33.77,293.79,A
4133,11.5571,11.509,3.0954,0.8953,-0.2011,0.0507,52.46,391.96,C
4134,8.277,9.8543,4.6509,4.3836,-0.6459,0.4353,53.68,410.82,B
4135,2.8594,2.8468,-1.3537,0.7123,0.5794,0.9599,47.17,326.51,D
4136,3.5956,2.8903,4.5247,3.3655,1.5468,2.3015,50.57,383.8,C
4137,-0.2945,-1.4017,1.4109,1.5643,2.1548,1.2624,46.14,353.1,B
4138,10.6919,10.324,1.2035,0.8021,0.3854,2.3905,56.45,394.7,C
4139,-4.9335,-4.0334,-4.7437,-5.2354,-2.2257,-1.8661,28.74,212.74,A
4140,-1.0569,-0.9543,2.3562,1.7373,0.0033,0.1243,42.5,329.06,D
4141,-4.5233,-4.4603,1.6045,1.5041,0.2609,-0.9455,38.9,323.92,D
4142,0.2638,0.1251,1.4858,0.2568,-1.9548,-0.0308,42.35,284.17,B
4143,1.9883,0.9919,1.546,1.6466,-2.7155,-2.0366,42.57,306.24,D
4144,-11.2299,-9.871,-3.7602,-3.0487,0.3355,-2.0045,27.9,226.12,C
4145,-4.3689,-3.8754,0.8963,1.3958,0.6555,0.2299,38.47,283.23,C
4146,-5.1487,-5.9101,-1.1492,-0.9976,-0.2578,-1.8221,39.0,278.43,B
4147,-4.4601,-3.4468,-2.4355,-3.1695,-1.7429,-2.3872,29.93,210.18,A
4148,-3.9885,-4.8308,-2.447,-1.6579,-1.0576,-1.5049,35.02,286.38,C
4149,-5.4112,-4.595,-0.3522,-1.1533,-0.623,-0.762,33.52,264.28,D
4150,-0.9039,0.5904,0.1906,0.5722,1.2272,0.7774,41.76,291.91,A
4151,-8.3015,-9.0388,-5.0495,-3.8867,-0.3572,-1.5137,31.57,206.63,A
4152,-13.5346,-13.2105,0.623,1.5338,-2.2461,-2.6643,28.11,225.43,C
4153,7.4803,7.5507,-0.1729,0.8458,0.1253,0.6949,51.68,363.09,C
4154,-0.1121,0.3785,-1.6042,-0.8366,-1.2771,-0.5512,39.49,278.92,B
4155,-3.4637,-2.1354,-0.6825,1.1662,3.3261,3.1345,41.16,314.68,A
4156,4.2138,5.6195,1.6735,1.4971,-0.5395,-0.716,46.37,365.11,A
4157,2.6887,2.006,0.9425,0.413,-0.0893,0.9466,46.04,298.1,B
4158,-2.0144,-1.4812,3.0532,2.8115,1.4542,1.8733,43.72,315.01,D
4159,6.5037,7.2906,0.8788,0.4207,-0.6899,-0.2808,44.82,349.39,B
4160,6.1812,5.7959,-0.0614,-1.1558,-0.1105,0.9925,45.83,323.02,C
4161,-0.997,-1.4786,-2.7403,-1.4979,-0.9982,0.1106,38.48,285.31,C
4162,4.5662,3.8129,-1.6731,-1.7731,1.3913,0.3626,45.94,319.92,A
4163,3.474,2.9293,-2.1627,-2.3543,1.4387,1.0479,44.94,316.7,D
4164,6.4755,5.5858,1.7281,1.401,1.7146,0.8821,46.95,365.86,C
4165,-3.7387,-3.2318,0.7364,-0.1695,0.1492,0.2107,39.58,307.14,A
4166,3.572,3.8084,-1.4168,-0.4047,1.5765,0.5856,47.34,345.97,C
4167,-1.8296,-0.3255,-0.9311,-1.8399,0.142,-0.8255,41.07,310.9,D
4168,8.5349,9.4322,8.657,6.4271,2.9078,3.9684,60.22,447.91,B
4169,4.1208,4.5275,0.6217,-1.1958,-0.0668,-0.6658,45.8,329.35,B
4170,-7.2445,-6.033,-2.2721,-0.7265,2.4616,1.1595,38.8,248.29,C
4171,-1.1171,-1.7508,-0.1404,0.6656,-2.2172,-1.1958,41.69,311.24,C
4172,6.6034,6.5424,1.0852,1.0435,0.8461,0.6253,48.57,393.8,B
4173,2.7768,2.1556,4.3349,3.9232,1.2022,3.9641,51.42,366.64,A
4174,-3.9829,-3.6097,0.2227,0.3172,-1.3555,-1.6301,35.53,270.97,D
4175,-4.3353,-4.7234,-0.647,-0.9701,-2.2648,-2.2317,36.62,266.1,C
4176,-3.1787,-3.5089,-3.2881,-2.5984,0.7964,-0.8875,38.88,289.76,D
4177,2.5514,2.3925,-0.2616,-0.8889,-0.6002,-0.8943,43.36,303.38,B
4178,-5.0383,-5.7536,0.8138,0.3387,-2.9138,-2.9832,36.87,273.84,A
4179,-0.5304,-0.4835,1.4727,0.1617,1.2914,0.6243,42.67,281.9,C
4180,8.397,9.0506,1.0524,0.5925,1.0189,0.613,54.01,371.7,B
4181,-5.8881,-5.8623,-3.6811,-3.5702,-1.4033,-2.6424,29.2,228.69,B
4182,-3.1871,-2.1684,-1.444,-1.7203,-2.281,-2.0875,38.08,258.3,B
4183,-2.3762,-2.5174,3.0791,1.628,-1.4482,-1.0479,41.08,278.82,B
4184,-4.0038,-3.9755,-3.1389,-3.5865,-0.443,-2.2247,37.0,268.56,C
4185,-3.6603,-3.5396,-2.4167,-2.595,-1.3768,-1.0419,33.67,240.49,D
4186,5.2931,4.8091,-2.9619,-2.443,-0.9866,-0.5912,46.66,328.48,D
4187,2.9465,2.1517,0.1178,1.3261,0.8846,0.9089,45.72,336.7,A
4188,4.2537,4.3217,0.6848,0.3941,0.3242,0.8749,50.91,352.5,A
4189,0.762,1.5175,-0.2761,-1.0567,2.1195,0.5626,44.88,333.5,C
4190,8.9689,8.1726,1.868,0.7323,1.2656,0.2717,54.76,363.97,A
4191,-2.8364,-3.8563,-1.4584,-0.3306,1.7767,1.4468,37.6,288.66,D
4192,2.7045,2.9463,5.924,4.7767,2.9448,4.1585,54.53,390.04,A
4193,-1.4307,-2.248,-2.5944,-3.7669,-0.5093,-0.2462,39.73,259.62,B
4194,4.9899,3.6296,-1.8799,-1.3159,0.329,-0.2718,43.84,321.98,D
4195,-4.1325,-4.4712,-0.2077,0.2027,0.4546,0.1543,40.18,283.1,B
4196,-0.8962,0.0665,-0.8186,-1.6967,-0.1034,-0.0211,40.94,298.95,D
4197,2.0367,2.331,0.8736,0.061,1.1757,0.9083,45.77,347.49,B
4198,2.8084,2.1615,1.612,1.9611,-0.1022,-0.1282,46.39,340.15,D
4199,0.1486,-0.9779,-4.1334,-3.4891,-0.6561,-0.7624,38.06,248.36,B
4200,-8.3284,-8.6126,-1.6619,-2.4628,-3.8778,-3.3427,29.33,217.49,D
4201,3.9485,4.4746,-0.0105,-0.6031,0.1431,0.0178,43.62,314.33,A
4202,6.0252,5.593,0.3111,-0.0917,2.4058,3.3899,48.66,388.15,D
4203,4.5124,3.5063,-1.6559,-1.8779,3.0458,2.0155,45.27,323.24,C
4204,10.7677,12.522,3.3806,4.2185,3.2562,4.3623,61.11,410.68,C
4205,-7.5694,-7.7345,-6.365,-5.5939,0.4886,0.0142,31.11,175.72,C
4206,4.8779,3.489,1.0331,1.1159,0.5659,1.3623,49.88,354.78,A
4207,-9.0571,-7.6752,-0.9591,-0.8027,0.461,-1.92,32.83,246.36,D
4208,5.4306,6.0974,2.8973,2.9715,1.4775,2.1246,48.42,374.44,D
4209,11.2953,10.7317,-0.1845,-0.792,-1.8235,-1.4172,50.62,365.29,D
4210,5.8523,6.2141,1.8316,0.0837,1.6951,1.972,50.81,346.65,D
4211,7.0643,6.461,5.8135,2.7626,1.9771,1.12,55.0,382.64,C
4212,-7.7615,-7.6905,-1.9166,-3.2083,-1.5213,-3.6204,29.37,222.13,B
4213,-2.5687,-2.6116,-5.0062,-4.4472,-0.349,-1.0574,33.85,240.3,D
4214,-1.051,-2.1271,-2.3612,-1.8343,0.3134,-0.3134,35.12,275.68,D
4215,-2.5153,-2.5346,0.9173,-0.5774,0.9393,1.6577,40.9,288.2,B
4216,-1.4736,-2.5955,-1.2002,-0.6862,-0.1148,0.6901,38.82,288.36,C
4217,7.0505,7.4052,4.9094,4.3025,1.1251,0.4987,54.38,405.04,C
4218,7.5906,6.5998,2.549,1.6007,2.7721,1.5122,50.79,390.86,D
4219,5.1835,3.1619,-0.3561,-1.8188,0.4004,-0.1286,43.88,326.31,B
4220,4.8553,4.4324,-2.3881,-1.7223,-0.7654,-0.3096,42.71,328.2,C
4221,3.8214,2.4412,0.0146,-2.0926,-1.4574,-0.0821,43.0,321.43,A
4222,1.7954,1.07,0.6363,1.4076,0.9642,1.1443,45.22,325.73,C
4223,-6.1807,-7.0599,-0.8964,-2.1719,-0.8952,0.2596,36.26,239.83,B
4224,-4.2756,-4.9974,-0.9773,-1.3975,-2.4026,-2.1679,33.36,271.94,B
4225,-4.2313,-5.0309,-1.7183,0.0077,0.0851,-0.8925,37.11,274.16,D
4226,-4.8826,-4.5642,-3.743,-3.5037,0.195,-0.6856,33.58,236.22,C
4227,-6.7681,-6.3033,-1.7389,-0.8496,-2.1836,-0.7245,32.52,246.43,A
4228,-3.9657,-3.3234,-4.6513,-3.6859,-0.3376,-0.955,35.02,249.76,A
4229,-0.3504,-0.7936,3.3826,4.0368,-0.3903,0.4534,46.7,355.48,B
4230,-3.1553,-3.5739,-0.8652,-0.8131,-1.8767,-1.3651,34.14,309.74,C
4231,1.8475,2.6899,-2.538,-3.539,0.8985,-0.9039,40.62,292.15,B
4232,0.2228,1.0419,2.5479,0.6892,-1.2442,-0.1735,45.24,334.13,D
4233,2.293,2.0764,-0.4906,-1.0156,0.4241,2.2561,42.06,317.69,B
4234,-14.7401,-14.1837,-8.77,-7.8672,-2.7211,-2.7876,17.81,105.26,D
4235,13.1858,12.9107,3.3579,3.4383,-0.3859,-0.0535,54.85,415.36,A
4236,-3.6008,-3.0326,-1.8327,-0.8486,-1.171,-0.2229,34.33,254.37,A
4237,19.4765,18.6642,6.5235,5.1122,1.0683,1.7779,65.94,441.1,D
4238,-10.9727,-9.1257,-3.9741,-2.9101,-0.3515,-1.6716,30.22,231.27,D
4239,0.8132,0.4242,1.2065,1.0398,0.6568,0.9655,44.3,325.76,D
4240,9.6403,9.8429,0.3808,0.3165,1.0405,0.4231,53.35,378.93,D
4241,1.9862,2.4616,4.3589,3.2342,0.5582,1.9775,49.27,368.27,C
4242,3.35,3.3502,-0.7006,-0.0624,2.8154,1.8828,44.02,341.54,C
4243,-9.3249,-8.4306,1.6915,3.8597,0.648,0.4146,36.93,280.8,D
4244,8.7297,7.1705,4.3056,4.6719,2.4173,3.6678,55.57,413.3,B
4245,-2.8931,-2.4735,1.2007,1.2089,0.133,-0.6822,38.6,290.96,A
4246,4.6752,3.6062,-4.2325,-3.4893,-1.1101,-1.6225,40.7,324.92,D
4247,5.2258,5.7245,1.1381,2.1242,1.562,1.9738,53.2,362.22,C
4248,5.5678,5.228,0.7911,0.2354,1.9579,1.7002,48.89,329.76,B
4249,4.4337,3.444,1.161,1.2663,-0.2656,-0.0279,49.67,360.53,D
4250,6.4387,5.5223,-1.583,-1.518,-1.9968,-1.625,44.69,332.06,A
4251,5.4835,6.0128,1.7222,3.4801,1.246,3.4715,51.32,354.44,C
4252,6.0618,6.5382,-4.3983,-4.6738,-3.0559,-1.9094,42.19,336.52,C
4253,-8.0608,-7.724,-3.6735,-4.3459,-3.7629,-3.9104,28.22,220.04,B
4254,5.2378,3.8954,3.3401,4.0474,2.4165,2.8176,47.55,391.35,C
4255,6.6186,6.7225,-0.3748,0.9911,0.8052,1.3744,48.88,337.48,C
4256,-4.4748,-4.3018,-4.8423,-3.3745,0.4916,-0.0252,31.84,241.34,A
4257,0.2934,0.6439,4.3402,3.9851,1.2554,0.8921,45.54,341.47,B
4258,-4.4474,-2.6377,-0.6501,-0.4567,0.7532,1.6734,38.57,288.56,A
4259,-11.7894,-9.622,-2.0054,-2.7974,0.4456,-0.2168,29.05,231.36,C
4260,2.3744,3.6089,0.8091,0.7949,1.1503,1.1108,45.66,376.31,A
4261,2.9227,1.5225,1.7163,3.2797,3.8755,3.5875,52.27,363.65,A
4262,-3.7605,-4.4992,0.7345,0.7604,-1.5084,-2.0887,37.66,301.37,B
4263,3.5931,2.9124,1.1408,1.7376,1.615,1.3884,46.83,344.1,A
4264,-5.8318,-6.4629,-1.1139,-1.2315,-0.1403,-1.3521,34.42,236.96,C
4265,-9.608,-9.0846,2.4739,1.0612,-0.687,-0.9416,33.21,260.44,B
4266,0.8063,0.4697,-4.3158,-5.226,-1.9588,-1.7052,37.97,266.78,A
4267,1.9232,2.2437,3.914,4.0067,4.8342,3.5222,51.32,382.85,A
4268,0.7488,1.8305,4.2111,4.622,0.5173,2.2186,50.5,361.14,C
4269,6.0065,6.9425,5.0228,2.9926,0.3212,0.5615,51.14,384.08,C
4270,-17.9566,-16.4987,-1.8939,-1.6052,-1.9986,-3.2465,21.59,180.52,C
4271,-4.9861,-4.2094,-3.2153,-2.6647,-1.9657,-2.5218,34.83,262.3,D
4272,-8.3594,-7.7982,-4.4511,-4.3893,-0.9006,-0.1276,29.75,217.52,D
4273,-6.4014,-5.6637,0.6998,-0.0143,-1.5945,-2.7908,34.22,261.58,A
4274,-1.3742,-1.3482,-2.6543,-3.0685,-0.0834,-0.7708,36.9,273.76,D
4275,-5.2085,-5.7721,-3.2998,-0.6071,0.6542,0.1072,36.24,261.28,B
4276,2.9737,3.3984,0.5751,1.0425,-0.2573,0.492,40.78,322.04,B
4277,-0.2809,-1.5578,1.1544,1.1182,0.9176,0.0773,42.23,295.53,A
4278,6.2618,5.7263,3.3745,2.9418,0.7051,1.2523,48.44,368.95,C
4279,-2.872,-1.5862,-4.0141,-3.4268,-1.2715,-2.1425,35.56,250.84,B
4280,-6.0477,-6.6103,-0.7572,-1.3441,0.0964,0.589,34.87,280.66,B
4281,-3.4624,-3.4463,-1.8771,-0.2129,0.1373,0.0814,38.36,288.94,C
4282,9.7971,8.3174,2.5372,2.7591,0.8996,0.5163,49.78,381.8,D
4283,0.207,-0.8434,-1.4085,-1.6815,2.2946,1.6819,42.78,296.71,B
4284,-0.3735,-0.8004,4.6101,4.6501,-0.3151,0.0325,45.52,356.92,C
4285,-3.4537,-5.3737,-2.9285,-3.4554,-0.4111,-0.5801,33.99,253.12,D
4286,7.5393,7.7939,-1.1577,-0.9616,0.8624,1.1127,50.9,358.82,D
4287,-0.3553,-0.6517,-0.0849,-0.7134,0.048,-0.409,41.11,306.6,C
4288,-1.4919,-2.2109,0.5233,-0.588,-0.2425,0.8767,40.05,283.42,A
4289,0.6642,0.5061,0.0719,0.1036,-2.3004,-1.6906,42.88,308.66,B
4290,4.408,5.6142,0.4644,-0.4073,-2.9651,-1.4638,44.41,342.42,A
4291,-5.8241,-5.2777,2.7519,1.7964,-0.52,-0.6505,35.37,296.21,B
4292,-4.9394,-5.2497,-1.18,-1.1181,1.8045,0.1911,35.84,286.48,C
4293,-7.079,-6.6704,-4.9747,-4.7544,-0.6922,-2.1505,25.9,220.75,C
4294,2.4065,1.4951,-1.7752,-1.7778,-0.8775,-0.2613,38.0,300.37,B
4295,-5.4448,-5.3308,-4.2353,-1.7832,-3.9632,-2.2246,31.05,236.48,D
4296,4.1464,4.4113,-0.0874,0.5305,1.8049,1.5608,49.33,372.11,D
4297,-8.5937,-7.7518,-2.3906,-2.1158,-1.105,-1.9857,28.3,225.57,A
4298,-7.2374,-7.0089,-0.6747,-1.0102,-2.6125,-2.5219,33.35,231.1,A
4299,4.5345,4.5761,1.6408,0.0453,-0.5019,0.8523,43.11,345.93,C
4300,3.2452,1.7138,-1.1473,-1.6658,0.255,0.8749,43.34,309.4,A
4301,-0.3325,-0.2911,1.5794,2.5442,-0.0086,0.9338,45.19,344.26,C
4302,3.4962,2.1123,1.8509,0.41,0.3999,1.0823,43.78,330.2,A
4303,-4.9767,-5.0706,-0.2226,0.5423,-0.1869,0.0483,34.63,272.92,A
4304,-0.1696,0.3763,-0.6038,1.1264,-1.459,-1.651,42.45,310.79,D
4305,0.6484,0.5435,1.4979,0.3584,-0.7252,-1.0406,43.05,335.48,C
4306,-9.8401,-9.8334,-0.7907,-0.284,-0.2429,-1.1432,33.93,258.99,D
4307,1.4917,2.1421,-0.5152,-0.2847,0.5443,0.4427,45.5,284.96,A
4308,2.5111,3.1816,0.752,0.0107,-2.1959,-1.8871,44.05,353.28,D
4309,-5.5783,-4.926,-1.8126,0.1719,-3.7208,-3.8652,31.39,263.64,A
4310,-6.7037,-6.6537,-0.9273,-0.498,-0.1903,-0.4503,36.03,252.84,C
4311,13.0811,11.1271,0.062,0.3523,4.9921,4.9439,55.4,412.88,B
4312,5.1251,5.8366,1.6243,0.8019,1.803,3.0747,51.94,344.92,C
4313,-1.2354,-0.9065,-2.9885,-2.3487,-1.0177,-1.8401,39.53,242.15,A
4314,5.2851,4.4196,1.3547,1.3827,1.0856,1.7847,49.23,383.4,A
4315,8.0112,9.2059,2.9182,2.8913,1.7982,2.6614,54.25,430.12,A
4316,-4.5724,-3.2724,1.08,1.5945,-0.0489,-1.1217,39.84,291.67,B
4317,3.7719,4.1001,2.6806,2.3626,1.6643,3.1639,49.39,352.98,B
4318,-5.9064,-5.6111,-3.3,-3.7424,-1.0185,-1.6352,31.17,217.8,C
4319,3.9196,3.0671,-0.5054,-0.793,-0.3632,0.2365,43.94,330.8,B
4320,-12.6699,-10.482,-0.3008,0.8657,-1.5834,-1.1008,28.44,247.1,B
4321,-2.0829,-2.6192,-1.5572,0.8891,0.5733,1.2577,40.82,288.14,A
4322,7.7972,8.627,-0.1191,-0.9128,1.3913,1.2476,49.51,361.28,D
4323,-3.2907,-3.0873,0.86,1.3372,-3.0405,-1.7538,35.62,291.96,D
4324,-10.8204,-10.947,-1.997,-1.8963,1.3591,1.0319,29.73,205.76,B
4325,2.2726,2.1963,3.0294,1.8141,-2.4432,-1.0524,43.65,325.93,C
4326,7.6658,7.9198,0.7555,0.6447,-0.9802,-1.7453,49.39,351.65,A
4327,-2.8916,-2.7838,-1.1808,-1.5902,1.0221,-0.4121,41.68,288.98,A
4328,1.755,1.2359,0.5897,0.3503,1.7602,1.9379,46.81,308.24,D
4329,3.1817,1.7127,-0.6698,-1.4908,-1.037,-1.4096,43.7,262.34,B
4330,4.5673,6.4342,0.8316,1.4078,2.7649,1.1272,47.4,380.32,D
4331,3.4515,3.2888,2.5337,1.7644,-1.1229,-0.3898,44.08,356.96,A
4332,6.2195,6.0058,-1.4445,-0.9245,0.7654,0.0711,47.99,339.23,C
4333,-1.7687,-1.993,-0.0804,0.91,0.7185,1.0012,40.7,300.04,B
4334,-3.481,-2.7332,-6.3462,-5.406,-1.0684,-1.5517,29.61,239.26,D
4335,9.2264,8.6925,0.7824,0.8077,-3.4371,-2.1154,50.11,359.92,D
4336,1.4569,1.4567,-0.7809,0.6401,2.7672,2.2056,47.83,331.26,D
4337,-4.3807,-4.6908,2.1684,1.1939,-1.0606,-2.2062,38.29,307.59,A
4338,1.9783,1.8792,7.7207,6.5124,2.8595,3.7983,52.04,380.68,C
4339,5.7382,5.4787,6.3299,5.5667,0.3818,0.881,53.75,417.41,B
4340,-6.2454,-5.0156,0.2096,0.0051,-2.5208,-2.0987,39.19,251.13,C
4341,5.5502,5.7419,0.641,-0.1004,0.6011,0.6466,49.77,382.29,A
4342,-1.7983,-0.0801,5.6921,5.4273,-0.1539,0.488,47.83,370.66,A
4343,6.1961,6.0921,1.9513,1.4201,1.5078,1.6758,50.44,389.22,B
4344,-4.3459,-3.8476,-1.9595,-0.6922,-2.3846,-1.6014,38.44,261.9,C
4345,4.5377,4.5529,-3.1391,-4.2591,-0.4932,0.8092,40.3,323.13,D
4346,-3.1823,-1.6131,-4.8941,-5.9568,-2.0873,-1.4323,34.1,273.65,C
4347,-15.8259,-15.6755,-3.6724,-1.3148,1.3222,-1.5306,25.15,188.42,D
4348,0.2941,-0.4564,-1.4148,-1.6834,-0.0511,-0.8487,38.94,305.5,A
4349,-1.3707,-0.7981,-6.7886,-4.8297,-0.9217,-2.3665,34.62,227.64,C
4350,-8.0056,-7.0686,2.2259,2.9607,1.3342,-0.1575,38.42,278.1,C
4351,-1.1541,-1.4015,-5.3871,-6.7186,-2.7934,-3.2634,35.41,223.68,A
4352,1.7732,1.2109,0.7624,1.3816,-0.5344,-0.5281,38.96,304.71,C
4353,-0.1517,0.3871,-2.7159,-2.3626,-1.5185,0.0128,38.68,258.76,D
4354,-1.5867,-0.4744,0.167,-0.3301,-0.5242,-1.2672,43.62,307.86,A
4355,8.7837,9.9855,3.1122,2.5452,-0.8594,-0.2785,52.85,412.58,C
4356,2.0397,0.7151,-0.8037,-1.1371,-1.0865,-1.6973,39.37,291.54,D
4357,-0.9519,-1.2022,-0.3161,-0.2519,-2.2486,-1.4491,41.61,298.42,B
4358,2.0325,1.0018,-0.3051,-1.6831,-0.8168,0.5872,45.35,301.8,C
4359,4.0855,4.6369,2.7044,2.6383,0.4831,1.9072,51.4,395.29,A
4360,-0.8722,-1.4402,-4.8609,-3.6583,0.7722,-0.9047,36.5,267.02,B
4361,0.0299,-0.1662,-0.2054,-0.2144,1.5866,1.0683,42.47,305.66,C
4362,0.7362,0.1652,-0.5906,-1.2534,-0.6841,-1.3439,40.8,282.23,A
4363,4.6988,4.597,0.5959,-0.1036,0.5388,1.1854,45.0,329.7,D
4364,2.9916,2.4752,3.1401,2.5477,-0.2273,-0.2348,48.96,343.52,C
4365,0.838,0.6388,-1.0825,-1.2842,1.0452,0.1477,42.15,316.33,B
4366,2.3506,2.1304,1.2848,0.6697,2.6722,1.2731,46.7,388.16,B
4367,1.2027,1.1859,0.0143,0.9303,0.6839,0.8478,42.28,359.7,A
4368,-2.367,-3.4241,-5.2858,-5.1713,-1.644,-1.5603,34.91,237.57,C
4369,8.7907,9.1556,2.4638,0.4728,-0.897,0.6799,47.61,368.27,B
4370,5.5403,7.2483,5.0997,2.634,1.4101,1.6056,51.16,366.28,D
4371,-1.3347,-0.5648,-2.0943,-0.3256,-0.3441,-0.1731,42.67,295.42,C
4372,2.1099,1.1794,0.7012,0.4118,-0.0679,-0.09,44.23,310.17,D
4373,-1.2004,-2.4604,-2.0515,-2.1167,-1.7718,-3.3393,36.78,272.64,D
4374,-18.9529,-17.9592,0.1115,1.2248,-1.8603,-1.7419,26.24,202.02,B
4375,2.2172,2.9461,1.1863,0.5424,-0.9833,-1.4224,43.68,307.1,C
4376,1.5483,1.3685,-0.436,-0.4935,-2.731,-3.3046,39.31,271.33,B
4377,-5.9035,-6.5987,-7.6186,-7.831,-1.987,-1.6668,26.22,181.7,B
4378,-12.8659,-11.8485,-7.0279,-4.7838,-2.627,-2.7454,20.83,154.11,D
4379,1.5942,1.791,0.2169,-0.4923,-3.8428,-2.6677,39.73,274.48,D
4380,-14.0385,-13.6235,-7.5877,-6.336,0.9215,-1.2881,23.72,118.37,C
4381,2.0635,2.7451,2.1113,1.4052,-0.1715,0.2207,43.34,352.75,A
4382,3.5668,2.8583,2.164,1.5732,-0.8901,-0.8103,45.91,342.36,D
4383,-4.2112,-4.8804,-1.5767,-0.0285,0.4542,-0.7464,39.4,272.54,A
4384,-2.518,-0.9645,-1.828,-1.2304,-0.1772,0.6599,39.45,300.46,D
4385,-2.8255,-1.5762,1.0833,0.1281,0.2509,0.2748,40.65,325.58,C
4386,1.2636,0.9293,2.867,1.4699,-1.6342,-0.5142,45.81,315.38,B
4387,8.5283,8.2248,3.1796,2.5756,1.55,2.0442,54.77,418.31,D
4388,2.5153,3.5364,3.8324,3.6939,2.3967,1.7555,50.84,360.18,C
4389,7.75,7.7621,0.3076,-0.5366,1.2317,0.7033,50.48,359.76,C
4390,-1.3579,-1.2765,1.2101,2.089,0.1318,1.0671,42.0,299.44,A
4391,11.3719,11.1477,0.6296,-0.1957,1.3263,0.1557,54.3,396.03,A
4392,-3.6728,-3.4946,-3.6397,-3.0286,-0.4328,-1.8591,34.68,226.6,A
4393,7.2294,7.3675,3.9171,3.429,1.5821,2.9235,52.05,413.98,C
4394,5.3066,4.5581,0.9559,0.9408,0.5392,-0.7771,43.44,334.28,A
4395,-14.464,-13.5542,-2.9353,-1.92,1.9758,0.2921,27.64,233.52,D
4396,0.4571,-0.4452,-0.4121,-0.5372,-2.5809,-2.4535,40.51,294.78,A
4397,0.468,1.3074,0.1168,0.3016,-0.4689,-0.5799,41.12,301.94,C
4398,-7.582,-7.6445,-3.9912,-4.5585,0.183,-0.2504,33.45,228.94,A
4399,0.235,-0.3919,0.5015,1.9892,-0.5498,0.6499,43.9,309.48,B
4400,-2.0766,-2.0212,-2.3841,-2.4179,3.52,1.8346,39.19,310.63,B
4401,1.7344,1.7969,3.3096,3.3359,2.1836,2.3134,49.12,392.3,A
4402,4.8412,5.4613,1.5703,2.7317,1.8358,1.0707,49.37,381.44,A
4403,-7.2695,-7.3005,-7.5289,-6.4751,-1.1475,-0.9789,27.42,174.59,A
4404,-0.7285,0.3377,0.497,-0.7097,-2.1688,-0.7157,44.18,307.27,D
4405,3.8379,4.1933,-1.4846,0.1859,1.5472,0.9667,43.5,307.67,C
4406,0.089,0.3935,3.9566,2.7916,2.0256,1.2055,45.22,370.06,B
4407,5.33,3.9267,-0.909,-1.6018,0.2564,1.3485,47.49,329.38,A
4408,2.9866,3.736,1.1255,2.5131,-0.3008,1.8515,45.53,360.62,A
4409,-0.5004,-0.3877,0.6954,1.5188,1.4247,0.8774,48.35,337.97,C
4410,7.6078,6.1703,4.4029,4.9154,0.0706,1.3492,51.34,397.38,B
4411,-0.5755,0.516,1.0392,1.4787,1.2596,1.1017,46.37,310.79,A
4412,-7.1712,-6.7577,-3.3943,-3.6193,-2.6674,-3.0342,32.76,237.71,C
4413,-6.848,-7.0272,-0.7241,-1.2902,-0.5295,-1.1804,35.76,255.25,D
4414,5.6527,5.9531,0.1676,0.4692,-1.3929,-2.4824,47.72,319.38,C
4415,-0.5949,0.0592,-0.4737,-1.3567,0.3944,1.7932,40.73,290.81,C
4416,-7.3487,-7.6382,-3.3164,-2.194,-0.4772,0.1328,35.99,256.71,A
4417,-4.5183,-3.7574,1.5173,0.8523,-0.6506,0.1658,37.63,294.68,C
4418,-1.661,-1.5488,-1.3845,-1.5967,1.2111,0.71,42.77,319.06,A
4419,-4.4304,-4.4406,-2.4218,0.1497,0.7746,-0.9222,38.35,294.06,C
4420,5.4122,5.1002,0.0703,0.4227,-0.1245,-0.1804,49.84,319.84,D
4421,5.3371,4.6637,-0.4136,-0.4936,-0.9133,0.2842,45.6,337.2,D
4422,0.1639,2.1658,1.4132,-0.1222,-1.7006,-1.8681,41.47,337.78,B
4423,-1.4083,-1.0355,-6.1303,-5.0745,-0.9711,-0.6929,37.91,262.38,D
4424,-3.1467,-4.3254,-3.0889,-3.2147,-3.5655,-2.8232,31.76,200.71,D
4425,-4.0899,-3.3185,0.6774,-0.3605,-0.0051,-1.6589,35.62,253.99,D
4426,2.1521,1.7798,-2.3395,-3.0901,-2.5065,-2.6029,40.16,260.93,C
4427,-6.5051,-6.3034,-2.2034,-1.6624,-0.7065,-1.6295,33.22,218.24,A
4428,8.0508,7.8243,0.3627,-0.3305,2.9579,2.6311,49.72,374.64,B
4429,-3.7532,-3.5734,-3.5932,-2.9463,1.4485,0.3411,37.54,259.84,B
4430,-6.7372,-5.2215,-4.1319,-3.9732,-4.6216,-4.8613,28.8,230.96,A
4431,-1.4128,-1.1103,3.1106,2.696,-1.4912,-0.554,43.0,306.62,A
4432,-4.1242,-3.9727,-6.9185,-7.4409,-2.5637,-2.4836,31.22,215.95,B
4433,-0.1225,-1.7466,4.9012,3.0157,-1.5594,0.7137,45.13,360.5,D
4434,-0.6181,-0.4399,1.7177,1.6937,0.5924,1.0194,47.09,343.61,B
4435,2.2334,3.5545,1.0642,-0.3427,2.3471,2.0442,47.11,345.55,B
4436,11.3288,11.178,-0.5578,-0.811,-0.1449,-0.0727,52.81,385.67,B
4437,-2.5567,-2.9284,-1.1576,-1.4083,-3.9158,-2.3584,38.14,261.29,D
4438,1.2486,0.8345,-2.1229,-1.2816,0.7667,-1.0776,41.82,316.55,A
4439,-1.3131,-1.4091,-2.839,-2.8636,-0.2536,-0.528,39.64,290.25,A
4440,2.1457,2.015,-3.183,-3.2093,-1.163,0.0803,37.41,282.94,C
4441,-1.1255,-1.5919,-2.839,-3.0209,0.7453,1.3348,40.88,290.98,B
4442,3.3759,1.8679,-1.0689,-1.7464,0.8136,0.9998,45.63,302.23,B
4443,-5.664,-4.6712,-0.2941,0.0638,-2.1555,-2.3041,36.86,256.22,B
4444,-8.8075,-7.541,-0.4241,-0.718,2.4894,0.2839,35.79,288.17,A
4445,-1.2276,-0.7187,-0.9689,-0.8656,-1.7272,-0.7854,37.45,270.88,A
4446,-3.0656,-3.8136,2.6117,1.8193,1.0274,-0.9842,38.59,331.63,B
4447,8.8522,7.2302,4.1349,4.1442,2.2085,1.4574,54.25,416.71,A
4448,7.7359,6.1756,-2.4213,-1.3498,4.1284,2.5195,50.69,350.76,A
4449,6.5064,6.14,-1.7744,-0.2915,-1.0564,-1.0486,49.46,313.81,A
4450,1.0564,2.1507,-0.0813,-1.716,-1.5965,-1.5485,42.56,305.07,D
4451,2.616,2.9539,-1.1819,-1.1351,2.4083,1.7674,49.31,297.49,C
4452,-11.8522,-12.5469,-2.4055,-2.4016,-1.6528,-1.6389,26.13,225.72,B
4453,14.5094,13.8971,4.1077,4.5971,1.2282,1.4555,59.38,454.36,C
4454,1.8323,1.8188,-0.9088,-2.3404,-3.5009,-1.6494,42.15,278.18,B
4455,-2.9489,-4.1365,1.4333,0.9684,-0.3423,-1.627,38.47,290.86,A
4456,-1.7534,-2.2632,-3.1669,-4.2394,-0.5379,-1.3938,31.74,254.7,C
4457,5.1408,5.2849,1.4303,0.6398,2.626,3.1403,50.14,381.43,B
4458,-0.4619,-1.4252,2.6919,1.1809,-2.6569,-1.6694,41.08,330.21,A
4459,-2.775,-3.4928,1.5999,2.1166,3.5523,3.7299,45.26,325.22,C
4460,2.9848,2.7541,2.0958,0.6737,-1.3241,-1.522,43.23,336.72,D
4461,-10.4173,-9.4031,-1.2548,-0.7615,0.8322,0.2857,31.44,210.94,C
4462,-7.8643,-7.9635,-3.102,-1.4155,1.585,-0.6406,33.14,258.37,C
4463,-4.3373,-5.1222,-1.8765,-3.1027,0.3286,1.2003,38.04,265.94,B
4464,5.1015,5.4469,1.3153,1.6792,-2.84,-1.3854,45.87,344.91,B
4465,1.8171,1.2633,2.7275,2.0703,0.3388,1.9105,53.79,360.06,B
4466,-5.8111,-5.0972,-0.6465,-0.8417,-0.1357,-0.3214,37.21,289.87,C
4467,-5.6332,-3.924,-1.2161,0.7719,-1.7127,-1.7226,37.8,290.22,C
4468,3.6,3.3683,5.1511,5.2467,0.7912,3.2148,51.44,376.23,B
4469,2.8322,2.1161,3.0364,1.8841,-0.6533,1.2788,46.87,343.98,A
4470,-1.6388,-2.2735,-1.9643,-1.1956,0.9998,1.5692,42.73,298.92,C
4471,7.3645,8.0188,-1.4087,-1.086,0.5399,-0.5195,48.22,333.84,D
4472,2.4387,2.0476,1.2338,2.2584,1.3879,2.7696,48.34,353.28,C
4473,6.5535,6.6607,3.3618,3.0709,0.3929,1.4605,52.5,371.46,A
4474,5.3826,5.2726,2.4127,1.6523,0.8198,0.4266,52.15,373.06,B
4475,3.7483,5.0371,5.9092,5.6128,2.503,2.4947,53.9,417.89,D
4476,3.3697,3.1173,-3.8643,-4.0624,-0.9843,-0.2676,38.8,281.3,B
4477,2.7739,2.9515,0.5212,1.0531,0.0904,1.3466,45.79,352.78,C
4478,6.3791,6.2716,5.5874,4.8381,0.1484,1.7934,54.41,391.69,A
4479,0.6416,-1.8943,0.8141,1.1577,1.3234,1.2581,44.32,307.86,B
4480,1.289,1.4333,-1.2513,-0.2337,0.9145,0.4053,44.44,324.22,A
4481,2.1695,2.5299,4.2551,4.2512,1.4967,1.044,49.81,391.14,C
4482,0.0035,0.2971,4.8459,6.061,2.0426,1.3419,49.25,340.31,B
4483,-1.8635,-1.2204,0.9595,0.7297,1.6807,0.7806,39.85,308.04,A
4484,1.246,2.6741,-0.6408,-0.9509,-1.6679,-1.9664,40.66,285.02,A
4485,-5.3064,-4.9931,-3.7282,-3.5273,1.8537,0.1439,37.77,253.47,B
4486,0.1,-0.0056,0.8503,1.9609,-0.0184,0.5698,46.72,328.02,A
4487,-6.8748,-5.5848,-0.0117,0.4773,0.8288,0.0582,37.11,255.84,B
4488,1.4405,3.2391,-0.3516,-1.1957,1.6895,3.3181,43.39,357.05,D
4489,-11.3362,-11.2591,-2.0507,-3.0677,-1.6846,-0.6393,26.23,198.65,A
4490,-2.1212,-2.2713,-1.7864,-2.1391,0.8003,-0.6125,34.53,261.62,D
4491,3.138,3.8952,4.7382,4.6441,2.6377,2.5858,51.79,413.04,A
4492,3.5459,2.1394,3.5878,2.9669,0.1124,1.8477,47.15,362.51,D
4493,-2.0489,-2.588,5.1656,4.7128,3.757,4.703,47.38,373.8,A
4494,-1.1189,-0.1861,-2.2332,-0.2948,0.7394,-0.0624,38.15,315.1,C
4495,-4.2771,-2.9297,3.0554,3.0426,0.457,1.1597,44.03,303.51,C
4496,3.9009,3.6268,-5.0371,-5.044,-0.0828,-1.2693,38.17,280.99,B
4497,-9.6931,-11.0065,-5.4306,-5.8421,-2.5688,-3.6417,23.66,185.9,D
4498,-1.8848,-2.3432,-0.7986,-0.2093,-0.7091,1.8392,40.78,281.9,C
4499,4.5027,3.5687,-4.398,-4.2859,-0.3943,-0.9824,39.75,264.58,B
4500,1.0705,1.446,2.1993,3.5103,4.8535,4.5067,47.04,362.46,C
4501,-0.0053,-0.3357,0.534,2.024,1.3252,-0.0249,46.08,327.74,B
4502,3.2133,1.446,0.098,-1.173,-0.0718,-0.6148,41.38,315.3,D
4503,10.9942,10.3514,0.7295,-0.2815,-1.6429,-0.1965,48.62,392.14,D
4504,-3.448,-3.3,0.6641,0.3514,-0.3676,-0.7056,36.91,263.65,D
4505,-1.1488,0.2971,2.1621,3.5333,2.1033,2.5683,45.98,345.85,D
4506,-5.6689,-6.734,1.2533,1.2973,-0.4795,0.832,40.75,286.23,A
4507,0.9624,1.3481,1.5003,1.578,0.7097,1.0591,43.09,331.36,D
4508,-1.1245,-2.538,1.3483,0.3604,-0.7943,-0.6377,39.37,312.25,A
4509,-1.8874,-1.1057,-1.1359,0.0493,-0.5815,-1.0884,36.97,279.02,D
4510,3.3911,4.6144,3.942,4.5071,-0.2863,0.356,49.92,366.48,C
4511,4.1299,3.9304,0.1094,-0.0785,-1.5924,-0.4928,43.57,334.35,A
4512,-1.1752,-0.3546,3.609,3.5262,2.6768,3.0765,44.51,359.36,B
4513,-5.474,-5.753,-3.9395,-2.3765,1.3186,1.0487,35.29,259.97,A
4514,-5.7069,-4.053,-0.1107,-0.5074,-0.918,-0.7436,36.58,280.35,A
4515,-2.2932,-1.3267,-0.7638,-0.5895,-1.8131,-2.7495,38.54,263.75,B
4516,-1.188,-1.6058,2.9308,2.3174,-0.7545,-0.2347,45.15,343.29,B
4517,2.5989,2.2009,-4.8431,-5.1097,-0.3622,-0.3673,41.45,246.76,D
4518,1.721,1.7523,1.068,-0.3942,-1.0124,-1.9967,37.6,328.14,C
4519,-3.7479,-3.2934,3.1237,4.342,2.7748,1.5277,45.67,329.71,D
4520,6.1615,6.1108,-0.4323,-1.0972,-1.6341,-2.8395,45.15,325.36,C
4521,15.3728,15.5212,-1.3153,-2.962,0.98,0.5728,54.72,394.04,C
4522,-2.4635,-2.7698,4.9631,3.6653,1.3084,1.984,48.43,360.65,B
4523,1.2607,1.1079,-2.1116,-4.2884,-4.3043,-4.0376,33.54,247.53,B
4524,-8.5222,-9.2683,-0.5768,-0.5171,-2.5979,-3.9457,29.19,226.96,B
4525,-4.5204,-3.6006,-0.1814,-0.8728,-1.0364,-0.0875,36.46,267.49,C
4526,1.7874,3.584,3.2319,3.6231,-1.0621,-1.8374,48.49,335.62,C
4527,-0.2616,-0.2497,2.1186,3.1683,1.5003,2.0263,47.72,330.45,A
4528,-2.1732,-3.3204,-4.0923,-3.3212,-0.3559,-0.5746,38.47,258.2,C
4529,0.6544,1.0326,0.3037,0.112,-0.4255,-0.7196,43.06,306.42,B
4530,-8.5963,-8.6979,-2.4234,-2.3773,-2.6389,-2.8573,31.43,209.41,C
4531,-5.0549,-4.9125,-3.5291,-2.8127,-1.4985,-1.4681,34.73,224.36,A
4532,12.0808,12.1764,5.1818,3.7435,1.5862,2.2357,56.87,459.88,C
4533,-1.4056,-2.9268,-0.0335,0.4716,0.4008,-0.4926,37.1,294.61,D
4534,-1.9319,-1.4772,-0.8871,1.3609,2.5871,1.1151,42.67,307.4,B
4535,-6.0823,-5.4283,0.1356,-0.0536,0.9623,-0.4712,36.31,280.57,D
4536,-7.1749,-5.7104,-1.806,-1.3395,-0.0204,-0.6506,34.8,229.48,A
4537,8.2822,7.4384,-0.1312,-1.0654,-1.477,-1.0209,44.67,312.24,C
4538,5.1687,6.2538,1.2158,-0.3781,1.1065,1.3949,47.58,355.44,B
4539,10.6819,9.5082,0.8544,0.3246,-1.6359,0.0882,50.25,350.01,D
4540,3.4917,3.138,-0.2425,-0.3305,-1.6609,-0.4892,40.81,321.2,A
4541,-1.9825,-2.1423,1.0379,0.5441,0.2086,-0.5189,40.62,306.48,B
4542,-9.0123,-9.3676,-5.8251,-5.9522,0.1582,-1.9696,27.25,180.43,B
4543,-9.9496,-9.6729,2.2609,3.5174,0.1659,-0.0271,36.18,258.72,D
4544,2.13,1.9306,4.2638,3.087,4.5289,3.459,50.74,372.83,A
4545,2.3185,2.1199,-3.4091,-3.1342,-0.3805,-1.7811,37.7,285.85,C
4546,-4.2429,-2.85,-1.5978,-0.2999,-0.5316,-1.7479,36.47,292.78,A
4547,-1.4632,-0.2441,3.7262,3.7003,1.4786,0.6375,47.58,338.48,D
4548,1.0246,0.4023,7.3208,6.3375,1.6336,1.535,51.13,398.12,C
4549,-13.7912,-14.3297,-6.0064,-5.5226,-1.464,-2.6326,23.54,162.46,A
4550,-0.0123,-1.0309,4.3732,4.619,1.9566,2.0797,48.83,332.09,A
4551,-4.8177,-3.5441,2.0085,1.4379,0.4994,-0.5037,37.8,317.38,A
4552,-6.7811,-5.6617,-0.8644,-0.1775,-1.389,-2.2346,34.98,262.94,B
4553,-0.2742,-0.5487,3.2262,3.469,2.7846,2.9845,47.9,346.75,B
4554,-2.5078,-2.9785,-4.107,-3.5041,-1.8531,-0.7672,34.7,259.96,D
4555,-5.2038,-4.1817,-1.13,-0.7098,0.3451,-0.3086,33.82,289.36,B
4556,0.0643,-0.7804,-6.6863,-8.2839,-1.857,-2.354,31.87,240.61,B
4557,-5.6805,-6.7335,-1.2726,-0.584,-1.5102,-0.3292,33.46,254.52,C
4558,-5.2359,-5.3906,-0.6585,0.7236,0.3371,0.3416,38.6,269.86,A
4559,-3.8711,-4.2955,-0.4282,-0.9662,-1.0623,-1.3524,36.86,259.5,A
4560,-2.0411,-2.2271,-2.2635,-2.7257,-0.1627,-0.0958,37.13,262.91,D
4561,4.0848,4.6761,4.1367,2.1767,1.433,1.4338,50.81,381.13,B
4562,0.6651,0.5305,3.8816,5.1126,2.6744,1.8309,46.76,353.75,A
4563,6.0901,4.7962,0.5622,0.7036,2.7859,2.1459,49.66,342.9,A
4564,-0.0916,0.6179,0.826,0.576,1.1757,0.9293,40.35,343.78,C
4565,8.1004,7.1037,3.827,3.6302,0.1527,1.7214,57.61,413.72,B
4566,-4.3763,-3.5668,-4.3297,-4.9858,-0.4254,-2.3686,31.9,244.84,A
4567,0.4832,0.6085,-0.5994,0.3576,-0.6147,-0.0887,43.57,326.73,B
4568,4.0463,2.8504,0.06,-0.5665,2.4322,2.7793,47.1,343.36,C
4569,-7.771,-6.7566,-1.0884,-0.0302,0.9543,0.6655,36.28,254.53,A
4570,2.2235,2.4017,1.7714,1.2307,-1.8094,0.2417,45.81,347.64,C
4571,-5.5508,-4.7348,-0.0575,1.0078,1.1151,0.4411,37.24,300.9,B
4572,-0.4301,0.3769,4.404,5.2903,1.4445,2.7838,51.74,371.8,B
4573,-8.2249,-7.6321,-3.2158,-3.5247,-3.3371,-4.1095,26.07,231.64,C
4574,-7.2124,-7.3255,-3.1615,-3.4365,-1.0049,-1.6554,29.82,230.54,A
4575,-6.1877,-5.3078,-0.4142,0.705,-0.0174,0.8097,40.26,266.4,C
4576,2.3956,0.9861,-0.3119,-0.0635,-1.0972,-0.1231,41.78,291.68,C
4577,1.0775,-0.1558,-1.0402,-1.1171,-0.1573,-0.5602,42.16,293.05,D
4578,0.6449,0.3575,0.0654,-0.8056,-1.6877,-1.6262,40.08,322.4,D
4579,0.0965,-0.4843,-2.0941,-0.3568,0.4143,-0.1866,41.38,305.84,B
4580,-3.1569,-3.47,-3.7397,-3.0013,-2.0051,-2.6552,32.78,264.6,D
4581,-8.9878,-9.3573,-8.1113,-7.1572,-4.2352,-4.3383,22.1,131.99,B
4582,-14.2451,-14.605,-2.3177,-1.8453,1.0448,0.4454,25.16,201.77,D
4583,-0.67,-2.4167,-4.2626,-3.2966,-0.449,-1.0015,35.22,243.3,A
4584,0.7747,0.3927,-4.3281,-3.7792,0.0397,-1.3291,39.04,276.42,C
4585,-2.0874,-1.8531,0.4405,0.4433,-0.8494,-1.8102,39.15,295.73,A
4586,-7.6935,-7.8651,-4.5894,-3.7071,-2.7963,-2.1207,29.52,170.8,A
4587,-1.7988,-0.422,6.1634,5.4592,2.5751,2.2437,49.09,323.64,A
4588,7.2703,6.9835,2.6471,1.9995,-0.2144,0.2987,50.08,375.89,A
4589,11.3561,11.628,3.983,2.5907,1.0887,1.7236,57.67,431.39,D
4590,-3.0057,-3.406,-3.3881,-3.5287,-1.0723,-1.1146,34.82,236.89,B
4591,-3.5877,-2.6404,-3.1956,-0.9726,0.5016,-0.5566,34.79,256.5,B
4592,0.5466,0.9082,0.9001,1.0451,0.1752,0.7497,45.25,311.59,D
4593,3.0573,3.3609,2.4739,3.479,-0.6713,1.1062,47.1,366.54,B
4594,6.9227,5.2276,-0.7243,-1.1187,1.1958,2.2003,48.23,341.3,C
4595,4.6474,4.1597,-1.1581,-0.7725,-1.4252,-1.0752,44.37,322.96,D
4596,-1.5737,-2.1983,-0.2113,-0.1281,1.007,0.4241,41.37,323.57,D
4597,4.4854,4.211,3.3697,2.1686,1.7802,3.0063,51.81,369.14,D
4598,-3.1847,-3.0986,-0.7214,-0.7765,0.252,0.1021,38.94,290.86,D
4599,-1.0504,-1.6137,1.6519,3.348,-0.2501,-0.0511,43.8,327.42,B
4600,5.726,4.3296,-1.3762,-1.4053,-0.8255,0.099,43.92,303.94,D
4601,7.9796,7.065,3.3339,2.9854,2.2417,3.0871,54.5,406.3,A
4602,2.9818,2.0969,2.5915,2.9366,0.6123,0.2604,47.23,350.74,D
4603,-5.8891,-5.3673,-4.157,-4.1401,1.6032,1.6771,31.55,235.02,A
4604,-0.8857,-2.869,-5.3468,-3.1741,-0.9034,-0.7994,38.02,238.08,B
4605,6.9416,6.3635,-1.3994,-1.2421,1.4126,1.2686,49.25,341.7,A
4606,-3.7376,-2.5338,-1.4799,-0.5258,-1.9953,-1.8518,34.42,259.51,B
4607,-4.9773,-4.402,-3.1752,-3.7153,0.0166,-0.4594,34.8,244.79,A
4608,4.639,5.2014,3.3253,3.1523,1.7845,1.7212,49.84,360.33,C
4609,1.098,-0.69,0.4625,-0.5936,-0.0297,0.2706,45.85,339.11,D
4610,7.9333,6.1298,0.3475,0.612,0.3092,-0.3117,49.14,343.1,A
4611,9.2696,8.1403,-0.204,-0.356,-1.8862,-1.3825,52.19,380.05,A
4612,-2.5714,-2.4229,1.7738,1.732,-1.6463,-0.413,39.76,325.89,A
4613,-7.3081,-6.4619,-1.5364,1.9115,0.3513,-0.4228,36.41,261.14,C
4614,3.8666,3.1015,-1.0346,-0.3806,0.6983,2.092,40.12,326.93,A
4615,-8.8241,-7.2589,-2.3703,-1.365,-1.6941,-2.8573,33.44,220.1,D
4616,-1.1908,-1.1091,0.6269,1.0481,-2.3189,-1.1015,37.58,293.02,B
4617,1.1468,3.079,0.1357,0.3196,-1.6813,-0.3792,46.88,339.64,B
4618,8.508,7.5173,-1.3029,-0.6034,0.5283,0.3454,45.09,354.97,A
4619,-5.1086,-5.4228,-2.5207,-1.3574,-1.1042,-1.0378,32.78,235.46,D
4620,7.689,6.6006,1.3131,1.1511,-1.0052,-1.2953,48.22,344.62,B
4621,5.3893,4.5887,-3.1812,-3.6541,-3.0609,-3.3021,38.32,297.0,B
4622,2.9925,1.7352,-4.0975,-2.4514,2.0356,2.1034,42.45,281.4,A
4623,0.8591,0.3511,3.701,2.9731,0.1351,0.7246,43.64,348.94,A
4624,1.7974,1.4356,1.4615,-0.2945,-0.8051,0.2971,43.84,322.73,B
4625,2.1924,1.8286,-1.4004,-0.6227,-1.1565,-2.0288,43.11,297.26,D
4626,4.2709,3.9223,-0.004,-1.047,0.5707,-0.6003,44.85,338.1,A
4627,-1.4327,-3.2018,1.2205,0.8437,-0.5341,-0.9048,38.61,275.86,B
4628,-11.1086,-8.5974,-2.8048,-1.1905,1.5691,-0.3254,32.18,210.83,C
4629,-5.6852,-6.241,4.5644,4.1769,2.7826,1.7274,39.46,318.44,C
4630,-7.9684,-8.0763,-7.1944,-5.7451,0.3979,-0.8414,28.33,175.72,D
4631,5.0685,5.2763,2.354,2.8956,0.3926,1.7261,50.15,367.07,B
4632,2.3108,1.9962,2.858,2.7426,-0.3963,-0.3974,44.48,364.38,C
4633,-2.701,-4.1072,-0.0435,0.5975,-0.2053,-1.0932,34.83,298.68,D
4634,4.0631,4.8483,-0.5282,0.6134,-2.5452,-1.6948,45.0,319.42,B
4635,8.7168,6.7791,-1.6681,-2.5051,-1.2338,-0.9136,47.4,318.85,B
4636,-1.6362,-1.1713,0.7645,0.2947,-1.4399,-0.0748,40.51,300.11,A
4637,4.2586,5.5217,1.8164,2.3884,-1.2968,-1.5108,46.82,355.26,A
4638,11.922,11.696,1.3522,1.2385,0.3823,0.9342,52.89,405.61,A
4639,-2.6791,-1.545,1.0101,0.4146,1.1626,-0.4795,38.91,284.37,C
4640,0.6113,0.8324,-2.571,-2.8904,-0.9924,-0.4807,39.46,289.52,D
4641,2.3005,1.7228,-0.71,-1.546,-0.7869,-0.5159,47.25,309.14,A
4642,0.125,1.1245,-0.758,-1.1196,0.1818,-1.2963,40.81,304.14,C
4643,4.0399,3.4183,1.085,1.8071,0.9489,1.9441,47.14,361.82,C
4644,1.8819,1.8164,0.2326,0.4645,-1.2909,-0.6788,42.66,341.66,D
4645,1.5066,0.812,0.7542,1.8825,1.1834,0.6826,45.21,340.57,A
4646,-0.6844,2.2263,5.7569,5.2071,2.2947,2.0792,49.94,355.29,D
4647,-4.0616,-3.8436,-4.7053,-3.6778,-1.0857,-1.8079,34.38,226.84,D
4648,-4.7684,-4.2745,-2.4885,-3.4102,-1.6703,-1.8337,30.25,249.79,A
4649,-0.0168,0.2661,3.3562,3.0347,1.8109,2.4405,50.1,340.71,A
4650,-8.4492,-6.9599,-2.3596,-1.7562,-0.76,-1.0393,31.43,229.36,C
4651,4.9372,4.7735,1.7644,3.4471,1.3908,2.1186,52.42,383.76,C
4652,-1.0753,-2.3155,0.4502,-0.0719,-0.7455,-0.7257,41.42,292.88,C
4653,-8.6192,-7.1182,-1.6429,-1.2455,-0.5736,-1.0972,35.79,248.26,A
4654,-5.7029,-3.6592,-3.1333,-0.4851,1.1902,-0.2061,32.42,263.59,D
4655,-5.2486,-4.3397,-5.1712,-4.1168,0.0263,-1.4046,36.24,216.3,D
4656,-8.3446,-8.266,-0.6977,-0.0835,0.1877,-0.0007,33.19,257.58,C
4657,7.0628,7.3117,-0.1571,-0.6853,-2.1729,-1.4064,45.9,343.21,B
4658,0.5942,0.4794,-1.9187,-3.1828,0.1395,-0.5381,42.29,294.04,A
4659,-2.6169,-4.1562,-2.1019,-2.4292,-1.2597,-0.1512,35.68,245.86,D
4660,-8.6234,-7.863,-0.6829,-0.1626,-0.8527,-2.3792,35.62,219.54,B
4661,-3.9687,-3.3149,-1.6307,-1.3528,1.8186,1.4361,41.56,259.58,D
4662,1.0081,0.7098,3.0011,1.698,-1.3095,-0.7232,44.21,328.78,D
4663,-12.2391,-11.1727,-4.4321,-3.1505,0.8512,0.4796,27.95,205.07,A
4664,6.4886,6.7416,0.8687,0.2734,-0.1692,-0.4931,45.89,357.8,D
4665,4.3667,4.1156,2.0971,3.3872,3.8474,3.7817,54.09,360.5,D
4666,-6.8113,-6.9994,0.6765,0.4394,2.0895,2.5344,40.46,269.31,B
4667,1.1095,-0.867,-3.8639,-2.4583,1.494,0.8362,39.62,252.32,A
4668,4.0785,2.4846,-2.4988,-1.1795,1.9716,1.2346,43.29,304.25,D
4669,0.2168,-1.2883,-2.3276,-1.4513,0.8986,0.4196,41.6,286.19,B
4670,1.8475,2.178,1.1825,1.8736,0.2367,-0.4599,46.84,360.08,A
4671,3.0191,3.1362,1.0886,-0.0931,0.1911,0.5611,44.82,353.4,C
4672,9.7842,8.6278,3.149,4.1933,3.876,3.7799,57.64,439.45,C
4673,0.4335,0.1644,0.8332,0.2792,0.6485,1.2988,43.43,327.47,D
4674,1.7342,2.4391,-3.0326,-2.447,-1.2345,-0.6093,41.57,291.46,D
4675,2.4913,2.0468,-0.1333,1.0972,1.3584,1.1791,46.96,345.7,B
4676,3.196,2.3511,3.6738,2.077,1.2595,1.0432,47.66,360.6,B
4677,-3.0598,-3.2279,-2.2117,-1.473,0.9846,-0.9521,36.79,237.64,A
4678,2.4196,1.5959,-3.6726,-2.417,-1.8385,-1.3951,40.7,274.33,C
4679,-6.0974,-5.4709,-2.2845,-1.2706,0.1391,0.6053,38.04,266.76,D
4680,10.4256,9.2301,-1.1486,0.3354,1.8798,1.9355,50.14,352.74,D
4681,-1.6381,-1.4695,-2.0138,-1.2613,-0.7735,-0.9309,36.81,292.44,B
4682,0.1234,-0.7906,-3.0293,-3.333,0.5764,-1.0463,38.12,271.2,D
4683,-0.5107,-0.2506,-2.0747,-1.4913,0.7889,-0.1577,44.68,290.57,D
4684,-9.9007,-9.4459,-0.2627,0.088,0.9329,0.6452,35.05,265.48,B
4685,4.5783,4.3788,2.8792,3.1696,0.7382,0.3937,50.45,367.9,A
4686,6.6332,7.8102,1.9773,2.1143,1.2643,1.8522,54.16,369.88,C
4687,-3.6553,-4.5269,-5.6998,-5.1592,0.333,-0.6169,33.42,222.06,A
4688,2.7294,3.0129,0.129,-0.4725,-0.105,0.0853,46.52,344.75,B
4689,-1.536,-1.4053,0.6914,-0.0669,-0.9122,1.0483,40.0,297.3,D
4690,6.4924,6.6128,5.5878,4.2656,0.4908,1.5854,52.94,379.87,D
4691,1.1068,0.1396,-3.1342,-2.7084,-0.0368,-1.4542,39.82,329.19,A
4692,0.5796,0.6501,1.9211,1.8657,-0.2996,0.3364,44.54,349.82,C
4693,-4.706,-5.6205,1.7342,1.3235,0.4993,-1.6034,37.06,278.08,C
4694,4.1918,4.1505,1.3104,2.5582,0.1086,0.2315,49.21,349.76,D
4695,-6.0044,-5.3441,2.1468,1.8615,1.5899,1.6823,41.7,303.76,B
4696,10.5551,11.6368,-2.1475,-2.3346,0.8,0.5941,50.25,352.21,A
4697,-6.9462,-7.6097,-0.5384,-0.3665,0.7277,0.8822,33.45,236.82,C
4698,5.2281,5.1232,-3.1629,-3.8202,0.136,-0.1432,42.97,304.43,B
4699,0.2905,-0.4944,-0.0459,0.6417,-0.6587,-0.5806,41.46,320.06,C
4700,2.4867,3.3886,-0.6814,-1.3052,-0.2427,-0.5758,44.92,299.1,B
4701,-4.2089,-3.5718,-0.5362,-1.4688,-3.4352,-2.7681,34.78,278.4,C
4702,-1.9751,-2.5541,-3.7728,-3.5163,-0.0137,-1.4415,38.55,237.76,B
4703,0.8616,1.8961,0.4577,-0.3035,0.6351,0.9476,43.73,315.81,D
4704,4.392,3.6973,0.5758,0.8714,-0.3525,0.1407,50.43,357.76,B
4705,2.4247,2.9152,2.2809,2.6376,-0.4675,0.521,47.06,337.61,A
4706,-5.5509,-5.0541,-1.5931,0.5093,0.3948,0.2823,35.12,264.5,B
4707,-6.3113,-6.0707,3.3656,2.7954,1.1011,1.22,38.72,314.72,B
4708,-2.0411,-1.1852,2.6225,1.8107,-0.4842,-1.0948,43.26,308.88,B
4709,13.2077,12.5547,-2.3372,-2.6519,0.8525,0.5688,49.96,369.17,A
4710,3.8459,1.8315,2.6465,2.981,-0.2706,-1.0145,47.06,360.01,D
4711,-8.5279,-7.4464,-1.9062,-1.7519,0.1328,-0.9822,31.27,228.52,C
4712,1.9486,2.1331,1.6665,1.9466,1.1291,0.5672,48.98,340.9,C
4713,4.7486,4.7314,0.1002,-0.8227,-2.8448,-2.4764,45.84,345.66,C
4714,0.1694,-0.7431,3.348,3.3604,-0.5417,-0.5313,44.99,320.0,D
4715,2.1311,0.9134,-0.2591,-0.5253,-0.0732,-0.9884,41.14,280.35,D
4716,0.3803,1.3088,-2.9018,-3.5617,-2.6156,-2.7979,36.07,250.1,D
4717,-6.7634,-6.3649,-3.3074,-3.6985,-2.2268,-2.2218,32.13,222.63,B
4718,-0.5296,-0.3066,-7.1325,-5.4725,0.4307,-1.486,33.72,251.77,B
4719,-8.314,-8.951,-0.9451,0.6769,-1.6492,-2.2692,33.93,240.2,C
4720,-9.4371,-10.8015,-2.0722,-2.1702,-2.8007,-1.7339,28.03,212.41,C
4721,-1.9769,-1.8492,-0.4775,0.9922,0.5592,1.4029,38.8,312.2,A
4722,-5.8256,-4.0587,0.1713,1.3894,1.1311,0.3844,39.61,292.43,D
4723,11.1586,11.6111,5.8066,4.7454,0.3649,0.2239,57.85,401.01,D
4724,-7.5509,-7.3407,-0.0703,-0.7888,-2.79,-1.9203,29.78,236.65,A
4725,3.0674,2.4731,-1.6896,-1.6378,1.2191,1.2727,43.37,307.18,B
4726,-0.8096,-0.4859,-1.4257,-1.9955,-3.2106,-3.095,35.47,267.76,B
4727,-10.2167,-9.2933,-5.5934,-4.2115,-3.2342,-2.261,25.76,223.55,C
4728,4.9211,5.1446,2.1438,0.5904,0.1313,0.2307,46.49,352.34,D
4729,-4.1971,-2.418,-1.4116,-1.5299,0.6785,0.5753,37.47,288.94,D
4730,4.7737,4.4556,-1.3217,-3.2707,-2.7342,-0.6381,42.82,285.19,C
4731,-5.4366,-4.6734,-1.008,0.1322,-0.2139,-0.0433,33.65,252.7,A
4732,-8.6747,-9.7592,-2.7703,-3.6773,-1.6269,-1.3833,27.82,201.39,B
4733,1.0164,-0.0662,1.2818,1.9779,-0.2872,0.8094,45.05,337.94,C
4734,-4.5267,-4.1875,-5.7221,-5.6406,0.1714,-1.1648,30.32,232.57,D
4735,-0.1794,0.799,1.3489,0.3069,-0.2062,-0.1336,44.38,337.68,D
4736,-1.4856,-2.1621,3.3821,2.7883,-1.6088,0.0534,41.06,298.15,C
4737,-4.5799,-4.0765,-1.6871,-1.4304,1.6478,0.0645,38.33,260.02,A
4738,5.0627,5.4189,1.6782,2.2849,1.6704,1.7062,49.51,369.19,C
4739,2.3222,2.2733,-2.0516,-1.2774,-1.5724,-1.0923,38.07,324.29,C
4740,1.93,2.6525,-1.4348,-1.0944,-1.3335,-0.7338,44.57,291.03,B
4741,-8.4705,-9.1122,-2.1918,-2.1106,-2.3524,-1.5331,29.83,247.66,C
4742,-2.1323,-2.5123,1.3529,0.0283,1.4351,0.3109,42.68,292.1,D
4743,2.6193,2.3383,3.2367,4.2785,1.5148,1.5896,49.18,357.86,B
4744,8.8419,7.6712,3.1636,3.9939,1.558,2.3069,54.21,402.2,B
4745,-4.8608,-5.6551,0.3595,1.1674,0.889,0.8959,39.34,292.92,D
4746,1.14,0.6528,-2.8245,-2.5146,-3.6158,-2.7641,38.68,252.28,D
4747,2.0576,1.1817,4.2232,4.9977,1.2705,1.89,49.91,381.26,D
4748,-1.4036,-1.1484,-0.7179,0.008,-1.7769,-0.4383,35.06,295.43,D
4749,9.8569,10.9387,4.0146,3.6223,1.1078,1.9297,55.05,414.73,D
4750,-2.7794,-2.5415,-2.2232,-1.8495,-1.2434,-1.8906,36.95,252.04,A
4751,-1.4535,-1.8471,-1.0992,-1.8491,0.7555,-0.284,42.78,289.0,C
4752,-6.2188,-6.2859,-6.3538,-5.9031,-4.3577,-3.4126,28.82,201.33,B
4753,4.4638,3.2929,2.366,0.8939,-0.4599,-0.8719,51.0,324.17,C
4754,-2.2983,-0.907,-2.1821,-3.0925,-3.132,-2.8091,40.3,252.61,D
4755,8.1528,7.1283,6.8124,6.2068,1.3044,2.5856,56.23,422.86,C
4756,-9.1584,-7.9984,-0.1571,0.7264,2.5974,1.5411,37.52,265.62,C
4757,0.3177,-1.2526,0.3072,0.0756,-0.8372,-0.6659,40.69,307.27,D
4758,-2.3576,-2.1882,-5.3368,-5.6168,-1.4991,-2.2841,35.16,230.07,D
4759,-1.5759,-0.1127,-0.2033,-1.6196,0.722,0.4002,41.26,309.55,A
4760,-8.2614,-9.4842,-1.7933,-0.2944,1.7618,0.471,31.23,222.22,B
4761,22.2092,20.7653,5.9033,5.18,2.0724,4.8125,70.76,496.3,C
4762,3.1802,2.3538,4.7084,3.4297,-0.1743,0.1165,49.39,345.74,B
4763,1.8299,2.0916,-3.1289,-2.9037,1.1629,0.6014,42.7,294.52,C
4764,-4.8174,-4.1505,0.2853,-1.4463,-1.4066,-1.1324,38.85,281.39,A
4765,-4.2465,-4.0047,1.0248,0.1711,0.6794,0.6072,36.72,306.85,A
4766,-3.4978,-2.689,-4.8686,-4.5294,-0.3156,-2.1742,33.46,231.17,D
4767,0.5168,0.8013,-4.478,-4.0633,0.6546,1.4432,39.91,296.44,C
4768,1.0309,1.4444,-0.203,-0.4207,-3.6047,-3.7474,38.3,288.24,B
4769,1.1031,1.4806,6.0047,4.3752,-0.4801,0.2595,46.91,381.82,A
4770,3.7805,4.1409,-0.2002,-0.3454,-2.8123,-0.264,41.83,304.99,B
4771,-7.1168,-7.1613,-0.145,1.3479,-1.544,-2.0064,34.86,258.19,C
4772,3.6824,2.4906,4.0454,4.4902,-0.8391,-0.1198,47.16,387.1,C
4773,4.5019,4.2596,-1.3663,-2.1724,-0.7543,-0.5501,46.67,320.15,C
4774,-2.0956,-2.1711,1.3374,0.6992,-0.1416,0.6201,38.1,319.3,B
4775,-5.1861,-3.7194,1.8157,1.7775,0.1539,-0.0474,39.48,285.18,C
4776,0.4971,0.0442,-0.3928,0.5245,1.0575,-1.3326,43.88,330.57,C
4777,-10.6657,-9.706,-1.2299,-0.5973,2.6217,0.6094,32.01,264.08,B
4778,-4.3176,-5.0077,2.2977,1.9065,-1.7895,-2.8368,37.38,294.32,C
4779,18.6258,18.5373,-0.1931,-1.2282,-1.1887,0.1394,54.9,405.7,C
4780,-0.603,-1.4022,-2.2402,-0.8743,1.6936,0.7868,43.36,262.72,B
4781,-2.0809,-2.5652,1.484,1.6971,0.9739,0.9408,39.43,311.7,A
4782,-7.4048,-7.5696,-3.5085,-3.3068,-2.8793,-3.8369,28.01,215.36,D
4783,8.2841,6.5695,3.274,2.7416,-0.2566,0.3033,50.14,413.74,D
4784,6.6367,8.8745,6.5432,6.1589,1.8639,1.9323,59.26,413.62,C
4785,9.8974,8.3368,-0.7356,-3.0192,1.0852,0.5694,49.19,372.3,C
4786,-4.6784,-3.2673,-1.9157,-1.2987,-0.0029,0.4879,41.05,275.58,D
4787,0.8619,0.4918,1.5206,-0.0438,-0.4017,0.6035,40.2,295.51,C
4788,2.8891,3.0874,3.8028,4.2973,2.1734,2.3856,50.35,395.43,C
4789,-0.1265,-0.0616,-1.9214,-1.4009,0.7774,-0.0628,40.39,309.25,D
4790,-5.2596,-3.662,-4.9991,-2.7669,-0.282,-0.8305,30.57,234.22,A
4791,7.0558,5.6849,1.6171,-0.1069,-0.2893,0.511,47.98,343.59,B
4792,10.001,10.3855,3.0051,2.0309,4.1525,5.3217,56.18,418.43,C
4793,-11.6475,-10.4533,-0.7893,-0.4865,1.6199,-0.2534,31.63,225.28,B
4794,-7.472,-6.6162,-3.2561,-2.1725,0.1131,-0.094,34.48,267.97,C
4795,-3.036,-3.1225,-2.2141,-2.8463,-1.0012,-0.2959,35.34,292.71,B
4796,5.526,4.0894,-0.0391,0.2329,0.1266,0.4648,44.43,336.56,B
4797,-5.5272,-4.0163,2.7975,3.8053,1.6114,0.723,39.58,318.03,C
4798,-5.5936,-5.7536,-4.3473,-2.7444,0.9567,0.9127,33.46,260.63,A
4799,-0.3403,-1.8056,-0.2182,1.4814,2.8585,1.2372,45.34,316.11,D
4800,0.3296,-0.9787,1.5123,1.8546,-0.8661,-0.6716,44.45,326.2,B
4801,-1.6922,-1.6941,-2.1327,-0.9374,1.1356,-0.4454,39.8,305.94,C
4802,3.3847,3.256,-1.0656,1.7002,-0.5763,0.2239,43.46,355.14,A
4803,-2.1678,-0.768,-1.2619,-0.5214,-0.0695,-0.768,39.01,282.52,B
4804,-2.1954,-1.6779,-1.4212,-0.1543,-1.4125,-1.8562,40.07,299.48,B
4805,-2.365,-2.6922,-1.1337,-0.8561,-2.8031,-2.3221,35.33,277.19,D
4806,-11.1091,-11.5733,0.4859,0.0947,-2.4832,-1.9801,26.71,229.91,D
4807,-5.3151,-5.7018,-3.3936,-2.682,1.2707,0.9769,33.93,236.2,B
4808,-2.0983,-1.556,3.7907,5.6059,2.1794,2.9934,46.18,369.4,D
4809,1.2042,-2.0686,-4.7777,-5.1969,-3.2377,-3.9601,32.63,242.01,B
4810,6.3973,6.8676,0.4508,-0.8174,-2.9121,-1.3119,44.95,325.55,D
4811,9.9216,9.5774,0.8459,0.9792,2.098,3.727,51.38,394.29,B
4812,-3.716,-3.7761,3.7463,3.4206,-0.7338,-0.6075,45.04,345.2,C
4813,-7.7712,-6.7721,-3.2294,-3.566,0.1038,-0.9752,31.57,234.41,B
4814,-6.2915,-6.1904,-0.7664,0.5814,0.3852,-1.3396,32.74,267.57,B
4815,-13.8301,-11.6002,0.6535,1.5569,1.1789,0.5765,32.0,235.9,B
4816,-6.9267,-7.2377,0.3697,0.803,-0.5263,0.1259,38.03,287.54,B
4817,0.8163,1.5186,2.4238,1.6803,-0.5139,0.6731,41.3,307.11,B
4818,-2.3278,-3.6122,-4.1967,-2.1558,0.796,0.6529,37.1,262.31,B
4819,3.7041,3.3979,6.7479,6.4194,2.4867,3.0713,52.91,434.51,C
4820,8.0961,7.6733,-1.25,-3.3869,-0.6029,-0.8412,47.51,348.13,B
4821,-0.9463,-3.4727,1.6026,0.9346,0.1437,0.2228,38.26,275.99,B
4822,-12.0291,-12.1185,-3.3743,-3.0152,0.3101,-1.7914,30.58,202.82,D
4823,0.5405,1.1627,-0.7325,-0.4931,1.7331,0.4843,42.0,323.93,D
4824,1.2653,1.8465,5.567,5.4494,1.7814,2.2685,52.47,386.99,D
4825,-2.4486,-2.081,5.172,5.6696,0.6251,0.9042,45.79,322.16,C
4826,7.4552,6.7903,7.6309,6.7746,1.9749,2.208,55.21,442.86,D
4827,-1.3686,-2.3157,0.4615,0.5818,1.008,0.706,41.55,301.29,D
4828,4.397,4.8198,2.6443,1.3089,1.1093,3.7864,49.2,418.61,B
4829,8.8255,7.9881,4.5354,4.9008,1.2938,0.8972,53.4,454.58,D
4830,-1.5614,-0.5121,-1.709,-1.5109,-1.6889,-2.0334,36.77,284.04,C
4831,-3.439,-2.8378,-4.292,-3.524,0.8137,-0.5532,35.35,282.99,B
4832,-7.5717,-5.8796,1.9584,2.7778,-1.4643,-2.1416,34.56,259.32,D
4833,-7.6051,-7.5308,-0.1712,0.295,-1.0259,-2.16,32.58,235.8,B
4834,10.1766,9.8154,2.3784,1.359,3.2842,2.8692,55.53,436.7,C
4835,0.5636,1.0719,-0.6605,-0.4663,0.3346,0.2026,41.81,335.33,A
4836,0.511,-0.8746,-1.7767,-2.0369,-1.9382,-1.427,36.81,287.06,A
4837,9.0999,9.6558,2.0877,1.0843,-0.3019,0.2816,49.99,380.6,A
4838,-12.0126,-11.2079,-3.4787,-3.0789,0.2955,-0.8205,31.17,192.94,B
4839,7.0493,6.7684,1.8178,1.2306,-0.5491,0.5503,48.28,376.02,A
4840,-0.6494,-1.2741,4.5505,3.1686,-1.1104,-1.5667,41.27,305.42,D
4841,-8.8116,-7.8605,1.394,0.3789,2.9585,1.3009,36.94,304.07,C
4842,1.5082,1.2346,-3.4445,-3.0711,-1.1145,-1.2579,38.5,261.47,C
4843,-2.1741,-2.2549,-3.0631,-3.2704,-0.2526,-0.7069,36.97,255.4,B
4844,1.1421,1.4298,2.2872,0.9645,0.2515,-0.3692,47.6,314.67,D
4845,5.2266,5.3644,-0.7367,-0.1113,-0.3896,-0.0753,42.38,344.0,A
4846,-2.4437,-1.9452,-0.7544,0.7275,0.3785,-0.1366,42.04,317.32,A
4847,9.3158,10.1686,4.91,5.0216,1.8997,2.9516,56.64,431.77,B
4848,-6.4813,-6.1599,2.0724,1.1219,-0.4007,-1.0763,31.92,274.67,D
4849,4.7229,3.7267,-4.7066,-4.3148,-2.4106,-0.6015,40.89,272.11,D
4850,-6.3908,-6.1361,2.8319,1.7847,3.2509,1.9416,38.84,288.18,D
4851,0.0055,0.486,-3.493,-2.32,0.9707,1.371,37.56,297.5,C
4852,1.0374,0.3744,2.6167,1.9726,3.6703,3.3742,48.95,389.27,A
4853,-1.9769,-2.6322,-0.6322,-1.8931,-0.5852,1.1934,36.85,289.1,C
4854,3.0805,2.3004,-3.3353,-2.8363,-1.0651,-1.6409,45.6,291.12,B
4855,4.9974,4.7753,-0.2683,-0.4536,0.982,0.7863,45.13,337.68,C
4856,1.8306,0.9837,0.9435,0.637,1.3893,2.78,44.04,320.31,D
4857,-1.8134,-2.1626,-3.0113,-2.3145,-1.4983,-1.7018,38.59,283.13,B
4858,-0.5743,-0.3514,-0.9931,-1.6301,-0.6468,0.4259,39.33,320.93,B
4859,0.1684,0.5092,4.8376,3.3808,-0.6409,-0.1263,44.1,326.64,D
4860,-12.1807,-11.5722,-3.5854,-2.89,-0.2779,-2.2335,26.24,215.56,B
4861,3.5441,3.6355,1.989,2.2833,0.1595,-0.2663,46.18,365.76,A
4862,1.4574,1.0391,-3.1835,-2.0933,-1.0774,-0.3305,39.75,300.76,A
4863,-1.8797,-1.6117,0.7441,0.9386,2.089,-0.4376,40.67,341.29,B
4864,5.6,5.4518,-3.1868,-1.8099,-0.7669,-1.3779,44.02,307.42,C
4865,-10.4308,-9.7181,-0.0883,0.8368,-0.627,-1.8454,33.38,260.9,C
4866,-5.3315,-5.9284,-0.9999,-0.1805,-0.6278,-1.4576,35.97,289.99,B
4867,-0.1994,-0.8874,-0.753,-0.6047,-0.8359,-1.0615,40.3,301.68,D
4868,-4.291,-4.5339,0.1719,-1.293,2.1799,0.6653,38.72,285.52,A
4869,-3.8456,-4.2223,0.0504,0.0895,0.4968,1.1028,40.86,289.99,D
4870,-1.8665,-1.7511,2.5736,1.707,-0.8059,-0.1375,41.53,326.52,B
4871,-10.7447,-10.7028,-0.4162,0.0455,0.2517,0.2337,30.43,216.87,C
4872,10.8313,10.2819,4.5999,3.5839,-1.3378,0.9042,51.32,382.09,D
4873,1.9928,2.7888,-1.595,0.0494,-1.2947,-0.9293,39.72,305.45,D
4874,1.4008,2.1386,3.6283,3.5933,2.0545,3.0241,49.5,361.53,B
4875,-1.1746,-2.4471,-0.8478,-1.2588,0.0963,-0.1798,38.02,281.25,B
4876,7.009,6.3179,0.5657,0.6274,-0.6906,1.1244,51.17,349.76,B
4877,-3.0545,-1.5511,-1.1135,-0.4721,-0.6498,0.2192,38.99,291.39,C
4878,-1.5216,-1.7963,-2.2862,-3.0895,0.6075,0.8816,36.65,276.6,D
4879,8.067,8.14,0.3502,-0.5327,0.9263,0.8175,51.52,355.89,C
4880,2.7723,3.3256,-0.2119,-0.8471,-0.8318,1.0586,46.27,343.12,B
4881,-1.9404,-3.2346,-3.5061,-3.7634,-0.5334,0.1953,32.81,272.74,C
4882,-0.3509,0.7345,4.0956,3.2164,2.9944,2.7036,46.53,385.49,C
4883,-5.1092,-5.1121,-1.1807,1.2521,-0.4504,-0.5659,39.17,254.02,D
4884,9.6392,9.6769,1.6437,1.722,0.8146,2.5896,55.31,407.45,C
4885,-3.9006,-2.4162,-2.5476,-1.8132,-2.0395,-2.0128,31.29,240.36,D
4886,11.006,9.7518,6.1305,6.5011,-1.6039,1.05,55.85,436.26,C
4887,2.7897,1.1444,-0.9414,0.327,-1.0736,0.2314,41.98,306.5,A
4888,4.0067,3.8552,1.3013,0.514,-0.5223,-0.324,46.87,348.87,D
4889,-5.6604,-5.5262,2.2415,-0.2961,-1.5172,-2.3762,32.58,255.19,C
4890,10.894,10.0763,-1.0393,-1.1245,-0.8584,-0.3158,50.34,354.41,D
4891,-5.0451,-5.0551,1.0432,1.1805,-1.4285,-2.32,37.55,301.97,B
4892,6.5961,7.8302,5.1458,5.4939,2.7324,2.3367,54.23,409.1,A
4893,2.7008,3.0851,4.0361,1.8033,-0.9868,0.6214,48.05,366.32,C
4894,-2.1472,-1.4426,-2.3864,-2.1446,1.0946,1.34,40.87,288.52,D
4895,-6.2682,-5.9419,-0.0669,0.2451,-1.6229,0.1144,34.26,273.38,D
4896,-3.7677,-3.199,-0.602,0.7539,0.8267,0.3958,40.79,283.13,A
4897,-3.4363,-3.9839,-2.5873,-1.2914,2.1661,0.8879,40.72,286.88,B
4898,5.8392,7.4646,2.4067,2.515,-0.1306,-0.5076,50.08,361.91,A
4899,1.5089,1.3699,5.3034,3.7674,0.4414,-0.8827,50.29,383.57,D
4900,-3.2788,-3.1311,-5.6105,-5.0497,2.1021,0.4227,35.42,251.28,C
4901,0.4685,-0.0323,2.4499,1.797,1.1584,2.3601,47.11,340.98,B
4902,2.7646,2.1442,-4.6449,-4.5374,-0.6092,-1.1233,37.88,259.11,D
4903,0.5689,0.5253,-0.2144,0.3916,2.1874,2.2385,44.88,295.76,D
4904,-7.2889,-5.6036,0.5661,1.018,1.4524,1.5617,35.5,258.06,A
4905,2.6971,1.4684,1.3628,-0.2417,-0.3704,0.1513,45.92,336.48,D
4906,2.7335,3.839,0.0138,0.4338,0.067,-0.415,46.96,349.08,C
4907,-0.0567,0.1749,-1.8222,-2.1383,-1.4535,-1.9294,39.63,278.83,C
4908,2.1457,1.4497,2.126,2.5938,1.6729,2.0767,47.57,351.39,B
4909,-1.5531,-1.636,1.5871,2.0409,-0.6572,0.5557,41.32,315.57,C
4910,9.3221,8.7292,4.3485,3.3448,-0.2087,0.615,57.61,413.78,D
4911,1.0063,-0.3603,0.4641,-0.0669,-1.6339,-0.179,38.03,283.97,C
4912,1.0329,1.0183,-0.5385,0.5542,-0.5768,-0.3793,43.83,294.89,B
4913,-2.1905,-2.7971,-2.1228,-1.2559,1.679,2.1464,38.67,303.22,D
4914,0.479,0.6229,2.051,3.0785,-0.4085,0.427,45.15,336.4,C
4915,7.3047,6.8677,2.1877,2.0375,2.8127,1.9724,53.66,396.29,B
4916,-1.8339,-1.3826,-3.1389,-2.6078,-1.0969,-1.1084,36.8,241.86,D
4917,1.0843,0.093,0.7294,-0.5324,0.2338,0.7327,44.14,324.68,D
4918,-0.2389,0.1461,-0.9391,-0.8523,0.8105,1.1027,43.76,311.27,B
4919,-0.5137,-1.1481,4.0571,4.4209,1.7787,1.561,46.53,357.93,A
4920,9.811,9.8501,1.3537,0.538,-0.7349,-0.1719,52.16,324.12,C
4921,5.872,4.9489,2.5536,4.1841,1.0059,1.3446,49.16,384.11,C
4922,0.2728,1.3467,0.8093,2.1043,3.0127,2.1613,47.34,343.48,B
4923,-8.5888,-10.059,-6.4663,-6.4454,-5.2177,-3.8199,20.17,166.5,B
4924,-2.0114,-2.6132,-1.5113,-1.2131,-1.6725,-0.5819,37.59,289.57,A
4925,-1.1127,0.0471,3.1503,3.0208,0.5527,-0.0517,44.74,354.92,D
4926,-2.2315,-2.2053,0.4284,0.5877,-0.2895,-1.3729,39.42,299.96,B
4927,-1.487,-2.3927,-3.593,-4.4619,-0.0724,-0.2465,33.2,267.8,A
4928,2.0124,2.4359,0.3037,0.4769,0.8879,0.4709,45.6,349.99,B
4929,11.3812,11.4199,5.1872,4.1811,-1.3587,0.1777,55.0,413.7,A
4930,-1.1412,-3.0402,1.8835,2.5181,2.6594,2.1546,44.23,357.12,B
4931,-0.3552,-1.1457,-0.3852,0.5361,1.2705,-0.2676,37.57,271.33,D
4932,2.9286,3.2449,2.7212,1.4135,2.1602,1.3004,44.69,361.96,A
4933,-4.2807,-4.2438,-4.546,-2.8659,-1.4491,-0.736,32.17,252.86,A
4934,-1.775,-1.3702,-2.6724,-2.4499,-1.0481,-0.5866,35.97,275.46,B
4935,-1.803,-1.7408,-3.2931,-3.5013,0.7868,-0.728,37.9,281.7,D
4936,-7.3942,-6.6673,-2.3705,-3.1789,-1.1947,-1.6926,32.61,212.12,C
4937,5.5732,5.3358,-3.3324,-4.4963,-2.4897,-3.2145,45.16,302.57,C
4938,-5.5047,-5.9695,-4.5746,-4.8284,-1.7978,-2.9114,27.19,217.88,B
4939,-2.8377,-3.5394,-0.1617,-0.1338,-0.5128,0.4897,36.52,315.5,A
4940,-6.4301,-6.6243,2.0847,2.9254,0.9189,-0.1396,36.25,290.02,A
4941,-0.482,-0.8624,1.1972,1.0935,-0.1328,0.099,41.95,287.66,C
4942,3.7168,3.9958,2.8207,3.1344,1.6056,1.7521,48.61,341.0,D
4943,5.5943,4.5016,-0.6856,-0.5355,-1.7711,-1.7066,42.78,307.82,B
4944,-0.6496,0.5306,-2.4816,-2.0842,-2.7467,-1.8725,40.58,271.18,D
4945,4.1752,4.8295,-0.0298,0.2624,-0.7458,-0.8454,45.58,351.74,A
4946,2.1075,1.0909,-0.1984,0.0051,0.3902,-0.4649,43.34,301.73,D
4947,-0.7776,-1.1475,0.6275,0.5424,1.7069,2.1966,42.7,325.68,D
4948,2.5808,1.7382,-1.1038,-1.3316,-0.9781,-1.7663,43.71,316.61,A
4949,-15.99,-16.2737,-4.5632,-2.7305,-3.4449,-4.6137,19.59,158.21,D
4950,1.2703,1.462,0.5755,0.5456,1.1576,0.9149,42.99,338.26,B
4951,5.6969,4.898,0.1043,0.1705,0.7934,-0.2164,49.58,359.2,D
4952,3.6763,4.5854,6.0076,5.3664,0.1926,-0.901,52.21,378.18,A
4953,10.1981,10.7518,8.6384,6.4898,0.3387,0.2418,55.89,447.02,B
4954,10.1025,10.6899,5.9947,5.7255,-0.7802,0.1219,57.73,425.43,B
4955,1.437,1.9893,0.0375,-0.8031,-1.4879,-2.326,39.77,287.56,C
4956,4.2663,4.4547,-0.6152,-2.8607,0.2616,0.7577,47.63,321.68,C
4957,4.1601,3.611,2.9924,2.4967,1.6977,1.2594,51.42,366.38,A
4958,-2.4546,-1.9233,-2.1455,-1.4376,0.1819,0.5556,38.27,299.73,B
4959,-0.1551,-0.1413,-6.0102,-4.8877,-0.8982,-1.0375,37.76,269.01,B
4960,-2.4879,-2.641,0.7509,0.5699,0.6477,-0.3912,41.88,303.65,B
4961,-4.4398,-3.5225,0.3092,0.9631,1.1022,1.0929,39.31,317.3,C
4962,-1.6328,-1.1851,-2.1734,-2.2582,-1.7306,0.4227,38.99,287.1,D
4963,-13.4599,-13.831,-2.0352,-0.9603,-0.6673,-1.1353,25.75,179.11,A
4964,1.9072,1.3157,1.2787,1.6223,0.0539,-0.3412,49.19,330.02,C
4965,-2.8769,-4.0811,0.6289,0.3113,2.2057,1.379,41.56,283.26,C
4966,5.3119,4.8187,-0.2571,-0.4392,-2.3499,-1.021,45.98,331.17,B
4967,-8.428,-7.0503,-2.0284,-1.8653,0.6609,-1.3579,33.65,232.84,D
4968,-1.7595,-2.6474,0.5749,1.9703,0.1252,0.616,41.96,331.54,B
4969,0.2306,1.8551,-1.4396,-1.9897,-2.1004,-1.4785,38.72,276.53,C
4970,-8.6931,-8.8132,-2.83,-2.5969,-1.7401,-2.3444,27.22,222.2,C
4971,3.2111,5.3001,4.1614,4.3489,0.5632,-0.3162,50.62,386.35,B
4972,11.6681,10.5586,3.2697,3.9683,1.2474,3.8146,57.64,443.08,A
4973,1.372,-0.3727,-1.7384,-2.2128,-1.571,-2.5393,38.68,302.33,A
4974,1.2461,0.3905,-4.7538,-4.5521,-1.8148,-2.7787,33.44,250.06,A
4975,11.4335,11.2236,2.2659,1.2747,0.4989,0.1729,54.23,405.56,A
4976,-0.7044,0.1945,-2.9786,-2.5879,-0.6135,-0.8721,37.68,286.84,A
4977,-3.0518,-4.575,-4.4617,-2.0807,-1.666,-2.3169,34.77,246.71,B
4978,2.4069,2.9181,2.1375,0.4195,-2.1659,0.1365,43.21,324.66,A
4979,3.5221,1.4646,-1.4141,-2.9124,-0.0743,-0.2434,46.3,309.48,A
4980,5.3045,3.9565,0.2604,-0.185,0.0258,-0.6074,47.36,329.3,A
4981,1.2424,0.794,2.8809,2.1628,-0.7184,1.5713,41.89,343.3,B
4982,3.2896,3.6126,1.8001,1.636,-1.0266,-1.6905,42.06,350.2,C
4983,-2.531,-2.2139,-0.2056,-0.3038,-1.7207,-3.0558,38.15,262.39,C
4984,2.5148,3.119,3.4012,3.3931,-0.2918,1.3558,44.97,389.73,B
4985,1.142,-0.9509,2.2456,2.2849,-3.031,-2.3268,40.16,299.87,A
4986,0.2732,-0.5079,-1.1113,0.8146,-0.5482,-1.0944,40.19,330.8,B
4987,5.1704,3.6629,3.85,2.8049,1.1337,3.3371,49.86,382.96,A
4988,-1.2881,-1.365,-5.1315,-4.0096,-1.7554,-1.3373,39.96,258.44,B
4989,0.0283,1.6515,1.0377,1.113,2.2806,2.7605,48.4,353.97,D
4990,-3.1091,-2.8293,1.0048,0.833,0.4725,1.7859,42.46,331.2,B
4991,-3.7278,-4.4481,-0.0578,-0.3507,1.2724,0.0516,38.4,276.94,A
4992,0.858,0.7645,0.1876,-0.6888,-2.9031,-2.9832,42.86,283.18,B
4993,-5.1385,-5.0883,-4.2054,-5.8489,-1.6889,-0.8749,31.17,239.91,C
4994,-0.295,1.4624,1.0728,0.9819,1.5057,0.965,51.73,336.35,D
4995,5.438,4.7676,3.8329,4.1504,0.6437,0.074,49.37,405.51,D
4996,10.9947,13.2731,2.1084,0.9363,2.7766,3.0001,57.58,409.15,B
4997,2.7797,3.4729,5.3961,4.6495,0.8492,0.1133,53.49,400.83,D
4998,5.041,4.2247,3.5494,3.8882,2.6399,3.0914,53.5,426.09,C
4999,-3.0968,-3.7606,0.8965,1.3338,0.5327,-0.8306,41.4,301.42,A
5000,-11.7882,-10.4367,2.6952,0.8736,-0.2572,-0.5852,34.33,244.19,D
5001,7.2687,6.9569,-0.3398,-1.0842,-1.4496,-1.2656,44.91,346.15,D
5002,-2.3589,-2.0523,-0.2741,0.9684,0.1345,0.1453,40.69,322.67,D
5003,-5.5333,-4.2768,-0.4768,0.8222,-0.3522,-0.2199,40.49,269.82,B
5004,2.0752,1.1341,-2.9656,-2.4297,-1.7855,-0.9026,39.54,290.0,D
5005,1.6444,1.9414,-2.2195,-1.8275,0.8976,1.5661,42.43,320.23,B
5006,5.133,4.4046,1.0384,-0.3849,-1.3885,-0.3463,45.25,368.45,C
5007,-2.178,-2.0701,-2.3996,-1.3157,0.4425,0.4522,37.89,297.92,D
5008,-1.7881,-0.8561,4.2047,4.6726,1.7699,0.5907,48.24,354.72,D
5009,0.9068,1.9374,-0.1372,-0.3808,2.5795,1.7367,44.16,338.57,D
5010,-1.0992,-0.8388,-3.496,-1.733,-1.5005,-1.6318,38.01,266.88,D
5011,6.8473,7.5795,4.7611,4.8795,0.4608,2.3938,57.37,399.23,A
5012,0.3923,0.0883,1.5571,2.0238,2.9585,3.3158,45.72,357.9,A
5013,-5.8652,-4.1808,1.2721,0.616,0.9032,-0.3023,36.87,284.86,A
5014,9.3386,7.5827,3.9018,2.41,-0.1306,0.5756,52.36,408.17,C
5015,-6.9905,-7.7723,-3.2545,-1.8083,1.3742,0.2819,30.28,248.67,B
5016,-6.8118,-8.1867,-2.5014,-1.6118,-0.1264,-1.7689,33.35,238.29,C
5017,-6.0819,-6.1449,-2.1399,-2.8226,0.6572,-0.688,32.68,244.56,A
5018,4.2707,3.3093,-4.6376,-4.4546,-3.1557,-1.9952,41.19,271.12,B
5019,1.9281,2.0963,-2.8995,-2.4749,-3.3329,-3.1069,39.74,258.44,B
5020,-6.1382,-5.6378,2.3606,1.9756,2.0516,0.1349,37.27,311.98,C
5021,-1.5342,-2.4214,-1.6828,0.3832,1.3883,1.2612,42.85,309.4,B
5022,-1.9962,-2.2141,0.3564,0.6075,-1.0415,-0.4939,41.46,327.36,C
5023,-7.0026,-7.8737,-2.7322,-0.799,1.3949,1.5618,35.63,255.88,A
5024,10.3532,9.0804,3.9595,3.328,0.7083,1.5613,56.01,395.53,B
5025,11.9573,10.02,1.4313,0.3537,-0.7335,0.2255,52.63,384.0,C
5026,-3.365,-1.96,-1.6543,-0.4258,-0.4133,0.2942,40.15,286.6,D
5027,1.2909,0.9518,-7.0382,-5.9551,-2.4712,-3.3137,35.58,221.25,A
5028,2.5581,2.5501,0.0071,-0.6256,-1.0497,-0.5884,44.75,324.0,D
5029,5.3088,5.7093,-1.0146,-1.3733,-0.7095,-1.151,46.47,332.04,D
5030,7.5915,7.0064,-1.5465,-1.2836,-2.1496,0.0916,46.43,349.78,D
5031,7.9966,6.8589,2.3361,1.4047,-1.1739,1.2611,53.85,376.07,C
5032,4.9439,4.5757,-1.3429,0.3381,0.4004,0.7292,47.25,362.7,D
5033,5.8379,5.7825,0.6963,1.9871,-2.6039,-1.3306,46.93,353.44,A
5034,-0.5417,-0.2915,0.3202,0.4256,-0.3697,-0.3611,43.42,334.32,D
5035,0.6708,1.6703,-4.1781,-3.869,-0.7196,-0.9328,40.95,311.92,A
5036,5.6304,5.0191,-1.245,-1.8765,-1.6016,-1.316,43.1,307.18,A
5037,5.4676,4.9057,1.4674,0.325,0.8383,0.6911,48.99,364.21,A
5038,2.4828,1.98,-5.9369,-5.8735,-1.8199,-3.0675,36.62,244.67,D
5039,6.9709,6.4805,1.6,-0.465,-1.0886,0.0082,50.34,363.15,A
5040,2.5352,2.6828,1.6374,2.2329,0.4498,-1.0452,48.04,339.36,A
5041,-8.6353,-9.0863,-5.7227,-4.509,0.6937,0.0823,28.54,194.35,D
5042,4.2971,4.6981,2.6858,1.8486,0.7477,1.9894,49.82,355.42,B
5043,7.7783,6.7745,2.1633,0.5414,-0.9086,-0.5985,49.88,360.83,C
5044,9.3166,8.6541,-2.6208,-3.4992,1.1509,1.0347,49.04,343.42,D
5045,-5.5469,-6.0391,-4.4686,-4.2174,-2.1377,-2.1439,29.31,225.33,C
5046,4.7399,3.0918,0.1063,-0.6823,0.6757,-0.9146,43.77,321.03,D
5047,-3.9393,-3.0136,-2.8873,-3.0468,-0.0719,-0.7559,36.99,275.88,B
5048,-11.1485,-11.1406,-3.0514,-4.2331,-1.6909,-2.421,31.22,181.89,B
5049,-5.4412,-5.3282,-3.2812,-2.4219,-0.6047,0.9535,32.87,252.93,C
5050,4.7433,5.2135,1.496,2.0618,3.4275,2.762,47.85,388.37,C
5051,4.7438,4.3118,2.7101,1.6817,0.1733,1.2753,45.74,342.02,B
5052,-2.3706,-1.2534,4.3122,5.7079,2.2281,1.6967,45.99,358.39,B
5053,-16.3297,-16.3495,-0.7768,0.5655,-2.0607,-2.1481,21.39,230.9,C
5054,2.4355,2.9028,3.854,3.3801,1.0821,1.6964,49.26,373.89,A
5055,2.191,1.3103,4.3624,4.0705,0.5378,2.1691,49.43,361.63,C
5056,-0.7892,-0.36,-1.1619,-1.9638,1.8471,0.8763,38.92,287.94,D
5057,9.4556,9.8061,-2.1064,-1.9959,-0.6436,0.6351,43.52,326.62,A
5058,3.6216,3.5223,3.9587,2.713,0.2479,0.2426,45.68,345.72,B
5059,-2.4467,-2.4296,-0.9334,-1.8047,-1.3484,-0.8064,38.12,272.44,B
5060,0.1266,0.9087,5.2317,6.1632,0.342,0.6492,49.56,402.87,B
5061,-3.4645,-1.677,-1.3736,-0.2251,-1.465,-1.2266,36.6,287.49,D
5062,2.2346,1.7426,1.034,-0.1497,-0.8219,-0.9073,46.88,306.49,A
5063,7.0618,6.9061,-0.8157,-0.5157,-0.6392,0.5921,48.25,332.29,D
5064,1.7573,1.4895,3.9252,2.3161,-0.0895,0.0064,43.67,346.76,D
5065,-14.9389,-15.5592,-5.7652,-4.3794,-2.5264,-3.5298,21.17,161.34,D
5066,-8.7456,-8.6564,1.1613,1.1564,1.4928,2.1672,33.34,267.04,C
5067,6.9415,5.304,2.4531,1.0475,-0.172,-0.4474,47.58,403.86,D
5068,-10.1344,-8.7943,-7.6018,-6.8134,-3.4027,-3.3651,23.1,176.88,A
5069,3.9602,5.1803,0.3824,0.111,1.7599,2.1403,49.67,355.01,D
5070,-7.2421,-5.2146,-2.4412,-2.3354,-0.8925,-2.8236,32.12,234.56,D
5071,2.6042,1.8035,-1.4997,-2.0683,0.6425,-1.1111,43.34,336.42,C
5072,-2.182,-2.0182,-0.8354,-1.351,-2.5137,-1.9107,37.21,262.9,B
5073,-10.7529,-10.0934,-2.6873,-1.0303,0.1328,0.4084,30.53,227.64,D
5074,7.5211,7.5256,2.9136,3.1483,0.2848,0.0665,53.07,416.18,C
5075,1.9376,2.0335,-2.0992,-1.7163,-1.3594,-2.4486,39.43,284.93,A
5076,2.7598,2.1997,3.2978,2.7562,0.1129,0.9167,46.28,335.36,B
5077,11.3637,11.5568,5.6701,5.5946,4.7717,5.358,62.4,463.14,B
5078,2.5835,2.5591,-0.2829,-0.675,-0.0363,0.4717,46.65,300.36,C
5079,-10.6451,-11.1176,-6.9637,-5.5823,-1.8828,-2.0671,28.25,187.39,D
5080,-5.2064,-6.3407,-5.5896,-4.8966,-0.5092,-1.2574,31.95,214.92,D
5081,6.9217,6.7244,3.6095,2.5242,-0.3422,0.3304,49.18,372.32,C
5082,6.9608,5.8484,2.6125,2.6592,-0.9413,1.2417,48.24,349.36,C
5083,-0.2847,1.0122,-1.5046,-1.3737,-2.2639,-2.1582,39.23,276.38,C
5084,-3.3954,-5.1149,-4.6311,-4.1678,-1.5527,-1.2093,30.43,237.99,A
5085,-7.331,-7.6819,-1.5775,-1.2672,-2.3079,-2.6328,33.6,245.95,A
5086,9.2312,10.1767,1.963,1.4716,1.2411,1.0549,57.09,371.4,C
5087,0.8188,0.4847,3.215,1.6785,0.0041,0.8829,44.38,314.57,C
5088,-2.4099,-2.6843,1.4018,2.6233,0.6542,2.0482,44.8,314.35,A
5089,-11.2602,-10.7387,-5.6361,-5.0743,-1.2141,-2.3018,23.81,189.12,D
5090,-3.5634,-2.3282,-6.7721,-5.1117,-0.8237,-0.6943,32.94,237.8,A
5091,-2.952,-2.6872,0.3049,-0.103,0.613,-0.4933,40.66,305.12,A
5092,6.6364,7.5552,3.856,2.4715,-0.3238,-0.3301,49.9,386.16,B
5093,3.3096,4.1722,-3.4925,-3.6485,1.8906,1.4976,42.9,299.86,A
5094,-4.1876,-5.2513,-4.5211,-5.553,-1.3933,-2.2797,33.62,254.0,B
5095,0.0991,-0.3096,-3.3211,-2.6341,-0.4887,0.2108,40.08,264.36,B
5096,12.0213,10.9825,1.1977,-1.3959,-1.6557,-1.8387,50.68,354.89,B
5097,-8.0316,-8.6128,2.0786,2.0054,-0.7484,-1.9071,34.19,260.14,A
5098,-9.4309,-7.9777,-3.4202,-2.5795,-3.0726,-2.6994,30.82,199.97,D
5099,0.8112,1.1217,0.2078,0.3293,1.2045,2.4922,43.52,333.88,A
5100,-7.5806,-7.0211,-2.279,-1.3596,-0.7689,-0.9395,35.01,253.95,B
5101,6.7866,6.3173,2.7403,0.0166,0.2891,0.4438,53.57,376.42,B
5102,-0.9345,-1.4944,4.485,3.6621,0.1087,1.7444,44.21,328.03,A
5103,-10.1568,-10.7681,-0.1477,-0.2983,-0.6511,-0.6153,33.95,264.76,A
5104,3.42,3.5155,-0.1185,-1.0532,0.641,0.1126,44.85,309.79,A
5105,-4.1758,-4.2862,5.5497,5.2893,3.1437,2.5757,45.8,352.67,B
5106,-14.4373,-13.0521,-5.8263,-3.8772,-2.6288,-2.2993,23.16,161.99,D
5107,6.8156,5.9456,6.2768,6.278,1.3574,3.0947,59.76,402.5,A
5108,-4.1688,-4.5465,1.079,1.7899,-1.3531,-1.8957,39.17,285.08,A
5109,-1.4632,-1.4492,0.1817,0.6438,0.0319,-0.4432,39.98,274.36,C
5110,-4.3577,-3.4347,-4.4823,-3.9271,-1.1612,-1.9578,31.3,258.81,B
5111,-4.5641,-4.469,-0.4008,-3.1677,-0.7031,-0.1387,36.35,281.53,D
5112,-8.38,-8.1657,1.8808,0.9706,-2.8566,-2.1765,35.68,263.82,D
5113,-1.7723,-3.2256,-2.5901,-1.9409,1.9028,0.9236,35.71,273.89,B
5114,-2.1609,-2.0446,-2.3409,-2.6731,-0.2767,-0.6087,37.46,260.2,C
5115,-0.593,-1.1526,-0.303,0.2398,-0.1857,-0.3728,38.48,300.15,C
5116,1.4794,0.7371,2.8712,4.1349,0.9247,1.4957,47.69,357.56,A
5117,5.1214,5.3437,1.6695,0.7157,-0.7355,0.6991,48.99,363.0,B
5118,-6.9833,-7.6153,-0.3503,-0.2132,-0.947,0.0284,32.11,289.24,B
5119,-4.9934,-3.8344,-1.3946,-1.1529,-0.4396,-0.5091,34.69,255.39,D
5120,0.0986,0.1989,-2.3555,-2.367,-2.105,-1.1949,38.17,257.73,B
5121,-3.7393,-3.4906,-0.0685,-1.2863,0.3926,1.1941,36.92,282.39,D
5122,4.0226,4.7664,0.815,-0.1247,-0.7034,-0.5727,44.95,319.78,B
5123,-4.5662,-4.6142,0.7501,-0.1738,-1.1562,-0.6232,37.03,290.05,B
5124,-0.2318,0.354,0.0834,1.1435,-0.7603,0.1949,41.31,306.36,D
5125,-5.879,-5.8385,-0.1037,0.4063,-0.6196,-0.0608,35.81,291.2,C
5126,0.6082,-0.3996,-0.9947,-1.1099,-0.8382,0.1875,42.02,309.24,D
5127,-0.2437,0.2937,1.8544,0.5552,0.6252,1.1813,42.94,303.82,D
5128,-9.0244,-9.4262,-2.8498,-2.2107,0.4056,-1.0184,25.9,225.8,A
5129,1.7027,1.6425,5.282,4.3793,1.0509,0.3559,45.74,341.18,B
5130,-0.2414,-1.0539,-2.5358,-0.8242,2.8526,1.5986,39.66,310.32,D
5131,0.8991,1.3252,0.8262,-0.5327,-1.2753,-1.9553,45.98,314.34,B
5132,-9.4305,-7.9357,-4.1704,-2.9006,0.0028,0.3823,31.47,220.58,C
5133,5.4782,5.5094,3.0036,2.9615,1.4237,0.393,52.26,378.51,A
5134,5.5472,5.9079,-1.6301,-1.6454,-0.6576,-0.0225,43.84,344.83,A
5135,0.0595,2.3874,-0.9604,-0.4585,-1.5882,-1.6952,39.62,300.23,C
5136,3.7999,3.5057,-5.5152,-4.2193,-0.3436,0.43,39.51,274.33,A
5137,-9.8194,-9.7752,-3.8542,-2.8798,-1.5314,-0.855,29.75,195.4,C
5138,-0.7697,-1.2858,-0.0563,0.3911,2.327,1.0591,44.85,297.34,B
5139,0.73,0.8794,-0.6143,-0.7761,-1.902,-0.6249,40.72,288.8,A
5140,0.2171,1.6503,4.3764,3.1919,0.9363,1.2071,48.62,361.99,D
5141,5.4556,4.5887,4.4447,2.7139,-0.9449,-0.2982,50.52,358.91,C
5142,1.8791,3.2021,0.204,1.7631,1.0997,1.5063,48.78,355.06,A
5143,13.4616,14.1805,4.2094,3.3093,0.6887,0.1126,58.51,439.45,B
5144,7.1222,5.249,0.3025,-0.0234,-0.1211,0.0951,46.36,341.14,B
5145,-9.1129,-8.653,-0.0409,0.5733,-1.3915,-0.4532,28.85,240.91,D
5146,5.4796,6.0975,5.372,5.056,2.1744,2.0958,53.79,409.72,D
5147,9.4106,8.5391,1.6869,3.366,4.0682,4.2863,54.65,396.48,D
5148,1.4004,1.8971,-3.6909,-4.4674,-0.554,-1.5305,38.17,253.67,D
5149,6.1247,6.2806,-0.4144,0.643,-0.7973,-1.6171,49.75,352.79,C
5150,-6.8895,-6.3219,-3.0723,-2.9896,-2.9392,-2.3219,31.87,189.6,A
5151,4.0748,3.2488,0.0504,-0.1798,1.3982,2.3798,46.28,310.32,A
5152,-0.7076,-1.0655,0.0523,-0.4927,-0.4048,-0.8025,41.37,283.44,A
5153,-1.2585,-1.0317,1.68,1.2329,0.5428,0.866,44.97,328.29,D
5154,-5.2713,-4.4073,-1.3157,-1.1533,-2.8429,-3.3885,30.29,222.36,A
5155,-7.1543,-7.247,-1.9644,-1.1374,-0.1444,-1.5708,34.5,253.0,C
5156,-0.5478,-0.108,3.2555,2.6957,1.1669,0.2738,46.77,348.35,D
5157,-3.2276,-2.7851,1.9329,1.2035,-2.2258,-1.7505,37.16,311.96,A
5158,8.7783,7.7637,2.0633,2.1879,0.5281,0.6274,48.98,381.62,D
5159,-0.2416,-0.5485,1.3045,1.3187,1.2356,2.2854,45.55,338.64,C
5160,0.244,0.3085,2.4179,1.9492,1.5156,0.8005,45.31,337.53,D
5161,-1.2388,-0.6306,-1.9591,-2.5302,-0.2238,-0.1787,39.46,283.71,C
5162,8.311,7.3224,2.6419,4.1256,0.2271,0.6784,47.19,396.22,D
5163,-8.3291,-8.8832,0.6433,-0.1267,-1.8298,-1.5371,33.42,246.5,C
5164,3.321,3.0623,3.1244,2.8919,0.872,0.5656,47.4,364.28,C
5165,2.8873,5.2727,1.6526,0.301,0.6485,1.7432,51.01,345.53,C
5166,-6.4589,-6.1772,4.7644,4.647,-0.572,-0.283,42.69,328.02,B
5167,2.8293,2.1166,5.2518,5.3188,1.9959,1.7849,51.37,405.28,A
5168,5.3106,5.6068,0.8995,1.7503,-1.1825,-0.5701,47.76,370.73,C
5169,1.7698,1.2244,-1.4205,-1.6082,-0.5418,-1.109,40.96,291.58,A
5170,-4.6009,-4.3626,-3.4724,-3.665,-0.705,-1.1068,34.24,256.99,B
5171,-1.9283,-0.5879,-0.4311,0.1193,0.4299,-0.0743,40.25,303.0,A
5172,1.9813,2.7871,0.8513,0.6544,0.3012,-1.1566,47.82,339.78,A
5173,9.054,8.7793,4.5743,3.5584,1.2822,1.9248,55.1,425.39,A
5174,-1.1872,-2.0357,-4.1612,-2.094,2.2191,0.6558,39.8,278.33,C
5175,11.0232,11.6424,2.1611,2.6057,0.9829,1.953,56.37,393.78,C
5176,-4.4192,-4.7883,-2.028,-3.4579,-1.0012,-1.8814,33.47,255.09,D
5177,-4.4008,-4.3345,4.2213,5.0242,2.0673,0.4207,41.15,366.33,A
5178,1.3749,2.5598,3.5336,3.2231,-1.3755,-0.0294,46.12,343.64,A
5179,8.3615,10.29,3.0697,2.2588,0.7687,2.6702,53.95,402.06,A
5180,-16.9139,-16.7045,-6.8941,-6.7585,-1.8158,-1.3428,15.2,131.77,B
5181,0.0113,1.7403,-0.8192,0.2629,-2.6377,-1.8174,41.36,296.62,C
5182,3.4265,1.8176,-1.0488,0.0921,0.7507,1.6739,46.03,283.07,A
5183,-2.1772,-2.3174,3.2051,4.646,0.6003,0.4054,44.15,345.02,C
5184,2.6351,3.79,-0.6398,-1.1135,-0.4784,-0.8406,45.24,301.91,A
5185,6.3326,4.7826,3.7904,3.3791,1.3025,1.9998,53.71,413.3,C
5186,-4.6322,-4.333,2.252,1.5228,-1.4233,-1.09,40.01,288.28,C
5187,2.1789,1.3189,1.4172,1.4763,-0.5154,-0.2305,46.51,319.56,B
5188,10.2529,10.9641,4.4933,5.4978,1.9049,2.5718,58.19,461.91,A
5189,-11.7223,-11.4361,-3.4664,-2.8312,-0.4116,-0.729,28.24,197.49,D
5190,4.1733,4.3483,1.2191,0.3077,-2.1789,-1.1157,44.96,335.18,B
5191,1.5861,1.7604,-1.7595,-2.6996,-0.702,0.255,41.69,284.64,A
5192,-5.4846,-4.4491,3.0639,2.125,-0.8006,-0.532,39.18,331.82,C
5193,5.705,6.3832,-0.4112,-0.2744,0.3634,1.2632,51.15,317.98,D
5194,2.1046,1.7585,0.7565,-0.6229,1.8386,1.942,49.43,314.88,C
5195,-1.3261,0.3217,0.3292,-0.1538,-2.2246,-2.2512,42.48,308.66,A
5196,-6.3584,-6.7309,-3.8978,-3.0522,-0.1887,-0.5646,32.83,247.08,C
5197,9.471,9.5072,5.0032,4.7345,0.8415,2.795,59.07,424.21,C
5198,-4.8513,-4.6532,-2.8441,-3.6971,-1.8647,-1.5229,36.2,227.68,C
5199,-11.2104,-9.6749,-1.5578,-0.9336,-0.7997,-2.436,31.21,216.86,A
5200,2.5695,1.1697,-1.6772,-1.6791,1.1013,0.742,41.15,315.13,C
5201,8.1946,9.3824,3.9309,0.768,0.4403,1.5097,52.72,352.72,D
5202,1.8609,2.9002,-0.1588,0.3614,0.5086,2.0725,45.11,319.46,C
5203,7.4703,5.3408,3.4989,1.7162,-2.0866,-0.9746,49.78,357.22,C
5204,1.8591,2.0108,2.5451,2.4159,1.5035,2.3291,47.89,375.02,C
5205,0.9887,1.5043,-1.8152,-0.1314,0.1173,0.4967,43.8,312.68,C
5206,7.2372,5.9297,1.7215,1.7221,-0.9052,-0.401,45.45,356.05,A
5207,-1.5286,-1.9224,1.318,0.9582,0.1534,-1.2479,38.95,289.76,C
5208,0.7163,2.1109,5.2188,4.3492,-2.4111,-0.7498,47.41,357.23,C
5209,1.3477,1.2551,-4.4677,-4.1215,-3.1796,-3.9898,36.88,230.1,B
5210,5.077,4.7176,-1.8745,-1.5056,0.093,0.8977,43.59,303.86,D
5211,8.0999,8.537,1.626,2.0593,-0.7302,1.0462,50.61,385.38,D
5212,-3.6218,-2.5716,-3.3324,-2.7257,-1.1792,-1.2438,33.1,223.08,C
5213,-6.2596,-6.3113,1.8,1.763,2.9769,1.3997,40.63,312.48,C
5214,0.1553,0.8991,3.0011,2.902,0.4294,0.8269,46.09,324.68,A
5215,4.5239,4.1453,1.4295,0.0368,0.4753,-0.7453,46.0,329.24,D
5216,5.7252,4.7944,0.267,-0.433,0.9203,0.9909,48.74,357.62,A
5217,-2.5055,-2.4424,0.7474,0.0137,-0.7659,1.0724,39.37,300.54,B
5218,3.4392,3.3308,-1.9168,-0.5626,0.0983,0.0326,45.44,355.92,A
5219,6.847,6.3422,0.3628,-0.0227,-0.8672,0.7403,47.34,372.92,D
5220,3.0392,2.9989,0.5611,-0.1935,1.4965,0.9889,45.69,342.66,D
5221,13.0344,13.0007,3.7341,3.2789,2.0597,2.2509,55.94,448.87,B
5222,11.2309,9.2981,3.5542,2.1682,-1.7461,-1.0721,49.56,420.08,C
5223,3.8433,3.4984,2.8197,2.3428,-1.9509,-0.7805,47.27,368.69,B
5224,9.3385,9.6329,6.5269,4.925,-1.0301,0.9444,56.8,427.75,A
5225,5.2429,5.5212,1.2857,0.2961,0.8244,0.6108,48.97,336.9,B
5226,5.279,6.5162,3.3167,1.9306,-0.186,1.0054,53.06,394.57,B
5227,-4.3004,-4.7553,-1.8882,-1.7559,-0.3577,-2.0332,33.44,252.2,B
5228,-0.6536,-0.6438,3.678,3.1593,3.0857,2.406,47.92,350.32,B
5229,-2.1339,-1.2766,0.2449,-1.6381,-1.343,-0.6121,40.0,285.69,C
5230,-3.4353,-2.4536,-2.1649,-2.3412,-2.4902,-2.8865,34.0,247.39,D
5231,-5.0202,-4.5007,-2.5514,-1.6767,-1.5175,-0.3871,35.85,247.96,C
5232,-3.4967,-3.4542,2.1252,0.2276,-0.7956,-1.3987,42.13,304.7,A
5233,-6.4781,-7.6966,1.8038,2.4287,2.0988,2.2708,37.14,299.1,B
5234,-0.6115,-1.0066,2.4151,1.6648,1.1433,0.2427,47.12,328.22,D
5235,-5.403,-4.8701,-2.0512,-2.915,-1.2509,-2.3521,31.79,234.16,C
5236,0.3988,-0.2105,2.7412,1.8184,-0.832,-1.5365,44.52,330.96,A
5237,11.7876,10.8424,6.0733,7.0767,2.87,3.7392,60.8,451.46,A
5238,-4.5096,-4.4695,0.4411,1.7874,2.0123,0.8799,41.32,285.81,B
5239,4.0363,5.7285,3.676,3.7313,2.2167,3.547,49.78,377.62,A
5240,-1.1008,-1.0671,1.0303,0.1691,-0.1481,-1.02,38.25,257.16,C
5241,-3.1991,-4.0943,-1.5985,-1.3516,0.7059,0.8831,37.03,269.34,A
5242,-0.3966,-3.0216,-2.5188,-1.0688,1.7577,0.0208,39.64,285.58,C
5243,-0.1367,-0.5624,-3.8868,-4.6789,-2.3491,-3.2745,35.64,242.36,B
5244,2.7231,3.2427,-2.1558,-1.6199,-0.711,-0.8119,40.4,258.38,B
5245,-1.6534,-2.5,-1.0334,-0.6837,0.1725,0.0587,40.44,263.06,B
5246,6.3515,5.7158,4.5748,4.0285,1.9008,2.3504,54.42,430.6,D
5247,6.9371,7.6967,-1.2764,-0.9144,0.2115,0.6673,49.5,334.72,C
5248,13.1075,12.6822,5.4153,4.8817,-2.8084,0.2245,54.6,420.62,A
5249,-5.3578,-5.7097,-4.4832,-3.1238,-0.1516,0.1564,33.44,284.74,A
5250,-12.9916,-12.5856,-1.058,-0.0434,-0.4253,-0.8539,28.77,236.38,B
5251,5.1777,5.9325,0.177,-0.4632,-1.8231,-0.3565,47.19,341.13,A
5252,1.4705,2.2828,2.0517,1.0457,-1.5701,-2.1894,44.21,317.96,B
5253,0.9783,1.762,1.783,0.61,-0.1659,-1.1862,43.7,302.06,C
5254,4.6162,5.3152,-2.0064,-3.958,0.1982,0.6711,41.51,302.1,D
5255,-0.9356,-1.7573,-1.3427,-1.1528,-1.782,-1.6892,34.3,278.44,B
5256,0.0523,1.5507,-1.3566,-0.607,-0.3189,-0.8968,39.32,286.06,A
5257,2.0205,2.1324,1.8117,1.9773,1.9285,2.5415,50.73,346.18,B
5258,4.1194,3.8959,-2.0128,-3.4581,-0.141,-1.3136,43.94,303.99,B
5259,3.5673,4.4833,1.7315,1.3295,1.5209,1.68,50.33,348.57,B
5260,-0.4929,-0.2909,-4.0396,-2.8814,-0.7519,-2.174,36.7,283.02,D
5261,-3.1013,-2.1032,0.2547,0.742,-0.174,0.0519,37.85,309.15,D
5262,1.9339,-0.4089,2.3794,1.729,1.0594,1.9216,43.63,352.66,B
5263,4.0758,2.9682,-1.0933,0.6306,1.2154,-0.7949,45.53,330.24,A
5264,1.8842,1.6254,0.0178,-0.4043,-1.7386,-0.208,41.57,325.96,A
5265,0.4485,1.5234,2.0867,1.1897,0.2258,0.8875,46.14,342.78,A
5266,-3.6477,-3.8212,-0.0968,-1.0056,-0.0717,-0.7157,38.62,295.39,B
5267,9.1622,8.6226,2.6951,3.287,2.7525,3.0297,53.78,421.18,B
5268,5.1994,4.4577,-2.2831,-2.7769,-2.2849,-0.4915,43.39,303.86,A
5269,-3.3922,-4.1376,0.5484,1.4122,1.9357,2.0919,40.81,305.65,A
5270,2.3885,3.6339,-0.0634,1.5086,-1.2276,-1.1692,43.23,336.78,B
5271,-2.5168,-1.6403,2.8341,2.2597,-1.822,-0.6369,43.1,275.61,A
5272,-8.8792,-9.4276,-3.4587,-2.5393,-0.6128,-1.133,29.45,197.45,D
5273,-1.1876,-1.7482,-0.8049,-0.4996,-0.8866,-0.4885,40.68,259.44,D
5274,5.3963,3.837,0.4875,-1.0436,-1.5853,-1.3745,42.09,355.7,D
5275,-2.235,-2.6656,2.3667,1.4444,0.192,0.5125,40.51,323.16,D
5276,0.928,-0.3626,-0.3851,-1.1176,-0.2794,-0.4638,43.72,295.0,A
5277,-4.1093,-3.276,-1.5929,-1.2424,2.0127,0.8695,37.31,267.86,C
5278,2.5997,3.2903,2.3112,1.3739,-0.1286,0.198,46.37,366.95,B
5279,3.2117,3.2829,-3.05,-2.3013,2.028,1.4152,43.88,288.79,C
5280,12.4138,12.2387,2.5575,0.5495,-3.7014,-2.8479,53.01,376.88,D
5281,4.8473,5.0334,2.1558,0.3664,0.2711,0.9373,50.02,354.08,B
5282,1.1143,0.8417,-2.4723,-2.0402,-0.2998,-1.9883,38.23,291.17,D
5283,5.0858,6.3317,1.9203,0.0463,-0.042,-0.4211,49.55,366.25,C
5284,-1.0788,-1.7898,1.8145,1.9901,1.441,1.1593,43.5,302.93,A
5285,-5.1187,-4.1527,2.7481,2.5718,1.3433,0.5325,38.05,302.98,A
5286,0.7889,-0.5917,4.8994,3.6821,2.1107,1.8281,49.13,354.39,D
5287,-13.0896,-13.3537,-1.7854,-0.6538,-0.2394,-1.7037,26.71,249.1,A
5288,-5.7282,-4.9592,-2.4575,-5.1733,-1.6908,-3.0649,34.86,232.4,D
5289,-0.1528,0.2434,0.385,1.2054,-0.5733,-0.7665,42.57,296.81,C
5290,12.5992,11.8021,0.8017,1.9263,-0.3371,0.8245,57.62,410.87,D
5291,-1.4184,-0.8484,1.4783,0.5768,-1.4205,-0.5789,39.81,322.18,B
5292,-4.4197,-3.6006,2.4533,2.1108,0.3314,-0.0316,38.81,317.04,A
5293,-2.871,-2.4028,-0.2693,-0.6883,1.6763,1.3893,38.72,297.12,B
5294,0.5901,0.4379,-3.2969,-1.3554,0.851,1.1552,43.27,300.88,A
5295,-3.4371,-2.82,-0.8678,-0.3599,0.2388,-0.5497,39.39,260.42,B
5296,-1.7142,-0.6038,-1.8887,-1.1683,1.8594,1.8044,43.23,291.23,B
5297,0.0708,0.2014,2.0545,2.7546,2.5934,4.2522,46.18,349.85,B
5298,2.9416,3.8518,2.7794,2.8921,0.7279,0.5307,48.71,342.28,B
5299,0.1679,0.4372,-0.507,-0.364,-0.7884,-0.1793,38.06,309.02,D
5300,0.4904,0.0413,-0.625,0.0446,0.559,1.3331,42.57,311.99,A
5301,0.926,0.6669,1.932,0.7001,-1.6642,-1.6566,43.28,335.44,A
5302,-0.0295,0.7763,1.09,0.2383,0.3499,1.1704,46.24,307.46,D
5303,4.6541,4.9298,-0.9143,-0.9501,1.8999,1.94,50.61,345.9,D
5304,-3.8823,-3.061,-1.9227,-2.538,-1.3349,-3.8638,35.29,242.8,D
5305,3.1701,3.0215,1.6418,0.8735,-0.3585,0.3497,43.69,364.16,C
5306,-2.5184,-2.4209,1.1723,2.3584,-1.0234,-0.1036,40.1,294.86,C
5307,-8.0665,-9.0381,0.0096,-1.2967,-1.5928,-0.7934,31.7,243.86,A
5308,7.4762,7.7533,-3.4488,-3.4386,1.3533,1.4302,44.64,334.25,C
5309,-2.2092,-1.8714,-2.2055,-3.1809,-1.0248,-0.3604,37.29,252.48,C
5310,6.4631,5.258,1.054,1.9784,2.0899,2.6406,50.16,390.78,B
5311,-0.5234,-0.7722,-3.2018,-2.8748,1.4641,0.7754,39.3,252.46,C
5312,-1.2998,0.1459,1.5412,2.031,2.9484,2.737,43.62,326.33,A
5313,4.1645,3.8242,-4.5288,-4.0633,-2.1941,-0.8277,38.83,275.71,B
5314,7.067,6.6292,3.1998,3.1889,0.1269,0.7305,51.2,401.38,A
5315,8.817,8.2499,1.0764,0.5865,2.3097,2.9172,51.94,392.82,A
5316,-1.8573,-1.8216,6.4587,5.7446,2.5733,3.3055,49.25,397.34,A
5317,-5.2671,-4.8164,-1.0162,-1.7214,-2.1214,-1.1821,36.38,230.28,B
5318,-8.6817,-8.0703,-0.4712,-0.8943,0.1348,-0.2566,33.61,252.17,C
5319,-5.1986,-5.441,-3.4229,-2.955,0.0192,-0.8179,28.81,228.16,C
5320,1.5646,1.06,-1.8997,-0.7213,-0.0075,-0.6155,40.59,296.79,A
5321,-6.2652,-6.2649,2.7493,2.6296,-1.0431,-1.8887,39.09,316.52,C
5322,-0.923,-1.7073,0.7071,0.282,0.8175,-0.1153,41.96,339.1,A
5323,3.9615,3.2266,-1.5434,-2.4478,-2.8672,-0.76,40.89,322.33,C
5324,11.5881,12.1468,1.4416,2.6817,-0.4614,1.4536,53.2,356.71,B
5325,4.0996,3.9232,1.7775,1.9934,-0.272,1.5544,48.5,363.91,C
5326,-7.2178,-8.1234,-4.4487,-4.578,-1.7863,-2.5164,34.07,191.72,B
5327,11.2458,9.226,5.3521,5.5965,0.0077,1.7469,58.08,406.84,D
5328,-5.4875,-4.9419,-4.3235,-3.8318,-0.0556,0.2466,34.77,213.07,C
5329,2.5303,2.8403,0.6238,0.4032,1.8278,1.9917,48.96,378.37,A
5330,1.3616,1.972,2.2935,1.7794,0.9218,1.74,50.95,334.52,C
5331,-1.7637,-2.7738,-1.4077,-1.3635,1.8163,1.7198,41.86,303.7,D
5332,3.8457,3.6405,1.4956,0.6647,1.8307,1.3309,43.21,363.41,A
5333,-2.785,-2.1178,0.3737,1.4295,-0.0638,-0.1251,42.76,298.84,B
5334,3.2888,3.3717,5.6908,4.4311,0.5417,1.0516,49.43,390.56,A
5335,-4.4919,-5.3409,1.3135,2.0149,0.4202,-0.7814,37.4,321.02,C
5336,-2.4219,-1.2492,-0.7117,-0.5001,-1.6021,-1.6066,34.3,226.2,A
5337,-0.7363,-1.3862,-0.5506,-1.7502,-1.318,-1.1068,37.75,282.54,D
5338,-1.3384,0.7666,-2.7091,-3.3082,-0.7571,-0.6135,36.69,239.43,B
5339,-0.0736,0.2033,-1.6245,-2.5621,1.0949,1.5049,42.54,280.27,A
5340,-6.933,-7.7934,-3.4968,-1.8498,1.7716,1.8811,32.07,271.18,A
5341,-1.9062,-3.9469,-1.5439,-2.4879,-2.1651,-2.0401,35.12,247.07,C
5342,7.6786,6.5731,4.2301,2.6795,3.2107,3.5963,56.14,399.18,C
5343,-6.0015,-6.2163,-1.2556,-1.0542,-0.4265,-0.6015,31.44,249.8,A
5344,-11.374,-11.2058,1.022,1.5452,2.1469,0.4579,32.43,279.76,C
5345,-3.101,-3.5484,-4.4742,-4.46,-0.019,-0.235,35.86,256.86,A
5346,2.5567,2.056,-1.1422,-1.4624,-1.6501,-1.0338,44.04,327.62,D
5347,0.0532,-2.514,-1.6897,-1.9933,1.7101,0.4335,39.2,303.8,A
5348,5.601,5.7172,-1.2163,-1.7594,-0.5314,1.3504,43.67,323.94,A
5349,3.9033,5.2145,3.5716,3.5622,-0.5531,0.0124,48.82,363.07,B
5350,3.0125,4.0569,2.478,1.9229,-2.5049,-1.1583,42.87,356.29,D
5351,8.6441,7.9326,1.8384,2.1074,2.1929,1.8144,52.89,374.14,A
5352,-4.9731,-5.6229,1.5224,1.9282,0.7027,1.3188,36.39,296.78,C
5353,1.3577,0.0457,0.0178,-1.1111,-2.6458,-2.1577,39.18,286.96,C
5354,1.0734,1.9574,0.2088,-0.6947,-0.7946,-0.4319,41.5,295.58,A
5355,-1.0701,-0.1445,-1.5342,-2.0918,-0.7856,-1.2797,41.43,279.59,D
5356,-3.0683,-2.4111,-2.5461,-2.7586,0.5707,-0.8487,36.92,254.72,D
5357,0.8613,0.2851,0.8271,1.6203,3.1592,4.0491,48.64,346.85,A
5358,5.5255,5.064,-0.0553,0.4836,-0.5635,0.5591,46.47,325.74,C
5359,-2.1791,-0.8048,2.7791,2.4735,-0.0493,0.6541,42.95,304.67,B
5360,-1.82,-2.0149,1.9947,1.9157,1.2533,1.9732,43.57,331.64,B
5361,1.099,1.2669,-1.6301,-1.2745,-0.3377,-0.5815,40.29,318.66,D
5362,-7.1979,-7.7353,-3.6907,-3.4719,-0.8223,-0.8328,34.57,237.22,D
5363,-1.7768,-2.4125,0.3549,0.1879,-1.5755,-1.3662,38.63,279.04,B
5364,-10.2901,-8.9617,-3.8656,-2.85,0.0612,-1.7151,26.32,213.56,A
5365,2.7061,2.4983,-2.365,-1.1474,1.7972,0.29,42.32,322.04,B
5366,3.2414,3.5503,1.5474,0.5613,0.3251,0.7564,45.12,339.27,B
5367,1.6888,0.5975,0.3537,0.1071,0.8393,1.5819,40.65,309.62,C
5368,-0.6172,-1.0466,2.5927,1.6404,0.9228,0.9845,43.31,319.95,B
5369,-1.8308,-1.4932,-0.5075,-0.1469,0.173,0.6193,42.6,348.56,A
5370,-1.9391,-1.3792,-0.5289,0.2415,1.5395,0.3695,43.73,304.09,D
5371,-8.7159,-9.0212,1.4499,-0.3298,-0.1752,-0.8281,33.85,274.11,B
5372,8.7155,8.4535,0.6492,0.8234,-1.2342,-0.9437,51.34,347.22,B
5373,-3.8225,-3.2795,-4.0388,-2.9337,-2.866,-2.66,30.07,238.48,C
5374,8.2467,6.5841,2.842,2.2764,0.3161,1.0271,56.18,401.72,B
5375,3.9601,2.7344,-1.0758,-1.5645,1.7154,-0.3686,44.27,315.24,C
5376,1.0404,-0.04,4.1119,4.2835,2.6554,2.9504,52.35,379.62,C
5377,-0.673,-0.5037,3.6769,4.5897,2.9337,2.7643,51.93,366.94,C
5378,7.1391,6.15,1.3514,1.1875,-2.2385,-1.6498,45.3,365.18,B
5379,10.8652,10.3009,3.5025,3.2655,1.3984,1.954,56.68,435.55,D
5380,-1.7256,-2.1189,-4.7816,-3.744,1.0445,-1.0258,36.42,273.03,C
5381,-5.1503,-5.5673,-3.2616,-1.7978,-0.8594,-1.3087,35.28,225.36,C
5382,3.2247,3.4202,-4.8773,-4.5691,2.1005,0.4771,43.39,278.33,C
5383,-0.4008,-0.7615,-2.0527,-0.8792,-4.6129,-3.504,36.26,274.38,C
5384,-9.7527,-9.3994,-3.6416,-3.0932,-1.751,-2.4836,26.2,177.98,A
5385,1.1438,1.2568,-0.693,0.1761,2.6232,1.5537,46.14,338.07,D
5386,8.7169,7.3291,3.2291,2.6167,1.1584,1.9934,53.43,389.88,C
5387,14.6953,15.1913,8.6482,6.6328,2.852,3.6102,63.39,517.99,D
5388,7.0512,8.1924,-0.0084,-0.3388,0.0709,0.7938,49.21,345.77,C
5389,-12.2574,-12.5583,-3.7117,-1.9251,-1.8242,-3.4537,24.39,202.6,A
5390,4.0022,3.522,1.7375,1.342,0.1768,0.6168,44.47,360.94,A
5391,4.6376,4.9689,-0.3299,0.8814,1.8134,2.5846,46.8,327.27,A
5392,-0.4495,-0.255,2.5011,2.0306,1.8786,1.2982,43.83,344.48,B
5393,-2.071,-2.4112,-3.4304,-3.7887,-1.5447,-1.1368,35.58,210.49,B
5394,-8.8243,-9.0148,-3.3941,-2.7659,-0.5418,-0.508,28.5,202.93,A
5395,-9.9496,-10.7333,-1.8326,-0.9873,-0.2855,-0.4059,31.12,218.91,A
5396,-2.3073,-2.8717,2.6204,1.6446,1.3637,0.6239,41.35,303.45,C
5397,-5.2106,-5.2459,-1.0343,-2.0271,-0.5749,0.393,30.91,263.87,A
5398,-0.7445,-0.7373,-1.942,-1.2183,0.0417,-0.5929,39.31,267.03,C
5399,3.02,1.8182,0.4634,-1.2242,-1.7534,-2.5023,40.07,308.28,D
5400,-3.0355,-3.2148,-0.4186,-2.3861,-0.8129,-1.1866,35.85,260.62,D
5401,8.0454,9.5741,2.8511,2.1571,0.2121,1.8647,53.83,405.46,A
5402,-1.3656,-0.446,-1.0497,-1.4443,1.0698,0.8716,40.31,260.68,C
5403,2.5918,3.6008,1.2698,-0.085,-1.7274,-1.2817,44.05,335.38,A
5404,-7.7447,-7.1359,-5.7896,-2.7654,0.1179,-1.4836,29.33,216.34,D
5405,-2.397,-1.5834,-1.3947,-2.7028,-3.2833,-2.6083,33.0,251.59,B
5406,-0.212,-0.6724,-0.0522,0.0875,-2.3751,-1.2548,40.09,310.17,B
5407,-5.4795,-6.5172,-4.6807,-4.6106,-2.025,-2.6153,27.17,213.92,C
5408,-5.827,-7.006,-6.2618,-4.4307,-0.4749,-1.1994,27.33,225.57,D
5409,8.7328,9.3614,1.2135,-0.1296,-1.3466,-1.6225,49.18,340.42,A
5410,-3.3506,-2.1534,2.8314,4.8734,1.4409,2.0762,44.92,328.58,B
5411,-0.9517,-2.556,2.6305,2.0719,1.0434,1.2038,47.04,341.48,C
5412,-0.7924,-0.2985,-0.183,-1.3526,0.4229,1.2615,40.17,289.42,B
5413,-5.5586,-7.178,-1.3475,0.0882,-0.6774,-1.2962,36.31,272.33,C
5414,-7.5872,-8.1424,0.4713,1.1051,-0.4517,-2.0673,32.07,250.22,D
5415,3.5997,2.8484,2.3866,1.5449,-0.3666,1.4776,41.24,366.42,D
5416,-12.6028,-12.0595,-8.5207,-8.055,-3.4734,-5.3228,18.97,142.42,D
5417,-7.6127,-6.7287,-4.6848,-4.9237,0.3704,0.9793,31.88,188.5,A
5418,-6.0776,-6.3055,-2.7439,-2.7919,-1.0519,-1.7129,34.3,221.73,D
5419,-4.0807,-3.2271,-2.8878,-2.4928,-1.1251,-2.3523,37.74,236.74,C
5420,11.3562,11.4004,5.4829,2.7736,0.1659,2.0663,62.12,398.74,D
5421,5.9607,4.7304,-2.7194,-2.7965,-0.595,-0.1998,41.74,308.33,B
5422,6.9839,7.2391,-2.18,-2.4949,0.1899,0.2574,44.2,330.49,D
5423,10.3345,9.289,3.1869,2.7512,-0.9393,0.3265,51.78,407.04,C
5424,-5.0504,-4.1724,0.8956,0.9955,-0.494,-0.7516,35.6,281.1,A
5425,3.7578,4.2215,0.0119,0.756,1.2056,1.4733,47.49,348.24,C
5426,-6.7371,-7.1493,-4.5339,-4.3219,-0.8733,-0.7565,30.96,244.55,C
5427,0.5446,0.1476,2.9155,2.1666,2.0649,1.8873,46.17,342.93,B
5428,0.6497,-0.0771,0.8646,0.2511,-2.2498,-2.4346,38.95,289.91,C
5429,3.5316,2.8207,2.0548,1.424,1.0344,0.9543,47.47,361.61,D
5430,9.583,8.244,2.0025,-0.4898,-1.2175,-0.3473,50.05,329.66,C
5431,8.739,7.2442,1.0485,-0.031,1.747,1.722,50.16,368.1,A
5432,-2.1276,-2.3939,1.9124,2.6643,1.8307,1.0245,47.18,332.56,C
5433,-10.104,-7.93,-4.1556,-2.9275,-0.938,-1.7489,29.78,193.34,D
5434,-7.8324,-8.1527,-6.223,-6.0857,-3.843,-3.3521,24.53,191.49,D
5435,6.5538,6.3892,-1.2595,-2.2771,0.6308,-0.481,44.26,342.55,D
5436,2.6406,1.3979,2.78,3.2771,1.8223,1.2462,50.69,380.38,C
5437,3.4387,1.9461,3.1069,3.1724,-0.233,-0.0232,46.94,351.54,D
5438,-1.7757,-3.5381,-1.884,-1.353,-0.8127,-0.9546,37.93,260.65,D
5439,2.0856,0.9906,-2.8615,-2.7022,-1.8331,-1.7864,42.06,298.63,D
5440,3.3309,2.6942,5.1634,4.0925,1.9779,0.4415,49.21,383.33,A
5441,5.2267,5.4458,-0.6255,-1.5284,0.9539,-0.3288,47.96,373.58,C
5442,0.3549,0.807,0.0198,-0.133,-1.9724,-1.2173,40.26,314.86,C
5443,-2.8205,-3.2467,-4.8634,-4.3201,-0.0308,0.1722,36.14,231.94,D
5444,-5.7444,-5.4024,-4.8924,-2.7979,0.1199,-1.3138,31.19,220.52,A
5445,-0.7179,-2.2412,-0.654,-0.3175,-1.5007,-0.6827,39.89,277.17,B
5446,-11.8977,-11.5436,-1.0916,-1.3655,-1.9728,-2.3542,29.21,234.78,C
5447,-1.7957,-0.8123,1.1344,2.2698,2.5551,1.208,43.85,335.41,B
5448,3.7901,4.0746,0.3304,-0.361,-1.1379,0.1312,44.8,334.56,B
5449,2.1678,1.5745,4.3454,3.9171,-1.0107,-0.1047,50.17,356.72,A
5450,1.9869,1.3901,2.0064,3.9849,2.8272,1.6406,48.98,372.46,D
5451,-5.9566,-5.9044,-3.6539,-2.3882,1.2682,-1.2602,35.05,264.07,A
5452,-5.341,-4.2017,-3.3688,-2.5252,-1.4629,-1.0172,35.27,250.52,C
5453,3.2346,2.6574,0.2622,-1.7842,2.1065,1.2329,39.73,315.28,B
5454,-5.4857,-3.4454,0.8533,1.4955,0.8659,0.0368,39.64,290.87,D
5455,-3.2811,-3.3262,-0.601,0.2499,0.2638,-0.505,38.49,304.68,A
5456,9.9259,9.7049,3.8322,3.2789,1.2111,2.5555,55.11,418.62,B
5457,-5.9314,-5.7607,-3.0103,-2.0078,1.2079,0.2281,33.65,250.49,A
5458,-7.0601,-6.5937,-0.8253,0.096,0.3886,0.038,36.53,258.64,C
5459,2.4168,2.3825,4.7152,4.8469,-0.1845,0.3127,49.39,354.28,A
5460,1.9276,3.9045,-2.0211,-1.6909,0.642,1.4418,40.89,310.43,D
5461,7.0942,7.7661,1.9014,2.2588,1.1731,1.6935,56.56,384.35,D
5462,1.5758,1.7402,-7.8787,-7.9284,-3.8265,-2.5927,36.24,224.98,D
5463,-3.3782,-3.407,1.1416,1.8076,0.6039,-0.0821,38.38,318.16,B
5464,-1.316,-2.1492,-2.2005,-1.0558,1.4071,-0.7489,37.18,284.48,C
5465,2.5869,2.5276,-4.1537,-3.5052,2.9893,2.454,41.16,295.59,B
5466,3.6474,2.9974,-5.0757,-5.7899,-2.6425,-3.1221,39.54,245.04,D
5467,-1.5102,-1.5985,2.8383,2.0121,-0.0466,1.9568,45.08,342.7,B
5468,3.6139,3.2896,0.1867,0.4892,-1.1411,-0.0039,46.31,348.0,D
5469,1.1494,1.4092,-1.2161,0.1018,0.8317,0.2337,43.2,314.41,B
5470,-0.9632,-0.9224,-0.7989,-0.3091,-1.2316,-0.6952,40.04,297.8,C
5471,-2.6571,-2.697,-2.2087,-0.7643,-0.657,-0.8163,37.69,267.67,C
5472,-8.0109,-8.3745,-5.4235,-5.9835,-0.6909,-1.7392,30.07,207.52,C
5473,0.1647,0.4546,-2.2324,-0.9311,3.8871,2.8992,45.47,309.02,B
5474,-11.9298,-11.2592,-4.3334,-3.8015,-0.1321,-1.1781,25.38,204.55,A
5475,-4.794,-4.9772,1.5659,2.0523,0.5145,0.8956,38.15,309.54,C
5476,2.3317,0.8777,-1.676,-2.4033,-2.6199,-0.5207,38.42,287.59,A
5477,0.9739,0.1745,-0.1031,-1.2323,0.0197,-0.0778,41.53,297.47,B
5478,4.1647,3.1505,-0.222,0.8188,-0.4112,0.1402,47.49,322.57,B
5479,-2.5755,-2.4153,-4.6123,-3.7306,-1.7467,-3.0753,33.72,243.9,A
5480,0.1573,-0.3326,-2.3676,-2.1591,-1.8661,-1.7135,35.38,265.05,B
5481,2.0417,2.0421,0.4623,-0.7737,-1.924,-0.9566,42.67,323.82,B
5482,-8.3819,-8.1899,-5.4207,-3.4423,-0.98,-0.9792,31.05,219.95,A
5483,-0.8787,-0.4586,5.2097,4.9733,2.0166,2.1525,48.74,361.0,B
5484,-3.0742,-4.4007,-1.6302,-2.0675,0.0181,-0.843,35.38,253.76,A
5485,7.6805,7.5994,3.7851,3.3804,1.9818,1.6511,52.3,409.14,C
5486,3.7267,4.9497,4.7176,4.5624,0.0908,0.9434,50.14,397.86,B
5487,-4.6924,-3.9852,-3.0919,-2.485,-0.5955,-0.2926,33.88,232.49,C
5488,6.5749,6.4343,0.2085,0.3512,-1.0018,0.1167,45.06,338.21,B
5489,-2.2056,-2.9637,1.2982,2.6839,2.3447,2.1811,44.14,352.61,A
5490,4.8967,3.9732,-2.5677,-1.4791,-2.3414,-2.119,41.95,314.33,D
5491,3.8734,5.4273,4.5199,3.952,-0.4906,-0.5045,49.31,362.39,C
5492,-1.4217,-1.5571,-2.7485,-3.5995,-0.6891,-0.8589,34.91,262.59,B
5493,7.1019,5.5863,2.5738,1.2624,-1.0549,0.0207,47.74,391.08,A
5494,5.2004,2.6417,3.6606,3.4516,1.0919,2.5405,51.11,371.9,B
5495,-6.3509,-6.5416,-1.7332,-1.7737,-2.5164,-1.0312,33.7,246.95,B
5496,-2.4493,-3.0177,-0.4108,0.7969,-1.6063,-0.4988,39.28,310.15,B
5497,-2.917,-2.3482,3.1814,2.2868,0.1209,0.6802,38.91,342.34,A
5498,-7.7784,-7.8757,0.5296,1.071,1.6489,1.0094,35.27,268.64,A
5499,-8.9513,-8.7192,-4.4663,-3.4746,0.2125,-0.2833,30.46,226.83,B
5500,7.0316,7.6883,5.8811,5.7842,4.0218,3.759,58.32,422.94,D
5501,0.5149,-0.2828,0.6213,-0.8018,-2.5081,-2.9008,41.23,294.91,A
5502,4.5082,5.7021,-0.3384,-2.3481,-2.3492,-2.4276,41.56,291.21,B
5503,-4.6831,-4.5988,0.1048,2.0856,-1.381,-1.5399,36.5,285.75,A
5504,-7.034,-6.564,-1.5904,-2.0387,-1.4537,-1.8375,32.16,222.99,D
5505,1.6518,1.9071,0.8054,1.0562,0.314,-1.2094,45.18,336.78,A
5506,5.5306,4.6566,5.9571,4.7968,-3.2913,-1.2453,51.56,390.95,A
5507,0.6229,0.6024,-2.2475,-0.9057,-1.972,-1.8154,39.89,268.89,A
5508,-3.8481,-3.442,4.8538,4.2935,-1.0942,0.8333,47.25,317.45,B
5509,1.8824,2.489,2.0644,2.7633,-0.4793,-0.6701,45.91,350.33,B
5510,2.8702,1.2541,-2.1563,-1.3879,-0.6099,-0.148,39.12,291.14,D
5511,-3.3517,-3.1623,-3.2584,-2.601,2.3477,2.1433,37.78,266.0,B
5512,7.9031,6.563,4.4418,3.7772,-0.2385,1.9437,54.38,397.75,C
5513,1.1303,0.804,1.2075,3.033,1.473,1.6463,44.97,322.1,B
5514,7.8346,7.8337,3.7156,3.4497,1.1887,1.2115,54.6,412.4,B
5515,14.0309,14.2663,4.3547,3.2372,0.2369,1.3623,63.26,443.24,C
5516,8.0898,6.6581,-0.2428,-1.2669,0.4286,0.0727,46.18,333.56,C
5517,-12.3729,-12.0606,-2.0877,-0.0751,0.3384,0.876,31.27,234.89,D
5518,3.2711,2.9257,1.9535,2.5628,-1.2136,0.2559,48.13,316.46,D
5519,1.7593,2.2985,2.4022,0.856,2.5737,2.2005,45.92,348.94,D
5520,-3.8252,-3.2072,1.4087,1.7253,-0.649,-0.6683,41.11,303.88,C
5521,-2.617,-1.8701,0.4266,-2.1493,-3.2288,-2.7103,37.0,280.87,C
5522,-11.6558,-10.1479,-4.3315,-4.36,-3.2854,-2.992,24.57,166.4,C
5523,5.054,5.6739,5.017,5.5447,2.4679,1.6669,52.34,403.99,D
5524,-0.6535,-0.067,5.3275,4.6546,1.8256,2.4844,47.69,381.14,A
5525,5.8895,5.2029,-1.5412,-0.2317,0.3424,1.6844,49.35,327.88,D
5526,-1.7532,-1.8235,-1.6892,-0.599,1.9279,2.4896,41.93,309.16,C
5527,0.8042,0.3644,-1.3151,-1.4257,-2.2548,-1.8829,40.37,297.03,B
5528,2.5209,2.1136,0.4072,1.9064,-0.8668,0.9181,47.37,346.96,B
5529,4.4894,4.0472,2.0831,1.6535,1.3898,2.4309,48.14,344.46,D
5530,-2.3081,-0.8312,-2.8027,-1.9092,-1.3454,-1.4313,38.05,255.17,C
5531,-3.217,-4.2324,-5.6008,-3.9069,0.0669,-0.9623,28.46,231.83,B
5532,3.3297,3.5541,-4.8096,-5.0083,-1.4962,-2.9839,42.03,264.13,C
5533,1.7573,1.0178,-0.994,-0.7276,-0.3378,-0.1577,41.93,308.4,A
5534,-3.7977,-2.9548,-2.1848,-0.8984,0.6074,-0.023,39.4,260.01,C
5535,-2.3019,-2.6591,0.5796,1.6263,0.7473,0.6647,39.99,314.58,B
5536,-4.862,-5.0164,-1.1728,-0.0466,0.8511,1.3294,37.63,296.11,A
5537,7.0402,7.5005,3.1825,4.472,2.5145,1.8446,55.1,401.35,B
5538,7.1428,7.1343,2.3975,1.8475,3.2837,3.0594,54.3,377.14,D
5539,-0.6604,-1.6698,-3.2982,-3.4578,-1.3211,-1.437,38.9,270.27,A
5540,0.9956,0.9338,3.7374,4.0951,0.6794,2.1875,46.54,360.46,B
5541,-2.4616,-1.9692,3.4235,3.3786,0.0214,0.3662,45.11,327.13,C
5542,-3.639,-4.0297,0.7224,-0.5852,1.2738,0.0497,38.97,291.91,C
5543,-2.6104,-2.1292,-2.7171,-2.6266,0.9758,0.161,35.22,261.35,C
5544,-2.568,-2.737,-0.1081,0.1194,0.3445,-0.9363,41.04,268.56,C
5545,-0.2373,-1.8658,-1.1688,-2.1187,1.3506,2.922,45.24,305.85,B
5546,4.9292,3.7415,3.6884,2.9214,0.2472,1.0049,50.29,383.35,A
5547,2.9389,2.95,2.8808,2.2008,0.5862,0.5361,50.95,341.47,C
5548,2.8777,2.1639,-1.3877,-2.0653,2.8068,1.716,43.46,320.94,D
5549,-10.5178,-10.3489,-2.7074,-1.1022,0.3315,-0.8841,29.56,255.81,D
5550,-1.92,-1.3106,-4.1683,-3.1651,-1.3604,-0.9996,37.14,265.39,C
5551,-5.8246,-6.6487,-4.1751,-1.9135,0.7724,-0.4476,34.4,234.98,C
5552,4.77,5.5833,-0.566,-0.2483,0.9947,1.1123,47.74,328.7,B
5553,2.2128,3.7655,0.846,1.5057,-1.1898,-1.8907,45.13,313.54,A
5554,-3.2786,-3.6537,1.0922,0.3335,-1.0181,-1.0363,37.74,284.75,B
5555,2.5358,3.123,-0.7373,-0.3128,-0.4571,-1.0748,41.96,340.13,A
5556,-1.9192,-0.5435,1.2311,0.0304,-2.9045,-1.27,41.02,299.39,D
5557,8.3601,6.5832,1.6693,1.1318,-1.0753,0.1209,49.6,366.43,C
5558,1.4261,2.2917,3.0769,3.2673,0.4293,1.0108,49.37,375.34,B
5559,-1.4762,-1.7559,-5.9934,-4.6068,-1.1242,0.2722,35.28,258.6,B
5560,-1.6798,-1.1915,-3.8599,-4.4091,-2.415,-1.1461,37.5,270.82,A
5561,-0.0632,-1.0051,-0.5048,0.4631,-0.7849,-0.5842,38.06,299.55,A
5562,-0.9141,-0.6423,0.0544,0.0805,2.1324,0.6487,40.34,319.66,C
5563,-6.818,-7.4606,-3.7612,-2.9124,-2.8689,-1.7552,29.79,219.53,C
5564,-2.7308,-2.3757,-4.1306,-3.0965,-0.1494,-0.8513,36.13,253.52,D
5565,4.3744,5.0019,-2.1659,-1.5305,1.4777,2.8802,45.49,336.4,D
5566,4.6427,4.9464,-2.3442,-1.2229,3.0758,1.3998,45.36,344.23,A
5567,-5.2401,-5.0153,0.8739,0.3753,-0.4649,-1.4252,37.06,254.09,B
5568,-8.1744,-4.1219,-0.6852,0.7458,0.1866,-0.4948,36.43,301.01,D
5569,5.0491,5.1631,-0.7473,-2.1264,0.0815,1.4041,47.14,311.04,C
5570,-0.4096,-0.1466,-2.7197,-1.4233,-2.7937,-2.1078,36.28,269.66,B
5571,2.3269,3.9766,0.5048,0.7079,0.255,0.5023,44.96,339.94,D
5572,3.0646,2.4001,1.4694,2.5263,2.4829,4.0384,51.4,356.99,D
5573,-1.0219,-0.4965,2.3434,1.9785,0.0582,-1.0059,42.96,316.76,C
5574,-4.8516,-5.191,-3.4268,-2.8011,-0.3153,-0.35,34.3,247.15,B
5575,7.2518,7.1361,4.1746,3.3072,2.1958,3.7339,52.83,407.42,B
5576,-6.1909,-5.3723,-1.7252,-2.6954,0.0852,-0.4513,32.24,263.76,B
5577,7.4283,8.3658,-2.3807,-3.5215,-0.5495,-0.1904,49.48,335.46,A
5578,0.5671,2.8486,3.1238,3.251,-0.6508,1.2486,45.34,340.94,D
5579,0.3965,0.5858,-1.1897,-2.6716,-0.2931,-0.6815,43.28,283.18,D
5580,3.4771,2.7671,0.6713,1.2741,0.0228,1.4403,47.66,370.11,A
5581,1.8026,0.6139,-2.5801,-1.8852,1.8165,0.5795,45.51,302.46,A
5582,0.5792,0.3166,0.8338,0.9075,-1.2264,-0.4275,41.43,321.56,D
5583,0.813,0.5845,-0.5647,-2.0188,0.9906,1.4459,42.58,313.92,A
5584,1.1114,1.9992,-1.6299,-0.8731,1.6484,1.5244,47.97,329.28,A
5585,-6.2755,-5.4822,-0.8375,-1.0693,-1.0205,-1.5541,32.17,262.58,D
5586,5.3076,5.9706,2.0432,1.3744,0.9883,0.9821,50.66,379.23,A
5587,0.0302,0.869,2.0024,2.6904,2.5185,2.5713,46.42,338.02,A
5588,2.5332,3.4409,-0.5921,-0.5289,-2.401,-2.0046,42.67,292.02,B
5589,0.1534,-0.0236,1.3552,0.6019,-0.6507,-0.7378,40.91,347.03,A
5590,-11.3379,-11.1651,-3.1214,-2.6962,1.1081,0.3683,30.0,189.41,C
5591,-0.8014,-1.762,-0.1376,-0.4667,1.76,0.5835,44.16,304.33,D
5592,8.0027,7.0221,3.0747,1.976,2.0269,1.8258,53.67,411.95,A
5593,-0.2694,0.289,2.5501,4.0173,0.2263,0.0256,45.59,342.68,D
5594,1.3612,1.0006,1.272,0.7607,0.161,1.1308,42.26,351.25,D
5595,-10.0018,-10.1336,-4.0381,-4.032,-0.9212,-0.7388,31.56,195.58,D
5596,2.3904,2.2927,-0.0869,-0.0523,-2.3232,0.2724,42.18,313.02,A
5597,-3.0542,-1.8958,-5.6817,-4.7401,-0.7322,-0.2727,33.86,218.39,D
5598,10.2215,10.9203,5.6091,4.7576,-0.5503,0.9576,56.08,418.15,C
5599,1.8755,1.7589,1.4602,1.997,1.2351,1.0569,44.23,355.11,A
5600,6.7322,6.3705,9.0786,7.1073,2.6553,2.8575,58.78,437.8,D
5601,-5.1962,-5.9715,0.876,1.951,0.7436,0.9371,37.18,313.24,B
5602,1.1813,1.6978,-3.0039,-2.1984,-3.6985,-4.6198,37.59,272.41,D
5603,2.9379,3.5002,-2.8474,-2.139,-0.3618,-0.2927,42.99,306.17,B
5604,0.4975,0.6546,-0.2746,-1.4864,-0.0552,-0.2671,39.59,321.33,C
5605,14.5597,13.2716,0.6691,0.3346,1.951,1.5362,55.7,413.61,A
5606,0.0112,-0.831,-3.1173,-0.8869,-0.0739,-1.2032,43.27,288.87,B
5607,-0.7511,-1.009,0.4419,-0.2028,0.3547,0.8167,41.61,293.88,B
5608,2.0087,2.1185,8.1275,8.5598,0.7172,1.494,53.04,412.76,B
5609,5.1987,4.1301,0.9179,-1.3485,-0.9825,-1.6753,43.39,328.47,B
5610,-2.9941,-3.7249,-0.7072,-0.7093,1.5052,0.8115,39.51,282.27,C
5611,1.7636,2.3236,-1.2166,-1.2057,-0.6833,-0.3803,44.64,339.28,A
5612,5.5452,5.6345,1.7442,1.2975,-2.5535,-1.6765,47.42,359.87,B
5613,-6.253,-5.5247,-1.9242,0.117,1.1278,-0.8561,38.5,292.55,B
5614,3.7583,4.684,-1.5784,-2.2633,0.096,-0.8693,41.47,321.96,A
5615,12.1786,11.8686,4.4832,3.1112,-0.6698,0.8717,54.98,429.38,A
5616,-0.3551,-0.6593,2.0444,2.732,2.1715,1.662,45.89,327.68,D
5617,-4.7043,-3.2713,2.0116,2.7799,-1.7077,-0.7201,36.99,287.45,C
5618,6.5316,5.763,0.8264,-0.1262,2.2552,3.1992,46.96,353.32,B
5619,3.3862,2.4423,-3.4027,-4.5336,-0.1281,0.7798,42.42,287.37,B
5620,-0.8287,-1.4417,-4.6433,-3.3902,-0.8703,0.1825,32.04,273.49,B
5621,0.9768,0.6889,-0.9962,0.0211,-0.2315,0.0689,41.99,317.6,C
5622,-5.7827,-5.2663,1.0198,0.9988,0.7237,1.4155,35.51,319.63,C
5623,1.3016,1.7834,2.005,1.057,-1.8153,-2.5327,42.14,319.42,C
5624,-2.6263,-2.9504,2.6121,1.5693,-0.9902,0.4208,39.58,342.22,C
5625,7.4837,7.9134,5.4733,6.1533,1.42,2.3548,58.63,449.87,B
5626,-1.6172,-2.6445,-3.9553,-3.1765,-0.2809,-1.8738,35.17,271.05,C
5627,-5.4167,-5.6684,1.7718,1.2453,0.1885,-0.2313,40.59,295.66,A
5628,8.1527,7.9873,6.0158,7.0675,4.0661,5.4449,60.61,442.19,A
5629,-2.8597,-3.9353,-3.0724,-2.3243,-1.1895,-0.5973,34.52,264.15,B
5630,9.2565,8.6085,0.4698,-0.8049,1.1403,0.4069,49.12,372.72,C
5631,4.0416,3.5659,-1.3877,0.003,-0.2479,-0.0159,46.57,341.15,B
5632,-2.073,-2.1118,1.1607,1.1688,-0.4478,-0.6179,41.04,307.64,D
5633,6.2156,6.3441,2.5257,0.7895,-0.1327,-0.0328,45.54,373.2,C
5634,7.6547,7.9023,5.4243,5.0313,-1.0645,1.3486,53.03,386.21,D
5635,10.7053,9.0534,-1.3952,-2.2609,-0.8893,-0.8184,52.76,347.09,D
5636,-7.5458,-6.1086,-5.639,-6.2357,-0.496,-0.4015,30.35,188.47,C
5637,3.7893,2.7707,-3.7513,-3.5162,-0.8119,-1.3185,42.89,289.96,C
5638,-1.4972,-0.2044,2.2204,2.3419,1.1345,1.2629,47.5,349.48,A
5639,-0.542,0.0291,5.0942,4.0531,1.8362,1.0065,45.3,359.01,A
5640,2.5196,1.9568,0.6418,0.8559,0.9502,1.0702,48.23,329.3,A
5641,-8.9651,-9.8281,-5.3116,-2.7703,0.3894,-0.2037,25.36,221.04,D
5642,-0.9657,-0.6232,2.4988,2.3963,2.701,1.7192,43.56,348.74,C
5643,-3.7568,-2.1572,-0.6177,0.1545,-0.8673,-0.9793,34.05,260.91,B
5644,6.2006,6.0622,4.876,4.4071,1.7084,1.8929,55.0,387.22,A
5645,-1.3655,-1.2913,-0.3265,0.2788,-0.9154,0.4259,40.32,314.99,B
5646,-3.1026,-2.7641,0.3901,-0.2606,-2.0577,-0.4372,38.84,272.13,B
5647,0.4751,2.2324,-6.747,-6.3134,-4.2144,-4.984,33.87,232.35,B
5648,9.3865,10.8415,0.9085,0.1456,-0.4783,-0.0313,51.54,376.02,C
5649,4.6075,4.1768,-0.38,-0.3531,0.0301,-0.3806,48.44,371.82,B
5650,4.4054,4.8828,5.8269,5.0389,1.6396,2.0621,52.18,394.66,D
5651,-3.6341,-3.7644,-0.6775,1.0455,1.1619,0.4519,33.26,262.91,C
5652,-5.9191,-4.5602,4.2589,3.4888,1.3957,1.9513,42.4,336.56,C
5653,1.3127,0.8166,2.2414,1.0273,0.122,1.4666,47.86,353.22,A
5654,-3.8308,-3.4929,-0.0543,0.3216,-0.9386,-1.3281,34.62,272.86,D
5655,-2.9324,-4.3222,2.3605,2.2154,-0.4163,-1.1438,38.85,313.96,C
5656,5.5435,5.1252,-0.119,0.02,-0.9174,-0.0033,45.25,365.64,B
5657,3.4164,2.7773,3.6081,3.2294,-0.7899,0.9526,47.2,365.18,D
5658,-1.8281,-1.8908,-2.3805,-1.8592,-0.7738,-2.2879,33.56,310.94,D
5659,1.137,2.2843,2.4658,2.4444,2.2834,0.4542,47.37,372.55,D
5660,-5.5356,-4.6879,1.4113,1.1867,-1.2012,-0.792,38.91,289.04,A
5661,9.261,9.4987,4.2603,3.2981,2.2982,1.4181,54.15,414.24,D
5662,3.5581,4.0454,3.9355,3.9225,0.7627,1.1324,47.7,368.49,B
5663,-3.0247,-3.018,-0.5969,-1.1548,0.3473,-0.5879,39.86,281.82,D
5664,8.2808,7.1144,1.3952,1.2861,-0.276,0.5058,47.48,351.78,A
5665,-2.6871,-2.2113,-2.5877,-2.551,-0.4982,-0.1722,37.42,269.42,B
5666,-8.4933,-7.9387,-5.3907,-4.7717,-0.8374,-1.4348,30.63,199.99,A
5667,-3.492,-2.6157,-0.8735,-1.5396,-2.728,-3.0786,36.76,253.06,B
5668,-0.2273,0.0468,-4.665,-3.8228,0.5229,0.8261,36.96,258.43,A
5669,-3.8466,-1.9625,1.1703,0.7371,2.5584,1.011,42.93,308.32,C
5670,-1.6928,-1.8152,-1.8352,-0.3282,1.8322,1.6681,39.17,308.64,A
5671,0.915,0.8998,-1.5563,-2.0196,1.4966,0.6988,40.52,284.18,D
5672,5.3985,5.7825,-1.955,-2.8336,-1.5091,-1.1649,44.44,312.53,B
5673,-2.1785,-4.9201,2.1384,2.1139,1.2779,1.8769,41.98,316.35,C
5674,10.9107,11.1419,5.1138,4.1812,-0.5958,0.703,56.39,424.54,A
5675,-6.7482,-6.4525,0.0317,0.4284,0.0157,-1.3646,38.25,272.62,B
5676,0.363,-0.2792,-1.6965,-1.5655,-1.5763,-1.0524,41.73,311.82,C
5677,6.0863,4.9843,0.1645,0.0455,0.9953,-0.3491,48.43,356.77,D
5678,1.1695,0.2918,-2.8199,-1.1134,1.6549,2.0277,39.39,302.86,D
5679,-0.842,-1.1538,2.416,2.4209,-0.9079,-0.6776,42.64,319.48,B
5680,-2.349,-2.2695,-2.8379,-3.1989,-0.3495,-1.1154,33.37,260.6,A
5681,5.0255,5.2239,-0.5346,-1.6812,-1.5863,-0.9603,42.19,338.78,D
5682,1.2334,0.9508,4.2955,3.2549,-1.0154,-0.6809,42.02,343.4,A
5683,-0.6642,-0.5633,3.0331,3.297,0.6842,0.5165,46.67,328.46,B
5684,-2.3516,-3.5581,0.5546,0.446,-2.2223,-2.1711,38.12,284.18,A
5685,0.8308,2.2121,2.0225,0.5478,-2.4375,-0.3283,38.98,306.5,A
5686,6.3703,6.5896,-2.088,-2.7506,-0.4773,-0.336,43.03,339.33,C
5687,3.3052,3.3351,2.8577,2.6193,-0.0908,0.1537,50.17,347.1,D
5688,6.6715,7.3182,1.7252,0.9788,-1.1247,-0.5793,50.93,379.38,B
5689,0.8249,1.0091,4.8922,3.9857,3.5818,2.1259,48.18,368.06,C
5690,3.3561,3.1374,-2.5763,-1.8258,0.3858,1.1251,42.45,324.63,B
5691,0.5011,-0.2063,-1.2254,-1.1972,-2.4774,-2.3857,42.06,289.9,D
5692,-0.3669,-0.1449,1.3177,2.8228,2.7585,1.9694,46.16,338.04,A
5693,-2.3292,-3.0711,3.2917,3.0189,2.2656,1.7721,47.22,314.69,A
5694,0.3768,0.6052,-2.5258,-2.0663,0.0983,-1.8088,40.39,285.92,B
5695,8.8482,7.1655,1.6013,-0.4873,-0.3644,-0.7872,48.13,358.6,C
5696,8.9901,8.4378,-2.6508,-1.582,-0.3504,-0.1019,47.02,312.99,B
5697,7.9909,7.4096,1.1943,2.7591,0.1591,0.056,53.73,372.69,D
5698,7.3261,5.9716,-3.5108,-4.1366,-0.8369,-1.0191,41.1,321.49,A
5699,-2.2703,-4.1628,-0.5024,-0.0975,-2.2664,-0.8261,38.74,287.84,D
5700,-8.0827,-6.4469,-3.4617,-1.4556,-0.0154,-1.683,31.13,258.95,C
5701,4.7249,4.0761,2.2583,0.9457,0.1077,0.6113,47.93,353.2,D
5702,13.0179,12.4858,1.01,-0.3476,2.3364,2.6406,54.33,405.22,D
5703,3.3687,3.3463,-0.2006,-1.3462,1.1231,0.3134,45.52,324.41,B
5704,-0.3665,0.6064,-1.8649,-0.1965,-0.6582,-1.0106,41.18,274.22,B
5705,2.7032,1.721,-0.7789,-1.4974,-0.074,0.7173,42.55,289.72,C
5706,-6.1172,-6.6688,0.3458,1.0643,2.2676,0.5826,36.18,274.48,A
5707,-6.4376,-5.7035,1.2788,0.9769,2.2591,1.6773,37.23,303.21,B
5708,0.3612,0.6455,-0.0072,0.9602,-0.1356,0.0044,40.11,329.29,B
5709,2.7728,2.1772,0.1569,0.6047,2.3279,2.3427,46.09,358.54,A
5710,10.2947,9.5176,-0.9143,-1.023,-1.4995,-0.1548,52.44,350.44,D
5711,-4.1464,-4.8081,-0.1617,-0.1924,-0.8856,-1.8986,38.44,280.47,B
5712,11.1489,12.0202,4.8432,4.9236,2.3789,2.7988,61.24,453.02,B
5713,-1.0187,-2.6399,-1.0088,-2.8479,-1.1338,-1.87,37.72,258.02,C
5714,-10.5808,-10.4898,-6.1792,-4.7097,0.5,-0.2986,23.73,161.02,C
5715,-3.7577,-3.7312,-1.7897,-2.1394,-1.9049,-3.3778,32.49,262.17,B
5716,0.4096,0.0606,-0.2913,-0.5237,-1.9934,-1.1668,38.78,286.16,C
5717,-1.103,0.0698,5.7431,4.5132,1.265,1.1502,47.86,381.56,A
5718,2.0365,1.7444,-3.6771,-4.3892,-2.7431,-2.5049,36.81,253.6,D
5719,-6.2654,-5.8416,1.0943,1.7609,-1.1552,-0.6814,38.44,310.81,C
5720,-3.8235,-3.7767,-6.1562,-5.4086,-0.2201,0.5221,33.26,248.89,C
5721,4.2029,3.7715,0.418,0.6125,-0.4604,0.9613,46.05,366.84,D
5722,-1.325,-2.3839,1.5444,1.2338,-0.5191,0.4518,42.36,316.5,B
5723,-3.2061,-3.0761,0.3342,-0.2613,-0.4179,-0.9038,35.93,263.18,C
5724,-2.4189,-3.4605,-2.7521,-3.5416,-4.0533,-3.1034,32.58,272.85,A
5725,-1.4303,-1.4845,3.2097,3.6853,3.9532,3.3625,48.82,352.31,A
5726,-0.9563,-0.7002,3.0773,1.7319,0.0571,1.3104,42.73,340.97,B
5727,-13.2302,-12.5192,-0.4815,1.5325,0.2767,-1.5173,31.3,255.49,B
5728,2.3537,1.1046,2.4537,2.9411,1.2331,1.1334,45.84,356.7,A
5729,-5.1745,-5.3169,2.0646,4.588,2.5433,2.6765,41.48,296.83,B
5730,4.9233,5.1088,0.248,0.2443,0.05,-0.4819,45.74,350.07,C
5731,-7.1514,-7.1599,1.4888,1.5518,0.2708,-0.1539,38.67,290.98,D
5732,-1.5876,-0.5924,3.054,1.7034,-1.3559,-1.1037,43.56,339.54,A
5733,2.0989,3.0773,0.5655,-0.0081,-1.0626,-1.413,46.23,318.43,C
5734,2.7671,2.8084,0.4358,0.0942,-1.1233,-0.734,46.91,344.36,A
5735,-1.9227,-2.0582,3.3469,1.5342,1.8391,1.3035,42.23,344.95,A
5736,-4.1838,-5.3435,-2.944,-2.8038,-1.5816,-2.5411,31.08,233.24,B
5737,0.4841,-1.2331,-0.8245,-0.0268,1.2131,2.0414,44.25,329.2,C
5738,2.5713,3.6923,1.0516,0.017,-0.1647,0.7976,45.53,335.1,B
5739,-2.1424,-2.6616,-2.7958,-1.5685,0.637,0.2957,36.02,261.73,C
5740,7.3843,7.5362,5.1069,3.4863,-2.8406,-1.3369,51.5,418.39,B
5741,-3.792,-3.595,2.2225,2.6514,-0.3849,0.5251,42.94,333.21,B
5742,-4.7877,-4.6004,-1.2979,-0.6274,-1.4218,-1.4197,35.59,270.4,C
5743,-3.0087,-1.8509,-0.0963,-0.3619,1.8652,0.9662,42.4,283.84,B
5744,0.2024,-0.0858,-3.0127,-2.2035,-0.8409,-1.0167,42.78,334.02,B
5745,0.5575,1.0551,0.8671,1.0661,2.8108,2.9609,44.52,355.22,B
5746,-3.2614,-2.4454,-1.3647,0.1579,0.7602,-0.038,38.5,315.71,B
5747,-3.0794,-1.5938,-1.7193,-2.2975,-2.1053,-2.7921,35.86,262.94,A
5748,-6.8916,-5.5839,1.9055,2.8069,2.0164,1.5086,36.47,316.46,C
5749,3.4948,1.5577,2.9657,2.2452,0.5248,0.3103,48.71,365.0,C
5750,0.412,-1.0871,-2.2476,-1.6896,-0.3804,-0.4609,37.7,293.84,D
5751,-3.1477,-3.7641,1.4078,-0.0438,0.6137,0.2267,41.72,312.65,B
5752,-0.1819,-0.3982,0.2859,-0.0275,0.65,0.7085,41.88,319.66,A
5753,0.4935,-0.9124,-0.2406,-0.6384,-0.7134,-0.0813,40.41,292.2,C
5754,-7.4539,-7.5966,2.2799,2.7276,-0.8024,-0.3021,37.99,293.28,D
5755,7.484,5.5808,3.1431,2.8662,-0.0034,1.0268,53.56,376.54,B
5756,-0.5214,0.1604,-3.7003,-4.8798,-2.3192,-2.6259,32.19,237.94,B
5757,3.2687,2.116,1.287,1.9243,0.6026,-0.4684,46.57,363.73,A
5758,9.8256,9.7302,-0.6566,0.3372,0.4773,0.2499,49.09,329.66,A
5759,7.1953,8.4298,-0.1808,-0.2377,1.2896,2.7926,53.43,367.27,A
5760,-8.5571,-8.6614,-3.3616,-3.6039,-2.3816,-4.7004,25.35,211.78,A
5761,-3.8147,-2.2645,-5.4433,-5.0242,-1.5319,-1.7718,31.43,239.36,D
5762,4.9333,4.4162,-1.0956,-1.8785,-0.2449,-0.0402,43.75,313.48,C
5763,-5.3554,-6.0925,3.3561,3.5527,3.709,2.0461,42.18,325.85,A
5764,-0.212,1.2133,-1.7274,-2.31,0.1926,-0.8804,40.52,288.36,B
5765,4.2488,3.9422,-3.1519,-3.2894,-0.6829,-1.6562,40.92,308.47,D
5766,-8.9617,-8.086,2.1619,3.2502,0.4134,0.7468,35.89,280.54,C
5767,5.5339,5.2359,4.8244,4.5042,-0.2512,1.978,51.43,369.8,C
5768,0.9764,0.1202,-4.0701,-4.0607,-0.1976,-0.6917,41.49,270.46,D
5769,-3.9417,-4.7164,1.5133,2.5267,-0.6278,-0.2911,43.81,316.56,B
5770,2.6788,2.5765,4.5212,4.3176,1.5051,2.259,49.29,394.16,D
5771,9.4312,9.6949,3.2221,2.4659,1.0001,2.5436,53.98,407.8,A
5772,0.4848,-0.2072,1.8509,1.9096,-0.0661,-0.1394,44.99,310.5,C
5773,-6.093,-6.372,-5.3921,-5.4169,-1.6123,-3.0294,29.34,195.77,B
5774,-4.8507,-4.4604,-3.3153,-2.5508,2.3906,2.1696,34.71,274.14,C
5775,5.9729,6.099,3.2371,3.2087,-0.4382,1.0639,52.36,394.76,D
5776,-7.3048,-8.2718,2.1057,2.0565,3.0131,1.2186,38.29,290.43,D
5777,5.8534,6.5501,-0.9077,-0.7975,-0.2301,1.0506,47.71,362.14,B
5778,8.2929,7.6022,-2.4863,-2.3384,-0.3144,-0.4743,43.89,339.29,A
5779,-5.6176,-6.2967,-5.3219,-3.9459,-0.6046,-1.3334,30.36,234.49,C
5780,-2.1414,-2.3707,-0.2423,-0.9064,-0.3125,1.0618,41.51,268.52,D
5781,8.2872,7.4006,-1.583,-0.4631,-0.8496,-1.7287,46.71,339.64,B
5782,-3.1463,-3.6247,3.7453,3.8346,-1.9767,-1.7012,40.8,298.39,B
5783,-5.6733,-5.0341,0.6067,0.2557,1.9726,2.0429,36.54,311.83,C
5784,10.0082,10.5563,2.972,2.1649,-0.4881,0.9039,54.7,374.47,C
5785,-5.441,-5.4812,-4.9676,-5.3614,-2.5511,-3.2268,28.13,225.85,D
5786,-2.6739,-3.4121,1.7524,1.1399,1.6059,1.4529,42.93,322.42,D
5787,0.1112,-0.7032,1.8724,1.283,-1.1462,0.4932,44.59,335.77,D
5788,-0.0308,-0.4793,2.3962,2.7302,1.0953,1.5606,43.92,322.9,D
5789,11.7993,11.6723,-0.3112,-1.3384,-4.0099,-2.1088,46.92,341.04,B
5790,-2.032,-1.9145,-0.1634,0.6794,-1.612,-1.2545,40.12,286.05,B
5791,8.4321,9.7717,3.454,2.6685,1.1608,3.0076,57.15,432.12,B
5792,-2.8436,-2.0378,2.8237,2.7665,0.0901,-0.2148,41.85,308.58,A
5793,-1.0167,-1.5485,0.9021,0.0691,-0.8989,-1.482,40.3,278.46,C
5794,4.8772,4.4127,1.7237,1.7955,0.7342,-0.4782,44.33,371.22,A
5795,1.3324,1.155,-2.3817,-1.3956,0.7843,1.2315,41.29,302.68,A
5796,0.8214,1.3165,-3.0136,-4.1834,0.6318,-1.8819,38.62,262.32,D
5797,0.9973,0.3571,1.8707,2.0997,0.2478,-0.6249,45.18,319.2,C
5798,-0.8075,-0.0683,-0.451,1.1774,-2.5548,-2.2934,39.55,312.16,D
5799,-6.1215,-6.2307,-1.5428,-1.4563,1.841,0.3158,33.93,247.1,A
5800,1.1239,1.5484,1.9969,3.4781,0.1013,1.8507,46.8,332.92,A
5801,4.3751,5.5322,2.407,1.7952,1.0141,2.0565,48.3,340.79,D
5802,2.2515,0.7989,-0.9576,-0.1757,1.2846,0.3376,43.37,307.06,A
5803,-1.7856,-1.1448,1.5264,0.4633,1.2495,0.6075,42.41,316.69,D
5804,5.7866,4.563,-0.6464,-0.4999,-3.0145,-2.6063,46.16,319.29,B
5805,2.3406,2.2895,-1.385,-0.633,-0.8873,0.8486,48.46,300.18,D
5806,4.9064,3.8623,3.9302,4.0738,0.9186,1.0428,47.65,393.46,D
5807,3.3081,4.3518,2.2987,2.0864,0.6519,2.1947,45.33,375.5,A
5808,-6.6652,-7.2199,-1.5439,-0.7613,-0.213,-0.6958,31.85,250.4,D
5809,-11.1809,-11.3766,-0.2072,0.8,3.859,1.9755,35.46,254.06,D
5810,-10.9934,-10.5044,-3.9553,-3.5729,-3.0265,-3.3524,28.77,175.38,A
5811,-5.3117,-6.4631,-1.5438,-0.4442,-1.1233,-1.2226,33.21,239.92,B
5812,-9.7707,-9.1597,-2.3317,-1.7768,-2.1574,-1.6375,31.97,221.08,D
5813,-4.7996,-3.8672,1.9824,-0.034,-1.1342,-0.8044,39.97,283.93,C
5814,-1.5057,-1.0623,3.4562,2.7758,-0.8945,-0.6326,46.27,332.96,C
5815,-1.7849,-2.3542,0.1282,0.0808,-0.2889,0.6445,43.21,295.3,B
5816,0.7674,0.3413,-1.9964,-2.0765,1.0842,1.0637,43.28,294.38,B
5817,-0.8364,0.0244,1.6284,2.1162,2.553,2.0351,47.99,346.61,B
5818,3.0995,3.9498,-0.9385,-0.6022,-1.9481,0.5384,42.34,324.12,D
5819,-3.5284,-2.6939,3.7131,3.1884,0.7745,1.9291,45.78,337.36,D
5820,0.4853,-1.4975,0.85,-0.4591,0.6719,1.8654,41.18,305.72,A
5821,2.2457,1.6216,4.9366,5.1197,2.7517,2.6106,51.59,379.84,B
5822,-2.1392,-2.5582,-1.5856,-0.8632,0.879,2.1452,39.12,249.06,B
5823,-3.0318,-1.5147,-1.2774,-0.7786,-4.4878,-2.6052,39.92,236.98,D
5824,-0.7837,0.0798,1.9046,1.7287,0.5614,0.6649,43.07,338.24,B
5825,-5.7161,-6.0955,0.4656,1.1633,0.3078,1.7657,38.53,286.56,B
5826,0.2571,-0.0823,-0.8132,0.4817,-0.7658,-1.1583,38.36,297.1,B
5827,0.6117,0.7324,-1.6601,-2.314,-1.9279,-1.6937,38.77,306.88,A
5828,-3.8291,-3.1166,0.2679,-1.0401,-0.0727,1.0403,39.44,295.43,D
5829,4.3807,4.4362,1.4787,1.2104,0.4259,1.3248,47.85,331.3,D
5830,-4.1401,-4.0316,0.6827,0.8049,0.3372,0.65,41.71,281.32,A
5831,-5.4467,-5.4079,-1.7563,-1.7728,0.9898,2.0773,35.37,272.7,D
5832,0.1638,0.0084,1.5097,0.2038,0.9714,-0.289,42.48,348.24,D
5833,-0.9008,-0.0541,-3.2053,-4.7064,-1.1406,-1.8688,37.08,236.99,B
5834,-0.8306,-0.125,-1.2246,-0.5337,-0.2235,-0.1427,42.76,296.12,D
5835,4.8545,5.0937,-2.2393,-2.9116,-0.5548,0.1955,41.7,327.39,B
5836,-6.4203,-4.4272,0.8334,1.8935,3.2277,3.0216,40.91,313.29,A
5837,1.7582,2.4834,2.3748,2.9857,3.0607,3.2387,47.42,365.62,C
5838,-0.7646,-1.2329,-0.6034,-0.3392,0.7092,0.1642,42.73,303.09,C
5839,-4.4513,-5.2527,1.1256,0.9395,0.1732,0.7501,39.93,290.94,B
5840,-7.3434,-7.2197,-3.3462,-3.0839,-1.0494,-0.7308,33.33,251.2,D
5841,0.0344,-1.4284,-2.723,-1.1856,-1.3441,-2.0041,34.13,297.89,B
5842,-0.6714,-0.3181,-2.2172,-2.3045,-1.0654,-0.576,40.37,279.79,D
5843,7.2921,7.2581,-0.5674,-1.239,-1.4364,-0.26,45.2,366.45,C
5844,2.8907,3.1281,-1.5909,-1.5986,-2.5905,-1.6382,41.92,278.04,D
5845,3.7207,3.5925,0.2122,-0.1966,0.2387,0.1579,45.88,349.75,C
5846,3.9259,4.3469,0.1377,0.5479,-0.3867,-0.507,49.54,336.16,D
5847,-7.2,-7.2767,-1.5652,-2.1061,-0.0483,-0.8807,28.04,270.4,B
5848,-3.2676,-3.1394,0.9341,-0.1137,-2.4141,-1.5774,37.68,274.43,D
5849,-3.2319,-2.5824,1.7508,1.1023,-0.8145,-0.3647,38.27,322.71,B
5850,1.8224,0.8407,-1.1921,-0.8518,-3.5222,-2.9009,39.06,311.1,D
5851,5.5883,6.0766,-0.7984,-2.6534,1.3718,1.8621,49.82,338.72,D
5852,0.5214,-0.4173,-2.7964,-3.4721,0.7681,-0.6017,41.91,261.63,B
5853,3.137,2.6711,6.1936,6.6162,0.4395,-0.0806,51.05,385.83,B
5854,-6.7304,-6.9263,0.7822,0.8079,0.476,1.4798,35.9,259.4,D
5855,-8.0792,-8.9851,-4.4862,-4.5919,-2.02,-4.1618,30.51,185.84,C
5856,2.6028,4.4851,1.0792,1.4852,-0.0452,-0.268,49.54,369.24,D
5857,-7.1434,-6.8615,-1.5308,-1.1161,0.3108,-0.4038,30.39,260.86,C
5858,-4.2062,-3.3434,-1.7021,-0.5786,-0.9845,0.0205,37.99,259.06,C
5859,-5.5339,-6.035,-5.6302,-4.2163,1.8005,0.9697,33.03,216.93,D
5860,3.5671,1.6514,-1.9785,-2.7277,-3.6747,-1.7695,39.26,267.71,B
5861,1.3272,0.7901,-2.4809,-1.7199,0.5317,1.5133,40.8,320.08,C
5862,-2.8027,-4.095,-2.1068,-2.5516,-0.6552,-1.49,35.17,277.46,A
5863,-7.7224,-7.33,-2.7847,-1.9052,-0.8083,-1.3521,31.1,225.6,B
5864,2.4116,2.2992,-3.8437,-4.6299,-3.2376,-3.0047,38.26,259.6,D
5865,-6.6396,-7.7511,-4.0475,-4.4109,0.0252,0.0864,32.33,197.45,A
5866,-1.5866,-2.3842,0.6972,0.6484,0.9709,-0.4569,41.74,317.79,A
5867,0.1512,-0.1795,-1.0103,-2.4262,0.1026,-0.7874,39.27,290.84,B
5868,4.0706,3.3862,1.9219,1.8815,1.1411,0.5619,45.84,343.0,C
5869,4.9058,5.4788,2.1511,0.7,0.2854,0.4376,45.45,333.06,B
5870,-1.0039,-2.1545,-2.8151,-1.9459,0.3992,-0.8163,37.05,250.1,B
5871,-1.3405,-1.1139,-1.9363,-2.5033,-0.6919,-0.0411,38.55,290.33,B
5872,-8.4588,-9.6568,-3.6368,-2.5335,-1.1634,-0.6293,29.12,247.76,A
5873,-4.889,-4.2538,-3.5005,-1.6775,0.4078,1.0682,37.17,270.96,C
5874,-2.1612,-2.1837,-3.6453,-3.6765,1.4802,0.7058,37.39,299.78,C
5875,3.8956,1.5668,5.9025,5.422,3.1946,2.3202,52.51,399.4,C
5876,-6.4244,-6.4764,-3.3651,-2.2147,-0.2292,-1.3261,33.37,255.28,B
5877,3.2397,4.9144,-0.276,-0.1164,3.6502,3.101,47.24,371.97,D
5878,-4.0981,-3.3284,1.4235,1.7403,1.314,1.187,38.85,324.6,B
5879,7.6298,8.758,3.5956,2.3494,1.0057,0.6316,55.44,402.84,A
5880,-0.2114,-0.4663,-1.4725,-0.248,-1.0546,-1.5538,46.19,320.09,A
5881,1.8891,1.1125,2.2022,2.2284,0.7702,0.1917,45.82,347.1,B
5882,-3.2657,-2.274,1.0734,-0.6312,1.0184,0.2317,38.34,277.87,C
5883,-2.1696,-1.9868,-2.1757,-2.9483,-0.786,-0.9066,37.65,266.54,B
5884,-1.0388,-0.9268,1.0645,0.7829,1.2838,1.5034,49.29,327.83,C
5885,-1.8044,-0.92,0.5297,-0.4873,-0.3533,0.1944,39.41,295.42,B
5886,-1.7735,-2.1599,-0.9498,0.0888,-2.1196,-2.4118,35.55,299.82,A
5887,1.3137,1.7112,1.0263,1.1874,3.8456,2.3602,47.74,339.52,C
5888,-4.4847,-4.9357,-2.5812,-2.5261,-0.4451,-0.1447,33.3,274.54,C
5889,-3.9914,-4.464,4.8435,3.4198,-1.3821,-1.3034,42.3,333.41,B
5890,-5.862,-6.8101,2.1999,2.1562,2.3304,2.7307,39.25,330.62,A
5891,-8.2517,-7.8687,-0.1941,-0.3163,-0.5526,-0.831,33.6,234.4,B
5892,13.5244,13.5388,2.2191,3.1647,2.7027,4.6091,54.6,410.57,B
5893,1.6731,0.0064,-1.0459,-1.5238,1.0164,0.47,40.86,294.51,D
5894,-4.5785,-3.4385,0.7686,-0.3761,-0.0362,0.1398,41.33,282.88,D
5895,10.9948,9.4874,4.7375,3.7163,1.2569,2.2042,58.14,440.13,D
5896,-2.9712,-2.4644,-1.5459,-2.2151,0.4153,-0.2515,36.02,281.05,A
5897,-4.6385,-3.17,-1.6843,-1.3752,-2.1297,-2.5591,33.97,271.26,D
5898,-3.2224,-2.2358,-2.2707,-0.4492,-0.2443,-0.0127,36.12,297.85,C
5899,-6.9917,-6.65,-0.504,-0.0554,0.0339,0.0572,35.44,257.83,A
5900,3.455,1.878,3.3445,2.9113,-0.5712,-0.5655,48.71,357.34,B
5901,-3.8164,-3.7533,-4.0455,-3.7249,-0.2219,-1.5827,35.82,249.32,A
5902,0.6795,0.3891,1.177,1.5943,-0.7685,-0.1802,47.93,315.3,B
5903,-2.8416,-2.1627,1.7621,1.8072,0.6635,-0.005,40.91,352.36,A
5904,13.3992,13.4252,2.4099,3.252,2.3667,3.1523,55.89,420.99,A
5905,0.4583,0.151,2.1198,2.1223,-2.02,-1.7884,44.77,326.93,C
5906,6.3832,7.7711,1.267,1.2226,1.5296,2.1714,53.98,357.66,D
5907,-10.7304,-10.8108,0.6498,0.1468,-0.9919,-0.6403,29.2,256.01,A
5908,9.9829,9.7143,4.2728,3.748,1.5298,1.5709,53.94,391.6,C
5909,-5.3595,-5.8066,-2.2643,-0.8418,-3.4865,-3.6006,33.02,233.33,D
5910,4.1042,2.5798,3.6532,2.3299,1.0459,0.0095,49.85,390.28,D
5911,2.4086,2.5453,0.2129,0.992,1.0795,2.4414,45.33,336.92,B
5912,4.425,4.6701,1.7284,1.0819,-1.3304,-0.9315,45.9,364.2,B
5913,2.9397,1.8242,1.0713,0.9526,-0.6077,0.6262,44.64,341.7,B
5914,-3.0559,-3.246,-1.1068,-1.3819,0.2598,0.1914,38.48,277.63,A
5915,-6.236,-6.3611,-4.2074,-3.2504,-0.016,0.2234,30.64,218.41,C
5916,-2.94,-3.1894,-0.0466,-0.7077,0.1312,0.3406,38.54,292.95,C
5917,4.9776,4.1188,2.923,3.4583,1.9396,1.8235,51.65,374.15,C
5918,-3.5272,-4.9953,1.372,2.11,1.4545,2.7682,46.59,321.9,B
5919,-4.431,-5.2513,-3.0246,-2.6623,0.2147,0.1053,35.38,225.0,B
5920,0.1226,2.3367,2.336,2.2897,1.1602,1.524,47.28,345.13,D
5921,3.5253,2.9871,-1.2594,-1.8238,-0.7347,-1.2868,45.2,312.98,D
5922,2.1223,1.2579,3.4125,3.5424,1.7256,2.3657,51.64,353.47,D
5923,0.2192,0.8414,-0.7345,-1.5577,-1.0405,-1.3307,38.07,285.92,C
5924,3.1627,3.6302,-0.2091,0.8133,0.2189,-0.921,44.18,329.61,C
5925,-11.6398,-12.8662,0.4022,0.2145,-0.8356,-1.1056,31.46,225.38,D
5926,-0.4891,-1.8367,-0.4976,-1.3812,-0.6874,-0.5421,43.0,296.27,B
5927,-0.6692,0.0546,-1.5052,-1.3752,-0.015,0.3367,40.44,316.12,D
5928,13.0797,12.5291,4.7226,3.6079,1.2877,1.4948,56.57,438.28,A
5929,0.1271,0.192,-1.9299,-1.713,-0.44,0.2092,35.98,261.23,A
5930,8.3398,8.5447,0.1562,0.5824,-0.2596,-0.4978,52.94,354.85,A
5931,0.1159,0.5147,2.0942,1.8815,-2.7826,-0.694,44.31,339.82,C
5932,-6.0858,-6.1787,-9.3551,-8.5039,-0.7175,-1.709,26.49,165.46,D
5933,-0.668,0.5982,-0.1199,0.1904,0.6893,1.1564,41.76,327.19,D
5934,3.0771,3.7291,-2.0944,-2.4161,0.6169,0.0947,42.14,300.67,C
5935,-6.1316,-6.7806,-2.7467,-2.4675,0.4536,-1.1116,34.46,235.8,A
5936,-0.3838,0.0659,3.8401,2.9778,0.2681,2.3234,48.1,343.82,C
5937,-4.0249,-3.3527,-3.8102,-4.4419,0.0193,-0.9365,35.74,249.22,C
5938,-0.3522,-0.6117,-1.9719,-1.5078,-3.1574,-1.6992,37.82,293.89,A
5939,-7.9938,-8.0973,-3.4471,-2.7674,-0.3216,-0.3585,28.91,220.28,A
5940,8.3473,8.2115,3.7949,4.0268,2.1149,1.6117,51.96,397.87,D
5941,-3.1368,-4.232,-1.4298,-1.3288,-1.945,-1.5706,38.62,257.39,D
5942,-3.8112,-3.176,-3.4212,-2.8401,-0.5283,-0.9861,33.35,250.48,A
5943,10.6019,10.3441,4.8463,5.2162,0.5762,0.0402,55.01,446.37,D
5944,5.5388,5.7337,-0.155,0.5458,-0.9909,0.6772,44.95,352.04,D
5945,-0.793,-0.3639,-0.5769,0.1002,-1.0735,-0.7465,41.71,323.6,A
5946,-5.9843,-6.6928,-1.0002,-1.5062,0.4397,-1.6431,37.61,281.56,D
5947,3.996,2.7227,0.6277,1.1251,0.3125,0.765,45.22,344.88,B
5948,8.4864,9.474,-2.1921,-1.9246,-1.7552,-1.9626,49.56,354.99,B
5949,-7.453,-7.2009,-2.0425,-0.8894,1.5937,0.0829,36.27,251.22,C
5950,-6.2798,-6.8799,-3.148,-1.8195,1.3372,0.3994,33.16,249.81,B
5951,-1.5713,-0.9194,-0.0636,0.3638,-1.0605,1.0321,40.64,319.12,B
5952,-3.0658,-3.6581,2.1565,2.2049,-0.2357,-0.9446,39.92,305.22,D
5953,1.6377,2.3812,1.4174,1.3335,-0.4317,1.4764,45.84,334.69,C
5954,1.4593,2.0497,1.42,1.4989,-0.59,-0.0761,46.96,322.62,C
5955,-6.1799,-6.1476,-0.2725,1.2859,-1.9337,-2.3527,34.17,281.83,C
5956,2.6719,2.0478,0.1283,0.1903,0.2182,-0.3448,45.75,322.02,A
5957,5.6115,5.7916,3.7434,1.792,0.8918,1.1499,50.25,361.52,B
5958,-0.0226,0.3582,-0.8485,-1.6592,-0.2315,-0.4181,40.19,305.17,D
5959,6.8315,6.7628,-1.1597,-1.9838,-2.047,-2.0174,44.46,331.38,A
5960,3.6198,2.8688,1.5143,1.4746,0.0476,1.1928,46.31,360.18,D
5961,-5.6534,-5.8905,-3.8071,-3.4074,-2.2495,-2.7201,29.66,231.77,B
5962,4.3143,4.3366,4.0112,3.8388,0.4047,1.054,51.35,388.84,C
5963,2.4569,2.8595,3.0364,3.7561,2.2985,1.7797,50.1,382.77,C
5964,1.9751,1.5796,3.4325,3.5043,-1.6642,-0.3768,43.01,362.88,B
5965,-8.6375,-8.3955,1.295,1.505,-0.3116,-0.5763,35.24,276.1,C
5966,-8.5914,-8.4833,-0.8894,-0.1426,2.7019,1.9617,37.14,268.39,C
5967,-1.7538,-1.1591,0.3664,1.1249,0.0367,-0.4368,39.4,304.0,C
5968,-0.1103,-2.2428,3.2063,2.63,0.8788,0.7995,45.42,318.37,A
5969,-2.5596,-2.5399,2.6583,1.5588,0.7261,1.4668,42.81,336.35,C
5970,-8.9088,-9.7937,-2.5767,-2.3977,-0.2771,-1.475,32.56,210.51,C
5971,-2.561,-3.8724,-1.521,-2.4936,-1.5087,-1.7474,38.01,245.13,A
5972,-0.077,0.2592,-1.5674,-2.008,-0.0819,-0.4501,38.79,291.14,B
5973,8.369,8.2932,4.1622,4.6823,1.4616,2.1865,55.86,397.9,B
5974,1.5996,2.1925,-2.5657,-1.3413,2.5301,2.0052,41.1,291.77,D
5975,-4.2188,-2.3655,-1.9699,-1.5709,-2.9535,-2.6688,32.91,271.06,B
5976,-5.5051,-4.0559,0.3098,0.6246,-0.1529,0.3342,37.19,279.12,D
5977,15.1318,15.8857,3.7062,3.1752,-2.3028,0.4615,57.6,439.68,D
5978,-2.9117,-4.1954,-1.7551,-1.6084,1.8924,0.858,41.27,285.27,D
5979,4.1838,3.2784,-0.2776,-1.0805,-1.8197,-1.7796,44.5,309.14,D
5980,-3.0718,-2.6653,2.2461,1.8006,0.3935,-1.1086,38.76,312.57,C
5981,1.691,0.7964,2.9233,2.2717,-0.447,-0.0982,46.35,353.08,C
5982,6.5472,6.7972,2.128,2.1153,1.8522,1.9062,51.88,373.32,D
5983,2.3514,1.9456,0.597,1.3479,-1.162,-0.8498,48.92,335.2,A
5984,-9.1841,-9.6571,-7.385,-6.9962,-1.5129,-4.5168,24.79,169.32,B
5985,1.0111,2.2084,-1.7101,-2.4112,1.1679,0.0246,41.05,311.73,A
5986,3.5631,4.0245,-3.5064,-3.2032,-1.0843,-0.9287,42.74,320.67,B
5987,-0.6348,-0.6307,-2.5458,-2.6082,-1.8594,-1.1084,37.59,250.29,D
5988,4.118,5.782,0.5488,0.5255,-2.1628,-1.6801,45.15,326.68,D
5989,4.253,3.7009,0.1129,-0.071,1.1522,1.9113,45.3,357.38,B
5990,-3.7531,-2.475,-1.4813,-1.6966,-1.3169,-1.3092,39.1,287.25,A
5991,4.7207,5.9408,-1.2506,-2.9169,0.421,0.003,43.19,308.12,C
5992,13.146,12.896,6.1966,4.5684,0.5988,2.4626,56.26,449.73,D
5993,-2.9795,-2.7459,-0.3037,0.594,1.1349,-0.5961,40.36,299.93,C
5994,-2.0025,-2.7242,1.3735,1.045,0.4658,1.0349,43.49,299.15,C
5995,-2.9536,-2.2015,-2.9701,-2.4672,-1.3993,-0.3984,36.57,265.33,B
5996,5.5036,3.126,1.7388,0.9929,0.3025,0.7463,50.93,366.45,A
5997,-8.5895,-8.606,-3.9122,-3.8172,-1.3315,-2.2985,28.3,224.68,D
5998,4.6865,3.3799,-0.6275,-0.2964,0.4257,0.5357,46.05,347.96,B
5999,-4.8349,-5.1955,-4.1422,-1.8924,-2.0306,-2.4899,35.02,269.16,C
6000,4.4325,3.1101,2.4911,1.5377,1.7251,1.3975,50.42,393.38,C
6001,-3.4559,-2.7798,1.7618,2.1599,0.1972,0.3458,40.78,320.63,A
6002,5.0156,5.9169,1.0745,0.5374,0.2782,0.2307,50.02,328.28,C
6003,8.7089,7.0682,-0.9161,-0.5014,1.953,1.6129,51.88,374.78,B
6004,5.6223,5.5691,1.875,0.49,0.2682,0.4261,47.69,338.82,A
6005,1.9801,1.2083,0.1968,-1.2612,0.8004,-1.553,43.36,312.19,D
6006,8.1748,7.8849,2.0039,1.7737,-2.236,-1.0162,53.52,374.55,A
6007,2.2925,1.8,-4.0774,-2.8915,-2.7635,-2.3211,39.67,294.55,C
6008,1.1053,1.0436,2.1735,4.3696,-0.0727,1.0391,48.93,353.86,A
6009,-5.7875,-4.5224,0.9015,-0.9553,-2.1344,-2.0507,35.21,249.21,C
6010,1.9158,1.4018,4.0799,3.1947,0.7169,-0.17,46.76,360.46,B
6011,3.7997,2.9493,0.2622,1.5449,0.0211,0.7387,49.42,350.07,C
6012,-0.246,-1.598,-1.1997,-1.9902,-2.151,-1.4832,40.17,277.97,B
6013,3.7914,3.2181,3.2961,2.4414,0.4444,0.5915,46.09,371.9,D
6014,-1.0795,-0.1517,0.7339,1.5376,-0.2325,1.487,40.11,334.78,A
6015,-3.7882,-3.1696,0.3996,-0.4462,0.1114,-0.4642,39.1,305.6,C
6016,-7.1704,-7.1726,-2.5599,-1.0088,-2.0631,-2.27,29.97,249.77,B
6017,-2.2455,-3.5414,2.4761,0.8307,-1.6806,-1.313,40.1,288.89,B
6018,-0.1342,0.2663,0.3345,1.4439,-1.2668,-1.0047,43.76,342.48,C
6019,-12.8803,-13.93,-7.867,-6.423,-2.7579,-3.5367,20.14,138.79,D
6020,2.9232,1.8395,0.0597,0.894,2.2638,1.799,43.75,329.48,A
6021,6.8854,7.5121,4.8792,3.7966,-2.8093,-1.145,50.75,375.94,D
6022,3.4044,3.5343,2.3927,1.6559,-2.0907,-0.7922,44.11,344.68,B
6023,2.1681,3.0323,1.9724,2.3168,1.6072,0.4727,45.49,356.88,A
6024,-2.4831,-1.8112,1.0272,0.4975,-0.16,-0.7047,41.43,301.36,D
6025,-0.6875,-0.8315,-2.9689,-2.6894,0.5347,0.118,41.62,289.5,A
6026,6.1972,6.4073,1.7889,1.6848,2.0159,2.6984,49.61,387.1,D
6027,1.6521,2.8158,-0.6157,-2.3516,-1.923,-1.1561,46.46,319.7,C
6028,1.284,2.1156,1.302,1.7,-2.4972,-1.4995,43.07,353.32,B
6029,-7.1638,-7.7579,-5.4525,-5.3008,-2.0298,-2.2024,27.54,183.1,C
6030,1.4205,1.1386,-4.7627,-3.9915,-2.5694,-2.4954,34.13,256.16,A
6031,-1.9472,-1.9764,-0.1196,0.7978,1.0966,0.2756,38.58,297.94,A
6032,-1.18,-2.2394,-3.4452,-3.518,-1.3003,-2.5166,38.31,261.47,C
6033,7.2433,7.7832,-0.6943,-2.3999,0.3313,0.9599,46.44,343.55,A
6034,-8.628,-7.1912,-1.4905,0.3104,-1.0158,-1.8829,31.89,261.76,C
6035,1.2822,1.6471,-0.7827,-0.9678,0.1438,-0.1383,44.01,314.47,B
6036,2.3877,4.147,-0.0956,0.6561,0.8392,0.4781,42.48,348.35,B
6037,1.4375,-0.7072,0.5955,-0.6561,-0.7255,-0.1909,42.21,324.7,B
6038,4.0662,3.5015,-2.369,-1.3555,2.0733,1.8542,43.35,327.48,D
6039,2.2548,3.0554,-1.0481,-1.5619,-0.2492,-0.7708,42.23,302.76,C
6040,0.8065,1.8363,-1.7236,-2.2879,-0.1714,0.4488,39.71,290.45,A
6041,3.5474,3.416,-0.8371,-0.2739,0.6358,0.4135,45.46,368.12,B
6042,3.4351,3.2716,0.7993,0.4991,-0.1558,-0.0126,45.41,349.41,A
6043,5.4542,6.2044,3.2325,2.7723,2.2128,0.8283,49.08,374.42,C
6044,-1.8725,-2.8378,2.1675,0.463,-2.7922,-2.8761,36.73,268.9,A
6045,-2.0704,-2.3478,0.7475,0.881,1.5958,1.6516,43.0,310.66,D
6046,-3.7746,-3.4612,-2.7461,-2.5357,-1.2575,-0.7973,37.33,246.04,B
6047,-3.9848,-3.7097,-3.9661,-3.0627,-2.5916,-2.2496,33.03,207.42,B
6048,4.1983,1.9603,3.5913,3.3794,1.5895,2.5735,50.84,393.07,C
6049,7.1961,6.5365,-3.3251,-3.3683,-1.3658,-0.2628,45.64,298.49,C
6050,-2.7843,-1.0556,-0.5473,-1.3499,1.3848,0.0426,41.79,311.06,C
6051,5.8339,5.5059,3.0957,3.0461,3.0751,3.0929,55.75,413.53,C
6052,6.1326,5.8104,1.2391,0.8294,0.0862,1.8914,51.0,371.84,B
6053,13.5765,12.6955,2.5323,0.3697,-1.0064,-1.0017,49.01,376.45,C
6054,2.7367,2.8238,1.7895,-0.1303,-0.1313,1.3407,45.0,363.16,A
6055,2.852,1.4927,0.9005,1.4232,1.8043,1.0252,46.22,328.76,A
6056,-1.2969,-1.5521,-1.2959,-1.2348,-1.1721,-0.8311,34.88,279.52,B
6057,1.8561,1.64,2.973,4.5566,-0.5589,1.1063,47.32,387.75,D
6058,-1.9434,-2.5232,3.0663,2.7145,0.6459,0.3875,40.02,327.35,A
6059,4.0729,4.0555,-1.438,-2.5933,-1.3579,-0.7121,41.2,312.71,A
6060,-0.9599,-0.6511,-1.093,0.4677,1.4258,-0.0447,39.49,327.33,D
6061,2.2466,2.2549,-0.5633,-0.2734,-0.2,-0.7203,41.3,324.02,A
6062,-9.9374,-11.3818,-6.532,-5.6066,-1.7988,-2.8459,21.17,197.11,A
6063,0.2899,0.678,-0.8926,0.6691,0.077,-0.4188,45.18,328.2,C
6064,6.6845,5.8381,-0.0379,0.127,-0.4648,-0.7554,47.88,349.66,A
6065,0.2818,-0.41,1.0737,1.9707,1.4548,1.6496,45.62,305.32,D
6066,-1.8892,-1.2357,-5.6609,-5.8531,-0.1162,-0.7524,31.51,253.13,C
6067,-3.4248,-2.602,-2.597,-1.4241,-0.1536,-1.8292,36.72,281.82,D
6068,-2.1429,-1.4513,-0.24,-0.202,-1.2328,-1.3581,39.83,289.84,A
6069,-0.345,-0.6453,-2.5579,-1.1294,-1.827,-0.555,38.33,265.77,B
6070,-0.3951,-0.2103,-1.6802,-0.8763,-1.408,-2.1148,42.1,282.9,C
6071,3.6361,3.742,1.3845,0.4951,-0.4748,0.3652,45.7,343.4,D
6072,4.1275,3.5068,-0.8593,-0.0307,1.0277,1.1286,46.82,335.72,D
6073,-8.3193,-7.2886,-1.9246,-1.7271,-0.0067,-0.7687,32.69,223.46,A
6074,8.6751,8.4415,3.0086,1.8887,-0.746,-0.9466,53.15,388.64,B
6075,0.8941,-0.9812,2.631,3.167,0.0784,1.4669,44.05,312.44,A
6076,4.8756,4.9045,3.5048,2.747,1.5875,2.0611,51.2,389.95,A
6077,7.563,6.8537,0.2286,-1.3087,1.1087,-0.9181,47.53,354.8,D
6078,-4.2126,-6.0573,-3.934,-4.2261,-0.3756,-0.5225,33.83,238.4,B
6079,8.5867,8.0271,6.4164,6.1546,3.2084,3.7011,61.49,418.03,A
6080,-9.0397,-8.626,-1.1155,-2.0842,-1.2489,-2.3089,28.65,213.84,B
6081,0.418,-0.1922,-0.5928,0.6326,1.8645,1.2976,44.42,308.86,A
6082,2.3563,2.5149,0.5191,0.8624,0.0279,-0.6998,43.21,322.75,D
6083,2.2912,3.1403,2.0471,2.0363,0.7811,1.1784,45.59,358.5,B
6084,-2.3184,-2.4649,-2.9629,-3.0222,-1.5734,-0.5633,34.12,275.73,B
6085,-0.9778,-0.3938,3.5447,2.2919,0.7108,0.8466,44.24,357.96,C
6086,5.1329,4.5179,-0.6093,-0.4641,0.4497,0.6155,46.67,326.66,C
6087,-4.2971,-3.8511,-0.722,-1.3886,-0.3746,0.4623,39.8,277.77,C
6088,13.197,12.647,3.0687,2.3695,1.9885,2.0373,59.36,437.24,C
6089,2.5026,1.454,0.1783,1.3656,-0.3619,0.8813,42.7,318.64,A
6090,-8.6757,-9.064,-6.978,-7.1105,-2.0031,-3.5212,23.06,184.62,D
6091,0.1624,0.2086,1.3656,-0.1401,0.3162,0.3089,43.72,310.64,A
6092,2.7618,2.4582,3.1868,3.5896,1.5175,0.8282,48.62,339.94,C
6093,9.6178,8.0841,6.1589,5.7893,2.4825,3.3099,58.37,469.04,A
6094,-6.3579,-4.4829,2.3892,4.015,0.6018,-0.2964,41.16,320.38,D
6095,-5.4274,-6.8629,-2.062,-0.9136,0.036,0.188,34.86,275.62,A
6096,-5.6616,-4.8391,-2.9612,-3.1607,-0.5057,-1.396,37.35,249.69,A
6097,-5.2823,-4.8491,-2.3671,-2.9041,-0.5984,-2.1367,32.87,256.29,A
6098,-4.8719,-4.0867,4.5397,4.7373,0.4,0.5653,43.06,341.97,B
6099,-10.0989,-9.7817,-2.2457,-0.7742,0.7833,0.5267,34.45,249.02,B
6100,-4.553,-4.9133,3.1451,3.6605,1.5343,2.565,44.62,327.63,D
6101,2.5299,2.3025,6.0352,6.4672,0.3325,0.5944,52.96,390.48,B
6102,-1.4271,-3.1957,0.6397,0.4918,-1.8249,-1.1468,39.56,264.14,A
6103,-3.9026,-4.0869,-0.3395,-0.0522,0.4114,-0.3076,35.61,265.19,A
6104,4.0333,4.3716,-1.1968,-1.2444,0.1401,-0.558,44.53,327.28,A
6105,-4.4197,-4.1219,0.2088,0.4218,1.4237,2.3314,40.08,295.54,A
6106,0.3623,-0.4034,-0.9128,-0.7009,-2.4634,-2.3966,38.12,274.53,C
6107,0.1062,-0.9822,2.2829,1.2535,-0.7916,-0.1354,43.31,342.57,C
6108,-0.0397,0.6258,6.726,5.4438,2.6573,3.2223,46.92,388.96,B
6109,-1.9619,-1.3036,1.8447,2.1144,-1.4037,-0.3398,42.22,315.44,A
6110,2.1144,3.0368,0.558,1.7506,-0.8163,-0.6632,46.15,335.96,A
6111,11.3489,9.4888,1.3421,1.0394,0.9686,1.4848,51.83,406.85,A
6112,6.836,7.3324,1.5526,2.6869,2.0281,2.5172,50.02,337.55,C
6113,0.4163,0.3949,-1.7606,-1.8146,-2.5793,-0.1134,38.4,294.27,C
6114,1.4591,2.2121,-1.0947,-0.4307,-1.6908,-0.6007,42.46,303.31,C
6115,-0.4722,-0.7321,0.7944,1.5116,0.1752,0.4213,45.8,317.15,A
6116,-6.7344,-7.4971,-3.1294,-3.2963,-1.7001,-1.0256,30.86,248.4,A
6117,3.1978,4.1381,0.9312,-1.0586,-0.0373,0.5104,45.32,341.59,D
6118,2.7358,2.9201,6.3294,5.4386,-0.6834,0.4975,50.6,378.64,A
6119,1.0978,0.8226,-0.3804,-0.8689,-1.7741,-0.9502,40.5,304.12,B
6120,7.0917,7.9036,2.7813,1.1732,-1.3272,0.9218,53.71,347.28,B
6121,-5.8288,-5.4047,1.0894,0.7453,-1.2445,-0.7451,37.24,294.77,A
6122,-2.1456,-1.8835,3.6241,4.373,2.2681,3.6297,48.59,353.32,B
6123,7.6803,7.8355,1.4219,0.4862,-0.4333,-1.0222,48.3,359.02,B
6124,-10.6361,-10.0352,-2.4192,-1.5012,-2.2733,-1.8378,26.43,171.2,D
6125,5.7114,4.9605,2.0062,1.325,0.4995,-0.8125,49.05,370.78,D
6126,6.9717,6.265,1.3842,2.44,3.4677,1.4493,50.49,382.91,C
6127,11.1921,11.3479,2.2287,1.8949,2.0315,3.4612,55.33,387.83,D
6128,-2.3443,-1.1996,-4.8893,-4.6489,-2.0909,-2.9641,33.36,225.08,C
6129,4.2511,5.6384,-0.7131,-0.9002,-0.4571,-1.1033,44.73,318.54,D
6130,-4.037,-4.0215,-2.2973,-1.615,0.2399,0.8201,36.93,285.4,B
6131,0.2774,1.667,-3.1054,-2.8663,-0.4281,-1.5628,41.19,295.58,B
6132,-13.7302,-12.4335,-1.6695,-0.7779,0.4432,-0.669,28.62,201.71,A
6133,13.5206,14.4057,3.5826,2.2356,0.0339,0.012,57.61,432.91,C
6134,8.3466,8.627,0.7351,-1.0564,-1.4492,-0.9409,47.5,340.74,A
6135,3.9521,3.4079,2.3808,2.5642,2.6529,0.7149,45.29,381.72,B
6136,0.9421,1.0101,0.6531,2.5828,1.0021,0.3911,43.99,310.95,B
6137,3.4604,2.4309,0.2767,-0.8028,1.8492,-0.4822,48.97,319.12,A
6138,11.9673,11.6552,1.6263,0.3169,0.704,0.7165,54.4,386.94,C
6139,2.7784,2.5745,6.2766,6.2296,1.1077,2.0673,52.8,393.96,D
6140,4.876,4.2308,2.735,2.591,-0.4662,0.6802,50.38,370.52,C
6141,-0.2804,-0.2207,-1.5923,-2.2488,1.0023,0.4257,39.32,280.06,A
6142,-6.9624,-6.2251,-1.4875,-1.0554,-3.4616,-2.9231,31.9,260.18,D
6143,-4.0594,-4.4056,-1.8329,-0.4059,0.9753,2.1553,39.03,259.44,D
6144,-6.2469,-6.359,2.0993,3.1563,1.7691,0.6053,39.82,295.01,D
6145,7.9576,6.9565,1.4595,0.7557,0.9595,1.2692,50.19,353.84,C
6146,0.8014,0.2784,-0.0562,-0.6301,-0.0349,-0.0448,44.35,318.73,C
6147,8.6237,6.4718,3.0886,3.2373,1.3641,1.3575,53.94,399.05,D
6148,-0.6742,-0.0867,0.8378,0.2297,2.1591,0.0803,42.9,321.53,B
6149,2.3967,3.1649,-1.0422,-0.6043,0.6187,2.2141,44.34,315.91,D
6150,-2.5772,-1.8822,-2.7292,-2.5766,-0.6534,-1.8579,36.73,264.89,A
6151,-9.3388,-8.6373,-4.3802,-3.6721,-0.8496,-2.0468,31.95,232.19,A
6152,-1.8689,-1.5247,-0.2987,-0.4246,0.6944,-1.2591,42.1,284.45,A
6153,-8.4745,-7.5392,-1.7063,-0.9076,-2.6312,-2.6718,30.96,252.84,D
6154,-4.1316,-4.4515,2.1319,3.649,0.0001,0.7038,42.57,324.9,C
6155,-1.0787,-0.2313,-1.9089,-1.2931,0.2182,2.023,42.13,292.65,D
6156,1.4362,-0.6883,0.0056,-0.4943,-0.8236,-0.7256,41.94,315.41,A
6157,-7.8614,-6.7815,-3.1266,-3.2425,-0.8279,-0.4071,33.84,243.34,A
6158,1.1339,1.7683,1.8451,0.6272,-0.4448,-0.8308,43.13,331.92,B
6159,-1.0983,-0.1297,-3.2513,-1.7622,0.4815,-0.8781,38.56,290.24,C
6160,1.557,1.1083,1.0911,0.4555,1.7906,1.3571,45.62,342.54,C
6161,-8.0085,-7.5132,-1.1377,-1.8431,-0.5026,-1.998,32.62,234.57,A
6162,0.799,0.9114,1.9569,2.1136,1.761,3.4979,46.52,331.58,A
6163,-5.4768,-4.9193,0.7507,0.7685,-0.1752,-0.1462,40.53,308.19,C
6164,-2.1592,-2.5396,1.2278,0.7394,-0.3232,-0.7158,45.49,292.1,D
6165,0.3115,0.4681,1.4971,1.9855,2.6453,2.5339,46.66,363.56,C
6166,1.2649,2.0462,-0.768,-2.6851,0.4981,0.8958,42.63,284.05,D
6167,-0.9678,-1.7489,-2.0768,-2.3059,-0.6633,-0.2571,37.59,279.68,A
6168,8.7836,8.9992,-2.1215,-1.2428,2.7681,2.2592,47.93,354.81,D
6169,0.3809,-0.0211,-1.0011,-0.9991,0.3453,1.0235,37.3,280.25,B
6170,-2.826,-2.4946,0.4362,1.2449,1.1047,-0.0844,43.05,323.48,D
6171,1.5977,1.9124,3.9591,4.1197,-2.0696,-0.9037,45.89,361.21,D
6172,2.4085,1.2281,-5.7788,-4.8845,-2.734,-0.0812,40.93,269.24,B
6173,5.2471,4.8038,3.7097,4.1348,2.7736,2.9234,52.19,408.66,C
6174,7.8257,8.1803,3.6637,4.4099,-0.6573,-0.829,50.72,428.22,A
6175,3.2792,2.4967,-0.8939,-1.3879,2.1626,2.0053,44.22,330.16,D
6176,8.0593,5.4472,1.5111,1.0723,0.316,0.2391,50.89,373.88,B
6177,0.3296,0.0823,3.1151,2.2288,0.001,0.2637,48.3,316.58,C
6178,-12.6522,-12.7787,-6.1303,-4.7697,-3.7799,-3.4744,23.41,160.82,A
6179,-0.6783,-1.8617,0.9523,3.4838,-1.4963,-1.9783,41.42,310.78,A
6180,-0.9709,-1.2235,2.505,3.2937,-0.3714,-1.0227,43.26,320.64,D
6181,3.1238,2.8006,-1.7228,-1.1481,-1.2021,-0.6789,42.48,319.6,B
6182,-4.2943,-5.2904,-1.8413,-1.5796,0.9131,0.3847,37.36,269.07,B
6183,-0.9979,-0.9316,1.2221,1.3281,0.4056,-0.6039,44.41,312.95,C
6184,6.2612,7.4726,1.8884,0.4751,-0.6446,0.2543,48.84,374.01,D
6185,5.8437,5.99,2.8988,1.6121,1.2845,1.0555,51.67,376.3,D
6186,2.0313,1.3733,-1.2079,-0.4607,-0.2083,-1.7572,39.1,312.58,D
6187,-2.1032,-2.4981,-3.3063,-2.4182,2.0198,0.4019,37.52,267.26,D
6188,-14.8441,-13.4622,-8.7345,-7.7984,-1.3611,-1.495,20.51,162.63,A
6189,7.977,7.1729,3.9829,3.3609,-1.0189,-1.3323,53.44,410.07,A
6190,0.0893,-0.6194,1.8424,1.0177,-0.7935,-0.876,39.66,321.52,C
6191,0.0597,-0.0069,2.5818,0.7411,0.1514,0.6242,44.43,338.77,C
6192,-5.1152,-4.7054,-3.0135,-2.3818,-0.2185,0.2684,34.66,249.14,B
6193,-2.4216,-2.825,1.0846,1.9072,3.0004,2.0302,44.98,310.86,D
6194,-1.7617,-1.7449,-1.4877,-1.1349,-0.3615,-1.0529,38.59,309.71,A
6195,6.1594,4.852,-2.8946,-4.0376,-1.1337,-1.0099,40.56,320.24,B
6196,9.2151,7.6139,-0.994,-1.3118,-2.6072,-2.1155,49.92,355.66,C
6197,-3.9358,-1.5641,-1.7517,-1.9362,0.8422,0.9495,37.51,283.78,B
6198,3.9484,3.8366,0.2707,-1.2429,-0.6292,0.217,41.58,307.04,C
6199,-6.3989,-6.0325,2.7213,2.2791,-0.9186,-0.534,40.05,277.36,C
6200,-1.7288,-2.0455,-0.2102,1.1256,-1.0448,-1.0477,40.07,308.68,B
6201,-1.4939,-0.8874,-7.6273,-6.8566,-3.0181,-3.4263,27.25,200.59,D
6202,-8.1004,-7.9128,-3.6822,-5.1086,-1.6732,-2.7669,29.57,183.93,C
6203,6.9943,6.5766,3.1176,1.7432,0.6539,0.4075,50.29,356.13,C
6204,-7.9296,-7.9574,-1.7419,-1.589,-1.9699,-1.8892,31.21,218.43,A
6205,-1.5049,-1.926,-2.0446,-0.6437,-0.742,-1.1985,37.49,288.99,B
6206,0.8017,1.0072,-0.9232,0.8884,-1.0664,-0.1442,42.22,345.85,D
6207,9.8413,8.644,0.7899,-0.7825,-1.9623,-1.497,50.07,340.57,A
6208,-0.4682,-0.0815,-1.1105,-2.3164,2.4311,-0.4128,40.88,282.87,D
6209,11.1057,10.9256,4.3166,3.6396,2.0883,1.3758,57.89,408.46,D
6210,-5.6316,-6.507,-7.3379,-6.9804,-1.7408,-2.7994,28.23,228.06,A
6211,-9.9106,-9.9353,-6.4154,-4.8535,-0.6474,0.5697,29.91,213.52,D
6212,-0.7514,0.7822,0.9061,0.2232,-1.194,-2.141,43.85,317.1,D
6213,-2.8876,-4.3819,-1.3109,-1.7737,0.5565,-0.0603,34.45,278.07,B
6214,2.6207,3.371,2.1918,2.6452,-2.0409,-1.3068,44.48,329.89,A
6215,-11.5205,-9.9756,-3.3287,-2.6824,-0.8754,-1.9729,27.92,216.79,B
6216,-0.2821,-1.4129,-5.6785,-4.5659,1.9962,0.4818,35.63,244.14,C
6217,-1.8032,-1.442,-2.4982,-2.6186,-2.3555,-1.7886,37.67,305.27,B
6218,-5.9069,-3.6579,-0.5989,1.0167,0.2251,-0.3536,36.55,308.8,D
6219,10.6636,10.7511,3.1741,2.9823,0.8411,1.9476,56.23,411.8,B
6220,0.4944,1.6054,-0.8641,0.1042,3.2947,1.9161,43.3,336.59,C
6221,-4.5877,-3.8749,-1.4593,-1.3393,-0.6966,-0.5201,38.24,293.58,C
6222,8.6373,8.4867,3.6975,3.2425,-1.1362,-0.1616,52.48,398.5,C
6223,1.7153,1.4957,1.7867,1.2292,1.5194,1.0968,48.31,354.65,D
6224,10.9798,11.1796,6.5983,5.7987,0.5184,3.2993,58.79,468.02,D
6225,-3.7825,-3.0657,-3.678,-2.9422,-1.5701,-1.9701,34.32,238.91,A
6226,1.4713,1.5657,-0.6422,-0.4902,-1.3714,-0.5102,41.57,310.66,B
6227,3.4236,2.2005,5.2552,5.6021,0.4272,-0.0607,48.81,387.73,C
6228,10.7029,9.1099,2.7767,2.863,-1.1041,0.62,55.17,406.64,D
6229,-6.7809,-7.1298,-2.5974,-2.2345,-2.746,-2.4143,31.79,230.52,C
6230,4.0253,2.9922,-4.2229,-4.2721,-1.2864,-0.8406,41.63,289.86,D
6231,0.9623,0.6351,3.5455,3.3143,-2.634,-1.0494,42.16,327.74,D
6232,2.8484,1.3723,2.3394,3.0129,-0.5889,0.1857,48.2,369.92,B
6233,7.3451,6.3709,2.3679,2.5868,3.3791,1.6222,52.46,385.74,A
6234,2.0744,0.8336,6.1838,6.8324,4.1738,4.3222,55.94,398.98,D
6235,0.0138,-0.0702,4.2895,4.6595,0.1549,0.7283,45.33,354.04,B
6236,-3.9301,-3.3543,-3.549,-3.9547,0.0494,-0.5547,35.27,224.98,C
6237,2.9128,1.9128,-3.4918,-2.3695,-0.7127,0.8715,46.74,296.18,A
6238,-8.7412,-8.489,1.1328,1.6564,1.3949,0.845,34.55,286.18,A
6239,11.7903,12.7764,4.708,4.0542,4.6036,4.2197,60.29,454.04,C
6240,0.4744,0.4904,0.1228,-0.6004,1.4279,2.4088,43.2,324.39,A
6241,1.8662,2.7252,-1.6059,-0.5079,0.9551,1.9278,43.98,322.34,D
6242,4.2075,3.7894,0.598,-0.5956,-0.0748,0.9883,43.29,365.11,A
6243,-5.2406,-4.3857,-4.9079,-3.1055,-0.4886,-1.7357,34.59,230.04,D
6244,5.7012,7.8649,5.527,4.7982,0.1052,0.0353,55.64,410.47,B
6245,-0.2942,-0.0237,4.6158,4.8005,0.0564,0.7455,49.73,374.77,A
6246,1.8062,1.594,-2.0883,-0.7044,0.1483,-0.0628,44.35,296.5,C
6247,-4.6264,-3.5872,-0.3444,-0.7948,-0.0726,-0.3626,35.83,291.19,B
6248,-1.0362,0.9718,-0.2476,-2.0791,-2.6296,-2.1355,42.91,273.0,D
6249,8.8967,7.7148,5.3931,5.7248,2.9033,2.7701,55.78,425.02,B
6250,-0.7706,-1.7985,-1.5796,-1.7423,-2.5828,-1.8458,38.47,251.27,B
6251,6.6891,5.6888,-0.8252,-1.5726,-0.5386,0.0441,48.74,325.87,C
6252,-0.871,-0.3479,-1.5304,-1.5203,-0.312,-0.8303,38.89,297.74,D
6253,-3.6531,-4.5565,-0.2881,1.4871,-1.1651,-0.2872,39.37,293.04,C
6254,-9.2911,-9.0931,0.6882,1.5789,-0.3811,-1.238,34.1,260.77,C
6255,1.0952,2.3054,0.8023,0.1197,1.8042,2.418,45.1,329.52,A
6256,-3.4559,-2.0155,3.5452,3.8262,1.5156,1.2906,43.62,334.77,D
6257,-3.5938,-3.2157,-1.1076,1.511,1.593,2.4276,38.81,307.29,C
6258,2.803,2.4458,-2.1701,-1.406,1.2353,0.8645,39.02,324.75,D
6259,-6.0316,-6.1311,1.3084,3.1503,0.0741,-0.9636,40.12,273.75,D
6260,2.5792,3.079,0.4845,-1.2161,0.9553,1.6379,45.91,324.59,C
6261,4.9812,4.6879,1.5812,0.6217,-0.0123,0.5816,46.96,351.6,B
6262,-3.3965,-3.1277,2.8706,3.085,0.0879,-0.0886,41.47,324.77,C
6263,1.6218,3.1986,3.3525,2.8507,-0.3084,-0.4788,48.19,344.52,C
6264,-4.353,-3.5962,1.2274,0.9181,-0.5669,-1.2892,37.31,293.44,C
6265,-7.5333,-7.2644,-4.1649,-4.3798,-0.7593,-2.1102,29.9,201.07,B
6266,4.1544,4.1659,-2.4506,-2.1125,1.5983,2.6251,42.64,323.85,B
6267,-5.9845,-6.1836,-4.8583,-3.6936,0.1612,-1.0456,28.54,247.42,B
6268,6.6536,7.0276,4.8256,3.9038,-0.94,-0.7346,53.34,388.0,D
6269,-6.6362,-6.5095,1.9211,2.4044,-0.7323,-1.4105,36.22,261.46,B
6270,6.0078,5.0139,3.6442,3.4136,2.6801,1.5147,50.52,368.11,A
6271,-10.3655,-9.1101,-7.1409,-4.6016,-1.1073,-1.0881,27.86,171.6,C
6272,1.6689,1.2966,2.6197,1.3201,-0.0792,0.1635,45.83,327.11,D
6273,2.3588,2.9375,4.0676,3.3472,2.6585,1.907,47.65,416.38,D
6274,2.7196,3.4695,-4.6998,-3.2099,-0.3809,-0.736,38.73,293.37,B
6275,0.1062,-0.9478,-0.3895,0.4365,-0.3571,-0.0679,41.61,317.02,D
6276,0.9637,2.3086,1.7801,2.3137,-0.5249,0.0649,46.86,332.76,C
6277,8.1996,8.1669,2.3486,0.8756,1.6509,0.9552,52.81,385.16,D
6278,-4.9039,-4.3942,1.5186,-0.2199,-0.9566,-0.004,37.94,271.01,B
6279,-2.76,-2.8073,0.811,0.6711,-1.2148,-0.3652,37.86,278.61,B
6280,2.5827,3.5933,-1.0546,-1.3002,0.2916,2.2421,46.48,307.23,C
6281,0.6201,1.926,1.0039,2.0963,0.9118,1.2715,49.54,343.28,B
6282,10.2111,10.3292,3.0148,2.7319,-0.9641,0.2417,57.01,411.2,D
6283,1.7531,0.5376,-1.462,-1.0772,0.8334,0.0778,43.43,300.28,B
6284,2.4353,3.3123,4.4933,3.2999,0.2881,0.0875,45.76,354.95,B
6285,-11.0782,-12.0427,-4.3145,-4.1868,-2.0572,-3.5969,25.85,194.94,D
6286,6.7429,6.8163,-3.1182,-2.9187,-1.861,-0.5816,44.42,289.59,A
6287,0.4761,1.5614,4.8828,4.2797,0.6773,0.1455,46.66,348.23,D
6288,-3.6464,-3.0369,2.3784,2.9863,0.0826,0.5658,41.03,293.27,B
6289,-1.0098,-0.4631,-1.392,-2.1362,-1.3346,-1.7119,38.24,266.7,B
6290,-0.7684,-0.9789,1.2386,0.7346,-0.8475,-1.2142,38.56,323.61,A
6291,10.2831,10.8171,3.4958,3.6692,1.6789,1.8706,56.26,428.05,C
6292,2.4431,1.6384,3.2727,4.2969,0.9864,2.2603,49.86,379.7,B
6293,4.0987,5.0835,-1.1367,0.9441,0.3608,0.0933,43.93,344.26,C
6294,-3.0685,-2.9992,-1.7083,-1.615,-0.3431,0.5725,36.72,256.87,A
6295,2.3371,2.3344,4.2588,4.2283,-0.5283,-0.7845,47.96,360.49,C
6296,10.7758,11.6162,3.0164,3.153,1.0255,2.2276,55.61,398.22,A
6297,-2.2037,-2.8693,0.4128,-0.9927,-1.6154,-1.9642,38.49,286.79,C
6298,2.2731,2.7841,-1.3763,-1.3871,1.316,1.9837,43.99,325.81,D
6299,-8.47,-7.8655,-0.2598,0.7234,-2.0587,-1.8664,30.84,266.5,A
6300,-3.6958,-4.0433,-5.5426,-5.4043,-1.4139,-1.9044,33.52,227.85,C
6301,7.8976,7.8342,4.2044,2.5006,1.7251,1.9924,56.42,388.04,D
6302,-4.0476,-3.4365,0.7593,-0.1256,-0.145,0.7736,38.59,290.15,A
6303,-5.1272,-4.2106,-1.3581,-0.3264,0.9278,0.5379,37.11,297.28,C
6304,1.896,2.0939,-0.431,-0.9286,-0.9722,-1.3048,42.02,286.9,A
6305,0.8706,0.5225,2.6539,2.5373,-0.1964,0.2918,46.63,336.1,B
6306,-8.1861,-7.4829,2.0082,2.1862,-0.4424,-0.117,38.39,267.26,B
6307,4.4602,4.3622,-1.6529,-3.1107,-1.282,-1.8013,45.67,290.32,D
6308,8.2207,7.9312,1.2967,2.3883,0.9863,2.2285,51.25,399.22,C
6309,-3.2217,-3.0365,-6.3076,-3.9384,-1.8623,-2.0997,31.43,212.54,C
6310,4.289,3.8681,6.216,5.8606,1.5828,2.7827,57.25,425.33,B
6311,4.9696,4.5846,0.6319,0.4612,2.7293,2.8349,49.99,344.04,D
6312,-8.4373,-8.7865,-1.0388,0.7306,2.0093,0.2194,33.27,269.9,C
6313,-3.4114,-3.2925,-1.4327,-0.888,2.0544,2.2389,36.06,291.28,D
6314,-4.9145,-4.2788,4.0358,3.339,0.8957,-0.3112,41.53,306.52,C
6315,2.3387,3.232,2.9592,3.9851,0.0763,-0.2915,46.57,345.88,B
6316,0.0551,-0.131,3.8973,3.2674,-0.5821,-0.4574,49.41,337.4,B
6317,1.7131,2.7883,-3.6793,-3.3258,-1.1334,-3.3044,43.1,294.59,C
6318,-4.8703,-5.061,-4.6096,-2.5653,1.2096,-0.7937,33.99,263.22,C
6319,-0.5339,-0.8193,-2.7358,-0.8041,1.4323,1.8235,41.55,263.55,C
6320,2.7877,2.1621,-1.8564,-0.9786,-1.2587,-0.9293,44.46,306.6,B
6321,2.1278,0.078,-0.8235,-0.7314,3.0008,2.284,47.98,322.69,D
6322,-5.2199,-4.7789,4.8087,4.2231,-0.0306,-0.3941,42.5,299.29,A
6323,-3.2899,-2.0531,-3.683,-5.0139,-1.8788,-3.3097,32.98,260.21,D
6324,-7.1154,-7.4282,-4.853,-3.8939,-1.8152,-2.5456,31.48,181.94,C
6325,-3.5207,-3.4965,-1.7283,-2.6423,-0.2836,-0.7888,37.57,235.2,B
6326,5.5786,4.7033,0.9012,2.4435,3.4138,2.7529,48.18,364.93,B
6327,0.213,-0.4785,-0.0248,-0.9758,-0.756,-0.821,45.91,311.48,C
6328,-3.1657,-3.1372,0.7823,2.5611,-2.1144,-1.886,39.38,313.93,D
6329,3.0475,2.6625,2.2193,1.1593,0.0261,-0.7033,44.62,362.94,B
6330,7.4536,7.6242,0.6694,1.1904,-1.3449,-2.0377,50.0,357.44,A
6331,6.5528,4.7429,-0.828,-1.3052,-0.6701,-0.4809,47.21,352.64,B
6332,12.4183,11.6469,0.2572,0.4112,0.5634,0.2491,54.34,405.5,B
6333,2.9802,2.5574,0.1232,0.9755,1.8237,0.4675,47.62,364.73,D
6334,-10.7068,-9.9322,1.0543,-1.3151,-1.9688,-1.2129,31.99,223.07,A
6335,-6.5803,-5.5008,-0.952,-0.1881,2.4917,1.722,35.62,278.68,A
6336,1.7473,2.0151,-0.3598,-0.4241,0.8596,0.8711,44.04,294.93,C
6337,1.5548,2.0889,-3.225,-2.9857,-1.0616,-1.1784,40.5,300.34,A
6338,8.2571,7.7622,7.2508,5.4386,1.4654,1.6593,55.75,411.88,C
6339,-4.0665,-3.1391,-0.305,1.5801,-0.2146,-0.1005,39.68,302.71,A
6340,-4.206,-3.3578,-0.5418,0.6162,-1.2561,-1.4591,35.82,307.99,D
6341,1.5369,2.0088,2.8678,2.2594,2.0101,2.6455,50.33,379.55,A
6342,2.0622,1.6639,0.1759,-0.4523,1.7515,1.007,43.54,314.03,D
6343,-3.7387,-2.7549,4.0454,4.0151,-0.1047,1.589,43.39,335.65,D
6344,0.0554,0.175,1.4247,2.0382,0.7356,2.4134,45.09,344.06,C
6345,-1.5075,-0.8812,-1.1516,0.2619,1.8579,1.8697,42.22,314.44,C
6346,9.7318,9.9255,1.1139,0.8823,2.31,1.4437,52.68,392.02,D
6347,10.8124,9.9584,0.3749,-0.6507,-1.597,-0.6375,49.1,381.13,A
6348,-0.6829,-0.2324,4.2217,4.3385,-1.0068,-1.0371,44.25,380.36,D
6349,5.7296,4.5914,0.2556,-1.5097,-1.0868,-0.5435,44.83,331.62,D
6350,2.5055,3.8705,-1.1318,-0.5705,1.7424,1.9292,48.54,313.52,A
6351,-4.6669,-6.0022,-0.2316,1.288,-0.7452,-1.894,36.29,290.47,C
6352,3.4437,2.1764,-0.8789,0.3161,1.9928,2.4379,47.91,336.38,C
6353,5.4032,5.9907,0.3873,0.5918,-0.7988,0.5377,49.72,357.52,D
6354,3.7499,3.2666,1.0733,-0.1596,-1.5493,-0.5699,46.81,333.36,B
6355,0.2481,0.1829,-0.6913,-0.8737,-0.2861,-0.0508,41.43,267.77,C
6356,10.1624,10.3275,1.502,1.9609,2.1442,0.7801,54.76,391.6,C
6357,1.2443,0.9638,2.7005,2.0683,1.5034,1.0105,48.95,356.26,A
6358,3.3562,3.9387,6.0364,5.8701,1.5368,0.0094,49.97,357.15,B
6359,-10.2078,-9.7378,-3.7901,-2.3644,-1.3658,-2.7639,26.64,234.53,B
6360,-5.0543,-6.1925,-1.6869,-1.087,1.4144,1.4436,35.2,277.0,A
6361,-3.4923,-4.3275,-1.7351,-1.7304,-0.2722,-0.01,34.69,269.49,C
6362,3.7977,2.6128,3.3548,3.0555,-1.2692,-0.6562,46.44,363.36,D
6363,3.4986,4.018,-2.5766,-2.6569,-0.6983,-0.0108,40.14,314.74,D
6364,6.8042,7.5648,1.8948,1.399,0.215,-0.0379,52.79,368.52,B
6365,-7.1622,-7.2488,-1.7602,-1.53,-2.1176,-2.5733,32.1,259.58,A
6366,2.5279,1.2868,-1.9087,-1.3871,-0.4236,-1.1639,41.75,303.29,B
6367,0.4469,2.8075,2.1179,3.2309,0.8441,2.7006,49.79,368.34,B
6368,1.2447,0.8926,6.525,5.3322,-1.4406,-0.2857,48.7,393.64,A
6369,4.6139,4.6926,1.7719,1.7583,-0.2852,0.0271,46.52,350.54,A
6370,4.8605,5.6231,1.7545,-1.4848,-2.1503,-0.541,44.99,352.01,D
6371,6.7106,5.9499,-0.6419,-2.3193,0.2169,0.6827,47.64,302.34,C
6372,5.7379,7.3156,-1.966,-2.6634,-0.7012,-1.6642,44.45,345.76,B
6373,-4.2276,-5.5979,4.5305,3.824,3.7745,4.5687,42.19,336.93,B
6374,0.8014,0.0722,0.8,-0.6094,-0.163,0.0468,41.76,306.38,B
6375,-1.3612,-1.3188,-2.1047,-1.568,1.6539,1.5757,37.87,261.14,D
6376,-1.2726,-1.43,-0.6208,-1.1864,0.4915,1.0588,39.82,304.05,A
6377,-10.2852,-10.3772,-3.7878,-2.9943,-0.9922,-0.9924,26.23,213.57,B
6378,-0.0922,0.9531,1.4237,1.505,0.8926,1.9747,45.53,297.24,C
6379,18.396,18.1565,2.7795,1.9281,0.372,2.2814,59.0,429.31,D
6380,-0.3929,0.6728,-4.3562,-4.9552,-2.5616,-2.9041,32.91,238.11,A
6381,-9.4739,-8.952,1.5057,1.1863,1.3593,1.4795,34.74,273.89,A
6382,-3.7931,-2.9518,-1.6333,-2.0453,-1.1668,-0.7306,39.98,262.88,A
6383,-8.8046,-9.4754,-4.5434,-3.8089,-2.1947,-1.7411,28.94,177.71,D
6384,8.8253,9.7365,0.9077,-0.4478,0.1399,0.6122,48.03,371.41,B
6385,-1.1106,0.0944,2.7167,3.1861,-1.5654,-1.384,42.22,314.16,D
6386,-3.0292,-2.1599,-0.8879,-0.0776,0.3229,0.0302,38.94,280.41,B
6387,-0.3993,-2.6396,-5.2269,-5.1817,1.1652,0.4011,35.0,229.98,A
6388,4.042,1.8019,3.901,3.213,0.6104,1.2664,51.05,372.61,C
6389,-0.906,0.4466,3.7544,3.354,2.1057,3.2075,44.27,363.4,A
6390,5.7347,4.4955,-1.7157,-2.7502,-2.044,-2.227,42.53,299.29,B
6391,-5.2319,-5.6708,-0.2934,-0.3219,-2.0034,-2.6021,35.37,278.98,B
6392,2.2473,1.9138,-1.6769,-1.0422,2.6811,2.4279,47.2,343.04,C
6393,3.589,3.9854,1.1196,-1.0724,2.7769,2.8427,49.41,354.23,B
6394,-1.1756,-1.3056,-3.8314,-3.3548,2.0746,0.3781,39.27,260.0,B
6395,-1.4346,-1.7739,0.5706,0.7736,1.9461,0.7626,42.83,292.66,C
6396,-11.3996,-11.5194,-0.7175,0.572,-0.8179,-1.7263,27.69,223.06,A
6397,2.4566,1.4978,1.31,1.3097,0.5138,0.9643,45.75,328.06,C
6398,-2.5529,-3.0905,-5.3491,-5.0893,-0.7458,-0.3574,35.1,259.01,A
6399,3.7885,4.1765,0.4438,-0.69,-1.478,-1.5732,40.66,309.12,D
6400,0.3325,-1.2059,-3.7557,-3.9151,-1.3818,-1.4329,35.44,271.82,D
6401,0.0896,-0.2937,0.0362,0.8842,0.1142,-0.1613,42.05,325.05,C
6402,-2.9901,-2.0659,-4.305,-4.6691,0.3553,0.6777,36.42,231.36,B
6403,-2.235,-1.4357,2.2038,2.4074,2.4161,1.5397,41.79,347.42,B
6404,-3.9058,-3.3344,-1.6143,-1.5186,-0.0245,-1.1525,36.77,278.02,B
6405,0.5794,0.8911,1.4775,0.1202,0.3772,0.3056,44.11,329.33,B
6406,-0.5935,-1.1418,-1.7869,-0.9418,0.0522,-0.4574,38.84,271.26,A
6407,3.59,2.5148,1.5892,1.0111,-0.8199,-0.3226,50.42,346.99,C
6408,1.5592,1.3054,0.0938,0.2948,0.8746,1.1835,43.27,311.46,C
6409,1.1287,1.9847,4.8812,4.6262,0.329,2.6779,47.42,361.73,D
6410,-1.0822,-1.6426,-4.3469,-4.6459,-0.9575,-2.6524,36.39,233.99,C
6411,-6.1379,-5.9938,-0.4686,-0.2614,-1.7718,-0.7944,37.63,270.36,C
6412,9.4478,7.9773,4.0066,4.3032,1.9688,1.2462,56.7,413.01,C
6413,-8.944,-9.4171,-1.647,-0.6293,0.9211,-0.5998,29.79,261.46,A
6414,7.8608,9.0398,2.3962,2.5705,-1.7729,-0.5837,52.43,359.19,C
6415,-0.2922,-0.1162,-1.4721,-1.7379,-0.0059,0.6648,40.35,264.41,A
6416,2.3354,2.247,4.8166,4.8604,2.5137,0.8097,49.08,373.99,B
6417,1.8711,2.3583,-1.6627,-2.8592,0.2257,-0.0201,40.73,299.14,C
6418,3.3468,3.8465,1.0205,0.2401,-3.019,-1.7102,42.69,324.86,B
6419,-4.9228,-3.2474,-0.7802,-1.1021,-1.815,-1.8891,35.37,272.35,A
6420,-5.5463,-6.3577,3.4608,3.7553,1.1073,2.3197,43.13,297.76,D
6421,1.7163,0.7884,3.3786,3.8208,-2.3838,-1.4436,44.01,347.29,B
6422,2.1872,1.6568,0.2231,-0.8678,1.3261,-0.1572,43.6,292.34,C
6423,-0.1571,-0.0006,-2.414,-2.5632,-0.7809,-0.8242,37.44,253.75,A
6424,3.3366,2.0156,-1.3165,-0.3111,-1.6535,-1.2447,41.87,302.02,D
6425,7.0936,7.7989,3.2609,3.1731,0.4231,1.1126,50.85,384.44,D
6426,-3.5772,-4.7662,2.5434,2.957,1.379,1.7756,38.94,296.74,D
6427,3.7065,4.5673,-0.5627,-0.3014,2.5841,3.0476,48.68,343.62,D
6428,-1.3801,-2.2751,-2.8355,-3.429,-1.8247,-0.3551,34.21,282.28,B
6429,0.8558,0.3241,2.6923,2.9159,3.7578,2.2252,48.69,368.48,A
6430,-5.0276,-4.629,-3.6936,-3.0934,-1.188,-0.1369,33.31,273.7,D
6431,3.152,3.4924,-1.2391,-1.2531,-2.0298,-1.6966,40.81,291.24,A
6432,6.2336,4.3514,0.4745,0.2187,-1.0748,-1.6692,43.94,328.13,A
6433,1.7337,0.9516,2.5696,1.8089,-1.1847,-1.0421,45.83,328.66,A
6434,-0.1516,-0.538,1.4494,1.1253,1.1957,-0.2753,40.52,336.81,D
6435,-5.1822,-5.308,-0.9047,-1.5642,-0.5118,-1.0628,37.63,284.49,A
6436,2.5633,1.9027,-2.0012,-0.4806,-2.2814,-1.2949,45.97,323.85,D
6437,11.0161,11.5924,0.5721,0.326,1.1521,2.0814,55.45,391.0,A
6438,5.8262,6.1585,4.5714,4.5616,1.8695,1.3725,55.24,393.35,C
6439,-11.1525,-11.2951,-4.8874,-2.9486,-0.6221,-1.5863,29.32,192.32,D
6440,6.3671,6.6204,3.964,3.4172,-0.2641,1.0053,52.35,376.03,A
6441,-3.4689,-5.3282,-0.891,-0.4838,2.4608,1.855,37.21,268.3,B
6442,2.4645,1.0898,-3.6974,-3.6647,-0.6894,-1.7004,37.14,279.56,A
6443,-4.443,-3.5182,4.8503,4.6271,3.122,3.029,44.26,331.78,A
6444,2.4245,0.5353,-5.3987,-6.9113,-0.4128,-1.4651,39.34,277.2,B
6445,0.2697,1.2842,1.3445,1.8907,0.8689,-0.4463,44.66,344.63,D
6446,-1.253,-1.3875,0.8495,1.9718,-1.0434,-0.1481,38.86,322.27,A
6447,0.4502,-0.356,-2.132,-1.7503,-0.2268,0.425,38.54,275.12,A
6448,3.2311,4.2208,-0.5314,-0.2976,0.0779,-0.6506,44.44,317.3,D
6449,-5.7726,-5.7038,-3.8396,-2.7222,-1.3643,-3.1424,31.8,246.08,C
6450,4.7378,3.9548,0.5375,0.193,-0.4485,0.1461,45.49,336.06,C
6451,8.0376,7.9756,3.3694,2.7214,0.4588,0.073,54.56,400.85,C
6452,-2.6091,-0.6119,2.3072,1.6227,0.6242,0.2123,43.39,324.85,A
6453,-6.155,-5.7026,-2.7752,-2.5301,-1.7937,-1.9325,34.55,224.22,C
6454,-1.9585,-2.2401,0.2896,-1.5145,2.4692,1.7399,39.76,310.52,B
6455,3.302,4.6476,1.2989,0.2534,-0.0161,1.354,41.64,312.99,A
6456,1.6994,-0.1671,-0.2253,1.24,0.3793,0.0899,41.72,345.28,A
6457,4.2854,4.2288,1.1528,-0.9456,0.1371,-1.2554,42.92,318.04,D
6458,0.1495,-0.1733,-0.9887,0.3541,3.6693,3.3703,44.15,318.02,D
6459,8.245,7.7434,-0.6203,-2.0372,-1.0873,-1.3329,44.64,342.43,B
6460,6.7432,7.2019,-2.4079,-4.0521,1.5655,0.0874,43.68,339.78,D
6461,-2.1727,-3.5001,-1.9205,-1.0508,-0.5221,-1.5979,38.99,268.23,D
6462,-11.6179,-11.1942,-6.3822,-6.8598,-4.4185,-5.1967,21.32,109.6,A
6463,3.2639,3.8476,4.1089,4.1037,2.4189,4.0563,55.31,365.78,D
6464,-7.7733,-7.4897,-3.4645,-3.8199,-3.7342,-3.8233,28.61,199.58,C
6465,3.328,1.6659,-0.8957,-0.5049,-0.687,-0.5587,44.02,328.52,C
6466,4.5493,4.3651,1.2045,1.7858,1.0241,1.8558,48.98,348.9,A
6467,10.9998,11.3168,6.478,5.6424,0.744,0.3775,56.29,448.36,A
6468,-1.854,-0.2438,0.5965,0.1952,-2.2793,-1.7764,40.25,301.38,C
6469,3.7395,3.8426,0.1389,-2.1484,0.8272,0.3278,46.07,342.58,A
6470,-0.93,-0.8477,0.5514,-0.2363,-1.0413,0.0495,43.53,301.26,C
6471,0.8961,2.2778,6.2555,6.6776,2.9547,3.5023,51.52,420.36,D
6472,0.3521,0.8814,-0.6275,0.3395,-2.9443,-1.4847,39.96,318.96,D
6473,12.897,11.0084,7.7283,5.6549,3.3424,3.4091,66.02,477.24,C
6474,-2.0353,-1.7705,1.0154,0.8163,1.5541,0.177,40.04,290.59,D
6475,0.3708,-1.3987,3.6113,3.2686,0.3332,0.5887,43.07,340.88,B
6476,6.7049,5.8463,-0.056,0.4769,1.0821,1.2287,49.03,365.85,D
6477,4.1299,4.1841,3.7086,4.3388,-1.041,-0.4497,49.05,364.77,D
6478,-6.7545,-6.0923,-1.5679,-2.9887,-0.2268,0.4425,34.34,242.36,B
6479,-0.0435,0.5577,3.7797,5.797,0.5337,0.8639,43.0,379.97,D
6480,1.6512,1.5909,-1.3884,-1.0158,-0.9197,-0.1428,42.35,308.26,D
6481,0.5103,-0.4658,0.6924,0.7923,0.1979,0.3207,40.21,332.34,B
6482,-8.5535,-9.2425,-5.4859,-3.8141,1.2099,-1.3457,28.23,206.74,A
6483,-4.6819,-4.9991,-4.8265,-5.0369,-0.0778,-1.8491,31.97,225.77,B
6484,-0.0442,-0.0201,1.361,2.0039,1.7405,1.2857,46.47,328.93,D
6485,-2.5915,-2.3163,-4.4707,-2.6796,0.531,-0.1702,36.01,273.08,B
6486,6.6891,6.1883,3.7099,2.9334,0.0743,0.9599,51.05,388.48,D
6487,8.7525,8.3829,4.8777,4.5442,1.1721,2.9684,54.39,411.72,B
6488,0.1265,-0.1663,0.4641,-0.498,-1.5184,0.2418,42.2,318.5,C
6489,4.9839,5.5176,-0.3748,-0.6234,0.6555,-0.385,44.71,357.23,C
6490,-13.7396,-13.3544,-1.2704,-0.6296,3.6371,1.8964,32.73,222.18,A
6491,1.5541,0.3184,3.712,2.4868,0.6413,0.9582,46.92,349.11,A
6492,-3.6035,-1.7183,1.0146,0.3433,-1.3127,-1.4544,43.32,311.64,C
6493,1.9003,3.5768,4.3264,5.2736,2.7201,2.6501,53.34,390.85,A
6494,-8.4329,-7.9035,-3.0243,-3.0587,0.5189,-1.4647,30.16,220.38,A
6495,5.2354,5.1428,2.8765,2.1722,3.6265,2.8122,46.88,344.91,C
6496,-4.0245,-3.4019,1.8599,1.5894,-1.1315,-1.6987,37.69,293.18,C
6497,-3.4907,-4.806,-0.6369,-1.3992,0.3985,0.1227,38.42,295.49,A
6498,-2.5942,-0.5615,-2.7603,-3.0807,-2.721,-2.2676,33.39,202.58,D
6499,-3.7242,-3.2013,-2.3678,-1.8198,-0.2193,-0.8888,37.36,291.43,D
6500,-3.4198,-3.8204,-0.5868,-0.187,1.0789,1.7521,36.53,288.35,C
6501,4.1006,3.5509,-3.7022,-2.657,1.728,0.8568,42.76,319.08,B
6502,-1.984,-1.073,-3.6856,-2.858,-0.6187,-1.8409,33.4,234.42,C
6503,-4.7602,-4.7658,-1.1885,-1.5146,-1.7486,-1.8044,37.88,256.47,C
6504,-9.1411,-9.3346,-1.4557,0.8541,-0.2394,-0.0181,33.19,242.32,C
6505,6.674,7.0323,1.2339,0.187,-0.3826,-0.2374,47.96,326.12,C
6506,2.8574,2.1092,-0.6729,-1.1767,0.6029,-0.7232,42.14,338.22,B
6507,12.3707,11.7651,-1.0741,-1.7644,-5.3422,-3.7336,49.09,351.42,A
6508,13.9233,13.8814,-0.189,-1.3679,-2.1019,0.3725,51.5,383.12,D
6509,-0.5437,0.1385,0.8563,1.4611,-0.089,0.6332,42.26,331.54,A
6510,0.3069,0.8599,1.0309,0.5337,0.239,1.4671,44.79,327.02,D
6511,3.9813,3.0367,5.5452,4.6398,-0.9723,0.096,47.23,388.45,C
6512,-5.651,-4.6152,2.6185,2.8146,2.4507,1.6993,37.03,330.71,C
6513,-4.927,-5.2224,0.5129,-0.2467,0.2016,-0.2296,36.53,286.0,D
6514,1.903,1.9255,-2.6059,-2.3398,0.9499,0.9648,42.5,299.72,A
6515,1.5909,0.6602,1.0874,1.4344,0.6688,0.9151,45.99,347.2,B
6516,4.156,3.691,2.5594,1.6635,0.0202,0.7894,44.25,341.55,A
6517,-2.7616,-1.4421,1.3779,1.4748,0.3426,0.5359,44.54,289.06,D
6518,6.788,5.9583,0.9168,1.8981,1.1754,1.3339,49.74,373.64,A
6519,-4.2378,-4.108,-2.0632,-1.6301,-0.397,-1.663,35.95,250.26,D
6520,3.8866,4.1221,-1.5391,-2.5426,-1.717,0.044,44.04,304.62,B
6521,-2.3819,-2.332,-2.859,-1.9831,-0.3975,0.2386,39.51,276.2,B
6522,-0.1061,0.3168,1.0326,-0.7927,-0.2303,-0.1008,39.92,319.58,C
6523,-7.576,-7.791,6.1513,6.7041,3.9268,3.8366,45.44,359.0,A
6524,3.7626,4.0081,0.4713,0.98,0.612,-0.155,48.89,358.21,D
6525,-5.7859,-6.0931,-0.5423,-1.0187,0.6967,-0.3476,37.63,287.35,A
6526,-3.4948,-3.55,-3.7115,-2.2053,0.7241,0.0566,36.79,250.96,A
6527,-2.5343,-3.2479,0.4482,0.9039,3.7865,2.6557,41.95,322.41,A
6528,10.7195,10.2892,4.8215,4.2131,-0.5556,1.9762,53.2,421.6,C
6529,-0.6141,0.9101,0.4273,0.6863,-0.9306,-1.3745,40.81,343.9,D
6530,0.8314,0.2374,1.3277,0.9258,-1.8769,-0.3196,42.2,320.36,D
6531,9.4091,9.9242,5.8026,5.1756,3.4144,4.6019,60.39,407.74,C
6532,0.5885,-0.9809,-2.5396,-1.0666,0.6642,-0.1591,39.64,258.8,A
6533,5.0448,5.5528,-1.2033,-1.7794,2.2066,1.9354,44.6,326.15,B
6534,0.2571,-0.5454,0.6925,1.8341,-0.027,-0.5261,45.1,331.68,C
6535,-0.8732,0.8606,1.8165,2.0453,1.0079,-0.2032,40.62,316.21,C
6536,0.0928,1.177,-2.2373,-2.7603,0.0373,0.2799,39.42,294.04,C
6537,-7.2051,-7.5294,-2.7498,-4.1161,-1.0806,-1.6605,29.47,212.08,D
6538,1.359,2.2059,4.7975,4.2945,2.6741,3.7773,49.71,364.2,A
6539,6.9059,6.2676,1.6816,1.4748,1.3873,1.7773,50.97,353.08,C
6540,0.3078,0.2293,-1.659,-0.7735,-1.2681,-0.1995,40.28,282.04,A
6541,-4.4359,-3.6256,-2.0106,0.0102,0.1858,-1.484,35.76,310.59,A
6542,-2.5533,-3.4572,-1.9931,-3.0014,-0.3573,-0.4967,37.24,255.45,D
6543,-1.6419,-0.6047,2.1841,3.4028,2.3217,2.7721,42.71,332.5,D
6544,-2.7665,-2.599,1.8224,3.2362,1.7767,1.7513,40.59,294.39,D
6545,2.8589,2.5864,1.705,1.4345,1.4281,1.4615,51.45,339.57,C
6546,-4.1591,-3.6296,-0.2376,0.8774,1.4382,0.0555,38.48,277.37,D
6547,1.4367,1.6966,0.3226,0.6093,0.1519,-0.1484,46.93,332.99,D
6548,-0.2882,1.8164,3.8403,5.3726,-0.8534,-0.531,49.63,367.14,B
6549,1.1609,1.2253,-1.3589,-0.8585,0.1129,-0.6652,43.91,317.3,B
6550,2.3681,3.1068,2.0708,1.9061,2.2122,1.7086,46.28,361.29,B
6551,-6.784,-6.4616,-2.7095,-2.8998,-1.1406,-2.8854,29.95,248.33,A
6552,5.6489,5.2968,2.7635,1.6416,2.4369,2.6165,49.79,375.22,A
6553,-6.9535,-6.5734,-1.0752,0.4704,0.9649,0.6504,35.49,282.0,C
6554,3.2861,3.3688,2.0161,2.0133,1.0396,-0.0504,45.81,350.27,B
6555,-5.4906,-4.8378,-3.3693,-2.7741,-3.2337,-4.4351,26.69,218.12,A
6556,-2.3802,-1.0209,2.6404,2.7635,1.8565,1.7447,45.58,358.57,D
6557,6.0393,5.9692,1.092,0.4778,-1.4237,-1.5505,47.77,331.97,D
6558,6.2099,5.3575,1.6632,1.9277,-0.3361,-0.3706,50.1,363.76,A
6559,7.5368,6.3476,0.2202,-0.7565,-0.0026,0.3458,45.53,361.39,D
6560,-4.2276,-2.728,-3.0738,-1.738,0.5196,0.4062,36.88,267.0,C
6561,6.1037,5.3379,3.4788,2.5902,3.6191,2.9584,51.72,379.26,C
6562,-9.0455,-8.4393,-4.2441,-4.4322,-2.6892,-2.2347,27.87,217.46,D
6563,-8.9308,-7.5033,-1.122,-0.6207,-0.9024,-0.7598,31.4,247.0,C
6564,10.0013,11.1953,1.4959,-0.0381,-0.6774,-1.6627,50.38,364.3,D
6565,-4.0192,-3.9049,-5.2161,-4.6065,-1.428,-2.4443,35.9,229.04,C
6566,-4.3366,-3.4592,-4.8859,-4.5376,-1.3444,-3.315,30.16,226.87,A
6567,5.2398,4.5054,0.4165,0.6761,2.0497,2.186,47.1,351.82,A
6568,0.0036,-0.068,-2.7423,-2.3069,1.6042,0.4867,41.23,288.5,D
6569,-0.6594,-1.556,-1.433,-1.5043,1.5289,1.9946,41.07,298.64,C
6570,-9.5967,-10.2379,-2.2808,-1.2311,-1.0643,-1.272,30.66,220.25,B
6571,-0.0624,1.1059,5.2302,6.4674,3.3664,1.8246,49.09,419.77,A
6572,-0.7991,-2.131,-5.0841,-4.3557,0.88,-0.2491,36.65,225.89,B
6573,6.53,6.6298,-0.7423,1.0692,-1.9128,-1.9228,50.48,349.87,B
6574,-3.1954,-3.0575,-1.0802,-0.2329,0.6233,-0.4736,39.42,295.89,C
6575,-0.1844,-0.3398,-2.6209,-2.5655,-0.5325,0.3423,38.45,254.99,A
6576,1.3367,2.1718,-1.6821,-1.1969,-0.4654,-0.794,42.79,302.28,D
6577,-17.8977,-16.7432,-7.8718,-7.315,-1.2865,-2.4177,17.53,147.71,B
6578,8.3583,8.668,5.1778,3.5428,1.5877,1.634,55.86,408.74,D
6579,-2.2209,-3.7612,0.0037,-1.2034,-0.7411,-0.4825,38.09,294.51,C
6580,-2.1973,-2.7319,3.5659,3.208,4.5888,3.6611,48.24,353.73,D
6581,8.6491,7.9652,-1.1928,-0.7372,1.2091,0.9255,49.63,340.06,C
6582,4.5689,4.9687,0.1074,-1.256,1.8849,1.1113,46.22,346.05,D
6583,-1.4518,-1.1107,5.0245,4.9643,2.1142,2.5822,47.13,365.25,B
6584,8.323,8.7655,0.9934,2.1967,-0.1729,1.6694,52.11,402.34,A
6585,-3.174,-2.575,-7.2462,-6.4436,-1.4611,-0.0107,34.0,251.83,A
6586,0.4098,0.9169,0.1409,0.9982,-1.7023,-0.4638,40.98,323.39,B
6587,-11.9044,-10.1071,-2.9312,-2.1346,-2.9776,-3.9434,22.5,178.01,D
6588,-11.5774,-11.1921,-3.0961,-3.1521,-0.5868,-1.8499,25.42,202.31,D
6589,-7.7018,-7.6064,-0.5245,-0.49,-1.3542,-1.6213,32.19,255.71,B
6590,-5.3448,-5.4507,-5.9408,-3.9555,-1.2279,-2.2124,28.01,212.33,D
6591,2.45,2.4054,4.4371,3.9476,0.5376,1.0548,48.95,365.65,C
6592,-2.3147,-2.8679,0.669,1.142,-1.2685,-1.7535,39.68,312.42,A
6593,11.5442,10.9567,-0.8913,-1.1275,1.0235,1.4064,51.1,391.77,B
6594,6.4898,6.9824,4.2696,3.7896,2.148,1.1868,52.86,394.43,B
6595,3.5617,3.4155,-2.5274,-2.275,-0.9261,0.65,40.12,323.62,A
6596,-4.2652,-2.6224,-5.085,-5.1021,-1.9152,-0.5023,32.45,240.92,D
6597,-7.4198,-7.4988,-2.6172,-2.7895,1.1799,1.4215,32.1,249.53,C
6598,7.13,6.244,4.3638,4.3117,1.1563,3.0021,52.08,382.92,D
6599,-5.7758,-5.3832,0.3339,1.0385,-0.5465,-1.1287,36.3,276.42,C
6600,0.1803,-0.9876,0.487,1.23,0.1109,-1.123,45.29,307.31,D
6601,-0.2751,0.6148,-2.1866,-2.6821,1.3724,0.2124,38.91,277.44,A
6602,5.4994,4.6293,0.1158,0.4196,3.4191,3.6795,50.18,346.74,A
6603,-6.1557,-6.0591,0.688,-0.2232,0.1819,-0.2949,38.02,299.96,A
6604,7.416,5.5882,0.532,-0.1694,-1.4624,-0.2195,49.13,366.84,C
6605,-2.259,-0.4718,0.9047,0.6401,-3.3599,-2.4618,33.81,263.31,D
6606,3.5889,3.8299,0.8906,1.0485,-2.0213,-0.8609,46.0,311.8,A
6607,-2.3031,-2.7172,-2.688,-3.2364,-2.193,-2.0287,34.87,260.39,D
6608,-7.6393,-7.5688,-3.3019,-4.0222,-2.2398,-2.3172,30.01,222.04,B
6609,1.9677,1.8617,-5.2302,-5.9458,-1.2288,-1.5711,37.09,285.0,C
6610,6.8076,8.4717,6.2683,4.1053,2.1312,2.532,52.27,420.8,D
6611,3.7007,1.7222,-1.878,-1.2792,-0.2663,0.9658,43.99,286.19,D
6612,-2.6917,-2.9458,5.3056,3.9568,1.6893,2.3309,45.08,331.22,C
6613,10.8987,9.8171,5.3186,4.0838,1.6117,2.7428,57.44,432.57,A
6614,-13.4092,-13.8322,-2.072,-2.3487,-2.8341,-3.3503,21.13,188.35,A
6615,2.0488,1.5572,-0.1306,-0.8686,-2.985,-2.1039,41.95,286.76,B
6616,-8.3118,-9.4821,-3.8794,-3.6736,-0.3812,-0.9402,31.49,215.3,A
6617,0.9633,0.5178,-0.5669,-1.0942,-1.0448,-1.7185,39.86,290.3,D
6618,3.2615,2.7394,-1.7894,-1.4406,-0.5308,-1.2999,39.45,304.7,B
6619,3.2478,3.3751,0.4302,1.6242,0.8302,1.1062,47.11,337.12,D
6620,0.7751,0.9958,1.6698,1.0072,1.3687,1.2078,45.55,348.81,D
6621,-3.4603,-2.8121,-1.2818,-0.8208,-1.4317,-2.0035,39.42,258.28,B
6622,-7.1104,-7.9799,-1.0083,-0.0003,-0.4349,-1.3112,35.46,251.7,B
6623,-5.6408,-5.7236,-4.7436,-4.0278,-0.515,-0.7547,28.67,230.8,A
6624,-8.9861,-6.8793,2.6222,3.8749,1.4046,1.6221,38.62,291.08,D
6625,7.3953,5.7945,0.2778,0.5759,1.7129,-0.7327,49.28,344.79,A
6626,1.7481,2.8988,1.6873,0.6476,-2.3258,-1.9676,42.31,339.81,B
6627,6.4404,6.3152,2.4441,1.267,0.2736,1.8385,52.14,367.03,A
6628,8.2838,7.5426,3.1175,3.4859,0.6733,-0.2117,53.35,373.3,A
6629,9.5128,7.7155,2.7388,1.1245,0.5706,-0.5376,48.61,378.22,D
6630,-10.4906,-9.9584,-3.2614,-2.0659,-0.0605,-0.9128,29.62,217.76,D
6631,2.9557,1.1927,-2.6789,-3.0006,-3.2277,-3.0912,37.54,279.25,B
6632,1.0352,0.8559,-3.3942,-3.713,-0.4044,0.926,37.97,275.67,C
6633,6.3028,5.9712,1.7671,2.0587,-1.672,-0.3816,48.98,378.88,A
6634,0.153,0.5392,-1.9833,-2.3083,0.7756,-0.6097,41.47,298.27,C
6635,4.3964,4.1978,-3.8007,-4.6757,0.3162,0.1176,41.19,306.61,D
6636,5.2758,4.839,0.9467,0.6299,0.3679,0.8207,47.01,383.77,C
6637,3.837,4.2222,-0.9681,-1.2961,-0.8493,-0.407,45.03,320.54,D
6638,-2.0857,-0.8518,-0.8828,0.1917,-2.1681,-1.4512,40.56,293.28,C
6639,-12.3225,-11.892,-2.4411,-0.9033,1.1868,0.4752,30.25,239.1,A
6640,1.79,1.4967,0.9874,0.5213,0.3951,0.9464,43.49,343.72,D
6641,-5.0983,-5.0358,-2.8892,-3.9067,-1.854,-2.9591,30.94,248.08,B
6642,2.5489,2.7926,-1.9319,-0.6039,-0.2385,-0.4312,38.73,300.3,B
6643,4.8922,4.4616,-0.943,-0.9498,2.4975,2.8845,47.76,355.03,C
6644,1.0973,1.8692,2.1977,1.7197,0.2397,0.6811,40.75,345.59,A
6645,-0.5622,-0.7009,0.3668,0.6036,-0.8109,-0.1669,44.01,299.52,A
6646,-14.0955,-16.1347,-9.1438,-7.6668,-2.1431,-3.9254,16.35,121.98,D
6647,0.085,-0.6726,1.8732,1.3447,0.4736,-1.059,44.14,331.23,D
6648,5.7348,7.8208,0.6415,1.1277,-1.2725,-0.1474,47.6,365.56,B
6649,7.2152,6.1298,2.1277,2.7666,-1.4853,-0.6529,49.99,354.92,C
6650,2.5021,1.7157,0.1167,0.2665,0.9861,0.1204,41.14,341.79,B
6651,2.5114,2.8606,1.9874,1.688,0.6117,0.6923,49.98,363.99,C
6652,4.6635,4.659,2.4589,2.371,3.6689,2.3761,51.55,399.53,D
6653,4.7288,5.6986,0.9824,1.8665,1.169,0.3611,47.88,333.82,C
6654,6.5471,6.4447,2.8588,1.7221,1.0633,2.2366,50.94,356.29,C
6655,6.4039,6.8664,3.9952,4.393,2.5132,1.1815,49.69,360.8,D
6656,-3.8462,-6.3104,-1.8514,-2.4884,-0.8298,-0.5042,34.97,233.23,B
6657,7.1414,5.876,0.4357,-1.4729,1.9881,2.4007,47.68,311.14,B
6658,-2.828,-1.6924,-1.32,0.0448,2.8867,1.5529,36.7,285.99,B
6659,-10.3312,-8.2657,-3.8694,-3.4329,0.3003,-0.4103,31.91,242.05,C
6660,3.7516,5.137,3.7299,1.9222,0.8224,-0.1423,50.33,360.59,B
6661,1.579,0.5885,-2.9523,-1.7309,0.6557,0.4885,42.28,307.94,C
6662,-6.8253,-4.8557,-4.447,-2.8032,0.9161,0.1176,34.96,254.95,A
6663,-6.8759,-6.757,-0.0937,0.0157,-0.8391,-1.1633,31.13,276.4,A
6664,9.784,9.8937,5.031,4.0619,-2.216,-0.1545,54.73,403.16,D
6665,11.6762,11.0399,2.4272,1.6053,0.0493,1.8566,50.66,383.78,C
6666,0.8226,0.5629,1.7046,0.8552,2.4149,1.2608,44.14,322.66,B
6667,-0.4639,-0.9882,1.453,1.4951,0.7602,0.563,40.99,310.9,B
6668,7.6237,6.6103,3.6287,1.8617,-0.1104,-0.0384,53.63,385.1,C
6669,8.0788,7.5827,6.112,2.8823,-0.3794,0.1761,54.14,410.71,B
6670,1.3346,1.2227,0.2034,0.8063,-1.651,-0.0385,42.54,317.56,C
6671,-2.2298,-0.7431,-1.2796,-2.6012,-2.168,-4.0865,33.22,259.26,A
6672,-4.043,-5.0628,0.4512,-1.5357,-3.4074,-3.1187,35.12,260.1,A
6673,8.8328,7.822,0.0069,-2.0416,-0.7786,-0.3636,48.39,344.03,B
6674,1.6598,0.749,3.4905,1.9017,-0.703,0.8329,43.92,332.4,A
6675,5.4768,5.9241,3.1887,1.6008,2.0236,1.6255,53.82,357.56,D
6676,-4.2423,-4.2694,1.4688,0.9113,-2.4327,-2.8513,38.15,273.93,C
6677,1.0177,0.4454,-0.0649,0.5018,-0.2279,0.768,41.56,319.1,B
6678,2.3397,2.9458,3.1595,2.3658,-0.9796,1.7392,50.66,333.9,B
6679,1.1847,0.821,2.2769,1.9679,-0.1945,-0.3029,43.91,352.39,A
6680,-2.6773,-3.9398,-3.0628,-0.784,-0.6684,-0.9272,37.54,238.9,D
6681,0.14,-0.316,4.9458,4.8039,-1.055,0.2105,44.64,350.41,A
6682,1.7274,3.3635,-1.7881,-1.3849,0.0446,0.6977,43.17,329.04,B
6683,-8.075,-6.3312,-0.0075,0.6655,-0.263,-0.6194,38.22,271.35,A
6684,-7.5968,-5.9973,-4.0963,-4.406,1.0497,-0.9337,32.38,234.43,C
6685,-2.1492,-2.0037,-1.1303,-0.3284,-0.6976,-0.2112,40.21,281.98,D
6686,4.0978,3.6305,2.3274,-0.3071,1.5188,2.237,47.11,340.19,B
6687,-0.0042,-0.6187,3.9955,2.4066,2.0107,1.3594,42.48,334.42,C
6688,4.7599,3.7731,0.1708,0.2077,2.2729,2.7015,46.78,341.07,A
6689,-1.0513,-1.4528,-2.9018,-3.1,-1.7416,-2.1597,37.54,259.52,D
6690,-1.0433,-0.1695,2.0508,1.7934,0.0854,1.0934,48.27,337.78,C
6691,1.2367,1.6765,2.0778,1.3823,1.5106,2.5432,48.61,350.27,B
6692,1.7058,0.5312,-1.106,-0.7537,2.3272,2.0955,42.96,303.2,D
6693,-7.7316,-7.9094,-1.8472,-0.0232,1.1394,-0.4392,34.24,257.56,B
6694,2.2167,2.3406,2.1759,1.518,0.8923,0.9712,48.25,352.28,C
6695,-10.0888,-8.4605,-0.695,-0.6098,-1.2293,-1.059,30.82,215.08,A
6696,-0.999,-2.1051,-5.1382,-5.4252,-0.0146,-0.3577,35.44,255.72,A
6697,-6.7547,-6.2106,0.0519,1.531,0.381,0.6891,34.28,299.06,B
6698,3.1226,3.06,4.875,4.5103,1.1678,0.5879,50.0,399.39,D
6699,3.8727,3.7199,-1.1379,0.006,0.4346,0.3213,45.1,343.82,D
6700,4.2066,2.9333,1.3731,1.8069,-1.1759,-2.1165,44.18,336.08,B
6701,-5.6446,-5.6434,2.364,3.238,3.836,2.2704,39.74,308.82,B
6702,-12.183,-11.4267,-3.6312,-2.8834,-1.6339,-0.6422,30.67,209.29,A
6703,4.3553,4.6178,4.7022,4.2556,-0.9427,-0.8227,49.8,388.9,D
6704,-2.2046,-1.753,3.1888,4.5781,0.9253,1.1696,44.27,334.17,C
6705,-5.8683,-5.0197,-3.4676,-4.0522,-3.9095,-4.6294,30.89,217.02,B
6706,-6.4213,-7.1441,-1.1256,-1.6213,-1.495,-0.9722,30.68,242.28,D
6707,-4.5863,-4.1814,-4.8803,-4.4999,-0.4799,-1.2519,32.13,230.59,D
6708,3.9213,3.9449,6.6991,6.9908,1.9728,0.5769,53.73,402.58,B
6709,2.0977,0.3553,-1.192,-1.9492,-0.376,-0.4112,41.01,283.57,D
6710,-0.7438,0.052,0.7696,0.797,0.153,0.2334,43.84,318.86,C
6711,-5.1159,-3.9306,1.6565,0.4748,-0.1583,-0.3708,36.71,295.76,D
6712,-5.8109,-4.3007,-0.7812,0.0554,2.0907,1.3015,36.2,277.26,B
6713,11.4184,8.6731,-2.8542,-2.3587,1.9782,2.9627,50.38,342.56,D
6714,2.9248,5.2898,-4.3587,-4.8769,-2.8491,-2.5862,40.81,265.0,B
6715,-4.9702,-5.1626,-2.2153,-2.2002,-1.2905,-2.1613,35.34,255.58,D
6716,10.0176,9.0502,2.145,0.1097,0.6278,0.1544,55.06,379.28,B
6717,-4.2449,-3.1046,-3.7768,-4.8474,-2.3105,-3.8595,29.69,235.55,C
6718,-4.6729,-3.8857,-0.3399,0.9813,0.3759,-0.3886,37.59,311.02,A
6719,-5.4181,-6.6623,-2.4464,-2.4991,1.2279,0.7012,34.3,237.75,A
6720,10.0969,9.8294,0.7753,1.2832,-0.8905,0.0913,51.58,344.56,D
6721,-6.0558,-6.3114,-3.6873,-3.1193,-1.3654,-2.5736,31.13,232.75,D
6722,-2.9475,-4.5163,-0.1737,-0.269,-0.2945,1.5762,39.49,278.98,C
6723,6.456,6.8115,4.9754,4.1457,-0.0921,0.5935,53.45,396.03,C
6724,7.8312,6.3055,0.5389,0.812,3.3588,2.9488,53.37,376.32,A
6725,-1.3687,-1.6113,-0.4894,-0.5347,-1.775,-1.8978,42.96,310.64,B
6726,8.0729,8.4478,1.6632,2.7994,1.6978,1.6773,52.1,380.55,A
6727,4.7312,4.5571,2.9221,1.5892,-0.4388,-0.2149,46.03,390.44,D
6728,4.4492,4.9513,0.934,-0.0437,-0.6204,0.15,47.36,336.97,C
6729,4.7039,4.7204,-1.2326,-0.8215,-0.8239,-0.5285,43.53,360.08,A
6730,6.1495,5.2941,3.0386,2.4217,1.422,2.0267,51.35,401.85,C
6731,1.3246,1.3112,-5.2429,-4.8097,-3.0248,-3.1553,34.19,241.72,D
6732,-0.8976,-1.5101,2.9369,2.7753,-0.9424,-0.3376,40.42,340.01,A
6733,-7.5061,-7.5746,-3.0597,-1.2318,-1.6215,-3.0643,29.32,225.17,D
6734,0.907,0.5764,-0.5445,-1.052,-1.0583,0.0276,40.55,313.31,B
6735,3.4736,3.7942,-0.2287,-0.8064,1.5609,1.0295,45.38,329.8,A
6736,-9.6269,-10.7683,-2.2252,-1.3766,-0.8273,-1.8517,28.86,210.79,A
6737,-1.8628,-2.021,-0.7011,-2.1783,-1.0571,-2.458,35.02,262.26,C
6738,3.0859,3.802,0.4623,-0.198,-0.0471,0.7922,44.94,348.89,A
6739,-2.6487,-3.0407,-4.0938,-2.6181,0.4939,-1.1933,35.67,281.88,B
6740,0.7731,0.2191,-1.3545,-1.4534,-1.2619,-1.0577,37.09,298.64,B
6741,-3.5083,-2.8963,-0.2094,-0.1907,1.9699,0.58,40.69,309.0,A
6742,5.6442,5.6921,6.6118,5.895,3.3593,4.7139,54.39,409.57,B
6743,0.8967,1.0215,-3.5845,-2.4811,-3.3345,-2.1047,37.76,246.69,A
6744,12.3779,11.0646,6.7994,6.984,2.6631,2.7708,59.49,436.57,D
6745,2.8518,2.9349,-5.5696,-4.6859,-1.0491,0.5568,38.25,316.29,D
6746,4.9896,5.0865,0.5238,-0.8125,0.2573,0.4748,44.88,355.04,A
6747,-0.1632,0.1259,-3.4934,-3.7687,-2.0476,-3.0915,36.26,252.66,A
6748,-0.4796,-1.7161,-1.4792,-1.8096,-1.0588,-0.4762,36.65,292.06,C
6749,2.7368,3.6923,1.9564,2.3988,0.8937,0.9569,45.12,361.44,B
6750,3.9823,2.6261,-3.7996,-3.9274,1.1397,-0.3012,41.91,303.11,D
6751,-0.609,-0.2571,0.4073,-0.2126,1.2444,0.4095,43.08,308.42,D
6752,-4.623,-5.3086,-0.345,0.2488,-0.3748,-0.1986,39.7,281.96,D
6753,2.6871,1.2066,1.1597,0.8244,-1.537,-0.415,45.69,315.12,B
6754,-1.3452,-1.392,-3.0431,-3.8649,2.3575,0.1102,36.27,278.43,C
6755,6.3809,5.5709,2.9477,1.2145,2.2617,1.3751,53.6,362.31,C
6756,6.3848,6.1169,-0.4184,-0.6254,-1.3888,-1.9982,45.76,314.14,C
6757,-3.7935,-4.0491,-4.2983,-2.9083,0.303,0.2764,37.38,251.89,B
6758,8.0504,9.2202,0.5051,0.0586,1.4693,2.2117,52.14,366.75,C
6759,11.6881,11.7051,4.5001,3.6492,1.6926,1.7697,57.03,441.54,D
6760,7.9862,8.1634,3.3319,3.1655,1.3803,1.5033,56.03,375.24,C
6761,7.2434,6.8673,0.957,0.0077,1.1451,1.1159,48.87,378.34,A
6762,-7.2814,-7.8686,0.4544,1.2003,-0.0323,-0.0062,37.16,285.92,C
6763,2.342,1.9412,1.1168,0.2938,0.4089,-0.5276,43.11,344.3,C
6764,-4.8991,-3.2764,0.8892,1.4861,-0.2543,0.125,38.93,283.92,D
6765,-0.0646,0.0344,2.426,3.0059,2.3353,1.1168,46.69,328.65,A
6766,4.8924,4.8571,0.1675,0.5302,0.2133,-0.8288,48.46,323.32,D
6767,0.1523,0.1513,1.7288,1.9885,-1.2358,0.0947,40.82,325.29,C
6768,2.8041,2.562,-0.4046,-0.2435,3.1061,3.0093,46.83,358.24,C
6769,-7.151,-7.2306,-1.1435,-1.7211,-0.1719,-0.8835,35.35,224.67,C
6770,6.8614,7.8911,2.2379,0.7834,0.3978,0.8614,53.35,354.09,B
6771,-5.0541,-6.0116,-2.4052,-0.8596,-0.0502,-0.6658,33.17,268.26,C
6772,-0.1964,0.5368,-4.7268,-4.8894,0.0128,-0.7667,36.73,265.34,D
6773,-2.8142,-2.7923,-2.0967,-1.8921,-2.1133,-2.4499,37.58,259.98,A
6774,-3.6228,-2.946,-0.0019,0.8206,-1.2422,-1.0619,41.45,289.37,D
6775,-5.1318,-6.4756,3.7555,3.7448,-1.9274,-1.2982,38.2,310.38,B
6776,9.6872,9.1929,4.0688,4.258,-1.2963,0.6391,54.79,427.02,A
6777,-2.0695,-2.3532,-0.7825,0.2816,2.7943,2.165,40.27,282.09,C
6778,5.7111,6.1982,2.9699,3.3852,1.5838,1.5396,50.7,372.48,A
6779,-8.8083,-7.4047,-3.4276,-3.6331,1.6514,0.283,32.06,226.73,D
6780,1.5892,0.1795,2.668,1.3442,0.3026,0.8928,45.87,333.48,D
6781,-8.3361,-10.052,-5.5523,-5.4599,-2.2263,-2.3161,26.05,170.46,D
6782,5.1968,3.7795,1.2555,0.6549,-1.5318,-1.6445,47.34,340.87,C
6783,-4.795,-3.8923,-0.3016,-0.4736,-1.516,-2.2853,38.05,268.88,D
6784,1.7954,1.6951,0.1599,0.7,-1.7065,-0.6868,43.95,314.54,B
6785,2.5611,3.6942,2.0366,2.1249,-1.5109,-0.7984,41.6,359.62,A
6786,-7.3009,-7.9267,0.8347,-0.5792,-3.1225,-2.4787,35.49,232.95,C
6787,0.943,1.577,3.1163,1.4543,1.9819,1.7627,49.39,343.19,D
6788,-9.965,-10.0519,1.6739,1.504,-2.512,-1.8181,36.04,266.85,C
6789,-0.9645,0.0882,-5.9763,-4.9655,-0.4639,-1.6748,37.66,230.11,A
6790,1.3289,2.6326,-4.2895,-4.8849,-3.7365,-3.0542,36.06,262.8,D
6791,-1.3727,-2.487,-1.2164,-2.1276,0.1369,0.7885,44.14,296.58,B
6792,-3.746,-4.1325,-5.8485,-5.1478,-1.9427,-3.2535,31.34,237.29,B
6793,2.7122,3.4121,1.3653,0.2249,-1.6326,-1.2727,39.64,312.21,B
6794,-9.8369,-9.8159,-3.16,-3.6721,-1.0936,-1.8895,27.88,175.7,C
6795,4.0494,4.1317,0.9905,0.5616,-0.4634,-0.8385,47.61,366.42,C
6796,2.6465,2.6078,1.5234,1.0307,0.3312,0.1082,48.14,346.02,D
6797,-15.2064,-14.3505,-6.1418,-4.197,2.0185,0.428,23.7,174.72,D
6798,-12.904,-14.0839,-10.2327,-9.2454,0.3258,-0.7572,19.6,144.19,A
6799,-2.5927,-3.7073,-0.7229,-0.2382,-0.0008,-0.4067,35.39,292.31,C
6800,-5.4308,-6.1969,-0.1889,0.3615,-0.7258,-1.1556,33.21,302.28,B
6801,-3.8866,-3.9363,-1.3275,-3.0392,-1.2684,-0.9965,35.41,260.74,C
6802,1.4721,2.1474,2.8094,1.797,1.1606,2.2844,46.38,352.44,B
6803,5.7697,5.4576,0.3758,-2.4153,-1.4093,-0.0242,45.61,335.74,A
6804,-0.242,0.5549,-1.9095,-2.2127,0.4103,0.4055,43.35,293.62,D
6805,-6.4335,-4.9216,-7.0899,-7.1927,-2.3092,-2.6982,31.1,202.0,B
6806,3.5327,4.1995,0.5261,0.8094,1.825,1.7903,48.7,308.21,D
6807,0.6136,0.563,0.2154,0.3116,0.5537,0.874,46.52,337.81,A
6808,-1.1554,-0.4895,0.1152,-0.0868,-2.3209,-2.5812,36.96,280.25,B
6809,-1.5322,-0.3231,1.5877,1.7534,-0.2872,-0.7561,40.85,299.6,A
6810,5.1428,6.4128,2.6533,2.4801,1.9169,2.1796,53.63,365.75,D
6811,-0.5182,-1.4444,-1.4543,-0.6879,0.0962,-1.2129,38.02,307.76,A
6812,2.3262,1.7062,1.8009,0.1591,-0.181,0.5802,43.29,313.44,B
6813,-11.9678,-12.2749,-1.8703,-0.7443,-3.5169,-3.6683,27.32,198.28,A
6814,-5.0801,-4.0788,-0.6094,-1.0844,1.1347,1.0712,37.85,273.69,B
6815,10.1172,10.5825,7.3643,6.6465,0.891,1.6126,59.0,468.28,B
6816,1.4946,2.1132,-1.1334,-1.5548,0.3548,0.1084,44.1,328.79,A
6817,-3.0916,-2.6215,-1.4195,-0.9273,1.1299,0.7898,37.54,289.57,C
6818,-0.3049,1.0759,0.9014,1.3845,0.6316,-0.04,44.12,336.34,D
6819,6.0225,5.9374,2.0516,1.8946,0.2096,0.3062,47.25,345.68,C
6820,-5.9852,-5.9559,0.7081,-0.6561,-2.8905,-1.9291,33.34,272.62,B
6821,-8.2468,-7.2827,2.8492,4.2852,-1.3152,-1.3677,36.02,292.94,C
6822,-0.2639,-0.6491,-1.885,-2.0596,-2.7935,-3.8373,39.58,266.1,B
6823,-4.134,-4.1598,0.4797,0.7725,0.8448,-0.8977,41.0,302.95,B
6824,-3.1745,-2.151,-1.698,-2.1643,-1.8289,-1.1866,36.36,220.05,D
6825,4.8484,2.8665,-0.2455,1.0615,-1.2133,-0.981,46.07,342.08,B
6826,4.7078,5.3666,2.2159,1.5364,0.3433,0.4329,46.43,343.56,B
6827,0.8471,1.2111,1.1559,1.5214,2.4674,2.8513,46.22,377.14,C
6828,2.6836,1.8194,-1.5705,-1.1985,0.6213,0.6288,43.41,321.0,C
6829,6.478,6.3847,3.4425,2.5203,1.4098,2.9145,49.25,383.32,A
6830,4.1706,5.8791,3.1376,2.544,1.409,0.7161,49.61,362.09,C
6831,7.4825,6.6775,1.7939,-0.4188,-0.5312,-1.4681,52.54,381.15,A
6832,4.8701,4.2692,-3.9194,-2.9434,-0.0315,0.0165,44.51,311.74,D
6833,1.7856,0.2999,-0.1744,-0.3019,-1.5483,-0.5451,42.85,320.26,B
6834,-2.0243,-0.9641,0.1436,-0.9724,0.8517,0.9263,44.85,289.08,D
6835,7.7916,8.0029,-1.0267,-1.4634,-0.8413,-0.7371,47.9,333.82,C
6836,1.7789,0.5105,-1.075,-0.5304,1.4172,2.2972,44.34,285.44,C
6837,7.3494,7.1918,1.7606,1.2868,-0.1354,-0.5138,50.63,356.47,A
6838,-10.9041,-9.2551,-4.3349,-3.7642,-1.1862,-1.9516,28.2,206.74,C
6839,2.7686,2.5073,1.2965,2.0502,-0.0109,0.6907,46.13,352.11,C
6840,-0.6536,0.459,-4.6449,-4.7121,-3.8959,-1.8245,32.19,238.68,A
6841,0.1962,-0.3114,0.458,-1.3272,-1.7097,-2.3592,40.32,302.48,D
6842,-1.8768,-1.0507,2.1714,1.653,-0.5635,-0.4851,46.37,329.32,B
6843,-1.5001,-1.4635,1.1495,0.0236,0.2376,0.4941,40.75,338.34,C
6844,-1.6079,-1.1535,-1.3722,-0.7747,1.9054,1.4871,40.71,287.98,D
6845,0.9903,0.8303,0.6069,0.9696,-0.8927,-1.0135,43.76,320.57,A
6846,-1.8488,-2.6144,0.7954,0.8987,0.7349,0.8219,41.13,308.58,D
6847,2.7722,3.5216,0.3569,1.0862,-0.7761,0.1404,46.33,315.27,D
6848,-2.3224,-1.6002,-3.9472,-4.0154,-1.3375,0.4006,35.42,243.33,B
6849,-5.3577,-6.1029,-5.6558,-3.695,-3.9874,-3.7395,32.44,194.55,B
6850,-9.187,-8.625,-6.2063,-5.2904,-0.3388,-0.2636,30.08,214.79,A
6851,0.277,1.2128,3.4184,3.6722,1.1917,1.0432,45.24,365.6,A
6852,-3.203,-3.186,0.0529,2.1698,2.6273,1.2545,39.97,303.58,B
6853,7.5753,8.1913,-0.5394,-1.716,-0.92,-0.9404,45.31,339.69,A
6854,5.6578,6.0194,1.4303,3.3044,2.2898,1.6417,48.38,362.07,D
6855,6.8281,6.3257,-2.0298,-2.3523,-0.3776,-0.1388,46.5,364.15,D
6856,2.049,2.1167,-5.5325,-3.2099,2.3815,0.8951,39.54,283.13,D
6857,1.1532,1.7537,0.4345,-0.3205,-0.2866,-1.5809,42.32,310.25,A
6858,-5.2443,-5.0848,-0.6211,-0.2104,-1.9317,-0.8353,39.62,269.89,D
6859,-3.1523,-2.1958,3.7166,3.514,1.3556,2.231,40.96,336.48,C
6860,-9.7066,-8.8031,-3.4767,-3.4532,0.4089,-0.4092,25.64,229.42,D
6861,-8.0059,-8.9662,-6.3406,-5.7775,0.5115,0.0917,28.98,228.48,A
6862,-0.4369,1.9769,2.0895,1.5002,0.2113,0.9222,44.43,316.31,B
6863,-2.2888,-2.755,-1.5506,-1.4316,-2.6023,-1.5846,34.86,259.4,B
6864,-0.5386,-0.9849,0.3392,-0.7337,0.2691,-1.065,41.03,312.24,C
6865,1.5791,2.2204,1.8879,0.9879,-0.0041,0.6501,49.05,338.15,C
6866,4.332,5.1541,2.5211,0.9105,3.9602,3.9786,47.08,362.98,D
6867,0.1638,-1.0208,0.8598,-0.0552,-2.3393,0.0956,43.55,312.67,D
6868,6.8367,5.7801,-1.9584,-0.9696,1.0826,1.3426,48.67,310.83,D
6869,12.3989,12.1986,5.2536,3.4577,0.5961,0.7904,57.45,448.36,C
6870,-6.9101,-6.7213,-2.004,-1.1559,-0.27,-0.0069,33.79,242.69,D
6871,-11.4581,-11.2579,-4.3836,-2.3125,2.0708,0.7005,29.41,219.84,D
6872,1.0019,0.025,-2.2823,-1.2486,-1.0046,0.4341,40.7,287.82,B
6873,-14.1792,-13.9704,-0.812,-0.2699,0.03,-0.9006,29.78,226.78,A
6874,0.6722,1.393,-1.0766,-1.0866,-2.4617,-1.8948,41.69,308.33,C
6875,5.0494,5.717,4.038,3.0898,-0.6239,-0.3586,48.53,361.23,B
6876,-1.2202,-1.5436,-1.073,-1.7373,-0.7233,-2.1175,41.4,278.95,D
6877,-11.7607,-11.0429,-5.6702,-3.9188,-1.4878,-2.6127,22.86,208.56,D
6878,-4.9015,-3.6963,-1.4154,-1.8693,1.4607,1.1945,43.21,270.3,A
6879,-3.5372,-3.0419,-1.6433,-2.1062,1.5102,1.6421,39.18,292.63,C
6880,-0.4839,-0.0264,0.4789,1.1484,0.9331,0.0649,41.35,350.81,A
6881,0.5095,1.0079,2.8007,3.2906,2.6795,2.1886,49.17,346.13,A
6882,-3.1621,-3.191,3.6342,4.7001,1.2128,1.0979,38.77,323.16,A
6883,1.4916,3.3177,6.0859,6.1652,-0.6997,-0.6223,53.19,378.51,A
6884,-8.2975,-9.4536,0.4029,0.5801,0.1104,-0.1604,31.79,226.38,D
6885,0.5854,2.5797,-1.1724,-0.481,-1.2279,-0.4521,42.52,316.92,B
6886,5.861,4.4902,4.7114,4.8932,-0.2619,-0.0946,51.88,406.74,A
6887,4.1496,4.4887,1.7216,-0.2508,0.4391,1.2689,46.85,350.25,B
6888,-2.2313,-2.7405,-1.2966,-1.9767,-0.6953,1.0335,34.85,273.62,A
6889,-0.283,2.097,2.9722,4.5688,-0.5034,-0.6054,44.14,338.17,C
6890,6.326,6.9048,2.7826,3.9147,1.0999,0.8767,54.6,427.17,D
6891,-1.4748,-3.1772,0.0541,0.5803,0.2169,0.1711,41.17,297.44,C
6892,3.1006,2.3809,1.0205,-0.13,1.3599,1.1055,44.22,304.77,D
6893,8.3924,7.2866,2.8766,2.4478,-0.7808,-0.3913,51.09,371.36,A
6894,8.0803,8.3911,-1.2977,-2.6373,-3.8229,-2.0785,47.53,303.74,B
6895,-9.3936,-9.6304,-4.9812,-3.4279,0.2027,-1.5642,27.11,217.62,C
6896,3.9966,5.8255,-3.4776,-2.4764,-0.6067,1.1984,45.43,337.14,A
6897,6.3506,5.6928,1.1336,0.936,-1.1557,0.3126,47.72,362.36,C
6898,-4.8293,-4.0029,-2.6415,-1.5901,0.3998,-0.6407,34.63,244.89,D
6899,-4.491,-4.1342,-2.9277,-3.2301,-0.3478,0.4792,34.69,274.06,C
6900,-0.5987,-1.4098,-2.6141,-1.7353,-0.7788,-1.417,37.47,267.14,C
6901,9.807,8.9364,1.5291,2.1207,1.7793,1.5636,52.82,404.34,B
6902,-0.6804,-1.6694,-1.711,-2.0309,0.0402,-0.5681,40.05,277.98,D
6903,-2.0453,-0.8914,-0.3106,0.3082,-2.2995,-3.3742,38.98,303.8,B
6904,0.3228,0.5258,-0.9844,0.2313,0.4608,-0.1842,44.59,317.58,C
6905,-6.2416,-5.3148,-2.0058,-1.4773,-2.276,-1.9012,34.69,253.62,C
6906,2.5109,3.0989,-0.7804,-0.8663,-1.8375,-1.2449,41.72,292.8,D
6907,-9.4021,-8.5339,-6.0704,-7.0567,-2.0536,-2.9587,25.9,161.51,A
6908,4.1505,2.1306,-7.0649,-8.4756,-2.1123,-2.0547,33.97,228.03,A
6909,-3.0092,-2.3968,-3.1594,-2.0366,0.0511,-0.7233,38.39,263.35,A
6910,-1.3833,-0.0624,-1.5249,-1.7627,-1.2051,-0.5834,38.48,293.98,D
6911,-3.0504,-2.4553,0.0103,1.1067,1.0153,0.2974,41.81,328.7,B
6912,6.9199,6.7453,0.6062,1.4295,1.586,1.5161,46.97,382.14,A
6913,-1.6182,-1.0356,-0.5448,1.4742,-0.0977,0.4351,39.07,307.57,C
6914,-8.2025,-7.9607,-2.9539,-1.2288,0.4725,-0.959,31.31,235.56,B
6915,-3.1584,-3.8538,0.4976,1.4036,-0.9082,-0.9954,35.73,293.26,D
6916,-3.5913,-2.3336,1.2594,0.8357,-0.8818,-0.9401,38.89,290.53,B
6917,-5.1509,-3.8965,2.0357,1.8993,-1.8537,-1.5699,36.27,283.94,B
6918,1.6316,2.1794,0.8083,1.5212,-1.1641,-0.2895,46.73,310.33,C
6919,-2.4776,-1.8505,0.3164,1.0218,0.9218,0.0869,41.75,275.05,B
6920,7.8936,8.1151,0.2843,-0.42,0.402,0.595,51.35,378.78,D
6921,4.602,4.4974,-1.225,-1.6386,-0.3107,0.6758,41.53,338.15,A
6922,3.3634,4.1806,3.9794,2.9307,1.6878,2.042,51.86,383.13,D
6923,-4.5623,-4.5352,-0.6719,-1.1973,-2.1666,-2.2923,35.29,270.1,C
6924,-5.8726,-5.9586,-0.8409,-1.6101,-3.5066,-1.9473,33.88,249.93,A
6925,3.4335,3.9418,0.2853,0.6611,1.2952,1.1915,48.79,364.28,D
6926,-1.3766,-2.783,1.0804,0.5895,-1.8679,-1.4581,37.55,301.65,B
6927,-11.5068,-11.282,-4.2372,-4.4806,-2.3264,-3.279,26.95,153.06,A
6928,7.0234,6.9729,-0.8804,-2.5695,-1.5705,-1.3114,46.72,302.15,B
6929,8.0406,8.9545,3.5247,2.1006,0.6927,-0.2964,47.67,386.94,C
6930,2.4626,3.8797,-0.8518,-1.7521,-2.2156,-2.2953,42.16,275.62,C
6931,4.4631,4.9459,0.2499,-0.6119,0.7633,1.5409,51.32,353.78,D
6932,7.441,7.4182,6.1166,6.1485,3.0755,4.1631,58.27,438.24,D
6933,-3.2587,-3.2705,0.707,0.737,-0.4442,-0.8832,39.78,318.41,C
6934,-3.8953,-3.9688,0.7931,1.2822,-0.1583,0.4814,41.78,261.79,A
6935,-0.6641,-0.6585,-1.7366,-2.126,-1.0005,-1.8542,33.57,264.86,C
6936,2.7254,4.3094,2.5634,2.9459,3.2459,2.5268,49.33,396.88,D
6937,9.2035,8.4843,1.5419,1.0849,1.5853,2.2452,50.75,365.01,C
6938,10.2015,9.8184,-0.0591,0.8988,0.807,1.2492,48.63,369.86,C
6939,4.3751,4.2965,2.7764,3.1344,1.0504,1.3781,49.42,392.98,D
6940,0.0629,-0.061,2.5561,2.4617,1.3804,2.0368,47.74,370.1,B
6941,-2.9433,-2.8946,-3.9679,-3.328,-0.1384,0.0363,35.96,262.45,A
6942,3.6945,4.488,-1.2524,-0.7667,-0.0442,0.4708,47.12,312.71,B
6943,1.7595,2.2823,6.1298,5.6171,2.5352,2.4835,54.03,395.15,D
6944,5.1896,4.7973,2.6331,1.1847,-0.6773,0.1248,47.84,339.81,A
6945,-5.232,-5.2982,-0.893,-1.8178,-1.9969,-1.6911,35.01,263.22,B
6946,0.4286,1.6584,2.6726,1.4771,-0.2066,-0.3348,45.87,371.26,A
6947,4.605,1.9478,-1.4805,-0.0653,0.1155,0.7938,43.74,314.35,D
6948,11.0674,11.0622,2.7329,2.0919,0.7951,1.4416,55.05,424.85,D
6949,-2.0664,-1.1619,2.5545,2.338,3.0023,2.5886,46.18,346.6,A
6950,4.1725,2.995,-3.9786,-4.1432,0.2097,0.2233,41.45,308.46,D
6951,-7.3146,-7.8654,-3.5846,-3.1047,-0.5622,-1.0529,29.11,200.96,A
6952,-1.7236,-1.0711,4.1263,3.0471,0.2811,-0.9374,42.92,332.61,C
6953,-4.8883,-3.4861,0.2878,-0.9996,-0.6278,-1.5264,37.67,280.33,B
6954,7.0746,6.6612,-0.0698,-0.4523,3.4378,2.9183,49.69,367.89,B
6955,5.7275,6.948,-1.0254,-1.2256,0.1017,0.5064,48.0,338.82,B
6956,-5.5143,-3.9707,0.8888,1.526,-0.4009,0.1559,41.45,285.4,C
6957,-1.793,-1.544,2.4638,1.3445,-1.5675,-1.0798,43.53,326.94,D
6958,-9.9752,-8.6786,-4.5271,-3.3778,-2.7273,-2.7967,23.95,208.59,C
6959,0.3542,0.9879,-1.7331,-2.8965,-0.7915,-1.3035,38.25,293.6,C
6960,-11.0755,-10.3316,1.8493,2.8078,0.2809,0.1869,35.39,246.64,C
6961,-2.4386,-1.7803,1.8125,1.7137,-0.8848,-0.1856,40.02,355.23,C
6962,0.999,0.3693,2.5585,3.7159,1.682,1.1434,50.44,357.44,B
6963,-2.0741,-1.6578,-1.7762,-2.2678,-1.0466,-0.7535,38.87,284.21,D
6964,-2.9828,-4.33,-1.3202,-0.3157,0.98,1.4285,41.38,239.08,A
6965,-4.5863,-3.7217,-1.0472,-0.1091,0.3119,0.585,41.05,284.3,B
6966,4.336,4.8935,0.8624,-0.1306,-0.0199,1.3289,46.98,352.28,B
6967,2.0676,3.4852,-2.2828,-1.6386,-1.8728,-1.5354,40.66,298.82,D
6968,1.322,1.1484,1.1002,0.9678,-0.4326,0.2987,43.91,343.48,A
6969,10.3293,10.3641,9.5684,7.6992,0.3228,2.6289,61.12,457.67,A
6970,-4.8472,-7.2206,-1.0426,-1.2635,0.6371,0.3746,38.61,273.72,A
6971,-4.843,-5.7969,0.7248,0.6239,0.2757,-0.8599,39.05,311.32,A
6972,-1.4865,-0.9597,-2.3817,-1.6389,0.575,0.0517,38.42,263.93,A
6973,5.985,3.1265,2.6983,0.8965,1.1863,1.2209,49.47,362.61,D
6974,0.6955,0.0119,4.8345,4.6145,1.2001,0.8754,50.64,389.5,D
6975,4.1631,3.4772,2.3492,2.9077,0.9448,-0.1738,47.38,337.01,D
6976,-2.2296,-2.9948,3.9505,3.1725,0.8074,0.1339,45.71,301.38,D
6977,0.2941,0.3919,0.6172,1.2897,-1.5379,-0.7516,44.22,343.18,A
6978,3.3752,4.1617,-1.3814,-0.4021,1.4808,2.5479,49.04,304.62,C
6979,11.1277,11.2633,2.9785,1.2773,2.6124,2.0284,56.06,423.63,A
6980,3.0094,2.9276,-1.308,-2.1825,0.5102,0.3243,43.35,308.77,D
6981,-1.7233,0.1035,0.5169,0.7807,0.9876,0.2459,44.1,319.19,A
6982,9.6798,9.1849,2.7169,1.2181,-3.7261,-0.7085,48.81,372.25,D
6983,5.0004,5.6675,1.2154,1.4416,-1.5048,0.211,47.05,364.89,D
6984,4.9094,4.3426,-0.0215,-0.8456,-0.5504,0.0003,51.19,345.84,B
6985,-5.3907,-5.5336,-6.0417,-4.338,-0.0917,-0.5734,29.1,241.64,D
6986,5.8248,5.4848,3.8164,2.4092,-1.5714,-0.2439,49.92,372.79,A
6987,4.2205,4.0822,1.9369,2.2413,1.2619,1.8266,50.5,387.74,A
6988,-8.6713,-7.6271,-4.5202,-4.864,-1.5802,-1.4593,30.59,200.3,A
6989,0.1481,0.425,-0.4249,0.3103,4.2009,2.1779,47.17,353.71,A
6990,3.3134,4.9544,5.6803,4.7684,1.3537,2.4209,50.04,389.39,B
6991,-4.3328,-3.8896,1.0675,2.297,-0.2666,0.102,39.86,275.37,C
6992,1.1581,1.8265,-0.1192,-0.0879,0.2537,1.0564,40.63,325.42,D
6993,-1.7563,-0.6948,2.2807,2.4195,-3.934,-2.9836,38.14,291.3,A
6994,6.7148,6.1715,0.8963,-0.0248,-0.3487,0.0405,49.22,363.53,A
6995,2.2069,2.2549,-0.5055,0.2058,-1.0881,-0.0383,44.27,310.21,D
6996,4.9567,4.5706,2.8379,-0.3244,-0.1013,-0.7678,48.05,347.66,D
6997,3.1882,3.5944,1.837,2.0459,1.7367,1.7154,47.03,338.18,D
6998,2.156,2.647,1.944,2.515,0.5776,0.3735,47.84,365.24,B
6999,-8.6569,-8.4444,-1.0622,-0.8014,-1.0123,-3.2472,34.02,213.58,D
7000,7.71,8.408,2.1706,0.6775,0.1095,-0.2245,47.92,358.48,D
7001,-4.1379,-4.006,1.7968,0.7866,-1.3857,-1.5454,40.89,281.52,D
7002,-4.2202,-3.938,-3.1495,-2.1538,-1.4355,-1.4724,37.56,277.32,B
7003,-0.7753,-0.1859,-0.8728,-1.7097,-1.5568,-1.8154,38.66,282.67,A
7004,-3.5181,-4.4826,1.5479,0.3084,0.2565,-0.9907,39.03,322.3,C
7005,1.4309,1.5421,-0.7232,-0.3978,1.2603,0.3524,44.9,328.25,A
7006,5.2808,4.2084,6.1681,5.8555,0.7788,1.3776,50.6,415.59,B
7007,-2.0037,-1.556,-0.1206,0.5313,2.1207,0.5264,43.35,313.05,C
7008,6.0402,4.0132,0.3795,-0.6616,1.0533,0.8935,46.24,341.2,D
7009,3.3792,4.3936,2.5416,2.6528,1.1744,2.6547,47.03,370.79,C
7010,-0.0531,0.5908,3.3854,3.9961,-0.1642,0.6769,45.48,336.32,B
7011,-4.9826,-4.7627,-1.6369,-0.8446,-0.1268,-0.9919,39.29,273.14,C
7012,5.6645,4.6277,-1.7424,-0.6251,-1.5666,-1.9648,42.96,327.79,A
7013,3.8182,3.3705,1.6592,2.019,1.5106,1.3898,48.38,351.96,D
7014,1.1004,0.9258,3.9073,3.2183,0.8793,1.4635,47.66,354.85,C
7015,-7.0886,-6.4338,1.31,-0.4736,-1.2906,-1.4611,34.35,279.29,C
7016,-0.6609,0.3127,-0.1778,-0.5096,-2.2613,-1.75,39.55,298.85,D
7017,-5.2288,-5.5109,-1.3239,-1.3096,-1.6264,-0.9363,32.94,290.6,A
7018,0.7232,1.1936,-1.2678,-3.1003,-1.0966,-1.5642,38.96,275.38,B
7019,1.2566,1.491,5.4515,6.0897,0.5478,1.66,50.07,358.18,C
7020,2.6862,1.809,-2.111,-0.7428,4.3453,4.2897,43.64,319.68,B
7021,5.0721,4.837,3.9519,2.9831,4.4521,3.5974,51.09,418.55,B
7022,5.1729,6.9811,4.7667,4.9358,2.3135,1.4802,53.03,385.9,B
7023,-0.4749,0.4611,3.5011,2.3533,2.3384,1.2544,45.5,355.8,D
7024,-4.6065,-3.4679,-3.512,-4.0247,-2.5277,-3.2456,33.39,249.37,A
7025,-6.507,-5.7267,1.2921,2.1243,2.4141,1.1727,39.02,299.83,D
7026,-5.4113,-5.1185,-3.3386,-2.518,-2.6538,-2.4321,32.78,225.57,C
7027,2.122,2.5461,-3.9581,-2.3365,-1.0627,-1.3429,40.4,293.04,D
7028,-7.4632,-8.0178,1.2393,1.5897,-1.7347,-1.3658,34.95,266.82,C
7029,-5.2874,-5.1658,-0.7188,0.3845,1.7542,1.2081,40.77,294.77,D
7030,1.2709,0.8138,2.0448,2.7864,-1.3759,-1.4824,45.39,372.49,B
7031,8.2156,7.5384,7.4578,6.2838,3.3801,3.6274,61.24,473.52,B
7032,-7.3129,-6.9043,-1.3962,-1.5335,-1.508,-2.9738,34.09,258.52,D
7033,-4.2534,-4.5115,-0.5816,-1.1401,-2.8531,-1.6084,35.01,265.86,D
7034,-0.4611,0.1212,4.5374,2.4244,-0.2049,0.6345,45.35,331.46,C
7035,-17.4648,-15.7333,-5.8589,-3.8196,-1.3107,-1.9133,21.03,145.05,A
7036,-2.4085,-1.6837,0.4524,-0.2713,-0.1935,-1.0843,40.79,257.25,A
7037,0.7355,-1.2763,-1.727,-1.1327,-0.0226,0.071,41.01,286.22,C
7038,-2.1273,-2.2975,-0.0465,0.3321,0.5797,1.2639,37.34,312.9,C
7039,6.0675,6.2336,4.5965,4.5924,3.8225,3.6115,56.24,423.7,C
7040,0.1238,1.261,-3.4835,-2.727,-2.2341,-1.9465,37.0,285.19,D
7041,-1.1265,-1.1439,-1.3584,-0.2252,-0.2256,0.3233,38.16,290.01,D
7042,-10.7622,-9.6347,-5.1574,-5.8018,-0.2509,-0.8916,24.67,184.97,A
7043,0.6734,-0.197,1.1648,-0.4858,1.4985,1.143,43.6,302.1,C
7044,-0.2179,-1.9536,-2.7785,-3.3193,0.8593,0.4838,37.55,280.68,C
7045,0.4547,1.3816,-1.0127,-1.5703,0.7526,0.808,39.81,291.4,D
7046,-6.7781,-8.0979,-4.2879,-2.95,-0.1992,-0.7874,33.34,227.84,A
7047,11.8134,10.7769,1.5783,1.0651,0.2993,0.4648,57.97,415.68,D
7048,2.1994,1.5508,2.3321,2.9546,1.5316,0.6984,48.87,380.31,C
7049,-0.5966,-1.3018,-1.8535,-0.9108,-2.211,-0.9027,40.55,269.71,C
7050,13.6371,13.2201,5.9202,4.5742,-0.1277,0.8336,54.71,451.34,D
7051,1.2828,2.9265,4.4088,3.6343,2.0257,1.4459,51.59,354.84,A
7052,-7.5926,-7.897,0.6624,-0.138,-0.1963,0.0718,37.92,260.54,B
7053,-4.3097,-3.8769,-4.5963,-4.3355,0.7157,-0.9375,35.19,237.61,B
7054,-7.9091,-7.5662,3.8153,2.6671,1.402,1.686,41.26,310.09,D
7055,4.291,4.6361,0.0364,0.3531,0.4017,0.8475,42.98,347.25,A
7056,-5.2995,-4.9955,1.001,1.1896,3.2682,1.461,39.63,264.35,D
7057,-5.6832,-5.8577,-0.9096,0.4398,1.7026,1.6507,36.58,292.44,B
7058,2.2245,1.8018,-1.6503,-1.476,1.8651,1.3421,42.67,314.83,A
7059,1.5253,2.382,3.6583,3.4806,0.3646,1.388,48.47,356.64,B
7060,-1.1248,-0.6132,5.952,4.9915,4.0218,4.002,50.62,398.5,A
7061,14.2546,13.5138,4.9069,4.9956,2.0377,2.9009,61.83,479.07,C
7062,-8.2086,-7.5762,-4.6725,-4.7389,-2.7033,-2.5208,29.66,169.29,D
7063,6.7094,6.5686,1.4403,0.1273,0.1076,-0.3596,52.34,374.18,C
7064,9.5211,9.6027,2.6044,2.9166,2.6443,2.5778,52.17,408.09,A
7065,-3.3741,-2.6596,-2.0762,-2.6988,-1.966,-2.1257,34.85,264.98,B
7066,-6.8983,-3.6354,0.6028,2.7689,2.1641,-0.0862,37.9,307.04,A
7067,-3.4254,-3.6489,0.5713,-0.7289,0.66,0.8121,41.57,332.56,B
7068,7.4213,8.1212,3.2925,2.3593,0.8293,0.19,51.72,397.71,D
7069,-4.2872,-3.3023,-2.7802,-2.533,-0.4746,-1.8645,36.2,211.06,C
7070,1.7427,1.2797,0.8665,0.5805,-1.1859,-1.9966,44.42,301.73,C
7071,-4.8208,-4.0456,-0.3723,-0.9244,-0.7958,-0.3522,38.49,299.04,D
7072,-2.144,-2.1585,7.6533,8.6028,0.8319,2.0432,50.61,417.38,D
7073,-1.3624,-1.755,-1.6561,-1.7573,0.3972,0.2182,40.47,311.42,B
7074,-4.0678,-4.4558,-0.3998,-1.3364,-0.6087,-1.5037,35.77,274.79,B
7075,-3.6051,-4.8663,-1.4456,-0.9293,0.0369,0.3206,37.03,262.72,C
7076,3.9978,4.6219,-1.3206,-0.555,3.8181,3.2745,44.76,323.95,C
7077,9.4878,8.3272,2.0161,0.6726,1.3179,2.228,52.73,375.36,D
7078,-7.016,-5.3811,-2.1609,-2.4584,-1.2413,-1.8415,31.84,244.04,A
7079,-3.9224,-4.512,-3.1175,-3.002,-2.6038,-2.1238,30.26,255.87,A
7080,-5.1766,-5.5852,-5.4906,-3.872,-0.0222,-0.0246,31.0,236.93,A
7081,3.9081,4.099,-0.551,-0.1637,-0.3876,0.1611,44.8,332.42,A
7082,12.2552,11.7012,5.4474,3.701,1.8379,1.6592,56.88,410.4,B
7083,-6.2298,-6.3962,-1.0839,-0.0887,-0.9794,-2.3798,35.57,281.3,A
7084,-4.291,-3.4091,-0.8113,-0.3036,-1.0502,-1.6176,38.87,320.43,C
7085,-2.18,-2.9294,-4.2019,-3.9828,-3.0896,-2.1919,28.74,242.66,C
7086,-6.5447,-6.1631,0.3343,1.3611,1.6212,1.8883,35.9,308.63,D
7087,0.4781,0.7823,4.615,5.3606,3.1841,2.5206,50.18,359.79,B
7088,-3.0009,-2.5025,-6.6598,-6.9756,-0.4347,-2.2767,33.13,228.4,A
7089,1.2853,0.9543,0.6321,0.0318,-1.7319,-1.5819,40.03,326.87,C
7090,1.5084,0.3498,-1.7325,-2.9304,-0.9757,-1.4619,38.22,288.44,A
7091,7.2273,5.4062,3.7066,3.201,0.4812,0.9599,52.07,418.35,B
7092,-6.7245,-6.9558,-2.3016,-2.8546,-0.3173,-1.6014,32.61,232.51,C
7093,-9.1673,-8.984,-2.6579,-3.1454,-2.0077,-2.2636,26.03,206.08,B
7094,10.0784,9.5028,1.326,0.6241,-1.2981,0.4125,54.31,369.68,D
7095,-3.9156,-2.8962,0.9124,-0.1304,0.4281,-0.6856,39.13,301.59,D
7096,-5.432,-5.902,-2.2786,-1.1482,0.9539,-0.9143,35.25,255.2,D
7097,4.5658,3.5875,-3.0608,-3.6564,-0.3131,-0.0999,43.73,294.77,C
7098,9.6233,8.8711,2.4806,3.6946,2.4396,2.9382,57.62,413.76,D
7099,0.435,1.2414,-2.9919,-0.546,1.6643,0.4044,44.94,321.25,D
7100,-3.6827,-4.9315,1.9293,2.3438,0.15,-0.2239,36.77,293.35,B
7101,-0.2829,0.6973,1.8267,1.1145,-0.9462,0.164,41.29,308.55,D
7102,0.4005,-0.9567,-3.3132,-2.4655,-0.5802,-1.4494,36.41,256.65,A
7103,-3.6817,-3.6606,2.3223,3.3714,2.0118,1.4601,43.09,329.9,D
7104,-1.9242,-4.0272,0.6477,-0.2252,1.9092,3.1648,43.39,278.52,B
7105,-6.3964,-5.4742,-1.2192,-0.3759,-3.4035,-2.594,35.31,239.13,C
7106,-6.6962,-5.8833,-4.8539,-4.5121,-4.7759,-4.5388,26.93,182.68,B
7107,2.4652,4.1815,4.2292,3.9732,0.8099,2.914,47.4,384.96,A
7108,9.3069,9.7403,7.2067,6.5371,2.0177,2.7253,57.53,447.82,C
7109,3.2166,2.5328,0.3106,-0.6191,-0.3761,-0.538,43.49,316.69,C
7110,-1.784,-0.3896,0.0143,0.1925,-0.7467,-0.3485,38.53,306.94,D
7111,-1.3356,-2.2172,1.6909,2.6046,0.4548,0.6886,42.6,304.67,C
7112,-1.9058,-2.0722,0.0123,0.988,0.8282,-0.1583,42.29,317.05,C
7113,0.8588,0.0238,-0.2345,-0.9199,0.0803,-0.1578,39.89,292.83,A
7114,5.3348,5.1762,3.0569,1.3307,0.549,0.146,47.17,340.88,A
7115,-1.7784,-1.1484,-1.9422,-2.0599,1.0901,0.4308,38.26,279.28,A
7116,-9.4963,-8.8948,-6.593,-7.0148,-1.6498,-3.7601,26.44,177.86,C
7117,-0.1124,-0.28,2.4224,2.4228,0.0747,-0.434,41.66,346.3,B
7118,-6.4518,-4.4999,4.2771,1.4399,2.2058,1.2572,38.48,330.68,B
7119,-2.3941,-2.9472,-3.122,-3.1877,-3.9925,-4.0206,33.67,258.55,B
7120,5.9334,5.4556,1.0225,0.4439,0.811,1.6226,47.95,364.72,C
7121,-2.8534,-3.0212,-3.013,-2.6615,-0.3863,0.0327,40.85,265.01,A
7122,4.777,4.6649,1.0672,0.8975,1.2474,0.9321,46.75,365.95,A
7123,2.5242,3.2745,-1.1072,-1.2897,-2.1693,-1.5843,41.6,324.89,A
7124,-5.826,-5.098,-3.3121,-2.3638,-0.3086,-0.5682,33.83,229.56,B
7125,-1.766,-1.9204,0.1094,1.4469,0.5279,0.7952,38.13,314.98,B
7126,2.769,2.1021,2.1528,1.3671,2.8006,2.6922,48.38,368.98,D
7127,4.8928,5.704,-0.7477,-1.0535,0.9122,1.1029,49.83,341.3,D
7128,3.3459,1.2738,-6.0873,-6.0483,-2.7445,-1.6014,37.66,254.26,A
7129,-6.0089,-4.8048,-2.6465,-0.4252,-3.587,-1.9877,33.99,254.62,C
7130,5.5684,6.0558,0.9245,0.2928,0.197,0.4964,49.65,360.94,A
7131,-4.945,-5.4353,-2.43,-1.5753,0.8248,1.5878,35.91,260.65,D
7132,-11.455,-10.3982,2.7217,1.6791,2.188,0.223,33.51,288.77,B
7133,9.7172,10.0772,2.3032,2.0765,1.8016,1.6353,56.17,417.44,B
7134,1.3512,0.4778,1.6009,0.7847,2.4571,2.143,45.56,329.25,A
7135,4.811,5.3091,1.6088,1.5379,2.1643,1.1323,47.01,352.32,C
7136,-2.8784,-2.944,0.0616,0.2512,1.3438,0.1739,37.32,303.57,D
7137,0.3908,-0.9792,-0.7758,-0.8206,-0.5516,-0.2018,38.71,269.44,D
7138,3.3984,3.6789,-2.2665,-1.2422,-0.3025,0.324,45.49,291.44,D
7139,-1.9691,-1.8653,-2.188,-1.4571,1.0171,-0.1364,38.32,268.34,A
7140,-2.8712,-1.8865,0.0745,0.084,-0.4818,-0.1133,40.43,285.36,D
7141,-1.8809,-3.4825,1.8493,3.4665,0.8451,1.2235,44.12,340.48,D
7142,2.1735,1.3964,-1.5731,-0.3041,-0.2006,-0.7997,43.22,340.11,D
7143,3.2392,3.0094,-2.0635,-2.2893,-2.8883,-3.367,40.74,274.87,D
7144,2.0197,2.6222,2.9485,1.1504,-1.4682,0.0861,50.43,324.87,C
7145,-8.7528,-8.3605,-0.4757,-0.8069,-0.4475,0.075,35.47,266.0,C
7146,3.1256,3.7099,4.9922,5.0624,2.2211,2.0574,50.93,377.75,A
7147,5.2658,5.2149,4.435,3.4358,0.2147,1.6475,48.18,378.1,C
7148,3.1538,1.1103,5.6024,4.8546,1.5646,2.2344,47.22,368.58,A
7149,0.1201,2.6048,4.3942,4.4416,1.2116,1.828,48.46,373.7,A
7150,0.2804,-0.4137,0.1957,-0.253,0.5666,0.2279,40.58,310.67,B
7151,-3.072,-2.8818,-2.1686,-2.4921,1.2827,0.8899,40.17,292.79,A
7152,6.6052,6.6654,-1.0333,-0.8408,-0.0797,1.0965,48.38,356.42,D
7153,-2.2678,-1.5139,-0.5354,-0.6072,1.7721,0.7404,40.74,271.18,D
7154,-4.034,-4.6983,0.6223,-0.1159,0.1495,-0.3224,35.94,264.83,C
7155,-4.0012,-3.1905,2.2613,2.413,-0.9073,-0.1241,41.08,332.44,B
7156,-9.7124,-8.9663,-1.6503,-2.2986,-1.6196,-0.6228,31.2,214.96,C
7157,6.1523,7.1051,-0.1055,-0.0912,-0.9013,-0.6747,47.39,357.88,A
7158,-3.7355,-3.7099,-2.9493,-3.5379,-0.4767,-0.6439,37.37,257.96,A
7159,8.1957,6.4637,5.4386,4.9301,1.2878,2.3916,54.06,420.84,D
7160,3.5729,4.723,-2.1494,-1.9532,0.0821,-0.1811,44.76,317.74,A
7161,10.0641,7.9262,3.1857,2.7459,1.4686,1.8371,53.76,396.12,C
7162,-5.0413,-4.8677,3.3231,1.776,0.7274,-0.9141,38.69,292.68,C
7163,11.7044,11.1255,5.3949,2.2128,1.854,2.7337,57.72,443.5,A
7164,4.7676,4.8363,-4.7679,-5.145,-1.2317,-1.1199,39.14,280.56,D
7165,4.6873,4.3876,2.859,2.6665,-1.5132,-1.3655,47.21,354.05,C
7166,-1.2516,-2.5538,-4.0725,-2.6812,-0.9219,-1.1432,36.53,234.73,A
7167,4.82,3.1874,3.8082,3.4473,1.1896,1.2308,47.66,364.63,D
7168,3.3987,3.0603,1.2082,-0.5688,-0.0702,-1.0282,46.69,329.46,C
7169,-5.918,-5.7042,-1.0548,-1.4402,-0.1824,-0.3738,33.3,251.58,B
7170,-2.8701,-1.4736,-0.7265,1.0154,2.9784,1.9857,42.54,317.32,C
7171,-7.0704,-7.6362,-4.1731,-2.6582,-1.3664,-2.0255,32.68,228.39,B
7172,4.7818,5.7232,7.35,6.4689,-0.257,0.7771,52.89,407.22,A
7173,-8.7334,-10.0954,-2.6799,-3.4203,0.6462,-0.9606,26.3,204.44,B
7174,2.6369,2.5569,-1.7854,-2.1345,-1.0852,-0.3615,42.98,296.27,B
7175,-0.3787,-0.7928,-0.5233,0.4361,-1.482,-0.7979,40.55,296.4,C
7176,4.3678,3.8468,1.9745,2.2778,0.6719,0.5235,49.11,364.02,C
7177,0.7627,-0.3642,-4.3324,-4.337,-0.5869,-0.5231,40.62,255.52,A
7178,-1.0383,-1.5485,-2.6881,-2.4527,-0.9238,-0.9167,40.26,272.83,A
7179,2.2055,2.1395,-1.0164,-1.9368,-0.2722,0.5666,41.43,313.36,B
7180,-6.5099,-5.058,-5.8238,-4.1046,0.7353,1.2548,32.16,234.12,B
7181,-0.798,-1.5877,-3.8425,-2.885,-1.5736,-3.0685,35.9,245.21,D
7182,-2.2158,-2.3932,-3.1637,-2.5586,-0.6576,-0.9103,37.47,261.64,D
7183,13.3908,14.0753,0.507,-0.2527,-0.603,0.1982,52.97,360.54,A
7184,6.041,5.2355,-3.8796,-4.2487,1.3131,0.6619,44.79,316.92,A
7185,-9.0906,-8.9376,-0.7958,-0.0948,0.4178,-0.059,32.58,263.72,C
7186,3.3648,2.9489,-1.8604,-0.6139,-1.4037,-1.8278,43.05,315.32,B
7187,-1.8973,-1.5042,-0.4647,-1.1437,-0.7847,-0.8055,36.1,262.4,B
7188,-12.3998,-12.9384,-3.0115,-2.5515,-0.8261,-1.9473,23.9,196.45,D
7189,4.1288,2.8365,2.7642,2.6043,-1.2837,-1.1175,48.62,379.8,A
7190,4.2631,3.9749,-0.586,-0.2562,0.8784,1.7072,48.34,345.99,A
7191,-1.1134,0.312,1.9572,2.2355,-0.0707,1.0186,42.4,327.76,D
7192,-2.3967,-3.4377,-2.9157,-0.6731,-1.392,-1.4036,34.94,262.9,D
7193,-1.8096,-1.3643,-0.9643,-0.7006,2.0837,-0.054,37.4,308.45,A
7194,-0.1946,-0.9586,-5.3145,-4.1011,0.0002,-0.8791,40.05,252.39,D
7195,0.6919,0.2486,1.4939,0.2344,1.6337,2.4949,46.84,322.04,C
7196,0.5246,1.4428,2.1144,1.201,3.0456,2.4245,47.9,360.7,C
7197,0.8971,0.9727,-0.0359,-0.9478,-2.6454,-3.09,42.22,271.76,C
7198,8.6516,9.167,2.2304,3.599,2.2402,3.0501,55.61,422.2,D
7199,-1.7409,-3.5256,1.7306,1.5188,0.7633,0.3655,39.77,307.07,C
7200,-2.3396,-3.5209,0.2631,0.282,-1.168,0.1305,41.18,321.18,B
7201,1.5453,2.319,-5.9948,-5.6272,-1.4881,-0.9396,38.28,296.1,A
7202,0.5796,1.0488,-1.2893,-0.9432,1.2475,2.3148,40.54,299.69,C
7203,-0.0267,-0.7566,-0.823,-0.5619,0.424,1.1505,41.46,326.69,A
7204,-12.0867,-12.6977,-3.6359,-3.5783,-1.5348,-2.757,26.5,166.16,C
7205,-0.4867,-1.3137,-1.9904,-2.84,1.2579,2.1473,40.0,296.3,A
7206,-5.5999,-5.1869,-2.1062,-1.7938,0.11,-0.5764,36.96,239.16,C
7207,3.7247,4.5877,2.315,1.7304,-0.2145,0.7932,45.04,337.82,A
7208,-6.925,-4.812,-4.3177,-4.1695,-1.598,-1.8924,35.53,241.95,C
7209,-4.5473,-2.7354,1.6435,0.594,-0.0162,-0.445,36.88,272.14,B
7210,-9.8075,-10.3182,-0.626,1.3117,-0.682,0.4504,36.0,279.96,D
7211,0.5683,1.0899,-3.5261,-2.9888,1.2245,0.7741,43.11,324.03,B
7212,1.6821,2.4456,2.9818,3.0855,2.8994,3.6466,49.11,346.93,B
7213,4.0777,3.9036,-0.9843,-1.3737,-1.4025,0.2729,43.15,303.82,C
7214,0.1151,0.6124,3.1332,2.5552,2.021,0.9628,48.93,349.06,D
7215,-5.2449,-6.8369,-0.25,0.4126,-2.127,-1.8853,35.83,259.49,A
7216,-4.3899,-3.31,-1.9106,-2.3157,-0.5529,-2.3527,35.75,259.15,A
7217,2.3092,1.8393,2.8171,2.8305,-1.2156,-1.0143,48.65,352.22,B
7218,-2.9857,-3.4592,-1.7301,-1.5785,-1.0298,-0.5685,36.52,280.31,C
7219,3.1645,2.7547,1.296,1.801,-0.4068,-0.3957,45.43,357.69,D
7220,5.5698,5.4541,4.0191,3.8381,0.6458,0.6996,51.2,387.88,A
7221,0.2204,1.1624,1.7448,2.5096,-1.1861,-1.5801,43.29,318.93,C
7222,2.2923,1.1659,3.5494,3.2726,0.1704,1.4399,44.27,374.98,A
7223,-2.9801,-3.6257,3.3717,3.7917,3.2027,3.0098,48.47,336.39,A
7224,0.5866,0.3562,-2.5619,-3.5096,-0.2704,-0.1851,41.58,288.61,C
7225,0.5305,0.9233,-2.5772,-1.4579,-1.3368,-1.0999,41.44,289.36,A
7226,0.6488,0.4037,0.9718,1.1851,-0.0421,0.2778,41.85,334.68,A
7227,-0.4006,1.6607,-1.0447,0.7733,-0.177,-0.6254,44.17,300.18,B
7228,6.8252,5.7388,-0.9768,-0.4113,-1.6559,-0.5961,45.57,325.1,B
7229,8.2888,8.5128,4.0677,2.8917,2.1552,3.4403,53.76,406.76,B
7230,-0.0207,0.6564,0.8456,0.0337,2.1161,0.7448,45.09,323.98,C
7231,4.4575,3.0302,-1.7095,-2.5775,0.7467,-0.1376,43.85,325.5,B
7232,1.5446,1.3844,1.1851,0.3217,0.1056,-0.0101,39.75,298.38,D
7233,7.5077,8.4044,0.5245,-1.4924,-1.2856,-0.3104,50.32,389.59,D
7234,-3.9782,-3.1249,-1.0653,-1.0471,-1.5366,-1.3316,32.26,274.74,A
7235,3.3255,1.5358,0.0291,0.627,0.5865,0.9779,41.75,314.05,B
7236,-1.6556,-1.2621,1.9403,0.9353,-2.3316,-1.3659,42.68,283.14,B
7237,4.8083,5.0448,0.6975,0.4204,1.9033,1.1763,46.54,334.68,D
7238,-8.1007,-8.2565,-2.0836,-1.1076,-0.0268,0.3007,34.85,240.34,A
7239,3.9209,4.5982,6.2029,5.0498,0.2782,1.312,53.76,387.32,A
7240,-9.3519,-8.1258,-3.0064,-0.8869,-0.4046,0.6619,32.26,248.73,A
7241,-13.1831,-11.6276,-2.7858,-1.4424,0.2159,-0.8063,27.02,204.0,B
7242,4.3472,4.2964,-0.9747,-0.7714,-0.4979,-0.5472,46.2,312.23,D
7243,-1.4208,-2.187,-3.5658,-4.9971,0.5034,0.2636,38.8,274.88,D
7244,-3.4663,-2.2766,3.6104,2.5697,0.3569,0.2594,40.7,329.14,C
7245,-10.8269,-10.9665,-6.2826,-6.0192,-2.0111,-1.3812,21.49,193.41,D
7246,3.0051,2.8435,4.5661,5.0096,0.3529,-0.1467,49.17,397.63,D
7247,-0.1102,0.951,-0.3399,-0.9926,-0.8753,-0.9108,39.85,307.89,C
7248,-1.3384,-1.5155,-0.036,0.4396,-1.6411,-2.1352,37.7,300.96,B
7249,-2.8611,-2.9268,1.1835,1.6852,-0.37,-0.2024,38.87,305.05,D
7250,-5.6619,-5.7491,-6.7027,-6.1658,-2.1536,-2.1758,28.3,207.77,B
7251,0.0832,-0.1125,-2.3408,-2.5573,1.3152,0.9299,40.54,281.57,C
7252,-12.9037,-12.6319,-5.5282,-4.7775,-0.9893,-2.1571,24.36,152.78,A
7253,0.113,-1.3132,0.727,0.7143,1.5769,1.3326,44.16,330.74,C
7254,1.464,2.8486,1.8398,1.6823,1.5005,2.8036,48.99,340.61,B
7255,-2.1009,-1.1589,-1.0051,-1.0882,-1.65,-1.6918,41.31,305.8,C
7256,-8.5323,-7.9181,-0.6319,-0.1116,1.5404,-1.1792,33.12,263.75,C
7257,-3.232,-3.5472,-5.5098,-4.2694,0.1382,-0.2839,34.75,237.54,A
7258,-0.6239,0.8352,-1.047,-1.1189,-2.9793,-2.6519,40.9,295.87,B
7259,2.912,2.8604,-1.6624,-2.6392,-3.5744,-3.9045,42.23,305.75,D
7260,-4.1149,-4.3442,-2.12,-1.7237,-1.4221,-1.248,33.25,242.14,A
7261,-2.3655,-3.2404,-0.9738,-1.7933,1.7396,1.7339,40.2,279.8,C
7262,-1.0147,-1.9587,-1.7829,-1.7467,-0.2153,-1.2976,37.39,271.69,C
7263,-0.4135,-0.5057,1.1537,0.2736,0.9358,0.6803,43.73,327.51,C
7264,5.2916,5.502,-1.2218,-0.9936,-1.3823,0.256,43.86,337.65,D
7265,3.7357,4.2883,-0.9312,0.0905,2.1751,1.3789,45.22,357.88,D
7266,-3.4302,-3.4675,-0.4952,-2.5518,-3.5072,-2.3689,34.55,243.68,D
7267,1.4977,0.4873,1.2389,1.6226,1.9372,1.2861,45.84,356.67,D
7268,5.1615,6.2853,1.3166,1.0086,1.8248,2.1318,47.76,324.83,D
7269,7.1055,8.2418,-0.5847,-0.3016,0.593,0.5146,49.09,346.7,B
7270,-1.7917,-1.4083,-5.4003,-5.0082,-2.9789,-4.281,31.24,236.15,B
7271,4.1823,5.5619,5.9288,6.0325,4.0742,3.4942,55.97,425.71,D
7272,-3.8857,-4.2119,-4.3864,-5.2142,-3.5326,-2.7062,31.2,215.29,B
7273,9.5746,9.5815,0.6537,-0.3904,0.5621,0.6675,53.01,372.13,B
7274,-5.3006,-4.3866,-4.4737,-4.1865,0.5144,0.4765,36.01,227.45,D
7275,-6.3658,-5.8165,-0.179,0.5151,-1.9173,-2.461,32.19,243.97,D
7276,12.8591,12.9146,3.7135,2.5449,3.4634,3.9451,59.17,432.85,B
7277,0.8246,0.1198,1.8566,0.7672,-1.3034,-1.6752,42.64,330.1,C
7278,-0.0128,-0.3872,-1.6573,-1.612,-2.0884,-2.1746,41.24,283.74,C
7279,1.3572,0.9834,1.9513,1.4321,-0.0138,0.2833,46.81,322.24,D
7280,3.0715,3.7421,0.5365,0.508,1.9373,-0.3859,49.07,331.39,C
7281,4.0998,4.7496,2.8212,1.6573,-0.9339,0.0186,47.4,331.6,A
7282,-2.8904,-3.2058,-3.7778,-4.498,0.2766,-0.6659,35.13,261.94,D
7283,-10.3247,-8.7112,-2.467,-1.468,-4.0748,-3.561,30.62,209.26,D
7284,-15.4311,-14.5648,-0.9464,-2.4691,-0.8995,-2.261,26.88,200.82,C
7285,4.6364,3.0599,1.7933,1.3589,1.5821,-0.0114,48.17,323.74,D
7286,0.0126,-0.452,-3.1305,-3.7518,-0.1859,-0.4938,37.2,260.58,B
7287,-7.8475,-8.633,0.9832,2.2637,-0.3085,0.1112,34.61,270.07,C
7288,7.5725,7.1559,2.3269,1.0889,2.4886,2.1424,51.55,397.0,B
7289,-1.2949,-1.0035,-0.2875,0.01,1.5809,0.4639,37.22,306.61,C
7290,9.2917,8.9919,2.2893,2.7717,1.9688,1.9263,52.32,421.84,D
7291,6.4238,6.8407,1.2014,0.4443,1.141,1.537,48.61,339.74,A
7292,5.5406,5.4638,4.6353,3.5458,1.8839,1.5908,55.98,396.34,C
7293,-6.9558,-5.7661,-2.4823,-2.2392,-0.7758,0.0429,33.2,251.8,B
7294,2.8611,2.6236,0.6984,-0.1957,0.2665,-0.4963,44.57,331.26,A
7295,2.5346,1.5248,-1.0127,-1.2488,-0.2581,-0.3369,41.51,318.76,A
7296,-1.3261,-1.1053,-1.9199,-2.0459,-0.4909,-0.1918,41.32,302.2,B
7297,10.0909,9.8967,-0.9387,0.282,-0.4411,-0.6064,50.33,347.05,C
7298,0.8735,0.7789,-0.3659,1.152,-0.9124,-0.4114,41.09,310.76,B
7299,-0.82,-0.5531,0.9942,1.0134,-0.3062,-0.7228,46.09,316.9,C
7300,2.3169,2.8774,3.25,1.9163,0.6917,-1.3715,46.29,342.2,C
7301,7.4999,8.168,1.8801,0.1973,-0.9165,1.0404,49.68,375.79,A
7302,2.139,1.6207,-1.1418,-2.3411,1.1235,-0.968,44.61,304.41,A
7303,-2.3511,-2.4183,0.2227,-0.0177,-1.8576,-0.6952,34.67,288.64,B
7304,8.7119,7.4836,3.4873,2.9542,2.8156,3.9225,58.21,411.53,C
7305,-2.1336,-4.5108,-0.1603,0.2183,-0.6657,-0.5131,39.95,297.0,B
7306,7.7279,7.7794,6.6481,5.5793,0.0943,0.132,52.15,426.54,C
7307,3.7051,3.0691,1.5692,2.8611,-1.6235,-0.1165,45.61,339.27,A
7308,-0.1554,1.048,-1.6989,-1.1322,-0.3971,-1.2584,42.24,307.94,C
7309,8.6709,8.5786,1.5927,2.0138,2.6912,2.3409,47.81,377.74,C
7310,-0.5353,-0.2892,0.2859,0.7154,-1.1952,-1.7897,44.11,295.5,B
7311,2.1535,3.5058,5.6212,4.6043,2.2661,1.6806,51.52,424.44,B
7312,3.5699,1.3172,1.4639,1.6278,0.9587,2.7312,52.11,329.54,D
7313,-3.2892,-2.1764,-2.3803,-2.6256,0.5717,-0.1867,35.99,293.84,B
7314,-2.9222,-3.0751,-2.2631,-1.1467,-1.7286,-1.0085,34.89,281.12,D
7315,9.2304,10.1967,2.2421,1.9038,0.314,-0.2002,52.41,378.44,A
7316,2.7776,3.9552,1.5629,-0.0827,0.3698,1.9232,48.83,365.81,D
7317,2.1697,2.3379,-1.142,-1.3532,0.9184,-0.1729,44.09,293.8,A
7318,1.2135,0.2369,-3.3639,-4.0138,-4.2949,-2.5028,37.65,250.98,C
7319,-7.7431,-7.2413,-2.8592,-1.6343,0.7541,1.0156,32.6,274.8,D
7320,-4.5425,-4.3602,-0.9533,-0.8978,-0.3625,-1.497,38.09,272.86,B
7321,-3.2183,-3.8476,0.2193,0.6853,1.475,1.1263,35.23,268.37,A
7322,4.3269,4.8699,-1.2573,-1.4767,-0.6191,-0.5265,42.02,304.82,C
7323,-0.1176,-0.4571,0.5914,-0.5854,1.2604,1.6537,44.43,313.33,C
7324,2.3941,3.8517,4.1149,3.5999,2.3035,1.803,47.32,409.92,D
7325,-4.9269,-3.9371,3.0058,2.1357,-1.9718,-3.1507,37.06,305.6,A
7326,-1.2889,-0.8701,-0.4531,-0.032,-0.3351,1.0425,42.78,313.67,C
7327,-5.8672,-5.8862,-1.0446,-0.5972,0.8822,0.7041,31.8,251.61,C
7328,17.6032,15.0713,1.4695,0.7941,1.4395,2.4267,58.66,416.28,B
7329,2.9077,2.4299,3.5715,1.8766,0.8484,2.6505,48.93,360.08,B
7330,4.0023,4.9455,1.6484,0.6984,-1.3737,-0.7931,48.65,329.1,D
7331,6.3358,4.5026,-1.5764,-1.3573,-0.7445,0.0104,43.12,324.94,A
7332,6.5132,5.8262,1.7824,1.6036,1.0378,0.9066,52.69,384.08,B
7333,-4.9561,-3.7388,-1.1864,-0.5215,1.0713,0.4932,38.96,259.14,A
7334,-5.4082,-5.4015,-3.6022,-4.1832,0.5921,0.699,32.7,272.36,A
7335,-2.5643,-2.5005,-2.523,-1.7369,-0.1766,-0.7898,37.24,308.73,B
7336,-7.5761,-6.2519,-6.0753,-5.6259,-4.5164,-3.5302,26.67,185.56,A
7337,10.2409,9.9657,3.2456,2.2133,1.8392,2.3433,59.22,421.88,A
7338,-1.9693,-1.8182,2.121,1.6734,-0.5949,-0.5145,40.78,286.44,D
7339,3.9987,4.6032,-0.7486,-1.7402,-0.3264,-0.895,43.28,310.04,A
7340,-0.434,-0.6931,1.2979,1.7832,2.2657,2.0308,45.55,324.74,D
7341,-1.2561,-0.102,-0.5743,-0.8526,1.5909,1.2899,40.87,300.29,A
7342,3.96,2.9237,-0.4878,0.173,1.885,0.7527,47.68,361.91,A
7343,9.7202,10.3186,2.5501,1.5442,-0.5613,0.2678,53.3,395.82,B
7344,1.1794,1.606,-0.6455,-0.7264,-1.443,0.0133,44.63,323.26,B
7345,-2.3997,-2.6117,1.2551,1.964,1.8774,1.9776,41.69,326.01,D
7346,5.7586,6.6398,4.6254,3.424,-0.779,0.8604,48.64,388.58,B
7347,2.5117,2.5847,1.5667,2.2373,2.1748,1.3634,49.81,362.01,A
7348,-7.9872,-7.2934,-1.7309,-1.8542,-0.7055,-0.8257,32.47,248.77,C
7349,-5.6502,-4.5048,-0.3989,0.361,-1.0073,-1.0213,42.64,288.13,A
7350,-0.6189,-0.427,-3.1834,-3.2756,-0.6859,-0.829,37.99,273.86,C
7351,4.7477,4.9362,-0.1688,-0.7538,-0.5631,0.6359,44.77,354.32,A
7352,6.9432,6.447,-3.4982,-2.341,-0.8671,-0.7054,42.78,333.51,C
7353,-8.6553,-6.5927,-1.9166,-0.1244,0.9782,0.3108,33.71,286.44,A
7354,0.1597,0.6747,-0.6322,-0.2876,0.5799,0.8387,43.94,332.99,C
7355,2.7435,4.0954,1.7959,2.3944,3.4248,3.114,48.62,386.23,D
7356,-6.9957,-8.6917,-2.5664,-1.8823,-2.8689,-2.8156,32.01,249.06,A
7357,5.1502,5.0138,-4.3591,-3.0181,0.2515,-0.2728,44.43,276.65,C
7358,1.8544,1.4551,-3.0484,-3.8379,0.264,-0.824,39.41,276.9,B
7359,0.5862,0.5128,0.4145,1.5342,-1.6137,-1.7455,42.54,312.56,D
7360,-5.0217,-5.5158,-0.4289,0.672,-0.1465,-0.3666,37.94,293.41,B
7361,2.7045,2.68,0.2252,1.5926,-0.3051,-0.0494,47.17,362.72,C
7362,4.0534,3.7638,-0.0867,-0.0472,-1.1881,1.3372,48.86,349.15,B
7363,-1.7384,-0.8897,0.1742,0.6799,4.9083,3.7855,45.71,317.35,B
7364,-0.2104,0.2879,-2.8399,-3.6687,-1.2658,-1.9211,37.99,293.17,D
7365,-2.1481,-1.3731,-0.9303,-1.662,-2.7817,-2.1795,36.02,254.59,C
7366,-3.4389,-3.9308,0.2607,0.1871,-0.5756,-0.9542,37.54,274.68,A
7367,-0.9604,-1.5221,-3.4197,-1.8932,-1.8812,-2.2993,40.47,278.1,A
7368,2.4489,2.6547,3.472,3.2778,-2.4632,-2.3559,48.53,365.89,A
7369,-1.814,-0.4823,-1.0022,-1.8067,-0.9359,0.2462,39.83,271.65,D
7370,-4.6332,-4.674,1.0466,0.5637,1.1349,-0.125,38.39,285.77,D
7371,3.1257,3.5655,0.0053,-1.3463,0.2393,-1.5756,42.95,334.2,D
7372,5.4313,4.92,5.4951,4.48,-0.671,0.9329,51.82,385.54,C
7373,-0.6458,0.6523,3.5264,3.8101,0.3637,1.7581,46.46,376.92,D
7374,6.2825,6.2274,6.2698,5.1004,2.3494,2.3635,55.35,407.92,C
7375,5.8697,6.5066,2.2905,2.55,-1.2827,-0.8511,48.43,343.59,A
7376,-1.5331,-1.1655,-0.3304,0.2023,-1.8082,-1.6483,38.75,287.19,B
7377,5.5741,3.8787,3.767,3.337,1.6649,1.6367,52.5,390.77,B
7378,-0.2808,0.175,1.8376,3.2493,2.4881,2.4736,46.73,336.03,C
7379,0.1863,1.4765,-1.0291,-0.9209,-3.0555,-1.2105,40.3,289.94,C
7380,3.9437,3.4314,-0.5788,-0.5746,1.4721,1.3306,47.4,341.43,C
7381,-4.9354,-4.5745,-1.7682,-1.1282,1.6304,0.5305,40.08,286.26,B
7382,-8.5413,-9.9559,-7.0804,-6.5054,-2.122,-2.3412,22.76,148.89,D
7383,6.918,8.0161,-0.7722,-0.4841,1.6105,1.9335,46.78,342.39,C
7384,-1.8287,-1.3907,-2.2719,-3.3593,-2.3206,-1.8207,36.48,240.16,A
7385,-0.1415,-0.1924,3.4368,3.3105,1.7244,2.1451,46.29,367.82,B
7386,-8.6921,-8.4845,-2.7027,-1.4823,-1.1287,-1.2551,33.69,229.62,C
7387,-8.6167,-7.6286,-3.6066,-2.8013,-0.9147,-0.7847,29.87,231.04,D
7388,-0.8041,-0.3732,0.2804,0.6622,-1.011,-0.1291,39.87,309.33,B
7389,-3.6046,-2.3264,2.0773,3.2633,1.0858,0.4674,40.01,326.77,D
7390,5.965,6.7769,4.4715,2.5338,0.7162,1.2433,51.26,369.68,D
7391,-7.0217,-6.9981,-3.646,-3.8415,-1.967,-2.0589,31.21,210.19,D
7392,-6.6461,-5.5818,-5.1598,-5.0584,-0.9433,-0.4558,34.12,216.63,C
7393,8.1141,7.1469,-2.2468,-2.262,-1.7447,-1.598,43.83,294.13,C
7394,-6.3972,-6.1119,-1.0736,-0.7381,1.4774,1.221,33.69,257.58,C
7395,-11.3904,-12.0642,-1.5399,-1.4623,0.165,-1.7714,30.79,229.77,A
7396,2.3102,1.3479,-1.6649,-2.3928,-3.5241,-2.0284,39.77,292.23,D
7397,-1.7196,-1.0668,6.1256,5.7691,1.9995,0.6702,44.78,357.76,D
7398,6.8368,8.618,-1.4828,-1.7185,-2.5319,-1.189,49.37,332.94,A
7399,4.0112,3.7202,2.8897,2.9491,1.811,3.0417,48.31,356.82,C
7400,-7.1634,-7.9529,3.5797,3.5425,1.2059,2.3021,40.42,321.27,A
7401,2.1961,1.5407,2.7776,2.6286,-0.002,-0.7203,41.99,331.01,B
7402,-3.1297,-2.9925,-0.8902,-1.5676,2.5958,1.4119,41.8,319.25,A
7403,-2.0361,-0.721,-1.5832,-0.7177,2.6445,1.0989,43.53,298.36,C
7404,-2.8246,-2.5548,1.0919,2.1621,0.1858,-0.6406,39.99,325.11,D
7405,3.0614,0.8877,1.2409,0.9414,0.8048,-0.0941,49.15,331.18,B
7406,-1.1591,0.0536,-0.9219,-1.5385,-0.3815,0.2211,41.5,285.36,C
7407,-1.0261,-0.0145,3.6927,2.2217,0.3574,0.2835,41.97,349.92,D
7408,0.8581,0.5102,-1.8658,-0.1397,-0.951,-0.065,40.55,307.4,A
7409,-0.6735,0.0732,-3.6806,-4.4435,-0.1222,-0.2462,36.93,248.74,A
7410,-3.1456,-2.8462,-1.6951,-1.748,-1.4142,-1.3941,36.57,266.73,B
7411,-4.6499,-3.9458,-2.9199,-2.2615,-0.1085,-0.4409,34.14,309.57,C
7412,0.442,1.1263,0.9217,0.8347,0.7574,0.4848,46.25,318.22,B
7413,-2.8573,-3.0672,-1.9003,-0.322,-0.8538,-0.335,36.9,263.14,B
7414,0.3201,-0.141,2.8303,2.634,1.2889,1.924,45.93,329.45,D
7415,-0.7851,-0.4838,-2.3013,-2.6295,-0.952,-2.088,37.92,275.0,B
7416,-0.3677,-0.5168,-0.6684,-0.8112,-1.0056,-1.0383,42.9,272.43,A
7417,-0.2547,-0.3147,2.2938,2.5477,-0.3593,0.284,44.22,341.26,D
7418,0.6213,-0.0824,-3.3558,-3.0073,-0.5025,-0.363,37.4,247.52,B
7419,3.4127,3.7077,-1.3924,-1.2295,-2.786,-2.1483,43.79,345.69,B
7420,1.5348,0.2656,2.0464,1.5394,0.5357,1.3245,45.64,314.16,B
7421,9.715,10.699,7.4312,6.5831,0.6618,3.3473,61.59,461.73,C
7422,-3.3376,-4.3267,4.3865,4.5016,-0.2939,0.8087,43.08,331.8,A
7423,-2.8279,-3.0614,1.9027,2.1144,-1.467,-0.4498,42.65,304.1,A
7424,8.2829,7.2822,-0.3259,-0.7205,-0.499,-0.7063,51.32,329.76,B
7425,6.4799,4.7768,0.4553,1.4327,0.3967,0.8514,48.83,346.06,B
7426,-2.0125,-0.3964,-2.6835,-2.4187,-2.128,-0.3277,36.01,281.38,A
7427,-4.0817,-2.7722,3.6068,2.8258,-0.2048,0.2721,46.14,340.16,A
7428,-4.7544,-3.2371,1.9256,2.5392,0.51,-0.0527,41.75,301.32,D
7429,3.0145,2.4905,-0.5534,-1.3596,0.9261,0.0976,44.23,324.48,B
7430,0.0337,-1.362,-6.1502,-4.887,-2.3867,-2.7977,35.5,218.08,B
7431,2.5948,2.8671,-1.8165,-0.6688,-2.4516,-1.7072,39.03,290.9,D
7432,-7.1995,-6.7091,-2.3934,-2.3121,-0.7061,-0.6968,33.62,238.41,C
7433,0.6762,2.3906,0.4904,0.0082,-1.0083,-1.6979,43.58,325.48,B
7434,3.4569,3.7766,-0.887,-1.1149,1.0454,0.1034,42.19,309.55,B
7435,-6.8142,-5.594,2.3845,1.0897,2.0312,0.9991,41.47,322.62,A
7436,3.5946,4.1096,1.7319,1.4451,1.6504,0.7003,46.7,360.46,C
7437,13.922,13.5842,11.0282,9.1362,1.9181,3.952,67.57,518.03,C
7438,-1.8851,-0.9638,2.8958,3.5257,0.2351,-0.0398,47.66,343.22,A
7439,-6.6911,-5.9504,-2.9721,-3.3768,0.5085,-0.5017,34.54,214.76,C
7440,-3.3583,-4.1101,2.412,2.8436,1.1048,1.7171,40.21,315.9,A
7441,-3.2497,-2.6503,-8.0484,-7.2858,-2.0676,-2.5225,30.94,237.39,D
7442,-1.5242,-0.3479,0.4064,2.0704,-2.7615,-1.4655,41.03,317.66,C
7443,11.4553,11.4067,-0.5226,-1.7444,0.5396,1.2359,53.06,372.82,B
7444,5.6891,4.7937,0.057,-0.0205,0.8622,0.5272,45.77,372.04,B
7445,5.5145,5.5356,-2.1932,-2.7315,0.6283,-0.2752,43.83,325.6,D
7446,5.8744,4.6636,-0.0127,0.8846,1.9436,0.2422,48.67,354.7,C
7447,-3.362,-4.2364,-1.3898,-0.3508,0.2254,-0.4533,40.55,277.1,A
7448,-1.0717,-1.0744,2.0879,3.8418,4.069,1.2644,45.57,360.21,B
7449,-7.444,-7.0209,0.4829,1.4034,-1.2575,-3.111,29.06,240.16,B
7450,-6.7942,-6.4157,-1.217,-1.065,-2.3773,-0.6751,34.15,247.43,B
7451,-7.7936,-8.1619,-2.2856,-1.6711,-1.9687,-1.9907,29.65,220.04,C
7452,-7.4765,-6.2024,-4.7197,-3.4818,-2.0505,-1.8543,29.25,227.62,D
7453,4.056,4.2129,-2.021,-0.7206,0.2282,0.8186,44.51,330.78,D
7454,-1.7893,-1.8674,-0.8857,-1.84,-2.4056,-1.7922,36.08,283.54,A
7455,7.2086,7.0471,2.7806,3.2386,0.808,0.5978,48.69,365.59,D
7456,-0.5209,-0.0007,-2.8152,-2.4555,-0.707,-0.6989,41.31,266.71,D
7457,0.523,-0.5148,2.9529,2.5716,-0.0627,1.1463,47.14,342.82,D
7458,0.9963,1.5048,2.81,1.9477,2.1086,1.7011,49.09,340.97,D
7459,-5.3866,-5.2406,-4.7174,-3.344,-1.6655,-0.3746,31.98,260.3,C
7460,-11.0409,-11.467,-1.2927,-0.6223,-0.262,-0.4534,31.57,233.9,B
7461,-4.8872,-3.7236,0.6829,0.7225,-0.7457,-0.6058,38.44,277.35,B
7462,8.9133,9.8584,1.2727,-0.1281,1.2042,0.4753,51.58,370.43,C
7463,-4.9731,-3.1817,-6.2143,-6.3349,-3.8215,-4.7703,29.07,177.92,B
7464,1.4023,1.0077,-0.8179,-0.2586,-1.4998,-1.3703,41.57,301.92,D
7465,-5.9062,-4.2448,-3.6165,-2.5984,-1.4686,-1.0756,34.16,256.36,A
7466,-1.8441,-1.1152,-1.7166,-1.6329,0.6602,1.9589,40.56,271.98,A
7467,-2.6111,-2.2277,2.0798,-0.2591,0.7396,1.2883,42.83,306.18,C
7468,6.5173,6.7512,1.6037,2.5723,1.6524,1.2279,51.78,379.3,A
7469,8.8394,9.3599,0.0543,0.3394,-1.3104,0.3712,50.66,360.77,A
7470,1.6434,2.4243,3.6621,5.5557,-0.3407,0.3396,49.61,358.22,A
7471,10.5252,10.8901,5.1676,4.2818,1.2142,1.6397,55.7,417.64,A
7472,-5.5197,-6.9833,-6.2134,-5.9863,-0.7815,-3.5575,29.25,191.42,C
7473,-0.1553,0.0359,-1.0158,-0.3187,1.0019,0.8029,43.05,329.66,D
7474,1.9397,1.986,2.4122,2.121,0.2389,1.7575,44.13,366.19,D
7475,-3.6186,-3.7935,-2.5871,-2.8525,-1.7846,-1.1221,38.29,249.86,A
7476,-0.1463,-0.5553,0.6998,0.9527,0.5126,1.8566,45.34,323.32,B
7477,14.1089,13.9331,6.973,6.3511,0.7551,2.2211,60.82,475.78,B
7478,-4.5078,-1.7822,-4.6531,-4.5563,-1.8303,-2.6501,32.05,238.11,D
7479,0.7189,1.7885,-0.9134,-0.698,-2.7784,-2.1719,41.78,318.3,B
7480,2.9983,1.0908,3.9215,3.5064,-0.2255,0.7574,49.01,367.44,C
7481,-3.8025,-3.2356,-3.7122,-2.7397,-1.7362,-1.642,31.92,207.75,C
7482,5.4739,5.3549,4.3545,2.1824,1.254,0.8256,46.41,403.24,A
7483,3.6368,2.1118,0.4347,1.2424,-0.0464,0.5597,44.17,326.7,B
7484,0.1044,-0.018,1.8473,1.0727,0.9005,1.5737,42.6,321.65,C
7485,5.8699,5.626,2.2647,1.6669,-0.5284,0.1174,49.43,360.84,B
7486,-5.1457,-5.2169,-0.1619,0.5724,-0.41,-1.2325,36.26,254.72,B
7487,8.6015,7.6552,-2.6593,-2.4909,-1.9996,-1.6743,43.31,344.45,A
7488,-1.5308,-1.255,1.7181,2.4544,0.7384,0.72,45.19,347.9,A
7489,-0.9575,-0.1201,1.0087,1.1015,-0.9329,-0.5188,38.47,330.62,B
7490,-7.3134,-7.1947,-4.5125,-4.3382,-2.5383,-2.7491,31.0,214.83,D
7491,-4.8236,-4.805,-3.0803,-1.3845,1.4887,0.0466,34.17,257.74,A
7492,5.6314,4.8998,0.2734,-0.5006,-0.5453,-0.3126,44.84,349.36,B
7493,5.8297,4.5092,3.9429,2.9208,0.6529,2.0307,50.26,390.6,B
7494,3.4207,2.8258,-0.3629,0.0156,-0.6024,-0.5155,45.21,290.26,D
7495,3.1488,2.194,-2.7794,-3.4577,-2.3294,-1.0254,40.58,271.26,B
7496,2.5462,0.562,-3.8468,-4.2101,-0.8129,0.3464,40.5,299.72,D
7497,7.4135,7.6461,1.6385,0.4362,2.4905,2.9183,54.58,373.56,B
7498,-10.1525,-10.2243,-1.0109,-0.1683,-1.6796,-0.9488,27.51,242.34,C
7499,-2.9714,-2.8058,2.4336,2.6754,1.2597,1.418,40.97,309.9,D
7500,-1.9078,-1.3752,0.1558,0.1737,-1.4145,0.4018,40.85,289.29,D
7501,3.9899,2.799,-0.097,0.1956,-1.5582,-0.5862,46.19,307.47,D
7502,8.542,8.4536,2.455,1.5239,1.9743,1.5091,47.53,384.28,B
7503,-3.0503,-3.4526,1.4469,1.4311,2.1781,3.1247,42.62,311.7,B
7504,-0.9247,-1.2889,0.2607,0.2188,1.3304,1.2175,41.56,313.99,D
7505,12.9244,12.0165,5.6956,3.3179,-0.3994,1.1312,56.92,438.67,A
7506,4.8493,4.6042,0.5264,0.3177,1.0442,0.8538,48.65,387.03,C
7507,-5.1753,-4.9169,-1.3129,-1.2185,1.6186,1.3141,38.06,293.0,C
7508,-2.8839,-1.3095,-0.553,0.288,-0.0991,-0.2609,38.42,304.42,D
7509,3.0681,2.6477,-1.2046,-1.9154,-0.5282,-1.3705,43.38,293.78,A
7510,3.6175,3.5142,0.4633,-0.3157,1.7006,1.4907,45.21,323.81,D
7511,2.2584,2.6464,3.4741,2.2948,-1.1607,-0.3024,44.34,360.9,A
7512,-3.9655,-3.1055,-1.1364,-2.3444,-0.5051,-2.3974,38.34,296.36,A
7513,1.4631,0.4118,5.0487,4.2008,2.442,2.4907,48.39,382.14,B
7514,6.9443,6.3891,-1.0086,-0.9685,-0.6372,-1.2244,47.12,332.89,D
7515,-0.0576,1.7267,-1.9991,-1.07,-1.5408,-2.1934,39.98,307.14,B
7516,9.693,9.4317,5.3099,4.1372,1.0138,1.4391,55.39,414.52,C
7517,-3.6888,-3.4577,-0.4653,-0.8802,-0.7048,-0.9556,35.55,272.91,A
7518,-1.994,-0.7409,3.3777,3.3205,0.85,2.9937,43.03,321.27,B
7519,-2.3975,-2.8218,-0.7399,-0.1623,-1.8285,-1.4114,36.05,276.86,A
7520,-7.748,-6.2433,-0.0869,0.9786,0.9685,0.5525,38.23,297.82,C
7521,-11.3729,-11.5205,-1.2174,-0.2174,-1.7181,-2.3913,29.83,225.2,B
7522,5.8231,4.8191,4.4795,3.7463,0.1196,1.1035,51.22,388.35,C
7523,0.3544,-1.3654,-2.9554,-3.0695,-1.0873,-1.3154,38.39,266.57,B
7524,4.233,3.826,-3.6867,-3.8555,-0.2498,-0.6445,44.49,298.67,A
7525,2.5209,1.7084,3.4633,2.0037,-0.7305,0.3822,44.65,323.64,C
7526,6.7252,6.5687,4.0081,3.7867,0.6565,2.0665,54.05,417.16,D
7527,-1.4179,-1.5945,0.6452,2.0661,1.7172,-0.2357,44.71,327.08,B
7528,-8.2373,-8.2987,1.5682,2.0248,-3.1029,-1.5926,31.82,261.97,D
7529,5.8929,4.3054,-2.868,-2.6187,-1.3273,0.1004,42.81,316.24,D
7530,-4.1255,-2.0978,-0.1546,-0.6214,-1.9662,-0.434,32.5,282.19,B
7531,6.2997,6.5282,1.981,1.2943,-1.4601,-1.2247,50.98,321.92,B
7532,-1.9081,-1.8478,-1.2992,0.0083,1.0818,2.5264,38.94,290.32,B
7533,1.7481,1.026,-2.9058,-2.6197,-1.2985,-1.0653,39.91,311.36,C
7534,-2.0435,-0.006,-0.8208,-0.9421,1.5575,0.7178,44.87,301.49,B
7535,-3.8656,-2.6004,-0.542,-0.33,3.2857,2.6621,41.85,303.07,D
7536,-0.8515,0.0097,1.0238,1.2192,1.1963,0.843,45.22,322.92,C
7537,7.5282,7.7838,3.1772,1.8519,1.2983,1.9356,54.33,395.16,D
7538,5.9989,5.8829,3.8124,3.4582,0.7292,2.21,52.92,379.72,D
7539,-3.0999,-2.0486,1.8188,1.9794,3.9505,2.1148,43.12,317.17,C
7540,-3.5777,-2.4614,1.1308,0.1767,-2.0251,-1.2365,38.37,270.2,C
7541,-1.776,-2.0825,-3.1936,-3.1524,-1.3764,-0.7933,32.77,248.5,C
7542,-1.4423,-1.645,-1.6208,-1.4639,-4.0195,-3.1222,36.39,265.58,B
7543,3.0988,2.168,2.092,2.9897,2.8887,2.5212,51.31,379.94,A
7544,3.5294,2.8515,0.6742,0.5004,0.189,0.1286,46.75,337.02,B
7545,13.2403,14.3703,8.5865,9.0025,1.6861,3.4449,66.6,502.8,C
7546,9.5124,8.4141,0.5125,-0.7644,-1.1085,-1.0169,49.46,372.36,B
7547,2.5138,3.5615,4.1836,4.2742,0.7746,1.7617,52.76,383.09,D
7548,-3.0238,-3.0037,2.1355,2.5517,1.5356,1.3232,42.78,311.16,A
7549,0.9183,1.0883,-1.7061,-2.0774,-0.0465,-1.0606,39.75,266.8,D
7550,2.0428,1.9046,-3.6008,-4.2217,-2.6095,-2.7225,34.98,281.11,B
7551,-2.4144,-1.612,0.527,0.2037,2.6371,1.3497,41.78,334.62,A
7552,5.5036,4.1751,-2.6752,-2.6568,-2.7238,-1.8196,44.41,276.85,A
7553,2.4918,3.1502,-1.6233,-0.6041,-0.7807,-0.2578,41.32,314.91,C
7554,12.896,11.6748,-0.746,-0.0324,1.066,1.5204,54.28,371.33,A
7555,3.0132,2.3568,2.1388,1.0327,0.2493,-0.0767,44.22,337.24,A
7556,-5.8446,-6.8887,1.8542,0.7542,-2.1825,-1.0285,35.59,298.19,A
7557,6.3339,6.2043,-2.3324,-2.64,-0.615,-0.5455,46.25,315.05,D
7558,15.9171,15.8373,5.4855,4.2176,0.0114,2.2178,62.94,448.29,A
7559,-3.5119,-3.3567,0.6497,1.257,-0.9703,-0.8984,38.86,292.21,B
7560,12.9061,14.0302,5.9167,2.7386,0.6186,1.2906,59.93,435.14,D
7561,2.086,2.4946,1.3144,2.757,-0.773,-0.5152,45.0,370.85,D
7562,6.5221,5.9094,0.09,0.2478,0.8778,0.7686,49.03,380.07,D
7563,-8.2006,-6.8875,-2.3004,-1.0795,0.5376,0.327,32.76,260.22,D
7564,5.5756,3.8491,2.3291,3.1084,1.4528,2.0862,53.29,398.25,A
7565,5.3567,3.4276,-0.8175,0.1604,-2.4154,-2.1489,41.02,314.17,A
7566,7.8803,8.024,4.5477,5.3129,0.5953,1.4596,51.9,392.41,A
7567,4.7794,3.5872,0.1386,0.4978,-0.7226,0.1235,40.88,348.86,C
7568,2.4473,2.3649,-3.8268,-3.4747,-1.263,-0.4623,42.24,288.68,B
7569,0.5452,0.2789,-0.7188,-1.3314,-3.234,-1.8696,38.63,287.01,B
7570,3.6899,5.1109,1.4517,1.1661,2.2091,1.384,49.0,357.54,A
7571,-1.9727,-1.2762,0.1721,0.0811,-1.0818,-1.0878,42.94,288.96,D
7572,-8.3141,-9.4713,-0.085,-0.1646,0.4825,0.2379,34.77,239.42,D
7573,11.3135,11.184,-0.5462,-0.7499,-1.7891,-0.5319,45.6,356.88,B
7574,-1.6518,-0.7606,-0.5428,-0.1643,-1.1289,-0.4566,37.73,301.47,D
7575,0.3896,1.6949,-1.9241,-2.3551,1.7822,0.7011,41.47,290.71,D
7576,-4.3467,-4.3947,-4.1281,-3.3662,-1.2691,-2.8494,31.86,256.35,D
7577,-0.5098,-1.3683,4.431,5.4679,0.9597,1.044,46.36,356.37,D
7578,4.6578,3.7505,-1.7035,-1.2218,0.3534,-0.359,44.0,297.26,C
7579,-4.6393,-2.9543,4.6203,3.9165,1.1465,1.0875,41.15,322.84,D
7580,8.432,7.5537,6.6759,3.631,-1.2161,-0.6273,52.33,395.27,C
7581,-9.2509,-9.5009,-2.1544,-2.5005,-0.5258,-0.0511,30.01,259.24,C
7582,3.3891,3.4022,0.662,-0.21,-0.2945,0.6559,41.62,338.42,A
7583,-11.6866,-11.6956,-3.1205,-2.9412,-2.1395,-1.5016,25.36,211.51,C
7584,-0.6415,-0.6747,3.1643,2.6375,-1.8435,-0.2947,43.44,306.98,C
7585,-5.8657,-5.0405,1.1289,2.7064,3.0176,3.3051,42.53,296.87,B
7586,-0.638,-1.4323,-2.6913,-3.5437,-0.004,-0.5824,40.79,277.23,A
7587,7.0098,5.6438,1.8515,1.2841,1.3071,0.4333,49.03,387.16,A
7588,0.1714,0.5729,-0.7147,-0.2243,-1.1819,-1.2984,45.26,319.95,B
7589,-0.1036,-0.2556,0.9712,1.4385,1.9937,1.9333,44.4,338.45,C
7590,6.7854,5.6228,0.9036,0.902,-2.216,-0.9708,46.52,350.12,C
7591,-1.251,-1.8711,1.072,1.2267,-3.4544,-3.0418,39.92,274.72,D
7592,-1.9846,-0.947,-1.7535,-2.1422,-0.0707,-1.0406,38.34,275.1,B
7593,-6.9735,-5.1679,-3.966,-3.4356,-4.7936,-5.2529,25.43,214.27,B
7594,1.1386,-0.4871,-2.007,-3.2094,0.3709,-1.1891,35.75,273.9,B
7595,6.9441,6.5274,-0.5007,0.0198,1.811,1.1532,49.77,348.98,A
7596,9.6173,10.1179,3.9404,3.1952,0.6525,1.0158,54.56,390.94,C
7597,-9.1169,-7.7964,-0.4073,-0.7465,0.4183,-1.0402,36.17,274.16,D
7598,-2.1469,-1.2758,1.7677,1.413,-2.1609,-1.7434,39.32,314.6,B
7599,-1.9062,-2.9811,-0.8716,-0.171,2.3502,2.9515,40.9,313.91,D
7600,-2.8157,-3.0216,-0.9417,-0.3139,-0.9101,0.1269,37.06,273.78,B
7601,-2.5042,-4.1972,-5.8759,-4.6487,-2.9852,-2.2622,32.68,224.92,A
7602,2.4029,1.6242,0.5157,1.1642,0.2915,0.6595,43.63,308.71,A
7603,0.1187,0.8194,0.3404,1.691,0.5873,1.0425,43.17,336.83,A
7604,6.1525,5.4102,6.9809,4.9729,2.4809,2.5765,55.06,399.46,D
7605,-6.6907,-7.7885,-2.1874,-2.4795,0.8016,0.2885,33.68,233.46,A
7606,7.4455,6.5907,0.03,-1.4875,-1.7868,-1.0407,48.95,357.7,B
7607,0.441,0.4361,1.688,1.2396,-0.537,0.3747,41.29,334.95,B
7608,-4.2909,-2.8,3.6069,3.1569,0.0514,0.9398,44.17,319.44,A
7609,-9.4513,-9.1651,-0.738,-0.7007,-0.9706,-0.4295,33.3,239.1,B
7610,-0.2778,0.046,-0.1943,1.4726,0.3346,1.6597,43.02,301.61,B
7611,-1.3701,-0.1724,4.538,5.2058,2.82,2.947,47.08,359.06,A
7612,1.205,0.8218,3.4993,2.9722,-0.2485,-0.14,44.33,326.37,C
7613,-7.3251,-7.8113,-0.1968,1.3563,-1.3588,-0.7169,36.64,267.35,B
7614,-2.1786,-1.5748,-2.4709,-2.3783,-1.8138,-1.9853,37.96,287.94,D
7615,-10.0996,-11.4726,-5.2675,-3.5734,-0.0027,-1.803,27.51,183.63,C
7616,13.2254,13.2955,3.6844,3.0979,0.8493,1.2555,58.04,433.81,D
7617,3.3598,2.1735,-1.0473,-0.5071,-0.9636,-0.9833,42.01,327.07,A
7618,-8.0393,-8.1646,-6.0021,-5.4595,-1.8289,-2.2928,30.19,180.82,A
7619,-6.365,-9.1985,-4.3221,-4.0828,-2.2379,-3.0951,26.28,195.4,B
7620,4.4894,5.3105,-0.1932,0.1788,2.972,1.9883,48.73,341.09,D
7621,-0.6973,0.8566,-0.1333,-0.1446,-1.141,-1.6078,43.37,286.98,B
7622,-2.2848,-1.3216,2.1454,2.4623,-1.7588,-1.0149,42.96,303.1,B
7623,4.4443,3.4157,-0.9505,-2.2039,0.6074,0.788,45.6,338.8,D
7624,3.2575,1.6641,-3.2186,-3.6725,-0.2826,-1.5043,37.67,321.51,C
7625,-8.1413,-7.9847,-2.6675,-3.3907,-1.0448,-0.5329,32.17,210.7,C
7626,11.8135,10.111,-2.5951,-2.3367,0.1017,-0.4194,50.13,367.44,C
7627,2.1462,2.823,4.9661,4.2709,1.0234,2.5446,52.24,403.32,B
7628,6.3782,6.0861,2.8815,1.6191,-1.0159,-1.6161,51.83,364.33,B
7629,-9.0791,-9.2862,-0.9209,-0.5895,-1.5272,0.4188,32.68,277.42,B
7630,-6.0312,-5.3433,-2.2504,-2.139,-0.6706,-0.5161,34.91,247.62,C
7631,-9.9477,-10.0721,-4.5227,-4.7952,-3.0764,-4.8748,25.73,202.56,A
7632,0.277,0.7582,0.9159,0.94,1.112,0.8529,43.29,333.94,D
7633,-1.2955,-1.1828,0.3398,-0.3983,-0.8127,-0.2674,40.8,290.24,B
7634,4.022,5.2033,-0.8852,-0.8024,0.3225,0.9831,46.35,311.04,D
7635,14.2116,13.7995,4.2071,4.1265,2.085,3.1021,60.06,448.0,A
7636,5.5958,4.3228,3.1756,2.2238,-1.6548,-1.0307,48.11,361.98,B
7637,1.3059,0.7935,-1.1936,-0.4864,1.0094,0.7898,41.21,310.68,C
7638,-4.356,-3.186,-3.7026,-3.2132,-0.9362,-1.849,36.6,264.0,A
7639,5.4898,5.0114,3.6237,3.0073,-1.0444,-1.5105,47.3,383.14,C
7640,4.6824,5.7978,1.0862,0.329,-0.9879,-0.5265,46.0,364.46,A
7641,7.8696,7.5568,1.4154,0.5175,-1.3305,-0.7538,47.35,339.24,B
7642,2.6128,2.0739,4.0141,4.1132,-0.4615,1.2371,47.41,367.57,A
7643,8.5952,9.4036,2.9263,1.4611,0.3262,0.6766,49.57,376.82,A
7644,-10.2498,-9.5877,-2.996,-1.8466,2.0794,-0.2531,27.47,221.78,B
7645,-1.2517,-2.1291,-0.2635,-0.5395,-0.3104,-0.0656,40.49,301.64,A
7646,4.1179,3.5921,1.746,0.3616,-2.6005,-0.0961,43.14,351.36,A
7647,-2.2433,-2.4123,1.1504,1.8594,-1.4179,-0.1535,39.68,303.64,A
7648,1.252,1.7991,1.2313,2.2738,2.8095,2.1134,48.01,321.86,B
7649,-3.1985,-3.0779,-0.2095,-0.9268,-1.3919,-0.5559,36.56,259.45,A
7650,1.3688,2.1856,-2.0401,-2.3473,1.5104,0.5991,40.63,298.69,B
7651,-2.4084,-2.2525,-2.7896,-3.1138,-1.9602,-1.8246,32.66,252.14,D
7652,-2.39,-2.7999,-6.0333,-5.563,-1.7176,-2.4774,30.74,206.2,D
7653,-3.7501,-4.699,0.206,-1.0088,1.4164,0.7623,36.48,286.39,A
7654,0.8518,0.1234,-2.9931,-2.1778,-1.7003,-2.7153,40.0,281.6,A
7655,-1.5104,-2.7498,-4.9993,-3.6131,0.3436,-0.1492,36.83,236.65,C
7656,-0.8495,-1.112,0.7305,0.1637,2.2525,2.8411,44.3,305.94,A
7657,-1.1632,-0.5543,-1.6928,-0.3341,-1.2729,-1.093,40.0,285.7,A
7658,-1.4167,-0.8907,-0.0675,0.5095,0.0203,-0.2229,40.78,310.02,C
7659,-2.8147,-1.81,-4.3498,-2.9818,-1.3564,-1.8956,33.15,257.76,A
7660,0.7297,0.4069,4.4586,4.5975,0.7407,1.1195,47.98,374.87,C
7661,-2.3678,-1.6829,2.4204,2.1522,1.0584,0.1022,46.99,344.18,A
7662,-3.9065,-4.3136,-2.5047,-2.1413,0.1194,-1.2032,35.2,264.9,D
7663,-0.5385,0.3832,-0.0132,0.9422,1.6659,0.9284,42.78,320.12,D
7664,1.4287,1.963,1.5133,0.9671,0.6311,-0.0677,45.02,337.48,C
7665,2.6549,2.1617,-0.4286,-1.5307,0.3167,-1.5264,44.76,290.12,C
7666,1.4985,1.1548,1.1687,2.7869,1.0659,1.3837,45.62,344.67,A
7667,-0.5854,0.6557,-0.3442,-0.4029,-0.7948,-0.0967,42.79,306.25,C
7668,-0.7727,1.0378,0.4431,2.0488,-2.6005,-3.0996,41.95,318.62,C
7669,-0.5847,-0.5989,0.533,0.5076,-1.1316,-0.5762,41.15,313.95,A
7670,7.8888,7.8208,5.2338,3.3754,-0.1084,0.4753,53.71,407.96,C
7671,-2.1496,-3.267,0.6623,1.7233,-0.9132,-1.1999,38.96,259.35,B
7672,1.8464,1.1266,3.0969,4.2524,-0.392,-0.1142,46.55,377.0,D
7673,6.2992,5.7971,0.6964,0.3991,-0.1177,0.0545,49.74,354.11,A
7674,8.8301,8.3546,-2.6223,-3.3322,-0.5049,-1.3421,46.46,337.2,D
7675,1.7497,1.641,1.7499,0.2984,1.0333,1.2757,45.55,341.6,C
7676,-2.655,-2.8165,4.6892,4.2259,-0.1411,1.2589,43.11,337.63,D
7677,-3.5535,-1.8919,-2.7943,-0.6964,0.2221,-0.7991,36.21,256.2,B
7678,-1.6547,-0.0512,1.2859,-0.5297,-1.7112,-1.1381,42.05,316.17,D
7679,8.6872,9.3568,3.6861,2.79,0.9225,2.1119,53.61,416.25,C
7680,5.5884,4.1477,1.665,1.7471,-0.2638,0.0139,47.62,366.06,B
7681,5.3232,5.8985,1.7453,2.5774,-1.1927,-0.1114,47.39,360.46,D
7682,4.0727,4.0106,2.8353,3.0238,0.5604,0.5255,47.62,374.52,A
7683,15.8765,15.3881,-0.9255,-1.1343,-1.9303,-0.4717,56.42,378.99,C
7684,-5.6978,-6.9524,2.7734,4.0403,0.1261,0.7197,37.73,303.35,C
7685,0.6947,0.9373,5.0362,3.4016,-0.7261,1.6799,47.6,342.06,B
7686,-0.9046,-1.0206,0.43,2.779,1.0877,0.5935,42.06,322.06,C
7687,-1.7993,-0.7631,-2.1799,-1.1455,0.1732,-0.9379,39.4,287.22,C
7688,3.3841,3.4453,3.1221,1.3099,-0.5573,-0.0341,45.23,344.31,D
7689,-2.0467,-1.6869,3.5428,3.103,0.548,1.6437,45.68,348.96,A
7690,-0.0005,0.7131,3.2336,3.7604,0.2306,-0.1832,46.23,327.46,D
7691,-2.1631,-3.2145,-1.8472,-2.8969,-1.3041,-2.2867,36.53,251.11,A
7692,8.073,8.6812,1.7519,0.2784,1.1466,1.8744,53.93,382.7,C
7693,0.2344,-0.0087,-0.545,0.3251,0.4058,-0.2943,41.72,296.17,D
7694,9.7909,8.4328,3.7289,2.252,-1.1345,-0.3602,56.25,384.3,A
7695,-6.3235,-6.2289,4.8649,4.1379,-0.6158,-1.5238,38.03,307.38,B
7696,-11.8854,-12.2465,-6.9727,-5.2679,-1.3645,-2.0376,24.29,173.1,B
7697,0.3338,1.0245,-5.014,-4.4731,-1.234,-1.5823,38.54,254.38,B
7698,4.861,4.5839,1.1811,1.1956,0.5324,1.3619,47.77,360.86,B
7699,-4.7197,-4.9609,0.0715,-0.4204,0.7186,-1.2232,36.91,253.24,C
7700,0.7044,-0.1451,-1.606,-3.0349,-2.3899,-2.5364,37.08,263.97,A
7701,-13.0789,-11.7707,-3.2437,-2.8645,-0.5623,-2.2182,27.16,220.46,C
7702,-5.3837,-6.0459,0.0371,-0.3719,-1.7488,-2.9589,35.2,241.34,A
7703,5.7897,6.3796,-1.3331,-0.7103,-0.0519,0.2075,46.77,347.35,B
7704,5.6146,5.8446,-0.3119,-0.9988,-0.0514,0.3597,45.13,331.81,D
7705,1.3333,0.8368,-3.3677,-2.8127,-2.4875,-2.4483,37.56,257.42,B
7706,1.2099,1.3165,-2.3938,-1.429,1.6424,0.8165,42.99,305.97,D
7707,0.0565,0.5757,-2.2139,-1.68,-1.6824,-2.5414,40.2,290.38,D
7708,-5.3806,-5.0658,-2.6689,-1.1897,-2.059,-1.8371,36.01,252.42,A
7709,-0.2894,-1.0494,7.0848,6.4824,4.6117,3.9736,50.36,384.9,D
7710,4.4056,4.8028,1.4973,1.4488,1.0544,1.4347,51.43,381.78,A
7711,-3.9215,-3.306,-0.165,-1.1186,-1.6999,-1.086,37.46,287.9,D
7712,-4.8448,-4.5108,-1.1219,-0.3956,4.2969,2.4789,39.04,318.42,C
7713,-0.4656,0.1474,-1.0141,-0.9241,1.2879,-0.7131,42.62,314.29,C
7714,-7.7489,-7.8323,-1.0447,-1.1576,-0.1262,-0.1382,35.06,236.94,B
7715,-10.253,-10.8146,-2.0109,-0.069,-0.4852,-0.1472,30.42,227.44,A
7716,-6.5104,-6.8391,2.8333,2.2408,-1.6165,-0.9597,36.32,285.79,C
7717,2.4471,3.1741,4.0832,3.2174,0.339,-0.7414,49.92,367.53,B
7718,-1.2465,-1.0208,-1.5819,-1.1297,-0.2046,-0.773,38.15,297.83,C
7719,1.9468,1.0528,3.5908,3.0719,-1.5977,-0.5757,42.63,353.68,C
7720,-1.3405,-1.4926,1.5189,0.6257,0.5427,0.7597,42.51,298.39,C
7721,-12.9485,-12.9734,-3.4276,-4.0912,-3.5741,-3.4162,22.31,187.43,C
7722,1.2824,1.5779,0.5622,0.7061,-2.1951,-2.8104,41.49,300.04,C
7723,-2.4566,-2.8894,2.8217,2.3299,1.0582,0.9796,40.98,311.28,C
7724,-1.8726,-1.1097,-3.9224,-3.8561,-3.0305,-2.0333,36.24,270.36,D
7725,-1.8753,-2.5439,3.3878,5.1322,1.6799,0.6786,48.5,346.88,B
7726,4.3621,3.0534,-1.2033,-0.5251,-0.2126,-0.2914,40.51,331.71,B
7727,-4.3508,-4.113,-1.1819,-1.179,-1.3993,-0.9406,36.27,254.33,B
7728,3.8631,3.8265,3.804,3.5285,-0.3216,0.8919,48.85,360.44,C
7729,-5.9696,-5.1428,-2.5321,-3.2824,-0.3588,-1.414,34.13,255.5,B
7730,-1.6118,-0.3845,6.8494,5.9621,2.3931,1.6332,48.2,354.24,D
7731,2.5005,3.2274,-0.3903,0.2655,1.2697,0.7338,46.77,322.33,D
7732,0.8752,0.9906,-1.0834,-2.0593,0.2013,0.9571,37.61,303.69,B
7733,-14.1748,-13.5723,2.7503,3.1448,-2.0374,-0.8871,28.99,243.6,B
7734,-4.5485,-3.9304,-2.7302,-3.688,-1.2895,-0.29,34.56,253.97,C
7735,4.1681,5.0099,-0.1629,-0.0477,2.9393,2.6396,48.25,360.13,B
7736,3.0758,1.2974,0.4115,0.9877,1.7403,2.2785,46.18,322.33,A
7737,5.1981,3.3138,-0.6797,-0.6765,-3.8819,-2.2455,44.12,292.35,D
7738,7.5014,8.2063,2.3129,1.9908,4.7624,2.9138,53.92,381.95,C
7739,-3.0729,-4.1146,2.6816,1.947,-1.9381,-0.806,38.19,300.94,D
7740,-6.1975,-7.2879,-0.5133,-0.205,-1.2119,-0.5288,35.66,275.79,B
7741,-6.7821,-6.4403,-1.0511,-0.5229,1.5472,-1.0241,35.88,256.4,B
7742,8.3065,8.877,1.7279,2.0946,1.3562,0.1966,52.02,389.25,B
7743,-3.3485,-3.2086,-0.277,0.0305,-0.6939,-2.3517,38.45,265.12,A
7744,-0.8758,-0.9044,2.6265,0.5147,-1.4089,-1.1656,44.64,301.86,C
7745,-5.8104,-6.2948,1.1755,2.1371,-0.5881,-1.6107,37.92,296.05,B
7746,5.8148,5.7126,-2.8397,-3.3193,-0.6698,-0.5648,42.58,283.96,B
7747,-1.789,-2.688,-3.4316,-3.1406,-1.4188,-1.3177,34.25,245.71,C
7748,-10.6776,-9.5885,-0.4092,-0.1769,0.6114,-0.8748,34.23,225.08,C
7749,1.7238,2.4357,3.554,3.4975,1.3616,1.3121,47.7,340.01,B
7750,4.4546,4.9652,-1.6626,-0.7194,0.0193,-0.1197,44.79,300.85,D
7751,5.9833,8.3924,-3.1583,-2.2509,-0.6689,-0.6774,45.97,311.81,B
7752,9.6353,9.4526,2.3123,1.1128,1.074,1.8496,54.88,389.28,A
7753,-4.4481,-4.1633,1.2926,1.6433,1.5881,1.1289,43.04,291.32,D
7754,-0.7009,0.38,-2.5556,-2.5337,-1.2239,-3.0056,37.89,306.51,D
7755,-1.5496,-1.9098,1.9659,2.8272,0.0643,0.7488,44.97,314.88,B
7756,2.9493,3.647,3.6735,2.5435,1.4913,0.3009,48.81,352.81,A
7757,-1.5988,-2.0987,4.189,5.1546,3.3122,4.2508,49.86,371.55,B
7758,-5.0261,-4.0302,-2.984,-3.783,-3.5472,-3.9364,27.68,225.58,D
7759,-2.3329,-2.1075,0.0844,0.405,-1.1626,-2.0087,37.93,260.47,C
7760,-7.6031,-7.6022,0.5265,2.9302,2.1345,1.4492,39.47,283.96,C
7761,-8.5418,-7.9256,-1.3244,-0.2358,0.0708,-1.0583,35.54,240.27,D
7762,-1.6502,-1.6819,0.8309,1.224,0.3733,1.3038,41.79,337.88,B
7763,-4.293,-3.0933,-0.6983,-0.0564,-0.2628,0.5023,39.36,289.25,B
7764,-7.5438,-6.6359,-0.7083,-0.7929,-2.8448,-0.8185,31.65,260.01,A
7765,3.2107,2.6898,0.314,1.4073,0.3574,-0.3225,43.59,346.57,D
7766,7.4779,6.7964,5.8128,5.772,0.3504,2.4869,57.39,418.4,B
7767,-11.706,-12.4139,-8.0257,-7.4236,-4.0544,-4.2296,22.66,165.39,D
7768,-0.1917,-0.9462,-1.6523,-1.1304,-0.5582,-0.8363,38.63,277.15,A
7769,6.086,6.2208,1.8472,1.5533,1.4048,1.7193,50.85,370.1,D
7770,15.9181,16.1699,2.6929,1.8498,0.5578,1.0879,54.61,422.75,A
7771,7.2104,6.4944,1.9377,0.8322,-0.4299,-0.1094,48.47,383.95,D
7772,3.423,2.8455,-4.3758,-2.6358,-2.3768,-1.1371,40.85,300.85,D
7773,-5.5689,-5.6086,-0.9043,-0.3997,1.392,1.3613,38.46,266.52,D
7774,-1.0621,-1.9714,2.7613,2.8118,0.245,-0.9122,44.12,343.28,A
7775,-2.1954,-1.1463,-0.6304,-2.0916,-1.3888,-0.9941,42.51,294.13,A
7776,4.2474,3.4316,6.9021,5.6493,1.2562,2.494,51.7,405.14,C
7777,1.3775,2.1984,6.8395,7.2963,1.5301,1.8974,52.39,420.22,A
7778,0.3948,0.4092,-0.9238,-1.7152,-0.6617,-1.1469,42.01,278.07,D
7779,-2.519,-2.6986,-0.4619,0.0782,2.1242,1.1766,40.79,279.67,B
7780,5.2869,4.1283,0.6695,0.9086,0.5596,1.7067,49.78,335.01,B
7781,-6.1568,-6.9992,1.6396,1.7097,-0.72,0.3835,36.59,245.16,C
7782,-3.7253,-5.2577,-0.1106,0.3409,1.8853,1.0982,36.65,299.08,D
7783,4.7028,5.4736,-0.8843,-1.1491,-1.7794,-0.9533,46.36,299.14,A
7784,1.8629,2.2337,5.4392,4.5473,1.412,1.4109,49.74,402.1,B
7785,6.6497,6.5251,-0.4637,0.0489,-0.205,-0.5837,47.33,319.08,B
7786,-0.0362,0.4421,-2.6925,-3.0258,0.1908,-0.9986,37.96,286.34,B
7787,-4.9864,-4.7714,-0.6665,0.1982,1.5515,1.5802,38.16,308.42,B
7788,-10.0245,-10.9813,-3.8952,-2.5964,-1.7461,-0.255,30.61,200.53,A
7789,-10.0741,-8.8033,2.0287,2.0295,-1.2084,-1.174,33.89,284.71,B
7790,5.0737,5.0826,-2.1045,-1.2704,-2.1544,0.163,44.72,303.14,A
7791,4.3238,4.1879,1.4191,0.6894,1.047,1.4489,49.51,343.63,B
7792,3.5433,2.614,-2.7996,-3.5612,-2.9952,-2.4222,38.18,268.41,A
7793,4.0363,4.6802,0.1751,-1.1593,2.0447,2.1786,44.5,350.61,D
7794,0.3377,-0.7913,0.9298,1.3904,1.5445,1.6653,47.31,335.98,C
7795,-3.1699,-3.7342,-2.5094,-2.0222,-1.343,-1.6423,34.69,274.06,C
7796,2.2866,1.9386,3.6651,2.4033,3.2457,1.8945,50.48,331.71,C
7797,7.4194,6.4892,2.4956,2.4264,0.7976,1.4163,51.46,375.16,C
7798,-3.8683,-5.0755,-2.6086,-1.1562,1.8882,1.9431,37.91,268.48,B
7799,3.1013,3.2513,0.8742,0.5539,-0.0009,0.7343,44.13,338.5,D
7800,0.2551,-1.3343,-1.3186,-1.6708,-1.2098,-0.8414,37.95,280.69,D
7801,-7.2286,-6.349,-0.7586,-0.9543,-1.9961,-2.1979,36.33,262.37,C
7802,-4.7848,-5.6654,3.6956,2.8696,0.6186,0.1387,37.21,296.67,B
7803,2.9905,2.8778,-2.2129,-2.2745,-1.9413,-2.0458,40.65,294.73,C
7804,7.3778,6.4131,-2.4805,-3.2168,1.0422,1.6184,51.63,314.0,B
7805,-6.6283,-6.8161,1.1957,1.6373,0.1595,0.5352,39.09,312.35,A
7806,-0.9096,-0.0123,-3.423,-3.7114,0.9548,-0.8739,38.92,267.04,B
7807,1.6896,0.488,-1.0598,-0.3906,0.4781,0.4253,40.25,287.68,C
7808,4.6674,4.2231,3.491,3.2846,-0.2417,0.1753,51.68,357.44,B
7809,2.0904,1.7994,1.9445,1.5468,1.7185,0.9878,50.31,364.86,D
7810,-2.4298,-1.8338,1.4862,1.0006,-2.6947,-1.4758,40.9,309.62,D
7811,-2.8096,-2.886,0.2952,-0.8889,-0.8405,-1.2466,36.93,285.19,A
7812,3.3541,4.3168,1.1641,0.592,-2.3563,-1.4902,44.78,307.85,A
7813,-4.5908,-4.7637,-2.6151,-2.8706,-3.8171,-2.2451,31.99,222.27,A
7814,-4.2852,-5.3548,-6.109,-4.0107,0.084,0.0464,34.17,210.42,C
7815,-0.014,0.4833,-4.1053,-1.8323,2.4235,1.6118,43.54,299.51,D
7816,-3.3476,-2.2376,2.8924,2.2559,-0.0498,1.2021,41.39,307.46,B
7817,4.8805,5.1855,2.2152,2.2268,-0.686,-0.2017,48.29,367.91,A
7818,0.2505,1.2931,3.2625,3.0195,-0.0055,-0.2463,47.22,314.96,B
7819,-2.8174,-3.1593,-0.2568,0.6358,-2.2345,-1.862,37.17,296.44,B
7820,1.7642,1.7769,-1.9562,-0.5605,1.6457,0.8831,48.75,336.77,C
7821,0.9676,0.0146,0.926,2.4103,2.0876,2.4834,44.03,343.99,A
7822,3.3702,4.1431,2.5353,2.9102,0.225,1.62,49.68,366.0,A
7823,-0.9597,0.4319,-1.0429,-1.0914,-0.8841,0.497,41.13,297.1,C
7824,-1.5056,-2.4394,1.0284,0.8628,-0.1242,-0.3783,41.01,298.94,D
7825,11.1332,10.604,3.9697,3.5469,-0.5063,0.2122,59.19,406.28,C
7826,-7.713,-6.8635,-1.7251,-0.9563,2.3919,1.0556,34.21,216.86,B
7827,-6.2216,-7.3099,0.0698,-0.2237,0.3465,-0.9966,35.73,268.63,D
7828,-5.7622,-5.3315,-6.1787,-4.5926,0.5798,-0.8343,29.97,202.81,C
7829,-1.3089,-0.1053,1.2607,1.6015,0.1269,1.0791,41.81,337.73,C
7830,6.5736,4.9799,4.3741,3.8474,0.134,0.2447,50.66,374.36,C
7831,4.982,3.1826,-6.7816,-7.6308,-3.746,-1.5529,36.49,257.4,D
7832,0.7919,0.5787,3.0166,2.4013,-0.3642,0.2164,45.51,332.31,D
7833,5.4896,5.3604,-3.7071,-3.8588,-0.2142,0.966,43.01,292.28,A
7834,0.0598,0.3512,2.3404,2.4217,-0.4196,0.6284,44.4,346.44,D
7835,2.5623,2.0587,-0.8053,0.3521,-0.1414,0.2093,44.16,332.25,C
7836,10.6963,11.853,2.6527,0.8016,0.1948,0.8512,54.65,403.51,A
7837,-8.5721,-5.7664,3.4308,3.3071,1.7834,1.9408,38.38,275.23,A
7838,8.7974,9.3798,-2.4295,-2.1855,-1.6798,-0.5781,49.23,342.18,C
7839,-0.2816,0.9633,-2.6488,-3.6096,-2.3209,-1.8991,36.35,300.47,B
7840,7.3267,7.9276,0.7123,0.8746,0.7597,0.2973,48.77,370.06,C
7841,3.4864,3.9667,-1.0989,0.1766,-1.1957,-1.8342,42.7,361.06,B
7842,-8.7127,-8.099,-1.7816,-1.5034,-1.2985,-1.2536,31.37,262.62,D
7843,-2.3743,-1.6348,0.3789,0.7368,-1.3058,-1.7534,40.15,297.63,D
7844,2.2309,0.9317,1.7285,0.946,1.1711,1.1055,42.55,337.91,C
7845,7.6797,7.2295,1.6507,1.6554,1.3749,1.1227,50.67,407.36,C
7846,-9.3673,-7.4083,-6.2515,-5.7782,-2.1488,-2.765,29.0,154.95,C
7847,0.7265,-0.4488,1.2201,0.2415,-1.6634,-0.8684,36.9,318.66,A
7848,2.2698,3.5457,-0.9667,-0.768,0.2032,0.7696,45.7,321.28,A
7849,6.4835,6.0524,3.1322,2.7135,3.2229,3.019,51.5,368.59,C
7850,1.8807,2.4511,-1.2322,-0.0979,-0.2342,0.3337,44.27,320.02,D
7851,-3.6187,-2.6795,-0.1843,-0.2877,-1.5705,-0.9119,37.82,235.15,D
7852,2.3644,2.0978,2.2969,1.2495,1.0341,-0.6715,44.36,354.5,B
7853,1.66,0.4678,3.1639,3.3713,0.3678,-0.1702,47.27,342.77,C
7854,-6.2414,-6.4582,1.4243,1.7737,-0.6877,1.0207,36.22,290.82,A
7855,-6.0452,-5.5754,-0.3415,0.7429,0.8343,0.6371,39.24,275.69,B
7856,-4.9949,-6.1526,1.4482,2.1442,0.0774,-0.2273,41.03,278.35,C
7857,-0.5596,-0.2179,0.1347,-0.5993,-0.8692,-1.5223,42.46,289.33,A
7858,-0.6637,-1.1624,5.9677,4.2828,0.1275,1.2559,45.41,389.47,C
7859,-1.6904,0.1611,1.791,1.3997,-2.1147,-0.5056,42.94,300.09,B
7860,3.4741,3.4307,3.7822,3.8454,0.3524,1.7518,50.87,377.76,B
7861,3.6569,2.7486,0.2878,-0.4208,0.0981,0.3908,43.64,344.92,C
7862,-7.9705,-7.6707,-2.1901,-1.5256,-2.1291,-4.0918,33.8,241.15,C
7863,11.9598,10.1735,5.4378,5.0571,-1.2023,-0.3658,58.18,441.88,A
7864,2.6167,1.5694,-1.0371,-1.2431,0.3832,0.1248,40.91,309.22,C
7865,-5.6131,-4.8903,-0.9588,-1.2642,0.6298,1.2043,36.65,298.73,C
7866,0.7638,1.1144,0.1303,0.1605,2.2009,1.0273,41.23,311.09,B
7867,-6.0258,-7.3566,0.9439,0.7703,0.2678,-0.0102,36.54,278.37,B
7868,-4.3171,-3.5562,-3.3413,-2.8652,0.3799,1.1481,36.49,243.12,B
7869,9.8807,11.2286,2.7024,3.0167,1.5316,2.2955,54.25,434.22,C
7870,-3.4442,-2.25,-4.6556,-3.8399,1.2747,-0.1186,34.67,226.14,B
7871,-3.8935,-5.1404,-5.3622,-4.5136,3.4152,0.6145,33.4,249.77,B
7872,-6.3354,-5.2304,-3.9715,-3.3368,-3.1471,-2.5157,29.79,204.92,D
7873,6.0181,4.7316,-1.9538,-1.7375,-0.7099,-1.8968,43.97,289.3,B
7874,-2.6931,-3.3039,4.417,4.6168,3.1928,2.8255,46.32,363.8,C
7875,2.0504,2.552,-0.9422,0.1574,-0.062,-0.0944,43.48,315.32,D
7876,-0.4928,-0.1463,-2.0746,-1.3536,-0.1361,-0.685,38.01,311.65,A
7877,-0.4649,-1.1083,-5.0507,-3.6951,0.8182,-0.7822,38.94,237.79,A
7878,-6.7331,-5.3426,-0.7666,-1.1453,-0.2734,-1.61,32.86,250.28,B
7879,-0.8815,0.3872,-1.1152,-1.419,0.4454,1.2894,42.24,322.42,C
7880,-10.7149,-10.5881,0.3029,0.8522,0.3261,1.1039,33.39,266.31,C
7881,-4.0256,-5.3942,-6.5246,-5.1593,-1.631,-1.1395,30.95,223.95,C
7882,-2.7857,-1.8857,2.3499,1.3532,0.7048,0.5949,42.81,309.07,D
7883,-2.5429,-3.5821,0.1918,-0.3776,-0.8369,-2.0635,39.68,287.31,B
7884,-8.5573,-7.8026,-6.8407,-6.6369,-0.8466,-1.6624,26.95,189.75,A
7885,2.526,3.1364,1.3211,2.2415,-1.4706,-0.3354,50.41,343.16,A
7886,5.5079,4.0477,-1.6686,-2.7199,-0.7304,-1.5187,43.83,319.68,D
7887,-2.0004,-1.6253,0.92,0.4186,0.8626,0.7623,39.35,318.62,A
7888,2.2487,0.7457,1.1264,0.9166,2.2265,2.873,43.46,362.4,C
7889,4.1172,2.8686,5.4719,3.1038,-0.9999,-0.3225,45.09,359.84,D
7890,-0.2896,-1.2511,5.6942,5.0309,2.0004,1.9676,46.73,375.96,D
7891,0.6965,1.0745,-5.0787,-5.6444,-1.1506,-1.7654,36.91,280.0,B
7892,6.6385,5.5808,2.2863,2.9669,-0.5061,0.3242,51.22,365.12,A
7893,-7.4433,-6.6522,-8.3651,-6.7696,-4.9976,-3.2314,26.36,176.56,A
7894,5.8728,5.2235,0.7351,-0.7452,-1.4528,-0.2294,49.18,328.39,D
7895,-1.8339,-2.2868,3.1061,2.6865,-0.6059,-0.0409,43.68,313.32,C
7896,-1.4576,-1.0968,-3.7345,-4.3599,0.4697,-0.9855,37.36,252.11,B
7897,-3.5794,-4.5126,-0.4239,0.8354,1.8854,1.4607,43.37,278.98,D
7898,6.1225,6.7177,0.8727,0.2507,-0.1861,-0.3346,47.57,378.81,D
7899,6.7942,7.1873,4.2996,4.0669,1.4714,2.7646,52.44,368.93,A
7900,-0.9308,-0.5377,-2.2781,-3.806,-1.5591,-2.4892,35.72,226.76,C
7901,1.0139,0.4446,-3.2264,-3.8874,-0.5807,0.4104,38.28,283.34,A
7902,1.2772,0.1983,2.8554,1.2165,-0.7916,-0.7653,46.17,335.25,D
7903,-0.327,-1.2147,5.4824,5.9211,3.5123,3.1582,49.39,352.4,C
7904,-0.9119,-2.1461,1.9641,1.433,0.9151,0.7372,44.27,339.41,C
7905,4.7501,4.3412,-0.4708,0.3134,0.4674,-0.3599,46.33,342.48,B
7906,10.7418,11.0379,1.9232,-0.0552,0.0857,1.5063,50.75,382.87,D
7907,-0.2159,-0.2218,-0.6264,-0.2675,0.8204,1.2266,44.64,304.44,B
7908,3.4805,3.5706,3.2526,3.0211,-0.4249,-0.2906,51.53,357.38,D
7909,-4.1236,-3.6732,1.2598,1.7562,1.8316,0.6024,41.58,328.28,C
7910,-2.5213,-1.0606,-3.3349,-2.9163,-0.5232,-1.0279,38.63,250.12,C
7911,4.0695,5.2368,6.6222,5.4585,0.4287,1.0047,53.01,377.42,B
7912,-2.4272,-2.6821,-4.2367,-3.1318,-1.7351,-2.2432,31.75,240.5,B
7913,2.5037,1.4772,-2.7464,-1.9934,1.4885,1.1798,42.33,302.34,D
7914,-0.1046,0.4122,-0.0933,0.4601,-2.2213,-2.2191,41.88,309.85,B
7915,12.6071,12.8039,0.4902,0.4033,-1.7026,-0.3689,52.38,357.12,B
7916,7.3692,7.4616,3.4279,3.4189,3.562,2.9124,56.72,384.82,D
7917,0.4793,-0.8666,0.1289,-0.99,0.8957,0.5576,39.15,331.29,C
7918,-9.8874,-8.9568,-4.3272,-4.6328,-1.337,-2.3576,28.7,195.38,D
7919,-3.3146,-3.3835,-1.303,-0.8155,-2.3529,-2.9315,35.71,270.4,C
7920,-4.4206,-4.8313,3.5991,5.1485,1.6332,0.6901,41.25,345.28,D
7921,2.3222,2.9069,-1.2571,-1.7356,-0.9654,-0.9738,40.85,306.43,B
7922,-13.472,-13.5438,-1.2976,-0.111,-1.2851,-2.0995,26.22,186.62,B
7923,-3.2896,-3.3523,-1.3499,-0.6029,-2.0322,-3.2677,40.41,281.36,A
7924,-6.3354,-6.5807,-1.3385,-1.734,1.1539,0.933,38.04,288.26,A
7925,-8.4527,-7.753,2.0358,1.0776,2.0782,0.8822,36.39,289.1,C
7926,-1.3425,-1.5464,-0.9123,0.1956,1.8199,2.1794,41.23,285.6,D
7927,-13.4512,-11.1167,-3.1916,-2.5387,-1.6942,-2.2481,27.64,186.84,B
7928,-5.0068,-4.2897,-2.7996,-2.1016,0.3316,0.3107,32.18,222.94,B
7929,8.9144,7.5485,1.5067,0.7869,-0.872,-0.8441,50.5,373.82,C
7930,0.2189,0.9999,-1.1987,-0.6795,2.7852,3.2006,43.22,311.33,B
7931,0.3613,0.8939,4.8721,4.8428,-0.1328,1.7477,47.56,366.89,C
7932,-5.8596,-5.5714,-0.1655,-0.3035,0.8445,1.2638,37.39,284.04,D
7933,-3.8315,-3.3233,-3.491,-2.7972,-1.3484,-2.8001,32.71,218.71,C
7934,7.7506,7.8578,7.5306,7.5225,0.5341,1.6923,55.26,443.16,B
7935,5.5855,5.018,2.7187,1.5759,0.4198,2.0479,46.87,388.16,D
7936,1.9445,1.5736,3.7897,2.3335,0.1186,-0.1536,44.64,352.95,C
7937,-5.5474,-4.434,0.0894,0.372,0.4756,0.4093,37.9,299.52,A
7938,0.0543,-0.3417,1.193,1.1251,0.8437,1.6973,43.84,320.4,A
7939,1.3886,0.3371,3.4714,2.6791,1.4139,0.9691,44.8,378.6,C
7940,-8.6664,-10.459,-3.3889,-1.6102,-0.0488,0.774,30.8,226.38,D
7941,-5.8898,-6.0355,-0.0521,0.9782,0.3659,0.4114,37.04,271.73,D
7942,-2.8683,-2.451,-1.3631,-2.335,-2.3634,-3.2712,32.78,231.26,C
7943,-1.193,-0.7287,0.1901,-0.946,1.0031,1.785,41.57,328.35,C
7944,3.1426,1.7533,-1.6251,-2.3536,-1.5183,-0.199,39.09,263.75,A
7945,-2.8547,-3.6879,-3.5805,-3.6697,-1.0382,0.0271,34.47,260.82,C
7946,0.5421,0.8603,2.2886,0.4596,0.476,1.6638,41.75,358.21,A
7947,7.1607,7.0674,3.3682,3.1222,2.4626,2.5778,52.28,393.08,C
7948,-4.1937,-4.8349,0.899,1.6317,0.5135,1.2697,39.01,308.39,C
7949,2.6393,2.1711,-0.4841,-2.3727,0.3793,-0.0156,41.49,303.86,A
7950,9.9293,9.1058,2.7876,1.2891,-1.0888,0.5236,56.25,374.38,C
7951,-3.0264,-2.7565,-4.2065,-3.2759,-2.1736,-2.4145,37.11,215.22,B
7952,5.0452,3.9045,2.6907,2.5686,1.16,-0.4562,49.06,358.22,C
7953,-7.6631,-7.2381,-1.6742,-2.8098,0.352,0.7709,32.39,250.69,A
7954,-4.0144,-3.8895,-0.1967,-0.2748,0.7492,0.2565,35.18,304.55,A
7955,0.015,0.731,-0.3618,-0.8097,2.0385,2.3474,41.42,305.36,D
7956,-10.815,-10.9137,-5.2191,-3.0517,-1.1388,-0.6148,27.82,208.7,A
7957,6.448,7.0454,8.0159,5.8709,1.4165,2.0109,59.14,437.74,A
7958,-6.4817,-7.9059,-2.5784,-0.2187,2.6663,1.0522,36.63,264.47,B
7959,-0.3739,1.1842,0.2028,0.0618,4.0027,3.7648,44.77,331.46,D
7960,1.3892,1.0483,-3.4686,-4.5439,-1.8284,-1.9545,37.76,262.32,B
7961,6.963,5.7201,3.6626,2.0299,-0.2247,0.3754,53.47,371.26,C
7962,-5.0052,-4.3369,-5.5747,-5.2267,-1.2087,-1.8747,29.12,226.9,C
7963,-18.4843,-16.7561,-4.8737,-4.3248,-2.4663,-2.2744,20.27,137.99,B
7964,2.1812,2.3551,-4.1867,-3.3983,0.1996,-1.3135,38.38,302.58,C
7965,-4.198,-1.8471,-1.6854,-2.0166,-1.6852,-1.8021,36.11,232.85,A
7966,1.1336,1.3084,0.0294,0.7395,-1.3328,0.8849,40.91,336.91,C
7967,-0.7398,0.4815,1.5886,1.8726,0.1648,0.1946,41.5,330.64,B
7968,-8.4888,-7.7915,-1.0378,-0.2179,-0.3144,-1.7438,33.91,285.35,B
7969,5.5119,5.1077,4.7697,4.8873,-0.3559,1.1365,53.78,383.42,B
7970,-2.5036,-1.8769,0.9863,1.6908,-0.9739,-1.0332,42.94,307.41,C
7971,1.3111,1.2535,0.4744,0.4988,0.5972,0.5971,44.24,333.12,B
7972,0.3627,2.3076,4.8896,4.6867,2.8741,2.2944,48.96,408.46,C
7973,-0.5081,-0.4351,1.7917,1.8406,1.0891,-0.158,40.72,353.9,A
7974,-7.3257,-7.4348,-2.8561,-0.6935,-1.2724,-1.1455,33.73,230.01,A
7975,-6.5104,-6.0801,-5.2159,-4.4395,-0.7152,-1.7959,29.28,213.41,B
7976,-12.4254,-13.2415,-2.3838,-1.3162,0.1305,-0.7903,29.59,198.89,A
7977,-0.5803,-0.3159,0.539,0.7293,0.6636,0.265,40.02,302.38,C
7978,-2.1667,-2.825,-0.7181,-0.766,-1.008,-1.8939,40.23,282.33,A
7979,13.482,10.6318,3.6909,3.5614,3.2861,2.621,59.67,409.94,C
7980,3.228,2.9399,1.6306,0.7367,0.3218,-0.1968,45.89,349.96,C
7981,-7.0374,-6.1074,-1.306,-0.0679,-0.7711,-0.5912,33.1,270.55,C
7982,2.753,1.7844,3.3538,3.1462,0.2343,0.6213,47.84,366.42,B
7983,-6.0508,-5.0821,-1.7365,-0.8651,1.1364,-0.1634,33.03,258.01,D
7984,1.7229,1.8223,1.5456,1.1911,-0.8855,-0.1855,44.13,339.2,B
7985,0.186,-1.8761,-0.4794,-0.7666,1.7852,2.7575,44.91,357.3,B
7986,-2.5089,-3.6779,-3.1938,-2.5953,-1.1597,-1.5143,34.28,266.53,B
7987,0.1548,0.6533,-0.6217,-0.0427,2.9604,1.5847,42.63,331.9,D
7988,9.5072,8.6504,0.9038,-0.4804,1.3553,2.0998,50.36,348.77,C
7989,1.1758,0.5879,1.6798,1.9446,1.1919,1.0115,45.53,344.06,D
7990,-9.7334,-8.8576,-2.7371,-1.5911,-0.8377,-1.4124,31.58,232.18,C
7991,2.5882,1.8719,-1.9358,-1.9745,-0.0955,-0.2646,40.58,317.87,A
7992,3.2555,3.5744,-1.4648,-3.112,1.639,1.2802,42.08,319.12,A
7993,-4.6331,-3.3041,-1.5387,-0.7802,-1.317,-0.7055,36.51,274.47,B
7994,2.4138,3.3064,0.429,0.2661,-0.944,0.2819,45.01,323.45,D
7995,3.507,4.1573,0.6995,1.0332,2.9484,1.452,48.69,356.28,B
7996,8.2584,8.8565,0.7325,-0.2959,3.8381,3.6292,51.97,380.6,A
7997,4.8808,4.7337,1.8066,1.2273,-0.2246,0.6675,51.53,332.3,A
7998,3.2589,3.4453,-1.1589,-1.177,-1.7743,-0.7629,42.17,330.53,A
7999,-6.4577,-5.8915,-2.2591,-1.2216,1.6376,1.1845,32.11,256.97,D
8000,-5.8867,-5.9031,-5.7886,-5.1742,-0.6605,-0.4175,31.53,233.05,C
8001,-11.0311,-10.4369,-1.6364,-0.8324,0.11,-1.1318,28.18,226.07,B
8002,9.6068,10.0406,0.9989,0.7302,0.3375,1.3434,51.86,367.48,A
8003,-7.6978,-6.3464,2.2642,3.68,-1.5352,-1.6528,37.61,287.71,C
8004,9.7609,9.9303,0.7875,1.4896,0.1026,1.6429,53.83,370.76,C
8005,1.7904,3.2193,-2.566,-1.5791,2.7936,-0.2487,46.13,325.26,A
8006,-6.3601,-5.2749,-1.3772,-1.2951,1.1052,0.836,34.88,274.98,B
8007,-5.1149,-4.6878,-1.7936,-1.2279,1.5012,0.8006,36.28,261.35,A
8008,-2.485,-2.0494,-2.5137,-1.8452,-0.9782,-1.19,33.43,236.18,A
8009,-3.1778,-3.2383,-1.9485,-0.8183,-1.6558,-1.3404,37.11,255.68,B
8010,-1.3581,-1.7941,0.2408,-0.0563,0.0717,-1.3579,36.59,289.51,B
8011,-1.4482,-2.3757,-0.13,0.314,2.9866,0.7519,42.71,335.19,A
8012,-0.5418,-1.0303,-3.8277,-2.1823,1.7843,1.5918,37.61,283.14,D
8013,-0.6573,-0.1056,-5.2018,-5.3555,-1.7545,0.2028,36.41,257.95,C
8014,-4.6473,-4.7278,-6.7784,-6.2726,-0.2479,-1.7155,34.76,201.76,D
8015,0.1938,-0.9822,3.6157,3.6349,3.6287,3.1532,47.39,374.97,D
8016,-0.7761,-0.671,3.2453,4.3019,3.8928,2.8548,45.68,400.72,D
8017,0.5133,0.5364,-2.231,-2.0334,-1.2881,-0.7369,39.81,258.99,D
8018,4.6578,4.1348,2.4251,1.5103,1.6548,2.1593,48.33,366.39,B
8019,5.2611,5.2153,2.0672,2.7942,1.8323,1.9982,52.61,382.96,A
8020,6.1058,6.219,1.5063,-0.1619,1.0998,0.7284,48.59,381.92,A
8021,0.2644,-1.4697,-1.8696,-2.4182,-0.5423,-0.6037,39.6,293.54,A
8022,-4.2404,-6.0225,-0.0279,0.4776,-1.761,-0.9927,36.12,293.88,A
8023,0.2705,2.5046,1.765,1.8525,2.881,3.2831,47.81,352.69,A
8024,-0.6554,-1.2813,-2.1156,-2.4693,-0.4046,-0.1247,38.4,276.43,B
8025,12.8884,13.2998,3.9805,3.8942,0.7571,1.3472,61.07,429.72,A
8026,-5.8415,-5.7086,1.6566,1.606,-2.2466,-2.3446,35.15,295.12,C
8027,3.167,2.7766,1.3479,0.4245,-0.1277,-0.1575,45.19,348.06,C
8028,7.1263,7.1775,1.5295,-0.8988,1.3695,1.8912,51.02,380.44,B
8029,1.9968,2.1371,1.7192,1.4244,1.3069,1.0067,48.58,327.17,B
8030,8.9379,8.3343,1.715,2.0292,-0.6855,0.3827,53.88,402.41,B
8031,3.5538,4.269,2.7325,3.2584,3.3945,3.3234,51.32,383.69,B
8032,-9.9657,-9.1292,-1.5726,-1.0404,1.062,0.7966,32.62,245.99,C
8033,3.6005,4.0602,1.7469,-0.579,1.4003,1.1201,45.26,352.12,D
8034,-2.6798,-3.0437,1.0997,0.7183,-0.6673,-0.7353,37.98,290.32,A
8035,0.2148,0.7082,-2.9418,-2.3567,0.7617,2.1937,41.49,308.7,B
8036,0.6068,0.8354,-1.8981,-2.5587,1.1944,0.4996,36.2,304.83,D
8037,-4.7565,-4.6607,-3.4398,-3.4495,-1.5019,-1.9108,34.19,223.36,C
8038,0.5845,0.4983,-0.0788,-1.6074,-0.439,-0.4643,41.09,299.37,C
8039,-1.1175,-0.9382,1.3792,1.8286,0.2774,-0.4917,43.77,311.58,B
8040,10.7071,9.7057,2.0848,1.1491,0.0219,0.2848,54.63,373.82,B
8041,-3.1894,-3.0619,1.4783,2.1449,1.5231,0.9728,39.8,302.38,B
8042,-4.4622,-3.9541,1.5586,1.6759,0.6278,0.5428,40.13,305.53,D
8043,0.2223,-1.8255,2.4457,3.3245,0.594,1.2119,49.15,330.11,B
8044,-1.7879,-1.4847,-2.0638,-2.9666,-1.6731,-1.23,35.63,252.88,D
8045,10.4235,10.4773,5.8724,6.4338,1.3932,2.0853,62.91,415.18,C
8046,-2.2247,-3.0524,-3.16,-2.4626,0.9538,-0.8414,37.09,257.83,B
8047,8.4775,7.7083,1.0406,2.3977,0.566,0.1289,49.49,390.63,B
8048,-7.0376,-7.3068,-2.2958,-2.1187,0.5697,-0.3425,32.21,240.42,A
8049,-0.3538,0.7808,-2.1476,-1.8951,-1.7267,-1.4508,41.89,266.27,C
8050,1.0397,1.189,-2.5237,-1.1944,-1.5774,-2.3081,42.51,304.49,B
8051,0.8864,0.5148,0.7576,-0.6435,2.1842,1.6473,42.33,343.67,D
8052,-10.7968,-10.3308,-2.6807,-1.3027,-1.3252,-0.2084,28.96,241.0,B
8053,-4.6745,-4.6118,-1.1718,-0.0109,-0.3759,0.336,36.96,261.78,B
8054,-3.5995,-3.6425,-4.1003,-4.3961,-1.5466,-0.8257,34.64,227.38,A
8055,-4.6684,-4.5877,-3.2698,-4.1273,-2.1761,-3.534,32.5,240.34,A
8056,0.6181,1.3544,-1.8806,-2.7261,1.4495,0.9163,41.56,302.32,B
8057,-1.1294,-1.0356,2.4261,1.0071,-0.3643,-0.4843,41.4,303.24,D
8058,-4.7282,-4.0032,-5.0807,-5.0384,-3.0374,-2.111,30.52,206.33,A
8059,1.9448,2.3891,-1.6363,-1.3619,1.4837,0.8328,44.2,333.48,A
8060,0.1177,-0.0387,-3.3262,-0.9397,0.0392,-0.79,40.0,308.22,B
8061,-6.7347,-5.7676,-1.6096,-0.6324,-0.8301,-1.6639,34.02,255.68,B
8062,-4.1081,-4.6241,-1.2075,-0.2694,-2.6743,-1.8742,34.35,272.27,D
8063,10.2034,10.294,-1.2758,-1.829,-1.2035,-0.3022,49.17,361.04,C
8064,1.1758,3.0508,0.3289,0.3756,-2.2492,-0.8547,44.95,352.69,B
8065,-11.4,-11.2155,-7.3717,-7.477,-1.3962,-2.9867,22.27,174.24,D
8066,4.4244,4.7542,0.3003,0.3155,0.7521,1.0617,50.64,337.36,A
8067,-0.0855,0.0088,3.1064,3.2059,2.3491,1.9682,45.14,363.35,B
8068,-10.2904,-11.159,-10.3679,-8.3892,1.101,-1.0357,25.26,168.26,B
8069,8.7964,8.7098,-0.1493,-0.5665,-0.3116,-0.3927,49.24,335.9,C
8070,-6.6615,-6.3048,0.4225,-0.3285,0.5819,0.8815,34.06,278.97,B
8071,3.3286,2.2279,1.6558,0.074,-1.0928,-1.6747,43.69,309.46,C
8072,14.2152,13.0346,10.6629,7.6905,-0.0161,2.62,64.46,509.55,A
8073,-6.4027,-5.9335,3.1815,2.517,-0.9968,0.198,44.47,312.97,A
8074,-4.5679,-3.9144,-2.8303,-1.7676,0.9065,1.0047,35.42,248.99,C
8075,-3.2312,-3.4905,-2.8785,-2.9421,-0.9601,-1.4801,35.48,270.97,D
8076,5.5674,4.6955,5.6482,4.911,0.3376,-0.021,46.84,350.81,C
8077,11.7112,11.0554,-6.0887,-3.6474,-2.0226,-2.7435,45.28,312.26,C
8078,0.225,0.5742,2.1382,1.6244,-1.1472,0.0025,42.31,346.28,B
8079,5.6954,4.1773,1.4791,0.8464,-0.3462,0.3836,51.28,353.24,C
8080,-2.7915,-4.0004,0.9621,0.8697,-0.0369,0.3633,39.83,284.33,C
8081,12.3997,10.8242,2.5378,2.5614,2.2737,2.6148,58.15,392.2,C
8082,5.2028,4.9389,0.1265,1.3071,-1.2092,0.8089,48.34,356.66,A
8083,1.9465,1.1965,-0.9657,-1.2672,1.0568,2.687,47.07,307.83,D
8084,2.1695,1.6448,0.3163,0.5715,-2.4953,-1.4701,44.01,345.92,A
8085,-1.0076,0.4029,-0.2768,-0.9765,1.6004,1.2088,43.02,316.38,D
8086,4.0517,4.9518,0.251,0.6365,1.0511,0.736,48.09,344.5,A
8087,5.6057,6.1613,-2.8349,-3.2611,0.3177,-0.5866,42.69,346.13,C
8088,2.4183,1.2715,-3.8042,-2.9621,0.4018,1.6925,40.76,268.2,D
8089,3.6884,4.1001,1.211,0.9105,-0.5171,-0.4261,43.0,326.78,D
8090,1.5264,2.0838,1.0976,1.3537,-0.1646,-0.4101,46.43,341.73,D
8091,-0.9007,-2.5005,1.4933,2.0079,0.7167,0.105,43.83,341.58,B
8092,6.8829,5.614,0.2655,0.787,-2.1023,-0.638,48.93,350.45,C
8093,0.9243,-0.0583,-0.0711,0.3963,1.1549,2.0543,42.17,301.75,C
8094,5.3461,4.3815,3.254,2.059,-0.0225,0.1855,47.97,371.4,C
8095,9.5048,9.1471,-1.3519,-2.4523,-0.6783,-0.862,44.66,357.32,D
8096,1.415,0.9293,0.9609,0.2449,-0.0877,-0.5313,44.61,361.18,D
8097,10.2125,8.4928,0.861,1.6328,0.5827,0.9439,50.42,369.19,A
8098,-2.7187,-1.3863,3.3964,3.597,-0.9848,0.1853,44.37,350.3,A
8099,1.3557,0.998,-1.3753,-2.1804,-2.5441,-3.4334,38.05,288.34,A
8100,-1.9024,-1.4483,-4.4084,-4.7011,-3.1447,-1.3702,35.05,238.44,A
8101,-3.9139,-2.849,1.944,1.1881,1.2805,0.0155,39.63,306.83,B
8102,-3.591,-3.4919,-4.9318,-3.527,-1.0168,-0.6889,34.95,238.48,C
8103,-5.3278,-4.8551,1.761,1.6994,1.0831,-0.2311,38.39,311.36,B
8104,0.632,0.6927,-0.1663,-1.0982,-0.9614,1.1793,40.5,321.13,B
8105,3.1337,3.1463,-1.4079,-2.1499,-0.32,0.2879,43.03,338.86,A
8106,-5.3082,-6.1589,-1.3367,-1.1627,-1.422,-0.1319,34.27,248.81,C
8107,0.6029,0.7866,1.3193,0.5445,-0.9516,-0.8194,39.38,300.23,C
8108,6.4061,7.3733,3.5447,3.1148,-0.9759,0.1942,49.32,385.75,A
8109,-2.265,-0.6419,1.8217,2.8649,1.7243,2.7537,45.64,347.03,C
8110,6.1352,6.7859,4.5394,4.4827,2.5655,1.4143,57.93,400.9,D
8111,-9.8736,-9.3442,-5.5428,-4.618,0.2695,-1.5745,30.07,185.84,A
8112,-1.337,-1.5393,-2.7985,-2.0056,-0.3312,0.5366,40.08,264.8,B
8113,-10.8952,-10.361,-2.5896,-2.5702,-0.2034,-0.0968,31.08,225.58,A
8114,-4.0474,-4.4917,-5.287,-5.004,-2.1887,-1.7542,28.11,230.17,B
8115,-3.7932,-4.157,-1.0276,-0.4201,-1.0582,0.8282,38.32,279.56,C
8116,4.4761,5.6936,5.081,4.8126,2.2853,2.2925,51.89,417.12,B
8117,10.7306,10.0573,0.4997,0.8032,1.3642,2.0972,55.65,399.28,C
8118,-2.674,-1.1179,3.2127,2.8529,1.1086,1.0357,41.25,328.7,C
8119,4.1029,4.1173,4.8067,4.9463,0.7676,1.1943,56.06,393.72,D
8120,5.6959,4.6815,2.7202,2.0376,1.6951,0.9304,52.59,391.78,B
8121,-10.0965,-7.4148,-0.8866,-0.9991,1.8339,1.0706,36.05,251.44,C
8122,-0.7244,-0.6931,2.9374,3.4087,0.0805,-0.4891,44.54,338.27,A
8123,-2.6833,-1.9115,-6.2806,-5.8447,0.5525,0.0764,31.15,231.5,D
8124,-11.0234,-10.4648,-0.25,0.1925,-1.877,-2.4369,29.05,213.63,A
8125,-0.9151,-1.721,-2.0834,-1.5715,-1.2006,-1.8274,37.6,263.11,A
8126,10.7249,10.9567,6.1363,5.7544,-0.2576,1.2637,56.6,441.93,A
8127,-1.6017,-2.389,-1.459,-0.1218,0.595,0.6509,37.3,305.21,D
8128,6.7678,5.5694,4.0972,2.9353,-0.5252,0.2452,51.67,393.24,C
8129,-8.9184,-7.8298,0.8259,0.8354,0.7694,0.1803,38.73,255.12,D
8130,-0.3218,-1.3064,-1.1608,-2.1811,-1.4708,-0.704,38.5,300.26,D
8131,1.5384,0.8687,1.1868,1.1841,1.3279,1.6004,48.76,326.4,C
8132,-4.217,-4.9213,-3.0238,-3.4797,1.4722,0.3446,36.58,221.21,D
8133,-3.7924,-2.4181,-0.3714,0.4093,-0.2223,0.2514,39.93,300.81,D
8134,5.3352,4.8977,0.8206,1.2156,-1.3007,-0.4857,49.76,350.72,A
8135,-5.9031,-6.0532,-4.1273,-3.6426,-1.6034,-2.6356,33.19,237.55,C
8136,6.3488,5.8917,1.8339,0.5877,-1.1386,-1.1172,48.15,372.0,A
8137,3.4644,3.4595,1.6421,1.2814,-0.8115,-0.644,47.95,365.46,B
8138,-6.6682,-5.8489,-3.8149,-2.9257,-2.382,-3.3477,27.53,193.9,D
8139,9.6573,9.6213,-1.3814,-0.9488,0.2023,0.516,50.45,323.93,C
8140,-3.1805,-3.1364,0.178,-1.2083,0.0866,-0.1894,38.87,266.64,D
8141,-0.1143,-0.4033,4.4092,2.8425,0.63,0.0056,41.6,359.94,D
8142,4.4853,4.3497,2.8881,2.7304,-0.4908,0.6152,50.66,382.6,C
8143,-0.5647,-0.1931,-3.5687,-3.4564,0.3558,0.3857,40.97,279.82,B
8144,-5.1857,-3.8639,1.0827,1.3447,0.1854,0.7395,38.52,302.86,B
8145,-2.5534,-1.3598,1.4784,0.6819,1.7887,0.549,41.83,321.33,C
8146,4.831,5.0425,3.6295,3.9341,0.8662,2.1583,51.87,388.93,A
8147,8.5135,7.5358,3.2039,3.2564,2.6625,3.6388,54.39,402.45,A
8148,5.7763,5.4132,-0.2575,0.6713,1.0802,0.9758,47.9,356.29,D
8149,-4.3411,-4.5924,-1.9859,-2.2118,-0.5067,-0.27,36.1,268.11,A
8150,10.4194,10.498,5.6872,4.4616,1.7997,2.3509,58.05,429.3,B
8151,4.2211,4.1942,1.5773,1.7199,-2.525,-1.1712,46.31,325.45,C
8152,-2.1477,-2.6814,-3.4617,-3.6321,0.6788,0.1886,34.74,279.33,D
8153,4.3681,3.6851,2.2477,2.4644,-0.4258,-0.6437,48.92,349.69,A
8154,6.6676,6.5024,0.9624,0.8305,3.1833,2.2871,50.89,395.08,B
8155,7.8643,8.5327,0.8528,0.0037,2.9334,3.7632,53.22,381.57,C
8156,2.4544,2.1228,2.0037,1.4564,-2.8708,-1.4516,46.17,322.51,A
8157,-9.2062,-8.9946,-2.3472,-1.6473,0.3787,0.252,30.27,230.62,C
8158,0.4536,0.4045,-0.8945,-0.9963,-0.6721,-0.1089,44.74,307.87,D
8159,-1.4399,-0.6118,-1.1435,-1.8701,-0.9392,-0.4781,35.56,303.75,D
8160,2.7344,2.8666,2.8381,0.4622,-1.095,0.4232,45.01,363.87,D
8161,2.1977,2.2745,3.0753,3.2391,1.013,1.9306,45.54,354.25,D
8162,2.556,1.228,0.1093,-2.2131,0.0497,-0.5379,42.12,290.53,D
8163,-10.4736,-10.2917,-2.8758,-3.2881,-1.2887,-1.4204,28.19,202.68,C
8164,5.7128,6.1888,1.7364,2.0352,3.6666,2.6609,51.59,398.67,A
8165,-7.572,-6.8998,-3.9948,-3.5766,1.4866,-0.1327,31.84,231.76,A
8166,1.7669,0.0686,4.7765,4.2323,3.4233,3.9971,49.74,383.19,D
8167,2.3078,2.7853,-1.0303,-1.073,-1.0966,0.4811,42.13,293.36,A
8168,2.0532,3.3248,3.4687,3.7853,1.5,2.2143,50.19,364.28,B
8169,-6.3874,-7.5046,-1.1097,0.5329,-0.208,-0.7024,31.74,244.32,B
8170,-3.4845,-2.2506,-0.0595,-0.4834,-0.5295,0.4223,43.32,313.36,B
8171,-0.5035,0.1667,-7.7556,-7.9047,-1.3176,-1.1116,30.99,222.45,D
8172,-3.7177,-2.609,0.733,0.8403,-1.0166,-1.057,41.3,301.91,B
8173,0.0605,-0.3207,0.249,0.6218,0.2829,0.6516,42.69,322.22,D
8174,-4.2323,-3.8971,-0.9969,1.2886,3.3307,2.117,41.79,272.72,C
8175,9.9206,8.4322,2.3315,1.9007,3.2118,2.5077,56.83,386.66,C
8176,7.3412,7.5825,4.0343,2.9732,1.3858,4.0115,54.58,428.83,D
8177,-3.5704,-3.1606,-2.1442,-1.1865,-0.3052,-0.7414,36.4,271.86,C
8178,4.8934,5.6761,-1.8975,-2.55,0.0699,0.7714,43.68,345.72,D
8179,1.5435,0.8176,2.0945,1.6698,3.841,3.037,48.2,330.72,C
8180,-7.1885,-6.2537,-1.139,-0.0953,1.8549,0.2937,34.0,278.7,B
8181,-7.563,-7.5734,-0.2276,0.5044,0.18,-0.1546,39.87,268.42,D
8182,0.2378,0.5984,1.206,2.3129,3.8084,3.6549,44.95,358.27,B
8183,5.8124,7.0012,3.4429,2.6879,1.5579,2.5689,50.02,387.4,B
8184,-6.2219,-6.9717,0.4524,1.3708,0.6039,0.5047,35.07,282.24,C
8185,1.9244,2.1007,1.1522,0.7062,0.9467,1.7192,49.21,349.32,C
8186,-9.9088,-9.9677,-0.5344,-0.9815,0.6575,0.0035,29.65,213.22,A
8187,5.5737,5.3292,4.7897,4.4376,0.5327,0.5083,51.45,381.35,A
8188,9.4585,9.0817,2.9108,1.9445,1.8254,3.0544,52.93,434.98,A
8189,-8.2536,-8.3882,-3.3453,-3.9436,-0.7857,-1.8279,28.55,225.5,B
8190,4.735,4.3391,3.7476,4.5119,2.3743,2.0778,50.84,392.2,C
8191,6.2184,6.8234,1.5537,1.4473,0.78,1.7983,50.22,375.63,C
8192,-5.2617,-6.0634,-2.7583,-2.5631,-0.177,0.1239,34.02,249.15,B
8193,2.8533,3.7543,-0.9189,-3.1995,-2.0556,-2.3978,41.95,316.8,C
8194,2.5216,4.1314,-2.8087,-1.7744,-0.5049,-1.2495,42.29,314.08,A
8195,5.8727,4.8898,-1.4038,-1.1136,-1.4119,-0.3622,46.54,291.93,A
8196,2.8479,2.5955,-0.9956,-0.1744,-1.0648,-0.7223,44.82,343.91,D
8197,-11.5543,-11.9558,-1.0964,0.0084,0.596,-0.1096,28.92,240.81,C
8198,-2.9034,-2.8472,1.2628,0.9084,-0.0679,-0.6133,41.72,319.97,C
8199,-0.2456,-0.6141,-0.4012,1.0421,-0.9613,-1.3295,40.31,282.03,B
8200,3.1723,2.7173,3.3401,2.7505,-2.2065,-0.7082,44.2,360.2,C
8201,6.0857,6.1825,-3.5583,-4.0484,-1.4043,-3.0817,43.33,320.37,C
8202,-1.9129,-1.324,-0.0886,-0.2162,-3.1424,-1.8806,42.38,296.4,D
8203,-3.7789,-2.874,-1.4621,-1.8476,-0.9904,-0.2152,39.62,293.42,A
8204,-1.5516,-2.8581,-5.6855,-5.4326,-1.6549,-1.4188,32.86,237.2,D
8205,-6.6209,-6.0158,-0.9035,-0.4987,-1.3096,-1.1866,31.31,233.45,B
8206,-5.8754,-6.3982,-0.9877,-0.5116,-2.9422,-2.6515,33.14,270.77,B
8207,-4.2215,-4.6318,-5.3786,-3.8922,-0.4698,-1.1358,30.3,265.68,A
8208,-2.8122,-2.2965,4.3552,3.1859,-0.3563,1.3808,45.5,355.4,B
8209,-2.8645,-3.859,0.9133,0.6279,-0.2517,-1.4091,37.66,303.39,A
8210,-2.2912,-1.617,0.7031,0.9901,0.0694,1.3437,43.86,280.45,C
8211,-0.2103,0.0552,-2.0534,-0.643,-1.0516,-0.9608,40.72,303.71,A
8212,4.2359,4.8326,-1.1874,-1.1945,-0.87,-0.8082,43.84,310.79,B
8213,5.0269,5.1424,1.2985,1.5002,1.3325,0.5378,44.64,333.05,B
8214,15.4065,14.6754,6.5782,6.993,3.7558,3.2033,65.14,462.29,B
8215,7.3359,7.5615,-1.4925,-0.5106,1.3316,2.5734,48.35,360.44,D
8216,-0.1192,0.2514,-0.8042,-0.8267,-1.5215,0.0334,39.46,305.35,D
8217,-5.9233,-5.765,-1.5731,-2.1124,-4.2587,-3.4597,30.24,226.96,B
8218,-2.0715,-1.878,0.9693,0.5789,-0.0222,0.326,43.71,279.5,A
8219,1.4953,2.9119,-0.4392,0.6864,0.7315,0.2063,46.25,322.18,A
8220,4.1797,4.2734,1.0258,2.0486,-1.0825,-0.5893,49.28,326.29,A
8221,5.3885,4.9752,0.8269,0.7126,-1.5551,-0.7937,44.43,320.56,A
8222,-9.7392,-8.945,2.0431,2.2493,1.3188,0.1663,37.02,266.91,C
8223,-9.0298,-8.4339,0.7087,0.1701,0.2856,-1.6213,29.28,250.06,D
8224,1.1736,1.5968,-0.94,-0.3627,-0.375,0.4705,42.25,306.71,C
8225,1.493,1.4723,-2.1574,-2.8082,-0.0035,1.1998,43.12,308.96,A
8226,3.6642,3.9736,-0.6519,-1.536,1.4428,0.7817,44.78,311.71,C
8227,-0.6297,-1.904,-2.8393,-2.2893,0.0104,-2.4896,39.09,285.6,B
8228,3.6832,4.3818,-2.8424,-3.636,-3.2229,-2.4723,37.93,291.7,D
8229,-4.3894,-3.2547,4.7259,4.0931,-1.6503,-0.2841,44.95,320.07,B
8230,-12.1338,-10.4613,-1.2383,-1.2036,0.1048,-2.3445,30.4,211.57,B
8231,4.27,3.4937,0.9799,0.701,-2.0427,-1.0592,44.3,325.44,A
8232,4.9556,4.9538,4.5521,4.3479,1.4279,2.8091,51.96,406.05,C
8233,-2.6279,-2.4849,-3.3852,-4.3119,-0.6633,-1.8342,32.82,283.8,C
8234,2.6365,1.0024,0.4793,0.2766,1.8835,3.2264,45.68,332.26,A
8235,-11.7851,-11.3079,0.4394,2.2613,-0.1232,-0.4317,31.52,285.83,C
8236,-1.9947,-2.8706,-2.4195,-2.7004,0.25,-0.376,39.22,268.97,C
8237,0.6062,-0.5572,-1.03,-2.1942,0.794,0.0517,43.86,282.0,A
8238,-10.2014,-8.9207,1.6643,1.3441,-1.5019,-2.0998,34.16,248.36,A
8239,5.9429,5.9052,1.4722,0.9006,-1.4609,-0.5118,45.71,357.23,C
8240,-0.9915,-0.2068,-3.7463,-3.8939,-2.4513,-2.4767,37.17,218.71,D
8241,8.4891,10.1507,2.3752,1.4932,0.0162,-0.5638,51.64,371.06,D
8242,-5.1761,-4.8397,-3.4326,-3.175,-2.2241,-1.84,34.37,241.18,D
8243,1.4192,1.881,-3.4488,-4.6626,-0.5119,-0.4248,36.13,282.24,C
8244,5.7058,4.4599,2.205,2.4768,0.2946,-0.196,47.9,366.04,C
8245,0.1014,-0.4741,-1.9852,-1.2323,-0.2297,-1.2671,40.76,284.24,C
8246,0.6958,-1.1129,-2.7029,-1.9671,-0.8796,-0.0451,36.8,273.05,C
8247,-0.8143,-1.166,-2.5014,-2.6823,1.2696,0.558,41.52,272.7,C
8248,4.2401,3.1644,-5.1827,-5.3944,-2.5323,-2.8814,38.23,260.27,D
8249,6.1128,5.4345,1.8697,2.8341,-1.2145,-2.7771,45.59,354.16,D
8250,5.5284,5.7017,-0.3352,0.3891,-0.5013,0.2444,47.12,345.79,B
8251,-3.5734,-3.9894,-0.1869,1.8246,1.757,-0.0289,38.25,278.32,D
8252,-2.3821,-2.1621,-1.3402,0.0109,-1.5461,-1.4883,40.25,263.53,A
8253,-5.6695,-5.9615,1.3132,0.8336,0.2249,0.5101,36.11,290.02,D
8254,-5.5637,-5.8312,-2.9043,-3.8358,0.4159,-0.0961,35.85,258.37,D
8255,-14.0909,-12.4198,-5.1714,-2.9991,-3.592,-4.1169,19.73,175.68,D
8256,-4.5232,-5.0136,0.1544,-0.4431,1.5836,1.4381,39.92,293.59,A
8257,-3.0516,-2.6777,-2.8033,-1.5959,-2.5141,-3.4286,35.39,244.01,B
8258,-2.0051,-2.528,-0.2029,-0.3979,2.0389,1.3586,41.72,320.44,D
8259,3.2689,2.5122,4.2328,3.2923,0.0093,1.5889,50.28,357.1,A
8260,-4.8182,-3.7885,4.4903,3.382,1.3469,1.016,41.51,338.65,D
8261,-4.2211,-4.8052,0.2382,0.0158,-0.3627,-0.888,38.74,311.95,B
8262,-0.2299,-1.2253,-0.2251,-1.5581,-1.1685,-1.405,42.23,314.72,A
8263,-11.0327,-12.0927,-3.6553,-2.2582,-0.4605,-2.709,25.89,167.4,A
8264,-0.4596,0.4946,1.4774,0.4785,1.5511,1.6935,46.32,313.26,D
8265,1.6645,0.7034,-0.405,0.1832,0.0625,-0.5133,41.0,303.49,D
8266,10.3221,9.3341,0.4515,-0.3821,-0.6998,-0.7475,50.01,368.92,D
8267,7.4883,8.1711,2.5568,1.8609,2.6103,2.4705,51.08,393.5,C
8268,14.8781,15.091,2.5794,1.3956,3.0593,5.008,60.97,441.79,A
8269,0.3902,1.2446,2.4595,1.5487,0.3385,-0.6191,47.58,351.1,D
8270,9.967,8.8969,3.1255,3.2616,0.9218,0.5452,54.5,387.51,C
8271,7.0862,6.7964,2.9529,3.0894,-0.0243,1.1029,49.5,383.65,B
8272,4.552,4.5789,1.9571,1.679,2.5682,1.5908,48.17,374.08,C
8273,-0.4572,-0.9156,-3.3492,-3.0002,-0.9427,-0.8725,37.82,286.06,A
8274,-5.9663,-5.1758,2.25,0.8376,1.6011,0.429,39.42,291.88,C
8275,0.2471,0.095,3.9776,2.7316,1.2434,1.2724,47.12,366.7,A
8276,-2.074,-4.0921,1.2097,1.6051,2.4077,1.1668,38.76,351.03,C
8277,1.9933,2.628,-7.8214,-7.8283,-2.7168,-2.9754,33.16,213.21,B
8278,6.2414,6.3955,2.4746,0.6236,0.719,0.8834,54.7,373.28,D
8279,-2.71,-2.1223,-5.1593,-3.6636,1.4331,0.2461,37.07,269.92,D
8280,-1.8113,-1.6247,2.9333,4.4614,1.8268,3.3288,42.84,335.95,D
8281,-8.2236,-8.366,1.0125,-0.2261,-0.0417,-1.242,33.23,249.64,A
8282,1.1329,1.5939,0.9258,-0.7506,0.8435,0.8939,44.14,355.4,A
8283,9.5914,8.283,0.8971,1.3126,1.7743,4.0747,51.89,387.68,D
8284,5.7626,5.5441,0.3201,-0.9384,1.3603,1.9108,49.25,343.43,C
8285,4.5663,3.0154,-0.3483,0.4926,2.0356,3.3563,47.31,353.87,C
8286,-0.0395,-0.2178,-0.3838,1.0972,-1.0552,-0.7125,40.94,330.27,C
8287,3.9763,5.9718,0.4744,0.6918,1.1831,1.9835,50.13,349.1,B
8288,3.9419,4.1368,8.0975,5.9995,2.1125,2.7021,54.19,390.48,C
8289,-6.7308,-6.1473,0.3818,1.3775,-1.5132,-0.8109,37.39,280.44,A
8290,-7.3062,-7.5538,-1.0856,-0.7507,-1.0032,-2.1332,34.4,231.9,A
8291,-6.24,-6.7856,0.845,-0.3751,-1.6834,-1.4822,35.37,273.36,D
8292,1.4317,2.3917,3.1013,2.5256,-1.8614,-1.3211,45.52,345.09,C
8293,1.159,1.5161,-1.0275,-3.0607,0.786,-0.661,38.22,302.06,B
8294,17.9188,17.7308,1.087,1.0578,1.8392,2.7611,63.6,449.92,C
8295,3.8736,4.3585,-0.2719,1.5191,2.9861,2.3807,47.83,356.24,C
8296,2.3112,2.749,5.0306,4.0328,1.2699,2.599,49.69,387.12,C
8297,11.2894,10.008,-0.3697,1.052,1.4958,1.642,52.51,397.79,D
8298,-2.0002,-1.2815,-1.3228,-1.281,0.5468,1.2399,39.63,263.54,B
8299,6.7026,5.1357,-2.0266,-1.2569,-0.921,-1.6142,44.15,305.28,B
8300,7.3042,6.8587,4.1796,4.2553,2.3609,3.5191,56.27,419.93,B
8301,-8.146,-7.6419,-3.674,-2.7891,-2.6705,-0.9883,29.0,204.27,C
8302,-6.0372,-5.3584,-2.222,-2.493,-0.8799,-1.5924,36.55,253.78,A
8303,5.0293,4.6658,-0.7861,-0.6315,0.872,-0.0428,45.5,298.66,D
8304,-6.2999,-7.6022,-6.9348,-5.9211,-3.2294,-2.7524,26.63,193.37,B
8305,-0.8977,-0.4698,0.7956,-0.2033,0.1931,1.0867,42.42,323.22,A
8306,6.9426,8.0762,3.9305,2.9051,-0.4635,0.9289,51.4,399.73,D
8307,6.4117,6.7076,3.9707,2.9132,2.1671,3.5516,53.65,388.48,C
8308,-0.9749,-0.9828,0.004,0.4797,-0.5881,-1.0992,43.03,294.69,A
8309,11.4111,9.5441,-1.2116,-2.0928,1.0195,0.7664,49.11,345.0,B
8310,3.9202,3.9123,0.8334,0.6033,4.2292,2.9146,49.49,383.65,A
8311,-7.0627,-7.9347,-0.0865,-0.4045,0.1092,-1.0556,32.87,258.12,C
8312,-3.6607,-4.6889,-2.0949,-3.0093,1.7368,0.557,39.46,265.82,C
8313,-1.9058,-2.6414,3.3875,2.6408,-1.0775,-0.2397,44.79,362.5,B
8314,-0.3563,-1.4738,4.0869,3.6097,-0.4341,-0.5793,45.96,348.94,C
8315,-7.5529,-6.561,4.7435,5.4596,1.9045,1.4771,41.75,363.31,A
8316,-2.7352,-2.5133,-2.6441,-1.3121,0.7933,-0.7549,35.68,304.06,D
8317,-9.7335,-10.3435,-2.855,-1.1279,-1.7411,-1.7118,30.05,206.56,A
8318,-9.1888,-9.5916,-7.4042,-6.281,-0.9292,-1.2689,24.87,182.11,D
8319,-3.2028,-4.7261,-3.6111,-3.7284,0.9366,-0.3326,33.77,246.26,D
8320,14.9079,14.2035,1.616,-0.331,2.123,2.7392,54.88,422.51,A
8321,-4.6283,-5.8443,-4.8911,-3.8553,-1.4526,-1.0556,32.47,247.12,D
8322,5.2452,5.5834,2.9451,1.9219,0.7275,0.0457,47.85,357.44,A
8323,-0.9363,-1.4756,-0.8833,-1.9688,0.8744,-0.3521,39.91,301.99,C
8324,-0.0286,-0.2601,5.1687,4.4693,3.0744,2.6269,50.68,365.71,A
8325,-0.5901,-0.936,-1.9499,-2.2106,-0.8612,-2.1037,36.5,276.3,B
8326,-1.1356,-0.6201,-2.7234,-2.9275,-0.2361,0.3427,37.4,273.98,A
8327,7.2338,8.1665,4.8654,4.2445,1.7001,1.5929,55.38,416.17,A
8328,0.4255,0.1624,2.9769,3.0633,0.9287,0.3245,40.65,331.36,A
8329,-3.2175,-3.1673,-0.5946,0.6554,1.8502,1.6684,40.59,327.33,C
8330,-2.8034,-2.1116,4.2581,4.0013,0.7453,1.2891,49.59,322.15,D
8331,-1.9208,-1.4902,-4.4056,-3.4537,-1.5584,-2.4106,30.55,235.2,D
8332,4.4936,3.8037,3.605,3.0893,1.5068,3.7603,51.2,362.88,C
8333,-9.0482,-10.2488,1.7454,1.9899,-1.5072,-1.7482,34.43,251.25,A
8334,4.4125,4.0875,1.1368,0.5515,-2.5269,-1.8208,42.33,337.47,B
8335,-3.006,-4.3455,-0.6808,-0.3888,0.7291,-0.5477,36.57,312.4,C
8336,3.7005,2.0235,1.4874,2.4442,3.0237,2.389,50.0,352.23,A
8337,-6.4134,-6.2885,-0.5458,-0.7329,-0.632,-0.712,36.22,250.76,B
8338,-2.5272,-1.7285,-0.5195,-0.5003,1.5201,1.9371,40.04,288.67,A
8339,-0.1886,-1.1815,-0.1759,0.434,-1.6958,-0.7824,39.84,287.09,B
8340,4.4125,5.0696,1.8207,0.5934,1.0534,0.1707,49.43,338.77,D
8341,5.4801,5.5144,-1.3317,-0.6666,-0.5815,-0.5299,44.67,338.67,A
8342,1.7535,1.7347,-1.0661,-0.1479,0.4239,0.0422,41.74,284.65,D
8343,-4.9582,-6.6648,-3.3997,-3.1326,1.9782,0.7661,34.07,229.4,C
8344,-4.4237,-3.2279,-0.8311,-0.976,-1.5865,-1.3674,34.69,276.76,C
8345,-0.7892,-1.209,-3.2562,-2.6105,-0.5792,-0.203,40.96,263.23,D
8346,-1.0255,-0.3432,4.4141,3.5692,0.2104,0.476,44.53,329.48,B
8347,5.9776,5.0059,-2.9771,-2.2778,-0.1748,1.058,41.62,344.09,A
8348,-7.4324,-6.5635,-2.7499,-2.0582,1.0416,-0.0069,33.83,239.29,B
8349,1.4095,1.4922,5.3602,4.8922,1.7021,0.8653,50.89,368.6,B
8350,5.5614,5.385,-1.4044,-1.5159,0.7778,-0.7734,42.03,359.11,D
8351,7.5823,8.3485,5.8393,2.5505,0.1456,-0.3125,52.06,430.99,B
8352,-5.9657,-6.6069,-2.6302,-3.5725,-0.1893,-0.8925,33.73,236.62,B
8353,8.3239,8.0591,7.9278,5.9098,2.3328,2.5242,58.63,448.72,C
8354,5.3888,6.612,3.252,1.3381,-1.5505,-0.4139,50.2,369.31,D
8355,-0.278,-0.7918,-0.2246,0.3256,1.2654,-0.2976,41.75,304.96,A
8356,-5.2321,-5.4926,-3.6695,-2.948,0.0412,-0.4623,34.57,246.82,B
8357,13.1285,12.4475,-4.3843,-5.8271,-1.1469,-1.3514,51.05,323.19,C
8358,-2.5341,-3.882,0.2865,0.2119,1.7708,0.7844,38.64,310.76,C
8359,-2.7318,-2.9847,-0.4911,-0.1701,-0.7317,-0.3393,35.13,274.32,A
8360,-4.5144,-4.8009,-2.3906,-2.597,-2.6005,-1.2452,32.12,251.56,C
8361,-6.6217,-5.6059,-2.5231,-1.4631,-1.4098,-2.342,33.18,239.33,D
8362,-0.7799,-2.092,-3.699,-3.0992,0.6225,1.7524,38.69,275.55,C
8363,-7.1366,-6.9259,0.425,0.0638,-2.3283,-1.7083,34.39,246.6,C
8364,-7.443,-7.3944,4.9031,3.9734,2.4542,1.7038,44.3,330.03,A
8365,3.3579,4.2308,-2.92,-2.6627,-0.3857,0.0488,43.49,328.74,A
8366,5.0496,3.9806,0.955,0.9925,1.7303,-0.0774,46.79,314.73,D
8367,3.3213,4.4381,1.212,1.8808,2.3438,3.437,49.27,360.36,D
8368,0.7809,1.1479,-2.9619,-2.8543,0.8188,1.4111,44.15,275.05,B
8369,0.0085,1.0051,0.7332,0.7044,-0.2518,-0.378,42.68,303.85,D
8370,0.6832,0.0625,0.6449,0.7629,-2.2907,-0.8084,40.92,337.87,C
8371,-0.5956,-0.2364,2.2441,1.9009,0.9625,0.9955,46.65,324.98,C
8372,-7.8208,-7.8945,-3.9917,-3.7841,-1.828,-1.7798,30.65,222.52,D
8373,-3.2297,-3.1206,2.8978,1.6407,0.4561,-1.1944,40.64,319.08,B
8374,0.398,0.6412,-1.9244,-2.6966,-1.3021,-2.1656,40.75,302.33,B
8375,-4.0037,-3.6766,-0.5206,-1.9243,-2.4134,-1.3362,34.94,294.5,B
8376,1.1442,0.2913,1.9657,2.9893,2.9778,1.0847,47.54,345.38,A
8377,1.7069,3.7497,4.7883,4.4229,1.0224,2.8381,52.1,407.1,D
8378,4.3268,5.1498,1.7335,3.1282,0.7117,2.0802,49.34,376.52,A
8379,-0.1829,-1.5141,-1.3937,-0.7498,1.7948,1.0092,39.5,289.32,A
8380,-1.5892,-0.588,0.6428,1.0108,-0.4979,0.1216,40.08,319.41,D
8381,-4.0094,-4.7391,-1.429,-0.7773,-0.2885,-0.3279,36.62,265.2,B
8382,13.026,11.7889,0.9241,0.297,3.4109,4.0061,56.23,412.6,B
8383,-6.4906,-6.8413,-1.0707,-0.9536,-1.6058,-1.6947,37.78,257.35,D
8384,-2.4478,-1.9745,1.2725,0.3317,-1.9962,-1.4936,37.44,292.28,A
8385,0.774,0.9274,0.7855,0.6202,0.3401,1.43,44.76,311.43,C
8386,-6.3096,-6.5753,-5.571,-5.4859,-3.96,-3.6082,25.57,185.66,C
8387,-0.9398,-2.6277,-4.7848,-4.681,0.092,0.0073,37.32,257.63,B
8388,-2.0861,-0.6725,0.3758,0.4386,-0.817,-0.5813,40.11,302.99,B
8389,-1.459,-0.9988,-2.9218,0.223,1.785,2.3584,38.25,292.89,A
8390,2.1162,3.0534,0.0492,-1.243,-1.6795,-1.6837,44.25,323.23,C
8391,-2.3706,-1.3017,3.5992,2.2115,1.4254,1.1031,42.19,331.59,C
8392,-2.6966,-1.7559,2.5237,2.3035,0.802,1.1776,44.52,319.21,B
8393,5.5148,4.725,0.1255,0.7202,-0.4763,1.0302,44.33,322.39,A
8394,-7.0536,-7.3395,-3.1382,-2.9587,0.3992,-0.6871,29.16,223.74,C
8395,1.6106,1.3228,1.0455,1.0741,-0.1186,-0.5113,46.53,313.98,C
8396,4.8343,5.0492,1.0002,1.1402,0.8981,-0.2667,48.41,312.13,A
8397,0.1488,0.3689,1.8468,3.1231,0.6116,1.1333,45.36,307.33,C
8398,-7.5063,-6.3795,-2.3782,-2.1448,-0.6078,-0.226,32.59,248.38,D
8399,-0.4668,-0.22,-0.7007,-2.5688,-3.0966,-2.9277,37.95,287.46,A
8400,9.208,9.2941,1.1325,0.3657,-1.2639,-0.7902,49.17,392.53,D
8401,-5.7175,-5.9245,-1.0843,-1.2763,1.0598,0.2784,35.19,264.95,D
8402,2.5376,1.1416,-3.3935,-3.0205,-0.9044,-1.8697,36.85,290.46,D
8403,0.1276,0.8282,-1.8011,-1.5244,1.0662,0.1882,39.04,299.22,A
8404,-2.6531,-3.2178,-2.4534,-2.0542,-2.5797,-1.9065,33.37,257.6,B
8405,6.1899,6.7677,-1.0825,-2.0628,0.5419,0.2079,49.03,319.08,B
8406,7.9706,7.6726,5.6075,4.7449,1.6027,3.0633,55.64,421.71,D
8407,2.5277,2.5593,3.6915,3.7639,-0.8018,-0.8327,45.23,332.52,C
8408,6.3585,5.512,-3.407,-2.835,-0.3121,-0.3594,42.45,323.84,D
8409,0.4214,0.1825,-0.3383,0.1632,-0.5982,0.3871,43.18,293.01,B
8410,2.5465,1.5967,-0.8553,0.5731,0.1382,-1.25,43.59,316.16,B
8411,-0.3051,1.8598,4.5426,4.0277,-0.1283,0.585,48.27,385.63,D
8412,-6.5156,-5.7917,-7.481,-5.1302,-2.5212,-3.6718,29.81,194.34,A
8413,-0.2139,0.1858,-1.547,-1.8209,0.3449,-0.639,40.96,292.4,D
8414,-9.5394,-8.6622,-4.7956,-4.1658,-0.4353,-0.4459,30.21,198.17,A
8415,-2.2431,-2.6366,4.0926,5.6074,1.0815,0.5965,43.5,335.16,D
8416,3.0934,2.8518,-1.3203,0.2689,0.4778,0.0571,43.28,291.54,B
8417,-12.2572,-11.7353,-3.4115,-2.5939,0.2748,-0.7862,28.6,217.74,C
8418,-2.1613,-2.4747,-3.3372,-1.204,0.6082,0.4794,39.64,285.88,C
8419,-0.9073,0.5411,3.2182,3.7052,0.9446,1.5321,48.94,351.33,A
8420,4.3709,3.6722,-1.7667,-1.2086,-1.9375,-2.7504,42.55,290.09,C
8421,1.5068,3.0065,6.8137,4.7414,1.6303,1.5755,49.97,375.64,A
8422,0.0484,1.3124,1.1197,1.5003,-0.1743,0.5268,42.9,326.22,D
8423,3.8076,3.8461,-0.3213,-0.6207,1.0167,1.7946,45.46,318.03,C
8424,0.9966,0.8822,0.3141,1.0707,1.0286,-0.1791,40.26,321.02,C
8425,-2.6161,-1.8031,-0.3319,-1.3042,-1.7717,-2.0968,38.19,282.16,D
8426,-0.1193,-0.7404,-1.8352,-0.5904,1.1322,2.1245,43.45,293.81,A
8427,-6.4377,-5.5959,-4.8485,-2.9582,-0.9423,-1.4928,32.21,207.62,D
8428,1.1228,2.4509,-1.4761,-1.1674,-0.6332,-0.1728,44.57,301.32,C
8429,1.3045,1.4917,0.261,1.381,-0.1686,0.5949,43.01,334.6,D
8430,-3.5826,-4.2377,-2.011,0.3778,-0.6251,-1.0321,35.5,297.37,C
8431,4.4239,4.6129,-0.6512,-1.8304,-0.0027,1.1288,46.53,344.18,C
8432,-5.853,-4.7103,-3.5564,-3.2937,0.9851,0.3488,35.37,245.24,C
8433,-0.3795,0.8578,0.5946,0.2467,0.7564,2.1458,41.47,316.57,B
8434,5.6283,6.7367,2.37,2.2875,1.4846,0.6664,54.39,401.48,D
8435,11.964,10.0966,-0.5026,-0.3232,-1.6626,-0.2242,48.89,369.17,C
8436,-7.7965,-6.7082,-1.8315,-2.7905,-0.9696,-1.6249,30.18,258.11,A
8437,1.3209,1.0233,1.7295,0.8357,-1.3094,-0.4999,41.28,336.93,D
8438,-7.9096,-7.7203,0.6869,1.8166,0.9908,1.0565,40.04,283.46,C
8439,0.7015,0.6109,-0.6329,-1.5194,-0.7245,-0.9911,40.59,285.58,A
8440,6.2334,6.012,2.7345,2.5652,-0.5423,-0.2199,50.01,377.82,C
8441,-5.7496,-4.5676,-4.2741,-4.2072,-0.7858,-1.656,34.32,244.9,B
8442,5.5362,4.4897,-0.8512,-1.2907,1.2299,0.6679,46.13,314.99,B
8443,-8.9628,-8.5794,2.1704,2.0701,1.4152,-0.2194,39.68,270.61,A
8444,-4.352,-4.131,0.1675,-0.2718,0.5387,-0.8989,39.71,275.9,D
8445,0.4414,1.1286,-2.4952,-1.5338,-2.4269,-1.7528,39.14,308.71,D
8446,1.0182,1.7074,-2.3381,-3.6472,-3.0155,-2.5269,40.97,261.56,B
8447,-3.8257,-3.3732,0.7322,0.699,-0.8373,-0.4636,39.49,287.85,A
8448,-2.0938,-2.1592,1.2635,1.0626,0.6494,0.6121,41.88,316.94,A
8449,-2.5253,-1.3294,1.3937,2.822,-1.0486,-1.3299,40.72,320.04,C
8450,1.8575,1.9856,-1.8076,-1.3016,2.2972,1.5349,42.98,314.58,D
8451,-4.4048,-4.8518,-1.6454,-0.9547,-0.2284,-0.7267,36.1,255.0,D
8452,-7.0906,-8.7701,-6.7083,-3.7426,-1.5396,-3.1489,28.69,172.96,B
8453,1.2395,1.243,0.0805,-0.1716,-0.5451,-0.8562,42.73,316.82,A
8454,2.5674,1.9,-7.1177,-6.7979,-0.8542,-0.3021,37.09,250.48,D
8455,2.7543,3.348,0.5002,0.1929,1.1447,1.5051,42.42,335.11,D
8456,2.1382,1.9297,4.7572,4.3883,0.7064,-0.9366,43.81,353.12,D
8457,-6.9179,-7.5198,-4.3444,-3.1142,-1.1384,-0.9835,33.32,213.39,C
8458,-5.5073,-5.0877,0.6542,0.0878,-0.427,-1.5823,35.88,260.95,D
8459,1.6506,0.7124,4.9255,3.8496,1.0388,-0.0002,47.43,342.53,C
8460,-7.8759,-7.7729,-1.6504,-0.6091,-0.5892,-1.114,29.67,230.19,B
8461,2.7106,2.461,0.6824,1.1966,0.1788,-0.1657,44.92,325.44,D
8462,10.1313,10.3892,5.8433,4.1818,2.6487,3.4341,60.76,427.6,C
8463,4.9254,3.2408,-0.2712,-1.6856,-0.324,-0.4742,40.95,327.07,A
8464,-3.5608,-4.6665,-1.0487,-2.6723,-1.1407,-0.9852,38.41,266.59,C
8465,-2.6833,-2.8248,2.4268,3.5044,2.7329,1.4378,44.0,327.27,A
8466,3.7661,3.2294,0.0897,0.4838,2.1803,1.5568,45.43,352.98,A
8467,5.2324,5.3869,1.5598,2.2687,0.6295,0.8367,48.32,351.57,D
8468,1.6412,2.6389,3.4413,3.7128,1.7172,0.7366,47.33,370.1,C
8469,2.571,3.07,0.3369,1.04,0.9643,1.7107,46.38,341.08,C
8470,-1.8117,-2.5479,0.6373,0.5097,-2.3397,-0.7467,42.19,297.58,C
8471,4.4751,3.5045,1.7407,0.4856,0.1934,-0.3522,47.63,321.94,B
8472,4.9326,2.6029,-6.8447,-6.8057,-1.9535,-2.6358,36.29,242.38,B
8473,-8.0703,-7.7634,-3.7016,-4.5917,-0.1719,-1.3129,27.68,221.5,B
8474,0.4935,0.2016,1.6888,1.6861,0.0725,0.4373,45.85,329.16,C
8475,-8.0613,-7.4115,-5.1208,-4.781,-0.076,-0.9532,27.08,217.38,D
8476,0.5046,0.4994,-1.8228,-1.4814,-0.8206,-1.441,38.87,308.57,D
8477,3.0368,2.7963,-2.9312,-1.4086,0.9692,-0.1755,42.93,328.6,A
8478,3.223,3.7656,-2.302,-0.3954,-2.2151,-1.6133,44.67,293.01,C
8479,3.9944,3.708,-1.3201,-1.5415,-0.3584,0.2045,42.28,285.35,C
8480,-8.1147,-8.3269,-2.7864,-2.713,-1.2941,-1.4668,30.82,244.6,D
8481,4.9172,4.688,3.0594,3.3811,1.2095,2.6298,51.87,388.25,A
8482,-1.8149,-1.9596,-2.9116,-2.6067,-0.4817,-0.637,37.8,269.37,A
8483,-14.8099,-14.7909,-4.3693,-2.5167,-4.2732,-3.9488,23.58,170.33,C
8484,-0.5124,-1.547,-0.0561,0.0525,-1.1426,-1.5581,40.1,311.77,D
8485,-0.7748,-0.1234,-0.7465,-0.6803,-1.0774,-0.9253,41.91,293.57,C
8486,-3.3266,-3.951,-1.3425,-1.3507,-2.0199,-1.7432,37.55,291.93,A
8487,3.148,2.1114,0.7318,0.1551,1.495,0.7362,42.84,351.26,C
8488,1.5349,2.0434,1.3631,0.0646,-1.021,-0.0239,42.42,349.11,A
8489,-4.433,-3.4212,-2.7617,-1.3478,0.019,-0.2516,35.98,272.76,A
8490,5.175,6.1902,2.322,2.5657,-0.7596,0.4876,50.45,401.95,C
8491,-3.5182,-2.0234,2.4487,1.3836,0.4268,0.9274,41.73,302.37,A
8492,-2.3928,-2.2422,1.0465,1.6859,1.7888,3.0445,41.55,335.5,C
8493,-1.7056,-1.2227,-2.2731,-1.7295,-3.0621,-1.7924,34.91,256.44,B
8494,2.0769,3.2118,3.3967,3.3758,0.4639,0.6517,49.36,359.26,B
8495,-0.7158,-2.3995,-2.7909,-2.1331,1.8832,1.2201,41.37,278.9,D
8496,2.5932,3.8144,1.8331,0.3396,-0.0351,-0.1024,48.08,339.63,C
8497,2.1242,1.0307,2.3246,2.4712,1.2441,0.4457,45.96,334.3,A
8498,-3.6046,-2.4163,-2.3933,-2.4903,0.579,0.5847,37.76,296.07,C
8499,6.0793,7.1739,-1.0176,-1.0408,-0.9256,-1.1291,44.6,343.84,D
8500,-6.4238,-5.3674,-2.2605,-0.8549,2.4126,0.764,29.36,268.41,A
8501,-2.124,-1.247,4.255,4.7301,3.0711,1.4552,48.55,377.61,B
8502,4.0606,4.3131,1.0101,-0.8626,-0.5813,-0.7211,42.52,325.24,B
8503,3.4906,4.1021,-1.3311,-2.4578,0.1926,-0.8421,44.88,308.67,B
8504,8.5727,8.4265,1.9852,1.1347,-0.4747,1.5428,51.66,381.96,C
8505,12.6527,12.23,2.7132,1.0508,0.2181,1.3812,53.71,399.48,C
8506,6.57,6.681,-1.4274,-1.3339,0.0411,-0.4667,44.03,325.4,A
8507,7.4253,8.7678,-0.247,0.8307,2.6503,1.0833,50.04,365.52,C
8508,-7.8346,-9.1669,0.5361,0.0689,1.6299,0.7598,36.75,274.99,D
8509,4.0362,2.7179,3.4842,4.563,1.4676,2.3659,51.35,350.46,D
8510,-1.4729,-0.9153,2.9272,3.9777,0.1312,0.3,42.5,323.54,B
8511,4.3578,5.5517,1.2982,0.9196,-0.0804,1.4533,47.05,380.0,B
8512,2.8944,1.8393,-1.322,-0.0995,1.2003,0.0005,44.22,319.28,A
8513,-4.2503,-4.343,-3.6653,-2.9027,-3.1968,-1.983,31.79,238.97,C
8514,-0.0728,-1.2906,-3.7806,-4.4466,-1.5316,-2.1031,39.2,243.1,A
8515,-4.785,-4.1972,0.9641,0.9249,-1.3561,-0.297,36.65,276.79,B
8516,-2.4273,-2.5258,-1.3924,-0.0483,0.6099,0.6493,40.54,301.15,A
8517,0.8752,0.8312,-0.4265,-0.3204,2.3416,3.1956,41.27,318.62,C
8518,-3.1179,-2.6609,-1.5234,-1.4882,-0.2593,-1.563,39.23,270.68,D
8519,-2.1322,-2.4269,-2.3956,-3.8125,-0.4493,-0.0054,38.28,249.04,A
8520,3.5336,4.7955,1.0323,0.0785,-2.2794,-0.2627,41.44,333.56,C
8521,4.1985,4.7531,2.5585,3.8245,3.8361,3.3527,50.1,374.22,A
8522,-0.4119,0.9944,2.5813,0.0668,-1.4443,-1.3696,45.25,334.52,A
8523,-10.7289,-10.0981,0.5644,1.0611,1.3423,1.3773,37.21,257.73,B
8524,1.7792,1.5806,2.0034,1.1412,2.4786,2.428,47.58,358.2,C
8525,-8.389,-6.3333,-0.9525,-0.2523,0.0804,-1.9584,35.17,274.01,A
8526,-6.4498,-6.3662,-0.7842,-0.1596,0.4161,0.2247,35.05,263.06,A
8527,-2.1849,-2.8382,0.1407,-0.145,1.9619,1.8643,41.2,295.7,C
8528,7.9111,8.4008,2.4263,1.0686,0.186,-0.2638,50.34,352.28,A
8529,9.2588,8.0485,0.5414,0.2217,1.5009,1.5447,49.3,383.36,C
8530,-1.8417,-3.1292,-5.1942,-5.0481,0.7337,-0.98,35.11,239.26,D
8531,0.7881,-0.378,-0.4322,-1.9295,-0.9468,-1.6529,41.29,295.92,D
8532,-1.1491,-1.1397,3.8378,2.8957,1.4369,1.1107,43.23,330.29,C
8533,5.6537,6.0938,1.4707,1.2398,0.6192,0.812,51.62,351.71,B
8534,0.1202,0.3856,3.785,3.1904,1.4923,2.2519,49.77,379.46,A
8535,-3.2896,-4.8961,-3.1334,-1.9925,1.3444,0.2134,36.28,252.34,A
8536,1.0752,0.1252,2.7238,3.2856,2.4833,1.9455,46.91,393.76,A
8537,2.9184,2.442,3.789,3.7682,-0.0926,-0.14,49.53,363.74,D
8538,9.901,11.179,3.472,2.9015,2.2386,2.8776,56.04,432.62,A
8539,-10.6605,-9.8492,-0.129,1.4777,0.9149,0.4182,35.09,260.79,D
8540,-0.383,0.4445,1.3068,1.1526,-2.0715,-1.3252,46.13,323.81,A
8541,-1.5628,-1.2882,-1.2044,-0.5277,1.6149,0.9945,41.9,294.09,D
8542,2.7809,1.6436,4.5039,3.9833,1.799,1.5076,51.1,367.65,C
8543,-3.6109,-3.1074,-0.0146,0.2909,-2.1275,-1.9209,36.69,279.35,C
8544,2.9381,3.8189,3.2027,3.5859,0.8089,0.7438,47.93,325.81,C
8545,5.4108,4.5794,-3.1232,-3.0575,1.1787,-0.0256,42.4,322.08,C
8546,-0.4786,-0.8347,-0.533,-0.8113,-0.5718,-1.1595,42.87,319.28,B
8547,-6.8765,-6.1862,-1.0016,1.3664,-1.7414,-2.137,31.99,240.75,C
8548,-0.4309,1.2126,2.5717,3.2394,-1.517,-0.571,42.79,354.89,A
8549,-4.6575,-5.4963,-0.2795,1.0123,1.8454,0.5036,35.29,267.81,C
8550,-6.2395,-6.2572,-2.6645,-2.8086,-0.5708,-1.6114,30.12,246.9,D
8551,-13.662,-13.2269,-4.2387,-4.1085,-1.7506,-2.8461,22.75,178.08,A
8552,-2.5576,-3.2157,1.0969,0.2954,1.4785,0.3855,38.56,314.7,B
8553,-4.3617,-3.5915,-2.4281,-3.0796,-0.7302,-1.1374,35.51,260.92,C
8554,-8.1423,-7.0531,-2.5458,-2.6166,-3.272,-2.7638,30.22,253.71,B
8555,-0.9419,-2.3321,0.8514,1.1107,2.2487,1.8233,45.96,309.25,A
8556,-2.4422,-1.3207,1.5628,1.1649,0.2831,-1.213,46.3,291.52,C
8557,-1.5014,-1.0915,1.7994,2.256,1.4147,0.8665,41.39,318.13,D
8558,-6.1545,-5.6393,-0.8172,1.2704,-0.307,-0.8712,34.67,245.23,C
8559,-12.9201,-13.8107,-7.6734,-5.883,-2.9376,-4.2403,17.89,136.38,C
8560,-1.8258,-2.1058,2.6365,1.7285,-1.1402,-0.8675,39.7,294.4,B
8561,-0.962,-1.137,0.9094,1.895,0.8257,1.3646,42.49,328.34,A
8562,2.1579,1.6002,2.9003,2.4119,0.7766,1.4145,52.0,371.46,D
8563,4.8785,5.0842,-2.8966,-2.8288,0.2651,-0.6987,43.78,307.24,A
8564,-0.8008,0.8893,0.9783,-0.0739,0.9108,0.0901,45.69,329.79,A
8565,-1.9601,-2.1215,-2.8857,-1.7053,1.6981,0.9838,38.18,258.89,C
8566,1.5638,0.8086,0.2086,-0.583,0.101,-0.4019,39.32,302.43,D
8567,-0.4317,0.3794,-1.3921,-0.941,1.4406,0.3773,40.46,301.01,B
8568,6.7039,7.0481,1.0299,0.4661,1.9126,1.8274,48.9,348.89,D
8569,3.4577,4.088,3.0766,3.3318,4.1318,2.0779,51.87,376.0,B
8570,-1.4769,-2.0405,-0.8188,-1.4889,0.618,-0.2277,39.38,269.95,B
8571,-4.8226,-4.6277,-3.6309,-3.4197,-2.1651,-2.7685,33.19,251.9,D
8572,-4.3231,-3.8985,-2.0451,-3.5636,0.3591,-1.539,36.42,243.37,C
8573,2.885,0.4513,3.8608,4.4887,2.1188,2.9062,50.17,376.38,C
8574,5.7583,6.8288,-2.1427,-2.494,-0.6275,0.7916,45.04,315.35,D
8575,-2.3536,-2.8713,-2.1235,-0.0021,1.6371,1.7887,39.53,303.02,B
8576,-0.1972,-0.7356,-0.4921,0.1558,0.6986,0.2447,41.87,298.6,A
8577,-3.1792,-3.187,-6.6553,-5.7752,-2.1587,-2.3647,30.49,230.89,B
8578,2.4983,2.7651,2.1478,1.1001,1.1997,1.0791,46.54,350.85,D
8579,6.5504,7.2078,0.4917,2.4104,0.1983,-0.0834,49.9,377.29,A
8580,2.4,2.9775,0.3972,0.4899,-0.4595,-0.3647,50.8,326.05,C
8581,4.2555,5.0423,0.6241,1.6766,1.4274,1.5754,48.22,379.4,C
8582,1.7437,2.1463,3.2931,2.8686,-0.411,0.1128,45.02,351.59,C
8583,7.9145,6.5448,2.2253,1.7422,0.5365,1.9397,47.66,356.87,B
8584,2.0949,0.9448,-2.4319,-1.0703,1.2508,0.2608,41.43,331.2,D
8585,-3.3823,-2.9933,-6.5663,-4.8246,-2.5624,-1.9696,30.79,230.75,C
8586,-2.4467,-3.6215,3.0227,1.7442,0.8004,0.7552,43.54,342.6,C
8587,2.7518,3.6007,0.352,0.6476,0.6138,0.001,43.49,341.19,D
8588,3.519,3.8956,1.2738,0.449,0.6906,0.4399,45.93,327.66,C
8589,-1.2593,0.0715,4.1782,2.8586,-0.5865,0.0762,42.43,356.44,A
8590,-4.3701,-3.0045,3.202,3.7222,0.2899,0.9756,40.42,301.04,C
8591,2.8069,2.7469,3.1124,0.8255,0.1534,0.5961,46.77,365.1,B
8592,-2.8877,-4.3617,-7.4671,-5.9708,-2.4541,-3.2587,29.12,208.84,C
8593,2.7335,2.1941,0.2799,0.8513,0.4312,0.9596,45.86,335.9,B
8594,2.5246,2.2064,5.1546,4.4002,0.6787,2.5444,47.52,405.26,D
8595,1.5113,0.1977,-1.1306,-1.0087,0.849,-0.763,39.58,309.57,D
8596,-1.3223,-0.9322,-1.3403,-0.4882,0.3167,-1.5647,42.1,270.7,D
8597,-5.8477,-5.3587,-0.5545,0.3929,-1.1672,-1.2107,36.49,280.94,A
8598,2.4154,3.4102,2.3316,3.094,0.9354,1.8639,45.01,347.59,C
8599,-1.4276,0.1206,-0.5489,0.4128,-0.0061,-0.1353,39.8,309.31,A
8600,8.1844,7.4355,-0.04,-1.543,-1.599,-1.0343,46.05,330.79,A
8601,-4.3438,-3.8755,-1.1478,0.0265,0.769,0.9415,37.57,272.82,B
8602,-8.0479,-8.1525,-2.8955,-3.2045,0.144,-2.08,32.09,236.52,C
8603,-11.0788,-10.0811,1.8458,3.1306,3.3915,1.9118,36.27,290.7,A
8604,6.4639,7.7205,-0.1624,0.1832,2.8549,4.3297,51.4,413.78,C
8605,4.6363,4.9,3.543,3.2385,1.3804,1.7629,51.47,368.19,D
8606,-2.1912,-2.7499,-2.5333,-1.7127,-2.1947,-0.25,36.37,265.74,C
8607,0.6854,0.3271,-0.615,-0.4967,2.175,1.6562,42.03,314.38,A
8608,4.8259,5.6818,5.0722,5.3826,1.2222,1.0372,51.88,395.62,C
8609,-0.4358,0.3097,3.8385,2.8066,-0.3076,-0.6179,43.88,340.27,B
8610,-2.3054,-1.8843,-3.7253,-4.3172,-1.9069,-2.0706,30.99,250.13,A
8611,2.5495,2.9717,2.6404,1.016,-1.1993,-1.7616,45.54,348.91,B
8612,0.1183,-1.1157,2.8034,2.4427,0.884,0.8551,45.88,342.92,D
8613,3.7501,3.5545,7.251,6.7505,2.9172,3.5049,55.09,428.97,B
8614,-4.4852,-3.2142,-1.1705,-1.7928,2.2991,1.4168,35.89,261.0,A
8615,-1.5725,0.1953,1.7032,1.0542,-2.1328,-2.7038,44.85,341.96,B
8616,-7.9659,-8.4652,-0.2759,-0.3708,2.2828,0.44,33.02,244.03,A
8617,4.8469,6.1793,0.9755,-0.795,2.1359,0.7469,50.75,347.76,C
8618,5.076,4.9539,2.2984,1.9728,-1.1237,-0.1791,50.47,357.77,A
8619,-6.0906,-5.0671,-1.5842,-1.5178,0.6785,-0.8066,36.09,256.7,C
8620,4.2685,4.8329,-1.8088,-0.929,0.6664,0.2377,43.21,333.82,D
8621,-3.5194,-3.1714,-3.2255,-2.8977,0.3449,-0.9868,36.75,282.58,A
8622,-3.4514,-1.5376,3.3706,4.1168,3.2371,3.2048,45.97,366.54,B
8623,-2.5869,-0.5466,-2.1413,-1.8448,1.1975,1.6384,39.01,269.65,C
8624,-0.6429,-0.2699,3.6406,2.8533,0.3625,-1.2005,44.92,330.81,C
8625,1.7032,1.192,6.2132,7.6437,2.51,2.7769,52.44,391.58,C
8626,-5.4655,-5.8642,-0.3065,-0.3148,2.4261,0.8053,34.79,249.58,B
8627,-9.4959,-8.6296,-3.6118,-2.3737,-1.4658,-2.1111,29.83,242.55,C
8628,-1.9705,-2.2113,-0.3158,-0.0159,3.2635,2.3001,45.85,305.61,B
8629,2.086,1.5432,-1.3846,-1.6435,0.8707,1.1728,44.6,317.89,D
8630,6.7083,6.7165,-0.4285,-2.221,-0.5279,-0.4111,48.86,352.02,D
8631,2.0388,2.0058,-0.9332,-1.5954,-2.1364,0.0441,41.05,301.27,A
8632,0.3158,1.0709,-2.6363,-2.7796,1.3658,0.92,40.31,288.18,B
8633,3.6129,3.1467,3.4231,4.1095,2.3607,0.5463,47.98,351.83,A
8634,-5.691,-7.9045,0.8941,0.5684,0.2843,-1.2199,34.03,262.46,B
8635,-4.409,-3.3249,-2.4895,-1.9638,-0.5739,-0.0654,36.53,276.9,A
8636,5.3985,4.993,-1.4283,-2.4686,1.0698,0.4146,45.56,318.33,C
8637,-6.6342,-6.2562,-0.2935,-1.0068,-4.2461,-4.7503,31.11,239.2,D
8638,7.7354,7.1723,-3.1023,-3.2277,-2.4215,-1.9959,44.72,315.96,A
8639,-2.3965,-3.3963,0.7615,0.9349,0.6289,0.8226,41.18,312.58,B
8640,-3.8156,-4.0856,-4.7595,-4.5892,-2.4713,-3.0343,31.91,193.47,D
8641,-1.5764,-1.3627,1.5016,2.0517,0.1057,0.5492,42.81,327.78,D
8642,-4.2045,-3.1397,-1.7407,0.2314,0.5004,0.1767,35.9,294.59,D
8643,-2.3632,-0.9097,-4.8356,-6.1996,0.3243,-0.5995,32.09,238.13,A
8644,-12.0133,-11.8034,2.864,4.5583,1.2861,-0.0957,33.71,267.3,D
8645,-1.4195,-1.9611,-0.6879,-1.9313,0.4808,-0.9227,41.0,281.54,A
8646,0.4761,0.1069,1.102,2.3639,0.4588,1.1906,48.04,336.22,D
8647,-1.4831,-1.4416,-2.2261,-3.0716,-1.3149,-1.4594,38.56,273.4,D
8648,-3.0483,-3.2566,-2.5925,-2.5713,-0.1963,-2.6982,36.64,240.76,C
8649,-14.8459,-13.7464,-5.0456,-4.2272,-4.4726,-4.8258,20.37,173.7,A
8650,-5.8662,-5.0394,-0.8213,-1.0648,0.3996,0.3739,33.89,298.13,C
8651,0.3783,1.5441,-0.3434,-1.5961,-0.3178,-0.7183,39.17,302.72,C
8652,4.7772,5.5264,1.9898,2.149,1.9789,0.8819,47.97,365.38,B
8653,-0.6091,-0.2647,-5.8764,-5.9908,-2.0915,-2.2033,31.22,224.7,C
8654,3.524,3.6223,-1.1585,-1.402,1.7101,2.4284,44.61,376.6,A
8655,0.827,1.2831,-2.7747,-1.2954,-2.9831,-3.5649,41.7,312.1,A
8656,1.7403,2.3208,-1.6674,-1.7622,0.9429,1.4569,42.72,307.48,A
8657,5.8807,5.8929,-0.8755,-2.4227,0.4503,0.6736,45.32,336.18,B
8658,-4.7345,-5.2016,1.2583,1.2375,2.6851,1.6412,40.84,298.89,C
8659,15.2795,14.7078,4.3429,2.0331,0.4237,1.355,62.68,475.26,B
8660,5.4002,5.0929,2.2072,0.6652,-2.0138,-1.7035,50.04,352.64,A
8661,-0.4672,0.4086,4.5995,3.3398,-0.237,1.5483,42.99,349.66,C
8662,2.7622,3.195,-0.1687,-0.3917,0.464,-0.0531,45.59,291.02,A
8663,5.5828,5.4321,1.8175,1.5395,1.6437,0.6897,50.47,363.81,D
8664,-0.5457,-0.6494,-3.6104,-4.0381,-0.1921,-1.921,39.03,248.83,C
8665,3.7366,3.1851,-0.2963,-0.637,0.1259,-0.5741,44.72,322.5,C
8666,-2.4833,-2.1906,-2.913,-1.4787,1.6311,1.1851,39.64,262.0,C
8667,-3.7171,-2.6719,-1.5629,-0.6913,-0.3921,-1.4096,39.16,279.28,C
8668,12.8598,14.3049,2.8771,2.6581,3.8122,4.1661,57.94,427.56,B
8669,-3.1124,-4.3184,-3.1975,-3.4532,0.9837,-0.3358,36.04,234.77,C
8670,-5.0314,-4.8853,-6.6684,-5.7493,-0.3924,-1.7989,29.64,214.87,A
8671,2.1967,0.3366,0.7158,0.3906,1.0035,1.7214,48.82,331.23,A
8672,2.8191,2.2958,0.4152,1.6114,0.0078,0.5191,50.95,336.62,A
8673,0.3687,0.932,-3.52,-2.6378,-1.5501,-2.5839,36.07,288.4,D
8674,3.0624,3.2025,-0.8081,-0.3679,1.2072,1.2718,43.68,308.49,D
8675,-4.7577,-5.7205,0.3323,-0.354,-1.6688,-1.613,35.31,225.78,B
8676,-1.7919,-0.8585,0.3704,0.6291,-1.9605,-1.7417,39.36,322.32,A
8677,3.1547,3.1576,-1.7499,-1.4117,-0.2723,-0.7047,41.53,323.95,B
8678,-5.2445,-4.0476,0.0006,-1.5161,-0.0995,-0.542,32.46,262.08,B
8679,3.5394,2.9514,4.6379,2.6873,-0.5877,-0.1332,44.86,368.96,B
8680,-2.6374,-1.8319,-2.6731,-1.7353,-1.2333,-0.3672,41.2,273.68,B
8681,5.7494,5.9769,1.6506,1.4473,1.2754,4.228,51.98,406.34,D
8682,6.7771,5.3125,4.7796,4.0455,2.8519,2.9238,54.03,433.34,C
8683,-4.7004,-4.3759,3.1176,2.7042,3.089,2.8071,43.14,369.31,C
8684,7.2086,7.051,0.5471,-0.6209,-0.0243,-0.119,47.29,337.28,D
8685,-4.7978,-4.5356,-2.455,-1.595,0.5249,0.024,37.89,279.98,D
8686,-1.9929,-3.2177,-3.112,-1.7966,-2.9364,-3.0582,34.68,242.42,C
8687,0.2498,-0.6011,1.2121,1.5813,2.2542,0.5947,42.71,336.41,B
8688,5.665,4.8499,6.1956,7.6939,3.0294,3.288,51.76,413.41,C
8689,0.5865,0.081,-0.8417,-0.2282,-0.3258,0.2575,41.22,312.92,A
8690,-3.9746,-4.0284,-0.1517,-0.1964,0.6225,0.1108,37.83,298.64,A
8691,3.0793,2.5628,-0.2789,-0.9393,0.1116,0.3989,42.7,322.9,D
8692,-0.1067,0.1202,2.6933,1.0314,-1.0901,0.5864,44.88,323.74,A
8693,4.2334,4.8264,3.357,2.3098,1.6534,2.2061,50.19,383.52,B
8694,0.8012,0.2738,3.247,3.2327,1.4312,0.6212,45.22,378.26,B
8695,-0.9869,-2.0728,-3.0981,-2.6224,-0.8476,-0.6152,36.34,243.29,C
8696,0.5794,-0.3876,-1.703,-2.0658,-0.0527,-0.7283,41.15,304.06,B
8697,2.2727,1.8549,0.3279,0.654,2.2954,1.9223,45.88,356.18,C
8698,-3.0294,-3.35,-1.4705,-2.3499,-0.7233,-1.7874,38.26,297.29,A
8699,5.0689,4.6694,2.3929,2.0343,1.9096,2.1269,51.81,349.88,B
8700,-0.3122,-0.1942,1.1938,1.0369,1.8605,0.0679,42.77,319.94,A
8701,0.1534,1.4934,3.0598,1.5663,-0.9098,-0.4322,45.23,340.49,B
8702,12.8487,11.8554,1.8171,2.6628,1.0432,2.2335,57.26,425.73,C
8703,1.8668,1.0207,3.6409,2.9565,1.6226,0.48,48.57,341.72,D
8704,-9.0569,-8.0184,-3.7055,-1.7433,0.4483,-0.5058,32.43,219.89,C
8705,9.2571,7.9506,3.0722,1.9917,-0.0663,1.9628,51.38,401.63,A
8706,1.7246,0.1479,-3.7145,-3.1454,-0.4229,-1.032,34.89,264.97,B
8707,-5.0984,-4.522,-0.2474,-0.6885,0.0581,-0.3477,38.04,292.24,C
8708,1.083,2.0155,0.2648,-0.841,-1.6188,-0.9273,40.88,306.97,A
8709,2.5196,2.7639,1.4548,1.2849,0.2168,1.4037,46.59,308.62,C
8710,-4.6603,-5.414,4.75,5.7316,1.5775,0.7452,42.88,353.42,C
8711,-3.5358,-3.4723,-2.7494,-2.4944,-0.2507,-1.5041,37.62,234.77,C
8712,-1.5009,-2.3423,-2.7877,-2.7569,-2.2047,-2.2642,35.83,266.86,C
8713,11.0658,12.5245,4.6497,3.2393,3.4531,3.7819,57.31,454.29,C
8714,3.7681,3.8964,-3.7471,-2.9027,-1.3821,-1.2435,41.64,304.39,C
8715,11.3848,11.7444,2.0811,0.9067,3.1636,4.0373,55.67,421.99,C
8716,-3.4526,-3.0564,-2.165,-1.5683,0.114,-0.1913,39.59,284.54,D
8717,12.3477,11.4168,10.0212,8.1715,2.4681,4.9527,64.7,517.0,B
8718,7.8411,8.0454,0.5898,0.1661,0.5484,-0.4918,51.18,358.27,C
8719,-4.4557,-3.94,0.6595,-1.1241,0.1203,-0.8179,39.8,305.16,C
8720,-9.3203,-9.9051,-1.6907,-2.1331,-0.631,-1.166,30.56,230.84,A
8721,-3.6329,-3.1554,-3.4684,-4.9806,-0.9726,-2.1969,33.87,223.4,A
8722,-3.5488,-3.6719,0.874,0.7072,0.3284,-1.1392,35.42,289.84,A
8723,1.8872,-0.423,-5.062,-3.2803,-0.1707,-1.2677,36.46,248.6,D
8724,0.0456,1.7452,-1.5106,-2.0525,1.6878,-0.0492,42.48,270.52,A
8725,0.0847,0.0312,-4.3082,-2.9232,0.7261,0.3013,41.14,288.24,B
8726,3.387,3.0157,0.1956,-2.0885,-2.6123,-2.0822,42.47,316.82,A
8727,3.1684,3.1481,3.769,3.7179,-1.5518,-1.6335,44.0,341.56,A
8728,-4.2062,-3.8769,-3.9959,-4.3156,0.5206,0.7928,35.83,263.27,A
8729,0.5107,-0.5355,-1.5391,-1.9644,1.8165,0.6115,45.27,296.88,D
8730,-0.0474,2.3299,1.0057,1.8203,0.0371,1.7213,44.94,326.56,C
8731,4.9272,4.1549,0.1061,-1.8619,-0.8963,-0.6249,46.97,331.8,A
8732,0.0412,-0.0478,-0.3422,0.0872,0.703,0.8257,42.91,339.33,C
8733,-1.248,-2.3762,1.1733,0.7498,-2.4667,-2.0356,37.23,286.6,D
8734,-4.8703,-5.7107,1.3789,0.6319,0.5143,-0.2671,36.85,276.68,C
8735,1.0536,0.7753,-1.3984,-0.3034,0.7449,-0.5013,46.02,293.08,C
8736,-0.1274,-0.1689,2.3284,1.5395,-0.4799,-0.7682,45.25,316.31,A
8737,-6.8653,-6.1314,-5.3541,-2.7327,0.7706,-0.2775,33.23,248.73,D
8738,7.1307,7.4264,3.3325,2.9726,3.0637,3.8747,56.38,413.36,B
8739,-4.7902,-5.4207,1.8444,2.6388,0.9005,0.4734,36.61,282.75,C
8740,6.2359,5.5575,-3.1415,-3.1758,1.1774,1.035,44.27,330.83,B
8741,-3.0881,-3.3768,2.5988,3.499,-0.0841,-0.2969,37.66,314.6,B
8742,4.1425,4.4557,1.8676,2.4966,1.0421,1.5969,48.92,358.05,B
8743,0.6192,1.4738,-2.6312,-2.0953,1.8806,0.4081,40.72,296.48,C
8744,-0.7556,-1.3866,-1.4889,-2.3252,-0.861,-0.7385,38.61,274.54,B
8745,1.2586,1.4132,1.4644,1.4319,-0.7986,-0.7486,44.44,321.37,C
8746,4.9178,4.9928,0.3102,0.4501,-0.2078,0.012,42.95,350.8,A
8747,14.4178,12.9149,3.4905,2.9644,-2.1017,-1.1824,54.88,398.61,C
8748,1.2777,2.9631,2.2515,1.1727,1.5013,0.7242,46.05,345.76,D
8749,3.6645,2.9682,4.9759,5.176,0.0056,1.2552,49.0,368.89,A
8750,10.0034,8.0237,2.3869,0.7446,-0.1674,1.2157,57.39,393.86,A
8751,-0.9068,-1.0796,-3.558,-2.5473,-2.5442,-2.799,39.46,240.3,A
8752,1.0341,1.0878,-3.3463,-2.4553,-1.3207,-1.7182,41.27,280.43,A
8753,-0.1239,0.5636,-0.0854,-1.4431,-2.1143,-0.9372,36.12,294.48,D
8754,-4.407,-4.5238,-1.1943,0.3203,-1.7633,-1.66,35.33,278.01,B
8755,-2.5245,-3.3094,-1.0149,-1.4822,-0.3384,-0.5396,41.12,257.65,A
8756,4.407,4.0229,4.3135,2.2644,-0.8686,-0.1005,49.78,373.09,A
8757,-2.9673,-3.9812,-3.5842,-1.8204,0.9666,0.9783,36.58,295.39,C
8758,-12.3371,-11.549,-2.928,-1.6823,-0.8884,-1.0129,28.01,201.99,C
8759,6.1075,5.2974,2.5417,0.7333,-0.1383,-1.1136,49.34,370.08,C
8760,-2.731,-4.1568,2.1734,1.4232,-0.1258,-0.6269,36.68,302.21,A
8761,4.8665,5.4282,6.9318,6.142,1.2664,1.665,53.25,426.39,B
8762,1.7232,1.6223,-1.694,-1.0291,-0.3018,0.44,41.25,298.72,C
8763,-9.704,-9.7586,-5.1052,-4.2149,-0.6883,-1.7298,25.55,203.6,D
8764,-5.9666,-5.5222,-0.8998,-2.878,0.2701,0.8926,34.43,237.92,A
8765,-0.9133,0.0485,3.7862,2.3875,-0.1922,1.0272,45.72,304.95,B
8766,-8.5086,-8.085,0.084,-0.0058,-0.4455,-0.7292,32.7,278.52,A
8767,-0.7348,-0.4405,-4.1422,-4.9596,-1.1157,-0.0494,34.18,286.37,D
8768,0.1575,1.4988,-4.2427,-4.6484,-1.8725,-1.1349,34.6,235.88,D
8769,-0.3341,-1.3343,-1.1927,-0.21,0.0178,-0.7833,39.06,285.02,B
8770,0.0132,-0.5705,2.3636,2.7698,1.6617,3.0345,45.2,339.04,B
8771,-2.7386,-2.7215,-1.7474,-1.4201,-1.1333,-1.6427,40.06,271.32,B
8772,2.596,1.9994,1.4396,1.1941,0.3284,0.5568,48.28,318.5,C
8773,2.1996,3.2496,-0.9146,-0.8914,-0.1565,-0.3677,46.87,328.86,A
8774,-6.1018,-6.6185,-5.6317,-5.2427,-0.5107,-0.8427,28.62,193.12,D
8775,-6.3778,-6.7981,-5.5498,-5.7497,-4.9617,-5.1769,25.69,201.6,C
8776,3.2899,2.7086,3.4942,5.0257,0.2513,0.6065,48.1,356.14,D
8777,-0.8638,-2.4977,-3.8503,-5.1682,-3.9002,-3.9826,34.81,242.11,A
8778,6.0842,5.121,3.4989,2.9386,1.9727,2.8074,51.46,371.33,A
8779,-4.9163,-3.9864,0.7321,1.8781,-1.393,0.9215,38.95,278.79,B
8780,0.8289,0.932,1.8179,0.734,1.8979,1.2825,46.08,335.53,C
8781,-5.1978,-4.8229,-1.4849,-0.3379,-0.3793,-0.3344,33.33,263.07,A
8782,-7.9927,-8.4772,-0.8949,-0.1803,-2.4025,-2.8373,30.41,238.28,A
8783,2.3832,2.4182,-5.7976,-5.6189,-1.9587,-4.262,35.29,250.34,B
8784,0.9623,2.9244,2.1373,1.5276,0.0277,-0.4121,49.11,326.18,C
8785,-5.3018,-4.7792,5.5368,4.301,-0.3839,1.7347,45.93,332.42,D
8786,9.8127,10.5804,0.4428,0.4059,-0.5093,0.3784,53.13,382.17,B
8787,0.6717,0.3522,0.6392,1.7124,0.8943,0.0555,42.4,297.73,D
8788,4.3786,5.6053,-0.0644,-0.0888,-0.6652,-0.5902,45.11,319.15,B
8789,-4.4803,-3.819,-6.9183,-6.6989,-4.0358,-5.3863,30.65,170.9,D
8790,-1.3536,-0.8874,0.4238,0.68,2.1198,1.7692,39.56,310.62,C
8791,5.1942,5.0111,-2.7239,-2.4572,0.6352,0.7435,41.98,329.68,B
8792,0.4716,-0.9273,2.9559,1.9532,1.431,1.9791,47.46,347.83,D
8793,7.9104,8.3724,-1.5559,-2.8549,-2.3388,-2.3862,42.07,333.17,D
8794,3.1583,3.6676,-1.0197,-1.0174,-1.081,-1.5373,39.1,341.63,D
8795,-4.5677,-5.187,-3.3224,-3.5011,-1.7761,-2.5628,33.58,233.36,A
8796,6.9996,6.5913,-2.9774,-2.9899,-0.8012,0.4237,48.34,316.26,A
8797,11.184,10.2883,0.8997,0.8229,-0.3472,-0.01,51.88,381.72,A
8798,4.3479,2.7496,-2.9092,-4.4568,-1.3306,-1.3978,41.05,264.92,C
8799,2.9872,3.3419,-0.6912,-0.5768,-1.4067,-0.1829,40.9,320.37,B
8800,0.9193,0.081,-2.5266,-3.7004,-0.1956,-0.5882,41.23,246.05,B
8801,-3.9377,-5.2086,-1.0018,-0.4414,0.8571,1.3569,34.01,271.69,C
8802,6.6557,7.1735,2.4031,1.6087,-1.4207,-1.0886,44.96,380.2,D
8803,-5.05,-4.6251,0.0863,0.0951,-0.0826,-1.3258,31.91,281.92,C
8804,3.0942,3.3766,-2.404,-2.2979,-1.6898,-2.3804,44.23,277.42,A
8805,0.263,-0.7927,-4.7545,-3.763,-0.7182,-0.7718,34.48,258.89,B
8806,-3.7804,-1.9013,1.9863,2.6053,0.3688,0.7826,44.17,330.37,A
8807,-3.0256,-1.7821,2.3731,3.3202,0.6656,0.6257,43.49,304.65,D
8808,5.8309,5.9124,3.2093,2.5916,0.8399,1.703,49.26,373.63,D
8809,-1.4767,-2.1442,7.333,6.2043,-0.5176,1.4887,44.99,357.0,A
8810,1.7575,1.7434,-1.6556,-1.1838,-1.1781,-0.7874,41.44,260.6,D
8811,-4.1482,-4.4081,2.8737,3.146,0.0784,0.8553,42.38,305.92,D
8812,-0.9324,-1.6598,2.9917,4.3291,2.0294,1.9405,47.21,356.94,A
8813,3.0743,2.2762,-0.4529,-0.021,0.7357,-0.8223,42.08,346.57,C
8814,7.1231,5.743,-1.9522,-2.1901,0.0089,1.1148,47.6,351.4,A
8815,-5.0423,-5.2453,-5.0562,-6.0068,-3.9119,-1.5739,27.19,172.1,C
8816,-2.2982,-0.7588,-3.428,-1.6283,0.4981,-0.789,38.43,248.06,A
8817,2.2228,2.3903,2.8165,3.4201,-0.1751,1.1004,47.19,355.36,A
8818,-6.4434,-5.5916,0.6539,0.3846,1.783,1.7898,37.06,282.9,D
8819,1.3477,1.1993,0.013,1.7762,-0.0903,0.7327,43.4,346.32,B
8820,-0.8362,0.0553,0.8447,1.384,2.6155,1.3778,48.15,328.38,C
8821,2.9713,2.97,3.7064,4.081,-0.2538,-0.2431,47.66,347.52,A
8822,-4.5744,-3.472,2.3823,2.1281,2.0593,0.6721,40.18,293.38,C
8823,-7.9024,-8.0628,2.399,0.998,1.3753,0.8989,35.37,267.44,C
8824,-5.1751,-4.0684,0.618,1.6097,1.135,0.85,41.04,297.18,D
8825,-5.4149,-4.7874,-3.9666,-5.2794,-0.1738,-2.1287,33.4,226.04,A
8826,4.5341,4.5559,-0.0602,-0.4287,-0.7936,0.6274,46.57,341.16,C
8827,0.9502,0.1489,0.7185,-0.1716,-1.4961,-0.9265,44.46,292.11,B
8828,-11.0832,-10.1534,-0.3638,0.912,-0.4593,-1.3725,32.82,245.38,C
8829,-11.5712,-10.7596,-2.3965,-1.0009,1.9185,1.4314,29.17,233.76,C
8830,4.3396,4.425,4.3699,5.4261,0.4752,0.3032,53.54,412.61,C
8831,-4.4514,-2.3684,-0.8348,-0.9431,-1.4505,-1.8847,37.91,279.88,C
8832,-0.7304,0.3761,2.2079,1.8453,-0.342,2.1844,43.37,340.6,C
8833,-0.5817,0.4829,-1.125,-0.0724,-1.4203,-1.9099,39.61,290.3,A
8834,-0.1341,1.7786,1.4023,-0.3635,0.3717,0.8678,45.42,326.7,D
8835,-10.0867,-9.5307,-1.8543,-1.4922,-0.4212,-0.9478,31.05,191.1,B
8836,0.3931,-0.0122,-1.989,-1.3419,-0.3825,-0.1616,42.75,296.08,A
8837,-5.9541,-4.9547,-3.5209,-2.3834,1.6352,-0.3834,33.2,233.41,A
8838,-1.8908,-2.0719,0.8226,1.073,-0.5882,-0.6042,41.89,311.08,D
8839,1.542,3.2488,-0.0445,-0.5846,-1.6955,-0.5952,45.1,320.46,C
8840,-6.9695,-6.656,-3.7116,-2.2932,-0.3356,-0.4612,33.56,238.94,D
8841,-2.5243,-3.4238,2.1317,3.1624,-1.7933,-1.0459,43.22,310.04,D
8842,2.356,1.2735,-1.6474,-1.7953,1.6729,2.0377,42.3,283.88,D
8843,4.6153,3.8514,3.6972,3.5941,1.5096,2.9527,52.83,369.06,D
8844,-0.0904,-1.7676,-2.3582,-2.7879,0.9015,-0.1912,39.56,275.3,C
8845,-2.0494,-1.9975,2.1602,3.1514,2.2415,3.502,41.12,323.9,A
8846,10.6857,10.2839,0.6362,-0.3998,-0.8349,0.51,52.35,393.32,B
8847,-8.4091,-7.2729,-2.6952,-3.4164,-1.0122,-1.7576,32.22,198.5,D
8848,-2.9321,-2.3112,-1.2585,-1.3981,-0.9693,-1.0133,35.92,251.86,A
8849,5.3285,6.4943,2.7895,3.5746,0.8748,2.2127,48.82,398.8,A
8850,-4.8955,-5.0318,-0.7555,-0.5601,-0.4921,0.7139,41.25,272.89,D
8851,-5.8797,-6.3516,-0.5461,-0.074,1.1296,0.7209,36.48,270.56,A
8852,2.2603,3.0619,4.4916,3.6522,1.6974,2.8383,51.46,385.0,B
8853,-4.401,-3.594,3.6991,4.1076,0.3833,0.8882,42.42,347.3,B
8854,0.0088,0.4422,1.9532,2.5902,2.8868,3.0589,43.62,361.16,C
8855,6.0175,5.6108,5.0557,5.3923,1.5298,2.5733,53.76,397.47,D
8856,6.9927,6.6697,3.5429,3.0965,-1.7019,-1.0484,49.48,392.92,D
8857,0.9027,0.8301,0.7134,0.1265,2.5748,2.5762,45.08,300.75,B
8858,3.2578,3.034,-3.8107,-2.9222,-0.3845,-0.7659,40.97,297.59,B
8859,4.0554,3.2125,-4.8518,-5.2848,-2.3075,-1.9689,41.17,251.75,A
8860,-9.1354,-8.6905,-0.4637,0.6411,1.1745,0.6904,36.72,248.63,C
8861,10.2501,8.9148,2.8251,1.7584,0.5379,0.9825,53.23,377.2,D
8862,2.4287,2.9092,3.5406,5.2567,-0.1774,0.3764,47.93,348.32,C
8863,6.7516,7.3389,2.7719,1.1758,-0.7473,-1.5494,50.12,343.22,C
8864,1.947,1.1043,-2.3538,-3.249,-0.5116,-0.487,40.86,266.56,C
8865,4.0565,3.6741,5.0427,5.2573,0.6658,1.1067,51.65,383.25,B
8866,-3.7597,-3.031,-3.1627,-3.1214,0.9352,0.7225,36.27,273.5,C
8867,1.9103,0.6163,-1.0615,-2.1066,-1.7857,-1.394,40.07,289.63,B
8868,-3.8187,-3.618,-0.8535,-0.4284,-0.3897,-0.7874,40.11,263.73,A
8869,-9.9992,-9.0531,0.924,2.1855,2.2361,0.9509,37.16,292.24,A
8870,-4.5618,-4.8799,0.3583,-0.3659,1.7236,0.6639,40.54,294.57,B
8871,-0.7808,-0.7666,1.6907,1.2706,1.42,1.173,43.69,320.88,C
8872,8.0826,7.9557,0.8533,0.3719,-3.2433,-1.6779,44.78,339.84,D
8873,7.0275,8.0127,2.0774,0.3074,0.9806,0.941,49.56,381.05,B
8874,1.8441,1.9922,1.9142,1.6556,0.1096,1.0029,49.19,345.94,C
8875,0.9966,0.8289,-0.6687,-1.7819,2.0929,0.8803,40.67,294.15,B
8876,-5.4301,-5.4506,1.9968,3.8828,1.3772,1.7809,39.49,320.58,B
8877,-6.8712,-5.094,-7.7925,-6.1707,0.6011,-0.3469,26.58,224.29,D
8878,0.6751,0.536,2.3689,2.4079,0.6061,0.3098,44.32,352.63,C
8879,-3.5411,-2.7783,-2.7422,-2.0436,-0.1949,-0.5874,36.36,261.66,A
8880,-17.1914,-15.2211,1.0446,1.7901,-2.3826,-3.4739,22.4,218.18,A
8881,3.6549,4.3169,0.1378,1.3847,0.283,-1.142,47.37,347.42,B
8882,7.03,6.0608,1.9793,1.7573,-0.1072,-0.4706,52.22,363.08,C
8883,-0.1638,-0.185,-3.1981,-3.1215,-0.1183,-1.6179,36.28,281.42,D
8884,4.0357,2.6182,-0.2251,-1.1116,1.0447,0.6,45.09,311.81,B
8885,-5.858,-4.8887,-1.039,-1.1159,-3.1334,-2.3657,32.65,252.06,C
8886,5.1562,6.3729,0.0795,0.0604,-0.3349,-0.3319,48.97,378.61,D
8887,-5.7119,-5.2839,-2.5237,-1.9645,-4.0755,-4.8927,31.33,250.96,C
8888,-2.9256,-3.5423,-1.3035,-2.6866,-0.4128,-1.4918,39.84,227.24,C
8889,14.1627,13.8412,1.1322,1.6746,0.4908,0.1884,59.78,411.65,B
8890,-10.5927,-9.5237,-2.8032,-1.3857,-1.8152,-1.4889,30.47,250.21,B
8891,3.6078,2.9936,-2.2129,-0.9615,2.518,0.4476,42.74,331.29,A
8892,-1.7057,-2.51,1.3464,1.3785,0.718,0.9607,40.54,309.31,B
8893,-11.1209,-9.9522,1.3218,1.8832,-0.4092,-1.8241,32.43,265.67,B
8894,-0.1772,0.9038,-2.5697,-2.3089,2.2296,0.796,43.68,295.03,A
8895,2.0737,2.8639,0.319,1.7349,0.6065,2.2642,48.02,332.2,A
8896,5.1501,5.3468,3.4492,2.7266,1.0277,-0.1651,52.26,367.6,B
8897,-6.1439,-5.6948,0.9959,1.2051,-1.1428,-0.8934,36.96,265.26,C
8898,-3.2236,-1.7908,0.8631,1.5387,-1.2383,-1.4562,42.39,329.84,C
8899,-2.6194,-2.6216,-0.1461,-0.1344,-0.4925,-1.4443,40.69,282.37,D
8900,-4.2639,-4.8888,-0.632,-0.3617,-0.9492,-2.3679,37.81,283.21,D
8901,10.6805,10.5259,4.7105,4.193,2.1185,3.0092,56.64,427.56,B
8902,3.7914,4.3898,1.5051,2.3177,-0.6578,-0.4207,45.84,346.29,B
8903,-0.5157,-1.0908,0.1306,0.6689,0.7017,0.3179,41.58,306.48,A
8904,-2.4168,-4.1391,-4.5556,-3.0835,0.1795,-1.2891,35.23,235.98,B
8905,7.729,7.2706,1.4476,0.4149,-1.3909,0.3038,50.45,342.88,D
8906,-5.3704,-5.7341,-4.1378,-3.1589,1.9239,0.6906,31.63,232.99,C
8907,-7.8253,-7.4019,-2.6964,-2.4475,-0.7886,-0.8506,32.5,251.57,C
8908,8.6644,7.1894,-0.9579,-2.1425,0.3662,0.4204,47.67,343.32,B
8909,3.9427,2.1437,3.3429,4.0601,3.7554,2.5018,51.66,374.26,D
8910,-0.5122,0.2054,0.3372,0.6493,-0.3159,-1.3723,43.88,303.03,C
8911,-8.2887,-9.0001,-3.1888,-2.2038,-2.8078,-2.8239,29.7,204.77,A
8912,5.1723,5.3253,-2.2102,-3.4781,-1.7032,-1.589,48.34,310.5,B
8913,0.5281,1.4375,-0.8774,-1.3088,-0.9202,-0.5622,43.78,290.34,D
8914,0.888,0.4701,1.4365,2.2226,1.1115,1.0639,42.43,387.12,C
8915,-1.7505,-1.5302,0.6872,0.848,0.7025,0.6532,43.62,322.06,B
8916,-0.58,-1.9837,2.2629,2.4561,1.7187,2.2157,44.73,301.1,D
8917,-9.338,-9.2283,0.6557,1.0533,-1.4105,-1.8661,34.39,236.46,B
8918,4.5629,4.3439,0.6815,1.0909,-1.8235,-0.5599,46.42,327.42,D
8919,-0.0898,0.9735,1.4203,1.6353,-1.3304,-0.4238,41.33,316.47,D
8920,-4.4048,-2.6981,-1.2253,0.2943,1.1079,2.1024,40.56,286.15,D
8921,-3.869,-3.131,-0.2032,1.255,0.3038,1.9731,39.98,308.14,D
8922,-0.3163,0.3031,-0.8043,0.3022,0.333,1.479,42.13,283.78,C
8923,4.0196,4.0397,2.8299,2.9525,-0.2401,0.5566,48.18,322.74,B
8924,2.1765,2.8828,-0.253,-0.9203,-3.1066,-3.24,40.59,319.65,B
8925,-4.8643,-4.7903,-0.3282,0.5619,0.1991,0.1482,38.37,283.45,D
8926,7.2593,5.8291,-2.1895,-2.5843,0.7699,-0.0482,46.64,325.36,B
8927,-1.4809,-1.9931,-5.3031,-5.5835,-0.5276,0.2547,32.78,217.88,D
8928,-4.5265,-3.2684,-4.1509,-3.5575,0.1894,-2.2312,33.58,212.06,B
8929,-8.3174,-8.8879,-0.4622,-0.0936,0.6887,-0.5239,33.87,253.56,D
8930,3.781,4.3314,-2.2469,-1.7464,0.5129,0.123,45.94,304.32,C
8931,-11.7293,-11.3058,-8.5985,-6.4597,-1.2368,-2.9693,23.31,145.57,B
8932,1.2264,0.4747,-1.4995,-0.8293,1.0287,-0.6039,42.55,309.08,A
8933,-0.3867,1.1961,0.228,-0.4325,-0.194,-0.739,40.62,312.05,B
8934,-5.7374,-5.0625,3.837,3.7158,-0.8479,-1.1815,38.71,329.52,B
8935,6.4047,5.4945,5.4843,4.7309,0.3153,1.9965,53.5,386.74,D
8936,4.9768,3.5693,-1.4096,-2.0301,-3.4542,-2.9534,41.86,308.46,B
8937,-1.1902,-1.4013,2.8214,3.38,2.0746,2.0265,42.8,343.03,D
8938,1.2536,0.0502,-0.7979,-0.3132,0.8879,0.692,43.8,307.65,A
8939,1.4601,2.0534,-1.3733,-1.211,3.229,1.2575,44.68,291.38,D
8940,1.8516,1.1615,-0.8687,-1.4686,-0.53,-0.9426,41.68,290.9,D
8941,-7.4477,-7.798,-1.2209,0.6863,0.2584,-1.1451,36.68,235.0,A
8942,5.2644,6.053,1.5032,0.8709,1.9307,1.0005,48.37,357.68,C
8943,3.0626,2.9815,-0.2172,-0.6941,-0.5968,0.2727,43.23,302.17,C
8944,4.4696,4.449,2.0835,2.0121,-0.309,0.8179,49.4,367.48,A
8945,-4.2455,-6.1173,0.8081,0.8394,2.921,2.3862,39.24,285.14,A
8946,1.3586,1.7273,9.2356,8.6209,2.4967,2.5482,51.65,384.14,A
8947,-1.5734,-2.6472,3.5485,2.5336,1.5135,0.4646,45.35,320.8,A
8948,5.022,5.819,0.8613,0.8017,3.7741,4.1439,49.48,373.09,B
8949,6.5416,6.3119,5.3215,4.5163,-1.1828,-0.9329,50.42,399.4,B
8950,-4.3381,-4.6432,-1.1274,-0.5628,0.5313,0.0764,35.29,274.24,C
8951,9.0262,7.9356,5.2785,3.0434,2.8547,3.108,58.78,441.5,A
8952,-3.304,-2.5192,-5.82,-4.1124,-1.2678,-1.5242,31.66,230.95,C
8953,1.9987,0.8689,-1.7659,-1.5065,-0.435,0.117,46.18,321.37,C
8954,0.9218,-0.4615,1.804,2.2477,3.2946,2.2258,46.55,361.83,A
8955,-0.2442,-0.0499,-6.2177,-3.4042,3.5204,1.665,41.01,284.57,B
8956,-4.2858,-3.6073,-0.3933,-0.3583,-2.1781,-1.6684,36.59,243.32,D
8957,-3.5406,-2.4857,1.2384,1.4113,1.311,1.1285,44.08,316.35,C
8958,-9.7591,-8.7027,-6.451,-4.2155,-1.3159,-1.9805,27.0,172.52,D
8959,0.1834,-0.1911,1.3317,0.1679,1.8332,1.1638,44.06,346.75,C
8960,5.7237,5.9298,1.4616,1.9505,-1.1935,-0.5889,49.9,375.7,A
8961,11.7642,11.7186,2.72,1.9781,0.508,2.214,58.42,415.9,B
8962,-2.4245,-3.0442,-0.7853,-0.8065,0.7704,0.6555,41.57,289.82,A
8963,-0.5348,0.6277,3.3425,4.7231,1.6031,1.82,47.24,324.08,A
8964,2.3489,1.0066,-5.6929,-5.2146,-0.2735,-1.5961,39.37,278.52,A
8965,-1.2082,-1.3006,-1.6476,-2.5659,-0.0061,0.0602,40.44,301.17,A
8966,-11.0778,-9.5484,-3.6064,-2.5005,-0.2307,-0.0073,29.38,208.48,D
8967,9.3533,8.296,0.6469,-0.2979,3.6049,3.9189,52.99,386.66,D
8968,1.6435,2.0656,-1.8616,-2.92,1.6098,1.8366,43.73,306.77,A
8969,2.4341,1.3468,-2.5498,-1.8863,0.2128,-0.6703,44.86,308.56,D
8970,7.6394,7.0346,-1.0624,-1.5785,-0.5975,-0.6151,46.99,348.22,A
8971,-1.6343,-2.8054,2.5762,2.3384,-0.5147,-0.2813,41.07,299.56,A
8972,-11.9475,-10.896,-5.2949,-3.4431,-2.033,-2.574,23.34,182.37,C
8973,0.9249,1.1695,7.6239,6.1266,1.8743,2.3898,53.79,390.02,D
8974,4.0862,6.5113,4.9133,6.5315,1.0381,1.4544,50.73,395.12,C
8975,2.0961,3.0219,0.2924,-0.4823,-2.611,-1.5579,41.59,291.52,C
8976,-2.3992,-3.9853,-0.5643,-1.4065,0.8527,-0.7463,33.05,280.75,B
8977,5.1877,5.6808,-1.0936,-2.1709,-0.3563,1.1067,44.85,337.84,D
8978,-1.4283,-1.3522,-0.2607,-0.5787,0.8045,-0.1205,42.19,327.26,D
8979,1.1839,3.1055,-0.8501,-0.8069,-0.8062,-0.0967,43.55,339.21,D
8980,2.3248,3.359,-0.6052,-1.0767,-2.2362,-0.8745,43.35,298.16,C
8981,-8.7798,-8.2638,-3.9341,-3.366,-2.4913,-2.2349,30.36,209.26,B
8982,-3.5004,-3.6987,1.1476,0.4574,1.1444,0.1489,38.76,293.92,C
8983,7.1013,7.3093,-0.0606,-0.1157,-0.134,-0.4017,47.23,322.15,A
8984,1.8617,4.0213,4.3689,3.5751,1.0815,2.676,49.11,381.42,D
8985,2.2265,3.4921,-0.457,-1.6966,0.6515,0.7211,44.75,308.52,B
8986,-2.8793,-3.253,-1.7504,-2.2844,-0.9587,-0.8576,38.4,259.06,B
8987,-9.1092,-8.3554,-0.3464,-0.6646,0.0077,-1.0487,35.04,226.1,B
8988,-3.7335,-4.459,2.1173,2.4289,0.7434,1.2329,40.9,320.84,B
8989,-8.1935,-7.5256,-1.8685,-1.5659,-1.3731,-1.5325,33.14,210.47,B
8990,0.6198,0.5506,-3.7677,-3.3639,-1.1563,-0.2044,38.13,276.08,D
8991,-4.9269,-5.8285,1.263,1.3425,2.2431,2.0457,42.73,308.01,B
8992,-2.2633,-1.3955,1.0261,1.917,1.147,1.5747,43.43,335.54,D
8993,4.3318,5.2632,4.3099,3.9962,-0.2796,-1.0644,50.3,393.66,B
8994,0.1532,0.2476,-2.8573,-1.785,-0.4879,-0.2264,37.0,281.82,D
8995,7.4321,5.8025,1.0464,0.5059,-0.7724,-1.6837,43.75,344.64,B
8996,-8.4606,-6.9631,3.7227,3.4392,2.5981,1.9353,38.8,320.55,D
8997,-0.2621,-0.3402,0.8091,0.5507,1.3511,1.2881,41.66,302.74,B
8998,8.1719,8.0323,2.277,1.1547,-1.4687,0.1187,49.71,380.41,C
8999,-2.3233,-1.5417,-2.1346,-3.1958,-1.538,-1.0934,35.59,246.94,A
9000,4.5629,3.2894,-1.6189,-2.0641,1.6099,1.7047,44.01,318.88,C
9001,-1.0761,-0.2427,1.126,1.8632,-0.0727,0.3862,41.0,351.86,D
9002,3.0639,3.2099,-1.3689,-0.9912,-1.6956,-0.5035,42.75,330.04,B
9003,-2.1583,-1.3608,3.142,3.768,1.9788,-0.1566,47.6,338.26,C
9004,6.073,4.6636,1.1099,0.1941,1.4431,1.777,47.85,384.72,A
9005,-3.0166,-3.0896,-1.5129,-1.7983,-1.0859,-0.8193,39.8,282.51,C
9006,-8.8607,-8.179,2.1051,2.4814,-0.19,0.0191,34.86,305.09,A
9007,0.4489,0.3075,-0.9533,-2.2394,-2.6501,-3.0675,35.66,284.64,A
9008,-4.4171,-4.8169,0.3803,-0.8114,1.2769,0.6592,39.98,301.8,A
9009,-3.0475,-2.6122,-3.8886,-3.6407,-0.3056,-1.2328,39.57,254.94,A
9010,2.7562,3.3445,4.908,5.0127,2.5284,3.4596,50.37,380.01,B
9011,-2.3275,-3.7649,-3.9058,-3.3877,1.2884,0.3223,38.79,252.06,D
9012,-0.8864,-1.0102,0.8593,-0.8349,-1.5119,-0.9984,41.09,293.22,D
9013,-0.7722,-2.1434,-1.9275,-0.5647,-0.0334,0.0827,42.81,286.33,D
9014,1.607,0.0645,-1.4308,-0.0873,-0.2705,-0.3102,43.3,312.3,A
9015,1.7548,1.1263,-1.5017,-0.3668,2.1257,0.9684,44.46,308.84,C
9016,1.9517,2.639,1.2799,0.3197,-0.3886,0.0095,45.78,310.33,A
9017,-0.6596,-1.2873,-0.0255,0.8978,0.4046,-0.4902,43.15,314.51,C
9018,-10.8598,-8.8534,-7.2692,-4.7026,0.5561,-0.7306,25.31,182.05,C
9019,2.5383,3.5813,3.1207,3.5276,-1.1479,-1.3244,47.13,364.77,B
9020,-0.5434,-0.249,4.5112,3.1147,1.4417,1.1626,45.63,361.52,A
9021,4.6606,2.467,1.4562,1.5011,0.0619,0.9379,47.45,326.54,D
9022,-2.3499,-2.6805,-1.6366,-1.9321,-4.2083,-4.7371,36.77,264.36,A
9023,2.7499,2.6208,0.4674,0.2893,-1.4626,-1.0398,41.39,339.12,D
9024,-9.5416,-10.3657,-3.8787,-3.7799,-3.5061,-4.6808,21.48,221.79,A
9025,-2.4786,-1.0111,0.1003,2.4258,0.508,0.9914,39.96,323.48,B
9026,3.4978,5.0641,1.3978,0.4106,-0.8101,0.2573,44.74,349.94,B
9027,8.9902,8.9052,2.9898,2.4692,2.8385,3.3936,53.03,391.49,C
9028,1.3407,3.0538,3.2616,2.8122,2.4547,2.4639,49.6,338.52,C
9029,4.6708,5.5805,0.5322,0.0387,0.8296,0.776,47.59,337.57,D
9030,-3.9226,-5.6328,1.0742,1.5381,-0.0607,-0.0851,36.31,288.65,B
9031,-0.3362,1.3562,0.3772,0.3133,-0.8067,-2.1252,41.72,324.42,C
9032,-1.9307,-1.1719,-2.9902,-1.3125,-0.6814,-0.3381,37.0,284.54,D
9033,3.0593,4.0977,3.5258,3.1116,-0.5237,1.3855,47.18,353.32,A
9034,0.109,0.1655,0.5468,0.901,-0.9519,-0.4371,43.89,301.12,B
9035,-2.6008,-1.1175,-1.9237,-1.5729,0.1238,-0.4081,38.34,281.12,D
9036,-0.2819,0.5073,-2.788,-5.019,-2.5623,-3.9419,37.92,268.98,A
9037,-8.5315,-8.3989,-2.1218,-0.7028,-0.4769,-0.0115,35.94,218.39,B
9038,1.9077,2.8265,0.3712,0.0072,-1.2059,-0.8297,40.29,334.24,B
9039,5.1872,5.6657,3.5822,2.0294,-0.4029,-0.5243,50.6,354.71,D
9040,-8.4089,-8.2362,-1.5853,-0.6844,-0.7246,-1.138,29.38,262.64,D
9041,7.2102,6.7671,-2.7475,-1.3983,-1.3941,-1.029,46.77,353.53,C
9042,11.594,11.4121,3.7941,2.3693,1.0254,1.1241,53.36,413.04,A
9043,-0.2193,-0.9936,-3.484,-3.469,0.6181,-0.2107,38.17,293.12,C
9044,3.2747,3.5355,-1.9771,-1.2919,-0.4242,-1.1812,42.38,292.54,D
9045,2.5226,3.216,0.8878,1.9375,1.163,2.1014,48.2,346.11,B
9046,0.4654,1.2811,1.8133,1.4737,0.4626,-0.2115,44.0,314.17,A
9047,-6.9219,-6.5229,-1.6838,1.4714,0.9695,-0.644,37.51,266.76,A
9048,1.4664,0.6843,-0.8623,-2.5677,-2.6537,-3.0449,38.51,307.18,C
9049,7.3749,7.4098,-1.5127,-0.6348,-1.5698,-1.5765,49.94,345.64,A
9050,4.9116,4.1874,-3.7831,-2.9789,1.8729,0.905,41.91,303.15,C
9051,0.3375,0.026,2.6436,1.4352,1.6941,1.408,42.63,329.43,D
9052,-4.2507,-4.4559,-2.2407,-1.8921,-0.368,0.4663,38.83,279.44,C
9053,-1.7879,-0.973,-5.4601,-6.3949,-2.6654,-2.4271,32.65,236.81,B
9054,6.8918,6.0763,8.4649,6.7278,3.1612,2.8338,55.66,427.77,C
9055,-0.5338,0.5574,0.4309,-0.1356,1.8264,2.0087,42.42,312.0,A
9056,0.9124,0.4968,3.9937,2.1456,2.0848,2.0581,48.46,346.5,C
9057,-1.6465,-1.7161,2.2684,1.4158,-0.0052,1.3266,44.74,286.79,D
9058,-0.5564,-0.0931,1.3712,0.4431,-0.2799,0.1772,44.49,307.65,C
9059,8.0467,6.9483,0.1534,-0.7041,0.1583,-0.1238,49.65,366.28,A
9060,2.2114,1.7757,0.4374,-1.2761,0.4516,0.1723,42.76,318.4,C
9061,-2.4212,-2.2704,1.6799,3.1069,1.4849,3.1733,45.7,339.6,B
9062,-3.0663,-1.9765,-0.9597,-0.809,-0.0752,-0.5059,42.68,297.12,B
9063,3.3987,2.3457,2.0521,2.4212,2.9729,2.8478,46.31,357.35,D
9064,6.3385,7.2687,3.4618,3.5128,1.4141,2.2174,52.02,384.67,D
9065,-7.6515,-7.1088,-1.4232,-0.8066,-1.344,-2.2874,33.55,241.72,A
9066,-8.9237,-9.2389,-10.4361,-7.87,-2.7363,-3.5881,23.17,155.71,D
9067,11.9789,10.6918,5.8345,4.5758,-1.3644,0.0784,53.15,408.3,D
9068,-1.6335,-1.6586,-3.076,-2.5215,0.862,-0.6263,34.36,271.12,D
9069,0.1213,1.2119,-5.4465,-4.8557,-1.6907,-2.0258,35.82,251.15,D
9070,5.4342,5.6217,-1.451,-0.8747,-0.8435,-1.3174,49.68,333.21,C
9071,1.9525,1.9231,1.1662,1.5452,2.2986,1.6107,48.46,341.95,A
9072,-10.4509,-10.0183,-2.1481,-1.3675,-2.4151,-4.3624,29.85,205.5,C
9073,11.7512,12.1526,-2.6054,-2.8915,-0.8728,-0.4904,54.27,355.7,D
9074,3.5368,3.3976,0.755,-1.4376,-1.4241,-1.3162,45.09,301.38,D
9075,2.8649,2.1722,1.5236,0.6743,-2.0653,-1.6987,41.94,332.94,B
9076,-3.195,-2.1752,4.4392,4.1518,-0.7663,0.7272,43.8,331.95,A
9077,0.481,0.977,2.2277,2.275,1.1991,1.308,43.7,355.7,A
9078,5.7227,6.166,3.2955,3.2496,-1.7067,0.3063,47.7,353.36,A
9079,3.7672,2.2704,-6.4977,-7.7436,-1.4491,-1.2248,40.57,274.7,B
9080,2.5707,3.0902,-0.8985,-0.4699,0.931,0.6668,48.33,319.81,C
9081,5.4008,5.6161,1.5002,2.0063,1.1483,1.0165,47.02,346.23,C
9082,-14.3376,-13.6536,-6.6937,-5.2132,0.371,-0.5986,25.5,171.15,A
9083,-14.935,-13.699,-3.3636,-2.2071,-2.7367,-2.2254,27.08,187.28,A
9084,0.8955,0.5788,-0.256,-0.3873,-1.8786,-0.4129,43.54,298.76,A
9085,4.8524,3.8746,1.1088,0.789,-0.6295,-0.1996,45.19,322.58,A
9086,-1.9024,-0.7068,3.7582,4.2809,0.2925,0.5469,45.56,338.44,C
9087,2.2064,1.5027,-2.4668,-2.8548,-2.4617,-3.3569,36.64,294.47,D
9088,-5.9257,-3.9433,-1.1633,-0.5231,2.1075,1.9817,39.53,270.34,A
9089,16.296,15.8683,0.111,-2.5781,-1.7641,-0.6622,55.2,395.14,B
9090,-2.1159,-1.2377,-0.9029,0.2461,-1.3012,-1.9172,38.0,299.38,A
9091,3.5633,3.4676,3.7296,3.3325,1.8853,3.1956,49.71,353.28,C
9092,-8.6648,-7.6238,-0.4388,0.3754,1.4122,1.0698,39.81,268.97,D
9093,0.7721,1.4071,1.0952,0.8901,-1.0997,-0.7444,45.93,312.26,D
9094,1.5384,2.1834,-1.2059,-0.4075,1.6171,1.9755,46.89,329.7,A
9095,0.2772,1.0419,-0.8946,-1.2248,2.1709,1.0073,42.35,313.85,B
9096,-6.3848,-6.6482,1.7033,0.4823,1.2228,0.937,33.8,271.35,D
9097,-6.435,-6.5799,1.0027,1.4869,0.451,-0.3893,34.21,280.56,A
9098,0.4236,-0.0585,3.27,1.6938,1.2908,1.6205,42.62,330.57,A
9099,4.6114,4.7952,1.1129,1.1095,0.271,0.5116,48.07,328.14,A
9100,3.5921,2.8296,0.4258,1.7,-0.6489,0.1195,46.74,335.71,A
9101,7.7286,6.4848,3.166,3.1139,1.1696,2.4982,52.23,378.27,D
9102,-8.8474,-8.7947,-1.3099,-1.665,-0.9882,-1.378,32.82,253.65,A
9103,-4.7509,-4.2158,-4.3984,-6.0123,-2.5339,-2.7516,32.34,227.36,D
9104,1.0722,0.216,3.359,2.8948,0.7496,1.4142,46.35,348.65,D
9105,-5.645,-5.3853,-1.5039,-0.7031,1.8018,0.9438,37.27,271.79,A
9106,-12.4279,-14.0892,-6.9078,-7.5942,0.6462,-2.364,22.47,148.79,D
9107,8.2845,9.359,6.0837,5.1956,2.3406,3.3304,55.46,423.94,A
9108,-3.8754,-5.1007,-4.422,-4.2128,-1.7119,-2.9226,27.76,243.29,B
9109,3.5622,3.2705,1.0983,0.3883,-0.4067,-0.3967,46.59,333.27,B
9110,3.5579,2.6832,-0.014,0.2171,0.8324,0.0471,48.18,364.61,C
9111,4.1382,4.7617,-1.1466,0.2458,0.0726,0.3035,47.18,313.21,B
9112,3.5519,4.06,-1.755,-1.9793,-0.732,0.461,42.42,330.73,D
9113,3.5523,3.0533,0.4698,-0.0121,0.4517,1.3877,48.63,324.14,D
9114,-5.1841,-5.7608,0.0778,-0.1931,-1.0513,-1.1124,34.06,281.47,B
9115,-6.5094,-5.3394,-4.6404,-4.2827,-0.3227,-0.6619,29.46,211.65,B
9116,-4.6089,-4.5171,4.0974,3.0307,1.7141,1.1566,40.8,313.48,D
9117,-0.5579,0.2969,1.2094,-0.1675,-3.2974,-1.2791,39.71,300.39,C
9118,6.5857,5.3592,0.0843,0.4729,1.1243,0.9867,50.43,353.36,A
9119,-2.1216,-1.7839,-4.3468,-2.4719,-1.3115,-1.7021,37.58,249.86,A
9120,-7.3373,-6.2381,-2.183,-1.3006,0.5209,0.7421,37.66,244.12,D
9121,-3.9937,-3.1134,2.665,2.5546,3.1402,2.9842,43.06,333.07,B
9122,-4.7216,-4.1981,-1.2355,-0.8232,0.1394,0.3697,36.42,314.0,B
9123,8.6322,8.2077,3.733,2.5454,0.0252,0.1045,55.49,390.45,C
9124,9.1275,9.0709,2.3449,1.5219,1.588,-0.1411,53.2,374.34,D
9125,3.9403,4.1362,3.4144,2.9473,1.773,1.4864,48.43,398.11,B
9126,5.1514,4.9249,2.5743,1.0165,-0.9926,-1.2229,48.28,362.38,A
9127,2.1864,3.9633,-3.3737,-2.8747,-0.0795,-1.2698,43.01,299.66,C
9128,-10.143,-8.7314,-2.8212,-1.7994,-1.1742,-0.7224,30.95,239.08,C
9129,2.0509,2.8394,0.6783,-0.1917,-0.1374,0.2597,48.58,340.51,D
9130,5.1725,5.9157,1.2982,0.8044,0.357,0.7622,48.24,374.58,C
9131,-3.9956,-3.847,-2.0631,-2.9181,-0.7343,-1.6209,38.04,254.7,A
9132,-3.385,-2.9939,0.2739,-0.0321,-2.2246,-1.7982,38.48,282.16,B
9133,-0.1373,-0.4158,0.0175,-0.4963,-0.7836,-0.0221,43.3,293.04,C
9134,-4.9113,-5.9409,0.7038,0.8377,0.0456,-0.452,36.89,298.73,D
9135,-0.7425,-0.8416,-1.1172,-2.13,0.3308,0.5968,39.41,276.1,C
9136,-7.3427,-8.2941,-4.6032,-1.6886,0.7756,-2.1854,30.65,228.2,A
9137,3.4069,3.3214,3.8785,2.8076,-1.5353,-1.5957,44.55,382.77,A
9138,1.0064,-0.5121,1.8528,1.2394,-0.2728,-0.5015,43.16,347.79,B
9139,8.1407,7.2878,-1.0493,-0.6584,1.402,1.5159,48.99,378.16,A
9140,9.3623,8.0083,1.2121,0.3073,0.4775,1.3042,53.26,383.7,D
9141,-12.8165,-11.4584,0.1751,-0.286,1.1799,-0.5984,33.16,254.91,D
9142,-0.5109,0.8182,1.8348,1.4656,-1.9561,-0.9194,42.52,318.96,C
9143,2.3127,2.2718,-0.5179,-0.2018,0.6258,0.9955,42.14,318.62,D
9144,-1.1964,-0.8424,-0.2773,-0.0194,0.1952,-0.3282,42.25,304.03,D
9145,-3.972,-2.8518,2.0668,1.4896,3.2023,3.7176,41.52,320.32,D
9146,0.7237,0.3707,-1.1213,-0.3575,-1.0505,-0.1735,38.74,315.03,C
9147,9.1141,8.8902,3.8881,3.5461,1.3222,0.6706,54.32,396.95,C
9148,-8.9677,-8.699,-2.7347,-3.3384,-2.1484,-2.7804,28.82,203.91,A
9149,-8.2152,-8.5855,-3.2253,-3.8192,0.4271,0.2313,31.7,240.17,D
9150,-1.6251,-1.4463,-0.4665,0.1728,0.8302,-0.0648,43.01,282.68,A
9151,-3.5791,-2.8274,0.844,0.5935,-1.4713,-0.6137,39.34,256.44,D
9152,0.7635,0.5521,4.9479,4.0487,0.8118,2.2839,46.19,339.72,C
9153,-5.2819,-3.8132,-2.0522,-0.6153,-2.2839,-2.4646,30.33,250.81,C
9154,3.6979,4.3504,1.8285,1.4694,-0.8649,0.4591,44.99,366.88,B
9155,5.9911,6.3011,-0.573,-0.2693,0.8233,1.1259,47.71,361.07,A
9156,-2.4769,-2.0402,-4.0955,-4.5295,-0.2096,-1.2637,37.26,275.43,D
9157,-7.7128,-7.5251,-3.2257,-1.6028,0.5029,-0.6204,35.2,243.5,A
9158,11.2262,11.2079,5.3207,2.4424,-0.6282,0.6645,55.56,427.88,C
9159,-1.1776,-1.1712,1.3867,-0.6306,-0.837,-0.8889,42.99,311.23,D
9160,-3.8355,-3.517,-0.2589,-0.1687,-1.4076,-1.0516,35.65,283.05,D
9161,-6.636,-7.6984,-0.2636,0.5328,-1.5676,-1.5462,33.31,271.3,A
9162,-4.7795,-4.426,-1.5632,-3.1111,-1.0128,-2.3162,32.95,239.67,B
9163,-15.924,-14.3998,-0.7256,-1.4295,-3.7141,-3.8844,28.5,210.12,B
9164,1.2337,0.623,1.7076,3.0404,0.9803,0.7904,48.37,339.78,B
9165,-4.3886,-2.867,3.9774,3.6337,2.5778,1.1653,46.69,331.66,B
9166,2.8019,2.9384,1.1876,2.3692,-1.2355,0.1448,45.99,345.02,D
9167,0.7716,0.5478,0.9353,1.7886,2.7289,3.2221,46.21,345.62,B
9168,1.6247,0.1185,-0.8935,-1.0868,0.168,0.0463,41.56,318.64,B
9169,-0.5283,0.4232,2.1605,2.0694,1.6071,1.7879,42.86,329.04,A
9170,4.8078,4.7141,2.9765,2.122,-1.2643,-1.2344,51.28,380.28,B
9171,4.0582,3.8155,2.0716,3.5701,1.0955,1.6516,50.03,364.26,A
9172,13.1037,12.3779,0.3127,2.4332,-0.3699,-0.0012,55.76,355.37,A
9173,-1.2333,-1.8295,2.6425,1.7852,-1.069,-0.0782,40.54,308.63,C
9174,0.4939,0.4917,2.4506,0.5861,-0.3784,0.0723,44.68,337.65,B
9175,-8.4455,-8.775,-3.6377,-5.3577,-1.2586,-1.7522,26.27,197.79,B
9176,8.4525,8.5933,-0.8031,0.9393,0.1695,1.2188,51.12,366.81,D
9177,-2.7356,-2.5313,3.976,3.0875,0.8766,0.5529,43.38,344.72,C
9178,3.9739,3.3263,0.3822,0.6633,-0.6159,0.3785,45.03,323.19,D
9179,1.912,2.0356,0.7604,0.6181,0.6963,0.3401,45.66,344.46,B
9180,3.0706,1.7734,-3.3619,-4.7369,-0.1193,0.0488,40.03,284.82,A
9181,3.1445,1.6631,3.2096,3.7015,-1.3325,0.6294,44.85,342.52,C
9182,2.7982,2.3591,3.6842,2.6432,-0.1609,1.3073,46.27,342.11,B
9183,6.016,5.2763,2.3235,2.6151,0.5304,0.5868,49.83,382.1,A
9184,-4.899,-6.1089,-1.9105,-0.256,-2.7792,-2.425,35.04,242.08,A
9185,-2.9537,-2.6199,-3.0209,-1.6146,1.6765,0.5505,37.63,260.51,A
9186,0.1235,0.7529,7.1179,5.693,-0.1531,0.2285,49.06,381.44,C
9187,-12.4122,-11.35,-0.0659,1.4534,-1.9473,-0.8795,30.82,244.57,D
9188,5.5475,4.3803,3.2376,4.0018,-1.224,-0.1039,47.65,372.35,D
9189,1.8729,1.8431,-1.3707,-2.5458,0.4182,-0.7727,41.95,305.82,D
9190,8.2217,7.6239,1.4213,0.1753,0.3378,-0.7198,47.72,374.17,C
9191,6.3599,6.3621,-0.6857,-0.8854,-0.0361,0.4898,47.07,329.32,D
9192,-9.0355,-8.6355,-2.2794,-2.6152,-1.2358,-2.7742,32.77,220.44,C
9193,-0.3742,-0.5714,1.0317,2.1022,0.5244,0.3187,40.84,330.54,D
9194,7.3602,7.5098,2.9347,0.7873,-0.2932,-0.5136,49.99,387.08,A
9195,-7.9925,-7.323,-0.8626,-0.8371,-0.1416,-0.5495,36.2,291.48,C
9196,-0.5438,0.8864,2.1975,0.604,-0.4126,-1.7917,41.9,311.25,C
9197,9.564,8.2112,-2.9665,-3.4899,-1.228,-0.5115,49.16,331.82,A
9198,2.3152,1.2527,-2.8448,-2.9073,-1.2091,-0.7301,43.61,294.21,A
9199,-2.4763,-2.7841,-2.7322,-2.5929,2.0136,1.5683,40.1,263.31,C
9200,8.9474,9.6099,1.0357,-1.0542,-1.005,0.5204,50.24,365.18,D
9201,7.5325,8.1417,-1.6228,-3.2501,0.0189,-0.0869,44.56,341.62,C
9202,3.9878,5.1838,2.9484,2.3029,0.4251,0.2299,46.13,353.04,C
9203,-0.7257,-0.2639,1.6832,1.1315,1.4676,0.4677,43.55,345.13,A
9204,4.5203,4.0779,-1.8409,-2.036,1.0084,2.0478,43.89,304.19,D
9205,-4.935,-3.3824,-0.2333,0.8599,-0.851,-1.0919,40.31,275.52,A
9206,-1.2766,-2.0464,2.4794,2.1139,-1.3694,0.5461,41.91,312.67,C
9207,5.0809,4.1221,-2.017,-2.248,-0.7501,0.0439,44.41,313.71,D
9208,4.5539,4.157,3.5067,1.1168,0.5014,0.5596,50.81,356.14,A
9209,-2.5448,-3.1195,-0.9203,-0.906,-0.8241,-0.2626,36.32,276.24,B
9210,-0.1512,-0.4342,-0.8656,0.0348,-0.3281,0.9965,39.59,280.18,C
9211,-9.0997,-9.7338,-0.5499,0.2894,-0.0222,0.3366,30.91,240.54,A
9212,1.7446,1.9231,0.0151,0.9122,-1.5709,-1.1313,42.44,342.58,A
9213,-0.1897,0.5904,2.5596,1.9607,-1.1601,1.0925,48.22,353.45,C
9214,-2.0631,-1.7732,1.4718,1.4346,1.0254,-1.2052,41.65,344.69,A
9215,1.8557,2.2481,5.7495,5.9764,1.1051,2.0093,50.87,400.77,D
9216,3.4679,3.4557,-2.687,-3.4841,-0.6931,-0.7834,40.9,272.54,D
9217,-6.0257,-5.5319,2.0437,3.1309,1.3446,0.3628,39.59,291.53,A
9218,-0.336,0.5989,1.0032,0.5934,0.6914,-0.0995,41.71,311.57,A
9219,-7.8168,-8.2676,-4.9313,-5.43,-1.8519,-2.2178,30.03,196.64,D
9220,-1.7246,-1.8605,1.2019,1.695,-0.8065,0.1578,42.07,290.25,D
9221,-12.6423,-11.4338,-8.6967,-7.4712,-2.63,-3.3052,24.61,124.79,C
9222,-0.4219,-0.4991,-1.9446,-2.1764,0.7728,-1.6238,38.78,270.33,C
9223,5.2254,5.836,2.9864,3.0223,1.6366,2.0578,51.64,402.02,D
9224,10.5342,8.4708,4.1854,3.6776,0.3229,0.3737,52.22,411.16,D
9225,-11.6627,-10.1094,-3.9936,-3.7238,-1.1672,-2.3278,33.64,215.68,A
9226,0.705,1.2897,1.0704,1.848,1.769,0.3473,47.75,335.51,C
9227,-1.6215,-0.39,0.5106,1.4961,1.1627,-0.5007,45.88,305.73,C
9228,8.2138,7.1691,3.2831,2.6235,2.8215,3.1474,51.17,390.68,C
9229,4.7962,4.6555,-0.5561,-0.9884,-3.1857,-2.7326,44.95,320.64,A
9230,-0.0115,-1.0402,1.4963,1.5765,2.006,2.2139,46.75,357.66,D
9231,4.7447,4.7214,0.5849,1.0031,-0.2925,-0.1722,50.72,325.7,B
9232,0.8717,-0.4559,-3.1919,-2.2809,0.4635,-1.1272,41.31,274.61,A
9233,-3.3755,-1.498,0.5507,0.9641,-2.0718,-1.6233,38.22,313.46,B
9234,-1.3937,-1.7378,-3.2289,-4.3626,-0.403,-0.7242,33.7,272.24,A
9235,-9.5431,-10.6711,-6.0209,-5.0078,-1.4367,-1.0516,22.61,215.58,D
9236,-4.3253,-4.285,2.7608,2.2629,0.6172,1.1689,40.58,304.04,D
9237,-1.7125,-1.622,-1.819,-1.5461,-2.605,-1.8524,36.57,274.33,A
9238,-6.176,-6.2034,-0.8327,0.7467,-1.2036,-0.3693,37.56,283.36,D
9239,-1.021,-0.161,-2.0057,-1.5438,-0.3248,-0.8802,43.62,285.3,B
9240,3.7631,3.1196,2.6585,1.4169,4.4726,3.896,50.39,353.88,C
9241,0.8353,0.7777,-0.7918,-0.0227,0.0507,0.0032,43.0,312.31,A
9242,5.0189,3.9368,3.4724,3.5907,-0.7615,-0.2154,50.02,388.72,B
9243,2.8903,3.3016,0.822,0.6545,-0.8193,-0.0625,44.37,325.24,B
9244,2.0055,2.2372,4.3638,4.4218,2.2981,2.0835,52.89,381.71,B
9245,2.6689,1.9072,-2.3141,-1.9585,-2.043,-1.4885,39.67,286.93,A
9246,-2.6912,-2.402,0.1099,1.0418,0.7431,0.494,41.76,323.2,A
9247,6.3053,4.5371,-3.8291,-4.0095,-0.6947,-0.5838,43.44,291.54,A
9248,3.332,4.1238,2.4762,2.6271,0.3155,0.5854,50.12,397.02,D
9249,-2.3898,-1.5796,-1.9968,-1.5221,0.1013,0.1384,37.49,282.6,D
9250,8.4464,7.0136,4.8508,4.6484,-0.6171,0.3367,55.19,423.53,A
9251,-3.3165,-3.4084,0.2581,-0.4115,-0.852,0.1988,36.74,294.62,D
9252,3.2525,1.9207,-1.2833,-1.7295,0.915,0.214,41.21,296.2,B
9253,-1.2059,-2.2316,1.2577,0.6417,0.1986,0.2402,41.31,324.32,D
9254,3.1529,2.6185,0.1698,0.8593,0.1185,0.6226,44.59,333.86,D
9255,-5.4987,-4.9257,0.583,0.3745,0.2343,0.2697,36.62,301.42,B
9256,1.0699,1.144,3.1516,3.0262,1.1045,0.3295,48.48,344.66,A
9257,-14.2378,-12.8071,-2.577,-3.1246,-1.1536,-2.0741,21.95,204.45,D
9258,9.3823,10.8517,6.8611,5.385,-0.2326,-0.976,56.99,428.52,A
9259,-0.1594,0.7821,0.8128,0.1352,1.7097,0.331,42.87,306.48,B
9260,3.3865,2.9779,-2.3771,-1.7198,0.3025,-1.6776,41.65,313.12,D
9261,-10.4437,-8.9646,-6.4867,-3.8402,1.3154,0.7136,29.34,241.33,B
9262,-6.1129,-5.0429,-2.0091,-1.2435,0.4898,-0.9453,34.47,282.29,A
9263,-1.0452,-1.8005,-2.2006,-1.7482,-1.7539,-2.4349,35.81,266.21,D
9264,-0.6241,-0.9337,1.5078,0.488,0.1935,0.2675,39.73,300.4,D
9265,-4.4056,-4.604,-1.4767,-1.862,-3.3566,-3.28,32.92,232.11,B
9266,3.524,3.5783,2.1523,1.5361,2.5318,2.3165,49.21,350.12,C
9267,-2.7484,-3.8678,-1.3681,-0.1322,1.6564,1.1193,38.92,297.48,B
9268,11.3493,9.6026,-2.0988,-2.345,-1.0952,0.3975,50.38,367.05,B
9269,-4.0735,-3.7291,-0.7789,1.1306,1.4722,0.9479,39.34,303.84,C
9270,-0.0556,-0.8635,0.2204,-0.1056,-0.7861,0.6101,42.02,323.61,B
9271,-1.2019,-1.2869,-1.7869,-0.8076,-0.3477,0.4096,40.94,307.38,D
9272,3.3257,2.6864,0.6934,0.8727,2.0491,2.5846,50.86,334.43,A
9273,-4.9301,-4.4959,-0.9108,-1.7049,-1.4047,-1.6265,33.67,264.71,A
9274,3.5667,2.5181,-2.8078,-2.0017,-2.2453,-2.8653,41.57,289.39,D
9275,-1.3113,-0.7506,2.4583,1.7682,-1.6131,-0.2552,43.24,328.37,A
9276,11.6411,10.939,0.1234,0.7163,1.2346,1.3633,51.94,399.34,A
9277,5.3849,4.74,-5.9796,-4.8572,-2.3668,-2.3125,41.05,290.54,B
9278,-2.6938,-4.3032,0.8586,1.6332,1.1753,0.929,42.93,319.31,B
9279,-11.4355,-10.1717,-5.6378,-5.1963,-2.9735,-4.0032,28.84,170.2,A
9280,4.0947,4.3339,1.3727,0.8093,1.4727,1.6735,48.26,359.91,B
9281,9.6572,11.0164,3.1146,2.4093,0.5188,0.2462,53.89,419.5,C
9282,-1.7182,-0.2306,-7.6681,-6.252,-1.0967,-1.5231,35.62,228.66,C
9283,4.003,4.6604,4.087,1.8803,-0.7093,0.5427,48.1,361.8,C
9284,-7.239,-8.2322,-1.0591,-1.1857,1.3241,0.9329,35.97,274.12,C
9285,-3.6768,-5.7109,-3.049,-2.668,0.7822,-0.4064,34.35,242.08,B
9286,1.8656,3.1003,-0.8378,-0.0645,0.0053,-0.4982,42.57,326.64,B
9287,1.5195,0.2597,-1.2588,-2.412,-1.3073,-0.4901,40.08,294.28,B
9288,0.0608,1.1678,-2.9232,-3.287,-1.5298,-0.8598,38.04,298.88,D
9289,-13.8711,-12.7561,-8.8432,-7.0836,-4.0512,-4.8496,21.41,125.15,B
9290,0.3163,1.8896,-1.4773,-3.0746,-1.0025,0.4336,41.05,294.64,D
9291,4.0894,3.6766,3.8318,1.9142,1.2905,1.4288,48.35,364.12,A
9292,6.2944,6.2137,1.0158,1.3501,0.4457,0.3708,49.2,346.06,B
9293,-7.1665,-5.9287,-3.5739,-2.2114,1.8938,1.4461,35.17,257.2,C
9294,-5.4743,-4.816,0.4522,0.8018,1.6791,1.6894,39.12,272.0,D
9295,-1.2101,-1.3367,0.6602,0.0108,-0.5395,-0.0222,41.52,319.14,B
9296,4.8219,5.4941,1.8174,1.8338,-0.1235,-0.9591,48.18,369.76,A
9297,4.2822,3.4093,-1.1884,-1.1017,-1.2328,-2.0778,42.23,318.53,D
9298,5.0306,3.8314,0.3961,0.2381,0.6823,0.1455,47.06,351.3,D
9299,0.8814,0.1008,0.2733,0.4527,-1.8742,-1.2208,39.32,314.98,A
9300,4.476,4.9363,-1.5305,-2.6216,-1.319,-1.57,45.1,332.29,C
9301,11.4538,10.8313,5.2468,4.2997,1.1853,2.3542,58.64,434.99,A
9302,11.5617,11.7268,0.4635,0.3608,1.1706,2.1382,55.1,401.96,C
9303,5.7479,3.8032,3.4717,2.9571,0.4137,0.9978,49.6,370.43,D
9304,2.7458,3.3289,0.3648,2.0824,0.5466,2.0603,45.43,338.73,B
9305,5.79,5.4923,5.026,4.5438,0.1528,0.8805,54.88,385.25,C
9306,8.6491,9.5029,6.4595,7.1817,-0.4654,-0.5048,56.67,423.36,B
9307,1.2266,1.4281,5.7471,4.7021,-0.4796,0.7487,49.02,372.32,D
9308,1.664,-0.4054,1.0559,0.5217,0.2647,0.0289,46.42,318.5,A
9309,5.844,6.4426,0.9106,-0.8196,0.2531,1.3115,50.12,355.76,B
9310,-2.519,-1.863,1.4344,1.0982,0.7984,0.8995,43.57,313.62,B
9311,4.0403,2.9777,1.514,1.2749,2.11,1.9434,47.88,365.12,D
9312,-0.3632,-1.0542,3.4953,3.5263,0.322,1.0254,44.56,335.95,A
9313,2.0063,1.3144,0.3315,0.8875,1.8396,2.2129,47.32,336.74,A
9314,8.1387,8.5511,1.4343,2.2151,0.5174,0.0695,51.13,339.92,D
9315,-6.6108,-7.0947,-1.3679,0.5545,-2.0666,-3.7155,30.79,249.38,C
9316,8.2115,9.021,1.8398,1.8594,0.6603,2.2696,51.2,373.6,B
9317,4.7311,4.2158,-0.2227,-1.1481,-0.5775,-1.2808,43.94,323.49,B
9318,0.3397,0.814,-1.4278,-0.6802,-2.4195,-2.4388,41.07,283.0,D
9319,-2.787,-2.2941,-4.2656,-2.6566,0.0207,0.417,36.01,238.07,A
9320,-3.9912,-4.3292,0.1968,1.4942,0.8977,0.5517,40.37,263.36,A
9321,-1.9055,-1.7512,-2.0933,-1.7759,-0.0031,-1.4907,39.1,268.93,C
9322,13.2214,12.271,6.6797,5.5852,1.8986,1.2392,57.83,460.63,D
9323,-7.9377,-9.0217,-5.3482,-3.2737,2.4371,1.7708,32.61,205.84,A
9324,-2.9882,-1.3204,-1.5078,-1.2294,-0.5008,-1.9491,37.31,322.88,A
9325,2.2874,1.1658,1.4857,2.8892,1.7529,2.0353,47.0,326.12,C
9326,10.9592,11.7333,1.2273,1.2753,-0.0096,1.6669,52.93,396.57,C
9327,4.3507,3.0777,1.9263,2.1575,0.1932,1.0859,47.48,357.09,A
9328,1.0917,1.8741,1.7931,1.0946,0.817,0.1055,43.13,316.81,C
9329,12.3765,12.7072,6.8214,7.0466,1.6569,1.8825,60.7,469.98,D
9330,-5.6707,-5.9435,3.6224,3.7253,0.655,0.3574,40.99,310.21,D
9331,4.9079,4.3733,0.497,-0.1622,1.5596,2.3115,49.4,331.93,C
9332,-0.8758,0.2058,-1.4158,-2.6038,-0.1532,-0.8168,41.8,306.35,B
9333,-2.0859,-1.2224,-3.2894,-5.9918,-2.9599,-3.4559,34.09,216.16,D
9334,4.0794,4.0531,2.3194,1.9769,2.3722,2.2632,50.02,372.15,D
9335,6.2207,5.6063,-1.0284,-1.8314,0.2387,-1.3061,44.61,314.05,D
9336,-2.049,-2.4688,-2.9981,-1.9107,-0.0748,-0.8535,35.41,275.26,D
9337,1.373,0.6972,-0.2787,0.9387,3.0669,1.3082,41.39,316.74,A
9338,-2.927,-3.8763,-4.4666,-2.9848,1.1343,0.3957,34.97,264.42,A
9339,-0.384,0.2872,0.9287,-1.1298,-2.3077,-2.2961,41.73,305.05,C
9340,3.616,4.3011,-0.4119,-0.9383,-3.0488,-1.9797,41.39,322.68,A
9341,3.382,3.5923,3.8644,3.2048,1.3945,1.0974,49.32,399.14,C
9342,-7.6695,-7.3068,-0.2116,0.2889,0.4866,0.9887,35.65,250.84,B
9343,-2.6749,-3.9476,0.056,0.4729,-0.9011,-1.3284,39.06,296.24,C
9344,-2.7978,-2.6416,-5.6029,-4.5904,1.551,-0.3324,34.99,241.77,C
9345,1.898,1.6766,-3.1387,-1.585,-1.3696,-1.19,40.59,290.77,B
9346,6.6661,6.9929,0.2071,-0.3345,-0.2771,0.8586,50.49,336.75,A
9347,1.4084,1.0938,3.2556,0.9944,-1.278,-0.0806,45.95,347.77,C
9348,-7.7125,-6.5658,-0.4395,-0.5121,-1.2224,-0.6688,35.36,237.21,C
9349,-7.412,-7.9969,-1.8162,-1.2592,-2.0378,-1.5882,29.67,214.78,A
9350,11.7352,11.8442,4.0042,3.7547,1.1529,1.9,59.46,437.95,C
9351,-7.0126,-7.7654,-0.2965,-0.4169,-0.0934,-0.638,33.64,237.77,A
9352,-6.0916,-6.4029,0.9244,0.857,-0.5985,0.4899,32.98,277.61,D
9353,-4.759,-3.8553,-5.7565,-5.8363,0.7145,-0.5301,34.31,229.78,A
9354,-3.418,-3.3631,2.1036,1.6933,1.0592,0.5179,42.57,301.73,D
9355,0.168,1.3923,1.1596,1.8657,1.1615,3.2761,45.93,343.82,A
9356,1.6793,2.2381,2.7534,3.2933,-1.7331,-1.3527,44.41,350.26,D
9357,1.055,2.1609,-0.2959,-0.8227,-0.887,-1.5908,41.58,297.41,C
9358,2.4363,3.0851,-0.4303,-1.0031,-0.1039,0.2462,45.59,315.56,D
9359,-4.6455,-5.6951,2.3222,1.284,1.8914,0.2648,41.07,305.44,B
9360,-2.5771,-2.3225,-0.6697,-1.3529,-1.5686,-0.5837,41.77,301.19,D
9361,-9.2623,-8.5399,1.824,2.2912,0.6862,0.4716,36.54,291.67,B
9362,4.7648,6.1702,1.0051,1.0735,-0.0575,-0.1703,47.21,351.11,B
9363,-4.0467,-4.3949,-0.7585,-0.9271,2.3892,0.64,38.82,279.31,B
9364,1.6593,1.1824,1.9638,1.0649,-1.7709,-0.5721,42.79,328.35,C
9365,1.69,2.8065,0.7317,1.2357,1.7167,2.7091,45.84,323.35,B
9366,-4.5688,-4.2727,0.6627,1.6754,-0.0183,0.282,41.48,289.4,A
9367,-1.4673,-2.1805,-0.4455,-1.3957,-0.6851,-1.4063,38.21,286.16,C
9368,5.6947,5.9814,4.7401,4.3848,0.7017,0.8271,56.37,382.62,B
9369,5.3554,3.9736,1.0725,0.8479,1.0516,0.9502,50.89,336.34,D
9370,-13.6755,-13.9481,-1.3984,-0.2638,-1.2464,-2.1133,28.4,213.1,D
9371,-7.0054,-6.8487,-8.0887,-5.9428,-2.0353,-2.2751,29.16,195.82,A
9372,-1.0224,-0.8164,-1.7442,-3.2175,-0.3977,-0.6021,35.77,279.26,B
9373,13.3298,13.6801,1.5025,0.7499,-1.4554,-1.1875,56.77,404.4,A
9374,8.0689,7.513,2.1938,1.3321,-0.8601,-1.0529,49.76,341.48,B
9375,1.0965,1.8455,-3.5036,-2.2063,0.9939,0.0268,41.89,291.61,B
9376,-2.3509,-2.3839,-5.4623,-4.0159,-0.8538,-0.0924,36.61,271.04,B
9377,-7.8723,-7.3223,-2.9773,-2.5311,-0.2379,-0.9453,32.78,208.98,C
9378,-1.7447,-1.4352,0.6686,0.2392,2.1861,1.622,41.75,307.68,B
9379,-3.8966,-5.3476,-0.3101,-1.0332,-2.4422,-2.3911,37.52,281.92,B
9380,-2.378,-1.5449,-4.0964,-3.6573,0.6458,-0.6617,33.99,258.25,C
9381,4.481,3.9416,1.8507,2.844,1.1839,0.4784,50.24,387.33,C
9382,-4.1714,-3.6833,0.0457,-0.8375,-1.3398,-2.1031,38.44,275.68,C
9383,-4.0782,-3.046,-0.2,0.6307,0.8278,0.6341,41.44,277.93,C
9384,-11.3431,-11.3899,2.9088,2.3072,-0.0729,-0.8817,34.96,276.72,A
9385,10.8529,10.6736,2.7836,1.4403,-2.0026,-1.2699,53.41,367.79,C
9386,9.8153,10.2955,5.3976,3.8426,0.4475,1.868,57.44,435.32,D
9387,7.4015,6.6905,-2.9605,-3.6066,-0.5575,0.7733,46.46,342.24,A
9388,0.1805,-0.7677,-2.3092,-2.5188,-0.2151,-0.3986,39.1,284.0,A
9389,-3.687,-2.0078,-0.9969,-1.1951,1.1331,-0.065,39.99,292.9,A
9390,-4.7424,-3.598,-0.4981,-0.0164,-0.3021,0.2291,40.23,293.9,B
9391,0.6839,0.3199,-2.7979,-2.8079,-0.0832,-0.7296,39.79,281.35,A
9392,-4.0386,-3.8861,-0.4714,-0.2938,-0.3508,-0.2176,38.12,277.37,B
9393,2.3975,0.5865,3.9957,3.0256,0.1116,1.1355,47.3,368.7,B
9394,4.624,3.5542,1.1276,0.672,0.9152,1.5007,46.58,336.07,B
9395,2.3456,1.9764,5.071,3.5488,1.4379,1.7632,46.56,368.9,D
9396,4.6632,4.4415,0.269,0.274,-0.6932,0.9101,47.6,355.12,B
9397,3.2994,3.705,-0.2305,-0.1011,-1.3632,0.7438,44.74,305.31,D
9398,-5.8734,-4.4585,4.223,2.9055,2.6571,1.3039,38.38,302.0,B
9399,-3.8537,-4.4338,0.5268,0.2383,1.9737,1.3074,38.83,290.72,B
9400,-12.3501,-12.793,-4.6244,-3.499,-0.7952,-1.3317,26.43,183.18,A
9401,-11.9678,-11.5371,1.769,1.4172,2.7952,1.3537,32.37,244.02,D
9402,-2.4934,-0.8254,-0.5192,-0.0096,1.3599,0.0219,41.29,312.86,C
9403,-10.5898,-10.3992,-1.8179,0.6794,3.0834,1.4623,33.62,244.68,C
9404,2.9554,2.7967,3.8119,3.4978,1.0508,0.4595,47.99,356.34,B
9405,1.3933,-0.2442,3.0385,2.7611,1.4261,1.3448,47.27,368.68,A
9406,-3.4405,-3.6038,-1.3843,-0.2303,0.4746,1.681,37.02,304.99,D
9407,-0.8984,-0.178,2.3156,3.5161,1.7449,1.7862,46.36,343.27,D
9408,-3.134,-2.0808,-4.4435,-2.7268,-1.2068,0.1744,35.82,250.32,A
9409,-1.4077,-0.0328,0.3957,-0.4662,-1.4476,-0.5078,40.28,260.0,A
9410,4.852,3.9614,-3.3667,-1.2869,-0.8392,0.2299,42.81,310.1,D
9411,-0.0714,-0.2172,0.9319,2.2004,2.668,2.1502,42.75,341.76,C
9412,-3.122,-1.48,-0.93,0.0286,-1.2432,-1.1392,39.5,299.3,D
9413,4.5478,4.2351,4.2103,4.7487,0.7054,0.4879,47.19,388.47,A
9414,-8.5582,-8.8549,-3.314,-3.1595,1.45,-0.2109,32.74,234.2,D
9415,-6.0809,-7.9678,-2.4298,-3.4544,-0.3797,-1.4461,37.79,208.15,D
9416,-3.5244,-2.7385,-6.662,-5.3003,-1.4082,-1.8697,29.74,231.19,D
9417,-0.0432,1.1359,-1.1178,-1.7042,-1.9637,-2.2432,37.74,285.95,C
9418,-11.3257,-12.4593,1.6373,2.5172,1.9743,2.8815,33.99,271.92,D
9419,0.3407,1.0164,3.2767,3.6364,-0.8185,0.8534,43.09,330.93,A
9420,5.2574,6.2991,2.6087,2.2067,1.0325,0.3795,57.41,396.54,B
9421,-2.487,-2.7415,-7.1869,-6.7602,-2.5547,-3.4432,27.84,199.11,D
9422,7.895,7.7999,3.0452,3.2333,-2.0971,-0.4174,50.88,374.49,C
9423,2.3691,3.1664,2.9366,3.7526,1.3213,1.8121,46.61,379.08,A
9424,2.2065,1.5213,3.3122,2.1693,0.2541,2.2136,48.0,380.8,C
9425,-4.353,-3.5292,-0.7192,-0.9175,-0.6986,-0.9707,38.73,263.77,B
9426,-1.4704,-2.2333,-3.9506,-2.1997,-0.078,-0.9879,35.89,285.3,B
9427,0.2166,0.9895,-5.6199,-4.2128,1.2656,1.1235,42.73,278.45,B
9428,2.2446,3.1275,2.5467,3.4133,1.5408,-0.2209,50.45,362.24,D
9429,3.3845,3.9881,4.9829,2.7348,0.3345,1.3926,48.51,380.32,C
9430,-5.5422,-5.0559,-0.274,-0.348,1.7119,0.4681,37.46,305.4,B
9431,3.1502,5.0511,-3.3805,-2.1499,0.7373,-0.4061,41.71,302.74,B
9432,6.0201,7.1559,-3.9763,-5.6938,-2.6656,-3.254,39.81,300.9,B
9433,1.0459,-0.4934,-0.2234,0.2199,-0.943,-1.863,41.93,310.77,A
9434,-9.9823,-10.1603,0.287,0.5544,-0.4058,-0.2526,32.08,287.92,A
9435,-8.7111,-8.1661,-3.6896,-3.5244,-2.3546,-3.3031,26.67,198.89,B
9436,-3.3207,-3.249,0.4785,0.8536,0.3159,-0.3297,39.81,289.46,D
9437,-0.0606,0.2297,-1.0521,-1.7433,1.6445,-0.1126,41.33,302.98,D
9438,-11.3989,-10.3278,-3.4935,-2.1359,1.1171,-1.1077,28.12,215.87,A
9439,0.292,0.0725,-0.0384,0.3565,0.4795,-0.103,42.21,319.31,B
9440,-2.5692,-2.3196,-1.1832,-0.2137,-0.1571,-0.5466,42.54,282.02,D
9441,10.2282,8.9738,0.3046,0.4993,1.6212,1.8264,53.11,382.2,A
9442,-1.7787,-2.8979,0.3216,0.1122,0.6259,1.0552,41.17,311.72,C
9443,-1.4487,-1.7436,1.7303,0.3113,-0.4464,-0.3028,41.74,308.36,A
9444,8.267,7.9784,0.8745,0.7968,1.3905,1.2383,47.34,368.55,A
9445,-5.2143,-4.2734,-6.3202,-5.8551,0.724,-1.4219,28.94,242.69,D
9446,-1.4755,-2.5961,1.0016,-0.3552,-2.199,-1.3853,38.64,267.14,B
9447,-3.0683,-4.2946,-1.8728,-2.863,1.3573,-1.4151,35.99,269.75,C
9448,2.7192,2.0221,0.526,-0.1597,1.0957,0.7565,43.19,332.98,D
9449,5.9151,7.2205,4.6939,3.6326,-1.4219,-0.7264,53.39,386.58,C
9450,-3.7586,-3.035,-4.0611,-3.7976,-3.1067,-3.0739,30.25,200.51,C
9451,11.1539,9.9135,-0.1407,0.9427,-1.6381,-0.2162,49.97,392.54,C
9452,5.5483,7.4163,6.1087,5.0658,2.5918,3.5505,57.99,413.68,A
9453,-6.825,-6.9698,-0.2701,-0.5354,0.845,-1.5027,36.87,249.11,B
9454,-1.8056,-2.2799,0.7068,0.9262,2.1999,0.2545,40.46,292.24,A
9455,-0.6636,-0.1526,0.46,-0.5076,-0.9544,-1.5179,39.46,289.33,A
9456,-7.2446,-7.5263,2.151,2.8113,3.3134,3.7721,41.26,290.46,C
9457,-10.5333,-9.6868,-0.5985,-0.3225,-0.3885,-0.6182,30.12,222.76,A
9458,7.0961,7.1049,3.6848,2.7396,1.5603,2.817,55.51,396.56,C
9459,5.6938,6.7843,3.2031,1.872,-0.2964,0.5308,49.48,368.88,C
9460,7.3685,7.8334,2.5024,2.9609,-0.8654,0.3484,49.8,403.54,B
9461,1.3467,0.9145,1.1332,0.4431,0.3782,0.184,45.34,309.86,D
9462,-4.7592,-4.2951,-3.4866,-4.1633,-3.0994,-3.9287,29.26,201.38,C
9463,-2.2288,-2.0902,-3.1698,-4.2473,-0.8901,-0.7011,35.46,264.48,D
9464,16.7048,15.8562,3.1336,2.1861,2.1279,3.4049,65.9,476.6,B
9465,0.111,-0.0367,1.9164,2.6679,0.945,1.8698,42.51,329.91,A
9466,-3.924,-2.8542,-0.5121,0.0066,1.3938,1.5086,39.07,280.28,A
9467,3.2438,1.9806,-1.512,-1.8066,-0.5472,-1.983,42.79,297.18,A
9468,-10.0589,-10.791,-0.6147,-1.7668,0.4154,1.6705,30.67,263.96,A
9469,-4.58,-5.0111,-4.2698,-2.8745,0.4932,-1.2995,35.3,276.99,D
9470,-0.9005,-0.7766,-1.2679,0.5453,-1.3145,-0.8623,41.0,298.23,B
9471,-5.3477,-5.1278,0.9061,0.7814,1.0511,0.691,36.56,282.18,B
9472,0.8978,0.6897,0.3337,1.382,-0.5656,-0.3085,44.86,316.46,B
9473,11.547,11.5096,-0.5653,-3.5157,0.8351,1.8811,51.98,356.78,C
9474,4.485,2.9105,-1.2744,-1.5806,1.7139,2.2822,52.04,327.28,B
9475,-3.8897,-3.1819,0.7612,1.1387,3.3055,1.6174,42.08,306.66,B
9476,-4.1429,-3.9489,-3.4965,-3.0938,-0.8552,-1.3041,34.5,245.66,A
9477,12.4181,13.5262,5.0989,4.0908,-0.1915,0.9365,58.3,450.9,A
9478,-3.3738,-2.8457,-3.7938,-2.9779,-0.574,-0.7108,35.95,247.88,A
9479,-9.3985,-9.3558,-0.205,-1.4724,0.4706,-0.0743,32.73,208.8,B
9480,-3.7068,-2.9796,0.5582,1.0933,0.0222,-0.4898,43.26,338.25,D
9481,-0.096,1.1168,4.8739,4.0861,0.4878,0.2592,50.35,366.62,A
9482,5.0648,4.0257,0.6966,-0.1643,-1.6045,-0.4594,43.79,323.97,D
9483,-9.6908,-8.2956,0.7687,1.2245,0.3795,0.3508,35.24,251.25,B
9484,2.2162,1.7713,1.3536,1.8343,0.6157,-0.1742,47.09,319.1,A
9485,2.6281,1.4197,-2.3311,-1.5685,1.9615,1.8114,45.08,328.03,B
9486,-2.4753,-3.5609,-4.1063,-3.2175,-0.4937,-0.9821,35.51,241.24,B
9487,3.6942,4.5025,0.7645,1.873,-0.5983,0.2891,49.19,374.4,C
9488,-4.3835,-5.2374,-1.5096,-0.5257,0.8423,0.0975,38.26,232.55,C
9489,6.9486,7.0921,6.8416,6.5793,1.1605,2.0781,57.48,425.52,C
9490,-2.2842,-1.5824,2.2134,1.7975,0.6733,-0.4343,39.95,340.18,A
9491,-7.8258,-7.4527,-5.6873,-5.6021,-1.4299,-3.0083,26.65,197.19,D
9492,-5.97,-5.1492,-5.818,-4.9472,-0.6763,-0.4667,29.77,209.54,B
9493,7.3142,6.9608,3.6126,3.2272,-1.7878,0.3386,54.58,363.58,B
9494,-1.6436,-1.4473,-0.6855,-1.364,-0.7307,-0.7559,44.37,291.81,B
9495,-2.6219,-1.7893,-0.8484,-0.3694,2.7629,1.161,38.91,320.04,C
9496,1.5029,0.7201,3.1296,1.714,-0.7417,-0.7364,45.64,328.76,C
9497,1.3846,2.0517,-3.4158,-3.0097,-0.8697,-2.6908,36.26,258.92,A
9498,-4.1601,-4.2256,-5.6072,-5.3907,-2.9157,-3.3457,27.23,214.03,A
9499,3.8387,2.759,2.1148,1.1399,-2.2999,-2.9351,43.81,341.79,C
9500,-0.1829,-0.0166,0.1372,1.5647,1.9554,1.3345,46.1,319.91,C
9501,-1.254,-0.8653,2.2247,1.739,1.0488,2.059,43.85,321.07,A
9502,-4.2679,-4.225,1.7086,1.7826,-0.1301,0.6301,40.65,315.23,A
9503,-5.4382,-5.3048,-0.6832,-1.2005,-2.5833,-3.4757,30.71,250.62,D
9504,2.6605,4.2391,0.8731,0.5552,1.6601,0.9358,46.55,348.42,B
9505,-8.7764,-9.2544,-5.647,-5.0843,-0.9862,-1.0038,28.61,175.14,A
9506,-4.319,-2.8082,-4.6903,-3.4721,-0.2028,-0.4803,32.42,252.77,C
9507,3.5506,2.9721,-5.1117,-4.6228,0.3698,-0.1538,42.11,277.39,B
9508,4.019,4.4779,0.8603,0.9489,0.5484,0.1378,45.49,364.34,A
9509,-0.6635,-1.2424,-2.5879,-2.5421,1.2936,-0.8489,37.6,275.76,D
9510,2.261,2.8125,5.0746,3.6375,0.0727,-0.3207,48.3,371.96,B
9511,-3.6352,-3.1379,5.025,4.686,2.4975,2.4855,49.33,346.97,C
9512,-7.0984,-7.6945,1.0954,2.1212,0.9934,-0.5735,34.06,264.81,D
9513,-12.9004,-13.1926,-4.3854,-2.9578,-1.0886,-1.914,24.97,165.1,D
9514,2.7189,3.0221,-0.57,-2.1919,4.3093,3.3825,46.84,348.48,A
9515,-7.1883,-7.5134,-1.4394,-0.9415,-0.4693,-2.059,33.25,240.82,D
9516,13.0301,11.151,1.1466,0.2922,1.3214,0.2483,53.4,384.13,A
9517,8.0321,8.184,3.9327,2.8525,0.8569,2.1312,53.47,404.43,D
9518,0.0555,0.7493,-1.3605,-2.079,0.604,-0.2514,40.01,260.41,A
9519,-0.7762,-0.503,1.0661,0.259,2.2718,1.7711,42.76,337.63,D
9520,1.5156,1.8583,-1.6601,-3.5221,-1.8065,-2.7572,42.46,288.21,C
9521,7.4775,6.8094,-0.573,-1.7046,-1.0096,-0.2974,46.36,331.75,A
9522,-10.1497,-10.6949,-1.868,-0.4167,-0.6066,-2.4729,29.58,243.45,C
9523,-2.8751,-1.5955,0.1436,-0.6424,2.4124,0.0927,40.98,311.42,A
9524,-1.1315,-1.34,3.8239,3.4197,-0.5512,-0.6469,39.8,337.81,D
9525,-5.0283,-5.706,-0.3348,-1.2053,0.344,-1.7647,34.39,268.09,B
9526,-2.4731,-2.379,-0.1329,0.6077,0.0246,-0.3003,41.99,308.56,A
9527,-5.5687,-4.0029,-2.081,-2.0238,1.427,0.4966,35.06,248.46,C
9528,-2.4418,-2.1439,-2.1058,-2.13,-0.397,-0.6707,35.19,252.78,D
9529,6.3527,5.7836,-1.0165,-0.4455,-0.6924,-0.4466,48.49,342.44,D
9530,1.3083,-0.1878,1.489,2.2352,-0.4438,-0.7881,44.42,301.45,C
9531,-9.89,-9.3157,-0.9352,-1.0464,-3.0524,-2.4995,29.01,219.43,D
9532,5.906,5.8591,2.4314,1.8798,0.2092,0.6452,50.57,384.58,C
9533,9.074,9.7909,-0.7543,-1.1037,-0.246,0.2609,48.54,344.03,D
9534,2.1585,1.671,-3.5326,-4.6488,1.4556,0.9654,40.22,295.92,A
9535,3.3441,3.7483,3.1342,3.8525,1.7727,1.7203,48.86,378.74,A
9536,4.1753,3.0336,2.9274,2.3328,0.0434,0.846,52.55,379.17,A
9537,-3.5768,-2.3427,3.7399,2.9234,-1.9904,-0.1292,38.59,313.86,D
9538,-0.9655,-1.0715,3.6827,4.631,0.9413,-0.1842,43.32,348.81,A
9539,5.9834,5.9363,3.9701,3.889,0.6816,0.7069,49.48,416.76,D
9540,-11.6922,-10.8658,-0.6278,0.5411,-1.5284,-0.5606,30.59,225.64,A
9541,-6.9525,-7.1556,2.7954,2.7661,-1.8503,-1.5622,37.05,309.8,A
9542,-3.4331,-2.5104,1.3229,1.8157,1.4669,0.9321,41.26,310.84,C
9543,-5.7664,-5.807,-0.3011,0.0503,0.2813,-0.2627,37.2,255.36,B
9544,1.2138,1.6093,-3.5404,-4.1499,2.9127,1.6218,42.86,305.47,B
9545,1.3291,0.8362,-2.0292,-2.9787,-0.5374,-0.5058,41.42,267.08,A
9546,2.0758,1.9731,-1.2028,-1.8289,-2.2766,-2.24,40.81,306.64,C
9547,-3.1684,-6.2445,-1.0928,-1.0652,0.7664,-0.7742,36.03,249.49,A
9548,-3.9646,-3.0854,-2.3998,-2.379,-1.6886,-1.5848,33.97,249.09,D
9549,-3.6702,-2.4863,3.8513,2.95,-1.7234,-1.4147,44.11,325.94,A
9550,-2.6613,-2.0129,-4.4653,-2.9473,2.7417,1.6744,40.13,301.74,B
9551,7.615,6.611,-0.7259,0.0783,0.1511,0.5721,46.2,361.51,B
9552,1.4161,1.0678,4.6845,3.6611,-0.0507,-0.3774,47.71,338.88,B
9553,-0.5416,0.0621,0.6252,0.647,1.6215,-0.2763,40.94,328.15,D
9554,2.1153,2.167,1.0579,0.1708,-0.9466,-0.7509,44.76,341.4,A
9555,5.7849,4.101,5.9164,5.1707,0.4424,1.6967,50.15,413.31,A
9556,-0.0587,-0.2513,0.227,-1.0293,-0.972,-0.9721,42.98,302.63,D
9557,-2.2402,-2.049,-0.7373,0.5289,1.4021,0.2881,41.99,283.21,A
9558,3.9743,4.0753,-1.315,-0.6454,0.9619,-1.6135,44.32,358.85,D
9559,0.7745,0.903,-1.8894,-2.6737,1.9605,1.8219,42.73,312.88,A
9560,-1.4403,-0.7995,-3.0417,-2.9798,0.4016,-0.3496,38.05,297.44,A
9561,0.7931,-0.1124,-2.0711,-1.9383,0.1815,-0.3496,41.56,334.26,D
9562,-2.829,-1.6661,-1.3052,-1.7521,-0.6621,-0.4804,37.09,286.7,B
9563,-3.992,-1.7244,1.7684,1.2173,0.6517,0.2942,41.88,323.38,A
9564,-1.242,-0.5076,3.0465,3.202,0.4132,0.4595,48.28,354.22,A
9565,0.7973,0.4133,-1.3304,-1.17,-0.6942,-0.5372,41.44,306.02,A
9566,4.1209,5.0634,1.3526,1.8118,-1.5366,-0.1626,43.79,357.13,B
9567,8.5225,7.8586,-0.3037,-1.2848,-3.1717,-2.4494,43.17,346.62,A
9568,-2.493,-1.6675,-1.7573,-0.7463,0.4639,-0.4044,36.21,266.26,A
9569,4.2864,5.0246,6.7159,5.8379,-1.5513,-0.616,49.99,397.12,A
9570,-0.0699,0.4458,-0.7536,0.6815,0.5892,0.134,38.77,319.0,A
9571,-3.9164,-4.2893,-2.8645,-4.2726,-1.9286,-1.3961,33.8,262.45,C
9572,6.0341,5.2725,1.6622,1.1968,-2.2414,-2.5173,44.42,340.39,C
9573,-4.0467,-3.96,-0.4894,-0.8485,0.2972,-1.3928,36.85,246.5,D
9574,3.8717,3.0886,-3.5686,-3.2018,-1.7618,-1.5567,41.9,300.03,B
9575,9.2005,8.3899,6.9082,7.1007,1.9751,1.8165,56.67,406.91,C
9576,-7.7946,-8.5187,0.4031,0.7862,1.1492,0.1861,34.63,262.91,B
9577,6.0914,4.8725,2.7794,2.3414,0.3166,-0.0824,49.12,361.86,D
9578,3.1447,1.7252,-1.6006,-3.4241,-1.0943,-2.5939,39.04,299.46,D
9579,-1.4975,-1.3391,2.1123,1.7032,1.1438,1.3874,43.14,321.55,D
9580,-6.4088,-6.6201,-3.1355,-2.7849,-3.0145,-3.2909,30.84,228.7,D
9581,5.6219,4.9858,2.0047,1.8024,0.4464,0.645,48.35,372.73,A
9582,3.2153,3.9791,1.1874,0.6191,0.1015,-1.1054,46.13,317.08,D
9583,5.0759,5.0453,-0.7184,0.8401,0.4411,1.6582,47.3,352.24,A
9584,3.4551,2.4479,1.8493,1.9028,-0.1879,-0.2677,46.3,345.54,B
9585,-2.3402,-2.954,-1.6648,-2.272,-1.2263,-1.5839,34.69,259.3,B
9586,15.348,16.7768,0.995,0.5782,0.5359,0.9859,58.18,423.51,D
9587,2.9347,3.203,2.0158,2.5156,0.0111,1.2836,45.2,376.01,A
9588,6.7629,6.9306,-0.2164,-1.64,0.1691,0.0057,48.88,355.18,D
9589,3.4755,3.9707,-2.2862,-2.4823,-1.5007,-1.8106,39.24,314.66,B
9590,-1.7211,-0.6147,-1.6281,-2.2681,-1.2748,-0.6233,37.07,275.33,A
9591,-13.5738,-13.4726,-7.1814,-6.3035,-1.7932,-3.6472,21.6,125.73,C
9592,-1.6278,-1.7566,-0.5386,-2.5547,-2.5863,-2.9767,39.63,292.66,C
9593,10.8232,10.7198,6.2123,5.0531,0.9948,1.6496,57.75,468.36,B
9594,-8.2318,-6.9817,-3.4226,-2.348,-2.5403,-3.561,25.45,206.88,B
9595,-1.0199,-1.0269,-0.0879,-0.1748,0.0433,0.2177,45.07,321.47,C
9596,-5.4278,-4.1565,-3.0184,-2.3091,-2.8936,-1.9684,35.73,268.78,C
9597,0.0072,0.6177,0.1028,-1.1166,-1.1842,0.0615,40.38,296.21,D
9598,5.9811,7.7394,0.8185,0.5348,-0.2742,-0.2658,50.95,350.49,B
9599,4.4583,4.3174,-1.587,-0.928,-0.336,2.6116,47.26,345.8,B
9600,11.1972,13.041,4.0498,3.2354,-0.2805,0.9917,58.27,429.22,C
9601,-2.076,-1.7395,0.4244,0.7884,1.0406,1.0007,42.23,292.56,B
9602,4.4614,3.4972,3.4655,3.5319,0.3212,0.9306,49.3,372.12,B
9603,-2.9006,-2.0679,-0.8723,-0.7454,-1.2266,-0.5065,36.98,281.7,D
9604,0.2219,-1.0674,-0.6488,-0.1142,0.1983,0.1515,41.2,333.61,B
9605,5.1608,5.522,-0.2821,-0.4133,0.2643,0.1512,48.37,358.36,A
9606,4.0332,3.9108,0.8089,1.0078,1.2159,1.3763,48.01,335.59,B
9607,-4.8712,-3.563,3.4329,2.1214,0.589,-0.9454,38.94,314.48,D
9608,14.5635,12.5196,5.6663,6.435,1.8416,2.0461,61.89,464.06,C
9609,-2.0736,-3.1802,0.3388,1.7052,-0.3224,-0.1218,39.15,301.81,D
9610,2.2804,1.3937,-0.5424,-1.002,-0.4133,-0.9422,43.99,312.19,A
9611,-1.772,-0.641,2.3816,2.2492,0.9622,1.3301,42.94,343.7,D
9612,-3.9538,-5.3954,3.4962,2.4253,-0.8203,-0.7439,38.1,311.29,A
9613,5.5108,6.2727,1.1666,0.6756,0.2368,1.1334,49.0,355.8,B
9614,-1.4737,-1.2731,-3.087,-1.2952,0.5571,-0.6273,37.57,288.36,D
9615,15.338,14.6797,0.2702,-0.669,-0.8397,-0.4257,52.34,399.52,D
9616,4.3175,3.9548,2.1299,2.1544,1.8589,2.1429,50.68,384.53,C
9617,1.1636,3.3604,9.0431,9.0331,3.4694,3.6715,56.73,443.08,D
9618,-5.4855,-5.119,0.3344,-0.0775,-0.8772,-0.8392,35.0,280.62,B
9619,10.8021,9.8478,2.9644,2.4978,0.8988,0.0851,51.91,375.2,B
9620,0.5305,0.7322,2.1998,1.3661,-1.6383,-1.6482,46.13,340.5,D
9621,-8.2106,-7.5361,-4.1371,-3.5285,-0.5916,-0.0237,29.76,220.6,C
9622,0.6292,0.3235,2.0215,2.6576,-0.8611,-0.8511,44.82,346.79,C
9623,2.6094,5.1877,2.0032,2.8819,1.7067,1.4503,50.37,374.54,C
9624,8.2174,6.6404,2.16,3.185,-0.6612,1.0052,50.18,399.22,B
9625,1.0305,1.779,2.4846,3.785,1.9646,1.6569,44.96,332.44,C
9626,0.2528,0.2609,-1.4136,-1.8132,1.6856,0.6791,40.9,304.14,D
9627,5.2221,5.625,0.8281,-0.6102,-0.9445,-0.0811,46.84,343.7,D
9628,-0.062,-0.2007,-2.9259,-1.741,-1.681,-1.1887,34.49,287.94,B
9629,9.0308,9.0095,-1.6094,-2.4147,1.3806,2.9146,51.0,338.46,D
9630,-1.561,-3.6881,0.8919,0.2783,0.8215,2.0382,40.11,300.6,D
9631,8.8619,8.6785,4.8339,5.2558,0.3308,1.8273,55.59,400.14,C
9632,-3.4638,-3.0926,0.1797,1.8633,1.1308,1.973,41.77,290.42,B
9633,10.4806,10.6175,2.5688,2.5743,1.3824,2.0915,57.71,393.36,B
9634,-0.3861,-0.7553,2.7391,1.9466,0.9787,0.7233,44.61,344.77,B
9635,-5.1575,-5.6472,-0.6528,-2.3619,0.044,-1.3476,36.3,252.9,A
9636,2.676,4.7555,2.7107,2.8188,1.7295,1.7156,47.13,360.42,D
9637,-11.3723,-11.8555,-4.5491,-5.2074,-0.7002,-1.7949,24.17,187.7,D
9638,-1.6075,-1.0052,0.7054,1.1325,1.1067,0.902,42.7,326.54,A
9639,-1.2838,0.3054,1.1874,1.1514,-0.2218,1.4874,41.78,314.98,B
9640,-0.0033,0.8703,2.8704,2.0944,-3.0606,-1.4578,41.7,325.29,A
9641,2.6489,2.6243,3.2002,4.2482,1.8714,1.9413,48.29,400.56,D
9642,2.3619,3.1737,-0.5397,-0.7506,-2.5257,-1.9742,38.65,321.42,C
9643,5.0397,4.6385,-4.1141,-4.1357,-0.5834,0.6464,44.73,303.44,D
9644,17.5846,17.9096,8.8699,6.4824,3.4455,4.1501,72.11,486.91,B
9645,8.7136,8.5926,-0.8905,-2.183,0.6342,0.4877,48.01,366.25,A
9646,1.4906,2.7723,3.0202,2.7613,0.4919,-0.0479,44.91,348.33,A
9647,6.9304,6.3697,6.8366,5.0566,1.4466,0.0843,53.35,385.58,C
9648,3.8238,3.5415,1.4759,1.8434,-0.8604,0.2554,45.98,343.01,A
9649,2.7398,2.5325,2.1077,1.8458,-0.1042,0.4642,42.75,345.96,B
9650,-6.2058,-7.3153,-1.3025,-2.2172,-1.3359,-2.5057,30.16,244.22,B
9651,-7.1552,-6.3743,-1.7044,-1.0078,0.5156,-0.3533,35.76,262.5,A
9652,0.315,-0.4985,-1.2419,-1.1709,-0.6483,-0.2226,42.98,309.8,D
9653,6.2828,5.4162,-1.6865,-1.144,-1.9737,-1.3419,44.44,333.67,C
9654,7.2743,6.188,5.4775,4.5043,0.8463,1.8409,54.67,413.32,D
9655,3.9044,3.2423,-0.133,0.4491,-1.6894,-0.4805,42.45,310.35,B
9656,9.9895,9.7666,4.7306,4.2669,0.6976,2.4254,57.24,441.68,B
9657,1.3836,1.3775,1.5508,1.4365,-0.593,1.4337,45.24,299.2,A
9658,7.46,6.2942,0.7411,2.4769,1.1283,0.6949,48.65,367.68,C
9659,-6.2525,-4.9906,2.1564,1.7904,1.3553,1.5145,39.16,262.76,D
9660,-1.7952,-1.2912,0.5882,1.0631,-0.4615,-1.7132,38.88,286.54,D
9661,1.7436,1.8468,4.7665,3.8718,2.4638,4.5084,49.12,367.12,B
9662,4.9937,4.3455,5.6975,4.6609,1.4074,1.6283,51.28,412.0,C
9663,2.3951,1.3817,-3.5397,-4.0023,-0.7978,-1.3448,37.52,241.61,C
9664,-5.6248,-6.5889,-2.1169,-1.9366,-2.1548,-1.6173,30.36,237.5,A
9665,4.8805,3.8019,1.9736,2.7257,1.8201,2.4238,53.22,361.22,D
9666,0.2581,0.86,5.5959,5.0192,3.7198,3.5422,51.8,381.24,A
9667,6.2513,5.8939,2.0991,2.6442,0.4674,0.6269,49.33,348.28,A
9668,-5.2281,-4.8528,-2.3188,0.3712,-0.642,-0.8143,35.03,278.64,A
9669,-8.9511,-7.9481,-0.9806,-0.4378,-1.3726,-2.7878,33.2,283.06,C
9670,1.9636,1.055,0.5789,0.1359,0.7194,1.0584,45.79,314.38,D
9671,5.0307,5.6718,1.9843,1.9317,-0.2536,-0.3888,47.31,350.18,D
9672,0.0627,-0.6088,2.9962,2.812,1.4876,1.3284,47.92,360.15,D
9673,11.8582,12.1334,4.4971,4.0423,2.7089,2.2467,54.93,430.08,A
9674,-7.026,-7.5192,0.5935,0.6314,1.3085,0.3303,35.81,287.19,B
9675,-9.7716,-9.2074,-1.1202,0.2675,-2.2192,-1.008,33.3,242.14,B
9676,-11.758,-10.3986,1.1396,0.6296,-0.286,-0.6411,29.16,253.28,D
9677,4.5889,5.2928,1.5463,0.6432,0.7657,1.5088,51.02,350.48,D
9678,3.7577,3.4556,2.1025,1.7033,1.4354,0.3533,50.16,361.23,A
9679,-6.9766,-7.2344,-7.386,-7.0267,-2.8731,-4.9889,24.74,193.57,B
9680,11.7729,10.6151,-0.6717,-0.6622,-1.6091,-0.2751,50.17,380.98,B
9681,5.9997,5.3807,-3.7361,-3.907,-1.581,-1.4768,38.47,288.56,D
9682,1.9253,2.6014,1.6485,2.2687,0.3152,1.0476,46.49,339.22,B
9683,-3.0871,-3.5722,-0.8275,-0.6273,1.0128,0.2098,41.16,274.99,D
9684,-6.8048,-6.3268,-2.4018,-1.3016,0.4447,0.4096,33.06,271.83,D
9685,4.8285,2.7706,-4.5443,-4.4096,-1.2962,-2.1467,36.46,282.0,B
9686,-7.4392,-7.7727,-2.8265,-3.2559,-1.655,-2.1944,32.22,221.02,A
9687,8.2227,8.4505,6.9975,5.1813,-1.1521,-0.6955,51.54,403.58,B
9688,-0.8611,-1.9318,-2.2543,-3.3455,0.3624,-0.4012,38.71,234.13,A
9689,0.8545,0.8098,-2.1171,-1.2949,0.3498,-0.3918,42.26,309.3,C
9690,-2.0793,-2.2807,-0.361,-0.0157,1.4707,1.2939,41.33,272.14,A
9691,3.1661,2.9807,0.2176,-0.5292,-1.1724,-1.303,43.27,324.74,C
9692,-0.0641,0.2418,2.0351,3.2408,1.3242,2.3585,47.18,343.38,A
9693,-1.7816,-1.9558,4.5767,4.2959,0.3263,0.5624,45.13,341.17,A
9694,1.1948,1.8346,3.3385,2.1844,-3.3194,-2.3592,41.92,342.53,B
9695,-1.2769,-1.214,-3.006,-2.329,0.4327,1.1343,38.91,297.41,C
9696,5.3776,6.4795,3.9202,3.0596,-0.9487,0.9914,49.69,363.39,A
9697,1.4964,1.2558,-2.981,-1.8928,-1.587,-1.4349,39.21,320.04,A
9698,-1.7003,-1.8496,-2.6837,-2.5459,2.2711,1.0082,42.31,273.95,A
9699,0.4918,-0.8615,-1.972,-1.376,-1.9994,-1.6811,40.15,290.23,D
9700,-7.7942,-7.6122,-5.1126,-5.2023,-2.6377,-3.3631,30.89,211.62,D
9701,1.1326,1.2156,2.6638,2.2206,1.25,1.6497,50.57,334.18,A
9702,0.2124,0.3778,-0.9578,-1.6648,-1.3385,-0.9153,40.42,294.37,B
9703,-4.5569,-4.1562,-4.9042,-4.1213,0.2184,-0.4521,32.92,247.6,D
9704,-1.3442,-1.9236,-3.3725,-2.9156,0.4816,-0.7965,40.9,272.57,A
9705,-5.2471,-3.7871,-3.5593,-3.5773,-1.2397,-0.8317,30.9,215.41,B
9706,-4.1139,-5.681,-5.3038,-4.9459,-2.8123,-1.7989,34.79,232.29,B
9707,-2.4109,-2.7582,-1.7945,-1.2688,-1.6014,-0.9823,38.34,279.33,B
9708,1.6026,1.3718,1.2307,0.4401,0.186,-1.0212,43.4,307.83,B
9709,5.7516,5.9342,-0.3933,0.1937,0.5179,0.9888,48.92,350.57,C
9710,1.0478,1.2717,0.4006,0.3284,-0.9781,-0.9963,39.0,302.49,C
9711,-0.2466,-1.2236,-2.1786,-1.8301,0.6578,-0.5215,40.03,292.48,D
9712,0.3271,-0.2773,-2.778,-2.8404,-0.2762,0.1681,41.8,300.27,D
9713,-12.2128,-12.4996,-5.3796,-3.4945,-0.3119,-1.7077,22.91,203.6,D
9714,-0.7887,-0.8642,-2.1671,-3.9726,-0.2577,-0.2358,40.46,298.28,C
9715,7.2568,7.0026,1.4211,1.2835,2.5425,2.3179,52.99,412.99,C
9716,0.1481,-1.1767,1.8487,1.2302,-1.6101,-2.0508,36.86,307.3,A
9717,-1.6792,-1.8272,-2.6225,-1.9547,-1.2192,-1.068,37.79,267.43,C
9718,-6.6771,-6.4317,-3.0862,-3.1041,-0.9174,-2.2232,32.05,215.96,B
9719,4.3461,4.441,2.9908,2.5861,-0.034,0.7686,45.39,324.61,D
9720,5.8892,5.9564,-2.6155,-2.9611,0.6028,0.5539,42.45,330.67,B
9721,-0.4167,-0.4692,-1.4358,-0.6402,0.44,0.8361,39.32,282.31,A
9722,-7.5482,-8.3834,-0.7378,-1.4544,0.3969,-0.0655,30.86,254.54,C
9723,4.6037,3.6625,3.3753,2.2824,-0.6038,-0.9709,43.74,386.49,C
9724,9.7649,9.9585,-1.1092,-0.2814,0.025,0.9337,53.58,372.38,A
9725,6.9436,6.6144,0.8136,0.5085,-0.5573,0.6234,52.59,398.64,B
9726,-3.883,-3.0205,1.519,0.941,-0.0807,1.1292,40.13,295.74,A
9727,-4.8176,-3.119,-1.9124,-2.3942,-1.8034,-1.5078,32.41,252.79,B
9728,-9.2097,-7.7935,-5.2309,-4.8274,-0.577,-2.1224,25.82,190.37,B
9729,-8.1029,-7.5304,-1.5937,-1.1903,0.6981,0.6789,35.28,246.8,B
9730,8.2863,7.0872,-2.6239,-2.3923,-1.3411,-0.0738,47.12,322.9,B
9731,2.2333,1.8898,2.9003,2.2521,1.811,0.2512,46.19,344.71,D
9732,0.6777,0.3961,5.7642,6.2618,2.0478,3.3571,49.04,353.92,D
9733,-3.2545,-4.0576,-2.7422,-2.3666,-3.8234,-3.0423,31.8,228.86,D
9734,-9.5088,-7.9586,-1.2632,-1.1371,-2.0611,-1.9611,35.16,214.04,D
9735,-7.2498,-8.6084,-1.6705,0.5237,0.5812,-0.166,34.8,252.62,B
9736,-10.0688,-8.1956,-5.7087,-3.2963,0.691,0.0914,27.63,230.45,D
9737,-2.4976,-1.6484,2.0856,2.4951,-0.1509,0.4153,40.24,328.55,D
9738,-6.0565,-6.1921,-0.2455,0.0256,1.6588,0.5992,35.77,305.59,B
9739,12.317,13.149,2.3322,0.8839,-2.1666,-0.4802,54.89,409.22,C
9740,-2.7393,-2.9066,-1.9463,-2.9466,-1.2662,-1.8984,36.48,245.47,C
9741,1.168,0.9993,0.7217,0.5997,-0.0494,-0.6147,44.2,337.54,B
9742,-5.1825,-4.5511,-5.1025,-4.4667,-4.1658,-5.2148,31.59,217.96,B
9743,-3.7228,-2.5632,0.9892,2.6564,0.1831,1.9816,43.61,254.36,D
9744,-3.907,-1.7936,2.6954,3.2325,-0.538,-1.1386,43.13,320.77,D
9745,-2.337,-3.0217,-0.1605,0.341,-1.6525,-1.5841,38.25,280.93,C
9746,3.9792,5.6603,4.0104,2.8461,-0.8168,-1.0094,53.3,369.22,D
9747,-0.6372,-0.8733,-1.131,-1.0412,-0.6744,-0.225,39.76,310.6,C
9748,7.8554,7.2672,-1.2992,0.1741,0.5464,0.2108,47.46,380.36,B
9749,3.8668,4.2717,1.4967,1.0932,-0.789,-0.074,45.36,359.53,B
9750,7.6958,7.816,3.5468,2.8843,-0.5656,-0.4591,52.9,353.71,C
9751,3.3591,3.8408,1.2802,2.768,1.6508,1.6621,48.93,356.71,A
9752,6.3578,6.0115,-3.3306,-3.9186,-1.6222,-0.8077,42.34,290.26,B
9753,-0.1168,-0.5632,3.7985,3.777,1.766,0.7133,51.14,370.97,B
9754,4.2675,3.9296,2.8052,2.8965,-0.7193,0.7586,46.25,349.6,A
9755,9.8845,9.0682,3.2706,2.2992,3.8275,3.6652,52.82,406.31,B
9756,9.7653,8.6418,5.9435,4.3947,2.2768,2.0186,58.36,430.96,A
9757,-6.2747,-7.786,-1.1011,-1.1254,-1.8435,-1.5828,32.77,251.91,B
9758,2.479,3.2502,-1.1887,-1.4264,-0.3095,-0.6501,43.9,295.59,D
9759,2.5642,2.0857,0.2464,-1.891,-2.718,-2.1149,41.48,302.22,C
9760,2.3205,1.5466,1.3289,0.6515,1.1102,1.0657,47.39,345.28,C
9761,5.1761,5.4045,-1.4467,-1.8156,-0.4001,-0.9526,42.88,294.94,C
9762,-4.1099,-4.1381,-5.2165,-4.9618,-1.3823,-0.9684,33.58,208.33,A
9763,3.5096,3.686,3.4705,3.7004,3.9095,3.0321,54.67,400.63,C
9764,3.7178,2.0851,1.6992,0.4978,-0.4241,-0.4093,44.99,340.63,A
9765,1.4457,1.0393,1.7924,3.4124,-0.3925,-0.0072,46.92,360.24,A
9766,-1.8769,-1.4191,-0.3301,-0.1344,-1.1505,-0.6627,40.11,295.12,A
9767,1.4948,0.0456,-2.6792,-3.6718,1.5143,1.4651,42.47,296.78,A
9768,-0.4592,-0.0427,1.6533,1.9034,0.1399,0.5235,41.07,344.46,A
9769,-13.9753,-13.1371,-4.3171,-4.2551,1.4051,-0.6087,26.05,188.77,B
9770,11.5757,12.1122,3.9266,2.9967,0.0052,0.9185,53.72,436.99,C
9771,0.9859,1.7173,-3.515,-3.8481,-3.1425,-2.6304,39.13,264.62,C
9772,1.8765,0.508,4.1201,4.4547,2.0306,1.6586,49.5,345.0,D
9773,-7.5488,-5.7251,-1.5709,-1.8921,0.2893,0.0421,30.57,245.98,A
9774,2.4808,3.3486,3.6248,3.5827,2.3354,2.9214,49.3,358.3,D
9775,10.6404,11.9356,-0.3378,-1.4459,-3.3263,-1.2784,48.22,353.59,C
9776,4.9972,5.255,0.4598,1.0032,0.3774,1.0291,47.67,351.82,C
9777,4.1246,4.17,2.6865,1.292,2.0828,1.3448,49.35,352.58,A
9778,9.1656,9.3895,-1.8195,-1.6229,1.0838,1.2161,48.2,345.11,B
9779,2.7888,4.3456,0.8372,1.4447,-1.9665,-0.7915,47.44,344.68,B
9780,3.3507,1.6714,1.6606,3.5577,-0.3734,-0.4224,46.66,350.64,A
9781,4.606,5.1782,-2.1547,-1.7048,0.272,0.8163,46.97,311.71,D
9782,-3.5003,-4.7501,-4.6566,-5.1965,-0.7946,-1.4508,33.83,238.86,C
9783,0.3975,0.6335,1.1815,0.8891,0.3656,0.5445,39.53,329.18,A
9784,-1.3464,-1.1993,-0.0943,-0.5878,-0.6229,-2.2758,42.72,287.28,D
9785,-1.1444,-1.3891,-2.811,-3.9025,-0.0441,-1.5482,38.28,273.98,C
9786,-6.7712,-5.5317,-1.1616,-1.3172,-1.7759,-2.2031,33.46,259.22,B
9787,1.8433,2.235,-1.6952,-1.7418,-0.3403,-0.423,42.18,318.87,B
9788,1.7663,1.2424,-3.4443,-2.33,-0.722,-0.0602,39.21,271.24,D
9789,-3.238,-3.4384,-1.9143,-1.5054,0.9521,0.0897,39.46,283.3,D
9790,1.5501,2.2975,7.378,6.2565,1.1535,1.9262,51.88,400.46,B
9791,6.945,7.4668,5.9851,3.888,0.5174,-0.1341,56.62,418.99,B
9792,0.9692,0.4802,-1.1438,-0.9427,0.5399,1.4905,43.16,304.88,A
9793,-0.846,-0.5432,0.5085,-0.0226,2.0096,2.9093,43.89,316.16,A
9794,-9.8071,-9.7212,-2.5749,-2.2733,0.4171,-0.9207,29.84,228.28,B
9795,-3.1176,-3.226,-2.132,-1.599,0.4885,-1.4078,33.57,260.17,C
9796,-6.5806,-4.9607,0.2545,-0.3724,0.033,-0.5889,34.37,264.28,C
9797,-1.5792,-2.1042,-0.0629,-0.4462,0.0353,1.541,38.78,328.69,A
9798,4.3298,5.5623,0.1515,-0.9604,0.0951,1.4609,46.39,362.05,C
9799,6.1573,6.2676,0.2424,-1.1167,-0.9622,-0.5906,49.21,350.27,C
9800,1.4611,1.6751,6.089,4.4825,-1.3541,0.8849,44.96,371.46,B
9801,-11.9046,-11.5894,-5.6482,-4.8196,-0.6472,-1.9305,24.18,173.57,B
9802,7.6591,6.1432,-3.6955,-3.1413,-1.4225,-0.2616,41.26,314.84,B
9803,-4.9452,-5.0225,-0.7688,-2.0163,-2.6893,-1.3375,37.95,234.8,D
9804,2.381,1.5638,1.9197,1.9996,0.5481,0.6751,48.59,341.26,B
9805,-4.1987,-3.3768,-0.8305,0.2165,-1.4433,-0.1246,37.78,271.31,A
9806,-2.0584,-1.9214,0.2007,-0.512,-0.0294,-1.1629,41.05,286.52,D
9807,-0.8985,-1.1768,1.3219,1.3721,-0.2891,-1.0992,42.69,316.27,B
9808,6.4209,5.9287,0.7704,2.1327,4.6848,4.0083,57.06,382.39,D
9809,7.3435,8.2903,6.5559,4.9356,-0.079,0.0912,56.87,413.87,B
9810,-1.5704,-1.8859,-1.2288,-1.5785,-0.0754,-0.1952,36.89,302.33,B
9811,0.8027,0.145,0.5564,-0.0396,1.4464,1.7805,43.52,320.04,D
9812,1.8466,1.4008,-0.1266,0.0079,0.0371,0.4433,41.86,302.72,A
9813,-9.054,-8.154,-1.9536,-1.1268,-2.1822,-2.3566,28.69,241.14,D
9814,1.4594,1.6383,0.7283,0.9484,-0.7343,0.4983,46.64,326.63,C
9815,-0.0147,0.4005,-2.6613,-2.545,-2.6014,-2.5948,35.82,268.79,D
9816,-4.3706,-3.6655,-2.7781,-3.175,-2.6017,-2.6824,35.17,239.38,C
9817,7.2798,6.2711,-0.1843,-1.6658,-0.8455,-1.0917,46.26,347.83,A
9818,9.7891,9.6539,1.4774,0.3751,0.7743,1.4904,51.92,353.18,C
9819,10.4248,10.2886,4.9794,4.0261,1.0211,1.0299,57.76,397.51,D
9820,2.8678,3.2112,-0.5742,-0.7026,1.9136,2.6037,49.4,327.21,A
9821,0.4749,0.5337,-2.1873,-1.717,-2.1974,-0.6093,38.9,296.76,D
9822,8.77,7.6034,5.2292,5.4572,1.2173,1.1589,56.96,415.81,C
9823,-1.3762,-1.128,-1.2741,-3.0413,-0.8299,-0.2393,39.61,281.71,C
9824,0.9347,0.9832,-0.4664,0.6702,2.8018,2.7029,44.74,312.33,B
9825,2.8732,2.7167,-0.3705,-1.8028,-0.9512,-2.0501,42.5,275.67,B
9826,2.6271,3.9716,1.3188,1.1579,0.0778,1.82,44.57,348.08,A
9827,4.1138,2.8205,0.3471,-0.1428,0.5057,1.0195,45.29,326.41,B
9828,-7.4315,-6.9882,-1.2133,-1.2135,0.592,-0.1108,30.45,249.59,C
9829,-3.2333,-3.3265,-7.5902,-5.0146,-1.8892,-2.3891,28.52,203.89,B
9830,4.1204,4.9269,-2.1952,-3.634,-0.1678,0.6536,46.32,303.55,B
9831,3.821,5.1586,1.0091,-0.0402,-0.4379,0.7388,45.98,338.49,A
9832,-2.6005,-2.3383,-0.9293,-0.6498,1.3128,0.3732,42.98,320.96,C
9833,-7.2906,-5.6356,-3.2424,-2.4158,0.0573,0.2414,34.45,239.98,A
9834,-1.4855,-2.2671,4.6495,2.5661,0.8548,0.9169,47.07,335.62,B
9835,-3.268,-3.4262,-6.7801,-6.6067,-0.1665,-0.4608,33.17,223.27,A
9836,-2.9085,-3.0477,2.8308,1.7368,1.3393,2.0856,40.71,315.73,D
9837,4.0815,3.1699,0.9244,1.6505,1.0492,3.3921,48.57,349.64,A
9838,2.972,0.8195,-2.3031,-2.8607,-1.1487,-1.1997,44.03,293.18,D
9839,-3.4229,-1.9352,0.2593,-1.1256,-1.6957,-1.2022,38.15,283.71,B
9840,2.7666,2.9506,2.139,1.8887,-0.9295,0.8249,44.92,366.25,A
9841,1.8238,2.1546,-0.1205,-0.7085,-1.2234,0.0796,42.22,292.71,C
9842,-0.4056,-1.7402,-2.5781,-2.6106,-1.2512,-1.839,39.02,283.0,D
9843,0.1928,0.942,1.4307,0.3834,0.3909,0.0555,44.47,328.65,B
9844,0.55,-0.2492,-2.9579,-2.3196,-0.4842,-1.7376,36.69,297.41,D
9845,9.132,9.8004,0.6308,0.5792,-0.76,0.7263,51.44,352.93,D
9846,-1.7584,-2.1362,-3.4778,-2.1426,0.7442,1.5739,37.3,260.76,B
9847,4.5086,4.8101,-2.8447,-2.2243,-0.0134,0.2447,43.42,296.35,A
9848,1.2922,1.7363,7.0649,5.0243,-1.2607,0.2789,50.0,356.12,B
9849,-2.5788,-3.1136,2.7271,2.253,-0.2938,-0.1626,42.53,322.52,D
9850,-2.6535,-3.6265,-3.7715,-3.5571,2.0668,0.2541,36.95,257.37,B
9851,-4.9269,-5.1898,-3.4069,-3.1978,-4.6523,-3.9408,30.72,245.0,B
9852,4.9134,5.1908,4.1394,2.8788,3.1138,3.0553,50.96,377.8,D
9853,0.2425,0.6689,2.1116,3.5006,-0.7464,-0.2627,45.02,341.89,C
9854,3.2368,2.5142,6.2891,5.9503,1.8435,2.7808,52.82,424.55,D
9855,-3.5785,-2.3663,-2.8509,-2.5915,-3.4264,-2.0,36.83,237.78,C
9856,1.9448,2.622,-1.8672,-1.5225,1.2067,-0.7073,41.6,327.48,C
9857,4.3175,4.027,3.3817,3.2328,1.1335,1.0541,49.37,360.2,C
9858,0.0812,0.285,1.0872,1.0702,-0.1426,1.1686,45.63,310.92,A
9859,-2.2907,-2.0415,4.6202,4.8431,-0.2396,0.1581,41.45,357.19,D
9860,0.6955,-0.1184,0.1276,-1.247,-0.0006,0.8552,41.75,304.78,D
9861,-6.436,-6.8532,0.2824,0.4527,2.2237,1.5192,34.92,261.47,A
9862,3.8632,2.6108,-1.7038,-1.1889,-0.7329,0.0279,42.15,309.28,A
9863,1.2407,2.1101,0.4368,-0.0049,-1.3884,-1.8188,43.78,336.36,D
9864,-2.3458,-2.3344,3.7276,3.1151,3.4123,5.4205,47.64,373.97,B
9865,5.5618,5.7973,0.0938,0.328,1.8141,1.5148,49.72,363.95,C
9866,7.1937,6.4572,2.2216,1.3349,0.6888,1.4389,52.69,401.52,A
9867,-5.0853,-5.2466,-5.2173,-5.4092,-0.5362,-0.9286,31.94,253.78,B
9868,-16.0641,-15.3171,-2.181,-1.0163,-0.5687,-1.5483,25.21,200.47,A
9869,-0.3614,-0.3618,0.1914,0.3388,-0.7689,-1.267,41.34,296.13,D
9870,-5.9148,-6.219,-1.1056,-0.4734,1.1399,1.1312,38.71,270.62,B
9871,-0.8078,-0.4147,0.9586,3.2053,2.0608,2.1784,46.99,311.63,A
9872,4.0207,5.1626,1.0738,0.2337,4.3687,4.899,49.88,361.59,C
9873,3.3959,3.2411,2.064,2.2144,1.4832,0.6699,48.08,362.26,D
9874,-0.8823,0.9734,0.4737,0.5499,-1.1199,-1.2488,40.74,333.16,D
9875,-6.4863,-5.6366,-0.6942,0.0545,-1.4288,-1.9024,32.71,242.64,A
9876,2.5649,2.5709,-0.9761,-0.8318,1.3591,0.1768,42.35,285.32,D
9877,8.421,6.9303,-0.0456,0.6392,-0.3355,0.2497,50.4,378.08,B
9878,5.8975,4.069,-2.9787,-2.8916,-2.9392,-2.2597,39.78,294.88,A
9879,-8.0384,-10.1635,0.1212,-0.1292,-0.8445,-0.6098,32.38,285.16,B
9880,-3.7246,-2.4757,-1.819,-2.4874,-0.5654,-0.8701,37.82,256.69,B
9881,-0.92,0.2206,1.8496,2.6561,-0.4852,0.0307,44.13,320.78,D
9882,-4.3046,-5.4027,-3.7651,-3.0846,-2.3665,-1.6087,32.18,215.48,D
9883,9.4966,7.0801,1.947,-0.6589,-0.3922,0.0891,47.72,379.51,A
9884,-2.1937,-3.4886,0.7487,1.608,1.6029,1.1043,41.91,287.52,D
9885,10.1353,9.1268,-1.6097,-2.1773,-0.9347,-0.1829,49.54,359.61,C
9886,-2.5819,-2.7645,-1.1032,-0.6727,1.5727,-0.7592,40.49,283.64,A
9887,-2.3888,-2.9733,1.5315,0.8316,1.5296,0.6423,39.41,315.04,D
9888,7.6223,7.3133,2.4436,4.1918,-1.2932,1.0662,50.13,413.04,B
9889,-8.0206,-9.5731,-3.7262,-2.3224,-0.0772,-0.1535,35.1,211.84,B
9890,-4.7094,-3.9966,-1.9625,-0.9176,0.9774,-0.7264,36.61,260.35,C
9891,-1.7502,-1.7809,-4.7194,-3.5441,-1.3342,-1.7611,38.23,270.81,A
9892,3.4874,3.3598,-1.0553,-2.3314,-1.7124,-1.6759,44.37,296.6,B
9893,-0.8911,-0.3546,0.1074,0.3741,1.0243,1.5274,41.23,327.6,D
9894,1.2998,1.4779,-3.5276,-2.1978,1.8169,0.9381,38.8,319.46,A
9895,-4.7074,-6.5951,0.4006,0.3578,0.8213,1.4324,38.83,282.12,A
9896,-1.8035,-1.3459,-2.9412,-1.3235,0.4001,0.7579,37.51,291.64,A
9897,-10.7187,-9.2226,-1.1307,-0.2839,0.927,-0.5522,31.84,239.33,B
9898,7.1088,6.1876,-2.0787,-3.7766,0.839,-0.1422,46.34,322.8,D
9899,5.9734,5.8663,3.2469,1.9943,2.8192,2.2937,48.34,359.18,D
9900,-9.7837,-10.1115,-0.7618,-0.5039,-3.2661,-2.41,26.27,214.96,C
9901,1.8901,1.6102,-0.126,0.9837,-0.1662,1.4804,46.15,334.61,B
9902,-3.4936,-3.5253,1.0766,1.6414,0.074,0.3802,38.15,326.65,C
9903,10.5856,10.207,7.6264,6.9931,2.762,4.0416,63.81,458.29,D
9904,-4.1567,-2.4952,0.3144,-0.1884,-0.9499,-1.3974,40.46,285.33,A
9905,1.556,1.1424,-0.3392,-1.765,0.6177,-0.0755,38.39,289.55,A
9906,13.2781,13.1883,1.4009,0.8163,-0.538,1.3003,58.41,427.0,B
9907,-3.6411,-1.933,0.2772,-0.3875,0.0725,0.6144,36.65,286.42,C
9908,-2.6488,-3.0874,0.9785,0.1743,-3.4513,-1.9997,36.38,268.48,B
9909,-11.5813,-11.1132,-5.4722,-4.364,-0.2019,-1.1894,23.65,199.98,D
9910,1.2922,1.4483,2.6929,3.0964,2.0903,1.9045,47.1,382.36,B
9911,-7.8521,-8.0876,-1.202,-1.5595,-0.264,-0.0801,33.33,243.68,D
9912,-1.0673,-1.5278,-0.9503,0.6636,-1.2789,-0.1389,43.09,278.69,A
9913,-2.6376,-0.7121,2.4001,1.2617,0.4391,-0.75,41.38,323.18,A
9914,-8.8054,-7.2824,-3.7188,-4.1158,-0.7528,-1.6479,26.92,226.95,C
9915,1.5775,2.4144,1.3492,0.6678,-0.3674,0.0498,45.87,345.81,B
9916,-0.8434,-0.073,0.3297,0.2521,1.0266,-0.1103,42.75,299.83,C
9917,8.8263,8.0805,4.6042,3.4979,2.0015,1.4576,57.36,391.96,A
9918,5.9823,4.9234,0.4268,0.7218,1.6878,1.0274,50.86,362.4,A
9919,5.4394,5.8553,2.4975,0.6804,0.1456,0.6752,45.9,370.32,C
9920,-0.1744,-1.2733,-0.997,0.8783,-0.8766,-1.2196,40.29,286.23,D
9921,2.8241,2.3169,-0.5568,-1.5152,1.3124,0.6397,45.43,338.92,A
9922,-7.1091,-6.8663,-5.0039,-4.8184,-0.7822,-1.9335,31.82,224.62,D
9923,4.4931,4.2851,2.6028,1.3157,-2.2017,-3.1736,47.22,345.65,A
9924,-7.466,-8.2921,-2.5716,-1.7254,-3.0673,-3.7686,27.59,228.7,B
9925,-3.3223,-3.0155,-5.2671,-5.5636,-4.2696,-4.5227,33.34,222.94,C
9926,5.2218,5.4209,2.6831,2.3002,1.2734,1.3904,53.64,360.3,B
9927,-5.6611,-5.0249,-0.4838,-0.7535,-0.2345,-1.5403,36.27,272.72,C
9928,-3.6157,-3.1269,-4.0248,-3.9467,-1.6681,-2.2442,33.17,242.48,C
9929,-2.2278,-3.2708,-2.8635,-3.4264,-0.2302,-1.4245,36.65,235.53,B
9930,2.2388,2.6798,-2.8292,-2.3124,-1.7536,-1.5668,41.78,293.37,D
9931,1.7522,2.0969,-2.2277,-1.5215,0.7301,1.5973,40.35,311.37,A
9932,-4.6039,-5.7174,-0.9737,-0.3107,1.1845,0.3524,36.1,283.63,B
9933,3.0421,2.6518,-2.4744,-2.2425,-0.3818,-1.0272,42.8,302.04,C
9934,4.2652,4.6805,2.5577,2.0868,-1.5867,0.6915,46.66,358.52,A
9935,5.6628,6.7944,-0.0435,0.4324,1.2829,1.7233,48.79,340.2,B
9936,-5.0171,-4.6795,-3.3928,-2.7622,-0.8822,0.0233,33.75,263.7,B
9937,-3.6248,-2.8583,-0.2345,-0.1245,-2.417,-1.7046,35.26,273.85,B
9938,2.263,1.4411,2.2389,2.6952,-0.1221,0.3235,47.59,315.45,A
9939,7.7755,6.8097,-0.4449,-1.4446,-1.4332,0.0998,45.99,339.55,C
9940,4.6926,3.6485,2.725,2.7407,2.0134,1.7336,52.49,378.44,A
9941,3.5943,3.6919,-0.897,-0.7078,-0.6511,-2.104,40.8,305.94,B
9942,-5.1918,-4.7405,-1.5587,-0.8814,-1.6229,-1.3829,38.66,277.48,B
9943,-1.9661,-1.3964,0.7667,-0.1272,0.7472,0.2382,39.56,303.53,C
9944,3.457,2.518,0.6903,1.7242,0.8539,-0.412,44.71,344.28,B
9945,-2.7562,-2.7317,2.0719,2.3085,0.501,1.4474,45.67,323.06,A
9946,7.9601,6.9834,-0.2978,-1.5548,-2.6261,-2.1265,45.14,320.12,A
9947,7.2755,6.9255,1.1435,1.4693,1.304,1.5542,52.01,356.99,B
9948,-6.7878,-5.2235,-6.0834,-4.2555,-1.1372,-2.329,31.85,180.0,D
9949,2.6752,1.9871,-1.6032,-3.5945,-0.1654,-0.6563,40.58,312.86,C
9950,-3.8479,-5.3985,0.8237,2.1658,-2.8129,-2.6342,37.28,274.26,B
9951,-2.7054,-2.4903,-0.8638,-1.0035,-0.0483,-1.9653,35.92,296.97,A
9952,-6.5591,-5.4505,-0.7065,0.0582,-1.6881,-1.193,35.71,242.26,C
9953,-9.2677,-8.0223,-6.9428,-6.3972,-2.4844,-1.9083,25.91,181.79,A
9954,-0.1375,-0.2832,-1.8493,-2.4926,-0.7679,-0.6037,40.82,308.75,B
9955,4.5356,5.5307,2.1719,0.6241,-1.5881,-0.7823,45.56,362.85,C
9956,1.7834,0.9422,3.3098,2.8588,0.9582,2.0502,45.25,322.06,C
9957,2.0439,2.4484,5.9907,5.4536,0.6222,1.5063,46.98,391.07,D
9958,5.5367,4.1493,5.1851,4.6234,2.87,2.5208,52.12,391.28,D
9959,9.17,6.6427,-1.3041,-2.4469,0.3223,-0.9603,48.74,328.9,A
9960,-0.6149,0.0075,5.1268,5.1025,0.5225,-0.7164,46.28,360.64,C
9961,6.0751,5.5199,4.3424,4.345,1.9573,2.4567,54.08,391.43,B
9962,7.2602,5.9513,2.5491,2.3989,3.1193,2.136,54.53,396.68,D
9963,4.6703,5.267,-1.9843,-3.6811,-0.0923,-1.8478,44.72,292.33,D
9964,10.116,10.4032,3.1027,2.364,-2.1584,-0.9495,55.61,407.92,B
9965,5.9665,6.9642,-1.0487,-0.4928,0.3635,-0.1432,45.43,330.21,D
9966,3.8778,3.5893,2.2936,2.3071,-1.4379,-0.6401,45.48,324.38,D
9967,-1.3325,-1.2391,-3.582,-2.0588,1.1169,-0.6302,37.17,269.65,D
9968,13.04,13.716,5.5896,4.1919,-1.6707,0.0828,55.25,409.31,B
9969,-3.4081,-3.7532,-1.5632,-1.0037,-0.3651,-0.742,37.75,282.14,D
9970,7.1581,6.9517,1.8301,1.408,0.7742,1.0938,50.01,396.74,B
9971,-2.9212,-2.7803,-0.3528,-1.2554,0.0548,-2.6588,39.88,286.04,A
9972,6.3259,4.9452,7.5706,7.3069,1.229,2.6861,55.14,424.46,C
9973,1.4815,2.8573,-2.5385,-3.4099,-3.9813,-3.4486,37.79,265.2,D
9974,-2.6489,-1.2654,-1.1519,-0.2586,1.8306,1.2322,44.18,294.51,D
9975,4.0032,5.1754,1.6317,0.843,-0.0461,-1.4521,48.96,380.98,B
9976,-4.7167,-5.3416,-0.534,-0.6707,1.1983,0.7179,38.22,293.74,B
9977,-1.431,-1.484,1.3523,0.4613,-0.4095,-0.6401,44.43,321.92,A
9978,-7.5351,-8.8543,-5.9853,-5.7617,-1.6315,-3.616,27.3,218.69,A
9979,-0.2736,-1.268,-2.8089,-4.1865,-1.2457,0.1084,37.68,266.7,C
9980,5.0047,5.7083,-3.465,-4.1455,-0.5861,-0.5981,40.29,327.0,B
9981,5.2224,3.0292,-1.9139,-2.8194,-0.9388,-0.0036,41.35,315.36,C
9982,-0.4581,0.7226,1.0832,0.8842,0.5871,1.0407,42.13,355.72,C
9983,3.4046,1.8449,2.0422,1.3178,-1.9247,-0.5027,41.41,324.04,A
9984,-4.6904,-3.7846,-3.0399,-3.25,-1.1117,-1.4143,34.77,244.64,C
9985,4.2003,3.7251,5.1029,2.9614,2.7435,2.8361,56.17,391.94,D
9986,6.1074,6.1385,-1.6077,-1.2856,2.9111,2.0804,47.28,325.47,B
9987,-11.1222,-12.1949,1.1688,1.8812,-0.9356,-1.7746,31.24,253.94,D
9988,1.099,0.8538,-3.8426,-3.3624,1.4683,0.5674,43.13,303.5,A
9989,-11.8744,-9.8477,-5.5511,-3.8329,1.4034,0.3657,30.04,215.64,C
9990,-5.5541,-6.3061,-4.3091,-3.2871,-0.6894,-1.632,36.67,201.36,C
9991,0.1966,-0.5414,3.2987,2.523,1.9118,1.7782,46.6,337.12,A
9992,-2.894,-2.362,-4.1764,-4.3158,-0.453,-0.3625,34.52,265.89,D
9993,-1.0201,-1.1731,5.5005,4.3496,-0.2241,0.1331,46.78,362.42,C
9994,-5.1139,-5.039,-2.4978,-2.8668,0.3888,-0.3266,35.8,254.54,A
9995,6.1459,6.1676,5.0532,4.0596,3.1144,3.8041,54.33,443.0,B
9996,4.5202,4.8346,4.2165,3.1073,-0.2157,0.0206,50.81,381.52,A
9997,3.5456,3.5559,-5.2163,-5.6676,-1.1712,-0.1207,41.32,271.6,D
9998,-1.857,-3.0112,-6.78,-5.7967,-2.3819,-2.196,32.43,233.24,B
9999,-1.5736,-1.556,-0.7068,-0.5874,0.5233,0.1928,40.53,268.02,B
10000,3.7093,4.1527,1.9339,2.2865,-1.605,-1.6873,44.63,351.02,C
10001,-6.7905,-7.6258,-4.756,-3.9683,-2.2747,-3.0934,27.12,211.17,A
10002,-5.1785,-4.5143,-0.4851,-0.4772,-1.8832,-2.6581,36.59,292.7,B
10003,8.9469,8.3856,4.419,4.7037,5.3421,4.3547,56.45,438.08,D
10004,-4.2774,-4.9686,-2.4253,-1.5323,0.6921,0.9123,35.48,253.93,B
10005,6.4298,6.8587,-0.319,-0.9153,0.3027,-0.1945,50.84,339.32,C
10006,5.4385,5.8241,0.9369,0.6353,2.8072,2.2291,49.49,344.97,A
10007,1.1974,1.4902,-2.288,-0.4602,1.2501,2.1505,44.27,322.97,D
10008,-2.4562,-2.5123,-0.0294,-0.2682,0.7168,-0.0288,36.01,277.27,A
10009,-4.2273,-4.2645,-3.3218,-1.4812,1.0748,0.6379,35.42,292.7,D
10010,12.5324,11.8571,0.4948,0.975,1.8158,2.2552,55.27,405.32,D
10011,4.874,5.1204,1.8796,1.731,0.275,0.853,47.9,387.26,A
10012,3.2654,3.1521,4.1256,1.9074,-0.6037,0.6976,47.04,358.5,A
10013,-3.1024,-3.4826,-0.5737,0.88,0.3484,-0.2583,39.18,303.06,A
10014,-3.8744,-3.1153,-2.5841,-2.8221,-1.0845,-1.6324,36.63,256.54,C
10015,-3.8803,-4.2577,3.1858,3.1019,-0.6205,-0.1115,39.72,307.58,D
10016,3.3083,2.3844,0.3878,0.9868,-0.6946,0.7629,47.87,346.78,D
10017,-9.4033,-9.1974,0.0601,-1.5881,-2.3418,-2.3322,26.94,233.12,D
10018,1.6186,1.0859,1.2211,1.4643,1.8425,0.8829,44.86,356.6,D
10019,-1.6424,-2.0688,-1.7353,-0.2099,0.0975,0.5108,37.51,274.33,B
10020,-7.9131,-7.3418,-2.2124,-1.7119,-0.6879,-2.4455,30.37,253.04,A
10021,-5.5739,-5.888,-3.3283,-3.6058,-1.7383,-1.0832,31.96,226.38,A
10022,5.792,5.9534,-1.7423,-2.1079,-0.1096,-0.8571,42.7,345.81,C
10023,-0.1376,0.2028,-1.3776,-0.9676,1.6835,1.4266,42.34,332.94,A
10024,-0.5584,0.6927,-1.0577,-2.9716,-2.0077,-1.1219,36.82,297.9,A
10025,-5.7802,-6.1622,-0.5999,-0.6741,0.5948,-0.7597,36.86,278.65,D
10026,5.0967,4.1579,5.3452,5.2469,1.1792,1.2411,55.44,416.94,C
10027,4.0324,3.5932,0.1428,0.3948,0.8996,-0.0125,44.81,351.23,D
10028,-2.0683,-1.9293,-1.841,-2.4799,0.3793,1.0981,40.57,272.19,C
10029,-0.8577,0.0942,-1.7475,-1.1049,1.4791,0.3523,43.85,290.65,C
10030,-2.8011,-1.949,-0.6999,0.1839,0.1817,-0.7943,41.15,281.72,B
10031,-3.1756,-2.5909,-1.4277,-2.2599,0.1052,1.5983,37.82,260.29,B
10032,4.5288,3.9091,0.2458,-0.2875,-0.8485,-0.8402,48.48,338.34,D
10033,0.9794,-0.3837,0.3348,-0.206,0.4319,-1.5043,40.54,301.88,D
10034,3.3878,1.8871,-1.7547,-2.275,1.6426,1.9536,46.17,325.05,C
10035,0.0995,0.3772,0.8442,1.1206,0.6336,1.802,43.26,330.34,B
10036,5.914,5.9672,1.3233,0.7576,1.2471,-0.0053,49.75,359.45,B
10037,0.0181,-0.0675,0.0591,0.0845,-2.4615,-1.6889,38.14,308.58,A
10038,0.9643,0.6798,-0.1192,0.2271,0.8803,0.0288,45.1,304.16,B
10039,1.5214,0.4303,-1.6515,-0.3722,0.3809,0.3902,43.56,313.92,A
10040,0.9833,-0.1438,3.5525,2.9019,-0.6714,-0.957,46.64,325.07,D
10041,-1.6885,-1.2543,2.3853,3.572,2.4926,2.9908,45.16,344.42,D
10042,-3.5826,-2.6345,-0.8021,-0.0063,0.7669,-0.9122,37.81,267.5,D
10043,13.8208,13.7678,0.3071,0.612,1.3677,1.0699,53.2,334.21,A
10044,-8.7297,-9.0249,-2.865,-3.6225,-1.5861,-2.6961,29.64,238.54,B
10045,1.5803,3.3678,3.7877,4.5636,2.2426,1.8516,50.67,363.58,B
10046,-7.0875,-5.5691,-2.479,-2.7416,-1.3169,-2.1363,33.54,223.23,B
10047,7.0454,7.982,6.6629,5.7117,1.8083,1.7395,53.07,412.56,A
10048,1.1901,1.4697,-0.8876,-0.9558,-0.9632,-1.8075,40.02,296.32,C
10049,7.8541,7.7358,2.597,2.656,0.8801,1.8707,51.9,397.61,C
10050,1.7794,0.926,4.1242,4.0857,0.6188,1.5474,47.55,369.67,A
10051,2.8217,4.708,3.1111,3.7391,1.1998,1.4487,50.25,366.82,B
10052,-1.3376,-0.8721,2.2921,2.5593,1.0846,0.2729,42.83,327.04,C
10053,-6.5784,-6.5016,-2.3156,-1.5269,-1.4212,-2.5681,32.38,230.78,C
10054,0.646,-0.4973,-2.7835,-2.5439,-1.7906,-1.0843,39.73,286.06,B
10055,-6.5213,-6.3047,-3.2822,-2.6362,-0.1409,-0.6453,33.52,234.76,B
10056,-4.6968,-5.1585,-3.6462,-3.9963,-1.0997,-1.4414,34.11,251.28,A
10057,-9.767,-9.3844,-3.2997,-2.8081,-2.3903,-2.7248,29.63,199.78,B
10058,-1.9263,-0.7615,-2.0924,-2.0595,-0.0438,0.6818,44.07,313.8,C
10059,1.7254,1.6751,-0.7654,-1.1753,-1.6134,-1.7623,40.37,278.15,B
10060,-0.9519,-1.3889,2.2027,2.1689,-0.1735,1.2869,42.09,325.42,D
10061,-7.4051,-6.6355,-3.9809,-2.5594,-2.3769,-1.5697,31.06,261.88,D
10062,-6.7055,-6.3788,-2.9088,-3.2729,-0.3254,-0.7173,31.73,252.5,B
10063,3.4055,2.1717,1.0104,0.6718,0.2546,1.4825,46.74,396.51,B
10064,-1.0892,-0.6404,0.1673,0.2313,1.2042,1.2537,42.04,370.6,C
10065,5.8841,6.5077,-3.7232,-4.1395,-1.7239,-0.8953,39.89,289.03,A
10066,0.3693,0.5297,1.9418,1.3174,-0.2745,-0.1935,44.78,337.6,C
10067,-3.5867,-4.0419,-0.8947,-1.5661,-1.8344,-1.0218,39.14,278.26,D
10068,-3.3856,-4.3,-4.5208,-4.0813,1.4902,1.2866,36.42,245.83,A
10069,-1.0156,-2.1426,-2.1146,-1.4248,0.2625,0.3503,38.06,282.49,C
10070,-11.3243,-10.8634,-0.9671,-0.6879,-1.8916,-1.5956,30.27,217.35,C
10071,0.6639,1.0553,0.196,-0.7058,0.1225,0.4955,43.53,294.6,C
10072,7.15,6.1886,3.5741,3.2766,0.4274,0.2825,50.68,415.12,B
10073,-3.2935,-5.233,-1.9192,-1.0514,1.3633,0.4269,39.55,309.83,C
10074,7.573,7.6722,7.5321,7.3445,0.9443,1.5118,57.97,445.38,C
10075,5.5143,5.3703,1.9835,1.954,1.6444,1.8361,48.57,379.88,B
10076,-7.1411,-4.9347,-4.0091,-4.3048,0.2652,0.1979,33.55,264.49,B
10077,5.684,5.0648,-0.7072,-1.3909,-0.852,-1.1221,45.06,318.64,B
10078,6.0902,5.9182,1.5038,-0.7408,-1.3811,-1.2298,46.3,316.63,B
10079,-5.0236,-4.5934,-2.0503,-1.7008,2.9459,0.2028,37.13,270.49,A
10080,2.537,4.0613,0.1312,-1.5808,-1.9091,-2.4075,42.14,310.15,D
10081,4.3131,5.7249,-2.3563,-2.2269,-1.5935,-0.0749,41.66,318.64,A
10082,-1.7631,-4.3805,1.0081,0.3364,-0.4075,-1.5842,35.58,272.23,B
10083,5.9587,5.3708,2.2939,2.7157,1.5172,0.0635,48.61,369.24,B
10084,4.8367,5.1186,-0.8171,0.2007,0.233,-0.3132,45.57,336.07,B
10085,-6.9954,-7.2571,-0.4778,0.952,0.4082,1.2772,37.5,257.1,B
10086,4.4351,3.9805,1.8566,2.3819,-0.4127,0.9497,45.52,372.58,A
10087,-5.9314,-6.8192,-0.8035,-0.0492,1.0047,-0.7944,35.3,270.0,B
10088,10.9163,9.3889,1.4939,-0.0662,0.2541,0.7785,50.71,378.58,B
10089,0.9049,-0.0896,3.1252,2.173,0.8567,0.1021,43.11,308.6,B
10090,9.9368,8.5285,3.9501,2.7087,-0.5584,0.3522,54.25,390.05,D
10091,-4.7424,-4.2327,1.1816,1.6924,-0.5942,-0.3928,38.44,301.94,A
10092,4.5971,3.4003,1.8269,1.1183,-0.1804,1.636,47.29,344.9,C
10093,-3.8413,-2.6953,4.2063,3.8773,1.2657,0.6638,44.28,336.8,C
10094,-5.7024,-6.4613,-0.3254,0.4776,0.4299,0.8808,36.05,302.58,C
10095,-4.4315,-3.64,3.0015,1.4727,1.0196,0.46,40.49,297.61,B
10096,-3.169,-2.9944,-0.8929,-0.3877,2.0507,1.654,38.96,296.35,D
10097,2.9988,4.0346,1.7043,1.0089,0.3168,-0.9153,46.84,340.24,A
10098,-2.7096,-2.6069,3.6808,3.0305,2.3457,1.8721,43.39,338.14,B
10099,-0.0897,1.0992,3.1259,1.779,-1.6405,0.8346,43.46,327.47,C
10100,7.786,7.1113,1.2212,1.7049,2.1039,3.7917,49.72,377.9,D
10101,1.4194,1.9087,1.3083,0.0603,-2.4104,-0.946,43.94,331.4,D
10102,-7.0863,-6.3509,-2.1206,-0.8524,-0.3495,0.3678,32.31,254.42,D
10103,-10.6761,-9.8525,-0.237,1.415,-1.7723,-0.2664,33.5,220.6,B
10104,2.6432,2.8916,-1.2025,-1.7704,-0.0383,-0.633,43.37,325.43,C
10105,-3.1138,-2.2325,-3.8706,-2.7116,-0.3792,-0.4224,38.44,249.82,A
10106,2.0282,0.4075,-0.0868,-0.319,-2.3493,-0.8922,37.27,318.81,A
10107,1.8609,3.0801,2.3175,1.2118,-1.055,-1.1564,48.64,328.48,A
10108,1.6339,1.4173,-0.93,-1.5662,-0.6358,0.1556,44.01,303.9,A
10109,3.048,4.8003,1.6478,-0.1806,0.9545,1.404,47.2,313.24,A
10110,-1.0366,-0.0126,-2.9298,-2.5485,1.0981,0.3775,41.46,283.45,C
10111,3.4962,4.8686,1.0679,1.3914,1.1989,0.8159,45.93,375.88,C
10112,0.4079,-0.8483,-3.1651,-3.3468,-0.3338,-1.582,39.62,255.77,C
10113,-4.387,-2.6906,0.8671,1.9993,-2.0273,-1.2345,39.02,295.25,B
10114,2.1421,2.8132,5.8342,5.9487,-0.0495,-0.0447,50.86,380.27,D
10115,4.8203,3.8404,5.383,3.6786,0.7836,1.4978,51.42,398.56,A
10116,5.6619,6.4095,2.9714,2.3078,2.4483,3.5023,52.53,402.7,B
10117,-2.7998,-2.9874,0.7497,0.3399,1.4989,0.5177,39.95,296.33,C
10118,-0.9849,-1.8885,2.4867,3.135,-0.9966,1.0537,42.71,326.32,D
10119,1.2715,1.369,4.0247,4.8276,0.1869,0.9666,43.76,360.09,C
10120,9.3945,9.8832,0.6151,0.6703,0.6778,1.294,51.76,394.16,A
10121,-1.2257,-1.0399,5.1643,3.5576,0.6495,0.8019,44.34,338.13,D
10122,8.427,8.0585,2.3025,2.0416,2.6271,3.2887,54.33,395.14,B
10123,-16.3812,-14.9342,-4.0388,-4.1015,-0.6172,-4.4079,19.14,163.32,D
10124,-8.4751,-6.6949,1.1142,2.2947,-0.8371,-1.1907,37.82,271.48,B
10125,-2.8845,-2.3664,-1.102,0.5302,1.891,0.7374,39.58,301.99,C
10126,-8.19,-7.7196,-3.7609,-5.0121,-0.4773,-0.6722,30.98,209.72,A
10127,2.1109,0.9571,-2.7179,-2.271,-0.6365,-0.0832,42.57,279.24,C
10128,-1.1902,-0.417,-0.1568,-0.4323,-1.5271,-2.0994,41.48,285.98,A
10129,-2.8384,-1.5666,-1.1752,-1.5106,-0.7967,-1.4909,38.17,291.88,B
10130,1.6071,1.8297,-0.2938,-0.2096,1.2571,0.8477,46.08,321.12,C
10131,8.6163,8.7744,1.8093,1.6967,0.6716,2.054,50.42,378.41,A
10132,8.5145,8.1158,2.3347,1.5858,-2.2329,-0.2114,49.98,372.98,A
10133,-4.8803,-4.1375,0.5303,1.0872,-0.486,0.0269,36.69,319.03,D
10134,1.4768,2.2237,1.3036,3.0928,3.2261,1.5537,46.38,353.81,A
10135,-4.4407,-3.9672,-7.0763,-7.1884,-1.2792,-1.8557,28.92,194.32,B
10136,-0.9946,-1.0432,-1.1967,-1.3834,-3.6702,-3.2562,38.85,277.78,D
10137,2.7652,3.9961,-0.6177,-1.1063,2.4483,1.4237,47.8,353.04,B
10138,-4.1385,-2.878,-1.5829,-2.16,-1.6159,-1.7191,36.75,231.92,B
10139,-4.1961,-4.1404,0.5711,0.9411,0.4062,0.2157,37.35,307.48,B
10140,-0.5697,-1.2626,1.8553,1.7676,1.8534,2.7779,43.11,304.42,B
10141,-1.0098,-1.4148,3.0856,2.9618,0.1219,2.3555,43.78,326.05,B
10142,3.9303,4.493,1.1859,-0.435,-0.313,0.9203,47.5,324.53,A
10143,-8.9823,-9.486,-5.9528,-5.3601,-2.0858,-3.3514,22.9,196.36,B
10144,-7.9281,-7.752,4.4333,3.8754,1.3748,0.3303,37.9,320.93,A
10145,2.7769,2.4269,-0.9046,1.0936,1.8848,1.1738,46.56,332.14,A
10146,-8.942,-9.6695,0.2902,-0.031,-0.5553,-0.1621,28.4,246.9,B
10147,1.1931,1.5442,-2.4809,-2.7132,-1.3093,-0.9207,41.6,300.38,D
10148,-0.8021,-0.5985,-2.006,-3.1094,-2.4848,-1.9646,34.94,267.34,B
10149,-4.376,-3.2398,-4.1419,-4.7455,1.068,-0.1596,34.34,267.31,A
10150,-3.2844,-3.7676,2.2239,3.3599,-1.6563,-0.2589,41.38,301.38,C
10151,-6.24,-6.237,-1.2748,-0.6882,2.2597,0.6074,36.93,266.85,D
10152,-8.3628,-8.4278,0.8281,2.3604,-0.2646,-0.0712,30.61,269.48,D
10153,5.0938,5.4994,0.2841,-1.1404,-1.5658,-0.93,44.48,346.8,D
10154,-0.5365,-0.5639,-1.6666,-1.8524,-0.0302,0.412,38.48,278.65,D
10155,6.7328,7.3562,4.4399,1.8289,2.3221,2.5586,50.93,359.14,B
10156,-8.8612,-8.4594,-2.1051,-0.1063,-2.0716,-2.0254,27.76,231.14,B
10157,-1.1312,-0.7148,-1.0469,-0.2391,3.3845,2.5011,46.23,323.87,D
10158,2.0036,1.2526,-1.0931,-0.9863,-0.8429,-0.8198,40.76,290.7,D
10159,-3.5338,-4.2561,0.3977,0.396,0.1268,-0.5773,40.73,284.69,B
10160,-1.4183,-1.0165,2.9107,1.0507,-1.4067,-1.2449,43.54,330.79,A
10161,-0.1775,0.4626,0.0007,-0.1002,0.6829,-0.1969,41.37,308.24,C
10162,4.7238,5.7456,-1.4824,-0.5072,0.0291,-1.2623,44.19,316.12,C
10163,-0.3502,-0.5539,-5.3005,-2.9298,0.1796,-1.447,40.19,281.97,D
10164,-4.4966,-4.0493,-2.629,-2.0133,-0.4222,0.2603,37.35,279.81,D
10165,-3.5769,-3.4141,-5.9783,-4.9853,-1.8899,-1.352,35.33,198.57,A
10166,2.3706,2.646,5.0957,3.957,2.2088,1.0188,50.5,364.64,A
10167,3.5123,4.8192,-0.6198,-0.5835,0.2586,0.785,47.89,341.74,B
10168,-2.8473,-3.0651,0.5818,0.7586,-0.803,-2.0243,36.96,293.54,A
10169,7.7183,6.2448,0.4668,-0.4813,0.7783,0.8642,47.46,340.13,D
10170,-2.3067,-2.6786,-4.2184,-3.9835,-0.1719,-1.2714,33.6,248.5,B
10171,-5.8029,-5.5881,-1.6555,-1.3089,-0.1013,-1.4672,29.93,270.97,B
10172,-11.3216,-9.6684,0.0702,-0.4803,-2.0571,-2.1878,31.21,247.09,A
10173,1.1641,1.4042,-4.5633,-5.01,-0.8002,-0.878,36.16,262.01,B
10174,-9.7562,-9.6595,-3.3617,-2.8407,-2.1294,-4.2567,26.06,219.84,C
10175,-2.4974,-2.0931,-1.7035,-1.13,-1.0471,-0.1871,38.51,287.86,A
10176,4.1235,4.7146,2.9146,2.7739,1.7013,1.2197,51.42,390.66,D
10177,-6.1235,-5.1088,1.961,1.6883,-0.8972,-0.6199,34.81,273.58,B
10178,-4.8658,-5.261,-3.223,-2.6164,-0.0836,-0.1519,34.58,255.09,C
10179,2.0574,2.5297,-1.6579,-0.6013,0.028,-0.3712,43.18,314.54,A
10180,-6.9758,-6.5051,-2.2973,0.2861,0.9825,0.7038,35.67,284.27,A
10181,5.7682,5.2035,-0.2202,-0.0733,-1.6584,-0.6662,45.93,345.67,D
10182,1.0387,1.0096,1.4128,1.8553,2.1854,3.0478,48.46,355.52,B
10183,13.1825,14.388,5.0913,5.0448,0.7122,2.2879,59.55,444.73,B
10184,1.7094,2.599,-0.7295,-1.6342,2.8623,1.6367,44.35,326.3,D
10185,1.2235,1.2537,4.4012,2.33,2.3747,2.6704,48.42,366.12,D
10186,-2.2989,-0.2831,2.734,3.4581,-1.0692,-0.1682,42.18,348.48,C
10187,6.9388,7.9307,-0.4644,-0.5675,0.1134,-0.1669,52.84,352.04,B
10188,-3.6051,-4.1623,0.0362,-0.9539,0.6066,-0.0751,33.76,292.93,B
10189,4.735,4.2505,4.8628,3.7452,0.9911,1.9156,51.71,357.62,A
10190,4.0214,3.8571,4.7543,2.9819,0.1362,1.0505,49.85,377.47,A
10191,-13.1254,-13.4702,-3.5846,-2.898,-2.4133,-3.4818,25.76,192.13,C
10192,7.1346,7.143,0.5216,1.8298,0.3543,1.3064,48.71,347.57,A
10193,1.5982,2.1494,0.0025,-0.003,2.2804,0.8001,43.26,312.36,D
10194,4.6384,3.5824,0.845,-0.0794,-0.2767,-0.4984,42.25,301.06,B
10195,4.4426,4.3636,5.3234,3.382,-0.6127,-0.8756,48.98,363.42,C
10196,1.1595,0.7527,-0.4015,-0.6697,-1.5582,-1.2237,44.73,285.45,B
10197,1.5506,1.6173,-4.6223,-4.5118,-1.0783,-1.7535,37.25,267.99,A
10198,-0.7405,-1.9213,5.3843,6.4153,1.5965,1.4441,51.54,402.94,A
10199,1.7538,1.6867,3.429,3.5292,0.3502,1.5579,48.23,371.71,A
10200,-1.1581,-0.5332,0.1244,0.4406,0.6036,0.8244,42.63,320.02,C
10201,2.1218,2.3457,3.3267,3.2918,0.7682,0.407,44.94,366.5,A
10202,-3.5246,-3.8374,1.0488,-0.1861,-0.2124,0.5083,39.62,291.29,B
10203,2.4761,1.3401,-1.9126,-1.0625,1.3934,1.1154,49.25,286.2,C
10204,6.1162,5.7977,-1.2112,-1.4078,-0.2264,-0.89,45.25,319.92,A
10205,14.3131,15.5492,4.9696,3.3451,0.1625,2.0948,59.24,434.49,B
10206,-4.7025,-4.9547,-1.148,-1.6802,0.7328,-0.3306,35.78,263.83,D
10207,-1.4822,-1.6979,-4.1706,-4.1543,-0.2098,0.791,37.37,267.18,D
10208,-1.7913,-1.8036,-0.8212,-1.7393,-2.8894,-1.9524,40.46,273.84,D
10209,3.7835,3.9797,2.6482,2.6771,2.4174,2.3673,52.61,374.66,C
10210,2.5283,4.0333,-0.9568,-0.6088,-0.4319,-1.1701,42.14,329.48,A
10211,16.2742,15.6369,4.1285,2.6208,0.1054,1.3589,59.42,431.85,B
10212,-4.8945,-5.6754,2.2975,2.1725,-0.8651,-1.7833,38.81,297.26,D
10213,-9.7488,-9.1816,-5.459,-3.7209,-2.2357,-2.6034,26.96,211.38,A
10214,12.9928,13.1896,3.5022,2.4474,1.4264,1.9201,59.39,414.8,C
10215,2.0163,2.7287,-3.1427,-2.9157,0.182,-0.7059,41.8,335.9,C
10216,-6.4049,-5.6546,-2.5426,-1.2849,0.7644,0.6168,33.6,236.7,B
10217,2.5678,1.571,2.6849,2.7192,-1.1184,-0.7169,46.4,329.0,D
10218,-5.0583,-4.2968,-0.9043,-2.7011,-1.9896,-1.6032,32.58,263.27,B
10219,-4.3998,-2.6784,3.1744,1.7832,-0.0151,-0.5967,40.36,304.95,C
10220,-0.8454,-1.0729,-1.9486,-1.534,-1.6944,-2.4486,36.94,257.5,B
10221,1.4581,1.1866,-6.2053,-5.6708,2.1117,2.2215,42.04,232.48,C
10222,1.1268,-0.4993,-2.7075,-2.5979,0.4918,-0.8099,38.61,295.4,B
10223,-2.2605,-0.726,-2.7058,-2.523,0.2998,0.0991,37.8,272.49,C
10224,-0.4109,-1.6161,-3.7106,-2.6299,-0.7576,-1.7534,38.51,281.67,C
10225,-0.2268,-0.4859,2.2334,2.0784,1.3514,0.6903,45.25,336.17,A
10226,-6.192,-6.4889,2.0977,2.5367,-1.8486,-1.5995,35.67,283.89,D
10227,-0.9401,-0.4488,-0.2102,0.2613,2.2491,1.9049,40.29,352.6,A
10228,4.3494,5.1916,0.2669,-1.3193,-3.3622,-2.6314,41.36,325.17,D
10229,12.9507,12.3472,-0.4304,-0.5819,1.3204,1.0413,51.31,389.57,B
10230,-0.9187,0.3786,-0.4437,-1.0462,1.1954,0.4909,42.53,285.38,D
10231,8.7768,7.6966,-4.905,-4.938,-1.6759,-1.0056,41.59,302.73,B
10232,0.7447,1.6877,2.7392,2.5738,-0.2336,-0.6425,48.31,350.6,C
10233,-7.2734,-5.9187,1.3168,1.5809,-1.5955,-2.0509,37.53,249.8,A
10234,-6.0325,-6.7939,-2.8407,-2.8175,-0.5334,-1.683,34.8,250.35,D
10235,-2.7392,-2.8658,0.088,0.6806,-0.9645,-0.5109,37.22,283.37,C
10236,0.4475,0.6271,-4.1983,-3.7299,0.6007,-0.0877,37.16,250.16,D
10237,-0.3356,0.0597,5.0276,4.6569,1.6283,2.6991,49.45,376.26,B
10238,-2.2359,-1.7793,2.2324,0.7489,-0.3634,-0.9501,39.32,277.96,A
10239,4.838,3.4913,4.8698,2.88,0.0949,-0.2958,51.26,374.56,A
10240,-1.1083,-2.0811,-0.4364,-0.0211,-1.5732,-0.7988,38.74,298.29,B
10241,3.1264,4.1133,3.2821,2.2716,-1.7243,-1.9777,45.57,352.85,B
10242,-0.8247,-0.7967,1.3511,1.8272,0.6759,0.3554,42.3,346.87,B
10243,-0.3364,1.2589,-1.197,-2.3319,1.8028,0.7407,43.86,288.45,A
10244,-0.3782,-0.5188,-0.1208,0.3307,0.8948,0.2788,42.85,316.35,C
10245,8.6463,8.3453,0.5658,0.0281,2.0033,0.9528,49.27,338.79,C
10246,-2.3217,-3.7795,-2.4205,-1.4632,-2.9853,-2.1866,34.8,251.32,C
10247,-1.1288,0.8888,-4.3187,-3.4641,-1.448,-1.564,37.13,256.09,B
10248,-6.1207,-5.9973,-7.3123,-6.7434,-2.6643,-3.2291,29.33,207.48,A
10249,5.7446,6.439,3.3219,2.7108,2.348,3.1371,55.49,409.06,A
10250,-1.1994,-0.0076,0.9663,1.0493,2.3188,1.8961,43.34,317.98,D
10251,0.4652,0.5117,-1.5295,-2.0171,1.0752,-0.7445,40.19,273.62,B
10252,2.184,0.6116,-1.2424,-1.7216,1.0943,1.797,38.78,331.28,A
10253,-2.1031,-3.2284,-2.2308,-1.5862,0.5852,-0.2291,38.86,282.52,D
10254,6.2083,6.5864,4.4606,3.2265,3.3332,3.3539,53.13,406.26,A
10255,-0.2681,-1.0022,1.3921,0.9193,1.0711,1.4304,42.76,325.79,D
10256,-5.5931,-6.4263,-1.3095,-2.2029,-1.2939,-0.4605,32.44,247.06,D
10257,-0.4725,-0.6987,-0.3819,-0.0705,-0.7399,-1.5215,38.99,307.46,B
10258,4.1658,3.9287,-5.1772,-5.2808,-1.4618,-3.6794,36.53,274.58,C
10259,0.5735,0.2811,1.5747,1.506,3.9323,3.8008,49.1,339.47,B
10260,-7.1326,-6.2871,-1.7975,-2.1507,-2.5295,-2.4813,35.82,236.62,C
10261,5.9765,7.1996,-1.9761,-2.3997,-1.403,-0.446,46.24,334.34,C
10262,3.8656,2.7715,-0.6188,-0.5307,-1.0784,-1.5732,43.74,341.3,D
10263,4.3991,4.4018,0.9637,1.3844,0.2849,-0.2783,46.5,355.22,B
10264,-2.5923,-1.7995,-4.3598,-3.3381,-3.523,-4.4991,34.68,245.08,C
10265,0.172,0.4093,-0.3133,-0.0393,0.0384,0.5525,47.07,304.75,A
10266,-9.3343,-8.3041,-6.2465,-4.0078,0.1735,-0.0719,28.31,193.65,C
10267,2.1524,3.2368,-0.2946,-0.5273,1.5318,1.5825,44.58,340.7,D
10268,-9.1179,-8.3298,1.9231,0.6289,-1.1163,0.1089,35.19,292.82,B
10269,-13.9398,-12.8743,-2.2167,-1.0562,-0.9821,-1.5475,25.09,186.82,C
10270,-0.5909,-2.8753,1.5301,0.2672,-2.2966,-3.4247,39.27,295.76,A
10271,-0.6304,-0.7269,2.935,3.7837,1.4946,1.3557,45.51,353.6,B
10272,6.2246,6.2231,-0.0332,-0.4855,0.72,1.0173,48.33,385.98,B
10273,1.2331,1.4068,0.9313,0.3838,-1.9928,-1.6215,42.48,313.61,B
10274,4.1546,5.1969,2.4518,1.2901,-0.1411,-0.5969,49.7,353.39,D
10275,0.2687,0.1775,-4.2942,-4.8355,-3.4736,-3.4103,34.12,230.28,B
10276,2.5165,2.3386,4.3285,2.5482,-0.1531,-0.1758,47.98,347.45,A
10277,2.4683,3.0572,0.2765,0.7912,-0.462,0.5511,48.97,340.92,A
10278,2.5156,2.3904,1.3227,2.0067,2.2102,1.0851,48.3,340.62,A
10279,-0.0858,-1.0995,-0.4188,1.0477,0.2809,0.0168,37.68,276.25,D
10280,6.7072,6.643,5.5381,5.1119,-0.3321,0.6944,53.85,401.67,C
10281,2.9789,3.5406,3.065,1.7983,-1.6591,-0.0456,46.51,351.26,A
10282,-8.3345,-6.9227,1.2536,1.6398,-0.2944,-1.2618,35.82,296.85,C
10283,2.7663,2.9323,1.2106,0.3304,-2.246,-2.8579,43.99,325.48,A
10284,-9.9842,-9.7965,0.6428,1.0903,1.6358,0.1588,34.51,265.36,C
10285,3.9228,4.1953,2.3016,3.4083,1.1974,1.4835,50.31,381.47,D
10286,-6.4449,-7.2869,0.1783,-0.4712,-2.7646,-2.9034,32.56,251.55,C
10287,-2.6623,-2.0673,-1.8225,-1.5303,1.193,-1.1442,35.17,305.18,A
10288,-10.3294,-11.6323,-0.5526,-1.7401,-0.9958,-1.3524,28.71,211.22,C
10289,-6.8664,-9.0054,-3.7442,-2.0918,1.2537,0.351,30.98,245.08,B
10290,10.8951,10.6241,1.9885,1.8922,0.0914,1.0735,54.76,404.8,C
10291,9.0332,7.8276,7.0763,5.482,-0.2933,-0.163,54.63,413.3,A
10292,6.6549,5.8758,-0.5575,-0.0568,-0.183,-0.1456,47.45,353.24,A
10293,3.8192,2.7821,-1.5933,-1.6412,0.507,0.3712,41.52,333.3,A
10294,-1.9524,-2.006,4.506,3.875,-0.1465,0.9255,42.72,304.29,A
10295,-4.3777,-3.4725,0.2032,0.4851,-0.0027,-0.3363,38.07,267.31,B
10296,2.3423,3.3612,-2.5215,-2.4337,-1.4157,-2.1853,42.91,299.44,D
10297,2.2535,1.6316,-1.4689,-1.4309,1.306,0.8251,46.21,294.7,C
10298,-10.9905,-10.251,-4.9336,-3.8807,0.3043,-1.1934,28.91,195.32,B
10299,2.951,2.6131,0.7739,0.7838,1.1419,0.8411,45.15,333.1,B
10300,0.9327,0.229,-2.2488,-3.7291,-3.3406,-1.18,36.49,244.35,B
10301,-3.9728,-3.7614,-3.4837,-3.2921,-3.1142,-3.2878,34.91,255.38,C
10302,-7.81,-7.6265,0.188,1.7095,-2.2269,-1.0947,36.47,224.99,B
10303,3.5681,3.2781,-1.7763,-3.176,-0.6403,0.204,43.96,302.46,C
10304,5.26,5.7227,3.2681,2.0289,-0.5705,-1.5987,48.48,369.33,B
10305,-8.3478,-8.06,-4.5688,-4.0104,-0.5363,-1.445,27.88,181.39,A
10306,-7.722,-6.5287,-2.465,-2.0799,1.9626,2.3203,39.57,260.81,D
10307,5.177,6.0834,4.8583,4.7956,2.1237,2.1548,50.2,408.53,B
10308,3.7415,3.5457,0.4737,-0.2126,1.1416,-1.0678,47.15,342.22,B
10309,2.4949,0.8873,2.4448,0.679,-0.4159,-0.4339,43.02,315.1,C
10310,4.9936,6.0123,3.9429,2.7625,1.2132,0.917,54.31,368.92,A
10311,0.4197,-0.4635,-0.9704,-0.4222,-0.7534,-1.243,41.8,282.64,B
10312,-7.9489,-7.7828,0.4676,0.8051,1.5676,-0.1688,34.53,270.6,B
10313,-2.3923,-2.0244,-0.4021,0.1,0.562,1.3763,40.85,305.19,B
10314,-4.5674,-5.3697,0.9782,1.6691,0.2698,-0.1759,37.44,291.21,B
10315,-4.2399,-3.8215,2.2132,2.8508,1.8557,-0.6362,40.73,309.52,C
10316,8.8952,9.6927,2.3081,1.8432,-1.1969,-1.6302,49.24,391.0,C
10317,5.6691,5.0121,1.8395,2.6091,2.1342,2.5721,51.21,359.65,D
10318,4.8306,4.9547,-2.7905,-2.5803,0.91,1.1793,44.85,277.55,D
10319,-7.4671,-6.7151,-4.3693,-3.665,-1.7431,-2.183,26.54,209.35,D
10320,-2.6047,-2.0812,1.9839,0.569,-2.1513,-3.1558,38.93,299.82,B
10321,2.9618,3.0138,6.0366,5.3096,1.3109,0.5149,48.12,403.78,D
10322,4.2857,4.3967,2.1767,1.9349,0.3817,0.9243,50.52,375.5,B
10323,-6.9052,-5.6825,-3.6664,-2.98,0.3978,1.2346,35.1,227.92,A
10324,-5.2667,-6.0479,0.1716,0.5212,0.6677,0.1178,34.89,302.57,D
10325,7.0134,7.6539,2.4881,4.3783,-0.1514,0.6491,49.06,370.32,B
10326,-6.9629,-8.3842,-6.4442,-3.7504,0.4153,-0.6522,30.45,201.38,A
10327,-4.0004,-3.3797,3.2242,2.7861,0.6691,0.3964,39.3,303.73,A
10328,0.424,-0.646,1.3415,1.6297,-0.0822,0.2735,45.15,339.62,D
10329,-3.7911,-3.7215,-0.0356,-0.4537,-2.2127,-1.6933,39.22,279.32,A
10330,-13.0154,-13.4418,-4.7813,-4.7425,-2.5303,-2.3203,23.23,172.29,A
10331,1.3908,0.2616,4.0188,2.6622,0.2752,1.4729,45.13,335.34,B
10332,3.3707,3.102,-5.1003,-4.0613,-0.6697,-1.0798,42.92,297.86,A
10333,0.0574,-0.2628,3.6819,2.7412,-1.182,0.0058,44.76,350.79,C
10334,-0.316,-0.1725,1.2889,1.0002,0.1116,0.6092,39.73,359.12,C
10335,-5.0382,-4.5049,-3.1892,-1.9106,-0.7885,-2.4981,34.06,261.68,D
10336,-0.0547,-0.5722,-0.1656,0.2941,-0.0994,0.4933,40.83,320.23,C
10337,-2.9128,-2.1216,-0.9538,-2.1006,-0.4082,-1.6487,33.6,261.71,C
10338,-5.7761,-6.4702,2.6904,3.8992,3.0465,0.4989,41.86,317.71,C
10339,4.4014,3.4933,-2.066,-2.6994,-0.6515,-0.6617,41.21,263.41,C
10340,3.7727,2.7978,-2.3534,-2.1909,1.1301,2.5589,44.41,314.14,B
10341,-0.2351,-1.6533,-1.4025,-0.2246,0.9591,1.6694,39.19,287.71,B
10342,4.0669,2.9801,3.5149,3.584,-1.2067,-0.7137,47.32,353.87,B
10343,10.5478,11.6331,4.5008,4.0315,1.1059,0.5114,60.72,414.8,D
10344,12.9611,12.181,6.4678,5.4366,2.1602,2.1612,62.69,475.09,C
10345,1.5519,2.2688,-2.9336,-2.7961,-0.819,0.3892,41.8,279.42,A
10346,3.1456,3.7379,5.5712,4.9483,0.5182,1.1391,52.93,381.91,B
10347,-4.7536,-5.0834,-2.4531,-1.9023,-1.0922,-0.9728,36.11,234.41,C
10348,-5.7937,-5.9023,-6.2508,-5.1201,-0.8853,-1.0731,30.5,203.64,A
10349,-4.9406,-6.1661,-0.4297,-2.0491,1.0842,0.9132,37.25,257.53,B
10350,4.2091,3.8544,-2.9652,-1.7327,-0.398,0.739,44.23,320.62,B
10351,1.3582,2.031,-2.7868,-1.6931,1.8436,1.4706,42.74,279.56,B
10352,-5.5873,-5.8296,2.6823,2.286,2.4779,2.1932,41.98,301.44,B
10353,0.2884,1.367,-1.2349,-0.8206,-0.5264,1.2535,42.39,302.19,C
10354,-0.2987,-2.632,4.2945,2.1747,1.1528,0.6902,44.18,325.98,C
10355,-1.2951,-1.2866,-3.1189,-2.8763,0.0279,0.3856,38.23,265.31,C
10356,2.0525,2.1554,0.4933,1.1291,-0.1219,0.831,47.36,321.32,C
10357,6.5641,7.3992,0.6745,0.3624,-2.2338,-3.2931,47.15,362.16,D
10358,4.8142,4.2732,3.0131,1.9308,-0.8066,0.4414,47.05,359.95,A
10359,-5.9403,-4.7061,-5.0524,-5.0045,-2.173,-2.2172,28.17,213.86,D
10360,1.627,1.8651,-0.2479,-0.2456,1.062,-0.2283,42.87,317.0,A
10361,5.2734,5.4883,0.1263,-0.6296,1.8314,1.8498,48.12,315.98,A
10362,1.823,2.1397,-5.079,-4.5528,-2.8068,-2.8198,36.67,284.05,C
10363,5.4993,4.5316,1.0083,-0.2838,2.3553,2.3238,52.13,349.66,C
10364,7.2389,6.3858,3.9165,3.0892,2.6734,2.4651,51.65,393.04,B
10365,1.117,-0.4346,-4.1055,-5.0891,-3.0172,-2.7801,30.44,248.07,D
10366,15.2317,14.6839,8.0698,5.0224,1.9913,1.6594,64.6,451.62,C
10367,-1.7422,-2.034,-6.8591,-7.0039,1.5832,0.0011,33.35,237.9,A
10368,-2.1986,-1.3026,1.9142,2.7739,-0.9662,-0.673,45.38,317.68,A
10369,2.3804,2.0467,2.9112,3.1412,0.4358,0.0158,47.04,343.28,B
10370,-2.3119,-0.8727,-2.7752,-1.3921,-0.8053,-1.0482,40.3,269.58,D
10371,5.9582,6.7485,3.6025,3.7967,0.23,1.7413,52.18,408.06,A
10372,-3.8836,-3.5546,-3.2632,-2.6259,0.8985,-0.334,36.25,260.67,B
10373,-3.6992,-3.0893,-2.9382,-1.0629,0.8097,0.4189,35.87,282.37,C
10374,5.5761,4.3368,3.21,2.8102,1.7618,1.4713,51.15,364.36,C
10375,0.3013,-0.6024,3.305,2.1733,1.8472,1.4147,46.78,349.4,A
10376,-5.0967,-4.7078,-2.6297,-2.3622,-2.3342,-0.6563,39.61,273.26,D
10377,1.8487,1.2319,-0.4313,0.858,-0.61,0.1688,47.06,316.23,D
10378,-4.2339,-3.938,0.561,0.4132,-1.5521,0.3347,39.41,296.27,B
10379,2.2231,2.7695,-3.0643,-4.4178,-3.2649,-0.372,40.01,279.73,A
10380,0.0862,0.2995,-2.1142,-1.7826,0.4919,-0.3943,37.21,319.21,D
10381,-5.1868,-5.0697,-4.3161,-3.5018,-0.2684,-2.1712,33.34,230.86,C
10382,4.831,4.9769,1.3546,0.783,-1.612,-0.5928,47.5,339.94,A
10383,2.5102,1.975,-2.0184,-2.357,0.0032,0.6709,44.05,316.92,D
10384,0.2922,0.6084,4.2097,3.4701,1.8012,2.452,48.51,347.69,B
10385,-4.7164,-2.8975,-3.2189,-4.1073,-1.9513,-2.0936,34.3,255.38,B
10386,0.6486,0.5481,-3.7986,-4.3604,-2.4881,-2.208,36.95,263.02,C
10387,0.8102,1.5873,-1.916,-0.7107,-2.7622,-2.6173,38.21,265.39,A
10388,0.1581,0.4196,2.4902,2.2258,-1.4994,-0.4195,46.38,324.82,D
10389,1.6611,1.1054,-1.5004,-2.715,-0.5314,-1.1711,40.89,283.44,B
10390,-5.9059,-6.7676,0.0412,0.3929,-1.5077,-1.8683,36.56,268.1,D
10391,1.2371,1.7026,-0.7495,-0.9666,-0.0202,1.0597,41.7,313.79,D
10392,-1.724,-2.855,-3.4147,-2.5872,-2.9445,-2.1432,36.23,274.18,B
10393,0.0705,-0.343,-1.2374,-2.3294,0.1321,0.9889,39.53,272.6,D
10394,-4.4353,-5.1391,3.942,3.1855,1.7934,0.709,38.99,347.96,A
10395,2.2505,0.9806,-1.9573,-2.313,0.8732,0.7048,38.68,279.36,A
10396,-13.1237,-12.7118,-8.1871,-6.0703,1.2744,0.2048,26.29,159.26,A
10397,5.1627,5.3066,3.8963,2.9465,1.171,1.5065,48.49,381.83,C
10398,-0.6338,-0.6351,-1.3138,-0.4559,0.894,0.2501,40.37,284.54,B
10399,2.6807,2.7205,0.4555,0.7066,0.1371,-0.3615,46.96,339.5,B
10400,-6.5921,-7.5673,-2.7229,-2.8202,0.2696,0.3364,32.07,301.39,D
10401,-12.5155,-11.7986,-5.5488,-4.5851,-1.7813,-2.2413,24.12,189.21,D
10402,-3.3601,-3.5802,2.2991,2.3655,-0.9991,0.2785,40.28,308.57,C
10403,-3.052,-2.4283,-6.5323,-6.5534,-1.9007,-1.4429,32.12,234.28,B
10404,-6.2952,-6.1722,-12.4697,-11.0704,-3.2443,-3.7507,20.88,137.73,C
10405,-6.9935,-7.173,-0.8877,-0.0687,-0.7795,-1.7192,35.19,280.84,B
10406,12.3579,10.8874,-1.9794,-1.8952,0.0604,0.0568,50.38,347.61,D
10407,-3.9425,-3.0779,-1.6458,-1.7841,-1.7563,-2.0909,34.82,242.98,B
10408,2.0891,2.5074,-0.4002,-1.1945,2.3426,2.072,45.07,314.68,D
10409,8.4225,8.6112,4.9241,4.5212,-0.2752,-0.0982,53.67,416.01,A
10410,-0.7295,-1.7009,-1.4179,-0.8139,-2.1051,-2.6164,36.01,282.62,C
10411,7.8886,6.9413,-3.8018,-4.2861,-2.1832,-1.4176,45.03,301.93,D
10412,12.0749,11.2271,5.0487,4.7892,1.77,1.5699,59.67,461.92,D
10413,0.01,-0.6826,-1.3434,0.4389,1.6796,2.0594,42.28,302.54,A
10414,-3.5056,-3.5811,-4.9255,-4.4632,-2.1948,-2.6853,29.36,230.67,C
10415,0.1917,0.6728,0.3611,1.4604,-0.5765,-0.07,44.09,326.61,A
10416,-13.3721,-11.8992,-7.0105,-6.4715,-2.3566,-2.2109,23.01,157.19,A
10417,-0.2281,-0.0171,-5.37,-5.0691,-0.799,-2.0434,36.04,227.31,C
10418,-8.2603,-7.3723,-3.7963,-3.9978,-2.6567,-2.8663,30.81,189.58,D
10419,1.9804,2.7132,-2.7738,-3.0374,0.5694,0.149,40.7,310.65,A
10420,3.2358,3.4883,0.5949,-0.1009,-0.3174,-0.8394,43.72,338.86,A
10421,3.9634,4.2524,-0.2136,-0.0229,0.5668,-0.3216,45.07,315.62,B
10422,-4.5216,-4.1552,-1.3426,-1.1404,-0.6223,-0.7957,34.5,257.31,C
10423,-3.733,-3.2637,-0.9875,-0.5565,0.2178,0.3436,36.24,276.78,B
10424,6.7512,6.8187,3.8711,3.1736,0.8366,2.7308,52.81,393.77,D
10425,-2.5509,-2.0338,0.8941,0.9484,1.3699,0.1756,43.56,301.94,C
10426,2.4357,3.2924,2.0609,0.4841,-3.549,-1.4241,43.77,359.19,B
10427,3.2146,3.9839,4.5322,4.0044,-3.1922,-1.7487,44.89,357.94,B
10428,-1.2509,-1.5872,3.1866,2.5336,2.6194,3.1127,50.2,342.85,A
10429,-1.3145,-1.1911,-1.5814,-0.0156,-0.9002,-0.8331,38.68,317.41,B
10430,-0.862,-2.0189,-0.7786,-0.8234,1.3076,0.424,43.98,312.67,A
10431,-11.0803,-10.8702,-4.9454,-4.9207,-0.4977,-1.5528,24.8,167.05,A
10432,4.3746,3.8079,1.0757,0.911,0.0158,0.8494,46.32,352.38,C
10433,-5.9036,-7.0692,-4.1639,-3.4368,0.1148,-0.604,30.68,250.52,A
10434,3.0343,1.9128,2.1217,1.6188,-0.6754,0.4526,38.54,338.93,C
10435,-2.451,-1.9273,0.7939,0.4384,-1.9943,-2.01,40.58,299.83,A
10436,4.2673,4.0522,-2.7927,-1.7384,-0.2021,0.2852,42.9,291.44,A
10437,-6.6035,-7.3311,5.4519,4.3082,1.122,0.9749,42.69,324.16,C
10438,-1.8839,-2.0143,-2.028,-2.0794,1.3378,1.1029,40.54,292.92,C
10439,-7.4658,-8.1324,-5.6875,-5.3025,-1.4162,-2.153,29.59,156.33,A
10440,5.0679,5.4115,-0.56,-1.4246,-0.6422,-0.6077,48.62,315.71,B
10441,-3.0847,-3.7533,4.4156,3.4708,1.9844,1.7962,42.98,347.77,B
10442,-2.8996,-3.5003,2.2874,1.7178,-0.434,-0.5696,42.64,344.46,B
10443,1.3731,1.4709,0.684,-1.3892,-1.4966,-1.0671,44.66,308.05,A
10444,-8.2214,-8.3787,-2.5748,-1.4216,0.5851,-0.7704,33.5,261.19,B
10445,7.6782,8.4054,-0.2403,0.4474,0.2862,0.3418,51.49,391.82,A
10446,-1.4566,-1.8998,-0.3502,-0.75,0.3019,0.5911,44.26,295.34,C
10447,-3.8738,-4.6441,-1.6994,-1.2151,0.1966,0.0732,35.75,275.08,B
10448,-9.7844,-10.1765,4.366,5.1598,2.4108,3.2392,39.17,281.14,D
10449,-0.0416,0.6183,-2.1258,-2.8538,1.2459,-0.0548,42.82,293.65,A
10450,-4.1069,-2.8482,-0.5723,0.0595,0.3274,0.1064,38.45,293.12,D
10451,7.1806,6.216,7.8504,5.8799,2.3907,2.1045,57.27,430.42,A
10452,0.2297,-0.7949,-2.6109,-4.0931,-0.3325,-1.3219,39.23,295.64,C
10453,6.6281,4.9687,-1.921,-1.1944,0.947,1.7345,48.47,349.56,A
10454,11.5891,11.464,5.9963,5.0994,1.8271,4.4693,59.05,470.33,A
10455,-5.1879,-5.5342,-3.1946,-2.5941,-1.6896,-1.0921,31.45,205.4,A
10456,-1.9155,-2.5449,-3.6069,-2.6686,-0.1503,0.5801,39.63,279.39,B
10457,10.8389,9.1349,2.6226,2.5586,2.0377,1.5231,58.51,417.07,D
10458,1.9426,0.9649,-0.0322,-0.2164,-1.5871,-0.9527,40.33,310.97,B
10459,5.4918,5.816,1.6468,1.8111,-0.4504,-0.3941,48.63,382.35,B
10460,-2.9227,-2.6723,-2.4758,-0.6449,-0.7198,-0.5438,37.56,269.16,B
10461,-6.9149,-5.0259,0.8347,2.907,2.7721,3.691,42.46,331.67,A
10462,-0.1563,0.0775,-2.6661,-2.4466,-2.1427,-1.8258,39.31,261.78,B
10463,5.4621,5.9401,3.6477,2.023,-0.5739,0.6922,49.26,354.68,A
10464,-6.4658,-5.6377,-0.8817,-0.6284,-0.1954,-0.6137,33.82,273.4,D
10465,-13.3125,-12.8774,-3.304,-3.2451,-2.2256,-2.9649,24.73,186.89,A
10466,-1.0785,-1.2962,4.5329,3.4703,1.2679,0.1737,44.28,347.18,D
10467,5.0651,4.8922,-2.335,-4.4557,-3.118,-2.5211,43.91,293.03,B
10468,2.3233,2.4973,1.4374,0.1871,0.4774,0.7842,44.76,359.62,B
10469,-8.3337,-8.2577,-5.6632,-4.4888,-1.3059,-1.2946,30.53,211.57,C
10470,2.2856,2.6046,4.3037,4.9311,3.5421,4.7163,53.7,378.79,D
10471,1.256,1.5027,1.0506,1.4675,0.0277,0.4095,47.38,353.97,D
10472,-4.2205,-4.5566,1.7259,3.2013,0.0228,-0.6604,40.7,295.78,A
10473,-5.0294,-4.6007,-6.6013,-5.8252,-1.7787,-1.9738,29.35,167.96,B
10474,-6.687,-4.1927,-1.5434,-1.0641,-0.8995,-1.9367,30.92,229.51,C
10475,-5.7383,-7.1109,-6.1789,-4.4018,-0.0203,-1.3118,27.09,205.94,B
10476,-6.907,-5.631,-6.6509,-5.0807,-3.7764,-4.8942,29.72,205.74,A
10477,1.7096,1.292,0.5873,0.7382,1.2369,0.523,45.0,327.67,C
10478,1.7712,0.895,1.3447,1.6737,1.8594,1.5991,45.38,337.28,B
10479,-0.6297,-2.236,1.4452,1.9011,3.188,3.6706,44.19,347.58,B
10480,2.258,0.3517,5.2136,4.9021,0.9876,1.9146,50.51,396.76,B
10481,6.7382,6.9771,1.9203,0.6713,-0.8059,-0.5853,46.41,341.27,A
10482,-0.5263,-0.2367,-0.7208,-1.0617,-1.3944,-0.3363,40.77,307.76,D
10483,0.9992,0.8017,-1.5149,-1.0734,2.4635,1.3987,42.67,319.17,A
10484,-6.0794,-5.256,1.0164,2.897,1.6147,2.5019,35.47,300.18,D
10485,-3.5283,-5.5757,-2.5397,-2.6142,-0.9547,-2.4333,33.44,273.83,D
10486,2.9712,2.3865,2.8933,1.9527,-0.579,0.787,49.8,355.7,D
10487,0.9295,2.1412,4.9099,6.1178,2.9279,2.0102,48.11,380.91,A
10488,2.7127,0.9974,-1.1331,-1.6214,-1.0152,-2.0823,41.96,295.65,D
10489,1.343,0.2953,-3.827,-4.0974,-1.6544,-1.4543,38.45,253.14,A
10490,-4.0472,-5.3733,-2.9387,-3.3293,-1.6648,-1.2002,31.98,260.96,A
10491,-1.8202,-2.3619,2.8346,3.6866,-0.479,0.2081,44.88,332.56,C
10492,-9.4563,-9.2939,-2.5824,-1.5594,-0.1075,-0.667,30.41,215.8,B
10493,-5.3976,-4.0605,3.0599,2.4917,-0.3599,0.8677,43.22,310.83,B
10494,-1.1785,-1.9128,-1.841,-1.9281,-1.0384,-0.0778,37.22,282.15,B
10495,-6.7685,-6.3635,0.6907,0.9465,0.1622,0.6065,36.03,291.04,A
10496,-15.9987,-16.6821,-6.2403,-5.3142,-2.858,-2.8846,15.78,110.38,B
10497,2.061,2.8244,3.7891,4.6802,-1.339,-1.1196,49.95,368.9,A
10498,-2.3658,-1.6317,1.497,0.3347,-2.4225,-1.7573,40.52,336.16,A
10499,7.409,7.5475,5.0548,3.6751,-0.1132,0.421,54.94,382.51,A
10500,2.5343,2.6123,-2.979,-1.8211,0.8648,0.1897,41.51,323.54,B
10501,-1.6732,-2.114,-0.7449,-0.8219,0.2231,-0.5489,38.95,296.32,C
10502,-0.4347,-0.9237,2.551,1.9596,1.4995,1.3386,44.41,337.83,D
10503,-3.4118,-5.169,-0.7068,-0.7517,-0.8565,-0.6483,36.96,289.12,D
10504,3.3054,2.2288,2.285,1.8651,2.8808,2.9459,49.78,372.21,A
10505,-6.4081,-6.5579,-3.9695,-3.7396,1.4124,1.1474,35.69,239.01,A
10506,4.8593,2.5593,1.9669,2.2756,2.8384,3.2803,50.52,392.29,C
10507,-6.9035,-7.2456,1.1286,2.7072,0.9416,2.2274,40.35,328.94,C
10508,-3.7761,-2.9908,-1.5449,-1.9022,0.4412,0.4768,39.02,280.74,C
10509,-7.9553,-7.2964,-3.7671,-3.4937,-2.0194,-1.7555,32.47,228.42,D
10510,-4.2967,-4.8851,-5.4656,-4.8541,-2.5457,-2.7891,30.82,199.06,C
10511,-4.3252,-4.1473,-2.925,-2.7726,-1.6873,-1.5847,36.55,242.28,D
10512,4.0087,5.6095,4.027,4.7471,2.3863,2.8765,51.74,407.78,C
10513,5.3667,4.804,-4.3686,-2.8009,-0.1844,-1.2744,44.72,289.58,A
10514,4.9493,4.8852,0.8889,-0.8116,0.1091,0.6691,46.75,325.17,C
10515,-8.5097,-7.9109,-2.4381,-0.8406,1.7563,0.9056,34.27,251.18,C
10516,-6.4105,-6.2321,-1.7212,-1.7099,1.4925,0.6399,35.96,255.36,D
10517,-0.8726,-2.1037,-4.9731,-3.6469,-0.8668,-1.2176,38.87,258.18,C
10518,6.054,4.9452,2.4966,2.2702,1.2926,1.0216,50.6,368.82,B
10519,1.6355,1.6165,3.2734,2.675,2.0194,3.1475,49.26,366.36,B
10520,1.0115,1.3493,0.22,-0.516,-1.7802,-1.4684,40.63,326.7,A
10521,-3.2917,-3.7441,-3.3206,-2.6382,-1.8452,-1.0907,31.95,266.33,B
10522,5.3544,4.6081,-2.6754,-3.9968,-0.2445,-1.9304,40.24,308.84,A
10523,8.9953,10.9827,2.6495,1.2528,0.6454,0.8776,53.63,371.87,C
10524,-1.3606,-1.0537,0.3812,-0.2812,0.7906,0.3569,42.79,303.94,D
10525,9.5854,9.2633,2.7077,2.2717,0.7525,2.0196,54.53,401.9,D
10526,1.2306,1.048,-3.0515,-4.346,-1.6334,-3.3366,33.02,257.96,A
10527,3.3555,3.388,0.4495,-0.6015,-1.2529,-0.8126,41.14,296.58,A
10528,-2.9133,-2.7278,-5.655,-5.5224,0.1328,-0.5933,35.2,220.37,B
10529,-1.2379,-0.8395,-2.2922,-2.5991,-2.2006,-3.7786,36.17,255.08,D
10530,-3.5122,-2.2911,-3.7837,-3.2816,0.7837,-1.0982,34.51,226.9,B
10531,-6.8402,-5.9333,0.0158,0.0551,0.173,-1.2622,36.11,269.09,B
10532,6.5963,5.2516,-3.9985,-2.7233,-1.4342,-0.7957,44.23,300.06,B
10533,1.2941,0.5784,-2.7933,-2.87,-3.8194,-3.1672,36.19,267.68,A
10534,-6.5364,-5.2127,-3.0115,-1.8979,-1.3295,-1.0654,30.7,250.69,B
10535,0.3155,-0.3243,-0.3474,-0.9411,-1.5721,-0.3955,38.12,304.92,A
10536,6.2797,5.4622,-1.0954,-3.248,-2.7963,-1.5813,43.43,329.18,A
10537,-3.5259,-3.4827,-1.5096,-2.5418,-0.3758,-1.6056,38.12,253.67,B
10538,-3.3043,-3.9231,-2.2777,-1.0872,-1.106,-0.4605,35.14,298.44,B
10539,-5.4081,-5.1922,-0.1176,0.316,-2.4981,-1.7411,36.11,257.23,B
10540,-9.1918,-8.7763,-6.4778,-6.4169,-1.6664,-2.3026,27.13,188.66,B
10541,4.917,5.6522,2.6818,4.1829,1.3162,1.1528,51.05,378.57,D
10542,1.0599,1.6433,-1.424,-2.0163,-1.8677,-1.4954,40.65,300.56,D
10543,-2.2226,-3.2332,0.6777,0.0292,-0.3005,0.8696,38.98,290.78,B
10544,9.4353,6.6436,1.2081,0.5196,-0.2286,0.5889,50.93,335.26,D
10545,-1.2534,-1.2629,-0.2138,0.7234,-0.3124,-0.8404,41.98,281.93,A
10546,-0.0398,-0.1171,-1.8454,-2.2158,-2.9937,-2.4239,36.69,304.33,D
10547,-2.6724,-2.5871,-0.2281,-0.9732,-0.0759,-1.0655,40.17,297.02,A
10548,4.3899,4.7019,6.4064,5.083,2.7971,2.914,56.91,392.91,C
10549,-1.7327,-2.696,2.0013,1.8458,1.7483,1.3567,44.68,323.54,D
10550,5.5152,5.4767,2.8356,3.7076,2.954,3.834,53.89,379.21,C
10551,-6.655,-7.6837,-3.2853,-2.2942,-0.8493,-1.051,33.66,219.76,D
10552,3.851,2.2744,2.5551,1.5072,2.5296,1.2823,51.06,372.74,D
10553,0.1488,0.6265,-3.2488,-3.1229,0.22,0.5486,36.06,272.75,A
10554,0.1128,-0.6238,1.5594,2.3637,-1.9687,-1.848,38.73,314.7,B
10555,-0.1999,-0.4334,4.2032,3.4312,0.3818,0.081,44.93,344.1,A
10556,-3.762,-3.867,1.1751,0.5087,0.2855,0.0586,41.65,326.39,A
10557,-0.9167,-2.1302,-2.7972,-2.3288,4.0206,3.4287,40.67,316.7,D
10558,-0.8207,-1.4849,1.2653,2.5174,1.2072,1.501,46.24,361.27,B
10559,-3.2799,-4.0961,-4.6292,-4.0157,-1.9418,-2.9407,32.66,222.91,B
10560,-0.6826,0.6376,2.2055,0.6877,0.5042,1.6887,44.69,347.99,A
10561,4.0424,4.227,2.9992,2.9485,-0.6808,0.8173,50.94,361.35,B
10562,-7.0597,-5.601,-2.0805,-2.5402,-2.4385,-2.3554,32.0,259.46,B
10563,11.0943,12.0233,3.4782,2.9574,2.4675,3.8623,58.52,421.03,D
10564,1.5254,1.6925,-3.6105,-3.926,1.0524,0.9758,40.32,253.18,D
10565,5.0455,5.1857,2.5954,1.357,1.1134,2.5209,50.64,345.56,D
10566,2.4412,2.2317,-0.0709,-0.134,-0.2688,-0.6216,43.58,340.43,B
10567,-0.2975,-1.3387,-1.3893,-0.9846,1.1846,-0.0103,40.04,278.42,D
10568,0.4416,-1.428,4.7384,4.5068,1.7746,1.5193,49.69,351.08,D
10569,-0.2297,-0.7121,-1.7874,-1.8998,0.2811,-0.8459,40.32,287.14,C
10570,-4.9861,-4.5244,0.086,-0.998,-1.2744,-1.4058,33.86,254.51,D
10571,-6.5613,-5.8078,2.157,1.6048,-0.4544,-0.2338,39.42,286.32,C
10572,-0.8315,0.1437,-5.1816,-4.2244,-0.6392,0.0479,37.99,272.06,A
10573,-3.2312,-1.8305,-5.4866,-3.6916,0.2815,-0.1467,33.27,237.48,B
10574,6.1764,4.9696,3.3485,3.6354,-0.5922,0.029,52.34,361.32,D
10575,-4.8907,-3.3801,-1.7641,-1.5136,-0.8712,-0.6282,32.64,288.55,B
10576,-7.1869,-7.819,2.2048,1.83,-0.342,-1.7236,34.87,294.14,B
10577,2.1775,2.2513,-2.6106,-1.1602,1.5224,1.6662,45.34,333.12,D
10578,2.6326,3.9041,-4.8553,-4.9361,0.109,-0.4531,42.11,269.42,A
10579,-0.5918,0.3416,0.2494,-0.1381,-0.8702,-0.9776,39.16,303.69,C
10580,1.3818,0.5645,-2.6117,-2.8878,-2.6797,-2.8973,37.92,283.26,B
10581,-4.4823,-4.0028,-1.5151,-1.6328,1.5312,0.4347,39.82,256.27,C
10582,-10.2642,-11.0231,-1.9643,-1.6573,-0.6974,-2.4066,28.83,219.07,A
10583,8.4501,7.6423,3.7312,1.9651,-2.5957,-0.5149,51.78,387.32,C
10584,0.3459,0.8391,2.2043,2.5237,-0.7541,-0.6072,43.39,321.11,D
10585,3.2764,3.4995,1.9996,3.0022,3.1295,3.4961,50.05,367.86,B
10586,1.9079,2.7181,5.1431,3.9001,0.1338,1.4937,45.03,359.33,C
10587,4.1701,3.9102,1.0896,0.5559,1.3258,0.4323,45.28,331.09,D
10588,-10.2808,-9.239,-5.1458,-5.2734,-2.7325,-3.617,26.25,191.94,A
10589,5.3408,5.1726,-1.0759,-0.5492,-1.3263,-2.3341,43.44,326.96,C
10590,-1.5758,-0.0679,-3.3476,-2.9965,-0.8474,-1.6447,35.05,264.12,C
10591,6.1924,7.1201,-0.6194,-0.6919,0.2089,-0.2526,47.08,349.0,C
10592,-10.2231,-10.1569,0.3672,0.7388,-0.2462,-1.4919,27.33,263.35,A
10593,1.5835,1.0969,4.8584,3.0441,1.7532,1.596,45.86,350.27,C
10594,5.5361,5.9545,0.7592,-0.4782,-0.5772,-0.8575,46.67,364.78,D
10595,10.3479,10.5002,5.9372,4.9708,0.2821,2.5318,55.87,420.02,D
10596,-8.8802,-8.7622,-3.6339,-4.8191,-1.5279,-1.9453,32.97,200.55,A
10597,4.0156,2.371,1.0769,-0.2535,-0.8692,-1.1226,44.3,348.13,D
10598,-5.0692,-4.8513,-2.4343,-3.5605,-2.0647,-1.5055,30.47,223.53,A
10599,1.4084,2.2239,0.8227,0.4387,0.8032,-0.2961,41.94,303.2,C
10600,0.0224,-0.7001,-2.4598,-3.6079,-1.0602,-0.3475,39.0,236.93,D
10601,-5.1012,-6.1597,0.7565,0.7356,-0.2019,0.2219,43.45,288.28,B
10602,-3.4305,-4.0634,-4.4501,-3.0182,0.0491,-2.0522,34.55,229.0,B
10603,-8.9665,-9.2086,-1.4389,-2.323,-0.0847,-1.008,31.18,262.5,B
10604,-4.2502,-5.0626,3.5409,2.3511,-0.5464,-0.5835,38.89,330.01,B
10605,-2.3845,-1.3723,1.911,1.1236,0.5926,0.5428,43.72,315.04,B
10606,8.7922,8.886,1.3148,0.8142,1.3244,1.8574,54.05,379.9,A
10607,6.0933,5.1525,-0.1866,-1.1581,0.1519,0.5873,48.59,346.93,D
10608,-8.5851,-8.7659,-6.5822,-5.5102,-1.6825,-2.7116,29.67,162.9,B
10609,-4.6836,-3.52,-2.2111,-2.0673,0.2287,-0.1194,37.31,274.5,B
10610,8.4768,8.147,-0.8687,-0.7753,-0.736,0.0754,47.74,339.2,A
10611,2.9113,1.5524,-1.7284,-1.1617,-1.0574,0.3487,44.73,305.23,A
10612,-5.8995,-5.9972,1.2456,0.5263,0.4697,0.1752,36.91,296.95,D
10613,-7.3956,-8.5443,-3.3904,-2.8078,1.6937,0.9601,34.87,236.78,D
10614,1.4011,1.6701,3.4892,4.0968,3.147,2.024,50.93,359.11,D
10615,12.0122,11.4021,0.495,-1.3827,1.104,1.0789,50.17,369.63,D
10616,-2.547,-3.6185,0.6492,0.7703,2.0495,0.7467,37.5,298.81,C
10617,0.7471,1.5443,2.7925,1.9207,2.5144,1.8318,46.4,371.51,D
10618,-4.4746,-4.1159,-1.7432,-0.8322,-2.2481,-2.8911,34.0,245.88,A
10619,-6.9139,-7.0106,3.0329,3.3212,1.708,1.9768,38.22,296.46,D
10620,-1.7679,-2.4018,-1.199,0.0685,-0.7704,0.1814,40.21,280.94,D
10621,0.5168,0.1198,0.9932,0.1089,-0.5269,0.2617,42.74,308.12,D
10622,2.8503,3.0946,-1.1866,-2.2005,-0.0284,0.5566,42.16,355.29,B
10623,-4.5347,-5.4714,-4.9535,-4.0875,-0.0562,-1.9101,30.31,253.0,C
10624,3.5409,2.6617,1.1536,0.677,1.8806,2.5094,46.81,346.02,C
10625,3.9063,3.125,-0.4875,1.5821,2.1127,1.325,45.41,334.22,C
10626,-1.9767,-1.6452,-3.5324,-3.4318,-2.2746,-2.7437,34.16,266.59,A
10627,-7.3445,-7.6331,-1.549,-2.1244,-0.0192,-0.9639,30.56,235.51,B
10628,1.5839,1.7982,-4.4637,-4.0424,-1.2394,-0.9368,39.93,274.5,B
10629,0.0903,-1.1919,-3.4618,-2.5976,-1.8437,-2.5011,35.8,270.66,B
10630,6.5178,5.1301,6.3814,5.4387,0.9305,1.9717,53.51,411.56,B
10631,2.4044,2.6598,-0.0883,0.1791,1.2757,0.1617,46.17,327.03,B
10632,-6.748,-6.4977,-3.8795,-3.6241,-1.9061,-2.1117,32.42,218.68,A
10633,-8.0773,-7.7074,-4.1187,-4.1594,-1.4054,-3.4528,30.09,190.3,B
10634,3.1583,4.4855,-1.8314,-0.6471,0.3097,-0.5933,42.38,314.02,C
10635,4.5495,4.5441,2.5978,2.2962,2.2247,1.2949,49.73,349.69,A
10636,0.2961,0.5803,7.3041,7.3712,1.4297,3.1027,52.01,391.88,C
10637,-7.3323,-7.2692,1.4682,0.3981,-0.0794,-0.4957,35.42,261.8,C
10638,-0.4162,0.2495,3.087,2.81,0.1688,-0.6951,42.93,322.65,B
10639,-7.6908,-6.3946,-1.4809,-0.3894,-1.0319,-0.4776,35.58,251.46,D
10640,-3.7064,-3.7625,-1.1619,-1.8977,-1.7868,-1.0463,37.12,287.11,D
10641,1.1712,3.5985,2.2633,1.5832,1.3658,0.6274,46.25,349.47,B
10642,-6.1274,-4.5722,3.5849,2.8806,-0.6951,-0.5877,39.55,323.2,D
10643,1.4836,0.2835,-3.4424,-2.8161,0.5385,0.645,37.92,278.52,D
10644,1.0142,1.1329,0.9477,0.4879,0.5241,-0.7172,42.38,360.22,D
10645,-4.7963,-4.3686,-3.1377,-3.1706,0.1202,-0.3348,40.28,254.28,B
10646,2.3127,2.4763,0.3147,-0.0914,-0.9452,-0.4175,44.51,313.64,C
10647,2.9728,2.9996,-0.1126,-0.694,0.8328,0.5487,43.69,314.51,B
10648,-2.4999,-2.791,-1.5423,-1.993,-0.6791,-1.4063,37.24,304.36,D
10649,10.8705,8.3321,4.3351,2.3771,0.8916,1.8779,52.58,399.18,D
10650,-4.8459,-4.9182,4.2058,2.6269,-0.5538,-0.1083,39.6,313.89,A
10651,1.9686,1.9499,-2.9977,-2.4561,1.6364,1.6755,43.61,290.65,C
10652,11.6531,10.9508,5.9827,5.8118,2.8123,3.3419,64.85,461.53,B
10653,-2.1472,-2.9317,-1.7641,-2.0425,0.4066,0.0001,39.05,254.48,A
10654,0.0153,-0.8662,-4.8954,-5.3498,-2.0177,-2.7806,35.66,254.34,C
10655,4.1603,2.4277,1.4709,1.2286,2.2686,1.5595,48.07,366.7,C
10656,3.4521,3.8319,-0.1508,-0.084,-0.8277,0.3841,45.15,338.1,D
10657,-0.2276,-0.0413,-0.055,-0.9889,-2.6567,-1.1836,40.36,269.39,D
10658,-8.6563,-8.5643,-4.4729,-4.3805,0.1241,-0.8252,28.04,207.83,B
10659,-2.1872,-2.5134,2.495,2.2325,0.121,0.0347,42.68,329.03,C
10660,-0.0333,0.1426,-1.0752,-0.3208,-0.851,0.6678,41.03,287.36,A
10661,2.7268,2.062,1.9773,0.9215,-1.779,-0.5938,43.66,365.87,B
10662,-4.675,-3.4132,-6.7051,-4.5853,-0.4311,-1.9047,31.59,236.96,B
10663,1.2967,0.3168,2.293,3.0312,2.3471,1.4999,47.53,361.42,A
10664,0.6292,2.3597,0.8657,2.5833,2.886,2.4053,48.47,360.83,D
10665,-0.0886,-2.5038,-2.1141,-1.6909,-0.9178,-2.2085,35.46,263.52,C
10666,-2.7504,-2.511,-5.9452,-4.3283,-1.3218,-1.5886,30.69,243.9,C
10667,-2.2504,-3.0915,-1.1162,-1.4341,-0.0794,0.4526,39.24,282.23,D
10668,10.8131,10.1382,2.5623,1.0166,0.3835,0.5412,55.99,386.49,C
10669,6.9125,6.6401,-0.7879,-0.4386,-2.3264,-0.2076,47.18,341.67,C
10670,-1.5747,-0.776,3.6792,1.6508,1.1394,0.8464,42.59,331.23,B
10671,-0.8174,-0.2544,3.1438,2.4571,1.21,1.4763,45.36,319.44,A
10672,-2.511,-1.7075,-1.3765,-0.3722,-0.0079,-0.4151,35.74,284.32,D
10673,-3.181,-4.3965,2.3098,1.1245,-0.8367,-0.49,41.15,276.57,B
10674,2.8647,2.4756,3.9639,4.1456,0.2551,-0.046,47.54,365.31,D
10675,-1.2125,-1.0722,-0.9905,-1.4004,-0.3582,-0.6356,40.08,299.18,A
10676,8.6825,8.5913,1.9932,1.8093,2.1713,1.9505,54.57,397.26,A
10677,2.4655,3.079,-0.4136,-2.3085,-3.9511,-3.6456,41.54,309.82,A
10678,9.9876,10.1117,5.1668,4.0712,3.0373,3.143,59.39,386.86,C
10679,-3.8631,-4.4968,-2.2783,-1.8486,2.1064,0.9536,37.36,299.95,C
10680,-1.2561,-1.0944,1.8064,0.5593,1.6606,1.0871,40.75,334.37,A
10681,-1.4028,-0.6009,-1.8187,0.2004,2.312,2.0336,43.81,314.97,D
10682,-1.8029,-0.3767,-3.0003,-2.2552,-2.149,-2.6572,38.26,266.74,A
10683,-0.468,-0.0926,6.002,5.3787,0.2033,1.1581,48.21,381.72,D
10684,-0.3587,-0.6786,-4.2061,-3.1335,-1.9111,-0.5616,35.19,244.11,B
10685,-6.8445,-5.6698,-1.0429,-0.7696,-1.7639,-0.7576,30.89,240.24,D
10686,-6.107,-5.6095,0.3698,-0.3118,-0.4178,-2.1521,38.19,271.19,B
10687,1.6369,2.8265,0.4584,-0.1404,0.47,-0.2692,44.06,371.3,B
10688,-0.9961,-1.9408,-3.9586,-3.2539,-4.0242,-5.073,34.49,249.78,A
10689,-9.8837,-8.6122,-4.2111,-3.1642,-1.457,-2.3152,25.4,213.81,C
10690,1.1576,-1.0946,-1.2885,-1.1466,-0.5457,-0.2553,37.46,298.31,B
10691,4.611,2.9504,3.4119,0.9179,0.1404,0.0978,51.13,346.2,D
10692,-3.9949,-4.345,-1.2617,-1.0745,-2.212,-1.7207,35.03,249.22,D
10693,-6.9596,-7.5605,0.0174,0.2388,-0.6778,-1.5444,33.37,264.0,B
10694,3.2262,3.567,1.0369,1.9204,2.2496,3.3024,47.02,349.82,D
10695,-10.4261,-10.0507,-4.3144,-2.9555,-0.3136,-0.5501,29.19,200.29,C
10696,6.1641,5.1501,2.9979,1.6003,0.3708,1.2426,48.93,364.6,A
10697,-2.1928,-3.2925,-0.3516,1.1365,-1.2346,-1.239,40.84,275.35,A
10698,4.3279,5.8114,-0.7183,0.119,2.6856,3.8733,52.0,366.18,C
10699,-1.6572,-0.9159,2.7513,1.6825,-1.0275,-0.7086,43.26,331.82,B
10700,-8.0678,-9.2288,-1.413,-2.6493,-3.6479,-2.8009,31.23,211.1,C
10701,-2.9966,-3.417,2.1138,1.067,-1.6147,-1.4613,37.31,283.14,B
10702,-1.4501,-2.2551,-0.6787,0.2386,0.322,0.1003,39.31,294.56,D
10703,-4.0718,-4.2026,-1.4031,-0.778,0.3216,-0.5509,37.88,271.01,A
10704,-1.0878,-1.3008,3.4515,3.9471,1.7903,2.568,46.16,360.92,A
10705,-2.2904,-2.3157,-3.7086,-3.2177,-4.3984,-3.9995,35.0,226.46,A
10706,0.1922,1.1673,-1.5511,-1.3109,-2.1542,-1.1984,39.96,269.75,D
10707,-10.9571,-10.7884,-1.0449,-1.5075,-2.2698,-1.2272,30.71,223.96,A
10708,-0.101,-1.2632,-0.1066,0.3988,2.0693,0.6376,42.48,325.09,B
10709,2.8948,2.4043,2.2704,1.9266,-0.5279,0.0933,42.88,355.85,B
10710,8.8804,8.0589,3.014,3.0347,0.8913,1.2935,51.51,372.49,B
10711,5.5716,5.3188,5.4588,3.3237,1.6043,1.5936,55.65,365.36,A
10712,0.2017,1.1125,-0.8031,-1.6358,1.2857,1.6687,42.02,317.9,D
10713,-7.3375,-6.2631,-4.5189,-1.4479,0.6744,0.478,35.44,256.91,D
10714,-0.622,-0.0853,-1.3882,-1.61,0.6459,2.1717,42.03,301.03,C
10715,-1.1679,-0.8151,-3.4064,-4.4199,-1.2261,-1.3633,38.72,263.78,D
10716,-0.2974,-1.3266,0.7465,0.7975,0.5067,-0.7158,40.44,304.25,B
10717,-2.3326,-1.5678,-2.4236,-2.8744,-1.2803,-0.6785,37.4,273.34,A
10718,7.3697,6.8098,-4.1543,-1.3008,-0.178,0.6846,46.38,339.56,B
10719,9.2735,8.6854,1.7338,-0.3939,0.0116,-1.2746,50.24,339.38,D
10720,-2.3215,-1.8819,-0.2328,1.8349,-0.3866,-0.5954,43.54,303.47,B
10721,-4.5008,-3.9471,-1.9053,-1.9018,-1.8331,-1.4814,32.74,231.3,D
10722,-1.6331,-1.2266,-2.0629,-2.3534,-1.5902,-1.0563,35.39,277.12,C
10723,-3.2932,-3.7495,2.0876,0.402,-1.4439,-0.8615,39.52,280.38,A
10724,0.4706,-0.1646,-4.237,-3.2973,-0.5893,-0.094,37.95,265.06,A
10725,-3.8041,-3.4442,0.6321,1.8553,1.3323,1.1002,39.33,312.27,D
10726,-1.435,-1.2631,-5.2195,-3.6019,-0.8293,-0.2938,36.47,245.67,D
10727,-1.55,-1.2636,3.5526,3.0579,0.0093,0.5207,45.12,334.22,B
10728,-9.5994,-7.8399,-1.1313,-1.0574,-1.3273,-1.1872,28.17,240.87,C
10729,1.1626,1.3364,1.2381,0.6635,0.2916,0.0993,43.65,320.68,D
10730,0.8018,-0.7678,-0.8839,-1.0776,0.0786,-0.0378,40.96,303.74,D
10731,-5.5382,-5.9051,1.6563,2.0297,-0.9394,-0.8837,34.47,279.32,A
10732,-0.4203,-0.8928,0.6584,0.9382,0.122,-0.2993,45.73,333.16,B
10733,-6.4369,-6.3915,2.8275,3.6083,-0.8515,-0.4633,39.12,292.5,B
10734,3.922,3.3888,-1.5914,-1.5702,0.511,1.8843,44.42,347.85,B
10735,4.0441,2.773,-1.1731,-0.419,1.3268,1.6597,44.89,324.68,D
10736,3.1665,3.0582,3.1635,3.4461,2.7519,4.7096,54.33,387.35,A
10737,4.7214,4.8759,-0.351,0.7743,-2.074,0.7907,44.18,324.5,D
10738,0.9456,2.341,-1.673,-0.0497,1.395,2.4118,45.99,332.73,C
10739,-7.357,-8.1114,-2.7536,-1.5628,-1.6096,-1.477,30.01,237.03,A
10740,-2.4787,-1.9102,-0.4711,-1.0589,0.7522,0.5435,44.44,297.93,A
10741,-7.3393,-6.5002,-5.6761,-6.8408,-1.0699,-1.1616,29.51,183.36,A
10742,-0.1661,0.7752,0.642,0.8576,-1.39,-1.3394,39.37,310.37,A
10743,1.07,1.7865,2.5777,1.4243,-0.3729,-0.6925,43.84,319.94,C
10744,12.8199,11.6341,-0.0564,-1.0497,1.1366,0.4887,58.18,383.63,A
10745,-3.2269,-2.4505,-1.9663,-3.0735,-1.1669,-0.6924,37.46,234.77,B
10746,6.6501,6.5336,-0.9826,-1.0144,1.3949,1.1743,47.46,322.53,C
10747,8.2066,6.622,1.987,2.3463,1.946,1.4207,53.94,413.29,A
10748,5.2109,3.9312,3.4305,2.279,0.8342,1.1743,49.68,361.61,D
10749,4.5727,3.7434,0.4768,0.5268,-0.361,0.2151,47.38,329.14,D
10750,4.0791,3.4647,2.9639,3.4264,2.5436,2.7849,53.11,385.62,D
10751,4.7225,4.4992,-1.0682,-1.0797,2.2855,1.8337,44.5,340.47,D
10752,-0.9098,-1.4911,-4.4681,-3.7427,-0.0683,0.4315,36.82,263.26,B
10753,1.324,2.872,-0.1733,-0.2908,0.8358,0.7697,46.04,345.24,A
10754,-5.2446,-3.5332,-1.504,-0.728,-0.2094,-0.2346,36.25,277.28,C
10755,-9.6973,-9.7319,0.2966,0.0166,-2.6987,-2.9636,29.94,223.28,A
10756,-2.1661,-1.9059,-2.4031,-2.3687,-3.5745,-2.9563,36.37,282.14,A
10757,-1.0802,-1.7345,3.2642,1.7739,-0.092,1.3304,43.9,310.79,D
10758,2.8873,2.5987,1.8483,2.2514,0.7155,2.0254,47.42,367.6,A
10759,-5.5305,-4.4337,-4.8086,-5.1091,-0.9177,-1.0645,33.43,228.97,B
10760,4.5788,4.8538,-1.9416,-1.131,-2.4099,-1.3051,45.17,301.69,D
10761,9.3986,8.0314,3.4617,3.0263,0.4647,1.5461,55.79,374.16,B
10762,-8.943,-7.7755,-1.0414,0.2549,1.3488,1.1351,36.64,278.48,B
10763,-2.62,-1.7549,-0.9237,-0.2755,-1.1692,-1.2663,38.42,281.73,C
10764,-2.5717,-1.0746,7.3653,7.3199,1.0198,1.3312,46.67,368.74,C
10765,-10.2502,-9.4574,-2.9884,-0.8458,-1.7156,-1.5428,30.67,216.27,A
10766,1.275,1.3889,-3.2957,-2.1812,0.1574,-1.4098,41.76,291.12,A
10767,1.3097,1.3434,-0.6356,-1.0837,-2.4856,-3.1175,42.14,283.96,B
10768,-0.1308,-1.5912,-4.6388,-5.5006,-1.7982,-1.0035,35.25,237.45,A
10769,-4.0768,-4.202,-0.8359,-0.2878,1.5314,1.6653,37.52,268.57,B
10770,10.8785,10.8866,1.2577,0.5316,0.4373,1.7405,51.46,397.75,A
10771,-4.9262,-3.8845,1.8828,1.4,-1.418,-1.0848,39.87,293.62,C
10772,-6.1922,-6.7118,0.641,0.0011,2.0775,1.0755,34.95,268.28,A
10773,-13.0117,-12.3275,-0.6428,-1.9426,-2.319,-2.3009,27.3,223.42,B
10774,-11.0835,-9.9947,-4.9505,-5.6829,0.0855,-1.1876,28.13,176.23,D
10775,0.5048,1.0706,-2.2281,-2.7838,-0.7424,0.4292,41.46,268.16,B
10776,7.3067,5.2312,2.356,3.0202,1.5664,2.1376,53.5,375.87,D
10777,11.0095,11.0114,0.4797,0.3646,0.6747,1.3402,55.87,429.32,C
10778,0.6464,1.6571,2.4081,2.5438,1.5276,1.1908,47.47,356.3,A
10779,6.4376,5.4697,2.8313,1.7438,1.1064,0.5292,51.8,378.99,A
10780,8.4907,8.2585,0.7624,0.2232,1.0858,1.0693,51.42,392.24,A
10781,6.2273,7.0695,4.9345,4.9256,2.0389,1.979,54.69,407.06,B
10782,-2.6518,-2.909,-3.2502,-2.3755,-3.0258,-1.6771,33.43,244.32,C
10783,4.3812,3.0594,3.063,2.8622,0.2031,1.9498,48.23,369.69,D
10784,2.5569,2.7853,2.3254,1.3108,-0.6856,-0.4806,46.02,324.42,C
10785,-3.9079,-4.9761,-0.4785,-0.9836,-0.7601,-0.6175,39.6,283.19,C
10786,2.6589,2.1131,-1.9066,-1.8901,1.7235,1.7508,46.07,322.09,D
10787,5.1942,6.4268,-0.9373,0.0295,0.8997,0.8943,44.9,330.17,B
10788,-5.2056,-4.9078,-3.4078,-0.7837,0.3145,1.2094,36.44,257.98,D
10789,3.6877,1.7466,-2.0192,-1.1991,-1.4004,-1.8092,42.75,306.7,A
10790,-6.8439,-4.9354,-0.3166,-0.9005,-0.4813,-1.3804,32.63,259.25,C
10791,6.9004,6.0613,0.4439,-0.8432,1.0515,-0.1476,46.66,394.26,B
10792,8.6759,7.7321,3.5451,3.522,0.6411,1.3655,52.58,394.78,D
10793,-2.565,-1.7237,-0.9021,-2.0631,-0.4365,-0.8319,35.67,283.94,D
10794,-0.9375,-1.5989,-3.8838,-3.2195,-0.7085,-0.8268,38.47,272.86,D
10795,-1.6073,-1.4107,0.1427,0.8263,-0.522,1.2357,41.53,296.34,B
10796,-2.0543,-2.148,-2.5971,-1.4318,-0.7263,-0.2098,36.77,255.74,B
10797,3.5891,2.5052,-0.2449,-0.27,-1.3682,-1.8494,45.62,332.22,D
10798,0.4879,1.2735,-1.6725,-2.0041,-0.8376,-0.6522,41.65,281.21,A
10799,7.9746,8.3244,0.5566,-0.5821,-0.5462,-0.3467,48.54,330.98,C
10800,2.5431,2.046,0.6394,-1.0246,-0.5583,0.2787,45.71,298.23,D
10801,-0.5032,-0.8743,1.348,0.9542,0.6293,0.5258,43.96,307.58,D
10802,-6.4313,-5.8831,-3.7225,-4.0951,-1.2307,-2.2739,35.87,240.09,C
10803,7.1738,8.5726,-2.7469,-2.0863,0.3498,0.7331,43.56,347.55,C
10804,0.8798,0.4186,2.5392,2.4494,-0.3736,0.5518,45.1,346.46,D
10805,5.9377,5.1309,-1.0759,-1.7532,-1.4527,-0.9296,43.91,330.48,D
10806,3.8531,4.2371,-3.3013,-4.3598,-0.1115,0.1372,42.05,307.93,D
10807,-1.8533,-0.0955,-1.7999,-0.7965,0.0689,0.3061,39.75,251.68,B
10808,-2.7424,-4.2257,-8.1419,-8.0406,-1.6275,-2.1333,28.93,184.22,C
10809,-2.0994,-2.3658,6.0176,4.8281,-1.2991,-0.9221,40.76,369.9,A
10810,-4.2297,-3.0679,-1.9771,-1.3189,-1.3913,-0.5381,36.85,268.98,B
10811,1.2772,1.1191,-2.1646,-3.2491,0.2941,1.2157,38.05,332.0,C
10812,0.3999,1.6258,-1.0903,-0.36,0.9149,-0.083,46.12,320.69,D
10813,5.5079,4.2863,4.844,5.1087,2.4168,1.5621,52.38,402.08,B
10814,4.0885,3.8737,0.2392,0.6024,1.6853,0.5859,46.44,331.3,A
10815,-0.6934,0.1744,1.0515,1.3201,1.4736,1.2011,44.36,330.84,A
10816,2.6065,2.0386,-0.0038,1.4193,5.0087,3.7876,47.84,356.43,D
10817,-6.5193,-6.5323,-2.83,-2.33,-1.2911,-2.4797,32.97,246.33,A
10818,5.4064,3.725,4.141,2.7577,-0.4786,0.5066,47.4,416.53,D
10819,-4.3699,-4.8524,-1.0177,-1.2308,1.379,0.9605,38.95,300.47,B
10820,-5.115,-4.8654,-3.1631,-4.2097,0.1419,-1.328,32.27,208.9,C
10821,-6.702,-5.0931,-0.3409,-0.0513,-0.0383,-1.2432,36.85,271.04,C
10822,5.9172,4.094,1.5241,1.9103,2.4464,1.873,50.98,377.35,B
10823,1.9976,1.2874,0.2532,0.6703,-0.3909,-0.5652,45.01,336.16,A
10824,1.4945,1.4145,2.307,0.6657,0.9447,-0.5016,47.33,322.02,D
10825,2.1451,1.3062,0.7619,0.3545,2.3876,1.6282,46.56,362.51,C
10826,-3.5332,-3.7075,1.953,0.7818,1.0589,-0.5628,41.24,270.84,C
10827,-0.2809,0.673,-2.819,-2.7922,0.4282,-0.1059,41.99,294.63,A
10828,0.9683,0.0498,-2.8352,-2.9389,1.0658,0.157,41.61,272.04,D
10829,-0.2231,0.3026,-0.0578,0.0867,-0.0613,1.1478,40.6,311.21,C
10830,-5.773,-5.192,0.386,1.5716,1.9921,0.4166,39.69,304.52,B
10831,-3.0536,-2.7044,-0.5929,-1.7665,-0.4526,-0.2527,33.99,286.32,C
10832,-2.5635,-1.7572,1.9024,2.5895,2.1946,2.9118,44.0,336.6,D
10833,2.9693,4.3711,0.0733,-0.1434,-1.367,-1.6137,43.92,298.04,C
10834,-2.6082,-3.8531,-1.9111,-1.6298,-0.9827,-0.7716,34.67,256.38,A
10835,-2.3153,-2.2127,4.31,3.5088,1.5731,2.6366,44.46,348.03,C
10836,3.2556,3.5735,-2.7486,-1.0367,-1.4797,-1.6746,40.83,313.77,A
10837,3.5877,3.0324,-2.2808,-3.5808,-0.0437,-1.1856,41.74,308.73,C
10838,-11.0076,-9.838,1.2955,2.286,1.1469,0.7357,35.49,276.1,D
10839,-9.5186,-9.4065,-6.0331,-5.0631,0.8393,1.1417,30.25,214.83,A
10840,-8.997,-8.2852,-2.425,-2.5945,-0.2841,-0.945,29.85,227.56,A
10841,-8.5405,-7.7492,-2.1869,-1.5112,1.2401,0.038,34.27,254.88,A
10842,-1.5513,-0.8281,0.6924,-0.1772,-0.4556,-1.3209,40.78,296.58,A
10843,-2.2129,-0.8909,-0.2417,0.6633,1.044,1.0532,39.89,315.98,A
10844,-1.7561,-3.5347,-1.9355,-2.802,-2.6006,-1.7249,38.56,275.23,D
10845,-3.0939,-2.238,-2.623,-1.3203,-0.9863,-0.1267,38.47,295.76,C
10846,-15.4211,-13.6397,-3.1841,-3.0459,-1.5775,-3.0922,25.96,193.98,B
10847,0.6716,1.8189,-2.2031,-2.9538,-1.6322,-1.477,39.01,235.3,A
10848,0.8267,-0.014,-3.6635,-2.6907,1.3643,2.3302,41.72,323.33,B
10849,6.8459,7.6613,1.6434,0.4481,-0.5008,1.4543,52.97,358.59,B
10850,-4.8516,-4.6491,-2.6964,-1.9116,-0.561,-2.264,31.98,245.85,B
10851,5.744,6.8845,0.5365,0.2892,0.5694,0.1814,50.59,346.72,C
10852,-2.9632,-0.9599,-0.6875,0.5026,-1.4301,-0.9726,37.92,267.52,C
10853,-9.617,-9.5078,-1.9266,-3.8053,-3.975,-3.7478,29.83,193.34,A
10854,-5.8978,-6.607,-1.6079,-0.6732,0.5983,-0.7875,35.98,280.41,B
10855,-1.785,-0.4708,0.6885,0.3592,-2.053,-1.2163,39.01,289.8,B
10856,-1.8122,-1.4215,-3.2347,-2.8431,1.2081,-0.0705,38.23,253.27,C
10857,1.3452,2.2867,4.2273,2.208,-1.4452,-0.593,47.74,332.96,C
10858,6.7513,6.4558,4.5398,4.6914,0.9061,0.3385,54.68,373.34,D
10859,14.0455,14.5966,2.734,3.7833,0.6378,0.4711,55.25,413.87,C
10860,-3.6382,-2.6081,4.897,5.1635,1.0905,1.592,41.57,361.29,C
10861,2.5131,2.807,-2.408,-2.3841,-2.1322,1.0362,43.17,286.26,C
10862,-3.4906,-2.7744,-2.0005,-1.8461,0.6341,0.6268,38.11,291.96,C
10863,2.0093,-0.3131,1.823,0.6093,0.5598,1.2315,45.89,332.44,C
10864,-3.8734,-3.9821,-6.0412,-4.1208,-1.6983,-1.2303,34.23,226.2,C
10865,1.3366,1.1796,2.5778,2.6577,-1.2878,-0.2304,48.06,340.99,C
10866,-1.3969,-1.8285,1.532,0.0172,-2.0409,-1.515,43.73,302.72,A
10867,9.7565,9.0823,3.1617,2.4079,1.2223,1.4351,53.46,390.81,C
10868,-4.0145,-2.3982,2.2627,1.9199,0.3756,-0.5378,43.22,297.42,D
10869,-6.5181,-7.4141,-3.8355,-2.5856,1.9107,0.2423,36.86,196.85,D
10870,4.5901,3.7921,1.1844,0.8591,0.6282,0.1275,44.7,352.98,D
10871,-2.3074,-2.1884,-1.469,-0.4636,-0.3195,-0.0922,41.77,292.63,A
10872,0.9605,1.4038,-4.3776,-4.0413,-2.8166,-3.0646,37.18,255.09,C
10873,2.5875,3.0486,-1.1212,-1.3357,-2.2699,-0.9166,45.39,304.21,D
10874,-4.4916,-4.8306,0.6043,1.2381,2.0775,0.2879,39.82,286.1,C
10875,0.1073,0.9013,-2.859,-1.4036,-0.7686,-1.4172,39.85,305.74,C
10876,5.4726,5.9566,1.0767,0.5336,-2.5033,-2.8154,44.99,337.22,D
10877,1.3663,1.631,-1.7224,-2.0032,-3.0532,-1.3726,38.41,277.52,D
10878,4.6061,4.2762,1.1472,0.0179,-2.2147,-0.8257,43.9,313.9,C
10879,-5.1601,-5.4825,-4.1557,-3.4944,0.392,0.7114,32.16,241.09,A
10880,-4.0758,-3.7623,1.9019,1.2879,1.2705,0.6659,41.68,292.18,C
10881,3.4321,1.6501,4.3674,5.1976,2.8168,3.9066,49.34,378.9,B
10882,-7.1738,-7.6863,1.2553,0.8702,-1.7397,-1.8721,37.32,273.58,B
10883,-2.6442,-2.2475,-4.1171,-3.8065,-2.2342,-3.2891,35.7,228.85,B
10884,9.3778,8.7785,2.0137,1.2639,-0.3943,-0.9856,49.76,386.9,D
10885,1.3505,1.9234,-0.241,-0.0135,0.0694,0.1937,41.95,314.65,D
10886,-4.2375,-4.7981,1.0703,0.6906,-1.1383,-0.3076,35.0,288.26,C
10887,0.8747,1.1075,-3.5239,-3.3085,0.2089,-1.5556,39.3,253.45,D
10888,3.0629,4.0024,3.2533,3.7343,0.3086,0.811,49.46,369.06,C
10889,5.7563,6.1457,4.5611,0.9788,0.1515,1.7542,50.74,372.1,D
10890,-1.8113,-2.57,3.1772,2.3195,-0.0559,0.1222,43.12,330.72,A
10891,-9.038,-9.9118,-0.5806,-0.383,0.0744,-1.0413,30.71,220.22,A
10892,-2.7944,-2.4948,-3.613,-2.1729,-0.6677,-0.7314,36.8,266.49,C
10893,-6.5574,-6.1833,-0.3926,1.2072,1.1782,0.442,40.18,269.98,C
10894,0.5309,-0.8092,-2.1532,-2.3203,0.0197,-0.3339,38.5,290.97,A
10895,-3.4997,-3.5065,-3.8293,-3.2029,-1.8673,-2.3517,33.62,258.85,B
10896,-11.2107,-10.9956,-0.8508,-0.9046,1.199,0.7385,31.55,258.21,C
10897,-6.5188,-4.2079,2.5314,2.1278,-3.8109,-2.7567,36.95,268.84,B
10898,4.1546,2.4038,-0.8806,-0.6646,-0.186,0.0625,45.49,340.45,B
10899,-0.8113,-0.9922,2.5129,2.9413,-0.2154,-0.7813,43.79,320.17,D
10900,-3.5663,-3.3735,0.4311,0.2648,1.5854,0.4199,42.49,297.57,C
10901,-10.4588,-10.5331,-2.6362,-1.6465,1.2439,-1.1123,34.09,231.23,B
10902,-2.3942,-1.8041,2.533,2.6026,-1.2415,-1.8411,43.23,302.68,C
10903,0.0798,-1.0661,-4.7498,-4.3531,-0.1007,-1.493,40.02,285.68,D
10904,0.1114,0.8553,-0.9729,-0.2884,-0.7492,-0.4519,43.35,284.95,A
10905,4.8113,5.2196,2.2851,0.0509,2.5678,3.692,48.68,370.76,D
10906,2.1944,2.7213,-2.3442,-0.8636,-2.0789,-2.6746,37.52,308.06,D
10907,-2.4297,-2.2526,2.8319,3.489,-0.1709,1.4259,44.84,318.64,B
10908,-2.5508,-3.0589,-2.8727,-2.8438,1.5306,0.1217,34.69,242.46,B
10909,1.4582,0.4505,3.7242,4.1881,-0.0295,0.5646,48.04,337.88,C
10910,1.2008,1.4612,4.1889,4.9429,3.7658,4.3306,49.88,376.84,B
10911,-6.64,-7.4358,-0.5652,-0.1042,-0.2072,-1.2885,32.4,269.12,B
10912,3.5474,3.5758,4.0414,4.5461,-0.0012,-0.5036,52.09,401.53,C
10913,-2.5751,-1.5287,0.9485,0.7792,-0.9479,0.1962,39.0,310.68,D
10914,0.0495,0.0497,0.3742,-0.4509,0.5026,0.6776,41.3,319.78,C
10915,-4.8621,-3.8373,1.9757,0.0645,-0.1411,-0.2039,36.95,285.88,C
10916,6.2658,5.9263,2.0996,3.4816,-0.5631,0.1969,47.45,389.0,C
10917,3.3234,3.3427,-1.1384,-0.0285,1.4973,2.6,48.23,349.27,B
10918,-6.6789,-5.6187,0.0868,1.1824,-0.564,-0.4765,37.51,253.77,A
10919,1.0858,0.614,2.0703,3.5852,-0.9857,-0.1262,44.95,335.26,A
10920,7.133,6.6314,1.3369,2.292,1.513,1.8574,56.26,381.32,A
10921,10.9494,10.8412,6.8318,6.0333,2.2991,2.5552,59.27,452.92,D
10922,5.071,4.1695,-1.1254,-0.7291,0.5958,2.0175,43.41,324.15,D
10923,-1.452,-1.0636,-0.7151,-0.1231,0.7503,0.0202,42.76,312.66,A
10924,0.6777,1.7695,3.2662,2.0527,-1.0842,-0.719,48.13,314.8,B
10925,-14.7156,-13.7409,-1.5384,-0.8578,-1.1074,-2.1293,27.98,230.88,B
10926,-4.2784,-3.7523,-0.9913,0.2631,0.3766,0.1471,38.91,274.54,B
10927,8.2193,8.1532,1.5328,0.7756,-1.5892,-1.8243,50.33,358.56,A
10928,-0.2512,0.6612,1.0051,1.3939,2.0099,1.3994,46.75,333.09,A
10929,-4.3143,-4.2412,-0.8538,-0.9851,1.6326,2.6063,37.41,279.26,A
10930,-0.8001,0.7928,1.743,1.9841,2.4448,1.1785,43.17,334.84,C
10931,2.1077,1.2997,2.77,3.1003,0.9352,1.6293,49.94,381.36,B
10932,1.2641,1.9968,-0.3038,0.3379,0.4637,0.4542,45.07,315.64,C
10933,3.6889,5.2989,2.2133,1.7248,0.5133,-0.3688,47.48,377.55,D
10934,-3.5233,-3.1555,-1.3477,-0.4745,0.1925,-0.2155,37.84,271.94,A
10935,1.1205,0.9152,-0.3779,-1.4687,1.303,0.737,40.47,349.09,B
10936,-1.5509,-1.6462,2.1261,2.6427,0.9057,1.1414,43.61,300.84,B
10937,0.103,-0.243,-3.3868,-3.8893,-0.4219,-1.2392,36.87,260.73,C
10938,8.232,7.9067,3.1835,4.2816,1.6676,2.9066,54.92,422.31,A
10939,-6.0538,-5.1568,-1.2927,0.1108,2.7891,1.6198,37.8,271.88,B
10940,9.3564,10.0364,2.9923,3.3182,3.3098,3.1793,55.84,390.08,B
10941,-1.5346,-1.4433,-4.5668,-3.6318,-1.7076,-2.5079,37.36,258.79,C
10942,6.0753,5.6544,-2.3643,-1.43,0.8756,0.0913,49.08,331.08,A
10943,7.3992,6.1807,1.7914,1.5742,2.6366,1.3615,54.57,372.24,B
10944,4.2869,3.7827,3.5933,3.0782,1.5088,0.3562,51.19,399.22,D
10945,-5.3817,-3.7638,-1.2072,-1.0566,1.5856,0.994,36.43,273.09,B
10946,3.5222,4.3339,0.4991,0.8784,-0.5226,0.3829,44.82,351.08,D
10947,3.9268,2.233,-1.0236,-0.1499,0.3753,0.2028,42.58,321.84,C
10948,1.1088,2.5499,2.4484,1.5703,0.4956,0.8429,44.37,334.04,B
10949,8.8003,7.7775,-1.577,-1.5847,1.4428,1.8137,49.32,346.97,B
10950,-2.7607,-0.5144,0.2851,0.7462,1.1071,1.3187,43.15,298.54,C
10951,-2.6072,-3.9982,-5.1443,-4.5779,0.2126,-0.1505,33.37,220.44,B
10952,-3.8566,-2.5398,1.8084,1.9228,0.2995,1.61,38.99,318.33,B
10953,0.5668,0.2792,-2.5506,-1.7077,-1.2741,-1.2387,39.82,270.3,C
10954,6.07,6.2991,-1.3162,-0.8176,1.1397,0.219,48.92,351.44,A
10955,5.5471,6.2786,-1.0552,-0.413,1.1981,1.8426,46.49,365.51,A
10956,-1.0382,0.0525,7.7879,8.927,1.4586,1.6183,48.76,414.21,C
10957,-8.1082,-7.3722,-0.1093,0.6321,0.9006,0.9382,35.55,311.24,B
10958,-1.3593,-1.5564,-2.1845,-1.3151,-0.0661,-0.6864,37.7,241.11,C
10959,-3.5095,-3.4991,-2.0545,-1.2999,0.4236,0.7519,37.73,267.59,C
10960,-8.0328,-8.2628,-3.2445,-4.077,-2.423,-2.1662,30.94,217.26,C
10961,-3.0036,-2.6047,0.4163,0.8065,-1.9983,-1.5004,36.99,310.04,A
10962,-6.759,-5.4982,1.9731,1.3879,2.0847,1.7767,41.45,289.74,C
10963,-1.6869,-2.732,0.6211,1.0199,-2.357,-0.5949,40.86,311.69,A
10964,-3.2465,-3.6201,-0.3261,-1.8025,-0.887,-1.0641,39.33,285.95,C
10965,-3.3472,-2.9119,-4.2066,-2.9754,0.6058,-0.1231,33.36,258.15,C
10966,-0.5665,-1.6123,1.9951,2.5457,3.0719,2.8794,45.95,323.55,C
10967,3.5582,4.0843,3.895,2.7788,-1.1971,-0.9882,45.83,367.55,C
10968,-3.3601,-2.3723,0.6211,-0.0457,1.4748,1.5954,39.38,290.04,A
10969,3.9825,5.9134,3.48,3.0482,1.6507,1.8661,52.18,366.36,C
10970,-6.0374,-6.2961,0.4208,0.6802,0.3357,1.4258,36.95,269.38,C
10971,5.7519,5.6207,-0.574,-0.8887,0.3397,0.3812,45.66,319.12,D
10972,-8.4241,-7.2579,0.4065,-0.0442,-0.3889,-1.2952,34.66,256.06,D
10973,-7.4458,-7.816,-2.02,-1.758,-0.3856,-0.5516,31.44,248.47,B
10974,1.2438,2.0393,3.838,3.5866,2.5377,2.5132,46.89,375.46,C
10975,2.15,4.0053,-0.1758,0.3981,1.5368,2.328,44.48,326.02,C
10976,3.3717,3.0643,-3.8092,-2.9368,-1.6984,-0.7395,42.54,260.95,C
10977,2.0825,2.0856,-0.951,-0.5958,-0.3017,0.4153,46.88,301.2,A
10978,3.4697,2.8795,-0.908,-0.9848,-1.1888,-0.5949,45.17,334.3,D
10979,-3.5105,-3.4303,3.1824,2.6654,2.4606,1.7283,46.36,323.96,A
10980,-0.2174,1.7599,1.8121,2.3974,1.2762,0.7402,48.44,338.63,D
10981,-5.3305,-4.6624,-1.7409,-0.59,0.5834,0.205,39.74,281.85,A
10982,-0.2933,-0.4848,-1.8467,-2.3106,-1.145,-0.5663,35.57,282.51,A
10983,-10.222,-7.9827,2.5147,3.1553,1.2112,1.4187,37.56,303.85,B
10984,4.5636,4.5718,2.6611,1.319,-0.2454,-0.5408,48.27,364.64,C
10985,-7.1396,-5.2197,-0.761,-0.5443,-0.9761,-2.0612,33.69,282.52,B
10986,-5.1273,-6.2184,-7.1286,-5.2838,-3.3628,-2.001,29.02,205.28,C
10987,-3.7036,-3.2846,-1.1599,-0.7412,-1.1024,-1.4709,36.28,285.6,C
10988,9.048,6.4045,5.2171,3.7376,2.4017,3.6037,57.0,420.92,C
10989,9.3202,8.7543,0.8489,-0.5541,1.1195,1.1066,53.09,364.74,D
10990,1.4379,1.9235,3.2259,4.2845,3.2871,4.5277,52.04,362.94,C
10991,-5.3979,-5.9482,-1.4089,-0.9106,0.0986,-0.1197,32.81,278.2,A
10992,5.0682,5.2377,0.0094,-1.0048,-1.2393,-0.6185,48.3,351.3,A
10993,-1.7508,-1.5688,-3.608,-2.7476,-2.2628,-2.4834,36.34,264.77,B
10994,6.0623,5.893,4.1557,3.2833,1.3114,0.9146,51.76,370.06,C
10995,-6.6101,-6.4016,-2.0625,-2.8828,-0.501,-1.9268,30.45,230.95,D
10996,-6.745,-6.9395,-3.2367,-2.8972,-1.0888,-0.7676,34.36,240.02,A
10997,9.9954,9.4415,4.5981,2.9415,0.9958,0.371,54.34,415.73,A
10998,-6.4028,-6.4901,-4.2123,-5.4254,-1.7785,-2.151,28.47,191.34,A
10999,-12.8431,-12.7113,-3.4222,-1.3812,-0.988,-0.6856,28.85,191.02,D
11000,2.4064,4.0282,-4.7521,-6.1372,-4.3123,-3.0767,35.74,263.45,A
11001,-0.341,-1.1749,-4.8245,-3.9677,-1.1975,-1.6137,37.02,244.08,B
11002,-4.4473,-3.4821,-2.216,-2.7393,2.1902,0.8777,36.16,252.68,C
11003,-11.3214,-11.5913,0.2338,1.3241,-1.5472,-3.0239,30.88,242.6,C
11004,2.1706,1.2552,0.4703,1.2494,1.5926,2.5157,45.22,344.98,B
11005,-2.6183,-2.2566,1.3507,2.3551,2.393,2.265,44.87,321.5,A
11006,-1.7358,-1.2475,1.7683,2.1426,1.752,1.3833,44.74,346.12,C
11007,-4.6326,-5.9691,-4.0921,-2.0065,0.9751,-1.1601,32.85,236.44,A
11008,-1.7855,-1.4327,0.411,-1.5696,-2.3431,-2.805,40.31,318.49,D
11009,-2.2958,-2.6488,-0.1889,0.9109,1.7091,0.8791,41.7,290.53,B
11010,2.5963,3.3196,0.1906,0.3038,0.0593,-0.1605,42.59,340.27,D
11011,-2.4864,-3.3523,-1.2417,-0.8277,0.5979,-1.0424,37.44,307.62,A
11012,-0.9036,-0.9008,-1.9103,-2.8491,-2.912,-1.8394,38.59,300.1,B
11013,0.4713,-0.239,0.6013,0.1658,1.0237,0.5589,47.4,313.98,D
11014,2.993,3.5601,-0.9395,-0.3166,-1.2705,0.0762,46.32,309.0,A
11015,2.1856,3.1073,-2.8392,-2.4036,-0.864,-1.2815,40.97,283.88,A
11016,-0.5808,-1.0077,-0.6,-0.9127,-1.744,-1.8823,42.23,288.13,A
11017,-0.1109,0.1898,2.2954,2.2381,-0.0762,-0.2837,41.24,352.9,B
11018,-3.554,-3.2197,0.2272,-0.1753,-1.365,-2.9935,37.47,276.2,C
11019,-4.3718,-4.5912,-2.823,-2.8788,-1.6707,-2.249,36.36,276.7,A
11020,7.3046,6.9904,3.402,4.2329,3.6278,3.2193,54.38,419.04,B
11021,0.6363,-0.2522,-2.8851,-3.069,-0.3655,-2.0123,37.74,257.14,C
11022,3.1717,4.5282,2.1239,1.6167,1.2403,0.0988,48.35,364.34,D
11023,2.3765,3.2483,4.2541,3.4046,4.6847,2.8234,50.37,365.82,B
11024,-1.7256,-2.3093,2.4358,2.5664,0.578,1.7118,43.45,328.76,D
11025,-3.1075,-3.2231,-1.8495,-0.3286,-0.0059,-1.0889,37.93,257.7,D
11026,-9.0896,-8.8979,4.4045,3.8121,1.106,2.4202,40.03,301.74,B
11027,3.1069,3.847,3.982,3.5851,-1.1825,0.3044,45.28,352.58,C
11028,3.9442,4.6982,1.8353,2.441,1.8079,1.639,51.11,326.97,C
11029,6.6203,6.2028,-0.9609,-2.3209,-1.2177,0.1548,45.13,313.52,B
11030,0.7919,0.8192,0.9506,0.6988,-1.4779,-0.9356,40.72,337.1,C
11031,5.547,5.0103,3.507,4.2826,0.9523,2.2882,51.04,410.36,A
11032,-8.9544,-8.5536,-2.5485,-0.5889,-1.6761,-0.5397,32.46,217.01,C
11033,2.7411,2.3476,3.5417,2.4798,2.1272,3.006,49.03,406.7,C
11034,-0.3067,-0.6947,-1.9602,-1.1066,0.7343,0.0846,41.09,326.16,B
11035,-1.5365,-1.6657,-0.5756,-1.0134,0.6887,-0.1919,35.85,269.02,D
11036,4.0772,5.3951,3.1361,2.0556,0.2883,-0.4312,49.97,353.91,C
11037,1.9417,0.6887,-0.8663,-1.1225,-1.086,-1.7664,41.06,358.28,B
11038,-4.794,-4.0777,2.0187,3.1248,1.7578,0.5511,41.87,324.74,C
11039,-1.4055,-3.2585,-3.4305,-3.4095,-0.824,-1.4427,35.76,268.26,B
11040,4.5781,3.3783,0.3086,0.0433,0.2141,0.9144,46.62,343.05,A
11041,5.5667,5.0288,0.4953,0.8244,-1.8425,-0.3798,44.17,335.94,A
11042,0.4465,0.8175,-0.8785,-0.405,0.7836,0.4768,41.69,344.2,A
11043,3.027,2.4792,0.149,-0.8431,1.1484,0.4832,45.59,340.99,C
11044,-5.667,-6.4976,0.0279,0.7649,0.2028,1.3071,32.77,272.48,D
11045,3.8686,4.0793,2.0332,2.2742,0.4305,0.7169,49.46,369.44,A
11046,4.5842,5.1585,3.1034,2.7948,-1.2723,-0.8032,45.39,322.14,D
11047,-0.2505,0.3987,-3.9746,-2.9882,-1.166,-1.3066,41.16,278.97,D
11048,-6.1383,-5.9826,0.5588,0.3464,0.0871,-1.6289,34.97,272.54,B
11049,-4.5912,-5.326,-4.9041,-4.7769,-2.3452,-3.5239,27.29,203.99,C
11050,4.2259,3.5533,1.4677,0.4233,0.5485,0.0356,47.31,326.24,D
11051,5.961,4.9376,-1.57,-1.4907,1.8593,2.1644,46.94,318.2,D
11052,-0.6013,-0.1146,0.5245,0.4283,1.2652,1.8634,37.91,318.96,D
11053,-5.4887,-5.9767,3.5293,3.0909,0.5733,1.0381,38.99,297.79,A
11054,2.367,1.9804,3.6204,1.8714,0.5804,-0.066,49.77,356.84,C
11055,1.9305,-0.4265,0.3283,1.4919,1.7738,1.025,44.28,320.96,B
11056,7.6442,7.9017,2.4485,1.2448,1.3662,-0.0513,52.81,364.54,A
11057,5.8632,5.5935,3.3735,3.215,0.9304,1.5326,51.05,395.33,D
11058,3.166,2.5667,1.2011,0.3972,-2.2999,-1.3745,43.49,289.5,A
11059,-0.7836,0.2639,-2.6502,-1.5494,-1.0033,-2.2612,37.09,265.96,D
11060,2.3296,1.2819,0.1625,1.1758,-0.5148,-0.6794,42.68,339.34,D
11061,6.0988,4.9087,-2.0758,-2.3839,-1.1909,-1.157,44.31,326.9,D
11062,-9.1307,-7.7972,-3.5618,-3.1206,1.1249,-0.9685,31.68,229.42,B
11063,3.6325,3.6455,0.571,0.4379,-0.3968,0.5793,45.41,349.96,D
11064,-13.6992,-14.587,-5.6795,-2.031,-2.6362,-2.3035,24.07,143.13,D
11065,-8.8041,-9.1455,-1.35,-0.6336,2.4575,1.4916,32.64,275.62,C
11066,-6.98,-7.4593,-1.6177,-0.5813,0.3218,1.121,33.51,267.29,B
11067,-8.0439,-6.5737,1.269,0.9377,0.4952,1.0517,34.47,272.49,D
11068,-12.6882,-12.7426,-4.2786,-4.1663,-3.4366,-3.4529,25.59,214.93,D
11069,7.9785,7.506,-1.1681,-0.3774,0.6755,0.79,48.5,356.63,D
11070,7.2692,8.3647,1.6977,1.1227,1.9887,2.4491,52.68,389.47,A
11071,5.3663,5.2195,2.6773,3.3839,0.0534,1.7657,50.18,422.07,C
11072,4.5549,4.1247,1.3795,0.7571,-0.0709,0.0485,45.8,343.05,D
11073,-3.7789,-3.0032,-0.7199,-0.0089,-1.2747,-0.5698,37.56,281.76,B
11074,-0.7324,-1.7577,-0.0177,-0.3912,0.0112,1.2642,40.93,313.56,C
11075,6.97,6.3611,1.5789,2.1353,1.7052,1.3099,48.79,389.82,A
11076,8.2802,7.6225,0.3622,0.9381,2.4615,1.3097,53.11,386.24,B
11077,-0.2577,-0.9828,-2.8676,-4.1242,1.0392,1.0539,39.45,245.93,A
11078,-8.0255,-6.756,-5.7831,-5.2153,-0.9356,-1.424,25.44,189.46,A
11079,2.9624,1.8172,-5.6139,-5.595,-1.9622,-1.2524,34.76,255.74,C
11080,-6.6605,-7.258,-4.5856,-3.4834,1.6066,-0.0002,32.06,231.3,D
11081,-4.5192,-3.429,-3.4107,-3.0675,-0.8378,-0.7943,36.57,274.22,C
11082,-6.0792,-5.9452,-6.301,-5.7129,0.8697,0.423,32.76,200.26,B
11083,-1.3232,-1.0845,0.3716,-0.5777,-1.1849,-0.7569,40.59,294.3,B
11084,2.7283,1.2618,-3.5567,-4.5748,-0.6502,-0.6641,42.15,273.41,C
11085,-8.914,-8.8797,1.3152,0.0876,2.2835,0.7339,39.6,289.86,A
11086,0.9968,0.2552,0.8763,2.2546,1.6159,1.3127,45.73,359.98,C
11087,-13.0135,-12.8765,-2.8326,-1.5281,1.0067,0.2169,29.56,191.44,B
11088,6.6184,6.8283,2.713,3.7637,1.1792,2.0791,51.67,378.23,A
11089,-0.1398,-0.0305,1.0862,1.6452,-0.3154,0.0129,42.58,304.22,B
11090,1.7651,1.6143,3.8442,4.0292,1.7485,2.3817,50.45,367.72,B
11091,6.8831,6.8271,2.5372,2.2962,-1.1658,-0.8382,46.52,371.74,C
11092,1.1859,1.2108,1.7521,2.0346,3.3925,2.8059,42.69,348.39,D
11093,-3.6865,-5.7473,-1.4849,-1.9026,-0.5049,-0.3587,32.56,263.89,D
11094,1.8701,2.3733,1.4714,2.1168,0.3751,1.674,48.2,344.36,C
11095,-2.4071,-3.0947,-2.2067,-2.1557,-2.7572,-1.9956,33.98,250.87,D
11096,5.6085,5.6315,5.1928,4.7962,1.3187,3.4647,52.49,402.07,D
11097,-0.5408,-0.7443,2.4541,1.9269,1.6861,1.1104,45.0,340.02,B
11098,-2.9191,-3.1964,-1.0184,-1.2255,0.7139,-0.0222,39.79,294.36,C
11099,1.9023,2.025,0.4253,-0.6337,-0.2838,-0.5924,44.54,334.43,C
11100,6.8427,6.5402,-0.6433,-0.6558,-0.9904,-0.1835,47.42,344.99,C
11101,-3.4289,-3.0305,-4.147,-3.0664,-0.0125,0.1934,35.87,250.58,D
11102,-4.2505,-5.4211,-3.4178,-2.9271,0.429,-0.4269,33.19,242.51,D
11103,-9.4959,-9.3569,-4.1318,-4.2954,-0.1142,-1.0064,34.71,219.57,C
11104,-5.7667,-4.9359,1.3401,2.5793,1.3509,0.0615,42.05,280.5,C
11105,-3.0039,-4.1708,1.0418,3.71,1.0262,0.069,44.61,338.14,C
11106,2.6,3.1807,4.9668,3.6943,-1.0706,-0.0576,47.1,391.24,B
11107,-2.3048,-0.9376,1.6234,2.6163,-0.4151,0.5666,40.61,313.77,B
11108,-9.1604,-8.9117,1.7792,3.3393,2.5823,1.4341,35.51,287.59,A
11109,4.5031,3.6633,1.4515,2.0684,2.4346,2.087,50.65,357.22,C
11110,-3.6488,-3.207,-4.0769,-3.2599,-1.1486,-2.9714,38.69,261.57,A
11111,-3.2413,-3.866,1.7604,2.0861,-1.0094,-0.615,39.26,339.99,A
11112,-4.0103,-2.989,2.4201,2.5894,-0.2759,-0.5104,39.52,300.7,B
11113,-2.2892,-2.936,0.6767,0.6765,-0.8411,-0.1881,38.3,311.54,C
11114,1.2011,-0.174,0.2148,-1.5934,0.2325,-0.6552,42.17,305.48,C
11115,-0.8493,-1.3199,3.7837,2.633,-1.0109,-1.4456,46.17,344.77,C
11116,11.7532,10.8642,8.1606,6.285,1.5999,2.7303,60.91,445.42,D
11117,1.5214,0.7183,-0.9146,-0.9189,-2.1274,-1.6466,37.83,301.2,B
11118,1.6591,1.8043,1.3204,1.4539,0.5987,0.8872,45.16,346.72,B
11119,-1.3581,1.0011,3.3381,2.9689,-0.8211,1.6166,44.07,340.99,A
11120,1.0317,0.3636,-3.3089,-2.5939,-1.2851,-2.4327,41.73,271.94,C
11121,-1.4241,-0.8283,-1.7704,-2.002,-1.9599,-0.8608,36.67,261.8,B
11122,-2.6302,-1.8753,-0.3612,0.7242,-2.4305,-1.8994,40.94,310.19,A
11123,-10.0461,-9.4058,-1.5101,-1.0786,0.3294,-0.1248,31.91,231.38,A
11124,-8.0873,-7.0175,-6.2544,-6.1259,-1.6339,-2.209,27.49,182.42,B
11125,-11.0299,-11.0129,-5.5353,-5.6635,0.5045,0.3071,26.66,200.0,C
11126,1.5038,2.001,3.9555,4.4085,-1.7672,-0.7113,46.34,369.6,B
11127,1.0949,0.642,1.1515,1.0908,2.4722,2.5391,44.99,331.45,D
11128,1.1969,0.9954,-3.5744,-2.7526,0.0524,-0.491,38.22,269.74,B
11129,0.6053,-0.3804,-1.0899,-0.2684,2.6137,2.7329,42.93,332.89,C
11130,-5.9208,-4.884,0.9962,0.4842,-2.5851,-3.1997,37.39,261.12,A
11131,6.8438,5.8219,1.7147,1.1291,-0.6845,-0.2562,49.11,352.84,B
11132,-3.2665,-2.5457,-2.0337,-1.0083,0.2814,0.6723,39.23,244.03,A
11133,0.2628,1.8363,-1.9687,-2.3776,-1.6699,-1.1732,40.54,269.08,C
11134,-1.9244,-3.5677,-0.5444,-0.6814,-0.1468,-1.0067,41.1,295.65,C
11135,0.6686,0.9955,-0.5204,-1.598,0.295,-0.7409,44.37,346.06,C
11136,5.1421,5.0928,4.5255,3.78,1.7047,0.9501,55.69,403.88,D
11137,-1.5404,-3.6167,-1.8046,-1.2977,-1.0196,-1.0128,35.79,281.04,D
11138,2.44,1.5931,-0.1895,-0.0466,-1.4847,-0.4441,41.03,328.42,B
11139,5.9081,5.8886,3.5422,2.7336,-1.3301,-0.31,47.38,383.74,B
11140,-5.4852,-6.3046,-3.2354,-3.7657,-1.4426,-1.9893,31.79,221.13,B
11141,6.1121,4.8141,0.3534,1.2606,0.514,1.2542,50.49,359.6,C
11142,8.2771,7.6946,2.1817,1.1608,1.8559,2.5916,54.77,373.63,D
11143,-6.1139,-5.0634,-5.1164,-4.0798,-1.1161,-2.0624,31.55,206.32,A
11144,5.7605,5.3035,-2.24,-1.6586,0.5467,-0.9084,42.66,280.78,D
11145,5.4237,5.7576,-1.0325,-0.9872,0.9157,1.6357,48.16,323.1,B
11146,2.1816,3.1629,0.3714,1.224,-1.0216,-1.291,46.86,338.94,C
11147,-0.6169,0.826,-1.0464,-1.5038,0.0038,-1.1843,41.02,309.3,D
11148,-6.5417,-9.2363,-2.1273,-0.936,0.0213,-0.2311,32.83,270.45,A
11149,5.1856,3.2489,3.263,3.5659,-1.6725,-1.4681,51.69,377.96,D
11150,1.929,2.2723,0.6254,0.4102,-0.5508,0.4963,45.29,342.6,A
11151,1.7431,2.848,-0.0694,0.7583,-1.4631,-1.4418,45.16,336.84,D
11152,4.1424,4.3137,2.4425,1.8824,0.5051,-0.5191,48.86,331.86,A
11153,1.8353,2.5978,2.4921,2.8423,2.9325,3.1204,51.06,395.54,B
11154,5.8529,5.4073,0.1285,0.1718,0.5269,-0.0287,44.25,354.52,B
11155,0.0719,0.9893,3.8139,2.3948,0.5174,1.085,45.26,365.9,A
11156,-6.2667,-7.383,1.4097,0.8358,-1.9831,-0.2538,36.93,287.2,A
11157,-2.6787,-3.8602,0.0362,0.9123,-1.5313,-0.6573,39.16,280.53,B
11158,0.6097,-0.6109,4.4595,5.2382,-0.7178,0.1756,51.01,371.88,D
11159,-4.9509,-5.4971,0.7426,0.1463,-0.4556,-0.364,35.57,277.98,C
11160,6.165,6.7793,5.6275,4.3847,0.0885,0.5602,54.26,412.61,B
11161,-2.5398,-3.422,-3.4078,-2.7299,-0.0333,0.2032,39.27,259.43,D
11162,2.9659,2.2811,-2.2071,-2.9802,-1.7372,-1.5627,38.7,276.98,A
11163,-6.3222,-5.0414,-2.6725,-3.6739,-1.2925,-1.957,32.99,234.95,B
11164,2.4451,2.922,-0.8956,0.4632,-0.1595,1.5816,46.7,334.82,C
11165,8.7879,10.7345,5.4096,5.4,-1.1149,2.0189,59.32,433.52,A
11166,-9.6487,-8.9246,-3.2767,-4.0291,-0.7222,-2.4569,29.4,236.77,C
11167,8.842,7.2425,4.3926,4.822,0.3975,1.646,55.64,403.57,C
11168,7.7151,7.057,-4.7641,-4.1729,-0.4708,0.1587,45.34,308.42,C
11169,-2.0527,-1.7837,0.5822,0.2732,1.0708,1.2061,42.19,306.36,A
11170,2.2138,2.734,1.8917,1.2464,-2.4853,-2.0154,44.52,354.84,D
11171,4.9619,4.4998,1.972,1.4074,3.927,4.1228,51.42,413.36,B
11172,-5.5813,-4.6521,5.9907,5.2558,0.918,0.8065,43.23,318.0,C
11173,0.7049,2.1195,-4.8086,-3.4087,-1.8037,-1.9425,36.23,300.42,C
11174,2.0594,2.2628,0.9216,1.9002,-2.3886,-1.4231,43.18,307.73,B
11175,-5.2546,-5.694,-2.1966,-3.1289,-1.9598,-2.7562,33.44,266.01,D
11176,-0.5383,-0.7508,-2.3118,-3.3854,-0.6924,-1.1416,40.47,272.03,B
11177,5.0904,3.8176,6.2762,5.5943,2.4024,2.7091,55.14,392.34,B
11178,0.9229,-0.7737,-4.0598,-4.4327,1.1442,0.705,37.77,293.48,C
11179,-1.7621,-0.5112,6.8839,7.0261,-0.4468,0.3274,48.47,376.91,A
11180,-5.4329,-5.7892,0.8792,1.4332,0.4229,-0.9611,36.85,286.08,D
11181,-2.5316,-1.9805,2.788,2.6236,1.4605,0.8872,45.85,338.32,A
11182,-1.8766,-2.5153,-2.272,-1.5253,-0.6866,-0.544,35.89,305.16,A
11183,-1.2952,-1.327,2.3851,3.7209,-0.1329,-0.6982,47.27,341.98,B
11184,3.8103,3.4088,0.1822,0.4766,1.8141,0.7501,48.04,381.1,A
11185,8.8439,8.406,4.3185,3.6989,-0.1297,1.651,54.64,398.51,C
11186,0.9615,2.4148,0.2877,0.1316,-0.5318,0.409,41.78,342.2,D
11187,1.3613,1.1839,9.8233,8.8406,2.9132,3.2229,54.48,446.74,B
11188,-0.003,0.3959,-2.2681,-2.5068,-2.4104,-2.3758,37.98,295.29,C
11189,3.7238,3.4994,1.252,1.7339,-0.5821,-0.4713,46.21,332.75,C
11190,4.0671,3.9773,1.3448,0.2327,-0.7676,0.0502,44.34,332.43,C
11191,-2.5522,-1.8078,-0.3606,-0.0486,-0.8464,-1.8701,37.74,277.29,B
11192,10.7168,9.6166,6.4284,4.6347,1.9604,2.1627,61.83,431.0,C
11193,-1.6951,-2.2891,-1.858,-1.6089,-2.3401,-2.7512,39.01,273.87,A
11194,-0.6201,-0.8187,2.0795,0.1831,-2.3673,-3.0808,43.84,317.58,B
11195,-1.8992,-2.2174,2.8278,1.7105,0.3165,0.5205,46.42,320.64,C
11196,6.967,4.964,2.0038,2.3544,0.7302,1.5907,50.28,375.24,D
11197,0.69,0.6781,-3.5426,-1.7614,1.9185,0.1826,42.43,307.08,C
11198,2.4328,3.3782,3.2866,1.8802,-2.1833,-1.0542,46.01,350.35,A
11199,-5.4977,-5.1371,-0.4764,-1.6893,-0.8757,-2.1612,32.88,254.27,C
11200,-0.465,-1.1215,-0.8334,-1.641,-1.0878,-1.2577,39.87,302.8,D
11201,-5.9346,-5.6438,-0.2023,0.8983,-0.5858,-0.2498,38.86,267.04,C
11202,0.5626,0.2306,1.9479,1.4909,4.0947,4.12,50.38,355.67,A
11203,-3.1603,-3.8093,0.8255,-0.1047,1.7562,1.429,41.42,314.48,A
11204,6.9452,7.6032,3.3182,3.6833,3.1503,3.1288,55.68,399.97,B
11205,7.4259,6.2592,2.2794,1.4159,-0.5422,2.0238,49.9,393.37,A
11206,0.1526,0.7944,0.1984,-0.9019,-0.9695,-1.0638,43.13,293.9,A
11207,16.6856,16.3362,6.8594,3.9666,-0.1758,0.6642,61.29,460.22,B
11208,-4.7075,-3.9011,-1.8156,-1.8475,-1.5495,-1.7629,32.93,280.15,D
11209,-0.0527,-1.041,0.7947,1.2039,-1.2364,-0.53,40.07,296.29,D
11210,0.2209,0.9968,3.9408,4.9913,1.5245,1.4837,49.87,347.34,B
11211,4.6989,4.7264,-2.0552,-2.2529,-1.2209,-0.803,39.08,315.98,C
11212,1.6625,3.0079,3.1489,3.1343,0.3819,0.6031,47.05,360.61,A
11213,-3.7989,-4.6472,-0.1929,1.2622,1.5391,1.1843,42.1,287.53,D
11214,11.652,11.355,4.0448,4.4777,-1.3234,0.0529,57.95,438.12,D
11215,4.4215,2.3026,0.6457,0.0009,1.2367,1.6427,44.75,338.76,A
11216,2.7623,3.071,-0.3171,-0.8096,-2.9725,-3.0724,42.97,321.45,D
11217,8.9669,10.5595,-0.302,-0.3182,-0.3455,0.4016,49.66,366.38,D
11218,-9.3647,-10.0581,-3.2509,-2.3794,0.1456,-0.8062,27.72,233.29,B
11219,0.6961,-0.458,-3.433,-3.4713,-0.5612,-0.8977,40.09,265.52,B
11220,-6.4129,-7.0736,-0.2553,-0.2904,-1.5187,-0.4861,35.97,246.8,C
11221,0.599,0.5764,-3.8621,-2.967,1.8522,-0.8512,41.77,280.95,B
11222,-3.596,-2.7514,-1.2118,-0.8933,-0.6498,-0.8336,36.77,264.5,A
11223,2.4479,3.2532,-1.3057,-1.7582,-1.1594,0.3624,39.83,307.87,B
11224,-7.1877,-6.0238,-0.4697,0.052,-1.3097,-1.2808,34.44,255.9,A
11225,1.873,0.6704,0.4482,0.3122,0.3099,-1.0137,43.43,309.94,A
11226,2.8816,3.038,1.25,0.6451,0.4604,-0.5583,45.79,332.98,A
11227,-1.0624,-1.0108,2.2428,2.3692,1.1133,0.3022,38.8,313.36,B
11228,0.6094,-0.2023,0.0558,-1.0292,0.207,0.5953,42.39,334.56,C
11229,1.8339,1.2095,-0.2307,0.1503,0.8086,0.6725,43.29,303.77,B
11230,4.6892,3.394,2.2143,1.5832,0.7488,0.946,49.48,365.56,C
11231,-4.489,-6.1888,0.3345,0.7667,0.4534,0.2614,37.83,278.24,D
11232,2.3701,1.784,2.0978,1.0346,-1.4538,-1.3451,44.03,318.87,C
11233,0.938,0.5467,-0.6364,-1.4911,-1.7543,-0.2921,42.03,309.33,B
11234,-1.0284,-1.2881,2.6829,1.7267,1.1376,0.5433,44.84,307.56,B
11235,4.4566,3.6735,4.3383,3.5274,0.5395,1.8553,50.65,388.06,A
11236,-2.2382,-2.5911,1.7195,1.9197,2.1861,1.8014,41.31,349.68,D
11237,11.2898,12.268,5.1441,3.0175,0.1221,0.8766,56.93,429.31,C
11238,-6.9909,-6.428,-0.1625,-0.4357,2.1417,2.3612,37.53,285.6,B
11239,-2.5971,-2.2136,-0.7253,-0.628,-0.4818,-1.8313,38.18,278.24,B
11240,-1.4745,0.214,-0.8788,0.2977,-1.1433,-0.9301,41.41,294.94,C
11241,5.0206,3.8295,4.0286,2.9662,0.5782,0.9654,50.42,379.69,C
11242,0.644,0.6949,0.2213,-0.9598,0.1663,0.4427,43.02,307.09,A
11243,-7.0128,-6.5999,-1.3212,-0.8508,1.5359,0.4346,32.5,270.38,B
11244,-8.0654,-8.1335,-3.3253,-1.8107,-0.3288,-0.2773,35.08,254.93,D
11245,5.4209,4.7507,1.1347,0.9277,-1.0259,0.4348,47.81,351.65,C
11246,1.7999,1.9103,0.0387,0.7934,0.8521,-0.4251,44.68,328.91,A
11247,-3.9721,-4.0136,-0.2881,-0.8322,0.7887,1.9848,38.13,303.15,B
11248,4.2227,5.4725,3.3569,3.2867,1.0885,0.4085,50.2,348.85,C
11249,3.6246,4.4145,-2.2946,-1.9279,-2.6723,-1.5051,44.08,281.6,D
11250,-7.7991,-7.3913,1.7774,2.4937,-0.5977,-1.0675,35.58,239.97,D
11251,-0.8882,-1.4868,-1.2377,-1.5621,0.2807,-0.2479,38.66,324.97,B
11252,-3.013,-4.8576,1.9653,2.0073,-0.5642,-0.1627,36.69,303.74,B
11253,3.2566,2.82,0.7742,0.3947,-0.0553,0.3807,43.37,349.55,D
11254,-0.5626,0.0147,4.7824,5.4697,0.4935,2.3103,45.32,361.56,B
11255,-5.8898,-6.8695,-3.7355,-3.1586,-0.6624,-0.3225,33.42,238.37,C
11256,1.1059,-1.1837,0.4428,1.0608,0.6176,1.2092,42.56,346.98,C
11257,2.107,1.518,-1.9972,-2.2465,-3.6252,-3.365,40.56,275.7,A
11258,12.9172,12.2024,1.2887,0.3296,1.3847,1.4831,55.98,435.14,C
11259,0.7544,0.3406,0.5125,1.6408,3.8522,3.9926,43.53,298.09,D
11260,4.2455,3.1991,-4.2722,-4.579,-0.8182,-1.9461,42.74,271.0,C
11261,7.1396,6.6692,1.7495,0.9447,2.6901,2.6373,53.32,362.24,D
11262,1.4266,1.8985,-2.0011,-1.6812,-2.1742,-2.6348,39.85,306.15,C
11263,-0.3045,-0.0685,1.1844,1.8358,2.3918,2.479,50.62,346.16,A
11264,-7.384,-8.2679,-3.5419,-2.6172,-0.0008,-1.7868,30.81,232.72,D
11265,-0.7621,-1.17,-0.7474,-1.6965,0.7022,1.5395,39.83,308.65,B
11266,6.3655,6.192,3.9969,3.9133,0.803,1.5715,52.12,394.5,A
11267,1.0611,1.5652,-0.3134,-0.4365,-0.6595,-2.2271,41.54,299.81,D
11268,-3.0044,-2.3945,2.2686,3.543,2.0711,2.7853,44.25,317.41,C
11269,-7.9107,-7.9374,0.9698,1.457,1.0156,0.8191,37.61,277.16,A
11270,-3.4734,-4.7057,-3.2706,-2.2762,-0.5399,-0.4337,33.7,234.38,B
11271,1.4142,1.4738,0.4681,0.0502,2.4611,3.1402,43.32,347.7,D
11272,-7.5388,-8.031,-2.3154,-2.3771,1.3726,0.3464,33.36,258.27,D
11273,10.19,9.3831,1.4484,2.461,2.7039,2.6154,56.35,381.09,C
11274,-6.2257,-5.9622,-5.261,-5.7055,-2.8438,-2.7901,28.15,192.7,D
11275,1.661,0.1821,-1.9678,-1.7713,1.0381,1.1351,41.0,286.9,C
11276,2.6465,2.012,1.4589,0.2933,0.3594,0.9567,45.25,326.62,A
11277,-0.7458,-0.7171,1.8857,2.7496,0.8435,2.5699,44.19,355.53,D
11278,-3.9065,-4.0736,1.2259,0.2762,-1.5335,-1.7599,37.52,301.9,C
11279,-6.8636,-7.29,0.2175,1.7366,-0.2797,-0.7558,35.48,268.48,D
11280,-0.1353,-0.7104,-1.5881,-1.0396,0.4136,1.62,36.04,284.2,A
11281,5.7634,5.6513,4.6426,4.2081,-0.4614,-0.3887,51.72,389.75,A
11282,12.5837,12.1363,7.0306,5.6382,0.4459,2.0392,61.93,461.23,C
11283,-1.8436,-1.9809,-1.0772,-1.6231,-0.3788,-0.1224,40.52,280.91,B
11284,1.5051,0.861,-2.4362,-1.3207,2.4457,1.6421,42.94,297.48,B
11285,5.2798,3.225,1.6717,1.8901,2.159,3.5465,49.63,372.86,D
11286,1.9921,2.3806,2.7055,4.3249,0.9872,0.8965,50.12,379.35,C
11287,2.2965,1.6901,0.5377,0.5489,-2.2825,-1.5146,42.92,325.73,A
11288,8.4574,8.6519,2.3566,0.1745,-2.1595,-2.2929,50.92,344.34,A
11289,1.7963,2.1108,1.1123,0.2504,2.0191,2.6552,48.76,329.9,C
11290,-2.2017,-2.4319,-0.7262,-1.9019,-1.894,-2.056,38.5,280.0,D
11291,5.4345,5.9984,0.0771,-0.2767,1.3655,2.0848,48.69,350.42,C
11292,-1.9229,-1.5698,-2.7033,-1.4715,-0.5433,-0.9921,40.77,261.26,A
11293,-6.4739,-4.951,1.3113,1.7209,0.9477,-0.0326,39.69,289.48,D
11294,-5.9649,-5.6024,0.3642,1.4244,-2.9794,-2.5767,37.12,304.4,C
11295,2.7546,3.5596,1.7236,1.746,0.9417,1.437,51.38,335.38,A
11296,0.6619,0.9342,-1.362,-1.6458,1.1011,1.3589,40.43,282.69,A
11297,7.6663,8.2547,1.4785,2.2886,0.0712,1.1092,55.27,417.59,A
11298,2.9656,3.1232,0.6141,1.3462,1.8953,1.9885,47.59,341.46,C
11299,-5.1556,-5.1177,-2.6179,-1.7675,1.2453,-0.1405,35.91,259.41,D
11300,0.8396,1.7442,-2.857,-2.7438,0.6125,1.1201,41.3,280.62,C
11301,6.2106,6.8383,-0.2768,-0.2688,0.3538,-0.3461,45.69,331.58,B
11302,-2.9579,-3.7146,-1.4485,-1.2828,-0.1326,1.0538,37.27,286.35,C
11303,-0.1057,-0.0217,2.3787,2.3588,1.5398,0.8541,46.7,345.02,A
11304,2.0987,2.5887,1.0012,1.9083,1.3609,0.9972,44.19,353.49,D
11305,0.6688,1.2809,4.789,3.4075,-1.4868,0.1574,46.28,372.27,B
11306,3.3405,3.2435,-1.4237,-1.7756,0.5896,-1.5461,41.53,312.12,B
11307,-4.2908,-4.5402,-3.4951,-4.9515,-0.1751,0.4263,33.87,224.68,C
11308,-3.1446,-2.8599,-2.0287,-3.6264,-1.3858,-1.5913,37.31,255.36,B
11309,5.4401,4.2698,0.0108,-0.0626,1.8809,1.651,45.94,358.7,B
11310,-2.3775,-2.6651,2.0823,1.9265,0.5836,-1.0705,39.3,307.02,B
11311,5.0033,4.7686,1.7346,0.9971,2.7737,0.8607,50.78,384.68,B
11312,-0.9242,-1.197,-0.3786,0.1375,2.964,0.8283,41.86,316.15,A
11313,0.0743,-0.401,-1.6013,-1.2931,-1.4575,-2.3225,35.56,300.56,A
11314,-7.368,-5.7627,0.3053,-0.2173,1.2438,0.6471,33.31,269.24,A
11315,1.1285,1.3316,2.7435,1.8255,-0.4808,0.1881,45.14,363.28,C
11316,7.941,7.4699,-1.96,-2.795,3.4274,2.9012,46.98,336.4,B
11317,6.8606,6.4502,1.4199,0.1599,2.3586,2.112,51.83,355.48,A
11318,1.9029,2.5985,-2.149,-2.8057,-0.0299,-0.1268,40.86,290.43,C
11319,2.0763,1.3752,1.353,2.7765,-0.057,0.7269,46.57,340.58,D
11320,0.468,0.9093,-0.5202,-0.846,0.4722,0.5015,41.86,317.14,B
11321,-9.491,-9.1731,-5.4418,-5.3899,-2.1492,-1.8049,29.23,183.33,B
11322,-2.1706,-2.8423,-2.3333,-1.5378,0.7229,0.7481,41.3,262.77,D
11323,-3.2168,-2.1101,0.7485,2.2295,-2.2958,-1.6165,38.95,319.86,C
11324,-3.5493,-2.9018,-2.6897,-3.086,1.3672,0.1436,32.93,260.7,B
11325,3.5646,3.4223,0.4146,-0.4399,0.7158,1.0547,43.62,330.53,C
11326,0.5803,1.3645,-0.534,-1.4399,0.8117,0.4009,41.36,331.74,D
11327,4.3058,4.9598,-1.5486,-0.2899,-0.9961,0.7771,43.99,352.23,C
11328,4.1807,4.1665,0.4922,0.0459,0.7662,2.4528,47.95,357.27,C
11329,2.793,2.7025,3.6644,3.8695,0.8079,1.2131,48.0,367.48,A
11330,3.1675,2.5908,-1.863,-2.0883,-1.4664,-2.2115,43.4,303.52,D
11331,1.7128,1.9247,-4.4248,-4.199,0.166,-2.7012,38.84,280.63,D
11332,-1.4999,-0.3065,1.4925,1.7463,0.7073,0.8062,44.1,346.5,A
11333,-1.6115,-2.7612,0.0465,-0.9781,1.9176,1.4255,42.14,285.37,D
11334,4.4655,5.2236,0.6524,0.8005,-2.2107,-1.2942,44.03,342.42,A
11335,-7.5971,-8.6165,-7.6698,-8.7225,-2.0898,-3.449,22.35,167.03,D
11336,3.9459,4.9901,-0.9868,-0.6064,-1.2869,-0.9201,44.84,317.8,D
11337,-4.613,-4.183,-1.9375,-0.9025,-1.1258,-0.857,34.84,256.41,B
11338,1.5696,1.7725,0.065,0.248,-3.2529,-2.228,42.54,310.26,D
11339,-3.8056,-2.9567,-2.4006,-2.5294,-0.1779,-1.0103,37.71,261.7,A
11340,8.7826,9.6044,3.0708,1.6593,-0.5523,-0.3792,52.33,387.57,D
11341,-7.08,-6.8421,-2.0493,-0.7882,-0.6613,-1.643,37.04,249.72,A
11342,-0.528,0.0928,1.0739,0.8804,0.1106,-0.8929,42.9,301.73,D
11343,8.6908,7.5411,1.845,1.497,0.9426,1.3454,51.37,402.46,D
11344,-6.1477,-6.6139,1.3898,1.05,-0.1091,-1.4272,33.29,273.86,A
11345,3.0467,2.7346,2.0404,1.4047,0.0279,0.6515,49.53,339.11,A
11346,-7.2674,-5.4373,0.7276,1.6501,-1.3651,1.7095,37.73,309.16,D
11347,-2.2676,-2.3929,2.3997,1.7544,2.0659,1.9403,39.5,311.26,B
11348,-1.512,-2.1529,2.6285,1.1559,-0.7126,-0.4083,43.49,307.4,C
11349,-7.7191,-8.723,-0.0671,0.547,1.9773,2.3288,39.96,272.45,D
11350,4.7851,4.3039,1.876,0.6764,0.0504,-0.1205,48.02,336.43,D
11351,-1.7166,-2.3344,-3.0692,-2.8415,-0.8095,-1.4399,33.79,228.99,A
11352,-2.0718,-3.2359,-2.633,-4.3724,-1.2204,-0.4246,35.13,256.8,A
11353,-5.5212,-4.0146,-0.5644,-0.0722,1.9916,1.6212,40.68,288.37,B
11354,-6.2135,-6.2249,0.5597,1.6171,-0.9372,-2.4487,35.1,270.46,D
11355,-5.3258,-4.7635,2.325,0.9661,-2.2112,-2.3053,36.95,288.84,A
11356,-3.3156,-3.6113,1.8337,1.7781,1.2776,0.449,42.08,296.68,B
11357,-4.0236,-3.2286,2.174,0.8594,2.1077,0.4161,40.91,287.44,D
11358,-1.2232,-1.1951,-3.0875,-1.9927,-1.7877,-0.86,35.68,291.08,B
11359,18.4877,17.9834,6.1506,6.0789,1.0523,3.7431,64.67,501.63,C
11360,2.4082,2.3735,2.3013,1.3806,2.4822,2.177,47.54,351.22,D
11361,-0.2031,0.3802,-2.0943,-1.7158,-2.0802,-3.6214,35.75,257.91,C
11362,-5.8804,-5.3169,1.2766,-0.6133,0.6045,-0.9445,37.56,239.21,B
11363,0.8862,1.7425,1.3164,1.7871,0.6097,0.4625,45.46,343.62,A
11364,-3.7462,-5.2601,-4.905,-4.9598,-2.0715,-3.6956,31.48,238.52,C
11365,-10.0893,-9.9479,-1.6694,-0.3085,0.0822,0.4175,32.87,257.87,C
11366,-2.4094,-2.2906,0.096,0.484,-1.1963,-0.2414,37.7,311.69,C
11367,-10.402,-9.2601,-2.0946,-2.6445,-3.613,-3.6833,30.68,209.06,D
11368,10.4834,10.7604,2.8592,2.5886,1.1918,1.4678,52.77,401.8,A
11369,-3.7533,-4.6188,-2.2762,-2.5086,0.0466,-0.733,37.03,267.73,C
11370,-5.1426,-4.3103,-2.6607,-2.146,-0.6225,-1.0582,33.31,237.39,D
11371,4.8967,5.1396,4.9044,4.3235,0.4246,0.1362,49.88,370.42,D
11372,-2.375,-2.6684,-3.7808,-3.849,-1.7979,-0.1327,36.73,276.09,D
11373,5.0635,5.3142,-4.5551,-2.5352,-0.8153,0.2319,42.96,312.54,C
11374,1.1375,-1.0385,-4.0854,-3.8415,-0.0146,-0.3587,38.95,261.95,A
11375,8.4676,7.8861,2.6372,1.7624,0.8042,1.8905,55.86,389.84,B
11376,0.4707,1.44,-1.118,-0.6747,1.3406,2.1788,44.12,326.01,C
11377,-2.8665,-3.1835,-0.5527,0.5098,-1.2206,0.0551,39.63,295.73,B
11378,1.9587,1.2607,-4.9685,-4.5883,1.2346,0.0798,40.24,275.17,C
11379,-5.5939,-5.4337,0.3723,0.7818,0.6845,2.072,39.13,290.98,D
11380,-1.1782,-0.2365,0.3829,1.4375,-2.0754,-1.6918,40.88,317.35,A
11381,9.4208,9.4746,-0.2725,-0.8608,-0.3816,0.8609,50.72,367.97,C
11382,9.054,8.8725,1.0583,1.5847,0.0681,1.2116,54.95,358.22,B
11383,-5.9048,-5.1682,3.5984,4.249,0.9229,1.1586,39.94,353.28,D
11384,1.6814,1.6059,1.4855,1.3009,0.0733,1.2672,47.6,377.74,C
11385,-0.6979,-2.2337,-3.0618,-1.6927,-0.7806,0.299,38.97,292.12,D
11386,6.0634,7.1436,1.4296,1.4478,0.5335,1.4507,51.69,375.68,D
11387,8.5841,8.1255,-3.8071,-1.9609,0.432,0.5914,49.04,310.03,B
11388,6.2695,5.8279,2.2607,3.1524,1.3412,3.2811,52.53,379.21,C
11389,-3.5074,-3.8964,-7.2769,-5.5364,-0.2271,0.0028,29.96,202.9,A
11390,0.3403,0.7064,-4.3463,-4.8485,-2.4323,-3.6482,36.74,267.47,A
11391,-5.1596,-5.5414,-5.2529,-5.1883,-1.2492,-1.9103,27.66,192.85,C
11392,-4.3345,-3.1207,-2.7854,-3.7829,-1.3177,-0.0179,32.27,245.69,D
11393,-1.7904,-0.8621,0.0921,-0.2786,0.711,-0.1618,40.05,294.08,B
11394,0.4764,1.3628,0.6095,-1.1744,-1.6367,-1.2977,41.04,288.58,A
11395,-0.763,-2.3494,-3.0428,-1.9301,0.616,0.5353,37.16,265.63,C
11396,4.8671,5.6199,2.826,1.1981,1.4011,0.9611,48.49,397.9,A
11397,-7.0561,-6.5838,1.7854,2.1654,3.8131,1.982,39.59,308.06,D
11398,-0.1263,0.4913,0.3639,-1.0566,1.0005,-0.3752,42.17,314.03,A
11399,-0.5849,0.7762,3.3025,2.9272,2.2498,0.9157,48.68,339.72,C
11400,11.336,11.6165,6.8223,7.06,1.9157,3.6133,61.67,451.79,A
11401,-4.8029,-4.0447,1.8889,1.5137,0.6613,1.8751,42.13,293.14,B
11402,5.9524,4.7045,-0.1571,-1.4079,-3.5265,-1.9002,49.32,311.97,C
11403,0.2291,0.1984,-0.9184,-0.7301,-1.2383,-1.8357,37.95,276.87,D
11404,-16.2058,-15.113,-5.7623,-4.951,-1.0822,-1.014,25.07,170.92,B
11405,5.0631,6.1096,5.8741,5.29,0.8636,1.7861,54.52,412.78,B
11406,-15.0233,-14.9452,-3.1189,-2.6657,-0.9383,-0.7191,23.88,198.32,A
11407,8.8911,7.9309,2.193,1.3565,1.2608,1.7248,53.76,378.79,B
11408,0.6843,1.1884,2.8171,3.0059,-0.2191,0.448,46.29,361.32,C
11409,1.2928,1.0197,4.6106,3.4815,0.5336,2.741,47.1,359.3,C
11410,1.0616,0.5883,0.0901,-0.5453,-2.6188,-1.4527,42.51,302.57,D
11411,6.7746,5.629,1.4998,1.4863,3.2257,2.3652,55.46,400.88,C
11412,-9.9759,-9.3237,-5.7262,-4.687,-1.1833,-1.9554,26.43,181.13,C
11413,6.8342,5.4498,-2.9873,-4.4229,-1.282,-0.6689,40.79,309.57,A
11414,1.9216,1.6761,6.719,6.6852,3.1612,2.6801,52.34,389.75,C
11415,-4.08,-2.9503,-0.0932,-0.5293,-1.4235,-0.2595,38.03,283.9,C
11416,0.28,-0.6952,7.5105,6.3729,2.6954,2.3658,52.91,376.75,D
11417,4.9653,4.3448,1.2163,0.3907,-1.0269,0.7282,47.23,332.5,A
11418,-7.445,-6.6715,-4.9004,-3.7325,-3.0358,-2.5196,26.9,223.69,C
11419,-10.375,-9.6549,-4.9331,-4.7944,-3.6719,-3.245,25.66,168.71,A
11420,2.1525,2.5338,-1.2414,-1.5537,-0.5425,-0.4443,42.85,319.71,C
11421,1.6425,2.5751,-0.1605,0.0611,0.1501,-0.2358,42.38,319.12,D
11422,1.695,3.0718,0.7531,0.4233,0.5928,0.7506,41.72,321.79,C
11423,-7.7619,-8.8007,-0.8204,-0.8423,-1.3212,-2.1276,29.78,244.9,A
11424,7.9657,7.1306,2.8666,3.32,2.1023,0.7688,53.85,406.5,A
11425,4.1298,3.874,-2.6461,-4.006,-2.2227,-1.9249,39.55,291.75,D
11426,-2.1878,-3.2801,1.0534,0.851,1.1055,-0.1623,39.11,338.2,D
11427,-2.7671,-1.8996,3.4942,3.3125,-0.5623,-0.0559,39.51,310.1,D
11428,-6.6242,-6.9259,2.3219,2.6418,1.7356,1.2858,39.82,289.38,D
11429,3.0463,3.0877,5.7053,4.3121,0.1195,-0.1111,50.06,377.52,B
11430,9.9449,9.6369,5.2943,4.1879,1.853,4.5045,60.9,433.95,A
11431,2.2675,3.0343,-0.8884,-0.8126,-0.6979,0.57,45.01,279.47,B
11432,5.8106,6.7253,2.4601,1.3317,2.0772,1.5073,47.01,387.82,B
11433,3.0402,2.7465,1.2984,0.3203,-0.0979,0.9688,44.46,381.16,C
11434,0.5834,-0.5621,1.2176,1.3063,-0.0644,0.7647,42.91,321.75,C
11435,6.7246,7.3342,-1.4503,-1.923,-1.8328,-2.4409,45.6,323.27,B
11436,-3.8044,-3.2665,-3.3966,-1.8964,-1.8514,-2.2533,32.28,246.08,C
11437,0.4149,1.0314,1.8754,1.2882,1.9776,1.6937,43.72,310.1,C
11438,4.5515,4.8486,1.1844,0.9112,0.4098,2.0362,43.45,363.14,C
11439,-1.6861,-2.6671,2.1013,2.2225,1.1377,1.7003,40.45,323.62,B
11440,-2.9279,-1.2232,-5.0677,-3.0623,-2.4682,-3.1545,34.57,209.94,A
11441,-0.0097,-0.3381,-1.5144,-0.7465,-2.1433,-2.1858,37.91,298.84,C
11442,5.0548,4.5205,2.2872,3.0396,-0.6974,1.696,50.83,363.43,C
11443,-0.4292,0.1001,-1.3877,-0.718,1.9085,1.9086,40.53,287.38,C
11444,5.56,6.1736,3.6323,3.9442,2.8022,3.3467,57.31,392.98,A
11445,0.9058,0.6956,-0.2234,-0.3124,-1.0395,-0.891,41.69,306.44,B
11446,-9.3208,-8.3439,-3.3451,-3.2604,-3.6856,-4.4982,28.03,191.59,B
11447,3.3798,3.5269,2.1761,1.5239,-0.3671,0.5377,45.8,355.98,D
11448,-0.4289,1.0496,-0.3524,0.5554,-2.0251,-0.9295,39.52,292.3,B
11449,-2.6298,-2.3295,-2.6069,-2.3691,2.7394,1.7838,40.08,267.58,A
11450,7.3058,7.4377,0.7321,1.086,0.083,1.2896,51.19,335.88,A
11451,-2.4425,-5.4601,3.8154,2.8319,-0.8525,-1.173,43.71,282.62,D
11452,-7.6155,-7.5773,0.6059,0.4586,-1.5295,-0.1729,35.3,259.1,A
11453,4.8388,5.4469,3.2697,1.4768,-1.9026,-1.3692,48.82,388.56,D
11454,7.5148,8.7794,4.354,4.5987,0.8536,0.7216,57.91,387.01,C
11455,0.1105,-1.0554,-1.0495,0.4787,4.7592,4.1304,45.66,344.52,C
11456,-2.8963,-3.2757,-3.5177,-2.7631,-0.6128,-1.7585,36.18,246.03,C
11457,-6.4189,-6.1993,-2.6817,-3.1722,-0.401,-1.3258,30.79,242.88,D
11458,-1.9342,-2.0324,2.313,2.0032,-1.298,-0.3928,40.3,301.48,D
11459,2.8996,3.8902,3.1437,2.3548,-0.6486,-0.4514,49.77,334.05,B
11460,-3.8145,-2.262,2.1318,0.9494,0.4546,-0.1476,37.9,307.37,D
11461,-3.3412,-2.567,-0.7455,-0.7282,-0.3569,-1.002,35.89,263.86,D
11462,0.2821,1.7655,2.4212,1.8161,0.3283,1.8835,42.98,357.86,C
11463,-3.8073,-3.178,1.1487,1.8809,-0.1555,-2.1342,41.65,287.9,B
11464,1.9772,0.0,-0.2213,-0.415,1.2272,2.4778,42.8,285.35,B
11465,4.4027,2.9386,1.3015,1.4725,0.342,0.0716,43.95,330.16,B
11466,-3.9645,-4.2807,0.2681,0.01,2.4048,0.6515,37.47,301.96,D
11467,5.293,4.7848,0.9995,1.2081,-0.3587,-0.2965,45.22,334.55,C
11468,7.7673,7.6841,0.3934,-0.0183,0.1531,0.9722,46.63,345.92,B
11469,-3.8443,-4.7113,-0.0874,-0.7865,0.8061,-0.7093,39.37,282.78,A
11470,5.8984,6.1977,1.2277,1.2004,1.8736,1.5491,50.28,398.6,A
11471,-1.7956,-0.412,3.1294,2.6886,-0.1807,1.1191,44.12,327.48,B
11472,8.7197,7.2832,3.689,3.2379,1.673,2.4012,54.1,412.4,C
11473,-1.4474,-2.4073,2.2278,1.7568,3.7125,2.9621,48.52,331.93,C
11474,2.068,1.2495,-1.31,-0.2806,-1.0946,1.1565,44.23,290.94,B
11475,-5.5584,-5.6732,-0.8139,-1.8635,-1.8301,-2.3288,35.4,250.84,B
11476,-2.6533,-2.1635,0.0443,0.4961,-1.6008,-0.8575,38.76,281.27,B
11477,-6.5675,-6.0996,-0.0504,0.8978,-1.4288,-1.5242,34.89,283.99,D
11478,-3.1039,-1.4924,0.2092,0.3268,-0.7359,-0.5306,38.55,313.41,C
11479,-5.493,-5.3969,2.7373,1.8514,-0.3432,-1.5463,37.76,293.05,C
11480,3.7884,2.0384,1.7647,2.2061,2.0506,3.5358,47.5,332.22,B
11481,6.3301,4.9936,0.8852,-0.4964,0.2335,0.6756,48.06,322.85,B
11482,0.8176,1.8499,0.5817,1.3199,-0.9113,0.2749,41.38,321.58,B
11483,4.7718,4.2902,-0.555,0.1674,-0.2229,-0.7979,45.77,348.4,B
11484,-8.6223,-8.8323,-0.382,-0.4875,-0.0027,1.1975,34.84,254.4,A
11485,2.201,1.7645,0.7468,-0.6066,-1.9673,-0.8151,43.2,317.67,A
11486,-4.0362,-3.8714,-5.2069,-5.4129,-2.3497,-2.7502,28.08,234.61,A
11487,8.3733,7.1918,-3.0332,-2.9821,0.3241,0.2098,45.57,332.8,D
11488,-3.8924,-3.6661,-3.6676,-3.4593,-0.1721,-0.1324,36.09,233.2,C
11489,-17.6837,-17.259,-3.7467,-2.2412,-1.1155,-1.58,20.2,177.22,C
11490,0.548,-0.3186,0.5932,-0.9629,0.3091,-0.133,41.84,288.2,B
11491,2.4186,3.4789,4.4686,3.6902,1.9301,2.7564,51.06,377.36,C
11492,5.7009,6.38,4.3863,4.6335,2.2899,3.3131,53.94,402.07,A
11493,10.4243,9.448,3.8169,4.1201,0.173,-0.4589,58.93,406.09,C
11494,-4.9015,-3.8758,-0.7601,-0.4853,-0.1992,-1.196,36.71,299.85,C
11495,-5.9541,-6.7533,-2.3545,-3.2599,-1.0853,-1.4404,33.37,252.68,D
11496,7.9023,8.5799,3.2189,2.9306,1.2389,2.1651,54.22,392.36,A
11497,1.9358,1.8096,-1.8021,-0.7835,1.7789,1.2002,46.5,341.07,B
11498,-7.8094,-7.6245,-4.5636,-3.5461,-0.6023,-2.7029,29.04,232.73,C
11499,-5.7794,-5.9263,-0.3074,0.2224,0.7795,1.003,37.17,282.34,B
11500,3.4355,1.7176,0.2457,0.4728,1.4872,2.0753,46.62,320.87,A
11501,2.5038,3.3685,1.8439,2.3601,0.7179,1.7217,47.62,352.28,C
11502,-3.8772,-4.0696,-0.4621,1.3393,0.4209,0.9804,38.76,301.81,A
11503,8.3376,7.9074,2.8526,4.3477,-1.0629,0.0257,52.54,376.14,D
11504,-4.3349,-3.5201,-0.5775,-0.205,1.184,0.936,38.51,305.44,A
11505,8.2601,8.1482,6.1473,5.3021,0.1475,1.3437,57.59,431.3,D
11506,4.0146,3.9521,-4.4627,-4.426,-1.5287,-2.3813,43.09,293.92,C
11507,8.1956,7.2879,4.8144,4.1195,3.1232,2.6394,52.92,434.14,D
11508,10.3877,10.7401,4.8488,3.9048,1.5138,1.6524,55.5,422.49,D
11509,4.7576,4.0872,-5.4477,-4.9393,0.7124,-1.2754,41.12,278.18,C
11510,-0.5649,0.6328,-0.4426,-0.0646,-1.0511,0.1618,39.43,319.73,B
11511,5.6969,5.8472,3.073,1.4403,-1.4796,-0.7279,51.97,377.2,A
11512,1.986,2.2079,-3.157,-3.4028,1.0906,0.414,40.81,289.15,B
11513,5.9845,4.658,6.0366,4.4037,1.4695,1.9282,49.12,396.97,C
11514,-1.3287,0.117,-0.9239,-0.5345,-0.4409,-1.4331,43.4,312.29,D
11515,6.5138,6.7351,5.092,4.6738,2.6482,2.5673,54.63,392.87,D
11516,5.6377,5.4371,2.1926,2.4049,0.6116,2.0056,51.54,373.48,C
11517,8.3549,7.8513,3.0889,2.8104,-1.5715,-0.8425,45.47,361.56,D
11518,1.1078,1.8726,2.4312,1.8408,0.6975,1.3019,48.21,340.86,D
11519,-0.0376,0.775,-0.9942,-0.9243,-1.0661,-0.221,43.38,286.93,C
11520,7.8521,8.2305,4.0673,4.2723,3.7559,5.8668,55.09,423.66,A
11521,-3.0708,-2.9731,-2.3514,-0.8987,-1.4699,-0.3022,38.86,310.36,B
11522,2.0812,1.255,-0.061,1.1584,-0.0333,0.5126,44.47,323.86,C
11523,0.4329,-0.2797,-0.9374,-1.6845,1.3182,1.0688,47.09,296.96,A
11524,0.1327,-0.6476,-1.3522,-0.5221,-0.9121,-0.398,38.61,313.98,B
11525,-0.9598,-0.696,-5.4954,-3.6963,0.1129,0.8117,37.7,274.93,A
11526,2.0941,0.9618,1.1606,1.9341,-0.0888,0.8521,43.07,352.17,A
11527,3.4121,2.8532,-0.1733,0.7017,2.7585,2.4869,45.73,316.94,D
11528,-1.9467,-1.2102,0.538,0.294,2.4667,3.2532,43.27,311.95,B
11529,1.8651,3.6568,1.304,1.3327,-1.2811,-0.5408,48.84,330.74,C
11530,2.4867,2.6418,0.0355,-0.3788,0.6508,0.3043,44.9,315.88,A
11531,-5.3319,-4.1597,2.3145,2.106,-0.0941,0.3325,41.03,318.42,A
11532,-1.2077,-1.3118,3.7067,3.4242,1.3852,2.822,49.74,367.39,B
11533,1.3987,0.9117,0.7011,0.8155,-0.5864,1.0165,40.0,319.48,D
11534,4.0917,1.6813,2.702,2.3661,2.7954,1.8251,47.19,344.38,C
11535,0.8415,0.7604,-1.0129,-0.6967,0.8999,1.0887,41.39,322.52,B
11536,1.3653,1.9918,-0.5124,0.1277,-0.645,-0.7229,42.68,295.78,D
11537,-3.5472,-1.7433,2.5171,2.3705,0.8967,-0.2292,43.62,317.53,B
11538,-4.6999,-5.6948,-0.1408,0.6164,-0.0064,0.5606,40.37,310.5,C
11539,2.8848,3.8692,-0.3985,-0.0314,0.573,-1.4069,45.79,323.88,D
11540,9.1851,8.1078,3.3088,2.4387,0.9364,0.6729,51.65,396.48,A
11541,-2.2151,-2.3112,1.3567,1.7103,-0.3787,-0.4997,41.56,310.09,D
11542,7.412,6.2537,-2.7124,-2.1697,-1.5518,0.0901,45.33,305.89,C
11543,15.558,14.3741,1.0997,2.3242,0.0662,3.4621,56.07,450.24,B
11544,0.6529,1.7666,6.8976,6.4861,1.7468,1.5679,49.07,407.14,B
11545,-3.0395,-1.7021,-3.3204,-2.7851,-0.9303,-0.9397,38.13,274.13,D
11546,-6.8347,-7.1713,-1.5661,-1.2135,-0.1761,-0.0231,32.72,282.14,A
11547,6.9583,8.198,4.0695,3.7876,0.7633,2.1048,53.22,403.92,C
11548,-5.0884,-4.2784,0.4898,0.601,1.8384,2.6026,37.74,313.18,C
11549,-4.0923,-3.4963,-2.0763,-2.1098,1.0787,-0.1856,39.85,286.95,A
11550,-0.5659,0.3469,2.7614,2.2895,1.408,1.6456,42.21,340.07,C
11551,-3.7742,-4.1687,4.6262,5.0423,2.0557,3.1275,47.43,363.35,A
11552,1.9756,2.0715,0.1479,-0.2149,1.0717,0.7408,41.92,321.51,B
11553,-5.4953,-4.929,2.285,3.4186,1.5971,-0.1513,39.86,307.62,B
11554,-3.2433,-3.8629,-5.613,-4.7782,-1.5107,-2.4766,33.76,219.24,A
11555,4.5067,5.4484,2.9623,3.4513,0.0471,-0.2568,47.22,346.81,C
11556,5.714,4.1327,0.208,1.1103,1.095,0.7883,46.9,346.01,C
11557,3.8478,3.3453,0.4638,-0.6007,-0.9548,1.4392,43.73,343.76,A
11558,5.6325,5.1462,1.6373,0.8846,0.2985,-1.3526,46.21,358.89,C
11559,-2.9908,-2.5665,-0.7232,-1.5037,-0.2757,-1.102,34.36,264.28,C
11560,-6.8246,-6.9591,1.2792,2.7842,1.3452,0.9192,38.67,328.06,D
11561,-9.993,-9.9879,-1.506,0.3963,-1.7408,-2.3874,26.39,231.23,D
11562,-7.9949,-7.4978,-0.6556,-1.1082,-1.3504,-1.4601,32.61,270.03,C
11563,-12.412,-12.046,-3.8433,-3.6829,-2.9835,-2.1372,25.49,204.26,D
11564,4.6985,5.901,2.8148,3.5582,0.8329,1.8096,50.47,393.66,D
11565,4.2842,3.7406,-0.7879,-0.7348,-0.4231,-0.4226,45.93,316.8,B
11566,-3.1978,-1.1422,-0.1575,-0.7084,0.4804,-0.0997,41.97,296.52,B
11567,3.2706,4.6041,4.2624,1.6819,0.2143,0.714,47.62,338.42,A
11568,0.4638,0.3236,1.1747,1.3006,-1.1772,-1.2657,38.84,324.65,D
11569,-6.0878,-5.5491,-0.2239,-0.0585,-1.2796,-0.6148,37.05,245.28,D
11570,-3.7528,-3.637,-4.1483,-2.1761,0.9664,0.5979,37.62,273.35,A
11571,3.0483,3.1423,-1.9833,-2.2073,0.5424,-0.9146,39.48,311.46,C
11572,-4.2415,-4.2246,3.0173,1.4409,-1.3719,-1.32,41.64,307.35,B
11573,0.8358,-0.5838,-5.9579,-5.6494,0.6601,-0.4666,37.73,250.43,B
11574,2.6067,1.1783,2.715,3.1616,-0.1896,0.2215,49.21,361.82,A
11575,-3.1932,-3.2254,-0.4813,-1.6339,2.5233,2.2069,43.19,296.53,D
11576,5.3171,4.9903,0.5509,0.5778,0.3091,-1.0048,43.18,331.19,C
11577,2.4779,4.7083,2.814,2.9987,0.254,0.6862,49.18,365.82,D
11578,-0.6931,-1.0212,-2.8189,-2.7139,0.6346,2.3549,39.84,261.09,B
11579,0.4777,1.786,3.2426,2.3981,1.5636,1.9088,45.15,353.18,B
11580,1.6598,1.5297,-0.3288,0.5308,0.0555,0.9328,44.58,319.2,B
11581,-14.4414,-13.0757,-3.5203,-2.8736,-1.9642,-2.0146,23.61,216.43,C
11582,-15.3953,-15.4312,-8.4347,-6.3825,-0.8562,-3.3985,18.59,122.38,D
11583,1.4103,1.3907,3.3788,3.4517,-0.9304,1.1656,46.24,344.2,A
11584,1.1476,0.9997,1.9444,2.7359,0.6121,0.0361,47.15,338.89,B
11585,8.8265,8.2249,-2.0476,-1.3065,-0.6601,-0.106,47.98,344.27,B
11586,6.4884,7.287,2.0012,2.0206,-0.4929,0.3544,48.95,369.47,C
11587,-2.3682,-2.9342,-3.8549,-2.8582,1.6039,0.3746,37.67,268.6,B
11588,-3.3483,-3.6931,1.4878,0.8283,-0.589,-1.1068,40.76,303.06,C
11589,-3.1372,-2.1019,3.3303,2.3733,-0.9907,-1.7273,43.36,346.43,C
11590,-1.5776,-2.2342,-0.1696,-0.0871,1.7372,1.0764,39.97,279.31,D
11591,-7.837,-7.2684,-3.4746,-3.6837,-1.3533,-1.5071,29.87,227.74,C
11592,-5.4611,-6.0287,-2.0078,-3.1761,-2.022,-2.69,28.76,230.97,C
11593,-6.3225,-5.3354,1.7289,-0.818,0.6211,-0.4757,37.67,282.5,D
11594,-0.5019,-1.0676,0.1558,0.2749,-0.4155,-1.5416,41.25,308.05,C
11595,0.3881,-0.1693,-1.7992,-0.4447,-0.8415,-0.6495,38.88,301.41,A
11596,-4.958,-5.609,-2.5061,-2.0917,-1.0216,-2.4254,33.94,238.64,B
11597,7.0648,5.3347,-0.7081,-0.8351,-0.9348,0.3963,49.37,344.19,C
11598,8.5198,6.3513,2.1054,2.5548,-0.5734,-0.1641,51.69,382.34,C
11599,-2.0707,-2.0894,-1.838,-1.2132,-0.5561,-0.5358,42.1,292.48,D
11600,-1.0014,-1.794,-0.8494,-1.2759,-0.0061,-0.8645,35.73,257.68,B
11601,1.1143,1.2959,2.0607,1.7198,2.0328,1.7984,47.55,360.36,A
11602,8.3352,7.9083,1.491,0.8475,-0.45,0.3494,50.45,323.8,A
11603,-0.6891,0.1629,-0.7141,-1.6226,-0.7273,-0.9243,38.85,304.23,B
11604,-1.4465,-2.5295,2.2833,3.5923,2.2986,1.4777,44.73,318.52,D
11605,1.2885,0.9355,0.6894,1.1575,-0.5894,0.0968,45.49,322.18,A
11606,3.4725,2.4602,1.176,0.3675,2.1546,1.5531,45.63,321.2,D
11607,2.363,1.2645,-0.074,-1.1596,-1.5753,-1.087,42.84,295.75,D
11608,-3.0678,-3.0811,0.9712,-0.3935,-1.4491,-1.0188,38.69,252.11,A
11609,2.2331,3.3968,1.9095,1.6377,1.7922,0.7909,47.02,352.98,D
11610,5.2379,5.098,2.1216,2.1745,1.5793,1.9838,49.64,379.6,D
11611,-3.2289,-2.7825,-4.0376,-2.5596,0.3314,-0.3599,39.38,301.3,A
11612,7.7615,7.5254,0.6407,0.1387,-2.3458,-0.6317,47.5,380.56,B
11613,3.7555,3.5085,0.0846,0.6121,0.7116,1.7703,46.8,318.77,A
11614,1.0102,1.8912,1.0806,0.5488,0.4062,1.2492,45.61,350.44,C
11615,-3.3537,-3.5745,-4.0073,-4.7958,-1.9941,-1.3291,31.62,236.64,C
11616,-4.6213,-3.7187,0.3185,1.8019,1.2392,0.4042,38.92,259.35,A
11617,-8.0095,-8.5882,-4.7088,-3.6097,-1.4864,-2.1215,30.52,223.94,A
11618,-10.4221,-10.3987,-3.0514,-1.8445,-0.1562,-1.2694,30.11,212.11,A
11619,4.4799,4.5837,-0.1717,-0.1223,0.8847,-0.5422,46.36,332.5,C
11620,-5.5578,-3.8825,-3.2515,-3.6703,-0.2815,1.0525,36.04,265.85,D
11621,-0.5005,-0.3689,-0.8682,0.5667,-1.4813,-0.9885,40.27,307.7,A
11622,0.1489,0.3015,-1.9086,-2.8956,-1.0901,-0.034,38.24,286.41,B
11623,4.0097,4.0483,1.9164,0.6914,0.2767,-0.0742,46.69,345.93,D
11624,8.6228,8.2872,1.4246,-0.0673,-0.2629,-0.0432,47.18,366.38,D
11625,-0.4241,-0.2984,-4.7878,-5.3274,1.5554,0.8101,37.41,258.98,D
11626,1.2789,1.3579,0.9099,0.3324,0.8114,1.4467,44.91,341.08,A
11627,-10.5211,-10.9059,1.0143,0.7596,1.0246,-0.9599,32.31,247.42,D
11628,5.2669,4.9889,1.419,1.3652,1.4956,1.0133,50.72,365.78,C
11629,8.7039,9.5143,7.5285,6.0785,1.082,0.3058,55.62,411.58,A
11630,6.5578,6.9807,6.0581,7.0679,1.8855,2.5494,54.54,427.25,B
11631,-4.43,-4.0171,-6.4338,-5.9412,-1.8738,-2.471,29.72,223.42,B
11632,-5.5333,-5.5545,-2.9976,-3.6676,1.5931,1.1582,36.13,263.34,B
11633,-6.8802,-7.8658,-2.5191,-2.0413,-1.6061,-1.2608,34.18,234.04,C
11634,-7.0954,-6.7766,2.0105,1.0413,-3.05,-1.0496,32.76,284.02,A
11635,4.1253,2.932,-2.3493,-1.7665,0.9962,1.4276,43.7,315.91,D
11636,12.4573,10.0225,6.2873,4.5323,1.6878,1.3851,59.31,437.91,A
11637,-3.9888,-4.6024,1.6578,0.8767,-1.0422,-0.9266,37.8,272.82,C
11638,2.9241,2.8069,3.8217,3.7443,1.1192,3.1261,47.47,374.43,B
11639,-0.8337,-0.1316,2.5184,3.0555,1.6198,0.3283,46.31,334.56,A
11640,-4.23,-2.2803,-1.0055,-0.8851,0.7676,0.355,40.4,277.61,B
11641,0.0769,-0.2654,2.2511,0.8144,0.5849,0.7074,42.98,320.89,C
11642,-14.2795,-15.9905,-8.1502,-6.4798,-1.6537,-3.399,15.33,141.57,C
11643,2.4409,1.6959,1.1759,1.2678,1.831,1.3025,46.16,339.53,A
11644,-5.0635,-5.1565,2.7594,1.7433,1.0739,2.4668,44.06,327.69,B
11645,3.333,3.3559,2.5583,2.5283,3.0251,2.4749,49.64,355.96,B
11646,-6.8667,-6.2793,-2.8155,-4.3553,0.8494,0.2339,34.51,201.69,B
11647,-2.5945,-1.8948,1.1803,0.9524,0.8712,0.815,41.59,331.66,C
11648,-5.2607,-5.4087,0.5923,0.3506,-0.5057,-1.9035,37.34,283.75,D
11649,-1.8165,-1.5347,-4.0586,-3.861,-0.246,-1.6092,33.77,241.2,B
11650,0.4325,0.9219,3.2637,3.7414,0.7137,0.343,47.61,333.42,C
11651,-8.8319,-9.0126,-1.834,-1.8473,-0.6313,-0.2688,27.77,247.35,C
11652,9.5103,9.5129,2.4656,2.6495,1.3273,1.9444,58.79,414.82,B
11653,2.6513,2.8894,-4.2157,-4.2747,-1.1979,-1.828,37.62,291.8,C
11654,-4.4646,-3.4162,0.6514,0.8914,-1.5738,-2.528,39.05,270.24,C
11655,-2.222,-1.2545,2.4867,0.8365,-0.007,-0.224,39.57,348.24,B
11656,8.6529,8.5639,5.6064,3.7986,1.3849,2.0378,56.56,437.52,D
11657,9.5296,9.3767,0.3511,-0.315,-2.0058,-1.0927,51.34,368.72,D
11658,5.9739,7.2063,0.0121,-0.5737,2.076,0.8106,47.42,352.54,A
11659,6.0646,5.2328,5.3259,3.0764,1.0847,2.4463,53.25,390.75,A
11660,-8.4498,-8.2336,-1.8931,-2.0227,-1.1855,-1.7324,34.81,233.73,A
11661,-4.9606,-4.4404,-1.9414,-1.8802,0.1471,-0.8747,35.68,246.94,C
11662,-1.1443,-0.6314,3.0004,1.7494,0.1374,-0.6099,44.62,322.26,D
11663,5.9027,5.2081,2.097,1.4412,-1.9076,-0.6507,49.34,378.8,C
11664,-6.0187,-5.7916,-0.9418,-0.6634,0.8765,0.6338,36.19,285.99,A
11665,-2.1379,-1.4755,-5.0778,-5.3136,-0.1596,-0.8701,34.25,225.26,C
11666,1.7544,2.2542,-2.4017,-1.186,-2.3133,-1.3619,38.49,278.57,C
11667,10.2386,9.1517,0.6787,0.7393,-1.9409,-0.8508,53.49,367.81,B
11668,1.6775,2.1842,1.7829,0.5835,-0.1441,-1.0382,44.2,335.21,B
11669,-2.6517,-3.0521,-4.5967,-4.6101,1.0869,-0.6442,38.54,273.74,C
11670,2.7051,2.2443,-0.7724,-0.9319,-1.1816,-0.359,41.82,285.99,A
11671,1.9717,0.9014,-2.5929,-1.4912,-0.1858,-1.2768,41.87,268.72,D
11672,-2.29,-1.8987,0.5926,0.4237,-1.4046,-0.7296,38.89,310.74,A
11673,0.4611,1.9214,-1.5118,0.2543,-0.1232,-1.1523,41.31,280.8,C
11674,6.6157,6.2324,-0.5561,-0.3277,0.674,-0.1356,47.36,343.15,C
11675,-0.0253,0.6378,1.2496,2.8636,2.6095,3.4297,45.14,359.48,D
11676,3.7714,3.136,-3.1343,-3.1891,-0.4297,0.1036,42.28,304.71,B
11677,9.7504,10.7865,-0.44,1.7898,1.1574,1.3827,54.48,380.3,B
11678,5.6039,4.4794,4.2393,3.5294,0.3867,1.5438,51.02,368.6,C
11679,-8.0056,-8.0735,-0.1654,2.0367,-2.5692,-1.6071,34.39,256.27,B
11680,1.142,0.6926,-1.7845,-1.7245,-2.4427,-2.1452,37.98,293.6,C
11681,-0.7814,-2.4577,-3.4095,-2.1167,-2.7103,-2.3029,35.23,290.38,C
11682,2.5357,2.7014,-1.8243,-2.356,-1.2891,-1.9276,44.3,296.86,D
11683,3.4395,3.7735,1.0486,0.6618,0.1065,-0.5251,43.2,329.65,D
11684,-2.4698,-3.6048,0.5834,-0.0902,-0.777,-2.4378,38.53,295.96,B
11685,7.2448,7.1683,-3.1219,-2.4981,0.0884,-0.1854,47.2,338.68,A
11686,-6.4196,-6.0205,-2.8314,-3.1187,-0.2836,0.7629,32.13,267.38,A
11687,-0.5259,-2.0468,-1.8216,-2.49,0.6867,-0.1731,37.67,304.2,B
11688,0.2555,-0.3978,-2.3174,-2.319,0.6928,-0.837,39.82,292.7,D
11689,-8.9577,-9.2168,-2.3642,-2.4576,-0.5836,-0.7958,30.17,204.91,D
11690,3.5694,3.3681,-1.1399,-0.079,2.09,2.0268,44.28,309.17,D
11691,-2.2683,-3.697,-5.2998,-5.372,-1.4503,-1.5721,32.22,224.8,A
11692,-5.3185,-5.4543,1.1277,-0.2468,1.6957,1.4067,40.37,310.24,A
11693,4.7378,4.1566,0.7243,0.853,-1.7464,-1.734,46.61,327.2,D
11694,5.6671,4.5818,0.1886,0.2854,-0.6769,-1.0141,43.76,349.83,D
11695,-1.6549,-2.9091,-1.0034,0.8499,-2.5076,-2.1342,35.18,287.54,A
11696,-3.9409,-3.9455,0.4225,-0.2684,-0.9443,-1.0142,40.84,288.11,D
11697,-2.7229,-1.9093,2.5424,2.3502,0.6956,-0.2425,43.39,328.89,B
11698,0.0718,0.368,0.3193,-0.0932,0.7798,0.8848,40.58,348.24,A
11699,8.6877,8.0415,3.8143,3.5002,1.9174,1.5461,55.42,392.81,A
11700,-2.9155,-3.8757,3.6167,4.0316,2.8541,2.3274,43.36,360.52,A
11701,-3.8212,-2.9766,-2.5297,-1.3575,0.175,0.6736,37.26,264.02,B
11702,4.1361,4.8164,-1.1156,-0.5351,0.6852,0.2241,46.12,302.9,D
11703,-2.9503,-3.5033,1.8923,1.2542,-0.6032,-0.5806,39.92,293.47,C
11704,-13.5691,-12.5708,-3.097,-2.6739,-1.6205,-2.0115,25.57,190.66,D
11705,5.4718,6.7958,-0.4883,-2.584,-1.9729,-1.5713,41.88,304.02,A
11706,0.2832,0.0329,1.342,2.7811,-0.3872,0.1149,41.74,333.5,C
11707,-5.1697,-4.3944,-6.458,-5.4774,-0.4235,-1.1295,33.33,222.36,D
11708,-2.5514,-2.2552,-0.5171,-1.4274,-0.5692,-0.7463,37.97,285.31,D
11709,7.5046,6.6749,-0.527,-1.0757,2.6725,2.6488,46.2,342.56,C
11710,-2.0687,-3.4908,4.1878,4.2498,1.5334,0.0444,44.54,328.88,D
11711,-6.8553,-6.8104,-3.3701,-2.7798,-0.6012,0.5921,32.34,258.69,B
11712,6.8215,5.5438,-2.7902,-1.5652,-1.1541,0.0637,44.01,306.21,B
11713,-2.588,-3.5569,0.9655,1.8326,2.9866,3.0072,45.27,299.21,C
11714,0.9623,-0.1449,1.249,1.007,3.2796,2.7078,49.36,335.05,B
11715,-10.4163,-9.8501,-5.3163,-3.0907,0.7013,-0.1948,31.63,208.22,B
11716,-3.2381,-4.0994,-2.4639,-1.3565,-2.5057,-1.851,36.03,295.46,C
11717,-7.7114,-7.6986,-1.5419,-1.8423,-1.2535,-0.767,33.45,219.17,D
11718,1.3126,0.1934,-0.5252,-0.5178,0.4922,-0.0468,45.75,311.84,B
11719,1.2368,1.2003,1.5592,2.2588,0.551,1.6092,46.74,340.58,A
11720,-3.566,-5.2724,-2.9304,-3.8101,-2.5346,-2.868,32.19,243.98,A
11721,3.0876,3.6448,-2.9053,-2.757,1.6411,-0.9679,43.05,291.86,A
11722,-4.919,-6.027,-3.6066,-2.8608,1.1852,0.6694,37.53,268.54,C
11723,-7.0534,-8.0326,-6.155,-3.5314,-1.7101,-3.1231,25.95,182.42,A
11724,2.5801,1.9315,3.4878,3.1743,-0.5353,-0.4837,46.13,328.59,D
11725,4.5051,4.1741,0.7529,-0.9355,0.3118,1.335,45.71,313.11,C
11726,-0.3568,-0.6256,-1.4365,-0.6851,0.167,-1.1709,41.3,265.96,B
11727,5.091,5.4958,2.0593,1.9646,0.5262,-0.0788,49.26,366.83,D
11728,-1.4835,-1.5142,-2.3276,-1.6524,-2.6005,-3.7247,34.88,267.87,B
11729,-3.4139,-3.0574,-5.1081,-4.1844,-2.7665,-3.2649,27.62,236.09,A
11730,-1.4551,-1.7886,0.6777,0.8973,2.3937,1.557,41.17,324.75,D
11731,-2.5246,-2.0964,-1.6594,-1.7942,0.0447,-1.0203,38.64,291.66,A
11732,7.4175,6.9656,4.1202,4.2297,0.9644,2.1154,53.34,414.99,B
11733,4.0793,3.6874,1.2844,0.1688,-1.2846,-0.5854,45.34,342.31,D
11734,-2.6591,-1.5515,0.7475,-0.2861,-2.572,-1.858,38.28,273.21,C
11735,-10.9436,-10.7647,0.1489,0.8999,0.7623,-0.5858,33.21,245.11,D
11736,-0.514,-1.4228,0.9129,0.1727,0.9356,0.2584,43.17,307.52,A
11737,-1.9985,-1.4815,-0.1015,-2.0168,-4.0737,-4.6507,36.24,269.27,A
11738,-4.1717,-4.2664,1.0971,1.0097,-0.994,-1.4427,39.31,290.4,C
11739,-2.42,-4.2074,-2.0548,-2.3163,-0.8166,-0.6403,35.32,265.96,C
11740,2.5292,2.1554,2.7168,0.5731,-0.7105,-0.4665,44.66,351.0,D
11741,-1.9804,-1.4209,0.2274,0.8279,1.3417,1.6815,41.87,328.17,C
11742,0.116,0.8054,2.8527,3.3084,4.3835,3.6186,46.02,335.21,C
11743,-10.579,-10.147,-2.6793,-4.1984,-3.1509,-3.1103,27.15,198.5,B
11744,-0.715,0.6753,0.0401,-1.2461,0.6225,-0.055,44.82,315.7,C
11745,0.6852,2.0292,1.2262,-0.0393,1.1334,0.5566,45.98,323.81,D
11746,-3.9603,-2.6741,-3.0761,-0.5005,1.207,0.5519,36.43,276.57,C
11747,1.4062,1.8068,-1.0281,-1.0997,-0.9611,-0.651,43.83,330.82,D
11748,-0.0098,-0.1254,0.1292,0.6225,2.1946,1.3248,42.56,274.1,C
11749,-1.7061,-1.5295,5.8388,5.3281,-0.8238,0.7408,46.47,361.21,A
11750,1.0267,0.6268,0.6197,0.7528,0.0876,-0.2601,42.83,320.06,D
11751,2.1984,2.8048,-2.2055,-2.0466,-0.0805,-0.4412,41.96,309.4,D
11752,2.0365,3.6693,0.5032,0.8114,-0.9208,0.1587,46.25,319.76,B
11753,-3.3793,-3.3661,-3.9373,-2.2813,-1.4606,-1.4022,36.13,240.54,D
11754,-0.6404,1.0405,1.6963,0.5228,-0.0135,-1.2376,42.12,319.9,C
11755,-1.0457,-1.4597,-0.1107,0.4619,1.2442,0.4957,42.25,328.15,C
11756,-4.6974,-3.0377,2.4351,3.8558,1.8871,1.0446,41.01,304.32,A
11757,-5.1788,-5.14,-2.2759,-2.9263,-1.4753,-0.7424,36.08,239.24,A
11758,4.9917,5.8471,-0.8452,-0.7452,-0.5086,-1.308,45.31,341.54,B
11759,-2.6644,-2.9689,0.5703,1.2957,-0.0387,-0.4472,39.26,295.08,B
11760,-4.4695,-3.6278,0.4234,1.4718,0.1002,0.7175,38.62,310.04,D
11761,-0.8209,-0.863,2.0393,0.8875,-0.8957,-0.061,42.68,331.64,D
11762,-6.0483,-5.5003,-3.5292,-2.1785,-0.1097,-1.4593,32.38,243.93,C
11763,-2.8664,-1.7889,-3.3505,-0.8452,-0.2573,-2.2963,36.78,254.88,B
11764,-4.6207,-6.0754,-1.7945,-1.1595,-0.5791,-2.0833,36.67,254.65,C
11765,-4.4311,-4.7144,-0.9795,-1.1844,-1.1577,-1.0686,34.24,303.88,A
11766,-7.1074,-7.9325,-3.7586,-3.0431,-0.3433,-2.0747,30.43,255.72,D
11767,14.9933,12.9934,3.015,2.2206,-1.3029,-0.6376,55.38,400.29,C
11768,11.7263,12.2789,1.0838,-0.0309,-1.6918,-1.6187,50.74,386.11,B
11769,3.7899,4.3375,0.8626,0.0616,-2.1154,-2.6032,43.26,317.66,C
11770,3.8116,3.9955,0.5741,0.8994,2.4815,2.1042,47.08,328.62,A
11771,5.6566,5.9244,0.1342,-1.0652,-1.5118,0.2031,47.82,328.96,D
11772,2.8661,2.5742,1.2052,2.0978,1.6037,1.917,49.45,376.09,D
11773,1.3365,1.4296,1.5174,1.8706,0.0623,0.2378,42.96,310.44,C
11774,2.2973,2.1858,0.7895,0.7756,0.0625,1.1294,47.51,361.95,A
11775,-7.0868,-7.1204,-3.1723,-2.7396,-1.1718,-0.9798,30.67,241.57,B
11776,-1.0876,-0.7729,2.5438,3.6477,2.2567,1.7371,44.6,330.9,C
11777,-0.5355,-0.8583,-0.4337,-1.6054,-1.7338,-2.1457,37.71,317.29,A
11778,-6.5355,-6.9149,-3.2942,-2.531,-1.0306,-0.2692,34.49,230.94,A
11779,1.7451,0.8175,0.6217,1.4507,1.3672,0.3408,44.11,339.5,D
11780,4.5055,4.6996,0.6347,0.7257,0.3376,1.1851,48.26,356.17,D
11781,1.4663,2.468,2.8012,2.8061,-0.0444,0.0143,49.21,347.31,B
11782,-2.668,-1.077,-3.0421,-3.3832,0.3732,-1.4117,36.46,257.06,C
11783,7.6628,8.321,0.6079,-0.1897,-1.1994,-0.6417,49.07,348.09,D
11784,-8.3473,-8.6145,-6.3903,-5.2198,-1.6351,-1.3108,26.37,166.13,C
11785,-7.196,-8.0409,-1.0647,-1.0577,-0.5525,-0.3286,37.7,268.13,C
11786,1.6295,2.6706,-0.13,-0.134,2.2647,0.9931,48.42,304.1,B
11787,-3.6804,-3.1838,-5.5358,-4.2823,-3.3184,-3.6722,29.38,217.89,D
11788,-3.9893,-2.9922,-0.1834,0.8594,-0.4518,0.0627,37.5,285.67,B
11789,2.6514,1.0711,-0.109,-1.1465,1.6091,0.5845,43.26,315.95,C
11790,-7.4193,-6.2794,-2.4384,-2.1466,-1.3759,-1.5927,31.32,220.49,D
11791,5.4507,4.8251,1.0917,-0.0806,-0.8046,0.3847,47.08,359.83,D
11792,0.9894,1.2218,0.2245,-1.5206,1.1223,1.0212,41.34,313.52,C
11793,-9.0146,-9.7362,-4.288,-2.8319,0.1259,-0.7747,27.93,225.29,C
11794,3.1091,4.7939,1.99,0.9036,2.3667,1.9324,45.87,357.57,B
11795,-1.5571,-0.2787,1.4671,2.4514,-2.1112,-1.0509,40.87,327.75,D
11796,-5.4845,-7.1295,-0.6269,-0.3461,-1.5086,-1.7959,32.12,273.28,B
11797,-6.6181,-6.0918,-1.9308,-0.9673,0.2103,0.1996,36.21,270.0,B
11798,-7.2054,-8.5921,-2.0404,-1.622,-0.8787,-1.4755,35.25,243.04,B
11799,4.3045,4.0403,-2.8004,-4.1084,-1.7051,-0.5034,41.61,285.38,A
11800,3.8959,2.9106,-0.0118,0.0887,-0.2478,-0.4631,45.92,311.6,C
11801,-7.5521,-5.0506,-0.0018,-1.5263,-1.8381,-2.3814,32.62,257.3,B
11802,-7.9363,-7.095,0.1133,-0.3144,-1.4472,-1.727,32.12,260.52,C
11803,-3.6996,-3.8395,-1.8388,-1.3736,0.6595,0.0136,34.7,295.6,C
11804,-10.8718,-10.7678,-0.8452,0.3803,1.7695,0.7046,34.9,263.12,D
11805,4.4654,2.6415,0.2491,0.8452,-0.4467,-0.5973,45.49,324.68,D
11806,-0.6129,-0.7914,-0.9957,-2.608,0.8741,1.4959,39.42,298.98,D
11807,4.1142,4.2977,-2.2183,-1.3466,0.247,0.8265,43.62,291.89,C
11808,6.9454,7.1858,0.0481,0.0693,1.7982,2.2146,47.77,369.22,B
11809,0.3556,-0.6854,2.0602,2.2853,-0.9877,-0.4838,43.31,333.48,D
11810,4.3901,3.8326,-1.5412,-1.1828,0.0595,0.1139,43.33,338.22,C
11811,4.9592,5.7435,5.1646,6.3545,1.3905,2.432,55.75,430.42,A
11812,2.3704,1.8137,4.3542,3.2712,0.7065,2.81,47.74,379.26,B
11813,7.8761,7.3799,3.009,1.6797,-0.825,0.7854,51.12,359.3,C
11814,-1.7053,-1.6379,-6.2575,-6.1705,-2.765,-2.6773,31.75,194.78,D
11815,2.573,2.045,-1.0478,-1.5251,-0.3804,-2.3814,42.27,307.18,B
11816,2.4803,2.6038,4.901,4.9031,-0.2996,0.404,47.67,380.81,C
11817,-2.2398,-3.4384,1.2806,0.9401,1.9294,1.2431,41.05,286.15,C
11818,-1.5896,-1.7617,-3.1398,-2.7706,-3.124,-1.0518,41.14,286.22,A
11819,1.382,0.5744,-1.6531,-1.5527,-1.626,-0.9036,41.62,271.2,B
11820,-5.6267,-4.9189,0.2206,-1.0995,-1.2217,-0.8256,36.77,260.01,C
11821,-1.4183,-2.3896,0.7836,1.3784,-0.0534,0.0311,42.92,306.06,B
11822,0.8995,1.8348,-0.1665,-0.6152,1.0251,0.1994,42.58,314.14,A
11823,1.9385,1.2412,0.4543,-0.0294,0.8066,-0.169,42.31,327.6,B
11824,-7.1665,-6.6604,-0.298,0.4449,-0.2241,-0.5473,37.74,248.32,C
11825,-0.0672,-0.54,-0.5747,-1.5735,1.486,2.0228,39.76,282.4,C
11826,1.4286,0.2654,-1.1289,-0.9709,0.2687,-0.7021,42.17,310.98,C
11827,-6.3649,-4.7993,-0.1358,1.1752,-1.1626,-1.2535,37.46,272.1,D
11828,-3.2344,-2.8939,-1.395,-0.6495,-2.3148,-2.2556,36.79,256.05,A
11829,2.0304,0.4023,-3.482,-3.324,-0.9896,-1.8456,39.01,287.95,C
11830,-3.214,-3.4633,-2.6815,-2.9871,-1.124,-1.523,36.09,258.69,C
11831,6.4431,3.7004,0.9211,1.9275,2.2498,0.9648,48.55,377.83,B
11832,-6.4644,-6.8691,-2.0025,-3.8767,-3.0151,-4.4822,29.87,240.07,B
11833,7.9668,7.1261,1.7603,0.9185,-1.5305,-0.165,49.24,365.7,A
11834,4.3301,4.2883,1.2496,-0.3938,-1.3204,0.26,45.73,334.31,C
11835,7.3574,7.8109,2.203,0.1619,0.9718,0.9588,49.75,353.62,C
11836,-7.6078,-9.3411,0.1364,-0.4685,-2.1696,-1.6342,28.85,244.55,B
11837,3.98,4.3987,2.3168,1.2689,2.0812,3.1744,49.83,371.62,B
11838,-4.2042,-3.827,-3.5829,-2.0807,-1.6156,-1.9688,34.5,268.25,D
11839,6.4434,5.8957,0.7905,-0.4709,-0.0377,0.8129,45.22,308.73,D
11840,4.8591,4.222,1.086,2.5438,-0.0398,-0.7419,46.18,365.3,D
11841,-0.3988,-0.7501,-4.404,-3.5031,-0.1393,-1.1508,35.27,239.6,A
11842,0.9131,-0.5209,-0.8645,-0.9708,-1.3499,-0.4996,39.85,304.7,B
11843,-2.0122,-2.2805,-2.2275,-2.5794,1.0299,2.0628,39.66,278.12,C
11844,-0.0252,-0.3046,0.3771,0.4462,0.5962,2.0603,43.75,318.32,C
11845,4.9181,5.0904,-1.4325,-1.6569,-1.4955,-0.4947,46.25,333.89,B
11846,-3.4744,-2.8929,0.7488,-0.1159,0.4649,-0.555,35.02,262.87,C
11847,-8.3012,-7.7095,-2.5202,-2.2686,-3.1181,-2.7789,29.24,245.92,C
11848,-9.4084,-8.1544,-4.0583,-2.5751,0.0564,-1.2123,32.02,230.58,C
11849,8.6569,7.9736,5.3607,6.2939,0.84,1.2866,55.7,441.1,D
11850,2.9338,4.1231,-1.9558,-1.403,1.0982,0.191,45.61,312.78,B
11851,-0.345,0.6959,0.3259,-0.1298,-0.7145,-0.3013,39.57,305.55,C
11852,-1.2172,-2.6589,2.6681,2.5011,0.9695,1.5836,44.44,330.17,C
11853,7.4473,7.3863,5.2495,4.8562,1.6651,2.0161,57.74,401.21,B
11854,-1.0006,-1.2734,1.3002,1.812,-1.2587,-0.2488,44.58,338.66,D
11855,-1.7008,-0.7831,-1.9725,-1.0056,0.1514,0.4044,42.8,299.92,B
11856,0.7228,-0.4044,1.0013,1.0405,2.5001,1.7975,45.89,340.09,A
11857,-1.921,-2.2353,0.3753,0.0078,-0.547,-0.0937,39.55,317.02,D
11858,-0.9009,-1.8473,0.3257,0.3576,-2.6069,-1.5758,38.53,311.98,C
11859,2.2747,1.9853,-0.8032,0.0716,1.9381,1.6146,46.6,336.36,D
11860,-9.2592,-6.9956,2.6165,2.7218,0.7101,0.7825,37.01,275.27,C
11861,2.6793,3.0988,-0.0949,-0.0577,1.1038,0.7605,47.9,340.82,C
11862,-1.622,-1.4551,2.2535,1.9544,1.6636,1.9533,47.28,350.67,C
11863,-9.0961,-6.8483,-1.728,0.37,-1.8606,-1.1492,30.22,274.36,C
11864,-0.1797,0.8413,-0.8317,-0.5627,0.5587,-0.4154,41.68,293.08,C
11865,-1.0081,-0.7022,-2.079,-2.233,-0.9978,-1.6683,39.06,289.36,A
11866,-6.121,-6.138,-6.9479,-5.3656,-1.1688,-1.3528,30.25,204.97,D
11867,-3.6182,-3.3262,-1.3174,0.5369,-0.7213,0.3669,37.28,302.53,A
11868,2.6044,1.808,5.0217,4.5236,1.198,2.7019,49.75,381.1,A
11869,4.3467,4.6119,3.1491,1.9135,-0.965,-0.6878,49.88,356.16,B
11870,-4.1387,-4.6186,-3.43,-2.2235,0.9383,0.4201,33.55,259.82,D
11871,4.7186,2.9024,-3.0175,-3.5111,-0.9647,-0.4355,42.77,310.1,A
11872,-3.9482,-3.8778,-3.4444,-3.0951,-0.2321,-0.7582,34.71,261.38,C
11873,-8.2031,-8.1879,-1.9804,-1.3575,-0.5866,0.2766,33.73,234.66,B
11874,5.5648,6.2335,-0.0319,-0.1926,1.9638,1.2667,47.75,353.2,C
11875,-4.6255,-5.4618,-4.3528,-3.9011,-1.118,-1.2991,32.82,215.06,D
11876,-5.1971,-5.5395,-5.9099,-6.2383,-0.1745,-2.0097,27.94,219.8,A
11877,10.2589,11.6552,5.1882,3.1557,3.1742,3.0588,57.87,432.58,C
11878,-0.3665,0.3753,-3.0007,-1.8104,0.4943,0.229,39.54,259.38,B
11879,-1.3152,-2.0354,-1.651,-0.3921,0.5365,0.5426,39.64,293.82,B
11880,-1.5368,-1.8941,1.1467,0.8647,-0.0911,0.503,42.01,331.2,A
11881,2.3913,2.7036,1.8073,2.6682,3.2492,2.439,46.46,376.61,A
11882,5.8883,6.3916,6.0482,5.6959,-0.0212,0.5833,52.14,407.97,A
11883,1.559,1.7339,0.0953,1.4571,2.2289,3.8915,45.55,306.94,A
11884,7.1416,6.3022,2.4835,3.207,2.1291,2.9979,51.0,404.48,D
11885,10.9741,9.9923,1.4794,1.4946,0.2268,1.0633,53.25,375.55,C
11886,4.7241,5.0614,2.1089,2.1475,0.2279,1.6097,48.06,332.55,C
11887,-3.0384,-1.838,0.1524,1.3461,0.3309,-0.8925,39.22,297.71,D
11888,-0.3134,-1.5851,0.1319,1.9295,0.7676,0.3469,40.01,298.17,C
11889,-7.0273,-6.7568,1.6851,1.7782,0.3133,-0.2278,37.65,325.38,A
11890,3.7503,2.5536,1.1024,1.9478,0.3431,1.1597,47.27,336.33,D
11891,-1.8319,-1.3522,2.5107,3.1879,-0.6835,-0.0933,43.81,332.38,C
11892,-4.7973,-4.2387,2.2284,2.4842,0.9649,1.1933,36.11,285.14,B
11893,-4.7128,-5.546,-6.9961,-5.5022,-2.2009,-3.611,30.26,197.22,B
11894,2.4015,2.0325,3.3573,2.9563,2.5526,3.4226,45.57,385.72,C
11895,-0.6928,-0.978,6.525,5.6836,0.8083,0.87,48.06,356.1,A
11896,-6.9073,-6.4619,-2.2271,-1.521,0.1155,-0.2145,33.04,247.97,C
11897,1.8341,2.833,0.3629,-0.3366,-0.3675,0.6141,44.24,325.12,A
11898,3.6638,2.8904,2.6721,1.563,-1.5775,0.5429,49.89,331.78,A
11899,-2.1902,-2.4844,1.7385,1.4956,1.9698,0.045,42.19,294.56,D
11900,-0.8233,-0.9263,-0.7658,-0.9309,0.4973,0.5274,38.9,281.09,A
11901,-4.6304,-6.2946,-2.3709,-1.4741,1.1446,1.1751,37.02,277.88,D
11902,-6.7481,-7.778,-7.4757,-7.9802,-1.8854,-3.7391,25.16,167.75,C
11903,-5.9819,-4.7659,-0.8674,-1.2276,2.1833,1.3014,37.54,294.77,A
11904,-3.0215,-3.2614,-1.8305,-0.1092,-0.6419,0.3724,40.57,251.89,A
11905,2.7668,1.2692,-1.3453,-1.8769,-2.4581,-1.7192,42.35,304.32,C
11906,6.428,5.6192,1.3049,-0.0362,0.4898,-0.0071,47.09,345.46,A
11907,6.3373,5.51,-0.7994,-1.7842,0.532,1.1272,48.26,361.09,D
11908,-1.9591,-1.2119,3.5123,3.5979,-0.7673,-0.6736,42.51,301.14,C
11909,-14.9907,-15.5149,-0.9234,-2.5246,-0.3213,-1.836,26.72,196.48,C
11910,-4.4548,-4.9118,-3.9776,-2.8347,-1.7526,-2.1946,31.85,250.53,C
11911,-1.0711,-1.425,5.0315,4.7255,-0.5197,-0.1008,45.92,366.7,D
11912,4.8948,5.1553,2.7787,3.2793,-0.2607,0.0837,48.03,393.41,B
11913,0.6497,0.6918,-1.0799,-1.0658,-3.0648,-1.5755,39.4,275.52,A
11914,3.4947,3.3474,-1.5352,-2.4487,-2.4927,-2.1259,43.26,315.46,C
11915,-1.2334,-1.0551,0.955,1.3974,1.292,1.3337,46.24,338.96,C
11916,-1.9376,-1.7132,-1.5254,-1.1884,-0.7646,-1.7933,36.78,277.82,B
11917,7.7304,9.0944,6.6873,6.4526,1.991,3.3865,57.7,439.23,C
11918,0.1665,-0.6476,3.0326,3.0487,0.6991,0.7449,45.11,368.4,D
11919,-5.2717,-5.5076,0.1569,-0.4777,0.3462,-0.0438,38.48,282.09,A
11920,8.7672,8.1692,-0.1742,0.5029,-0.9396,-0.2432,47.48,384.21,A
11921,-4.4681,-4.194,-4.4281,-3.7347,-3.7006,-2.2332,36.9,225.5,B
11922,2.877,1.3555,-2.8261,-2.3217,2.3839,2.0233,42.42,324.82,B
11923,-8.1636,-6.9021,-0.1077,-0.5353,-0.4618,0.4045,34.55,272.78,D
11924,1.8154,1.3239,1.1582,-1.2162,-0.8342,0.0386,39.8,324.32,D
11925,-2.6543,-1.5301,-3.6075,-3.2395,0.5206,-2.0214,32.68,247.86,C
11926,-8.3772,-7.2771,0.3401,0.5632,0.8537,0.3051,35.12,281.89,A
11927,3.5624,2.9661,4.5418,3.1147,0.3494,0.3822,48.92,387.56,A
11928,-1.3497,-2.1046,-3.4154,-3.1471,2.0327,1.1725,36.21,271.21,D
11929,9.8184,8.7773,1.9256,1.0293,2.3841,0.9272,58.29,375.36,A
11930,4.501,3.0195,0.3208,-1.2693,-2.2761,-0.8797,43.19,307.72,D
11931,2.3612,2.3113,1.5895,2.5911,-0.3867,-0.5958,43.07,354.25,D
11932,-3.5563,-3.6684,3.2221,3.7667,2.1822,3.0859,46.39,328.96,B
11933,6.9272,6.0317,-2.4186,-0.4336,-0.869,-0.5912,44.49,333.48,D
11934,-6.0184,-4.2269,-2.2664,-1.7493,-1.8141,-1.5996,33.49,241.69,C
11935,-4.1565,-5.4763,-3.5009,-2.8933,0.9038,-0.0847,34.13,243.23,C
11936,2.6223,2.2025,0.2999,-0.3458,2.395,2.1752,41.52,320.34,A
11937,-1.2915,-0.7089,2.6669,3.9366,0.8623,2.5405,46.94,364.24,D
11938,-4.5082,-5.7601,-2.1204,-1.7589,0.8289,1.3771,33.2,265.36,D
11939,-6.3657,-7.2797,-4.5796,-2.7641,0.722,-2.1475,29.7,208.87,C
11940,-1.2387,-0.0476,-1.07,-0.4417,0.0197,-1.486,42.42,297.74,C
11941,-9.7384,-10.8646,-1.2122,-2.0953,-0.6983,-1.4928,26.52,222.75,B
11942,0.8262,2.1905,1.9244,2.5028,0.4639,-0.0887,46.21,348.47,D
11943,-8.6845,-8.2671,-0.0541,0.9069,0.7678,0.6026,37.07,281.63,A
11944,1.5686,1.2624,0.5645,-0.0453,-0.9646,0.7022,43.01,325.42,C
11945,-1.1942,-1.2613,1.0809,1.6186,-1.0738,0.5975,42.91,333.56,B
11946,-1.2295,-1.1422,-1.0245,0.1313,-0.1282,-0.2907,38.39,277.68,C
11947,1.6352,1.0336,4.4727,3.0272,0.1895,0.4532,47.78,361.3,B
11948,-3.1071,-2.7482,-1.4033,-1.7626,-2.6034,-2.9396,36.46,253.98,D
11949,5.4261,5.1489,-3.3057,-3.7779,0.2146,-0.8051,46.05,286.73,C
11950,-2.6772,-2.7678,-2.1037,-2.7619,-1.8236,-1.6658,34.29,260.13,A
11951,9.7698,11.5146,6.9579,4.7964,-0.0539,-0.2876,55.15,410.9,B
11952,-11.0338,-10.4448,-3.8101,-2.6355,-1.5365,-2.4612,27.32,190.73,B
11953,13.5912,12.0399,2.7138,2.8461,0.8502,1.3144,54.89,440.61,A
11954,-1.2227,-0.8028,0.9307,-0.4609,-0.2267,-0.6642,39.57,310.57,A
11955,4.1288,3.4961,2.1437,1.7592,0.8383,1.3966,46.16,346.13,A
11956,6.4891,4.9498,2.626,1.7908,1.5636,2.4757,52.95,373.03,C
11957,0.1836,-0.6479,-6.593,-6.1071,-1.9073,-2.117,33.65,224.78,C
11958,-0.0885,1.123,-1.6939,-0.8458,1.2144,0.7174,42.75,287.74,C
11959,8.5396,8.5542,5.5561,4.9306,1.7215,2.0495,54.03,436.84,B
11960,-1.3704,-2.8747,-0.0636,-0.6114,-1.8427,-1.5964,35.99,294.87,C
11961,2.4171,1.089,1.2945,0.1831,1.3533,1.1373,43.34,341.05,A
11962,7.709,7.0462,-1.0925,-1.9356,0.5939,0.5277,47.37,338.36,A
11963,1.9466,2.0282,-2.7907,-2.2422,-3.4539,-3.0571,40.63,294.5,C
11964,3.7658,1.649,0.4522,0.1809,1.9908,1.2963,45.71,330.89,C
11965,1.9018,0.9123,-1.8904,-2.2042,0.5314,0.6364,43.89,287.5,D
11966,5.2889,5.4922,3.3914,1.9479,-1.325,0.2566,51.37,378.02,D
11967,3.6639,4.029,-2.2274,-2.6167,-0.5369,-0.892,41.95,291.04,C
11968,0.443,1.0777,-1.2213,-1.4881,-0.9838,-1.5944,42.48,323.84,A
11969,-0.9379,-1.4652,-0.4979,0.1158,0.0167,-0.5494,39.03,275.73,A
11970,3.2527,2.9283,1.1474,0.2689,0.3462,0.3145,47.41,331.88,A
11971,-3.8453,-4.759,-7.5792,-7.6624,-0.4164,-0.7406,31.65,240.59,D
11972,1.7095,1.3919,-0.3254,0.0017,-0.2239,0.6142,43.87,331.27,C
11973,5.0483,4.5169,4.8351,3.8468,3.0115,2.2627,51.58,394.8,C
11974,-4.0722,-4.3454,0.7356,0.0246,-2.295,-2.2644,33.44,307.41,A
11975,2.9424,3.1273,-1.2737,-0.8746,-1.7843,-1.3727,43.03,311.38,D
11976,0.8475,-0.0246,0.2245,1.5638,0.3911,1.251,43.43,324.35,B
11977,2.4593,0.3721,0.065,0.063,1.7052,0.8134,44.96,352.14,B
11978,1.8349,1.6196,-0.6522,0.233,0.4981,0.196,42.72,318.34,B
11979,0.094,-1.4966,0.3091,0.895,1.8248,1.4846,41.8,325.12,D
11980,1.9162,3.299,6.9583,5.6196,1.1573,2.2243,52.18,420.98,B
11981,0.8558,1.4343,-1.3415,-1.1914,1.7596,0.1756,38.08,316.11,C
11982,3.2106,3.4797,3.0001,2.9954,1.9532,3.0921,52.14,359.34,D
11983,-3.8904,-4.0707,-0.2522,-2.1048,2.5146,1.692,39.86,276.56,D
11984,-7.7532,-8.3753,-4.2562,-2.8431,0.6361,-0.6705,32.73,215.97,B
11985,0.1106,0.3135,-2.8068,-3.0552,-4.4128,-3.1006,35.3,264.44,B
11986,-3.5444,-3.4725,-1.0443,-1.3476,1.3253,-0.1197,35.56,281.98,C
11987,6.3773,5.676,1.7468,0.6027,-0.0465,0.988,52.3,345.97,D
11988,3.765,2.9123,3.015,2.3456,2.8255,2.9261,49.57,359.84,C
11989,1.6228,2.0267,-0.2304,0.0566,2.2203,1.9957,46.41,307.21,B
11990,5.5757,3.7823,-3.6473,-2.7717,-1.7785,-1.0865,42.22,285.37,A
11991,0.3361,1.5368,2.8929,1.5868,-0.5226,0.4032,45.57,328.68,D
11992,-13.6813,-13.5757,-2.3962,-1.6853,-1.3536,-0.9198,25.2,190.22,A
11993,7.3284,7.1196,2.1057,1.9554,2.3161,3.5082,54.9,378.22,B
11994,-5.0938,-5.9478,-3.7895,-2.822,0.3158,-2.9431,34.06,263.65,C
11995,1.7577,0.5589,-0.1513,-0.7784,-1.8257,-2.533,40.33,288.05,D
11996,0.519,-0.1833,-1.1401,-0.9893,0.3472,-0.4445,42.75,315.85,B
11997,-13.9486,-13.294,-4.2245,-3.6847,-2.7119,-3.4516,24.32,150.7,C
11998,-2.9138,-2.8706,-0.1893,0.8335,1.0629,0.5938,39.34,329.4,C
11999,-5.4854,-4.8117,0.4547,0.691,-1.254,-1.7053,37.56,287.9,C
12000,2.1083,2.303,4.1295,2.3293,0.4362,0.777,45.01,358.02,B
